date,ACB,BCM,BID,BMP,BVH,CII,CTD,CTG,DGC,DHG,DPM,EIB,FPT,GAS,GMD,GVR,HDB,HPG,HSG,KDC,KDH,LPB,MBB,MSN,MWG,NT2,NVL,PDR,PLX,PNJ,POW,REE,SAB,SBT,SHB,SSB,SSI,STB,TCB,TCH,TPB,VCB,VHM,VIB,VIC,VJC,VNM,VPB,VPL,VRE
2014-10-10,,,,,,,,,,,,,,,,,,,,,,,,,,,,,,,,,,,,,,,,,,,,,,,,,,
2014-10-17,,,,,,,,,,,,,,,,,,,,,,,,,,,,,,,,,,,,,,,,,,,,,,,,,,
2014-10-24,,,,,,,,,,,,,,,,,,,,,,,,,,,,,,,,,,,,,,,,,,,,,,,,,,
2014-10-31,,,,,,,,,,,,,,,,,,,,,,,,,,,,,,,,,,,,,,,,,,,,,,,,,,
2014-11-07,,,,,,,,,,,,,,,,,,,,,,,,,,,,,,,,,,,,,,,,,,,,,,,,,,
2014-11-14,,,,,,,,,,,,,,,,,,,,,,,,,,,,,,,,,,,,,,,,,,,,,,,,,,
2014-11-21,,,,,,,,,,,,,,,,,,,,,,,,,,,,,,,,,,,,,,,,,,,,,,,,,,
2014-11-28,,,,,,,,,,,,,,,,,,,,,,,,,,,,,,,,,,,,,,,,,,,,,,,,,,
2014-12-05,,,,,,,,,,,,,,,,,,,,,,,,,,,,,,,,,,,,,,,,,,,,,,,,,,
2014-12-12,,,,,,,,,,,,,,,,,,,,,,,,,,,,,,,,,,,,,,,,,,,,,,,,,,
2014-12-19,,,,,,,,,,,,,,,,,,,,,,,,,,,,,,,,,,,,,,,,,,,,,,,,,,
2014-12-26,,,,,,,,,,,,,,,,,,,,,,,,,,,,,,,,,,,,,,,,,,,,,,,,,,
2015-01-02,,,,,,,,,,,,,,,,,,,,,,,,,,,,,,,,,,,,,,,,,,,,,,,,,,
2015-01-09,,,,,,,,,,,,,,,,,,,,,,,,,,,,,,,,,,,,,,,,,,,,,,,,,,
2015-01-16,,,,,,,,,,,,,,,,,,,,,,,,,,,,,,,,,,,,,,,,,,,,,,,,,,
2015-01-23,,,,,,,,,,,,,,,,,,,,,,,,,,,,,,,,,,,,,,,,,,,,,,,,,,
2015-01-30,,,,,,,,,,,,,,,,,,,,,,,,,,,,,,,,,,,,,,,,,,,,,,,,,,
2015-02-06,,,,,,,,,,,,,,,,,,,,,,,,,,,,,,,,,,,,,,,,,,,,,,,,,,
2015-02-13,,,,,,,,,,,,,,,,,,,,,,,,,,,,,,,,,,,,,,,,,,,,,,,,,,
2015-02-20,,,,,,,,,,,,,,,,,,,,,,,,,,,,,,,,,,,,,,,,,,,,,,,,,,
2015-02-27,,,,,,,,,,,,,,,,,,,,,,,,,,,,,,,,,,,,,,,,,,,,,,,,,,
2015-03-06,,,,,,,,,,,,,,,,,,,,,,,,,,,,,,,,,,,,,,,,,,,,,,,,,,
2015-03-13,,,,,,,,,,,,,,,,,,,,,,,,,,,,,,,,,,,,,,,,,,,,,,,,,,
2015-03-20,,,,,,,,,,,,,,,,,,,,,,,,,,,,,,,,,,,,,,,,,,,,,,,,,,
2015-03-27,,,,,,,,,,,,,,,,,,,,,,,,,,,,,,,,,,,,,,,,,,,,,,,,,,
2015-04-03,,,,,,,,,,,,,,,,,,,,,,,,,,,,,,,,,,,,,,,,,,,,,,,,,,
2015-04-10,,,,,,,,,,,,,,,,,,,,,,,,,,,,,,,,,,,,,,,,,,,,,,,,,,
2015-04-17,,,,,,,,,,,,,,,,,,,,,,,,,,,,,,,,,,,,,,,,,,,,,,,,,,
2015-04-24,,,,,,,,,,,,,,,,,,,,,,,,,,,,,,,,,,,,,,,,,,,,,,,,,,
2015-05-01,,,,,,,,,,,,,,,,,,,,,,,,,,,,,,,,,,,,,,,,,,,,,,,,,,
2015-05-08,,,,,,,,,,,,,,,,,,,,,,,,,,,,,,,,,,,,,,,,,,,,,,,,,,
2015-05-15,,,,,,,,,,,,,,,,,,,,,,,,,,,,,,,,,,,,,,,,,,,,,,,,,,
2015-05-22,,,,,,,,,,,,,,,,,,,,,,,,,,,,,,,,,,,,,,,,,,,,,,,,,,
2015-05-29,,,,,,,,,,,,,,,,,,,,,,,,,,,,,,,,,,,,,,,,,,,,,,,,,,
2015-06-05,,,,,,,,,,,,,,,,,,,,,,,,,,,,,,,,,,,,,,,,,,,,,,,,,,
2015-06-12,,,,,,,,,,,,,,,,,,,,,,,,,,,,,,,,,,,,,,,,,,,,,,,,,,
2015-06-19,,,,,,,,,,,,,,,,,,,,,,,,,,,,,,,,,,,,,,,,,,,,,,,,,,
2015-06-26,,,,,,,,,,,,,,,,,,,,,,,,,,,,,,,,,,,,,,,,,,,,,,,,,,
2015-07-03,,,,,,,,,,,,,,,,,,,,,,,,,,,,,,,,,,,,,,,,,,,,,,,,,,
2015-07-10,,,,,,,,,,,,,,,,,,,,,,,,,,,,,,,,,,,,,,,,,,,,,,,,,,
2015-07-17,,,,,,,,,,,,,,,,,,,,,,,,,,,,,,,,,,,,,,,,,,,,,,,,,,
2015-07-24,,,,,,,,,,,,,,,,,,,,,,,,,,,,,,,,,,,,,,,,,,,,,,,,,,
2015-07-31,,,,,,,,,,,,,,,,,,,,,,,,,,,,,,,,,,,,,,,,,,,,,,,,,,
2015-08-07,,,,,,,,,,,,,,,,,,,,,,,,,,,,,,,,,,,,,,,,,,,,,,,,,,
2015-08-14,,,,,,,,,,,,,,,,,,,,,,,,,,,,,,,,,,,,,,,,,,,,,,,,,,
2015-08-21,,,,,,,,,,,,,,,,,,,,,,,,,,,,,,,,,,,,,,,,,,,,,,,,,,
2015-08-28,,,,,,,,,,,,,,,,,,,,,,,,,,,,,,,,,,,,,,,,,,,,,,,,,,
2015-09-04,,,,,,,,,,,,,,,,,,,,,,,,,,,,,,,,,,,,,,,,,,,,,,,,,,
2015-09-11,,,,,,,,,,,,,,,,,,,,,,,,,,,,,,,,,,,,,,,,,,,,,,,,,,
2015-09-18,,,,,,,,,,,,,,,,,,,,,,,,,,,,,,,,,,,,,,,,,,,,,,,,,,
2015-09-25,,,,,,,,,,,,,,,,,,,,,,,,,,,,,,,,,,,,,,,,,,,,,,,,,,
2015-10-02,3.09,,,,,,,,,29.35,7.18,7.73,,,10.64,,,3.09,5.92,,4.91,,2.86,38.19,6.94,,,3.44,,,,,,,,,,13.6,,,,,,,,,,,,
2015-10-09,3.27,,,,,,,,,30.45,7.36,7.54,,,11.91,,,3.24,6.02,,4.98,,2.82,38.19,7.61,,,3.32,,,,,,,,,,15.01,,,,,,,,,,,,
2015-10-16,3.28,,,,,,,,,29.57,7.45,7.6,,,12.03,,,3.2,6.2,,5.0,,2.78,38.45,7.83,,,3.3,,,,,,,,,,14.8,,,,,,,,,,,,
2015-10-23,3.3,,,,,,,,,30.45,7.43,7.67,,,13.33,,,3.18,6.3,,5.04,,2.73,38.19,7.61,,,3.25,,,,,,,,,,14.3,,,,,,,,,,,,
2015-10-30,3.3,,,,,,,,,31.11,7.52,7.67,,,13.27,,,3.15,6.51,,5.28,,2.73,38.19,8.28,,,3.01,,,,,,,,,,13.6,,,,,,,,,,,,
2015-11-06,3.27,,,,,,,,,30.23,7.68,7.54,,,12.53,,,3.1,6.2,,5.6,,2.69,38.45,8.17,,,3.09,,,,,,,,,,12.9,,,,,,,,,,,,
2015-11-13,3.25,,,,,,,,,30.45,7.43,7.54,,,12.76,,,3.01,6.14,,5.65,,2.82,37.94,8.73,,,3.09,,,,,,,,,,12.5,,,,,,,,,,,,
2015-11-20,3.17,,,,,,,,,30.23,7.47,7.34,,,12.53,,,2.99,6.16,,5.68,,2.76,37.42,8.84,,,3.44,,,,,,,,,,12.3,,,,,,,,,,,,
2015-11-27,3.08,,10.69,31.66,44.44,14.95,,,,29.13,7.2,7.08,,21.25,12.24,,,3.13,5.78,,5.47,,2.71,35.61,8.67,10.43,,3.2,,,,,,,,,,11.7,,,,13.31,,,,,46.33,,,
2015-12-04,3.08,,10.44,31.66,40.0,15.02,,,,29.13,7.18,6.82,8.92,19.97,12.01,,,3.03,5.87,,5.57,,2.69,37.16,8.5,10.94,,3.06,,,,,,,,,,11.4,,,,12.71,,,,,45.96,,,
2015-12-11,3.08,,10.09,32.66,41.21,14.82,,,,28.04,7.18,7.08,8.94,19.02,12.7,,,2.98,6.07,,5.52,,2.65,36.65,8.45,10.7,,3.09,,,,,,,,,6.32,12.0,,,,12.41,,,11.2,,45.96,,,
2015-12-18,3.05,,10.69,33.9,40.4,14.68,,7.86,,29.13,6.95,7.34,9.11,18.63,13.25,,,3.04,5.98,,5.94,,2.67,36.65,8.78,10.55,,3.2,,,,,,,,,6.51,11.8,,,,12.38,,,10.8,,47.83,,,
2015-12-25,3.05,,10.24,32.41,42.42,14.82,,7.69,8.47,28.48,7.13,7.15,8.9,18.58,13.25,,,2.95,5.78,,5.62,,2.65,38.71,8.67,10.16,,3.13,,,,,,,,,6.26,11.7,,,,12.77,,,11.44,,46.33,,,
2016-01-01,3.14,,10.34,32.91,42.83,14.88,,7.9,8.97,29.13,7.18,7.28,9.0,17.94,13.8,,,2.92,5.73,,5.65,,2.76,40.0,8.78,10.32,,3.16,,,,,,,,,6.26,13.1,,,,13.19,,,12.34,,47.83,,,
2016-01-08,3.03,,9.44,31.4,42.02,15.44,,7.52,8.85,28.48,7.11,7.08,8.62,17.34,13.06,,,2.77,5.71,,5.55,,2.61,39.49,8.39,10.36,,3.2,,,,,,,,,5.58,12.6,,,,12.68,,,12.96,,45.59,,,
2016-01-15,3.03,,8.93,30.9,38.22,15.37,,7.48,8.51,27.6,6.88,7.28,8.59,16.99,12.8,,,2.55,5.35,14.54,5.36,,2.59,36.13,8.11,10.36,,3.11,,,,,,,,,5.58,11.1,,,,12.2,,,12.82,,44.84,,,
2016-01-22,2.95,,7.53,29.64,37.9,15.09,,6.84,8.65,27.38,6.79,6.69,8.34,15.85,12.7,,,2.56,4.58,14.68,5.26,,2.57,36.65,7.61,10.28,,3.09,,,,,,,,,5.53,10.9,,,,11.9,,,13.04,,42.6,,,
2016-01-29,3.01,,8.43,30.4,41.21,15.44,,7.31,8.76,28.92,7.08,6.82,8.64,19.42,13.02,,,2.75,5.2,15.44,5.49,,2.73,37.42,8.05,10.24,,3.09,,,,,,,,,5.78,11.3,,,,12.44,,,12.85,,43.34,,,
2016-02-05,3.03,,8.23,30.65,40.32,15.5,,7.31,8.95,31.98,7.23,7.02,8.74,18.83,13.25,,,2.7,5.11,15.72,5.49,,2.78,37.94,8.22,10.2,,3.09,,,,,,,,,5.92,11.2,,,,12.05,,,12.58,,46.33,,,
2016-02-12,,,,,,,,,,,,,,,,,,,,,,,,,,,,,,,,,,,,,,,,,,,,,,,,,,
2016-02-19,3.05,,8.28,32.15,40.4,15.5,,7.31,9.15,34.61,7.01,6.82,8.88,21.06,12.89,,,2.7,5.18,15.44,5.62,,2.93,36.9,8.28,10.36,,3.09,,,,,,,,,5.98,11.0,,,,12.05,,,12.17,,48.2,,,
2016-02-26,3.16,,9.24,32.66,42.02,15.44,,7.77,8.97,38.12,7.01,6.82,8.88,21.06,12.93,,,2.84,5.49,16.76,5.57,,2.84,38.19,8.45,10.32,,3.11,,,,9.36,,,,,6.34,11.2,,,,12.62,,,12.15,,48.58,,,
2016-03-04,3.13,,9.09,34.92,44.44,15.92,,7.56,8.95,38.12,7.38,6.76,9.13,22.94,12.7,,,2.75,5.69,16.9,5.49,,2.84,38.45,8.89,10.9,,3.3,,,,9.59,,,,,6.43,11.0,,,,12.56,,,12.36,,49.32,,,
2016-03-11,3.08,,8.88,33.91,43.23,16.4,,7.39,8.76,37.9,7.16,6.69,9.03,23.83,13.19,,,2.88,6.31,17.39,5.94,,2.82,37.94,8.89,11.01,,3.37,,,,9.4,,,,,6.43,11.0,,,,12.5,,,12.25,,50.82,,,
2016-03-18,3.03,,8.83,35.92,43.23,16.26,,7.35,8.32,37.24,7.13,6.76,9.18,23.91,12.96,,,2.97,6.49,16.9,6.23,,2.8,36.9,8.61,11.56,,3.28,,,,9.44,,,,,6.2,10.4,,,,12.77,,,11.9,,51.56,,,
2016-03-25,2.95,,8.68,37.93,42.42,16.06,,7.18,7.99,37.46,7.13,6.69,8.92,23.39,12.73,,,2.9,6.27,16.7,6.02,,2.76,38.19,8.78,12.57,,3.39,,,,9.28,,,,,6.09,10.4,,,,12.86,,,12.36,,50.07,,,
2016-04-01,2.9,,8.33,36.42,39.75,16.61,,6.92,7.74,36.8,7.11,6.82,8.72,21.48,12.53,,,2.9,6.24,16.35,5.99,,2.67,36.65,8.45,12.37,,3.54,,,,9.13,,,,,5.98,10.3,,,,12.29,,,12.74,,50.07,,,
2016-04-08,2.93,,8.43,37.68,40.81,17.43,,7.09,8.27,39.21,7.11,6.76,8.87,22.82,12.53,,,3.08,7.2,17.67,6.07,,2.73,35.87,8.56,12.68,,3.61,,,,8.98,,,1.84,,6.12,10.1,,,,12.44,,,12.82,,53.43,,,
2016-04-15,2.84,,8.03,36.68,42.42,17.16,,6.88,8.41,39.21,7.11,6.76,8.79,23.96,12.67,,,3.13,7.27,17.39,6.15,,2.71,35.87,8.5,12.88,,3.75,,,,8.83,,,1.84,,6.09,10.1,,,,12.77,,,14.04,,53.43,,,
2016-04-22,2.89,,8.53,35.17,44.85,17.23,71.27,7.14,8.21,37.46,7.23,6.82,8.9,25.62,12.76,,,3.27,8.22,17.32,6.02,,2.82,35.61,8.28,12.1,,3.58,,,,9.02,,16.36,1.84,,6.06,10.2,,,,13.73,,,14.71,,52.31,,,
2016-04-29,2.84,,8.78,35.42,49.29,17.09,72.95,7.05,8.04,37.02,7.28,6.89,9.05,26.39,13.48,,,3.35,9.12,18.3,5.99,,2.86,36.13,8.39,12.39,,3.42,,11.71,,8.94,,16.26,1.84,,6.03,10.3,,,,13.82,,,14.17,,51.94,,,
2016-05-06,2.82,,9.09,35.92,48.08,17.23,73.37,7.35,7.73,37.46,7.43,6.89,8.85,26.13,13.41,,,3.41,9.7,18.5,5.99,,2.9,37.42,8.95,12.18,,3.47,,11.61,,9.1,,16.46,1.81,,6.03,10.3,,,,14.6,,,14.17,,53.06,,,
2016-05-13,2.97,,9.39,35.92,47.27,17.71,76.18,7.52,7.64,37.24,7.4,7.34,8.83,27.95,13.84,,,3.33,8.96,18.09,6.02,,2.86,36.39,8.67,12.52,,3.47,,12.22,,8.99,,15.28,1.9,,5.7,11.7,,,,14.3,,,14.44,,53.81,,,
2016-05-20,3.03,,9.19,36.29,48.08,17.64,74.45,7.43,7.51,36.78,7.53,7.8,8.92,29.76,14.65,,,3.32,9.02,18.85,5.99,,2.97,35.87,8.78,12.64,,3.51,,12.42,,9.07,,15.48,1.84,,5.84,11.9,,,,14.24,,,13.9,,54.55,,,
2016-05-27,2.93,,8.93,35.78,46.87,17.5,75.75,7.39,7.68,35.64,7.27,8.19,8.97,29.24,14.4,,,3.33,9.62,18.5,6.02,,2.92,35.61,9.64,12.85,,3.61,,12.22,,9.12,,15.82,1.81,,5.86,11.3,,,,13.61,,,13.9,,53.43,,,
2016-06-03,2.93,,9.19,34.74,48.08,17.71,77.48,7.56,7.59,35.64,7.21,7.93,8.9,31.31,14.86,,,3.57,10.82,18.78,6.15,,2.92,35.61,10.04,13.27,,3.47,,13.54,,9.03,,15.58,1.81,,6.0,11.3,,,,14.21,,,14.58,,52.69,,,
2016-06-10,3.01,,9.34,35.0,52.12,17.85,80.94,7.56,7.53,37.92,7.27,7.67,8.86,31.31,14.81,,,3.71,11.64,19.51,5.99,,2.92,36.13,10.72,13.23,,3.49,,13.44,,9.38,,18.08,1.78,,6.2,11.5,,,,14.57,,,14.58,,51.93,,,
2016-06-17,3.03,,9.03,36.29,47.67,17.64,84.4,7.18,7.5,38.84,7.21,7.67,8.84,30.79,14.3,,,3.75,11.4,18.93,5.96,,2.88,36.65,11.43,13.44,,3.51,,13.44,,9.12,,15.92,1.75,,5.78,11.3,,,,14.15,,,14.04,,51.93,,,
2016-06-24,3.05,,8.88,37.33,47.27,17.98,84.4,7.09,8.24,42.04,7.19,7.41,8.94,31.05,13.79,,,3.89,11.29,19.8,5.89,,2.82,34.84,13.94,14.62,,3.37,,14.87,,8.99,,15.28,1.72,,5.72,11.3,,,,14.06,,,14.04,,51.93,,,
2016-07-01,3.01,,8.73,38.63,49.1,18.12,84.84,7.22,9.19,46.15,7.21,7.41,9.16,33.9,13.63,,,3.99,12.22,20.16,5.99,,2.84,34.58,14.06,14.87,,3.3,,15.28,,8.9,,15.33,1.72,,5.81,11.3,,,,14.27,,,15.3,,54.2,,,
2016-07-08,2.97,,8.93,42.26,49.92,18.95,90.9,7.31,8.92,47.52,7.42,7.21,9.54,34.16,14.35,,,4.28,13.61,20.23,6.12,,2.86,34.58,14.86,14.62,,3.3,,16.5,,8.99,,16.02,1.78,,6.4,11.2,,,,15.32,,,15.44,,55.72,,,
2016-07-15,3.01,,9.29,43.04,51.15,18.47,92.2,7.94,9.18,42.27,7.66,7.99,9.32,33.12,13.94,,,4.07,12.19,20.81,5.96,,2.93,34.84,15.66,14.37,,3.04,,14.26,,9.12,,16.46,1.78,,6.62,11.9,,,,16.22,,,16.34,,55.72,,,
2016-07-22,2.87,,8.88,42.26,49.1,18.15,96.96,7.56,8.88,41.35,7.68,7.02,9.03,31.83,13.58,,,4.03,11.08,20.23,5.99,,2.88,34.58,15.43,14.49,,3.09,,13.95,,8.94,,16.36,1.72,,6.34,11.1,,,,15.62,,,15.0,,59.13,,,
2016-07-29,2.87,,8.83,42.26,48.28,18.36,96.09,7.56,8.99,42.27,7.58,7.73,8.97,30.27,13.48,,,4.46,11.46,20.88,6.07,,2.84,33.03,15.31,14.74,,3.04,,13.04,,8.99,,16.07,1.7,,6.46,11.3,,,,16.22,,,15.3,,59.89,,,
2016-08-05,2.79,,8.38,38.11,47.46,17.94,89.17,7.26,8.69,39.52,7.42,7.15,8.86,30.79,13.38,,,4.32,11.26,20.01,6.04,,2.8,31.74,15.09,14.62,,2.99,,12.73,,8.46,,16.12,1.56,,6.06,11.0,,,,15.32,,,13.41,,59.89,,,
2016-08-12,2.81,,8.58,39.15,48.69,17.94,92.2,7.43,8.88,43.64,7.5,6.95,9.1,32.6,14.1,,,4.59,11.9,20.59,6.83,,2.82,31.23,15.66,15.08,,3.04,,14.05,,8.86,,16.95,1.58,,6.15,10.9,,,,16.37,,,14.7,,63.68,,,
2016-08-19,2.79,,8.33,40.7,49.1,19.21,96.96,7.26,9.18,43.86,7.42,7.15,9.27,33.38,14.97,,,4.83,11.87,26.08,7.04,,2.8,34.84,17.37,15.43,,3.06,,14.66,,8.81,,17.14,1.53,,6.12,10.6,,,,16.07,,,14.3,,66.89,,,
2016-08-26,2.84,,8.23,41.48,49.1,19.77,98.26,7.39,9.18,44.09,7.45,7.28,9.4,32.86,14.61,,,5.06,12.31,27.38,6.85,,2.82,32.52,16.34,15.34,,2.97,,13.95,,8.86,,17.44,1.56,,6.12,10.5,,,,17.27,,,14.4,,68.29,,,
2016-09-02,2.84,,8.23,42.52,50.33,19.99,107.34,7.31,9.74,44.55,7.53,7.21,9.73,32.86,14.3,,,5.04,12.8,27.89,6.83,,2.8,34.58,16.34,15.3,,3.01,,14.16,,8.77,,17.19,1.47,,6.03,10.2,,,,15.77,,,14.4,,72.03,,,
2016-09-09,2.81,,8.18,44.33,49.1,20.55,115.14,7.39,10.27,47.98,7.42,6.82,9.99,33.38,14.45,,,5.26,12.74,27.53,7.01,,2.82,35.61,16.0,15.38,,3.04,,14.77,,8.9,,16.61,1.47,,6.09,9.9,,,,16.02,,,14.64,,66.89,,,
2016-09-16,2.74,,7.96,45.24,47.87,20.8,112.84,7.2,10.4,51.22,7.09,6.95,9.84,32.71,14.02,,,5.29,12.22,26.41,6.96,,2.79,33.55,15.33,14.9,,2.85,,14.28,,8.88,,15.55,1.3,,5.86,9.4,,,,14.49,,,15.8,,64.55,,,
2016-09-23,2.76,,8.06,45.5,53.52,20.3,104.75,7.18,11.17,49.35,7.38,6.89,10.37,35.5,14.56,,,5.45,12.07,28.44,7.28,,2.79,36.65,15.66,16.04,,3.11,,15.28,,9.66,,15.14,1.33,,6.09,9.5,,,,15.46,,,16.29,,65.48,,,
2016-09-30,2.9,,8.53,50.24,58.02,20.83,112.37,7.2,12.26,51.18,7.4,6.69,10.2,36.74,15.02,,,5.43,12.22,28.33,7.41,,2.82,36.29,15.91,16.61,,3.05,,15.28,,9.42,,15.18,1.3,,6.29,9.32,,,,15.85,,,16.35,,65.48,,,
2016-10-07,3.01,,8.53,50.81,58.51,21.33,107.78,7.35,11.49,50.95,7.4,6.76,9.85,36.94,14.33,,,4.88,11.26,28.03,7.51,,2.83,35.36,15.37,16.92,,3.04,,15.28,,9.16,,15.01,1.39,,6.29,9.53,,8.37,,15.71,,,15.72,,66.23,,,
2016-10-14,3.06,,8.53,51.85,58.1,21.61,110.42,7.24,11.62,50.08,7.32,6.73,9.59,36.89,14.25,,,4.8,11.05,28.36,7.47,,2.81,35.2,16.91,16.08,,3.04,,15.03,,9.29,,16.8,1.44,,6.27,9.21,,11.67,,15.4,,,15.8,,67.36,,,
2016-10-21,3.08,,8.83,52.71,55.81,21.4,101.53,7.28,9.84,46.15,7.34,6.82,9.49,35.95,14.04,,,4.87,11.46,28.51,7.36,,2.83,34.22,17.26,15.34,,3.28,,14.66,,9.01,,16.61,1.58,,6.36,9.25,,11.82,,15.19,,,15.8,,67.45,,,
2016-10-28,3.08,,8.58,52.06,54.83,20.48,107.3,7.22,9.76,45.65,7.2,6.69,9.54,35.43,14.04,,,4.85,11.58,27.24,7.36,,2.83,33.91,16.97,15.34,,3.16,,14.01,,9.2,,16.86,1.56,,6.14,8.87,,12.3,,15.03,,,15.74,,67.03,,,
2016-11-04,3.01,,8.56,51.33,51.15,19.77,103.55,7.05,9.16,45.01,7.15,6.56,9.22,34.23,13.45,,,4.71,11.65,27.01,7.36,,2.76,33.6,17.31,15.38,,3.47,,14.05,,8.99,,15.72,1.5,,5.96,8.38,,9.66,,14.49,,,15.58,,65.91,,,
2016-11-11,3.03,,8.3,51.85,52.37,20.34,104.02,6.99,9.24,44.64,7.19,6.5,9.4,35.48,13.48,,,4.87,12.51,26.71,7.15,,2.74,33.29,18.08,15.34,,3.45,,14.36,,9.27,,15.27,1.53,,6.05,8.24,,9.07,,15.0,,,16.16,,65.72,,,
2016-11-18,3.0,,8.09,50.53,50.33,20.8,100.26,6.9,9.16,45.14,7.27,6.24,9.43,35.02,13.53,,,4.91,12.93,25.96,7.12,,2.68,32.72,17.83,15.08,,3.44,,14.05,,9.6,,15.21,1.53,,5.9,7.88,,9.49,,14.71,,,15.65,,64.17,,,
2016-11-25,3.08,,8.4,50.55,50.82,21.04,97.38,6.9,8.88,45.46,7.21,6.29,9.61,35.43,14.1,,,4.96,13.79,26.34,7.01,,2.65,35.1,18.63,14.68,,3.38,,14.47,,9.47,,15.4,1.47,,5.93,8.1,,8.35,,14.82,,,15.61,,62.91,,,
2016-12-02,3.08,,8.09,50.42,47.87,20.76,97.44,6.86,8.88,44.78,6.63,6.04,9.39,35.38,13.74,,,5.01,14.43,25.06,7.08,,2.64,32.41,18.86,13.54,,3.28,,14.28,,9.62,,15.66,1.44,,5.82,7.74,,7.82,,14.61,,,15.43,,63.15,,,
2016-12-09,2.98,,7.8,49.44,48.04,20.76,102.4,6.54,8.6,44.05,6.29,6.37,9.38,34.39,13.79,,,4.86,13.45,23.71,7.03,,2.64,32.67,17.71,13.15,,3.26,,14.24,,9.73,58.08,15.15,1.39,,5.53,7.8,,8.88,,14.51,,,15.43,,63.52,,,
2016-12-16,3.0,,7.74,50.55,47.95,20.62,105.86,6.37,8.52,43.41,6.42,6.24,9.21,33.45,13.74,,,4.97,14.25,26.26,7.05,,2.61,33.55,17.53,12.1,,3.28,,14.11,,10.21,80.91,16.23,1.36,,5.67,8.2,,7.93,,14.53,,,15.61,,60.76,,,
2016-12-23,3.01,,7.72,50.24,48.77,20.13,105.23,6.46,8.6,43.32,6.36,6.24,9.33,33.49,13.53,,,5.1,14.92,25.51,7.05,,2.62,33.7,17.69,12.27,,3.21,,13.95,,10.47,71.92,16.23,1.33,,5.73,8.34,,7.78,,14.74,,,15.47,,58.0,,,
2016-12-30,3.06,,7.51,50.01,47.63,20.34,105.28,6.39,8.88,44.78,6.25,5.85,9.62,32.74,13.84,,,5.13,14.81,27.28,6.98,,2.78,33.45,17.83,12.18,25.64,3.21,,13.74,,10.75,72.18,15.59,1.39,,5.78,9.45,,7.58,,14.67,,,15.43,,58.75,,,
2017-01-06,3.5,,8.33,48.46,50.25,22.44,102.8,7.07,8.24,46.15,6.17,6.34,9.83,32.63,14.15,,,5.16,14.81,26.79,6.87,,2.73,34.13,18.03,12.2,25.26,3.18,,14.24,,10.91,75.21,15.97,1.45,,5.99,8.78,,7.6,,15.69,,,15.83,,58.94,,,
2017-01-13,3.74,,8.59,49.56,50.74,22.84,103.26,7.35,8.79,48.43,6.96,6.24,9.82,32.19,14.84,,,5.13,14.69,27.99,6.91,,2.73,33.86,18.23,13.03,25.18,3.2,,14.28,,10.95,77.32,15.91,1.45,,6.05,8.95,,7.49,,15.5,,1.35,15.91,,59.36,,,
2017-01-20,4.02,,8.8,49.62,49.84,22.01,107.82,7.92,8.3,50.17,6.6,6.23,9.67,31.38,14.3,,,5.01,14.17,27.99,6.91,,2.76,33.22,18.23,12.94,24.83,3.23,,14.24,,11.17,81.71,15.59,1.42,,5.95,9.5,,7.49,,15.73,,1.56,15.43,,59.4,,,
2017-01-27,4.11,,8.93,50.53,50.0,22.19,111.63,8.21,8.13,50.26,6.75,6.23,9.86,32.47,14.51,,,5.03,14.46,27.69,6.87,,2.81,33.42,18.29,12.94,25.86,3.38,,14.26,,11.21,81.71,15.46,1.45,,5.96,10.2,,7.55,,16.27,,1.65,15.43,,60.34,,,
2017-02-03,4.21,,9.09,50.4,51.88,22.4,109.32,8.17,7.7,51.4,6.74,7.08,9.78,32.14,14.35,,,5.13,14.28,27.69,6.87,,2.81,34.27,19.2,13.43,25.99,3.36,,14.49,,11.3,79.22,15.27,1.48,,6.05,10.05,,7.44,,16.02,,1.63,15.43,,62.63,,,
2017-02-10,4.16,,9.04,50.66,51.88,22.22,114.57,8.21,7.6,52.36,7.17,6.82,9.72,31.87,14.68,,,5.27,14.6,29.19,6.87,,2.81,34.03,19.23,13.94,25.09,3.4,,15.31,,11.95,77.84,15.15,1.51,,6.14,10.2,,7.26,,16.27,,1.65,15.61,,62.58,,,
2017-02-17,3.95,,8.93,50.14,51.56,23.85,118.84,8.37,8.0,51.4,6.82,6.69,9.91,31.82,16.3,,,5.26,14.46,28.89,7.5,,2.93,33.78,19.66,14.15,25.94,3.44,,15.5,,11.91,78.38,15.37,1.54,,6.21,11.0,,7.69,,15.85,,1.64,16.16,,60.81,,,
2017-02-24,3.95,,8.8,49.33,48.77,25.62,117.11,7.99,7.7,52.96,6.81,6.89,10.06,33.33,17.38,,,4.81,14.07,28.44,7.64,,2.92,33.78,18.97,14.17,27.86,3.55,,15.75,,11.56,82.87,15.37,1.51,,6.29,10.3,,7.35,,15.5,,1.66,16.62,,61.7,,,
2017-03-03,3.97,,8.67,49.69,48.45,24.93,116.88,8.1,7.72,52.55,7.02,7.08,9.98,31.65,16.97,,,4.87,14.04,27.76,8.13,,2.85,33.22,19.01,13.23,29.4,3.5,,15.87,,11.41,82.29,15.31,1.54,,6.14,10.9,,7.24,,15.52,,1.73,16.35,75.4,60.76,,,
2017-03-10,4.13,,8.75,48.7,48.36,27.97,111.92,8.06,7.92,55.33,6.82,7.08,10.06,30.14,18.96,,,5.0,14.02,27.99,8.13,,2.97,33.82,19.31,13.39,29.02,3.44,,16.24,,12.5,77.03,15.31,1.54,,6.3,10.45,,7.24,,15.52,,1.71,16.24,74.77,60.76,,,
2017-03-17,4.07,,8.83,49.69,48.28,26.94,115.38,7.99,7.94,56.48,6.75,7.08,10.04,29.71,18.61,,,4.91,13.61,28.14,8.48,,2.99,35.73,19.62,13.52,28.84,3.47,,15.75,,12.82,75.94,15.24,1.51,,6.72,10.3,,7.93,,15.31,,1.73,16.09,67.06,62.68,,,
2017-03-24,4.44,,9.46,51.84,49.59,27.86,118.84,8.28,8.28,57.12,6.74,7.67,10.43,29.44,18.07,,,5.12,14.17,31.14,8.44,,3.23,38.72,19.28,14.46,29.44,3.76,,15.42,,12.41,73.02,15.59,1.72,,6.8,11.4,,8.25,,15.73,,1.73,15.56,73.06,66.28,,,
2017-03-31,4.27,,9.28,53.86,48.45,27.64,120.8,8.01,8.13,63.24,6.78,7.57,10.34,29.71,17.73,,,5.43,14.69,31.52,8.84,,3.17,38.12,19.23,14.06,29.53,4.32,,15.66,,12.64,73.02,15.72,1.72,,7.04,11.45,,7.87,,15.27,,1.77,15.36,73.11,67.03,,,
2017-04-07,4.32,,9.04,51.06,47.71,28.0,117.11,7.97,8.02,61.36,6.64,7.93,10.28,30.9,17.09,,,5.66,15.37,30.16,8.62,,3.17,38.32,19.09,14.17,30.04,5.05,,15.38,,12.29,74.84,16.1,1.75,,6.85,13.15,,8.02,,15.23,,1.83,15.43,73.68,66.7,,,
2017-04-14,3.99,,9.01,52.05,47.71,26.68,114.8,7.75,7.85,61.82,6.33,7.44,10.07,29.48,16.2,,,5.49,14.61,30.09,8.65,,3.14,36.86,19.11,13.74,29.87,6.06,,15.79,,12.18,74.48,15.59,2.3,,6.55,11.6,,8.34,,15.05,,1.96,15.34,76.02,66.28,,,
2017-04-21,3.95,,8.75,49.35,46.89,26.68,117.92,7.57,7.47,61.09,6.57,7.12,10.03,29.31,16.66,,,5.41,14.2,28.96,8.83,,3.12,36.46,19.03,13.65,30.94,5.88,34.41,17.36,,12.04,73.38,15.53,2.3,,6.6,11.25,,8.52,,14.69,,1.99,14.88,75.0,67.68,,,
2017-04-28,4.04,,8.77,48.96,46.89,28.0,117.69,7.68,6.53,66.25,6.57,7.28,10.16,30.35,17.86,,,5.23,14.35,29.72,8.72,,3.26,36.01,19.09,13.39,30.17,6.21,32.82,18.16,,12.89,72.98,17.37,2.27,,6.46,11.55,,9.3,,14.53,,2.02,15.02,72.89,69.23,,,
2017-05-05,4.09,,8.75,47.76,47.46,28.04,115.67,7.86,6.93,65.56,6.5,7.21,10.3,29.86,18.48,,,5.19,14.73,29.41,8.9,,3.45,34.92,19.66,12.9,29.66,6.25,33.14,19.59,,13.57,72.76,16.48,2.2,,6.64,12.1,,9.1,,14.94,,2.05,14.84,74.08,69.18,,,
2017-05-12,4.11,,8.96,48.57,47.14,28.44,115.96,8.04,6.74,65.28,6.71,7.28,10.5,29.8,19.14,,,5.28,14.69,30.39,9.54,,3.45,34.51,19.89,14.15,29.44,6.59,34.19,18.97,,14.77,71.74,16.48,2.02,,6.94,12.2,,9.19,,15.09,,2.13,14.88,74.54,68.33,,,
2017-05-19,4.3,,9.09,47.78,46.89,28.41,116.53,8.06,6.72,69.49,6.72,7.21,10.59,30.57,21.17,,,5.1,14.38,31.14,9.3,,3.66,34.84,20.74,13.32,29.06,6.29,39.89,19.45,,15.26,69.37,16.67,2.08,,7.67,12.4,,9.53,,15.21,,2.35,15.02,73.28,69.79,,,
2017-05-26,4.35,,10.31,47.91,49.1,28.81,122.88,8.37,6.74,78.25,6.55,7.6,10.79,31.06,21.96,,,5.19,15.46,32.72,9.47,,4.01,34.67,22.36,12.99,28.63,6.59,40.88,20.16,,15.51,69.18,18.68,2.12,,7.67,12.3,,9.59,,15.19,,2.19,14.88,72.71,71.73,,,
2017-06-02,4.3,,9.65,48.15,47.46,28.77,122.88,8.28,6.72,78.32,6.58,7.54,11.08,29.86,20.91,,,5.33,16.6,32.34,9.8,,3.92,35.48,22.01,13.44,29.02,6.35,42.0,19.95,,14.82,69.73,19.98,2.2,,7.62,12.4,,9.01,,15.03,,2.26,14.92,75.12,71.21,,,
2017-06-09,4.56,,9.96,48.18,47.3,28.59,120.74,8.59,6.68,88.98,6.6,7.99,11.57,30.02,21.48,,,5.59,16.6,35.27,9.91,,4.14,35.0,22.42,13.51,28.8,6.55,44.04,20.34,,15.6,69.73,21.64,2.17,,7.75,13.9,,8.52,,15.89,,2.24,15.28,72.82,72.53,,,
2017-06-16,4.6,,10.44,48.88,47.55,27.86,125.19,9.03,7.06,89.81,6.6,7.93,11.71,31.45,22.04,,,5.85,16.32,34.67,9.73,,4.17,34.27,21.94,13.46,29.02,6.91,43.9,20.05,,16.58,73.13,21.51,2.24,,7.85,13.9,,8.43,,16.35,,2.23,15.8,72.82,72.2,,,
2017-06-23,4.48,,10.52,48.18,47.55,26.94,126.05,8.85,6.72,87.37,6.7,8.35,12.16,31.01,23.22,,,5.84,16.78,34.93,9.94,,4.44,33.34,23.72,13.79,29.23,7.54,50.24,21.2,,16.88,75.54,22.85,2.27,,8.06,14.2,,8.72,,15.77,,2.34,15.45,72.25,72.2,,,
2017-06-30,4.51,,10.78,46.76,47.05,27.27,124.9,8.96,6.93,86.54,6.86,8.38,12.01,32.39,22.04,,,6.06,16.81,34.89,9.72,,4.6,34.03,23.72,13.44,29.02,7.5,48.55,21.15,,17.08,76.05,22.31,2.3,,8.16,13.8,,8.61,,15.94,,2.29,15.69,72.42,74.37,,,
2017-07-07,4.61,,10.68,46.52,47.87,27.42,124.03,8.81,6.68,83.62,6.83,8.45,12.46,33.72,22.09,,,6.25,16.81,34.89,9.86,,4.42,33.82,23.74,13.77,28.76,7.56,48.9,20.57,,17.22,76.67,22.5,2.45,,8.12,13.0,,8.92,,16.02,,2.31,15.43,72.02,72.76,,,
2017-07-14,4.49,,10.2,42.51,49.35,28.33,123.98,8.57,6.8,84.59,7.01,8.35,12.48,35.28,21.63,,,6.39,16.39,35.08,10.08,,4.38,33.62,23.51,13.51,29.1,7.15,49.25,20.22,,16.94,77.22,24.44,2.45,,7.91,12.1,,8.52,,15.83,,2.3,15.65,72.77,73.19,,,
2017-07-21,4.35,,10.18,34.1,46.73,25.29,112.5,8.23,6.95,79.37,6.69,7.57,11.84,33.34,21.12,,,5.95,15.36,34.52,9.82,,4.19,33.38,22.36,12.94,29.02,7.18,48.03,20.14,,16.2,85.98,25.17,2.36,,7.5,11.7,,7.89,,15.31,,2.27,15.6,71.85,71.49,,,
2017-07-28,4.49,,11.1,38.64,47.14,23.75,117.69,8.63,6.8,80.62,6.77,7.9,12.44,34.17,20.76,,,6.15,15.62,35.22,9.77,,4.85,33.7,23.28,13.34,28.42,7.41,47.07,21.42,,16.9,85.98,26.16,2.42,,7.63,12.8,,7.99,,15.52,,2.31,15.76,71.96,72.2,,,
2017-08-04,4.49,,11.84,36.37,47.54,24.38,120.57,8.83,6.85,79.23,6.76,8.45,12.84,35.0,21.3,,,6.06,14.32,34.21,9.93,,4.81,34.63,24.55,13.41,28.72,7.77,46.63,22.34,,17.78,89.74,24.85,2.45,,7.79,12.7,,7.85,,15.75,,2.29,16.37,72.31,72.67,,,
2017-08-11,4.46,,11.07,37.22,46.46,26.1,120.17,8.41,6.85,75.89,6.7,8.09,12.67,34.06,20.45,,,6.2,14.42,33.36,9.86,,4.62,34.59,24.38,13.06,26.88,7.21,47.29,21.82,,16.62,90.54,19.22,2.36,,7.39,11.95,,7.68,,15.5,,2.24,15.98,71.84,71.49,,,
2017-08-18,4.51,,10.77,38.4,46.54,25.73,120.57,8.23,7.4,76.58,6.83,7.83,12.43,33.84,21.02,,,6.4,14.84,31.88,9.84,,4.62,36.13,24.34,12.71,26.46,7.46,48.47,21.86,,16.18,92.37,18.58,2.36,,7.34,11.75,,7.59,,15.52,,2.22,15.7,71.21,71.11,7.49,,
2017-08-25,4.84,,10.77,36.37,44.55,25.29,124.03,8.35,7.28,76.79,6.79,7.8,12.43,34.11,20.81,,,6.42,15.15,31.65,9.86,,4.74,37.67,24.34,12.4,26.41,7.42,49.49,21.69,,16.37,92.37,18.39,2.36,,7.28,11.8,,7.66,,15.38,,2.23,16.37,72.31,70.78,7.31,,
2017-09-01,5.02,,11.48,34.72,45.3,25.51,122.64,8.43,7.38,76.03,6.82,7.9,12.72,35.28,22.04,,,6.65,15.49,31.92,9.77,,4.84,39.05,25.21,11.86,25.73,7.56,48.98,22.53,,16.32,92.91,20.24,2.36,,7.44,11.6,,7.52,,15.5,,2.23,18.15,73.7,72.21,7.31,,
2017-09-08,4.93,,11.1,34.15,45.71,23.79,123.4,8.3,7.25,73.45,6.74,7.86,12.48,37.39,21.17,,,6.81,14.86,32.62,9.73,,4.69,43.1,25.24,11.91,25.6,7.53,49.05,22.86,,16.3,102.84,19.44,2.36,,7.36,11.65,,7.26,,15.6,,2.24,18.59,75.43,71.06,7.69,,
2017-09-15,4.93,,11.13,36.37,46.96,23.61,125.58,8.28,6.8,78.12,6.64,8.32,12.61,38.62,21.32,,,7.01,15.23,32.04,9.77,,4.73,45.45,26.23,12.0,27.27,7.91,50.08,23.36,,16.67,99.3,18.46,2.33,,7.56,11.5,,7.43,,15.73,,2.21,17.96,79.72,70.54,7.53,,
2017-09-22,5.12,,11.24,37.41,47.29,24.12,123.76,8.65,7.04,74.67,6.69,8.06,12.94,38.62,21.32,,,7.14,14.94,32.43,9.91,,4.74,42.13,26.94,12.19,26.28,8.19,47.37,23.86,,16.78,97.18,17.53,2.42,,7.53,11.55,,7.43,,15.58,,2.42,18.04,84.8,70.39,7.39,,
2017-09-29,5.37,,10.69,36.6,45.63,23.46,122.58,8.47,7.34,74.81,6.64,8.12,12.76,38.96,22.42,,,7.37,14.84,32.66,9.91,,4.71,44.64,26.8,12.5,26.24,8.2,46.27,23.74,,16.25,94.92,16.55,2.42,,7.39,12.5,,7.5,,15.9,,2.47,18.81,87.63,71.11,7.55,,
2017-10-06,5.49,,10.88,35.75,44.88,23.86,119.69,8.75,7.3,73.97,6.63,7.73,12.76,38.22,22.3,,,7.36,14.6,31.57,10.4,2.9,5.0,46.26,27.08,13.32,26.2,8.25,45.24,23.05,,16.0,94.96,15.59,2.42,,7.54,12.3,,7.64,,16.51,,2.45,19.32,85.28,71.01,7.49,,
2017-10-13,5.69,,11.02,36.98,45.8,25.0,121.99,8.7,7.25,74.46,6.57,7.64,13.4,39.46,22.55,,,7.38,14.68,30.4,10.73,2.59,5.05,47.15,28.81,14.27,26.33,8.47,44.65,22.76,,15.93,99.3,15.37,2.45,,7.46,11.5,,7.54,,16.64,,2.7,20.57,87.47,71.2,8.1,,
2017-10-20,5.56,,11.67,37.12,45.63,24.49,126.11,8.91,7.25,80.22,6.44,7.47,13.16,39.86,21.63,,,7.1,14.09,30.02,10.5,2.8,4.87,45.77,29.39,13.83,26.54,8.58,46.41,22.74,,15.97,98.57,13.68,2.45,,7.45,11.55,,7.57,,17.25,,2.67,20.32,90.14,70.78,8.32,,
2017-10-27,5.6,,11.56,35.71,43.97,23.9,126.11,8.75,7.0,74.32,6.26,7.41,13.14,39.07,21.27,,,7.14,12.61,28.77,10.69,2.97,4.98,47.39,30.19,15.13,26.03,8.63,45.9,22.42,,16.2,102.41,13.84,2.42,,7.11,11.35,,7.5,,17.76,,2.71,20.94,91.6,72.63,8.23,,
2017-11-03,5.33,,12.22,34.95,41.81,23.06,132.6,8.59,6.93,67.3,6.01,7.34,13.35,41.44,19.99,,,6.86,11.67,29.0,10.71,2.84,4.9,48.77,28.92,14.69,26.24,8.51,41.94,21.9,,15.14,105.87,13.33,2.36,,6.99,11.1,,7.35,,17.72,,2.68,22.12,91.84,73.97,8.1,,
2017-11-10,5.62,,12.87,39.58,43.14,22.73,136.13,9.34,7.0,67.3,6.03,7.34,13.66,43.3,20.2,,,7.06,11.93,28.62,11.02,2.95,5.1,48.2,29.71,14.95,25.94,8.85,42.53,23.13,,15.7,100.95,13.65,2.39,,7.14,11.4,,7.73,,18.23,,2.73,24.25,95.49,82.83,7.97,,34.36
2017-11-17,5.81,,13.12,41.6,43.56,23.83,136.13,9.44,6.85,70.25,6.13,7.54,14.84,44.76,21.27,,,7.24,12.24,29.39,11.85,3.22,5.11,46.99,30.88,15.03,25.94,9.22,40.77,24.24,,16.11,102.22,13.59,2.45,,7.51,11.75,,8.5,,18.78,,2.81,26.23,97.59,87.31,7.96,,35.35
2017-11-24,5.98,,13.8,43.66,47.79,23.39,138.08,10.72,6.93,73.69,6.13,8.09,15.15,45.73,21.96,,,7.41,12.09,29.86,12.18,3.32,5.36,52.09,31.48,15.37,25.56,9.65,44.14,25.74,,17.92,116.39,13.05,2.51,,7.82,12.4,,9.01,,20.04,,3.15,27.37,104.88,88.17,8.06,,40.1
2017-12-01,6.18,,13.91,45.71,50.36,25.29,134.01,11.02,7.28,75.31,6.31,8.09,15.28,46.64,21.86,,,7.86,12.45,29.7,12.09,3.29,5.52,55.49,31.32,16.05,26.33,9.6,47.81,26.49,,18.77,120.48,12.86,2.84,,8.45,13.0,,8.8,,20.43,,2.91,27.41,109.25,93.41,8.29,,39.23
2017-12-08,6.32,,13.64,42.56,51.52,24.93,126.17,10.53,7.25,75.16,6.22,8.32,14.52,48.87,21.84,,,7.81,12.92,31.26,11.8,3.32,5.39,58.25,29.73,16.39,26.58,9.21,48.32,25.76,,17.76,112.81,13.56,2.84,,8.34,12.95,,10.11,,19.9,,2.92,26.82,104.72,89.65,7.96,,37.25
2017-12-15,6.0,,13.26,42.85,47.29,25.48,133.19,10.03,7.08,79.38,6.26,8.16,14.78,49.61,20.84,,,7.9,12.71,30.33,11.66,3.37,5.25,58.09,30.42,15.59,26.41,9.06,47.66,27.32,,18.98,112.88,13.43,2.63,,8.31,12.7,,11.53,,19.45,,3.0,25.79,112.57,93.89,7.69,,36.38
2017-12-22,6.07,,13.01,39.78,51.19,25.7,126.29,10.21,7.06,80.78,6.42,8.06,14.94,53.09,20.3,,,8.41,12.3,29.86,11.35,3.45,5.46,59.87,30.42,16.05,26.24,9.32,50.59,27.47,,18.89,91.64,13.05,2.72,,8.45,12.55,,10.6,,21.48,,2.99,27.77,112.74,96.7,8.14,,37.88
2017-12-29,6.48,,13.91,40.93,54.17,25.73,133.48,11.08,7.02,81.73,6.56,8.22,14.94,55.54,20.58,,,8.88,12.71,30.72,11.31,3.5,5.5,62.14,30.19,16.35,27.78,9.6,54.99,28.75,,19.21,91.02,13.24,2.81,,8.83,12.85,,9.88,,22.96,,2.95,28.4,118.89,99.91,8.26,,37.37
2018-01-05,6.81,,14.95,39.69,54.92,27.56,134.07,11.5,7.02,77.54,6.65,8.38,15.7,57.25,21.84,,7.57,9.1,13.07,34.45,12.03,3.75,5.66,68.62,30.74,16.64,29.1,10.03,57.92,28.12,,19.68,96.49,13.68,2.9,,8.86,13.6,,10.04,,22.84,,3.1,29.39,120.59,102.25,8.94,,37.25
2018-01-12,6.86,,14.86,39.59,57.41,27.86,130.24,11.72,7.36,76.97,6.64,9.52,15.75,57.31,23.32,,8.68,9.87,14.22,33.83,11.97,4.72,5.95,75.34,30.01,17.66,32.3,10.41,63.57,28.65,,19.68,95.18,14.8,3.3,,9.6,15.5,,10.53,,24.53,,3.67,31.37,125.94,100.53,9.49,,43.59
2018-01-19,6.93,,14.67,40.26,62.55,27.49,124.35,11.59,6.98,74.13,6.99,9.88,15.41,56.45,22.71,,8.64,11.31,13.26,35.3,12.63,4.75,6.13,70.89,29.39,17.47,34.39,10.06,67.38,30.01,,18.98,94.26,14.83,3.66,,9.96,15.45,,10.25,,25.8,,3.99,30.86,141.97,98.47,9.71,,48.34
2018-01-26,7.39,,17.73,41.6,69.27,28.15,112.56,12.5,7.0,72.35,7.81,10.17,15.91,66.37,22.04,,8.98,12.11,13.2,34.37,14.4,5.33,6.95,78.99,29.32,16.83,36.06,10.42,68.19,30.12,,19.35,93.0,13.97,4.01,,10.82,15.7,,10.32,,29.22,,3.94,31.41,154.14,101.44,10.47,,43.59
2018-02-02,7.28,,18.38,41.17,66.62,27.56,109.61,12.82,6.98,67.66,7.6,10.14,15.96,69.0,21.58,,8.79,11.58,13.39,34.52,14.16,5.19,6.84,73.72,29.18,16.32,34.78,10.41,64.38,31.58,,19.77,91.12,13.24,4.08,,10.76,16.25,,9.85,,28.5,,3.91,32.03,157.79,99.14,10.92,,43.67
2018-02-09,7.0,,17.62,38.73,59.4,25.0,106.67,11.22,6.89,68.94,6.62,9.55,14.39,55.2,19.99,,8.52,11.05,11.72,32.66,12.96,4.8,6.38,66.59,25.81,15.13,34.14,9.3,53.6,30.96,,17.22,83.0,10.95,3.95,,9.69,14.95,,9.62,,25.75,,3.9,28.73,150.09,91.48,10.57,,37.84
2018-02-16,7.67,,19.31,43.47,62.22,25.4,111.56,12.46,7.28,73.2,6.62,10.4,15.44,61.58,21.02,,8.9,11.48,12.3,32.66,12.96,5.31,6.95,69.35,27.66,15.61,34.14,9.95,57.34,33.47,,18.38,86.29,11.36,4.21,,10.47,15.9,,10.13,,27.06,,4.05,31.63,161.44,92.67,11.38,,38.08
2018-02-23,7.84,20.3,20.24,44.66,70.35,26.76,106.67,13.92,7.16,74.27,7.28,10.27,15.83,63.29,21.94,,8.51,11.67,13.41,32.27,13.58,5.34,7.28,72.75,27.61,16.54,34.99,9.85,60.78,35.82,,18.43,88.54,11.84,4.27,,10.79,16.45,,10.65,,30.19,,4.0,33.65,158.2,96.75,11.78,,40.89
2018-03-02,8.16,19.15,20.62,42.65,68.36,25.26,102.42,14.98,7.18,74.27,6.9,9.78,15.99,66.72,22.55,,8.32,12.57,12.76,31.88,15.11,5.1,7.55,74.13,28.0,15.37,36.61,10.04,63.79,34.27,,17.97,84.11,11.49,4.11,,11.65,15.7,,9.5,,30.36,,4.45,34.72,163.88,95.45,12.47,,43.75
2018-03-09,8.21,18.79,20.32,39.55,69.61,25.15,105.55,14.84,7.98,68.16,6.96,9.26,16.12,63.86,20.84,,8.12,11.66,12.61,30.95,14.36,5.41,7.39,76.23,26.76,14.44,34.39,10.62,61.59,36.5,13.82,18.59,81.31,11.3,4.01,,11.89,15.4,,10.37,,30.02,,5.12,38.02,169.56,99.62,12.87,,44.14
2018-03-16,8.84,17.98,23.35,35.86,68.86,23.83,95.18,16.81,7.5,73.91,7.08,9.75,15.73,72.99,19.64,,8.56,11.41,12.17,31.1,14.8,5.55,7.94,74.53,26.14,15.2,33.67,10.57,60.86,37.78,13.5,19.36,84.3,11.71,4.47,,12.57,16.3,,10.18,,31.59,,5.69,36.63,165.5,102.49,12.95,,41.37
2018-03-23,8.88,21.13,23.1,35.29,72.76,23.28,97.53,16.01,7.21,81.73,6.97,9.59,15.34,74.64,19.26,9.08,8.02,11.64,12.3,29.94,14.78,5.35,7.83,82.63,26.78,15.13,33.92,10.38,62.4,37.99,12.71,18.16,86.84,11.07,4.18,,12.14,15.75,,9.46,,29.56,,5.16,40.23,169.07,99.14,12.83,,39.55
2018-03-30,9.01,22.39,23.67,32.9,78.4,22.69,93.05,15.85,7.12,78.89,6.71,9.1,15.88,74.93,19.42,10.63,8.77,11.45,12.09,29.78,14.96,5.17,7.66,91.95,26.0,15.03,38.53,10.97,61.37,43.23,13.1,18.16,88.76,11.2,4.18,,11.96,15.5,,9.67,,29.81,,5.36,43.06,181.65,97.22,12.99,,40.58
2018-04-06,9.83,23.2,24.0,33.9,89.18,24.63,91.34,16.35,7.23,79.81,6.48,9.72,16.41,74.01,19.2,9.6,8.87,11.45,11.88,31.34,16.16,6.0,8.08,86.52,24.27,16.1,42.6,11.67,60.86,40.71,12.71,19.0,83.82,11.49,4.3,,12.84,16.1,,10.23,,31.08,,5.21,48.64,176.86,94.93,13.72,,41.61
2018-04-13,9.36,23.2,22.91,33.23,86.45,23.75,90.17,15.66,7.16,80.45,6.38,9.65,16.22,72.99,18.44,9.16,9.55,11.6,10.48,30.79,17.34,5.79,7.3,83.04,24.29,15.42,41.48,10.57,56.09,39.03,12.32,18.38,84.04,11.23,4.27,,12.66,15.45,,11.07,,28.71,,5.28,46.88,171.83,93.73,12.91,,40.26
2018-04-20,9.28,23.1,21.52,29.31,82.13,23.46,87.1,15.34,7.46,77.81,6.13,10.53,16.04,76.41,18.09,9.16,9.57,11.14,9.84,29.0,16.88,5.59,7.25,77.94,23.53,15.74,38.86,11.16,50.88,36.18,11.53,18.11,81.9,11.77,4.14,,12.88,15.45,,11.67,7.2,27.06,,5.12,45.19,158.77,89.08,12.33,,38.04
2018-04-27,8.18,22.48,19.69,25.49,76.33,23.09,79.56,13.42,7.48,71.39,5.83,9.81,14.92,63.58,16.73,8.73,8.18,10.2,8.88,28.38,15.07,5.17,6.6,74.37,23.73,15.37,34.24,10.7,45.24,35.89,10.74,17.29,78.58,11.52,3.69,,11.04,13.85,,12.52,6.69,25.37,,4.62,46.29,151.71,88.6,10.78,,36.69
2018-05-04,8.42,23.1,17.73,24.87,72.26,22.95,79.26,13.05,7.46,70.46,5.58,9.75,15.39,55.88,16.83,8.9,8.22,10.23,7.58,27.92,13.93,4.93,6.77,74.13,23.61,14.86,28.95,10.31,47.95,35.89,10.58,17.15,80.79,11.61,3.53,,10.5,13.45,,14.1,6.6,24.95,,4.64,45.74,143.6,88.12,10.55,,37.05
2018-05-11,8.49,21.49,18.55,26.15,77.98,22.58,85.27,13.46,7.46,74.24,5.86,9.85,15.57,63.35,16.83,8.56,7.91,10.56,7.96,27.99,14.32,4.83,6.74,76.07,23.96,15.32,30.9,10.12,46.93,38.41,11.05,17.22,87.06,11.39,3.43,,10.61,13.1,,13.54,6.6,24.49,,4.53,45.55,154.8,85.25,10.41,,36.22
2018-05-18,8.26,19.96,17.97,28.89,80.47,22.07,84.86,13.49,7.5,73.53,5.8,9.59,15.91,65.58,17.62,8.65,7.75,10.22,7.68,27.92,14.63,4.59,6.69,74.94,24.66,15.41,29.51,9.97,50.59,38.03,11.68,17.44,93.11,11.1,3.24,,10.12,12.75,,13.68,6.58,23.89,64.42,4.16,45.19,154.89,81.95,9.38,,37.01
2018-05-25,7.72,22.92,15.11,29.73,71.35,21.7,71.9,11.98,7.12,71.39,5.22,9.55,15.11,60.04,16.1,8.13,6.73,9.87,6.34,26.75,13.87,4.14,6.22,67.65,25.59,14.11,28.95,9.67,43.63,36.56,11.21,15.66,86.32,9.74,2.88,,9.04,11.65,,12.82,6.43,21.14,68.5,3.85,39.31,130.02,79.5,8.4,,32.41
2018-06-01,7.82,20.23,16.2,30.93,75.25,20.6,84.04,12.57,7.37,74.6,5.16,9.39,14.35,52.75,16.42,7.61,7.87,10.8,6.82,26.44,13.74,4.21,6.45,67.97,25.36,14.71,28.73,9.76,45.83,35.86,11.13,15.94,90.38,9.55,2.98,,9.92,11.75,,13.17,6.2,24.1,67.92,3.73,43.72,129.78,80.56,9.27,,36.02
2018-06-08,8.32,18.88,17.18,31.13,79.56,21.22,92.82,13.08,7.39,77.81,5.81,9.88,14.81,55.6,18.18,7.26,8.29,11.62,7.93,26.83,13.89,4.35,6.79,69.67,28.15,15.1,30.07,10.25,50.0,38.6,10.97,16.52,90.38,10.12,3.08,,10.42,12.9,16.57,12.91,6.35,25.25,69.96,4.16,45.63,145.92,85.26,10.43,,35.27
2018-06-15,7.97,17.98,15.82,31.03,70.93,19.9,95.0,12.41,7.34,74.88,5.56,9.49,14.36,54.68,17.74,6.92,7.47,11.41,7.9,25.27,13.37,4.21,6.49,68.86,28.8,15.57,29.51,10.28,49.34,37.51,10.9,15.99,86.54,9.29,2.95,,10.27,12.4,16.57,10.3,6.16,24.95,67.92,3.88,45.37,141.03,86.7,9.97,,35.66
2018-06-22,7.61,19.51,15.0,29.39,70.52,19.5,91.34,11.86,7.32,74.67,5.45,9.29,13.9,51.72,16.51,6.74,7.41,10.86,7.63,25.74,12.94,4.0,6.16,65.62,27.2,15.41,28.12,10.09,46.49,33.1,10.26,15.12,83.37,10.12,2.82,,9.69,12.0,14.96,10.72,6.09,24.82,66.58,3.59,45.11,142.58,85.74,10.72,,31.7
2018-06-29,6.87,17.08,14.18,29.19,67.45,19.39,89.81,11.11,7.23,72.81,5.55,9.42,12.82,51.61,15.82,7.69,7.16,10.19,7.3,25.97,12.8,3.86,5.78,64.0,26.52,15.15,28.4,9.89,45.02,27.42,10.34,15.37,83.19,9.86,2.65,,8.74,11.55,14.44,10.16,6.09,24.53,65.53,3.57,47.77,138.63,81.89,9.35,,30.75
2018-07-06,6.33,13.4,12.6,28.89,62.22,18.62,81.86,10.03,7.16,74.24,5.36,9.1,12.6,46.13,15.31,7.35,6.93,9.76,6.3,25.66,12.26,3.62,5.32,59.95,24.78,15.41,28.95,7.93,41.87,27.27,9.32,14.79,81.16,9.48,2.52,,8.77,10.4,13.61,9.95,5.92,23.26,65.59,3.19,47.2,129.93,79.96,8.78,,28.93
2018-07-13,6.6,13.04,12.82,26.55,61.64,20.31,83.68,10.35,7.12,71.17,5.5,9.1,12.54,47.7,15.12,7.09,6.62,9.44,6.06,25.66,12.16,3.55,5.46,60.68,24.43,15.15,28.62,8.19,41.56,26.8,8.68,14.55,80.42,9.64,2.49,,8.41,10.45,12.38,9.97,6.0,23.17,63.72,3.32,45.77,128.07,80.11,8.93,,28.93
2018-07-20,7.1,15.19,13.86,27.54,58.9,20.31,88.99,11.31,7.5,71.53,5.61,9.1,12.85,48.23,15.47,7.52,7.01,9.73,7.03,25.66,12.47,3.72,6.12,64.08,26.41,14.94,30.85,8.36,43.18,29.98,10.18,15.75,73.78,9.36,2.65,,8.94,11.0,13.18,10.95,5.96,24.02,62.32,3.67,46.04,128.07,81.65,9.61,,33.29
2018-07-27,6.87,15.37,13.53,27.69,61.31,18.33,86.63,10.72,7.78,71.24,5.74,9.1,13.38,49.45,15.44,7.09,6.62,9.89,6.63,26.44,12.75,3.45,6.04,65.86,26.48,15.29,33.97,8.44,43.64,29.47,10.34,16.38,76.36,10.4,2.62,,8.55,11.2,12.26,12.21,5.89,23.89,61.74,3.57,47.28,134.42,81.31,8.6,,31.07
2018-08-03,6.85,14.65,14.48,27.59,65.55,18.77,94.88,10.46,8.32,72.11,5.82,9.13,13.16,54.58,16.23,7.09,7.1,9.63,6.54,26.48,12.38,3.24,6.07,68.86,26.17,15.63,34.52,8.06,48.18,30.1,10.5,16.38,73.74,10.5,2.59,,8.91,11.05,13.39,13.62,5.46,24.74,63.55,3.56,49.55,144.69,77.84,8.67,,32.89
2018-08-10,7.2,13.84,16.31,26.65,71.01,19.06,92.52,11.11,8.64,73.91,5.74,9.1,13.32,57.56,16.48,6.92,7.35,9.81,6.24,27.42,12.26,3.31,6.11,72.1,26.85,15.52,36.19,8.06,49.18,30.6,10.97,16.4,77.1,10.31,2.62,,9.29,11.25,12.85,14.01,5.66,26.85,62.32,3.64,46.31,148.99,75.72,8.73,,31.86
2018-08-17,7.1,13.66,16.97,26.3,70.76,19.21,93.44,11.91,8.64,71.75,5.77,9.1,13.75,56.1,16.04,6.83,7.11,10.0,6.33,27.17,12.01,3.24,6.14,72.59,27.48,15.17,36.47,8.22,49.41,31.55,10.42,16.52,78.58,11.68,2.69,,9.1,11.2,12.52,13.87,5.82,26.22,63.43,3.8,45.46,147.62,76.35,8.47,,31.58
2018-08-24,7.49,14.02,18.22,26.65,74.04,19.13,97.39,11.95,8.75,69.22,5.73,9.1,14.05,59.19,17.14,6.92,7.13,10.17,6.48,24.48,12.3,3.28,6.17,73.4,28.15,15.2,36.19,8.51,52.33,33.11,10.34,17.53,78.58,12.57,2.72,,9.26,11.3,12.57,14.04,5.88,26.22,65.0,3.76,46.22,148.4,78.13,8.16,,32.26
2018-08-31,7.55,13.4,18.77,27.99,77.74,19.43,100.74,12.43,9.5,66.56,5.66,9.13,13.97,61.27,16.7,6.92,7.56,10.6,6.51,24.64,13.21,3.21,6.22,76.96,27.92,15.26,36.19,8.22,52.18,32.86,11.13,17.24,83.37,12.09,2.75,,9.69,11.35,12.42,13.19,5.96,26.43,60.63,3.69,45.95,152.51,75.48,8.44,,31.19
2018-09-07,7.41,13.48,18.49,28.14,74.29,18.99,99.95,12.14,9.21,66.34,5.65,9.1,13.59,59.73,17.14,6.83,7.26,10.53,6.27,25.05,13.04,3.1,6.0,76.96,27.29,15.17,36.25,8.12,52.18,31.3,11.13,16.81,82.19,12.66,2.69,,9.66,11.3,11.93,12.46,5.84,26.22,61.1,3.55,43.2,146.22,74.43,8.15,,29.84
2018-09-14,7.48,13.48,19.01,29.04,82.11,19.06,99.22,12.34,9.32,66.7,5.6,9.03,14.08,64.25,17.08,6.92,7.64,10.48,6.69,25.09,13.79,3.14,5.93,74.21,28.38,15.95,37.75,8.28,54.34,32.48,11.68,17.17,82.19,13.05,2.75,,9.84,12.0,11.93,12.11,5.81,27.06,61.51,3.65,44.88,147.7,77.88,7.93,,30.0
2018-09-21,7.64,15.46,19.26,29.98,82.11,18.69,101.65,12.87,9.71,69.87,5.79,9.13,14.51,68.95,18.25,6.92,7.69,10.95,7.45,23.13,14.59,3.55,6.03,73.72,29.31,15.61,33.41,8.44,54.49,32.38,12.55,17.34,80.79,13.36,2.88,,10.09,12.7,13.37,11.04,5.82,27.32,59.17,3.78,43.82,148.1,80.69,8.57,,30.0
2018-09-28,7.57,17.71,19.2,31.63,82.36,19.9,101.04,12.62,9.91,72.11,6.26,9.2,14.64,68.83,17.98,7.18,7.69,11.22,7.63,23.46,14.94,3.59,6.07,75.18,29.59,16.01,37.03,8.86,54.64,33.62,13.18,17.77,82.08,13.49,2.95,,10.27,13.5,13.77,11.7,5.81,26.64,61.8,3.9,43.68,150.18,80.4,8.73,,33.21
2018-10-05,7.46,18.61,19.37,33.67,80.68,19.17,101.04,12.41,10.75,67.78,6.11,9.39,14.42,71.38,18.95,8.47,7.53,10.99,7.66,22.36,15.25,3.59,6.22,73.72,29.43,15.76,35.52,8.54,53.1,34.01,12.55,17.85,82.34,12.98,2.88,,10.3,13.8,14.08,11.34,5.98,26.6,59.52,3.84,43.77,141.85,79.17,8.39,,32.49
2018-10-12,7.1,17.71,18.44,30.13,76.48,18.88,95.02,11.63,10.8,66.2,5.81,8.97,13.85,71.33,17.71,8.21,7.23,10.82,7.06,21.22,14.5,3.31,5.72,65.86,29.66,15.73,37.86,8.39,49.41,33.72,11.92,16.74,82.08,13.02,2.69,,9.78,13.05,13.56,11.19,5.57,25.66,56.1,3.65,42.66,139.77,75.25,7.9,,30.16
2018-10-19,6.88,17.44,18.87,30.73,77.32,18.69,94.04,11.31,11.37,63.53,5.81,9.03,13.59,66.63,18.32,7.78,7.19,10.81,6.85,21.18,14.44,3.28,5.51,65.62,29.1,15.13,38.98,8.54,47.72,33.21,11.21,16.28,81.71,13.05,2.62,,9.53,13.45,13.7,10.51,5.42,24.71,54.5,3.68,44.04,130.85,74.25,7.79,,29.36
2018-10-26,6.28,17.35,16.69,28.14,78.58,16.97,86.44,10.3,9.91,61.36,5.81,8.94,12.9,60.56,17.95,8.13,6.81,10.32,6.03,20.81,13.89,3.21,5.53,61.98,25.13,14.64,40.7,8.65,44.41,29.51,10.9,15.17,82.15,13.08,2.46,,8.71,12.3,12.21,10.05,5.51,22.92,47.36,3.44,42.84,123.71,71.15,6.86,,27.74
2018-11-02,6.75,17.53,17.7,28.04,80.51,17.7,92.22,10.76,10.91,60.43,6.06,8.9,13.56,61.09,18.38,7.78,6.64,10.61,4.95,21.05,13.69,3.17,5.72,68.46,26.17,15.0,39.59,8.67,46.25,31.39,10.9,15.41,82.45,13.24,2.49,,9.1,12.4,12.57,9.76,5.32,24.07,52.46,3.56,42.66,134.32,69.39,6.84,,28.8
2018-11-09,6.37,17.62,17.29,28.24,80.43,18.44,91.24,10.35,10.57,61.15,5.95,8.87,13.04,56.51,18.52,8.04,6.5,9.97,4.99,20.93,13.54,3.17,5.49,68.3,24.66,15.46,39.03,8.54,43.87,29.96,10.9,15.03,83.9,14.22,2.43,,8.79,12.35,12.45,10.12,5.56,23.26,55.37,3.64,42.62,129.76,68.51,6.63,,29.96
2018-11-16,6.33,17.98,17.57,27.64,79.67,19.17,90.03,10.05,10.46,59.35,6.1,8.81,13.52,56.51,19.22,7.95,5.93,9.34,4.45,20.81,13.14,3.1,5.58,64.49,24.94,15.37,38.81,8.49,43.41,29.64,11.21,14.98,90.99,13.75,2.4,,8.75,12.1,12.14,9.88,5.75,22.79,51.87,3.76,40.04,126.79,67.34,6.61,,29.14
2018-11-23,6.44,17.98,17.29,27.84,82.28,19.39,92.34,10.28,11.14,60.57,6.44,8.77,13.61,55.03,19.02,8.3,6.0,9.43,4.19,20.32,12.92,3.28,5.5,66.11,26.06,15.19,37.92,8.49,44.79,30.31,11.37,15.75,89.69,13.75,2.4,,8.82,12.25,12.33,10.24,6.09,23.13,55.44,3.65,44.0,125.89,69.1,7.15,,29.92
2018-11-30,6.61,19.33,17.13,27.49,80.51,19.28,94.65,10.53,11.41,59.13,6.97,8.84,13.56,54.01,18.52,8.04,5.94,8.81,3.99,19.87,13.21,3.28,5.66,64.81,26.21,15.43,37.92,8.54,44.64,29.35,11.68,15.32,93.63,13.43,2.43,,9.01,12.15,12.31,9.97,5.57,23.73,56.68,3.57,45.2,129.86,74.95,6.78,,29.82
2018-12-07,6.79,20.14,18.38,29.05,86.06,19.21,96.48,11.02,11.09,60.93,6.77,9.03,14.26,57.29,19.49,8.04,6.06,9.19,4.63,20.73,13.36,3.45,5.91,68.54,27.48,15.85,38.14,8.83,47.02,31.23,12.24,16.06,92.62,12.76,2.46,,9.37,12.65,13.23,10.07,6.23,24.5,58.29,3.76,45.42,131.25,78.41,7.4,,32.05
2018-12-14,6.75,21.13,18.49,29.31,83.54,19.43,98.31,10.24,11.0,59.49,6.9,9.26,13.96,56.99,19.12,7.95,5.98,8.89,4.37,19.99,13.58,3.35,5.72,69.27,27.27,15.88,37.31,8.86,46.18,31.26,12.0,15.61,93.78,13.11,2.43,,9.26,12.8,13.53,9.88,6.0,24.2,58.14,3.66,45.64,126.89,79.05,7.1,,31.28
2018-12-21,6.53,21.4,18.55,28.08,80.01,18.95,96.48,9.55,10.87,57.69,6.94,9.1,13.44,54.55,18.25,8.04,5.81,7.94,4.13,19.58,13.8,3.28,5.5,63.68,26.99,15.4,35.36,8.46,43.95,30.28,11.84,15.24,92.5,13.05,2.4,,8.8,12.1,12.9,9.58,5.7,23.34,53.84,3.53,45.33,123.12,71.73,6.74,,28.46
2018-12-28,6.57,21.76,18.77,26.9,74.8,19.28,97.39,8.84,10.46,56.97,7.19,9.13,13.34,51.52,17.48,8.9,6.0,8.21,3.93,19.75,14.5,3.31,5.11,62.79,26.99,15.5,35.75,8.22,40.79,29.96,12.63,14.84,100.18,13.5,2.33,,8.42,11.95,12.21,8.64,5.66,22.92,53.48,3.36,42.35,118.96,70.84,6.5,,27.1
2019-01-04,6.28,20.41,17.21,24.98,74.46,18.69,97.09,8.4,9.87,53.0,6.97,9.13,12.99,50.27,17.08,8.13,5.74,7.88,3.72,18.69,13.69,3.16,4.88,61.73,25.93,16.32,35.19,8.14,42.25,28.93,,14.35,91.08,12.98,2.27,,8.22,11.15,11.79,8.27,5.52,23.3,53.91,3.36,44.71,114.0,73.79,6.17,,26.71
2019-01-11,6.41,20.41,17.4,25.88,75.97,18.11,96.48,8.61,10.23,57.61,6.89,9.42,13.34,54.13,17.18,8.13,5.78,7.78,4.03,18.52,13.4,3.16,5.05,65.38,26.37,17.3,33.02,8.35,42.56,29.73,,15.17,89.88,13.47,2.27,,8.26,11.4,12.28,8.27,5.93,23.64,55.81,3.36,45.06,115.98,79.11,6.22,,29.04
2019-01-18,6.35,20.14,17.29,25.06,77.23,17.37,90.03,8.34,9.79,60.28,7.48,9.55,13.28,52.94,17.18,8.39,5.76,7.74,3.95,17.71,13.12,3.06,5.19,65.62,26.18,17.67,31.74,8.22,41.87,28.67,12.0,15.46,87.82,13.47,2.27,,7.95,11.25,12.64,8.51,5.9,23.47,58.65,3.42,45.42,114.2,79.11,6.27,,28.41
2019-01-25,6.48,19.87,17.48,24.8,77.23,16.79,80.04,9.25,9.91,61.22,7.06,10.4,13.4,53.24,17.65,7.95,5.93,7.88,4.04,16.77,13.18,3.09,5.55,63.43,25.81,18.3,31.74,8.07,41.41,29.57,12.16,15.85,87.26,13.81,2.3,,8.28,12.3,12.59,8.81,6.0,23.9,56.83,3.4,45.73,121.43,80.23,6.53,,28.36
2019-02-01,6.55,20.05,17.24,23.32,80.43,16.64,80.59,9.21,9.72,61.36,7.23,11.6,13.47,52.35,17.15,8.73,6.04,7.24,3.91,15.18,13.25,3.09,5.74,63.52,25.75,18.4,31.57,8.48,41.17,30.4,13.07,16.23,87.26,13.74,2.33,,8.25,12.4,12.85,9.49,5.94,24.2,58.29,3.36,43.91,123.91,79.7,6.53,,28.17
2019-02-08,,,,,,,,,,,,,,,,,,,,,,,,,,,,,,,,,,,,,,,,,,,,,,,,,,
2019-02-15,6.7,20.23,18.08,25.88,80.26,16.79,84.91,9.53,9.96,67.06,7.42,11.57,13.97,55.92,18.05,8.47,6.02,8.38,4.66,17.05,13.71,3.2,5.79,68.62,26.71,18.52,32.02,8.64,43.64,31.08,13.22,16.91,89.28,14.53,2.49,,8.49,13.0,12.87,10.22,6.01,25.4,59.16,3.4,49.77,120.24,82.77,6.92,,30.06
2019-02-22,6.77,21.58,18.55,25.06,81.1,16.64,81.69,9.66,10.0,73.55,6.74,10.92,14.29,59.07,18.35,8.39,5.96,8.99,4.81,16.81,13.62,3.27,5.91,71.62,27.61,17.77,32.52,8.57,45.02,31.85,12.79,17.1,92.5,13.78,2.46,,8.93,13.05,13.09,12.04,5.96,26.56,67.83,3.61,51.99,120.44,87.9,6.96,,34.0
2019-03-01,6.66,23.28,17.92,27.62,78.75,17.04,81.69,9.53,10.0,85.81,6.76,11.24,14.1,59.49,18.52,8.47,6.02,9.08,5.61,16.81,13.62,3.24,5.72,72.1,27.14,18.4,32.96,8.44,45.1,31.66,13.18,16.77,90.63,13.64,2.46,,8.91,12.65,12.57,11.73,5.94,26.64,66.3,3.55,51.15,118.96,83.47,6.81,,33.02
2019-03-08,6.73,22.84,18.55,26.95,80.17,17.26,85.89,9.71,10.28,85.81,6.74,11.28,14.12,60.08,18.25,8.82,6.02,9.0,5.58,19.46,13.45,3.31,5.74,72.75,26.86,17.89,32.02,8.54,46.56,31.76,13.18,17.2,91.75,12.92,2.52,,8.99,12.6,12.4,11.14,5.91,26.9,66.66,3.63,52.48,119.65,80.88,6.86,,33.7
2019-03-15,7.04,21.58,20.29,27.62,80.93,17.96,86.44,10.4,9.89,85.52,6.66,11.5,14.54,61.64,18.88,9.77,6.3,8.46,5.47,18.52,13.71,3.45,5.91,70.08,27.48,18.24,33.35,9.35,48.02,33.43,12.87,17.25,95.05,13.09,2.59,,9.32,12.95,12.68,11.07,5.96,28.27,67.98,3.76,52.75,117.96,80.88,7.1,,36.42
2019-03-22,6.77,22.03,19.15,25.67,80.76,18.47,86.98,10.3,9.79,87.21,6.61,11.37,14.24,60.61,18.02,11.07,6.14,8.47,5.65,17.95,13.8,3.31,6.01,68.46,27.05,17.33,31.96,8.89,45.41,32.85,12.24,16.61,94.0,12.51,2.49,,8.69,12.55,12.33,11.14,6.01,28.65,66.37,3.66,52.7,117.87,80.58,6.84,,34.0
2019-03-29,6.73,23.82,19.53,24.83,79.84,18.14,87.29,10.28,9.82,86.77,6.48,11.44,14.38,59.58,17.71,10.2,5.94,8.54,5.67,17.26,13.93,3.31,5.88,68.3,26.3,17.01,31.07,9.18,45.72,31.98,11.96,16.16,93.51,12.61,2.43,,8.6,12.2,12.09,11.0,6.03,28.83,66.66,3.63,51.5,115.49,79.58,6.58,,33.61
2019-04-05,6.7,22.48,19.12,25.06,78.75,18.47,85.64,10.03,9.68,87.28,6.15,11.37,15.11,62.98,18.05,10.55,5.79,8.62,5.6,18.03,14.33,3.27,5.97,71.54,26.09,17.14,31.68,9.23,47.25,32.3,12.16,16.41,92.88,12.95,2.43,,8.69,12.25,12.0,11.31,6.44,29.17,67.47,3.7,51.15,111.82,80.46,6.53,,34.77
2019-04-12,6.7,21.13,18.96,24.91,77.57,17.85,76.76,10.01,9.12,85.08,6.05,11.21,15.24,64.62,17.38,9.77,5.49,8.5,5.51,17.18,14.02,3.2,5.91,71.13,25.59,16.98,31.18,9.35,46.95,32.01,11.96,16.13,91.45,12.71,2.43,,8.53,12.1,11.76,10.7,6.37,29.13,67.98,3.66,50.3,112.21,80.11,6.34,,33.95
2019-04-19,6.57,20.77,19.01,24.04,76.9,17.45,73.96,9.53,8.49,82.15,5.8,11.15,15.32,64.44,17.31,9.77,5.56,8.38,4.96,16.77,13.89,3.16,5.83,70.97,25.5,16.7,31.85,9.09,46.72,31.4,11.13,15.93,90.07,12.54,2.43,,8.22,11.75,11.43,10.29,6.27,29.13,64.84,3.63,48.93,113.9,78.51,6.32,,32.93
2019-04-26,6.68,21.67,18.98,24.24,74.46,16.79,73.53,9.73,8.7,85.01,5.95,11.05,15.66,68.44,17.31,9.6,5.56,8.91,5.31,16.65,13.62,3.16,5.88,70.4,26.34,17.11,32.91,9.31,47.95,32.17,11.68,16.13,89.58,12.51,2.43,,8.15,11.95,11.41,10.41,6.06,29.08,67.03,3.63,50.53,115.9,76.63,6.21,,34.97
2019-05-03,6.66,21.31,18.66,23.96,64.46,16.86,73.96,9.57,8.56,85.52,6.0,11.31,15.81,68.26,17.51,9.51,5.54,9.06,5.55,16.52,13.62,3.13,5.96,71.78,26.65,17.01,33.13,9.29,47.41,33.01,11.53,16.21,91.27,12.44,2.4,,8.18,12.35,11.34,10.44,6.04,28.57,65.86,3.53,49.99,118.5,77.33,6.17,,35.06
2019-05-10,6.5,19.87,17.46,22.86,61.6,17.08,71.34,9.3,8.53,86.55,5.92,11.89,15.49,65.47,17.41,9.16,5.39,8.71,5.38,16.44,12.83,2.95,5.64,70.89,26.37,16.92,32.52,9.15,47.18,32.3,10.74,16.28,92.88,12.13,2.4,,7.92,12.0,10.94,10.17,6.38,28.1,61.2,3.49,50.08,115.4,76.8,5.98,,34.34
2019-05-17,6.48,20.59,17.54,23.53,65.89,16.97,71.83,9.71,8.53,84.35,5.8,11.57,15.77,66.86,18.05,9.94,5.35,8.55,5.39,16.12,13.36,2.95,5.72,70.08,26.83,17.77,32.57,9.78,49.87,32.94,12.2,16.64,96.25,12.27,2.36,,8.12,11.95,11.15,10.34,6.75,28.61,63.17,3.55,51.95,117.9,80.05,6.14,,36.0
2019-05-24,6.48,20.59,17.73,23.22,64.88,17.08,70.12,9.71,8.47,85.16,6.13,11.57,16.18,64.62,18.22,9.94,5.25,8.53,5.42,15.67,13.6,2.95,5.76,70.64,27.99,17.45,32.41,9.78,50.8,34.62,12.4,16.69,97.82,12.3,2.3,,8.07,11.8,10.96,10.31,6.69,28.48,61.56,3.49,51.1,119.9,77.04,6.08,,35.0
2019-05-31,6.44,20.95,17.18,24.04,64.54,16.9,67.57,9.3,8.23,84.72,5.9,11.5,15.64,63.28,17.45,10.11,5.41,8.51,5.4,16.08,13.62,2.88,5.62,69.51,27.17,17.01,33.52,9.58,50.53,33.2,12.04,16.49,99.99,12.4,2.27,,7.85,11.75,10.68,10.07,6.78,28.78,59.74,3.44,50.93,124.5,76.45,5.93,,34.8
2019-06-07,6.37,20.68,17.29,24.05,65.8,16.75,64.28,9.37,8.12,84.28,5.97,11.96,16.03,62.49,17.68,11.67,5.33,7.91,5.07,15.34,13.58,2.84,5.54,69.67,27.86,17.11,33.8,9.82,49.97,33.82,12.67,16.54,103.51,12.23,2.3,,7.92,11.75,10.2,10.22,6.84,28.1,59.89,3.38,51.99,122.2,75.62,5.85,,34.75
2019-06-14,6.37,22.56,17.54,23.56,67.23,16.75,62.27,9.3,7.8,78.19,5.83,11.83,15.75,61.89,17.35,11.58,5.27,7.91,5.19,15.5,14.17,2.84,5.58,68.21,28.11,16.79,33.07,9.78,49.17,31.85,12.32,16.16,102.24,11.82,2.27,,7.84,11.65,10.01,10.36,7.06,29.64,58.21,3.3,51.33,121.7,73.89,6.06,,34.9
2019-06-21,6.55,23.28,17.73,23.13,66.81,16.57,59.35,9.8,7.58,75.91,5.44,11.89,16.1,64.01,17.48,11.5,5.27,8.17,5.13,15.26,14.12,2.84,5.75,68.05,28.71,16.7,31.74,10.12,50.45,31.85,12.16,16.36,104.11,11.75,2.27,,7.93,11.45,9.83,9.78,6.69,30.41,57.19,3.3,50.88,123.2,74.96,6.29,,34.3
2019-06-28,6.41,22.94,17.29,23.02,67.9,16.49,65.13,8.93,7.71,79.95,5.15,12.22,16.14,59.16,17.38,10.89,5.45,8.1,4.92,15.67,14.15,2.8,5.64,67.24,29.28,16.82,33.19,10.34,47.65,31.33,12.0,16.11,102.99,11.82,2.2,,7.84,11.35,9.61,10.22,6.48,30.2,57.78,3.24,51.42,128.0,73.47,6.16,,33.8
2019-07-05,6.48,22.57,17.89,24.64,69.67,16.42,64.04,9.69,8.26,77.75,5.25,11.93,16.53,62.86,18.15,11.76,5.2,7.68,5.02,15.5,13.51,2.88,5.75,68.86,30.1,17.14,33.58,10.52,51.65,31.98,11.6,16.92,104.86,11.78,2.2,,8.01,11.4,10.09,10.73,6.55,31.1,62.66,3.38,51.86,129.5,75.38,6.32,,35.75
2019-07-12,6.68,22.94,18.22,26.1,71.35,16.13,67.44,9.82,8.44,76.72,5.25,11.83,16.67,64.19,17.95,11.58,5.18,7.55,4.84,15.42,13.22,2.91,5.76,66.03,30.95,16.85,33.97,10.44,51.65,31.59,11.76,17.1,108.23,11.96,2.17,,7.92,11.4,9.78,10.88,6.5,31.57,60.54,3.5,51.55,130.2,74.07,6.35,,35.9
2019-07-19,6.92,25.98,19.04,26.94,71.01,16.13,67.63,10.01,8.01,75.54,5.15,11.89,17.1,64.31,17.95,11.93,5.23,7.1,5.08,15.3,12.99,2.84,5.99,62.95,33.42,16.63,32.41,10.4,51.33,31.76,11.09,16.77,103.78,11.75,2.23,,8.09,11.7,10.01,10.98,6.47,33.84,61.56,3.71,51.55,130.2,75.8,6.32,,37.4
2019-07-26,6.76,26.25,19.53,26.86,71.77,16.09,68.6,9.71,8.64,74.8,5.0,11.47,17.31,65.53,17.82,12.62,5.16,7.77,4.92,15.3,12.64,2.91,6.03,65.54,33.67,16.07,32.46,10.48,52.69,33.92,11.17,16.61,104.45,11.43,2.23,,7.71,11.15,9.83,10.96,6.51,33.62,63.75,3.77,54.26,133.0,74.36,6.11,,37.4
2019-08-02,6.44,28.1,19.53,26.42,69.75,15.98,68.78,9.32,8.55,70.01,4.76,11.54,17.31,64.31,17.38,13.4,5.16,7.73,4.84,14.93,13.28,2.88,5.92,64.0,34.08,15.75,33.46,10.77,52.05,34.87,11.05,16.74,104.86,11.82,2.14,,7.28,10.6,9.71,11.29,6.28,33.88,65.72,3.71,54.44,132.4,74.07,6.21,,36.25
2019-08-09,6.32,30.4,18.93,28.04,65.55,15.43,64.1,9.39,8.39,71.49,4.78,11.5,18.13,61.46,18.52,14.39,5.21,7.96,4.58,14.52,13.68,2.8,5.79,61.65,36.57,15.34,33.41,10.61,49.81,36.52,10.62,17.45,103.25,11.26,2.07,,6.95,10.35,9.54,11.56,6.41,33.62,61.94,3.95,53.42,131.7,72.27,6.19,,35.5
2019-08-16,6.32,29.48,19.64,27.94,64.79,15.4,62.09,9.39,7.63,69.28,4.69,11.34,18.8,61.22,19.05,13.78,5.23,7.94,4.41,15.38,13.91,2.8,6.04,62.38,37.01,15.53,34.41,10.32,49.97,37.3,10.18,19.05,103.36,11.26,2.04,,7.03,10.3,10.35,11.31,6.37,33.37,61.57,4.3,54.22,130.5,74.13,6.34,,35.15
2019-08-23,6.53,29.75,20.48,27.4,65.97,15.03,60.81,9.39,7.69,69.28,4.71,11.34,19.67,63.1,18.85,14.13,5.23,8.06,4.72,15.06,14.0,2.8,6.11,62.38,36.76,15.69,34.52,10.4,49.65,35.91,10.42,18.42,103.21,11.36,2.04,,7.05,10.7,10.23,11.31,6.41,33.92,64.15,4.18,55.55,134.0,73.47,6.45,,35.05
2019-08-30,6.41,31.78,21.14,27.02,63.87,15.43,57.64,9.25,7.58,68.91,4.66,10.98,19.2,62.44,19.12,13.16,5.15,7.65,4.53,17.87,13.94,2.77,6.23,61.08,36.89,16.07,34.69,10.48,49.25,35.65,10.18,18.59,102.24,11.61,2.04,,6.8,10.4,10.16,11.44,6.59,33.28,64.74,4.09,54.88,132.0,73.47,6.61,,34.45
2019-09-06,6.32,29.75,20.73,26.86,63.45,15.07,59.04,9.11,7.5,68.61,4.54,10.98,19.12,62.57,18.85,12.28,5.05,7.37,4.39,16.81,13.8,2.7,6.1,59.95,36.92,15.88,34.58,10.5,48.53,35.13,10.1,18.04,100.19,11.86,2.01,,6.67,10.15,10.49,11.08,6.35,33.11,65.48,4.13,53.82,130.4,73.35,6.63,,34.1
2019-09-13,6.53,28.56,21.74,27.13,62.44,15.14,58.13,9.55,7.25,67.58,4.42,10.92,20.54,62.69,18.12,12.02,5.15,7.79,4.32,16.32,13.88,2.73,6.28,61.98,38.62,15.75,34.41,10.58,49.49,35.56,9.99,18.82,99.44,12.31,2.04,,6.75,10.35,10.7,11.49,6.38,35.08,64.89,4.11,54.39,138.2,72.93,6.74,,33.95
2019-09-20,6.7,29.11,21.82,28.53,60.51,14.88,59.71,9.66,7.42,67.21,4.52,10.92,21.04,63.81,18.35,12.02,5.22,7.8,4.39,16.73,14.55,2.77,6.42,64.97,39.92,14.87,34.3,10.3,49.01,36.34,9.91,19.68,100.56,12.63,2.1,,6.78,10.35,10.94,12.09,6.34,34.69,66.07,4.04,53.06,138.0,74.15,6.97,,33.95
2019-09-27,6.7,29.02,21.96,27.34,61.6,15.69,59.88,9.69,7.28,68.91,4.61,10.72,21.15,65.17,18.52,12.02,5.28,7.63,4.34,16.85,15.04,2.73,6.6,64.33,40.39,15.12,35.08,10.38,48.45,35.17,10.03,19.79,100.38,12.63,2.14,,7.33,10.65,10.96,12.22,6.35,35.51,65.85,4.18,53.24,136.6,79.0,7.22,,33.25
2019-10-04,6.81,28.56,22.09,28.75,61.18,17.92,57.25,9.44,7.39,67.65,4.81,10.98,20.54,62.38,18.35,12.2,5.45,7.36,4.88,16.89,14.61,2.62,6.59,62.71,38.81,14.96,35.41,10.32,46.45,34.83,10.14,18.97,97.18,12.49,2.1,,7.13,10.4,11.15,12.01,6.35,35.55,65.77,4.3,52.44,137.6,78.09,7.27,,31.9
2019-10-11,6.93,27.82,22.26,29.29,60.59,17.81,56.5,9.69,7.09,67.73,4.91,10.79,20.43,63.5,17.88,12.28,5.54,7.41,4.92,17.46,14.43,2.77,6.62,62.38,38.94,14.9,34.47,10.3,46.85,34.7,10.07,19.18,97.06,12.66,2.14,,7.03,11.0,11.15,12.19,6.35,36.54,65.18,4.25,52.44,139.4,77.73,7.2,,32.35
2019-10-18,6.96,27.73,21.87,28.86,60.0,18.51,54.8,9.89,7.09,68.91,5.08,10.76,20.64,62.69,17.65,11.85,5.54,7.37,4.59,18.07,14.67,2.77,6.69,61.57,38.78,14.68,33.46,10.34,46.37,35.74,10.5,18.64,94.95,13.16,2.14,,6.97,10.8,11.53,12.27,6.44,36.41,64.15,4.18,51.99,139.1,80.46,7.3,,31.9
2019-10-25,6.81,28.1,21.93,28.75,60.09,17.52,51.47,10.08,7.01,67.95,4.78,10.72,20.97,63.62,18.32,12.72,5.72,7.51,4.78,17.95,15.45,2.66,6.75,60.44,40.36,14.59,33.69,10.38,46.29,36.08,10.42,18.77,96.42,13.16,2.1,,7.03,10.9,11.27,11.06,6.35,37.69,63.41,4.18,52.08,145.9,81.68,7.17,,32.55
2019-11-01,6.99,27.91,22.37,28.64,62.19,17.96,47.77,10.21,7.04,68.17,4.73,10.72,21.15,64.86,17.85,12.2,5.8,7.55,4.78,17.67,15.07,2.7,6.68,61.33,39.51,14.55,32.85,10.3,47.57,36.13,10.7,19.1,97.93,13.19,2.14,,7.1,10.9,11.22,11.71,6.37,38.04,70.2,4.16,54.44,145.5,80.4,7.01,,35.05
2019-11-08,7.16,26.99,23.3,28.64,61.85,17.59,46.77,10.21,7.34,69.28,4.68,11.96,21.55,65.61,17.95,12.28,5.87,7.82,4.89,17.83,15.65,2.77,6.81,62.22,39.32,14.49,32.46,10.46,47.25,37.17,10.66,19.33,97.93,13.33,2.2,,7.28,10.85,11.86,11.81,6.41,39.19,72.63,4.2,53.55,143.2,78.46,7.22,,34.65
2019-11-15,7.04,26.07,23.7,28.53,62.37,17.37,43.25,9.94,7.31,70.75,4.76,12.25,21.18,67.03,17.7,12.11,5.62,7.8,5.14,17.05,15.19,2.91,6.62,60.36,37.39,14.65,32.57,10.38,47.97,36.99,10.62,18.82,94.92,13.23,2.14,,6.97,10.7,11.76,13.15,6.31,38.42,71.01,4.13,53.15,143.3,74.69,6.97,,35.2
2019-11-22,6.7,25.98,22.68,28.15,60.41,17.59,41.18,9.66,7.23,69.28,4.47,11.05,20.24,63.99,16.99,12.28,5.51,7.61,5.05,16.73,15.22,2.77,6.5,57.12,35.34,14.33,31.74,10.26,46.77,35.39,10.5,18.62,88.51,12.8,2.07,,6.64,10.25,10.89,13.77,6.18,36.62,68.94,4.09,51.64,143.0,73.78,6.58,,34.8
2019-11-29,6.67,25.15,22.85,28.15,59.9,17.59,39.86,9.37,7.28,68.69,4.4,11.11,20.39,62.38,16.81,11.93,5.25,7.87,5.16,16.83,15.3,2.77,6.44,56.71,34.39,14.24,31.63,10.26,46.13,35.22,10.1,18.34,85.12,13.16,1.94,,6.54,10.1,10.82,14.66,6.21,36.54,67.76,3.99,51.42,144.9,73.78,6.57,,34.45
2019-12-06,6.64,26.25,22.37,27.2,56.06,16.86,41.05,9.3,8.04,68.98,4.46,11.02,19.88,60.83,16.14,11.06,5.51,8.22,5.33,16.53,15.68,2.66,6.36,50.63,34.96,14.18,31.74,10.97,45.16,35.65,9.99,18.26,87.76,13.12,1.98,,6.44,10.0,10.94,14.4,6.16,36.36,67.84,3.92,51.5,144.4,70.62,6.39,,34.6
2019-12-13,6.7,26.07,23.64,26.94,57.94,16.68,38.92,9.44,7.5,70.01,4.52,10.92,20.64,60.83,16.71,10.97,5.54,8.2,5.56,16.31,15.71,2.7,6.34,46.99,35.66,14.11,30.62,10.95,44.36,36.21,9.75,18.52,87.84,13.02,1.94,,6.34,10.05,10.94,15.15,5.96,37.86,65.7,3.95,51.55,144.5,71.66,6.4,,33.55
2019-12-20,6.55,27.64,24.12,26.49,61.77,16.6,36.41,9.32,7.25,68.91,4.4,11.02,20.43,59.59,16.89,10.44,5.19,7.92,5.55,15.88,15.42,2.66,6.11,44.56,34.93,13.83,31.01,10.64,45.57,35.91,9.75,18.16,88.17,12.95,2.01,,6.04,10.0,10.77,14.38,5.96,37.82,62.08,4.02,51.46,142.5,72.87,6.39,,32.95
2019-12-27,6.55,27.64,26.07,25.96,58.62,16.13,33.83,9.46,7.0,68.17,4.49,10.98,20.82,60.21,16.64,9.21,5.35,8.11,5.22,16.57,15.59,2.7,6.08,46.1,35.81,13.67,32.24,10.95,45.16,37.52,9.28,18.21,86.82,13.02,2.07,,5.98,10.15,10.96,16.22,5.98,38.76,62.31,4.11,51.19,143.6,72.39,6.42,,33.4
2020-01-03,6.64,26.99,26.35,25.31,58.45,16.93,33.46,9.76,6.83,67.21,4.35,11.21,20.82,58.84,16.11,10.27,5.46,8.32,5.3,17.0,15.3,2.73,6.18,46.58,36.38,13.52,31.18,10.52,45.73,37.65,9.24,18.52,84.6,13.09,2.1,,6.02,10.2,11.17,17.24,6.1,38.85,62.82,4.09,51.24,148.0,72.45,6.65,,34.6
2020-01-10,6.55,25.61,28.94,25.76,57.08,17.45,31.1,10.79,6.74,64.85,4.34,11.7,20.79,59.52,15.58,9.83,5.56,8.34,5.37,16.57,14.84,2.77,6.23,45.77,36.32,12.59,31.07,10.5,44.6,38.38,8.76,18.11,87.95,13.16,2.3,,6.04,10.5,10.94,17.73,6.1,38.68,62.31,3.97,51.02,146.2,72.82,6.86,,33.95
2020-01-17,6.87,26.81,30.19,25.7,56.15,19.06,33.08,11.43,6.94,64.85,4.25,11.57,20.82,57.85,15.15,10.0,5.65,8.61,5.6,16.4,14.96,2.77,6.4,44.56,36.63,12.12,31.18,10.6,45.0,39.34,8.53,18.52,88.32,13.02,2.36,,6.36,10.6,11.05,20.26,6.11,40.84,63.41,4.06,51.06,148.2,72.64,7.14,,32.6
2020-01-24,7.07,26.9,31.31,25.54,57.08,18.69,33.52,11.72,7.08,64.85,4.29,11.34,20.43,58.9,15.26,10.62,5.74,9.06,5.96,16.48,15.01,2.88,6.52,43.26,37.61,12.62,31.18,10.97,45.89,39.6,8.76,18.77,87.57,13.09,2.49,,6.37,10.9,11.43,20.75,6.1,40.36,65.92,4.16,51.06,146.5,74.29,7.69,,32.6
2020-01-31,6.64,25.79,29.06,23.9,50.1,17.96,34.96,11.18,6.91,73.33,3.95,11.6,18.8,53.69,13.52,9.48,5.35,8.3,5.41,16.23,14.49,2.66,6.05,40.59,34.96,12.75,30.68,10.79,42.44,36.56,8.29,17.2,79.85,13.05,2.43,,5.84,10.2,10.2,21.01,5.93,38.33,64.52,3.99,51.02,130.2,66.45,7.31,,30.05
2020-02-07,6.87,24.78,29.17,23.34,50.95,17.45,35.66,12.32,6.83,71.78,4.0,11.37,19.27,53.38,13.77,9.56,5.93,8.39,5.39,15.8,14.43,2.84,6.23,40.43,34.3,13.61,30.12,10.85,41.48,35.82,7.82,17.2,73.45,12.66,2.79,,5.84,11.15,10.46,22.03,5.9,38.89,64.15,4.09,50.84,131.2,67.49,8.26,,32.0
2020-02-14,7.62,23.95,28.21,23.0,48.56,17.45,40.3,12.27,6.88,70.38,4.05,11.24,19.7,54.93,14.09,9.92,5.66,8.17,5.35,15.45,14.2,2.92,6.33,40.35,33.79,13.91,30.18,10.81,42.68,35.87,8.21,17.83,72.82,14.92,2.87,,5.88,11.6,11.01,22.64,6.18,38.59,64.59,4.3,48.88,128.6,65.29,8.85,,31.75
2020-02-21,7.42,24.41,27.93,25.03,49.84,17.08,42.0,11.84,6.91,71.34,4.22,11.24,19.77,53.01,14.05,10.09,5.62,8.11,5.42,15.88,14.23,2.76,6.17,42.94,34.9,13.45,30.07,10.79,42.28,36.34,8.49,17.76,69.29,15.48,2.72,,5.76,11.3,10.91,22.85,6.04,38.46,63.49,4.39,48.84,128.6,66.45,9.38,,30.7
2020-02-28,7.28,23.03,25.67,23.0,46.77,15.76,39.11,11.79,6.86,70.75,4.03,11.18,19.92,47.05,13.42,10.7,5.51,7.7,5.04,15.54,14.23,2.8,5.94,39.7,33.61,13.05,29.79,10.77,41.32,35.43,7.78,17.3,62.16,15.23,3.78,,5.25,11.6,10.51,16.27,6.07,35.61,59.28,4.23,46.84,121.9,64.0,8.86,,28.5
2020-03-06,7.3,23.03,26.43,23.6,46.94,15.84,43.94,11.82,6.86,70.01,4.23,11.18,19.52,48.1,13.49,10.97,5.54,7.72,5.04,15.58,14.2,3.35,6.01,44.07,32.53,13.18,30.07,10.81,39.8,35.0,7.97,17.03,62.39,14.14,4.88,,5.51,12.25,10.42,15.99,6.24,36.52,59.65,4.25,46.66,120.5,63.82,8.96,,28.5
2020-03-13,6.35,18.33,19.75,20.81,34.46,15.4,34.34,10.05,6.35,63.38,3.86,10.66,17.41,35.38,11.19,,4.56,6.56,3.92,14.25,12.23,2.8,4.98,40.39,24.93,11.59,29.51,10.56,28.95,26.72,7.03,15.01,55.25,11.19,4.33,,4.39,10.4,8.62,11.21,5.57,30.68,53.09,3.6,41.11,101.0,60.69,7.33,,24.2
2020-03-20,6.18,17.13,18.68,20.08,29.56,14.59,33.77,9.07,6.27,57.48,3.98,10.37,17.24,35.94,11.65,8.01,4.14,6.41,3.86,13.35,11.59,2.68,4.66,39.86,24.36,11.59,28.4,10.43,32.51,23.85,6.68,15.86,48.34,10.34,4.72,,4.57,9.8,8.2,10.75,6.21,26.58,47.04,3.43,36.66,103.0,55.12,6.86,,20.4
2020-03-27,5.69,16.49,18.62,19.69,32.38,13.56,32.08,8.7,5.9,59.69,3.96,10.2,15.58,36.12,11.26,7.42,3.61,5.58,3.32,13.44,11.28,2.37,4.25,39.94,19.97,11.06,28.95,10.39,31.63,22.51,6.02,14.9,49.72,9.53,4.88,,4.08,8.21,7.56,9.01,5.6,27.7,44.24,3.2,38.57,96.9,57.63,6.37,,20.4
2020-04-03,5.51,16.58,19.35,20.25,36.04,13.75,30.29,8.61,5.59,60.28,4.22,9.88,16.12,36.74,10.76,7.63,3.87,6.08,3.45,12.53,10.61,2.37,4.29,42.37,20.64,11.29,28.9,10.33,33.66,23.0,6.08,15.36,47.96,9.01,5.23,,4.37,8.35,7.49,8.62,4.75,28.31,42.55,3.15,40.44,99.9,58.18,5.72,,19.5
2020-04-10,5.72,17.32,20.82,22.27,39.19,13.49,33.58,8.91,6.27,65.74,4.66,9.85,16.77,41.65,11.61,8.86,3.96,6.48,3.72,12.96,11.54,2.56,4.52,48.77,22.62,12.19,28.95,10.39,34.37,25.52,6.73,16.16,54.1,9.5,6.88,,5.08,9.01,7.91,10.23,4.88,30.51,49.48,3.31,42.22,109.1,61.0,6.08,,23.8
2020-04-17,6.06,22.11,21.1,25.31,41.28,14.77,38.73,9.21,6.86,65.59,4.73,9.88,18.51,42.02,12.99,9.48,4.26,7.13,4.5,14.94,12.12,2.88,4.95,49.09,25.87,12.52,29.34,10.35,34.92,26.46,7.14,16.5,63.46,10.45,7.08,,5.2,9.73,8.39,10.82,5.25,30.86,50.51,3.43,42.71,117.4,60.82,6.99,,26.5
2020-04-24,5.86,20.08,20.31,25.54,40.04,13.97,38.04,8.79,7.59,67.58,5.1,9.94,18.44,40.41,12.35,8.74,4.08,7.61,5.06,14.64,11.88,2.72,4.67,48.2,26.19,13.68,29.51,10.37,34.88,26.37,7.54,16.29,69.06,9.88,6.45,,5.06,9.1,8.08,10.36,5.02,29.77,47.93,3.36,41.33,115.2,62.96,6.68,,24.0
2020-05-01,5.92,22.02,20.09,26.55,39.36,14.55,39.36,9.16,7.5,68.76,5.03,9.75,18.36,39.35,13.17,9.78,4.09,7.41,5.12,14.85,12.15,2.76,4.64,47.64,25.78,13.61,29.62,11.1,33.99,25.22,8.33,15.97,62.54,9.67,6.26,,4.97,9.1,8.13,10.85,4.94,29.39,46.9,3.38,40.84,115.5,60.63,6.68,,23.1
2020-05-08,6.18,21.83,21.44,26.18,40.81,14.44,41.12,9.57,8.04,70.75,4.86,9.91,19.41,43.2,12.88,10.53,4.44,8.06,5.44,17.43,12.38,2.92,4.83,49.42,26.44,13.28,30.01,10.77,36.95,25.79,7.97,16.29,65.99,10.38,6.69,,5.16,9.52,8.93,11.28,5.13,31.76,52.28,3.46,43.33,120.0,64.31,7.43,,25.3
2020-05-15,6.27,21.56,21.78,27.3,41.11,14.88,42.06,9.57,8.77,70.06,4.8,10.07,20.32,44.01,13.77,10.57,4.53,8.1,6.17,18.54,12.75,2.92,4.93,50.31,25.91,13.58,29.29,11.59,37.54,27.48,7.9,16.71,66.07,10.41,6.1,,5.33,9.8,9.57,11.77,6.2,32.84,52.79,3.5,43.11,114.0,67.86,7.77,,24.1
2020-05-22,6.47,21.65,22.17,27.47,41.88,14.44,42.75,10.44,9.16,70.67,5.1,10.98,20.51,45.87,13.66,10.97,4.73,9.39,6.76,24.9,12.35,3.0,5.02,50.23,26.82,13.58,29.68,11.61,39.14,28.01,7.97,16.61,66.76,10.48,5.19,,5.46,10.2,9.94,11.64,5.96,35.0,56.41,3.64,42.84,114.0,70.06,7.87,,25.8
2020-05-29,6.61,24.41,22.63,28.03,42.56,14.15,47.71,10.3,10.34,70.22,5.21,11.24,20.3,46.18,13.88,11.19,4.79,9.44,6.95,27.34,12.75,3.12,5.0,50.8,26.69,13.98,29.9,12.84,38.93,27.96,8.09,16.64,67.68,10.48,5.51,,5.66,10.3,9.78,10.85,5.86,36.82,56.48,3.81,43.11,113.0,70.43,7.61,,27.5
2020-06-05,7.28,24.13,23.75,29.79,42.39,14.0,45.95,11.2,11.66,70.52,5.23,11.5,20.62,47.79,14.76,11.32,5.45,9.32,7.39,28.72,13.54,3.47,5.21,51.04,27.17,14.14,30.4,12.28,39.64,28.23,8.33,17.03,68.68,10.59,6.3,,6.0,10.55,10.13,11.44,6.23,38.46,57.0,4.11,42.22,114.3,73.0,7.98,,28.45
2020-06-12,7.07,24.5,23.98,29.21,41.15,14.3,42.37,10.67,10.82,68.85,5.01,11.63,19.9,46.3,14.02,10.66,5.33,9.13,7.67,26.61,13.45,3.43,5.14,47.39,27.14,13.68,30.57,11.82,38.13,26.37,8.25,16.4,65.99,10.9,6.3,,5.92,11.8,9.99,11.56,5.96,36.99,55.3,4.04,40.8,113.4,72.27,7.53,,25.9
2020-06-19,7.04,24.41,23.39,31.73,42.17,14.04,39.8,10.69,11.04,70.06,5.05,11.86,19.9,45.06,13.91,11.06,5.31,9.42,8.29,25.84,14.09,3.51,5.09,46.18,26.66,14.08,33.02,10.84,38.8,26.19,8.21,16.71,63.81,10.24,5.78,,5.85,11.9,9.68,10.82,5.96,36.91,56.41,4.09,43.24,110.0,70.43,7.43,,27.8
2020-06-26,6.81,24.69,22.51,32.03,40.47,13.78,41.93,10.33,11.13,69.3,5.21,11.54,19.84,44.81,13.88,10.44,5.02,9.37,8.54,24.9,13.68,3.47,5.05,45.69,26.57,14.51,34.74,11.35,38.63,26.41,8.05,16.61,63.23,10.24,5.51,,5.92,11.3,9.61,11.1,6.0,36.0,55.74,4.11,40.66,108.5,70.98,7.17,,26.2
2020-07-03,6.64,24.6,22.06,32.91,39.62,13.53,50.16,10.21,11.46,69.99,5.05,11.6,19.58,43.63,13.38,10.22,5.15,9.47,8.26,24.81,13.91,3.23,4.9,46.34,25.78,14.61,34.74,11.44,38.76,25.97,7.63,16.9,67.14,9.88,5.04,,5.79,11.0,9.35,10.77,5.84,35.87,57.37,4.13,40.08,108.0,70.8,6.94,,26.5
2020-07-10,6.93,24.78,23.42,31.67,40.81,13.34,49.59,10.9,11.21,70.75,5.15,11.44,20.24,46.12,13.59,10.44,5.28,9.56,8.19,26.1,14.0,3.43,5.02,46.1,26.16,14.71,35.41,11.56,39.1,26.54,7.93,17.03,79.04,10.31,5.15,,6.09,11.55,9.66,11.14,6.16,35.74,58.55,4.32,40.62,108.0,71.54,7.38,,27.05
2020-07-17,7.16,24.41,23.47,32.03,41.19,13.2,53.11,11.04,11.35,71.51,5.14,11.34,20.36,46.82,13.88,10.62,5.34,9.84,8.05,27.04,14.52,3.51,5.09,45.53,26.51,15.53,34.47,11.58,40.07,26.77,7.9,17.38,73.67,10.66,5.12,,6.38,11.6,9.73,11.59,6.24,35.78,59.36,4.58,40.66,109.0,72.47,7.51,,26.85
2020-07-24,6.7,24.5,21.55,30.24,37.15,13.2,46.2,10.19,,71.82,5.01,10.92,19.43,44.47,13.17,9.65,5.01,9.25,7.28,26.18,14.15,3.39,4.8,42.13,24.99,14.88,35.02,11.14,38.3,24.82,7.35,17.3,69.48,10.24,4.45,,5.81,10.9,9.21,10.85,5.87,35.0,56.04,4.51,39.11,103.8,68.93,6.91,,27.95
2020-07-31,6.5,24.04,20.68,29.4,34.42,12.76,41.93,9.71,9.78,70.05,4.8,10.76,18.84,42.65,12.96,8.77,4.74,9.13,6.62,25.71,13.25,3.23,4.58,40.91,23.51,14.42,36.25,11.26,35.6,22.87,7.22,17.27,64.46,9.29,4.64,,5.51,10.1,8.57,10.36,5.84,33.02,57.29,4.2,38.88,94.5,66.39,6.58,,25.1
2020-08-07,6.84,26.71,21.5,31.07,38.25,12.72,49.34,10.42,10.73,74.43,5.01,10.98,19.94,45.71,14.34,9.3,5.16,10.18,7.81,28.63,14.23,3.31,4.74,43.83,24.8,15.48,35.97,11.61,37.62,24.46,7.42,18.42,70.6,9.96,4.92,,5.79,10.45,9.05,10.7,5.93,35.82,58.69,4.53,38.88,100.3,71.66,6.92,,26.4
2020-08-14,7.3,26.9,22.0,30.95,39.06,12.72,49.28,10.76,10.66,73.82,5.18,11.05,20.24,47.08,14.65,9.56,5.43,10.14,7.81,27.9,14.23,3.47,4.99,43.26,26.22,15.37,35.13,12.17,39.31,25.04,7.89,18.79,70.98,9.78,4.92,,5.93,10.7,9.35,10.72,5.97,35.44,58.77,4.74,38.84,100.6,72.41,6.97,,26.85
2020-08-21,7.95,27.73,21.98,34.25,39.06,13.12,49.02,11.13,11.06,76.12,5.7,11.02,20.5,46.88,16.25,10.4,5.39,10.24,8.12,31.12,14.79,3.55,5.03,42.61,25.87,16.05,35.08,12.82,39.27,24.95,7.93,18.95,68.91,9.92,5.27,,5.97,11.05,9.61,10.62,6.24,35.82,58.62,4.95,38.26,99.6,71.73,7.14,,26.5
2020-08-28,8.03,,22.88,34.31,40.94,13.89,50.56,11.5,12.92,81.51,5.83,11.34,21.58,48.31,16.28,10.57,5.58,10.22,7.95,32.31,15.19,3.63,5.21,44.15,29.28,16.22,35.08,13.69,44.12,26.94,7.97,19.62,69.83,10.27,5.51,,6.14,11.35,10.2,11.22,6.33,36.04,57.96,5.28,39.95,100.6,74.02,7.69,,27.2
2020-09-04,7.92,37.86,23.75,33.77,43.71,13.49,49.12,11.91,12.9,78.51,5.94,11.08,21.62,48.57,16.58,10.53,5.88,10.5,8.26,30.96,15.47,3.63,5.25,45.61,29.69,16.26,34.97,14.25,44.36,26.86,8.21,19.86,73.74,10.2,5.51,,6.26,11.3,10.32,11.25,6.57,36.69,58.99,5.3,41.77,107.6,77.56,7.64,,28.5
2020-09-11,7.8,39.89,22.82,33.65,40.6,13.16,48.08,11.72,13.35,80.35,6.23,10.85,21.26,46.75,17.47,11.28,6.01,10.29,8.29,31.68,14.95,3.63,5.19,44.56,29.47,16.82,35.02,17.19,42.73,26.37,7.9,20.6,72.13,9.92,5.74,,6.4,11.15,10.06,11.06,6.57,35.57,57.29,5.25,40.48,105.8,76.81,7.44,,28.4
2020-09-18,8.14,38.41,23.13,36.52,41.49,13.67,47.82,11.82,13.3,81.2,6.25,11.05,22.14,47.21,17.8,11.19,5.89,10.81,9.9,32.89,15.07,4.1,5.46,43.91,29.82,16.65,35.58,17.8,43.33,26.77,7.9,21.45,72.44,10.03,5.7,,6.62,11.65,10.3,10.91,6.74,35.82,56.7,5.84,41.77,106.0,78.43,7.58,,28.5
2020-09-25,8.33,37.58,23.02,36.04,42.17,13.2,46.51,12.0,14.0,80.81,6.2,11.11,21.97,47.6,17.62,11.09,6.17,10.83,10.63,33.43,15.01,4.34,5.7,44.31,31.71,16.72,35.36,17.98,44.36,27.48,8.01,21.5,71.75,10.69,6.06,,6.68,13.3,10.58,10.88,6.67,37.16,56.85,6.19,41.24,105.6,79.23,7.59,,28.4
2020-10-02,8.63,37.22,22.94,37.0,41.32,13.86,44.82,12.34,13.77,81.43,6.38,11.05,21.75,46.82,17.91,11.28,6.35,11.23,10.77,32.94,15.04,4.69,5.78,43.83,32.82,16.43,35.36,18.22,43.5,27.03,8.37,21.37,70.79,11.4,6.06,,7.21,13.45,10.65,11.35,7.05,36.3,55.96,6.86,41.77,104.9,81.65,7.71,,27.3
2020-10-09,8.82,36.75,22.77,35.69,42.43,13.93,40.05,12.66,14.2,80.58,6.44,11.15,21.97,48.38,17.91,12.61,6.3,11.99,10.94,32.44,15.04,4.61,5.86,55.17,34.39,16.72,34.86,18.31,42.77,28.01,8.33,22.36,74.05,11.64,6.14,,7.32,13.55,10.09,11.2,7.06,36.65,56.78,7.7,41.6,104.4,80.66,7.62,,27.65
2020-10-16,9.27,36.75,23.81,34.13,45.92,13.45,35.49,14.27,13.59,79.97,6.29,11.28,23.01,49.09,17.43,12.84,6.38,12.24,10.49,32.22,14.73,4.97,5.96,64.81,34.2,16.33,34.69,17.75,42.94,30.18,8.13,22.14,72.32,11.26,6.37,,7.38,13.75,10.7,11.09,7.08,38.12,56.78,7.75,43.37,105.0,81.19,8.02,,27.5
2020-10-23,9.61,36.75,24.15,36.01,47.98,13.6,37.12,14.56,13.71,79.89,6.36,11.37,23.31,47.86,17.54,13.21,6.55,13.0,10.73,31.95,15.13,4.93,6.29,69.67,35.2,16.01,34.69,17.94,42.56,30.13,8.13,22.36,71.29,11.11,6.33,,7.27,14.55,11.34,10.78,6.99,37.81,58.62,7.84,46.22,105.3,83.16,8.37,,28.35
2020-10-30,9.04,36.39,21.72,34.06,43.65,12.75,36.79,13.28,13.22,78.43,6.01,11.18,22.27,45.84,17.36,13.02,6.22,12.85,10.46,30.87,15.5,,5.94,68.05,33.5,16.08,34.52,19.15,42.13,30.8,7.42,22.3,70.71,10.68,6.06,,6.95,13.3,10.09,9.72,6.47,35.87,56.04,7.68,47.33,101.2,81.65,7.69,,25.3
2020-11-06,9.42,36.29,22.03,33.56,44.95,12.9,37.05,13.85,13.87,79.2,6.34,11.24,22.66,46.1,17.39,14.04,6.46,12.79,11.75,32.13,15.26,,6.01,72.83,33.6,16.05,34.58,19.95,41.53,32.48,7.72,22.3,70.64,11.0,6.33,,6.97,13.35,10.2,9.88,6.65,36.73,55.82,,46.71,105.7,82.25,7.66,,25.6
2020-11-13,9.94,35.92,22.74,34.31,47.72,13.25,40.18,14.63,15.28,78.82,6.59,11.18,23.27,47.86,19.47,15.65,6.65,13.44,12.58,32.62,15.35,4.79,6.44,72.99,35.55,16.43,34.52,19.65,41.96,32.7,7.9,23.69,70.98,11.73,6.81,,7.23,13.9,10.87,9.8,6.89,37.55,57.73,7.72,47.73,112.7,81.19,7.98,,27.2
2020-11-20,10.24,35.19,23.25,37.26,49.1,13.17,39.92,15.2,15.8,78.89,6.36,11.21,23.87,53.26,19.91,17.49,6.64,15.02,12.83,32.13,16.4,4.81,6.44,66.43,35.45,16.29,34.3,20.95,43.5,32.62,8.04,23.69,73.67,12.71,6.73,,7.4,14.15,11.05,10.67,6.99,39.97,57.88,7.93,46.13,118.9,83.84,8.31,,27.65
2020-11-27,10.21,39.94,23.95,38.2,48.24,13.48,41.55,15.6,15.42,79.51,6.44,11.11,24.3,54.37,20.72,17.53,7.0,15.25,12.93,32.18,16.37,4.83,6.68,67.81,36.96,16.08,33.91,20.75,44.11,34.92,8.34,25.34,74.24,13.33,6.69,,7.86,14.5,11.2,10.62,7.23,40.84,61.2,7.87,46.75,119.0,83.01,8.8,,27.75
2020-12-04,10.24,38.45,23.5,38.77,47.89,14.1,40.32,15.89,15.91,81.28,6.38,11.08,24.09,55.67,21.32,18.45,7.08,15.54,12.83,34.1,16.71,5.05,6.99,69.67,36.44,16.86,33.63,21.72,43.68,34.79,9.4,25.02,78.31,13.95,6.69,,8.15,15.6,11.72,10.36,7.58,39.37,62.6,9.16,47.02,118.5,82.4,9.06,,28.0
2020-12-11,10.58,37.43,25.84,40.46,49.71,14.53,45.99,15.92,16.03,80.89,6.6,11.11,24.65,56.06,23.02,19.24,7.26,16.32,14.43,34.46,17.33,5.12,7.18,68.46,36.57,16.72,35.58,21.42,45.57,34.56,9.48,25.28,79.36,13.66,6.81,,9.57,15.8,12.12,10.07,7.72,42.0,62.67,9.02,47.46,122.2,85.13,9.22,,28.6
2020-12-18,10.66,38.08,26.52,40.34,49.36,15.03,46.19,16.07,16.18,80.28,6.66,11.18,24.61,55.28,24.24,23.33,7.73,16.24,15.16,35.39,17.18,5.23,7.71,68.95,36.8,16.75,36.75,21.84,46.25,34.52,9.77,24.81,78.24,14.38,6.81,,10.89,17.0,13.79,10.14,8.62,42.74,62.9,9.33,46.53,125.0,83.46,10.31,,30.15
2020-12-25,10.49,39.47,26.29,39.9,53.51,15.31,48.27,16.12,16.33,80.43,6.92,12.41,24.91,54.82,23.8,26.78,7.83,17.14,15.51,34.28,17.64,5.38,7.71,67.64,37.92,17.5,37.03,24.47,45.65,34.7,10.01,25.55,76.76,15.18,6.85,,12.31,16.95,13.96,10.51,9.4,42.52,64.59,9.22,47.06,125.9,82.4,10.59,,30.45
2021-01-01,10.54,38.36,27.48,39.27,57.05,16.58,50.69,16.05,17.24,79.97,6.96,12.51,25.56,56.39,24.13,27.57,7.75,17.44,15.44,34.1,18.17,5.38,7.68,72.88,38.04,17.43,36.75,25.71,46.94,36.17,11.07,26.06,75.6,15.22,6.69,,13.45,16.9,14.88,10.75,9.27,42.65,65.99,9.11,48.08,125.0,82.25,10.59,,31.4
2021-01-08,11.33,43.8,27.83,39.15,59.04,17.28,50.16,17.98,17.65,83.04,7.14,13.26,27.37,60.36,25.09,26.69,8.84,17.98,16.8,36.4,18.91,6.09,8.88,76.33,38.97,17.67,42.15,25.66,48.32,36.8,11.36,27.31,76.84,15.84,7.51,,13.88,19.4,16.86,12.15,9.86,45.66,71.08,9.77,49.68,126.5,85.45,11.58,,35.5
2021-01-15,11.35,48.13,28.03,40.21,59.99,18.48,54.21,18.35,17.82,83.04,7.27,14.3,28.8,59.64,26.46,29.82,9.1,18.72,17.64,36.22,21.08,6.48,8.93,76.25,40.89,17.71,40.37,27.61,48.15,36.84,11.68,28.48,77.73,17.29,7.55,,15.02,21.1,17.41,14.23,9.93,44.96,74.91,10.02,49.42,131.8,86.9,12.14,,36.7
2021-01-22,10.75,52.79,25.96,39.15,55.93,17.98,52.12,17.47,18.46,80.43,7.1,13.32,28.93,56.39,23.76,29.55,8.52,18.36,18.47,39.63,21.05,6.22,8.55,76.49,40.7,16.9,44.5,27.66,46.68,37.51,11.68,28.8,75.21,17.32,6.85,,13.72,19.95,17.15,13.96,9.59,44.87,73.22,9.6,46.66,133.8,82.94,11.89,,36.9
2021-01-29,10.06,52.14,22.89,37.39,48.84,16.16,48.27,14.17,16.77,77.66,6.09,10.95,27.11,49.68,22.06,22.46,7.28,16.47,16.28,36.12,19.78,5.49,7.83,70.1,42.46,16.61,45.17,27.86,42.13,37.11,9.69,27.15,62.69,13.08,5.74,,11.7,16.9,15.12,11.83,8.63,40.52,68.94,8.88,44.17,125.8,78.43,9.77,,32.05
2021-02-05,10.69,54.65,23.98,39.41,51.87,16.2,46.58,16.63,18.26,77.51,6.26,11.63,31.52,52.87,22.94,23.65,7.86,17.88,16.73,36.86,20.31,6.07,8.26,73.46,41.76,17.04,45.17,30.16,44.88,37.47,10.34,28.48,70.52,14.89,6.33,,12.8,18.3,17.15,12.15,9.24,43.57,73.22,9.95,47.77,131.1,83.62,12.06,,32.7
2021-02-12,10.71,53.07,23.41,38.96,51.78,16.55,45.01,16.44,18.46,77.66,6.12,11.57,32.26,52.94,22.65,22.14,7.86,17.58,16.73,38.43,19.78,6.37,8.26,72.72,41.44,16.71,44.5,31.36,45.57,37.33,10.05,30.34,69.86,15.91,6.1,,12.9,18.15,17.01,11.48,9.29,42.35,71.38,10.12,47.2,129.0,82.4,12.54,,31.55
2021-02-19,11.67,56.51,25.3,41.49,53.16,16.89,47.56,17.19,20.04,77.12,6.7,12.02,33.12,57.88,24.79,25.86,8.34,18.28,17.53,41.93,21.02,6.37,8.96,77.8,44.03,17.0,45.23,32.41,48.32,38.81,10.62,31.19,74.32,16.6,6.26,,13.47,18.7,18.28,12.56,9.59,44.13,76.02,10.57,48.44,131.8,82.4,13.23,,34.5
2021-02-26,12.4,53.53,25.02,40.84,51.09,16.51,48.21,17.3,21.93,77.28,6.47,11.76,32.95,58.14,24.79,26.55,8.21,19.18,18.47,44.42,19.78,6.37,9.23,74.03,43.2,16.6,44.83,31.46,50.04,37.91,10.26,30.18,72.89,15.76,6.26,,13.49,18.35,18.54,11.75,9.53,42.78,74.91,11.16,48.44,135.1,79.96,13.03,,33.2
2021-03-05,12.18,54.18,24.33,40.58,51.0,17.9,46.9,17.65,24.09,76.12,7.37,12.02,32.82,60.23,24.2,26.74,8.44,19.35,19.48,45.2,19.5,6.83,9.13,73.13,42.3,16.71,45.0,31.26,49.87,37.42,10.95,29.49,68.98,16.31,6.22,,13.59,18.7,18.52,11.83,9.86,42.0,72.56,12.17,47.24,136.8,78.59,13.62,,34.55
2021-03-12,12.36,53.72,24.87,40.32,52.3,18.41,50.75,17.63,24.57,78.05,7.28,11.96,33.08,59.32,23.68,28.44,8.7,19.54,19.66,47.0,19.32,7.16,9.43,71.57,41.95,17.15,46.3,33.55,47.8,37.33,11.19,29.54,69.56,17.29,6.96,,13.61,19.2,18.92,12.2,9.9,41.74,73.66,12.21,47.06,135.0,77.98,14.5,,34.65
2021-03-19,12.68,53.9,25.82,39.41,52.73,18.6,50.75,18.79,24.2,77.28,7.53,12.8,34.51,59.19,24.39,27.61,8.86,19.83,20.28,46.63,20.12,7.07,9.75,72.72,42.56,16.78,44.5,34.2,48.4,38.14,10.91,29.92,70.34,16.71,7.71,,13.53,19.6,19.84,12.39,10.0,41.04,72.11,12.84,48.17,130.5,77.59,14.73,,34.0
2021-03-26,12.18,53.07,24.16,37.86,50.48,18.52,46.38,18.14,22.58,75.36,7.41,12.35,32.91,58.08,24.05,25.13,8.4,19.44,19.06,47.18,18.6,6.83,9.18,70.42,41.6,16.27,44.78,33.76,48.06,38.28,10.34,28.74,67.61,15.98,7.67,11.41,12.56,18.95,18.61,11.64,9.24,41.34,70.56,12.16,49.95,130.5,74.31,14.14,,32.2
2021-04-02,13.0,53.44,25.82,38.89,53.42,20.11,48.01,19.19,23.22,76.82,7.81,13.26,34.51,58.8,25.76,26.05,8.89,20.63,20.14,48.66,19.41,7.63,9.88,76.0,43.13,16.71,46.19,35.46,48.58,39.99,11.07,28.58,70.34,16.64,10.62,13.98,13.94,22.6,19.49,13.04,9.79,42.61,74.25,14.25,54.66,132.3,78.36,15.05,,33.85
2021-04-09,12.91,53.16,25.42,39.87,53.94,19.14,46.77,19.74,23.69,76.35,7.79,14.59,35.5,57.82,26.42,26.23,9.14,20.84,21.02,48.66,19.75,7.87,10.47,75.51,42.65,16.41,50.69,37.66,48.06,40.71,11.23,28.48,68.0,16.49,9.95,13.71,14.32,22.7,19.65,14.23,9.97,42.48,72.92,14.25,55.5,131.8,76.15,15.38,,35.0
2021-04-16,12.42,52.23,24.1,39.28,50.05,17.67,44.29,19.51,23.22,74.97,7.3,17.03,34.47,56.0,24.79,23.47,8.7,22.97,21.92,48.1,19.47,8.22,10.08,82.07,42.88,15.6,60.83,38.97,45.4,40.98,10.74,27.15,66.09,15.98,10.15,13.51,13.82,22.1,19.11,12.37,9.59,41.95,74.47,14.33,63.55,129.0,73.93,15.95,,33.95
2021-04-23,12.53,52.14,24.1,38.12,51.0,16.55,44.03,19.19,23.28,76.51,7.24,17.52,35.89,56.0,24.79,22.32,8.78,23.73,21.02,47.74,21.89,8.72,10.12,81.98,47.2,15.75,60.27,43.09,43.85,43.28,10.26,27.84,66.44,14.82,10.62,12.92,13.41,22.45,19.13,12.02,9.69,45.31,77.42,14.98,61.46,129.5,75.92,16.62,,32.8
2021-04-30,13.0,52.14,23.52,38.44,49.53,15.73,41.88,18.95,23.55,76.74,7.31,17.84,34.98,54.37,25.31,23.7,8.89,24.44,22.13,47.18,21.8,9.32,10.13,80.35,45.08,15.67,74.01,43.03,43.25,44.19,10.01,28.53,65.3,14.53,10.78,13.29,13.25,23.9,19.37,11.69,9.48,43.57,73.22,15.63,58.22,124.9,71.34,19.06,,32.0
2021-05-07,13.21,51.95,23.32,37.99,46.85,15.38,38.23,20.35,26.51,78.02,7.01,16.7,35.89,54.69,25.24,22.83,9.79,25.58,25.58,47.0,22.51,9.37,10.55,77.89,44.86,15.08,76.49,43.46,43.59,43.06,9.85,29.86,59.79,14.06,10.6,13.61,13.29,24.0,22.23,11.8,10.07,42.26,71.6,16.5,58.66,119.5,66.38,20.04,,31.0
2021-05-14,13.68,50.65,24.3,38.12,48.24,16.04,37.18,21.83,25.89,76.01,7.43,17.74,36.67,54.76,26.42,24.21,10.18,25.83,25.65,47.09,23.1,10.13,11.02,88.63,45.6,14.9,75.53,44.13,47.11,42.47,9.97,29.81,60.54,14.67,12.38,14.97,14.35,26.4,22.98,12.12,11.06,42.22,71.67,17.51,55.68,117.9,68.29,21.7,,30.65
2021-05-21,14.07,49.06,25.68,37.78,46.08,15.5,35.1,22.42,27.29,75.61,7.1,16.93,40.56,52.74,28.09,23.33,10.41,27.6,26.42,47.18,23.19,10.19,11.57,91.74,46.52,13.86,77.33,46.58,49.35,45.9,9.52,30.87,58.7,14.46,12.59,15.84,15.85,28.85,24.0,12.12,11.42,42.17,76.61,17.23,54.44,112.7,68.06,22.09,,30.35
2021-05-28,14.6,50.27,27.05,38.91,47.98,15.58,38.55,23.78,27.6,75.29,7.3,20.73,41.0,53.39,27.9,26.46,10.72,28.23,28.75,52.16,24.19,12.14,12.59,92.23,45.66,14.23,75.98,47.69,47.11,45.54,9.52,31.57,63.12,14.31,13.07,19.3,16.99,31.85,25.04,12.12,12.49,43.39,77.13,18.07,53.24,112.0,69.51,22.35,,30.55
2021-06-04,17.0,48.41,28.11,38.12,49.36,15.38,40.51,25.09,28.84,75.45,7.64,21.71,42.54,59.51,29.79,27.52,11.57,31.2,32.13,53.91,24.28,14.48,13.87,87.97,44.0,14.6,78.74,50.14,49.18,45.36,10.66,30.55,60.07,15.18,14.06,22.52,19.81,32.15,25.79,11.91,13.5,45.7,77.05,20.8,53.77,107.4,68.29,23.36,,32.2
2021-06-11,16.26,48.41,25.93,38.38,49.53,14.72,40.97,24.58,28.14,75.29,8.14,19.76,41.94,56.65,30.57,26.83,11.24,30.4,30.71,53.63,25.11,13.55,13.15,86.9,43.84,14.49,80.11,53.57,46.43,43.69,9.81,29.22,64.13,15.47,12.9,21.23,20.36,30.5,24.85,11.8,12.67,44.79,78.16,20.73,52.44,115.5,71.07,23.36,,31.5
2021-06-18,16.42,51.2,26.48,40.44,52.73,14.96,40.77,23.78,31.63,76.74,8.75,19.37,42.08,60.36,32.49,31.75,11.18,29.83,32.95,55.29,25.49,12.84,13.54,87.31,45.12,15.49,78.66,56.45,48.58,44.19,10.01,31.78,66.91,16.56,11.9,19.97,20.92,29.65,24.09,12.66,12.29,47.27,82.95,19.82,52.17,116.0,71.14,21.67,,32.5
2021-06-25,17.05,50.83,26.14,39.51,50.4,14.76,42.66,24.99,31.4,76.5,8.72,19.01,42.79,63.81,31.57,32.17,11.52,29.03,31.64,55.75,25.32,12.79,14.06,87.23,45.98,15.3,90.96,58.23,49.59,43.92,9.89,30.08,67.18,15.18,11.73,19.84,22.24,29.5,24.38,11.88,12.42,49.06,82.66,19.31,52.22,115.9,69.29,22.22,,31.6
2021-07-02,16.94,50.27,27.0,39.05,51.09,14.69,42.08,24.48,32.25,75.29,9.08,20.38,46.15,64.88,32.97,33.32,12.14,29.94,32.49,56.95,25.66,12.92,14.51,94.14,50.17,15.45,90.88,58.78,48.63,44.86,9.77,30.18,66.12,15.26,12.55,20.98,23.98,31.5,25.65,11.77,13.06,50.06,87.01,19.71,52.22,120.6,69.6,23.49,,31.7
2021-07-09,16.51,49.81,25.76,37.85,45.9,13.33,41.62,22.53,34.07,74.65,8.07,18.78,45.05,61.59,29.61,29.09,11.42,27.08,27.16,56.21,24.98,12.53,13.97,96.62,56.47,14.34,79.04,57.86,44.59,47.57,8.79,28.16,62.53,13.15,11.25,20.09,21.79,29.1,26.74,10.78,12.8,47.84,82.95,20.61,48.26,118.9,67.2,22.42,,28.0
2021-07-16,15.76,40.13,24.39,37.72,44.09,12.4,39.27,20.76,31.82,73.61,8.43,17.55,43.59,60.45,30.49,28.85,10.92,26.77,27.2,56.21,25.21,11.9,13.12,99.6,53.79,14.16,79.88,55.29,44.85,43.28,8.63,27.63,61.75,13.8,12.16,19.52,21.87,28.45,24.38,10.35,11.73,44.66,80.37,17.64,47.02,115.4,66.36,21.02,,27.7
2021-07-23,15.48,39.17,23.07,37.45,43.57,12.55,39.14,19.48,35.82,74.25,8.72,16.9,45.45,59.11,31.46,28.53,10.56,26.22,26.78,56.21,26.2,11.47,12.51,98.36,51.74,13.6,78.66,54.31,44.06,41.03,8.55,27.41,60.03,13.18,11.42,20.29,20.96,28.7,23.38,9.97,11.42,42.26,79.34,15.81,46.22,113.4,67.67,19.06,,27.0
2021-07-30,16.96,39.32,23.58,37.32,44.17,12.48,41.1,20.61,37.02,74.89,10.11,17.16,47.21,60.18,34.12,31.02,11.0,27.08,28.58,57.5,27.77,12.39,13.03,110.75,52.51,13.68,79.43,56.7,45.03,43.19,8.71,29.28,62.14,13.48,12.03,19.78,22.62,29.9,24.14,10.32,12.11,42.7,79.86,16.36,47.64,113.0,66.51,19.87,,27.65
2021-08-06,16.68,42.04,24.61,37.72,46.51,13.29,42.66,20.46,37.91,76.5,11.47,17.52,48.51,62.06,35.75,31.48,11.42,27.71,29.11,57.04,28.25,12.46,13.36,111.17,54.88,13.97,82.1,57.31,46.43,43.38,8.95,28.74,60.65,13.87,12.55,20.07,23.36,30.3,24.47,10.16,12.29,42.74,83.98,16.4,50.35,117.4,67.36,19.74,,27.95
2021-08-13,16.58,41.48,24.41,38.25,47.03,14.45,44.36,20.55,37.99,74.89,13.75,17.09,47.71,62.47,37.19,32.03,11.34,27.85,28.73,56.49,28.52,12.15,13.34,110.34,54.72,14.05,79.04,56.15,46.43,42.61,9.2,29.65,59.32,14.6,12.55,19.67,24.44,29.7,24.66,10.45,12.6,43.39,88.48,16.05,49.28,118.0,69.45,20.72,,28.0
2021-08-20,15.76,42.8,23.24,36.72,46.16,13.72,43.58,19.6,41.67,76.5,14.3,16.18,47.1,58.77,35.94,33.46,11.26,28.06,29.69,55.57,26.89,11.66,13.48,110.59,52.48,14.34,79.2,52.16,43.54,41.26,8.87,32.63,55.89,15.76,12.29,19.34,25.89,28.3,23.86,10.24,12.11,43.61,79.71,15.22,48.85,119.8,67.82,20.36,,27.05
2021-08-27,14.9,41.2,22.2,35.46,46.16,13.37,43.25,18.67,43.34,81.22,14.56,15.99,46.7,58.44,38.79,34.42,10.8,27.25,29.31,55.76,26.72,10.59,12.62,112.32,52.64,15.12,79.27,52.1,43.45,38.68,9.69,34.6,58.04,15.73,12.07,19.1,25.35,27.3,22.7,9.91,11.77,42.61,78.82,14.16,47.4,126.8,67.2,19.94,,26.8
2021-09-03,15.01,45.15,22.38,36.19,49.1,14.1,45.66,19.2,45.43,88.02,14.84,16.28,46.9,59.51,40.23,36.91,10.46,28.17,30.68,55.76,26.82,11.05,12.57,110.18,53.07,16.23,79.96,52.53,44.59,38.46,10.14,35.4,58.11,16.49,11.64,19.4,25.35,27.2,22.82,10.59,11.84,43.31,78.9,14.18,47.05,125.5,68.05,20.04,,27.9
2021-09-10,15.15,45.48,22.75,35.79,48.41,14.38,45.53,19.36,45.47,80.18,13.85,16.77,47.46,59.51,38.71,36.17,10.56,29.49,34.4,55.57,27.67,11.22,12.71,107.45,57.26,15.86,78.89,50.45,44.33,42.38,9.85,35.08,59.17,15.91,11.38,19.45,26.47,27.2,23.29,10.65,12.94,43.22,79.27,14.28,45.65,129.8,67.97,21.05,,28.0
2021-09-17,14.82,44.91,22.95,35.79,46.33,13.87,44.56,19.06,55.0,81.78,14.13,16.9,48.57,61.73,39.92,35.48,10.38,29.66,36.01,55.38,28.66,10.88,12.55,120.67,59.23,15.64,78.82,49.04,44.5,41.71,9.56,35.61,62.92,15.69,11.6,19.42,25.98,26.8,23.5,10.68,14.12,42.35,78.9,14.16,43.4,124.9,67.97,21.83,,29.2
2021-09-24,15.01,42.8,22.78,35.59,50.83,13.48,45.29,19.0,57.37,82.42,13.65,15.63,47.05,61.12,37.19,34.06,10.4,29.09,34.78,54.64,28.66,10.91,12.94,117.7,62.84,15.53,78.66,49.22,43.89,41.48,9.44,34.71,62.53,15.84,11.68,19.45,25.26,26.75,23.9,11.21,14.4,43.35,77.34,15.12,43.5,125.0,71.27,21.83,,28.5
2021-10-01,14.78,41.39,22.26,35.13,50.05,14.34,44.56,17.83,61.59,79.86,15.08,14.85,47.15,69.52,36.96,33.23,10.13,30.57,35.82,53.99,28.18,10.15,12.37,115.71,60.77,15.99,77.9,51.49,45.55,44.64,10.1,35.08,60.26,15.36,11.3,19.37,23.69,24.7,23.15,11.12,14.74,41.78,74.82,13.49,43.85,128.8,70.57,20.82,,28.2
2021-10-08,14.75,42.28,22.49,35.26,52.9,14.69,46.55,17.65,58.38,79.78,14.8,14.56,50.2,75.5,38.86,34.65,9.93,31.89,36.51,53.89,29.72,10.2,12.48,120.26,62.03,17.04,79.81,53.33,47.31,44.86,10.3,37.53,63.58,15.47,12.51,20.53,24.69,25.7,23.95,10.59,14.59,42.26,77.63,13.61,44.65,128.9,70.41,21.07,,29.15
2021-10-15,15.11,42.56,22.66,35.26,51.69,15.15,45.82,18.37,61.48,78.5,16.92,15.14,50.2,75.23,38.63,35.73,10.46,32.81,38.12,53.99,29.92,10.69,12.8,116.54,63.76,17.23,77.9,55.96,47.05,45.31,10.18,38.86,63.62,15.69,11.92,21.39,24.63,26.85,24.85,10.59,15.07,42.04,76.47,14.43,46.3,131.7,70.72,22.01,,30.5
2021-10-22,14.82,43.41,22.55,36.32,52.13,15.27,46.68,17.77,61.75,78.66,18.42,15.21,48.83,75.3,37.72,35.82,10.01,32.46,37.54,53.52,31.08,10.13,12.57,115.8,61.45,18.01,78.89,60.68,46.43,44.64,10.01,40.46,61.16,15.29,11.94,20.96,23.69,26.2,24.71,10.56,14.95,41.08,75.79,14.51,45.9,131.8,71.12,21.83,,30.65
2021-10-29,15.48,49.85,23.81,39.84,55.93,17.4,47.61,18.88,59.23,83.06,19.39,14.62,49.18,83.62,39.7,37.22,10.3,32.69,36.32,53.89,34.8,10.11,12.84,124.72,63.28,18.2,83.47,58.84,47.49,46.89,10.47,39.82,62.72,15.98,12.1,21.22,24.47,26.6,24.38,11.09,15.52,42.7,83.07,14.55,47.9,132.0,71.27,22.33,,31.2
2021-11-05,15.72,50.79,25.02,41.77,55.33,18.29,48.01,19.6,63.26,80.98,19.9,16.44,49.54,82.21,38.71,37.5,10.89,32.41,35.59,55.57,32.89,11.2,12.91,122.16,63.57,17.93,80.19,58.17,47.31,48.7,10.76,37.85,67.22,16.89,13.63,21.5,25.92,27.65,25.04,11.49,15.05,42.48,79.67,14.95,47.5,130.0,70.1,22.27,,31.2
2021-11-12,15.65,51.45,24.79,41.04,55.06,22.94,48.8,19.6,60.28,81.3,20.81,18.33,49.74,79.33,40.0,38.72,11.42,31.26,34.25,54.92,33.78,11.13,12.87,123.65,65.49,18.63,80.95,56.02,52.66,49.55,10.72,38.86,67.22,18.89,12.67,21.28,26.95,28.1,24.8,13.57,15.05,42.78,79.67,15.06,47.25,128.6,70.17,21.57,,30.1
2021-11-19,15.69,53.61,25.48,39.44,53.57,22.9,47.68,19.65,65.63,79.86,18.2,18.07,48.37,71.2,37.72,35.26,12.31,27.48,28.73,54.92,31.32,11.03,12.75,121.83,66.94,17.54,78.05,55.59,52.14,46.12,11.54,35.72,65.3,18.78,12.43,20.88,29.31,27.9,24.71,15.93,15.05,42.3,78.22,15.34,47.4,127.8,67.66,21.24,,30.5
2021-11-26,16.23,50.79,26.08,39.84,54.54,21.43,49.0,20.55,62.8,79.62,19.9,18.72,50.2,68.51,37.53,34.56,12.78,28.08,30.46,57.71,31.63,11.61,13.66,130.18,68.14,17.51,84.54,58.72,49.86,45.76,11.21,35.66,62.61,17.65,13.34,23.33,32.33,30.85,25.51,14.6,16.44,45.75,80.94,17.7,49.25,129.5,69.39,23.0,,30.4
2021-12-03,15.27,46.37,24.1,38.51,50.68,20.92,50.99,19.77,61.44,93.38,18.91,17.55,48.47,64.88,37.19,34.14,12.64,27.31,28.73,52.31,31.42,10.47,12.75,124.81,64.29,17.04,84.77,58.17,46.78,42.38,11.21,35.93,61.36,17.18,12.3,22.02,30.52,28.0,23.71,13.88,16.27,42.7,77.92,16.68,52.75,120.4,67.42,20.95,,28.1
2021-12-10,15.67,50.98,25.59,38.78,51.55,21.66,59.53,20.1,68.8,99.62,19.98,17.42,48.62,64.88,36.96,35.07,12.52,26.62,26.43,51.66,32.62,10.37,12.78,127.04,64.58,18.94,86.3,60.5,46.78,44.14,13.45,36.25,59.52,17.0,12.27,22.65,32.03,28.6,23.71,13.66,18.0,43.57,78.6,16.91,51.55,124.5,67.82,21.01,,30.35
2021-12-17,15.58,64.35,25.76,40.17,50.5,27.9,60.45,20.23,66.87,98.9,19.74,16.9,48.93,66.5,37.42,35.77,12.03,26.74,27.66,51.66,34.39,10.59,12.71,130.34,64.77,20.11,87.98,58.54,47.66,43.33,14.15,35.98,58.62,17.51,11.87,22.51,31.73,28.3,23.55,15.65,17.75,42.04,82.1,17.25,51.0,122.5,67.34,19.84,,30.8
2021-12-24,15.48,62.07,25.39,38.85,49.1,30.22,64.03,20.2,61.98,94.5,21.68,20.28,47.61,64.28,34.72,36.52,11.7,26.37,27.35,51.01,34.8,10.54,12.69,141.52,64.82,20.26,88.9,57.92,46.52,42.96,14.28,38.22,57.45,17.94,11.5,23.59,29.64,28.2,23.1,17.17,18.34,44.16,80.55,17.17,48.25,124.0,67.58,20.1,,31.25
2021-12-31,16.19,60.65,26.91,39.78,49.1,35.96,72.51,20.81,62.37,90.42,19.78,21.9,47.2,64.62,35.9,34.56,12.58,26.57,28.65,50.26,34.8,10.83,13.03,141.52,65.44,20.42,91.0,58.35,47.31,43.65,14.48,36.78,59.01,18.81,11.92,26.08,31.3,31.5,23.62,17.05,19.18,44.33,79.67,18.6,47.55,128.3,67.89,21.01,,30.1
2022-01-07,15.62,71.55,28.43,38.78,48.75,44.87,75.22,20.38,59.75,91.7,18.54,21.71,47.41,72.21,36.55,36.01,12.36,26.22,27.08,50.08,38.62,10.79,12.89,127.45,65.25,20.49,86.4,57.0,49.42,42.6,16.68,36.89,60.65,19.07,11.82,24.28,31.18,31.95,23.36,17.7,19.16,44.89,82.98,18.17,51.1,123.8,66.95,20.31,,34.75
2022-01-14,15.5,72.02,32.1,39.11,47.52,35.38,70.85,21.76,56.2,84.82,15.91,22.0,46.34,70.86,32.49,33.39,12.48,26.48,27.16,49.7,36.51,10.59,13.36,119.83,64.53,18.51,82.0,56.27,48.28,42.6,14.65,35.34,60.13,17.51,12.03,23.85,29.43,35.0,23.5,15.96,19.58,46.91,79.87,18.05,49.45,122.0,67.67,20.45,,34.4
2022-01-21,15.69,71.36,34.35,39.04,46.03,28.36,72.77,21.82,57.73,81.7,16.93,21.71,44.77,72.14,31.88,30.3,11.91,24.79,24.75,50.26,34.67,10.54,14.33,124.96,64.14,17.93,80.0,55.04,48.1,43.33,13.78,34.92,58.59,16.13,11.02,24.13,26.92,34.6,23.53,15.23,18.69,50.18,77.15,17.74,47.75,122.0,65.99,20.13,,33.1
2022-01-28,16.21,75.06,34.78,41.69,47.7,21.7,65.55,22.65,53.83,82.34,16.31,24.34,45.43,73.21,32.64,29.18,12.6,24.16,23.25,50.26,34.12,12.15,15.19,118.34,63.81,17.35,79.9,55.66,49.24,47.18,13.9,36.73,58.86,15.98,12.03,24.16,27.22,35.55,24.94,13.25,19.6,50.06,78.02,18.7,48.5,121.9,66.39,21.51,,34.95
2022-02-04,,,,,,,,,,,,,,,,,,,,,,,,,,,,,,,,,,,,,,,,,,,,,,,,,,
2022-02-11,16.75,74.96,34.75,40.67,48.31,20.81,62.9,22.59,56.95,81.22,18.84,23.27,46.49,74.56,36.7,31.75,12.72,27.0,28.42,51.19,36.03,12.58,15.3,123.97,65.16,18.51,78.1,55.23,52.14,47.55,15.14,36.36,63.18,16.6,12.62,23.51,27.25,35.3,25.37,13.88,20.02,50.63,77.44,18.76,40.85,132.8,65.51,21.48,,34.6
2022-02-18,15.88,79.32,32.42,41.69,50.24,24.18,62.24,21.24,58.97,87.14,19.92,23.37,46.8,78.59,39.39,31.42,12.03,26.94,28.54,50.92,36.85,11.47,14.72,135.14,64.53,18.75,78.5,55.9,52.49,48.55,15.35,38.59,67.06,16.64,11.92,22.25,27.32,33.35,24.38,15.09,19.06,49.05,77.44,18.43,41.1,149.0,64.4,21.07,,33.6
2022-02-25,16.11,77.8,32.32,43.58,51.73,25.5,65.16,20.78,63.11,91.06,21.86,22.68,46.85,78.72,38.33,31.8,11.93,26.28,27.47,50.64,36.37,11.2,15.37,130.76,66.26,17.62,76.3,53.63,54.77,48.91,14.77,39.39,67.14,16.64,11.66,22.31,27.62,33.0,23.95,14.45,19.6,47.87,76.08,18.64,39.55,145.1,63.04,22.42,,34.0
2022-03-04,16.09,74.77,31.41,42.36,52.34,25.96,61.58,20.1,69.27,92.82,24.46,20.47,47.46,79.26,41.75,33.67,11.42,28.51,31.26,50.26,37.26,10.86,14.83,133.49,65.4,17.78,77.0,55.47,53.63,48.18,14.32,39.87,63.91,17.87,11.42,23.36,28.16,32.0,23.6,14.82,19.04,47.76,75.69,18.01,39.5,139.4,62.24,22.36,,33.75
2022-03-11,15.34,68.61,30.36,40.53,49.98,23.06,56.28,19.8,73.37,89.54,26.93,23.01,47.3,75.83,42.28,32.27,11.13,27.25,30.38,50.64,34.8,10.76,14.17,117.93,64.05,17.51,77.2,53.76,50.91,47.68,13.37,38.43,61.51,17.22,11.26,23.05,27.19,32.05,23.1,14.09,18.06,47.14,72.87,17.19,39.5,138.5,62.32,21.36,,31.85
2022-03-18,15.39,72.02,31.84,40.13,49.19,23.91,57.61,20.14,73.76,87.06,25.35,23.4,48.27,73.15,40.91,31.8,11.25,26.62,29.0,48.87,34.8,10.81,14.47,113.13,63.37,17.66,77.1,52.1,49.07,47.22,13.32,38.22,60.51,16.71,11.58,23.27,26.47,33.1,23.24,13.88,18.45,47.36,72.48,17.42,39.4,148.2,60.72,21.27,,33.0
2022-03-25,15.34,70.03,31.52,41.89,51.29,25.46,60.79,19.77,87.76,89.06,29.49,23.92,48.57,74.35,41.59,32.45,11.4,26.57,29.0,50.17,36.37,10.83,14.33,121.16,66.89,17.97,83.6,57.74,49.15,49.37,13.74,42.05,62.91,17.43,11.76,23.42,26.26,33.65,23.27,14.69,18.64,46.41,73.75,17.5,40.5,143.0,60.08,21.57,,32.7
2022-04-01,15.67,68.7,32.17,44.19,55.59,25.19,65.02,20.29,88.93,90.38,27.99,24.18,56.34,73.68,44.02,32.31,12.01,26.17,27.39,50.08,36.58,10.66,15.01,121.24,75.12,18.9,82.6,56.82,48.36,53.48,13.24,44.77,66.03,17.65,11.82,23.66,25.92,32.2,23.76,13.88,19.27,46.58,74.04,18.84,41.05,140.9,65.27,22.65,,34.05
2022-04-08,15.88,70.13,30.39,41.82,55.68,23.71,56.94,19.68,84.25,87.74,25.88,22.81,55.07,74.02,41.59,32.59,11.52,26.57,25.17,49.8,34.73,10.8,14.96,122.9,72.24,19.19,85.4,55.78,49.33,52.24,13.41,43.54,65.59,16.42,10.7,23.23,25.98,31.0,23.08,12.74,18.78,46.69,72.97,17.7,40.85,138.4,61.76,22.77,,32.2
2022-04-15,15.74,74.86,28.51,43.24,58.57,22.94,46.22,19.03,96.73,84.19,28.68,21.64,58.37,77.31,43.49,33.67,10.72,25.31,25.44,49.8,33.78,10.61,14.15,124.09,77.15,19.23,84.1,53.08,48.01,53.43,12.17,46.31,67.34,16.42,10.4,23.36,24.17,30.1,21.54,12.11,17.45,45.11,69.08,17.23,40.35,135.9,61.12,22.59,,31.5
2022-04-22,15.15,71.55,27.93,42.3,55.24,18.52,37.74,18.05,92.83,84.02,27.01,20.67,56.39,75.43,39.77,27.59,10.26,25.08,23.14,48.86,33.44,8.97,13.52,122.4,75.03,18.21,81.0,54.26,43.97,52.47,11.05,41.24,68.02,14.13,8.77,23.2,21.78,28.8,20.83,10.63,16.45,46.24,62.86,16.72,38.85,138.2,60.64,21.6,,30.9
2022-04-29,15.34,81.4,27.02,41.75,54.45,18.29,36.75,17.04,93.96,83.52,27.34,19.5,53.29,71.2,41.29,26.98,10.32,24.79,21.68,48.86,32.69,8.81,13.43,115.15,71.85,18.17,82.0,51.92,42.13,49.28,10.88,44.36,64.75,13.8,8.72,22.59,20.27,27.7,20.79,10.8,15.7,45.51,63.16,16.91,40.0,129.9,59.28,21.54,,30.9
2022-05-06,14.54,76.29,26.84,39.65,55.94,15.96,35.42,16.58,90.1,83.28,25.84,19.24,50.86,73.75,42.58,25.06,9.81,23.93,19.92,48.3,31.46,8.44,12.62,116.15,70.6,18.17,80.8,51.0,40.2,48.59,11.5,46.3,66.9,13.44,8.29,21.7,17.43,25.5,19.6,9.93,15.7,44.66,66.75,15.97,39.9,128.0,56.09,20.04,,29.6
2022-05-13,12.9,69.46,23.07,36.98,44.45,14.26,28.44,14.67,71.53,77.66,20.08,20.34,47.51,67.17,39.47,19.92,9.05,20.55,16.28,47.07,26.82,6.96,10.86,96.19,60.24,16.27,75.0,44.81,32.78,44.49,9.48,43.61,64.99,10.46,6.84,21.3,15.59,20.45,15.97,8.08,14.02,41.06,66.07,13.43,39.0,125.9,52.81,17.02,,25.3
2022-05-20,13.63,72.02,25.03,38.02,44.01,16.12,31.65,15.9,83.08,75.18,22.51,20.08,49.49,70.19,37.8,22.17,9.93,21.56,16.47,47.07,28.25,7.85,12.17,107.01,64.53,17.57,77.8,44.98,35.55,48.36,10.59,47.15,62.51,11.73,7.89,21.42,17.19,21.6,16.86,8.92,14.67,42.36,64.9,13.72,38.9,125.3,54.41,17.96,,27.35
2022-05-27,14.92,69.65,25.61,41.14,47.0,17.01,32.71,16.58,83.47,77.49,23.04,22.16,56.74,73.88,41.97,23.85,10.52,20.3,17.78,51.4,29.04,8.09,12.62,109.2,70.65,18.05,78.4,45.4,37.39,55.8,11.05,55.45,61.51,12.82,8.13,21.27,18.07,22.25,17.69,9.36,15.09,43.54,67.72,14.25,39.0,127.0,58.32,18.25,,29.8
2022-06-03,14.82,67.76,24.92,41.42,47.52,16.39,38.14,16.82,97.46,75.84,25.92,20.47,57.86,83.42,44.4,23.38,10.36,19.12,16.93,59.78,27.84,7.74,12.35,111.98,73.78,19.02,77.5,44.9,38.18,56.21,11.17,57.55,61.99,12.53,7.73,20.78,17.68,21.15,17.22,8.69,14.88,43.59,69.4,13.85,39.4,127.0,56.17,18.05,,29.95
2022-06-10,14.77,67.28,24.52,40.58,47.17,15.5,37.74,16.64,107.54,76.75,25.27,19.76,55.83,79.73,41.75,24.41,10.56,19.24,16.59,60.25,27.94,8.01,12.39,116.15,72.7,21.45,77.0,44.06,39.5,55.07,12.41,55.76,62.99,12.6,7.65,20.35,16.83,21.9,17.93,8.92,13.88,43.71,68.3,13.82,39.0,127.7,55.53,18.13,,30.5
2022-06-17,13.54,64.16,22.92,37.81,45.15,12.9,35.42,14.46,111.78,73.36,25.55,20.38,56.57,90.0,42.12,21.23,10.03,17.56,12.14,59.31,26.61,6.45,10.5,116.15,75.27,23.48,75.7,42.06,36.78,55.67,13.32,61.26,62.31,11.48,6.92,22.0,12.45,20.25,16.3,7.14,11.91,42.81,66.0,10.96,38.3,124.9,53.29,16.37,,29.35
2022-06-24,13.95,59.04,22.63,37.46,48.05,13.06,34.43,15.19,103.82,71.46,21.42,20.44,52.57,76.57,39.47,21.28,9.38,16.5,12.18,58.09,26.24,7.09,10.68,108.7,69.65,19.67,74.0,43.9,35.81,55.96,11.21,53.09,62.15,11.62,7.22,22.88,12.43,21.2,16.77,7.08,12.15,42.19,63.2,10.93,37.3,128.3,57.12,16.52,,27.55
2022-07-01,14.09,59.89,25.42,39.68,46.56,12.59,35.62,16.54,94.84,72.62,20.06,21.06,54.11,75.9,39.01,21.14,9.99,16.95,12.95,61.1,26.51,7.01,10.91,108.7,68.1,20.44,74.4,43.81,35.64,58.8,11.26,53.22,61.47,12.86,7.19,23.21,13.16,22.0,17.01,7.34,12.75,41.63,61.4,12.07,36.3,130.1,58.88,17.08,,28.65
2022-07-08,14.06,55.82,25.39,39.47,47.87,14.03,40.19,15.9,82.98,72.7,18.82,20.25,51.4,65.96,36.2,19.83,9.66,16.99,13.94,55.45,27.07,7.12,11.29,104.9,62.97,18.74,73.8,44.15,34.54,53.2,10.76,47.59,61.95,12.86,7.27,23.25,13.63,22.5,17.74,7.51,12.66,41.63,61.0,13.29,35.0,127.8,60.3,16.78,,27.0
2022-07-15,14.06,59.51,25.97,38.85,49.54,15.11,39.07,16.58,81.12,72.7,20.44,20.12,50.54,67.27,37.19,21.65,9.62,17.56,13.94,57.9,27.3,7.52,11.47,101.2,59.58,19.31,73.6,44.15,34.93,52.06,10.76,48.21,61.51,13.33,7.83,23.06,14.1,23.0,17.05,7.95,12.66,40.67,60.0,12.87,34.8,124.7,59.15,16.58,,26.2
2022-07-22,14.27,63.02,25.75,40.24,49.36,15.03,38.4,16.51,83.15,77.25,20.26,20.02,52.33,74.38,38.56,21.98,9.7,16.8,13.87,60.44,27.41,7.74,11.52,108.5,62.48,20.24,73.9,43.64,36.69,52.52,10.88,50.06,66.31,13.22,7.67,23.43,13.97,23.0,17.53,7.91,13.1,40.78,58.7,13.9,33.25,125.6,59.48,16.52,,26.0
2022-07-29,14.41,69.65,27.06,41.56,50.68,15.5,39.93,16.7,75.62,76.25,19.64,19.5,51.34,74.17,37.95,22.35,9.85,16.27,12.99,66.37,28.16,8.17,11.56,106.1,59.09,21.05,74.5,43.98,36.07,52.29,11.05,46.54,71.9,13.08,7.83,23.36,14.27,24.7,17.9,8.12,12.43,42.02,59.9,14.12,32.0,125.7,60.14,16.84,,28.0
2022-08-05,14.56,73.92,28.29,43.64,51.55,16.51,41.85,17.8,76.12,75.59,20.92,19.76,52.76,75.55,39.39,23.15,10.07,17.64,15.71,64.49,29.06,8.65,12.15,104.5,60.74,21.29,80.9,45.15,36.56,52.7,11.59,50.12,72.94,13.55,8.1,23.14,16.57,25.25,18.14,8.57,13.46,46.13,61.8,13.77,32.7,126.5,59.97,17.22,,28.95
2022-08-12,14.53,76.76,28.43,46.48,51.03,18.21,41.19,17.59,77.56,76.5,20.65,19.47,53.19,78.94,39.32,23.24,10.36,18.13,16.63,64.02,29.14,8.38,12.19,107.2,61.03,20.89,81.5,44.98,36.82,52.01,11.59,49.88,72.7,13.87,7.97,22.99,16.64,25.65,18.33,8.5,13.36,45.9,61.2,13.69,33.1,124.3,59.39,17.55,,29.35
2022-08-19,14.56,75.81,28.54,44.47,48.92,19.3,46.81,17.34,79.09,77.16,20.65,19.3,53.43,79.76,39.47,22.63,10.7,17.98,15.63,64.11,29.06,8.36,12.44,112.0,62.1,20.68,82.3,48.16,37.48,52.29,11.26,50.56,77.89,13.0,8.26,22.92,16.8,25.1,18.42,8.22,13.27,45.51,60.1,13.64,33.95,124.0,61.21,18.34,,29.3
2022-08-26,14.53,85.76,28.58,44.61,49.98,18.83,46.48,17.46,81.71,77.08,22.68,20.28,54.24,79.49,39.47,23.76,10.72,17.79,16.36,63.54,28.8,8.49,12.76,112.2,69.94,20.72,83.3,47.07,38.18,54.03,11.79,51.67,75.09,13.18,8.4,23.76,16.57,25.1,18.66,8.6,13.27,46.41,60.3,13.48,32.5,123.0,63.52,18.54,,28.85
2022-09-02,14.44,87.18,29.02,45.09,51.29,18.44,47.87,17.34,84.25,75.18,24.0,19.73,53.87,80.8,38.56,24.64,10.89,17.41,15.94,63.64,27.79,8.49,12.84,114.5,71.69,22.14,81.9,46.15,37.04,52.65,11.59,53.28,75.05,13.26,8.34,23.65,16.04,24.8,18.4,8.33,13.08,47.25,61.0,13.27,31.85,121.6,62.37,18.66,,27.7
2022-09-09,14.06,85.1,26.84,42.94,49.63,17.55,45.09,16.48,83.41,74.6,23.65,19.89,52.44,78.66,37.57,23.71,10.52,18.01,16.47,63.64,26.66,7.9,12.28,116.1,69.75,23.6,84.7,44.73,35.28,51.28,11.63,52.54,77.41,12.86,7.65,23.39,14.83,23.75,17.79,7.64,12.61,44.33,59.9,12.52,32.2,118.0,62.7,17.9,,27.5
2022-09-16,13.56,92.87,25.75,43.22,49.1,17.2,46.55,16.08,82.56,75.1,22.94,22.16,51.32,76.59,37.19,23.01,10.19,17.41,15.81,61.64,25.46,7.63,11.79,112.8,69.75,25.1,86.4,44.73,34.36,51.92,11.79,52.04,74.01,12.06,7.33,23.1,14.13,22.45,17.01,7.29,12.29,45.0,59.6,12.07,31.25,115.7,62.78,17.93,,29.85
2022-09-23,13.24,89.74,25.21,41.56,51.2,16.82,45.82,15.35,79.17,73.53,21.8,22.55,51.26,77.62,36.96,21.84,9.91,17.18,14.89,60.6,23.51,7.42,11.36,108.6,67.23,25.22,84.5,42.47,32.65,52.24,11.09,51.73,74.69,12.42,7.0,22.81,13.8,21.45,16.16,7.57,11.7,42.69,57.2,11.83,31.3,112.8,63.36,16.87,,28.5
2022-09-30,13.01,85.86,24.59,39.96,46.91,15.0,38.21,14.24,65.71,70.64,20.63,22.23,50.07,75.9,36.43,19.55,9.77,16.05,13.61,59.36,21.07,6.93,10.82,99.0,62.0,23.03,84.9,42.72,28.88,49.08,10.22,47.65,73.9,11.77,6.66,22.44,13.23,20.6,15.35,7.78,11.68,41.18,50.7,11.68,27.5,110.9,59.72,15.86,,28.0
2022-10-07,10.93,80.71,21.18,38.85,42.26,13.95,31.35,12.25,56.99,69.4,18.05,24.18,46.03,70.38,36.92,15.53,8.9,13.32,10.85,60.6,18.78,5.62,9.17,81.5,52.31,21.66,79.0,41.39,27.91,47.24,8.81,45.48,74.69,10.79,5.54,21.52,11.23,16.75,12.87,6.58,10.44,37.52,53.8,10.61,30.1,115.0,57.66,13.52,,26.0
2022-10-14,12.22,81.19,23.94,41.14,44.45,13.48,30.79,13.94,67.57,68.82,20.92,23.98,46.03,75.76,37.11,15.79,8.67,14.72,13.01,59.94,19.9,5.8,9.63,79.0,58.03,21.99,76.0,40.93,29.58,48.2,8.94,47.83,75.25,10.13,5.88,21.74,11.96,17.65,12.14,6.69,9.62,38.31,51.9,10.72,29.85,109.0,61.13,14.23,,25.2
2022-10-21,11.95,79.76,23.65,41.49,42.13,12.71,28.67,13.29,61.9,74.35,19.33,23.92,45.97,73.97,35.79,14.49,8.41,12.79,11.49,58.8,17.91,5.4,8.71,74.8,52.7,21.16,75.0,40.72,27.65,48.02,8.52,48.89,77.09,10.21,5.48,21.12,10.82,15.95,10.82,6.23,9.39,38.25,47.95,10.19,28.4,108.9,63.61,13.7,,24.0
2022-10-28,13.07,78.13,24.52,45.41,46.03,12.09,29.14,14.76,65.54,72.21,19.6,25.61,46.65,75.21,36.1,13.91,8.41,12.72,11.26,58.6,17.27,6.07,9.55,83.9,51.54,21.83,72.5,37.29,25.45,47.93,8.57,49.38,74.33,9.81,5.88,22.7,10.62,16.15,11.53,5.66,9.74,40.28,44.9,10.45,27.85,107.8,64.43,14.41,,23.7
2022-11-04,11.81,70.68,24.16,44.61,43.84,11.74,26.09,15.04,60.12,69.98,18.01,21.22,45.35,76.59,37.89,12.81,7.85,11.09,10.21,58.7,16.11,6.13,9.68,84.3,44.61,19.92,59.9,31.35,25.28,43.86,8.11,43.38,72.7,9.41,6.02,22.22,10.26,16.6,12.05,5.03,9.95,40.39,44.5,10.48,27.15,100.1,66.09,14.93,,26.0
2022-11-11,12.19,70.3,26.11,38.17,42.96,9.61,19.24,14.49,51.99,67.25,17.53,15.7,45.28,78.59,34.47,11.08,7.55,9.31,7.45,58.22,15.17,5.75,8.65,86.5,41.66,19.05,41.85,21.91,24.89,44.93,8.77,42.82,75.01,8.54,5.35,22.04,9.42,15.6,10.77,4.52,9.3,42.47,44.15,9.29,27.15,101.3,64.76,14.36,,25.3
2022-11-18,12.39,73.55,26.08,39.27,42.35,9.34,18.8,15.16,46.49,68.74,16.29,12.61,44.48,78.87,32.91,11.66,7.65,11.43,8.27,55.76,16.6,6.18,8.49,95.2,40.83,19.09,29.25,15.34,22.97,46.27,8.36,42.7,71.58,8.24,5.4,22.0,10.86,17.1,10.72,4.79,9.62,43.03,48.0,9.76,32.8,102.2,63.61,13.66,,27.6
2022-11-25,12.6,71.54,29.02,39.49,43.87,9.88,20.2,15.84,42.68,66.67,16.56,12.41,44.79,72.31,35.79,12.95,7.62,11.58,9.07,58.42,16.86,6.58,8.76,94.0,36.62,20.95,20.45,10.79,25.85,49.09,8.98,43.56,71.9,9.02,5.72,21.85,11.43,18.9,10.87,5.93,9.48,41.12,47.0,9.71,32.5,102.0,67.9,13.66,,27.4
2022-12-02,13.77,77.18,29.89,41.68,45.08,12.01,24.5,17.16,52.42,69.65,18.19,13.97,48.14,76.73,36.57,14.87,8.41,14.72,11.31,58.42,21.86,7.51,10.17,103.9,45.53,22.28,23.8,13.04,28.78,53.16,9.68,48.27,70.7,10.81,6.89,22.33,13.0,20.85,13.61,6.34,10.65,47.81,57.2,11.36,34.4,106.5,69.39,15.24,,31.55
2022-12-09,13.51,75.94,28.43,42.85,44.8,11.08,24.3,17.22,53.86,70.06,18.91,14.49,48.52,73.14,37.07,14.44,8.57,14.53,11.91,58.42,22.57,8.47,9.84,97.0,44.76,22.95,16.65,13.8,27.82,51.72,9.27,49.5,71.1,10.38,6.52,22.55,13.53,22.4,13.35,5.66,10.51,43.48,54.1,11.12,33.9,111.5,66.09,14.89,,28.9
2022-12-16,13.48,76.41,28.22,43.15,46.39,11.62,25.96,17.22,57.67,70.88,19.07,17.81,48.46,73.42,36.57,15.16,8.82,15.44,12.41,58.89,20.65,8.16,10.17,93.5,46.35,23.2,18.2,12.12,28.37,52.18,9.48,48.89,70.74,10.5,6.68,22.88,13.7,22.8,13.77,6.26,10.75,44.83,49.3,11.04,29.2,113.0,64.43,16.3,,26.2
2022-12-23,13.42,76.22,28.29,44.32,44.8,10.07,22.78,16.97,52.26,70.72,19.02,18.1,48.52,70.03,35.79,13.77,8.67,13.89,10.85,59.36,19.71,8.04,9.6,95.0,44.37,23.82,15.1,10.91,28.27,50.2,9.06,45.73,70.91,11.47,6.37,23.28,12.23,23.5,13.04,5.52,10.28,44.49,49.8,10.43,27.55,111.5,64.07,16.17,,25.8
2022-12-30,12.83,76.99,28.0,43.88,43.59,10.0,21.78,16.73,52.17,70.14,18.91,18.17,47.83,70.03,35.32,13.24,8.13,13.62,10.62,61.74,19.9,8.1,9.25,93.0,41.56,23.94,14.0,11.37,29.01,55.4,8.81,44.24,67.63,11.28,6.12,24.13,11.83,22.5,12.21,5.38,9.83,45.0,48.0,10.08,26.9,109.5,63.99,15.77,,26.3
2023-01-06,13.56,79.18,30.21,44.61,44.94,10.42,22.45,17.56,51.91,71.22,18.67,18.26,49.95,72.24,36.26,13.82,8.39,14.68,11.63,61.26,20.88,8.93,9.87,95.8,41.8,23.86,13.6,12.33,32.12,54.72,9.72,45.98,73.22,10.66,6.49,24.75,12.63,24.3,13.09,5.52,10.51,47.25,49.9,10.93,28.05,107.8,67.1,16.7,,29.25
2023-01-13,14.15,78.23,30.32,44.32,45.74,10.62,23.08,17.86,50.4,72.45,18.1,16.74,49.76,72.1,37.15,13.96,8.49,15.1,12.04,58.89,19.68,9.06,9.87,95.0,40.74,23.73,14.3,11.71,33.9,53.54,9.81,44.43,75.33,10.7,6.58,24.75,12.83,25.3,13.13,5.6,10.47,48.26,52.0,11.7,27.5,107.7,67.77,17.09,,28.6
2023-01-20,15.23,80.52,33.33,46.36,46.67,11.35,25.66,19.09,53.06,73.86,18.61,17.61,52.19,72.1,39.76,15.64,8.92,16.01,13.38,59.65,20.73,9.24,10.6,102.0,44.17,23.61,14.05,11.83,34.77,55.16,10.1,43.26,75.25,11.2,6.86,24.9,14.17,26.8,13.75,5.96,11.21,52.31,52.2,12.15,28.7,114.5,68.36,17.18,,29.65
2023-01-27,15.44,81.38,32.32,46.73,47.7,11.47,26.16,18.63,52.26,76.92,18.63,17.52,52.25,74.66,40.38,16.17,9.03,16.27,13.74,59.36,20.77,9.27,10.65,103.7,44.47,23.4,13.95,11.45,34.86,58.32,10.1,44.86,78.25,11.2,6.89,24.97,14.0,26.65,13.72,6.0,11.45,52.31,53.3,12.39,29.6,116.2,67.27,17.36,,30.3
2023-02-03,14.36,80.24,31.45,43.58,46.49,10.81,24.43,17.83,52.08,79.81,18.85,16.44,49.82,72.59,42.48,14.78,9.46,15.97,13.52,56.8,20.24,8.59,10.06,96.5,46.31,22.45,14.95,11.45,34.13,50.94,10.06,43.63,78.13,12.52,6.43,23.32,13.2,26.05,12.8,5.83,11.21,52.31,48.1,12.9,28.0,109.1,63.9,16.08,,29.2
2023-02-10,14.18,80.71,31.16,43.88,46.58,10.38,23.47,17.86,48.72,79.64,18.45,14.92,50.2,73.21,40.93,14.06,9.26,15.52,13.24,58.7,20.65,8.69,9.9,91.2,40.78,23.32,13.75,10.07,35.04,51.68,9.93,44.24,76.75,11.4,6.21,23.43,12.7,23.65,12.73,5.77,11.0,53.16,45.4,11.65,27.0,102.0,63.82,15.42,,28.2
2023-02-17,14.53,81.09,33.22,44.46,47.14,10.46,23.21,18.2,46.95,81.13,18.47,14.96,50.76,73.97,40.54,14.11,9.41,15.89,14.25,55.85,20.88,8.96,9.79,91.3,41.9,24.4,11.65,9.16,35.32,51.5,10.26,44.06,75.82,11.51,6.21,23.43,13.0,24.4,13.13,5.75,11.14,52.31,43.3,11.92,26.75,102.6,63.9,15.24,,28.4
2023-02-24,14.41,80.33,32.35,43.95,45.74,10.19,23.18,17.34,44.82,80.14,17.38,14.92,50.26,73.48,40.07,13.72,8.92,15.74,13.97,53.0,19.53,8.72,9.57,85.9,40.78,24.23,11.4,8.82,34.5,50.26,9.93,43.32,76.59,11.36,6.13,23.17,12.7,24.3,12.87,5.8,10.98,52.59,41.0,11.65,26.45,96.2,62.81,15.11,,26.5
2023-03-03,14.36,79.76,33.3,43.8,45.32,10.07,23.24,17.07,44.56,80.14,16.84,14.03,48.83,72.1,38.2,13.53,9.08,15.4,14.07,52.53,18.29,8.75,9.28,76.0,38.17,24.86,10.35,8.78,35.5,49.26,10.22,42.14,76.17,11.28,6.02,23.43,12.33,25.0,12.66,5.58,10.93,51.13,40.95,11.45,26.35,101.2,63.9,14.98,,26.0
2023-03-10,14.59,80.04,34.2,43.22,46.02,10.46,25.13,17.92,46.59,79.48,16.74,15.98,49.45,73.83,39.68,14.39,9.43,16.12,15.08,51.2,19.9,9.12,9.6,83.9,38.51,24.56,10.65,9.82,34.91,49.02,10.72,42.83,75.6,11.43,6.21,23.76,13.23,26.0,12.83,5.62,11.21,51.81,42.85,11.62,26.55,100.6,64.66,16.12,,28.0
2023-03-17,14.27,78.71,33.59,41.98,46.77,10.93,24.63,17.8,46.5,77.08,16.45,15.23,49.14,71.55,38.28,14.3,9.43,15.44,14.89,50.25,20.09,9.21,9.44,83.5,38.17,24.07,11.5,10.2,32.39,49.02,11.09,42.7,78.21,11.36,6.31,23.65,13.56,25.05,12.59,5.57,11.82,50.06,43.35,11.62,26.6,108.9,62.64,17.36,,29.5
2023-03-24,14.39,78.32,33.04,42.05,45.37,11.24,26.09,17.5,44.82,77.58,16.36,14.88,48.89,70.66,38.75,14.2,9.2,15.44,14.62,56.42,19.98,9.58,9.6,78.0,36.76,24.06,11.9,10.33,33.26,49.02,10.97,42.39,76.5,11.24,6.46,23.25,13.66,25.05,12.49,5.82,11.41,50.06,49.0,11.62,26.65,106.2,63.06,18.63,,29.25
2023-03-31,14.65,79.18,33.51,42.71,45.32,11.31,28.94,17.92,45.44,76.59,16.16,14.73,49.2,70.38,40.07,14.87,9.82,15.74,14.8,57.84,20.73,9.52,9.87,77.8,37.35,24.75,12.7,10.45,34.27,48.21,10.92,42.45,75.24,11.2,6.61,23.06,14.37,26.2,13.39,5.84,11.51,51.41,51.5,11.87,27.5,105.1,62.56,18.55,,29.55
2023-04-07,14.68,76.6,33.11,45.85,45.37,11.9,31.39,18.11,46.59,75.59,17.42,14.88,50.07,69.83,40.85,15.26,9.92,16.05,14.89,57.56,21.07,9.15,10.06,77.6,37.78,25.05,13.4,11.29,34.5,47.46,10.8,43.58,72.1,12.02,7.14,22.95,15.04,26.0,13.96,6.29,11.98,50.63,50.7,11.86,27.2,103.0,62.81,18.41,,29.2
2023-04-14,14.62,75.74,32.24,45.63,44.9,11.55,30.36,17.86,49.02,77.16,16.65,15.39,49.51,67.69,41.86,14.68,9.94,15.63,14.11,58.89,21.48,9.15,9.9,78.1,38.75,24.92,14.2,11.2,33.4,48.15,10.84,42.7,68.03,11.74,7.29,22.95,14.17,25.7,13.65,5.83,12.03,49.73,50.0,11.8,26.45,98.5,61.21,18.06,,28.6
2023-04-21,14.21,75.55,32.06,54.11,43.82,11.08,36.42,17.56,46.95,81.71,16.36,15.0,49.33,65.83,41.16,14.49,9.59,15.67,13.74,59.84,21.33,8.44,9.76,76.4,38.07,25.44,13.6,10.87,33.63,47.77,10.59,41.89,69.45,12.72,6.83,22.81,14.47,25.6,13.56,5.83,11.69,49.22,50.3,11.44,26.35,97.5,59.62,17.14,,27.9
2023-04-28,14.18,75.17,31.55,56.6,42.0,11.2,39.07,17.71,46.5,87.41,16.31,14.73,48.21,64.03,40.93,14.92,9.59,16.39,14.25,60.7,22.38,8.65,9.98,73.1,37.97,27.11,14.3,11.83,34.27,47.77,10.84,41.76,70.06,13.22,6.89,23.43,14.4,25.3,13.94,6.21,12.34,50.91,49.5,11.63,26.05,97.0,58.86,17.53,,27.7
2023-05-05,14.44,74.41,31.52,59.6,42.93,11.08,39.46,17.1,46.41,95.83,15.87,14.69,48.77,63.41,38.9,14.87,9.72,16.24,14.3,61.26,22.68,8.47,9.79,73.0,36.62,26.77,13.55,11.29,34.59,47.28,10.8,41.57,67.41,12.87,6.74,23.06,14.33,24.95,13.56,6.21,12.11,50.51,49.0,11.44,25.35,96.0,57.85,17.14,,27.15
2023-05-12,14.65,74.03,32.64,60.11,43.03,11.7,42.78,17.43,46.77,92.31,16.16,15.08,50.07,63.82,38.2,16.12,9.89,16.92,14.99,61.46,22.76,8.59,10.09,74.4,37.78,26.77,13.7,11.66,34.36,46.53,11.09,41.51,66.76,12.76,7.14,22.73,15.54,26.8,13.84,6.53,12.21,52.2,51.2,11.63,25.85,97.2,58.52,17.4,,28.15
2023-05-19,14.62,74.41,32.21,58.88,41.44,11.66,41.91,17.19,45.32,93.84,15.6,14.85,51.5,65.48,39.21,15.59,9.89,16.5,14.3,61.46,22.12,8.65,10.09,72.4,37.1,27.28,13.2,11.16,34.4,44.98,11.17,42.39,65.46,12.52,7.26,21.96,15.3,27.85,14.01,6.66,12.16,52.99,54.1,12.14,26.25,98.7,57.68,17.0,,28.0
2023-05-26,14.65,73.93,31.48,60.52,40.74,13.41,42.38,17.07,45.41,95.46,15.29,15.23,51.69,64.65,38.59,16.51,9.94,15.97,14.11,60.88,22.38,8.75,9.98,72.0,37.01,28.27,12.95,11.2,34.45,44.67,11.26,44.41,63.34,12.29,7.11,22.04,15.07,27.2,14.12,6.97,12.26,51.75,55.0,11.95,26.0,98.1,56.42,16.87,,27.7
2023-06-02,15.3,74.5,32.42,59.27,41.25,14.1,42.11,17.59,50.83,95.46,15.65,16.52,52.13,63.48,39.99,18.14,10.24,16.35,14.25,60.88,22.08,9.27,10.65,72.3,39.52,28.27,13.85,12.5,35.0,45.29,11.3,44.34,64.36,12.72,7.41,22.95,16.1,28.3,15.21,6.98,13.63,53.38,53.4,13.08,26.0,96.8,55.41,17.49,,27.1
2023-06-09,15.13,76.41,31.52,68.87,40.97,13.64,44.03,17.4,56.97,107.57,16.16,16.13,52.62,64.65,39.99,17.32,9.94,17.33,15.22,61.55,22.87,9.37,10.95,76.5,40.11,27.63,14.6,14.13,34.77,45.05,11.38,44.7,64.97,13.3,7.48,22.99,16.87,28.1,15.31,7.12,13.45,56.53,55.5,13.28,26.15,96.0,55.33,17.18,,26.7
2023-06-16,15.3,77.56,31.7,69.72,41.2,13.52,43.5,17.5,55.43,105.69,15.82,16.21,52.56,65.89,39.37,17.08,10.0,17.75,15.17,61.26,23.06,9.12,10.92,76.6,40.06,27.07,14.9,14.09,34.04,45.55,11.17,45.06,63.74,12.83,7.75,23.06,17.44,29.0,15.38,6.9,13.13,59.06,56.0,13.11,26.75,95.5,55.58,17.23,,26.5
2023-06-23,15.37,76.99,32.13,69.49,42.18,14.61,46.35,17.96,58.96,105.44,16.67,16.44,52.94,65.69,41.0,18.23,10.02,19.23,15.95,60.32,23.77,9.49,11.2,77.3,41.56,27.46,14.5,14.34,34.31,47.42,11.34,45.42,64.35,13.45,7.88,23.92,18.06,30.3,15.54,7.19,13.34,56.19,56.0,13.6,26.0,94.7,58.1,17.8,,26.85
2023-06-30,15.48,75.65,31.45,72.06,41.25,14.1,45.62,18.11,57.6,109.53,16.87,16.56,53.49,64.17,40.38,18.62,10.0,19.79,15.57,59.46,23.13,9.37,11.2,75.2,41.95,25.69,14.85,14.05,34.18,46.92,11.09,47.09,63.16,12.98,7.69,23.83,17.92,29.8,15.28,7.05,12.98,56.25,55.0,13.39,25.5,94.3,59.7,17.49,,26.8
2023-07-07,15.23,76.51,32.13,73.31,42.33,14.07,49.0,18.17,61.21,114.98,17.23,15.78,54.48,66.24,43.42,20.39,9.86,20.78,16.28,59.46,22.68,9.95,11.34,75.2,44.08,25.56,14.5,14.46,36.88,44.92,10.84,47.09,62.09,13.37,8.3,25.24,18.37,29.6,14.9,7.37,13.02,59.06,54.0,13.5,25.05,93.8,59.62,17.49,,27.0
2023-07-14,15.44,77.27,33.91,74.09,43.78,15.23,52.97,18.36,64.64,110.81,17.91,15.82,56.65,68.31,44.35,20.73,10.16,20.81,16.8,59.46,23.66,9.67,11.89,81.8,47.9,26.94,15.15,15.8,37.42,49.11,11.01,47.66,63.24,14.48,8.43,25.55,19.79,29.0,15.09,7.52,13.09,59.06,56.4,13.8,25.7,97.9,61.63,17.53,,28.0
2023-07-21,15.51,76.03,33.91,78.61,44.43,15.65,52.44,18.23,65.91,110.72,18.15,15.66,58.6,68.59,44.74,21.11,10.62,21.5,17.23,61.26,24.67,10.05,11.89,83.0,50.86,26.42,15.15,17.39,37.06,50.05,10.97,47.23,62.95,14.7,8.86,25.81,19.97,28.75,15.26,7.45,13.52,59.06,59.0,14.01,26.05,98.0,61.8,18.86,,28.4
2023-07-28,15.59,74.5,33.88,76.43,43.63,15.85,48.73,18.11,65.55,99.73,18.73,15.94,61.06,68.65,44.89,21.11,10.65,21.42,18.27,60.79,27.6,10.08,11.92,86.1,53.3,25.14,18.35,18.27,36.65,51.68,11.21,49.11,64.56,14.48,9.15,26.17,20.66,28.65,15.97,8.16,13.49,61.76,58.9,14.14,25.75,97.8,65.08,19.47,,28.8
2023-08-04,17.13,73.74,35.11,68.55,44.06,16.7,42.78,19.03,67.26,102.03,19.07,18.55,60.27,69.21,45.13,21.02,10.59,20.7,17.89,61.17,27.04,10.66,12.11,86.3,51.84,25.22,19.8,18.77,36.88,50.55,11.26,46.22,66.0,13.54,9.66,25.55,20.28,28.95,15.87,9.04,13.67,59.83,63.0,14.31,31.1,101.0,63.38,19.56,,28.7
2023-08-11,16.08,70.78,33.88,68.32,43.68,16.24,44.63,19.71,66.18,98.87,19.37,18.9,59.33,70.03,42.95,20.25,10.53,20.97,18.79,61.26,27.38,11.5,12.05,84.5,52.13,25.52,20.9,18.35,37.2,49.68,11.3,45.64,65.59,13.75,9.4,26.78,19.55,31.85,15.9,10.07,13.45,60.03,60.9,14.01,36.3,101.1,63.81,19.38,,30.75
2023-08-18,15.37,64.95,32.06,66.84,41.34,15.89,40.39,18.85,63.65,98.02,18.95,17.92,61.86,67.34,40.61,19.05,10.01,20.06,17.61,59.56,24.9,11.28,11.54,79.0,49.1,23.37,19.25,17.81,34.18,49.11,10.8,43.69,63.16,12.77,8.71,24.19,19.66,31.3,15.35,9.55,13.06,59.44,56.8,13.33,33.45,97.9,63.64,18.15,,29.1
2023-08-25,15.41,63.52,32.79,68.87,42.0,16.04,41.32,19.12,72.05,98.62,18.42,18.7,66.31,69.97,43.03,18.86,10.04,19.64,17.61,60.5,25.95,12.51,11.54,79.7,49.39,23.63,19.4,18.48,34.36,48.99,10.34,44.41,64.23,13.5,8.68,24.85,22.36,31.1,15.9,10.38,13.6,57.24,54.1,13.36,31.75,97.0,65.03,17.8,,28.7
2023-09-01,15.87,68.96,34.06,68.71,42.28,17.36,41.78,19.92,79.0,100.58,19.39,20.26,70.78,70.49,48.78,20.97,10.41,20.89,18.93,63.54,27.79,12.79,11.8,81.5,52.62,23.98,20.45,20.74,35.27,50.36,10.59,45.35,64.97,13.88,9.04,24.76,23.2,32.65,16.3,10.93,14.14,59.17,54.7,13.87,31.05,98.0,67.55,18.46,,30.3
2023-09-08,15.97,69.35,34.09,74.79,42.7,18.06,44.23,19.83,83.42,103.82,21.23,19.87,71.44,73.07,50.42,21.78,10.72,21.76,20.83,61.74,27.19,12.83,12.18,81.8,54.28,25.35,22.0,21.4,36.05,52.55,10.63,46.22,66.04,14.27,9.22,24.23,23.44,32.5,16.7,10.93,13.99,59.44,54.0,14.04,29.55,101.4,69.46,19.21,,29.6
2023-09-15,15.9,65.91,33.95,67.31,42.0,18.06,44.7,20.1,81.98,100.58,20.54,19.79,71.36,78.36,49.8,21.69,11.12,20.89,20.26,61.64,25.99,12.55,12.37,79.7,54.67,24.08,18.9,21.86,36.74,50.93,10.55,45.5,68.34,13.84,8.86,23.79,24.66,32.5,16.49,10.93,13.85,59.63,50.5,14.69,26.8,99.7,69.02,19.87,,28.4
2023-09-22,15.66,66.39,33.4,69.02,40.78,16.35,45.29,19.43,88.48,100.49,19.65,18.02,70.78,77.94,51.35,20.97,10.84,20.66,20.4,61.26,24.78,11.47,11.92,75.4,50.96,23.63,17.4,20.48,36.45,50.68,10.18,45.86,64.64,13.2,8.57,22.47,22.64,32.9,16.06,11.1,13.38,59.3,48.0,13.84,25.0,97.6,67.29,18.72,,27.4
2023-09-29,15.34,66.39,32.17,67.07,39.43,14.96,42.2,18.45,84.42,99.73,19.36,16.5,67.92,77.77,53.19,18.71,10.72,19.91,18.93,60.98,24.52,11.04,11.8,76.3,51.44,22.18,15.6,20.02,34.92,49.3,9.6,45.64,59.62,12.55,8.06,22.03,22.09,30.65,15.9,9.54,12.88,58.11,45.5,13.19,23.42,99.3,64.42,19.12,,26.1
2023-10-06,15.3,66.39,30.61,69.1,39.19,13.87,45.47,17.62,85.77,100.15,19.97,15.67,67.85,72.2,52.15,19.38,10.56,18.88,17.75,60.32,24.37,10.96,11.57,72.7,47.24,21.91,13.9,19.31,32.59,48.8,9.27,44.92,57.24,11.91,7.77,21.59,22.88,30.95,15.14,9.74,12.12,56.71,46.05,12.75,22.98,97.0,64.42,18.46,,27.45
2023-10-13,15.9,63.71,30.83,71.83,39.57,14.26,48.47,17.99,89.65,102.28,20.78,16.04,70.34,73.57,53.03,20.54,10.87,19.49,18.6,60.22,26.43,11.32,11.76,72.7,48.41,22.5,14.95,21.78,34.17,49.93,9.43,45.35,57.65,12.3,7.84,21.85,23.3,31.5,15.21,10.03,12.44,57.51,46.9,13.19,23.05,103.8,65.81,19.34,,27.35
2023-10-20,15.37,61.7,29.38,66.29,38.35,12.87,45.03,18.05,82.07,98.79,19.05,16.27,68.0,71.34,51.35,19.67,10.96,18.43,16.85,61.26,24.95,11.59,11.44,69.0,43.72,20.82,13.8,19.61,32.96,47.68,9.27,43.62,57.57,11.82,7.59,21.54,21.74,30.1,14.69,9.78,11.9,56.31,44.5,12.51,21.68,105.2,62.77,19.03,,26.6
2023-10-27,15.13,56.36,30.47,64.65,36.95,11.96,48.38,17.31,76.74,86.43,16.74,16.36,63.68,66.54,50.15,18.52,10.65,17.67,16.71,60.12,24.45,12.19,11.13,57.8,41.08,20.82,13.3,19.61,30.73,46.54,9.1,39.72,51.89,12.04,7.48,22.51,20.45,28.7,13.96,9.37,11.68,56.45,39.2,12.34,20.8,99.8,59.04,17.8,,22.9
2023-11-03,15.48,55.88,30.1,68.63,37.79,12.83,50.76,17.19,77.46,88.3,16.58,16.36,63.68,67.82,52.15,17.75,11.33,19.0,18.41,59.84,24.12,12.15,11.09,63.9,38.09,21.23,14.55,18.85,30.82,46.66,9.19,38.28,52.55,11.95,7.77,21.41,20.07,28.5,14.64,9.21,11.58,59.04,40.5,12.68,20.8,106.5,60.78,17.45,,24.4
2023-11-10,15.73,57.69,30.61,74.32,37.98,13.42,55.62,18.05,83.96,88.9,16.95,16.31,66.97,67.48,55.28,18.57,11.64,20.06,19.55,59.84,25.9,12.19,11.48,61.7,38.53,22.77,16.0,21.45,31.05,48.06,9.68,41.45,51.32,12.25,8.1,20.97,21.39,29.5,14.67,10.15,12.26,57.11,42.3,12.95,22.48,109.0,60.43,18.07,,23.95
2023-11-17,15.94,58.65,31.12,74.87,38.21,13.54,54.74,18.23,84.24,88.73,17.32,17.1,66.61,67.48,56.16,19.0,11.42,20.06,20.31,60.22,26.02,12.23,11.6,64.1,40.49,22.18,16.1,23.54,31.19,49.89,9.64,41.89,52.39,11.91,8.13,20.4,21.88,29.35,14.72,10.36,12.26,56.85,38.95,13.05,21.1,105.5,60.78,17.84,,22.8
2023-11-24,15.48,56.16,31.66,74.45,37.65,13.39,55.18,18.17,86.22,87.54,17.21,17.19,66.75,66.45,55.28,19.1,11.3,19.98,19.83,59.84,25.94,12.07,11.38,61.8,37.7,22.05,17.6,22.95,31.1,50.84,9.43,41.24,51.81,11.48,7.95,20.35,22.22,28.3,14.2,10.11,12.26,57.11,39.1,12.81,20.68,106.3,59.3,17.75,,22.6
2023-12-01,15.41,56.35,32.21,72.95,38.03,13.39,55.18,18.05,85.86,88.13,17.42,16.82,67.63,66.62,56.32,19.68,11.24,20.36,20.59,59.84,26.06,12.19,11.35,61.5,37.9,21.64,17.7,22.57,32.78,50.78,9.35,41.38,53.46,11.91,7.88,20.0,22.22,27.5,14.05,10.03,12.33,56.45,40.9,12.92,21.05,105.4,59.39,17.84,,22.8
2023-12-08,15.73,62.94,34.26,76.96,37.89,13.78,56.77,18.46,88.3,87.03,17.68,17.56,68.95,66.54,56.48,19.59,11.58,20.97,20.92,60.03,26.23,13.03,11.6,66.2,41.66,22.5,17.6,24.0,33.2,49.7,9.64,42.75,53.95,11.57,7.99,20.0,22.64,28.2,14.62,10.65,12.59,56.45,39.65,13.19,21.48,104.2,59.91,18.12,,23.35
2023-12-15,15.97,60.03,33.93,74.54,37.84,13.23,54.74,18.32,84.24,85.49,17.19,16.77,70.41,65.17,54.56,19.44,11.73,20.28,19.74,58.89,25.07,12.51,11.51,63.0,39.86,21.82,16.9,21.99,31.94,50.08,9.27,40.95,51.65,11.31,7.84,19.91,22.09,27.1,14.46,10.32,12.23,54.59,39.9,12.81,21.85,103.0,59.13,17.29,,22.55
2023-12-22,16.29,59.84,34.71,83.65,37.27,13.11,57.56,18.15,84.41,84.81,17.08,16.82,69.24,64.05,54.8,19.78,11.7,20.47,20.45,59.84,24.82,12.43,11.67,63.0,41.42,21.23,16.6,22.41,31.47,52.99,9.31,40.3,50.58,11.4,7.77,19.91,22.47,27.2,14.46,10.81,12.19,53.72,40.3,12.78,21.58,106.2,58.69,16.78,,22.95
2023-12-29,16.78,60.9,35.48,87.25,37.84,13.66,60.74,18.6,88.04,88.64,17.47,16.87,70.34,64.74,56.56,20.71,12.54,21.16,21.58,59.84,25.94,12.55,11.89,67.0,41.86,22.18,17.05,23.29,32.12,54.38,9.31,41.02,51.81,11.31,7.84,21.06,22.78,27.95,15.02,10.85,12.55,53.33,43.2,13.36,22.3,108.0,59.13,17.75,,23.3
2024-01-05,17.87,58.58,36.38,86.67,38.32,13.54,61.8,19.9,89.07,91.97,17.76,17.37,71.29,66.19,57.05,21.3,12.66,21.04,21.16,59.84,25.61,13.23,13.07,67.9,42.89,22.27,16.85,23.08,32.78,52.74,9.35,41.45,52.14,11.4,8.39,20.79,23.72,29.3,15.68,10.81,12.98,57.24,43.1,14.11,22.05,107.6,60.18,17.75,,23.35
2024-01-12,18.11,58.0,37.61,88.92,40.04,14.34,59.68,21.62,85.43,91.2,17.19,18.15,69.32,64.39,56.4,19.93,12.91,20.55,20.54,59.45,24.7,13.23,13.61,64.8,40.98,23.4,16.3,23.08,32.54,53.75,9.48,39.79,51.46,11.57,8.93,20.66,23.51,29.9,16.37,10.48,13.38,58.9,41.3,14.35,21.5,105.3,58.78,18.16,,23.1
2024-01-19,18.22,59.26,40.76,90.35,39.52,14.45,60.92,22.37,85.62,90.01,17.34,18.24,70.49,65.77,55.6,20.81,12.94,21.04,21.3,60.03,25.94,13.87,14.06,67.8,45.04,23.36,16.4,23.08,32.45,55.77,9.56,40.44,51.72,11.61,8.82,20.35,23.4,30.3,16.51,10.69,13.42,61.49,43.05,14.8,21.65,105.0,59.48,18.21,,23.85
2024-01-26,18.46,59.84,40.02,87.84,39.13,14.41,59.77,22.03,82.91,90.86,17.16,17.92,70.19,64.48,56.24,20.95,13.15,21.46,22.29,59.84,25.73,13.91,14.03,65.8,43.91,23.04,16.6,23.83,32.12,56.59,9.43,40.59,48.26,11.7,8.97,20.35,23.68,30.3,16.72,10.6,13.2,61.1,42.0,14.59,21.4,105.7,58.6,18.26,,23.75
2024-02-02,18.43,62.45,38.35,88.92,39.28,14.69,59.06,21.75,84.59,90.43,17.32,16.96,74.66,64.48,55.2,24.03,13.8,21.12,21.68,59.26,25.19,14.18,13.87,65.4,46.36,23.04,17.0,24.66,32.22,58.11,9.35,39.72,48.01,11.4,8.31,20.04,24.17,29.9,16.13,11.22,12.62,59.97,41.2,14.2,21.05,104.8,58.95,17.38,,22.3
2024-02-09,19.66,61.97,40.02,88.67,39.47,14.57,58.45,24.36,89.72,91.46,17.79,17.19,76.78,64.91,55.76,24.76,14.54,21.31,22.01,59.84,25.77,14.46,14.98,64.9,45.58,23.04,17.3,25.12,32.36,57.67,9.39,40.8,48.68,11.4,8.46,20.44,24.38,31.1,17.62,11.02,13.34,59.77,41.8,15.22,21.2,105.3,59.13,18.12,,21.9
2024-02-16,19.38,61.58,39.69,87.42,40.71,15.13,58.53,24.19,89.07,90.78,17.89,17.33,76.93,65.68,56.0,26.03,14.39,21.65,22.1,60.13,25.94,14.3,15.3,66.2,45.28,23.36,17.7,24.83,32.87,57.22,9.52,42.39,48.85,11.52,8.64,20.48,24.31,30.8,18.19,11.26,13.63,59.5,42.7,15.5,21.98,105.3,61.23,18.35,,22.5
2024-02-23,19.17,61.29,42.52,96.62,40.19,14.53,58.09,24.16,93.27,92.48,17.63,16.87,76.05,65.51,56.0,26.91,13.9,21.5,20.97,61.1,26.23,13.63,15.24,66.7,43.03,23.18,17.0,23.41,32.68,55.52,9.52,42.25,48.01,11.48,8.6,20.26,23.72,30.65,18.94,10.56,13.78,59.04,43.3,15.43,22.6,103.8,62.1,18.03,,25.45
2024-03-01,19.52,61.58,43.74,96.2,41.0,15.01,60.92,24.43,106.32,92.82,18.42,16.77,81.1,66.54,64.59,28.48,14.39,23.35,21.82,61.19,28.87,13.59,15.3,70.5,45.58,23.54,17.3,24.25,33.43,60.51,9.72,44.99,49.36,11.48,8.64,20.22,25.94,31.95,19.77,10.85,14.32,64.62,43.95,15.36,22.62,103.3,62.54,18.16,,26.65
2024-03-08,18.99,67.1,41.78,94.53,42.58,14.81,60.92,23.68,111.36,94.18,18.63,16.27,80.51,68.17,62.82,28.33,14.2,22.93,21.21,61.29,30.11,13.63,15.05,78.5,46.7,23.77,16.5,23.41,34.27,61.02,9.68,45.57,50.54,11.22,8.5,20.0,25.56,30.65,19.37,10.6,13.42,63.15,42.55,15.11,22.4,103.7,61.23,17.56,,25.4
2024-03-15,19.2,65.36,42.68,95.12,41.29,15.01,67.89,23.85,118.45,94.61,19.1,16.41,84.91,70.57,64.19,33.8,14.2,22.78,20.92,61.29,30.73,13.19,15.17,78.5,46.31,23.36,16.5,23.49,35.06,63.29,9.48,46.22,48.85,10.8,8.28,19.91,26.25,30.5,19.56,10.93,13.56,62.42,42.4,15.78,22.2,102.7,60.95,17.24,,25.75
2024-03-22,19.76,63.61,44.31,92.94,40.71,15.66,63.21,24.5,115.28,99.04,18.63,16.91,84.1,69.02,63.06,32.48,14.7,23.12,22.01,60.8,30.64,13.39,15.97,78.5,48.02,22.84,17.1,26.34,35.38,62.66,9.52,46.29,48.26,10.67,8.39,19.69,26.25,31.65,21.21,12.25,13.52,64.02,42.8,16.97,23.3,102.2,60.07,17.38,,26.7
2024-03-29,20.01,62.84,42.6,92.02,40.95,15.45,64.45,24.4,115.09,99.21,18.79,16.91,85.27,68.77,63.95,32.38,14.88,22.9,22.39,60.32,31.22,13.98,16.19,74.2,49.98,23.12,17.25,26.63,34.73,62.91,9.43,46.08,47.76,10.62,8.28,19.47,26.74,31.6,22.46,12.91,13.78,63.02,42.85,17.25,23.82,103.0,59.89,18.26,,25.85
2024-04-05,19.06,60.61,41.04,93.69,39.95,14.97,62.15,22.78,111.64,98.36,18.58,16.36,83.22,69.37,62.58,30.77,14.42,22.29,21.39,59.36,30.15,13.63,14.89,71.9,49.88,21.45,18.3,26.92,34.59,61.64,9.31,45.21,47.25,10.58,8.1,19.34,25.56,29.6,21.35,13.56,13.13,63.02,42.95,15.92,23.9,101.9,60.16,17.98,,24.7
2024-04-12,19.66,59.06,43.66,100.64,40.14,14.97,62.6,24.64,111.17,98.87,18.21,16.68,84.54,68.34,65.55,31.26,15.01,22.67,21.68,60.71,30.11,15.58,15.72,71.9,50.86,21.12,17.7,26.71,34.31,65.58,9.31,46.08,47.17,10.97,8.2,19.91,26.08,29.1,22.39,14.02,13.49,62.82,44.5,16.55,24.22,107.0,59.09,18.21,,24.15
2024-04-19,18.67,49.96,39.53,88.09,36.88,12.62,53.86,21.68,100.73,94.87,16.37,15.17,79.78,64.31,64.19,27.45,13.74,21.04,18.51,60.03,27.26,16.02,14.47,66.5,47.14,19.59,14.45,21.91,32.26,58.2,8.77,42.56,44.22,9.21,8.1,19.47,23.06,26.8,21.02,12.21,11.97,60.1,41.5,15.24,21.3,103.3,56.88,16.73,,21.3
2024-04-26,18.85,50.74,40.23,91.18,37.79,13.03,58.53,22.51,110.8,97.25,16.58,16.5,90.18,63.02,67.56,29.31,14.58,21.5,18.85,60.23,28.91,16.65,14.19,67.2,53.69,19.91,15.25,22.11,33.24,60.43,8.69,45.2,45.82,9.34,8.31,19.38,24.45,28.2,22.01,13.15,12.91,60.56,40.8,15.24,22.22,104.0,57.59,17.15,,22.45
2024-05-03,19.31,52.09,40.23,97.04,38.32,13.47,58.27,22.23,110.99,96.74,16.98,16.18,92.15,63.62,68.6,28.72,15.1,21.69,19.43,60.8,29.65,16.1,14.28,69.8,54.48,20.84,14.6,22.53,33.52,61.38,9.06,48.36,47.76,9.55,8.42,19.3,24.06,27.55,22.77,13.36,12.62,61.43,41.1,15.31,22.22,106.0,58.12,17.01,,23.4
2024-05-10,19.45,55.19,40.1,97.04,38.99,13.59,60.21,22.54,115.46,97.34,17.79,16.22,95.88,64.74,67.08,30.92,14.64,23.05,20.06,62.25,29.74,16.02,14.41,70.8,57.61,20.42,13.55,23.33,37.34,62.02,9.06,48.43,48.52,9.6,8.42,19.16,24.62,27.6,22.91,15.29,13.06,61.1,40.35,15.56,22.5,116.9,58.92,17.1,,22.5
2024-05-17,19.83,56.93,40.35,99.46,39.13,14.16,62.42,22.72,117.7,98.53,18.42,16.31,98.45,64.91,68.04,32.58,15.01,23.92,21.23,62.74,30.48,18.49,14.82,75.5,58.29,20.8,14.3,24.12,36.72,63.04,9.31,49.9,48.94,9.77,8.71,19.38,25.28,28.5,23.5,15.62,13.27,60.96,40.85,16.1,23.42,117.4,59.36,17.93,,23.1
2024-05-24,20.53,59.55,40.23,96.81,42.73,13.67,63.12,22.3,118.45,100.07,18.66,16.45,96.54,67.74,67.0,33.46,14.94,24.07,20.94,62.93,29.41,18.73,14.63,73.5,59.17,21.03,14.45,24.02,39.67,60.36,9.39,51.31,48.85,10.54,8.39,19.25,24.48,28.7,22.6,15.13,12.8,59.9,39.8,15.89,22.48,108.0,58.47,17.52,,22.3
2024-05-31,20.6,58.87,38.51,95.31,42.97,13.92,64.01,21.89,117.52,105.18,18.89,18.34,98.52,68.68,67.24,34.34,14.36,23.82,21.18,62.74,29.9,20.56,14.17,76.6,62.2,21.45,14.45,23.33,39.67,59.73,10.43,52.57,49.1,10.07,8.28,18.94,24.1,27.85,22.89,16.19,12.73,57.91,38.85,15.71,21.78,107.1,57.94,17.52,,21.75
2024-06-07,20.56,62.55,39.04,96.11,44.45,14.16,64.1,22.51,113.6,103.56,20.44,18.2,103.94,68.85,66.91,34.19,14.64,24.4,22.83,63.41,30.81,20.84,14.63,77.6,60.74,21.54,14.75,23.7,40.15,60.17,11.54,52.32,57.19,10.5,8.57,19.07,24.62,30.75,23.92,16.44,13.06,58.77,39.0,16.17,21.75,109.0,60.07,17.52,,22.2
2024-06-14,20.56,60.8,38.84,94.34,42.63,14.0,64.1,22.51,113.5,102.2,19.31,17.0,111.04,67.74,66.59,32.24,14.79,24.23,22.88,58.78,30.98,21.91,15.05,78.0,61.62,20.61,14.15,23.7,39.19,60.94,11.38,51.9,53.4,10.15,8.5,19.38,25.07,30.55,23.92,15.62,13.45,58.11,38.2,16.25,21.0,104.8,58.65,18.21,,21.45
2024-06-21,20.51,61.97,37.28,94.78,43.25,13.42,67.28,22.1,122.92,101.76,19.6,17.05,115.37,66.79,66.91,33.75,14.3,24.19,24.48,56.37,30.98,22.95,15.12,76.2,62.11,20.75,13.4,22.31,40.93,62.15,12.17,54.43,51.8,9.94,8.39,20.93,24.66,30.65,23.87,17.26,13.42,57.11,37.75,15.74,20.82,102.5,58.47,19.08,,20.0
2024-06-28,19.89,61.77,35.36,88.17,44.07,12.97,61.89,21.27,114.25,99.82,18.94,17.37,110.62,65.68,66.59,33.41,14.2,23.57,23.22,53.08,30.48,22.47,14.47,74.7,61.51,20.19,13.3,21.94,39.57,60.75,12.33,52.83,50.54,10.11,8.28,18.33,23.58,28.8,22.75,15.62,12.75,56.58,37.65,15.16,20.6,101.5,58.03,18.16,,20.45
2024-07-05,20.31,61.97,38.67,87.46,44.45,13.17,63.39,22.44,116.58,99.64,19.65,17.51,117.57,67.39,67.08,34.29,15.07,23.86,24.24,55.01,31.64,25.66,14.86,76.7,64.67,20.42,13.2,21.99,42.52,60.43,12.08,55.02,50.51,10.28,8.53,18.41,24.06,30.1,22.89,16.11,13.12,58.44,38.45,15.31,20.7,101.6,59.54,18.64,,20.8
2024-07-12,20.05,62.94,38.1,85.97,43.59,13.46,64.98,21.96,117.05,98.23,19.65,17.42,113.42,66.88,67.4,37.02,15.53,23.73,24.19,54.82,31.39,24.9,14.99,74.8,63.88,20.42,13.25,21.62,44.8,62.15,12.58,60.0,48.77,10.58,8.6,18.33,23.93,29.75,22.21,16.85,13.31,58.17,38.5,15.38,20.88,102.0,58.74,18.5,,20.75
2024-07-19,20.97,65.65,39.0,85.79,43.83,13.17,61.71,22.92,113.13,99.99,18.63,17.1,106.81,66.71,64.92,33.7,16.04,23.48,23.08,54.53,30.23,25.66,16.55,71.0,64.67,19.35,11.9,18.75,45.38,60.87,11.01,59.32,48.07,11.1,8.57,18.55,24.17,30.3,22.8,15.37,13.64,58.11,37.85,15.49,20.38,105.6,57.85,18.3,,19.9
2024-07-26,20.14,70.2,37.81,83.23,41.38,12.72,59.33,21.99,105.58,98.67,18.52,16.96,108.5,66.19,65.09,32.33,16.14,22.86,22.49,55.98,29.74,23.43,15.83,74.0,60.13,19.08,11.05,18.38,46.25,61.19,11.21,59.91,47.9,11.22,8.41,19.34,22.29,29.1,22.16,14.72,13.23,57.97,37.75,15.09,20.8,107.8,58.3,17.91,,19.3
2024-08-02,20.01,66.61,39.04,84.47,41.67,12.1,56.24,21.65,99.89,99.38,18.37,16.59,104.43,67.65,66.74,31.6,16.78,22.69,20.84,55.69,28.91,22.71,15.51,72.2,62.01,18.52,11.5,16.66,45.96,62.97,11.42,59.32,47.98,10.97,8.23,19.91,21.7,28.4,22.89,14.35,13.16,58.9,36.0,15.24,21.0,104.8,63.35,18.25,,17.95
2024-08-09,19.72,69.23,38.18,82.62,41.48,12.14,54.12,21.62,99.33,98.06,18.76,16.87,107.57,69.97,63.52,31.75,16.4,21.69,20.26,53.57,29.45,22.63,15.28,75.2,64.67,18.47,11.4,16.39,46.44,60.81,11.46,56.54,46.68,10.92,7.96,19.12,21.74,28.85,20.56,13.65,12.68,58.24,37.2,15.09,20.6,100.9,64.94,17.52,,17.5
2024-08-16,20.05,70.0,38.84,89.49,42.1,12.55,56.06,22.3,103.34,96.43,19.47,17.05,110.7,70.82,65.75,33.75,17.39,21.32,19.77,53.47,30.69,24.58,15.67,77.3,68.02,18.05,11.95,17.4,48.96,62.4,11.13,58.99,49.03,11.01,8.04,19.03,22.71,29.35,20.9,14.92,12.97,58.51,38.4,15.27,20.58,105.0,65.38,17.91,,18.3
2024-08-23,20.43,70.1,41.29,92.76,44.35,13.05,56.24,23.98,105.3,97.25,19.77,17.33,112.82,72.63,67.81,34.63,17.42,21.69,20.6,53.57,30.89,25.1,16.0,77.9,69.01,18.8,13.2,20.0,47.41,69.27,11.21,59.58,49.55,11.14,8.07,20.0,23.34,29.95,21.82,15.46,13.27,61.36,39.75,15.54,20.78,104.5,66.36,18.25,,19.5
2024-08-30,20.72,69.71,39.98,91.7,43.59,12.76,56.06,24.05,106.04,98.06,19.3,17.05,114.26,71.42,66.33,34.53,17.81,21.23,20.21,53.47,31.14,25.02,16.19,76.5,68.81,18.33,12.95,19.95,47.02,65.01,11.13,57.89,50.07,10.75,8.0,19.2,23.4,30.55,22.75,15.21,13.27,60.9,41.5,15.5,22.1,105.3,65.47,18.45,,19.2
2024-09-06,20.56,69.71,40.31,91.61,42.92,12.68,55.27,24.36,106.32,97.97,19.91,16.96,111.98,72.11,64.27,33.7,17.2,21.15,19.38,53.18,31.22,24.74,15.64,76.0,67.04,18.47,13.0,20.0,45.43,63.36,10.84,55.36,49.38,10.75,7.85,18.0,23.2,29.9,22.21,15.0,13.12,59.9,43.9,15.29,22.32,103.8,66.8,17.96,,20.1
2024-09-13,20.39,68.65,39.41,98.66,40.95,12.43,54.38,23.95,105.86,96.97,19.66,16.87,112.74,69.99,63.61,33.8,16.98,20.82,19.38,52.89,30.77,24.26,15.57,74.2,66.25,18.33,11.55,19.9,44.31,63.48,10.59,55.44,48.85,11.65,7.81,15.25,22.43,29.8,21.63,14.63,13.45,59.7,43.0,15.21,21.45,104.8,64.59,17.96,,19.3
2024-09-20,21.43,69.04,40.1,108.1,41.29,12.59,54.47,24.7,107.54,98.16,19.66,17.2,114.69,68.86,64.59,34.78,17.39,21.36,19.72,51.35,31.26,24.86,16.13,74.7,67.04,18.56,11.4,20.55,44.51,62.85,10.39,56.2,49.99,11.35,7.92,16.55,23.34,30.85,22.94,14.55,13.42,60.17,43.75,15.59,21.15,105.2,64.41,18.45,,19.5
2024-09-27,21.64,69.04,40.96,108.71,41.48,12.84,56.94,25.39,107.26,97.61,19.93,18.55,113.76,69.23,64.68,35.17,18.2,21.69,20.35,50.19,32.17,25.66,16.75,75.9,66.54,18.42,11.55,21.11,43.49,62.97,10.8,56.28,50.94,11.22,8.34,17.0,24.54,33.6,23.58,14.84,15.02,61.43,43.4,16.35,21.25,105.1,65.04,19.23,,19.4
2024-10-04,21.22,65.74,40.23,102.1,41.05,12.43,54.3,24.43,105.86,96.88,19.44,18.65,113.67,69.04,63.28,34.09,17.55,21.82,20.45,49.03,30.93,25.1,16.36,75.6,65.46,18.28,10.85,19.26,43.64,61.56,10.72,55.95,49.29,10.92,8.23,17.5,24.27,33.1,23.43,14.14,15.33,61.29,41.5,16.26,20.5,105.3,62.75,19.47,,18.3
2024-10-11,21.81,66.13,40.39,108.36,42.25,12.76,55.8,24.88,107.72,97.61,19.49,19.1,118.33,68.95,63.28,34.68,17.59,22.73,20.4,49.42,30.98,26.18,16.65,81.1,63.59,18.28,10.8,19.67,43.25,61.56,10.43,55.36,50.07,10.88,8.19,17.6,24.4,33.8,23.82,14.43,15.55,60.76,43.6,16.13,20.9,108.9,62.02,20.15,,19.0
2024-10-18,21.81,65.36,41.13,113.21,42.15,13.05,55.97,24.88,106.32,97.06,19.05,19.45,116.13,67.54,59.16,35.02,17.36,22.44,20.01,49.12,29.79,25.78,16.78,80.4,64.77,18.05,10.35,19.35,40.98,61.24,10.34,54.68,49.99,10.62,8.23,16.7,24.31,35.55,23.82,13.32,15.82,61.36,45.25,16.47,20.9,106.5,61.75,20.01,,18.75
2024-10-25,20.81,63.52,38.84,117.09,41.53,12.76,59.68,23.74,101.75,95.06,18.86,20.85,113.59,66.78,60.68,31.5,17.3,22.03,19.72,50.0,30.11,25.58,16.06,77.2,64.57,17.73,10.2,20.04,40.2,60.72,9.85,53.16,48.33,10.75,7.88,16.65,23.74,33.45,22.89,12.82,15.15,60.96,43.85,15.42,20.78,104.2,62.3,19.57,,18.15
2024-11-01,20.81,64.58,39.04,117.88,41.77,12.51,59.95,24.43,103.9,94.79,18.77,19.65,114.1,66.12,62.13,31.55,17.07,22.11,19.63,49.51,30.11,26.14,16.03,74.5,65.06,17.59,10.35,19.35,39.28,58.98,9.6,52.32,48.16,10.37,8.0,16.95,23.29,35.0,23.09,12.99,15.15,62.09,41.5,15.92,20.6,104.7,60.28,19.62,,17.75
2024-11-08,20.81,65.47,38.75,116.38,43.25,12.34,61.54,24.02,104.36,93.61,18.55,19.0,115.11,65.94,62.52,32.14,16.88,22.48,19.63,49.12,30.48,25.66,16.0,72.3,64.08,17.54,10.7,19.76,38.75,60.01,9.68,54.51,48.07,10.45,8.0,16.75,23.2,35.5,22.99,12.74,14.79,61.23,40.0,15.46,20.52,104.6,60.19,18.98,,17.95
2024-11-15,20.39,66.84,36.55,111.48,42.53,11.47,58.27,22.72,105.58,90.79,18.66,18.0,113.5,64.62,63.68,30.56,15.88,21.57,17.88,49.03,29.66,25.06,15.31,70.6,59.05,17.03,10.4,18.47,37.15,58.98,9.31,54.85,48.33,10.28,7.73,16.8,21.29,32.4,21.87,11.67,13.86,60.9,40.25,15.33,20.27,103.3,58.36,18.21,,18.2
2024-11-22,20.85,64.68,37.36,110.1,43.33,11.72,57.65,24.02,101.46,90.97,19.66,18.0,113.5,65.18,62.04,30.47,15.88,21.73,18.27,48.83,29.61,25.38,15.64,71.0,58.16,17.77,11.0,19.21,37.88,59.95,9.43,54.6,48.24,10.11,7.77,16.9,21.65,32.65,22.89,12.74,14.31,60.17,41.6,15.37,20.23,101.7,58.91,18.55,,18.1
2024-11-29,21.06,65.37,38.22,116.55,46.57,11.68,58.09,24.53,104.91,91.88,19.57,18.5,122.32,65.56,62.62,30.86,16.3,22.28,18.46,50.3,30.11,25.7,15.74,73.2,59.64,18.19,10.95,19.63,38.7,59.95,10.26,56.71,48.85,10.54,7.81,17.0,21.82,33.3,22.99,12.82,14.39,61.96,40.8,16.05,20.25,102.4,59.18,18.64,,17.9
2024-12-06,21.43,66.15,38.1,116.64,50.98,12.1,59.33,24.88,110.37,92.61,20.21,18.6,127.61,65.18,65.23,31.6,17.26,22.98,18.12,48.83,30.7,27.29,15.87,73.4,60.23,18.42,10.65,20.37,39.14,62.2,10.3,57.21,50.25,10.92,7.85,17.25,23.42,33.8,23.53,12.99,14.44,62.56,41.5,16.26,20.92,102.8,58.72,18.84,,17.7
2024-12-13,21.02,66.55,37.94,115.72,52.15,11.72,58.36,24.94,110.09,97.79,19.55,19.7,127.61,64.43,63.78,30.96,18.27,22.65,17.88,56.35,31.29,26.42,15.8,71.1,60.13,18.42,10.45,19.9,37.44,62.59,10.14,56.12,49.99,11.05,7.88,17.35,22.94,34.0,23.72,12.74,14.44,61.83,40.65,16.26,20.4,102.4,58.82,18.64,,17.35
2024-12-20,20.72,66.55,37.98,115.17,50.19,11.85,59.42,24.81,110.56,100.16,19.44,19.0,127.61,64.62,62.91,30.47,18.04,22.23,18.22,57.72,32.56,26.62,15.64,70.3,59.74,18.56,10.1,19.44,37.74,62.59,10.1,57.13,49.2,10.97,7.7,16.7,23.34,33.85,23.19,12.33,14.13,61.43,40.35,16.01,20.25,99.2,59.55,18.4,,17.05
2024-12-27,21.35,68.61,38.72,124.2,51.27,12.01,61.12,26.63,112.1,98.14,19.71,19.45,127.7,64.52,64.36,30.27,19.24,22.36,18.27,57.42,32.52,28.88,16.32,70.4,60.53,19.4,10.2,19.07,37.25,62.98,9.93,57.38,50.35,11.14,7.81,16.9,23.65,37.4,23.97,12.7,14.88,61.23,40.35,16.94,20.27,101.2,58.91,18.74,,17.15
2025-01-03,20.97,69.3,37.78,122.81,48.77,11.83,61.12,25.53,110.66,97.48,19.69,18.25,127.18,64.05,63.68,29.87,18.85,22.15,17.68,57.33,31.61,28.32,16.1,69.7,57.77,19.4,10.55,18.93,37.2,62.33,9.77,55.19,49.62,10.75,7.77,16.8,22.54,36.1,22.99,12.17,14.39,61.1,40.0,16.18,20.25,99.5,58.17,18.25,,17.2
2025-01-10,20.64,68.81,38.67,119.77,48.53,11.32,62.1,25.73,105.39,96.73,18.55,18.1,125.73,62.83,60.0,27.61,16.65,21.28,16.66,56.74,30.88,28.13,15.86,65.5,56.68,19.4,9.92,16.71,36.86,60.53,9.64,54.26,48.36,11.03,7.7,17.4,21.07,35.2,22.8,11.1,14.13,60.7,40.0,16.3,20.25,98.6,56.6,18.01,,16.85
2025-01-17,20.85,68.02,39.07,117.38,51.17,11.62,66.32,25.53,105.2,96.91,18.99,18.3,127.18,62.92,60.0,28.35,17.35,22.07,17.0,57.42,31.25,29.72,16.12,65.9,56.88,19.16,9.28,17.45,38.7,61.43,9.72,56.28,48.18,11.17,7.73,17.9,21.82,35.75,23.77,11.67,14.35,61.43,40.1,16.77,20.23,99.0,57.24,17.96,,16.55
2025-01-24,21.18,68.12,39.56,116.83,49.8,11.36,65.69,26.08,106.73,95.88,19.16,18.55,130.94,63.96,61.84,28.4,17.46,22.11,16.95,57.33,31.57,33.39,16.8,68.0,59.25,18.97,8.93,17.68,38.22,62.98,9.52,54.85,48.54,11.6,7.81,18.75,22.45,37.0,24.11,12.5,14.62,61.49,39.5,17.44,20.2,99.8,57.43,18.4,,16.55
2025-01-31,,,,,,,,,,,,,,,,,,,,,,,,,,,,,,,,,,,,,,,,,,,,,,,,,,
2025-02-07,21.48,68.81,40.05,113.32,51.08,12.39,73.39,28.0,106.44,96.63,19.33,18.65,124.71,63.39,60.58,28.99,17.66,22.19,17.2,57.33,31.38,34.0,17.06,67.7,58.06,19.21,9.45,18.01,38.56,63.43,9.89,56.37,47.28,12.73,8.0,18.7,22.22,37.45,25.09,12.58,14.71,61.76,38.75,17.32,20.32,98.1,56.14,18.45,,16.85
2025-02-14,21.52,68.91,40.2,109.27,53.33,12.22,82.54,27.83,103.48,95.03,20.02,19.1,123.68,63.77,59.71,29.92,17.62,21.73,16.52,57.42,30.75,34.93,17.14,68.1,54.42,20.42,9.25,17.68,40.98,62.07,10.06,56.96,46.56,12.64,8.19,19.5,22.14,38.25,25.33,12.7,15.02,60.83,38.8,17.27,20.12,96.7,55.67,18.5,,16.6
2025-02-21,21.89,73.62,40.45,109.18,56.86,12.39,85.13,28.48,104.91,95.4,20.6,20.2,121.21,64.43,60.0,31.94,17.77,22.03,17.05,56.94,30.57,33.91,17.18,67.6,57.28,20.18,10.15,17.73,41.8,61.22,10.22,60.76,46.74,12.82,8.34,19.55,22.54,38.85,25.82,13.98,15.11,61.83,40.3,17.4,20.32,96.6,56.69,18.94,,17.25
2025-02-28,21.73,74.41,40.5,110.1,55.49,12.13,82.44,28.48,106.83,95.78,20.32,21.3,119.76,64.05,58.75,32.93,17.77,23.32,18.51,57.13,30.43,33.67,17.25,67.7,57.47,20.03,10.6,18.42,42.14,61.03,10.14,61.94,46.47,12.78,8.41,19.4,23.38,38.25,25.43,14.39,14.84,61.96,41.2,17.53,20.6,96.0,57.43,18.79,,17.4
2025-03-07,22.27,73.72,40.7,114.25,55.59,12.13,84.24,29.1,106.54,95.4,20.41,21.65,120.7,63.86,59.52,33.03,18.04,23.36,18.27,55.67,30.48,32.98,18.38,69.0,61.02,19.55,10.5,18.79,41.46,60.96,10.01,62.71,46.2,13.77,8.41,19.65,23.91,39.75,27.03,14.59,14.53,63.15,44.95,17.7,22.65,97.0,57.89,18.74,,18.2
2025-03-14,21.73,77.66,39.96,109.64,52.55,12.09,74.38,29.03,102.52,95.31,19.74,20.15,112.16,63.77,56.23,32.83,17.89,22.94,18.17,55.18,29.2,32.56,18.23,71.1,60.63,18.92,11.1,18.7,40.06,56.74,9.93,60.65,46.56,14.14,9.0,19.8,23.96,38.85,26.6,14.22,14.31,65.57,47.9,17.19,26.1,98.6,57.34,19.08,,18.75
2025-03-21,21.81,77.36,39.02,111.3,51.47,12.05,77.96,28.58,100.5,94.55,19.63,20.0,109.26,63.77,57.49,34.06,17.73,22.61,17.2,54.69,29.43,32.42,18.23,67.9,59.44,19.07,10.75,18.79,39.96,58.17,10.3,61.17,45.38,14.24,9.88,19.85,23.65,38.65,26.64,14.26,13.11,65.57,48.25,17.15,26.5,96.6,56.6,18.98,,18.45
2025-03-28,21.68,76.28,38.67,113.69,52.45,11.83,75.81,28.38,98.59,94.37,19.57,19.5,105.84,62.92,56.13,34.31,17.16,22.61,16.91,54.69,29.57,31.16,17.92,68.5,58.95,19.45,10.25,17.87,38.51,53.24,10.59,60.65,44.48,14.0,10.68,19.7,23.42,38.25,26.84,15.37,12.62,64.38,51.2,16.73,29.0,96.0,55.67,18.74,,19.5
2025-04-04,19.89,64.39,35.6,105.68,44.26,10.33,66.58,26.56,80.96,87.67,17.55,18.0,96.46,55.29,47.18,27.26,16.04,20.48,15.25,53.42,25.43,30.69,16.84,58.0,52.05,17.76,9.1,16.06,34.54,47.07,9.43,56.29,39.11,14.14,10.14,19.2,21.11,37.4,25.04,13.61,11.33,59.61,50.3,15.8,29.15,86.3,54.01,16.99,,18.8
2025-04-11,20.77,58.68,36.35,114.98,43.14,10.12,65.87,26.35,80.1,91.44,17.61,17.8,101.15,54.73,44.52,25.63,15.96,20.24,14.5,54.5,24.98,31.86,17.59,57.1,52.15,17.61,9.26,15.74,34.2,46.55,9.35,57.74,44.21,14.94,10.22,20.0,20.85,37.85,25.91,13.4,11.73,59.41,53.5,15.75,32.55,85.4,53.09,16.99,,19.4
2025-04-18,20.47,53.08,35.55,119.59,44.12,10.25,68.47,25.7,84.79,90.97,18.22,18.95,95.26,55.01,47.08,24.16,16.04,21.19,13.7,54.4,24.39,31.58,17.44,58.0,55.4,17.76,9.67,15.18,32.9,47.07,9.93,56.03,42.72,15.89,10.81,19.35,20.76,38.55,25.33,13.73,11.73,57.73,55.0,15.46,33.05,86.5,52.26,16.5,,20.4
2025-04-25,19.97,54.85,34.61,131.47,45.19,10.98,75.37,25.49,87.38,91.82,18.0,19.05,95.94,55.1,49.36,23.47,16.38,21.4,13.35,55.67,24.71,30.09,17.66,62.0,59.64,16.84,10.85,14.53,33.14,45.51,9.85,59.8,44.66,15.98,10.77,18.1,20.27,39.15,25.28,14.51,11.91,57.13,62.3,15.24,33.5,91.0,53.83,16.06,,22.8
2025-05-02,20.1,54.06,34.17,133.23,45.05,11.28,72.5,25.53,87.19,91.91,18.11,18.95,93.38,54.92,51.29,23.37,16.54,21.23,13.8,55.47,23.94,30.32,17.66,62.5,59.94,17.03,11.4,14.26,32.8,46.16,9.81,58.6,43.4,16.03,10.6,18.4,20.4,39.1,25.62,14.14,12.08,56.93,58.4,15.24,34.0,86.0,53.18,16.11,,23.65
2025-05-09,20.18,58.49,34.71,135.34,47.25,11.49,70.35,25.7,87.86,99.84,18.77,19.1,99.02,57.55,51.29,26.28,16.35,21.36,14.9,54.69,25.84,32.14,17.62,62.8,59.54,18.1,12.3,15.41,34.01,49.6,10.55,58.77,44.21,16.36,10.85,18.7,20.4,39.75,26.89,14.51,12.48,56.24,62.2,15.41,38.25,89.5,53.27,16.55,,25.0
2025-05-16,21.27,59.96,36.2,135.25,47.3,11.41,72.59,26.76,88.05,100.69,18.74,19.45,103.28,58.21,52.16,27.31,16.92,21.48,16.45,54.2,26.07,34.0,18.49,62.5,62.9,18.19,12.15,15.27,34.59,52.59,10.68,60.74,45.56,16.5,11.31,19.0,21.07,39.8,28.69,14.92,12.96,57.13,58.0,16.07,40.0,90.0,53.73,18.05,101.0,24.5
2025-05-23,21.6,57.8,35.46,137.37,48.67,12.99,70.08,26.63,84.12,99.6,18.61,21.4,99.95,59.34,51.58,26.62,17.04,21.32,16.25,53.52,25.57,31.95,18.49,63.2,63.29,17.57,12.45,14.9,33.24,51.29,11.05,60.23,44.62,16.92,11.36,18.65,20.76,41.8,29.37,15.5,12.63,56.43,68.8,15.98,46.5,87.8,52.87,18.1,90.3,25.65
2025-05-30,21.1,59.57,35.6,131.79,49.61,13.21,71.06,26.28,86.13,98.0,18.47,22.7,99.44,61.23,57.87,28.3,16.73,21.44,16.3,53.32,26.71,31.8,18.26,62.0,61.22,18.05,14.15,15.83,33.38,53.56,10.84,61.34,43.99,17.16,11.4,18.4,20.85,40.7,29.66,16.28,12.63,56.04,77.6,15.72,49.2,87.0,52.48,17.95,89.0,27.5
2025-06-06,21.0,59.86,34.86,131.89,48.53,12.73,71.96,26.21,86.04,98.3,18.61,24.1,98.16,59.34,55.65,27.95,16.81,21.69,16.2,52.25,26.89,31.2,18.11,65.0,59.64,17.81,14.3,16.48,36.19,49.15,11.09,66.73,44.26,17.44,11.52,18.2,20.98,41.75,29.52,16.36,12.49,55.74,76.0,15.68,48.5,90.0,52.87,17.8,88.2,26.5
2025-06-13,21.05,58.49,35.16,131.31,48.33,12.05,71.87,27.38,88.82,98.8,19.71,22.65,99.35,60.66,53.81,26.82,16.65,21.98,16.3,51.47,26.57,31.6,18.64,65.4,62.3,17.32,14.3,15.51,37.7,50.64,10.59,65.94,44.3,17.82,11.26,17.95,20.58,44.9,30.39,15.66,12.58,55.84,68.4,15.72,42.75,88.0,53.06,18.15,88.2,24.55
2025-06-20,21.45,57.6,35.6,134.1,49.61,12.18,74.83,28.34,92.74,99.6,21.24,23.5,99.95,65.47,54.1,28.79,17.08,22.48,16.6,57.62,27.43,31.9,19.35,67.5,63.19,17.71,15.45,16.66,39.15,51.68,10.8,67.31,44.66,17.92,11.44,18.15,21.34,46.6,33.12,15.99,12.72,56.73,70.2,15.9,43.4,88.7,54.11,18.45,93.5,24.6
2025-06-27,21.2,61.93,35.7,133.71,51.17,12.69,75.28,28.79,94.76,99.5,20.93,22.95,100.98,64.05,53.62,29.92,16.81,22.85,16.55,55.67,26.34,31.95,19.27,76.8,64.87,18.68,15.0,16.34,37.3,53.17,10.72,66.23,45.66,18.29,11.3,18.15,21.91,46.35,33.07,16.07,12.77,56.33,77.0,15.9,47.75,87.2,55.26,18.5,94.6,24.8
2025-07-04,21.85,64.39,36.15,133.71,53.82,12.91,75.46,29.3,97.73,100.7,21.29,23.4,105.46,62.55,58.55,28.89,17.39,23.25,16.95,54.69,26.98,32.75,19.5,74.6,65.36,18.87,15.2,16.99,37.25,53.69,11.13,65.54,44.5,18.62,11.35,18.5,23.02,47.05,34.05,17.18,13.11,58.02,76.0,16.16,45.95,89.8,55.26,18.75,94.1,25.15
2025-07-11,22.7,66.84,37.88,138.81,52.65,12.82,74.74,30.61,99.36,100.5,21.4,24.5,108.99,63.96,60.2,29.58,18.85,26.0,17.65,55.18,27.52,33.0,20.02,76.5,66.94,18.78,15.1,17.36,37.7,54.02,11.13,65.84,46.18,18.95,12.4,19.3,26.36,47.65,34.05,19.61,14.15,62.3,87.9,16.99,54.0,100.0,57.17,20.15,92.3,28.6
2025-07-18,22.65,66.55,37.93,137.18,51.47,13.98,77.16,30.92,98.3,101.3,22.09,25.15,108.47,64.15,57.2,29.97,18.81,25.9,17.95,54.69,29.0,34.6,20.4,79.1,69.7,19.45,16.95,19.02,37.3,55.96,11.59,67.41,46.23,20.46,12.4,19.8,28.27,50.2,35.31,20.14,14.39,61.5,96.0,17.1,59.5,93.3,57.55,21.35,90.1,29.45
2025-07-25,23.6,68.61,38.42,139.77,50.98,14.11,75.46,31.29,100.79,103.0,23.78,27.7,109.56,64.71,58.4,30.76,21.78,26.05,18.65,53.91,28.7,35.25,21.34,75.8,70.1,19.84,17.1,19.21,38.1,56.09,11.79,68.59,47.09,22.06,13.14,20.7,30.22,48.8,34.29,21.05,14.87,61.6,93.7,18.4,57.05,121.9,60.42,24.05,87.6,29.5
2025-08-01,23.0,68.71,36.79,135.35,49.02,14.15,73.48,30.4,97.34,101.7,23.87,26.2,105.9,63.68,56.0,29.28,20.82,25.15,18.5,53.52,27.7,34.5,20.36,72.5,65.2,19.84,17.25,18.7,35.8,58.63,11.79,64.46,45.99,22.35,15.19,19.6,29.51,49.4,33.22,18.91,14.96,59.81,89.9,19.0,52.0,119.0,57.36,25.8,81.9,28.45
2025-08-08,24.25,69.4,39.26,136.41,50.98,17.52,74.02,32.73,103.0,102.6,28.4,26.7,104.51,66.12,59.0,30.17,21.63,28.0,19.5,53.42,31.7,35.4,22.91,76.7,72.0,20.95,18.55,21.3,38.2,55.7,12.54,66.92,45.9,23.53,16.28,20.1,31.56,54.0,36.87,20.39,18.44,61.5,94.8,20.25,58.5,121.5,58.12,29.55,84.0,30.0
2025-08-15,26.55,69.0,40.55,130.35,60.59,24.18,72.32,33.63,99.26,102.2,28.1,29.7,100.36,65.65,59.7,30.96,23.9,28.0,19.45,53.22,35.5,39.0,28.25,83.1,70.5,21.0,18.15,24.0,38.5,55.96,13.12,65.54,45.56,23.53,18.2,20.65,32.49,53.9,36.63,20.31,18.59,63.89,94.0,20.35,59.1,145.6,58.31,31.1,82.9,30.3
2025-08-22,27.85,65.37,42.77,129.38,55.98,23.88,66.76,34.93,94.66,101.0,26.3,28.95,97.98,64.05,61.7,29.09,24.94,26.0,18.4,52.25,34.0,47.0,26.9,81.0,70.3,20.66,15.9,24.0,35.95,55.06,13.66,63.48,43.93,23.05,17.02,22.1,31.78,55.5,37.99,19.59,20.59,64.18,98.1,23.6,62.05,140.0,56.12,35.95,80.8,30.0
2025-08-29,27.8,65.86,42.38,138.52,57.74,22.02,69.09,35.2,94.09,101.7,26.7,29.7,100.55,63.8,69.1,28.64,25.79,27.5,18.35,52.64,36.5,45.0,27.75,83.0,78.0,21.58,16.8,24.55,36.1,55.58,13.61,64.17,44.65,23.1,18.55,21.4,37.52,55.6,38.58,20.88,19.92,68.16,104.5,22.6,64.15,144.5,57.65,35.0,80.2,30.4
2025-09-05,27.15,66.55,41.49,144.2,57.35,22.71,69.45,34.52,93.8,102.5,27.3,28.75,102.34,63.8,66.5,29.38,24.9,28.8,20.25,53.22,35.45,44.45,27.4,83.0,75.0,21.44,17.3,25.1,36.6,56.61,13.37,66.13,45.37,23.1,17.76,21.0,36.0,56.0,38.48,21.88,19.64,67.07,100.0,22.25,62.5,142.0,58.22,33.5,80.4,30.3
2025-09-12,26.3,65.76,40.5,145.06,56.57,23.9,68.64,34.59,93.42,101.5,26.65,27.2,100.55,62.5,69.2,28.94,24.29,30.0,20.5,52.93,34.8,44.1,26.6,86.0,79.0,21.2,15.75,23.65,35.6,57.13,12.79,65.74,44.74,22.77,17.31,19.65,37.25,55.4,37.6,20.64,18.59,65.38,105.5,21.25,68.9,146.0,60.42,31.6,80.3,30.75
2025-09-19,25.35,67.73,39.36,143.53,56.76,23.45,73.31,35.14,92.65,102.0,25.8,26.1,101.94,62.5,72.9,28.2,23.28,29.25,19.3,50.78,34.3,46.5,26.65,83.9,78.6,22.94,15.95,23.5,35.35,57.46,12.66,65.94,44.12,22.58,17.51,19.6,35.87,55.2,37.41,19.73,17.73,62.59,101.7,20.3,76.6,137.2,59.27,30.4,80.0,29.45
2025-09-26,25.65,66.55,40.1,138.04,55.39,26.85,73.48,34.79,91.4,101.8,26.25,25.7,96.5,61.5,70.0,28.1,23.25,28.55,19.35,51.17,34.5,48.05,26.25,82.2,77.9,22.89,15.6,24.55,34.8,55.9,12.37,65.25,43.78,22.72,16.97,19.5,34.64,56.5,37.7,20.97,17.92,62.59,99.0,19.8,82.0,132.5,58.41,30.4,80.2,29.4
2025-10-03,25.65,65.27,39.36,135.64,51.96,24.5,73.93,34.86,87.67,101.8,24.05,25.2,92.44,60.1,65.9,26.32,23.28,27.65,18.05,51.17,31.75,52.5,26.55,80.0,77.0,22.45,15.1,21.6,33.45,54.78,11.63,63.48,43.69,22.63,16.48,19.0,34.32,57.0,38.35,20.4,17.82,61.7,100.0,19.75,88.25,129.3,58.6,29.5,80.0,32.75
2025-10-10,26.95,64.97,40.75,138.04,53.43,26.8,78.5,37.88,90.35,102.2,24.45,26.8,95.11,60.9,68.5,27.66,24.56,29.6,19.0,50.88,32.45,51.6,27.45,84.1,82.0,22.79,15.6,23.65,34.05,56.1,12.08,64.17,43.98,25.22,17.76,19.45,37.1,60.4,39.35,23.55,18.68,64.2,123.0,20.35,96.0,133.3,59.65,32.1,89.0,40.35
2025-10-17,25.75,64.78,39.05,154.88,49.51,30.35,74.83,36.08,89.3,101.4,23.15,25.8,87.19,58.6,68.0,26.72,25.06,28.0,18.25,50.78,33.9,49.5,27.1,88.0,84.5,21.73,16.6,26.0,33.55,59.46,11.71,61.9,43.4,23.95,17.86,18.45,37.19,59.0,40.65,23.36,18.35,61.9,116.0,19.7,102.0,175.0,58.8,31.95,79.0,41.0
2025-10-24,25.0,64.68,36.9,167.38,47.79,26.7,80.56,34.42,88.53,104.9,23.0,22.6,96.69,59.6,66.8,26.18,25.21,26.4,16.3,50.78,33.8,52.2,24.4,79.3,85.7,23.05,14.3,23.65,34.3,62.7,11.09,61.11,43.3,24.09,16.08,18.0,32.82,54.5,36.1,20.97,17.06,59.5,114.5,18.5,109.5,180.0,58.1,29.2,82.2,38.8
2025-10-31,25.5,64.88,37.4,163.53,49.8,24.05,92.75,33.87,91.98,105.6,24.0,22.15,102.83,61.6,68.1,28.64,24.67,26.7,16.75,50.39,35.85,50.7,23.6,79.6,82.6,24.05,13.65,22.55,34.55,62.43,11.88,64.95,43.98,23.9,16.23,17.7,31.27,55.5,35.1,20.64,16.65,59.6,99.2,18.55,95.5,187.0,57.6,28.7,77.1,33.3
2025-11-07,24.9,66.84,37.5,163.05,50.98,22.8,75.9,33.87,89.2,103.1,23.65,21.45,99.96,62.9,63.4,27.41,23.13,26.05,16.85,50.78,32.5,49.3,23.3,76.8,76.5,23.05,13.0,21.15,34.0,57.75,11.75,63.58,44.22,23.76,15.09,17.2,30.04,48.35,33.0,20.02,16.5,59.3,92.0,18.3,99.85,178.0,57.6,27.5,71.5,31.35
2025-11-14,24.95,66.35,38.35,164.4,55.3,25.15,78.86,33.56,95.24,103.7,23.85,21.35,98.97,62.8,62.5,28.4,23.02,26.9,17.05,51.47,34.65,49.9,23.5,78.0,81.4,24.25,14.15,22.2,34.5,59.4,12.33,65.35,45.18,23.81,16.13,17.0,31.86,48.05,35.1,20.31,16.95,60.0,93.9,18.5,105.5,176.4,62.8,27.8,72.0,32.1
2025-11-21,24.7,65.86,37.6,156.6,54.1,26.3,76.98,33.94,92.74,102.8,23.6,22.3,99.76,61.9,63.2,27.8,24.06,27.4,17.1,51.37,34.85,48.55,23.2,77.5,80.0,23.9,15.4,22.6,33.95,57.48,12.37,65.94,44.79,23.86,16.43,17.15,31.27,51.3,34.25,20.5,17.25,59.0,99.3,18.55,114.85,194.6,59.9,28.55,74.5,32.2
2025-11-28,24.25,65.47,37.1,157.9,52.1,26.75,76.62,33.87,90.35,102.6,23.1,22.0,96.1,63.4,64.0,27.3,24.67,26.55,16.7,50.78,35.0,48.6,23.25,77.4,79.9,23.3,14.8,22.5,33.9,60.06,12.62,64.17,44.5,23.57,16.57,17.3,29.9,48.6,33.75,20.45,17.3,57.4,102.9,18.5,130.2,203.5,64.0,29.25,95.0,34.25
2025-12-05,24.35,64.88,37.8,160.1,52.0,26.3,76.62,35.6,91.02,103.8,23.2,22.75,96.2,64.0,61.0,27.4,25.4,27.0,16.65,50.88,33.95,48.1,25.15,78.2,85.1,23.85,14.85,22.2,34.4,60.45,12.46,63.18,47.76,23.76,16.52,17.7,29.4,49.2,34.7,20.4,17.4,58.3,107.0,18.65,142.8,207.5,63.4,29.85,104.0,33.8
2025-12-12,23.5,64.19,37.0,176.0,52.0,23.4,72.54,34.21,88.14,102.0,22.0,20.7,93.7,61.3,57.4,25.3,23.28,26.0,15.4,50.0,30.5,44.2,24.0,73.5,78.5,22.55,13.35,19.7,33.7,59.26,11.55,61.31,47.96,23.01,15.78,17.3,28.1,46.0,32.0,18.6,16.35,56.8,94.1,17.3,144.0,185.0,60.2,26.55,84.7,27.45
2025-12-19,23.9,60.26,37.7,174.0,54.0,23.45,71.9,34.45,67.26,101.4,22.5,21.5,93.9,64.0,59.5,26.45,25.95,26.7,15.9,51.56,32.65,43.5,24.7,75.8,82.9,24.2,13.85,19.3,34.85,61.05,12.2,60.92,47.67,23.34,15.93,17.5,30.8,49.0,33.6,18.8,16.85,57.5,101.5,17.6,148.5,199.9,64.0,28.45,93.8,31.7
2025-12-26,23.9,58.58,38.8,176.6,55.9,22.6,71.52,35.2,60.9,101.4,22.1,21.55,92.5,70.5,59.5,25.5,27.6,26.9,16.05,50.78,32.05,41.5,24.85,75.3,87.0,24.15,13.25,19.35,35.55,63.29,12.8,60.33,46.76,22.82,16.13,17.3,30.75,57.5,33.9,18.7,16.95,57.1,110.0,17.6,155.0,207.9,61.5,28.15,92.1,32.0
2026-01-02,24.0,60.75,38.9,175.0,56.8,20.9,72.38,35.75,68.5,102.3,22.25,21.3,95.8,72.4,61.0,26.2,29.7,26.4,15.75,50.78,31.5,41.8,25.3,77.0,88.4,24.35,13.35,18.8,35.3,64.02,12.7,60.03,47.0,23.67,16.13,17.45,30.25,58.0,34.9,18.3,17.1,57.5,124.0,17.75,169.6,209.0,61.2,28.65,94.2,33.65
2026-01-09,24.55,69.79,46.05,175.1,67.5,18.35,68.95,40.75,62.7,102.9,23.75,21.3,97.4,97.1,62.0,31.6,27.9,26.2,15.6,50.3,28.6,41.2,27.3,76.5,86.0,24.4,12.55,17.25,43.0,68.64,14.4,60.03,46.95,23.01,16.28,17.35,30.35,51.8,36.65,15.95,17.6,68.0,140.0,17.95,176.0,198.7,61.0,28.25,93.1,35.0
2026-01-16,24.85,76.18,51.1,173.5,73.7,18.65,72.95,39.6,66.0,106.7,24.1,23.0,105.3,99.8,63.9,35.9,28.45,27.6,16.7,50.3,29.75,41.75,27.05,81.4,87.0,25.95,13.05,17.5,52.0,71.77,14.25,62.69,52.5,22.91,16.13,18.0,32.65,58.4,35.8,15.9,17.4,73.0,124.1,18.2,159.9,184.0,69.6,28.9,93.0,32.0
2026-01-23,25.05,68.12,50.8,158.0,72.6,18.6,71.04,39.0,73.9,103.6,24.55,22.55,101.0,100.8,68.5,36.9,29.6,26.75,16.35,50.1,28.9,42.4,26.95,79.0,85.8,26.05,12.5,17.8,54.6,74.9,13.9,61.8,49.3,22.68,16.08,17.65,31.9,62.6,36.5,15.35,17.25,68.6,122.5,17.8,165.4,193.6,67.2,28.5,93.8,32.4
2026-01-30,24.1,66.94,53.9,163.0,69.8,18.45,73.14,38.75,68.6,104.0,23.95,20.85,104.5,117.0,68.5,39.85,28.3,26.8,16.1,50.0,27.5,41.65,27.2,84.0,92.9,26.3,13.0,17.7,58.9,84.63,13.75,61.11,49.9,22.54,15.78,17.15,31.15,63.0,35.9,15.7,17.2,70.5,106.0,17.8,140.5,170.5,70.6,28.0,92.5,30.2
2026-02-06,23.0,64.39,51.4,155.5,78.0,17.1,76.28,37.4,65.3,103.0,24.7,20.6,97.6,115.0,71.5,39.0,26.5,26.8,15.6,52.1,25.4,41.9,27.35,78.2,88.4,26.75,12.2,17.0,57.0,72.57,13.5,60.33,48.75,22.44,15.14,16.8,29.9,61.5,34.6,14.7,16.8,65.1,97.5,16.7,131.0,166.0,69.1,26.8,83.0,28.05
2026-02-13,23.85,63.3,46.9,159.0,76.0,17.9,77.04,38.6,68.4,103.5,25.0,23.1,96.3,101.6,75.0,36.4,28.2,26.85,15.5,52.1,28.3,42.05,28.3,78.0,92.8,27.25,12.65,17.4,52.0,79.96,13.4,60.62,48.5,22.54,15.24,17.0,31.4,62.6,35.45,16.65,17.5,64.4,109.0,17.25,160.0,169.2,69.5,28.3,85.6,29.8
2026-02-20,,,,,,,,,,,,,,,,,,,,,,,,,,,,,,,,,,,,,,,,,,,,,,,,,,
2026-02-27,24.55,67.3,47.9,158.5,81.1,17.65,84.38,38.25,73.8,104.6,27.6,23.4,92.9,107.9,84.4,40.0,27.95,28.8,16.15,51.3,27.25,43.05,28.5,79.0,93.1,27.75,12.3,16.4,57.8,81.23,14.5,61.8,48.4,22.72,15.74,16.9,32.4,65.5,36.25,15.2,18.4,64.9,108.0,17.3,172.0,175.8,68.2,28.95,83.5,29.05
2026-03-06,23.3,58.6,43.55,151.0,76.6,16.25,76.95,35.65,73.1,103.2,31.15,22.05,81.6,112.1,78.0,37.75,25.9,27.25,14.8,50.3,25.7,42.25,26.7,73.3,82.7,27.65,11.25,15.6,62.0,76.3,14.55,62.0,45.6,21.69,15.19,17.0,31.5,63.8,31.45,13.8,16.85,61.6,95.0,16.7,156.5,156.4,62.4,26.65,76.7,26.25
2026-03-13,23.45,53.7,40.65,138.5,72.7,16.65,76.57,34.0,77.4,101.3,33.2,22.5,77.0,91.8,75.9,34.0,25.6,26.65,14.35,51.2,26.0,41.5,26.15,73.9,82.0,26.65,12.65,15.45,48.4,77.9,13.3,63.8,44.4,21.22,14.75,16.55,28.4,65.8,30.0,15.1,16.0,59.0,98.0,16.9,144.6,156.8,63.1,25.65,79.3,25.25
2026-03-20,23.0,52.8,39.75,129.5,76.0,16.3,79.04,33.6,55.5,100.8,28.85,22.25,74.6,82.0,77.2,30.75,25.0,25.9,14.2,49.95,25.5,41.1,25.95,71.3,79.7,25.95,13.45,15.15,42.8,76.1,13.15,67.4,42.6,19.42,14.7,16.9,26.95,63.4,29.85,14.9,15.8,58.0,100.0,16.8,135.0,157.3,60.0,25.05,79.0,26.15
2026-03-27,23.8,54.3,39.85,128.2,84.0,19.1,81.61,34.8,51.8,101.0,30.8,22.75,76.1,82.1,78.5,32.1,25.3,26.5,14.9,49.35,26.4,41.8,26.15,73.3,81.0,27.9,14.3,16.4,42.25,73.23,13.05,71.7,44.15,21.5,15.19,16.9,27.05,59.9,30.65,16.7,16.25,58.8,103.0,17.0,132.6,157.0,61.5,26.45,83.0,25.75
2026-04-03,23.5,53.2,39.05,126.1,85.0,18.0,76.19,33.8,56.5,100.7,28.8,22.15,74.0,79.7,70.7,32.05,25.6,26.65,14.8,48.95,25.3,43.1,25.95,75.3,79.3,26.0,14.3,15.9,40.2,72.5,12.65,64.4,44.1,20.65,14.9,16.8,27.0,60.8,29.75,16.5,16.0,57.7,119.2,16.65,141.0,161.1,60.0,25.8,83.2,26.5
2026-04-10,23.85,55.5,40.8,133.0,76.4,18.55,78.09,35.0,54.0,100.4,29.1,23.1,77.7,80.7,72.6,33.65,26.15,28.0,15.3,48.8,26.2,49.3,26.7,78.0,81.5,26.2,16.8,16.4,41.15,72.63,13.0,65.8,45.8,20.6,15.4,17.15,28.6,66.9,32.25,17.0,16.3,59.8,121.1,17.45,151.7,167.0,62.8,27.3,81.0,27.5
2026-04-17,23.75,55.7,40.3,148.1,72.6,19.0,78.8,34.85,54.5,99.7,28.9,22.4,76.0,80.1,74.6,33.5,26.2,28.0,16.0,48.0,26.05,46.0,26.45,79.5,86.9,26.0,17.05,16.15,39.95,73.97,13.25,64.4,45.5,20.65,15.3,16.85,28.55,64.0,32.25,17.1,16.25,59.5,135.7,17.35,187.9,177.8,61.3,28.25,82.8,28.6
2026-04-24,23.5,54.3,41.6,148.6,71.0,18.85,86.7,35.5,53.5,99.6,27.0,22.4,74.3,77.4,74.2,32.6,26.6,27.8,15.7,46.8,25.6,46.5,26.4,78.2,84.5,24.6,19.2,16.05,39.3,71.7,12.75,62.2,48.2,20.5,14.8,16.7,27.95,65.4,33.3,17.1,16.3,62.8,149.0,17.2,214.5,174.9,62.0,27.4,83.5,29.05
