date,ACB,BCM,BID,BMP,BVH,CII,CTD,CTG,DGC,DHG,DPM,EIB,FPT,GAS,GMD,GVR,HDB,HPG,HSG,KDC,KDH,LPB,MBB,MSN,MWG,NT2,NVL,PDR,PLX,PNJ,POW,REE,SAB,SBT,SHB,SSB,SSI,STB,TCB,TCH,TPB,VCB,VHM,VIB,VIC,VJC,VNM,VPB,VPL,VRE,E1VFVN30
2014-10-06 07:00:00,,,,,,,,,,,,,,,,,,,,,,,,,,,,,,,,,,,,,,,,,,,,,,,,,,,10.4
2014-10-07 07:00:00,,,,,,,,,,,,,,,,,,,,,,,,,,,,,,,,,,,,,,,,,,,,,,,,,,,10.3
2014-10-08 07:00:00,,,,,,,,,,,,,,,,,,,,,,,,,,,,,,,,,,,,,,,,,,,,,,,,,,,10.3
2014-10-09 07:00:00,,,,,,,,,,,,,,,,,,,,,,,,,,,,,,,,,,,,,,,,,,,,,,,,,,,10.2
2014-10-10 07:00:00,,,,,,,,,,,,,,,,,,,,,,,,,,,,,,,,,,,,,,,,,,,,,,,,,,,9.9
2014-10-13 07:00:00,,,,,,,,,,,,,,,,,,,,,,,,,,,,,,,,,,,,,,,,,,,,,,,,,,,9.9
2014-10-14 07:00:00,,,,,,,,,,,,,,,,,,,,,,,,,,,,,,,,,,,,,,,,,,,,,,,,,,,9.9
2014-10-15 07:00:00,,,,,,,,,,,,,,,,,,,,,,,,,,,,,,,,,,,,,,,,,,,,,,,,,,,9.9
2014-10-16 07:00:00,,,,,,,,,,,,,,,,,,,,,,,,,,,,,,,,,,,,,,,,,,,,,,,,,,,9.6
2014-10-17 07:00:00,,,,,,,,,,,,,,,,,,,,,,,,,,,,,,,,,,,,,,,,,,,,,,,,,,,9.7
2014-10-20 07:00:00,,,,,,,,,,,,,,,,,,,,,,,,,,,,,,,,,,,,,,,,,,,,,,,,,,,9.8
2014-10-21 07:00:00,,,,,,,,,,,,,,,,,,,,,,,,,,,,,,,,,,,,,,,,,,,,,,,,,,,9.9
2014-10-22 07:00:00,,,,,,,,,,,,,,,,,,,,,,,,,,,,,,,,,,,,,,,,,,,,,,,,,,,9.8
2014-10-23 07:00:00,,,,,,,,,,,,,,,,,,,,,,,,,,,,,,,,,,,,,,,,,,,,,,,,,,,9.8
2014-10-24 07:00:00,,,,,,,,,,,,,,,,,,,,,,,,,,,,,,,,,,,,,,,,,,,,,,,,,,,9.7
2014-10-27 07:00:00,,,,,,,,,,,,,,,,,,,,,,,,,,,,,,,,,,,,,,,,,,,,,,,,,,,9.6
2014-10-28 07:00:00,,,,,,,,,,,,,,,,,,,,,,,,,,,,,,,,,,,,,,,,,,,,,,,,,,,9.5
2014-10-29 07:00:00,,,,,,,,,,,,,,,,,,,,,,,,,,,,,,,,,,,,,,,,,,,,,,,,,,,9.8
2014-10-30 07:00:00,,,,,,,,,,,,,,,,,,,,,,,,,,,,,,,,,,,,,,,,,,,,,,,,,,,9.7
2014-10-31 07:00:00,,,,,,,,,,,,,,,,,,,,,,,,,,,,,,,,,,,,,,,,,,,,,,,,,,,9.9
2014-11-03 07:00:00,,,,,,,,,,,,,,,,,,,,,,,,,,,,,,,,,,,,,,,,,,,,,,,,,,,10.1
2014-11-04 07:00:00,,,,,,,,,,,,,,,,,,,,,,,,,,,,,,,,,,,,,,,,,,,,,,,,,,,10.1
2014-11-05 07:00:00,,,,,,,,,,,,,,,,,,,,,,,,,,,,,,,,,,,,,,,,,,,,,,,,,,,10.0
2014-11-06 07:00:00,,,,,,,,,,,,,,,,,,,,,,,,,,,,,,,,,,,,,,,,,,,,,,,,,,,9.8
2014-11-07 07:00:00,,,,,,,,,,,,,,,,,,,,,,,,,,,,,,,,,,,,,,,,,,,,,,,,,,,9.8
2014-11-10 07:00:00,,,,,,,,,,,,,,,,,,,,,,,,,,,,,,,,,,,,,,,,,,,,,,,,,,,9.9
2014-11-11 07:00:00,,,,,,,,,,,,,,,,,,,,,,,,,,,,,,,,,,,,,,,,,,,,,,,,,,,10.0
2014-11-12 07:00:00,,,,,,,,,,,,,,,,,,,,,,,,,,,,,,,,,,,,,,,,,,,,,,,,,,,9.9
2014-11-13 07:00:00,,,,,,,,,,,,,,,,,,,,,,,,,,,,,,,,,,,,,,,,,,,,,,,,,,,10.0
2014-11-14 07:00:00,,,,,,,,,,,,,,,,,,,,,,,,,,,,,,,,,,,,,,,,,,,,,,,,,,,9.9
2014-11-17 07:00:00,,,,,,,,,,,,,,,,,,,,,,,,,,,,,,,,,,,,,,,,,,,,,,,,,,,9.9
2014-11-18 07:00:00,,,,,,,,,,,,,,,,,,,,,,,,,,,,,,,,,,,,,,,,,,,,,,,,,,,9.9
2014-11-19 07:00:00,,,,,,,,,,,,,,,,,,,,,,,,,,,,,,,,,,,,,,,,,,,,,,,,,,,9.8
2014-11-20 07:00:00,,,,,,,,,,,,,,,,,,,,,,,,,,,,,,,,,,,,,,,,,,,,,,,,,,,9.9
2014-11-21 07:00:00,,,,,,,,,,,,,,,,,,,,,,,,,,,,,,,,,,,,,,,,,,,,,,,,,,,9.6
2014-11-24 07:00:00,,,,,,,,,,,,,,,,,,,,,,,,,,,,,,,,,,,,,,,,,,,,,,,,,,,9.5
2014-11-25 07:00:00,,,,,,,,,,,,,,,,,,,,,,,,,,,,,,,,,,,,,,,,,,,,,,,,,,,9.7
2014-11-26 07:00:00,,,,,,,,,,,,,,,,,,,,,,,,,,,,,,,,,,,,,,,,,,,,,,,,,,,9.5
2014-11-27 07:00:00,,,,,,,,,,,,,,,,,,,,,,,,,,,,,,,,,,,,,,,,,,,,,,,,,,,9.5
2014-11-28 07:00:00,,,,,,,,,,,,,,,,,,,,,,,,,,,,,,,,,,,,,,,,,,,,,,,,,,,9.5
2014-12-01 07:00:00,,,,,,,,,,,,,,,,,,,,,,,,,,,,,,,,,,,,,,,,,,,,,,,,,,,9.7
2014-12-02 07:00:00,,,,,,,,,,,,,,,,,,,,,,,,,,,,,,,,,,,,,,,,,,,,,,,,,,,9.5
2014-12-03 07:00:00,,,,,,,,,,,,,,,,,,,,,,,,,,,,,,,,,,,,,,,,,,,,,,,,,,,9.6
2014-12-04 07:00:00,,,,,,,,,,,,,,,,,,,,,,,,,,,,,,,,,,,,,,,,,,,,,,,,,,,9.7
2014-12-05 07:00:00,,,,,,,,,,,,,,,,,,,,,,,,,,,,,,,,,,,,,,,,,,,,,,,,,,,9.7
2014-12-08 07:00:00,,,,,,,,,,,,,,,,,,,,,,,,,,,,,,,,,,,,,,,,,,,,,,,,,,,9.6
2014-12-09 07:00:00,,,,,,,,,,,,,,,,,,,,,,,,,,,,,,,,,,,,,,,,,,,,,,,,,,,9.4
2014-12-10 07:00:00,,,,,,,,,,,,,,,,,,,,,,,,,,,,,,,,,,,,,,,,,,,,,,,,,,,9.5
2014-12-11 07:00:00,,,,,,,,,,,,,,,,,,,,,,,,,,,,,,,,,,,,,,,,,,,,,,,,,,,9.5
2014-12-12 07:00:00,,,,,,,,,,,,,,,,,,,,,,,,,,,,,,,,,,,,,,,,,,,,,,,,,,,9.5
2014-12-15 07:00:00,,,,,,,,,,,,,,,,,,,,,,,,,,,,,,,,,,,,,,,,,,,,,,,,,,,9.5
2014-12-16 07:00:00,,,,,,,,,,,,,,,,,,,,,,,,,,,,,,,,,,,,,,,,,,,,,,,,,,,9.3
2014-12-17 07:00:00,,,,,,,,,,,,,,,,,,,,,,,,,,,,,,,,,,,,,,,,,,,,,,,,,,,8.9
2014-12-18 07:00:00,,,,,,,,,,,,,,,,,,,,,,,,,,,,,,,,,,,,,,,,,,,,,,,,,,,9.0
2014-12-19 07:00:00,,,,,,,,,,,,,,,,,,,,,,,,,,,,,,,,,,,,,,,,,,,,,,,,,,,9.0
2014-12-22 07:00:00,,,,,,,,,,,,,,,,,,,,,,,,,,,,,,,,,,,,,,,,,,,,,,,,,,,9.2
2014-12-23 07:00:00,,,,,,,,,,,,,,,,,,,,,,,,,,,,,,,,,,,,,,,,,,,,,,,,,,,9.1
2014-12-24 07:00:00,,,,,,,,,,,,,,,,,,,,,,,,,,,,,,,,,,,,,,,,,,,,,,,,,,,9.1
2014-12-25 07:00:00,,,,,,,,,,,,,,,,,,,,,,,,,,,,,,,,,,,,,,,,,,,,,,,,,,,9.1
2014-12-26 07:00:00,,,,,,,,,,,,,,,,,,,,,,,,,,,,,,,,,,,,,,,,,,,,,,,,,,,9.2
2014-12-29 07:00:00,,,,,,,,,,,,,,,,,,,,,,,,,,,,,,,,,,,,,,,,,,,,,,,,,,,9.2
2014-12-30 07:00:00,,,,,,,,,,,,,,,,,,,,,,,,,,,,,,,,,,,,,,,,,,,,,,,,,,,9.3
2014-12-31 07:00:00,,,,,,,,,,,,,,,,,,,,,,,,,,,,,,,,,,,,,,,,,,,,,,,,,,,9.4
2015-01-05 07:00:00,,,,,,,,,,,,,,,,,,,,,,,,,,,,,,,,,,,,,,,,,,,,,,,,,,,9.4
2015-01-06 07:00:00,,,,,,,,,,,,,,,,,,,,,,,,,,,,,,,,,,,,,,,,,,,,,,,,,,,9.4
2015-01-07 07:00:00,,,,,,,,,,,,,,,,,,,,,,,,,,,,,,,,,,,,,,,,,,,,,,,,,,,9.4
2015-01-08 07:00:00,,,,,,,,,,,,,,,,,,,,,,,,,,,,,,,,,,,,,,,,,,,,,,,,,,,9.3
2015-01-09 07:00:00,,,,,,,,,,,,,,,,,,,,,,,,,,,,,,,,,,,,,,,,,,,,,,,,,,,9.5
2015-01-12 07:00:00,,,,,,,,,,,,,,,,,,,,,,,,,,,,,,,,,,,,,,,,,,,,,,,,,,,9.6
2015-01-13 07:00:00,,,,,,,,,,,,,,,,,,,,,,,,,,,,,,,,,,,,,,,,,,,,,,,,,,,9.6
2015-01-14 07:00:00,,,,,,,,,,,,,,,,,,,,,,,,,,,,,,,,,,,,,,,,,,,,,,,,,,,9.6
2015-01-15 07:00:00,,,,,,,,,,,,,,,,,,,,,,,,,,,,,,,,,,,,,,,,,,,,,,,,,,,9.5
2015-01-16 07:00:00,,,,,,,,,,,,,,,,,,,,,,,,,,,,,,,,,,,,,,,,,,,,,,,,,,,9.5
2015-01-19 07:00:00,,,,,,,,,,,,,,,,,,,,,,,,,,,,,,,,,,,,,,,,,,,,,,,,,,,9.5
2015-01-20 07:00:00,,,,,,,,,,,,,,,,,,,,,,,,,,,,,,,,,,,,,,,,,,,,,,,,,,,9.4
2015-01-21 07:00:00,,,,,,,,,,,,,,,,,,,,,,,,,,,,,,,,,,,,,,,,,,,,,,,,,,,9.4
2015-01-22 07:00:00,,,,,,,,,,,,,,,,,,,,,,,,,,,,,,,,,,,,,,,,,,,,,,,,,,,9.4
2015-01-23 07:00:00,,,,,,,,,,,,,,,,,,,,,,,,,,,,,,,,,,,,,,,,,,,,,,,,,,,9.5
2015-01-26 07:00:00,,,,,,,,,,,,,,,,,,,,,,,,,,,,,,,,,,,,,,,,,,,,,,,,,,,9.5
2015-01-27 07:00:00,,,,,,,,,,,,,,,,,,,,,,,,,,,,,,,,,,,,,,,,,,,,,,,,,,,9.5
2015-01-28 07:00:00,,,,,,,,,,,,,,,,,,,,,,,,,,,,,,,,,,,,,,,,,,,,,,,,,,,9.5
2015-01-29 07:00:00,,,,,,,,,,,,,,,,,,,,,,,,,,,,,,,,,,,,,,,,,,,,,,,,,,,9.5
2015-01-30 07:00:00,,,,,,,,,,,,,,,,,,,,,,,,,,,,,,,,,,,,,,,,,,,,,,,,,,,9.5
2015-02-02 07:00:00,,,,,,,,,,,,,,,,,,,,,,,,,,,,,,,,,,,,,,,,,,,,,,,,,,,9.3
2015-02-03 07:00:00,,,,,,,,,,,,,,,,,,,,,,,,,,,,,,,,,,,,,,,,,,,,,,,,,,,9.3
2015-02-04 07:00:00,,,,,,,,,,,,,,,,,,,,,,,,,,,,,,,,,,,,,,,,,,,,,,,,,,,9.3
2015-02-05 07:00:00,,,,,,,,,,,,,,,,,,,,,,,,,,,,,,,,,,,,,,,,,,,,,,,,,,,9.2
2015-02-06 07:00:00,,,,,,,,,,,,,,,,,,,,,,,,,,,,,,,,,,,,,,,,,,,,,,,,,,,9.2
2015-02-09 07:00:00,,,,,,,,,,,,,,,,,,,,,,,,,,,,,,,,,,,,,,,,,,,,,,,,,,,9.3
2015-02-10 07:00:00,,,,,,,,,,,,,,,,,,,,,,,,,,,,,,,,,,,,,,,,,,,,,,,,,,,9.2
2015-02-11 07:00:00,,,,,,,,,,,,,,,,,,,,,,,,,,,,,,,,,,,,,,,,,,,,,,,,,,,9.3
2015-02-12 07:00:00,,,,,,,,,,,,,,,,,,,,,,,,,,,,,,,,,,,,,,,,,,,,,,,,,,,9.4
2015-02-13 07:00:00,,,,,,,,,,,,,,,,,,,,,,,,,,,,,,,,,,,,,,,,,,,,,,,,,,,9.5
2015-02-24 07:00:00,,,,,,,,,,,,,,,,,,,,,,,,,,,,,,,,,,,,,,,,,,,,,,,,,,,9.5
2015-02-25 07:00:00,,,,,,,,,,,,,,,,,,,,,,,,,,,,,,,,,,,,,,,,,,,,,,,,,,,9.6
2015-02-26 07:00:00,,,,,,,,,,,,,,,,,,,,,,,,,,,,,,,,,,,,,,,,,,,,,,,,,,,9.5
2015-02-27 07:00:00,,,,,,,,,,,,,,,,,,,,,,,,,,,,,,,,,,,,,,,,,,,,,,,,,,,9.5
2015-03-02 07:00:00,,,,,,,,,,,,,,,,,,,,,,,,,,,,,,,,,,,,,,,,,,,,,,,,,,,9.5
2015-03-03 07:00:00,,,,,,,,,,,,,,,,,,,,,,,,,,,,,,,,,,,,,,,,,,,,,,,,,,,9.6
2015-03-04 07:00:00,,,,,,,,,,,,,,,,,,,,,,,,,,,,,,,,,,,,,,,,,,,,,,,,,,,9.6
2015-03-05 07:00:00,,,,,,,,,,,,,,,,,,,,,,,,,,,,,,,,,,,,,,,,,,,,,,,,,,,9.6
2015-03-06 07:00:00,,,,,,,,,,,,,,,,,,,,,,,,,,,,,,,,,,,,,,,,,,,,,,,,,,,9.7
2015-03-09 07:00:00,,,,,,,,,,,,,,,,,,,,,,,,,,,,,,,,,,,,,,,,,,,,,,,,,,,9.6
2015-03-10 07:00:00,,,,,,,,,,,,,,,,,,,,,,,,,,,,,,,,,,,,,,,,,,,,,,,,,,,9.6
2015-03-11 07:00:00,,,,,,,,,,,,,,,,,,,,,,,,,,,,,,,,,,,,,,,,,,,,,,,,,,,9.5
2015-03-12 07:00:00,,,,,,,,,,,,,,,,,,,,,,,,,,,,,,,,,,,,,,,,,,,,,,,,,,,9.5
2015-03-13 07:00:00,,,,,,,,,,,,,,,,,,,,,,,,,,,,,,,,,,,,,,,,,,,,,,,,,,,9.5
2015-03-16 07:00:00,,,,,,,,,,,,,,,,,,,,,,,,,,,,,,,,,,,,,,,,,,,,,,,,,,,9.4
2015-03-17 07:00:00,,,,,,,,,,,,,,,,,,,,,,,,,,,,,,,,,,,,,,,,,,,,,,,,,,,9.4
2015-03-18 07:00:00,,,,,,,,,,,,,,,,,,,,,,,,,,,,,,,,,,,,,,,,,,,,,,,,,,,9.4
2015-03-19 07:00:00,,,,,,,,,,,,,,,,,,,,,,,,,,,,,,,,,,,,,,,,,,,,,,,,,,,9.3
2015-03-20 07:00:00,,,,,,,,,,,,,,,,,,,,,,,,,,,,,,,,,,,,,,,,,,,,,,,,,,,9.3
2015-03-23 07:00:00,,,,,,,,,,,,,,,,,,,,,,,,,,,,,,,,,,,,,,,,,,,,,,,,,,,9.4
2015-03-24 07:00:00,,,,,,,,,,,,,,,,,,,,,,,,,,,,,,,,,,,,,,,,,,,,,,,,,,,9.3
2015-03-25 07:00:00,,,,,,,,,,,,,,,,,,,,,,,,,,,,,,,,,,,,,,,,,,,,,,,,,,,9.2
2015-03-26 07:00:00,,,,,,,,,,,,,,,,,,,,,,,,,,,,,,,,,,,,,,,,,,,,,,,,,,,9.2
2015-03-27 07:00:00,,,,,,,,,,,,,,,,,,,,,,,,,,,,,,,,,,,,,,,,,,,,,,,,,,,9.3
2015-03-30 07:00:00,,,,,,,,,,,,,,,,,,,,,,,,,,,,,,,,,,,,,,,,,,,,,,,,,,,9.0
2015-03-31 07:00:00,,,,,,,,,,,,,,,,,,,,,,,,,,,,,,,,,,,,,,,,,,,,,,,,,,,9.2
2015-04-01 07:00:00,,,,,,,,,,,,,,,,,,,,,,,,,,,,,,,,,,,,,,,,,,,,,,,,,,,8.9
2015-04-02 07:00:00,,,,,,,,,,,,,,,,,,,,,,,,,,,,,,,,,,,,,,,,,,,,,,,,,,,9.0
2015-04-03 07:00:00,,,,,,,,,,,,,,,,,,,,,,,,,,,,,,,,,,,,,,,,,,,,,,,,,,,9.0
2015-04-06 07:00:00,,,,,,,,,,,,,,,,,,,,,,,,,,,,,,,,,,,,,,,,,,,,,,,,,,,8.9
2015-04-07 07:00:00,,,,,,,,,,,,,,,,,,,,,,,,,,,,,,,,,,,,,,,,,,,,,,,,,,,9.0
2015-04-08 07:00:00,,,,,,,,,,,,,,,,,,,,,,,,,,,,,,,,,,,,,,,,,,,,,,,,,,,8.9
2015-04-09 07:00:00,,,,,,,,,,,,,,,,,,,,,,,,,,,,,,,,,,,,,,,,,,,,,,,,,,,9.0
2015-04-10 07:00:00,,,,,,,,,,,,,,,,,,,,,,,,,,,,,,,,,,,,,,,,,,,,,,,,,,,9.1
2015-04-13 07:00:00,,,,,,,,,,,,,,,,,,,,,,,,,,,,,,,,,,,,,,,,,,,,,,,,,,,9.0
2015-04-14 07:00:00,,,,,,,,,,,,,,,,,,,,,,,,,,,,,,,,,,,,,,,,,,,,,,,,,,,9.0
2015-04-15 07:00:00,,,,,,,,,,,,,,,,,,,,,,,,,,,,,,,,,,,,,,,,,,,,,,,,,,,9.1
2015-04-16 07:00:00,,,,,,,,,,,,,,,,,,,,,,,,,,,,,,,,,,,,,,,,,,,,,,,,,,,9.2
2015-04-17 07:00:00,,,,,,,,,,,,,,,,,,,,,,,,,,,,,,,,,,,,,,,,,,,,,,,,,,,9.3
2015-04-20 07:00:00,,,,,,,,,,,,,,,,,,,,,,,,,,,,,,,,,,,,,,,,,,,,,,,,,,,9.2
2015-04-21 07:00:00,,,,,,,,,,,,,,,,,,,,,,,,,,,,,,,,,,,,,,,,,,,,,,,,,,,9.1
2015-04-22 07:00:00,,,,,,,,,,,,,,,,,,,,,,,,,,,,,,,,,,,,,,,,,,,,,,,,,,,9.1
2015-04-23 07:00:00,,,,,,,,,,,,,,,,,,,,,,,,,,,,,,,,,,,,,,,,,,,,,,,,,,,9.1
2015-04-24 07:00:00,,,,,,,,,,,,,,,,,,,,,,,,,,,,,,,,,,,,,,,,,,,,,,,,,,,9.1
2015-04-27 07:00:00,,,,,,,,,,,,,,,,,,,,,,,,,,,,,,,,,,,,,,,,,,,,,,,,,,,9.1
2015-05-04 07:00:00,,,,,,,,,,,,,,,,,,,,,,,,,,,,,,,,,,,,,,,,,,,,,,,,,,,9.0
2015-05-05 07:00:00,,,,,,,,,,,,,,,,,,,,,,,,,,,,,,,,,,,,,,,,,,,,,,,,,,,8.9
2015-05-06 07:00:00,,,,,,,,,,,,,,,,,,,,,,,,,,,,,,,,,,,,,,,,,,,,,,,,,,,8.9
2015-05-07 07:00:00,,,,,,,,,,,,,,,,,,,,,,,,,,,,,,,,,,,,,,,,,,,,,,,,,,,9.0
2015-05-08 07:00:00,,,,,,,,,,,,,,,,,,,,,,,,,,,,,,,,,,,,,,,,,,,,,,,,,,,8.9
2015-05-11 07:00:00,,,,,,,,,,,,,,,,,,,,,,,,,,,,,,,,,,,,,,,,,,,,,,,,,,,9.0
2015-05-12 07:00:00,,,,,,,,,,,,,,,,,,,,,,,,,,,,,,,,,,,,,,,,,,,,,,,,,,,8.8
2015-05-13 07:00:00,,,,,,,,,,,,,,,,,,,,,,,,,,,,,,,,,,,,,,,,,,,,,,,,,,,8.8
2015-05-14 07:00:00,,,,,,,,,,,,,,,,,,,,,,,,,,,,,,,,,,,,,,,,,,,,,,,,,,,8.9
2015-05-15 07:00:00,,,,,,,,,,,,,,,,,,,,,,,,,,,,,,,,,,,,,,,,,,,,,,,,,,,8.7
2015-05-18 07:00:00,,,,,,,,,,,,,,,,,,,,,,,,,,,,,,,,,,,,,,,,,,,,,,,,,,,8.7
2015-05-19 07:00:00,,,,,,,,,,,,,,,,,,,,,,,,,,,,,,,,,,,,,,,,,,,,,,,,,,,8.7
2015-05-20 07:00:00,,,,,,,,,,,,,,,,,,,,,,,,,,,,,,,,,,,,,,,,,,,,,,,,,,,8.8
2015-05-21 07:00:00,,,,,,,,,,,,,,,,,,,,,,,,,,,,,,,,,,,,,,,,,,,,,,,,,,,8.8
2015-05-22 07:00:00,,,,,,,,,,,,,,,,,,,,,,,,,,,,,,,,,,,,,,,,,,,,,,,,,,,9.1
2015-05-25 07:00:00,,,,,,,,,,,,,,,,,,,,,,,,,,,,,,,,,,,,,,,,,,,,,,,,,,,9.0
2015-05-26 07:00:00,,,,,,,,,,,,,,,,,,,,,,,,,,,,,,,,,,,,,,,,,,,,,,,,,,,9.1
2015-05-27 07:00:00,,,,,,,,,,,,,,,,,,,,,,,,,,,,,,,,,,,,,,,,,,,,,,,,,,,9.1
2015-05-28 07:00:00,,,,,,,,,,,,,,,,,,,,,,,,,,,,,,,,,,,,,,,,,,,,,,,,,,,9.1
2015-05-29 07:00:00,,,,,,,,,,,,,,,,,,,,,,,,,,,,,,,,,,,,,,,,,,,,,,,,,,,9.1
2015-06-01 07:00:00,,,,,,,,,,,,,,,,,,,,,,,,,,,,,,,,,,,,,,,,,,,,,,,,,,,9.1
2015-06-02 07:00:00,,,,,,,,,,,,,,,,,,,,,,,,,,,,,,,,,,,,,,,,,,,,,,,,,,,9.1
2015-06-03 07:00:00,,,,,,,,,,,,,,,,,,,,,,,,,,,,,,,,,,,,,,,,,,,,,,,,,,,9.0
2015-06-04 07:00:00,,,,,,,,,,,,,,,,,,,,,,,,,,,,,,,,,,,,,,,,,,,,,,,,,,,9.0
2015-06-05 07:00:00,,,,,,,,,,,,,,,,,,,,,,,,,,,,,,,,,,,,,,,,,,,,,,,,,,,9.1
2015-06-08 07:00:00,,,,,,,,,,,,,,,,,,,,,,,,,,,,,,,,,,,,,,,,,,,,,,,,,,,9.1
2015-06-09 07:00:00,,,,,,,,,,,,,,,,,,,,,,,,,,,,,,,,,,,,,,,,,,,,,,,,,,,9.1
2015-06-10 07:00:00,,,,,,,,,,,,,,,,,,,,,,,,,,,,,,,,,,,,,,,,,,,,,,,,,,,9.0
2015-06-11 07:00:00,,,,,,,,,,,,,,,,,,,,,,,,,,,,,,,,,,,,,,,,,,,,,,,,,,,9.2
2015-06-12 07:00:00,,,,,,,,,,,,,,,,,,,,,,,,,,,,,,,,,,,,,,,,,,,,,,,,,,,9.2
2015-06-15 07:00:00,,,,,,,,,,,,,,,,,,,,,,,,,,,,,,,,,,,,,,,,,,,,,,,,,,,9.3
2015-06-16 07:00:00,,,,,,,,,,,,,,,,,,,,,,,,,,,,,,,,,,,,,,,,,,,,,,,,,,,9.3
2015-06-17 07:00:00,,,,,,,,,,,,,,,,,,,,,,,,,,,,,,,,,,,,,,,,,,,,,,,,,,,9.2
2015-06-18 07:00:00,,,,,,,,,,,,,,,,,,,,,,,,,,,,,,,,,,,,,,,,,,,,,,,,,,,9.2
2015-06-19 07:00:00,,,,,,,,,,,,,,,,,,,,,,,,,,,,,,,,,,,,,,,,,,,,,,,,,,,9.3
2015-06-22 07:00:00,,,,,,,,,,,,,,,,,,,,,,,,,,,,,,,,,,,,,,,,,,,,,,,,,,,9.4
2015-06-23 07:00:00,,,,,,,,,,,,,,,,,,,,,,,,,,,,,,,,,,,,,,,,,,,,,,,,,,,9.4
2015-06-24 07:00:00,,,,,,,,,,,,,,,,,,,,,,,,,,,,,,,,,,,,,,,,,,,,,,,,,,,9.4
2015-06-25 07:00:00,,,,,,,,,,,,,,,,,,,,,,,,,,,,,,,,,,,,,,,,,,,,,,,,,,,9.4
2015-06-26 07:00:00,,,,,,,,,,,,,,,,,,,,,,,,,,,,,,,,,,,,,,,,,,,,,,,,,,,9.5
2015-06-29 07:00:00,,,,,,,,,,,,,,,,,,,,,,,,,,,,,,,,,,,,,,,,,,,,,,,,,,,9.6
2015-06-30 07:00:00,,,,,,,,,,,,,,,,,,,,,,,,,,,,,,,,,,,,,,,,,,,,,,,,,,,9.7
2015-07-01 07:00:00,,,,,,,,,,,,,,,,,,,,,,,,,,,,,,,,,,,,,,,,,,,,,,,,,,,9.6
2015-07-02 07:00:00,,,,,,,,,,,,,,,,,,,,,,,,,,,,,,,,,,,,,,,,,,,,,,,,,,,9.7
2015-07-03 07:00:00,,,,,,,,,,,,,,,,,,,,,,,,,,,,,,,,,,,,,,,,,,,,,,,,,,,9.8
2015-07-06 07:00:00,,,,,,,,,,,,,,,,,,,,,,,,,,,,,,,,,,,,,,,,,,,,,,,,,,,10.1
2015-07-07 07:00:00,,,,,,,,,,,,,,,,,,,,,,,,,,,,,,,,,,,,,,,,,,,,,,,,,,,10.0
2015-07-08 07:00:00,,,,,,,,,,,,,,,,,,,,,,,,,,,,,,,,,,,,,,,,,,,,,,,,,,,10.0
2015-07-09 07:00:00,,,,,,,,,,,,,,,,,,,,,,,,,,,,,,,,,,,,,,,,,,,,,,,,,,,10.0
2015-07-10 07:00:00,,,,,,,,,,,,,,,,,,,,,,,,,,,,,,,,,,,,,,,,,,,,,,,,,,,10.1
2015-07-13 07:00:00,,,,,,,,,,,,,,,,,,,,,,,,,,,,,,,,,,,,,,,,,,,,,,,,,,,10.0
2015-07-14 07:00:00,,,,,,,,,,,,,,,,,,,,,,,,,,,,,,,,,,,,,,,,,,,,,,,,,,,10.1
2015-07-15 07:00:00,,,,,,,,,,,,,,,,,,,,,,,,,,,,,,,,,,,,,,,,,,,,,,,,,,,10.1
2015-07-16 07:00:00,,,,,,,,,,,,,,,,,,,,,,,,,,,,,,,,,,,,,,,,,,,,,,,,,,,10.1
2015-07-17 07:00:00,,,,,,,,,,,,,,,,,,,,,,,,,,,,,,,,,,,,,,,,,,,,,,,,,,,10.1
2015-07-20 07:00:00,,,,,,,,,,,,,,,,,,,,,,,,,,,,,,,,,,,,,,,,,,,,,,,,,,,10.0
2015-07-21 07:00:00,,,,,,,,,,,,,,,,,,,,,,,,,,,,,,,,,,,,,,,,,,,,,,,,,,,10.0
2015-07-22 07:00:00,,,,,,,,,,,,,,,,,,,,,,,,,,,,,,,,,,,,,,,,,,,,,,,,,,,10.1
2015-07-23 07:00:00,,,,,,,,,,,,,,,,,,,,,,,,,,,,,,,,,,,,,,,,,,,,,,,,,,,10.1
2015-07-24 07:00:00,,,,,,,,,,,,,,,,,,,,,,,,,,,,,,,,,,,,,,,,,,,,,,,,,,,10.1
2015-07-27 07:00:00,,,,,,,,,,,,,,,,,,,,,,,,,,,,,,,,,,,,,,,,,,,,,,,,,,,10.2
2015-07-28 07:00:00,,,,,,,,,,,,,,,,,,,,,,,,,,,,,,,,,,,,,,,,,,,,,,,,,,,10.3
2015-07-29 07:00:00,,,,,,,,,,,,,,,,,,,,,,,,,,,,,,,,,,,,,,,,,,,,,,,,,,,10.3
2015-07-30 07:00:00,,,,,,,,,,,,,,,,,,,,,,,,,,,,,,,,,,,,,,,,,,,,,,,,,,,10.3
2015-07-31 07:00:00,,,,,,,,,,,,,,,,,,,,,,,,,,,,,,,,,,,,,,,,,,,,,,,,,,,10.3
2015-08-03 07:00:00,,,,,,,,,,,,,,,,,,,,,,,,,,,,,,,,,,,,,,,,,,,,,,,,,,,10.1
2015-08-04 07:00:00,,,,,,,,,,,,,,,,,,,,,,,,,,,,,,,,,,,,,,,,,,,,,,,,,,,10.0
2015-08-05 07:00:00,,,,,,,,,,,,,,,,,,,,,,,,,,,,,,,,,,,,,,,,,,,,,,,,,,,10.0
2015-08-06 07:00:00,,,,,,,,,,,,,,,,,,,,,,,,,,,,,,,,,,,,,,,,,,,,,,,,,,,10.0
2015-08-07 07:00:00,,,,,,,,,,,,,,,,,,,,,,,,,,,,,,,,,,,,,,,,,,,,,,,,,,,10.0
2015-08-10 07:00:00,,,,,,,,,,,,,,,,,,,,,,,,,,,,,,,,,,,,,,,,,,,,,,,,,,,10.2
2015-08-11 07:00:00,,,,,,,,,,,,,,,,,,,,,,,,,,,,,,,,,,,,,,,,,,,,,,,,,,,10.2
2015-08-12 07:00:00,,,,,,,,,,,,,,,,,,,,,,,,,,,,,,,,,,,,,,,,,,,,,,,,,,,10.1
2015-08-13 07:00:00,,,,,,,,,,,,,,,,,,,,,,,,,,,,,,,,,,,,,,,,,,,,,,,,,,,9.9
2015-08-14 07:00:00,,,,,,,,,,,,,,,,,,,,,,,,,,,,,,,,,,,,,,,,,,,,,,,,,,,9.9
2015-08-17 07:00:00,,,,,,,,,,,,,,,,,,,,,,,,,,,,,,,,,,,,,,,,,,,,,,,,,,,9.7
2015-08-18 07:00:00,,,,,,,,,,,,,,,,,,,,,,,,,,,,,,,,,,,,,,,,,,,,,,,,,,,9.6
2015-08-19 07:00:00,,,,,,,,,,,,,,,,,,,,,,,,,,,,,,,,,,,,,,,,,,,,,,,,,,,9.5
2015-08-20 07:00:00,,,,,,,,,,,,,,,,,,,,,,,,,,,,,,,,,,,,,,,,,,,,,,,,,,,9.5
2015-08-21 07:00:00,,,,,,,,,,,,,,,,,,,,,,,,,,,,,,,,,,,,,,,,,,,,,,,,,,,9.3
2015-08-24 07:00:00,,,,,,,,,,,,,,,,,,,,,,,,,,,,,,,,,,,,,,,,,,,,,,,,,,,8.9
2015-08-25 07:00:00,,,,,,,,,,,,,,,,,,,,,,,,,,,,,,,,,,,,,,,,,,,,,,,,,,,8.9
2015-08-26 07:00:00,,,,,,,,,,,,,,,,,,,,,,,,,,,,,,,,,,,,,,,,,,,,,,,,,,,9.1
2015-08-27 07:00:00,,,,,,,,,,,,,,,,,,,,,,,,,,,,,,,,,,,,,,,,,,,,,,,,,,,9.3
2015-08-28 07:00:00,,,,,,,,,,,,,,,,,,,,,,,,,,,,,,,,,,,,,,,,,,,,,,,,,,,9.9
2015-08-31 07:00:00,,,,,,,,,,,,,,,,,,,,,,,,,,,,,,,,,,,,,,,,,,,,,,,,,,,9.4
2015-09-01 07:00:00,,,,,,,,,,,,,,,,,,,,,,,,,,,,,,,,,,,,,,,,,,,,,,,,,,,9.3
2015-09-03 07:00:00,,,,,,,,,,,,,,,,,,,,,,,,,,,,,,,,,,,,,,,,,,,,,,,,,,,9.1
2015-09-04 07:00:00,,,,,,,,,,,,,,,,,,,,,,,,,,,,,,,,,,,,,,,,,,,,,,,,,,,9.1
2015-09-07 07:00:00,,,,,,,,,,,,,,,,,,,,,,,,,,,,,,,,,,,,,,,,,,,,,,,,,,,9.1
2015-09-08 07:00:00,,,,,,,,,,,,,,,,,,,,,,,,,,,,,,,,,,,,,,,,,,,,,,,,,,,9.3
2015-09-09 07:00:00,,,,,,,,,,,,,,,,,,,,,,,,,,,,,,,,,,,,,,,,,,,,,,,,,,,9.3
2015-09-10 07:00:00,,,,,,,,,,,,,,,,,,,,,,,,,,,,,,,,,,,,,,,,,,,,,,,,,,,9.3
2015-09-11 07:00:00,,,,,,,,,,,,,,,,,,,,,,,,,,,,,,,,,,,,,,,,,,,,,,,,,,,9.2
2015-09-14 07:00:00,,,,,,,,,,,,,,,,,,,,,,,,,,,,,,,,,,,,,,,,,,,,,,,,,,,9.3
2015-09-15 07:00:00,,,,,,,,,,,,,,,,,,,,,,,,,,,,,,,,,,,,,,,,,,,,,,,,,,,9.1
2015-09-16 07:00:00,,,,,,,,,,,,,,,,,,,,,,,,,,,,,,,,,,,,,,,,,,,,,,,,,,,9.1
2015-09-17 07:00:00,,,,,,,,,,,,,,,,,,,,,,,,,,,,,,,,,,,,,,,,,,,,,,,,,,,9.2
2015-09-18 07:00:00,,,,,,,,,,,,,,,,,,,,,,,,,,,,,,,,,,,,,,,,,,,,,,,,,,,9.3
2015-09-21 07:00:00,,,,,,,,,,,,,,,,,,,,,,,,,,,,,,,,,,,,,,,,,,,,,,,,,,,9.4
2015-09-22 07:00:00,,,,,,,,,,,,,,,,,,,,,,,,,,,,,,,,,,,,,,,,,,,,,,,,,,,9.4
2015-09-23 07:00:00,,,,,,,,,,,,,,,,,,,,,,,,,,,,,,,,,,,,,,,,,,,,,,,,,,,9.4
2015-09-24 07:00:00,,,,,,,,,,,,,,,,,,,,,,,,,,,,,,,,,,,,,,,,,,,,,,,,,,,9.3
2015-09-25 07:00:00,,,,,,,,,,,,,,,,,,,,,,,,,,,,,,,,,,,,,,,,,,,,,,,,,,,9.3
2015-09-28 07:00:00,3.06,,,,,,,,,28.92,7.13,7.73,,,10.55,,,3.02,5.68,,4.93,,2.84,38.19,6.88,,,3.44,,,,,,,,,,13.52,,,,,,,,,,,,,9.3
2015-09-29 07:00:00,3.08,,,,,,,,,28.48,7.04,7.8,,,10.58,,,3.01,5.7,,4.91,,2.84,37.94,6.77,,,3.42,,,,,,,,,,13.52,,,,,,,,,,,,,9.2
2015-09-30 07:00:00,3.08,,,,,,,,,29.13,7.09,7.8,,,10.58,,,3.04,5.71,,4.91,,2.84,38.19,6.82,,,3.42,,,,,,,,,,13.6,,,,,,,,,,,,,9.5
2015-10-01 07:00:00,3.08,,,,,,,,,29.13,7.06,7.8,,,10.58,,,3.07,5.72,,4.91,,2.88,38.45,6.88,,,3.39,,,,,,,,,,13.77,,,,,,,,,,,,,9.3
2015-10-02 07:00:00,3.09,,,,,,,,,29.35,7.18,7.73,,,10.64,,,3.09,5.92,,4.91,,2.86,38.19,6.94,,,3.44,,,,,,,,,,13.6,,,,,,,,,,,,,9.3
2015-10-05 07:00:00,3.11,,,,,,,,,30.45,7.24,7.73,,,11.35,,,3.14,5.88,,4.91,,2.88,38.19,6.99,,,3.42,,,,,,,,,,13.85,,,,,,,,,,,,,9.3
2015-10-06 07:00:00,3.2,,,,,,,,,31.54,7.31,7.73,,,11.57,,,3.2,5.98,,4.95,,2.93,38.19,7.27,,,3.32,,,,,,,,,,14.02,,,,,,,,,,,,,9.4
2015-10-07 07:00:00,3.16,,,,,,,,,30.67,7.27,7.6,,,11.38,,,3.15,5.92,,4.91,,2.92,38.19,7.38,,,3.35,,,,,,,,,,14.52,,,,,,,,,,,,,9.4
2015-10-08 07:00:00,3.2,,,,,,,,,30.45,7.34,7.41,,,11.75,,,3.22,6.02,,5.04,,2.86,38.19,7.83,,,3.42,,,,,,,,,,14.93,,,,,,,,,,,,,9.6
2015-10-09 07:00:00,3.27,,,,,,,,,30.45,7.36,7.54,,,11.91,,,3.24,6.02,,4.98,,2.82,38.19,7.61,,,3.32,,,,,,,,,,15.01,,,,,,,,,,,,,9.6
2015-10-12 07:00:00,3.32,,,,,,,,,29.57,7.38,7.54,,,12.0,,,3.28,6.12,,4.98,,2.8,38.19,7.44,,,3.35,,,,,,,,,,15.1,,,,,,,,,,,,,9.7
2015-10-13 07:00:00,3.3,,,,,,,,,29.79,7.36,7.54,,,11.94,,,3.24,6.07,,4.95,,2.8,38.19,7.49,,,3.35,,,,,,,,,,15.01,,,,,,,,,,,,,9.6
2015-10-14 07:00:00,3.3,,,,,,,,,29.35,7.36,7.54,,,12.0,,,3.23,6.09,,4.95,,2.78,38.19,7.55,,,3.28,,,,,,,,,,14.77,,,,,,,,,,,,,9.5
2015-10-15 07:00:00,3.3,,,,,,,,,29.35,7.47,7.54,,,12.03,,,3.23,6.13,,5.0,,2.78,38.19,7.66,,,3.37,,,,,,,,,,14.6,,,,,,,,,,,,,9.5
2015-10-16 07:00:00,3.28,,,,,,,,,29.57,7.45,7.6,,,12.03,,,3.2,6.2,,5.0,,2.78,38.45,7.83,,,3.3,,,,,,,,,,14.8,,,,,,,,,,,,,9.6
2015-10-19 07:00:00,3.28,,,,,,,,,29.79,7.43,7.54,,,12.06,,,3.2,6.2,,5.02,,2.76,38.45,7.89,,,3.28,,,,,,,,,,14.7,,,,,,,,,,,,,9.7
2015-10-20 07:00:00,3.27,,,,,,,,,29.79,7.31,7.54,,,12.77,,,3.14,6.09,,5.02,,2.73,38.19,7.72,,,3.18,,,,,,,,,,14.2,,,,,,,,,,,,,9.6
2015-10-21 07:00:00,3.25,,,,,,,,,30.23,7.34,7.6,,,12.77,,,3.12,6.07,,5.04,,2.69,38.19,7.49,,,3.09,,,,,,,,,,14.1,,,,,,,,,,,,,9.7
2015-10-22 07:00:00,3.3,,,,,,,,,30.23,7.4,7.67,,,12.87,,,3.14,6.07,,5.07,,2.71,38.19,7.61,,,3.28,,,,,,,,,,14.4,,,,,,,,,,,,,9.7
2015-10-23 07:00:00,3.3,,,,,,,,,30.45,7.43,7.67,,,13.33,,,3.18,6.3,,5.04,,2.73,38.19,7.61,,,3.25,,,,,,,,,,14.3,,,,,,,,,,,,,9.8
2015-10-26 07:00:00,3.32,,,,,,,,,30.01,7.4,7.6,,,13.05,,,3.19,6.35,,5.0,,2.69,37.94,7.61,,,3.25,,,,,,,,,,14.1,,,,,,,,,,,,,9.8
2015-10-27 07:00:00,3.32,,,,,,,,,30.01,7.43,7.67,,,13.05,,,3.17,6.56,,5.02,,2.67,38.19,7.55,,,3.25,,,,,,,,,,13.7,,,,,,,,,,,,,9.7
2015-10-28 07:00:00,3.27,,,,,,,,,30.01,7.4,7.67,,,13.05,,,3.14,6.45,,5.23,,2.65,38.19,7.61,,,3.09,,,,,,,,,,13.5,,,,,,,,,,,,,9.7
2015-10-29 07:00:00,3.3,,,,,,,,,31.32,7.43,7.67,,,13.05,,,3.15,6.47,,5.28,,2.65,37.94,8.11,,,2.87,,,,,,,,,,13.7,,,,,,,,,,,,,9.8
2015-10-30 07:00:00,3.3,,,,,,,,,31.11,7.52,7.67,,,13.27,,,3.15,6.51,,5.28,,2.73,38.19,8.28,,,3.01,,,,,,,,,,13.6,,,,,,,,,,,,,9.8
2015-11-02 07:00:00,3.27,,,,,,,,,30.45,7.47,7.6,,,12.99,,,3.12,6.23,,5.28,,2.73,37.94,8.17,,,3.16,,,,,,,,,,13.2,,,,,,,,,,,,,9.7
2015-11-03 07:00:00,3.27,,,,,,,,,30.45,7.61,7.6,,,13.3,,,3.15,6.41,,5.49,,2.73,37.94,8.22,,,3.13,,,,,,,,,,13.2,,,,,,,,,,,,,9.9
2015-11-04 07:00:00,3.24,,,,,,,,,30.01,7.74,7.54,,,13.15,,,3.11,6.27,,5.49,,2.69,38.45,8.17,,,3.13,,,,,,,,,,13.1,,,,,,,,,,,,,9.9
2015-11-05 07:00:00,3.25,,,,,,,,,29.79,7.74,7.47,,,13.15,,,3.1,6.24,,5.57,,2.69,38.19,8.39,,,3.16,,,,,,,,,,12.9,,,,,,,,,,,,,9.9
2015-11-06 07:00:00,3.27,,,,,,,,,30.23,7.68,7.54,,,12.53,,,3.1,6.2,,5.6,,2.69,38.45,8.17,,,3.09,,,,,,,,,,12.9,,,,,,,,,,,,,9.9
2015-11-09 07:00:00,3.24,,,,,,,,,30.89,7.56,7.47,,,12.22,,,3.07,6.26,,5.57,,2.74,38.19,8.28,,,3.06,,,,,,,,,,12.9,,,,,,,,,,,,,9.9
2015-11-10 07:00:00,3.2,,,,,,,,,30.67,7.45,7.47,,,12.28,,,3.05,6.2,,5.55,,2.71,37.94,8.22,,,3.04,,,,,,,,,,12.8,,,,,,,,,,,,,9.9
2015-11-11 07:00:00,3.16,,,,,,,,,30.89,7.4,7.41,,,12.37,,,3.03,6.21,,5.55,,2.73,37.94,8.28,,,3.09,,,,,,,,,,12.7,,,,,,,,,,,,,9.8
2015-11-12 07:00:00,3.22,,,,,,,,,30.45,7.45,7.41,,,12.57,,,3.01,6.16,,5.57,,2.76,37.94,8.5,,,3.06,,,,,,,,,,12.3,,,,,,,,,,,,,9.7
2015-11-13 07:00:00,3.25,,,,,,,,,30.45,7.43,7.54,,,12.76,,,3.01,6.14,,5.65,,2.82,37.94,8.73,,,3.09,,,,,,,,,,12.5,,,,,,,,,,,,,9.8
2015-11-16 07:00:00,3.2,,,,,,,,,30.01,7.43,7.41,,,13.19,,,2.96,6.16,,5.75,,2.8,37.94,8.89,,,3.16,,,,,,,,,,12.5,,,,,,,,,,,,,9.9
2015-11-17 07:00:00,3.19,,,,,,,,,29.79,7.49,7.34,,,12.93,,,3.02,6.23,,5.75,,2.76,37.94,8.73,,,3.2,,,,,,,,,,12.5,,,,,,,,,,,,,9.8
2015-11-18 07:00:00,3.2,,,,,,,,,30.23,7.47,7.34,,,12.83,,,3.01,6.16,,5.68,,2.8,37.68,8.78,,,3.16,,,,,,,,,,12.3,,,,,,,,,,,,,9.8
2015-11-19 07:00:00,3.19,,,,,,,,,30.23,7.38,7.34,,,12.53,,,2.98,6.16,,5.68,,2.78,37.68,8.73,,,3.35,,,,,,,,,,12.2,,,,,,,,,,,,,9.7
2015-11-20 07:00:00,3.17,,,,,,,,,30.23,7.47,7.34,,,12.53,,,2.99,6.16,,5.68,,2.76,37.42,8.84,,,3.44,,,,,,,,,,12.3,,,,,,,,,,,,,9.7
2015-11-23 07:00:00,3.16,,,,,,,,,30.01,7.43,7.28,,,12.37,,,3.02,6.16,,5.68,,2.76,36.9,9.06,,,3.39,,,,,,,,,,12.4,,,,,,,,,,,,,9.7
2015-11-24 07:00:00,3.11,,,,,,,,,30.01,7.36,7.28,,,12.37,,,3.01,6.13,,5.65,,2.73,36.39,9.17,,,3.35,,,,,,,,,,12.3,,,,,,,,,,,,,9.5
2015-11-25 07:00:00,3.11,,,,,,,,,29.35,7.38,7.28,,,12.44,,,3.11,6.02,,5.65,,2.73,36.39,9.23,,,3.3,,,,,,,,,,12.1,,,,,,,,,,,,,9.7
2015-11-26 07:00:00,3.11,,10.84,31.91,46.46,15.16,,,,29.35,7.34,7.28,,21.55,12.44,,,3.17,6.09,,5.6,,2.73,36.13,9.06,10.43,,3.32,,,,,,,,,,11.8,,,,13.64,,,,,45.96,,,,9.7
2015-11-27 07:00:00,3.08,,10.69,31.66,44.44,14.95,,,,29.13,7.2,7.08,,21.25,12.24,,,3.13,5.78,,5.47,,2.71,35.61,8.67,10.43,,3.2,,,,,,,,,,11.7,,,,13.31,,,,,46.33,,,,9.4
2015-11-30 07:00:00,3.08,,10.24,30.66,43.63,14.82,,,,28.92,7.18,6.82,,20.41,12.01,,,3.05,5.76,,5.47,,2.67,36.13,8.39,10.39,,3.2,,,,,,,,,,11.0,,,,12.89,,,,,46.33,,,,9.4
2015-12-01 07:00:00,3.08,,10.39,30.91,42.02,15.37,,,,29.35,7.15,6.82,,20.31,11.88,,,3.03,5.82,,5.55,,2.69,36.39,8.45,10.36,,3.13,,,,,,,,,,10.9,,,,12.65,,,,,45.59,,,,9.4
2015-12-02 07:00:00,3.09,,10.64,31.66,40.81,15.57,,,,29.35,7.06,6.89,,20.31,12.05,,,3.06,5.87,,5.57,,2.71,36.65,8.56,10.36,,3.09,,,,,,,,,,11.2,,,,12.68,,,,,45.96,,,,9.3
2015-12-03 07:00:00,3.08,,10.69,31.91,40.4,15.23,,,,29.35,7.04,6.89,,19.97,12.05,,,3.06,5.96,,5.6,,2.71,36.9,8.5,10.63,,3.09,,,,,,,,,,11.5,,,,12.8,,,,,45.96,,,,9.4
2015-12-04 07:00:00,3.08,,10.44,31.66,40.0,15.02,,,,29.13,7.18,6.82,8.92,19.97,12.01,,,3.03,5.87,,5.57,,2.69,37.16,8.5,10.94,,3.06,,,,,,,,,,11.4,,,,12.71,,,,,45.96,,,,9.3
2015-12-07 07:00:00,3.08,,10.29,31.66,38.79,15.09,,,,28.48,7.11,6.89,8.85,19.52,12.31,,,2.99,5.93,,5.49,,2.67,37.16,8.45,10.86,,3.09,,,,,,,,,,11.0,,,,12.26,,,11.42,,44.84,,,,9.3
2015-12-08 07:00:00,3.11,,10.54,32.66,41.21,15.02,,,,28.92,7.15,6.63,9.13,19.47,12.93,,,3.03,5.93,,5.52,,2.67,37.16,8.61,11.01,,3.09,,,,,,,,,6.51,11.4,,,,12.95,,,11.44,,46.71,,,,9.3
2015-12-09 07:00:00,3.11,,10.34,32.66,42.02,14.68,,,,28.7,7.04,6.56,8.98,19.17,12.7,,,2.98,6.07,,5.49,,2.65,36.9,8.39,10.51,,3.09,,,,,,,,,6.37,10.8,,,,12.44,,,11.28,,45.96,,,,9.3
2015-12-10 07:00:00,3.06,,10.19,32.16,40.81,14.75,,,,27.82,7.0,6.63,8.9,18.88,12.5,,,2.94,5.93,,5.49,,2.65,36.9,8.28,10.74,,3.06,,,,,,,,,6.37,11.3,,,,12.38,,,11.15,,45.96,,,,9.3
2015-12-11 07:00:00,3.08,,10.09,32.66,41.21,14.82,,,,28.04,7.18,7.08,8.94,19.02,12.7,,,2.98,6.07,,5.52,,2.65,36.65,8.45,10.7,,3.09,,,,,,,,,6.32,12.0,,,,12.41,,,11.2,,45.96,,,,9.2
2015-12-14 07:00:00,3.08,,10.04,32.41,39.92,14.54,,,,27.82,7.24,7.47,8.9,18.53,12.7,,,3.06,6.04,,5.52,,2.69,35.87,8.5,10.43,,3.11,,,,,,,,,6.46,11.7,,,,12.5,,,11.15,,46.33,,,,9.2
2015-12-15 07:00:00,3.06,,10.04,33.41,40.24,14.75,,,,28.04,7.2,7.28,9.03,18.88,12.76,,,3.06,5.96,,5.81,,2.67,35.87,8.56,10.39,,3.09,,,,,,,,,6.51,11.5,,,,12.98,,,11.2,,47.08,,,,9.4
2015-12-16 07:00:00,3.06,,10.34,33.41,40.24,14.82,,,,28.04,7.15,7.28,9.09,19.02,13.06,,,3.05,5.96,,5.91,,2.67,35.61,8.78,10.39,,3.16,,,,,,,,,6.46,11.5,,,,13.07,,,11.26,,47.83,,,,9.4
2015-12-17 07:00:00,3.09,,10.79,33.9,42.83,14.88,,7.99,,28.7,7.2,7.34,9.16,18.78,13.25,,,3.04,5.96,,5.94,,2.69,35.1,8.84,10.43,,3.13,,,,,,,,,6.43,11.6,,,,13.22,,,11.31,,47.83,,,,9.4
2015-12-18 07:00:00,3.05,,10.69,33.9,40.4,14.68,,7.86,,29.13,6.95,7.34,9.11,18.63,13.25,,,3.04,5.98,,5.94,,2.67,36.65,8.78,10.55,,3.2,,,,,,,,,6.51,11.8,,,,12.38,,,10.8,,47.83,,,,9.4
2015-12-21 07:00:00,3.08,,10.39,33.41,41.61,14.68,,7.86,,28.48,7.18,7.21,9.03,18.18,13.02,,,3.0,5.95,,5.81,,2.65,35.1,8.84,10.32,,3.13,,,,,,,,,6.37,11.7,,,,12.77,,,11.2,,46.71,,,,9.3
2015-12-22 07:00:00,3.06,,10.49,32.91,41.21,14.68,,7.77,,28.92,7.2,7.21,8.96,18.28,13.02,,,2.97,5.85,,5.6,,2.65,35.1,8.73,10.32,,3.11,,,,,,,,,6.34,11.9,,,,12.77,,,11.23,,46.71,,,,9.3
2015-12-23 07:00:00,3.05,,10.39,32.41,41.21,14.54,,7.69,,28.92,7.18,7.21,8.92,18.33,13.02,,,2.95,5.85,,5.6,,2.65,35.61,8.78,10.24,,3.06,,,,,,,,,6.32,11.8,,,,12.74,,,11.26,,46.33,,,,9.2
2015-12-24 07:00:00,3.05,,10.29,32.15,41.61,14.61,,7.69,8.4,28.7,7.15,7.21,8.9,18.53,13.25,,,2.95,5.78,,5.65,,2.65,36.39,8.84,10.24,,3.11,,,,,,,,,6.26,11.6,,,,12.68,,,11.34,,46.71,,,,9.2
2015-12-25 07:00:00,3.05,,10.24,32.41,42.42,14.82,,7.69,8.47,28.48,7.13,7.15,8.9,18.58,13.25,,,2.95,5.78,,5.62,,2.65,38.71,8.67,10.16,,3.13,,,,,,,,,6.26,11.7,,,,12.77,,,11.44,,46.33,,,,9.3
2015-12-28 07:00:00,3.06,,10.14,33.16,42.02,14.68,,7.69,8.78,28.26,7.06,7.08,8.96,18.23,13.67,,,2.89,5.71,,5.6,,2.65,41.29,8.89,10.08,,3.06,,,,,,,,,6.2,11.7,,,,12.77,,,11.74,,47.45,,,,9.3
2015-12-29 07:00:00,3.08,,10.39,33.41,43.63,14.82,,7.86,9.23,28.7,7.16,7.08,9.0,18.08,13.74,,,2.89,5.73,,5.6,,2.65,40.26,8.89,10.16,,3.11,,,,,,,,,6.29,12.0,,,,13.22,,,12.28,,47.45,,,,9.5
2015-12-30 07:00:00,3.09,,10.44,32.91,43.63,14.95,,7.9,9.06,29.13,7.16,7.54,9.0,18.08,13.77,,,2.93,5.82,,5.62,,2.65,39.74,9.06,10.24,,3.13,,,,,,,,,6.32,12.6,,,,13.31,,,12.42,,47.45,,,,9.6
2015-12-31 07:00:00,3.14,,10.34,32.91,42.83,14.88,,7.9,8.97,29.13,7.18,7.28,9.0,17.94,13.8,,,2.92,5.73,,5.65,,2.76,40.0,8.78,10.32,,3.16,,,,,,,,,6.26,13.1,,,,13.19,,,12.34,,47.83,,,,9.6
2016-01-04 07:00:00,3.13,,10.14,32.15,42.83,15.71,,7.77,9.21,28.7,7.01,7.28,8.9,17.94,14.0,,,2.88,5.85,,5.62,,2.67,38.97,8.84,10.32,,3.16,,,,,,,,,6.12,12.6,,,,12.98,,,12.82,,47.08,,,,9.4
2016-01-05 07:00:00,3.08,,10.09,31.65,42.02,15.5,,7.69,9.0,28.48,7.08,7.28,8.9,17.89,13.84,,,2.85,5.78,,5.62,,2.65,38.71,8.84,10.32,,3.16,,,,,,,,,5.89,12.3,,,,12.77,,,12.82,,46.71,,,,9.4
2016-01-06 07:00:00,3.09,,10.14,32.15,43.23,15.92,,7.77,9.07,28.48,7.25,7.28,8.92,17.98,13.87,,,2.9,5.82,,5.62,,2.67,39.23,8.78,10.47,,3.2,,,,,,,,,5.89,12.8,,,,12.92,,,12.82,,47.08,,,,9.3
2016-01-07 07:00:00,3.03,,9.69,31.4,42.02,15.44,,7.69,9.0,28.48,7.11,7.21,8.75,17.09,13.35,,,2.82,5.75,,5.57,,2.63,40.0,8.5,10.39,,3.23,,,,,,,,,5.72,12.6,,,,12.77,,,12.96,,46.33,,,,9.3
2016-01-08 07:00:00,3.03,,9.44,31.4,42.02,15.44,,7.52,8.85,28.48,7.11,7.08,8.62,17.34,13.06,,,2.77,5.71,,5.55,,2.61,39.49,8.39,10.36,,3.2,,,,,,,,,5.58,12.6,,,,12.68,,,12.96,,45.59,,,,9.1
2016-01-11 07:00:00,3.01,,9.54,30.65,40.81,15.44,,7.52,8.71,28.04,7.01,7.08,8.55,17.34,12.83,,,2.77,5.67,,5.52,,2.59,39.23,8.28,10.36,,3.16,,,,,,,,,5.61,12.3,,,,12.59,,,13.04,,45.21,,,,9.2
2016-01-12 07:00:00,3.01,,9.69,31.15,41.61,15.57,,7.56,8.71,28.04,7.03,7.34,8.74,17.19,12.99,,,2.8,5.75,,5.47,,2.63,39.49,8.39,10.36,,3.2,,,,,,,,,5.84,12.5,,,,12.83,,,12.96,,45.96,,,,9.2
2016-01-13 07:00:00,3.01,,9.54,31.9,41.21,15.44,,7.52,8.62,28.04,7.03,7.8,8.64,17.34,13.15,,,2.75,5.71,16.07,5.49,,2.61,38.71,8.33,10.43,,3.18,,,,,,,,,5.84,12.4,,,,12.71,,,12.93,,45.21,,,,9.2
2016-01-14 07:00:00,3.01,,9.29,31.4,39.59,15.3,,7.52,8.58,27.6,6.98,7.34,8.6,17.04,13.06,,,2.65,5.47,15.44,5.44,,2.61,38.19,8.22,10.39,,3.16,,,,,,,,,5.7,11.9,,,,12.56,,,12.96,,45.21,,,,9.1
2016-01-15 07:00:00,3.03,,8.93,30.9,38.22,15.37,,7.48,8.51,27.6,6.88,7.28,8.59,16.99,12.8,,,2.55,5.35,14.54,5.36,,2.59,36.13,8.11,10.36,,3.11,,,,,,,,,5.58,11.1,,,,12.2,,,12.82,,44.84,,,,9.0
2016-01-18 07:00:00,2.95,,8.33,30.14,36.85,15.16,,7.14,8.28,26.94,6.71,7.08,8.36,15.8,12.63,,,2.48,5.05,14.54,5.28,,2.52,36.13,7.72,10.08,,3.06,,,,,,,,,5.38,10.7,,,,11.6,,,12.82,,43.72,,,,8.7
2016-01-19 07:00:00,3.0,,8.58,30.4,38.7,15.3,,7.39,8.36,27.6,6.76,7.08,8.4,15.8,12.83,,,2.52,5.11,15.03,5.31,,2.56,36.65,7.94,10.28,,3.13,,,,,,,,,5.44,11.2,,,,12.11,,,12.82,,44.47,,,,8.7
2016-01-20 07:00:00,3.0,,8.48,30.14,38.06,15.09,,7.18,8.71,27.38,6.81,7.02,8.36,15.21,12.89,,,2.52,5.02,14.89,5.28,,2.54,36.9,7.83,10.2,,3.04,,,,,,,,,5.41,10.9,,,,12.02,,,12.79,,43.72,,,,8.8
2016-01-21 07:00:00,3.0,,7.93,29.64,37.49,15.02,,6.97,8.67,27.38,6.76,6.95,8.36,14.86,12.7,,,2.55,4.69,14.61,5.26,,2.52,36.9,7.72,10.16,,3.04,,,,,,,,,5.36,10.6,,,,11.84,,,12.9,,43.34,,,,8.7
2016-01-22 07:00:00,2.95,,7.53,29.64,37.9,15.09,,6.84,8.65,27.38,6.79,6.69,8.34,15.85,12.7,,,2.56,4.58,14.68,5.26,,2.57,36.65,7.61,10.28,,3.09,,,,,,,,,5.53,10.9,,,,11.9,,,13.04,,42.6,,,,8.7
2016-01-25 07:00:00,3.03,,8.03,30.14,40.4,15.64,,7.31,8.8,27.82,6.96,6.56,8.77,16.94,13.22,,,2.72,4.89,15.65,5.28,,2.69,38.19,8.05,10.47,,3.11,,,,,,,,,5.89,11.6,,,,12.53,,,13.04,,44.09,,,,8.9
2016-01-26 07:00:00,3.01,,8.28,29.14,39.59,15.3,,7.39,8.71,27.6,6.86,6.82,8.55,17.59,12.93,,,2.64,4.87,15.16,5.26,,2.67,37.94,7.94,10.24,,3.06,,,,,,,,,5.72,11.1,,,,12.2,,,12.96,,42.97,,,,8.8
2016-01-27 07:00:00,3.01,,8.63,29.39,40.4,15.44,,7.43,8.76,27.6,6.98,6.69,8.62,18.08,13.12,,,2.68,5.11,15.72,5.52,,2.69,37.94,8.0,10.28,,3.09,,,,,,,,,5.78,11.2,,,,12.17,,,12.82,,43.72,,,,9.0
2016-01-28 07:00:00,3.01,,8.28,29.64,40.08,15.3,,7.31,8.74,27.6,6.96,6.56,8.57,18.18,13.02,,,2.65,5.16,15.58,5.49,,2.74,37.68,7.83,10.16,,3.09,,,,,,,,,5.72,11.3,,,,12.17,,,13.04,,43.34,,,,9.0
2016-01-29 07:00:00,3.01,,8.43,30.4,41.21,15.44,,7.31,8.76,28.92,7.08,6.82,8.64,19.42,13.02,,,2.75,5.2,15.44,5.49,,2.73,37.42,8.05,10.24,,3.09,,,,,,,,,5.78,11.3,,,,12.44,,,12.85,,43.34,,,,8.9
2016-02-01 07:00:00,3.0,,8.18,29.89,40.4,15.5,,7.26,8.62,29.13,7.11,6.69,8.68,18.58,13.12,,,2.67,5.05,15.16,5.41,,2.73,36.9,8.05,10.16,,3.06,,,,,,,,,5.72,11.2,,,,12.23,,,12.69,,44.47,,,,9.0
2016-02-02 07:00:00,3.01,,8.13,29.64,40.24,15.5,,7.26,8.69,30.89,7.08,6.82,8.6,17.84,13.06,,,2.68,5.02,15.16,5.39,,2.73,36.39,8.05,10.12,,3.06,,,,,,,,,5.72,11.1,,,,12.14,,,12.69,,44.47,,,,9.0
2016-02-03 07:00:00,3.01,,8.23,30.65,39.84,15.37,,7.22,8.71,31.98,7.21,6.89,8.68,18.93,13.09,,,2.68,5.04,15.58,5.41,,2.71,37.16,8.05,10.05,,3.06,,,,,,,,,5.75,11.1,,,,11.9,,,12.69,,45.21,,,,8.8
2016-02-04 07:00:00,3.01,,8.13,30.65,40.16,15.57,,7.31,8.64,31.98,7.25,6.95,8.66,18.83,13.12,,,2.7,5.11,15.65,5.44,,2.74,37.94,8.05,10.08,,3.09,,,,,,,,,5.81,11.2,,,,12.02,,,12.69,,45.59,,,,8.9
2016-02-05 07:00:00,3.03,,8.23,30.65,40.32,15.5,,7.31,8.95,31.98,7.23,7.02,8.74,18.83,13.25,,,2.7,5.11,15.72,5.49,,2.78,37.94,8.22,10.2,,3.09,,,,,,,,,5.92,11.2,,,,12.05,,,12.58,,46.33,,,,9.0
2016-02-15 07:00:00,3.01,,8.23,30.4,40.0,15.64,,7.31,8.86,32.86,7.16,6.69,8.7,18.93,13.19,,,2.64,5.15,15.51,5.49,,2.84,37.16,8.11,10.08,,3.06,,,,,,,,,5.86,11.0,,,,12.11,,,12.28,,47.08,,,,8.9
2016-02-16 07:00:00,3.08,,8.18,31.4,40.08,15.71,,7.26,8.71,34.61,7.11,6.63,8.81,19.82,13.25,,,2.67,5.15,15.3,5.49,,2.84,37.16,8.11,10.2,,3.06,,,,,,,,,5.89,10.9,,,,12.11,,,12.31,,47.83,,,,9.0
2016-02-17 07:00:00,3.05,,8.03,32.15,40.0,15.57,,7.26,8.65,35.05,7.08,6.56,8.85,19.52,13.32,,,2.67,5.2,14.89,5.49,,2.82,37.16,8.05,10.39,,3.09,,,,,,,,,5.92,10.6,,,,11.96,,,12.28,,48.58,,,,9.0
2016-02-18 07:00:00,3.05,,8.08,32.41,40.16,15.57,,7.39,8.94,34.61,7.08,6.82,8.96,20.66,13.15,,,2.68,5.2,15.16,5.6,,2.82,37.16,8.33,10.43,,3.11,,,,,,,,,5.98,11.0,,,,12.11,,,12.42,,48.2,,,,9.0
2016-02-19 07:00:00,3.05,,8.28,32.15,40.4,15.5,,7.31,9.15,34.61,7.01,6.82,8.88,21.06,12.89,,,2.7,5.18,15.44,5.62,,2.93,36.9,8.28,10.36,,3.09,,,,,,,,,5.98,11.0,,,,12.05,,,12.17,,48.2,,,,9.0
2016-02-22 07:00:00,3.05,,8.63,32.91,41.61,15.64,,7.31,9.15,36.36,7.03,6.69,8.98,21.25,12.86,,,2.72,5.31,15.3,5.62,,2.93,38.45,8.5,10.32,,3.09,,,,,,,,,6.29,10.8,,,,12.14,,,12.2,,48.58,,,,9.1
2016-02-23 07:00:00,3.05,,8.53,32.66,42.02,15.5,,7.26,8.99,36.36,7.03,6.69,8.9,21.45,12.89,,,2.72,5.27,16.28,5.6,,2.9,38.19,8.61,10.28,,3.09,,,,,,,,,6.32,10.9,,,,12.32,,,12.31,,48.58,,,,9.1
2016-02-24 07:00:00,3.17,,9.09,32.41,42.83,15.5,,7.73,9.06,36.36,7.13,6.76,8.9,21.2,12.86,,,2.72,5.27,17.04,5.55,,2.9,37.94,8.67,10.24,,3.11,,,,,,,,,6.43,11.2,,,,12.71,,,12.25,,48.95,,,,9.2
2016-02-25 07:00:00,3.14,,9.19,32.66,41.61,15.37,,7.82,8.97,36.58,7.01,6.69,8.87,20.71,12.63,,,2.73,5.31,16.9,5.52,,2.86,37.16,8.5,10.32,,3.09,,,,,,,,,6.32,11.1,,,,12.56,,,12.28,,48.2,,,,9.2
2016-02-26 07:00:00,3.16,,9.24,32.66,42.02,15.44,,7.77,8.97,38.12,7.01,6.82,8.88,21.06,12.93,,,2.84,5.49,16.76,5.57,,2.84,38.19,8.45,10.32,,3.11,,,,9.36,,,,,6.34,11.2,,,,12.62,,,12.15,,48.58,,,,9.2
2016-02-29 07:00:00,3.13,,8.88,32.66,42.02,16.12,,7.56,8.94,39.21,7.03,6.76,8.9,21.16,12.83,,,2.79,5.65,16.76,5.52,,2.76,37.16,8.39,10.28,,3.11,,,,9.28,,,,,6.34,11.0,,,,12.32,,,11.9,,47.83,,,,9.2
2016-03-01 07:00:00,3.11,,8.88,33.91,42.02,15.85,,7.48,8.88,38.99,7.03,6.89,8.98,21.6,12.8,,,2.74,5.56,16.56,5.49,,2.86,37.16,8.45,10.32,,3.23,,,,9.85,,,,,6.4,10.9,,,,12.23,,,11.9,,48.58,,,,9.2
2016-03-02 07:00:00,3.09,,9.19,34.67,44.85,15.78,,7.6,9.09,38.99,7.23,6.82,9.07,21.85,12.73,,,2.72,5.6,16.7,5.49,,2.84,37.68,8.84,10.78,,3.32,,,,9.7,,,,,6.54,11.1,,,,12.53,,,12.15,,49.32,,,,9.2
2016-03-03 07:00:00,3.09,,9.14,34.67,44.44,15.71,,7.65,8.94,38.12,7.33,6.89,9.09,22.39,12.76,,,2.7,5.67,16.97,5.49,,2.84,38.45,8.84,10.67,,3.3,,,,9.47,,,,,6.51,11.0,,,,12.5,,,12.25,,48.95,,,,9.3
2016-03-04 07:00:00,3.13,,9.09,34.92,44.44,15.92,,7.56,8.95,38.12,7.38,6.76,9.13,22.94,12.7,,,2.75,5.69,16.9,5.49,,2.84,38.45,8.89,10.9,,3.3,,,,9.59,,,,,6.43,11.0,,,,12.56,,,12.36,,49.32,,,,9.2
2016-03-07 07:00:00,3.14,,8.98,33.91,44.44,16.06,,7.56,8.97,37.24,7.25,6.76,9.05,24.47,13.02,,,2.78,6.07,17.53,5.49,,2.8,38.45,8.84,11.09,,3.44,,,,9.51,,,,,6.4,11.0,,,,12.56,,,12.36,,48.95,,,,9.2
2016-03-08 07:00:00,3.01,,8.93,33.91,44.04,16.19,,7.52,8.97,36.8,7.18,6.89,8.94,23.88,12.96,,,2.89,6.25,17.39,5.52,,2.8,38.71,8.78,11.09,,3.47,,,,9.44,,,,,6.32,10.9,,,,12.5,,,12.52,,48.95,,,,9.2
2016-03-09 07:00:00,3.08,,8.73,33.66,42.83,16.19,,7.39,8.9,37.68,7.18,6.89,8.94,23.48,13.09,,,2.85,6.16,17.25,5.65,,2.82,38.97,8.73,10.86,,3.37,,,,9.36,,,,,6.34,10.9,,,,12.44,,,12.55,,48.95,,,,9.2
2016-03-10 07:00:00,3.06,,8.88,33.91,43.23,16.12,,7.43,8.8,38.12,7.16,6.89,8.98,23.93,13.09,,,2.86,6.2,17.25,5.91,,2.84,38.45,8.84,10.94,,3.39,,,,9.36,,,,,6.46,10.9,,,,12.5,,,12.55,,48.95,,,,9.2
2016-03-11 07:00:00,3.08,,8.88,33.91,43.23,16.4,,7.39,8.76,37.9,7.16,6.69,9.03,23.83,13.19,,,2.88,6.31,17.39,5.94,,2.82,37.94,8.89,11.01,,3.37,,,,9.4,,,,,6.43,11.0,,,,12.5,,,12.25,,50.82,,,,9.3
2016-03-14 07:00:00,3.03,,8.88,34.16,42.83,16.61,,7.39,8.48,37.46,7.25,6.76,9.07,23.88,13.15,,,3.0,6.38,17.18,5.89,,2.78,38.71,8.89,11.05,,3.37,,,,9.44,,,,,6.4,11.0,,,,12.53,,,12.25,,50.44,,,,9.4
2016-03-15 07:00:00,3.05,,8.78,33.91,42.83,16.61,,7.35,7.99,37.24,7.21,6.76,9.03,23.04,13.02,,,3.0,6.29,16.76,5.96,,2.78,37.94,8.89,10.98,,3.35,,,,9.32,,,,,6.34,10.8,,,,12.62,,,12.15,,50.82,,,,9.2
2016-03-16 07:00:00,3.05,,8.88,34.16,43.23,16.47,,7.35,8.09,36.58,7.28,6.69,9.03,23.24,13.12,,,2.99,6.33,16.49,6.28,,2.78,37.68,8.61,10.98,,3.37,,,,9.36,,,,,6.29,10.7,,,,12.98,,,12.04,,51.19,,,,9.3
2016-03-17 07:00:00,3.03,,8.88,34.41,43.63,16.54,,7.39,8.36,37.24,7.23,6.82,9.03,24.27,12.99,,,3.0,6.42,16.7,6.3,,2.8,37.42,8.61,11.25,,3.39,,,,9.47,,,,,6.26,10.8,,,,12.83,,,12.15,,51.56,,,,9.3
2016-03-18 07:00:00,3.03,,8.83,35.92,43.23,16.26,,7.35,8.32,37.24,7.13,6.76,9.18,23.91,12.96,,,2.97,6.49,16.9,6.23,,2.8,36.9,8.61,11.56,,3.28,,,,9.44,,,,,6.2,10.4,,,,12.77,,,11.9,,51.56,,,,9.3
2016-03-21 07:00:00,3.01,,8.83,36.17,42.83,16.12,,7.35,8.18,36.58,7.13,6.69,9.16,23.29,12.8,,,2.98,6.42,16.7,6.09,,2.78,36.13,8.73,11.48,,3.42,,,,9.36,,,,,6.2,10.6,,,,12.89,,,12.2,,50.44,,,,9.3
2016-03-22 07:00:00,3.0,,8.68,35.42,43.23,16.12,,7.26,8.09,36.36,7.13,6.69,9.07,23.55,12.8,,,2.95,6.45,16.49,6.04,,2.76,36.13,8.61,11.52,,3.39,,,,9.32,,,,,6.09,10.6,,,,13.01,,,12.28,,49.7,,,,9.3
2016-03-23 07:00:00,2.98,,8.83,35.67,43.23,16.4,,7.31,8.09,38.12,7.16,6.69,9.07,24.01,12.7,,,2.93,6.44,16.56,6.12,,2.76,37.16,8.73,11.56,,3.39,,,,9.36,,,,,6.12,10.6,,,,12.89,,,12.25,,50.07,,,,9.3
2016-03-24 07:00:00,2.97,,8.63,37.68,42.42,16.19,,7.18,8.0,37.9,7.16,6.69,9.02,23.34,12.7,,,2.88,6.33,16.56,6.07,,2.74,37.94,8.78,11.79,,3.39,,,,9.36,,,,,6.15,10.3,,,,12.65,,,12.17,,50.44,,,,9.2
2016-03-25 07:00:00,2.95,,8.68,37.93,42.42,16.06,,7.18,7.99,37.46,7.13,6.69,8.92,23.39,12.73,,,2.9,6.27,16.7,6.02,,2.76,38.19,8.78,12.57,,3.39,,,,9.28,,,,,6.09,10.4,,,,12.86,,,12.36,,50.07,,,,9.2
2016-03-28 07:00:00,2.95,,8.63,38.43,42.83,16.33,,7.18,8.0,37.46,7.11,6.76,8.94,23.39,12.76,,,2.99,6.51,16.56,6.04,,2.76,38.45,8.73,13.3,,3.56,,,,9.25,,,,,6.09,10.3,,,,12.86,,,12.6,,50.44,,,,9.2
2016-03-29 07:00:00,2.93,,8.48,38.18,42.02,16.26,,7.05,7.92,38.12,7.11,6.69,8.85,22.51,12.73,,,2.98,6.44,16.42,6.02,,2.74,37.42,8.67,13.46,,3.58,,,,9.25,,,,,5.95,10.1,,,,12.62,,,12.63,,50.07,,,,9.1
2016-03-30 07:00:00,2.81,,8.48,38.18,41.61,16.33,,7.09,7.93,38.33,7.16,6.69,8.85,22.25,12.7,,,2.95,6.45,16.63,5.99,,2.73,37.42,8.61,13.03,,3.54,,,,9.32,,,,,6.0,10.3,,,,12.65,,,12.69,,50.82,,,,9.2
2016-03-31 07:00:00,2.9,,8.38,36.42,40.4,16.33,,6.97,7.9,36.8,7.13,6.82,8.77,21.22,12.7,,,2.95,6.27,16.35,5.99,,2.71,36.9,8.45,12.88,,3.54,,,,9.25,,,,,5.95,10.3,,,,12.32,,,12.74,,50.07,,,,9.1
2016-04-01 07:00:00,2.9,,8.33,36.42,39.75,16.61,,6.92,7.74,36.8,7.11,6.82,8.72,21.48,12.53,,,2.9,6.24,16.35,5.99,,2.67,36.65,8.45,12.37,,3.54,,,,9.13,,,,,5.98,10.3,,,,12.29,,,12.74,,50.07,,,,9.1
2016-04-04 07:00:00,2.9,,8.28,36.17,39.84,16.54,,7.01,7.81,37.24,7.11,6.56,8.72,20.91,12.34,,,2.92,6.33,16.21,6.04,,2.67,36.13,8.39,12.33,,3.54,,,,9.06,,,1.78,,6.0,10.3,,,,12.29,,,12.71,,50.07,,,,9.1
2016-04-05 07:00:00,2.86,,8.33,37.18,40.81,16.68,,6.97,7.97,37.68,7.11,6.63,8.75,21.22,12.5,,,2.93,6.55,16.21,6.04,,2.69,36.39,8.5,12.64,,3.56,,,,9.02,,,1.81,,6.12,10.2,,,,12.32,,,12.71,,51.19,,,,9.0
2016-04-06 07:00:00,2.84,,8.48,37.68,41.21,16.54,,7.09,8.07,38.12,7.16,6.63,8.83,22.25,12.6,,,3.02,6.76,16.49,6.02,,2.74,36.65,8.45,12.8,,3.56,,,,9.06,,,1.81,,6.15,10.3,,,,12.62,,,12.85,,51.19,,,,9.2
2016-04-07 07:00:00,2.89,,8.48,37.93,41.61,17.43,,7.09,8.27,37.68,7.13,6.82,8.9,22.82,12.5,,,3.01,6.89,16.9,6.09,,2.74,36.65,8.5,12.8,,3.58,,,,9.06,,,1.81,,6.17,10.1,,,,12.53,,,12.74,,52.69,,,,9.2
2016-04-08 07:00:00,2.93,,8.43,37.68,40.81,17.43,,7.09,8.27,39.21,7.11,6.76,8.87,22.82,12.53,,,3.08,7.2,17.67,6.07,,2.73,35.87,8.56,12.68,,3.61,,,,8.98,,,1.84,,6.12,10.1,,,,12.44,,,12.82,,53.43,,,,9.3
2016-04-11 07:00:00,2.92,,8.38,37.93,42.83,17.5,,7.01,8.43,40.31,7.08,6.82,8.92,23.29,12.89,,,3.15,7.29,17.95,6.23,,2.74,36.65,8.61,12.6,,3.7,,,,9.02,,,1.81,,6.17,10.1,,,,12.5,,,13.63,,53.43,,,,9.3
2016-04-12 07:00:00,2.9,,8.13,37.68,42.83,17.64,,6.88,8.41,39.87,7.06,6.82,8.88,23.55,12.93,,,3.17,7.2,17.32,6.23,,2.73,36.13,8.56,13.26,,3.68,,,,9.02,,,1.81,,6.15,10.1,,,,12.65,,,14.04,,53.43,,,,9.3
2016-04-13 07:00:00,2.87,,7.93,36.93,42.42,17.23,,6.88,8.3,40.31,7.13,6.76,8.87,23.91,12.76,,,3.11,7.27,17.18,6.3,,2.73,35.61,8.5,13.07,,3.75,,,,8.94,,,1.81,,6.12,10.2,,,,12.59,,,14.04,,53.06,,,,9.3
2016-04-14 07:00:00,2.82,,7.98,36.17,42.42,17.09,,6.84,8.44,39.43,7.13,6.69,8.85,23.75,12.76,,,3.14,7.27,17.46,6.2,,2.74,35.87,8.45,13.15,,3.77,,,,8.94,,,1.81,,6.12,10.2,,,,12.71,,,14.17,,53.06,,,,9.4
2016-04-15 07:00:00,2.84,,8.03,36.68,42.42,17.16,,6.88,8.41,39.21,7.11,6.76,8.79,23.96,12.67,,,3.13,7.27,17.39,6.15,,2.71,35.87,8.5,12.88,,3.75,,,,8.83,,,1.84,,6.09,10.1,,,,12.77,,,14.04,,53.43,,,,9.4
2016-04-19 07:00:00,2.82,,7.83,34.41,41.21,16.81,70.01,6.8,8.18,36.58,7.11,6.76,8.75,22.93,12.47,,,3.09,7.18,17.25,6.02,,2.73,35.61,8.28,12.64,,3.68,,,,8.68,,15.38,1.81,,6.0,10.0,,,,12.74,,,13.42,,51.94,,,,9.2
2016-04-20 07:00:00,2.81,,7.88,33.41,41.61,16.95,71.27,6.8,8.09,37.02,7.33,6.76,8.77,23.18,12.53,,,3.12,7.66,17.25,5.99,,2.74,34.84,8.28,12.85,,3.61,,,,8.64,,15.58,1.81,,5.98,10.0,,,,12.86,,,13.63,,50.82,,,,9.2
2016-04-21 07:00:00,2.81,,7.98,33.91,42.83,17.09,71.27,6.8,8.2,37.24,7.28,6.82,8.81,24.63,12.57,,,3.15,8.18,17.25,6.02,,2.76,36.13,8.28,12.39,,3.63,,,,8.72,,15.92,1.78,,5.98,10.2,,,,12.89,,,13.9,,51.19,,,,9.3
2016-04-22 07:00:00,2.89,,8.53,35.17,44.85,17.23,71.27,7.14,8.21,37.46,7.23,6.82,8.9,25.62,12.76,,,3.27,8.22,17.32,6.02,,2.82,35.61,8.28,12.1,,3.58,,,,9.02,,16.36,1.84,,6.06,10.2,,,,13.73,,,14.71,,52.31,,,,9.4
2016-04-25 07:00:00,2.86,,8.78,35.17,45.25,16.95,71.27,7.26,8.18,37.02,7.23,6.82,8.92,25.0,12.63,,,3.3,8.11,17.46,6.02,,2.82,35.36,8.61,12.35,,3.49,,11.2,,8.98,,16.26,1.84,,6.23,10.3,,,,13.79,,,14.17,,51.94,,,,9.5
2016-04-26 07:00:00,2.86,,8.68,34.92,48.08,16.95,72.53,7.18,8.07,37.68,7.25,6.82,8.92,25.62,13.02,,,3.3,8.46,18.3,6.02,,2.82,35.61,8.56,12.31,,3.47,,11.61,,9.02,,16.46,1.81,,6.32,10.2,,,,14.18,,,14.58,,52.31,,,,9.5
2016-04-27 07:00:00,2.82,,8.53,34.67,46.87,16.88,73.79,7.01,8.07,37.46,7.35,6.89,8.88,26.13,12.96,,,3.27,8.65,18.43,5.96,,2.78,35.87,8.5,12.06,,3.32,,11.71,,8.98,,16.56,1.78,,6.17,10.2,,,,13.82,,,14.3,,51.56,,,,9.5
2016-04-28 07:00:00,2.81,,8.28,34.67,46.87,16.74,72.95,6.88,8.24,37.46,7.28,6.89,9.02,26.39,13.19,,,3.25,8.65,18.43,5.96,,2.8,35.61,8.5,11.93,,3.32,,11.61,,8.94,,16.36,1.81,,6.12,10.3,,,,13.88,,,14.04,,51.56,,,,9.4
2016-04-29 07:00:00,2.84,,8.78,35.42,49.29,17.09,72.95,7.05,8.04,37.02,7.28,6.89,9.05,26.39,13.48,,,3.35,9.12,18.3,5.99,,2.86,36.13,8.39,12.39,,3.42,,11.71,,8.94,,16.26,1.84,,6.03,10.3,,,,13.82,,,14.17,,51.94,,,,9.5
2016-05-04 07:00:00,2.84,,8.68,35.42,49.69,17.16,72.95,6.97,7.84,37.02,7.45,6.76,8.96,26.13,13.8,,,3.51,9.7,18.57,6.02,,2.86,36.65,8.67,12.18,,3.42,,11.71,,8.91,,16.46,1.84,,6.03,10.2,,,,13.85,,,13.77,,53.06,,,,9.5
2016-05-05 07:00:00,2.82,,8.88,36.68,48.08,17.36,72.11,7.09,7.8,38.12,7.4,6.95,8.9,25.88,13.64,,,3.51,9.54,18.57,5.99,,2.86,36.65,8.78,12.14,,3.35,,11.81,,9.02,,16.51,1.84,,6.03,10.3,,,,14.15,,,13.9,,53.06,,,,9.6
2016-05-06 07:00:00,2.82,,9.09,35.92,48.08,17.23,73.37,7.35,7.73,37.46,7.43,6.89,8.85,26.13,13.41,,,3.41,9.7,18.5,5.99,,2.9,37.42,8.95,12.18,,3.47,,11.61,,9.1,,16.46,1.81,,6.03,10.3,,,,14.6,,,14.17,,53.06,,,,9.6
2016-05-09 07:00:00,2.86,,8.93,36.17,46.06,17.23,74.45,7.35,7.8,37.46,7.4,6.95,8.79,26.39,13.61,,,3.4,9.31,18.3,5.94,,2.9,36.9,8.95,12.43,,3.47,,11.81,,8.98,,16.02,1.84,,5.98,10.3,,,,14.42,,,14.04,,53.81,,,,9.6
2016-05-10 07:00:00,2.84,,9.19,36.17,46.87,17.3,73.15,7.39,7.77,37.24,7.43,7.15,8.81,26.39,13.64,,,3.35,9.31,18.09,5.94,,2.88,36.9,8.9,12.6,,3.47,,12.22,,8.94,,15.43,1.84,,5.86,10.4,,,,14.6,,,14.04,,53.43,,,,9.5
2016-05-11 07:00:00,2.84,,9.34,36.42,48.48,17.64,77.48,7.65,7.8,37.46,7.45,7.15,8.88,26.91,13.87,,,3.46,9.37,18.43,6.02,,2.9,37.16,8.95,12.64,,3.47,,12.12,,9.12,,15.63,1.81,,5.75,10.3,,,,14.72,,,14.44,,54.55,,,,9.6
2016-05-12 07:00:00,2.98,,9.39,36.17,48.48,17.85,76.61,7.52,7.75,37.02,7.45,7.28,8.83,27.17,13.84,,,3.41,9.23,18.3,6.02,,2.86,37.16,8.84,12.81,,3.44,,12.12,,9.07,,15.92,1.84,,5.75,11.0,,,,14.42,,,14.44,,54.18,,,,9.7
2016-05-13 07:00:00,2.97,,9.39,35.92,47.27,17.71,76.18,7.52,7.64,37.24,7.4,7.34,8.83,27.95,13.84,,,3.33,8.96,18.09,6.02,,2.86,36.39,8.67,12.52,,3.47,,12.22,,8.99,,15.28,1.9,,5.7,11.7,,,,14.3,,,14.44,,53.81,,,,
2016-05-16 07:00:00,3.01,,9.34,36.17,47.67,17.71,75.32,7.43,7.64,37.24,7.45,7.34,8.81,28.72,13.77,,,3.32,8.82,18.09,6.02,,2.84,36.65,8.67,12.64,,3.49,,12.22,,8.94,,15.04,1.9,,5.81,12.1,,,,14.51,,,14.84,,54.55,,,,9.7
2016-05-17 07:00:00,3.01,,9.54,36.42,50.91,17.92,76.18,7.65,7.57,37.47,7.45,7.34,8.87,30.53,14.33,,,3.36,9.13,18.3,6.02,,2.84,36.65,8.78,12.52,,3.56,,12.22,,9.12,,15.28,1.9,,5.86,12.7,,,,14.51,,,14.71,,54.93,,,,9.8
2016-05-18 07:00:00,3.06,,9.54,36.42,49.69,17.85,75.32,7.6,7.55,37.47,7.5,7.8,8.88,30.02,14.26,,,3.31,9.04,18.5,5.99,,2.9,36.9,8.78,12.64,,3.58,,12.32,,9.12,,15.18,1.9,,5.84,12.6,,,,14.72,,,14.44,,54.18,,,,9.9
2016-05-19 07:00:00,3.08,,9.34,36.55,49.69,17.57,74.45,7.52,7.5,37.01,7.45,7.86,8.88,29.76,14.62,,,3.32,9.12,18.57,5.99,,2.95,36.13,8.72,12.6,,3.56,,12.42,,9.07,,15.28,1.84,,5.81,12.4,,,,14.45,,,14.44,,54.18,,,,9.9
2016-05-20 07:00:00,3.03,,9.19,36.29,48.08,17.64,74.45,7.43,7.51,36.78,7.53,7.8,8.92,29.76,14.65,,,3.32,9.02,18.85,5.99,,2.97,35.87,8.78,12.64,,3.51,,12.42,,9.07,,15.48,1.84,,5.84,11.9,,,,14.24,,,13.9,,54.55,,,,9.9
2016-05-23 07:00:00,2.93,,8.98,36.29,48.08,17.5,74.88,7.26,7.5,35.64,7.5,7.99,8.9,29.24,14.81,,,3.37,8.88,18.78,5.91,,2.92,35.87,9.12,12.77,,3.51,,12.42,,9.03,,15.33,1.84,,5.86,11.7,,,,13.85,,,14.04,,54.55,,,,9.8
2016-05-24 07:00:00,2.93,,8.98,36.81,48.48,17.5,75.75,7.35,7.44,35.87,7.4,7.86,8.88,29.24,14.42,,,3.37,9.35,18.23,5.94,,2.93,36.65,9.52,13.06,,3.51,,12.32,,9.07,,15.04,1.81,,5.84,11.5,,,,13.79,,,14.04,,54.18,,,,9.7
2016-05-25 07:00:00,2.92,,8.98,36.55,48.08,17.43,76.61,7.35,7.51,35.87,7.42,7.99,8.88,29.76,13.87,,,3.37,9.21,18.3,5.99,,2.88,36.13,9.58,13.36,,3.56,,12.22,,9.16,,15.82,1.81,,5.81,11.2,,,,13.82,,,14.04,,53.81,,,,9.9
2016-05-26 07:00:00,2.9,,8.78,35.52,46.87,17.43,75.75,7.26,7.75,35.64,7.32,8.25,8.85,29.5,13.97,,,3.32,9.33,18.3,6.02,,2.9,35.61,9.41,12.9,,3.58,,12.32,,9.07,,15.92,1.78,,5.78,11.0,,,,13.61,,,13.77,,52.69,,,,9.7
2016-05-27 07:00:00,2.93,,8.93,35.78,46.87,17.5,75.75,7.39,7.68,35.64,7.27,8.19,8.97,29.24,14.4,,,3.33,9.62,18.5,6.02,,2.92,35.61,9.64,12.85,,3.61,,12.22,,9.12,,15.82,1.81,,5.86,11.3,,,,13.61,,,13.9,,53.43,,,,9.7
2016-05-30 07:00:00,2.93,,9.09,35.78,47.27,17.57,74.88,7.48,7.69,34.95,7.24,8.19,8.99,29.5,14.15,,,3.39,9.6,18.78,6.09,,2.95,35.61,9.75,13.27,,3.58,,13.04,,9.12,,15.68,1.78,,6.09,11.1,,,,14.06,,,14.44,,53.06,,,,9.8
2016-05-31 07:00:00,2.92,,9.14,36.04,48.48,17.43,76.18,7.56,7.68,34.73,7.14,8.45,8.92,31.05,14.04,,,3.39,10.27,18.71,6.07,,2.95,35.87,9.81,13.27,,3.54,,13.24,,9.03,,15.53,1.78,,6.06,11.0,,,,14.03,,,14.17,,53.06,,,,9.8
2016-06-01 07:00:00,2.93,,9.19,35.26,48.48,17.57,77.05,7.56,7.69,34.95,7.24,8.38,8.92,31.05,14.04,,,3.45,10.79,19.0,6.07,,2.95,35.61,9.75,13.02,,3.51,,13.14,,9.03,,15.63,1.78,,6.0,11.1,,,,14.09,,,14.44,,52.69,,,,9.8
2016-06-02 07:00:00,2.93,,9.29,35.52,48.48,17.64,76.61,7.6,7.64,35.41,7.21,8.12,8.92,31.83,14.61,,,3.53,10.85,19.0,6.12,,2.95,35.61,9.75,13.11,,3.49,,13.04,,9.03,,15.48,1.78,,6.03,11.2,,,,14.15,,,14.44,,52.69,,,,9.8
2016-06-03 07:00:00,2.93,,9.19,34.74,48.08,17.71,77.48,7.56,7.59,35.64,7.21,7.93,8.9,31.31,14.86,,,3.57,10.82,18.78,6.15,,2.92,35.61,10.04,13.27,,3.47,,13.54,,9.03,,15.58,1.81,,6.0,11.3,,,,14.21,,,14.58,,52.69,,,,9.9
2016-06-06 07:00:00,2.97,,9.14,34.48,49.29,17.78,77.05,7.48,7.66,35.64,7.21,7.73,8.84,31.31,14.56,,,3.55,10.5,19.72,6.07,,2.9,35.36,10.49,13.19,,3.44,,13.85,,8.99,,15.92,1.78,,5.95,12.0,,,,14.36,,,14.44,,51.55,,,,9.9
2016-06-07 07:00:00,2.97,,9.09,35.0,49.29,17.71,77.91,7.39,7.62,35.41,7.27,7.73,8.86,31.83,14.45,,,3.64,10.71,19.72,6.09,,2.93,35.61,10.89,13.06,,3.44,,13.75,,9.07,,16.31,1.78,,5.98,11.9,,,,14.45,,,14.71,,51.93,,,,9.9
2016-06-08 07:00:00,2.98,,9.19,35.0,50.91,17.85,81.81,7.48,7.59,35.18,7.42,7.8,8.9,31.31,14.51,,,3.7,11.32,19.58,6.04,,2.92,36.13,10.78,13.02,,3.49,,13.65,,9.12,,17.44,1.81,,6.06,12.1,,,,14.39,,,14.71,,52.31,,,,10.0
2016-06-09 07:00:00,3.0,,9.44,35.0,50.91,17.85,80.51,7.56,7.53,35.64,7.34,7.8,8.86,32.09,14.56,,,3.68,11.35,19.36,6.04,,2.93,35.87,10.55,13.06,,3.49,,13.44,,9.07,,17.68,1.81,,6.15,12.1,,,,14.45,,,14.71,,52.31,,,,10.1
2016-06-10 07:00:00,3.01,,9.34,35.0,52.12,17.85,80.94,7.56,7.53,37.92,7.27,7.67,8.86,31.31,14.81,,,3.71,11.64,19.51,5.99,,2.92,36.13,10.72,13.23,,3.49,,13.44,,9.38,,18.08,1.78,,6.2,11.5,,,,14.57,,,14.58,,51.93,,,,10.1
2016-06-13 07:00:00,3.01,,9.19,35.0,50.5,17.78,78.78,7.48,7.46,37.7,7.24,7.54,8.84,31.05,14.71,,,3.66,11.69,19.43,5.94,,2.9,35.61,10.72,12.85,,3.42,,13.34,,9.29,,16.85,1.78,,6.09,11.8,,,,14.54,,,14.17,,51.93,,,,10.0
2016-06-14 07:00:00,3.03,,9.09,35.0,50.5,17.71,79.64,7.39,7.4,38.38,7.27,7.54,8.86,31.05,14.76,,,3.8,12.48,19.15,5.96,,2.9,35.61,11.43,12.94,,3.44,,13.24,,9.29,,16.9,1.78,,6.06,11.8,,,,14.51,,,14.44,,51.93,,,,9.9
2016-06-15 07:00:00,3.03,,9.09,36.55,50.5,17.71,83.11,7.39,7.42,40.21,7.24,7.54,8.81,31.83,14.71,,,3.81,12.39,19.15,5.99,,2.9,35.36,11.37,13.02,,3.42,,13.65,,9.29,,16.8,1.78,,5.98,11.7,,,,14.36,,,14.44,,51.93,,,,9.9
2016-06-16 07:00:00,3.03,,9.03,36.29,50.1,17.78,84.84,7.31,7.46,40.21,7.27,7.47,8.84,31.05,14.61,,,3.82,12.1,18.78,5.99,,2.88,35.36,11.66,13.86,,3.47,,13.34,,9.2,,17.1,1.75,,5.98,11.6,,,,14.33,,,14.44,,51.93,,,,9.9
2016-06-17 07:00:00,3.03,,9.03,36.29,47.67,17.64,84.4,7.18,7.5,38.84,7.21,7.67,8.84,30.79,14.3,,,3.75,11.4,18.93,5.96,,2.88,36.65,11.43,13.44,,3.51,,13.44,,9.12,,15.92,1.75,,5.78,11.3,,,,14.15,,,14.04,,51.93,,,,9.8
2016-06-20 07:00:00,3.05,,9.03,37.33,48.48,18.47,86.57,7.22,7.93,39.52,7.16,7.67,9.34,31.83,14.3,,,3.85,11.69,20.09,6.02,,2.86,35.87,12.23,14.28,,3.51,,14.16,,9.07,,16.12,1.78,,5.89,11.3,,,,14.09,,,14.44,,51.93,,,,9.9
2016-06-21 07:00:00,3.05,,9.03,37.59,48.89,18.19,85.27,7.22,8.11,39.75,7.19,7.6,9.34,31.31,14.25,,,3.93,11.93,20.38,6.02,,2.86,35.61,12.34,13.95,,3.47,,14.46,,9.2,,16.26,1.75,,5.89,11.5,,,,14.12,,,14.58,,52.69,,,,9.9
2016-06-22 07:00:00,3.05,,8.98,37.85,48.48,18.05,85.7,7.18,8.18,40.44,7.27,7.54,9.27,31.31,14.15,,,3.97,11.81,20.38,5.96,,2.84,35.61,12.34,13.86,,3.44,,14.77,,9.34,,16.07,1.75,,5.86,11.5,,,,14.06,,,14.17,,52.69,,,,9.9
2016-06-23 07:00:00,3.05,,9.03,37.85,48.89,18.26,86.57,7.31,8.56,42.95,7.27,7.54,9.16,31.57,14.15,,,4.02,11.81,20.45,5.99,,2.84,35.61,13.14,13.69,,3.42,,15.07,,9.29,,15.43,1.78,,5.86,11.5,,,,14.42,,,14.3,,53.06,,,,9.9
2016-06-24 07:00:00,3.05,,8.88,37.33,47.27,17.98,84.4,7.09,8.24,42.04,7.19,7.41,8.94,31.05,13.79,,,3.89,11.29,19.8,5.89,,2.82,34.84,13.94,14.62,,3.37,,14.87,,8.99,,15.28,1.72,,5.72,11.3,,,,14.06,,,14.04,,51.93,,,,9.7
2016-06-27 07:00:00,3.03,,8.78,36.55,48.08,17.92,81.81,7.09,8.56,41.35,7.19,7.47,9.01,31.31,13.74,,,3.91,11.46,20.09,5.99,,2.82,34.58,13.94,14.45,,3.28,,15.28,,8.81,,15.38,1.75,,5.7,11.3,,,,13.88,,,14.52,,51.93,,,,9.7
2016-06-28 07:00:00,3.01,,8.78,37.85,47.87,17.85,83.54,7.01,8.58,43.18,7.19,7.34,9.01,31.31,13.58,,,3.88,11.84,19.94,5.99,,2.82,34.58,13.6,14.62,,3.25,,15.68,,8.9,,15.48,1.78,,5.72,11.3,,,,13.94,,,14.3,,53.06,,,,9.7
2016-06-29 07:00:00,3.01,,8.83,37.59,48.69,18.12,84.4,7.18,8.76,45.01,7.21,7.41,9.19,32.09,14.04,,,3.94,12.22,20.3,5.96,,2.84,34.58,14.29,15.0,,3.32,,16.09,,8.94,,15.63,1.75,,5.89,11.4,,,,14.21,,,14.4,,52.69,,,,9.8
2016-06-30 07:00:00,3.01,,8.78,37.85,48.28,18.12,83.54,7.14,9.05,47.06,7.19,7.47,9.14,32.34,13.79,,,3.97,12.01,20.23,5.96,,2.82,34.32,14.06,14.58,,3.28,,15.68,,8.94,,15.28,1.72,,5.86,11.3,,,,14.21,,,14.82,,53.44,,,,9.9
2016-07-01 07:00:00,3.01,,8.73,38.63,49.1,18.12,84.84,7.22,9.19,46.15,7.21,7.41,9.16,33.9,13.63,,,3.99,12.22,20.16,5.99,,2.84,34.58,14.06,14.87,,3.3,,15.28,,8.9,,15.33,1.72,,5.81,11.3,,,,14.27,,,15.3,,54.2,,,,10.1
2016-07-04 07:00:00,2.93,,8.78,41.22,49.51,18.19,84.4,7.26,9.16,46.15,7.27,7.41,9.3,34.41,14.04,,,4.0,12.8,20.16,5.96,,2.84,34.58,14.17,14.79,,3.44,,15.58,,9.03,,15.23,1.72,,6.2,11.3,,,,14.78,,,15.3,,54.96,,,,10.0
2016-07-05 07:00:00,2.93,,9.03,42.0,51.15,19.02,87.0,7.39,9.05,45.46,7.34,7.34,9.23,33.9,13.94,,,4.03,12.83,20.09,5.94,,2.88,34.84,14.06,14.45,,3.47,,15.58,,8.99,,15.33,1.75,,6.32,11.4,,,,15.17,,,15.3,,54.58,,,,10.1
2016-07-06 07:00:00,2.93,,8.98,41.74,51.15,19.16,88.3,7.31,9.03,45.46,7.34,7.34,9.25,33.38,13.84,,,4.11,13.03,20.09,6.04,,2.86,34.58,14.06,14.37,,3.39,,15.79,,9.07,,15.53,1.78,,6.32,11.3,,,,15.02,,,15.3,,54.2,,,,10.1
2016-07-07 07:00:00,2.97,,8.98,42.26,51.56,19.43,90.9,7.35,8.98,48.43,7.5,7.34,9.47,34.67,13.89,,,4.29,13.29,20.01,6.09,,2.86,34.58,14.97,14.62,,3.49,,16.7,,9.07,,15.87,1.81,,6.34,11.2,,,,15.32,,,15.44,,55.72,,,,10.2
2016-07-08 07:00:00,2.97,,8.93,42.26,49.92,18.95,90.9,7.31,8.92,47.52,7.42,7.21,9.54,34.16,14.35,,,4.28,13.61,20.23,6.12,,2.86,34.58,14.86,14.62,,3.3,,16.5,,8.99,,16.02,1.78,,6.4,11.2,,,,15.32,,,15.44,,55.72,,,,10.2
2016-07-11 07:00:00,2.93,,8.93,40.44,48.69,18.26,89.17,7.39,9.46,46.15,7.42,7.21,9.32,33.12,14.4,,,4.06,13.03,20.23,5.99,,2.88,34.58,15.09,14.37,,3.09,,15.99,,8.9,,15.72,1.75,,6.48,11.2,,,,15.62,,,15.3,,55.34,,,,10.2
2016-07-12 07:00:00,2.93,,8.93,40.96,49.92,18.26,90.03,7.52,9.31,46.15,7.55,7.02,9.32,33.38,14.35,,,4.12,13.09,20.3,5.96,,2.84,34.58,15.43,14.28,,2.99,,15.79,,8.94,,15.92,1.72,,6.6,11.2,,,,16.22,,,15.6,,55.72,,,,10.2
2016-07-13 07:00:00,3.01,,9.29,41.22,50.74,18.47,91.76,8.03,9.12,45.46,7.68,7.34,9.38,34.16,14.35,,,4.17,13.27,20.52,5.99,,2.9,34.58,16.0,14.49,,2.99,,15.68,,9.03,,16.75,1.75,,6.79,11.5,,,,17.27,,,16.5,,55.72,,,,10.4
2016-07-14 07:00:00,3.01,,9.34,41.74,51.15,18.12,93.06,7.9,8.67,43.86,7.76,7.8,9.4,33.38,14.04,,,4.03,12.36,20.81,5.99,,2.93,34.84,16.0,14.16,,3.04,,14.77,,9.03,,16.46,1.78,,6.65,11.5,,,,16.82,,,16.05,,55.34,,,,10.3
2016-07-15 07:00:00,3.01,,9.29,43.04,51.15,18.47,92.2,7.94,9.18,42.27,7.66,7.99,9.32,33.12,13.94,,,4.07,12.19,20.81,5.96,,2.93,34.84,15.66,14.37,,3.04,,14.26,,9.12,,16.46,1.78,,6.62,11.9,,,,16.22,,,16.34,,55.72,,,,10.5
2016-07-18 07:00:00,3.0,,9.34,43.29,52.37,18.71,94.36,7.94,9.2,42.04,7.66,7.99,9.32,33.64,14.04,,,4.24,13.0,20.95,6.02,,2.93,35.61,15.89,14.83,,3.09,,14.56,,9.07,,16.46,1.75,,6.68,12.1,,,,16.67,,,16.2,,56.86,,,,10.4
2016-07-19 07:00:00,2.93,,9.03,42.26,52.37,18.5,93.93,7.73,9.2,42.49,7.53,7.8,9.16,33.12,13.94,,,4.21,12.74,20.66,5.99,,2.88,34.84,16.0,14.74,,3.06,,14.46,,8.99,,16.61,1.75,,6.79,11.6,,,,16.82,,,15.6,,57.99,,,,10.5
2016-07-20 07:00:00,2.93,,8.88,42.26,50.33,18.43,95.22,7.56,9.31,42.27,7.58,7.67,9.1,32.34,13.79,,,4.12,12.07,20.23,5.99,,2.86,34.58,15.2,14.41,,3.06,,14.56,,8.94,,16.31,1.72,,6.68,11.2,,,,16.52,,,15.0,,59.89,,,,10.5
2016-07-21 07:00:00,2.9,,8.88,43.29,49.51,18.29,97.39,7.56,9.24,42.49,7.6,7.47,9.1,32.6,13.69,,,4.13,11.23,19.94,5.99,,2.88,34.84,14.74,14.49,,3.09,,14.26,,8.94,,16.07,1.72,,6.48,11.3,,,,16.67,,,15.14,,59.51,,,,10.4
2016-07-22 07:00:00,2.87,,8.88,42.26,49.1,18.15,96.96,7.56,8.88,41.35,7.68,7.02,9.03,31.83,13.58,,,4.03,11.08,20.23,5.99,,2.88,34.58,15.43,14.49,,3.09,,13.95,,8.94,,16.36,1.72,,6.34,11.1,,,,15.62,,,15.0,,59.13,,,,10.2
2016-07-25 07:00:00,2.87,,8.83,41.22,48.28,18.15,96.09,7.43,8.86,41.35,7.68,7.15,8.99,32.09,13.48,,,4.1,10.79,20.52,6.02,,2.84,34.58,15.2,14.53,,3.06,,13.65,,8.99,,16.16,1.72,,6.29,11.0,,,,15.92,,,15.14,,58.37,,,,10.2
2016-07-26 07:00:00,2.84,,8.78,40.96,48.28,18.15,96.09,7.48,9.09,41.35,7.66,7.34,8.94,30.53,13.28,,,4.24,10.97,20.3,5.96,,2.86,34.32,14.86,14.41,,3.04,,12.83,,8.9,,16.02,1.72,,6.32,11.2,,,,15.92,,,15.14,,59.51,,,,
2016-07-27 07:00:00,2.84,,8.88,41.48,49.1,18.01,97.39,7.65,9.03,42.49,7.6,7.54,9.03,31.31,13.48,,,4.33,11.49,20.59,5.99,,2.88,34.07,14.86,14.28,,2.99,,13.44,,8.9,,15.72,1.72,,6.4,11.2,,,,16.37,,,15.3,,59.89,,,,10.2
2016-07-28 07:00:00,2.84,,8.83,42.52,48.69,18.22,97.39,7.56,8.99,42.49,7.6,7.73,9.03,30.02,13.33,,,4.47,11.64,20.95,5.96,,2.86,34.07,15.2,14.58,,3.04,,13.24,,9.16,,15.77,1.7,,6.54,11.2,,,,16.52,,,15.74,,60.65,,,,10.3
2016-07-29 07:00:00,2.87,,8.83,42.26,48.28,18.36,96.09,7.56,8.99,42.27,7.58,7.73,8.97,30.27,13.48,,,4.46,11.46,20.88,6.07,,2.84,33.03,15.31,14.74,,3.04,,13.04,,8.99,,16.07,1.7,,6.46,11.3,,,,16.22,,,15.3,,59.89,,,,
2016-08-01 07:00:00,2.82,,8.83,40.18,47.87,18.29,96.09,7.52,8.77,41.35,7.6,7.6,8.99,31.05,13.38,,,4.42,11.0,20.59,6.09,,2.84,33.03,14.86,14.79,,3.04,,12.83,,8.81,,16.12,1.67,,6.43,11.2,,,,15.92,,,15.44,,58.75,,,,10.2
2016-08-02 07:00:00,2.78,,8.58,38.11,47.87,17.8,93.49,7.31,8.52,40.44,7.45,7.34,8.88,30.79,13.17,,,4.28,10.79,20.59,6.04,,2.82,31.74,14.17,14.7,,3.01,,13.04,,8.72,,15.97,1.61,,6.23,11.1,,,,15.47,,,15.3,,57.61,,,,10.1
2016-08-03 07:00:00,2.74,,8.58,37.85,46.65,17.8,91.76,7.26,8.56,39.75,7.5,7.28,8.86,30.53,12.92,,,4.33,11.32,20.74,6.02,,2.82,31.74,14.17,14.62,,3.01,,12.93,,8.55,,16.02,1.61,,6.26,11.0,,,,15.17,,,14.78,,58.37,,,,10.0
2016-08-04 07:00:00,2.78,,8.48,37.59,47.05,17.8,90.46,7.35,8.69,39.75,7.47,7.21,8.84,30.79,12.81,,,4.27,11.0,20.23,6.04,,2.8,32.0,14.74,14.62,,3.01,,12.83,,8.64,,16.12,1.58,,6.2,10.5,,,,15.62,,,14.24,,59.13,,,,10.0
2016-08-05 07:00:00,2.79,,8.38,38.11,47.46,17.94,89.17,7.26,8.69,39.52,7.42,7.15,8.86,30.79,13.38,,,4.32,11.26,20.01,6.04,,2.8,31.74,15.09,14.62,,2.99,,12.73,,8.46,,16.12,1.56,,6.06,11.0,,,,15.32,,,13.41,,59.89,,,,9.8
2016-08-08 07:00:00,2.79,,8.33,37.33,47.05,17.94,87.87,7.31,8.69,40.67,7.42,7.21,8.88,31.31,13.79,,,4.29,11.4,20.16,6.04,,2.8,30.71,15.09,14.62,,2.99,,13.34,,8.64,,16.16,1.53,,6.03,10.9,,,,15.62,,,13.41,,59.89,,,,9.8
2016-08-09 07:00:00,2.79,,8.28,38.37,47.87,17.94,89.17,7.18,8.62,41.35,7.42,7.15,8.94,31.83,13.53,,,4.34,11.46,20.23,6.17,,2.8,31.23,14.97,15.29,,3.01,,13.34,,8.77,,16.9,1.53,,6.03,10.7,,,,15.92,,,13.65,,61.4,,,,9.9
2016-08-10 07:00:00,2.81,,8.48,38.63,49.1,17.94,91.76,7.39,8.88,42.27,7.45,7.08,8.99,32.09,13.74,,,4.54,11.84,20.16,6.49,,2.82,31.23,15.09,15.16,,3.01,,14.26,,8.81,,17.39,1.53,,6.12,10.8,,,,16.07,,,14.58,,62.16,,,,10.0
2016-08-11 07:00:00,2.81,,8.68,39.92,49.92,18.01,93.06,7.48,8.96,43.86,7.5,6.95,9.14,32.09,14.2,,,4.61,12.13,20.59,6.51,,2.84,31.49,15.89,15.16,,3.04,,14.26,,8.86,,17.29,1.58,,6.2,10.9,,,,16.82,,,14.7,,64.06,,,,10.1
2016-08-12 07:00:00,2.81,,8.58,39.15,48.69,17.94,92.2,7.43,8.88,43.64,7.5,6.95,9.1,32.6,14.1,,,4.59,11.9,20.59,6.83,,2.82,31.23,15.66,15.08,,3.04,,14.05,,8.86,,16.95,1.58,,6.15,10.9,,,,16.37,,,14.7,,63.68,,,,10.3
2016-08-15 07:00:00,2.78,,8.58,38.37,48.69,17.87,93.06,7.43,8.79,44.09,7.4,7.08,9.1,33.12,14.1,,,4.64,12.01,21.96,6.98,,2.82,30.97,16.11,15.16,,3.01,,14.26,,9.03,,16.9,1.56,,6.17,10.9,,,,16.37,,,14.7,,64.06,,,,10.2
2016-08-16 07:00:00,2.82,,8.48,38.63,48.28,18.29,93.49,7.35,9.07,46.15,7.42,7.08,9.34,32.86,14.71,,,4.71,12.07,23.48,6.96,,2.8,30.71,16.57,15.56,,3.06,,14.77,,8.99,,17.14,1.56,,6.32,10.7,,,,16.22,,,14.36,,64.06,,,,10.3
2016-08-17 07:00:00,2.81,,8.48,41.22,48.28,18.29,96.09,7.35,9.07,47.06,7.47,7.02,9.45,32.86,15.38,,,4.87,12.1,23.7,6.96,,2.82,30.71,17.6,15.69,,3.09,,15.17,,8.99,,17.64,1.58,,6.32,10.8,,,,15.92,,,14.36,,64.81,,,,10.4
2016-08-18 07:00:00,2.79,,8.38,41.48,47.87,19.21,98.69,7.35,9.41,45.69,7.5,7.02,9.43,32.09,15.38,,,4.89,12.13,25.29,6.96,,2.82,32.78,17.26,15.51,,3.09,,14.97,,8.81,,16.9,1.53,,6.23,10.6,,,,15.92,,,14.36,,65.95,,,,10.4
2016-08-19 07:00:00,2.79,,8.33,40.7,49.1,19.21,96.96,7.26,9.18,43.86,7.42,7.15,9.27,33.38,14.97,,,4.83,11.87,26.08,7.04,,2.8,34.84,17.37,15.43,,3.06,,14.66,,8.81,,17.14,1.53,,6.12,10.6,,,,16.07,,,14.3,,66.89,,,,10.4
2016-08-22 07:00:00,2.78,,8.28,40.18,48.69,18.79,95.66,7.31,9.09,43.86,7.45,7.28,9.08,33.9,14.76,,,4.86,11.4,25.0,7.04,,2.8,33.55,17.26,15.25,,3.04,,14.26,,8.81,,17.39,1.5,,6.03,10.6,,,,16.07,,,14.07,,65.48,,,,10.4
2016-08-23 07:00:00,2.79,,8.28,40.96,48.69,19.07,95.22,7.26,9.12,43.86,7.42,7.21,9.12,32.86,14.97,,,4.94,11.69,26.73,7.04,,2.8,32.52,17.49,15.21,,3.01,,14.46,,8.81,,17.24,1.5,,6.09,10.5,,,,15.92,,,14.54,,66.89,,,,10.4
2016-08-24 07:00:00,2.78,,8.18,40.7,48.28,19.28,96.96,7.35,9.26,44.09,7.42,7.21,9.19,32.86,14.92,,,4.91,12.19,27.46,6.8,,2.8,31.74,16.69,15.25,,3.01,,13.85,,8.86,,17.34,1.53,,6.06,10.5,,,,16.22,,,14.54,,67.82,,,,10.4
2016-08-25 07:00:00,2.82,,8.18,40.96,48.28,19.07,98.26,7.26,9.18,44.09,7.42,7.28,9.27,32.09,14.51,,,5.11,12.36,27.89,6.85,,2.82,31.74,16.23,15.16,,2.99,,13.65,,8.81,,17.39,1.53,,6.03,10.3,,,,16.22,,,14.48,,67.82,,,,10.4
2016-08-26 07:00:00,2.84,,8.23,41.48,49.1,19.77,98.26,7.39,9.18,44.09,7.45,7.28,9.4,32.86,14.61,,,5.06,12.31,27.38,6.85,,2.82,32.52,16.34,15.34,,2.97,,13.95,,8.86,,17.44,1.56,,6.12,10.5,,,,17.27,,,14.4,,68.29,,,,10.5
2016-08-29 07:00:00,2.82,,8.28,40.96,49.92,19.42,98.26,7.35,9.29,42.72,7.42,7.28,9.32,32.6,14.15,,,4.93,12.07,27.09,6.85,,2.8,34.58,15.66,15.3,,2.99,,13.54,,8.72,,17.24,1.53,,6.03,10.5,,,,17.27,,,14.4,,70.63,,,,10.6
2016-08-30 07:00:00,2.82,,8.28,40.96,51.15,19.92,102.58,7.39,9.35,43.64,7.4,7.28,9.32,33.38,14.2,,,4.98,12.6,26.8,6.88,,2.8,36.13,16.46,15.69,,3.04,,13.65,,8.72,,17.0,1.53,,5.95,10.5,,,,16.67,,,14.42,,71.1,,,,
2016-08-31 07:00:00,2.86,,8.23,42.26,50.74,20.2,105.18,7.39,9.84,44.09,7.53,7.28,9.6,33.12,14.45,,,5.09,12.63,27.82,6.83,,2.8,35.61,16.46,15.6,,3.04,,14.36,,8.77,,17.19,1.5,,6.03,10.4,,,,16.22,,,14.42,,72.97,,,,10.6
2016-09-01 07:00:00,2.84,,8.23,42.52,50.33,19.99,107.34,7.31,9.74,44.55,7.53,7.21,9.73,32.86,14.3,,,5.04,12.8,27.89,6.83,,2.8,34.58,16.34,15.3,,3.01,,14.16,,8.77,,17.19,1.47,,6.03,10.2,,,,15.77,,,14.4,,72.03,,,,
2016-09-05 07:00:00,2.82,,8.23,42.52,49.1,20.13,109.94,7.26,10.06,45.46,7.53,6.76,9.73,32.6,14.04,,,4.99,13.09,28.68,6.88,,2.78,34.58,16.57,15.03,,3.04,,14.36,,8.68,,16.85,1.44,,5.95,10.0,,,,15.17,,,14.36,,72.03,,,,10.6
2016-09-06 07:00:00,2.84,,8.08,44.07,48.69,20.06,111.24,7.26,9.84,44.55,7.47,6.76,9.67,33.12,14.2,,,5.03,12.83,28.76,7.01,,2.78,35.1,16.69,15.12,,3.01,,14.87,,8.99,,16.9,1.47,,5.95,10.2,,,,15.17,,,14.36,,70.16,,,,10.6
2016-09-07 07:00:00,2.82,,8.08,44.33,49.1,19.99,111.67,7.31,9.78,45.69,7.47,6.76,9.64,32.6,14.3,,,5.23,12.71,28.68,7.01,,2.8,35.1,16.46,15.21,,3.04,,14.77,,8.99,,17.1,1.47,,6.0,10.0,,,,15.17,,,14.24,,68.29,,,,10.5
2016-09-08 07:00:00,2.82,,8.18,44.33,49.1,20.69,114.7,7.31,9.99,47.06,7.47,6.69,9.97,33.38,14.61,,,5.33,12.8,27.82,7.01,,2.82,35.36,16.46,15.43,,3.04,,14.97,,8.9,,16.95,1.5,,6.0,9.9,,,,15.17,,,14.34,,68.76,,,,10.6
2016-09-09 07:00:00,2.81,,8.18,44.33,49.1,20.55,115.14,7.39,10.27,47.98,7.42,6.82,9.99,33.38,14.45,,,5.26,12.74,27.53,7.01,,2.82,35.61,16.0,15.38,,3.04,,14.77,,8.9,,16.61,1.47,,6.09,9.9,,,,16.02,,,14.64,,66.89,,,,10.6
2016-09-12 07:00:00,2.79,,8.18,43.55,49.92,20.3,111.67,7.33,10.1,47.25,7.29,6.76,9.84,32.65,14.2,,,5.11,12.28,27.46,6.93,,2.82,35.61,15.43,15.34,,3.01,,14.32,,8.94,,16.75,1.41,,6.0,10.0,,,,15.5,,,14.94,,66.05,,,,10.5
2016-09-13 07:00:00,2.78,,8.13,43.68,50.49,20.62,108.64,7.28,10.23,47.75,7.32,6.76,9.89,32.86,14.2,,,5.19,12.65,27.42,6.93,,2.81,35.36,15.83,15.38,,3.04,,14.26,,8.94,,16.12,1.44,,5.95,9.99,,,,14.9,,,14.72,,67.78,,,,
2016-09-14 07:00:00,2.76,,7.98,44.69,49.92,20.55,110.38,7.14,10.1,48.53,7.31,6.63,9.95,32.86,13.94,,,5.18,12.6,27.24,6.91,,2.8,34.48,15.52,15.56,,2.97,,13.97,,8.92,,16.26,1.41,,5.92,10.1,,,,15.11,,,14.48,,67.36,,,,10.58
2016-09-15 07:00:00,2.74,,7.98,45.34,49.76,20.52,111.41,7.2,10.23,50.26,7.24,6.95,9.8,32.6,13.76,,,5.25,12.47,27.24,6.98,,2.81,33.55,15.13,15.45,,2.97,,14.32,,8.83,,16.7,1.39,,5.86,10.1,,,,14.9,,,15.14,,66.89,,,,10.46
2016-09-16 07:00:00,2.74,,7.96,45.24,47.87,20.8,112.84,7.2,10.4,51.22,7.09,6.95,9.84,32.71,14.02,,,5.29,12.22,26.41,6.96,,2.79,33.55,15.33,14.9,,2.85,,14.28,,8.88,,15.55,1.3,,5.86,9.4,,,,14.49,,,15.8,,64.55,,,,
2016-09-19 07:00:00,2.71,,7.93,44.2,50.16,20.83,110.38,7.26,10.98,52.09,7.33,6.95,9.91,33.12,13.84,,,5.42,11.96,27.39,7.06,,2.79,35.1,14.97,15.27,,3.04,,14.54,,9.16,,16.16,1.36,,6.05,9.87,,,,15.17,,,15.54,,63.61,,,,10.4
2016-09-20 07:00:00,2.71,,8.03,44.46,50.16,20.48,111.24,7.24,11.0,51.91,7.34,6.82,9.98,34.16,13.89,,,5.4,12.22,27.61,7.09,,2.79,36.23,15.26,15.34,,3.11,,14.66,,9.16,,15.97,1.36,,6.08,9.79,,,,15.5,,,15.65,,63.61,,,,10.4
2016-09-21 07:00:00,2.76,,8.08,45.08,51.56,20.27,107.78,7.22,10.96,50.72,7.29,6.82,9.95,34.98,14.07,,,5.42,12.25,27.84,7.09,,2.78,36.39,15.43,15.6,,3.2,,14.77,,9.16,,15.04,1.36,,6.16,9.52,,,,15.5,,,16.05,,64.46,,,,10.6
2016-09-22 07:00:00,2.74,,8.06,45.37,53.44,20.27,107.74,7.22,10.91,49.35,7.4,6.89,10.19,35.09,14.17,,,5.49,12.07,28.1,7.28,,2.79,36.65,15.76,16.04,,3.16,,15.28,,9.47,,14.7,1.33,,6.16,9.6,,,,15.52,,,16.16,,64.17,,,,10.75
2016-09-23 07:00:00,2.76,,8.06,45.5,53.52,20.3,104.75,7.18,11.17,49.35,7.38,6.89,10.37,35.5,14.56,,,5.45,12.07,28.44,7.28,,2.79,36.65,15.66,16.04,,3.11,,15.28,,9.66,,15.14,1.33,,6.09,9.5,,,,15.46,,,16.29,,65.48,,,,
2016-09-26 07:00:00,2.73,,8.01,46.41,55.65,20.16,106.7,7.18,12.18,50.49,7.42,6.76,10.46,35.45,14.86,,,5.46,11.96,28.74,7.3,,2.79,36.59,15.43,16.22,,3.09,,15.6,,9.9,,15.18,1.3,,6.15,9.41,,,,15.56,,,16.42,,65.95,,,,10.79
2016-09-27 07:00:00,2.74,,8.43,47.18,57.61,20.37,109.08,7.28,12.2,50.49,7.41,6.82,10.46,35.86,14.86,,,5.5,12.0,29.26,7.3,,2.78,36.44,15.53,16.39,,3.11,,15.66,,9.75,,15.14,1.3,,6.19,9.43,,,,15.98,,,16.88,,65.48,,,,10.72
2016-09-28 07:00:00,2.89,,8.71,47.96,58.51,20.52,111.89,7.39,12.13,49.99,7.36,6.76,10.48,36.23,14.66,,,5.55,12.07,28.96,7.29,,2.78,34.84,15.71,16.48,,3.06,,15.48,,9.64,,15.04,1.27,,6.32,9.43,,,,16.14,,,16.4,,65.48,,,,10.88
2016-09-29 07:00:00,2.9,,8.53,50.24,57.28,20.66,112.54,7.28,12.0,50.31,7.36,6.69,10.36,37.88,15.17,,,5.51,12.22,28.66,7.3,,2.8,35.2,15.84,16.87,,3.01,,15.5,,9.6,,15.09,1.3,,6.29,9.39,,,,15.85,,,16.51,,65.48,,,,10.84
2016-09-30 07:00:00,2.9,,8.53,50.24,58.02,20.83,112.37,7.2,12.26,51.18,7.4,6.69,10.2,36.74,15.02,,,5.43,12.22,28.33,7.41,,2.82,36.29,15.91,16.61,,3.05,,15.28,,9.42,,15.18,1.3,,6.29,9.32,,,,15.85,,,16.35,,65.48,,,,10.86
2016-10-03 07:00:00,2.95,,8.53,50.81,56.87,20.97,116.74,7.2,12.2,53.14,7.34,6.69,10.2,37.0,14.92,,,5.29,11.93,28.36,7.49,,2.8,36.13,15.87,16.26,,3.04,,15.17,,9.31,,15.04,1.3,,6.32,9.2,,,,15.69,,,15.8,,65.72,,,,10.8
2016-10-04 07:00:00,3.03,,8.58,50.29,59.08,20.62,113.4,7.35,11.88,51.63,7.38,6.69,10.24,37.05,14.56,,,5.22,11.52,27.61,7.47,,2.79,36.08,15.54,16.48,,3.09,,15.28,,9.25,,15.09,1.27,,6.37,9.15,,,,15.69,,,16.16,,65.72,,,,10.7
2016-10-05 07:00:00,3.09,,8.68,50.29,59.66,20.87,112.32,7.48,11.85,51.18,7.33,6.76,10.24,37.31,14.45,,,5.18,11.43,27.76,7.47,,2.79,36.08,15.43,16.83,,3.07,,15.48,,9.29,,15.18,1.3,,6.39,9.35,,7.33,,15.81,,,16.09,,65.67,,,,10.7
2016-10-06 07:00:00,3.09,,8.68,51.07,58.92,21.19,109.51,7.48,11.6,51.13,7.31,6.76,10.08,36.74,14.51,,,5.1,11.23,28.03,7.49,,2.82,35.72,15.52,16.87,,3.09,,15.58,,9.23,,15.18,1.41,,6.32,9.61,,7.84,,15.87,,,15.69,,66.42,,,,10.77
2016-10-07 07:00:00,3.01,,8.53,50.81,58.51,21.33,107.78,7.35,11.49,50.95,7.4,6.76,9.85,36.94,14.33,,,4.88,11.26,28.03,7.51,,2.83,35.36,15.37,16.92,,3.04,,15.28,,9.16,,15.01,1.39,,6.29,9.53,,8.37,,15.71,,,15.72,,66.23,,,,10.64
2016-10-10 07:00:00,3.01,,8.41,49.78,58.67,21.04,105.57,7.26,11.4,49.39,7.34,6.76,9.54,35.17,13.99,,,4.66,10.76,27.61,7.47,,2.81,35.25,15.34,16.61,,3.11,,14.91,,9.05,,15.04,1.36,,6.29,9.37,,8.94,,15.52,,,15.47,,65.53,,,,10.6
2016-10-11 07:00:00,3.01,,8.43,49.83,58.92,21.04,108.21,7.28,11.13,49.39,7.4,6.73,9.73,37.52,14.35,,,4.98,11.29,27.91,7.49,,2.8,35.25,15.47,16.35,,3.11,,14.85,,9.34,,16.07,1.33,,6.3,9.25,,9.55,,15.65,,,15.47,,65.72,,,,10.56
2016-10-12 07:00:00,3.06,,8.43,50.76,58.84,21.4,108.21,7.28,11.26,50.26,7.34,6.76,9.58,36.74,14.25,,,4.85,11.1,27.84,7.49,,2.8,35.1,15.77,16.3,,3.07,,14.87,,9.29,,16.93,1.36,,6.24,9.22,,10.21,,15.56,,,15.5,,66.19,,,,
2016-10-13 07:00:00,3.08,,8.43,51.07,58.84,21.47,109.94,7.28,11.32,50.31,7.37,6.73,9.62,37.0,14.33,,,4.91,11.05,28.44,7.45,,2.8,35.1,16.87,16.22,,3.05,,14.81,,9.31,,16.86,1.39,,6.29,9.2,,10.92,,15.44,,,15.8,,66.42,,,,10.6
2016-10-14 07:00:00,3.06,,8.53,51.85,58.1,21.61,110.42,7.24,11.62,50.08,7.32,6.73,9.59,36.89,14.25,,,4.8,11.05,28.36,7.47,,2.81,35.2,16.91,16.08,,3.04,,15.03,,9.29,,16.8,1.44,,6.27,9.21,,11.67,,15.4,,,15.8,,67.36,,,,10.66
2016-10-17 07:00:00,3.03,,8.58,52.63,54.42,20.87,110.71,7.24,11.34,50.03,7.46,6.73,9.49,36.21,14.25,,,4.73,11.05,28.14,7.47,,2.84,34.43,16.38,15.78,,3.24,,15.15,,9.14,,16.67,1.47,,6.26,9.22,,12.49,,15.07,,,15.8,,66.51,,,,10.59
2016-10-18 07:00:00,3.05,,8.53,52.63,55.65,20.8,107.88,7.24,10.89,49.48,7.59,6.89,9.54,35.69,14.15,,,4.84,11.16,28.36,7.41,,2.84,34.43,17.14,16.0,,3.28,,15.28,,9.16,,16.8,1.44,,6.23,9.24,,13.34,,15.09,,,15.76,,67.36,,,,10.64
2016-10-19 07:00:00,3.11,,8.88,53.33,56.47,20.55,108.46,7.37,10.7,50.03,7.64,6.89,9.59,36.01,14.12,,,4.9,11.45,28.14,7.28,,2.84,34.32,17.18,15.78,,3.33,,15.17,,9.14,,16.96,1.58,,6.27,9.48,,12.43,,15.19,,,16.09,,68.29,,,,10.6
2016-10-20 07:00:00,3.09,,8.83,52.76,55.32,21.54,105.28,7.35,10.29,49.62,7.55,6.89,9.51,35.95,13.99,,,4.89,11.35,28.7,7.25,,2.84,34.32,17.14,15.23,,3.25,,14.87,,9.05,,16.8,1.61,,6.27,9.32,,11.57,,15.19,,,15.91,,67.78,,,,10.6
2016-10-21 07:00:00,3.08,,8.83,52.71,55.81,21.4,101.53,7.28,9.84,46.15,7.34,6.82,9.49,35.95,14.04,,,4.87,11.46,28.51,7.36,,2.83,34.22,17.26,15.34,,3.28,,14.66,,9.01,,16.61,1.58,,6.36,9.25,,11.82,,15.19,,,15.8,,67.45,,,,10.64
2016-10-24 07:00:00,3.01,,8.86,51.85,55.65,20.87,98.07,7.35,9.33,43.68,7.23,6.82,9.45,35.48,14.04,,,4.78,11.4,27.76,7.33,,2.85,34.07,16.63,15.21,,3.11,,14.26,,9.01,,16.61,1.58,,6.23,9.2,,12.08,,14.94,,,15.8,,65.95,,,,
2016-10-25 07:00:00,3.05,,8.76,51.59,55.81,20.83,101.53,7.31,9.5,44.55,7.24,6.76,9.45,35.59,13.92,,,4.71,11.1,27.01,7.33,,2.84,34.07,16.46,15.1,,3.16,,13.87,,8.99,,16.74,1.56,,6.24,9.1,,11.59,,14.8,,,15.69,,65.95,,,,10.45
2016-10-26 07:00:00,3.03,,8.66,51.72,55.16,20.69,102.11,7.2,9.52,44.69,7.2,6.76,9.4,35.28,14.04,,,4.7,11.14,26.64,7.36,,2.83,33.91,16.46,15.08,,3.18,,14.05,,9.12,,16.67,1.5,,6.14,9.02,,11.61,,14.61,,,15.6,,66.0,,,,10.39
2016-10-27 07:00:00,3.05,,8.38,52.06,54.83,20.34,103.5,7.05,9.54,44.87,7.2,6.69,9.45,35.33,13.94,,,4.7,11.26,27.16,7.36,,2.83,33.81,16.74,15.34,,3.19,,14.05,,9.16,,17.15,1.5,,6.14,8.95,,12.14,,15.03,,,15.72,,66.65,,,,
2016-10-28 07:00:00,3.08,,8.58,52.06,54.83,20.48,107.3,7.22,9.76,45.65,7.2,6.69,9.54,35.43,14.04,,,4.85,11.58,27.24,7.36,,2.83,33.91,16.97,15.34,,3.16,,14.01,,9.2,,16.86,1.56,,6.14,8.87,,12.3,,15.03,,,15.74,,67.03,,,,
2016-10-31 07:00:00,3.01,,8.38,52.32,52.37,20.13,112.5,7.16,9.84,45.01,7.21,6.63,9.51,34.39,13.94,,,4.84,11.65,27.24,7.4,,2.84,33.91,16.57,15.34,,3.18,,13.85,,9.27,,16.74,1.53,,6.21,8.82,,11.53,,14.9,,,15.61,,66.42,,,,10.52
2016-11-01 07:00:00,3.05,,8.53,52.29,53.6,20.27,109.61,7.12,9.46,45.24,7.21,6.66,9.47,34.65,13.84,,,4.8,11.84,26.86,7.4,,2.84,33.81,16.8,15.32,,3.29,,13.89,,9.29,,15.85,1.53,,6.15,8.5,,11.53,,14.86,,,15.7,,66.37,,,,10.4
2016-11-02 07:00:00,3.03,,8.46,52.01,52.37,20.27,106.73,7.09,9.2,44.55,7.19,6.56,9.32,34.34,13.58,,,4.69,11.49,27.01,7.4,,2.82,33.81,16.78,15.08,,3.26,,13.85,,9.2,,16.04,1.5,,6.14,8.25,,10.74,,14.65,,,15.54,,66.0,,,,10.38
2016-11-03 07:00:00,3.01,,8.51,50.81,51.15,19.99,103.96,7.05,9.16,44.32,7.16,6.37,9.19,34.03,13.43,,,4.67,11.48,26.98,7.4,,2.79,33.7,17.49,15.16,,3.47,,14.08,,9.03,,15.75,1.47,,6.04,8.24,,10.0,,14.49,,,15.58,,66.14,,,,10.21
2016-11-04 07:00:00,3.01,,8.56,51.33,51.15,19.77,103.55,7.05,9.16,45.01,7.15,6.56,9.22,34.23,13.45,,,4.71,11.65,27.01,7.36,,2.76,33.6,17.31,15.38,,3.47,,14.05,,8.99,,15.72,1.5,,5.96,8.38,,9.66,,14.49,,,15.58,,65.91,,,,10.2
2016-11-07 07:00:00,3.03,,8.35,52.37,53.11,20.13,105.28,7.09,9.31,44.96,7.24,6.66,9.36,35.07,13.81,,,4.88,12.25,27.01,7.29,,2.77,33.55,17.43,15.12,,3.63,,13.95,,9.01,,15.78,1.5,,6.1,8.42,,8.98,,15.0,,,15.7,,65.58,,,,10.3
2016-11-08 07:00:00,3.01,,8.33,52.37,53.6,20.06,105.17,7.03,9.37,44.55,7.21,6.5,9.37,35.28,13.66,,,4.93,12.22,27.31,7.24,,2.78,33.55,17.62,15.32,,3.52,,13.93,,9.05,,15.85,1.56,,6.1,8.43,,9.6,,15.07,,,15.72,,65.67,,,,10.4
2016-11-09 07:00:00,2.97,,8.35,51.85,53.03,20.13,103.26,6.99,9.35,43.5,7.19,6.5,9.23,34.96,13.4,,,4.87,12.22,26.71,7.15,,2.74,33.55,17.71,14.81,,3.44,,14.87,,8.86,,15.4,1.5,,6.01,8.25,,9.72,,14.9,,,15.61,,65.48,,,,10.2
2016-11-10 07:00:00,3.03,,8.35,52.11,52.78,20.48,104.36,7.05,9.44,44.73,7.21,6.5,9.34,35.43,13.63,,,4.93,12.48,26.75,6.98,,2.75,33.55,18.0,15.14,,3.45,,14.66,,9.01,,15.4,1.56,,6.1,8.4,,9.74,,15.07,,,15.72,,65.95,,,,10.31
2016-11-11 07:00:00,3.03,,8.3,51.85,52.37,20.34,104.02,6.99,9.24,44.64,7.19,6.5,9.4,35.48,13.48,,,4.87,12.51,26.71,7.15,,2.74,33.29,18.08,15.34,,3.45,,14.36,,9.27,,15.27,1.53,,6.05,8.24,,9.07,,15.0,,,16.16,,65.72,,,,
2016-11-14 07:00:00,3.01,,8.11,51.15,51.06,20.83,103.84,7.01,9.22,43.96,7.14,6.5,9.35,34.91,13.43,,,4.9,12.86,25.89,7.15,,2.73,32.0,17.94,15.21,,3.42,,13.97,,9.42,,15.18,1.53,,5.93,8.01,,8.9,,14.82,,,15.76,,64.64,,,,10.31
2016-11-15 07:00:00,3.03,,8.11,50.81,51.23,20.83,102.8,7.01,9.22,44.32,7.28,6.43,9.45,35.02,13.58,,,4.99,12.86,26.6,7.15,,2.72,32.52,17.74,15.32,,3.45,,13.97,,9.55,,15.21,1.5,,6.01,8.1,,9.09,,14.82,,,15.7,,64.22,,,,10.31
2016-11-16 07:00:00,3.0,,8.17,50.94,51.39,20.69,101.24,6.97,9.18,44.55,7.36,6.37,9.42,35.07,13.74,,,5.0,12.8,26.64,7.15,,2.7,32.57,17.49,15.3,,3.45,,14.05,,9.42,,15.21,1.5,,5.99,8.1,,9.21,,14.82,,,15.69,,65.02,,,,10.3
2016-11-17 07:00:00,3.01,,8.09,50.55,50.08,20.55,101.42,6.9,9.22,45.46,7.32,6.37,9.32,35.02,13.71,,,4.97,12.63,26.64,7.15,,2.69,32.67,17.77,15.08,,3.5,,14.12,,9.47,,15.21,1.53,,5.95,7.91,,9.09,,14.76,,,15.69,,65.02,,,,
2016-11-18 07:00:00,3.0,,8.09,50.53,50.33,20.8,100.26,6.9,9.16,45.14,7.27,6.24,9.43,35.02,13.53,,,4.91,12.93,25.96,7.12,,2.68,32.72,17.83,15.08,,3.44,,14.05,,9.6,,15.21,1.53,,5.9,7.88,,9.49,,14.71,,,15.65,,64.17,,,,
2016-11-21 07:00:00,3.01,,8.19,50.42,49.43,20.73,100.26,7.03,9.07,44.96,7.28,6.27,9.43,35.07,13.69,,,4.99,13.51,26.15,7.07,,2.66,32.72,17.89,14.94,,3.45,,14.1,,9.62,,15.15,1.5,,5.92,8.3,,9.51,,14.78,,,15.65,,64.78,,,,10.3
2016-11-22 07:00:00,3.03,,8.51,50.4,50.33,20.8,99.28,7.12,9.07,44.69,7.29,6.29,9.43,35.8,13.63,,,4.98,13.47,25.81,7.07,,2.66,32.98,18.79,14.66,,3.39,,14.18,,9.47,,15.12,1.5,,5.99,8.27,,9.55,,14.9,,,15.65,,65.81,,,,10.3
2016-11-23 07:00:00,3.06,,8.51,50.55,51.15,20.9,99.8,7.12,9.07,44.64,7.2,6.29,9.61,35.75,13.94,,,4.95,13.51,25.96,7.07,,2.67,35.2,18.51,14.57,,3.43,,14.28,,9.44,,15.02,1.5,,5.98,8.27,,9.05,,15.03,,,15.69,,65.02,,,,
2016-11-24 07:00:00,3.08,,8.46,50.63,51.15,20.97,98.36,6.97,8.99,46.01,7.27,6.3,9.7,35.54,13.94,,,4.95,13.8,26.04,7.07,,2.67,35.61,18.53,14.46,,3.36,,14.53,,9.42,,15.59,1.47,,5.95,8.22,,8.64,,14.9,,,15.61,,63.94,,,,10.5
2016-11-25 07:00:00,3.08,,8.4,50.55,50.82,21.04,97.38,6.9,8.88,45.46,7.21,6.29,9.61,35.43,14.1,,,4.96,13.79,26.34,7.01,,2.65,35.1,18.63,14.68,,3.38,,14.47,,9.47,,15.4,1.47,,5.93,8.1,,8.35,,14.82,,,15.61,,62.91,,,,10.45
2016-11-28 07:00:00,3.03,,8.3,50.42,48.77,20.9,96.63,6.84,8.67,45.01,7.21,6.24,9.51,35.43,14.2,,,4.84,13.45,25.96,6.98,,2.62,33.03,18.57,14.05,,3.36,,14.38,,9.42,,15.66,1.41,,5.9,7.8,,7.86,,14.69,,,15.61,,60.43,,,,10.24
2016-11-29 07:00:00,3.03,,8.03,50.42,47.79,20.83,95.25,6.82,8.56,44.87,7.06,6.17,9.44,33.61,13.99,,,4.79,13.64,25.51,7.01,,2.64,32.36,18.63,13.59,,3.25,,13.82,,9.38,,15.66,1.41,,5.78,7.8,,8.41,,14.49,,,15.25,,62.82,,,,10.18
2016-11-30 07:00:00,3.03,,8.09,50.55,48.12,20.83,99.23,6.84,9.16,44.87,7.07,6.14,9.48,33.3,13.94,,,5.0,14.14,25.51,7.08,,2.65,33.09,18.86,13.85,,3.31,,14.24,,9.68,,15.46,1.47,,5.87,7.5,,8.45,,14.57,,,15.43,,64.55,,,,10.13
2016-12-01 07:00:00,3.13,,8.14,50.42,48.61,20.87,98.94,6.88,8.96,44.55,6.8,6.04,9.45,35.59,13.97,,,4.96,14.2,25.55,7.1,,2.63,33.24,18.91,13.63,,3.21,,14.26,,9.6,,15.27,1.44,,5.86,7.55,,8.03,,14.59,,,15.43,,63.24,,,,10.26
2016-12-02 07:00:00,3.08,,8.09,50.42,47.87,20.76,97.44,6.86,8.88,44.78,6.63,6.04,9.39,35.38,13.74,,,5.01,14.43,25.06,7.08,,2.64,32.41,18.86,13.54,,3.28,,14.28,,9.62,,15.66,1.44,,5.82,7.74,,7.82,,14.61,,,15.43,,63.15,,,,10.19
2016-12-05 07:00:00,3.05,,8.03,50.29,47.14,20.27,96.46,6.82,8.88,44.46,6.63,5.78,9.32,34.65,13.94,,,5.04,14.17,25.06,7.05,,2.62,32.62,17.94,13.96,,3.28,,14.28,,9.82,,15.53,1.41,,5.67,7.5,,8.36,,14.45,,,15.41,,63.15,,,,10.15
2016-12-06 07:00:00,2.98,,7.8,49.26,47.22,20.06,96.92,6.67,8.77,43.54,6.6,5.72,9.25,34.86,13.79,,,4.86,13.21,24.76,7.05,,2.64,32.67,17.6,13.59,,3.23,,14.24,,9.55,47.47,15.46,1.39,,5.49,7.51,,8.38,,14.14,,,15.32,,62.68,,,,9.99
2016-12-07 07:00:00,2.93,,7.8,49.0,47.46,20.2,98.94,6.65,8.73,43.41,6.53,6.12,9.21,34.03,13.81,,,4.85,13.38,23.56,7.05,,2.61,32.52,17.62,13.61,,3.23,,14.24,,9.68,50.78,15.66,1.41,,5.49,7.4,,8.56,,14.24,,,15.43,,61.98,,,,9.97
2016-12-08 07:00:00,2.93,,7.82,48.61,47.55,20.59,99.17,6.6,8.69,44.28,6.38,6.17,9.24,33.87,13.79,,,4.86,13.53,23.56,7.05,,2.61,32.67,17.71,13.48,,3.26,,14.09,,9.75,54.3,15.53,1.44,,5.52,7.91,,8.88,,14.49,,,15.43,,63.24,,,,10.01
2016-12-09 07:00:00,2.98,,7.8,49.44,48.04,20.76,102.4,6.54,8.6,44.05,6.29,6.37,9.38,34.39,13.79,,,4.86,13.45,23.71,7.03,,2.64,32.67,17.71,13.15,,3.26,,14.24,,9.73,58.08,15.15,1.39,,5.53,7.8,,8.88,,14.51,,,15.43,,63.52,,,,10.05
2016-12-12 07:00:00,2.96,,7.72,49.23,46.97,20.34,102.69,6.37,8.47,42.95,6.32,6.5,9.23,34.39,13.66,,,4.84,13.43,24.05,7.03,,2.62,32.52,17.44,12.89,,3.21,,13.54,,9.47,62.14,14.89,1.33,,5.46,7.61,,8.36,,14.45,,,15.43,,62.54,,,,9.98
2016-12-13 07:00:00,2.89,,7.56,50.55,46.56,20.62,101.24,6.2,8.54,42.27,6.22,6.5,9.14,33.87,13.53,,,4.82,13.44,24.24,7.03,,2.62,31.49,17.44,12.01,,3.23,,13.64,,9.42,66.46,14.76,1.3,,5.56,7.62,,7.85,,14.24,,,15.43,,61.27,,,,9.9
2016-12-14 07:00:00,2.89,,8.03,50.03,47.46,20.62,102.69,6.22,8.54,43.59,6.29,6.4,9.19,33.87,13.53,,,4.95,13.96,24.91,7.05,,2.62,32.05,17.71,12.32,,3.23,,14.03,,9.68,71.1,15.15,1.33,,5.61,7.9,,7.87,,14.4,,,15.6,,61.18,,,,9.85
2016-12-15 07:00:00,2.91,,7.93,50.03,47.46,20.48,102.34,6.31,8.67,43.41,6.4,6.04,9.15,33.56,13.61,,,4.91,14.08,24.91,7.05,,2.61,32.05,17.58,12.1,,3.28,,14.11,,10.16,76.06,15.59,1.33,,5.61,8.0,,7.89,,14.49,,,15.43,,59.68,,,,9.9
2016-12-16 07:00:00,3.0,,7.74,50.55,47.95,20.62,105.86,6.37,8.52,43.41,6.42,6.24,9.21,33.45,13.74,,,4.97,14.25,26.26,7.05,,2.61,33.55,17.53,12.1,,3.28,,14.11,,10.21,80.91,16.23,1.36,,5.67,8.2,,7.93,,14.53,,,15.61,,60.76,,,,
2016-12-19 07:00:00,2.96,,7.8,50.55,50.16,20.41,105.57,6.5,8.6,43.86,6.47,6.24,9.34,33.82,13.79,,,4.93,14.25,26.04,7.08,,2.63,32.78,17.26,12.38,,3.28,,14.05,,10.4,76.24,16.55,1.36,,5.86,8.42,,8.02,,14.55,,,15.72,,60.25,,,,10.11
2016-12-20 07:00:00,2.96,,7.8,50.16,48.36,20.2,104.76,6.48,8.6,43.41,6.43,6.11,9.31,33.14,13.79,,,4.91,14.21,25.59,7.05,,2.64,31.95,17.67,12.27,,3.25,,14.05,,10.45,70.92,16.99,1.39,,5.78,8.4,,8.0,,14.47,,,15.37,,58.28,,,,10.05
2016-12-21 07:00:00,3.12,,7.88,50.53,49.18,20.09,104.76,6.46,8.56,43.41,6.4,6.24,9.3,33.87,13.63,,,4.98,14.98,25.51,7.08,,2.64,32.21,17.79,12.52,,3.17,,14.07,,10.54,72.21,16.86,1.41,,5.77,8.26,,8.0,,14.47,,,15.21,,58.98,,,,10.05
2016-12-22 07:00:00,3.1,,7.72,50.27,48.36,20.09,105.0,6.41,8.49,43.04,6.42,6.24,9.31,34.3,13.53,,,5.05,15.01,24.76,7.08,,2.63,33.7,17.71,12.27,,3.23,,13.97,,10.43,73.0,16.48,1.36,,5.73,8.2,,7.85,,14.45,,,15.43,,57.58,,,,10.04
2016-12-23 07:00:00,3.01,,7.72,50.24,48.77,20.13,105.23,6.46,8.6,43.32,6.36,6.24,9.33,33.49,13.53,,,5.1,14.92,25.51,7.05,,2.62,33.7,17.69,12.27,,3.21,,13.95,,10.47,71.92,16.23,1.33,,5.73,8.34,,7.78,,14.74,,,15.47,,58.0,,,,10.0
2016-12-26 07:00:00,3.1,,7.72,50.27,48.45,20.31,106.32,6.44,8.49,43.54,6.38,5.98,9.34,33.01,13.51,,,5.2,15.07,25.51,6.98,,2.61,33.7,18.16,12.36,,3.18,,13.85,,10.45,71.92,15.59,1.33,,5.78,8.35,,7.67,,14.94,,,15.43,,57.3,,,,10.06
2016-12-27 07:00:00,3.03,,7.66,50.03,48.53,20.34,104.42,6.46,8.39,43.41,6.35,6.17,9.44,32.41,13.58,,,5.13,14.63,26.19,6.98,,2.63,33.55,18.23,12.27,,3.21,,13.85,,10.78,72.29,16.23,1.33,,5.74,8.6,,7.4,,14.9,,,15.54,,58.47,,,,10.09
2016-12-28 07:00:00,3.05,,7.64,50.01,47.87,20.42,103.15,6.46,8.45,43.36,6.31,6.17,9.54,32.36,13.51,,,5.18,15.01,26.64,6.98,,2.64,32.88,18.19,12.23,25.6,3.16,,13.76,,10.73,72.61,16.04,1.36,,5.83,9.1,,7.26,,14.74,,,15.28,,58.94,,,,10.08
2016-12-29 07:00:00,3.06,,7.56,50.01,47.95,20.27,103.78,6.37,8.56,44.41,6.32,6.24,9.5,32.25,13.71,,,5.13,15.04,27.16,6.98,,2.66,32.98,18.17,12.16,25.64,3.18,,13.74,,10.73,71.92,15.97,1.39,,5.82,9.4,,7.17,,14.67,,,15.39,,60.15,,,,10.12
2016-12-30 07:00:00,3.06,,7.51,50.01,47.63,20.34,105.28,6.39,8.88,44.78,6.25,5.85,9.62,32.74,13.84,,,5.13,14.81,27.28,6.98,,2.78,33.45,17.83,12.18,25.64,3.21,,13.74,,10.75,72.18,15.59,1.39,,5.78,9.45,,7.58,,14.67,,,15.43,,58.75,,,,10.17
2017-01-03 07:00:00,3.31,,8.01,49.75,48.53,21.61,105.11,6.84,8.88,45.19,6.22,6.14,9.81,32.47,13.76,,,5.23,14.92,27.46,6.96,,2.73,33.76,17.91,12.18,25.18,3.18,,13.78,,10.91,71.92,16.55,1.42,,5.92,8.79,,7.58,,15.42,,,15.28,,59.26,,,,10.19
2017-01-04 07:00:00,3.33,,8.17,49.9,49.18,21.93,105.17,6.97,8.71,46.74,6.29,6.4,9.9,33.22,13.74,,,5.23,14.98,27.46,6.96,,2.7,34.3,17.98,12.27,25.35,3.17,,13.82,,10.91,71.92,16.16,1.42,,5.92,8.2,,7.53,,15.31,,,15.45,,59.36,,,,10.25
2017-01-05 07:00:00,3.33,,8.14,49.88,50.0,21.75,104.71,7.01,8.45,46.74,6.25,6.21,9.86,33.22,13.79,,,5.24,15.51,27.01,6.77,,2.68,34.08,18.03,12.2,25.22,3.18,,13.85,,11.04,71.96,16.04,1.39,,5.93,8.58,,7.64,,15.38,,,15.54,,59.26,,,,10.29
2017-01-06 07:00:00,3.5,,8.33,48.46,50.25,22.44,102.8,7.07,8.24,46.15,6.17,6.34,9.83,32.63,14.15,,,5.16,14.81,26.79,6.87,,2.73,34.13,18.03,12.2,25.26,3.18,,14.24,,10.91,75.21,15.97,1.45,,5.99,8.78,,7.6,,15.69,,,15.83,,58.94,,,,10.35
2017-01-09 07:00:00,3.62,,8.56,48.44,50.41,23.34,100.84,7.26,8.39,46.38,6.29,6.32,9.89,32.68,14.15,,,5.13,14.75,27.16,6.87,,2.72,33.81,17.91,12.27,25.3,3.18,,14.44,,10.86,74.84,15.91,1.42,,6.05,8.99,,7.71,,16.02,,1.65,15.87,,58.94,,,,10.37
2017-01-10 07:00:00,3.66,,8.51,48.39,49.76,22.98,101.53,7.18,8.39,46.97,6.45,6.24,10.06,32.41,14.02,,,5.21,14.84,26.9,6.87,,2.72,34.4,17.97,12.27,25.18,3.21,,14.42,,10.56,74.66,15.85,1.45,,6.01,9.0,,7.53,,15.89,,1.67,15.76,,58.98,,,,
2017-01-11 07:00:00,3.76,,8.77,48.54,49.84,23.13,103.26,7.52,8.32,48.07,6.4,6.24,10.08,32.63,14.66,,,5.23,15.07,27.01,6.91,,2.73,34.19,18.29,12.67,25.22,3.21,,14.34,,10.78,76.67,15.85,1.42,,5.99,9.03,,7.6,,15.91,,1.65,15.8,,59.4,,,,10.43
2017-01-12 07:00:00,3.76,,8.72,49.56,51.15,22.11,103.26,7.48,8.45,47.98,6.81,6.24,10.05,32.68,14.71,,,5.19,14.89,27.01,6.91,,2.75,33.86,18.29,12.78,25.09,3.2,,14.34,,10.91,76.89,15.59,1.42,,6.04,9.04,,7.53,,15.69,,1.5,15.8,,59.4,,,,10.43
2017-01-13 07:00:00,3.74,,8.59,49.56,50.74,22.84,103.26,7.35,8.79,48.43,6.96,6.24,9.82,32.19,14.84,,,5.13,14.69,27.99,6.91,,2.73,33.86,18.23,13.03,25.18,3.2,,14.28,,10.95,77.32,15.91,1.45,,6.05,8.95,,7.49,,15.5,,1.35,15.91,,59.36,,,,10.41
2017-01-16 07:00:00,3.8,,8.35,49.35,50.41,22.48,102.69,7.3,8.79,47.57,6.82,6.24,9.62,31.33,14.63,,,4.99,14.46,28.59,6.91,,2.71,33.86,18.11,12.94,25.26,3.21,,14.22,,10.91,76.3,15.59,1.42,,6.02,8.96,,7.4,,15.46,,1.39,15.74,,59.17,,,,10.34
2017-01-17 07:00:00,4.01,,8.88,48.44,50.74,22.66,103.5,7.81,8.58,47.98,6.67,6.15,9.71,30.63,14.61,,,4.99,14.4,28.66,6.91,,2.81,33.86,18.06,12.9,25.09,3.21,,14.18,,10.91,79.04,15.59,1.45,,6.08,9.24,,7.17,,16.12,,1.47,15.67,,58.98,,,,10.34
2017-01-18 07:00:00,4.02,,8.7,48.44,49.76,21.83,103.5,7.66,8.41,48.43,6.68,6.21,9.58,31.01,14.51,,,4.94,13.91,28.29,6.87,,2.78,33.76,18.06,12.85,25.13,3.21,,14.24,,11.23,81.71,15.59,1.42,,6.02,9.45,,7.08,,15.85,,1.52,15.47,,58.94,,,,10.36
2017-01-19 07:00:00,4.01,,8.7,48.49,49.76,21.83,105.63,7.81,8.35,49.71,6.6,6.21,9.58,31.01,14.35,,,4.93,13.73,27.91,6.87,,2.76,33.49,18.0,12.83,24.79,3.21,,14.24,,11.23,81.71,15.4,1.39,,5.95,9.59,,7.02,,15.73,,1.57,15.43,,58.94,,,,
2017-01-20 07:00:00,4.02,,8.8,49.62,49.84,22.01,107.82,7.92,8.3,50.17,6.6,6.23,9.67,31.38,14.3,,,5.01,14.17,27.99,6.91,,2.76,33.22,18.23,12.94,24.83,3.23,,14.24,,11.17,81.71,15.59,1.42,,5.95,9.5,,7.49,,15.73,,1.56,15.43,,59.4,,,,
2017-01-23 07:00:00,3.99,,8.91,50.53,49.84,22.26,107.88,8.1,7.87,49.58,6.6,6.16,9.72,31.6,14.25,,,4.99,14.17,28.06,6.87,,2.74,33.38,18.09,13.03,24.66,3.26,,14.24,,10.84,81.05,15.53,1.42,,5.9,9.55,,7.49,,15.77,,1.58,15.43,,59.87,,,,
2017-01-24 07:00:00,4.09,,8.99,51.06,49.84,21.97,109.5,8.21,7.87,49.12,6.68,6.23,9.78,32.41,14.25,,,4.99,14.34,27.46,6.8,,2.8,33.38,18.17,12.99,24.71,3.36,,14.18,,11.06,81.05,15.53,1.42,,5.92,9.85,,7.42,,15.98,,1.66,15.25,,59.87,,,,10.41
2017-01-25 07:00:00,4.11,,8.93,50.53,50.0,22.19,111.63,8.21,8.13,50.26,6.75,6.23,9.86,32.47,14.51,,,5.03,14.46,27.69,6.87,,2.81,33.42,18.29,12.94,25.86,3.38,,14.26,,11.21,81.71,15.46,1.45,,5.96,10.2,,7.55,,16.27,,1.65,15.43,,60.34,,,,10.45
2017-02-02 07:00:00,4.14,,9.09,50.61,51.15,22.62,111.69,8.28,8.02,50.72,6.74,6.66,9.82,32.68,14.43,,,5.07,14.3,27.99,6.91,,2.82,34.19,19.31,13.03,25.99,3.38,,14.57,,11.34,79.95,15.27,1.42,,6.1,10.05,,7.49,,16.33,,1.59,15.61,,62.21,,,,10.52
2017-02-03 07:00:00,4.21,,9.09,50.4,51.88,22.4,109.32,8.17,7.7,51.4,6.74,7.08,9.78,32.14,14.35,,,5.13,14.28,27.69,6.87,,2.81,34.27,19.2,13.43,25.99,3.36,,14.49,,11.3,79.22,15.27,1.48,,6.05,10.05,,7.44,,16.02,,1.63,15.43,,62.63,,,,10.61
2017-02-06 07:00:00,4.11,,9.09,50.93,51.72,22.37,110.19,8.1,7.55,52.23,6.88,7.02,9.69,32.41,14.51,,,5.24,14.31,27.76,6.84,,2.8,34.51,19.49,13.88,25.56,3.33,,14.71,,11.52,78.49,15.21,1.54,,6.07,9.95,,7.37,,16.02,,1.61,15.58,,62.3,,,,10.6
2017-02-07 07:00:00,4.13,,9.04,51.32,51.64,22.33,109.61,8.04,7.45,52.45,6.8,7.02,9.73,32.41,14.45,,,5.3,14.33,28.03,6.8,,2.78,34.51,19.47,13.83,25.39,3.38,,15.0,,11.74,78.86,15.21,1.51,,6.17,9.87,,7.33,,16.25,,1.61,15.72,,62.58,,,,10.65
2017-02-08 07:00:00,4.13,,8.99,51.29,51.72,22.58,110.13,7.9,7.45,52.32,6.99,7.02,9.76,31.92,14.45,,,5.31,14.34,28.21,6.77,,2.81,34.51,19.29,13.83,25.22,3.4,,15.09,,11.74,78.6,15.15,1.51,,6.17,10.0,,7.22,,16.45,,1.59,15.7,,62.63,,,,10.67
2017-02-09 07:00:00,4.13,,8.91,51.03,51.39,22.55,112.96,7.99,7.3,52.64,7.2,6.89,9.74,31.33,14.27,,,5.29,14.72,28.81,6.84,,2.83,34.43,19.09,13.83,25.09,3.43,,14.96,,11.95,77.03,15.15,1.54,,6.14,10.2,,7.26,,16.43,,1.6,15.67,,62.72,,,,10.7
2017-02-10 07:00:00,4.16,,9.04,50.66,51.88,22.22,114.57,8.21,7.6,52.36,7.17,6.82,9.72,31.87,14.68,,,5.27,14.6,29.19,6.87,,2.81,34.03,19.23,13.94,25.09,3.4,,15.31,,11.95,77.84,15.15,1.51,,6.14,10.2,,7.26,,16.27,,1.65,15.61,,62.58,,,,10.73
2017-02-13 07:00:00,4.09,,8.91,51.13,52.78,22.29,115.21,8.19,7.81,52.09,7.19,6.92,9.8,31.92,15.12,,,5.32,14.89,29.34,7.01,,2.86,33.86,19.79,14.1,25.26,3.38,,15.6,,12.13,77.91,15.21,1.54,,6.26,10.0,,7.6,,16.08,,1.64,15.61,,62.58,,,,10.76
2017-02-14 07:00:00,4.09,,8.99,50.98,51.56,22.33,113.82,8.26,7.7,52.13,7.14,6.95,10.15,31.92,15.02,,,5.36,14.95,29.23,7.05,,2.84,33.62,19.66,13.94,25.26,3.38,,15.52,,12.0,78.86,15.27,1.51,,6.23,10.1,,7.78,,16.02,,1.62,15.63,,62.16,,,,10.76
2017-02-15 07:00:00,4.06,,9.17,50.98,52.13,22.62,115.38,8.54,8.15,51.18,7.09,6.86,10.06,31.92,15.86,,,5.36,14.84,28.89,7.08,,2.88,33.99,19.77,13.92,25.39,3.4,,15.48,,12.04,78.09,15.4,1.51,,6.26,9.95,,7.62,,16.14,,1.63,16.35,,62.21,,,,10.84
2017-02-16 07:00:00,3.95,,8.99,50.72,51.88,23.7,116.01,8.54,8.13,51.63,6.98,6.38,9.91,32.03,15.94,,,5.31,14.47,29.04,7.5,,2.9,33.99,19.77,14.06,25.73,3.43,,15.33,,11.78,78.64,15.37,1.54,,6.17,10.45,,7.69,,15.98,,1.66,16.16,,61.74,,,,10.9
2017-02-17 07:00:00,3.95,,8.93,50.14,51.56,23.85,118.84,8.37,8.0,51.4,6.82,6.69,9.91,31.82,16.3,,,5.26,14.46,28.89,7.5,,2.93,33.78,19.66,14.15,25.94,3.44,,15.5,,11.91,78.38,15.37,1.54,,6.21,11.0,,7.69,,15.85,,1.64,16.16,,60.81,,,,10.89
2017-02-20 07:00:00,3.95,,8.77,49.75,51.56,23.92,120.86,8.19,7.87,51.04,6.84,6.99,9.85,31.87,16.66,,,4.99,14.25,28.81,7.5,,2.91,34.03,19.2,14.23,26.92,3.61,,16.2,,12.0,79.59,15.37,1.54,,6.21,11.05,,7.49,,15.71,,1.65,16.64,,60.81,,,,10.8
2017-02-21 07:00:00,3.95,,8.83,49.75,51.15,24.28,120.0,8.1,7.98,51.18,6.8,7.12,9.93,32.25,16.76,,,5.02,14.37,29.08,7.78,,2.91,34.47,19.26,14.19,28.16,3.55,,16.06,,11.89,80.17,15.4,1.57,,6.21,10.85,,7.44,,15.89,,1.66,17.06,,60.95,,,,10.92
2017-02-22 07:00:00,3.94,,8.77,49.22,50.57,25.94,120.57,7.97,7.96,53.41,6.74,7.02,10.02,33.49,16.45,,,4.78,14.02,30.24,7.68,,2.91,34.19,18.98,13.9,28.25,3.55,,15.89,,11.76,81.89,15.4,1.54,,6.36,10.95,,7.28,,15.69,,1.65,16.79,,60.99,,,,10.9
2017-02-23 07:00:00,3.94,,8.8,48.96,49.51,27.53,117.69,7.92,7.85,52.96,6.87,6.95,10.06,34.03,17.32,,,4.82,13.92,29.64,7.68,,2.93,34.19,18.89,14.19,28.12,3.54,,15.66,,11.65,82.87,15.4,1.54,,6.38,11.05,,7.33,,15.56,,1.64,16.62,,60.95,,,,10.86
2017-02-24 07:00:00,3.95,,8.8,49.33,48.77,25.62,117.11,7.99,7.7,52.96,6.81,6.89,10.06,33.33,17.38,,,4.81,14.07,28.44,7.64,,2.92,33.78,18.97,14.17,27.86,3.55,,15.75,,11.56,82.87,15.37,1.51,,6.29,10.3,,7.35,,15.5,,1.66,16.62,,61.7,,,,10.87
2017-02-27 07:00:00,3.99,,8.83,49.22,48.69,26.96,118.55,8.1,7.7,52.55,6.89,6.82,10.18,33.44,17.68,,,4.78,14.11,27.84,7.64,,2.91,33.22,19.27,13.94,28.38,3.49,,16.02,,11.71,82.18,15.31,1.54,,6.29,10.45,,7.37,,15.81,,1.66,16.88,,61.65,,,,10.82
2017-02-28 07:00:00,3.99,,8.7,48.96,48.69,25.44,115.96,8.08,7.68,52.09,6.82,6.92,10.03,32.57,17.79,,,4.75,14.02,27.84,7.64,,2.89,33.22,19.1,13.21,28.59,3.5,,15.5,,11.62,82.18,15.27,1.6,,6.26,10.3,,7.28,,15.48,,1.67,16.53,61.64,61.46,,,,
2017-03-01 07:00:00,3.94,,8.62,49.49,47.79,24.71,116.48,7.97,7.62,52.45,6.99,7.02,9.99,31.82,17.43,,,4.86,14.21,28.14,7.82,,2.88,33.22,19.03,13.23,29.36,3.49,,15.6,,11.46,82.47,15.27,1.6,,6.26,10.2,,7.22,,15.4,,1.69,16.42,65.92,61.18,,,,10.7
2017-03-02 07:00:00,3.92,,8.48,49.28,47.46,24.93,116.71,7.95,7.75,52.5,6.89,7.08,9.94,31.33,17.17,,,4.99,14.21,28.14,8.09,,2.87,33.13,19.09,13.25,29.36,3.44,,15.73,,11.48,82.11,15.31,1.57,,6.11,10.2,,7.17,,15.27,,1.71,16.2,70.49,60.67,,,,10.72
2017-03-03 07:00:00,3.97,,8.67,49.69,48.45,24.93,116.88,8.1,7.72,52.55,7.02,7.08,9.98,31.65,16.97,,,4.87,14.04,27.76,8.13,,2.85,33.22,19.01,13.23,29.4,3.5,,15.87,,11.41,82.29,15.31,1.54,,6.14,10.9,,7.24,,15.52,,1.73,16.35,75.4,60.76,,,,10.69
2017-03-06 07:00:00,3.94,,8.77,49.43,48.45,24.6,113.07,8.14,7.66,52.55,7.02,7.05,10.05,31.44,17.22,,,4.9,13.92,27.84,8.16,,2.88,33.22,19.01,13.39,29.4,3.47,,15.77,,11.9,81.96,15.34,1.54,,6.2,10.8,,7.26,,15.44,,1.71,16.44,78.42,61.23,,,,10.74
2017-03-07 07:00:00,3.92,,8.72,49.2,48.69,26.28,113.76,8.1,7.62,55.56,6.94,6.92,10.02,31.44,18.14,,,4.9,14.05,27.61,8.18,,2.88,33.22,19.19,13.23,29.27,3.45,,15.81,,12.11,81.27,15.34,1.54,,6.2,10.5,,7.33,,15.52,,1.72,16.48,75.63,60.81,,,,10.75
2017-03-08 07:00:00,4.06,,8.77,49.14,48.45,26.83,112.96,8.12,7.77,54.92,6.94,7.08,10.02,31.22,18.86,,,4.9,14.05,27.39,8.2,,2.91,33.78,19.41,13.36,29.02,3.45,,16.08,,12.08,79.92,15.31,1.54,,6.2,10.6,,7.33,,15.6,,1.69,16.35,74.2,61.09,,,,10.79
2017-03-09 07:00:00,4.07,,8.88,48.96,48.36,28.44,111.05,8.14,8.04,56.16,6.95,7.02,9.95,30.68,19.17,,,4.99,14.04,27.39,8.11,,3.0,33.82,19.31,13.34,29.02,3.44,,16.3,,11.94,78.86,15.31,1.54,,6.35,10.45,,7.28,,15.65,,1.69,16.24,74.54,61.04,,,,10.83
2017-03-10 07:00:00,4.13,,8.75,48.7,48.36,27.97,111.92,8.06,7.92,55.33,6.82,7.08,10.06,30.14,18.96,,,5.0,14.02,27.99,8.13,,2.97,33.82,19.31,13.39,29.02,3.44,,16.24,,12.5,77.03,15.31,1.54,,6.3,10.45,,7.24,,15.52,,1.71,16.24,74.77,60.76,,,,10.86
2017-03-13 07:00:00,3.99,,8.72,48.96,48.12,27.56,115.32,7.95,7.87,56.84,6.8,7.05,10.01,29.55,19.02,,,5.0,13.74,27.54,8.06,,3.03,33.78,19.41,13.43,31.02,3.43,,16.02,,12.59,75.57,15.27,1.51,,6.32,10.55,,6.97,,15.34,,1.71,16.24,74.77,60.67,,,,10.86
2017-03-14 07:00:00,3.97,,8.67,49.88,48.2,27.86,115.38,7.92,7.81,56.7,6.82,7.05,9.99,29.71,18.76,,,5.0,13.56,27.84,8.06,,3.02,35.0,19.66,13.34,32.22,3.44,,16.08,,13.01,78.13,15.24,1.51,,6.32,10.45,,7.2,,15.34,,1.72,16.18,73.91,61.13,,,,10.89
2017-03-15 07:00:00,4.02,,8.7,49.88,48.28,27.2,113.65,7.88,7.7,56.02,6.77,7.05,9.96,29.71,18.09,,,4.94,13.55,27.84,8.13,,2.99,35.44,19.89,13.39,31.28,3.26,,15.85,,12.78,77.25,15.24,1.51,,6.29,10.35,,7.35,,15.29,,1.71,15.98,69.35,62.21,,,,10.85
2017-03-16 07:00:00,4.04,,8.64,49.72,48.2,27.45,114.51,7.9,7.77,56.43,6.82,7.08,9.99,30.03,18.76,,,4.97,13.59,28.03,8.44,,2.99,35.24,19.54,13.52,30.98,3.31,,15.66,,12.96,77.73,15.24,1.51,,6.58,10.35,,7.49,,15.36,,1.73,16.16,66.49,62.68,,,,10.85
2017-03-17 07:00:00,4.07,,8.83,49.69,48.28,26.94,115.38,7.99,7.94,56.48,6.75,7.08,10.04,29.71,18.61,,,4.91,13.61,28.14,8.48,,2.99,35.73,19.62,13.52,28.84,3.47,,15.75,,12.82,75.94,15.24,1.51,,6.72,10.3,,7.93,,15.31,,1.73,16.09,67.06,62.68,,,,10.9
2017-03-20 07:00:00,4.16,,8.85,49.72,49.92,27.56,117.4,8.1,8.56,55.84,6.81,7.41,10.19,29.6,18.32,,,4.97,14.04,29.04,8.53,,3.11,37.19,19.63,13.81,29.36,3.58,,15.89,,12.87,76.3,15.24,1.54,,6.79,10.55,,8.02,,15.54,,1.72,15.91,71.74,62.63,,,,11.0
2017-03-21 07:00:00,4.35,,9.2,50.66,49.18,28.59,118.26,8.19,8.52,55.74,6.82,7.67,10.19,29.39,17.94,,,5.09,14.14,29.26,8.44,,3.18,38.16,19.7,13.72,29.31,3.55,,15.89,,12.41,74.92,15.27,1.54,,6.79,10.7,,7.96,,15.73,,1.73,15.23,71.57,63.43,,,,11.03
2017-03-22 07:00:00,4.35,,9.2,50.53,48.69,28.96,117.05,8.12,8.17,56.43,6.75,7.93,10.08,28.63,17.48,,,5.04,13.99,29.72,8.44,,3.18,38.48,19.34,13.97,28.84,3.67,,15.42,,12.18,74.11,15.21,1.54,,6.66,10.75,,8.14,,15.6,,1.73,15.3,71.34,63.89,,,,11.08
2017-03-23 07:00:00,4.34,,9.22,51.82,49.26,27.49,117.4,8.19,8.35,57.16,6.75,7.99,10.5,28.74,17.94,,,5.08,13.98,31.18,8.44,,3.18,38.89,19.26,14.41,28.5,3.77,,15.4,,12.5,73.75,15.66,1.57,,6.72,11.4,,8.52,,15.83,,1.73,15.61,71.92,65.58,,,,11.18
2017-03-24 07:00:00,4.44,,9.46,51.84,49.59,27.86,118.84,8.28,8.28,57.12,6.74,7.67,10.43,29.44,18.07,,,5.12,14.17,31.14,8.44,,3.23,38.72,19.28,14.46,29.44,3.76,,15.42,,12.41,73.02,15.59,1.72,,6.8,11.4,,8.25,,15.73,,1.73,15.56,73.06,66.28,,,,11.32
2017-03-27 07:00:00,4.39,,9.38,53.81,50.0,28.26,124.03,8.32,8.13,59.86,6.78,7.73,10.41,29.17,17.79,,,5.12,14.29,31.14,8.44,,3.19,38.72,18.97,14.23,29.48,3.72,,15.23,,12.36,73.02,15.72,1.84,,6.92,11.4,,8.32,,15.65,,1.73,15.56,74.14,66.42,,,,11.29
2017-03-28 07:00:00,4.3,,9.2,53.81,50.08,28.44,122.3,8.19,8.02,60.36,6.77,7.77,10.37,28.95,17.89,,,5.1,14.48,30.99,9.02,,3.17,37.27,18.97,14.01,29.23,3.7,,15.23,,12.85,72.65,15.72,1.75,,6.92,11.15,,8.14,,15.48,,1.74,15.43,74.71,65.86,,,,11.25
2017-03-29 07:00:00,4.28,,9.2,53.67,50.33,28.0,122.3,8.12,8.09,60.45,6.75,7.67,10.39,29.06,17.68,,,5.16,14.54,31.29,8.86,,3.16,38.08,19.14,13.83,29.23,3.87,,15.62,,12.96,73.02,15.56,1.75,,6.95,11.2,,8.05,,15.44,,1.73,15.5,75.17,66.33,,,,11.32
2017-03-30 07:00:00,4.3,,9.38,53.18,49.35,27.56,120.0,8.12,8.13,62.64,6.66,7.67,10.3,29.39,17.25,,,5.33,14.67,31.52,8.86,,3.21,37.67,19.26,14.26,29.31,4.04,,15.5,,12.78,73.75,15.72,1.78,,7.04,11.25,,8.16,,15.4,,1.74,15.5,73.06,67.36,,,,11.32
2017-03-31 07:00:00,4.27,,9.28,53.86,48.45,27.64,120.8,8.01,8.13,63.24,6.78,7.57,10.34,29.71,17.73,,,5.43,14.69,31.52,8.84,,3.17,38.12,19.23,14.06,29.53,4.32,,15.66,,12.64,73.02,15.72,1.72,,7.04,11.45,,7.87,,15.27,,1.77,15.36,73.11,67.03,,,,11.3
2017-04-03 07:00:00,4.35,,9.07,52.92,48.04,28.19,118.55,7.97,7.83,62.32,6.7,7.7,10.15,29.55,17.63,,,5.68,14.7,30.76,8.93,,3.19,38.81,19.14,14.17,29.66,4.62,,15.31,,12.59,73.16,15.85,1.75,,7.14,12.25,,7.93,,15.07,,1.81,15.25,71.8,67.5,,,,11.34
2017-04-04 07:00:00,4.41,,9.09,51.32,48.36,28.22,117.69,7.95,7.9,62.1,6.7,7.67,10.28,29.33,17.58,,,5.74,15.28,30.92,8.83,,3.19,38.24,19.03,14.23,30.04,4.94,,15.31,,12.55,73.16,15.97,1.81,,7.02,12.4,,8.02,,15.23,,1.81,15.43,73.06,67.36,,,,11.37
2017-04-05 07:00:00,4.39,,9.07,51.06,47.71,27.97,115.26,7.97,7.83,61.23,6.57,7.67,10.18,29.6,17.32,,,5.59,15.02,30.69,8.72,,3.18,37.19,19.09,14.26,30.04,5.07,,15.29,,12.41,74.11,16.07,1.75,,6.79,12.3,,8.02,,15.25,,1.82,15.28,73.46,67.07,,,,11.36
2017-04-07 07:00:00,4.32,,9.04,51.06,47.71,28.0,117.11,7.97,8.02,61.36,6.64,7.93,10.28,30.9,17.09,,,5.66,15.37,30.16,8.62,,3.17,38.32,19.09,14.17,30.04,5.05,,15.38,,12.29,74.84,16.1,1.75,,6.85,13.15,,8.02,,15.23,,1.83,15.43,73.68,66.7,,,,11.29
2017-04-10 07:00:00,4.25,,8.99,52.37,48.69,27.82,118.67,7.92,7.83,60.91,6.6,7.77,10.28,31.12,17.12,,,5.68,15.43,30.35,8.64,,3.16,37.67,18.98,14.01,30.08,5.39,,15.71,,12.32,76.3,16.04,1.9,,7.05,12.8,,8.05,,15.19,,1.84,15.58,74.66,66.7,,,,11.4
2017-04-11 07:00:00,4.13,,8.99,52.18,48.2,27.64,118.26,8.01,7.92,61.68,6.56,7.7,10.27,31.06,17.32,,,5.67,15.28,31.4,8.69,,3.23,37.35,19.27,14.06,30.17,5.76,,15.89,,12.32,75.76,15.78,2.05,,6.97,12.65,,8.16,,15.27,,1.86,15.63,75.23,67.12,,,,11.39
2017-04-12 07:00:00,4.02,,8.99,51.97,48.12,27.09,116.48,7.88,7.85,61.23,6.49,7.57,10.4,30.3,17.17,,,5.62,14.69,30.92,8.72,,3.17,37.1,19.31,14.06,30.17,6.15,,15.89,,12.34,74.11,15.5,2.08,,6.77,12.75,,8.18,,15.23,,1.86,15.45,76.54,67.36,,,,11.38
2017-04-13 07:00:00,4.01,,8.93,52.08,48.2,26.17,116.53,7.86,7.83,61.14,6.39,7.57,10.33,29.91,16.68,,,5.6,14.64,31.14,8.72,,3.2,37.06,19.43,13.97,30.08,6.27,,16.02,,12.41,74.84,15.53,2.24,,6.64,11.9,,8.2,,15.21,,2.0,15.58,76.6,66.93,,,,11.34
2017-04-14 07:00:00,3.99,,9.01,52.05,47.71,26.68,114.8,7.75,7.85,61.82,6.33,7.44,10.07,29.48,16.2,,,5.49,14.61,30.09,8.65,,3.14,36.86,19.11,13.74,29.87,6.06,,15.79,,12.18,74.48,15.59,2.3,,6.55,11.6,,8.34,,15.05,,1.96,15.34,76.02,66.28,,,,11.14
2017-04-17 07:00:00,3.92,,8.67,51.58,47.14,25.73,114.8,7.53,7.6,61.46,6.38,7.41,9.99,29.53,16.15,,,5.42,14.13,29.26,8.72,,3.12,35.65,18.86,13.79,29.74,5.76,,15.46,,11.74,75.57,15.59,2.17,,6.45,11.2,,8.56,,14.69,,1.96,15.34,75.17,66.42,,,,11.0
2017-04-18 07:00:00,3.99,,8.72,51.32,47.79,26.36,115.96,7.66,7.6,61.55,6.46,7.41,10.06,30.13,16.33,,,5.38,14.3,30.16,8.76,,3.14,37.27,18.63,13.48,29.7,6.07,,15.58,,11.76,74.84,15.59,2.24,,6.66,11.3,,8.67,,14.84,,1.96,15.32,73.63,67.54,,,,10.96
2017-04-19 07:00:00,3.95,,8.62,50.95,47.87,26.54,116.82,7.66,7.6,61.23,6.91,7.15,10.06,30.08,16.86,,,5.5,14.51,30.02,8.93,,3.1,37.1,19.09,13.7,29.95,5.95,,16.66,,11.9,73.56,15.59,2.27,,6.57,11.6,,8.54,,14.86,,1.97,15.25,75.0,68.01,,,,11.08
2017-04-20 07:00:00,3.95,,8.77,50.06,46.97,26.68,117.86,7.7,7.58,60.82,6.71,7.28,10.03,29.53,16.56,,,5.41,14.27,29.83,8.86,,3.1,36.38,18.97,13.52,30.21,5.73,,17.07,,12.04,73.02,15.56,2.2,,6.6,11.6,,8.56,,14.65,,1.99,14.92,75.11,67.78,,,,11.04
2017-04-21 07:00:00,3.95,,8.75,49.35,46.89,26.68,117.92,7.57,7.47,61.09,6.57,7.12,10.03,29.31,16.66,,,5.41,14.2,28.96,8.83,,3.12,36.46,19.03,13.65,30.94,5.88,34.41,17.36,,12.04,73.38,15.53,2.3,,6.6,11.25,,8.52,,14.69,,1.99,14.88,75.0,67.68,,,,11.03
2017-04-24 07:00:00,3.92,,8.64,48.39,46.65,26.83,116.65,7.53,7.28,61.41,6.38,7.6,10.01,29.59,16.5,,,5.34,13.86,29.41,8.79,,3.08,36.78,18.97,13.54,31.19,5.85,34.05,18.04,,11.88,73.02,15.46,2.27,,6.49,10.5,,8.61,,14.53,,1.99,14.7,73.86,67.36,,,,10.95
2017-04-25 07:00:00,3.85,,8.64,49.22,46.89,26.76,117.51,7.57,6.55,61.41,6.43,7.47,9.98,29.37,16.58,,,5.3,14.01,29.41,8.69,,3.07,36.86,18.69,13.5,31.15,6.02,31.77,17.77,,12.04,72.65,15.43,2.3,,6.54,11.1,,8.72,,14.53,,2.01,14.82,73.06,67.07,,,,10.92
2017-04-26 07:00:00,3.95,,8.72,49.2,46.89,26.87,117.69,7.61,6.72,63.51,6.66,7.21,10.06,29.8,16.76,,,5.19,14.2,29.26,8.72,,3.11,36.82,18.75,13.48,31.06,6.15,31.03,17.88,,12.34,73.2,15.4,2.24,,6.61,11.85,,8.83,,14.51,,1.99,14.84,73.74,67.31,,,,10.99
2017-04-27 07:00:00,3.95,,8.77,48.96,46.89,27.09,118.26,7.66,6.66,66.25,6.6,7.41,10.17,30.52,17.35,,,5.25,14.41,29.72,8.72,,3.14,36.58,19.06,13.61,30.94,6.27,32.29,18.39,,12.64,72.98,16.26,2.27,,6.57,12.4,,9.21,,14.42,,1.99,15.02,73.11,68.52,,,,11.14
2017-04-28 07:00:00,4.04,,8.77,48.96,46.89,28.0,117.69,7.68,6.53,66.25,6.57,7.28,10.16,30.35,17.86,,,5.23,14.35,29.72,8.72,,3.26,36.01,19.09,13.39,30.17,6.21,32.82,18.16,,12.89,72.98,17.37,2.27,,6.46,11.55,,9.3,,14.53,,2.02,15.02,72.89,69.23,,,,11.14
2017-05-03 07:00:00,4.14,,8.77,48.44,47.87,27.86,116.65,7.75,6.42,66.03,6.59,7.25,10.28,30.19,18.45,,,5.17,14.2,29.41,8.72,,3.47,35.89,19.27,13.36,29.91,6.05,32.89,18.8,,13.77,72.98,17.95,2.27,,6.54,11.65,,9.55,,14.69,,2.06,14.88,73.0,69.37,,,,11.18
2017-05-04 07:00:00,4.14,,8.88,47.86,47.3,27.42,115.26,7.88,6.57,66.03,6.52,7.38,10.28,30.19,18.45,,,5.19,14.42,29.79,8.9,,3.4,35.65,19.63,12.99,29.66,6.05,33.42,19.2,,13.47,72.65,17.5,2.14,,6.67,12.15,,9.64,,15.03,,2.04,14.8,74.2,70.07,,,,11.21
2017-05-05 07:00:00,4.09,,8.75,47.76,47.46,28.04,115.67,7.86,6.93,65.56,6.5,7.21,10.3,29.86,18.48,,,5.19,14.73,29.41,8.9,,3.45,34.92,19.66,12.9,29.66,6.25,33.14,19.59,,13.57,72.76,16.48,2.2,,6.64,12.1,,9.1,,14.94,,2.05,14.84,74.08,69.18,,,,11.23
2017-05-08 07:00:00,4.02,,8.72,47.13,47.05,28.44,116.24,7.86,6.8,64.48,6.63,7.21,10.28,30.08,18.68,,,5.18,14.61,29.34,9.51,,3.38,34.55,19.53,13.43,29.06,6.67,33.42,19.63,,14.31,72.65,16.23,2.12,,6.79,11.75,,9.06,,14.8,,2.04,14.84,73.97,68.85,,,,11.19
2017-05-09 07:00:00,4.13,,8.77,47.65,47.05,28.15,117.4,7.95,6.78,64.62,6.59,7.28,10.56,30.41,18.63,,,5.28,14.66,30.46,9.65,,3.44,34.35,19.71,13.39,29.27,6.77,33.0,19.67,,14.72,71.81,16.1,2.12,,7.02,11.9,,9.26,,15.09,,2.08,14.97,73.86,67.95,,,,11.24
2017-05-10 07:00:00,4.13,,9.04,47.63,46.89,28.15,116.82,8.1,6.74,65.09,6.64,7.31,10.52,30.08,18.25,,,5.33,14.64,30.32,9.59,,3.49,34.76,19.73,13.83,29.44,6.49,33.14,19.01,,14.24,71.85,15.59,2.05,,6.95,12.4,,9.28,,15.21,,2.06,14.86,74.83,68.14,,,,11.35
2017-05-11 07:00:00,4.07,,8.99,47.63,46.89,29.14,116.24,8.01,6.68,64.53,6.74,7.28,10.52,30.13,17.91,,,5.36,14.54,30.39,9.49,,3.49,34.59,19.77,14.08,29.48,6.5,34.19,18.62,,14.35,71.52,16.36,2.05,,7.0,12.35,,9.1,,15.23,,2.09,14.88,74.77,68.19,,,,11.32
2017-05-12 07:00:00,4.11,,8.96,48.57,47.14,28.44,115.96,8.04,6.74,65.28,6.71,7.28,10.5,29.8,19.14,,,5.28,14.69,30.39,9.54,,3.45,34.51,19.89,14.15,29.44,6.59,34.19,18.97,,14.77,71.74,16.48,2.02,,6.94,12.2,,9.19,,15.09,,2.13,14.88,74.54,68.33,,,,11.3
2017-05-15 07:00:00,4.09,,8.93,48.57,46.97,28.52,117.11,8.01,6.74,67.85,6.66,7.25,10.46,29.59,20.48,,,5.25,14.67,30.84,9.7,,3.4,34.51,20.96,13.83,28.93,6.74,34.26,19.3,,14.58,70.83,16.1,2.02,,7.08,12.65,,9.28,,15.03,,2.29,15.02,73.68,67.9,,,,11.37
2017-05-16 07:00:00,4.16,,8.93,48.44,46.65,28.66,115.96,7.88,6.74,67.24,6.66,7.15,10.39,29.86,19.99,,,5.16,14.27,30.76,9.77,,3.4,35.52,20.65,13.72,28.84,6.71,35.95,18.7,,14.4,69.77,15.97,2.05,,7.0,12.35,,9.91,,14.92,,2.48,15.25,73.4,67.72,,,,11.41
2017-05-17 07:00:00,4.25,,8.83,47.91,47.05,29.62,117.34,7.86,6.7,69.77,6.67,7.15,10.46,29.75,20.3,,,5.17,14.36,30.62,9.82,,3.41,35.24,20.57,13.36,28.93,6.56,35.88,19.14,,14.4,68.89,16.13,2.12,,7.11,12.5,,10.09,,14.98,,2.64,15.17,73.4,69.37,,,,11.38
2017-05-18 07:00:00,4.27,,8.88,48.15,46.89,28.74,116.82,7.95,6.63,70.24,6.63,7.21,10.48,29.91,19.78,,,5.07,14.33,30.62,9.56,,3.55,35.24,20.61,13.32,28.8,6.44,37.29,19.22,,14.26,69.33,16.04,2.08,,7.23,12.45,,9.8,,15.05,,2.41,15.17,72.82,68.89,,,,11.4
2017-05-19 07:00:00,4.3,,9.09,47.78,46.89,28.41,116.53,8.06,6.72,69.49,6.72,7.21,10.59,30.57,21.17,,,5.1,14.38,31.14,9.3,,3.66,34.84,20.74,13.32,29.06,6.29,39.89,19.45,,15.26,69.37,16.67,2.08,,7.67,12.4,,9.53,,15.21,,2.35,15.02,73.28,69.79,,,,11.46
2017-05-22 07:00:00,4.37,,9.73,47.39,47.71,28.15,115.78,8.5,6.63,69.87,6.63,7.44,10.61,31.77,20.3,,,5.14,14.75,31.36,9.51,,3.78,35.73,21.02,13.3,29.36,6.32,42.64,19.53,,15.0,69.51,17.12,2.14,,7.6,12.7,,9.53,,15.52,,2.34,15.14,73.63,70.92,,,,11.6
2017-05-23 07:00:00,4.27,,9.81,46.61,47.38,27.64,115.38,8.28,6.63,71.13,6.6,7.34,10.68,31.39,20.66,,,5.17,14.84,31.29,9.49,,3.63,35.73,21.78,13.32,29.27,6.36,42.64,19.53,,15.19,70.83,17.44,2.05,,7.5,12.4,,9.55,,15.4,,2.37,15.01,73.28,71.49,,,,11.61
2017-05-24 07:00:00,4.39,,10.18,45.61,47.05,29.07,115.96,8.52,6.61,73.94,6.57,7.44,10.74,31.23,21.6,,,5.22,15.28,31.52,9.49,,3.88,35.24,22.79,13.37,28.93,6.29,41.51,20.34,,15.49,69.73,18.52,2.12,,7.73,12.55,,9.48,,15.63,,2.19,14.88,72.82,71.49,,,,11.78
2017-05-25 07:00:00,4.37,,10.1,45.56,47.71,28.81,121.15,8.37,6.72,73.8,6.54,7.47,10.92,31.77,21.53,,,5.22,15.04,33.02,9.49,,3.94,34.84,22.66,13.18,28.67,6.32,41.51,19.93,,15.49,69.73,18.11,2.14,,7.75,12.4,,9.55,,15.36,,2.18,14.71,72.25,70.78,,,,11.7
2017-05-26 07:00:00,4.35,,10.31,47.91,49.1,28.81,122.88,8.37,6.74,78.25,6.55,7.6,10.79,31.06,21.96,,,5.19,15.46,32.72,9.47,,4.01,34.67,22.36,12.99,28.63,6.59,40.88,20.16,,15.51,69.18,18.68,2.12,,7.67,12.3,,9.59,,15.19,,2.19,14.88,72.71,71.73,,,,11.77
2017-05-29 07:00:00,4.37,,10.04,47.26,48.69,29.43,122.88,8.65,6.76,79.65,6.58,7.64,10.92,31.72,21.43,,,5.3,16.52,32.57,9.7,,3.96,34.84,21.71,13.01,28.59,6.53,42.29,20.05,,15.32,69.37,19.86,2.08,,7.62,12.7,,9.68,,15.07,,2.26,14.93,73.28,71.58,,,,11.85
2017-05-30 07:00:00,4.35,,9.7,47.31,47.46,28.59,120.0,8.37,6.63,77.77,6.55,7.67,11.02,30.95,20.76,,,5.22,15.93,31.89,9.66,,3.92,34.67,21.5,13.01,28.12,6.44,42.92,19.74,,14.7,69.73,19.28,2.08,,7.3,12.6,,9.53,,15.03,,2.25,14.79,73.11,70.64,,,,11.83
2017-05-31 07:00:00,4.35,,9.75,47.29,47.14,28.59,123.46,8.32,6.72,75.19,6.72,7.73,11.02,30.41,20.5,,,5.41,17.02,31.85,9.7,,3.89,35.0,21.55,13.01,28.59,6.31,43.06,19.8,,14.65,69.04,19.12,2.17,,7.32,12.5,,9.55,,14.98,,2.25,14.79,73.28,70.64,,,,11.61
2017-06-01 07:00:00,4.32,,9.67,48.44,47.63,28.44,123.17,8.26,6.72,75.54,6.67,7.67,11.14,30.46,20.71,,,5.39,16.78,32.19,9.7,,3.94,35.57,22.08,13.51,28.76,6.35,43.06,19.99,,14.86,69.37,19.79,2.17,,7.35,12.65,,9.46,,15.03,,2.19,14.9,74.54,71.68,,,,11.79
2017-06-02 07:00:00,4.3,,9.65,48.15,47.46,28.77,122.88,8.28,6.72,78.32,6.58,7.54,11.08,29.86,20.91,,,5.33,16.6,32.34,9.8,,3.92,35.48,22.01,13.44,29.02,6.35,42.0,19.95,,14.82,69.73,19.98,2.2,,7.62,12.4,,9.01,,15.03,,2.26,14.92,75.12,71.21,,,,11.78
2017-06-05 07:00:00,4.32,,9.88,48.12,47.46,29.32,120.74,8.32,6.74,78.32,6.58,7.54,11.08,30.19,20.86,,,5.33,16.81,32.87,10.08,,3.94,35.89,21.89,13.58,29.44,6.48,42.99,19.8,,15.16,69.73,20.17,2.24,,7.47,12.7,,8.56,,15.4,,2.24,14.92,74.54,72.53,,,,11.84
2017-06-06 07:00:00,4.41,,10.25,48.15,47.55,29.32,121.78,8.5,6.59,78.12,6.57,7.73,11.35,30.3,20.76,,,5.42,17.28,32.94,9.96,,4.0,35.73,22.17,13.7,29.61,6.57,43.27,20.28,,15.74,69.84,21.57,2.2,,7.56,13.55,,8.43,,16.0,,2.26,14.93,74.6,72.76,,,,11.91
2017-06-07 07:00:00,4.6,,10.25,48.44,47.71,29.18,122.3,8.81,6.74,78.05,6.57,7.8,11.29,30.35,21.27,,,5.58,17.12,33.35,9.94,,4.18,35.28,22.36,13.72,29.74,6.61,42.99,20.14,,15.74,70.06,21.8,2.24,,7.63,13.45,,8.54,,15.85,,2.27,15.06,73.11,72.67,,,,12.1
2017-06-08 07:00:00,4.55,,10.1,48.12,47.46,28.81,122.07,8.65,6.76,83.48,6.63,7.67,11.33,30.35,21.48,,,5.6,16.91,34.82,9.91,,4.14,34.92,22.59,13.65,29.48,6.6,42.99,20.41,,15.56,69.73,21.38,2.2,,7.69,13.8,,8.47,,15.69,,2.25,15.17,73.34,72.48,,,,12.04
2017-06-09 07:00:00,4.56,,9.96,48.18,47.3,28.59,120.74,8.59,6.68,88.98,6.6,7.99,11.57,30.02,21.48,,,5.59,16.6,35.27,9.91,,4.14,35.0,22.42,13.51,28.8,6.55,44.04,20.34,,15.6,69.73,21.64,2.17,,7.75,13.9,,8.52,,15.89,,2.24,15.28,72.82,72.53,,,,12.13
2017-06-12 07:00:00,4.53,,10.02,48.18,46.81,28.59,120.92,8.63,6.66,86.68,6.6,7.96,11.46,30.19,21.53,,,5.49,16.13,34.89,9.89,,4.1,35.08,22.24,13.23,28.84,6.63,44.33,20.05,,15.51,70.79,21.57,2.14,,7.76,13.8,,8.36,,15.87,,2.24,15.56,72.82,72.06,,,,12.09
2017-06-13 07:00:00,4.61,,10.31,50.77,47.22,28.37,121.32,8.76,6.68,87.93,6.74,8.03,11.62,30.73,21.07,,,5.58,16.37,34.14,9.77,,4.11,34.88,21.89,13.65,28.84,6.98,44.33,19.91,,15.65,71.16,21.51,2.17,,7.85,13.9,,8.41,,15.96,,2.24,15.8,73.17,71.87,,,,12.14
2017-06-14 07:00:00,4.65,,10.57,50.44,48.45,28.37,125.36,8.96,6.7,87.79,6.74,7.9,11.58,31.45,21.09,,,5.63,16.47,34.22,9.59,,4.2,35.4,22.01,13.67,28.72,7.02,44.33,19.8,,15.65,73.02,21.38,2.2,,7.82,14.0,,8.5,,16.23,,2.24,15.25,72.82,72.43,,,,12.24
2017-06-15 07:00:00,4.6,,10.47,49.55,47.95,28.15,124.61,9.05,7.02,88.0,6.7,7.9,11.64,31.12,21.02,,,5.76,16.29,34.29,9.7,,4.15,35.12,22.06,13.6,28.59,6.94,44.19,20.05,,16.16,73.02,21.13,2.2,,7.79,13.75,,8.43,,16.35,,2.24,15.54,72.54,72.58,,,,12.26
2017-06-16 07:00:00,4.6,,10.44,48.88,47.55,27.86,125.19,9.03,7.06,89.81,6.6,7.93,11.71,31.45,22.04,,,5.85,16.32,34.67,9.73,,4.17,34.27,21.94,13.46,29.02,6.91,43.9,20.05,,16.58,73.13,21.51,2.24,,7.85,13.9,,8.43,,16.35,,2.23,15.8,72.82,72.2,,,,12.3
2017-06-19 07:00:00,4.63,,10.57,48.84,48.28,27.71,125.19,9.16,6.91,88.07,6.63,7.99,11.87,31.83,22.66,,,5.78,16.6,35.08,9.77,,4.28,35.32,21.92,13.74,29.19,6.94,44.89,19.95,,16.48,73.38,22.72,2.33,,8.18,14.15,,8.5,,16.43,,2.23,15.83,72.77,72.86,,,,12.37
2017-06-20 07:00:00,4.67,,10.86,47.7,47.95,28.08,124.72,9.25,6.87,89.12,6.63,8.51,11.83,31.77,22.35,,,5.86,16.47,35.19,9.77,,4.42,34.76,22.36,13.98,29.02,6.95,46.01,20.05,,16.51,74.11,22.91,2.36,,8.13,14.55,,8.7,,16.35,,2.3,15.54,72.54,72.2,,,,12.46
2017-06-21 07:00:00,4.58,,10.73,46.52,47.46,27.75,124.03,8.96,6.7,89.81,6.57,8.71,12.17,31.55,22.22,,,5.8,16.45,35.04,9.77,,4.52,34.03,22.52,13.89,28.76,7.17,47.07,20.09,,16.97,74.81,23.2,2.33,,8.09,14.6,,8.63,,16.0,,2.34,15.72,71.73,72.58,,,,12.37
2017-06-22 07:00:00,4.55,,10.49,46.43,47.3,27.53,124.15,8.83,6.7,89.12,6.63,8.51,12.2,31.17,22.76,,,5.83,16.78,34.93,9.73,,4.48,33.7,23.28,13.89,28.84,7.53,48.9,20.43,,16.83,74.84,23.04,2.24,,8.07,14.3,,8.65,,15.77,,2.34,15.47,71.1,72.15,,,,12.45
2017-06-23 07:00:00,4.48,,10.52,48.18,47.55,26.94,126.05,8.85,6.72,87.37,6.7,8.35,12.16,31.01,23.22,,,5.84,16.78,34.93,9.94,,4.44,33.34,23.72,13.79,29.23,7.54,50.24,21.2,,16.88,75.54,22.85,2.27,,8.06,14.2,,8.72,,15.77,,2.34,15.45,72.25,72.2,,,,12.37
2017-06-26 07:00:00,4.55,,10.68,48.18,47.38,26.39,125.76,8.96,6.66,83.55,6.67,8.25,11.97,31.17,22.86,,,5.85,16.81,35.12,9.8,,4.48,34.19,23.74,13.65,29.23,7.42,50.52,21.61,,16.99,75.72,22.43,2.27,,8.1,14.2,,8.79,,15.94,,2.32,15.72,72.25,72.39,,,,12.45
2017-06-27 07:00:00,4.51,,10.52,47.89,46.89,25.81,126.05,8.85,6.63,85.63,6.73,8.25,11.71,31.39,22.19,,,5.81,16.55,34.37,9.77,,4.48,33.7,23.35,13.65,29.23,7.27,48.41,21.2,,16.78,75.72,22.46,2.27,,7.96,14.35,,8.67,,15.83,,2.29,15.65,71.68,72.43,,,,12.39
2017-06-28 07:00:00,4.49,,10.55,47.04,47.14,26.03,126.17,8.92,6.68,86.47,6.7,8.19,11.88,31.84,22.35,,,5.82,16.52,34.37,9.77,,4.5,33.7,23.16,13.56,29.27,7.39,48.27,21.18,,17.13,75.5,22.4,2.27,,8.09,14.2,,8.54,,15.75,,2.29,15.6,71.56,73.33,,,,12.36
2017-06-29 07:00:00,4.53,,10.73,47.0,47.14,26.76,126.22,8.92,6.95,86.54,6.74,8.19,11.92,31.84,22.42,,,5.9,16.55,34.48,9.7,,4.6,34.35,23.28,13.41,29.02,7.45,48.9,21.2,,17.18,75.39,22.34,2.27,,8.12,14.1,,8.43,,15.81,,2.3,15.56,72.42,73.05,,,,12.49
2017-06-30 07:00:00,4.51,,10.78,46.76,47.05,27.27,124.9,8.96,6.93,86.54,6.86,8.38,12.01,32.39,22.04,,,6.06,16.81,34.89,9.72,,4.6,34.03,23.72,13.44,29.02,7.5,48.55,21.15,,17.08,76.05,22.31,2.3,,8.16,13.8,,8.61,,15.94,,2.29,15.69,72.42,74.37,,,,12.56
2017-07-03 07:00:00,4.6,,10.94,46.24,47.55,27.31,122.01,9.14,6.93,84.94,6.93,8.32,11.89,33.11,22.07,,,6.25,17.2,34.89,9.72,,4.59,33.62,23.69,13.7,29.02,7.66,48.48,21.51,,16.92,76.67,22.34,2.42,,8.25,13.6,,8.5,,16.1,,2.33,15.54,72.08,74.09,,,,12.63
2017-07-04 07:00:00,4.56,,10.73,45.96,47.14,27.12,123.17,9.01,6.91,84.17,6.89,8.25,11.94,32.78,21.96,,,6.25,17.04,35.76,9.73,,4.54,33.54,23.85,13.86,29.02,7.54,47.63,21.4,,17.08,77.0,22.43,2.42,,8.34,13.2,,8.54,,16.02,,2.3,15.43,71.62,73.85,,,,12.57
2017-07-05 07:00:00,4.61,,10.78,46.52,47.46,27.64,124.61,9.03,6.95,84.8,6.89,8.38,11.97,33.39,22.53,,,6.24,16.96,35.79,9.77,,4.49,33.46,23.67,13.86,29.06,7.56,48.41,21.18,,17.41,76.67,22.46,2.51,,8.35,13.45,,8.56,,16.08,,2.34,15.43,71.79,73.9,,,,13.4
2017-07-06 07:00:00,4.61,,10.73,47.0,47.46,27.75,125.48,8.96,6.85,84.87,6.95,8.38,12.28,33.72,22.4,,,6.31,17.09,35.64,9.84,,4.5,33.58,23.67,13.96,28.84,7.57,49.95,20.57,,17.34,76.67,22.46,2.57,,8.44,13.45,,9.15,,16.29,,2.32,15.58,72.02,74.32,,,,12.65
2017-07-07 07:00:00,4.61,,10.68,46.52,47.87,27.42,124.03,8.81,6.68,83.62,6.83,8.45,12.46,33.72,22.09,,,6.25,16.81,34.89,9.86,,4.42,33.82,23.74,13.77,28.76,7.56,48.9,20.57,,17.22,76.67,22.5,2.45,,8.12,13.0,,8.92,,16.02,,2.31,15.43,72.02,72.76,,,,12.6
2017-07-10 07:00:00,4.51,,10.41,46.24,47.71,26.98,123.46,8.68,6.63,80.76,6.8,8.38,12.35,33.5,21.58,,,6.27,16.45,34.59,9.84,,4.28,33.62,23.39,13.58,28.67,7.31,48.41,19.89,,16.69,76.67,22.4,2.42,,7.87,12.85,,8.41,,15.77,,2.32,15.1,71.96,71.58,,,,12.3
2017-07-11 07:00:00,4.51,,10.41,45.34,47.95,27.12,123.17,8.68,6.74,78.67,6.88,8.25,12.2,33.39,21.48,,,6.24,16.47,34.82,9.84,,4.37,33.74,23.39,13.46,28.76,7.1,48.41,19.87,,16.67,76.85,22.4,2.45,,7.91,12.6,,8.52,,15.85,,2.32,15.47,71.91,72.2,,,,12.38
2017-07-12 07:00:00,4.51,,10.2,45.34,48.53,28.26,122.88,8.63,6.83,80.06,7.05,8.45,12.29,34.72,21.71,,,6.25,16.37,35.12,10.19,,4.4,33.58,23.62,13.51,28.76,7.21,48.41,20.36,,16.78,76.74,22.91,2.45,,7.85,12.6,,8.5,,15.73,,2.32,15.65,72.19,73.33,,,,12.44
2017-07-13 07:00:00,4.51,,10.33,44.16,49.1,28.48,124.03,8.72,6.76,80.83,7.04,8.35,12.52,35.11,21.66,,,6.37,16.39,35.08,10.22,,4.41,33.46,23.65,13.51,28.8,7.22,49.39,20.22,,16.99,76.85,23.23,2.48,,7.87,12.4,,8.5,,15.81,,2.31,15.65,72.82,73.76,,,,12.44
2017-07-14 07:00:00,4.49,,10.2,42.51,49.35,28.33,123.98,8.57,6.8,84.59,7.01,8.35,12.48,35.28,21.63,,,6.39,16.39,35.08,10.08,,4.38,33.62,23.51,13.51,29.1,7.15,49.25,20.22,,16.94,77.22,24.44,2.45,,7.91,12.1,,8.52,,15.83,,2.3,15.65,72.77,73.19,,,,12.47
2017-07-17 07:00:00,4.34,,9.99,40.95,48.2,27.49,123.4,8.32,6.83,81.6,6.9,7.8,12.3,34.5,21.27,,,6.23,15.88,34.74,9.91,,4.25,32.93,23.78,13.16,29.02,7.07,48.34,19.95,,16.41,80.14,24.69,2.36,,7.59,11.7,,8.38,,15.6,,2.09,15.58,72.82,71.68,,,,12.27
2017-07-18 07:00:00,4.37,,10.02,38.12,47.55,27.42,121.15,8.23,6.76,82.71,6.83,7.8,12.25,33.72,21.27,,,6.07,15.59,34.67,9.82,,4.27,33.22,23.55,12.87,28.93,7.06,48.48,19.93,,16.07,82.51,24.31,2.39,,7.45,12.1,,8.15,,15.63,,2.16,15.54,73.22,71.73,,,,12.02
2017-07-19 07:00:00,4.37,,10.07,38.07,46.89,25.51,120.28,8.37,6.8,82.85,6.77,7.28,12.02,34.84,21.53,,,6.03,15.25,34.52,9.84,,4.23,33.22,23.53,12.8,28.76,7.07,48.76,20.11,,15.72,84.74,24.47,2.42,,7.44,12.05,,8.17,,15.56,,2.24,15.43,73.63,72.2,,,,12.14
2017-07-20 07:00:00,4.39,,10.36,35.9,46.81,25.81,116.53,8.41,6.8,82.15,6.74,7.44,12.0,34.45,21.27,,,6.0,15.54,34.52,9.84,,4.29,33.38,23.16,13.18,28.72,7.1,48.03,20.22,,16.2,85.43,24.44,2.42,,7.47,11.8,,7.87,,15.5,,2.27,15.58,72.82,71.73,,,,12.11
2017-07-21 07:00:00,4.35,,10.18,34.1,46.73,25.29,112.5,8.23,6.95,79.37,6.69,7.57,11.84,33.34,21.12,,,5.95,15.36,34.52,9.82,,4.19,33.38,22.36,12.94,29.02,7.18,48.03,20.14,,16.2,85.98,25.17,2.36,,7.5,11.7,,7.89,,15.31,,2.27,15.6,71.85,71.49,,,,12.04
2017-07-24 07:00:00,4.3,,10.25,36.46,46.89,24.41,113.94,8.23,6.74,79.86,6.74,7.6,11.92,33.11,19.68,,,5.99,15.18,34.29,9.87,,4.27,33.58,22.49,13.23,29.02,7.13,46.19,20.2,,16.02,85.98,25.14,2.36,,7.3,11.85,,7.92,,15.44,,,15.5,72.08,71.63,,,,12.03
2017-07-25 07:00:00,4.37,,10.84,39.01,46.81,24.34,113.07,8.46,6.74,79.93,6.76,7.67,11.97,33.61,20.25,,,6.06,15.36,34.21,9.79,,4.56,33.7,22.72,13.3,29.02,7.29,47.59,20.24,,16.67,85.98,25.58,2.39,,7.45,12.5,,7.92,,15.44,,2.22,15.43,72.25,71.63,,,,12.0
2017-07-26 07:00:00,4.46,,10.89,39.01,47.05,24.12,114.17,8.61,6.85,82.01,6.82,7.9,12.25,34.06,20.55,,,6.22,15.62,34.37,9.63,,4.56,33.66,23.05,13.37,28.97,7.39,47.37,21.09,,16.88,85.87,26.35,2.42,,7.56,12.8,,8.03,,15.48,,2.24,15.65,72.25,72.2,,,,12.14
2017-07-27 07:00:00,4.42,,10.94,37.93,46.81,23.9,114.8,8.54,6.8,80.76,6.77,7.73,12.35,33.67,20.35,,,6.15,15.54,35.19,9.7,,4.58,33.62,22.93,13.27,28.8,7.43,46.05,20.99,,17.15,85.87,26.22,2.42,,7.54,12.65,,8.03,,15.46,,2.28,15.54,72.36,72.15,,,,12.14
2017-07-28 07:00:00,4.49,,11.1,38.64,47.14,23.75,117.69,8.63,6.8,80.62,6.77,7.9,12.44,34.17,20.76,,,6.15,15.62,35.22,9.77,,4.85,33.7,23.28,13.34,28.42,7.41,47.07,21.42,,16.9,85.98,26.16,2.42,,7.63,12.8,,7.99,,15.52,,2.31,15.76,71.96,72.2,,,,12.27
2017-07-31 07:00:00,4.53,,11.74,37.55,48.36,23.83,120.17,9.03,6.85,81.04,6.74,7.54,12.39,34.78,20.76,,,6.12,14.53,34.6,9.77,,4.91,34.67,23.16,13.48,28.8,7.38,46.05,21.59,,17.22,86.49,25.74,2.51,,7.76,13.1,,7.99,,15.63,,2.32,16.35,72.02,72.01,,,,12.35
2017-08-01 07:00:00,4.55,,11.74,37.55,48.12,24.19,121.09,8.85,6.8,80.76,6.86,7.6,12.56,35.67,21.02,,,6.2,14.42,34.06,9.84,,4.89,34.39,22.93,13.53,28.8,7.5,46.19,21.82,,16.99,89.41,26.41,2.48,,7.67,13.0,,7.8,,15.89,,2.29,16.31,72.19,71.3,,,,12.44
2017-08-02 07:00:00,4.55,,11.87,36.84,48.28,24.19,121.03,8.92,6.8,80.76,6.77,8.12,12.66,35.45,20.63,,,6.12,13.88,33.44,9.84,,4.85,34.43,22.93,13.3,28.67,7.48,46.34,21.61,,17.13,89.59,26.51,2.45,,7.6,12.55,,7.64,,15.77,,2.29,16.31,72.36,71.91,,,,12.43
2017-08-03 07:00:00,4.53,,12.11,36.84,47.62,24.34,120.46,8.92,6.8,79.65,6.77,8.51,12.84,35.45,20.66,,,6.12,14.16,34.6,9.96,,4.85,34.51,23.07,13.32,28.67,7.58,46.19,21.86,,17.69,89.45,25.36,2.45,,7.66,12.3,,7.64,,15.85,,2.3,16.31,72.36,72.67,,,,12.36
2017-08-04 07:00:00,4.49,,11.84,36.37,47.54,24.38,120.57,8.83,6.85,79.23,6.76,8.45,12.84,35.0,21.3,,,6.06,14.32,34.21,9.93,,4.81,34.63,24.55,13.41,28.72,7.77,46.63,22.34,,17.78,89.74,24.85,2.45,,7.79,12.7,,7.85,,15.75,,2.29,16.37,72.31,72.67,,,,12.38
2017-08-07 07:00:00,4.53,,11.89,36.37,47.87,24.56,121.72,8.83,6.85,78.12,6.86,8.38,12.78,35.61,21.45,,,6.11,14.29,34.06,9.98,,4.89,34.59,25.17,13.44,28.46,7.8,48.98,22.34,,17.5,90.94,23.13,2.48,,7.78,12.55,,7.85,,15.75,,2.3,16.35,72.31,72.53,,,,12.49
2017-08-08 07:00:00,4.56,,11.95,35.94,47.54,25.0,122.13,8.7,6.91,76.24,6.77,8.22,12.55,35.84,21.43,,,6.12,14.45,34.02,9.84,,4.81,34.59,24.66,13.37,28.08,7.69,49.49,21.86,,17.08,92.37,21.54,2.45,,7.67,12.2,,7.89,,15.89,,2.27,16.5,72.19,71.73,,,,12.43
2017-08-09 07:00:00,4.49,,11.13,36.6,46.54,24.78,120.51,8.32,6.85,75.05,6.72,8.16,12.4,35.22,20.76,,,6.04,14.45,33.79,9.87,,4.63,34.03,24.04,13.18,27.95,7.61,48.25,21.4,,16.62,88.35,20.05,2.39,,7.45,11.8,,7.73,,15.65,,2.24,15.98,71.5,70.78,,,,12.3
2017-08-10 07:00:00,4.46,,11.07,37.27,46.87,26.03,121.15,8.21,6.95,75.82,6.74,8.12,12.53,35.0,20.68,,,6.06,14.34,33.28,9.84,,4.64,34.43,24.25,13.06,27.44,7.09,47.81,21.63,,16.76,90.91,18.65,2.39,,7.44,11.95,,7.73,,15.6,,2.21,15.87,71.79,71.49,,,,12.2
2017-08-11 07:00:00,4.46,,11.07,37.22,46.46,26.1,120.17,8.41,6.85,75.89,6.7,8.09,12.67,34.06,20.45,,,6.2,14.42,33.36,9.86,,4.62,34.59,24.38,13.06,26.88,7.21,47.29,21.82,,16.62,90.54,19.22,2.36,,7.39,11.95,,7.68,,15.5,,2.24,15.98,71.84,71.49,,,,12.19
2017-08-14 07:00:00,4.51,,11.35,38.16,46.87,26.54,120.46,8.52,6.91,79.3,6.72,7.93,12.61,34.34,20.53,,,6.44,14.84,33.36,9.86,,4.79,35.65,24.55,13.06,26.24,7.45,48.39,21.92,,16.94,89.08,19.54,2.42,,7.47,12.1,,7.68,,15.58,,2.24,15.98,71.84,71.35,,,,12.25
2017-08-15 07:00:00,4.53,,11.07,38.73,46.87,26.94,120.34,8.43,6.89,78.67,6.76,7.86,12.53,33.78,20.76,,,6.35,14.89,32.81,9.86,,4.73,35.73,24.73,13.13,26.46,7.43,48.61,22.11,,16.62,88.68,18.77,2.39,,7.42,11.9,,7.64,,15.44,,2.23,15.65,71.79,70.78,,,,12.22
2017-08-16 07:00:00,4.54,,10.91,38.68,46.96,26.83,122.19,8.37,7.49,78.05,6.86,7.86,12.46,34.61,20.99,,,6.49,15.12,32.43,9.86,,4.69,36.13,24.75,13.04,26.5,7.41,48.47,21.96,,16.44,90.87,18.52,2.39,,7.42,12.0,,7.66,,15.52,,2.24,15.72,71.61,70.3,,,,12.27
2017-08-17 07:00:00,4.49,,10.47,38.92,46.63,26.17,121.15,8.21,7.25,77.28,6.83,7.34,12.4,33.89,21.17,,,6.38,14.73,31.8,9.86,,4.55,36.38,24.34,12.71,26.41,7.45,48.25,21.74,,16.11,92.37,18.39,2.36,,7.26,11.85,,7.61,,15.44,,2.21,15.7,70.98,70.92,7.86,,,12.22
2017-08-18 07:00:00,4.51,,10.77,38.4,46.54,25.73,120.57,8.23,7.4,76.58,6.83,7.83,12.43,33.84,21.02,,,6.4,14.84,31.88,9.84,,4.62,36.13,24.34,12.71,26.46,7.46,48.47,21.86,,16.18,92.37,18.58,2.36,,7.34,11.75,,7.59,,15.52,,2.22,15.7,71.21,71.11,7.49,,,12.22
2017-08-21 07:00:00,4.6,,10.72,38.02,45.63,26.06,120.8,8.21,7.28,77.14,6.83,7.99,12.5,33.95,20.76,,,6.27,14.73,32.04,9.86,,4.58,36.46,24.43,12.71,26.11,7.39,49.34,21.8,,16.34,93.83,18.39,2.33,,7.22,11.7,,7.57,,15.48,,2.26,15.76,71.5,70.97,7.22,,,12.18
2017-08-22 07:00:00,4.6,,10.45,37.88,44.63,25.66,121.15,8.08,7.21,76.1,6.8,7.8,12.32,33.72,20.61,,,6.3,14.84,32.12,9.86,,4.54,36.46,24.22,12.71,26.11,7.33,48.9,21.63,,16.16,89.88,18.42,2.33,,7.08,11.7,,7.52,,15.27,,2.19,15.72,71.5,70.78,7.25,,,12.17
2017-08-23 07:00:00,4.63,,10.58,37.74,44.72,25.59,121.72,8.08,7.32,76.1,6.77,7.67,12.35,33.89,20.86,,,6.35,14.94,31.8,9.86,,4.54,36.94,23.97,12.71,26.8,7.35,48.9,21.63,,16.2,92.99,18.46,2.33,,7.17,11.8,,7.57,,15.31,,2.21,15.91,71.73,70.78,7.29,,,12.12
2017-08-24 07:00:00,4.81,,10.8,37.31,44.39,24.56,123.46,8.37,7.28,76.17,6.79,7.77,12.48,34.11,20.66,,,6.39,14.99,31.65,9.86,,4.7,37.27,24.29,12.5,26.71,7.39,49.56,21.82,,16.44,92.99,19.22,2.36,,7.19,11.75,,7.66,,15.34,,2.23,16.0,72.02,70.68,7.3,,,12.29
2017-08-25 07:00:00,4.84,,10.77,36.37,44.55,25.29,124.03,8.35,7.28,76.79,6.79,7.8,12.43,34.11,20.81,,,6.42,15.15,31.65,9.86,,4.74,37.67,24.34,12.4,26.41,7.42,49.49,21.69,,16.37,92.37,18.39,2.36,,7.28,11.8,,7.66,,15.38,,2.23,16.37,72.31,70.78,7.31,,,12.26
2017-08-28 07:00:00,5.0,,10.72,36.18,44.88,25.29,123.98,8.35,7.38,76.79,6.76,7.83,12.46,35.0,21.84,,,6.52,15.46,32.19,9.8,,4.76,38.08,24.41,12.43,26.07,7.37,50.08,21.9,,16.25,92.18,18.65,2.36,,7.42,11.75,,7.64,,15.5,,2.19,16.72,72.31,70.68,7.31,,,12.39
2017-08-29 07:00:00,5.02,,10.72,35.05,44.8,24.89,123.17,8.28,7.45,76.58,6.72,7.93,12.5,34.78,21.76,,,6.53,15.25,32.04,9.77,,4.74,36.62,24.68,12.33,25.64,7.37,49.86,22.05,,16.09,90.91,19.95,2.36,,7.35,11.6,,7.59,,15.31,,2.19,16.92,72.08,70.3,7.31,,,12.39
2017-08-30 07:00:00,5.0,,10.56,35.28,44.63,25.37,123.11,8.21,7.4,76.17,6.73,7.9,12.51,34.78,21.66,,,6.6,15.38,31.88,9.77,,4.79,37.91,25.24,12.24,25.64,7.38,49.12,22.42,,15.95,91.27,20.68,2.33,,7.34,11.45,,7.59,,15.31,,2.19,18.08,72.19,70.54,7.31,,,12.46
2017-08-31 07:00:00,5.04,,11.29,34.95,44.72,25.59,123.17,8.43,7.45,75.82,6.83,7.9,12.69,34.78,21.84,,,6.64,15.49,31.65,9.77,,4.9,38.48,25.21,12.19,25.69,7.56,48.98,22.42,,16.27,91.64,20.46,2.39,,7.39,11.7,,7.59,,15.36,,2.16,18.0,72.25,70.73,7.31,,,12.63
2017-09-01 07:00:00,5.02,,11.48,34.72,45.3,25.51,122.64,8.43,7.38,76.03,6.82,7.9,12.72,35.28,22.04,,,6.65,15.49,31.92,9.77,,4.84,39.05,25.21,11.86,25.73,7.56,48.98,22.53,,16.32,92.91,20.24,2.36,,7.44,11.6,,7.52,,15.5,,2.23,18.15,73.7,72.21,7.31,,,12.69
2017-09-05 07:00:00,5.09,,11.43,34.67,45.38,24.93,123.17,8.37,7.34,75.33,6.82,7.86,12.69,35.95,21.89,,,6.71,15.38,33.05,9.77,,4.82,38.81,24.89,12.14,25.69,7.56,49.12,22.44,,16.32,93.1,19.73,2.39,,7.41,11.85,,7.52,,15.79,,2.2,18.44,75.61,72.73,7.33,,,12.73
2017-09-06 07:00:00,5.07,,11.24,34.15,45.21,24.34,122.7,8.3,7.3,73.73,6.8,7.9,12.61,36.17,21.78,,,6.82,15.3,32.81,9.77,,4.82,38.89,24.89,12.14,25.69,7.53,49.12,22.32,,16.25,96.02,19.28,2.36,,7.38,11.65,,7.47,,15.73,,2.2,18.37,75.72,71.97,7.68,,,12.75
2017-09-07 07:00:00,5.02,,11.37,34.34,45.21,24.19,122.76,8.37,7.36,72.62,6.76,7.9,12.54,36.89,21.68,,,6.73,14.86,32.81,9.75,,4.79,40.51,24.98,12.12,25.6,7.49,48.98,22.42,,16.51,99.01,19.54,2.39,,7.39,11.75,,7.43,,15.6,,2.2,18.35,75.43,71.25,7.76,,,12.82
2017-09-08 07:00:00,4.93,,11.1,34.15,45.71,23.79,123.4,8.3,7.25,73.45,6.74,7.86,12.48,37.39,21.17,,,6.81,14.86,32.62,9.73,,4.69,43.1,25.24,11.91,25.6,7.53,49.05,22.86,,16.3,102.84,19.44,2.36,,7.36,11.65,,7.26,,15.6,,2.24,18.59,75.43,71.06,7.69,,,12.8
2017-09-11 07:00:00,4.83,,11.02,33.06,46.54,23.75,122.99,8.21,7.25,74.15,6.72,7.83,12.39,36.67,20.81,,,6.69,14.58,32.23,9.66,,4.63,43.34,25.47,11.58,25.6,7.62,49.12,22.78,,16.27,104.05,18.46,2.33,,7.29,11.6,,7.31,,15.6,,2.24,18.11,77.29,70.73,7.45,,,12.82
2017-09-12 07:00:00,4.88,,11.18,33.44,46.96,23.86,123.17,8.26,7.25,73.8,6.64,7.93,12.59,36.67,21.07,,,6.72,14.76,32.19,9.66,,4.75,44.64,25.81,11.77,25.94,7.66,49.49,22.86,,16.58,102.59,18.71,2.33,,7.29,11.45,,7.33,,15.75,,2.2,18.11,77.29,70.58,7.52,,,12.81
2017-09-13 07:00:00,4.98,,11.18,35.75,46.79,23.75,124.35,8.23,7.23,75.12,6.61,8.12,12.76,37.0,21.4,,,6.99,14.94,32.27,9.77,,4.75,45.37,26.39,11.79,25.6,7.85,50.37,23.28,,16.67,101.24,18.46,2.33,,7.39,11.5,,7.43,,15.75,,2.2,17.67,77.75,70.63,7.55,,,12.82
2017-09-14 07:00:00,4.95,,11.26,35.19,46.46,23.57,125.52,8.3,7.23,75.05,6.72,8.12,12.65,38.34,21.45,,,6.96,14.99,32.04,9.77,,4.77,45.61,26.39,11.79,25.73,7.88,50.15,23.26,,16.55,99.48,19.0,2.33,,7.51,11.7,,7.43,,15.85,,2.24,18.06,79.72,70.68,7.54,,,13.04
2017-09-15 07:00:00,4.93,,11.13,36.37,46.96,23.61,125.58,8.28,6.8,78.12,6.64,8.32,12.61,38.62,21.32,,,7.01,15.23,32.04,9.77,,4.73,45.45,26.23,12.0,27.27,7.91,50.08,23.36,,16.67,99.3,18.46,2.33,,7.56,11.5,,7.43,,15.73,,2.21,17.96,79.72,70.54,7.53,,,13.02
2017-09-18 07:00:00,4.95,,11.18,35.9,46.46,23.39,124.35,8.48,7.0,77.9,6.67,8.32,12.65,38.56,21.5,,,7.14,15.36,32.43,9.7,,4.75,45.61,26.32,11.91,26.5,7.93,48.69,23.51,,16.9,100.95,18.65,2.39,,7.62,11.8,,7.33,,15.56,,2.33,18.0,79.37,71.01,7.51,,,13.06
2017-09-19 07:00:00,4.93,,11.26,37.12,46.63,23.09,123.76,8.54,7.06,76.57,6.64,8.19,12.66,38.22,21.37,,,7.2,15.36,32.66,10.07,,4.73,44.96,26.2,11.86,26.41,7.8,47.81,23.78,,16.78,100.4,18.46,2.39,,7.62,11.75,,7.19,,15.48,,2.36,18.04,79.02,70.73,7.44,,,13.12
2017-09-20 07:00:00,4.93,,11.18,38.26,46.87,23.72,123.7,8.63,6.93,76.36,6.74,8.03,12.73,38.22,21.37,,,7.18,15.23,32.66,9.91,,4.74,43.59,26.27,11.98,26.37,7.8,46.93,23.84,,16.71,99.67,17.18,2.48,,7.53,11.7,,7.21,,15.65,,2.33,18.0,79.37,70.97,7.43,,,13.04
2017-09-21 07:00:00,4.98,,11.37,37.31,47.21,24.19,123.58,8.76,7.0,75.38,6.69,8.06,12.93,38.34,21.43,,,7.11,15.23,32.66,9.91,,4.78,41.48,26.3,12.28,26.33,8.19,47.07,23.9,,16.71,96.75,17.37,2.45,,7.48,11.6,,7.31,,15.67,,2.43,18.04,79.37,70.54,7.43,,,12.96
2017-09-22 07:00:00,5.12,,11.24,37.41,47.29,24.12,123.76,8.65,7.04,74.67,6.69,8.06,12.94,38.62,21.32,,,7.14,14.94,32.43,9.91,,4.74,42.13,26.94,12.19,26.28,8.19,47.37,23.86,,16.78,97.18,17.53,2.42,,7.53,11.55,,7.43,,15.58,,2.42,18.04,84.8,70.39,7.39,,,12.95
2017-09-25 07:00:00,5.28,,11.13,36.79,46.71,23.5,122.99,8.59,7.15,76.08,6.64,8.09,12.78,38.62,21.58,,,7.11,14.76,32.74,9.78,,4.73,44.15,27.2,12.19,26.24,8.08,47.59,23.99,,16.64,95.47,16.8,2.45,,7.5,12.3,,7.54,,15.52,,2.5,18.0,88.6,70.54,7.38,,,13.0
2017-09-26 07:00:00,5.37,,11.13,36.08,46.29,23.9,123.23,8.61,7.19,75.87,6.61,8.06,12.82,39.18,22.81,,,7.09,15.05,33.2,9.78,,4.69,45.29,26.99,12.33,26.2,8.25,47.22,23.95,,16.46,94.19,16.83,2.42,,7.5,12.5,,7.61,,15.58,,2.47,18.15,87.06,70.58,7.37,,,13.0
2017-09-27 07:00:00,5.28,,11.02,35.9,46.21,23.46,123.64,8.61,7.28,75.16,6.63,8.06,12.82,39.86,22.19,,,7.14,14.84,33.59,9.7,,4.68,44.48,26.5,12.54,26.2,8.3,47.51,23.38,,16.27,93.1,17.37,2.45,,7.5,12.25,,7.47,,15.6,,2.44,18.77,86.66,70.54,7.5,,,12.95
2017-09-28 07:00:00,5.32,,10.72,36.32,45.63,23.09,122.64,8.47,7.23,74.81,6.69,7.99,12.81,39.86,21.96,,,7.15,14.79,33.05,9.91,,4.65,45.13,26.57,12.47,26.2,8.17,46.85,23.51,,16.04,97.15,17.18,2.42,,7.38,12.6,,7.5,,15.75,,2.47,18.66,87.39,71.01,7.5,,,13.06
2017-09-29 07:00:00,5.37,,10.69,36.6,45.63,23.46,122.58,8.47,7.34,74.81,6.64,8.12,12.76,38.96,22.42,,,7.37,14.84,32.66,9.91,,4.71,44.64,26.8,12.5,26.24,8.2,46.27,23.74,,16.25,94.92,16.55,2.42,,7.39,12.5,,7.5,,15.9,,2.47,18.81,87.63,71.11,7.55,,,13.0
2017-10-02 07:00:00,5.33,,10.75,36.84,44.39,23.24,121.99,8.45,7.23,74.53,6.67,7.99,12.61,39.18,22.81,,,7.4,14.73,32.27,10.07,,4.67,44.8,27.03,12.52,26.24,8.19,45.46,23.59,,16.09,94.19,16.13,2.42,,7.38,12.3,,7.43,,15.92,,2.44,18.74,87.14,70.78,7.5,,,12.96
2017-10-03 07:00:00,5.32,,10.83,36.79,44.72,22.73,120.52,8.43,7.21,74.53,6.67,7.93,12.52,38.79,22.5,,,7.35,14.63,31.61,10.24,,4.66,44.48,27.2,12.43,26.2,8.16,44.14,23.76,,15.93,93.75,15.53,2.39,,7.35,12.15,,7.4,,15.9,,2.44,18.77,84.55,70.49,7.43,,,12.9
2017-10-04 07:00:00,5.42,,10.94,36.13,44.72,22.87,122.58,8.61,7.34,74.46,6.66,7.93,12.57,39.18,22.45,,,7.51,14.76,31.61,10.36,,4.85,44.56,27.2,12.61,26.2,8.16,44.29,23.76,,16.02,95.07,15.82,2.42,,7.41,12.2,,7.43,,16.41,,2.5,19.1,85.04,70.78,7.43,,,13.05
2017-10-05 07:00:00,5.35,,10.86,35.9,44.47,23.68,121.4,8.66,7.34,74.32,6.64,7.8,12.64,38.34,22.04,,,7.35,14.6,31.49,10.4,2.99,4.78,46.75,26.97,13.23,26.2,8.25,45.02,23.28,,16.04,94.92,16.07,2.42,,7.54,12.1,,7.38,,16.37,,2.44,19.36,85.36,71.01,7.42,,,13.11
2017-10-06 07:00:00,5.49,,10.88,35.75,44.88,23.86,119.69,8.75,7.3,73.97,6.63,7.73,12.76,38.22,22.3,,,7.36,14.6,31.57,10.4,2.9,5.0,46.26,27.08,13.32,26.2,8.25,45.24,23.05,,16.0,94.96,15.59,2.42,,7.54,12.3,,7.64,,16.51,,2.45,19.32,85.28,71.01,7.49,,,13.15
2017-10-09 07:00:00,5.6,,10.91,35.23,44.05,24.27,119.63,8.79,7.34,73.48,6.66,7.8,12.77,38.05,22.6,,,7.48,14.63,31.18,10.36,2.95,5.02,46.34,27.43,13.54,26.2,8.34,44.87,23.13,,16.11,94.96,15.72,2.48,,7.59,12.45,,7.54,,16.66,,2.45,19.1,85.69,70.97,7.54,,,13.2
2017-10-10 07:00:00,5.6,,10.91,35.42,44.22,24.71,119.63,8.75,7.34,73.34,6.63,7.67,12.9,37.83,22.55,,,7.52,15.07,30.72,10.4,2.9,5.05,46.34,28.46,13.78,26.2,8.51,45.31,23.67,,16.14,94.96,15.62,2.45,,7.53,12.45,,7.75,,16.77,,2.54,19.18,85.04,70.78,7.65,,,13.25
2017-10-11 07:00:00,5.62,,11.07,35.61,44.47,25.15,121.99,8.66,7.28,73.9,6.63,7.8,13.06,38.45,22.58,,,7.5,14.89,30.95,10.42,2.78,5.04,45.04,28.16,14.25,26.24,8.51,45.31,23.36,,16.11,95.58,15.59,2.48,,7.57,11.65,,7.78,,16.64,,2.56,20.17,85.12,70.78,7.96,,,13.31
2017-10-12 07:00:00,5.58,,10.99,36.37,46.04,24.96,121.99,8.63,7.3,75.23,6.6,7.77,13.35,38.84,22.68,,,7.49,14.71,30.52,10.65,2.69,5.0,46.42,28.35,14.15,26.28,8.47,44.65,22.72,,15.97,97.11,15.15,2.45,,7.46,11.6,,7.71,,16.51,,2.72,20.2,87.39,70.54,8.07,,,13.4
2017-10-13 07:00:00,5.69,,11.02,36.98,45.8,25.0,121.99,8.7,7.25,74.46,6.57,7.64,13.4,39.46,22.55,,,7.38,14.68,30.4,10.73,2.59,5.05,47.15,28.81,14.27,26.33,8.47,44.65,22.76,,15.93,99.3,15.37,2.45,,7.46,11.5,,7.54,,16.64,,2.7,20.57,87.47,71.2,8.1,,,13.42
2017-10-16 07:00:00,5.74,,11.1,36.37,46.13,25.73,124.29,8.77,7.25,77.62,6.54,7.34,13.45,39.12,22.19,,,7.2,14.53,30.02,10.69,2.67,5.0,46.42,29.39,14.25,26.8,8.39,44.65,22.92,,16.0,99.3,15.21,2.45,,7.48,11.6,,7.52,,16.51,,2.75,20.06,89.98,70.82,8.2,,,13.42
2017-10-17 07:00:00,5.76,,11.73,35.99,46.21,25.81,125.17,8.88,7.3,79.38,6.51,7.47,13.48,39.12,22.71,,,7.39,14.37,29.74,10.55,2.84,5.07,45.53,29.41,13.98,26.92,8.42,45.46,23.05,,16.25,101.86,14.99,2.51,,7.6,11.45,,7.71,,17.34,,2.7,20.32,89.9,71.06,8.3,,,13.46
2017-10-18 07:00:00,5.77,,11.67,35.99,46.54,25.29,125.52,8.93,7.3,78.61,6.42,7.51,13.22,39.18,22.3,,,7.28,14.16,29.7,10.36,2.86,5.0,45.94,29.62,13.81,26.71,8.51,46.05,23.22,,16.16,102.77,14.8,2.48,,7.62,11.4,,7.61,,17.21,,2.68,20.17,89.98,71.01,8.32,,,13.46
2017-10-19 07:00:00,5.69,,11.59,37.31,46.54,24.93,125.52,8.93,7.28,81.84,6.44,7.57,13.24,39.63,22.14,,,7.16,14.24,30.05,10.48,2.8,4.89,45.37,30.42,13.95,26.84,8.62,46.41,23.05,,16.09,101.49,14.45,2.48,,7.51,11.5,,7.68,,17.13,,2.73,20.2,90.06,70.92,8.28,,,13.48
2017-10-20 07:00:00,5.56,,11.67,37.12,45.63,24.49,126.11,8.91,7.25,80.22,6.44,7.47,13.16,39.86,21.63,,,7.1,14.09,30.02,10.5,2.8,4.87,45.77,29.39,13.83,26.54,8.58,46.41,22.74,,15.97,98.57,13.68,2.45,,7.45,11.55,,7.57,,17.25,,2.67,20.32,90.14,70.78,8.32,,,13.4
2017-10-23 07:00:00,5.39,,11.4,36.37,44.8,24.71,122.52,8.68,6.98,78.4,6.41,7.44,12.9,38.39,21.32,,,7.03,13.85,29.7,10.48,2.71,4.8,45.37,28.92,13.91,26.28,8.52,45.75,22.3,,15.6,102.22,13.36,2.42,,7.24,11.3,,7.33,,16.87,,2.67,20.35,88.28,70.54,8.22,,,13.35
2017-10-24 07:00:00,5.46,,11.32,36.84,44.55,25.37,123.76,8.63,6.95,75.87,6.36,7.51,12.9,39.29,21.37,,,7.11,13.59,29.78,10.65,2.8,4.84,45.37,29.5,14.34,26.24,8.63,45.61,22.34,,15.51,102.41,13.62,2.42,,7.16,11.3,,7.38,,16.92,,2.72,20.39,88.28,71.01,8.2,,,13.41
2017-10-25 07:00:00,5.6,,11.46,36.27,45.13,24.89,123.76,8.75,7.0,74.39,6.32,7.47,13.01,39.35,21.43,,,7.08,13.0,29.16,10.69,2.97,4.91,45.77,30.26,14.52,25.94,8.64,45.61,22.36,,15.6,102.0,14.54,2.45,,7.17,11.3,,7.45,,17.23,,2.73,20.32,88.68,71.73,8.26,,,13.56
2017-10-26 07:00:00,5.53,,11.29,35.9,45.21,24.27,123.76,8.61,6.95,74.39,6.22,7.41,12.98,38.67,21.12,,,7.01,13.07,28.77,10.69,2.97,4.87,46.34,30.03,14.49,25.9,8.6,45.46,22.3,,15.51,102.95,14.32,2.39,,7.11,11.35,,7.47,,17.17,,2.77,20.32,88.68,72.35,8.2,,,13.52
2017-10-27 07:00:00,5.6,,11.56,35.71,43.97,23.9,126.11,8.75,7.0,74.32,6.26,7.41,13.14,39.07,21.27,,,7.14,12.61,28.77,10.69,2.97,4.98,47.39,30.19,15.13,26.03,8.63,45.9,22.42,,16.2,102.41,13.84,2.42,,7.11,11.35,,7.5,,17.76,,2.71,20.94,91.6,72.63,8.23,,,13.72
2017-10-30 07:00:00,5.49,,11.92,35.23,42.89,23.46,131.36,8.68,7.02,73.76,6.23,7.25,13.08,41.1,20.84,,,6.97,11.78,28.77,10.71,2.93,4.89,48.61,29.92,14.61,26.03,8.55,45.46,22.55,,15.95,104.78,13.36,2.39,,7.0,11.25,,7.38,,17.72,,2.76,21.31,92.73,72.4,8.28,,,13.84
2017-10-31 07:00:00,5.37,,11.92,34.9,41.48,23.39,128.47,8.59,7.02,70.46,6.22,7.41,13.19,40.31,20.76,,,7.01,12.01,28.81,10.71,2.86,4.89,48.2,29.62,14.61,25.99,8.5,44.87,22.44,,15.83,104.27,13.17,2.36,,6.93,11.0,,7.24,,17.51,,2.73,21.49,91.36,71.97,8.19,,,13.78
2017-11-01 07:00:00,5.39,,12.22,35.0,41.98,23.17,130.83,8.61,7.0,66.74,6.1,7.25,13.29,41.15,20.5,,,6.77,11.47,28.54,10.73,2.88,4.9,48.61,29.25,14.64,25.94,8.5,44.58,22.51,,15.6,104.74,13.3,2.39,,6.81,11.2,,7.19,,17.59,,2.77,21.53,92.08,73.87,8.12,,,13.75
2017-11-02 07:00:00,5.23,,11.95,35.42,41.07,23.24,133.19,8.47,6.91,63.22,6.1,7.21,13.22,40.93,19.48,,,6.6,10.95,29.0,10.71,2.88,4.86,48.69,27.66,14.64,26.37,8.46,41.65,21.61,,14.82,105.51,13.49,2.36,,6.91,11.3,,7.35,,17.38,,2.68,22.04,90.55,74.3,7.59,,,13.71
2017-11-03 07:00:00,5.33,,12.22,34.95,41.81,23.06,132.6,8.59,6.93,67.3,6.01,7.34,13.35,41.44,19.99,,,6.86,11.67,29.0,10.71,2.84,4.9,48.77,28.92,14.69,26.24,8.51,41.94,21.9,,15.14,105.87,13.33,2.36,,6.99,11.1,,7.35,,17.72,,2.68,22.12,91.84,73.97,8.1,,,13.71
2017-11-06 07:00:00,5.4,,12.46,36.46,42.39,23.02,140.26,8.88,6.89,68.14,5.91,7.41,13.45,42.28,19.99,,,6.99,12.09,29.16,10.73,2.82,4.96,48.77,29.27,14.81,26.2,8.51,40.18,22.53,,15.39,105.87,12.7,2.36,,7.08,11.2,,7.45,,17.97,,2.73,22.23,91.92,75.3,8.04,,32.14,13.86
2017-11-07 07:00:00,5.4,,12.46,36.51,42.56,23.09,138.9,8.93,6.91,67.51,5.88,7.41,13.4,42.11,20.25,,,6.99,12.09,28.93,10.73,2.77,5.03,48.53,29.11,14.74,26.11,8.73,41.06,22.46,,15.28,104.08,13.08,2.36,,7.05,11.2,,7.45,,17.95,,2.78,22.78,91.92,75.21,7.96,,,13.96
2017-11-08 07:00:00,5.51,,12.98,36.56,42.73,22.73,139.08,9.11,6.95,67.58,5.96,7.34,13.87,43.18,20.27,,,7.02,12.19,28.85,10.73,2.86,5.15,48.53,29.5,14.64,26.03,8.77,41.72,22.74,,15.28,102.77,13.05,2.39,,7.07,11.2,,7.64,,18.44,,2.77,24.06,94.11,76.35,8.1,,,14.13
2017-11-09 07:00:00,5.53,,12.82,37.88,42.81,22.51,135.54,9.02,7.02,68.14,6.01,7.25,13.76,43.3,19.89,,,7.02,11.83,28.62,11.1,2.97,5.09,48.12,29.73,14.83,25.77,8.82,42.67,23.03,,15.7,101.53,12.76,2.36,,7.16,11.15,,7.68,,18.23,,2.73,25.2,94.92,77.45,8.0,,,14.02
2017-11-10 07:00:00,5.62,,12.87,39.58,43.14,22.73,136.13,9.34,7.0,67.3,6.03,7.34,13.66,43.3,20.2,,,7.06,11.93,28.62,11.02,2.95,5.1,48.2,29.71,14.95,25.94,8.85,42.53,23.13,,15.7,100.95,13.65,2.39,,7.14,11.4,,7.73,,18.23,,2.73,24.25,95.49,82.83,7.97,,34.36,14.15
2017-11-13 07:00:00,5.58,,13.06,42.32,43.89,22.84,138.49,9.34,6.98,66.03,6.07,7.25,14.13,44.82,19.99,,,6.95,11.72,28.23,11.04,2.97,4.99,47.8,29.5,14.83,25.94,8.77,40.62,24.74,,15.51,100.84,13.75,2.36,,7.37,11.2,,8.27,,18.35,,2.73,25.2,94.84,87.93,7.79,,36.73,14.22
2017-11-14 07:00:00,5.65,,13.26,41.6,44.05,22.98,140.85,9.57,6.91,66.88,5.99,7.15,14.1,45.1,20.66,,,7.09,12.37,28.38,11.04,3.05,5.0,46.99,31.0,15.42,25.9,9.02,40.55,25.03,,15.65,100.11,13.78,2.39,,7.45,11.15,,8.83,,18.52,,2.77,25.2,95.57,85.79,7.87,,37.25,14.33
2017-11-15 07:00:00,5.7,,13.2,42.51,43.56,23.79,140.08,9.53,6.85,69.9,6.01,7.31,14.89,44.93,21.37,,,7.34,12.63,29.2,11.04,3.1,4.96,45.77,30.77,15.32,25.9,9.12,41.72,24.9,,15.93,98.9,13.52,2.42,,7.43,11.45,,8.64,,18.44,,2.77,25.35,95.57,86.65,7.92,,35.27,14.57
2017-11-16 07:00:00,5.81,,13.17,42.75,43.31,23.9,137.9,9.62,6.89,72.07,6.2,7.6,14.92,45.04,21.71,,,7.32,12.5,29.98,11.1,3.24,5.04,47.8,31.0,15.17,25.99,9.25,41.94,24.93,,16.32,102.22,13.62,2.39,,7.54,12.0,,8.76,,18.9,,2.75,25.68,97.59,87.31,7.96,,34.87,14.61
2017-11-17 07:00:00,5.81,,13.12,41.6,43.56,23.83,136.13,9.44,6.85,70.25,6.13,7.54,14.84,44.76,21.27,,,7.24,12.24,29.39,11.85,3.22,5.11,46.99,30.88,15.03,25.94,9.22,40.77,24.24,,16.11,102.22,13.59,2.45,,7.51,11.75,,8.5,,18.78,,2.81,26.23,97.59,87.31,7.96,,35.35,14.65
2017-11-20 07:00:00,5.76,,13.09,44.23,43.47,24.16,134.13,9.53,6.83,71.37,6.15,7.54,15.15,46.07,21.22,,,7.09,12.01,28.93,12.53,3.19,5.14,47.88,31.46,14.64,25.52,9.41,42.09,24.61,,16.11,102.44,13.62,2.45,,7.54,11.85,,8.55,,19.03,,2.87,28.03,97.83,89.12,7.88,,37.8,14.82
2017-11-21 07:00:00,5.76,,13.12,43.28,45.63,24.05,135.96,9.71,6.83,73.06,6.07,7.73,14.97,46.19,21.02,,,7.12,11.96,28.89,12.24,3.22,5.19,50.55,31.46,14.64,25.47,9.3,44.36,24.53,,16.39,106.97,13.68,2.45,,7.7,11.85,,8.66,,19.75,,2.93,28.29,100.43,90.08,7.85,,40.42,15.06
2017-11-22 07:00:00,5.95,,14.02,43.99,47.62,24.05,137.25,10.37,6.93,73.2,6.19,8.09,15.18,47.16,20.91,,,7.26,12.27,29.55,12.18,3.24,5.24,51.85,31.69,15.13,25.82,9.29,45.39,25.24,,16.76,112.59,13.46,2.45,,7.8,12.4,,8.69,,20.3,,3.16,27.92,102.05,88.12,7.98,,40.89,15.25
2017-11-23 07:00:00,5.97,,13.8,43.99,47.45,23.61,137.9,10.85,6.93,73.06,6.17,8.16,15.07,45.96,21.17,,,7.24,12.09,29.55,11.97,3.29,5.35,51.85,31.53,15.27,25.64,9.18,44.36,25.64,,16.76,112.81,12.92,2.51,,7.82,12.35,,8.92,,20.26,,3.16,28.1,105.2,88.12,8.06,,41.21,15.3
2017-11-24 07:00:00,5.98,,13.8,43.66,47.79,23.39,138.08,10.72,6.93,73.69,6.13,8.09,15.15,45.73,21.96,,,7.41,12.09,29.86,12.18,3.32,5.36,52.09,31.48,15.37,25.56,9.65,44.14,25.74,,17.92,116.39,13.05,2.51,,7.82,12.4,,9.01,,20.04,,3.15,27.37,104.88,88.17,8.06,,40.1,15.31
2017-11-27 07:00:00,6.0,,13.75,44.23,48.45,24.45,136.43,10.72,6.95,75.09,6.17,8.16,15.23,46.25,21.81,,,7.44,12.45,30.13,12.18,3.49,5.28,55.09,30.65,15.42,25.9,9.77,44.73,25.45,,17.9,110.62,13.02,2.66,,7.97,12.55,,8.97,,20.26,,2.98,27.92,104.72,88.17,8.02,,40.5,15.3
2017-11-28 07:00:00,5.97,,13.64,44.66,47.7,24.12,134.9,10.58,6.98,73.76,6.12,8.03,15.05,45.5,21.86,,,7.47,12.32,29.82,12.22,3.44,5.25,56.71,30.56,15.47,26.41,9.75,44.07,25.32,,18.06,116.83,12.76,2.66,,7.97,12.6,,8.64,,20.38,,2.92,27.99,107.39,88.17,8.02,,39.47,15.34
2017-11-29 07:00:00,6.05,,13.96,46.43,50.61,24.12,136.13,11.04,7.02,74.25,6.19,8.09,15.52,45.5,21.99,,,7.45,12.17,29.74,12.18,3.37,5.41,56.71,31.0,15.71,26.58,9.63,45.31,25.45,,18.7,123.76,13.43,2.84,,8.15,13.2,,8.69,,20.72,,2.92,27.99,109.01,88.17,8.08,,39.15,15.49
2017-11-30 07:00:00,6.12,,13.99,45.91,49.69,24.16,133.95,11.13,7.12,75.16,6.28,8.09,15.28,45.45,21.94,,,7.81,12.35,29.94,12.18,3.39,5.54,54.36,31.11,15.71,26.28,9.57,45.46,25.99,,18.43,120.11,12.86,2.84,,8.25,13.1,,8.78,,20.51,,2.84,27.37,109.34,88.98,8.29,,38.83,15.64
2017-12-01 07:00:00,6.18,,13.91,45.71,50.36,25.29,134.01,11.02,7.28,75.31,6.31,8.09,15.28,46.64,21.86,,,7.86,12.45,29.7,12.09,3.29,5.52,55.49,31.32,16.05,26.33,9.6,47.81,26.49,,18.77,120.48,12.86,2.84,,8.45,13.0,,8.8,,20.43,,2.91,27.41,109.25,93.41,8.29,,39.23,15.73
2017-12-04 07:00:00,6.41,,13.91,46.53,50.19,25.66,133.19,11.11,7.49,77.06,6.31,7.96,15.39,46.42,22.48,,,7.96,13.31,30.72,11.99,3.32,5.59,55.9,31.39,16.83,26.24,9.24,48.54,26.49,,18.98,121.32,13.08,2.9,,8.92,13.7,,8.8,,20.89,,2.87,27.96,109.9,96.75,8.36,,39.23,15.99
2017-12-05 07:00:00,6.14,,13.58,43.75,48.12,24.93,132.6,10.76,7.23,74.46,6.31,8.09,14.99,47.16,21.84,,,7.88,13.07,31.34,12.05,3.29,5.39,55.82,30.58,16.64,26.16,9.21,48.76,26.07,,18.2,120.48,13.91,2.75,,8.64,13.0,,8.85,,20.34,,2.91,26.82,105.29,94.84,8.27,,38.04,15.65
2017-12-06 07:00:00,6.12,,13.56,44.09,49.69,24.41,131.12,10.76,7.25,74.81,6.23,8.16,14.86,47.5,21.89,,,8.01,13.41,31.26,11.89,3.27,5.39,54.85,29.89,16.54,26.07,9.22,48.39,26.07,,18.1,119.75,14.0,2.81,,8.57,13.25,,9.2,,20.3,,2.89,26.82,105.29,92.94,8.16,,37.33,15.28
2017-12-07 07:00:00,6.35,,13.64,44.57,50.61,24.93,127.82,10.67,7.38,75.16,6.16,8.45,14.68,48.47,21.81,,,7.95,13.2,31.26,11.8,3.27,5.35,55.9,29.66,16.49,26.24,9.17,47.22,25.57,,17.64,116.61,13.94,2.87,,8.31,13.0,,9.57,,20.13,,2.92,26.45,102.86,88.65,7.98,,36.46,15.42
2017-12-08 07:00:00,6.32,,13.64,42.56,51.52,24.93,126.17,10.53,7.25,75.16,6.22,8.32,14.52,48.87,21.84,,,7.81,12.92,31.26,11.8,3.32,5.39,58.25,29.73,16.39,26.58,9.21,48.32,25.76,,17.76,112.81,13.56,2.84,,8.34,12.95,,10.11,,19.9,,2.92,26.82,104.72,89.65,7.96,,37.25,15.43
2017-12-11 07:00:00,6.21,,13.09,41.12,48.53,24.89,126.7,9.8,7.21,74.6,6.16,7.96,14.0,47.44,21.17,,,7.62,12.19,30.79,11.7,3.42,5.19,58.33,29.32,16.25,26.24,9.01,47.22,25.66,,17.78,106.97,13.05,2.69,,7.91,12.3,,10.81,,18.86,,2.89,26.45,107.47,91.03,7.76,,35.66,15.33
2017-12-12 07:00:00,6.07,,13.15,41.79,47.7,24.93,128.53,9.8,7.1,75.66,6.13,8.09,14.05,49.61,20.61,,,7.52,12.24,30.09,11.5,3.39,5.19,58.49,29.15,15.88,26.67,9.01,47.0,25.76,,17.78,114.27,13.2,2.63,,8.11,12.45,,11.21,,18.9,,2.89,26.16,108.04,92.7,7.79,,36.46,15.28
2017-12-13 07:00:00,5.93,,13.04,42.32,47.7,24.67,128.59,9.55,7.04,79.03,6.22,8.03,14.31,49.38,20.3,,,7.64,12.37,30.33,11.5,3.37,5.03,58.01,28.6,15.49,26.58,9.01,45.68,25.45,,18.24,114.64,13.27,2.6,,8.03,12.0,,11.81,,18.61,,2.95,26.45,108.44,92.84,7.63,,36.34,15.13
2017-12-14 07:00:00,6.0,,13.34,43.04,47.45,24.93,130.89,10.08,7.04,79.03,6.22,8.03,14.63,48.93,20.76,,,7.7,12.4,30.29,11.66,3.39,5.19,59.22,29.85,15.86,26.28,9.03,47.51,26.28,,18.75,112.81,13.33,2.66,,8.17,12.5,,11.51,,19.16,,2.98,26.45,108.04,95.8,7.73,,35.82,15.36
2017-12-15 07:00:00,6.0,,13.26,42.85,47.29,25.48,133.19,10.03,7.08,79.38,6.26,8.16,14.78,49.61,20.84,,,7.9,12.71,30.33,11.66,3.37,5.25,58.09,30.42,15.59,26.41,9.06,47.66,27.32,,18.98,112.88,13.43,2.63,,8.31,12.7,,11.53,,19.45,,3.0,25.79,112.57,93.89,7.69,,36.38,15.43
2017-12-18 07:00:00,6.16,,13.28,42.61,48.45,26.03,133.48,10.3,7.08,80.78,6.42,7.99,14.73,52.75,21.17,,,8.15,12.76,30.17,11.35,3.39,5.35,61.17,30.42,16.39,26.28,9.22,48.32,27.32,,18.91,112.88,13.56,2.78,,8.43,12.75,,11.23,,20.21,,2.92,27.18,114.19,97.7,7.86,,36.69,15.71
2017-12-19 07:00:00,6.11,,13.15,40.79,49.86,26.03,131.95,10.1,7.02,81.84,6.57,7.99,14.44,51.55,20.68,,,8.26,12.76,29.74,11.43,3.42,5.31,61.57,30.88,16.1,26.24,9.2,49.12,27.47,,19.77,105.0,13.43,2.75,,8.54,12.55,,10.55,,20.19,,2.91,27.0,116.14,96.75,7.9,,36.69,15.74
2017-12-20 07:00:00,6.11,,13.36,39.78,49.61,25.66,128.47,10.28,7.0,80.08,6.44,8.06,14.73,52.52,20.63,,,8.34,12.61,29.82,11.43,3.47,5.39,61.65,30.65,16.1,26.24,9.2,51.32,27.6,,19.68,97.66,13.14,2.78,,8.58,12.55,,10.86,,20.72,,2.91,27.0,115.57,96.27,8.13,,36.3,15.74
2017-12-21 07:00:00,6.09,,13.2,40.07,50.19,26.17,128.47,10.12,7.12,79.73,6.47,8.06,14.76,52.69,20.5,,,8.36,12.61,29.82,11.43,3.45,5.4,59.3,29.85,15.86,26.2,9.28,51.1,27.91,,19.31,90.98,13.05,2.72,,8.46,12.3,,10.51,,20.51,,2.95,26.82,113.22,97.18,8.15,,38.2,15.71
2017-12-22 07:00:00,6.07,,13.01,39.78,51.19,25.7,126.29,10.21,7.06,80.78,6.42,8.06,14.94,53.09,20.3,,,8.41,12.3,29.86,11.35,3.45,5.46,59.87,30.42,16.05,26.24,9.32,50.59,27.47,,18.89,91.64,13.05,2.72,,8.45,12.55,,10.6,,21.48,,2.99,27.77,112.74,96.7,8.14,,37.88,15.65
2017-12-25 07:00:00,6.05,,12.98,39.16,54.34,25.07,129.06,10.17,7.15,80.08,6.25,7.96,15.07,53.77,20.04,,,8.31,12.35,29.74,11.74,3.42,5.41,60.11,30.19,15.61,26.28,9.44,52.72,27.49,,18.64,96.6,12.86,2.72,,8.54,12.35,,9.95,,21.74,,2.94,28.66,114.19,95.32,8.04,,37.25,15.73
2017-12-26 07:00:00,6.09,,13.15,38.49,54.76,25.55,129.06,10.6,7.12,80.29,6.24,7.93,14.94,55.6,20.63,,,8.32,12.53,30.17,11.76,3.45,5.41,61.17,30.42,15.91,26.37,9.49,53.67,27.64,,19.26,93.83,13.02,2.75,,8.58,12.6,,10.02,,21.74,,2.94,28.66,115.81,96.7,8.02,,38.04,15.85
2017-12-27 07:00:00,6.41,,13.31,37.78,55.09,25.44,129.06,10.67,7.1,78.89,6.29,7.93,14.84,56.34,20.35,,,8.6,12.45,30.09,11.56,3.42,5.43,60.76,29.96,16.0,26.67,9.55,53.67,27.76,,18.89,92.07,13.08,2.78,,8.49,12.85,,10.11,,22.2,,2.94,28.36,115.41,97.7,8.04,,37.61,15.86
2017-12-28 07:00:00,6.46,,13.5,40.41,56.25,25.55,131.42,11.11,7.17,82.65,6.47,8.16,14.97,56.28,20.45,,,8.68,12.5,30.48,11.35,3.45,5.55,61.33,30.15,15.76,27.01,9.6,54.26,28.35,,18.94,90.98,12.98,2.78,,8.78,12.95,,10.18,,22.88,,2.95,28.44,117.43,98.28,8.16,,37.17,16.04
2017-12-29 07:00:00,6.48,,13.91,40.93,54.17,25.73,133.48,11.08,7.02,81.73,6.56,8.22,14.94,55.54,20.58,,,8.88,12.71,30.72,11.31,3.5,5.5,62.14,30.19,16.35,27.78,9.6,54.99,28.75,,19.21,91.02,13.24,2.81,,8.83,12.85,,9.88,,22.96,,2.95,28.4,118.89,99.91,8.26,,37.37,16.18
2018-01-02 07:00:00,6.81,,14.73,41.98,56.58,26.98,134.07,11.43,7.04,81.73,6.61,8.22,15.65,54.34,21.17,,,9.04,12.79,32.66,11.31,3.53,5.75,64.81,30.42,16.69,27.95,9.73,54.99,28.04,,20.0,92.11,12.98,2.96,,8.92,13.4,,9.97,,23.26,,2.95,28.73,119.46,101.3,8.72,,37.53,16.41
2018-01-03 07:00:00,6.79,,14.62,41.12,55.59,27.16,133.78,11.36,7.02,81.3,6.77,8.38,15.65,55.54,21.73,,,9.02,13.13,34.06,11.56,3.69,5.69,66.84,31.02,17.05,28.55,9.81,55.14,27.91,,19.95,96.75,13.17,2.96,,9.26,13.35,,10.11,,23.22,,2.96,29.57,120.11,102.44,8.73,,37.57,16.65
2018-01-04 07:00:00,6.81,,15.03,40.98,56.17,27.71,135.54,11.77,7.04,80.81,6.79,7.86,15.96,58.16,21.73,,,9.13,13.36,34.45,12.13,3.75,5.7,66.84,31.09,16.93,28.84,9.81,57.63,28.12,,20.0,97.66,13.52,2.96,,9.23,13.6,,10.13,,23.43,,2.99,29.76,120.59,102.88,9.04,,37.41,16.75
2018-01-05 07:00:00,6.81,,14.95,39.69,54.92,27.56,134.07,11.5,7.02,77.54,6.65,8.38,15.7,57.25,21.84,,7.57,9.1,13.07,34.45,12.03,3.75,5.66,68.62,30.74,16.64,29.1,10.03,57.92,28.12,,19.68,96.49,13.68,2.9,,8.86,13.6,,10.04,,22.84,,3.1,29.39,120.59,102.25,8.94,,37.25,16.71
2018-01-08 07:00:00,7.04,,15.19,40.17,55.92,28.0,132.6,11.77,7.42,76.33,6.64,8.97,15.94,57.25,22.55,,7.58,9.38,13.13,34.6,11.91,3.91,5.94,71.94,30.26,16.59,29.7,9.98,61.59,28.25,,19.82,95.29,14.57,3.02,,9.04,14.55,,10.06,,23.43,,3.27,29.5,120.27,100.58,9.36,,36.77,16.98
2018-01-09 07:00:00,7.07,,14.95,40.12,59.15,28.0,133.19,11.77,7.3,76.97,6.68,9.29,16.25,58.16,22.86,,7.59,10.03,14.03,34.45,11.97,4.2,5.99,72.91,30.31,16.59,30.72,9.95,60.93,28.06,,20.14,95.29,14.7,3.17,,9.14,14.85,,10.46,,24.74,,3.27,29.61,119.46,99.14,9.65,,37.25,17.16
2018-01-10 07:00:00,6.98,,14.97,39.98,58.41,28.59,132.01,11.68,7.3,77.82,6.8,9.68,16.09,58.73,23.07,,7.7,9.8,14.29,34.45,11.93,4.23,6.01,70.48,30.58,16.88,31.15,10.35,62.32,28.77,,20.28,94.74,15.15,3.17,,9.3,15.6,,10.67,,24.53,,3.3,29.68,118.73,101.06,9.67,,39.47,17.09
2018-01-11 07:00:00,7.02,,15.06,39.93,58.49,28.19,128.47,11.75,7.34,77.82,6.74,9.75,16.09,58.85,23.63,,8.12,9.8,14.29,33.83,11.93,4.6,6.09,72.91,30.4,17.03,32.0,10.41,64.67,28.6,,20.14,95.29,15.5,3.46,,9.29,16.25,,10.76,,24.87,,3.45,29.76,124.64,100.58,9.82,,41.13,17.35
2018-01-12 07:00:00,6.86,,14.86,39.59,57.41,27.86,130.24,11.72,7.36,76.97,6.64,9.52,15.75,57.31,23.32,,8.68,9.87,14.22,33.83,11.97,4.72,5.95,75.34,30.01,17.66,32.3,10.41,63.57,28.65,,19.68,95.18,14.8,3.3,,9.6,15.5,,10.53,,24.53,,3.67,31.37,125.94,100.53,9.49,,43.59,17.45
2018-01-15 07:00:00,6.84,,14.89,39.69,60.56,28.08,130.18,11.95,7.38,78.18,6.77,9.52,15.96,58.28,23.3,,8.69,10.35,14.86,33.94,11.97,4.75,6.12,75.18,30.08,17.83,33.28,10.41,66.36,29.28,,19.7,96.1,14.45,3.5,,9.8,15.35,,10.48,,25.37,,3.76,32.03,130.31,99.86,9.67,,43.27,17.6
2018-01-16 07:00:00,6.81,,15.11,40.74,59.73,27.86,127.41,12.18,7.28,77.4,7.05,9.52,15.96,59.02,23.3,,8.59,10.61,14.22,33.9,11.76,4.6,6.18,74.86,30.17,17.66,33.24,10.16,66.72,29.57,,19.7,95.55,14.7,3.43,,9.76,14.95,,10.11,,25.37,,3.75,31.59,130.8,99.76,9.57,,42.72,17.58
2018-01-17 07:00:00,6.84,,14.73,40.17,58.07,26.68,126.11,11.54,7.09,75.33,6.93,9.1,15.44,56.97,22.3,,8.16,10.16,13.23,33.9,11.8,4.57,6.05,73.08,29.5,17.37,33.24,10.16,63.2,28.96,,18.98,95.18,13.97,3.43,,9.35,14.3,,9.57,,23.77,,3.97,30.86,129.58,96.31,9.47,,43.59,17.25
2018-01-18 07:00:00,6.93,,14.78,39.93,59.73,27.2,123.76,11.68,6.98,73.27,7.05,9.62,15.44,57.08,22.5,,8.41,10.61,13.23,34.52,12.05,4.69,6.18,74.53,29.85,17.47,33.5,10.03,63.64,28.96,,19.17,95.1,14.83,3.59,,9.66,15.0,,9.6,,24.74,,3.98,31.01,132.74,98.47,9.67,,45.57,17.25
2018-01-19 07:00:00,6.93,,14.67,40.26,62.55,27.49,124.35,11.59,6.98,74.13,6.99,9.88,15.41,56.45,22.71,,8.64,11.31,13.26,35.3,12.63,4.75,6.13,70.89,29.39,17.47,34.39,10.06,67.38,30.01,,18.98,94.26,14.83,3.66,,9.96,15.45,,10.25,,25.8,,3.99,30.86,141.97,98.47,9.71,,48.34,17.55
2018-01-22 07:00:00,7.05,,15.52,42.42,65.29,27.38,121.4,11.79,6.98,72.49,7.05,9.94,15.94,60.39,22.66,,8.65,12.05,13.51,34.02,13.5,4.72,6.18,74.94,29.62,17.05,35.67,10.04,68.26,30.43,,19.35,96.28,14.45,3.69,,10.48,15.1,,10.3,,26.77,,3.86,31.23,151.3,101.34,9.92,,47.16,17.85
2018-01-23 07:00:00,7.26,,,,,,,,7.0,,,,,,,,,,,,,5.15,,,,,,,,,,,,,3.82,,,,,,,,,3.8,,,,,,,
2018-01-24 07:00:00,7.21,,,,,,,,7.0,,,,,,,,,,,,,5.39,,,,,,,,,,,,,3.85,,,,,,,,,3.81,,,,,,,
2018-01-25 07:00:00,7.34,,16.58,42.51,66.37,27.71,117.27,12.25,7.02,70.5,7.48,10.04,15.99,64.61,22.4,,9.13,11.66,13.07,34.21,14.43,5.39,6.55,78.75,29.73,16.0,36.1,10.27,68.26,30.47,,19.47,95.18,14.26,3.95,,10.85,15.4,,10.18,,28.63,,3.92,31.26,161.85,99.14,10.55,,44.38,18.5
2018-01-26 07:00:00,7.39,,17.73,41.6,69.27,28.15,112.56,12.5,7.0,72.35,7.81,10.17,15.91,66.37,22.04,,8.98,12.11,13.2,34.37,14.4,5.33,6.95,78.99,29.32,16.83,36.06,10.42,68.19,30.12,,19.35,93.0,13.97,4.01,,10.82,15.7,,10.32,,29.22,,3.94,31.41,154.14,101.44,10.47,,43.59,18.15
2018-01-29 07:00:00,7.37,,18.87,40.69,67.37,28.44,113.15,12.96,6.96,72.35,7.93,10.46,15.78,66.09,21.43,,8.99,11.66,13.59,34.6,14.07,5.46,7.3,76.56,28.53,15.86,34.56,10.42,67.31,29.63,,19.17,90.38,13.14,4.3,,11.22,16.75,,10.34,,28.76,,3.92,31.41,153.74,98.9,10.49,,43.59,18.01
2018-01-30 07:00:00,7.3,,19.64,41.32,71.1,28.59,121.05,12.85,6.98,70.64,7.96,10.53,16.75,66.43,22.55,,8.98,11.62,13.49,34.6,14.24,5.49,7.24,73.56,29.02,16.59,34.14,10.49,65.62,30.64,,19.21,90.75,12.95,4.4,,11.19,17.1,,10.41,,28.33,,3.9,31.23,158.2,97.94,10.65,,43.75,18.0
2018-01-31 07:00:00,7.32,,18.66,40.65,68.03,27.49,118.45,12.46,6.98,70.71,7.44,10.07,16.46,71.05,22.5,,8.9,11.81,13.54,34.6,14.24,5.49,7.04,74.61,28.92,16.15,34.26,10.61,64.89,31.27,,19.75,91.12,13.02,4.21,,10.45,16.25,,10.04,,28.16,,3.91,31.59,156.58,97.46,10.74,,43.91,18.0
2018-02-01 07:00:00,7.19,,18.38,40.84,65.13,27.12,114.33,12.48,7.05,69.15,7.31,10.07,16.12,69.68,21.89,,8.79,11.56,13.31,34.52,14.24,5.26,6.77,74.61,30.93,16.1,34.31,10.41,64.96,31.27,,19.75,90.38,12.95,4.01,,10.59,15.7,,9.81,,28.16,,3.88,31.81,155.77,97.22,10.51,,43.59,17.8
2018-02-02 07:00:00,7.28,,18.38,41.17,66.62,27.56,109.61,12.82,6.98,67.66,7.6,10.14,15.96,69.0,21.58,,8.79,11.58,13.39,34.52,14.16,5.19,6.84,73.72,29.18,16.32,34.78,10.41,64.38,31.58,,19.77,91.12,13.24,4.08,,10.76,16.25,,9.85,,28.5,,3.91,32.03,157.79,99.14,10.92,,43.67,17.9
2018-02-05 07:00:00,7.02,,17.1,38.4,61.97,27.12,110.85,11.93,6.89,63.96,7.14,9.46,14.94,64.21,21.27,,8.22,10.8,12.45,33.44,13.41,4.77,6.4,68.62,28.46,16.25,34.82,9.87,59.9,30.64,,18.4,88.13,12.31,3.85,,10.01,15.15,,9.57,,26.51,,3.86,29.79,150.09,97.27,10.37,,40.66,16.91
2018-02-06 07:00:00,6.83,,15.93,38.25,57.66,25.26,103.13,11.15,6.78,61.9,7.14,9.49,14.18,59.76,19.99,,7.83,10.99,12.19,31.88,12.8,4.57,6.13,69.67,27.43,16.1,34.9,9.18,55.72,29.57,,17.36,85.84,11.46,3.76,,9.56,15.4,,8.92,,26.22,,3.5,29.79,139.62,94.78,9.95,,37.84,16.44
2018-02-07 07:00:00,7.14,,17.02,39.59,59.15,25.26,106.31,11.79,6.98,66.17,7.17,9.85,14.81,62.72,20.48,,8.38,11.28,12.58,33.12,13.08,4.9,6.44,67.24,27.77,16.1,34.43,9.41,58.58,30.98,,17.73,85.88,10.88,4.05,,10.12,15.75,,9.34,,26.85,,3.86,29.76,149.36,95.93,10.55,,40.42,16.94
2018-02-08 07:00:00,6.93,,17.57,39.31,60.89,24.93,104.31,11.22,6.96,67.52,6.86,9.39,14.44,59.3,19.89,,8.58,11.31,11.91,33.05,13.08,4.7,6.24,68.86,27.36,15.61,34.14,9.38,56.53,30.66,,17.36,83.0,11.14,3.88,,9.69,14.9,,9.55,,26.6,,3.88,29.02,149.28,94.4,10.47,,38.83,16.65
2018-02-09 07:00:00,7.0,,17.62,38.73,59.4,25.0,106.67,11.22,6.89,68.94,6.62,9.55,14.39,55.2,19.99,,8.52,11.05,11.72,32.66,12.96,4.8,6.38,66.59,25.81,15.13,34.14,9.3,53.6,30.96,,17.22,83.0,10.95,3.95,,9.69,14.95,,9.62,,25.75,,3.9,28.73,150.09,91.48,10.57,,37.84,16.35
2018-02-12 07:00:00,7.37,,18.85,40.65,60.98,25.0,110.56,12.0,6.89,69.86,6.7,9.75,14.94,59.02,20.48,,8.88,11.14,11.93,32.66,12.96,5.11,6.82,68.86,26.25,15.13,33.71,9.92,57.12,32.53,,17.82,85.96,11.39,4.27,,10.3,15.9,,10.04,,26.85,,3.98,30.71,159.74,91.96,11.12,,37.84,17.0
2018-02-13 07:00:00,7.67,,19.31,43.47,62.22,25.4,111.56,12.46,7.28,73.2,6.62,10.4,15.44,61.58,21.02,,8.9,11.48,12.3,32.66,12.96,5.31,6.95,69.35,27.66,15.61,34.14,9.95,57.34,33.47,,18.38,86.29,11.36,4.21,,10.47,15.9,,10.13,,27.06,,4.05,31.63,161.44,92.67,11.38,,38.08,17.33
2018-02-21 07:00:00,7.81,22.06,20.4,43.99,66.54,27.16,109.02,12.76,7.16,75.19,7.02,10.43,15.54,63.86,21.5,,8.92,11.37,12.56,32.81,13.08,5.34,7.0,72.51,28.35,15.52,34.31,9.92,58.44,34.63,,18.38,88.91,11.42,4.24,,10.76,16.3,,10.44,,28.0,,4.12,33.06,161.44,97.32,11.76,,39.23,17.67
2018-02-22 07:00:00,7.76,22.06,20.07,42.7,66.37,26.68,106.02,13.12,7.16,73.91,7.26,10.53,15.28,60.44,21.02,,8.6,11.16,12.74,31.88,13.17,5.28,6.96,71.29,27.43,16.1,34.43,9.81,56.82,34.42,,18.08,87.73,11.68,4.14,,10.55,16.1,,10.51,,28.25,,4.05,33.25,158.2,96.27,11.5,,39.55,17.45
2018-02-23 07:00:00,7.84,20.3,20.24,44.66,70.35,26.76,106.67,13.92,7.16,74.27,7.28,10.27,15.83,63.29,21.94,,8.51,11.67,13.41,32.27,13.58,5.34,7.28,72.75,27.61,16.54,34.99,9.85,60.78,35.82,,18.43,88.54,11.84,4.27,,10.79,16.45,,10.65,,30.19,,4.0,33.65,158.2,96.75,11.78,,40.89,17.9
2018-02-26 07:00:00,7.95,20.21,20.78,43.9,71.35,26.79,106.08,14.06,7.16,73.98,7.2,9.98,15.81,64.44,22.3,,8.41,12.2,12.92,32.12,13.66,5.31,7.18,72.83,27.89,16.35,35.29,9.8,64.89,34.75,,18.52,89.53,11.65,4.21,,10.74,16.05,,9.99,,30.41,,4.0,34.9,158.28,95.79,11.66,,43.59,18.0
2018-02-27 07:00:00,8.14,21.18,20.81,43.99,71.51,26.17,108.44,14.7,6.98,75.05,7.29,10.2,15.65,64.72,22.09,,8.5,12.15,12.84,33.44,13.58,5.31,7.24,74.05,29.04,15.61,35.93,9.79,64.45,35.01,,18.5,89.09,11.52,4.24,,10.82,16.15,,9.74,,30.96,,4.01,34.35,163.07,95.79,11.86,,43.51,18.0
2018-02-28 07:00:00,8.25,19.42,21.27,44.85,69.44,26.17,106.67,15.39,7.0,74.13,7.17,10.07,15.65,64.95,21.32,,8.48,12.51,12.61,33.28,14.24,5.28,7.59,72.26,28.58,15.47,36.61,9.55,65.92,34.98,,18.55,86.77,11.39,4.24,,11.31,16.1,,9.29,,31.21,,4.25,34.86,162.26,93.87,12.0,,42.64,18.0
2018-03-01 07:00:00,8.07,19.68,20.62,43.51,68.44,25.66,103.6,14.98,7.02,74.62,6.88,9.94,15.91,66.15,21.78,,8.4,12.64,12.92,32.97,14.45,5.14,7.48,73.72,28.23,15.37,37.68,9.79,63.94,34.42,,18.11,85.59,11.52,4.11,,11.59,15.75,,9.46,,30.24,,4.25,34.53,162.66,93.87,11.92,,43.91,18.15
2018-03-02 07:00:00,8.16,19.15,20.62,42.65,68.36,25.26,102.42,14.98,7.18,74.27,6.9,9.78,15.99,66.72,22.55,,8.32,12.57,12.76,31.88,15.11,5.1,7.55,74.13,28.0,15.37,36.61,10.04,63.79,34.27,,17.97,84.11,11.49,4.11,,11.65,15.7,,9.5,,30.36,,4.45,34.72,163.88,95.45,12.47,,43.75,18.24
2018-03-05 07:00:00,7.72,19.15,19.2,42.13,69.69,25.15,105.19,13.97,7.59,71.07,6.77,9.46,16.09,63.86,22.14,,8.22,11.69,12.14,31.1,15.46,4.97,7.17,73.72,27.54,15.37,34.56,10.27,60.93,34.69,,18.16,83.37,11.33,4.08,,10.84,14.95,,10.09,,28.76,,4.63,34.53,164.69,96.94,11.78,,40.74,17.9
2018-03-06 07:00:00,8.05,19.51,20.54,41.65,68.86,25.29,106.67,14.79,7.43,70.93,6.96,9.62,16.56,66.72,22.3,,8.25,12.11,12.76,31.03,15.19,5.14,7.5,73.32,26.97,15.13,33.75,10.49,63.5,36.1,14.05,18.35,81.34,11.46,4.11,,11.59,15.3,,10.02,,30.11,,4.8,36.19,170.21,96.75,12.45,,43.51,17.9
2018-03-07 07:00:00,7.93,18.16,20.46,41.51,65.46,25.29,104.9,14.43,7.39,68.58,6.96,9.26,16.28,65.46,21.94,,8.12,11.58,12.92,31.1,14.86,5.1,7.28,74.05,26.3,15.17,33.79,10.34,61.08,35.78,13.26,18.06,81.53,11.39,3.95,,11.71,15.05,,10.18,,29.43,,4.92,36.22,168.34,98.71,12.49,,43.27,17.7
2018-03-08 07:00:00,7.95,18.88,20.29,41.12,67.2,25.73,107.26,14.52,7.48,68.94,7.09,9.26,16.28,65.35,21.78,,8.12,11.71,12.71,30.95,14.78,5.07,7.29,76.15,26.53,14.78,34.31,10.62,62.32,36.5,13.58,18.21,81.2,11.3,3.95,,11.7,15.2,,10.18,,29.39,,5.13,37.91,169.56,100.1,13.11,,44.14,18.1
2018-03-09 07:00:00,8.21,18.79,20.32,39.55,69.61,25.15,105.55,14.84,7.98,68.16,6.96,9.26,16.12,63.86,20.84,,8.12,11.66,12.61,30.95,14.36,5.41,7.39,76.23,26.76,14.44,34.39,10.62,61.59,36.5,13.82,18.59,81.31,11.3,4.01,,11.89,15.4,,10.37,,30.02,,5.12,38.02,169.56,99.62,12.87,,44.14,18.17
2018-03-12 07:00:00,8.53,18.43,21.06,37.54,70.19,25.07,103.6,15.32,7.98,70.15,6.86,9.88,16.07,66.26,20.52,,8.12,11.75,12.22,31.03,14.78,5.55,7.46,77.13,26.97,14.3,34.01,11.02,60.42,36.24,13.66,19.22,81.23,10.82,4.11,,11.77,15.95,,10.09,,30.45,,5.07,36.74,170.29,98.66,12.67,,44.22,18.0
2018-03-13 07:00:00,8.63,17.8,21.38,36.15,69.52,24.3,101.3,16.35,7.84,70.15,6.88,9.75,15.73,65.58,19.89,,8.08,11.66,12.58,31.26,14.86,5.55,7.66,76.96,26.73,15.13,33.62,11.0,59.76,35.95,13.58,19.22,80.05,11.55,4.11,,12.11,16.1,,10.16,,30.45,,5.25,37.69,167.12,100.58,12.93,,44.22,18.1
2018-03-14 07:00:00,8.63,16.9,21.27,37.73,69.85,24.19,98.48,16.28,7.57,70.0,7.15,9.75,15.91,67.4,20.27,,8.41,11.71,12.4,31.34,14.61,5.52,7.68,76.15,26.5,14.64,33.67,10.89,59.54,36.18,13.42,19.65,79.17,12.28,4.21,,12.02,16.05,,10.16,,31.21,,5.61,37.66,167.53,102.01,12.99,,42.4,18.3
2018-03-15 07:00:00,8.67,17.35,22.75,36.77,68.86,24.74,97.24,16.76,7.78,71.78,7.06,9.75,15.86,69.0,19.89,,8.5,11.48,12.45,31.1,14.61,5.48,7.93,75.34,26.16,15.22,33.67,10.76,59.46,36.1,13.18,19.8,78.95,12.31,4.3,,12.03,16.15,,10.16,,31.21,,5.69,36.55,166.72,100.67,12.85,,42.0,18.21
2018-03-16 07:00:00,8.84,17.98,23.35,35.86,68.86,23.83,95.18,16.81,7.5,73.91,7.08,9.75,15.73,72.99,19.64,,8.56,11.41,12.17,31.1,14.8,5.55,7.94,74.53,26.14,15.2,33.67,10.57,60.86,37.78,13.5,19.36,84.3,11.71,4.47,,12.57,16.3,,10.18,,31.59,,5.69,36.63,165.5,102.49,12.95,,41.37,18.3
2018-03-19 07:00:00,9.07,19.06,22.75,35.39,72.18,24.19,95.23,16.62,7.39,74.48,6.96,9.55,15.83,73.27,19.26,,8.64,11.96,12.14,30.72,14.69,5.45,7.92,76.4,26.97,15.22,35.97,10.59,63.28,38.28,13.42,18.98,83.0,11.39,4.37,,12.57,16.05,,9.53,,31.42,,5.45,38.35,168.34,101.53,12.77,,42.0,18.55
2018-03-20 07:00:00,9.34,17.98,23.18,36.34,71.43,23.64,97.83,16.49,7.28,79.67,6.86,9.42,16.04,71.85,19.13,,8.41,11.66,12.14,30.33,15.02,5.66,8.03,81.42,27.66,14.88,35.42,10.65,62.69,38.2,13.18,18.93,83.37,11.77,4.37,,12.58,16.0,,9.43,,31.29,,5.36,38.28,166.23,100.1,13.17,,41.85,18.65
2018-03-21 07:00:00,9.25,17.8,23.73,37.11,74.67,23.09,101.24,16.58,7.25,80.31,6.96,9.42,15.96,72.53,19.61,9.42,8.31,11.94,12.24,30.33,15.21,5.55,8.12,82.96,27.66,15.17,34.78,10.61,63.72,38.41,13.18,18.79,83.37,11.8,4.4,,12.55,16.25,,9.88,,31.08,,5.28,39.68,164.69,100.1,13.09,,40.82,18.78
2018-03-22 07:00:00,9.07,20.14,24.17,36.01,76.33,23.39,99.89,16.4,7.23,77.47,6.97,9.62,15.73,76.3,19.38,9.42,8.12,11.9,12.35,30.33,15.25,5.48,7.94,83.93,27.22,15.13,35.25,10.59,63.72,38.62,12.87,18.64,85.22,11.58,4.3,,12.35,16.0,,9.6,,30.45,,5.27,39.68,169.48,100.1,13.13,,41.05,18.91
2018-03-23 07:00:00,8.88,21.13,23.1,35.29,72.76,23.28,97.53,16.01,7.21,81.73,6.97,9.59,15.34,74.64,19.26,9.08,8.02,11.64,12.3,29.94,14.78,5.35,7.83,82.63,26.78,15.13,33.92,10.38,62.4,37.99,12.71,18.16,86.84,11.07,4.18,,12.14,15.75,,9.46,,29.56,,5.16,40.23,169.07,99.14,12.83,,39.55,18.7
2018-03-26 07:00:00,9.13,21.58,24.49,35.19,77.16,23.02,95.23,16.4,7.18,83.15,6.83,9.16,15.49,73.9,18.94,8.9,8.35,11.16,11.78,30.09,14.78,5.38,7.9,88.39,26.5,15.13,33.97,10.54,60.86,38.89,12.4,18.16,90.09,11.2,4.3,,12.32,15.65,,9.85,,30.41,,5.23,41.81,176.78,99.86,12.95,,38.52,18.76
2018-03-27 07:00:00,9.17,21.58,24.06,34.91,77.16,22.43,93.11,16.4,7.21,82.09,6.74,9.1,15.57,72.3,19.38,9.42,8.56,11.26,11.88,30.21,14.82,5.35,7.9,88.31,26.27,15.13,36.19,10.63,60.12,39.56,12.32,18.3,90.01,11.07,4.27,,12.26,15.5,,9.71,,30.02,,5.28,41.51,180.1,102.01,13.07,,39.86,18.95
2018-03-28 07:00:00,9.05,21.49,24.3,34.67,77.98,22.51,89.64,16.12,7.16,79.88,6.71,9.03,15.41,72.42,19.7,9.94,8.68,11.35,11.88,29.98,15.15,5.21,7.81,89.44,26.09,15.03,36.8,10.69,60.78,41.34,12.32,18.59,88.2,11.04,4.21,,12.11,15.35,,9.81,,29.81,,5.17,42.06,182.54,101.06,13.07,,40.26,18.9
2018-03-29 07:00:00,9.0,21.4,24.0,33.47,77.16,22.62,87.87,16.03,7.16,76.83,6.7,9.1,15.57,72.13,19.48,10.29,8.79,11.52,11.88,29.55,14.98,5.21,7.77,88.71,26.07,15.05,36.92,10.89,60.34,41.55,12.79,18.21,88.2,10.88,4.18,,11.96,15.25,,9.46,,30.02,,5.41,42.25,180.1,99.14,13.13,,40.42,18.75
2018-03-30 07:00:00,9.01,22.39,23.67,32.9,78.4,22.69,93.05,15.85,7.12,78.89,6.71,9.1,15.88,74.93,19.42,10.63,8.77,11.45,12.09,29.78,14.96,5.17,7.66,91.95,26.0,15.03,38.53,10.97,61.37,43.23,13.1,18.16,88.76,11.2,4.18,,11.96,15.5,,9.67,,29.81,,5.36,43.06,181.65,97.22,12.99,,40.58,18.88
2018-04-02 07:00:00,9.5,23.1,24.55,33.95,80.56,22.14,92.52,16.58,7.05,79.53,6.64,9.03,16.09,77.61,18.94,11.15,8.71,11.18,12.09,29.86,15.27,5.24,7.9,92.84,25.37,15.05,40.09,10.84,62.25,42.9,13.1,18.4,87.8,11.07,4.24,,12.51,15.8,,9.81,,31.29,,5.33,45.19,185.05,95.64,13.7,,39.55,19.1
2018-04-03 07:00:00,9.46,23.64,24.6,34.48,83.38,21.55,90.17,16.62,7.05,81.02,6.51,9.42,16.02,75.84,19.16,10.89,8.71,11.09,11.8,29.39,15.25,5.24,8.1,91.55,23.74,15.05,42.76,10.85,60.86,42.5,12.79,19.03,84.48,11.1,4.34,,12.94,15.7,,9.85,,31.42,,5.21,44.93,182.54,92.77,13.76,,39.55,18.96
2018-04-04 07:00:00,9.48,23.38,24.44,33.47,83.79,23.06,86.63,16.44,7.16,81.02,6.5,9.55,16.15,74.13,18.97,10.37,8.88,11.18,12.04,30.05,16.14,5.48,8.05,89.12,24.18,15.03,42.87,10.85,60.49,42.27,12.95,18.93,83.37,11.1,4.24,,12.84,15.6,,9.85,,31.08,,5.2,46.84,179.29,95.79,13.72,,39.23,19.1
2018-04-05 07:00:00,9.61,23.55,24.0,33.95,88.94,24.67,89.58,16.3,7.23,81.52,6.5,9.55,16.49,74.07,18.94,9.77,8.87,11.14,11.99,31.03,16.06,5.62,8.1,88.71,24.29,16.08,43.43,10.92,59.68,42.08,12.79,18.86,83.82,11.14,4.27,,12.84,15.7,,10.16,,31.08,,5.17,48.13,176.86,94.49,13.6,,38.99,19.2
2018-04-06 07:00:00,9.83,23.2,24.0,33.9,89.18,24.63,91.34,16.35,7.23,79.81,6.48,9.72,16.41,74.01,19.2,9.6,8.87,11.45,11.88,31.34,16.16,6.0,8.08,86.52,24.27,16.1,42.6,11.67,60.86,40.71,12.71,19.0,83.82,11.49,4.3,,12.84,16.1,,10.23,,31.08,,5.21,48.64,176.86,94.93,13.72,,41.61,19.0
2018-04-09 07:00:00,9.86,23.82,24.22,33.9,87.53,24.49,89.64,17.27,7.18,78.18,6.5,9.62,16.59,74.01,19.16,9.34,9.3,11.52,12.09,31.57,16.43,6.21,8.12,86.69,23.83,15.52,40.7,11.64,61.15,38.83,12.63,18.95,83.0,11.49,4.37,,13.58,16.4,,10.51,,31.21,,5.28,49.56,176.86,94.73,13.96,,42.4,19.3
2018-04-10 07:00:00,9.75,23.38,24.82,33.9,89.52,24.05,91.99,17.08,7.18,78.89,6.62,9.55,16.85,73.84,18.94,9.6,9.67,11.52,11.99,31.1,16.53,6.04,8.07,85.07,23.28,15.27,40.37,11.29,60.86,40.5,12.55,19.22,84.85,11.3,4.43,,13.34,16.2,,10.53,,31.51,,5.47,48.13,176.05,94.35,13.76,,42.0,19.05
2018-04-11 07:00:00,9.42,23.2,24.27,33.47,88.6,23.75,94.41,16.35,7.05,79.53,6.5,9.49,16.49,72.13,18.44,9.16,9.57,11.47,11.59,31.1,17.05,5.86,7.77,79.39,23.0,15.27,40.37,10.97,57.92,39.24,12.32,18.55,84.85,10.91,4.37,,12.81,15.65,,10.65,,30.11,,5.41,46.29,172.8,93.87,13.31,,40.42,18.7
2018-04-12 07:00:00,9.63,23.1,24.22,34.09,88.44,23.79,93.11,16.35,7.09,79.81,6.53,9.59,16.64,74.41,18.15,9.42,9.38,11.69,11.14,31.26,17.34,5.83,7.68,82.63,23.85,15.61,41.09,10.92,58.66,39.1,12.4,18.59,84.85,11.01,4.37,,12.88,15.6,,10.74,,29.98,,5.44,46.66,170.37,94.02,13.37,,41.05,18.72
2018-04-13 07:00:00,9.36,23.2,22.91,33.23,86.45,23.75,90.17,15.66,7.16,80.45,6.38,9.65,16.22,72.99,18.44,9.16,9.55,11.6,10.48,30.79,17.34,5.79,7.3,83.04,24.29,15.42,41.48,10.57,56.09,39.03,12.32,18.38,84.04,11.23,4.27,,12.66,15.45,,11.07,,28.71,,5.28,46.88,171.83,93.73,12.91,,40.26,18.6
2018-04-16 07:00:00,9.38,23.1,21.82,32.8,85.78,23.75,88.4,15.57,7.18,80.45,6.32,9.81,15.99,72.59,18.47,9.08,9.74,11.39,10.08,31.57,17.34,5.69,7.41,84.5,24.43,15.44,40.59,10.76,56.24,38.76,12.24,18.06,84.66,11.46,4.27,,12.69,15.5,,11.11,,27.87,,5.28,47.28,171.83,91.0,12.87,,40.18,18.5
2018-04-17 07:00:00,9.55,23.1,22.86,31.75,88.77,23.75,89.1,15.94,7.16,80.24,6.25,10.27,16.22,72.99,18.44,9.34,9.7,11.31,10.55,31.1,17.34,5.76,7.61,84.26,24.25,15.42,39.48,11.16,54.26,38.09,12.32,18.35,84.48,11.87,4.3,,12.88,15.8,,11.67,,28.33,,5.32,47.76,170.37,88.36,13.11,,39.63,18.55
2018-04-18 07:00:00,9.44,23.1,21.93,30.41,84.62,24.3,86.04,15.37,7.28,79.24,6.15,10.69,16.22,73.73,18.5,9.25,9.9,11.18,10.42,30.75,17.17,5.66,7.43,81.01,23.74,15.47,38.86,11.02,52.64,36.73,11.92,18.3,84.11,11.58,4.14,,12.72,15.5,,11.6,,27.4,,5.25,47.72,170.21,89.8,12.85,,38.04,18.3
2018-04-19 07:00:00,9.21,23.02,20.73,28.93,78.81,23.46,81.44,14.47,7.39,77.81,6.09,10.33,15.88,73.73,18.06,9.25,9.4,10.8,9.87,28.62,17.05,5.45,7.04,75.34,22.59,15.56,38.86,10.82,48.98,34.63,11.53,17.92,78.28,11.42,4.08,,12.45,15.0,,11.58,7.19,25.8,,5.03,44.42,159.82,89.8,12.25,,37.09,18.2
2018-04-20 07:00:00,9.28,23.1,21.52,29.31,82.13,23.46,87.1,15.34,7.46,77.81,6.13,10.53,16.04,76.41,18.09,9.16,9.57,11.14,9.84,29.0,16.88,5.59,7.25,77.94,23.53,15.74,38.86,11.16,50.88,36.18,11.53,18.11,81.9,11.77,4.14,,12.88,15.45,,11.67,7.2,27.06,,5.12,45.19,158.77,89.08,12.33,,38.04,17.8
2018-04-23 07:00:00,8.59,22.48,20.02,27.3,79.64,23.46,82.5,14.29,7.41,76.31,5.8,9.88,15.18,71.11,17.49,9.16,8.9,10.54,9.18,29.0,15.75,5.17,6.75,76.96,24.66,14.88,38.86,10.73,47.37,36.52,11.21,17.39,80.24,11.33,3.82,,11.99,14.4,,11.53,6.82,25.2,,4.76,45.26,159.82,87.36,11.48,,36.06,17.4
2018-04-24 07:00:00,8.57,22.48,20.73,26.3,82.96,24.05,81.03,13.9,7.5,75.31,5.84,9.81,14.76,73.44,17.27,8.9,8.6,10.61,8.88,27.99,15.27,5.21,6.74,77.61,24.59,15.61,39.53,10.73,45.46,36.52,10.9,17.34,80.05,11.33,3.82,,11.46,14.15,,11.72,6.82,25.37,,4.7,46.66,158.2,86.21,11.48,,38.04,17.3
2018-04-26 07:00:00,7.84,22.39,19.91,25.01,77.16,24.05,78.44,12.94,7.39,71.67,5.83,9.46,14.39,68.31,16.42,8.65,8.06,10.14,8.67,27.84,15.07,5.04,6.29,72.26,23.45,15.47,36.8,10.47,42.31,35.05,10.74,16.64,80.79,11.1,3.5,,10.67,13.35,,11.7,6.58,24.61,,4.23,46.66,155.77,86.69,10.7,,36.06,16.7
2018-04-27 07:00:00,8.18,22.48,19.69,25.49,76.33,23.09,79.56,13.42,7.48,71.39,5.83,9.81,14.92,63.58,16.73,8.73,8.18,10.2,8.88,28.38,15.07,5.17,6.6,74.37,23.73,15.37,34.24,10.7,45.24,35.89,10.74,17.29,78.58,11.52,3.69,,11.04,13.85,,12.52,6.69,25.37,,4.62,46.29,151.71,88.6,10.78,,36.69,16.6
2018-05-02 07:00:00,8.11,23.02,18.33,25.58,72.18,22.95,77.85,12.48,7.48,70.67,5.67,9.65,14.92,59.13,16.99,8.65,8.02,10.31,8.27,27.99,14.26,5.04,6.47,75.67,23.61,15.15,32.41,10.25,48.39,35.89,10.66,17.24,78.61,11.71,3.53,,10.67,13.3,,13.38,6.6,24.61,,4.5,45.92,145.71,88.36,10.33,,36.69,16.4
2018-05-03 07:00:00,8.4,22.92,18.38,25.73,74.5,22.95,76.55,13.28,7.41,69.67,5.54,9.75,15.18,55.03,16.92,9.08,8.31,10.29,7.72,27.99,14.01,4.93,6.68,74.53,23.64,15.15,30.18,10.22,48.54,35.68,10.5,17.29,80.16,11.74,3.56,,10.73,13.7,,13.47,6.6,25.2,,4.74,45.19,140.35,88.6,10.41,,36.69,16.49
2018-05-04 07:00:00,8.42,23.1,17.73,24.87,72.26,22.95,79.26,13.05,7.46,70.46,5.58,9.75,15.39,55.88,16.83,8.9,8.22,10.23,7.58,27.92,13.93,4.93,6.77,74.13,23.61,14.86,28.95,10.31,47.95,35.89,10.58,17.15,80.79,11.61,3.53,,10.5,13.45,,14.1,6.6,24.95,,4.64,45.74,143.6,88.12,10.55,,37.05,16.52
2018-05-07 07:00:00,8.88,20.68,18.96,25.1,76.33,22.95,80.74,13.95,7.46,72.81,5.64,10.01,15.6,59.02,16.86,8.73,8.31,10.61,7.8,28.23,14.1,5.1,7.11,78.18,25.13,14.93,30.01,10.51,48.76,38.38,11.37,17.56,86.43,11.55,3.66,,11.16,13.95,,13.94,6.65,26.26,,4.68,45.77,148.46,91.0,11.26,,37.09,17.2
2018-05-08 07:00:00,8.76,22.39,19.37,25.58,80.06,22.43,79.97,13.92,7.37,74.24,5.64,10.01,15.44,58.73,17.36,8.65,8.25,10.8,7.53,27.6,13.91,5.0,6.95,78.58,24.57,15.05,31.57,10.51,50.0,38.43,11.37,17.53,86.66,11.14,3.56,,10.98,13.65,,13.68,6.67,25.8,,4.71,45.52,152.44,88.65,10.98,,36.3,17.17
2018-05-09 07:00:00,8.57,19.96,19.09,25.58,77.98,22.25,83.68,13.74,7.37,74.38,5.71,10.01,15.28,61.3,17.05,8.73,8.2,10.8,8.04,27.92,14.57,4.93,6.88,76.96,24.64,15.2,31.52,10.28,49.64,38.3,11.21,17.39,86.32,11.14,3.53,,10.98,13.5,,13.24,6.65,25.16,,4.63,45.15,158.31,88.6,10.7,,35.74,17.1
2018-05-10 07:00:00,8.18,20.68,17.84,25.15,79.15,22.07,83.74,12.82,7.32,74.24,5.83,9.65,15.26,59.87,16.64,8.65,7.64,10.46,7.9,27.92,14.32,4.76,6.52,76.15,23.26,15.37,31.18,10.15,46.93,37.15,10.82,17.1,86.32,10.98,3.43,,10.52,12.9,,13.36,6.54,23.89,,4.5,44.27,156.6,86.21,10.07,,35.74,17.0
2018-05-11 07:00:00,8.49,21.49,18.55,26.15,77.98,22.58,85.27,13.46,7.46,74.24,5.86,9.85,15.57,63.35,16.83,8.56,7.91,10.56,7.96,27.99,14.32,4.83,6.74,76.07,23.96,15.32,30.9,10.12,46.93,38.41,11.05,17.22,87.06,11.39,3.43,,10.61,13.1,,13.54,6.6,24.49,,4.53,45.55,154.8,85.25,10.41,,36.22,16.8
2018-05-14 07:00:00,8.55,,18.71,27.94,79.56,22.73,87.22,13.51,7.39,74.67,5.92,9.85,16.12,67.29,17.14,8.56,7.74,10.58,7.93,27.99,14.4,4.86,6.84,79.39,24.43,15.39,30.07,10.15,48.39,39.08,11.13,17.48,90.75,11.46,3.46,,10.73,13.1,,13.87,6.54,24.65,,4.37,48.49,156.68,85.25,10.05,,38.72,17.29
2018-05-15 07:00:00,8.59,21.13,18.87,29.88,84.62,22.51,88.34,13.67,7.39,76.88,6.07,9.78,16.07,67.63,17.36,8.65,7.81,10.5,7.96,27.95,14.59,4.83,6.84,77.94,24.85,15.47,29.79,10.09,51.76,38.87,11.37,17.73,92.23,11.2,3.43,,10.88,13.1,,13.89,6.6,24.82,,4.43,48.49,160.59,84.29,10.11,,37.96,17.3
2018-05-16 07:00:00,8.3,21.4,18.11,29.88,81.55,22.03,85.8,13.33,7.39,74.6,5.89,9.75,15.83,68.26,17.81,8.47,7.67,10.23,7.85,27.95,14.74,4.79,6.69,75.26,24.43,15.47,29.29,10.05,50.59,38.24,11.45,17.44,92.96,10.95,3.37,,10.58,13.05,,14.24,6.54,24.1,,4.37,47.76,158.8,80.99,9.73,,36.46,16.99
2018-05-17 07:00:00,8.28,22.48,18.0,29.44,77.9,22.51,84.86,13.37,7.32,73.67,5.89,9.55,15.86,66.15,17.62,8.47,7.74,10.04,7.79,27.92,14.65,4.73,6.6,70.48,24.01,15.47,29.29,9.99,49.86,38.03,11.45,17.44,89.09,10.95,3.3,,10.3,12.75,,13.8,6.54,24.02,64.42,4.33,45.19,153.25,79.02,9.22,,36.46,16.65
2018-05-18 07:00:00,8.26,19.96,17.97,28.89,80.47,22.07,84.86,13.49,7.5,73.53,5.8,9.59,15.91,65.58,17.62,8.65,7.75,10.22,7.68,27.92,14.63,4.59,6.69,74.94,24.66,15.41,29.51,9.97,50.59,38.03,11.68,17.44,93.11,11.1,3.24,,10.12,12.75,,13.68,6.58,23.89,,4.16,45.19,154.89,81.95,9.38,,37.01,16.7
2018-05-21 07:00:00,8.15,19.78,17.18,28.69,74.92,22.21,85.22,13.19,7.3,73.88,5.77,9.59,15.96,61.87,17.17,8.56,7.85,10.08,7.19,27.64,14.61,4.38,6.53,72.1,25.66,14.69,28.95,9.97,48.39,37.82,11.53,17.24,92.6,11.04,3.11,,9.81,12.6,,13.08,6.55,23.55,,4.17,42.03,149.99,79.5,9.47,,35.35,16.4
2018-05-22 07:00:00,7.93,19.78,15.98,29.34,69.69,21.92,85.22,12.41,7.28,72.81,5.67,9.42,15.62,60.39,16.57,8.47,7.45,9.57,6.7,27.53,13.97,4.14,6.36,68.86,25.36,14.06,28.06,9.67,45.46,37.17,11.05,16.38,91.45,10.76,2.95,,9.21,12.0,,12.68,6.49,22.58,68.91,4.0,39.09,144.21,77.59,9.06,,34.08,15.63
2018-05-23 07:00:00,8.01,22.92,16.61,30.03,72.18,21.88,81.33,12.82,7.16,73.53,5.6,9.49,15.86,64.61,16.73,8.21,7.2,9.8,6.7,27.22,14.03,4.21,6.47,68.86,26.29,14.17,27.95,9.65,46.41,37.61,11.21,16.47,89.64,10.82,3.08,,9.56,12.15,,12.82,6.51,23.05,64.3,3.97,37.84,145.1,80.13,9.08,,34.48,15.9
2018-05-24 07:00:00,7.91,,16.17,29.73,71.35,21.63,76.32,12.53,7.28,72.1,5.34,9.62,15.57,64.55,16.54,8.3,6.78,9.93,6.45,26.36,13.87,4.17,6.45,68.46,26.45,14.17,28.17,9.67,46.19,37.61,11.21,16.04,89.57,10.44,2.95,,9.34,12.05,,12.84,6.49,22.54,66.75,3.93,38.24,139.8,80.46,8.88,,34.55,15.6
2018-05-25 07:00:00,7.72,,15.11,29.73,71.35,21.7,71.9,11.98,7.12,71.39,5.22,9.55,15.11,60.04,16.1,8.13,6.73,9.87,6.34,26.75,13.87,4.14,6.22,67.65,25.59,14.11,28.95,9.67,43.63,36.56,11.21,15.66,86.32,9.74,2.88,,9.04,11.65,,12.82,6.43,21.14,68.5,3.85,39.31,130.02,79.5,8.4,,32.41,15.4
2018-05-28 07:00:00,6.99,21.13,14.07,29.14,68.03,20.82,73.08,11.15,7.07,68.53,5.03,9.42,14.06,55.88,15.03,7.69,6.27,9.23,5.9,26.28,12.9,3.9,5.8,64.81,23.8,14.06,28.4,9.62,41.06,34.02,10.58,14.84,85.59,9.07,2.65,,8.43,10.85,,12.68,6.0,19.79,68.21,3.44,40.78,120.97,79.02,7.81,,31.94,14.8
2018-05-29 07:00:00,7.59,21.58,15.06,29.68,69.19,21.19,78.14,11.93,7.18,72.1,5.03,9.42,14.64,54.74,15.97,7.69,6.7,9.85,6.17,26.67,13.54,4.21,6.2,64.81,24.43,14.32,29.57,9.67,43.92,34.67,10.97,15.7,84.48,9.1,2.91,,9.01,11.6,,12.84,6.38,21.14,67.63,3.64,40.41,123.91,80.75,8.36,,34.08,15.1
2018-05-30 07:00:00,7.41,,15.06,29.88,70.44,20.75,81.33,11.75,7.07,71.39,5.03,9.33,14.04,50.92,15.91,7.35,7.01,10.01,6.09,26.32,13.41,4.07,6.08,64.81,23.96,14.43,28.29,9.65,42.89,34.04,10.82,15.41,84.48,9.13,2.88,,9.18,11.5,,12.87,6.36,21.99,68.21,3.68,40.78,119.83,79.26,8.7,,33.29,15.0
2018-05-31 07:00:00,7.72,,15.96,31.63,71.76,20.67,83.68,12.41,7.07,74.6,5.06,9.39,14.21,51.55,16.13,7.69,7.45,10.63,6.39,26.32,13.68,4.21,6.42,65.62,24.71,14.76,28.4,9.7,45.46,35.09,11.05,15.87,88.54,9.39,3.01,,9.81,11.75,,13.03,6.2,22.88,67.1,3.72,42.62,121.3,78.64,9.06,,34.08,15.8
2018-06-01 07:00:00,7.82,20.23,16.2,30.93,75.25,20.6,84.04,12.57,7.37,74.6,5.16,9.39,14.35,52.75,16.42,7.61,7.87,10.8,6.82,26.44,13.74,4.21,6.45,67.97,25.36,14.71,28.73,9.76,45.83,35.86,11.13,15.94,90.38,9.55,2.98,,9.92,11.75,,13.17,6.2,24.1,67.92,3.73,43.72,129.78,80.56,9.27,,36.02,16.04
2018-06-04 07:00:00,8.11,19.51,16.64,30.48,78.73,20.27,86.63,12.8,7.39,77.81,5.37,9.68,14.6,52.63,17.27,7.61,8.22,11.37,7.27,26.36,13.66,4.35,6.72,68.21,25.36,14.76,29.01,9.89,46.05,36.35,11.21,16.33,89.13,10.06,3.11,,10.24,12.55,16.12,13.4,6.54,25.08,68.74,4.01,44.08,138.83,83.81,9.91,,36.14,16.34
2018-06-05 07:00:00,8.05,20.95,16.58,31.18,78.73,20.56,91.93,13.01,7.28,82.09,5.52,10.04,14.77,56.28,17.68,7.26,8.25,11.18,7.75,26.28,13.64,4.41,6.72,69.19,25.8,14.95,29.01,9.91,48.1,37.61,11.21,16.52,91.34,10.02,3.11,,10.27,12.9,15.12,13.24,6.51,24.78,68.79,4.02,44.49,141.03,85.26,9.95,,35.9,16.45
2018-06-06 07:00:00,8.36,18.88,17.35,31.88,78.9,21.41,96.65,13.26,7.28,78.52,5.48,9.94,14.98,58.68,18.56,7.26,8.25,11.52,7.69,27.6,13.89,4.48,6.74,69.27,27.57,15.52,29.07,10.41,49.27,38.85,11.13,16.84,91.12,9.93,3.14,,10.39,13.3,14.49,12.89,6.4,24.99,69.96,4.01,45.59,142.33,84.3,9.96,,35.9,16.73
2018-06-07 07:00:00,8.18,17.98,17.02,31.53,79.56,21.26,94.11,12.98,7.3,78.52,5.8,9.88,14.77,56.79,18.31,7.61,8.52,11.73,7.42,27.06,13.89,4.41,6.82,70.73,27.08,15.41,30.35,10.34,49.05,38.45,11.05,16.52,91.49,10.12,3.04,,10.22,13.0,15.49,12.91,6.4,24.82,69.96,4.13,45.63,145.92,85.4,9.97,,35.66,16.8
2018-06-08 07:00:00,8.32,18.88,17.18,31.13,79.56,21.22,92.82,13.08,7.39,77.81,5.81,9.88,14.81,55.6,18.18,7.26,8.29,11.62,7.93,26.83,13.89,4.35,6.79,69.67,28.15,15.1,30.07,10.25,50.0,38.6,10.97,16.52,90.38,10.12,3.08,,10.42,12.9,16.57,12.91,6.35,25.25,69.96,4.16,45.63,145.92,85.26,10.43,,35.27,16.78
2018-06-11 07:00:00,8.22,18.43,16.91,30.68,79.56,20.97,94.35,12.85,7.37,76.81,5.81,9.85,14.67,55.43,17.62,7.26,8.01,11.48,8.02,26.9,13.72,4.31,6.69,68.86,28.55,15.18,29.79,10.12,48.61,38.24,10.97,16.38,89.64,10.06,3.01,,10.44,12.6,17.16,12.09,6.31,24.95,69.96,4.14,45.66,149.99,86.75,10.72,,35.74,16.86
2018-06-12 07:00:00,8.03,17.98,16.15,29.68,77.49,20.82,92.35,12.55,7.3,74.67,5.63,9.62,14.3,52.57,17.24,7.18,7.81,11.27,7.6,26.52,13.41,4.21,6.5,66.76,27.94,15.15,29.84,10.12,47.51,37.4,10.74,16.09,88.17,9.61,2.95,,10.3,12.8,16.53,11.28,6.25,24.53,68.79,4.02,45.7,145.92,87.19,10.57,,35.27,16.6
2018-06-13 07:00:00,8.01,17.98,16.17,30.38,76.74,20.09,94.88,12.57,7.3,74.96,5.63,9.52,14.46,55.08,17.52,7.26,7.83,11.51,7.72,26.52,13.41,4.24,6.51,67.65,28.52,15.1,29.68,10.09,49.12,36.66,10.82,16.14,86.73,9.42,2.98,,10.41,12.8,16.6,10.58,6.25,25.33,68.79,4.01,47.02,146.49,87.19,10.55,,35.66,16.75
2018-06-14 07:00:00,7.84,18.43,15.44,30.38,72.18,19.79,94.29,12.27,7.34,74.96,5.68,9.59,14.4,53.6,17.62,6.92,7.49,11.3,7.96,26.52,13.41,4.17,6.31,68.46,28.62,15.21,29.29,10.05,48.9,37.51,10.74,15.9,85.99,9.55,2.91,,9.99,12.55,16.53,10.97,6.2,24.57,68.21,3.9,46.29,142.66,86.7,10.07,,35.27,16.31
2018-06-15 07:00:00,7.97,17.98,15.82,31.03,70.93,19.9,95.0,12.41,7.34,74.88,5.56,9.49,14.36,54.68,17.74,6.92,7.47,11.41,7.9,25.27,13.37,4.21,6.49,68.86,28.8,15.57,29.51,10.28,49.34,37.51,10.9,15.99,86.54,9.29,2.95,,10.27,12.4,16.57,10.3,6.16,24.95,67.92,3.88,45.37,141.03,86.7,9.97,,35.66,16.54
2018-06-18 07:00:00,7.68,17.98,14.89,30.78,71.35,19.28,89.1,11.84,7.34,73.53,5.45,9.36,14.02,51.32,16.99,6.92,7.03,10.66,7.72,25.74,13.21,4.04,6.18,68.05,27.45,15.31,28.79,10.23,47.29,35.62,10.66,15.17,85.59,9.32,2.85,,9.58,12.0,15.75,10.65,5.98,23.89,67.92,3.77,45.33,134.51,83.19,9.87,,33.29,16.0
2018-06-19 07:00:00,7.53,17.53,14.62,29.73,68.03,19.35,88.4,11.63,7.34,71.39,5.31,9.26,13.75,49.61,16.35,5.97,7.03,10.17,7.36,25.58,12.75,3.93,6.07,64.81,26.75,15.21,28.01,9.99,45.83,33.42,10.18,15.12,83.0,9.74,2.75,,9.5,11.7,14.96,10.39,6.0,23.89,67.04,3.64,45.19,130.43,80.11,9.48,,31.62,15.11
2018-06-20 07:00:00,7.61,17.08,15.27,29.88,68.86,19.65,92.52,11.98,7.34,72.46,5.44,9.36,14.02,52.46,16.67,6.92,7.19,10.61,7.66,25.89,12.9,4.04,6.16,65.62,26.94,15.26,28.06,10.31,46.85,33.73,10.26,15.29,84.07,9.7,2.82,,9.66,12.0,14.99,10.55,6.07,24.57,67.04,3.63,45.92,138.58,81.31,10.13,,32.18,16.0
2018-06-21 07:00:00,7.37,17.98,14.62,28.99,67.2,19.57,91.4,11.61,7.32,71.39,5.39,9.23,13.72,50.81,16.29,6.92,7.23,10.41,7.48,25.89,12.94,4.0,5.98,65.62,26.52,15.26,27.95,9.99,45.9,32.47,10.26,15.12,83.37,9.48,2.78,,9.47,11.7,14.99,10.02,6.07,24.1,67.04,3.57,45.55,141.11,81.89,10.1,,30.51,15.56
2018-06-22 07:00:00,7.61,19.51,15.0,29.39,70.52,19.5,91.34,11.86,7.32,74.67,5.45,9.29,13.9,51.72,16.51,6.74,7.41,10.86,7.63,25.74,12.94,4.0,6.16,65.62,27.2,15.41,28.12,10.09,46.49,33.1,10.26,15.12,83.37,10.12,2.82,,9.69,12.0,14.96,10.72,6.09,24.82,66.58,3.59,45.11,142.58,85.74,10.72,,31.7,15.99
2018-06-25 07:00:00,7.59,19.6,15.38,29.44,71.93,19.06,93.11,12.07,7.39,74.6,5.69,9.42,13.93,51.89,16.57,7.0,7.39,11.01,7.54,26.59,12.86,4.0,6.22,67.24,28.13,15.52,28.23,10.09,47.41,32.63,10.34,15.37,83.11,9.93,2.82,,9.7,12.15,15.1,10.65,6.16,25.12,67.34,3.65,45.44,141.03,86.32,10.61,,32.34,16.14
2018-06-26 07:00:00,7.47,,15.16,29.73,69.69,19.39,91.52,11.91,7.34,74.24,5.58,9.33,13.75,51.32,16.29,7.18,7.29,10.9,7.57,26.13,12.88,3.97,6.16,66.84,27.92,15.44,28.12,10.05,46.64,32.22,10.66,15.32,82.16,9.96,2.78,,9.63,12.0,14.96,10.06,6.16,25.08,67.04,3.71,45.41,140.95,84.73,10.43,,32.26,15.93
2018-06-27 07:00:00,7.24,19.78,14.62,29.68,69.11,19.24,91.93,11.45,7.28,73.88,5.58,9.39,13.69,51.43,16.23,7.87,7.17,10.48,7.6,26.75,12.88,3.93,6.02,65.62,27.45,15.44,28.17,9.93,46.02,30.58,10.42,15.32,82.16,9.93,2.75,,9.1,11.8,14.74,10.13,6.13,24.53,64.13,3.57,46.0,139.07,84.3,9.97,,31.46,15.8
2018-06-28 07:00:00,6.97,17.98,14.13,29.64,67.78,18.33,88.99,11.13,7.34,72.81,5.52,9.36,13.13,50.91,16.1,7.78,6.85,10.3,7.3,26.28,12.8,3.86,5.85,64.0,26.68,15.26,28.23,9.86,45.41,28.47,10.34,15.08,80.94,10.18,2.69,,8.74,11.55,14.52,9.99,5.98,24.49,64.13,3.55,47.77,135.4,81.89,9.61,,30.2,15.49
2018-06-29 07:00:00,6.87,17.08,14.18,29.19,67.45,19.39,89.81,11.11,7.23,72.81,5.55,9.42,12.82,51.61,15.82,7.69,7.16,10.19,7.3,25.97,12.8,3.86,5.78,64.0,26.52,15.15,28.4,9.89,45.02,27.42,10.34,15.37,83.19,9.86,2.65,,8.74,11.55,14.44,10.16,6.09,24.53,65.53,3.57,47.77,138.63,81.89,9.35,,30.75,15.89
2018-07-02 07:00:00,6.43,17.53,13.5,28.64,63.88,18.77,87.22,10.58,7.16,71.39,5.42,9.29,12.42,51.55,15.41,7.61,7.17,10.19,6.82,25.89,12.71,3.79,5.48,61.57,24.89,15.15,28.45,9.83,45.02,25.53,10.1,14.76,84.85,9.2,2.52,,8.43,11.1,13.84,10.04,5.98,24.57,64.89,3.41,47.64,135.89,82.37,9.03,,30.67,15.33
2018-07-03 07:00:00,5.98,16.18,12.57,28.14,60.98,18.69,83.68,9.85,7.12,70.1,5.36,9.16,12.05,48.4,14.84,7.52,6.87,9.63,6.36,25.66,12.38,3.62,5.17,59.95,23.29,15.05,27.84,9.15,42.41,23.96,9.79,14.26,84.15,9.36,2.36,,7.91,10.35,12.88,9.62,5.78,23.68,60.4,3.31,44.31,130.03,81.89,8.41,,30.35,14.8
2018-07-04 07:00:00,6.18,14.2,12.49,28.89,58.9,18.77,81.62,10.03,7.14,71.31,5.36,9.23,12.36,46.36,15.15,7.87,6.79,9.84,6.42,25.89,12.38,3.59,5.27,60.03,24.31,15.78,27.9,9.02,42.79,25.63,9.79,14.45,83.37,9.36,2.4,,8.35,10.3,12.75,9.88,5.64,23.51,64.6,3.26,46.66,128.07,80.44,8.6,,30.59,14.99
2018-07-05 07:00:00,5.77,13.4,11.78,29.64,58.24,18.69,79.26,9.39,7.05,75.1,5.34,9.23,12.2,43.15,14.87,7.35,6.5,9.58,6.06,25.66,12.18,3.41,4.98,59.87,23.66,15.31,27.84,8.39,40.64,25.63,9.47,14.6,81.16,9.36,2.3,,8.23,9.72,13.3,9.95,5.61,21.99,66.46,3.04,47.33,126.6,79.48,8.21,,29.84,14.52
2018-07-06 07:00:00,6.33,13.4,12.6,28.89,62.22,18.62,81.86,10.03,7.16,74.24,5.36,9.1,12.6,46.13,15.31,7.35,6.93,9.76,6.3,25.66,12.26,3.62,5.32,59.95,24.78,15.41,28.95,7.93,41.87,27.27,9.32,14.79,81.16,9.48,2.52,,8.77,10.4,13.61,9.95,5.92,23.26,65.59,3.19,47.2,129.93,79.96,8.78,,28.93,14.9
2018-07-09 07:00:00,6.37,13.48,12.71,27.99,61.56,18.62,83.09,10.12,7.16,70.74,5.42,9.13,12.4,46.36,15.31,7.43,6.97,9.47,6.27,25.89,12.26,3.52,5.36,60.11,24.43,15.57,28.45,8.22,42.33,26.01,9.24,14.69,81.42,9.74,2.49,,8.52,10.4,13.46,10.02,5.98,22.84,65.76,3.16,46.66,127.58,80.44,8.83,,29.24,14.82
2018-07-10 07:00:00,6.54,13.58,12.9,27.44,59.73,19.54,83.68,10.24,7.12,72.03,5.6,9.1,12.48,46.65,15.12,7.35,6.95,9.42,6.09,25.93,12.13,3.55,5.41,60.11,24.4,15.78,28.12,8.22,42.33,26.95,9.16,14.76,81.16,9.74,2.46,,8.48,10.4,13.06,10.14,6.03,22.46,64.71,3.31,45.77,130.51,80.44,9.06,,28.77,14.82
2018-07-11 07:00:00,6.16,12.59,12.06,25.95,59.32,19.39,81.68,9.57,7.12,70.67,5.37,9.1,12.11,45.37,14.9,7.18,6.5,9.12,5.88,25.89,11.97,3.41,5.09,59.95,23.5,15.73,28.17,8.04,41.56,26.01,8.76,14.4,81.16,9.55,2.33,,7.97,10.0,12.16,9.97,5.94,21.65,63.96,3.18,46.44,127.78,80.44,8.44,,28.29,14.46
2018-07-12 07:00:00,6.39,13.04,12.55,25.9,60.15,20.67,82.21,9.98,7.0,71.39,5.39,9.1,11.99,46.07,14.96,6.92,6.54,8.95,6.01,25.86,12.01,3.41,5.3,59.95,23.73,15.52,28.29,8.12,41.17,25.91,8.68,14.28,80.46,9.58,2.43,,8.0,10.15,12.28,9.95,5.93,22.16,64.13,3.24,45.77,127.48,81.07,8.59,,28.93,14.51
2018-07-13 07:00:00,6.6,13.04,12.82,26.55,61.64,20.31,83.68,10.35,7.12,71.17,5.5,9.1,12.54,47.7,15.12,7.09,6.62,9.44,6.06,25.66,12.16,3.55,5.46,60.68,24.43,15.15,28.62,8.19,41.56,26.8,8.68,14.55,80.42,9.64,2.49,,8.41,10.45,12.38,9.97,6.0,23.17,63.72,3.32,45.77,128.07,80.11,8.93,,28.93,14.85
2018-07-16 07:00:00,6.66,13.13,13.17,26.55,62.72,20.38,85.75,10.44,7.12,72.67,5.53,9.1,12.64,47.35,15.44,7.09,6.64,9.42,6.03,25.66,12.34,3.62,5.62,60.11,24.94,15.23,28.84,8.19,41.87,28.47,8.68,14.62,80.38,9.7,2.52,,8.37,10.5,12.38,9.97,5.98,23.22,61.8,3.41,45.55,129.05,80.92,8.99,,29.96,14.9
2018-07-17 07:00:00,6.87,13.48,13.58,26.4,60.56,20.16,86.04,10.99,7.14,73.17,5.56,9.2,12.94,46.07,15.79,6.83,6.64,9.58,6.09,25.86,12.38,3.69,5.87,60.36,26.06,15.15,29.01,8.14,41.56,29.6,8.68,14.79,80.42,9.64,2.59,,8.52,10.75,12.8,10.24,5.94,23.6,61.8,3.44,46.22,129.15,80.88,9.6,,32.02,14.95
2018-07-18 07:00:00,6.99,13.48,14.26,26.65,61.31,20.2,88.1,11.4,7.23,72.81,5.71,9.2,13.25,48.4,16.04,6.83,6.98,9.87,6.51,26.05,12.47,3.79,6.07,61.57,26.29,15.4,30.51,8.38,43.87,30.26,9.32,15.8,80.38,9.61,2.69,,8.95,11.2,13.2,10.51,5.98,24.32,62.61,3.65,46.66,131.49,81.41,9.79,,34.08,15.4
2018-07-19 07:00:00,6.83,13.48,14.07,27.19,62.64,20.75,89.28,11.18,7.23,73.17,5.68,9.13,13.13,49.1,15.72,6.83,6.95,9.87,6.97,26.05,12.47,3.72,5.93,64.08,26.82,15.32,31.07,8.36,44.33,29.63,10.26,16.09,79.32,9.61,2.65,,8.86,11.0,13.18,10.66,5.96,24.02,62.09,3.71,46.66,136.87,82.13,9.68,,34.08,15.41
2018-07-20 07:00:00,7.1,15.19,13.86,27.54,58.9,20.31,88.99,11.31,7.5,71.53,5.61,9.1,12.85,48.23,15.47,7.52,7.01,9.73,7.03,25.66,12.47,3.72,6.12,64.08,26.41,14.94,30.85,8.36,43.18,29.98,10.18,15.75,73.78,9.36,2.65,,8.94,11.0,13.18,10.95,5.96,24.02,62.32,3.67,46.04,128.07,81.65,9.61,,33.29,15.53
2018-07-23 07:00:00,6.89,14.38,13.53,27.54,61.14,20.27,86.69,10.81,7.93,71.39,5.74,9.1,12.98,49.33,15.5,7.52,6.97,9.8,6.63,25.74,12.42,3.35,6.0,64.08,26.5,15.49,32.02,8.35,44.02,30.26,9.95,16.38,77.66,9.67,2.59,,8.63,11.75,12.57,10.87,5.95,23.94,62.85,3.73,46.22,136.87,81.89,8.96,,33.17,15.6
2018-07-24 07:00:00,6.79,,13.53,27.49,61.39,20.16,85.45,10.79,7.73,70.67,5.74,9.1,13.04,49.45,15.5,7.0,6.73,9.39,6.72,26.28,12.42,3.38,5.93,65.22,26.15,15.09,31.74,8.1,43.87,29.35,9.95,16.16,77.47,10.06,2.59,,8.4,11.4,12.47,11.43,5.92,24.1,62.09,3.64,46.44,134.52,81.84,8.73,,33.01,15.2
2018-07-25 07:00:00,6.56,15.64,12.87,27.29,62.22,19.43,86.92,10.44,7.73,70.67,5.84,9.16,13.1,48.81,15.15,7.09,6.64,9.42,6.57,26.28,12.42,3.52,5.78,65.62,25.71,15.06,32.13,8.1,43.79,29.0,9.95,16.18,76.36,10.31,2.56,,8.12,11.2,12.64,11.75,5.85,23.39,62.09,3.55,46.4,132.96,81.84,8.57,,32.49,15.16
2018-07-26 07:00:00,6.72,13.94,13.15,27.44,61.39,18.07,85.51,10.53,7.73,70.82,5.79,9.2,13.14,48.46,15.15,7.35,6.5,9.68,6.51,25.66,12.38,3.45,5.91,65.62,25.59,15.17,33.46,8.1,43.1,28.37,10.03,16.33,76.36,10.31,2.59,,8.49,11.25,12.19,12.41,5.87,23.98,61.8,3.53,47.11,133.84,82.61,8.54,,31.78,15.01
2018-07-27 07:00:00,6.87,15.37,13.53,27.69,61.31,18.33,86.63,10.72,7.78,71.24,5.74,9.1,13.38,49.45,15.44,7.09,6.62,9.89,6.63,26.44,12.75,3.45,6.04,65.86,26.48,15.29,33.97,8.44,43.64,29.47,10.34,16.38,76.36,10.4,2.62,,8.55,11.2,12.26,12.21,5.89,23.89,61.74,3.57,47.28,134.42,81.31,8.6,,31.07,15.21
2018-07-30 07:00:00,6.97,15.64,14.35,28.69,62.22,18.47,88.16,10.92,7.78,72.11,5.84,9.16,13.38,50.68,16.51,7.09,6.97,9.83,7.09,26.9,12.75,3.48,6.17,65.95,26.99,15.58,33.74,8.48,44.64,30.55,10.42,16.62,76.29,10.69,2.69,,8.77,11.5,12.33,12.29,5.67,24.23,64.42,3.6,47.28,141.27,81.16,8.89,,31.54,15.41
2018-07-31 07:00:00,6.91,15.91,14.35,28.39,64.79,18.47,89.52,10.81,7.96,72.4,5.95,9.13,13.22,51.2,16.61,6.92,7.05,9.91,6.79,26.32,12.42,3.41,6.16,68.21,27.17,15.61,34.52,8.51,46.56,30.42,10.34,17.0,75.81,10.63,2.62,,8.86,11.45,13.13,12.94,5.65,24.74,64.3,3.61,47.28,141.17,81.02,8.83,,32.18,15.55
2018-08-01 07:00:00,6.85,15.19,14.35,28.29,64.71,18.55,91.64,10.62,8.39,71.68,5.87,9.1,12.98,51.73,16.26,7.09,7.08,9.97,6.79,26.32,12.42,3.35,6.07,68.21,26.43,15.52,34.52,8.41,47.18,29.63,10.26,16.62,75.63,10.5,2.59,,8.89,11.3,13.01,13.09,5.54,24.78,63.31,3.55,47.33,139.8,80.39,8.73,,32.26,15.55
2018-08-02 07:00:00,6.85,14.12,14.29,28.14,63.87,18.69,93.7,10.51,8.3,71.68,5.86,9.1,13.19,53.07,16.23,7.0,6.97,9.88,6.66,26.48,12.38,3.28,6.03,68.21,26.48,15.49,34.24,8.09,47.49,30.1,10.18,16.86,75.26,10.37,2.56,,9.0,11.05,13.46,13.23,5.47,24.95,63.43,3.48,47.42,142.73,79.48,8.65,,31.74,15.4
2018-08-03 07:00:00,6.85,14.65,14.48,27.59,65.55,18.77,94.88,10.46,8.32,72.11,5.82,9.13,13.16,54.58,16.23,7.09,7.1,9.63,6.54,26.48,12.38,3.24,6.07,68.86,26.17,15.63,34.52,8.06,48.18,30.1,10.5,16.38,73.74,10.5,2.59,,8.91,11.05,13.39,13.62,5.46,24.74,63.55,3.56,49.55,144.69,77.84,8.67,,32.89,15.48
2018-08-06 07:00:00,6.79,14.38,14.65,27.79,63.87,19.32,92.23,10.46,8.25,73.55,5.95,9.23,13.05,56.04,15.97,7.09,7.1,9.59,6.3,26.59,12.38,3.21,6.0,70.81,25.82,15.58,34.41,8.12,49.18,29.47,10.5,16.14,73.41,10.37,2.56,,8.77,11.15,13.23,13.57,5.3,24.95,63.55,3.53,49.55,144.59,77.02,8.52,,33.29,15.4
2018-08-07 07:00:00,6.85,14.29,14.97,27.49,64.79,19.21,91.23,10.56,8.59,73.55,5.9,9.1,12.96,54.82,15.97,7.09,7.17,9.59,6.27,26.4,12.13,3.17,5.99,72.91,25.82,15.23,34.69,8.19,48.18,29.03,10.5,15.9,73.41,10.34,2.56,,8.88,11.15,13.2,13.65,5.33,26.01,62.67,3.53,49.02,143.61,73.7,8.52,,33.29,15.4
2018-08-08 07:00:00,7.08,13.94,15.93,27.19,66.81,19.28,90.87,10.97,8.75,73.55,5.9,9.1,13.13,57.15,16.04,7.09,7.23,9.73,6.24,26.44,12.22,3.31,6.12,72.91,26.5,15.52,35.02,8.19,48.49,29.48,10.82,16.62,73.78,10.37,2.62,,9.06,11.35,13.11,13.79,5.41,26.26,62.96,3.64,48.35,144.2,74.9,8.67,,33.41,15.55
2018-08-09 07:00:00,7.1,13.76,15.74,27.05,68.91,19.06,92.52,11.02,8.98,72.4,5.84,9.1,13.22,57.27,16.61,7.0,7.21,9.69,6.24,27.17,12.26,3.28,6.08,72.83,26.61,15.52,35.08,8.14,48.41,30.6,10.97,16.33,76.73,10.18,2.62,,9.07,11.3,12.94,13.84,5.63,25.92,63.37,3.63,46.31,146.84,75.63,8.76,,32.49,15.55
2018-08-10 07:00:00,7.2,13.84,16.31,26.65,71.01,19.06,92.52,11.11,8.64,73.91,5.74,9.1,13.32,57.56,16.48,6.92,7.35,9.81,6.24,27.42,12.26,3.31,6.11,72.1,26.85,15.52,36.19,8.06,49.18,30.6,10.97,16.4,77.1,10.31,2.62,,9.29,11.25,12.85,14.01,5.66,26.85,62.32,3.64,46.31,148.99,75.72,8.73,,31.86,15.55
2018-08-13 07:00:00,7.35,13.66,16.64,26.15,69.75,19.21,94.96,11.79,8.78,77.16,5.68,9.03,13.42,60.06,16.32,6.92,7.41,10.16,6.66,27.05,12.22,3.35,6.39,73.64,26.57,15.32,35.91,8.06,51.18,31.07,10.82,16.4,77.47,10.31,2.85,,9.66,11.8,12.97,14.06,5.76,26.98,62.67,3.71,45.68,150.56,75.19,8.85,,31.86,15.85
2018-08-14 07:00:00,7.24,13.58,16.37,26.75,69.5,19.35,96.18,11.59,8.68,76.15,5.86,9.1,13.69,59.01,16.45,6.92,7.41,10.21,6.54,27.34,12.2,3.35,6.26,75.75,27.38,15.26,36.41,8.25,50.49,32.51,10.58,16.86,77.47,10.5,2.78,,9.5,11.6,12.85,14.16,5.76,26.56,62.85,3.73,45.91,150.95,76.16,8.86,,32.02,15.84
2018-08-15 07:00:00,7.14,13.66,15.98,26.9,67.74,19.28,93.13,11.54,8.59,74.63,5.76,9.07,13.53,55.4,15.85,7.0,7.23,9.95,6.42,27.34,12.13,3.24,6.12,74.13,26.99,15.29,36.3,8.31,48.33,31.55,10.26,16.59,77.84,10.82,2.72,,9.2,11.4,12.52,13.72,5.71,25.63,62.85,3.76,45.28,145.67,76.35,8.63,,31.54,15.6
2018-08-16 07:00:00,7.1,13.84,16.37,26.65,68.83,19.28,93.44,11.98,8.64,73.55,5.84,9.1,13.59,55.11,16.23,6.83,7.26,9.95,6.45,27.74,12.01,3.24,6.22,72.91,27.66,15.17,36.3,8.1,49.72,32.19,10.26,16.81,78.21,11.2,2.69,,9.14,11.4,12.52,13.36,5.77,25.63,62.85,3.76,45.37,145.57,76.4,8.63,,31.7,15.55
2018-08-17 07:00:00,7.1,13.66,16.97,26.3,70.76,19.21,93.44,11.91,8.64,71.75,5.77,9.1,13.75,56.1,16.04,6.83,7.11,10.0,6.33,27.17,12.01,3.24,6.14,72.59,27.48,15.17,36.47,8.22,49.41,31.55,10.42,16.52,78.58,11.68,2.69,,9.1,11.2,12.52,13.87,5.82,26.22,63.43,3.8,45.46,147.62,76.35,8.47,,31.58,15.68
2018-08-20 07:00:00,7.08,13.94,17.13,26.25,70.59,19.06,93.13,11.77,8.94,69.22,5.77,9.13,13.82,57.27,16.04,6.83,6.93,9.88,6.18,26.76,12.01,3.24,6.01,72.83,28.15,15.17,36.36,8.14,50.41,31.84,10.26,16.45,78.58,11.9,2.72,,8.94,11.15,12.52,13.82,5.76,25.97,63.43,3.86,45.6,147.62,77.12,8.11,,31.31,15.45
2018-08-21 07:00:00,7.32,13.76,18.0,26.45,70.17,19.21,92.52,12.14,8.87,69.22,5.74,9.33,13.82,56.86,16.1,6.92,7.03,9.95,6.21,26.36,12.01,3.21,6.16,73.16,28.38,15.06,36.36,8.22,50.64,33.46,10.26,16.59,78.58,12.22,2.78,,9.38,11.2,12.52,13.91,5.82,26.51,64.07,3.81,45.82,148.6,78.52,8.31,,31.31,15.65
2018-08-22 07:00:00,7.3,13.94,17.73,26.95,73.54,19.21,94.35,12.02,8.84,69.87,5.74,9.1,13.93,58.32,16.83,6.92,7.13,10.08,6.24,25.62,12.09,3.28,6.14,74.53,28.31,15.09,36.14,8.38,50.49,33.11,10.34,16.95,78.58,12.22,2.75,,9.26,11.45,12.59,14.21,5.84,26.18,64.07,3.82,46.04,148.5,78.52,8.31,,31.66,15.75
2018-08-23 07:00:00,7.37,13.94,18.03,26.65,76.48,19.13,94.35,11.95,8.75,69.22,5.74,9.16,14.04,58.55,16.76,6.92,7.11,10.11,6.3,24.89,12.13,3.28,6.16,73.89,28.36,15.32,35.64,8.57,50.72,33.08,10.42,17.53,78.39,12.22,2.75,,9.36,11.4,12.64,14.33,5.87,26.47,65.24,3.8,46.48,147.62,78.66,8.28,,32.18,15.82
2018-08-24 07:00:00,7.49,14.02,18.22,26.65,74.04,19.13,97.39,11.95,8.75,69.22,5.73,9.1,14.05,59.19,17.14,6.92,7.13,10.17,6.48,24.48,12.3,3.28,6.17,73.4,28.15,15.2,36.19,8.51,52.33,33.11,10.34,17.53,78.58,12.57,2.72,,9.26,11.3,12.57,14.04,5.88,26.22,65.0,3.76,46.22,148.4,78.13,8.16,,32.26,15.81
2018-08-27 07:00:00,7.49,14.12,18.55,26.55,76.39,19.65,98.49,12.46,8.8,67.64,5.65,9.1,14.04,59.61,17.05,6.92,7.13,10.33,6.63,24.4,12.53,3.24,6.28,73.89,28.71,15.17,36.25,8.44,52.95,32.83,10.5,17.53,80.79,12.28,2.75,,9.46,11.4,12.52,13.82,5.92,26.68,65.0,3.73,46.31,149.58,77.21,8.24,,32.1,15.9
2018-08-28 07:00:00,7.51,13.76,18.38,26.9,76.39,19.79,100.38,12.48,8.8,66.84,5.65,9.13,13.97,60.8,16.92,6.92,7.14,10.58,6.48,24.4,12.8,3.21,6.28,74.05,28.62,15.4,36.19,8.51,53.1,32.83,10.5,17.34,81.9,12.09,2.82,,9.72,11.5,12.4,13.91,5.96,27.06,64.71,3.65,46.31,151.73,76.73,8.29,,31.74,15.99
2018-08-29 07:00:00,7.59,13.48,18.36,26.6,76.56,19.54,98.67,12.37,9.28,65.98,5.53,9.07,13.97,60.02,16.67,6.92,7.37,10.5,6.48,24.97,12.73,3.17,6.24,73.72,28.45,15.23,36.14,8.39,51.8,33.18,10.97,17.24,83.37,12.19,2.82,,9.78,11.4,12.35,14.18,5.99,26.68,63.14,3.65,45.77,151.92,75.91,8.23,,31.38,15.98
2018-08-30 07:00:00,7.66,13.48,19.04,27.0,76.98,19.61,102.57,12.64,9.5,66.56,5.52,9.1,13.96,62.46,16.76,7.18,7.56,10.52,6.6,24.68,12.73,3.24,6.33,78.58,28.62,15.2,36.19,8.25,52.95,33.78,11.13,17.58,83.37,12.12,2.78,,9.89,11.5,12.42,13.77,5.99,26.98,62.61,3.67,45.95,153.39,75.38,8.31,,31.66,15.98
2018-08-31 07:00:00,7.55,13.4,18.77,27.99,77.74,19.43,100.74,12.43,9.5,66.56,5.66,9.13,13.97,61.27,16.7,6.92,7.56,10.6,6.51,24.64,13.21,3.21,6.22,76.96,27.92,15.26,36.19,8.22,52.18,32.86,11.13,17.24,83.37,12.09,2.75,,9.69,11.35,12.42,13.19,5.96,26.43,60.63,3.69,45.95,152.51,75.48,8.44,,31.19,15.95
2018-09-04 07:00:00,7.34,13.58,17.73,28.29,75.89,19.06,99.22,11.86,9.48,66.84,5.71,9.1,13.94,61.27,16.54,7.0,7.41,10.34,6.42,24.76,13.08,3.21,6.07,76.15,27.55,15.17,36.08,8.2,51.87,31.87,10.9,17.05,82.56,11.9,2.69,,9.41,11.25,12.33,13.31,5.94,25.8,61.16,3.55,45.37,141.85,75.48,8.37,,30.04,15.8
2018-09-05 07:00:00,7.26,13.48,18.06,28.29,74.38,19.28,99.83,11.93,9.48,66.05,5.61,9.07,13.69,59.55,16.83,6.92,7.33,10.24,6.39,24.97,12.94,3.17,5.97,75.34,27.06,15.12,35.41,8.12,51.56,31.07,10.82,16.76,82.23,11.96,2.69,,9.47,11.1,12.19,13.82,5.87,25.63,61.8,3.45,45.11,148.2,73.49,8.26,,29.17,15.5
2018-09-06 07:00:00,7.26,13.48,17.87,27.64,72.27,18.69,99.22,11.86,9.32,65.91,5.52,9.1,13.39,59.61,17.11,6.83,7.23,10.25,6.3,25.05,12.8,3.14,5.9,76.8,27.08,15.0,36.19,8.02,51.64,30.6,10.9,16.57,82.19,12.44,2.65,,9.47,11.05,11.72,12.97,5.46,25.5,61.22,3.48,43.55,145.72,71.5,8.02,,28.97,15.4
2018-09-07 07:00:00,7.41,13.48,18.49,28.14,74.29,18.99,99.95,12.14,9.21,66.34,5.65,9.1,13.59,59.73,17.14,6.83,7.26,10.53,6.27,25.05,13.04,3.1,6.0,76.96,27.29,15.17,36.25,8.12,52.18,31.3,11.13,16.81,82.19,12.66,2.69,,9.66,11.3,11.93,12.46,5.84,26.22,61.1,3.55,43.2,146.22,74.43,8.15,,29.84,15.56
2018-09-10 07:00:00,7.28,13.58,18.55,27.99,75.22,18.84,98.79,12.0,9.32,66.27,5.65,9.1,13.45,59.96,17.02,6.83,7.33,10.4,6.33,24.76,13.46,3.1,5.95,74.13,27.31,15.12,36.75,8.15,53.49,31.3,11.53,16.59,82.27,12.57,2.65,,9.6,11.75,12.05,12.07,5.84,26.22,60.98,3.53,44.13,146.12,74.72,7.95,,29.92,15.5
2018-09-11 07:00:00,7.32,13.48,19.26,27.84,80.43,18.84,99.83,12.34,9.32,66.41,5.61,9.1,13.64,61.57,17.21,6.83,7.35,10.61,6.39,24.97,13.74,3.14,6.04,74.94,28.03,15.17,37.03,8.38,53.87,31.77,11.84,16.86,82.27,12.54,2.69,,9.87,11.8,12.0,12.89,5.78,26.64,60.46,3.63,44.97,149.19,77.3,8.05,,30.35,15.78
2018-09-12 07:00:00,7.3,13.48,18.96,27.64,79.84,18.84,99.83,12.14,9.3,66.34,5.63,9.03,13.61,64.84,17.05,6.83,7.35,10.48,6.45,25.05,13.64,3.1,5.97,75.02,28.13,15.63,37.7,8.25,54.64,32.03,11.6,17.0,82.19,12.66,2.69,,9.72,12.1,11.81,12.46,5.78,26.47,60.63,3.64,45.06,148.69,77.53,7.98,,30.04,15.85
2018-09-13 07:00:00,7.41,13.13,19.09,27.89,83.2,18.69,99.34,12.2,9.28,67.21,5.6,9.03,13.72,64.25,17.05,6.83,7.64,10.54,6.85,25.09,13.97,3.1,5.99,74.86,28.27,16.21,37.81,8.28,53.72,32.35,11.6,17.0,81.9,12.86,2.72,,9.75,12.05,11.9,12.26,5.81,26.6,61.27,3.63,44.57,146.71,77.35,7.92,,29.88,15.71
2018-09-14 07:00:00,7.48,13.48,19.01,29.04,82.11,19.06,99.22,12.34,9.32,66.7,5.6,9.03,14.08,64.25,17.08,6.92,7.64,10.48,6.69,25.09,13.79,3.14,5.93,74.21,28.38,15.95,37.75,8.28,54.34,32.48,11.68,17.17,82.19,13.05,2.75,,9.84,12.0,11.93,12.11,5.81,27.06,61.51,3.65,44.88,147.7,77.88,7.93,,30.0,16.1
2018-09-17 07:00:00,7.37,13.4,18.66,29.04,79.0,18.91,97.45,12.18,9.75,67.78,5.65,9.03,13.94,64.84,17.31,6.83,7.6,10.46,6.85,24.97,13.58,3.1,5.8,74.21,28.03,15.75,37.42,8.25,54.8,31.84,11.92,16.86,81.93,12.98,2.69,,9.6,11.85,12.31,11.94,5.78,26.6,61.51,3.64,44.0,145.72,79.64,7.95,,29.48,15.7
2018-09-18 07:00:00,7.44,12.59,19.23,29.19,81.52,18.91,98.91,12.32,9.78,67.85,5.61,8.97,14.16,65.2,17.38,6.83,7.58,10.46,7.3,24.89,13.72,3.14,5.8,72.99,28.38,16.09,37.47,8.12,54.95,31.55,11.92,17.1,82.27,12.98,2.72,,9.81,12.4,12.35,11.77,5.78,26.77,60.98,3.6,44.26,147.9,80.81,7.97,,29.32,15.75
2018-09-19 07:00:00,7.44,13.94,19.26,29.29,81.94,18.91,98.91,12.27,9.89,68.72,5.66,9.0,14.37,66.69,17.71,6.83,7.62,10.52,7.39,24.85,13.87,3.28,5.88,73.89,28.36,16.04,36.75,8.19,54.41,31.68,12.08,17.1,81.16,13.3,2.78,,9.89,12.55,12.57,11.9,5.81,26.77,60.98,3.64,43.82,148.1,80.69,8.13,,29.32,15.9
2018-09-20 07:00:00,7.5,14.12,19.37,29.49,82.36,18.84,99.22,12.57,9.84,69.95,5.84,9.23,14.51,69.01,18.22,6.83,7.69,10.85,7.54,24.85,14.26,3.31,5.93,74.94,28.27,16.16,35.91,8.23,54.87,31.68,12.87,17.44,81.12,13.33,2.82,,9.99,12.65,13.23,11.87,5.82,27.23,61.22,3.69,43.77,148.3,79.64,8.41,,29.76,15.96
2018-09-21 07:00:00,7.64,15.46,19.26,29.98,82.11,18.69,101.65,12.87,9.71,69.87,5.79,9.13,14.51,68.95,18.25,6.92,7.69,10.95,7.45,23.13,14.59,3.55,6.03,73.72,29.31,15.61,33.41,8.44,54.49,32.38,12.55,17.34,80.79,13.36,2.88,,10.09,12.7,13.37,11.04,5.82,27.32,59.17,3.78,43.82,148.1,80.69,8.57,,30.0,16.2
2018-09-24 07:00:00,7.61,16.36,19.04,31.38,82.11,19.02,103.36,12.82,9.62,69.58,5.9,9.16,14.57,70.08,18.15,7.09,7.72,10.95,7.42,24.19,14.52,3.48,6.09,76.56,29.48,15.79,35.69,8.54,56.18,32.63,12.55,17.68,80.75,13.68,2.88,,10.16,12.55,13.27,11.6,5.82,27.57,59.99,3.86,44.26,150.78,80.22,8.45,,31.31,16.21
2018-09-25 07:00:00,7.55,17.26,19.09,30.98,81.52,19.43,102.26,12.73,9.62,69.95,5.97,9.13,14.51,70.2,18.15,7.09,7.7,10.94,7.54,24.19,14.52,3.48,6.01,76.48,29.38,15.79,36.25,8.48,56.26,32.98,12.71,17.44,80.79,13.59,2.85,,10.1,12.65,13.23,11.87,5.75,27.23,59.7,3.84,44.22,150.78,80.17,8.44,,31.58,16.22
2018-09-26 07:00:00,7.52,17.89,19.04,31.78,79.84,19.46,101.04,12.66,9.89,71.39,6.29,9.16,14.56,69.66,18.38,7.18,7.64,10.87,7.72,23.3,14.52,3.48,6.04,75.75,29.08,16.07,36.08,8.54,55.41,32.67,12.63,17.92,80.75,13.68,2.85,,10.12,12.7,13.65,11.87,5.76,26.98,59.41,3.84,44.0,150.88,79.93,8.47,,32.3,16.24
2018-09-27 07:00:00,7.52,17.98,18.9,31.83,82.7,19.43,102.44,12.64,9.89,72.83,6.31,9.1,14.61,69.72,18.28,7.09,7.64,11.02,7.63,23.34,15.12,3.48,6.04,74.94,29.78,16.01,37.03,8.51,55.49,32.76,12.79,17.85,81.16,13.65,2.91,,10.3,12.65,13.89,11.75,5.76,26.81,60.63,3.82,43.82,151.27,81.1,8.55,,32.49,16.29
2018-09-28 07:00:00,7.57,17.71,19.2,31.63,82.36,19.9,101.04,12.62,9.91,72.11,6.26,9.2,14.64,68.83,17.98,7.18,7.69,11.22,7.63,23.46,14.94,3.59,6.07,75.18,29.59,16.01,37.03,8.86,54.64,33.62,13.18,17.77,82.08,13.49,2.95,,10.27,13.5,13.77,11.7,5.81,26.64,61.8,3.9,43.68,150.18,80.4,8.73,,33.21,16.37
2018-10-01 07:00:00,7.48,19.78,18.96,31.28,81.52,19.94,100.31,12.39,9.96,72.11,6.39,9.42,14.54,71.15,17.95,7.61,7.8,11.25,7.66,23.5,15.16,3.69,6.07,76.07,29.55,15.85,36.08,8.78,55.11,33.49,13.03,17.58,81.97,13.11,2.91,,10.18,13.85,13.53,11.43,5.81,26.43,60.11,3.92,43.77,147.21,79.81,8.6,,32.3,16.45
2018-10-02 07:00:00,7.39,20.05,19.75,32.82,80.68,19.5,99.52,12.41,10.05,69.95,6.29,9.42,14.32,72.28,17.65,7.69,7.76,10.95,7.57,23.17,14.99,3.66,6.01,76.15,29.55,15.79,35.8,8.77,54.64,33.34,13.1,17.39,83.0,13.08,2.88,,10.13,13.9,13.75,11.19,5.79,26.64,60.63,3.9,45.33,143.74,80.22,8.54,,32.1,16.3
2018-10-03 07:00:00,7.44,19.69,19.99,34.12,80.68,19.35,99.52,12.6,10.46,69.95,6.19,9.68,14.38,72.99,17.78,8.99,7.81,10.95,7.54,22.44,14.99,3.62,6.07,75.51,29.8,15.85,35.64,8.81,54.41,34.35,13.1,17.58,83.26,13.24,2.91,,10.22,13.85,13.86,11.43,5.83,26.64,59.47,3.86,45.42,143.54,80.17,8.5,,32.89,16.35
2018-10-04 07:00:00,7.55,19.6,20.05,33.67,80.26,19.5,100.31,12.69,10.53,67.78,6.23,9.65,14.5,73.76,18.52,9.16,7.67,10.98,7.6,22.72,15.25,3.66,6.3,76.07,29.99,15.85,35.64,8.7,55.03,34.42,13.03,17.8,83.37,13.08,2.95,,10.52,13.85,14.27,11.46,5.98,26.64,59.82,3.89,44.71,142.35,80.17,8.59,,33.05,16.31
2018-10-05 07:00:00,7.46,18.61,19.37,33.67,80.68,19.17,101.04,12.41,10.75,67.78,6.11,9.39,14.42,71.38,18.95,8.47,7.53,10.99,7.66,22.36,15.25,3.59,6.22,73.72,29.43,15.76,35.52,8.54,53.1,34.01,12.55,17.85,82.34,12.98,2.88,,10.3,13.8,14.08,11.34,5.98,26.6,59.52,3.84,43.77,141.85,79.17,8.39,,32.49,16.13
2018-10-08 07:00:00,7.48,17.8,19.64,33.87,78.24,19.35,101.11,12.3,11.0,67.64,6.0,9.29,14.23,69.3,18.95,8.65,7.49,10.93,8.02,22.2,15.12,3.55,6.24,72.75,29.78,16.22,35.36,8.48,51.41,34.01,12.24,17.8,82.34,12.98,2.85,,10.29,13.85,13.86,11.8,5.9,26.38,58.29,3.81,42.93,139.38,77.88,8.24,,31.15,16.0
2018-10-09 07:00:00,7.48,18.07,19.69,33.17,77.82,19.5,100.92,12.23,11.09,65.98,5.97,9.16,14.13,70.97,18.82,8.82,7.47,10.87,7.93,21.95,15.12,3.52,6.05,71.29,30.13,16.04,36.14,8.62,51.64,34.61,12.0,17.82,82.34,13.11,2.82,,10.32,13.55,14.05,11.92,5.92,26.43,58.29,3.81,42.93,141.76,76.65,8.21,,31.15,15.96
2018-10-10 07:00:00,7.46,18.07,19.28,31.38,77.32,19.5,100.92,12.11,11.0,66.34,5.94,9.13,14.32,71.98,18.65,8.56,7.49,10.98,7.57,21.62,14.94,3.45,5.97,68.46,30.48,15.85,35.64,8.6,51.56,34.96,12.24,17.6,83.37,13.3,2.78,,10.3,13.4,14.03,11.68,5.92,26.43,58.36,3.84,42.93,143.74,76.12,8.15,,31.7,15.91
2018-10-11 07:00:00,6.88,17.8,17.95,29.19,73.62,19.06,95.26,11.27,10.68,64.68,5.69,8.77,13.5,66.98,17.35,7.61,7.15,10.58,7.06,20.97,14.13,3.21,5.58,63.68,28.96,15.31,35.52,8.22,48.41,32.57,11.37,16.38,81.9,12.73,2.56,,9.59,12.5,13.16,10.87,5.52,24.71,55.74,3.59,41.33,139.57,74.37,7.58,,29.64,15.15
2018-10-12 07:00:00,7.1,17.71,18.44,30.13,76.48,18.88,95.02,11.63,10.8,66.2,5.81,8.97,13.85,71.33,17.71,8.21,7.23,10.82,7.06,21.22,14.5,3.31,5.72,65.86,29.66,15.73,37.86,8.39,49.41,33.72,11.92,16.74,82.08,13.02,2.69,,9.78,13.05,13.56,11.19,5.57,25.66,56.1,3.65,42.66,139.77,75.25,7.9,,30.16,15.59
2018-10-15 07:00:00,6.88,17.53,17.78,30.38,75.64,18.84,94.96,11.34,10.91,65.98,5.65,8.97,13.59,68.41,17.18,8.13,7.03,10.7,6.72,21.18,14.77,3.28,5.59,63.6,29.2,15.4,38.86,8.39,48.26,32.67,11.68,16.28,82.27,12.89,2.62,,9.58,12.95,13.32,10.63,5.32,25.31,53.26,3.61,42.44,137.99,73.61,7.72,,29.17,15.21
2018-10-16 07:00:00,6.95,17.26,18.27,30.28,75.13,18.95,95.69,11.52,11.09,65.91,5.81,8.97,13.67,69.48,17.61,8.04,7.33,10.81,6.88,21.05,14.55,3.35,5.71,63.68,29.64,15.55,40.54,8.52,48.79,33.02,11.53,16.55,82.45,13.02,2.65,,9.59,13.6,13.56,10.58,5.35,25.36,54.35,3.64,43.82,135.81,73.78,7.79,,29.48,15.43
2018-10-17 07:00:00,6.99,18.25,18.87,32.08,75.22,18.73,95.87,11.59,11.09,65.62,5.84,9.1,13.78,69.66,17.98,7.95,7.36,10.87,6.94,21.22,14.55,3.35,5.69,65.62,29.78,15.67,40.87,8.56,48.79,33.14,11.68,16.86,82.82,13.11,2.69,,9.73,13.55,13.75,10.61,5.43,25.36,55.66,3.65,44.0,137.99,74.31,7.82,,29.8,15.58
2018-10-18 07:00:00,6.88,17.26,18.87,31.28,77.49,18.73,94.96,11.38,11.37,64.9,5.81,9.03,13.78,68.11,18.15,8.04,7.32,10.87,7.03,21.18,14.46,3.28,5.55,64.97,29.43,15.43,40.15,8.51,48.49,33.14,11.37,16.52,82.45,12.89,2.62,,9.61,13.5,13.65,10.63,5.42,24.84,55.08,3.65,44.04,135.31,73.78,7.75,,29.44,15.48
2018-10-19 07:00:00,6.88,17.44,18.87,30.73,77.32,18.69,94.04,11.31,11.37,63.53,5.81,9.03,13.59,66.63,18.32,7.78,7.19,10.81,6.85,21.18,14.44,3.28,5.51,65.62,29.1,15.13,38.98,8.54,47.72,33.21,11.21,16.28,81.71,13.05,2.62,,9.53,13.45,13.7,10.51,5.42,24.71,54.5,3.68,44.04,130.85,74.25,7.79,,29.36,15.4
2018-10-22 07:00:00,6.84,17.98,19.09,29.39,77.15,18.51,92.46,11.2,10.73,63.67,5.81,8.81,13.64,66.63,17.71,8.04,7.23,10.64,6.63,21.18,14.06,3.24,5.54,64.16,29.01,14.52,39.53,8.52,46.49,32.35,11.21,16.38,82.45,12.95,2.59,,9.48,12.95,13.61,10.41,5.45,24.46,54.42,3.65,44.04,127.88,73.67,7.58,,29.72,15.3
2018-10-23 07:00:00,6.57,17.8,19.04,28.69,77.32,18.07,89.48,10.83,10.84,62.88,5.77,8.71,13.34,65.08,17.28,7.78,7.13,10.48,6.21,21.09,13.38,3.21,5.62,62.79,27.8,14.46,39.48,8.52,44.64,31.55,11.13,15.99,82.79,13.11,2.56,,9.16,12.55,13.13,10.05,5.41,23.9,53.99,3.63,44.0,125.89,72.32,7.43,,29.32,15.02
2018-10-24 07:00:00,6.5,17.26,17.78,28.19,78.16,17.96,88.26,10.62,10.68,62.73,5.69,8.97,13.22,60.56,16.85,7.87,6.93,10.4,5.97,21.18,13.4,3.17,5.53,60.76,27.1,14.37,40.59,8.48,42.95,30.6,10.82,15.78,82.45,13.17,2.52,,8.94,12.6,12.52,9.83,5.44,23.77,52.82,3.52,43.91,125.7,71.79,7.22,,28.69,14.7
2018-10-25 07:00:00,6.41,17.89,17.02,27.74,78.07,17.3,87.65,10.53,9.91,61.44,5.65,8.94,12.98,60.56,16.78,7.61,6.79,10.34,5.85,21.13,13.4,3.14,5.51,62.79,26.29,14.79,41.48,8.65,44.1,30.24,10.9,15.41,82.45,13.11,2.49,,8.85,12.55,12.33,10.07,5.43,23.47,49.91,3.49,43.02,124.9,70.27,7.04,,28.21,14.6
2018-10-26 07:00:00,6.28,17.35,16.69,28.14,78.58,16.97,86.44,10.3,9.91,61.36,5.81,8.94,12.9,60.56,17.95,8.13,6.81,10.32,6.03,20.81,13.89,3.21,5.53,61.98,25.13,14.64,40.7,8.65,44.41,29.51,10.9,15.17,82.15,13.08,2.46,,8.71,12.3,12.21,10.05,5.51,22.92,47.36,3.44,42.84,123.71,71.15,6.86,,27.74,14.52
2018-10-29 07:00:00,6.21,17.26,15.76,28.04,79.59,16.97,84.67,10.12,10.03,60.43,5.81,8.9,12.96,57.7,17.98,8.21,6.75,10.3,5.97,20.56,13.8,3.17,5.58,61.98,24.36,14.64,39.64,8.38,43.87,28.71,10.66,15.15,82.45,13.3,2.43,,8.66,12.0,12.14,9.83,5.51,22.66,45.03,3.45,43.2,123.71,70.27,6.65,,27.9,14.42
2018-10-30 07:00:00,6.33,17.53,15.06,27.84,81.01,17.19,85.22,10.17,10.09,60.36,5.87,8.9,12.96,58.89,18.02,8.13,6.58,10.26,5.98,20.81,13.89,3.14,5.61,63.19,24.92,14.64,39.09,8.38,44.02,29.19,10.74,14.81,82.53,13.11,2.43,,8.69,11.95,12.19,9.8,5.54,23.22,45.24,3.53,42.93,124.9,68.69,6.63,,27.34,14.42
2018-10-31 07:00:00,6.73,18.43,16.09,28.39,82.44,17.41,88.63,10.72,10.71,60.57,6.06,8.9,13.26,61.87,18.35,8.21,6.5,10.68,5.57,21.13,14.15,3.24,5.75,67.24,26.24,14.97,39.59,8.51,45.79,30.91,10.97,15.17,82.64,13.17,2.49,,9.05,12.5,12.71,9.88,5.73,23.81,48.38,3.59,43.2,132.54,67.99,6.97,,28.95,15.02
2018-11-01 07:00:00,6.5,17.53,16.56,27.59,82.78,17.3,89.48,10.46,10.91,60.43,5.97,8.9,13.25,60.38,18.38,8.04,6.51,10.5,5.18,21.09,13.93,3.17,5.65,66.43,25.71,15.03,39.53,8.51,44.72,30.28,10.74,14.88,82.45,13.17,2.46,,8.85,12.2,12.33,9.73,5.71,23.56,50.27,3.52,42.44,132.64,66.93,6.68,,28.41,14.57
2018-11-02 07:00:00,6.75,,17.7,28.04,80.51,17.7,92.22,10.76,10.91,60.43,6.06,8.9,13.56,61.09,18.38,7.78,6.64,10.61,4.95,21.05,13.69,3.17,5.72,68.46,26.17,15.0,39.59,8.67,46.25,31.39,10.9,15.41,82.45,13.24,2.49,,9.1,12.4,12.57,9.76,5.32,24.07,52.46,3.56,42.66,134.32,69.39,6.84,,28.8,15.02
2018-11-05 07:00:00,6.7,17.26,17.89,28.29,78.07,18.07,92.04,10.76,10.73,59.85,6.06,8.9,13.45,60.86,18.45,8.13,6.62,10.61,5.25,21.01,13.69,3.17,5.74,69.02,25.92,15.13,38.92,8.64,46.95,31.39,10.9,15.41,82.82,13.68,2.49,,9.13,12.35,12.68,9.71,5.48,24.2,52.46,3.45,42.66,134.42,68.22,6.91,,29.82,15.02
2018-11-06 07:00:00,6.53,17.08,17.46,28.74,78.58,18.62,92.52,10.65,10.84,61.29,6.03,8.9,13.33,60.62,18.52,8.13,6.51,10.5,5.26,20.97,13.56,3.17,5.65,68.05,25.92,15.13,38.86,8.64,46.41,30.91,11.05,15.22,82.93,13.75,2.46,,9.04,12.25,12.73,9.71,5.48,23.9,52.46,3.48,42.57,132.83,68.92,6.83,,29.53,14.88
2018-11-07 07:00:00,6.5,17.71,17.7,28.24,79.25,18.55,92.52,10.65,10.8,60.57,6.06,8.84,13.23,59.37,18.52,7.87,6.58,10.38,5.13,20.6,13.56,3.17,5.65,68.62,26.06,15.09,38.53,8.6,45.79,30.66,10.97,15.08,83.57,14.29,2.46,,9.01,12.7,12.75,9.73,5.54,23.77,52.97,3.58,42.66,130.85,69.98,6.73,,29.53,14.8
2018-11-08 07:00:00,6.53,17.98,17.7,28.39,79.17,18.4,92.52,10.62,10.78,61.58,6.05,8.9,13.33,59.55,18.85,8.3,6.58,10.32,5.24,20.93,13.56,3.21,5.62,68.46,25.59,15.19,38.42,8.59,45.72,30.82,11.37,15.24,83.9,14.19,2.46,,9.05,12.6,12.75,10.29,5.61,23.86,54.42,3.73,42.66,132.14,70.27,6.74,,30.11,14.85
2018-11-09 07:00:00,6.37,17.62,17.29,28.24,80.43,18.44,91.24,10.35,10.57,61.15,5.95,8.87,13.04,56.51,18.52,8.04,6.5,9.97,4.99,20.93,13.54,3.17,5.49,68.3,24.66,15.46,39.03,8.54,43.87,29.96,10.9,15.03,83.9,14.22,2.43,,8.79,12.35,12.45,10.12,5.56,23.26,55.37,3.64,42.62,129.76,68.51,6.63,,29.96,14.6
2018-11-12 07:00:00,6.37,17.89,17.57,27.94,82.02,18.47,89.91,10.28,10.57,61.08,5.95,8.71,13.26,57.46,18.82,7.87,6.34,9.96,4.89,20.93,13.49,3.17,5.46,67.73,25.59,15.61,39.37,8.54,44.48,30.28,10.97,15.0,86.54,14.35,2.43,,8.94,12.2,12.42,9.95,5.66,23.39,55.37,3.7,42.62,128.08,68.51,6.66,,30.01,14.6
2018-11-13 07:00:00,6.28,17.71,16.91,27.89,83.2,18.29,88.26,10.08,10.64,59.13,6.03,8.68,13.17,55.86,19.52,8.13,5.94,9.79,4.79,20.81,13.21,3.07,5.4,64.0,25.06,15.37,39.48,8.41,43.48,29.8,10.9,14.91,88.24,14.22,2.4,,8.8,12.0,12.16,9.78,5.64,22.96,55.23,3.62,41.46,126.89,67.93,6.58,,29.33,14.47
2018-11-14 07:00:00,6.13,17.53,16.37,27.59,82.36,17.96,88.87,9.71,10.68,59.42,6.06,8.87,13.36,53.66,19.92,7.95,5.7,9.5,4.58,20.81,13.27,3.1,5.32,64.0,24.96,15.49,39.48,8.43,42.33,29.8,10.66,14.69,90.25,14.45,2.33,,8.79,11.95,11.93,9.8,5.65,22.79,55.23,3.66,42.08,126.39,68.81,6.47,,29.19,14.36
2018-11-15 07:00:00,6.1,16.9,16.91,27.29,79.0,18.47,88.57,9.73,10.68,59.35,6.16,8.87,13.34,53.78,19.12,8.3,5.54,9.28,4.34,20.81,13.12,3.1,5.37,64.33,24.89,15.58,40.09,8.51,42.33,29.32,10.58,14.79,90.99,13.46,2.33,,8.72,12.0,11.93,9.88,5.66,22.87,55.01,3.64,40.75,126.59,68.51,6.19,,29.53,14.17
2018-11-16 07:00:00,6.33,17.98,17.57,27.64,79.67,19.17,90.03,10.05,10.46,59.35,6.1,8.81,13.52,56.51,19.22,7.95,5.93,9.34,4.45,20.81,13.14,3.1,5.58,64.49,24.94,15.37,38.81,8.49,43.41,29.64,11.21,14.98,90.99,13.75,2.4,,8.75,12.1,12.14,9.88,5.75,22.79,51.87,3.76,40.04,126.79,67.34,6.61,,29.14,14.41
2018-11-19 07:00:00,6.44,,17.57,27.54,79.84,20.09,91.31,10.56,10.23,59.92,6.13,8.77,13.64,57.35,19.25,8.3,6.12,9.4,4.56,20.73,13.14,3.17,5.59,66.27,26.27,15.4,38.64,8.51,45.41,30.24,11.29,15.08,91.18,13.78,2.43,,9.01,12.3,12.52,10.0,5.81,23.13,53.11,3.8,42.84,127.28,67.58,7.07,,29.29,14.93
2018-11-20 07:00:00,6.41,17.62,17.29,27.44,79.59,19.79,91.91,10.62,10.3,60.93,6.32,8.77,13.72,57.17,19.62,8.21,6.03,9.68,4.63,20.4,13.05,3.17,5.54,66.27,26.15,15.52,38.53,8.57,45.02,30.47,11.21,15.0,90.44,13.81,2.43,,8.98,12.2,12.47,10.31,5.81,23.04,54.64,3.74,43.2,127.88,68.22,7.1,,29.77,14.7
2018-11-21 07:00:00,6.41,17.98,17.46,28.14,79.0,19.76,93.44,10.67,10.48,60.93,6.4,8.77,13.72,55.86,19.69,8.13,5.99,9.68,4.6,20.44,13.03,3.14,5.61,65.78,26.3,15.55,37.64,8.57,44.64,30.44,11.21,15.7,89.88,13.81,2.43,,9.13,12.25,12.52,10.58,5.96,23.73,55.23,3.68,43.24,126.89,69.8,7.1,,30.69,14.8
2018-11-22 07:00:00,6.53,17.98,17.37,28.24,80.85,19.65,93.44,10.51,10.57,61.44,6.42,8.74,13.72,55.44,19.45,8.21,6.1,9.5,4.46,20.52,12.96,3.28,5.57,66.43,26.61,15.37,37.7,8.54,44.64,30.72,11.53,15.66,89.88,13.75,2.43,,9.05,12.4,12.52,10.53,6.23,23.47,56.1,3.68,43.55,126.99,70.33,7.31,,30.4,14.81
2018-11-23 07:00:00,6.44,,17.29,27.84,82.28,19.39,92.34,10.28,11.14,60.57,6.44,8.77,13.61,55.03,19.02,8.3,6.0,9.43,4.19,20.32,12.92,3.28,5.5,66.11,26.06,15.19,37.92,8.49,44.79,30.31,11.37,15.75,89.69,13.75,2.4,,8.82,12.25,12.33,10.24,6.09,23.13,55.44,3.65,44.0,125.89,69.1,7.15,,29.92,14.6
2018-11-26 07:00:00,6.46,,17.27,28.39,82.28,19.35,91.61,10.3,11.14,60.57,6.39,8.71,13.42,54.01,18.85,8.3,6.04,9.44,4.28,20.4,12.35,3.24,5.46,66.51,26.37,15.43,38.36,8.52,44.72,30.6,11.92,15.66,89.17,13.75,2.36,,8.79,12.3,12.26,10.07,5.86,23.13,56.1,3.63,44.66,125.89,72.08,7.04,,30.06,14.71
2018-11-27 07:00:00,6.39,,17.16,28.04,82.02,19.17,94.35,10.21,11.0,59.56,6.68,8.77,13.52,53.9,18.82,8.13,5.98,9.44,4.25,20.16,12.22,3.17,5.42,66.43,26.18,15.43,37.86,8.54,44.72,30.12,11.68,15.58,90.63,13.97,2.36,,8.83,12.15,12.28,10.14,5.74,22.87,57.05,3.63,45.11,125.6,74.08,6.84,,29.92,14.75
2018-11-28 07:00:00,6.53,18.88,17.21,27.69,81.77,19.21,95.75,10.42,11.39,59.42,6.68,8.81,13.53,54.43,18.72,8.04,6.01,9.34,4.22,20.16,12.96,3.21,5.47,65.86,26.24,15.49,38.48,8.57,44.87,30.44,11.76,15.58,93.63,13.97,2.4,,8.91,12.25,12.35,10.07,5.63,23.6,57.05,3.57,45.33,128.37,74.95,6.84,,30.11,14.78
2018-11-29 07:00:00,6.55,19.42,17.05,27.64,79.84,19.35,95.57,10.46,11.62,59.49,6.82,8.81,13.56,53.6,18.75,8.04,5.99,9.07,4.0,20.07,13.18,3.24,5.49,65.62,26.37,15.43,38.53,8.54,44.18,29.1,11.6,15.61,93.63,13.68,2.36,,8.94,12.15,12.31,9.88,5.63,23.56,57.34,3.63,45.33,131.35,73.96,6.78,,30.3,14.78
2018-11-30 07:00:00,6.61,19.33,17.13,27.49,80.51,19.28,94.65,10.53,11.41,59.13,6.97,8.84,13.56,54.01,18.52,8.04,5.94,8.81,3.99,19.87,13.21,3.28,5.66,64.81,26.21,15.43,37.92,8.54,44.64,29.35,11.68,15.32,93.63,13.43,2.43,,9.01,12.15,12.31,9.97,5.57,23.73,56.68,3.57,45.2,129.86,74.95,6.78,,29.82,14.72
2018-12-03 07:00:00,6.95,19.96,18.3,28.09,81.77,19.43,96.78,11.06,11.48,60.21,7.0,9.0,14.2,57.7,18.88,8.21,6.34,9.23,4.27,20.16,13.62,3.35,5.82,66.59,27.3,15.67,38.03,8.54,46.95,30.24,11.84,15.97,94.0,13.36,2.49,,9.37,12.8,12.85,10.07,5.86,24.84,56.61,3.7,45.28,130.85,78.23,7.18,,30.45,15.18
2018-12-04 07:00:00,6.9,20.23,18.22,28.89,82.53,19.43,95.57,10.95,11.37,60.43,7.0,9.2,14.21,57.41,19.29,8.04,6.28,9.18,4.37,19.99,13.62,3.41,5.78,68.13,27.3,15.55,37.81,8.51,46.72,30.28,12.32,16.06,92.88,13.14,2.46,,9.31,12.8,13.13,10.02,5.76,24.67,59.74,3.76,45.33,131.74,79.93,7.3,,31.76,15.5
2018-12-05 07:00:00,6.88,20.32,18.47,29.14,86.14,19.35,95.57,11.04,10.94,60.57,6.84,8.94,14.1,57.17,19.12,8.04,6.18,9.36,4.32,20.03,13.36,3.38,5.83,68.13,27.55,15.52,37.47,8.86,46.79,30.4,12.32,16.09,91.94,12.6,2.49,,9.32,12.7,13.23,10.14,5.85,24.76,58.8,3.76,45.37,130.26,77.88,7.33,,32.0,15.27
2018-12-06 07:00:00,6.84,20.23,18.38,28.59,85.55,19.35,95.57,10.97,10.8,60.5,7.03,9.29,14.04,56.57,19.19,8.21,6.04,9.18,4.41,20.03,13.36,3.41,5.91,67.89,27.27,15.37,37.86,8.77,46.56,30.6,12.16,16.02,92.5,12.7,2.46,,9.29,12.6,13.3,10.07,5.87,24.37,59.31,3.72,45.37,130.75,77.12,7.3,,32.05,15.14
2018-12-07 07:00:00,6.79,20.14,18.38,29.05,86.06,19.21,96.48,11.02,11.09,60.93,6.77,9.03,14.26,57.29,19.49,8.04,6.06,9.19,4.63,20.73,13.36,3.45,5.91,68.54,27.48,15.85,38.14,8.83,47.02,31.23,12.24,16.06,92.62,12.76,2.46,,9.37,12.65,13.23,10.07,6.23,24.5,58.29,3.76,45.42,131.25,78.41,7.4,,32.05,15.3
2018-12-10 07:00:00,6.77,20.23,18.38,29.05,85.55,19.35,94.35,10.58,11.09,60.57,6.71,8.97,13.97,58.12,19.39,8.13,6.07,8.95,4.54,20.4,13.14,3.41,5.8,69.35,27.3,15.58,38.03,8.75,47.25,30.85,12.08,15.92,92.88,12.82,2.43,,9.24,12.5,13.35,9.88,6.1,24.37,58.29,3.7,45.37,128.77,79.05,7.38,,31.08,15.2
2018-12-11 07:00:00,6.79,20.5,18.3,29.0,84.29,19.35,95.32,10.67,11.05,59.35,6.77,9.0,13.93,57.17,19.19,7.95,5.98,8.87,4.37,20.48,13.14,3.38,5.84,69.59,27.24,15.61,37.92,8.77,46.87,30.91,11.84,15.75,94.75,12.79,2.43,,9.21,12.5,13.37,9.73,6.0,24.33,58.5,3.72,45.42,127.68,78.94,7.33,,31.52,15.15
2018-12-12 07:00:00,6.86,20.68,18.9,29.31,85.72,19.5,95.44,10.76,11.05,59.71,6.77,8.9,14.05,57.7,19.32,7.87,6.05,8.91,4.48,20.28,13.49,3.41,5.91,70.48,27.76,15.61,37.86,8.77,47.1,31.23,12.08,15.9,94.75,12.86,2.49,,9.37,12.7,13.65,9.78,6.03,24.84,58.5,3.72,45.42,129.07,78.47,7.3,,31.86,15.35
2018-12-13 07:00:00,6.81,20.95,18.71,29.66,84.88,19.5,97.03,10.6,11.07,59.49,6.73,8.87,14.1,57.76,19.32,7.95,6.06,9.02,4.44,20.16,13.51,3.35,5.83,70.56,27.61,15.88,37.53,8.89,46.95,31.52,12.16,15.82,93.7,13.36,2.46,,9.39,12.9,13.56,9.73,6.03,24.67,58.5,3.76,45.68,128.37,79.05,7.31,,31.76,15.45
2018-12-14 07:00:00,6.75,21.13,18.49,29.31,83.54,19.43,98.31,10.24,11.0,59.49,6.9,9.26,13.96,56.99,19.12,7.95,5.98,8.89,4.37,19.99,13.58,3.35,5.72,69.27,27.27,15.88,37.31,8.86,46.18,31.26,12.0,15.61,93.78,13.11,2.43,,9.26,12.8,13.53,9.88,6.0,24.2,58.14,3.66,45.64,126.89,79.05,7.1,,31.28,15.34
2018-12-17 07:00:00,6.57,20.95,18.11,28.64,82.86,19.24,97.45,9.91,10.98,59.99,6.76,9.0,13.59,55.32,18.62,7.87,5.84,8.59,4.22,19.99,13.54,3.31,5.58,66.43,26.37,15.61,36.92,8.65,43.87,31.71,11.68,15.24,93.78,13.05,2.43,,9.02,12.5,12.94,9.8,5.89,23.47,56.46,3.57,45.55,125.4,78.41,6.84,,31.08,14.8
2018-12-18 07:00:00,6.57,21.04,18.36,28.28,79.0,19.06,97.7,9.82,10.98,59.42,6.76,8.97,13.28,55.62,18.28,7.87,5.82,8.25,4.22,19.91,13.49,3.28,5.59,65.78,26.46,15.49,36.08,8.41,43.71,30.53,11.84,15.34,93.78,12.73,2.4,,8.91,12.4,12.99,9.63,5.7,23.6,56.46,3.49,45.33,123.81,77.12,6.74,,30.69,14.57
2018-12-19 07:00:00,6.57,20.95,18.17,28.08,76.48,19.13,95.87,9.34,10.8,58.91,6.77,9.1,13.31,54.73,18.15,7.95,5.74,7.88,4.22,19.79,13.54,3.28,5.55,66.03,26.61,15.43,35.36,8.38,42.95,30.02,11.84,15.39,93.63,12.6,2.4,,8.88,12.45,12.99,9.63,5.67,23.3,56.46,3.49,45.33,123.91,75.6,6.74,,30.21,14.55
2018-12-20 07:00:00,6.57,21.04,18.52,27.98,78.41,19.1,96.18,9.25,10.89,58.05,7.02,9.1,13.29,55.62,18.25,7.95,5.75,7.94,4.22,19.18,13.89,3.28,5.5,65.62,26.52,15.61,36.19,8.46,43.02,29.99,11.84,15.29,92.5,12.7,2.43,,8.9,12.25,12.87,9.71,5.76,23.39,56.39,3.57,45.28,123.12,73.9,6.61,,29.24,14.53
2018-12-21 07:00:00,6.53,21.4,18.55,28.08,80.01,18.95,96.48,9.55,10.87,57.69,6.94,9.1,13.44,54.55,18.25,8.04,5.81,7.94,4.13,19.58,13.8,3.28,5.5,63.68,26.99,15.4,35.36,8.46,43.95,30.28,11.84,15.24,92.5,13.05,2.4,,8.8,12.1,12.9,9.58,5.7,23.34,53.84,3.53,45.33,123.12,71.73,6.74,,28.46,14.5
2018-12-24 07:00:00,6.44,21.22,18.55,27.67,77.32,18.88,96.91,9.32,10.44,56.61,7.1,9.0,13.28,52.94,18.25,8.13,5.74,8.09,3.99,19.42,13.84,3.21,5.37,64.0,26.83,15.34,35.69,8.41,43.56,30.34,11.68,15.08,92.46,13.18,2.36,,8.53,12.15,12.71,9.24,5.69,22.74,54.21,3.49,45.33,123.22,73.55,6.63,,28.8,14.4
2018-12-25 07:00:00,6.39,21.04,17.87,26.59,77.32,18.66,95.93,9.02,10.12,55.96,7.34,9.03,13.12,51.04,17.58,8.04,5.69,8.06,3.86,19.09,13.82,3.17,5.17,64.81,26.49,15.31,36.3,8.25,42.56,29.86,11.6,14.74,92.46,13.37,2.33,,8.49,11.95,12.47,8.61,5.47,22.57,53.55,3.44,45.28,120.84,72.96,6.39,,28.95,14.13
2018-12-26 07:00:00,6.37,21.58,17.78,26.44,76.22,18.91,96.18,8.84,10.16,54.59,7.32,9.03,13.09,49.37,17.45,8.21,5.7,8.04,3.59,19.58,13.82,3.28,5.15,64.0,26.49,15.22,35.75,8.25,42.48,29.8,11.76,14.79,93.25,13.37,2.33,,8.42,11.95,12.28,8.64,5.56,22.62,52.46,3.4,45.28,120.94,72.61,6.35,,28.36,14.1
2018-12-27 07:00:00,6.53,22.3,18.55,26.85,77.57,19.02,97.51,8.86,10.18,54.66,7.29,9.26,13.22,51.46,17.48,8.56,5.84,8.21,3.84,19.71,14.19,3.31,5.17,64.0,26.8,15.66,35.75,8.22,43.25,30.21,12.63,14.88,93.93,13.6,2.33,,8.53,12.0,12.31,8.64,5.66,22.92,53.4,3.42,45.51,118.96,72.73,6.47,,28.36,14.32
2018-12-28 07:00:00,6.57,21.76,18.77,26.9,74.8,19.28,97.39,8.84,10.46,56.97,7.19,9.13,13.34,51.52,17.48,8.9,6.0,8.21,3.93,19.75,14.5,3.31,5.11,62.79,26.99,15.5,35.75,8.22,40.79,29.96,,14.84,100.18,13.5,2.33,,8.42,11.95,12.21,8.64,5.66,22.92,53.48,3.36,42.35,118.96,70.84,6.5,,27.1,14.31
2019-01-02 07:00:00,6.48,21.58,18.27,25.93,74.8,19.06,97.39,8.7,10.0,54.95,7.1,9.1,13.02,51.64,17.65,8.21,5.58,8.17,3.9,19.5,13.69,3.27,5.08,63.68,26.52,15.56,35.91,8.15,41.87,29.57,,14.76,93.18,13.27,2.33,,8.38,11.6,12.09,8.34,5.66,22.96,53.55,3.4,44.62,115.98,73.2,6.32,,27.97,14.1
2019-01-03 07:00:00,6.24,19.78,17.46,25.16,74.96,18.47,97.09,8.29,9.66,53.0,6.77,9.07,12.9,50.39,17.05,8.13,5.58,7.82,3.78,18.77,13.69,3.2,4.86,63.19,25.75,16.0,35.08,8.09,41.25,28.6,,14.45,91.94,12.95,2.27,,8.22,11.1,11.81,8.37,5.53,22.96,53.33,3.34,44.57,115.19,72.55,6.19,,26.91,13.93
2019-01-04 07:00:00,6.28,20.41,17.21,24.98,74.46,18.69,97.09,8.4,9.87,53.0,6.97,9.13,12.99,50.27,17.08,8.13,5.74,7.88,3.72,18.69,13.69,3.16,4.88,61.73,25.93,16.32,35.19,8.14,42.25,28.93,,14.35,91.08,12.98,2.27,,8.22,11.15,11.79,8.27,5.52,23.3,53.91,3.36,44.71,114.0,73.79,6.17,,26.71,13.92
2019-01-07 07:00:00,6.37,20.32,17.62,25.19,74.46,18.69,97.39,8.31,9.87,54.08,7.03,9.1,13.22,51.34,17.18,7.78,5.72,7.78,3.87,18.69,13.67,3.13,4.98,63.35,26.37,16.32,34.52,8.09,42.48,29.38,,14.55,91.38,13.14,2.33,,8.23,11.5,11.86,8.25,5.57,23.39,54.06,3.38,44.88,114.99,77.33,6.27,,27.1,13.98
2019-01-08 07:00:00,6.33,20.41,17.46,25.11,74.12,17.96,97.33,8.2,9.84,53.94,6.89,9.1,13.28,52.53,17.15,7.95,5.64,7.65,3.88,18.6,13.67,3.2,4.95,64.0,26.06,16.07,32.13,8.09,41.64,29.25,,14.45,91.38,13.18,2.27,,8.12,11.35,11.86,8.17,5.59,23.56,54.06,3.4,44.88,114.0,76.74,6.24,,26.81,14.1
2019-01-09 07:00:00,6.44,20.86,18.0,25.62,74.8,18.4,97.39,8.4,9.89,54.44,6.9,9.49,13.4,53.48,17.31,8.13,5.72,7.82,4.04,18.73,13.58,3.16,5.08,64.0,26.49,16.51,32.74,8.09,41.71,29.41,,14.74,91.38,13.24,2.33,,8.14,11.4,12.19,8.13,5.84,23.9,54.06,3.4,45.11,114.0,77.87,6.24,,28.22,14.0
2019-01-10 07:00:00,6.41,20.59,17.73,25.98,75.22,18.22,97.39,8.63,10.0,55.88,6.95,9.49,13.33,54.31,17.31,8.04,5.74,7.9,4.14,18.6,13.54,3.16,5.08,64.97,26.68,16.89,32.96,8.38,42.41,29.67,,14.98,89.88,13.27,2.27,,8.07,11.4,12.19,8.15,5.91,23.56,54.35,3.38,45.06,114.0,77.75,6.26,,28.61,14.2
2019-01-11 07:00:00,6.41,20.41,17.4,25.88,75.97,18.11,96.48,8.61,10.23,57.61,6.89,9.42,13.34,54.13,17.18,8.13,5.78,7.78,4.03,18.52,13.4,3.16,5.05,65.38,26.37,17.3,33.02,8.35,42.56,29.73,,15.17,89.88,13.47,2.27,,8.26,11.4,12.28,8.27,5.93,23.64,55.81,3.36,45.06,115.98,79.11,6.22,,29.04,14.17
2019-01-14 07:00:00,6.37,20.14,17.4,25.67,74.38,17.7,94.96,8.61,10.25,58.41,6.87,9.42,13.44,53.24,17.38,8.13,5.76,7.77,4.07,18.52,13.25,3.13,4.99,65.22,26.37,17.3,32.35,8.27,42.25,29.54,12.32,15.08,89.88,13.5,2.27,,8.15,11.2,12.21,8.22,6.25,23.69,56.32,3.38,45.06,116.48,79.7,6.21,,29.48,14.15
2019-01-15 07:00:00,6.46,19.96,17.73,25.83,74.54,17.81,94.04,8.66,10.0,58.41,7.1,9.55,13.53,53.72,17.71,8.13,5.78,7.77,4.14,18.28,13.21,3.16,5.12,66.35,26.58,17.64,32.35,8.28,42.56,29.54,12.4,15.46,89.73,13.61,2.3,,8.22,11.3,12.52,8.25,5.98,23.94,58.21,3.36,45.11,116.18,79.64,6.27,,30.11,14.25
2019-01-16 07:00:00,6.39,20.14,17.57,25.57,75.64,17.59,90.82,8.56,10.05,59.2,7.13,9.42,13.45,53.9,17.71,8.3,5.78,7.81,4.08,18.28,13.21,3.09,5.11,65.95,26.46,17.77,32.02,8.28,42.71,29.47,12.32,15.34,89.51,13.64,2.27,,8.14,11.3,12.52,8.25,5.9,23.73,58.5,3.36,45.33,114.99,78.51,6.47,,30.55,14.26
2019-01-17 07:00:00,6.41,20.05,17.43,25.16,77.23,17.45,90.21,8.45,9.77,59.56,7.34,9.68,13.28,52.94,16.78,8.21,5.72,7.67,3.99,18.07,13.18,3.06,5.19,64.97,26.46,17.33,31.63,8.25,42.1,28.93,12.32,15.2,87.82,13.57,2.27,,7.96,11.2,12.59,8.2,5.87,23.64,58.14,3.47,45.33,114.49,78.04,6.19,,29.24,14.04
2019-01-18 07:00:00,6.35,20.14,17.29,25.06,77.23,17.37,90.03,8.34,9.79,60.28,7.48,9.55,13.28,52.94,17.18,8.39,5.76,7.74,3.95,17.71,13.12,3.06,5.19,65.62,26.18,17.67,31.74,8.22,41.87,28.67,12.0,15.46,87.82,13.47,2.27,,7.95,11.25,12.64,8.51,5.9,23.47,58.65,3.42,45.42,114.2,79.11,6.27,,28.41,14.05
2019-01-21 07:00:00,6.55,19.78,17.92,24.6,77.32,17.37,90.94,8.91,10.24,60.79,7.27,9.75,13.44,53.84,17.38,8.47,5.87,7.84,3.96,17.58,13.12,3.09,5.51,65.46,25.96,18.02,31.79,8.17,42.56,29.47,12.12,15.75,87.82,13.54,2.33,,8.09,11.7,12.94,8.66,5.96,23.9,58.65,3.45,45.51,114.2,78.99,6.52,,28.46,14.39
2019-01-22 07:00:00,6.46,20.5,17.87,24.65,75.64,16.6,87.04,8.95,10.0,61.0,7.36,10.4,13.39,53.36,17.38,8.13,5.96,7.82,3.89,16.93,13.21,3.09,5.41,64.89,25.99,17.52,31.68,8.22,41.17,29.12,12.24,15.61,87.56,13.81,2.27,,8.07,11.75,12.66,8.76,5.96,23.64,57.99,3.44,45.51,114.0,79.11,6.4,,28.12,14.2
2019-01-23 07:00:00,6.46,20.23,17.84,24.86,75.89,17.12,83.45,9.14,9.98,60.43,7.37,10.53,13.39,53.54,17.68,8.13,5.94,7.97,3.9,16.32,13.21,3.09,5.44,63.19,25.93,17.52,31.85,8.15,40.94,29.09,12.24,15.61,87.56,13.81,2.3,,8.04,12.15,12.54,8.78,6.18,23.73,57.99,3.42,45.6,114.49,79.4,6.48,,28.27,14.28
2019-01-24 07:00:00,6.48,20.41,17.73,24.86,75.89,17.56,80.04,9.37,9.68,60.57,7.27,10.46,13.42,53.42,17.58,8.21,5.93,7.92,3.92,16.6,13.21,3.09,5.57,63.19,25.93,17.86,31.79,8.06,40.94,29.15,12.16,15.85,87.26,13.74,2.3,,8.07,12.2,12.59,8.76,6.03,23.73,57.41,3.42,45.68,116.97,79.99,6.58,,28.36,14.27
2019-01-25 07:00:00,6.48,19.87,17.48,24.8,77.23,16.79,80.04,9.25,9.91,61.22,7.06,10.4,13.4,53.24,17.65,7.95,5.93,7.88,4.04,16.77,13.18,3.09,5.55,63.43,25.81,18.3,31.74,8.07,41.41,29.57,12.16,15.85,87.26,13.81,2.3,,8.28,12.3,12.59,8.81,6.0,23.9,56.83,3.4,45.73,121.43,80.23,6.53,,28.36,14.2
2019-01-28 07:00:00,6.41,20.5,17.4,24.04,78.24,16.86,83.33,9.32,9.54,60.43,7.16,10.4,13.31,53.24,17.48,8.21,5.94,7.89,4.05,16.65,13.23,3.06,5.53,64.08,25.93,18.27,31.79,8.25,41.17,30.28,12.43,15.85,87.26,13.81,2.3,,8.23,12.25,12.38,8.93,5.97,23.77,58.72,3.36,46.08,121.43,80.58,6.42,,28.41,14.31
2019-01-29 07:00:00,6.44,20.23,17.29,23.53,79.33,17.23,82.97,9.5,9.35,60.43,7.39,10.66,13.44,52.29,17.45,8.39,5.94,7.88,4.03,16.57,13.23,3.09,5.59,64.41,26.52,18.27,31.96,8.38,41.17,30.21,12.87,15.9,87.26,13.74,2.3,,8.28,12.15,12.52,9.07,5.87,24.29,59.38,3.34,46.17,120.64,80.58,6.52,,28.56,14.5
2019-01-30 07:00:00,6.5,,17.29,23.42,81.1,17.37,81.87,9.37,9.58,60.57,7.32,10.72,13.66,52.35,17.38,8.56,5.94,7.69,4.01,16.57,13.23,3.09,5.72,64.08,25.93,18.34,31.79,8.43,41.02,30.15,13.26,16.26,87.26,13.71,2.33,,8.22,12.0,12.57,9.17,5.93,24.29,59.74,3.3,46.17,122.13,79.99,6.48,,28.46,14.42
2019-01-31 07:00:00,6.53,20.68,17.18,23.53,77.49,16.86,82.05,9.02,9.54,61.29,7.32,10.85,13.66,52.23,17.25,8.65,6.04,7.35,3.98,16.32,13.23,3.09,5.75,62.95,25.75,18.4,31.52,8.3,41.48,30.53,12.99,16.23,87.26,13.67,2.33,,8.25,12.3,12.52,9.1,5.9,24.33,58.29,3.3,46.17,122.43,79.7,6.58,,28.36,14.26
2019-02-01 07:00:00,6.55,20.05,17.24,23.32,80.43,16.64,80.59,9.21,9.72,61.36,7.23,11.6,13.47,52.35,17.15,8.73,6.04,7.24,3.91,15.18,13.25,3.09,5.74,63.52,25.75,18.4,31.57,8.48,41.17,30.4,13.07,16.23,87.26,13.74,2.33,,8.25,12.4,12.85,9.49,5.94,24.2,58.29,3.36,43.91,123.91,79.7,6.53,,28.17,14.2
2019-02-11 07:00:00,6.7,21.04,17.43,23.63,80.26,17.45,82.36,9.48,9.72,61.29,7.27,11.6,13.96,53.84,17.55,8.21,6.07,7.67,3.93,15.83,13.27,3.2,5.79,64.97,26.24,18.27,32.02,8.54,42.79,31.34,13.38,16.67,87.37,13.74,2.46,,8.5,12.95,12.78,9.73,6.03,24.89,58.21,3.44,46.22,124.8,80.88,6.91,,28.56,14.69
2019-02-12 07:00:00,6.77,20.68,17.7,24.65,79.92,17.08,81.93,9.55,9.82,61.51,7.29,11.7,13.88,54.13,17.61,8.65,6.16,7.82,4.2,16.16,13.36,3.27,5.78,66.67,26.24,18.3,32.02,8.7,42.87,31.11,13.34,16.79,89.06,13.74,2.49,,8.58,13.0,12.97,9.83,6.04,25.1,58.29,3.42,48.48,124.8,81.47,6.96,,28.85,14.8
2019-02-13 07:00:00,6.77,21.22,17.73,25.98,81.1,17.23,81.5,9.55,10.24,62.09,7.56,12.02,14.08,55.32,18.38,8.56,6.18,8.2,4.49,16.28,13.36,3.24,5.78,69.59,26.74,18.52,32.02,8.67,43.95,31.37,13.3,16.84,88.42,13.74,2.49,,8.6,13.0,13.01,9.85,6.06,25.61,58.29,3.42,48.44,123.42,81.64,7.01,,29.53,14.9
2019-02-14 07:00:00,6.68,20.95,17.67,25.78,80.93,17.12,83.58,9.55,10.1,64.03,7.52,11.63,13.99,55.03,18.15,8.39,6.1,8.22,4.58,17.18,13.29,3.24,5.8,69.67,26.58,18.49,32.24,8.64,43.64,31.24,13.3,16.81,89.13,14.36,2.56,,8.56,12.95,12.9,9.83,6.04,25.79,59.67,3.36,50.17,122.33,82.29,6.92,,30.6,14.95
2019-02-15 07:00:00,6.7,20.23,18.08,25.88,80.26,16.79,84.91,9.53,9.96,67.06,7.42,11.57,13.97,55.92,18.05,8.47,6.02,8.38,4.66,17.05,13.71,3.2,5.79,68.62,26.71,18.52,32.02,8.64,43.64,31.08,13.22,16.91,89.28,14.53,2.49,,8.49,13.0,12.87,10.22,6.01,25.4,59.16,3.4,49.77,120.24,82.77,6.92,,30.06,14.9
2019-02-18 07:00:00,6.75,20.59,18.27,25.57,78.16,16.93,84.98,9.57,9.93,69.95,7.32,11.37,14.04,57.82,18.25,8.39,6.06,8.53,4.64,17.1,13.67,3.2,5.8,69.19,26.71,19.22,32.24,8.64,45.41,31.27,13.82,17.32,89.88,14.36,2.49,,8.56,13.1,12.92,10.7,6.03,25.7,59.74,3.47,50.53,119.45,83.83,7.01,,30.74,14.94
2019-02-19 07:00:00,6.73,21.13,17.95,25.16,79.17,17.08,83.27,9.39,9.93,70.67,7.39,11.37,14.04,57.11,18.28,8.47,5.94,8.41,4.52,17.14,13.58,3.16,5.76,70.08,26.99,18.84,32.29,8.57,44.41,31.47,13.38,17.1,90.26,14.12,2.43,,8.61,12.8,13.01,10.95,5.98,25.27,63.39,3.55,51.55,119.75,84.18,6.91,,30.69,15.02
2019-02-20 07:00:00,6.75,21.31,18.55,25.47,80.68,16.82,83.45,9.44,9.93,69.37,7.39,11.47,14.18,57.11,18.35,8.56,5.88,8.54,4.45,17.18,13.69,3.31,5.79,69.67,27.02,18.62,32.35,8.56,43.71,31.79,13.07,17.05,91.38,13.88,2.43,,8.69,12.9,13.01,11.09,5.98,25.31,65.86,3.66,51.77,118.76,84.42,6.89,,31.18,15.15
2019-02-21 07:00:00,6.68,21.22,18.68,25.32,80.17,16.9,83.39,9.34,9.89,70.31,7.06,11.05,14.16,57.82,18.45,8.3,5.9,8.67,4.49,17.01,13.71,3.31,5.8,72.67,27.27,18.27,32.46,8.56,44.87,31.82,12.99,17.12,92.88,14.05,2.43,,8.82,13.0,12.99,11.43,5.9,25.74,70.45,3.68,52.62,117.96,87.67,6.97,,33.02,15.18
2019-02-22 07:00:00,6.77,21.58,18.55,25.06,81.1,16.64,81.69,9.66,10.0,73.55,6.74,10.92,14.29,59.07,18.35,8.39,5.96,8.99,4.81,16.81,13.62,3.27,5.91,71.62,27.61,17.77,32.52,8.57,45.02,31.85,12.79,17.1,92.5,13.78,2.46,,8.93,13.05,13.09,12.04,5.96,26.56,67.83,3.61,51.99,120.44,87.9,6.96,,34.0,15.4
2019-02-25 07:00:00,6.88,21.31,18.55,24.75,79.75,17.34,82.78,9.76,10.0,78.67,6.77,11.57,14.38,59.01,18.38,8.65,6.14,9.23,5.14,17.01,13.62,3.31,5.9,73.89,27.79,18.27,33.3,8.64,45.1,32.14,12.95,17.15,92.8,13.61,2.46,,9.04,12.9,13.11,11.92,6.03,27.16,67.03,3.63,51.68,123.42,89.5,7.01,,32.93,15.55
2019-02-26 07:00:00,6.84,22.48,18.33,25.57,78.33,17.23,82.54,9.78,10.21,80.69,6.73,11.37,14.29,58.24,18.62,8.56,6.07,9.15,5.37,16.97,13.71,3.24,5.79,72.91,27.45,18.78,33.07,8.6,43.87,31.56,12.83,17.3,92.5,13.88,2.46,,9.01,12.8,12.97,11.92,5.96,26.98,67.03,3.61,51.33,122.52,86.25,6.94,,33.51,15.37
2019-02-27 07:00:00,6.79,22.92,18.33,26.85,80.01,18.0,83.09,9.69,10.03,83.65,6.74,11.63,14.26,58.6,18.88,8.47,6.06,9.12,5.49,16.89,13.62,3.27,5.79,72.83,27.36,18.59,33.19,8.54,43.64,31.69,12.95,17.25,92.69,13.74,2.46,,8.93,12.7,12.85,12.65,5.94,26.51,67.54,3.59,52.17,121.63,87.19,6.91,,33.51,15.44
2019-02-28 07:00:00,6.59,22.92,17.73,27.11,79.0,17.59,81.44,9.53,10.0,85.45,6.74,11.34,13.97,58.42,18.38,8.47,5.94,8.91,5.25,16.73,13.54,3.24,5.65,72.02,26.92,18.3,32.02,8.41,43.48,30.98,12.71,16.77,89.88,13.57,2.4,,8.82,12.3,12.52,11.87,5.89,25.91,63.75,3.53,50.66,117.96,83.3,6.74,,32.05,15.0
2019-03-01 07:00:00,6.66,23.28,17.92,27.62,78.75,17.04,81.69,9.53,10.0,85.81,6.76,11.24,14.1,59.49,18.52,8.47,6.02,9.08,5.61,16.81,13.62,3.24,5.72,72.1,27.14,18.4,32.96,8.44,45.1,31.66,13.18,16.77,90.63,13.64,2.46,,8.91,12.65,12.57,11.73,5.94,26.64,66.3,3.55,51.15,118.96,83.47,6.81,,33.02,15.2
2019-03-04 07:00:00,6.75,23.2,18.33,27.16,81.1,17.08,81.69,9.71,10.33,85.81,6.76,11.57,14.23,61.27,18.78,8.73,6.02,9.38,6.0,16.89,14.06,3.27,5.82,72.51,27.61,17.96,33.13,8.6,46.49,32.43,12.99,16.79,90.63,13.61,2.46,,9.13,12.75,12.75,11.09,6.01,26.9,67.9,3.63,52.17,119.85,84.36,6.97,,33.36,15.39
2019-03-05 07:00:00,6.73,22.92,18.87,27.62,82.61,16.79,81.26,9.73,10.52,85.52,6.87,11.28,14.2,61.87,18.52,8.99,6.08,9.3,5.98,17.79,14.0,3.31,5.82,72.43,27.24,18.24,32.74,8.62,45.72,32.17,13.26,17.12,91.19,13.4,2.43,,9.1,12.7,12.66,11.12,5.93,26.98,66.3,3.61,52.13,118.96,83.83,6.97,,33.22,15.3
2019-03-06 07:00:00,6.73,22.3,18.96,27.26,82.36,17.48,80.96,9.76,10.38,85.81,6.91,11.31,14.1,61.87,18.42,8.9,6.08,9.28,5.77,18.77,13.8,3.31,5.82,72.91,27.33,18.21,31.74,8.64,47.33,32.11,13.3,17.5,91.34,13.12,2.46,,9.1,12.65,12.66,11.21,5.93,26.86,66.88,3.66,52.3,119.95,83.24,6.94,,33.51,15.3
2019-03-07 07:00:00,6.77,22.39,19.04,27.62,81.18,17.3,82.48,9.85,10.28,85.81,6.81,11.11,14.15,61.27,18.55,8.65,6.08,9.04,5.55,19.62,13.62,3.34,5.83,72.91,27.2,18.21,31.96,8.64,46.95,32.08,13.38,17.27,90.29,12.95,2.56,,9.09,12.8,12.64,11.12,5.96,27.03,67.03,3.66,52.97,120.34,82.47,6.94,,34.0,15.4
2019-03-08 07:00:00,6.73,22.84,18.55,26.95,80.17,17.26,85.89,9.71,10.28,85.81,6.74,11.28,14.12,60.08,18.25,8.82,6.02,9.0,5.58,19.46,13.45,3.31,5.74,72.75,26.86,17.89,32.02,8.54,46.56,31.76,13.18,17.2,91.75,12.92,2.52,,8.99,12.6,12.4,11.14,5.91,26.9,66.66,3.63,52.48,119.65,80.88,6.86,,33.7,15.22
2019-03-11 07:00:00,6.75,22.84,18.36,27.0,80.34,17.45,85.83,9.66,10.28,85.88,6.74,11.28,14.07,59.61,18.32,8.56,6.02,8.97,5.82,19.58,13.65,3.27,5.72,72.59,27.11,17.58,33.46,8.64,46.49,31.98,12.91,17.05,91.75,13.12,2.52,,9.04,12.55,12.42,11.21,5.9,26.81,65.57,3.65,52.57,120.24,81.23,6.87,,34.48,15.2
2019-03-12 07:00:00,6.86,22.84,19.37,27.11,80.51,17.52,86.38,10.12,10.31,85.45,6.86,11.5,14.7,60.62,18.52,8.65,6.12,8.98,5.7,19.42,13.84,3.34,5.92,71.7,27.45,18.59,34.8,9.09,47.72,32.11,12.91,17.6,94.38,13.26,2.62,,9.1,12.7,12.66,11.26,6.01,27.76,67.25,3.7,52.7,119.45,82.06,7.01,,35.65,15.3
2019-03-13 07:00:00,6.97,21.31,19.42,27.16,80.68,18.11,86.44,10.33,10.0,85.82,6.78,11.57,14.61,60.44,18.82,8.82,6.14,9.11,5.55,18.77,13.71,3.38,5.93,72.1,27.73,18.4,34.08,9.18,47.56,32.78,13.03,17.5,95.5,13.19,2.56,,9.29,12.8,12.83,11.29,6.04,27.93,68.49,3.78,52.22,118.76,81.64,7.17,,36.72,15.46
2019-03-14 07:00:00,6.99,21.4,19.75,27.62,80.51,18.0,87.78,10.3,9.79,85.6,6.74,11.44,14.62,60.86,18.99,8.9,6.12,9.07,5.67,18.52,13.69,3.42,5.91,71.78,27.61,18.52,34.47,9.35,47.1,33.49,13.1,17.5,94.75,13.02,2.56,,9.31,13.0,12.71,11.43,6.04,28.7,68.49,3.76,52.79,117.37,80.99,7.07,,36.91,15.48
2019-03-15 07:00:00,7.04,21.58,20.29,27.62,80.93,17.96,86.44,10.4,9.89,85.52,6.66,11.5,14.54,61.64,18.88,9.77,6.3,8.46,5.47,18.52,13.71,3.45,5.91,70.08,27.48,18.24,33.35,9.35,48.02,33.43,12.87,17.25,95.05,13.09,2.59,,9.32,12.95,12.68,11.07,5.96,28.27,67.98,3.76,52.75,117.96,80.88,7.1,,36.42,15.35
2019-03-18 07:00:00,7.08,21.85,20.35,27.0,79.84,17.96,86.25,10.72,9.79,85.89,6.76,11.31,14.61,63.1,18.85,10.03,6.3,8.45,5.62,18.36,13.71,3.49,5.97,70.32,27.67,17.67,32.96,9.35,48.1,33.43,12.47,16.94,91.79,12.88,2.59,,9.23,12.85,12.78,10.92,6.03,28.95,68.7,3.78,53.9,118.76,81.47,7.33,,36.91,15.41
2019-03-19 07:00:00,6.95,20.86,19.97,26.19,80.09,18.25,86.62,10.58,9.86,85.82,6.63,11.44,14.45,62.8,18.62,9.51,6.32,8.46,5.49,18.36,13.84,3.42,5.95,70.48,27.64,17.08,32.52,9.15,47.79,32.88,12.28,16.64,92.88,12.85,2.56,,9.13,12.7,12.64,10.95,6.03,28.61,68.49,3.72,53.77,118.76,80.82,7.14,,36.62,15.3
2019-03-20 07:00:00,6.88,22.3,19.69,26.49,82.02,18.69,86.38,10.53,9.84,85.96,6.68,11.31,14.37,62.01,18.52,9.77,6.29,8.57,5.52,18.16,13.89,3.34,6.03,68.86,27.45,17.64,32.46,9.09,47.49,32.62,12.51,16.94,93.44,12.78,2.52,,9.02,12.8,12.57,10.97,6.01,28.57,67.17,3.68,53.42,118.76,81.76,7.09,,35.11,15.24
2019-03-21 07:00:00,6.75,21.76,18.98,25.57,80.68,18.18,86.44,10.12,9.89,86.77,6.61,11.28,14.26,60.07,18.18,10.81,6.14,8.49,5.55,17.54,13.86,3.31,5.99,68.86,27.27,17.33,31.74,8.86,45.79,32.3,12.08,16.49,93.4,12.51,2.49,,8.63,12.5,12.33,11.09,6.0,28.53,64.26,3.61,51.99,117.47,80.29,6.84,,33.51,15.11
2019-03-22 07:00:00,6.77,22.03,19.15,25.67,80.76,18.47,86.98,10.3,9.79,87.21,6.61,11.37,14.24,60.61,18.02,11.07,6.14,8.47,5.65,17.95,13.8,3.31,6.01,68.46,27.05,17.33,31.96,8.89,45.41,32.85,12.24,16.61,94.0,12.51,2.49,,8.69,12.55,12.33,11.14,6.01,28.65,66.37,3.66,52.7,117.87,80.58,6.84,,34.0,15.4
2019-03-25 07:00:00,6.68,21.22,18.82,24.86,80.26,17.89,84.0,10.14,9.75,87.14,6.54,11.34,14.04,59.58,17.55,10.55,6.0,8.33,5.49,17.54,13.49,3.24,5.82,66.59,25.99,16.82,31.4,8.89,44.64,32.04,11.76,16.01,93.18,12.51,2.4,,8.47,12.25,12.09,10.97,5.93,28.06,64.84,3.55,51.19,116.97,80.58,6.58,,32.39,14.73
2019-03-26 07:00:00,6.73,22.03,18.71,24.8,79.5,17.92,85.46,10.24,9.75,86.55,6.56,11.44,14.15,58.91,17.51,10.55,6.0,8.38,5.46,17.22,13.62,3.27,5.82,67.32,26.09,16.85,31.52,8.89,44.41,32.04,11.72,16.01,93.93,12.51,2.4,,8.56,12.3,12.05,11.0,5.93,28.06,65.5,3.53,50.53,116.97,80.58,6.58,,31.96,15.0
2019-03-27 07:00:00,6.75,22.03,19.04,24.86,80.43,18.11,86.44,10.3,9.91,86.55,6.54,11.5,14.23,58.97,17.61,10.89,6.01,8.58,5.57,17.38,13.67,3.27,5.88,68.86,26.18,17.14,31.63,8.93,45.25,32.11,12.16,16.08,93.93,12.58,2.46,,8.56,12.35,12.16,11.0,5.96,28.06,65.64,3.57,50.62,117.27,80.58,6.74,,32.98,14.86
2019-03-28 07:00:00,6.73,22.84,19.42,24.83,80.68,18.14,88.87,10.37,9.89,86.7,6.36,11.18,14.27,59.82,17.58,10.55,5.97,8.61,5.74,17.46,14.11,3.31,5.88,68.86,26.18,16.98,31.29,8.96,45.79,32.01,12.04,16.24,93.63,12.61,2.46,,8.55,12.15,12.07,10.97,6.01,28.57,67.83,3.63,51.5,116.18,79.81,6.66,,32.83,14.89
2019-03-29 07:00:00,6.73,23.82,19.53,24.83,79.84,18.14,87.29,10.28,9.82,86.77,6.48,11.44,14.38,59.58,17.71,10.2,5.94,8.54,5.67,17.26,13.93,3.31,5.88,68.3,26.3,17.01,31.07,9.18,45.72,31.98,11.96,16.16,93.51,12.61,2.43,,8.6,12.2,12.09,11.0,6.03,28.83,66.66,3.63,51.5,115.49,79.58,6.58,,33.61,14.7
2019-04-01 07:00:00,6.73,23.2,19.37,25.42,79.84,18.18,86.38,10.19,9.75,86.55,6.46,11.18,14.48,61.1,17.68,10.03,5.85,8.47,5.53,17.54,14.06,3.31,5.88,71.29,26.09,16.98,30.9,9.28,46.95,32.24,12.08,16.03,93.51,12.54,2.49,,8.75,12.4,12.07,11.0,6.41,29.04,67.32,3.66,51.77,113.7,81.82,6.6,,35.06,14.94
2019-04-02 07:00:00,6.73,23.28,18.98,25.26,79.25,18.33,86.74,10.08,9.72,86.77,6.36,10.92,14.54,61.28,17.71,10.29,5.7,8.51,5.51,17.95,14.15,3.27,5.9,71.37,26.09,17.08,31.07,9.18,46.41,32.04,12.08,16.13,92.13,12.54,2.46,,8.75,12.2,12.05,11.41,6.31,28.91,67.17,3.66,51.68,113.7,82.06,6.57,,34.97,14.97
2019-04-03 07:00:00,6.68,22.48,19.47,25.01,78.16,18.25,86.68,9.98,9.72,86.77,6.35,11.31,14.92,61.58,17.61,10.2,5.6,8.51,5.6,18.28,14.02,3.31,5.91,71.05,25.99,17.01,31.29,9.28,46.79,31.82,12.08,16.01,92.46,12.54,2.46,,8.64,12.25,12.02,11.77,6.41,28.78,67.03,3.66,51.06,112.91,81.76,6.5,,34.48,15.0
2019-04-04 07:00:00,6.7,22.92,19.26,25.06,79.0,18.11,85.77,10.08,9.68,88.02,6.21,11.34,15.11,61.46,17.65,10.63,5.78,8.59,5.59,18.07,14.04,3.27,5.95,71.13,25.9,16.89,31.35,9.18,46.79,32.46,12.04,16.11,93.55,12.54,2.46,,8.63,12.3,12.02,11.77,6.45,29.0,67.03,3.7,51.15,112.21,81.47,6.52,,34.48,14.95
2019-04-05 07:00:00,6.7,22.48,19.12,25.06,78.75,18.47,85.64,10.03,9.68,87.28,6.15,11.37,15.11,62.98,18.05,10.55,5.79,8.62,5.6,18.03,14.33,3.27,5.97,71.54,26.09,17.14,31.68,9.23,47.25,32.3,12.16,16.41,92.88,12.95,2.43,,8.69,12.25,12.0,11.31,6.44,29.17,67.47,3.7,51.15,111.82,80.46,6.53,,34.77,14.98
2019-04-08 07:00:00,6.84,21.67,19.37,25.52,79.08,18.07,85.64,10.21,9.38,86.84,6.26,11.44,15.11,64.92,17.85,10.46,5.72,8.59,5.54,17.83,14.15,3.27,6.03,71.54,26.06,17.14,31.79,9.54,48.18,32.56,12.28,16.51,93.4,13.06,2.49,,8.79,12.25,11.93,10.78,6.47,29.85,68.92,3.72,51.33,109.54,80.99,6.47,,34.77,15.0
2019-04-09 07:00:00,6.77,21.58,19.5,25.52,79.84,18.11,79.68,10.14,9.07,86.18,6.15,11.41,14.95,63.71,17.68,10.2,5.69,8.51,5.52,17.71,13.84,3.27,6.0,70.89,25.96,17.08,31.52,9.35,47.56,32.66,12.04,16.39,91.79,12.78,2.43,,8.85,12.25,11.98,10.87,6.41,29.9,68.34,3.7,50.22,111.52,79.93,6.5,,33.61,14.9
2019-04-10 07:00:00,6.7,21.58,19.2,25.26,79.42,17.92,74.14,10.03,8.86,86.18,6.02,11.31,14.83,63.83,17.55,10.11,5.56,8.47,5.46,17.71,13.76,3.27,5.92,70.24,25.68,16.79,31.52,9.25,46.95,32.11,11.88,16.13,92.5,12.54,2.43,,8.68,12.1,11.86,10.7,6.28,29.51,67.39,3.68,49.68,111.92,79.87,6.47,,34.0,14.8
2019-04-11 07:00:00,6.73,21.31,19.17,24.7,78.91,17.89,74.08,10.05,8.96,85.45,6.02,11.37,14.86,63.71,17.55,9.86,5.54,8.47,5.48,17.34,13.65,3.24,5.93,71.05,25.59,16.98,31.57,9.3,46.79,32.2,11.88,16.13,92.69,12.71,2.46,,8.61,12.05,11.86,10.78,6.38,29.34,68.12,3.68,51.1,112.91,80.05,6.4,,33.8,14.81
2019-04-12 07:00:00,6.7,21.13,18.96,24.91,77.57,17.85,76.76,10.01,9.12,85.08,6.05,11.21,15.24,64.62,17.38,9.77,5.49,8.5,5.51,17.18,14.02,3.2,5.91,71.13,25.59,16.98,31.18,9.35,46.95,32.01,11.96,16.13,91.45,12.71,2.43,,8.53,12.1,11.76,10.7,6.37,29.13,67.98,3.66,50.3,112.21,80.11,6.34,,33.95,14.81
2019-04-16 07:00:00,6.66,21.13,19.37,25.16,76.73,17.59,75.48,9.87,8.98,83.54,5.98,11.31,15.14,63.89,17.38,9.86,5.66,8.42,5.22,17.01,13.84,3.16,5.8,71.13,25.34,17.2,31.13,9.28,46.95,31.72,11.84,16.06,92.2,12.71,2.46,,8.45,12.05,11.6,10.48,6.3,28.87,66.3,3.66,50.26,112.31,80.29,6.24,,33.02,14.68
2019-04-17 07:00:00,6.64,,18.98,24.57,76.64,17.56,74.02,9.82,8.93,83.54,5.97,11.15,15.33,64.8,17.35,9.77,5.64,8.38,4.86,16.73,13.84,3.16,5.8,71.29,25.37,17.26,31.29,9.28,47.02,31.88,11.57,16.06,92.43,12.64,2.4,,8.39,11.9,11.69,10.36,6.27,29.13,65.43,3.66,48.88,112.51,79.7,6.34,,32.64,14.75
2019-04-18 07:00:00,6.59,21.13,18.98,23.94,76.48,17.56,73.41,9.62,8.46,81.78,5.8,11.18,15.33,64.07,17.28,9.6,5.56,8.3,4.64,16.65,13.91,3.13,5.81,69.67,25.25,16.85,31.4,9.15,46.56,31.27,11.37,15.9,86.51,12.58,2.4,,8.22,11.75,11.46,10.27,6.2,29.08,64.84,3.63,48.44,113.01,79.81,6.29,,32.93,14.61
2019-04-19 07:00:00,6.57,20.77,19.01,24.04,76.9,17.45,73.96,9.53,8.49,82.15,5.8,11.15,15.32,64.44,17.31,9.77,5.56,8.38,4.96,16.77,13.89,3.16,5.83,70.97,25.5,16.7,31.85,9.09,46.72,31.4,11.13,15.93,90.07,12.54,2.43,,8.22,11.75,11.43,10.29,6.27,29.13,64.84,3.63,48.93,113.9,78.51,6.32,,32.93,14.65
2019-04-22 07:00:00,6.5,21.94,18.66,23.86,75.89,17.04,72.74,9.39,8.84,82.52,5.64,11.31,15.14,65.89,17.01,9.42,5.56,8.45,5.11,17.1,13.84,3.09,5.77,71.21,25.75,16.76,31.9,8.96,46.56,31.66,11.25,15.73,91.0,12.54,2.43,,7.96,11.55,11.22,10.27,6.17,29.08,65.57,3.63,49.73,113.9,76.51,6.3,,32.88,14.57
2019-04-23 07:00:00,6.57,21.22,18.66,24.04,77.15,17.45,73.1,9.55,8.79,83.62,5.85,11.31,15.14,68.08,17.01,9.6,5.6,8.46,5.11,16.89,13.62,3.16,5.75,71.21,25.68,16.76,32.35,8.99,47.18,32.08,11.17,15.73,90.07,12.44,2.43,,7.95,12.05,11.15,10.29,6.16,28.91,64.84,3.59,50.22,114.4,74.97,6.22,,33.7,14.52
2019-04-24 07:00:00,6.68,21.13,18.87,24.04,76.39,17.3,73.65,9.8,8.77,82.66,5.95,11.18,15.35,68.08,17.18,9.51,5.62,8.85,5.3,16.81,13.65,3.16,5.8,71.29,25.75,16.85,32.52,9.23,47.56,32.14,11.45,15.9,89.88,12.54,2.43,,8.12,12.05,11.5,10.29,6.08,29.34,65.35,3.61,50.57,114.5,76.45,6.29,,34.38,14.8
2019-04-25 07:00:00,6.66,21.58,18.82,23.83,75.13,17.23,73.59,9.64,8.65,82.88,5.97,11.21,15.43,68.56,17.25,9.68,5.56,8.78,5.28,16.57,13.62,3.16,5.8,70.81,25.9,16.98,32.41,9.23,47.33,31.92,11.33,15.98,89.51,12.54,2.43,,8.06,11.85,11.41,10.31,6.01,29.0,65.72,3.63,50.48,115.2,76.45,6.21,,34.14,14.63
2019-04-26 07:00:00,6.68,21.67,18.98,24.24,74.46,16.79,73.53,9.73,8.7,85.01,5.95,11.05,15.66,68.44,17.31,9.6,5.56,8.91,5.31,16.65,13.62,3.16,5.88,70.4,26.34,17.11,32.91,9.31,47.95,32.17,11.68,16.13,89.58,12.51,2.43,,8.15,11.95,11.41,10.41,6.06,29.08,67.03,3.63,50.53,115.9,76.63,6.21,,34.97,14.72
2019-05-02 07:00:00,6.59,21.58,18.82,23.88,69.25,17.37,73.35,9.62,8.51,86.92,5.97,11.21,15.76,69.17,17.35,9.68,5.56,9.02,5.54,16.57,13.62,3.16,5.91,71.7,26.68,17.14,32.57,9.33,48.1,33.1,11.57,16.24,91.27,12.58,2.43,,8.09,11.9,11.27,10.41,6.06,28.65,66.59,3.57,50.48,118.5,76.74,6.17,,35.4,14.72
2019-05-03 07:00:00,6.66,21.31,18.66,23.96,64.46,16.86,73.96,9.57,8.56,85.52,6.0,11.31,15.81,68.26,17.51,9.51,5.54,9.06,5.55,16.52,13.62,3.13,5.96,71.78,26.65,17.01,33.13,9.29,47.41,33.01,11.53,16.21,91.27,12.44,2.4,,8.18,12.35,11.34,10.44,6.04,28.57,65.86,3.53,49.99,118.5,77.33,6.17,,35.06,14.9
2019-05-06 07:00:00,6.53,20.68,18.06,23.27,61.27,17.23,72.74,9.37,8.44,86.4,5.85,11.18,15.41,65.47,17.18,9.25,5.41,8.87,5.41,15.38,13.4,2.95,5.8,70.48,25.99,16.85,32.35,9.17,46.95,32.75,11.25,15.73,90.07,12.16,2.36,,7.96,12.05,11.01,10.39,6.04,28.4,64.84,3.51,49.86,117.3,76.21,6.01,,34.19,14.52
2019-05-07 07:00:00,6.55,20.41,18.06,23.37,64.71,17.23,72.56,9.34,8.58,85.45,5.95,11.11,15.71,65.83,17.28,9.42,5.17,8.89,5.41,16.28,13.4,3.02,5.79,71.21,26.03,16.89,31.74,9.05,47.1,32.66,10.97,15.7,90.48,12.16,2.36,,7.87,12.1,10.96,10.12,6.1,28.1,64.04,3.51,50.04,117.0,76.45,5.95,,34.09,14.5
2019-05-08 07:00:00,6.55,19.78,17.65,22.84,63.03,16.97,71.95,9.37,8.58,84.13,5.78,11.24,15.7,66.13,17.48,9.08,5.21,8.79,5.39,16.48,13.18,2.95,5.75,71.13,25.9,16.89,31.96,9.05,46.87,32.46,10.82,16.03,90.7,12.16,2.4,,7.81,12.15,10.84,10.17,6.07,27.88,62.37,3.47,50.04,115.5,75.56,5.95,,34.09,14.46
2019-05-09 07:00:00,6.46,19.69,16.97,22.86,61.18,17.08,71.22,9.21,8.53,85.82,5.82,11.83,15.36,64.68,17.38,9.16,5.3,8.73,5.31,16.44,13.05,2.95,5.66,71.05,26.09,17.01,32.13,9.05,46.64,32.08,10.66,16.18,92.13,12.13,2.4,,7.77,11.9,10.77,10.19,6.1,28.06,61.56,3.45,50.04,115.5,75.68,5.95,,34.09,14.46
2019-05-10 07:00:00,6.5,19.87,17.46,22.86,61.6,17.08,71.34,9.3,8.53,86.55,5.92,11.89,15.49,65.47,17.41,9.16,5.39,8.71,5.38,16.44,12.83,2.95,5.64,70.89,26.37,16.92,32.52,9.15,47.18,32.3,10.74,16.28,92.88,12.13,2.4,,7.92,12.0,10.94,10.17,6.38,28.1,61.2,3.49,50.08,115.4,76.8,5.98,,34.34,14.46
2019-05-13 07:00:00,6.48,20.14,17.84,22.84,63.95,17.04,70.97,9.37,8.34,85.96,5.85,11.57,15.65,64.68,17.55,9.51,5.47,8.5,5.45,16.28,13.23,3.02,5.73,70.24,26.43,17.01,32.41,9.19,46.79,32.4,11.25,16.49,92.88,12.13,2.4,,7.96,11.95,10.96,10.1,6.5,28.23,61.93,3.51,50.17,116.0,79.05,6.0,,34.97,14.5
2019-05-14 07:00:00,6.46,19.78,17.67,22.78,65.38,16.86,69.7,9.41,8.23,86.18,5.83,11.31,15.87,66.13,17.61,9.94,5.39,8.59,5.51,15.99,12.96,2.95,5.75,70.08,26.52,16.89,32.46,9.19,48.02,32.43,12.0,16.72,94.75,12.13,2.36,,7.92,11.9,10.87,10.14,6.52,28.53,61.93,3.53,50.44,116.8,79.99,6.03,,34.97,14.56
2019-05-15 07:00:00,6.55,19.78,17.95,23.27,66.39,17.01,71.22,9.69,8.53,85.16,5.92,11.47,15.93,66.74,17.58,9.86,5.47,8.59,5.49,16.24,13.23,2.98,5.79,71.13,26.99,17.67,32.57,9.55,49.56,32.94,12.24,16.74,94.75,12.09,2.4,,8.14,12.05,11.31,10.34,6.57,28.61,62.66,3.55,51.24,118.0,80.05,6.16,,35.55,14.77
2019-05-16 07:00:00,6.5,19.51,17.78,23.63,65.55,17.15,72.44,9.66,8.64,85.16,5.9,11.7,15.7,66.8,17.38,9.86,5.41,8.57,5.45,15.95,13.36,2.98,5.75,70.48,26.68,17.58,32.57,9.94,49.56,33.07,12.0,16.69,91.75,12.13,2.4,,8.07,12.0,11.22,10.34,6.61,28.61,63.39,3.55,51.95,118.0,80.52,6.16,,35.55,14.82
2019-05-17 07:00:00,6.48,20.59,17.54,23.53,65.89,16.97,71.83,9.71,8.53,84.35,5.8,11.57,15.77,66.86,18.05,9.94,5.35,8.55,5.39,16.12,13.36,2.95,5.72,70.08,26.83,17.77,32.57,9.78,49.87,32.94,12.2,16.64,96.25,12.27,2.36,,8.12,11.95,11.15,10.34,6.75,28.61,63.17,3.55,51.95,117.9,80.05,6.14,,36.0,14.77
2019-05-20 07:00:00,6.5,20.23,17.84,23.19,66.06,16.97,71.52,9.78,8.5,83.98,5.8,12.15,16.05,68.56,18.18,9.94,5.38,8.7,5.41,15.91,13.36,2.98,5.7,71.29,27.39,17.71,33.07,9.66,50.95,34.71,12.24,17.02,98.5,12.58,2.36,,8.25,11.95,11.27,10.34,6.76,29.04,63.24,3.51,52.22,118.3,81.17,6.13,,36.15,14.94
2019-05-21 07:00:00,6.53,20.68,18.03,23.86,66.56,17.19,70.43,9.73,8.47,84.86,5.83,11.96,16.28,67.65,17.98,10.37,5.37,8.73,5.4,15.83,13.27,2.95,5.75,73.97,27.36,17.99,32.85,9.62,50.49,34.26,12.16,16.92,98.76,12.54,2.33,,8.23,12.05,11.36,10.34,6.78,29.0,63.17,3.53,52.22,118.8,78.81,6.19,,36.0,14.98
2019-05-22 07:00:00,6.57,20.68,18.11,23.68,65.8,16.9,70.18,9.87,8.36,85.01,5.8,11.89,16.05,67.04,18.02,10.2,5.35,8.75,5.42,15.83,13.36,2.98,5.81,72.91,27.45,17.67,32.13,9.66,51.03,34.58,12.2,16.72,98.76,12.51,2.33,,8.23,12.05,11.2,10.34,6.78,28.78,63.02,3.53,52.22,119.5,77.98,6.22,,35.8,14.8
2019-05-23 07:00:00,6.55,20.68,18.22,23.6,66.06,16.9,70.12,9.85,8.53,83.62,6.13,11.89,16.21,66.19,18.02,10.29,5.25,8.69,5.45,15.75,13.58,2.95,5.84,72.91,27.64,17.67,32.41,9.84,51.95,35.26,12.24,16.77,97.78,12.37,2.36,,8.23,12.0,11.17,10.36,6.69,28.95,63.02,3.51,51.99,119.4,77.98,6.11,,35.25,14.84
2019-05-24 07:00:00,6.48,20.59,17.73,23.22,64.88,17.08,70.12,9.71,8.47,85.16,6.13,11.57,16.18,64.62,18.22,9.94,5.25,8.53,5.42,15.67,13.6,2.95,5.76,70.64,27.99,17.45,32.41,9.78,50.8,34.62,12.4,16.69,97.82,12.3,2.3,,8.07,11.8,10.96,10.31,6.69,28.48,61.56,3.49,51.1,119.9,77.04,6.08,,35.0,14.79
2019-05-27 07:00:00,6.44,20.59,17.78,23.65,64.12,17.12,69.39,9.71,8.53,85.16,6.15,11.96,16.05,65.35,18.05,10.2,5.34,8.54,5.51,15.58,13.6,2.91,5.75,71.62,27.67,17.14,32.46,9.78,50.8,34.13,12.47,16.54,99.24,12.4,2.3,,8.01,11.8,10.94,10.27,6.75,28.87,61.49,3.47,51.1,120.5,79.11,6.11,,35.25,14.75
2019-05-28 07:00:00,6.41,20.68,17.62,23.55,64.12,17.08,68.78,9.62,8.44,85.01,6.03,11.7,15.91,65.47,18.12,10.98,5.33,8.5,5.6,15.26,13.6,2.91,5.76,70.48,27.83,17.3,32.57,9.78,51.87,34.87,12.63,16.46,97.37,12.37,2.3,,7.96,11.8,10.91,10.22,6.74,28.87,60.84,3.45,50.66,125.0,77.92,6.03,,34.6,14.81
2019-05-29 07:00:00,6.48,20.41,17.46,24.29,64.79,16.86,67.63,9.46,8.42,83.98,6.13,11.57,15.64,65.95,17.92,10.72,5.34,8.62,5.57,15.63,13.58,2.88,5.72,70.73,27.61,17.33,32.91,9.7,51.41,34.36,12.4,16.51,97.48,12.23,2.3,,7.92,11.75,10.75,10.22,6.82,28.91,60.91,3.44,51.19,123.5,78.46,5.96,,34.8,14.7
2019-05-30 07:00:00,6.46,20.77,17.35,24.17,65.13,17.01,68.18,9.46,8.42,84.72,6.03,11.76,15.8,65.59,17.85,10.81,5.42,8.49,5.49,15.54,13.6,2.88,5.7,69.27,27.64,17.14,33.46,9.76,51.89,34.2,12.4,16.74,98.68,12.37,2.33,,7.93,11.8,10.84,10.19,6.82,29.0,60.18,3.44,51.1,124.2,77.63,6.0,,35.0,14.78
2019-05-31 07:00:00,6.44,20.95,17.18,24.04,64.54,16.9,67.57,9.3,8.23,84.72,5.9,11.5,15.64,63.28,17.45,10.11,5.41,8.51,5.4,16.08,13.62,2.88,5.62,69.51,27.17,17.01,33.52,9.58,50.53,33.2,12.04,16.49,99.99,12.4,2.27,,7.85,11.75,10.68,10.07,6.78,28.78,59.74,3.44,50.93,124.5,76.45,5.93,,34.8,14.55
2019-06-03 07:00:00,6.37,20.5,16.69,23.88,64.96,16.68,67.5,9.11,8.12,83.03,5.95,12.09,15.43,61.52,17.25,10.03,5.3,8.35,5.18,15.83,13.6,2.8,5.49,68.86,26.82,17.01,33.41,9.51,49.09,32.46,12.0,15.98,101.12,12.23,2.27,,7.82,11.6,10.16,10.17,6.75,28.48,58.72,3.42,50.88,122.0,75.56,5.86,,33.8,14.1
2019-06-04 07:00:00,6.35,20.59,17.46,23.24,65.38,16.79,64.7,9.16,8.12,83.1,5.9,11.96,15.36,61.89,17.28,10.03,5.27,8.37,5.19,15.58,13.6,2.84,5.49,68.86,27.14,16.92,33.52,9.51,49.81,32.49,12.24,16.21,102.24,12.23,2.27,,7.84,11.6,10.01,10.22,6.75,28.78,58.72,3.42,50.93,121.3,75.92,5.86,,34.3,14.39
2019-06-05 07:00:00,6.41,20.59,17.13,22.43,65.38,16.79,65.13,9.21,8.12,83.98,6.02,11.54,15.47,61.89,17.35,10.03,5.33,8.2,5.16,15.5,13.58,2.88,5.46,68.86,27.33,16.92,33.69,9.66,49.65,33.05,12.32,16.24,102.61,12.27,2.27,,7.85,11.65,10.06,10.24,6.78,28.57,58.72,3.44,51.5,121.4,76.16,5.82,,34.35,14.37
2019-06-06 07:00:00,6.33,19.96,17.07,22.97,65.38,16.64,65.13,9.3,8.12,84.28,5.95,11.93,15.78,60.55,17.58,10.72,5.31,7.82,5.07,15.5,13.58,2.8,5.45,69.02,27.29,16.95,33.58,9.66,49.41,33.05,12.43,16.24,102.61,12.23,2.27,,7.81,11.55,10.09,10.07,6.78,28.23,58.5,3.36,51.5,121.4,75.56,5.85,,34.45,14.21
2019-06-07 07:00:00,6.37,20.68,17.29,24.05,65.8,16.75,64.28,9.37,8.12,84.28,5.97,11.96,16.03,62.49,17.68,11.67,5.33,7.91,5.07,15.34,13.58,2.84,5.54,69.67,27.86,17.11,33.8,9.82,49.97,33.82,12.67,16.54,103.51,12.23,2.3,,7.92,11.75,10.2,10.22,6.84,28.1,59.89,3.38,51.99,122.2,75.62,5.85,,34.75,14.38
2019-06-10 07:00:00,6.35,21.49,17.29,23.88,66.39,16.86,64.58,9.39,8.09,83.47,6.02,11.86,16.0,62.8,17.48,11.24,5.31,7.89,5.14,15.46,13.62,2.84,5.56,70.24,27.96,17.14,33.8,10.02,49.97,33.82,12.71,16.41,105.54,12.2,2.27,,7.96,11.8,10.16,10.36,6.91,28.57,59.74,3.32,52.26,124.0,75.8,5.9,,35.05,14.32
2019-06-11 07:00:00,6.35,23.55,17.4,23.78,67.06,16.86,64.58,9.39,7.85,83.54,5.88,11.93,16.03,63.1,17.48,11.24,5.3,7.92,5.22,15.42,13.77,2.84,5.58,69.67,28.27,17.08,33.69,9.98,49.97,33.86,12.51,16.59,103.36,11.48,2.27,,7.96,11.7,10.16,10.56,7.23,28.87,59.67,3.28,51.99,124.0,74.96,5.91,,35.2,14.49
2019-06-12 07:00:00,6.33,24.0,17.18,23.97,67.48,16.71,64.46,9.27,7.77,82.15,5.85,11.8,15.98,61.58,17.38,11.76,5.31,7.96,5.16,15.5,13.8,2.8,5.56,68.86,28.62,17.08,33.35,9.82,49.49,32.92,12.43,16.34,102.61,11.82,2.27,,7.85,11.65,10.06,10.58,7.15,28.7,58.29,3.24,51.55,123.5,74.78,5.91,,34.95,14.3
2019-06-13 07:00:00,6.35,23.64,17.18,23.78,67.23,16.71,63.49,9.23,7.8,80.09,5.9,11.86,15.8,61.58,17.38,12.02,5.27,7.92,5.16,15.5,13.8,2.8,5.56,68.46,28.21,16.7,32.85,9.78,49.25,32.06,12.32,16.26,102.61,11.78,2.27,,7.84,11.6,9.99,10.22,7.2,28.83,58.29,3.24,51.33,121.6,73.59,5.93,,34.7,14.3
2019-06-14 07:00:00,6.37,22.56,17.54,23.56,67.23,16.75,62.27,9.3,7.8,78.19,5.83,11.83,15.75,61.89,17.35,11.58,5.27,7.91,5.19,15.5,14.17,2.84,5.58,68.21,28.11,16.79,33.07,9.78,49.17,31.85,12.32,16.16,102.24,11.82,2.27,,7.84,11.65,10.01,10.36,7.06,29.64,58.21,3.3,51.33,121.7,73.89,6.06,,34.9,14.5
2019-06-17 07:00:00,6.37,22.56,17.51,23.61,67.65,16.46,60.32,9.37,7.77,76.5,5.61,12.06,15.63,61.83,17.35,11.41,5.25,7.73,5.1,15.5,13.91,2.84,5.58,67.65,27.7,16.92,32.18,9.78,49.09,30.99,12.59,16.01,102.24,11.82,2.27,,7.77,11.45,9.83,10.39,6.95,29.64,56.83,3.3,50.88,119.9,73.89,6.06,,34.0,14.19
2019-06-18 07:00:00,6.41,21.94,17.46,22.97,67.65,16.86,58.92,9.27,7.74,74.45,5.63,12.09,15.63,61.58,17.31,11.58,5.15,7.94,5.11,15.5,14.06,2.8,5.56,66.43,27.86,17.01,31.63,9.86,48.85,30.69,12.47,16.03,102.24,11.82,2.27,,7.73,11.2,9.59,10.41,6.68,30.11,56.83,3.26,50.66,118.0,73.47,6.01,,33.5,14.05
2019-06-19 07:00:00,6.41,22.48,17.46,23.24,67.06,16.46,59.35,9.27,7.71,74.45,5.53,12.06,15.84,62.92,17.31,11.67,5.2,8.22,5.1,15.42,14.2,2.8,5.57,67.08,27.96,17.08,31.96,9.98,49.25,30.82,12.36,16.16,103.18,11.82,2.27,,7.84,11.3,9.5,9.95,6.64,29.9,56.9,3.26,51.5,119.5,73.71,6.04,,34.0,14.2
2019-06-20 07:00:00,6.57,22.92,17.81,23.24,67.57,16.57,59.04,9.62,7.5,74.45,5.54,12.02,16.1,63.59,17.41,11.67,5.33,8.13,5.12,15.42,14.26,2.84,5.75,66.84,28.62,17.11,32.07,10.34,50.85,31.63,12.24,16.31,102.99,11.78,2.3,,7.93,11.5,9.73,9.76,6.69,30.63,57.12,3.3,51.55,123.3,73.65,6.26,,34.9,14.4
2019-06-21 07:00:00,6.55,23.28,17.73,23.13,66.81,16.57,59.35,9.8,7.58,75.91,5.44,11.89,16.1,64.01,17.48,11.5,5.27,8.17,5.13,15.26,14.12,2.84,5.75,68.05,28.71,16.7,31.74,10.12,50.45,31.85,12.16,16.36,104.11,11.75,2.27,,7.93,11.45,9.83,9.78,6.69,30.41,57.19,3.3,50.88,123.2,74.96,6.29,,34.3,14.41
2019-06-24 07:00:00,6.55,22.84,17.78,23.07,67.48,16.53,59.65,9.8,7.63,76.65,5.54,12.15,16.02,63.4,17.48,11.07,5.28,8.04,5.11,15.3,13.86,2.84,5.75,68.13,28.84,17.08,32.24,10.24,50.05,31.59,11.72,16.31,105.24,11.78,2.27,,7.87,11.7,9.87,10.22,6.51,31.27,57.92,3.28,51.73,123.5,73.53,6.29,,34.5,14.45
2019-06-25 07:00:00,6.48,22.39,17.51,23.4,67.32,16.49,62.09,9.64,7.55,77.01,5.48,12.09,16.5,62.8,17.35,11.07,5.29,7.96,5.03,15.5,13.91,2.8,5.69,68.05,28.97,17.01,32.57,10.2,49.57,31.2,11.72,16.11,105.54,11.78,2.27,,7.85,11.65,9.8,10.17,6.5,31.01,57.92,3.26,51.73,123.9,73.71,6.32,,34.3,14.42
2019-06-26 07:00:00,6.44,22.48,17.73,23.24,67.9,16.46,62.33,9.57,7.58,77.89,5.32,11.99,16.37,63.53,17.65,11.07,5.27,7.89,4.98,15.91,13.8,2.8,5.62,69.27,29.28,16.95,33.35,10.12,50.29,31.24,11.68,16.24,105.61,11.78,2.23,,7.84,11.5,9.64,10.29,6.44,30.2,57.56,3.26,51.95,124.2,73.77,6.26,,34.35,14.34
2019-06-27 07:00:00,6.35,22.48,17.46,23.24,67.99,16.24,62.15,9.46,7.63,79.21,5.1,12.15,16.1,59.46,17.38,10.98,5.26,7.77,4.89,15.58,14.2,2.8,5.56,66.43,28.71,16.85,33.13,10.2,49.57,30.9,11.41,16.06,101.86,11.75,2.2,,7.77,11.3,9.54,10.22,6.44,29.77,56.46,3.22,51.06,124.5,73.53,6.14,,33.75,14.22
2019-06-28 07:00:00,6.41,22.94,17.29,23.02,67.9,16.49,65.13,8.93,7.71,79.95,5.15,12.22,16.14,59.16,17.38,10.89,5.45,8.1,4.92,15.67,14.15,2.8,5.64,67.24,29.28,16.82,33.19,10.34,47.65,31.33,12.0,16.11,102.99,11.82,2.2,,7.84,11.35,9.61,10.22,6.48,30.2,57.78,3.24,51.42,128.0,73.47,6.16,,33.8,14.21
2019-07-01 07:00:00,6.48,22.48,17.65,23.24,68.16,15.91,63.73,9.55,7.96,77.16,5.37,12.22,16.71,62.92,17.65,11.07,5.33,7.92,5.11,15.67,13.83,2.84,5.7,69.35,29.88,16.95,33.8,10.36,50.69,31.89,11.84,16.24,104.08,11.85,2.2,,7.9,11.55,9.92,10.61,6.5,30.54,59.01,3.26,52.08,127.0,74.66,6.32,,34.25,14.55
2019-07-02 07:00:00,6.41,22.11,17.48,23.24,68.32,16.49,63.67,9.53,8.01,78.19,5.29,12.15,16.64,63.04,17.78,11.33,5.25,7.79,5.09,15.54,13.83,2.91,5.7,68.54,30.13,16.92,33.52,10.34,51.41,32.1,11.68,16.34,103.06,11.82,2.17,,7.82,11.45,9.87,10.61,6.52,30.2,59.09,3.26,51.46,128.5,74.72,6.29,,34.6,14.55
2019-07-03 07:00:00,6.39,21.83,17.51,23.4,69.5,16.35,65.01,9.64,8.39,77.46,5.19,11.89,16.6,62.49,18.12,11.24,5.21,7.63,4.99,15.5,13.71,2.84,5.66,68.46,30.17,16.92,32.68,10.36,51.25,31.63,11.64,16.77,103.36,11.78,2.17,,7.85,11.35,9.83,10.61,6.55,29.81,59.74,3.36,51.28,128.5,75.26,6.26,,34.3,14.35
2019-07-04 07:00:00,6.48,22.84,17.89,24.05,69.5,16.05,65.13,9.69,8.39,79.22,5.31,12.12,16.65,62.62,18.12,11.33,5.25,7.68,4.98,15.5,13.71,2.84,5.7,69.02,30.13,17.08,33.3,10.36,51.49,31.98,11.68,16.92,104.49,11.78,2.2,,7.96,11.45,10.11,10.58,6.58,31.05,61.93,3.42,51.77,129.5,75.38,6.3,,34.75,14.59
2019-07-05 07:00:00,6.48,22.57,17.89,24.64,69.67,16.42,64.04,9.69,8.26,77.75,5.25,11.93,16.53,62.86,18.15,11.76,5.2,7.68,5.02,15.5,13.51,2.88,5.75,68.86,30.1,17.14,33.58,10.52,51.65,31.98,11.6,16.92,104.86,11.78,2.2,,8.01,11.4,10.09,10.73,6.55,31.1,62.66,3.38,51.86,129.5,75.38,6.32,,35.75,14.6
2019-07-08 07:00:00,6.44,22.11,17.76,24.42,69.67,16.13,63.49,9.57,8.36,77.16,5.25,11.96,16.42,62.49,17.85,11.33,5.15,7.49,4.96,15.46,13.39,2.88,5.69,68.46,29.76,17.01,33.52,10.42,51.17,31.63,11.57,17.0,105.24,11.78,2.17,,7.93,11.4,9.87,10.81,6.52,30.54,60.47,3.38,51.55,128.5,74.19,6.3,,35.8,14.51
2019-07-09 07:00:00,6.61,22.38,17.78,25.02,70.09,15.94,63.55,9.6,8.36,77.53,5.27,12.02,16.58,63.34,17.88,11.41,5.18,7.36,4.95,15.34,13.33,2.88,5.72,68.21,30.61,16.95,33.46,10.46,51.25,31.59,11.45,17.02,105.24,11.96,2.17,,7.92,11.35,9.78,10.81,6.52,30.8,60.54,3.34,51.55,128.9,74.66,6.29,,36.4,14.42
2019-07-10 07:00:00,6.57,22.84,17.67,25.07,71.1,16.35,65.13,9.62,8.44,77.38,5.32,12.02,16.69,64.19,18.05,11.67,5.14,7.36,4.87,15.3,13.33,2.88,5.69,68.21,31.05,16.95,33.85,10.54,51.25,31.33,11.6,17.32,106.73,11.96,2.17,,7.87,11.45,9.78,10.83,6.52,31.05,60.76,3.34,51.9,131.5,74.66,6.32,,36.15,14.56
2019-07-11 07:00:00,6.7,22.84,18.25,25.02,71.35,16.42,66.04,9.87,8.47,77.53,5.27,12.06,16.67,64.44,18.05,11.84,5.17,7.42,4.79,15.42,13.22,2.88,5.77,66.84,30.92,16.89,34.24,10.61,51.73,31.33,11.68,17.15,107.11,12.0,2.2,,7.93,11.5,9.92,10.96,6.51,31.7,60.54,3.36,51.77,131.3,74.78,6.4,,36.45,14.6
2019-07-12 07:00:00,6.68,22.94,18.22,26.1,71.35,16.13,67.44,9.82,8.44,76.72,5.25,11.83,16.67,64.19,17.95,11.58,5.18,7.55,4.84,15.42,13.22,2.91,5.76,66.03,30.95,16.85,33.97,10.44,51.65,31.59,11.76,17.1,108.23,11.96,2.17,,7.92,11.4,9.78,10.88,6.5,31.57,60.54,3.5,51.55,130.2,74.07,6.35,,35.9,14.55
2019-07-15 07:00:00,6.66,24.23,18.17,27.02,70.85,16.2,67.2,9.85,8.34,76.72,5.22,11.86,16.78,64.31,18.18,11.5,5.17,7.39,4.96,15.5,12.99,2.88,5.79,64.73,31.93,16.79,33.52,10.42,51.73,31.93,11.6,17.25,105.61,11.96,2.17,,7.9,11.35,9.99,10.81,6.54,32.12,59.74,3.61,50.75,129.5,73.59,6.39,,36.25,14.48
2019-07-16 07:00:00,6.7,23.86,18.85,27.29,72.61,16.13,67.2,9.94,8.12,75.54,5.22,11.86,16.78,64.56,18.25,11.93,5.16,7.44,5.06,15.38,12.81,2.84,5.87,65.14,32.25,16.79,33.63,10.3,51.49,32.06,11.53,17.07,106.73,11.96,2.17,,7.9,11.4,10.01,10.86,6.61,33.07,61.13,3.65,51.5,131.0,74.07,6.42,,37.0,14.56
2019-07-17 07:00:00,6.81,24.87,18.85,27.07,73.96,16.13,68.48,10.03,7.98,75.54,5.2,11.89,16.69,66.07,18.08,11.76,5.23,7.36,5.05,15.5,12.81,2.84,5.96,64.65,32.06,16.79,33.13,10.34,51.49,31.85,11.49,17.0,107.11,11.89,2.2,,8.15,11.55,9.97,10.98,6.64,32.64,61.2,3.61,51.33,130.0,74.9,6.32,,37.0,14.57
2019-07-18 07:00:00,6.84,24.87,18.93,26.75,72.11,15.87,67.57,9.91,8.01,73.7,5.17,11.24,16.6,65.04,17.92,11.93,5.22,7.22,5.06,15.5,12.81,2.8,5.99,61.41,32.78,16.73,32.18,10.3,51.41,31.46,11.33,16.89,106.36,11.82,2.2,,8.07,11.55,9.87,10.96,6.58,32.72,61.2,3.71,51.02,128.5,74.42,6.29,,36.6,14.49
2019-07-19 07:00:00,6.92,25.98,19.04,26.94,71.01,16.13,67.63,10.01,8.01,75.54,5.15,11.89,17.1,64.31,17.95,11.93,5.23,7.1,5.08,15.3,12.99,2.84,5.99,62.95,33.42,16.63,32.41,10.4,51.33,31.76,11.09,16.77,103.78,11.75,2.23,,8.09,11.7,10.01,10.98,6.47,33.84,61.56,3.71,51.55,130.2,75.8,6.32,,37.4,14.57
2019-07-22 07:00:00,6.88,26.34,19.5,26.59,72.11,16.13,68.18,9.89,8.47,75.02,5.15,11.7,17.15,64.01,17.78,12.28,5.17,7.15,4.98,15.5,12.93,2.84,5.99,64.16,33.61,16.48,32.07,10.3,51.41,33.05,11.05,16.67,103.81,11.68,2.2,,7.92,11.5,9.94,10.68,6.52,33.84,61.64,3.67,51.77,132.0,74.96,6.22,,36.7,14.59
2019-07-23 07:00:00,6.84,26.25,19.23,27.07,70.76,16.13,68.3,9.91,8.88,74.88,5.14,11.7,17.31,64.98,17.85,12.45,5.18,7.48,4.98,15.5,12.81,3.02,6.12,64.49,34.36,16.38,32.46,10.42,51.41,33.61,11.13,17.05,103.85,11.64,2.2,,7.93,11.5,9.94,10.56,6.55,33.79,62.51,3.67,53.24,131.9,74.9,6.22,,37.3,14.68
2019-07-24 07:00:00,6.81,26.62,18.79,27.18,71.6,16.13,68.48,9.73,8.72,74.8,5.1,11.67,17.24,64.74,17.75,12.97,5.17,7.42,4.97,15.5,12.7,3.02,6.1,65.38,33.89,16.32,32.8,10.42,52.85,33.26,11.09,16.92,103.92,11.57,2.2,,7.81,11.35,9.9,10.63,6.54,32.94,62.51,3.71,54.22,132.8,75.02,6.22,,37.35,14.73
2019-07-25 07:00:00,6.84,26.62,19.2,26.75,71.27,16.13,68.78,9.73,8.58,74.8,5.07,11.6,17.26,65.53,17.75,12.88,5.18,7.72,4.98,15.46,12.52,2.98,6.04,65.46,34.05,16.13,32.57,10.48,52.61,33.92,11.17,16.87,105.98,11.5,2.23,,7.7,11.2,9.87,10.98,6.52,33.28,63.75,3.77,54.75,133.0,74.72,6.13,,37.5,14.79
2019-07-26 07:00:00,6.76,26.25,19.53,26.86,71.77,16.09,68.6,9.71,8.64,74.8,5.0,11.47,17.31,65.53,17.82,12.62,5.16,7.77,4.92,15.3,12.64,2.91,6.03,65.54,33.67,16.07,32.46,10.48,52.69,33.92,11.17,16.61,104.45,11.43,2.23,,7.71,11.15,9.83,10.96,6.51,33.62,63.75,3.77,54.26,133.0,74.36,6.11,,37.4,14.75
2019-07-29 07:00:00,6.64,25.61,19.53,26.37,71.85,16.05,70.0,9.57,8.85,74.14,5.07,11.76,17.24,67.35,17.71,12.88,5.15,7.61,4.84,15.34,12.67,2.91,6.06,65.62,33.45,16.26,32.57,10.54,51.81,33.74,11.09,16.54,104.11,11.57,2.2,,7.62,10.95,9.83,11.08,6.5,34.69,63.97,3.75,55.28,133.4,73.77,6.11,,36.75,14.73
2019-07-30 07:00:00,6.61,25.15,19.09,25.86,71.69,16.05,69.39,9.48,8.69,73.62,4.93,11.67,16.96,66.13,17.65,12.62,5.15,7.41,4.83,15.34,12.67,2.88,5.89,64.73,32.72,16.13,32.52,10.5,51.73,33.09,10.9,16.54,105.24,11.64,2.14,,7.38,10.85,9.78,11.03,6.47,34.52,61.2,3.67,54.44,133.4,73.77,6.08,,35.85,14.64
2019-07-31 07:00:00,6.58,25.79,19.37,26.21,70.59,16.05,68.78,9.5,8.66,72.96,4.9,11.67,17.17,66.19,17.45,12.88,5.14,7.77,4.87,15.22,12.87,2.95,5.99,64.81,33.7,16.07,32.13,10.54,52.45,33.31,11.13,16.61,104.49,11.71,2.14,,7.33,10.7,9.71,11.49,6.47,34.35,64.26,3.69,54.22,133.4,73.59,6.04,,36.95,14.71
2019-08-01 07:00:00,6.5,26.25,19.34,26.32,70.76,15.98,68.18,9.34,8.42,71.12,4.88,11.5,17.15,65.71,17.18,12.79,5.15,7.79,4.85,15.1,13.28,2.88,5.93,64.89,34.24,15.94,32.96,10.81,52.05,33.92,10.97,16.89,105.42,11.78,2.14,,7.36,10.5,9.78,11.46,6.38,34.48,65.94,3.75,55.28,133.0,74.19,6.03,,37.0,14.68
2019-08-02 07:00:00,6.44,28.1,19.53,26.42,69.75,15.98,68.78,9.32,8.55,70.01,4.76,11.54,17.31,64.31,17.38,13.4,5.16,7.73,4.84,14.93,13.28,2.88,5.92,64.0,34.08,15.75,33.46,10.77,52.05,34.87,11.05,16.74,104.86,11.82,2.14,,7.28,10.6,9.71,11.29,6.28,33.88,65.72,3.71,54.44,132.4,74.07,6.21,,36.25,14.66
2019-08-05 07:00:00,6.35,30.4,19.53,25.94,66.06,16.13,70.0,9.32,8.5,71.49,4.64,11.57,17.38,63.1,17.38,13.83,5.07,7.63,4.68,14.69,13.19,2.84,5.88,62.22,34.55,15.72,33.13,10.59,50.53,35.0,10.97,16.49,104.94,11.75,2.1,,7.05,10.45,9.64,11.31,6.38,33.15,62.07,3.79,52.44,130.7,72.87,6.17,,35.0,14.5
2019-08-06 07:00:00,6.27,32.24,19.2,25.61,64.71,15.76,68.78,9.25,8.34,70.09,4.64,11.67,17.36,61.89,17.75,14.52,4.95,7.49,4.59,14.61,13.04,2.84,5.76,60.76,34.71,15.41,32.8,10.5,49.09,36.34,10.62,16.26,104.56,11.64,2.07,,6.84,10.45,9.57,11.03,6.38,32.68,60.84,3.77,53.24,130.1,71.8,6.13,,34.85,14.3
2019-08-07 07:00:00,6.24,31.04,18.93,26.59,63.45,15.4,67.02,9.25,8.34,70.53,4.61,11.37,17.65,60.98,17.68,14.35,4.95,7.61,4.53,14.93,13.3,2.88,5.75,60.6,35.97,15.28,33.19,10.5,49.65,37.56,10.58,16.18,104.86,11.47,2.07,,6.7,10.4,9.5,11.08,6.38,33.58,61.2,3.91,52.44,130.9,72.27,6.11,,34.7,14.37
2019-08-08 07:00:00,6.35,30.31,18.93,28.26,67.15,15.91,65.13,9.37,8.5,70.45,4.68,11.44,17.84,61.28,18.72,14.57,4.95,8.03,4.53,14.52,13.57,2.84,5.83,60.6,35.66,15.28,32.8,10.61,49.81,36.78,10.54,17.25,104.86,11.4,2.07,,6.7,10.45,9.54,11.24,6.4,33.62,62.31,3.95,54.22,131.1,72.21,6.09,,35.5,14.5
2019-08-09 07:00:00,6.32,30.4,18.93,28.04,65.55,15.43,64.1,9.39,8.39,71.49,4.78,11.5,18.13,61.46,18.52,14.39,5.21,7.96,4.58,14.52,13.68,2.8,5.79,61.65,36.57,15.34,33.41,10.61,49.81,36.52,10.62,17.45,103.25,11.26,2.07,,6.95,10.35,9.54,11.56,6.41,33.62,61.94,3.95,53.42,131.7,72.27,6.19,,35.5,14.56
2019-08-12 07:00:00,6.35,30.12,19.28,27.67,65.55,15.62,62.09,9.32,8.07,70.75,4.9,11.28,18.55,61.89,18.48,14.13,5.18,8.13,4.55,14.69,13.57,2.84,5.91,61.57,36.92,15.5,33.35,10.61,49.97,37.17,10.5,17.66,102.76,11.26,2.07,,7.0,10.35,9.57,11.51,6.41,33.28,62.08,3.93,53.33,134.5,72.03,6.19,,35.45,14.62
2019-08-13 07:00:00,6.32,28.92,19.04,27.29,64.96,15.51,60.38,9.44,8.01,69.28,4.76,11.18,18.62,60.67,18.18,13.42,5.16,8.08,4.48,14.69,13.57,2.8,5.99,61.25,37.17,15.69,33.24,10.52,50.61,37.73,10.18,18.26,103.74,11.26,2.07,,6.9,10.2,9.75,11.39,6.41,32.68,61.13,3.87,52.48,132.5,70.48,6.22,,34.9,14.58
2019-08-14 07:00:00,6.27,28.37,19.15,27.23,65.97,15.43,62.09,9.39,7.61,69.42,4.71,11.11,18.87,61.22,18.05,13.6,5.21,8.08,4.48,15.01,13.59,2.8,6.02,61.25,37.52,15.63,33.52,10.46,49.97,37.17,10.18,18.21,103.74,11.12,2.07,,6.89,10.15,9.85,11.46,6.37,32.68,61.2,3.95,52.7,131.6,70.9,6.27,,34.7,14.62
2019-08-15 07:00:00,6.27,29.11,19.15,27.29,65.89,15.4,62.03,9.34,7.61,70.01,4.71,11.7,19.16,61.22,18.68,13.78,5.22,8.01,4.47,14.93,13.62,2.8,6.02,61.65,37.87,15.5,34.47,10.34,49.25,37.56,10.1,18.54,106.73,11.33,2.04,,6.9,10.35,9.92,11.41,6.35,33.84,61.94,4.16,53.77,130.3,72.87,6.29,,35.4,14.72
2019-08-16 07:00:00,6.32,29.48,19.64,27.94,64.79,15.4,62.09,9.39,7.63,69.28,4.69,11.34,18.8,61.22,19.05,13.78,5.23,7.94,4.41,15.38,13.91,2.8,6.04,62.38,37.01,15.53,34.41,10.32,49.97,37.3,10.18,19.05,103.36,11.26,2.04,,7.03,10.3,10.35,11.31,6.37,33.37,61.57,4.3,54.22,130.5,74.13,6.34,,35.15,14.86
2019-08-19 07:00:00,6.35,29.29,20.02,27.56,65.3,15.29,62.7,9.39,7.74,70.38,4.68,11.31,18.94,61.77,19.05,13.69,5.22,7.94,4.38,15.5,13.91,2.77,5.95,62.46,37.2,15.53,34.58,10.46,50.13,36.82,10.22,19.02,103.55,11.33,2.04,,7.02,10.25,10.18,11.26,6.35,32.9,62.08,4.25,54.17,130.5,74.6,6.34,,35.3,14.85
2019-08-20 07:00:00,6.41,30.86,20.07,28.04,64.71,15.29,61.9,9.44,7.69,70.38,4.68,11.31,19.52,62.49,19.39,14.48,5.21,7.89,4.37,15.5,13.86,2.8,5.97,61.73,37.87,15.75,35.08,10.4,50.05,37.21,10.22,18.77,103.55,11.4,2.01,,6.98,10.3,10.18,11.49,6.34,32.94,63.93,4.25,53.77,130.0,74.3,6.35,,35.6,14.85
2019-08-21 07:00:00,6.44,30.58,20.65,27.45,65.38,15.25,62.03,9.5,7.74,69.57,4.64,11.34,19.38,63.83,19.15,14.21,5.25,7.99,4.49,15.42,13.94,2.8,6.07,62.38,37.96,15.66,35.08,10.46,50.13,37.12,10.5,18.87,104.08,11.4,1.98,,7.11,10.25,10.23,11.46,6.35,34.27,64.37,4.25,54.39,130.9,74.01,6.43,,35.9,14.94
2019-08-22 07:00:00,6.55,29.48,20.51,27.34,66.14,15.03,60.87,9.44,7.71,69.64,4.64,11.37,19.16,63.46,18.82,14.39,5.24,7.94,4.71,15.14,14.0,2.8,6.08,63.19,37.08,15.66,34.97,10.46,50.13,36.21,10.46,18.62,103.36,11.36,1.98,,7.08,10.3,10.23,11.31,6.37,34.27,64.81,4.18,56.04,132.2,74.07,6.45,,35.75,14.97
2019-08-23 07:00:00,6.53,29.75,20.48,27.4,65.97,15.03,60.81,9.39,7.69,69.28,4.71,11.34,19.67,63.1,18.85,14.13,5.23,8.06,4.72,15.06,14.0,2.8,6.11,62.38,36.76,15.69,34.52,10.4,49.65,35.91,10.42,18.42,103.21,11.36,2.04,,7.05,10.7,10.23,11.31,6.41,33.92,64.15,4.18,55.55,134.0,73.47,6.45,,35.05,14.95
2019-08-26 07:00:00,6.5,30.68,20.65,27.23,65.38,14.88,59.04,9.3,7.58,68.69,4.63,10.95,19.41,61.58,18.92,14.13,5.21,7.86,4.54,15.26,13.97,2.77,6.28,61.57,36.73,15.69,34.52,10.34,48.69,36.34,10.18,18.42,102.39,11.26,2.04,,6.83,10.55,10.04,11.21,6.4,33.32,63.34,4.11,55.46,132.0,71.98,6.55,,34.9,14.85
2019-08-27 07:00:00,6.5,30.86,20.46,26.59,64.71,14.7,59.04,9.3,7.63,68.76,4.57,11.15,19.09,61.83,18.65,13.95,5.25,7.72,4.55,16.32,13.91,2.77,6.28,60.76,35.97,15.72,33.8,10.34,49.01,36.08,10.38,18.52,101.15,11.19,2.04,,6.76,10.45,10.13,11.08,6.42,32.77,63.85,4.18,54.44,132.6,71.08,6.65,,34.5,14.7
2019-08-28 07:00:00,6.41,30.86,20.51,26.1,64.88,14.66,59.23,9.27,7.52,68.69,4.51,11.18,18.84,62.07,18.65,13.95,5.23,7.67,4.48,17.46,13.91,2.77,6.3,60.6,35.91,15.81,34.47,10.38,48.85,35.3,10.18,18.47,101.86,11.19,2.04,,6.75,10.35,10.11,11.19,6.45,32.98,64.0,4.11,54.22,132.4,71.32,6.61,,34.7,14.7
2019-08-29 07:00:00,6.38,32.15,20.67,25.75,63.87,15.21,58.68,9.25,7.55,67.8,4.57,11.11,19.05,62.38,18.85,13.51,5.2,7.63,4.43,18.64,13.91,2.77,6.3,60.76,36.29,15.88,34.47,10.42,48.85,35.52,10.1,18.44,102.24,11.19,2.04,,6.68,10.35,10.09,11.19,6.52,32.9,64.0,4.09,54.44,132.0,73.47,6.65,,34.35,14.73
2019-08-30 07:00:00,6.41,31.78,21.14,27.02,63.87,15.43,57.64,9.25,7.58,68.91,4.66,10.98,19.2,62.44,19.12,13.16,5.15,7.65,4.53,17.87,13.94,2.77,6.23,61.08,36.89,16.07,34.69,10.48,49.25,35.65,10.18,18.59,102.24,11.61,2.04,,6.8,10.4,10.16,11.44,6.59,33.28,64.74,4.09,54.88,132.0,73.47,6.61,,34.45,14.88
2019-09-03 07:00:00,6.38,30.49,21.11,26.64,63.45,15.18,57.1,9.14,7.5,68.24,4.64,10.98,19.41,61.94,18.95,12.37,5.09,7.46,4.5,17.3,13.77,2.77,6.15,59.95,37.11,16.0,34.58,10.44,48.61,35.74,10.18,18.72,102.02,11.61,2.01,,6.78,10.2,10.11,11.36,6.44,33.32,64.59,4.13,54.66,132.0,74.07,6.61,,34.25,14.78
2019-09-04 07:00:00,6.35,29.94,21.06,26.53,63.87,14.96,55.88,9.16,7.5,70.38,4.64,10.95,19.23,62.32,18.92,12.72,5.06,7.44,4.45,17.38,13.86,2.77,6.2,60.76,37.2,15.81,34.69,10.5,48.61,35.78,10.18,18.26,98.68,11.71,2.04,,6.76,10.15,10.25,11.36,6.44,33.11,65.62,4.11,54.39,130.4,73.95,6.45,,34.0,14.75
2019-09-05 07:00:00,6.35,29.85,21.0,27.02,63.87,14.88,56.3,9.14,7.5,68.91,4.59,10.85,19.02,62.38,18.85,12.46,5.06,7.48,4.41,17.3,13.83,2.73,6.1,60.36,36.67,15.94,34.52,10.5,48.85,35.3,10.14,17.91,100.19,11.82,2.01,,6.73,10.15,10.49,11.26,6.35,33.24,65.62,4.13,54.22,130.4,72.87,6.6,,34.1,14.73
2019-09-06 07:00:00,6.32,29.75,20.73,26.86,63.45,15.07,59.04,9.11,7.5,68.61,4.54,10.98,19.12,62.57,18.85,12.28,5.05,7.37,4.39,16.81,13.8,2.7,6.1,59.95,36.92,15.88,34.58,10.5,48.53,35.13,10.1,18.04,100.19,11.86,2.01,,6.67,10.15,10.49,11.08,6.35,33.11,65.48,4.13,53.82,130.4,73.35,6.63,,34.1,14.75
2019-09-09 07:00:00,6.32,29.38,20.78,26.75,63.03,15.03,59.1,9.14,7.42,68.17,4.54,11.05,19.45,62.13,18.58,11.85,5.05,7.3,4.4,16.97,13.71,2.7,6.1,59.95,36.63,15.94,34.13,10.42,49.57,34.87,9.95,17.88,100.19,11.86,2.01,,6.6,10.1,10.25,11.39,6.28,33.07,65.18,4.04,54.48,132.8,74.36,6.57,,34.0,14.7
2019-09-10 07:00:00,6.27,28.83,20.89,26.32,60.76,14.66,58.44,9.04,7.36,67.06,4.49,10.95,19.52,61.63,17.95,11.58,5.03,7.34,4.31,16.73,13.77,2.66,6.08,61.65,36.26,15.94,34.41,10.38,49.65,33.87,9.71,17.76,99.06,11.86,2.01,,6.54,10.05,10.13,11.79,6.23,33.28,64.89,3.92,54.22,133.3,73.89,6.55,,33.7,14.69
2019-09-11 07:00:00,6.29,27.73,20.84,26.83,60.68,14.88,57.52,9.07,7.28,66.25,4.34,10.92,19.56,61.26,17.78,11.85,5.03,7.6,4.41,16.65,13.8,2.7,6.11,63.19,36.32,15.75,34.35,10.44,49.25,34.65,9.63,18.32,98.87,11.86,2.01,,6.56,10.05,10.27,12.07,6.27,33.5,63.63,3.95,53.99,133.6,72.93,6.55,,33.95,14.7
2019-09-12 07:00:00,6.41,28.56,21.08,27.13,62.11,15.03,57.58,9.23,6.96,66.25,4.4,10.92,20.43,61.63,18.12,12.11,5.09,7.77,4.38,15.91,13.86,2.66,6.23,62.22,36.86,15.78,34.35,10.58,49.25,34.87,9.79,18.85,98.38,12.03,2.01,,6.59,10.15,10.37,11.56,6.3,34.05,64.08,4.04,53.99,137.0,72.87,6.68,,33.95,14.81
2019-09-13 07:00:00,6.53,28.56,21.74,27.13,62.44,15.14,58.13,9.55,7.25,67.58,4.42,10.92,20.54,62.69,18.12,12.02,5.15,7.79,4.32,16.32,13.88,2.73,6.28,61.98,38.62,15.75,34.41,10.58,49.49,35.56,9.99,18.82,99.44,12.31,2.04,,6.75,10.35,10.7,11.49,6.38,35.08,64.89,4.11,54.39,138.2,72.93,6.74,,33.95,14.9
2019-09-16 07:00:00,6.47,28.56,21.82,27.99,62.02,15.18,58.44,9.5,7.17,67.29,4.44,10.92,20.86,64.18,18.12,11.85,5.21,7.8,4.26,16.24,14.78,2.73,6.31,63.03,38.97,15.56,34.41,10.54,50.13,35.69,10.03,18.57,99.44,12.63,2.07,,6.78,10.35,10.68,11.86,6.38,34.69,65.26,4.09,54.57,140.5,73.78,6.74,,34.0,15.06
2019-09-17 07:00:00,6.44,28.56,22.37,27.72,61.6,15.14,59.04,9.5,7.25,67.21,4.42,10.85,20.82,66.35,18.12,12.37,5.19,7.82,4.32,17.34,14.9,2.73,6.28,64.41,38.94,15.5,35.64,10.5,50.05,35.56,9.87,18.62,100.15,12.66,2.04,,6.84,10.2,10.68,12.12,6.38,34.74,66.58,4.04,54.57,140.3,74.39,6.71,,34.2,15.12
2019-09-18 07:00:00,6.47,28.56,22.45,28.8,61.94,15.14,59.1,9.53,7.31,67.06,4.49,10.69,20.39,64.55,18.28,12.3,5.17,7.92,4.33,17.3,14.78,2.73,6.36,65.54,38.5,15.5,35.36,10.48,49.09,35.74,10.03,18.87,99.92,12.59,2.04,,6.83,10.2,10.68,12.07,6.38,34.52,66.66,4.03,54.3,139.7,75.12,6.87,,33.95,15.15
2019-09-19 07:00:00,6.67,28.74,22.26,28.64,61.94,15.1,59.04,9.73,7.52,67.06,4.47,10.92,20.9,64.43,18.25,12.2,5.22,7.91,4.31,16.73,14.72,2.77,6.4,64.97,39.51,15.41,35.19,10.48,48.93,35.87,10.03,18.87,99.85,12.56,2.14,,6.87,10.55,10.84,12.32,6.44,34.91,66.58,4.04,53.99,139.5,75.06,6.99,,34.1,15.21
2019-09-20 07:00:00,6.7,29.11,21.82,28.53,60.51,14.88,59.71,9.66,7.42,67.21,4.52,10.92,21.04,63.81,18.35,12.02,5.22,7.8,4.39,16.73,14.55,2.77,6.42,64.97,39.92,14.87,34.3,10.3,49.01,36.34,9.91,19.68,100.56,12.63,2.1,,6.78,10.35,10.94,12.09,6.34,34.69,66.07,4.04,53.06,138.0,74.15,6.97,,33.95,15.26
2019-09-23 07:00:00,6.73,29.11,21.63,27.83,61.43,15.07,60.26,9.62,7.25,67.29,4.47,10.85,20.43,64.24,18.32,11.85,5.23,7.58,4.35,16.77,14.49,2.73,6.42,64.81,39.13,15.09,34.3,10.3,49.33,36.21,9.91,19.28,100.04,12.59,2.14,,6.75,10.55,10.7,12.12,6.3,33.84,65.99,4.02,52.88,137.6,75.6,6.97,,33.7,15.22
2019-09-24 07:00:00,6.7,29.48,21.52,27.94,61.52,14.99,58.86,9.5,7.28,67.36,4.44,10.79,20.32,64.24,18.48,11.85,5.2,7.63,4.35,17.54,14.7,2.7,6.44,64.0,38.5,15.12,34.24,10.38,48.77,36.0,9.87,19.36,99.06,12.63,2.1,,6.84,10.5,10.68,12.17,6.33,34.52,65.99,4.06,53.37,137.6,77.06,6.96,,33.8,15.16
2019-09-25 07:00:00,6.64,29.2,21.77,28.37,60.59,15.03,60.26,9.53,7.17,67.36,4.44,10.85,20.75,63.56,18.68,11.93,5.24,7.55,4.3,17.22,15.07,2.7,6.44,64.0,39.6,15.06,34.52,10.38,48.21,35.61,9.75,20.04,99.06,12.63,2.1,,6.84,10.6,10.7,12.01,6.33,34.57,65.99,4.04,53.19,136.0,76.76,6.97,,33.5,15.16
2019-09-26 07:00:00,6.73,29.11,21.9,28.1,60.76,15.21,60.45,9.69,7.15,67.73,4.63,10.66,20.86,64.55,18.65,12.02,5.25,7.67,4.29,17.18,15.04,2.73,6.58,63.6,39.76,15.15,34.63,10.38,48.53,35.0,9.71,20.12,99.25,12.66,2.17,,7.16,10.7,10.91,12.24,6.38,34.69,65.4,4.25,52.88,136.0,78.94,7.05,,32.75,15.2
2019-09-27 07:00:00,6.7,29.02,21.96,27.34,61.6,15.69,59.88,9.69,7.28,68.91,4.61,10.72,21.15,65.17,18.52,12.02,5.28,7.63,4.34,16.85,15.04,2.73,6.6,64.33,40.39,15.12,35.08,10.38,48.45,35.17,10.03,19.79,100.38,12.63,2.14,,7.33,10.65,10.96,12.22,6.35,35.51,65.85,4.18,53.24,136.6,79.0,7.22,,33.25,15.4
2019-09-30 07:00:00,6.76,28.74,21.49,27.67,62.86,16.13,59.63,9.69,7.23,69.13,4.54,10.72,20.86,65.98,18.32,12.02,5.49,7.56,4.45,16.6,14.78,2.7,6.63,63.6,39.79,15.12,35.52,10.34,48.45,34.87,10.18,19.36,99.28,12.56,2.14,,7.27,10.55,11.03,12.14,6.35,35.17,65.85,4.2,53.24,137.7,78.76,7.18,,33.1,15.46
2019-10-01 07:00:00,6.84,28.65,21.82,27.94,63.62,17.23,59.01,9.76,7.2,69.28,4.61,10.82,21.15,65.92,18.38,12.46,5.6,7.55,4.55,16.4,14.61,2.73,6.71,63.84,40.23,15.18,35.41,10.34,48.53,34.48,10.14,19.89,98.68,12.52,2.14,,7.32,10.5,11.22,11.96,6.38,35.72,65.77,4.23,53.28,137.5,77.73,7.28,,32.7,15.5
2019-10-02 07:00:00,6.81,28.46,21.93,27.83,62.86,17.12,58.38,9.62,7.17,68.54,4.52,10.79,20.68,64.24,18.32,12.11,5.56,7.49,4.65,16.69,14.61,2.66,6.69,62.38,39.51,15.09,35.36,10.38,48.13,34.96,10.1,19.3,99.77,12.56,2.1,,7.4,10.4,11.22,12.19,6.38,35.12,65.62,4.32,52.44,137.6,77.12,7.36,,32.0,15.28
2019-10-03 07:00:00,6.81,28.65,22.5,27.88,62.61,16.86,58.13,9.62,7.23,68.17,4.57,10.92,20.68,63.31,18.52,12.28,5.51,7.42,4.71,16.97,14.67,2.62,6.68,63.19,39.47,15.12,35.47,10.38,48.05,35.09,9.95,19.58,98.68,12.49,2.14,,7.4,10.5,11.24,12.12,6.35,35.12,65.85,4.34,52.44,137.3,78.34,7.36,,32.0,15.4
2019-10-04 07:00:00,6.81,28.56,22.09,28.75,61.18,17.92,57.25,9.44,7.39,67.65,4.81,10.98,20.54,62.38,18.35,12.2,5.45,7.36,4.88,16.89,14.61,2.62,6.59,62.71,38.81,14.96,35.41,10.32,46.45,34.83,10.14,18.97,97.18,12.49,2.1,,7.13,10.4,11.15,12.01,6.35,35.55,65.77,4.3,52.44,137.6,78.09,7.27,,31.9,15.22
2019-10-07 07:00:00,6.7,28.56,22.04,28.91,59.42,17.92,57.25,9.41,7.25,67.65,4.83,10.98,20.07,62.5,18.05,11.85,5.43,7.34,4.82,16.89,14.61,2.62,6.52,61.98,38.18,15.0,34.8,10.34,46.61,34.26,10.26,18.77,97.93,12.52,2.1,,6.97,10.5,10.94,11.86,6.33,35.47,65.62,4.18,51.99,137.4,78.4,7.09,,31.5,15.3
2019-10-08 07:00:00,6.73,28.37,22.42,28.69,60.42,18.4,56.87,9.5,7.2,67.43,4.97,10.92,20.28,62.01,17.78,12.11,5.47,7.55,4.75,16.73,14.64,2.62,6.6,62.3,38.81,15.0,34.86,10.42,46.69,34.57,10.22,19.28,97.36,12.59,2.1,,7.06,11.0,11.12,11.99,6.33,36.45,65.33,4.2,52.04,137.4,78.34,7.17,,31.25,15.2
2019-10-09 07:00:00,6.84,28.1,22.5,29.61,59.84,18.14,56.5,9.76,7.09,67.36,5.02,10.85,20.39,62.26,17.65,12.02,5.45,7.55,4.78,16.73,14.64,2.62,6.66,62.38,39.0,15.03,34.69,10.38,46.29,34.31,10.14,19.53,96.16,12.59,2.1,,7.03,10.9,11.17,11.94,6.35,36.19,65.26,4.23,51.99,137.4,77.12,7.2,,32.0,15.23
2019-10-10 07:00:00,6.93,27.91,22.37,29.61,60.09,17.89,56.37,9.69,7.09,67.06,4.91,10.85,20.39,62.75,17.71,12.28,5.48,7.41,4.9,17.18,14.61,2.62,6.62,62.38,39.0,14.9,34.13,10.38,45.57,34.31,10.18,19.18,96.16,12.63,2.1,,7.03,10.8,11.17,12.14,6.35,36.24,65.26,4.23,51.95,137.5,77.12,7.23,,32.4,15.23
2019-10-11 07:00:00,6.93,27.82,22.26,29.29,60.59,17.81,56.5,9.69,7.09,67.73,4.91,10.79,20.43,63.5,17.88,12.28,5.54,7.41,4.92,17.46,14.43,2.77,6.62,62.38,38.94,14.9,34.47,10.3,46.85,34.7,10.07,19.18,97.06,12.66,2.14,,7.03,11.0,11.15,12.19,6.35,36.54,65.18,4.25,52.44,139.4,77.73,7.2,,32.35,15.3
2019-10-14 07:00:00,7.07,27.82,22.45,28.91,60.51,17.92,56.37,9.94,6.98,68.54,4.97,10.92,20.86,63.31,17.78,12.28,5.62,7.39,4.86,17.05,14.49,2.77,6.82,62.06,39.35,14.3,34.52,10.34,46.93,34.7,10.14,19.28,97.36,13.16,2.17,,7.18,11.1,11.29,12.34,6.37,36.41,64.81,4.34,52.44,139.4,78.09,7.27,,31.7,15.5
2019-10-15 07:00:00,7.04,27.64,22.58,29.18,60.17,17.96,56.37,9.94,7.04,67.65,5.2,10.85,20.75,62.81,17.65,12.02,5.6,7.36,4.75,17.3,14.75,2.77,6.79,63.35,39.6,14.49,34.58,10.3,46.93,34.7,10.1,19.13,96.72,13.23,2.17,,7.13,11.05,11.46,12.19,6.35,36.49,63.71,4.39,52.62,139.6,77.91,7.35,,31.85,15.4
2019-10-16 07:00:00,7.04,27.27,22.45,29.02,60.34,17.92,55.87,10.03,7.06,67.8,5.14,10.82,20.79,62.81,17.65,11.93,5.58,7.34,4.71,17.83,14.55,2.7,6.78,63.03,39.47,14.46,34.52,10.3,46.53,35.52,10.38,18.8,96.42,13.19,2.17,,7.12,11.05,11.55,12.22,6.35,36.88,63.71,4.3,52.44,139.0,79.19,7.35,,31.85,15.4
2019-10-17 07:00:00,7.04,27.45,22.26,29.07,59.92,17.74,55.24,10.03,7.06,67.43,5.03,10.63,20.5,62.69,17.58,11.93,5.52,7.37,4.76,18.48,14.49,2.77,6.75,62.38,38.78,14.46,33.58,10.34,46.13,35.87,10.42,18.52,95.29,13.16,2.17,,7.05,10.9,11.53,12.39,6.44,36.49,63.78,4.25,51.99,138.5,79.55,7.33,,31.85,15.29
2019-10-18 07:00:00,6.96,27.73,21.87,28.86,60.0,18.51,54.8,9.89,7.09,68.91,5.08,10.76,20.64,62.69,17.65,11.85,5.54,7.37,4.59,18.07,14.67,2.77,6.69,61.57,38.78,14.68,33.46,10.34,46.37,35.74,10.5,18.64,94.95,13.16,2.14,,6.97,10.8,11.53,12.27,6.44,36.41,64.15,4.18,51.99,139.1,80.46,7.3,,31.9,15.3
2019-10-21 07:00:00,6.76,28.56,21.44,28.42,59.5,18.33,53.8,9.73,6.96,67.8,4.98,10.79,20.43,62.81,17.71,11.85,5.54,7.3,4.46,17.58,14.55,2.7,6.59,60.76,38.78,14.68,33.58,10.38,46.05,35.56,10.38,18.62,92.28,13.12,2.1,,6.87,10.95,11.29,11.94,6.44,36.06,63.78,4.11,51.95,140.0,81.13,7.17,,31.9,15.26
2019-10-22 07:00:00,6.79,28.56,21.82,29.07,59.25,17.89,51.98,9.89,7.01,69.28,4.8,10.79,20.35,62.94,17.85,11.58,5.54,7.44,4.77,17.5,14.96,2.7,6.65,60.27,38.84,14.68,33.69,10.36,46.05,36.0,10.3,18.29,94.88,12.91,2.14,,6.9,11.0,11.34,11.46,6.34,36.58,63.41,4.13,51.9,143.9,80.46,7.14,,31.9,15.23
2019-10-23 07:00:00,6.79,28.46,21.87,28.75,59.5,17.74,52.1,9.82,7.04,69.05,4.9,10.72,20.39,62.81,18.32,11.93,5.6,7.53,4.68,17.79,14.99,2.66,6.66,61.41,38.87,14.68,33.69,10.38,45.81,35.91,10.26,18.42,94.92,13.09,2.1,,6.87,11.0,11.31,11.56,6.35,36.54,63.34,4.18,52.04,144.0,80.34,7.22,,32.25,15.3
2019-10-24 07:00:00,6.81,28.37,21.98,28.59,59.42,17.85,52.29,9.85,7.01,68.91,4.88,10.72,21.04,63.56,18.18,12.72,5.78,7.58,4.75,18.11,15.45,2.66,6.68,61.25,40.23,14.68,33.91,10.38,46.05,36.3,10.34,18.62,95.29,13.12,2.14,,7.03,10.95,11.27,11.51,6.38,37.22,63.49,4.2,52.08,144.9,80.52,7.1,,32.7,15.35
2019-10-25 07:00:00,6.81,28.1,21.93,28.75,60.09,17.52,51.47,10.08,7.01,67.95,4.78,10.72,20.97,63.62,18.32,12.72,5.72,7.51,4.78,17.95,15.45,2.66,6.75,60.44,40.36,14.59,33.69,10.38,46.29,36.08,10.42,18.77,96.42,13.16,2.1,,7.03,10.9,11.27,11.06,6.35,37.69,63.41,4.18,52.08,145.9,81.68,7.17,,32.55,15.4
2019-10-28 07:00:00,6.84,27.64,22.15,28.69,59.67,17.48,49.9,10.08,7.04,68.91,4.76,10.79,21.0,63.87,18.05,12.55,5.72,7.65,4.81,17.91,15.45,2.66,6.69,60.36,40.26,14.59,32.96,10.36,46.45,36.21,10.34,18.57,96.99,13.37,2.17,,7.02,10.85,11.24,11.08,6.31,37.44,63.41,4.18,52.3,145.0,81.25,7.18,,32.45,15.45
2019-10-29 07:00:00,6.84,28.1,22.15,28.64,59.58,17.3,49.4,10.1,7.04,68.61,4.83,10.79,20.93,63.43,17.98,12.64,5.7,7.65,4.71,17.71,15.36,2.7,6.65,59.95,40.07,14.59,32.91,10.36,46.69,35.82,10.18,19.25,97.93,13.3,2.14,,6.98,10.65,11.2,11.14,6.34,37.01,64.59,4.16,52.35,143.5,81.43,7.14,,32.6,15.41
2019-10-30 07:00:00,7.02,27.73,21.93,28.86,59.5,17.37,49.78,10.14,7.04,68.24,4.76,10.72,20.9,64.06,17.98,12.64,5.72,7.58,4.74,17.75,15.28,2.73,6.71,59.95,39.41,14.49,33.02,10.36,47.49,36.0,10.22,19.13,98.3,13.3,2.14,,7.05,10.7,11.24,11.54,6.38,37.61,65.48,4.16,53.15,144.8,80.16,7.1,,33.25,15.5
2019-10-31 07:00:00,6.96,28.1,22.15,28.69,60.59,17.52,49.59,10.08,6.96,68.24,4.64,10.72,20.93,64.24,17.85,12.28,5.83,7.51,4.74,17.75,15.19,2.73,6.69,60.11,39.32,14.49,33.13,10.34,47.49,36.13,10.3,19.02,98.12,13.19,2.14,,7.05,10.8,11.2,11.41,6.37,37.56,65.62,4.09,52.88,145.0,78.94,7.01,,33.2,15.38
2019-11-01 07:00:00,6.99,27.91,22.37,28.64,62.19,17.96,47.77,10.21,7.04,68.17,4.73,10.72,21.15,64.86,17.85,12.2,5.8,7.55,4.78,17.67,15.07,2.7,6.68,61.33,39.51,14.55,32.85,10.3,47.57,36.13,10.7,19.1,97.93,13.19,2.14,,7.1,10.9,11.22,11.71,6.37,38.04,70.2,4.16,54.44,145.5,80.4,7.01,,35.05,15.5
2019-11-04 07:00:00,7.1,27.64,23.02,28.42,62.19,17.85,46.77,10.28,7.01,69.28,4.64,10.72,21.66,65.48,17.98,12.2,5.84,7.49,4.72,17.62,15.42,2.77,6.78,61.81,39.79,14.49,32.96,10.3,47.73,37.12,10.86,19.43,97.93,12.74,2.17,,7.18,10.9,11.5,11.74,6.35,39.41,70.79,4.18,54.08,145.3,79.73,7.17,,34.9,15.62
2019-11-05 07:00:00,7.1,27.27,23.18,28.53,63.2,17.81,46.77,10.26,6.98,69.28,4.64,11.31,21.62,66.41,18.34,12.2,5.84,7.55,4.74,17.95,15.77,2.73,6.76,61.57,39.63,14.59,32.57,10.3,47.81,36.95,10.82,19.23,97.93,12.88,2.17,,7.2,10.95,11.69,11.81,6.4,38.89,72.19,4.16,53.99,145.7,78.46,7.25,,35.6,15.67
2019-11-06 07:00:00,7.1,27.08,23.02,28.91,63.11,17.59,47.14,10.21,7.01,69.2,4.68,11.31,21.51,65.67,18.09,12.37,5.76,7.58,4.88,17.99,15.68,2.77,6.85,61.57,39.32,14.46,32.68,10.34,47.41,36.86,10.74,19.23,97.93,12.98,2.17,,7.16,11.0,11.69,11.94,6.38,38.98,73.29,4.16,54.17,143.5,79.0,7.22,,35.15,15.72
2019-11-07 07:00:00,7.1,26.99,23.47,28.86,62.27,17.59,47.08,10.19,7.36,68.54,4.69,11.96,21.51,65.86,18.05,12.2,5.77,7.82,4.91,17.83,15.77,2.77,6.84,61.98,39.54,14.49,32.35,10.34,47.17,36.95,10.74,19.53,97.93,13.3,2.2,,7.28,10.9,11.72,11.94,6.38,39.11,73.37,4.23,53.68,143.2,78.4,7.17,,35.2,15.73
2019-11-08 07:00:00,7.16,26.99,23.3,28.64,61.85,17.59,46.77,10.21,7.34,69.28,4.68,11.96,21.55,65.61,17.95,12.28,5.87,7.82,4.89,17.83,15.65,2.77,6.81,62.22,39.32,14.49,32.46,10.46,47.25,37.17,10.66,19.33,97.93,13.33,2.2,,7.28,10.85,11.86,11.81,6.41,39.19,72.63,4.2,53.55,143.2,78.46,7.22,,34.65,15.7
2019-11-11 07:00:00,7.13,26.81,23.3,28.48,61.85,17.67,45.82,10.05,7.25,69.2,4.66,11.96,21.69,64.74,17.84,12.2,5.86,7.86,4.89,17.95,15.54,2.77,6.82,60.36,38.46,14.49,32.35,10.42,47.33,36.74,10.58,19.1,96.08,13.3,2.17,,7.16,10.8,11.88,11.89,6.41,39.11,72.78,4.16,52.84,142.8,78.52,7.14,,34.7,15.67
2019-11-12 07:00:00,7.13,26.62,23.75,28.31,62.02,17.78,44.76,10.08,7.25,69.28,4.83,12.02,22.05,65.17,17.77,12.11,5.84,7.92,5.23,17.79,15.22,2.91,6.78,60.76,38.59,14.65,32.35,10.42,47.73,36.99,10.58,19.08,96.04,13.3,2.17,,7.15,10.75,11.88,12.24,6.41,39.28,72.11,4.18,53.06,143.5,77.42,7.05,,34.7,15.65
2019-11-13 07:00:00,7.22,26.44,24.2,27.99,61.35,17.59,44.07,10.01,7.28,69.28,4.76,12.09,21.87,65.17,17.73,12.2,5.84,7.8,5.18,17.79,15.22,2.88,6.76,60.19,37.83,14.68,31.85,10.38,47.73,37.3,10.58,19.08,94.92,13.3,2.17,,7.15,10.8,11.69,12.57,6.4,38.76,71.6,4.16,52.88,143.5,76.21,7.01,,34.7,15.5
2019-11-14 07:00:00,7.07,26.34,23.98,27.88,61.77,17.52,43.31,9.89,7.31,71.34,4.78,12.19,21.08,66.1,17.66,12.2,5.74,7.8,5.2,17.14,15.19,2.88,6.68,60.92,36.86,14.71,32.57,10.38,48.13,36.86,10.58,18.7,94.92,13.23,2.14,,7.08,10.7,11.67,12.87,6.37,38.93,71.08,4.11,53.02,143.4,76.45,6.84,,35.0,15.45
2019-11-15 07:00:00,7.04,26.07,23.7,28.53,62.37,17.37,43.25,9.94,7.31,70.75,4.76,12.25,21.18,67.03,17.7,12.11,5.62,7.8,5.14,17.05,15.19,2.91,6.62,60.36,37.39,14.65,32.57,10.38,47.97,36.99,10.62,18.82,94.92,13.23,2.14,,6.97,10.7,11.76,13.15,6.31,38.42,71.01,4.13,53.15,143.3,74.69,6.97,,35.2,15.43
2019-11-18 07:00:00,6.96,25.79,23.3,28.26,62.2,17.59,44.38,9.8,7.17,70.01,4.74,12.19,20.79,67.34,17.66,12.11,5.68,7.89,5.24,16.93,15.1,2.88,6.58,60.27,37.17,14.62,32.41,10.34,47.41,36.6,10.78,18.95,95.29,13.23,2.1,,6.93,10.6,11.55,13.3,6.3,37.52,71.01,4.09,52.48,143.5,73.36,6.91,,35.2,15.33
2019-11-19 07:00:00,6.99,25.79,23.5,29.18,61.77,18.11,44.57,9.85,7.17,68.98,4.66,11.93,21.08,66.72,17.7,12.02,5.7,7.86,5.41,16.97,15.07,2.88,6.62,59.95,37.55,14.49,32.46,10.34,48.05,36.65,10.86,19.28,94.54,13.23,2.1,,6.97,10.6,11.69,12.92,6.34,38.98,71.15,4.11,52.04,144.0,75.54,6.94,,35.3,15.4
2019-11-20 07:00:00,6.9,25.79,23.44,29.4,61.43,17.81,44.51,9.76,7.28,68.61,4.66,11.7,20.54,65.17,17.56,12.28,5.72,7.72,5.38,17.26,15.1,2.88,6.58,59.63,36.95,14.49,32.52,10.34,47.81,36.17,10.82,19.13,92.77,13.16,2.14,,6.9,10.4,11.53,13.2,6.33,38.34,70.93,4.11,51.55,144.9,75.3,6.81,,35.15,15.3
2019-11-21 07:00:00,6.93,25.98,23.25,29.13,60.07,18.18,42.68,9.76,7.31,69.28,4.44,10.89,20.24,64.61,17.35,12.46,5.63,7.58,5.43,17.05,15.22,2.8,6.52,57.93,35.81,14.3,31.74,10.3,47.81,35.78,10.82,18.9,90.77,13.09,2.1,,6.74,10.2,11.1,12.87,6.33,37.48,70.27,4.09,51.24,143.4,74.08,6.52,,35.0,15.0
2019-11-22 07:00:00,6.7,25.98,22.68,28.15,60.41,17.59,41.18,9.66,7.23,69.28,4.47,11.05,20.24,63.99,16.99,12.28,5.51,7.61,5.05,16.73,15.22,2.77,6.5,57.12,35.34,14.33,31.74,10.26,46.77,35.39,10.5,18.62,88.51,12.8,2.07,,6.64,10.25,10.89,13.77,6.18,36.62,68.94,4.09,51.64,143.0,73.78,6.58,,34.8,14.87
2019-11-25 07:00:00,6.76,26.62,22.4,28.31,61.43,17.59,41.87,9.69,7.2,68.76,4.51,11.28,20.46,63.99,16.99,12.02,5.51,7.67,4.98,16.52,15.28,2.77,6.52,57.93,35.34,14.37,31.85,10.26,47.25,35.95,10.5,18.42,87.76,12.8,2.07,,6.68,10.15,11.01,14.15,6.18,36.19,68.72,4.04,51.55,143.0,74.63,6.58,,33.8,14.91
2019-11-26 07:00:00,6.81,26.53,22.57,28.37,60.83,17.34,41.87,9.71,7.2,69.64,4.35,11.21,20.64,63.31,17.13,12.11,5.51,7.8,5.03,16.73,15.39,2.77,6.59,57.93,35.81,14.37,31.46,10.26,47.41,36.13,10.58,18.52,86.63,13.02,2.07,,6.6,10.15,11.08,14.28,6.21,36.28,68.79,4.04,51.19,143.3,74.69,6.66,,34.1,14.98
2019-11-27 07:00:00,6.7,26.25,23.02,28.21,60.49,17.08,41.62,9.64,7.34,69.28,4.44,11.05,20.61,63.31,16.99,12.11,5.35,7.79,5.15,16.52,15.33,2.77,6.58,57.52,35.72,14.27,31.46,10.38,46.93,35.69,10.46,18.39,86.82,13.16,2.04,,6.55,10.1,11.03,14.07,6.21,36.96,68.57,4.06,51.37,143.7,74.15,6.65,,33.95,14.9
2019-11-28 07:00:00,6.61,26.07,22.94,27.88,59.72,16.97,40.17,9.37,7.31,68.83,4.39,11.11,20.24,62.57,16.89,12.02,5.18,7.79,5.06,16.48,15.33,2.77,6.43,56.31,34.39,14.33,31.57,10.22,46.45,35.17,10.18,18.21,86.63,13.16,2.01,,6.55,10.1,10.82,14.51,6.18,36.54,67.54,4.02,51.42,144.6,74.15,6.53,,33.5,14.74
2019-11-29 07:00:00,6.67,25.15,22.85,28.15,59.9,17.59,39.86,9.37,7.28,68.69,4.4,11.11,20.39,62.38,16.81,11.93,5.25,7.87,5.16,16.83,15.3,2.77,6.44,56.71,34.39,14.24,31.63,10.26,46.13,35.22,10.1,18.34,85.12,13.16,1.94,,6.54,10.1,10.82,14.66,6.21,36.54,67.76,3.99,51.42,144.9,73.78,6.57,,34.45,14.75
2019-12-02 07:00:00,6.53,25.7,22.23,28.04,58.36,16.86,39.55,9.07,7.17,69.28,4.35,10.82,19.74,60.83,16.64,11.41,5.06,7.91,5.21,16.57,15.3,2.7,6.23,55.9,34.2,14.18,31.24,10.3,45.41,34.7,9.95,18.16,86.25,13.05,1.91,,6.44,10.0,10.72,14.33,6.2,35.77,67.76,3.97,51.1,146.1,71.84,6.35,,34.0,14.65
2019-12-03 07:00:00,6.53,25.7,22.4,27.5,56.83,16.64,39.23,8.98,7.28,69.28,4.35,10.98,19.7,60.33,16.53,10.7,5.06,8.08,5.32,16.57,15.39,2.66,6.27,52.01,34.46,14.21,31.29,10.46,44.76,35.13,9.79,18.11,86.29,13.02,1.94,,6.37,9.75,10.65,14.79,6.17,35.12,67.69,3.88,51.1,145.4,70.68,6.09,,34.0,14.5
2019-12-04 07:00:00,6.67,26.07,22.77,27.95,56.91,16.64,39.23,9.37,7.31,68.98,4.35,10.92,20.03,61.63,16.64,11.06,5.41,8.08,5.38,16.57,15.51,2.66,6.46,50.63,35.66,14.21,31.4,10.69,45.65,35.74,10.03,18.42,86.89,13.05,1.98,,6.54,10.1,11.08,14.84,6.21,36.28,67.69,3.97,51.33,145.5,72.14,6.43,,34.1,14.75
2019-12-05 07:00:00,6.64,26.07,22.57,27.62,56.4,16.64,39.99,9.21,7.31,69.28,4.35,10.92,19.85,60.83,16.5,11.06,5.52,7.96,5.3,16.53,15.65,2.66,6.36,50.23,34.9,14.21,31.46,11.01,45.08,35.56,9.99,18.26,87.31,13.09,1.98,,6.47,10.05,10.98,14.35,6.18,36.32,67.84,3.95,51.46,145.4,71.53,6.39,,34.5,14.64
2019-12-06 07:00:00,6.64,26.25,22.37,27.2,56.06,16.86,41.05,9.3,8.04,68.98,4.46,11.02,19.88,60.83,16.14,11.06,5.51,8.22,5.33,16.53,15.68,2.66,6.36,50.63,34.96,14.18,31.74,10.97,45.16,35.65,9.99,18.26,87.76,13.12,1.98,,6.44,10.0,10.94,14.4,6.16,36.36,67.84,3.92,51.5,144.4,70.62,6.39,,34.6,14.67
2019-12-09 07:00:00,6.61,26.34,22.57,26.44,55.98,16.93,40.43,9.23,7.74,70.6,4.56,10.92,19.99,61.94,16.28,10.88,5.54,8.34,5.57,16.57,15.57,2.62,6.24,49.01,34.99,14.24,31.57,11.13,45.08,35.65,9.95,18.39,88.81,13.12,1.98,,6.47,9.95,10.77,14.1,6.1,36.49,67.84,3.92,51.5,144.5,71.72,6.32,,35.2,14.66
2019-12-10 07:00:00,6.58,26.25,22.51,26.49,57.68,16.75,39.42,9.18,7.82,70.38,4.46,10.85,20.07,60.77,16.21,10.97,5.49,8.41,5.57,16.31,15.54,2.62,6.14,45.85,35.03,14.18,30.74,11.15,44.52,35.91,9.75,18.57,87.8,13.09,1.94,,6.34,10.05,10.58,14.07,6.01,36.58,67.47,3.9,51.5,143.8,71.78,6.21,,34.9,14.52
2019-12-11 07:00:00,6.61,26.07,22.63,26.32,57.94,16.49,39.23,9.09,7.8,70.23,4.49,10.85,20.43,60.89,16.21,10.79,5.54,8.41,5.52,16.31,15.51,2.62,6.34,45.13,35.66,14.18,31.18,11.05,43.8,36.47,9.87,18.67,87.8,13.09,1.98,,6.27,10.05,10.72,14.89,5.96,36.79,67.17,3.92,51.5,143.9,72.02,6.27,,35.0,14.8
2019-12-12 07:00:00,6.64,26.07,23.13,27.56,57.94,16.68,39.55,9.23,7.58,70.23,4.49,10.89,20.61,60.77,16.35,10.88,5.54,8.34,5.61,16.48,15.65,2.66,6.34,47.39,35.78,14.11,31.18,11.01,44.2,36.43,9.79,18.7,87.84,13.05,1.94,,6.4,10.1,10.94,15.45,5.96,37.48,67.25,3.92,51.55,145.2,72.38,6.4,,34.75,14.73
2019-12-13 07:00:00,6.7,26.07,23.64,26.94,57.94,16.68,38.92,9.44,7.5,70.01,4.52,10.92,20.64,60.83,16.71,10.97,5.54,8.2,5.56,16.31,15.71,2.7,6.34,46.99,35.66,14.11,30.62,10.95,44.36,36.21,9.75,18.52,87.84,13.02,1.94,,6.34,10.05,10.94,15.15,5.96,37.86,65.7,3.95,51.55,144.5,71.66,6.4,,33.55,14.8
2019-12-16 07:00:00,6.64,26.62,23.64,26.89,61.94,16.68,39.48,9.3,7.58,69.28,4.59,10.98,20.43,60.95,16.92,10.97,5.46,8.18,5.59,16.4,15.71,2.66,6.23,45.94,35.72,14.11,31.18,10.93,45.0,36.26,9.99,18.57,87.76,13.05,2.07,,6.29,10.05,10.94,14.94,5.96,36.84,63.49,3.95,51.46,143.0,72.08,6.39,,33.9,14.56
2019-12-17 07:00:00,6.58,26.71,23.39,26.66,61.51,16.68,38.86,9.27,7.55,69.72,4.57,11.05,20.03,60.52,16.64,10.88,5.34,7.98,5.37,16.05,15.42,2.62,6.12,45.45,35.75,14.15,31.18,10.95,44.52,35.65,9.75,18.26,87.76,13.05,2.04,,6.16,10.05,10.75,15.04,5.96,36.54,63.04,3.95,51.46,142.6,71.11,6.29,,32.9,14.48
2019-12-18 07:00:00,6.5,26.99,23.7,26.04,62.2,16.64,38.73,9.23,7.34,69.64,4.49,11.02,20.07,59.28,16.67,10.53,5.24,7.77,5.36,15.97,15.22,2.59,6.11,45.69,34.71,13.99,30.96,10.77,44.52,35.09,9.75,18.21,87.76,12.84,2.01,,6.08,9.94,10.72,15.1,5.9,37.14,61.86,3.97,51.46,142.7,72.02,6.27,,31.95,14.35
2019-12-19 07:00:00,6.5,27.17,23.81,26.21,60.92,16.49,38.29,9.23,7.36,68.32,4.39,10.79,20.17,59.46,16.85,10.53,5.19,7.86,5.4,15.88,15.25,2.59,6.02,45.04,34.71,14.05,31.01,10.56,44.36,35.35,9.83,18.16,87.76,12.66,2.01,,5.98,9.93,10.56,14.35,5.9,37.69,61.86,3.99,51.46,142.6,72.69,6.26,,32.4,14.3
2019-12-20 07:00:00,6.55,27.64,24.12,26.49,61.77,16.6,36.41,9.32,7.25,68.91,4.4,11.02,20.43,59.59,16.89,10.44,5.19,7.92,5.55,15.88,15.42,2.66,6.11,44.56,34.93,13.83,31.01,10.64,45.57,35.91,9.75,18.16,88.17,12.95,2.01,,6.04,10.0,10.77,14.38,5.96,37.82,62.08,4.02,51.46,142.5,72.87,6.39,,32.95,14.36
2019-12-23 07:00:00,6.58,27.54,25.25,26.49,61.34,16.2,34.96,9.41,7.17,67.14,4.42,11.15,20.28,59.46,17.2,9.83,5.21,7.94,5.42,15.88,15.42,2.66,6.12,41.8,35.03,13.86,31.18,10.68,44.92,36.74,9.79,18.01,88.36,12.95,2.01,,6.06,10.2,10.91,15.38,5.96,38.93,61.79,4.06,51.42,142.9,71.66,6.3,,32.9,14.44
2019-12-24 07:00:00,6.55,27.64,25.33,26.27,59.3,16.13,33.33,9.44,7.05,67.21,4.57,11.21,20.39,59.77,16.96,9.21,5.31,7.99,5.42,15.88,15.57,2.62,6.04,44.15,35.12,13.61,31.18,10.64,44.92,36.65,9.79,18.21,87.76,12.98,2.01,,6.06,10.1,10.87,15.4,5.97,38.55,61.72,4.06,51.33,143.5,72.02,6.29,,32.9,14.5
2019-12-25 07:00:00,6.61,27.27,25.5,26.24,58.53,16.57,34.84,9.44,7.05,68.39,4.56,11.18,20.79,60.14,16.96,9.48,5.29,7.98,5.38,16.31,15.57,2.62,6.11,45.13,35.94,13.64,31.46,10.56,44.92,37.08,9.71,18.06,87.57,12.95,2.01,,6.01,10.1,10.87,15.56,5.96,38.51,61.72,4.16,51.33,143.8,71.66,6.37,,32.8,14.5
2019-12-26 07:00:00,6.53,27.64,24.94,26.41,57.94,16.35,34.65,9.44,7.02,67.8,4.54,11.11,20.75,59.71,16.64,9.39,5.25,7.92,5.24,16.74,15.57,2.62,6.07,46.18,35.75,13.67,31.68,10.56,44.76,37.12,9.67,18.01,87.91,13.02,1.98,,6.02,10.1,10.89,15.97,6.0,38.29,62.08,4.13,51.28,143.7,71.66,6.42,,33.3,14.5
2019-12-27 07:00:00,6.55,27.64,26.07,25.96,58.62,16.13,33.83,9.46,7.0,68.17,4.49,10.98,20.82,60.21,16.64,9.21,5.35,8.11,5.22,16.57,15.59,2.7,6.08,46.1,35.81,13.67,32.24,10.95,45.16,37.52,9.28,18.21,86.82,13.02,2.07,,5.98,10.15,10.96,16.22,5.98,38.76,62.31,4.11,51.19,143.6,72.39,6.42,,33.4,14.61
2019-12-30 07:00:00,6.55,27.64,26.01,25.62,59.13,16.57,33.21,9.64,6.86,67.8,4.44,11.57,21.18,59.83,16.5,8.95,5.33,8.15,5.28,16.74,15.65,2.73,6.1,46.26,35.97,13.67,32.57,10.95,44.84,37.52,9.08,18.59,86.63,13.02,2.07,,5.99,10.1,11.08,16.43,5.98,39.33,63.04,4.09,51.1,144.4,71.35,6.45,,34.5,14.66
2019-12-31 07:00:00,6.58,27.73,26.04,25.42,58.45,16.49,32.2,9.57,6.86,67.43,4.4,11.57,21.08,58.16,16.5,9.3,5.46,8.1,5.18,16.7,15.59,2.77,6.05,45.77,35.97,13.64,33.13,10.85,44.84,37.3,9.04,18.42,85.88,13.02,2.1,,5.96,10.05,11.12,16.71,5.97,38.98,62.53,4.04,51.1,146.2,71.35,6.52,,34.0,14.76
2020-01-02 07:00:00,6.64,27.27,26.46,25.4,58.79,16.57,33.14,9.85,6.94,67.8,4.4,11.5,21.18,58.72,16.42,9.92,5.51,8.27,5.43,16.83,15.36,2.73,6.17,46.18,36.92,13.7,32.02,10.81,45.24,37.91,9.4,18.75,84.37,13.09,2.17,,6.08,10.2,11.24,17.04,6.04,39.24,62.6,4.11,51.1,148.0,72.21,6.7,,34.35,14.78
2020-01-03 07:00:00,6.64,26.99,26.35,25.31,58.45,16.93,33.46,9.76,6.83,67.21,4.35,11.21,20.82,58.84,16.11,10.27,5.46,8.32,5.3,17.0,15.3,2.73,6.18,46.58,36.38,13.52,31.18,10.52,45.73,37.65,9.24,18.52,84.6,13.09,2.1,,6.02,10.2,11.17,17.24,6.1,38.85,62.82,4.09,51.24,148.0,72.45,6.65,,34.6,14.7
2020-01-06 07:00:00,6.5,26.71,25.84,25.14,57.59,16.86,33.02,9.78,6.69,67.21,4.32,11.37,20.61,60.7,15.75,10.09,5.35,8.27,5.32,16.44,15.36,2.66,6.1,45.85,36.19,13.48,31.07,10.62,45.89,37.21,8.96,18.49,84.29,13.09,2.07,,6.01,10.05,10.89,17.19,6.0,37.81,61.49,4.02,50.88,146.0,71.9,6.5,,33.65,14.6
2020-01-07 07:00:00,6.5,25.98,26.35,25.14,57.51,17.08,32.33,9.94,6.83,65.74,4.27,11.34,21.0,60.27,15.4,9.83,5.29,8.17,5.26,17.0,15.25,2.66,6.11,46.02,36.48,13.48,31.35,9.9,45.24,37.69,8.88,18.59,84.37,13.16,2.07,,6.02,10.15,10.96,17.45,6.01,37.94,61.79,4.02,50.97,145.9,72.57,6.63,,33.95,14.58
2020-01-08 07:00:00,6.38,25.79,26.57,24.75,56.23,15.98,31.64,9.91,6.49,63.38,4.25,11.24,20.54,60.21,14.87,9.48,5.29,8.08,5.22,16.83,14.78,2.66,6.02,45.37,35.59,12.92,30.07,10.58,44.6,36.91,8.49,18.11,84.07,13.09,2.07,,5.86,9.98,10.75,17.5,5.93,37.6,60.83,3.95,50.79,144.8,72.76,6.55,,32.7,14.43
2020-01-09 07:00:00,6.47,25.61,28.01,25.31,55.46,16.79,31.51,10.28,6.74,65.59,4.42,11.34,20.82,59.09,15.36,9.65,5.45,8.27,5.37,16.31,14.84,2.66,6.12,46.18,36.13,13.12,30.96,10.77,45.0,37.38,8.6,18.11,85.5,13.16,2.1,,5.93,10.15,10.89,17.58,5.98,38.33,61.42,3.97,50.97,146.2,72.64,6.76,,34.0,14.6
2020-01-10 07:00:00,6.55,25.61,28.94,25.76,57.08,17.45,31.1,10.79,6.74,64.85,4.34,11.7,20.79,59.52,15.58,9.83,5.56,8.34,5.37,16.57,14.84,2.77,6.23,45.77,36.32,12.59,31.07,10.5,44.6,38.38,8.76,18.11,87.95,13.16,2.3,,6.04,10.5,10.94,17.73,6.1,38.68,62.31,3.97,51.02,146.2,72.82,6.86,,33.95,14.72
2020-01-13 07:00:00,6.61,26.44,28.27,25.31,56.83,17.41,31.2,10.62,6.77,64.19,4.39,11.7,20.64,59.15,15.22,9.92,5.52,8.35,5.27,16.61,14.84,2.73,6.2,46.18,36.13,12.19,30.62,10.21,44.76,38.6,8.68,18.14,88.1,13.16,2.33,,6.04,10.4,10.84,17.86,6.11,38.63,63.63,4.04,51.06,146.5,71.9,6.71,,33.75,14.7
2020-01-14 07:00:00,6.79,26.71,28.27,25.59,56.23,18.03,31.14,10.76,6.91,66.33,4.35,11.7,20.61,58.9,15.22,9.83,5.54,8.61,5.38,16.57,14.84,2.73,6.26,45.85,35.94,12.25,30.85,10.64,44.44,38.56,8.6,18.16,87.76,13.12,2.33,,6.08,10.3,10.82,18.73,6.16,38.63,63.63,4.09,51.1,146.0,72.15,6.89,,33.75,14.74
2020-01-15 07:00:00,6.73,26.53,28.78,25.59,56.15,18.99,31.04,10.81,6.91,65.59,4.34,11.7,20.61,58.34,15.12,9.74,5.5,8.67,5.61,16.4,14.84,2.73,6.24,45.77,35.97,12.35,30.62,10.6,44.36,39.03,8.6,18.04,88.14,13.16,2.4,,6.08,10.25,10.82,19.96,6.17,38.59,63.63,4.04,51.1,146.0,72.15,7.05,,33.2,14.73
2020-01-16 07:00:00,6.9,26.62,30.47,25.48,56.23,19.06,30.95,11.4,6.88,64.41,4.25,11.41,20.97,57.91,15.01,9.83,5.67,8.72,5.65,16.48,14.96,2.77,6.4,45.53,36.41,12.35,31.18,10.6,44.6,38.99,8.68,18.47,87.87,13.09,2.43,,6.31,10.4,11.01,19.93,6.21,38.68,63.49,4.09,51.1,146.0,72.39,7.12,,32.8,14.85
2020-01-17 07:00:00,6.87,26.81,30.19,25.7,56.15,19.06,33.08,11.43,6.94,64.85,4.25,11.57,20.82,57.85,15.15,10.0,5.65,8.61,5.6,16.4,14.96,2.77,6.4,44.56,36.63,12.12,31.18,10.6,45.0,39.34,8.53,18.52,88.32,13.02,2.36,,6.36,10.6,11.05,20.26,6.11,40.84,63.41,4.06,51.06,148.2,72.64,7.14,,32.6,14.91
2020-01-20 07:00:00,7.02,26.99,30.07,25.54,55.72,19.06,33.58,11.5,6.97,65.15,4.29,11.57,20.75,57.97,15.08,10.09,5.6,8.79,5.51,16.4,14.96,2.8,6.4,43.99,37.42,12.19,31.18,10.6,44.84,39.9,8.45,18.64,88.89,13.02,2.33,,6.36,10.7,11.03,20.31,6.1,40.62,63.41,4.09,51.06,147.0,72.88,7.33,,32.0,14.92
2020-01-21 07:00:00,7.07,,30.47,25.54,56.15,18.99,33.27,11.59,6.97,65.07,4.3,11.37,20.07,58.9,15.15,10.35,5.73,8.91,5.67,16.4,14.99,2.8,6.56,44.15,37.87,12.42,31.18,10.77,45.57,39.47,8.6,18.92,87.76,12.98,2.4,,6.36,10.9,11.36,20.47,6.1,40.62,64.52,4.16,51.06,147.0,74.11,7.67,,32.6,15.8
2020-01-22 07:00:00,7.07,26.9,31.31,25.54,57.08,18.69,33.52,11.72,7.08,64.85,4.29,11.34,20.43,58.9,15.26,10.62,5.74,9.06,5.96,16.48,15.01,2.88,6.52,43.26,37.61,12.62,31.18,10.97,45.89,39.6,8.76,18.77,87.57,13.09,2.49,,6.37,10.9,11.43,20.75,6.1,40.36,65.92,4.16,51.06,146.5,74.29,7.69,,32.6,15.1
2020-01-30 07:00:00,6.81,26.62,29.73,25.03,53.76,18.33,33.21,11.15,7.19,68.54,4.23,11.67,19.77,57.1,14.51,10.09,5.54,8.72,5.75,16.44,14.78,2.73,6.18,40.59,35.97,13.12,30.68,10.87,44.36,38.04,8.76,18.16,82.11,13.09,2.43,,6.11,10.35,10.82,20.8,6.07,38.42,64.44,4.04,51.06,140.0,71.41,7.4,,30.95,14.6
2020-01-31 07:00:00,6.64,25.79,29.06,23.9,50.1,17.96,34.96,11.18,6.91,73.33,3.95,11.6,18.8,53.69,13.52,9.48,5.35,8.3,5.41,16.23,14.49,2.66,6.05,40.59,34.96,12.75,30.68,10.79,42.44,36.56,8.29,17.2,79.85,13.05,2.43,,5.84,10.2,10.2,21.01,5.93,38.33,64.52,3.99,51.02,130.2,66.45,7.31,,30.05,14.15
2020-02-03 07:00:00,6.53,22.29,30.19,23.74,47.37,17.78,32.77,11.52,6.72,75.61,3.79,11.5,18.62,51.64,13.42,9.13,5.35,8.46,5.46,15.97,14.32,2.59,5.92,40.51,34.33,12.39,31.18,10.79,40.84,35.91,7.89,17.0,78.68,12.66,2.56,,5.63,10.25,10.13,20.93,5.89,38.33,62.82,3.99,51.02,125.5,66.33,7.36,,30.2,13.97
2020-02-04 07:00:00,6.7,23.03,30.69,23.9,47.46,17.74,31.45,12.32,6.77,74.43,3.93,11.41,18.73,50.9,13.31,9.13,5.46,8.48,5.28,15.62,14.32,2.7,6.15,40.51,34.05,12.59,30.62,10.81,40.6,36.43,7.5,16.94,76.46,12.52,2.68,,5.61,10.2,10.27,21.08,5.96,38.81,63.19,4.02,51.02,129.0,64.31,7.64,,29.25,14.04
2020-02-05 07:00:00,6.64,24.87,30.19,23.62,48.39,17.7,31.76,12.16,6.8,71.12,3.88,11.18,18.8,50.65,13.38,9.21,5.62,8.42,5.33,15.45,14.35,2.76,6.15,40.51,34.08,12.75,30.07,10.81,41.24,35.87,7.56,16.89,73.07,12.49,2.91,,5.6,10.25,10.27,21.36,5.98,38.42,63.41,4.04,50.88,127.0,65.29,7.87,,28.95,14.0
2020-02-06 07:00:00,6.93,24.41,30.02,23.62,49.76,17.56,33.33,12.71,6.8,70.68,3.98,11.5,19.38,53.32,13.81,9.56,5.92,8.68,5.48,15.67,14.43,2.8,6.34,40.43,34.55,13.31,29.51,10.83,41.64,36.39,7.93,17.25,71.56,12.66,2.99,,5.84,10.95,10.56,21.75,6.07,38.63,64.0,4.13,50.84,127.5,65.84,8.31,,30.95,14.35
2020-02-07 07:00:00,6.87,24.78,29.17,23.34,50.95,17.45,35.66,12.32,6.83,71.78,4.0,11.37,19.27,53.38,13.77,9.56,5.93,8.39,5.39,15.8,14.43,2.84,6.23,40.43,34.3,13.61,30.12,10.85,41.48,35.82,7.82,17.2,73.45,12.66,2.79,,5.84,11.15,10.46,22.03,5.9,38.89,64.15,4.09,50.84,131.2,67.49,8.26,,32.0,14.4
2020-02-10 07:00:00,6.81,24.13,27.7,22.86,48.99,17.45,38.1,12.18,6.83,74.43,3.96,11.34,19.02,53.88,13.66,9.48,5.84,8.39,5.32,15.37,14.43,2.76,6.11,40.43,33.38,13.51,30.12,10.75,41.32,35.35,7.64,17.02,73.45,12.66,2.68,,5.79,10.95,10.32,22.54,5.93,38.42,63.56,3.97,50.53,129.0,66.76,8.02,,31.1,14.25
2020-02-11 07:00:00,6.84,23.49,28.66,22.84,49.25,17.48,39.55,12.71,6.83,72.96,3.98,11.41,19.38,53.13,13.52,9.56,5.74,8.13,5.2,15.58,14.49,2.8,6.17,40.43,33.61,13.84,30.18,10.72,42.28,35.35,7.78,17.38,73.07,13.02,2.83,,5.76,11.35,10.46,22.92,5.96,38.55,63.56,4.04,50.39,129.0,65.65,8.28,,31.4,14.26
2020-02-12 07:00:00,7.39,24.04,28.66,23.23,48.99,17.52,40.8,12.46,6.97,73.33,4.1,11.34,19.56,53.38,13.56,9.48,5.78,8.2,5.23,15.58,14.67,2.76,6.3,40.91,34.39,14.04,30.29,10.72,42.36,35.78,8.33,17.63,71.94,13.9,2.87,,5.88,11.55,10.7,23.08,5.97,38.63,63.78,4.09,49.77,129.2,65.65,8.42,,31.25,14.46
2020-02-13 07:00:00,7.36,24.69,28.44,23.12,48.99,17.45,40.36,12.48,6.91,70.75,4.08,11.31,19.63,54.31,13.81,9.48,5.78,8.17,5.23,15.45,14.43,2.76,6.23,40.67,34.08,13.94,30.35,10.81,42.68,35.78,8.33,17.66,73.28,14.84,2.83,,5.81,11.5,10.68,23.23,5.97,38.59,63.41,4.25,49.95,129.2,65.47,8.67,,31.45,14.68
2020-02-14 07:00:00,7.62,23.95,28.21,23.0,48.56,17.45,40.3,12.27,6.88,70.38,4.05,11.24,19.7,54.93,14.09,9.92,5.66,8.17,5.35,15.45,14.2,2.92,6.33,40.35,33.79,13.91,30.18,10.81,42.68,35.87,8.21,17.83,72.82,14.92,2.87,,5.88,11.6,11.01,22.64,6.18,38.59,64.59,4.3,48.88,128.6,65.29,8.85,,31.75,14.43
2020-02-17 07:00:00,7.62,23.95,29.06,23.34,48.05,17.15,42.68,12.16,6.86,71.49,4.05,11.28,19.6,54.19,14.48,9.74,5.69,8.18,5.4,15.45,14.2,2.92,6.39,40.26,33.92,13.65,30.23,10.77,42.52,35.74,8.17,17.76,71.36,14.95,2.91,,5.83,11.65,11.24,22.75,6.18,38.63,63.93,4.27,48.0,128.7,65.84,8.83,,31.4,14.39
2020-02-18 07:00:00,7.68,23.67,29.34,24.75,47.8,17.23,43.94,12.23,7.02,72.3,4.08,11.31,20.24,53.38,14.16,9.92,5.67,8.03,5.4,15.45,14.2,2.84,6.33,40.26,34.36,13.48,30.07,10.83,42.28,36.3,8.17,17.81,68.3,15.23,2.87,,5.79,11.55,11.2,22.72,6.18,38.63,63.41,4.18,46.44,128.7,64.61,8.93,,30.55,14.35
2020-02-19 07:00:00,7.59,24.96,28.94,24.64,48.05,17.08,43.94,12.37,6.97,71.49,4.15,11.24,20.14,52.94,14.16,10.35,5.64,8.01,5.35,15.41,14.2,2.8,6.28,40.83,34.87,13.35,30.12,10.77,42.36,37.08,8.25,17.83,68.3,15.48,2.75,,5.81,11.4,11.17,22.72,6.04,38.68,63.41,4.23,46.66,128.4,65.16,9.06,,30.15,14.31
2020-02-20 07:00:00,7.62,24.5,28.94,24.92,48.99,17.23,42.43,12.32,6.94,71.12,4.3,11.18,20.17,52.94,14.16,10.35,5.62,8.18,5.53,15.71,14.23,2.8,6.3,41.4,34.9,13.51,30.35,10.79,42.6,36.99,8.6,18.09,69.06,15.48,2.72,,5.81,11.3,11.1,22.77,6.07,38.68,64.08,4.27,48.88,128.5,65.16,9.3,,30.9,14.4
2020-02-21 07:00:00,7.42,24.41,27.93,25.03,49.84,17.08,42.0,11.84,6.91,71.34,4.22,11.24,19.77,53.01,14.05,10.09,5.62,8.11,5.42,15.88,14.23,2.76,6.17,42.94,34.9,13.45,30.07,10.79,42.28,36.34,8.49,17.76,69.29,15.48,2.72,,5.76,11.3,10.91,22.85,6.04,38.46,63.49,4.39,48.84,128.6,66.45,9.38,,30.7,14.43
2020-02-24 07:00:00,6.93,23.03,26.12,23.62,47.71,16.86,39.11,11.18,6.74,72.22,4.03,11.18,18.98,52.08,13.38,9.65,5.4,7.82,5.16,15.62,14.12,2.64,5.85,41.4,33.51,12.85,29.84,10.66,40.52,35.22,7.9,17.07,68.3,15.37,2.79,,5.36,10.85,10.16,21.26,5.74,37.68,61.94,4.18,47.68,128.0,65.16,8.73,,29.35,14.11
2020-02-25 07:00:00,7.25,22.48,27.53,23.85,48.48,16.71,40.05,11.95,6.91,72.22,4.05,11.18,19.52,51.52,13.56,10.09,5.54,7.96,5.23,15.8,14.32,2.64,6.05,40.99,33.76,12.88,29.9,10.77,40.68,36.0,7.86,17.38,68.3,15.41,2.87,,5.41,11.15,10.49,19.83,5.94,37.25,61.27,4.2,47.55,127.0,66.14,9.22,,29.2,14.09
2020-02-26 07:00:00,7.1,22.48,26.52,23.45,47.29,16.35,39.23,11.82,6.86,71.56,4.06,11.21,19.88,49.59,13.38,10.62,5.49,7.84,5.14,15.8,14.2,2.72,5.96,40.3,33.51,13.08,29.96,10.72,40.12,36.0,8.05,17.3,67.91,15.34,3.15,,5.32,11.2,10.56,18.7,5.89,36.73,59.65,4.16,47.06,125.0,64.31,9.22,,29.0,14.05
2020-02-27 07:00:00,7.36,22.66,26.57,23.51,48.05,16.46,40.74,12.0,6.83,72.59,4.1,11.24,20.24,49.03,13.56,10.97,5.54,7.91,5.18,15.8,14.38,2.8,6.08,40.26,34.2,13.21,30.01,10.72,41.0,36.21,7.97,17.55,66.45,15.55,3.46,,5.45,11.65,10.75,17.47,6.08,36.3,59.58,4.3,46.93,122.8,65.78,9.24,,29.0,14.12
2020-02-28 07:00:00,7.28,23.03,25.67,23.0,46.77,15.76,39.11,11.79,6.86,70.75,4.03,11.18,19.92,47.05,13.42,10.7,5.51,7.7,5.04,15.54,14.23,2.8,5.94,39.7,33.61,13.05,29.79,10.77,41.32,35.43,7.78,17.3,62.16,15.23,3.78,,5.25,11.6,10.51,16.27,6.07,35.61,59.28,4.23,46.84,121.9,64.0,8.86,,28.5,13.86
2020-03-02 07:00:00,7.28,23.58,25.47,22.78,46.6,15.76,40.17,11.68,6.83,70.01,4.08,11.5,20.14,49.03,13.45,10.79,5.49,7.68,5.04,15.54,14.26,3.12,6.02,39.7,33.61,13.08,29.84,10.77,40.68,35.39,7.88,17.27,65.22,15.06,4.13,,5.22,12.35,10.63,17.35,6.06,35.35,59.36,4.27,46.84,120.8,64.0,8.76,,28.55,13.99
2020-03-03 07:00:00,7.39,23.03,26.46,23.29,47.46,16.49,42.94,12.11,6.83,69.13,4.22,11.37,20.21,49.66,13.56,11.49,5.49,7.68,5.04,15.62,14.26,3.43,6.08,39.7,33.57,13.18,29.9,10.81,40.28,35.56,7.84,17.25,65.22,14.84,4.45,,5.27,12.25,10.63,17.63,6.07,35.52,59.36,4.27,46.88,120.8,64.49,8.85,,28.45,14.08
2020-03-04 07:00:00,7.45,22.66,26.04,23.51,47.46,16.6,43.0,12.11,6.83,69.13,4.34,11.37,20.07,48.48,13.56,11.06,5.58,7.7,5.11,15.62,14.38,3.55,6.04,39.7,33.45,13.21,29.96,10.77,40.28,35.65,7.86,17.25,64.84,14.7,4.72,,5.36,12.5,10.65,17.14,6.21,35.31,59.36,4.3,46.88,121.3,64.18,8.85,,28.45,13.87
2020-03-05 07:00:00,7.39,23.03,26.32,23.57,47.03,16.64,42.18,11.98,6.86,69.2,4.29,11.24,19.74,48.48,13.59,11.06,5.54,7.7,5.11,15.71,14.38,3.43,6.01,41.24,33.29,13.18,30.01,10.79,40.28,35.43,8.05,17.14,64.84,14.67,5.08,,5.55,12.2,10.53,16.84,6.24,35.91,59.73,4.25,46.93,123.0,64.0,9.07,,28.6,13.95
2020-03-06 07:00:00,7.3,23.03,26.43,23.6,46.94,15.84,43.94,11.82,6.86,70.01,4.23,11.18,19.52,48.1,13.49,10.97,5.54,7.72,5.04,15.58,14.2,3.35,6.01,44.07,32.53,13.18,30.07,10.81,39.8,35.0,7.97,17.03,62.39,14.14,4.88,,5.51,12.25,10.42,15.99,6.24,36.52,59.65,4.25,46.66,120.5,63.82,8.96,,28.5,13.81
2020-03-09 07:00:00,6.73,21.46,24.6,21.96,43.71,15.4,40.86,10.99,6.38,65.37,3.95,11.05,18.18,44.75,12.64,,5.16,7.18,4.69,14.51,13.33,2.84,5.6,42.13,30.26,12.52,29.51,10.6,37.04,32.57,7.42,15.92,59.58,13.61,4.41,,5.13,11.4,9.71,14.89,5.81,33.97,55.52,3.76,43.42,113.5,59.41,8.34,,26.55,13.02
2020-03-10 07:00:00,6.99,22.94,23.92,22.55,41.49,16.09,40.8,11.22,6.52,65.96,4.13,11.02,18.69,42.52,12.74,,5.11,7.46,4.67,15.24,13.62,3.0,5.57,42.45,29.63,12.85,29.51,10.6,35.07,31.96,7.5,16.13,59.58,13.47,3.97,,5.13,11.4,9.78,13.87,5.96,34.53,56.41,3.99,43.42,114.5,62.29,8.47,,26.4,13.0
2020-03-11 07:00:00,6.76,20.73,22.26,22.16,38.85,15.76,37.98,10.62,6.44,65.89,4.01,10.92,18.36,39.6,12.53,,4.85,7.08,4.35,14.81,13.33,2.96,5.3,40.47,27.58,12.72,29.51,10.56,32.75,29.75,7.12,15.89,58.32,12.88,4.37,,4.79,10.65,9.12,12.92,5.96,33.28,56.41,3.88,43.11,106.5,62.22,7.88,,26.0,12.55
2020-03-12 07:00:00,6.38,19.62,20.71,20.75,36.17,15.07,35.34,9.98,6.3,62.57,3.79,10.85,17.39,36.87,11.68,,4.51,6.63,4.05,14.59,12.55,2.84,4.93,40.47,25.65,11.96,29.4,10.56,30.47,27.67,6.62,14.9,55.48,12.0,4.41,,4.47,9.95,8.48,12.03,5.76,30.98,53.09,3.67,40.8,101.0,61.8,7.35,,24.2,11.8
2020-03-13 07:00:00,6.35,18.33,19.75,20.81,34.46,15.4,34.34,10.05,6.35,63.38,3.86,10.66,17.41,35.38,11.19,,4.56,6.56,3.92,14.25,12.23,2.8,4.98,40.39,24.93,11.59,29.51,10.56,28.95,26.72,7.03,15.01,55.25,11.19,4.33,,4.39,10.4,8.62,11.21,5.57,30.68,53.09,3.6,41.11,101.0,60.69,7.33,,24.2,12.0
2020-03-16 07:00:00,6.03,18.42,18.51,20.25,32.8,14.52,32.39,9.39,6.41,60.43,3.76,10.4,17.21,36.81,11.19,,4.3,6.58,3.98,14.25,11.8,2.72,4.79,40.1,23.98,11.13,28.73,10.48,29.47,24.85,7.01,14.93,57.55,10.41,4.33,,4.39,9.99,8.24,11.97,5.8,29.0,52.94,3.53,41.11,100.0,59.41,6.83,,23.7,11.53
2020-03-17 07:00:00,6.09,19.62,19.07,20.53,33.23,14.52,34.34,9.62,6.32,57.48,3.95,10.46,17.53,37.12,11.61,9.83,4.2,6.62,4.11,14.16,12.17,2.76,4.86,40.1,24.39,11.23,28.68,10.56,31.51,24.72,6.99,15.92,54.14,10.62,4.45,,4.69,10.2,8.48,12.38,5.96,29.17,51.54,3.5,39.33,101.7,58.79,7.01,,22.1,11.63
2020-03-18 07:00:00,6.12,19.53,19.49,20.7,33.23,15.4,34.59,9.6,6.41,58.44,4.03,10.63,17.5,36.0,12.0,9.21,4.22,6.79,4.09,14.16,12.17,2.72,4.8,40.02,24.86,11.29,28.4,10.43,33.71,24.89,6.92,16.13,52.18,10.62,4.68,,4.52,10.0,8.48,12.38,6.04,29.95,51.25,3.5,39.55,101.4,58.18,7.02,,22.1,11.51
2020-03-19 07:00:00,6.09,18.42,18.84,20.28,31.61,14.44,33.27,9.21,6.32,56.75,4.1,10.17,17.24,34.32,11.96,8.6,4.14,6.6,3.94,14.08,12.17,2.68,4.68,39.86,23.86,11.82,28.4,10.43,32.11,23.59,6.69,15.86,48.73,10.52,4.64,,4.52,9.75,8.15,11.54,6.04,28.52,50.51,3.43,39.42,98.0,54.51,6.78,,21.9,11.15
2020-03-20 07:00:00,6.18,17.13,18.68,20.08,29.56,14.59,33.77,9.07,6.27,57.48,3.98,10.37,17.24,35.94,11.65,8.01,4.14,6.41,3.86,13.35,11.59,2.68,4.66,39.86,24.36,11.59,28.4,10.43,32.51,23.85,6.68,15.86,48.34,10.34,4.72,,4.57,9.8,8.2,10.75,6.21,26.58,47.04,3.43,36.66,103.0,55.12,6.86,,20.4,11.24
2020-03-23 07:00:00,5.57,15.66,17.38,18.7,27.52,13.6,31.45,8.45,6.04,55.64,3.76,10.4,16.05,33.46,10.83,7.46,3.85,5.96,3.6,13.26,11.01,2.33,4.34,39.86,22.66,10.83,28.95,10.35,30.27,22.21,6.21,14.77,44.97,9.64,4.64,,4.26,9.12,7.63,10.0,6.04,24.72,43.8,3.06,34.13,95.8,51.26,6.39,,19.0,10.5
2020-03-24 07:00:00,5.66,14.83,17.83,18.84,29.44,13.75,32.2,8.38,6.04,55.71,3.88,10.4,16.09,34.88,11.12,7.63,3.76,5.89,3.36,13.26,11.1,2.41,4.31,39.78,21.71,10.9,28.95,10.25,30.03,22.29,5.94,15.01,44.32,8.97,4.68,,4.13,8.8,7.61,9.31,6.23,25.06,40.78,3.17,31.77,96.5,52.73,6.35,,17.7,10.4
2020-03-25 07:00:00,5.92,16.49,18.73,19.77,31.48,14.52,33.27,8.95,6.01,59.55,3.95,10.4,16.63,37.3,11.54,7.81,3.94,6.13,3.47,13.74,11.22,2.52,4.55,39.78,23.03,11.13,29.01,10.35,32.11,23.81,6.2,15.54,46.04,8.37,5.0,,4.41,9.11,7.84,9.34,6.21,26.79,43.58,3.38,34.0,97.1,56.34,6.61,,18.9,10.85
2020-03-26 07:00:00,5.69,16.58,18.79,19.85,33.65,13.53,32.52,8.61,5.9,60.8,3.93,10.01,15.98,36.43,11.26,7.5,3.88,5.84,3.25,13.74,11.22,2.37,4.38,39.7,21.46,11.03,28.84,10.39,31.59,23.33,6.0,15.09,47.96,8.94,4.92,,4.28,8.7,7.61,8.78,5.81,27.31,44.98,3.22,36.35,97.0,57.57,6.39,,20.0,10.7
2020-03-27 07:00:00,5.69,16.49,18.62,19.69,32.38,13.56,32.08,8.7,5.9,59.69,3.96,10.2,15.58,36.12,11.26,7.42,3.61,5.58,3.32,13.44,11.28,2.37,4.25,39.94,19.97,11.06,28.95,10.39,31.63,22.51,6.02,14.9,49.72,9.53,4.88,,4.08,8.21,7.56,9.01,5.6,27.7,44.24,3.2,38.57,96.9,57.63,6.37,,20.4,10.67
2020-03-30 07:00:00,5.25,15.66,17.43,19.32,30.67,13.2,30.32,8.11,5.68,58.15,3.88,10.2,14.61,33.89,10.69,7.28,3.42,5.63,3.09,13.18,10.9,2.21,3.96,39.78,18.77,11.0,28.9,10.35,30.2,20.95,5.64,14.58,46.46,9.11,4.68,,3.8,7.64,7.04,8.57,5.22,26.36,41.14,2.96,36.17,96.5,55.85,5.93,,19.0,10.1
2020-03-31 07:00:00,5.14,15.29,17.41,19.1,31.52,13.27,28.22,7.88,5.45,58.22,3.89,9.52,14.86,34.01,10.58,7.35,3.52,5.81,3.02,12.36,10.72,2.21,3.94,39.7,18.59,10.76,28.9,10.31,30.79,20.34,5.6,14.53,47.19,8.94,4.8,,3.83,7.3,7.09,8.44,4.86,26.79,40.55,2.99,37.06,97.2,55.73,5.52,,19.15,10.75
2020-04-01 07:00:00,5.37,15.66,18.11,19.69,33.7,13.71,28.31,8.38,5.59,58.22,4.17,9.88,15.29,34.82,10.58,7.51,3.75,5.94,3.23,12.88,10.67,2.41,4.15,39.86,19.31,10.93,28.84,10.31,32.81,21.54,5.81,15.06,47.23,8.94,5.08,,4.09,7.81,7.32,8.52,4.6,28.09,40.41,3.08,38.22,99.2,57.57,5.62,,19.25,10.38
2020-04-03 07:00:00,5.51,16.58,19.35,20.25,36.04,13.75,30.29,8.61,5.59,60.28,4.22,9.88,16.12,36.74,10.76,7.63,3.87,6.08,3.45,12.53,10.61,2.37,4.29,42.37,20.64,11.29,28.9,10.33,33.66,23.0,6.08,15.36,47.96,9.01,5.23,,4.37,8.35,7.49,8.62,4.75,28.31,42.55,3.15,40.44,99.9,58.18,5.72,,19.5,10.71
2020-04-06 07:00:00,5.95,17.5,20.71,21.35,38.55,14.22,32.39,9.21,6.01,61.91,4.37,10.07,17.17,39.1,11.5,7.98,4.06,6.49,3.69,12.79,10.84,2.56,4.58,45.29,22.06,11.99,28.95,10.33,33.82,24.6,6.43,16.08,50.65,9.6,5.74,,4.67,8.93,8.01,9.21,4.95,29.39,45.49,3.34,43.24,99.9,58.92,6.11,,20.85,11.22
2020-04-07 07:00:00,5.86,17.5,20.88,22.05,40.73,14.15,34.02,9.09,6.04,61.17,4.25,10.07,17.1,39.04,11.5,7.86,4.11,6.55,3.7,13.31,10.84,2.52,4.64,46.58,23.54,12.19,28.79,10.43,32.77,25.26,6.31,15.97,52.56,9.46,5.86,,4.67,9.18,8.01,9.85,4.96,29.47,48.67,3.34,43.24,99.0,60.33,6.34,,22.3,11.5
2020-04-08 07:00:00,5.83,17.5,21.41,22.5,40.73,13.67,33.77,9.02,5.98,61.54,4.54,9.88,16.94,38.92,11.5,7.89,4.09,6.44,3.78,13.39,11.3,2.48,4.57,47.72,23.35,12.19,28.95,10.43,32.39,24.9,6.74,15.86,52.95,9.5,6.1,,4.74,9.28,7.89,10.52,4.85,29.17,51.61,3.29,41.77,99.0,60.63,6.16,,22.5,11.55
2020-04-09 07:00:00,5.77,17.5,21.27,22.89,40.21,13.27,34.09,9.07,6.32,64.12,4.66,9.88,16.94,41.59,11.68,8.29,4.09,6.39,3.72,13.31,11.59,2.56,4.6,48.12,23.03,12.25,28.95,10.41,33.74,25.7,6.88,15.89,53.72,9.5,6.45,,5.04,9.19,7.98,10.59,4.94,30.68,50.88,3.36,42.66,102.0,61.31,6.13,,23.7,11.68
2020-04-10 07:00:00,5.72,17.32,20.82,22.27,39.19,13.49,33.58,8.91,6.27,65.74,4.66,9.85,16.77,41.65,11.61,8.86,3.96,6.48,3.72,12.96,11.54,2.56,4.52,48.77,22.62,12.19,28.95,10.39,34.37,25.52,6.73,16.16,54.1,9.5,6.88,,5.08,9.01,7.91,10.23,4.88,30.51,49.48,3.31,42.22,109.1,61.0,6.08,,23.8,11.5
2020-04-13 07:00:00,5.77,17.5,20.96,22.25,39.4,13.67,33.58,8.98,6.41,65.74,4.71,9.88,16.81,42.21,11.82,8.91,4.0,6.67,3.75,12.92,11.68,2.6,4.58,47.07,23.67,12.12,28.95,10.41,34.04,25.52,6.95,16.18,54.1,9.85,7.0,,5.02,9.04,8.13,10.08,4.94,30.6,49.62,3.31,42.66,115.7,60.69,6.5,,25.45,11.8
2020-04-14 07:00:00,5.77,16.95,20.59,22.19,39.36,13.6,33.27,8.79,6.38,64.71,4.85,9.85,17.9,41.59,11.82,9.48,3.96,6.87,4.01,13.82,11.71,2.56,4.63,49.42,23.6,12.19,28.9,10.39,33.4,25.48,7.14,16.21,55.02,9.96,7.0,,5.04,9.16,8.1,9.75,4.92,30.21,50.14,3.31,42.48,112.8,60.63,6.94,,26.2,11.82
2020-04-15 07:00:00,5.83,17.59,21.05,22.89,41.41,13.75,35.59,9.09,6.35,64.93,4.81,9.85,18.11,41.34,12.0,9.78,4.09,6.93,4.29,14.51,11.97,2.8,4.76,49.34,24.23,12.32,28.9,10.33,33.66,26.24,7.15,16.5,58.7,9.96,7.08,,5.1,9.7,8.29,9.98,5.19,30.64,49.99,3.41,42.66,110.8,60.75,7.09,,26.1,12.1
2020-04-16 07:00:00,5.89,19.8,21.05,23.79,41.11,14.66,37.29,9.07,6.58,65.59,4.74,9.85,18.18,41.83,12.32,9.48,4.15,6.98,4.31,14.59,11.94,2.84,4.8,49.26,24.27,12.59,28.9,10.27,34.58,26.15,7.07,16.4,60.47,9.99,7.04,,5.1,9.72,8.29,10.13,5.15,30.77,49.77,3.43,42.62,116.0,60.82,7.09,,26.5,11.95
2020-04-17 07:00:00,6.06,22.11,21.1,25.31,41.28,14.77,38.73,9.21,6.86,65.59,4.73,9.88,18.51,42.02,12.99,9.48,4.26,7.13,4.5,14.94,12.12,2.88,4.95,49.09,25.87,12.52,29.34,10.35,34.92,26.46,7.14,16.5,63.46,10.45,7.08,,5.2,9.73,8.39,10.82,5.25,30.86,50.51,3.43,42.71,117.4,60.82,6.99,,26.5,12.25
2020-04-20 07:00:00,5.98,21.19,20.93,25.2,40.77,14.52,38.73,9.09,7.19,66.4,5.05,9.88,18.55,42.7,12.71,9.39,4.23,7.3,4.45,14.94,12.12,2.8,4.84,48.12,26.6,12.72,29.34,10.37,37.03,26.68,7.42,16.42,67.87,10.76,6.85,,5.23,9.55,8.36,11.26,5.19,31.07,50.51,3.46,42.75,117.2,61.24,6.84,,26.2,12.3
2020-04-21 07:00:00,5.72,18.88,19.58,24.19,38.85,14.44,36.03,8.61,7.14,66.4,5.03,9.85,17.82,40.03,11.96,8.74,3.98,6.96,4.14,14.47,11.83,2.64,4.55,45.85,25.05,12.95,29.23,10.31,34.46,25.66,7.37,15.6,65.22,10.03,6.18,,4.91,8.99,7.96,10.49,4.88,30.9,50.14,3.36,41.33,115.0,59.28,6.37,,24.4,11.82
2020-04-22 07:00:00,5.89,19.62,20.42,25.0,40.04,14.37,35.59,8.82,7.17,67.06,5.34,10.01,18.47,39.41,12.39,8.82,4.12,7.17,4.43,14.59,11.86,2.72,4.68,47.15,25.87,13.18,29.23,10.35,34.33,26.06,7.48,15.68,67.14,9.96,6.37,,5.08,9.17,7.98,10.39,5.02,29.95,48.22,3.38,41.11,115.1,59.71,6.58,,23.55,11.91
2020-04-23 07:00:00,5.86,19.34,20.42,25.34,40.3,14.11,35.59,8.79,7.28,68.46,5.2,9.94,18.44,40.41,12.46,8.86,4.08,7.44,4.73,14.68,11.88,2.76,4.7,47.15,26.35,13.08,29.29,10.37,34.33,26.32,7.5,15.7,69.29,9.88,6.45,,5.08,9.15,8.01,10.59,5.02,29.9,49.11,3.38,41.33,116.4,58.86,6.48,,24.1,11.95
2020-04-24 07:00:00,5.86,20.08,20.31,25.54,40.04,13.97,38.04,8.79,7.59,67.58,5.1,9.94,18.44,40.41,12.35,8.74,4.08,7.61,5.06,14.64,11.88,2.72,4.67,48.2,26.19,13.68,29.51,10.37,34.88,26.37,7.54,16.29,69.06,9.88,6.45,,5.06,9.1,8.08,10.36,5.02,29.77,47.93,3.36,41.33,115.2,62.96,6.68,,24.0,12.05
2020-04-27 07:00:00,5.8,21.56,19.8,25.7,39.58,14.26,40.17,8.63,7.56,67.14,4.89,9.81,18.33,39.85,12.39,9.34,4.06,7.56,5.16,14.59,11.88,2.72,4.57,47.39,25.94,13.51,29.4,10.39,33.91,25.7,7.82,16.24,69.06,9.64,6.33,,5.0,8.99,8.05,10.75,4.96,28.87,47.56,3.36,40.88,113.5,62.96,6.84,,23.5,12.13
2020-04-28 07:00:00,5.86,21.74,19.83,25.99,39.28,14.55,40.05,8.72,7.48,69.2,5.08,9.85,18.33,38.98,12.88,9.48,4.07,7.37,5.12,14.51,11.91,2.76,4.6,48.37,25.53,13.58,29.57,10.37,33.49,25.35,8.13,16.16,65.22,9.6,6.3,,4.95,8.98,8.08,10.54,4.96,28.95,47.63,3.38,40.88,112.9,61.55,6.84,,22.75,11.94
2020-04-29 07:00:00,5.92,22.02,20.09,26.55,39.36,14.55,39.36,9.16,7.5,68.76,5.03,9.75,18.36,39.35,13.17,9.78,4.09,7.41,5.12,14.85,12.15,2.76,4.64,47.64,25.78,13.61,29.62,11.1,33.99,25.22,8.33,15.97,62.54,9.67,6.26,,4.97,9.1,8.13,10.85,4.94,29.39,46.9,3.38,40.84,115.5,60.63,6.68,,23.1,12.0
2020-05-04 07:00:00,5.86,21.65,19.92,26.27,37.57,14.15,38.29,9.18,7.76,69.35,4.79,9.78,18.26,39.6,12.74,9.39,4.27,7.24,5.26,15.02,12.12,2.8,4.61,46.42,25.05,13.28,29.4,11.14,33.82,25.04,7.75,15.76,59.47,9.96,6.14,,4.85,8.98,8.22,10.75,4.94,29.13,47.85,3.34,40.8,114.3,59.77,6.53,,23.45,11.9
2020-05-05 07:00:00,5.86,20.82,19.92,26.44,38.34,14.22,38.29,9.09,8.06,69.13,4.71,9.75,18.4,40.66,12.74,9.74,4.29,7.37,5.37,15.67,12.17,2.8,4.6,45.69,25.02,13.21,29.4,10.83,34.08,24.82,7.63,15.97,58.2,9.96,5.98,,4.83,8.97,8.22,11.23,4.99,28.87,46.9,3.34,41.2,111.5,61.55,6.63,,23.55,11.86
2020-05-06 07:00:00,6.01,21.0,20.31,26.06,39.62,14.22,40.93,9.25,8.2,70.09,4.91,9.75,19.12,42.58,12.74,10.4,4.24,7.65,5.66,16.74,12.17,2.8,4.64,46.99,25.62,13.38,29.51,10.93,35.38,25.04,7.86,16.18,60.62,10.03,6.1,,4.95,9.14,8.29,11.33,5.09,29.21,49.4,3.36,42.22,112.1,62.16,6.79,,25.0,12.18
2020-05-07 07:00:00,6.12,21.0,21.19,26.15,40.0,14.52,42.06,9.34,8.12,71.56,4.89,9.81,19.34,42.64,12.96,10.97,4.22,8.13,5.53,17.47,12.26,2.8,4.74,47.64,26.06,13.35,29.57,10.85,35.47,25.48,8.05,16.29,64.84,10.03,6.33,,5.04,9.34,8.36,11.23,5.13,30.12,49.84,3.38,42.66,115.2,63.33,6.97,,24.8,12.35
2020-05-08 07:00:00,6.18,21.83,21.44,26.18,40.81,14.44,41.12,9.57,8.04,70.75,4.86,9.91,19.41,43.2,12.88,10.53,4.44,8.06,5.44,17.43,12.38,2.92,4.83,49.42,26.44,13.28,30.01,10.77,36.95,25.79,7.97,16.29,65.99,10.38,6.69,,5.16,9.52,8.93,11.28,5.13,31.76,52.28,3.46,43.33,120.0,64.31,7.43,,25.3,12.7
2020-05-11 07:00:00,6.27,22.48,21.72,26.44,41.02,14.44,41.62,9.73,8.15,71.51,4.87,10.01,19.52,45.31,13.45,10.88,4.47,8.25,5.5,17.6,12.38,3.08,4.89,51.12,26.82,13.31,30.07,10.99,37.37,26.46,8.01,16.34,66.42,10.41,6.88,,5.41,9.69,9.54,11.92,5.32,32.19,54.2,3.57,43.33,118.6,66.45,7.85,,25.45,12.95
2020-05-12 07:00:00,6.29,21.83,21.75,27.62,42.43,14.92,43.31,9.91,8.23,71.21,5.19,9.91,19.67,45.43,13.66,10.97,4.5,8.15,5.88,17.81,13.07,3.08,5.0,50.23,26.28,13.84,29.34,11.08,38.42,28.27,8.21,16.66,66.57,10.2,6.81,,5.42,9.7,9.73,11.95,5.69,32.67,54.2,3.6,43.11,117.4,69.76,7.84,,25.25,13.1
2020-05-13 07:00:00,6.27,22.02,22.34,27.91,43.03,15.4,44.32,9.91,8.54,70.44,5.1,9.91,20.9,44.94,13.81,11.06,4.69,8.3,6.29,18.46,13.33,3.04,5.09,50.15,26.47,14.14,29.23,11.35,38.51,28.76,8.13,17.03,65.99,10.52,6.81,,5.37,9.96,9.73,11.77,6.08,32.67,52.65,3.57,42.22,114.9,69.63,7.79,,24.5,13.04
2020-05-14 07:00:00,6.18,21.56,22.4,27.5,42.34,15.14,43.31,9.78,8.96,69.99,4.94,9.98,20.62,44.38,13.84,10.79,4.56,8.25,6.32,18.46,13.3,2.96,5.03,51.77,26.19,13.98,29.29,11.59,38.46,28.18,8.01,17.01,66.07,10.38,6.77,,5.44,10.05,9.68,11.74,6.2,32.84,52.06,3.55,42.66,114.0,69.21,7.71,,24.05,12.95
2020-05-15 07:00:00,6.27,21.56,21.78,27.3,41.11,14.88,42.06,9.57,8.77,70.06,4.8,10.07,20.32,44.01,13.77,10.57,4.53,8.1,6.17,18.54,12.75,2.92,4.93,50.31,25.91,13.58,29.29,11.59,37.54,27.48,7.9,16.71,66.07,10.41,6.1,,5.33,9.8,9.57,11.77,6.2,32.84,52.79,3.5,43.11,114.0,67.86,7.77,,24.1,12.93
2020-05-18 07:00:00,6.29,21.1,21.95,27.47,41.58,15.18,43.0,9.78,8.94,69.68,4.82,10.24,20.47,45.62,13.66,10.79,4.6,8.65,6.59,19.83,12.64,2.92,4.96,50.63,26.98,13.45,29.4,11.57,38.25,28.14,7.97,16.69,66.38,10.34,5.86,,5.41,9.73,9.75,11.77,6.1,33.92,53.02,3.53,42.88,114.0,68.04,8.18,,24.55,13.07
2020-05-19 07:00:00,6.41,21.65,22.06,27.5,41.41,14.99,42.68,10.21,8.91,69.99,4.8,10.56,20.85,46.43,13.84,10.79,4.66,9.01,6.76,21.2,12.99,3.04,5.06,51.04,27.52,13.51,29.51,11.57,39.48,28.5,8.05,16.74,65.99,10.55,5.7,,5.46,9.9,10.06,11.64,6.24,34.14,53.97,3.57,42.88,114.9,68.96,8.15,,24.9,13.4
2020-05-20 07:00:00,6.41,21.65,22.09,27.5,42.17,15.03,43.75,10.21,9.08,70.06,5.01,10.59,20.7,46.06,13.81,11.23,4.64,9.11,6.64,22.66,12.87,3.0,5.03,51.69,27.29,13.78,29.57,11.64,39.52,28.36,8.05,16.71,66.18,10.52,5.15,,5.46,10.4,9.94,11.41,6.23,34.4,56.85,3.53,42.93,113.7,69.82,8.02,,26.55,13.45
2020-05-21 07:00:00,6.47,21.74,22.4,27.35,42.68,14.74,43.63,10.51,9.08,71.13,4.96,11.31,20.87,46.55,13.73,11.23,4.96,9.13,6.46,24.17,12.75,3.0,5.12,51.69,27.45,13.65,29.79,11.68,39.64,28.36,8.05,16.93,67.53,10.62,4.72,,5.48,10.5,10.39,11.36,6.18,35.09,57.51,3.6,43.55,115.0,70.43,8.05,,26.3,13.7
2020-05-22 07:00:00,6.47,21.65,22.17,27.47,41.88,14.44,42.75,10.44,9.16,70.67,5.1,10.98,20.51,45.87,13.66,10.97,4.73,9.39,6.76,24.9,12.35,3.0,5.02,50.23,26.82,13.58,29.68,11.61,39.14,28.01,7.97,16.61,66.76,10.48,5.19,,5.46,10.2,9.94,11.64,5.96,35.0,56.41,3.64,42.84,114.0,70.06,7.87,,25.8,13.42
2020-05-25 07:00:00,6.53,23.49,22.37,27.62,42.17,14.52,42.68,10.56,9.27,70.83,5.38,10.98,20.51,45.74,13.73,11.49,4.77,9.41,6.82,25.07,12.58,3.04,5.03,50.07,27.17,13.91,29.68,11.47,39.1,28.36,8.05,16.61,67.14,10.41,5.55,,5.56,10.25,9.94,11.92,5.96,35.05,56.63,3.74,43.15,113.1,72.02,7.82,,26.2,13.4
2020-05-26 07:00:00,6.73,24.87,23.7,28.56,44.3,14.59,43.5,10.6,9.41,70.75,5.3,10.98,20.66,46.49,14.27,11.49,4.82,9.78,6.89,25.76,12.78,3.04,5.12,50.63,27.29,14.18,29.73,11.61,39.56,28.45,8.37,17.3,67.26,10.55,5.51,,5.86,10.4,9.99,12.03,5.98,35.65,56.33,3.83,43.06,113.0,72.02,7.87,,26.5,13.58
2020-05-27 07:00:00,6.58,24.6,22.46,28.41,43.03,14.66,46.51,10.26,9.98,70.9,5.24,11.18,20.32,46.55,13.88,11.14,4.69,9.37,7.01,25.58,12.58,3.08,5.03,50.63,26.76,14.21,29.96,11.63,39.56,27.92,8.13,16.79,67.22,10.52,5.35,,5.69,10.1,9.87,11.26,5.93,35.82,55.08,3.78,43.06,113.0,70.43,7.49,,25.5,13.46
2020-05-28 07:00:00,6.61,24.41,22.96,28.09,42.94,14.55,48.21,10.33,10.34,70.6,5.24,10.98,20.32,45.87,13.88,11.19,4.69,9.37,7.08,25.58,12.61,3.12,5.03,50.88,26.73,14.01,30.23,12.14,39.48,27.79,8.21,16.74,67.22,10.48,5.55,,5.67,10.3,9.87,10.75,5.86,36.52,55.3,3.78,43.11,113.3,70.31,7.53,,26.9,13.43
2020-05-29 07:00:00,6.61,24.41,22.63,28.03,42.56,14.15,47.71,10.3,10.34,70.22,5.21,11.24,20.3,46.18,13.88,11.19,4.79,9.44,6.95,27.34,12.75,3.12,5.0,50.8,26.69,13.98,29.9,12.84,38.93,27.96,8.09,16.64,67.68,10.48,5.51,,5.66,10.3,9.78,10.85,5.86,36.82,56.48,3.81,43.11,113.0,70.43,7.61,,27.5,13.47
2020-06-01 07:00:00,7.25,24.78,23.39,27.97,43.2,14.22,48.52,10.76,11.02,70.6,5.3,11.34,20.45,46.74,13.95,11.28,4.94,9.53,7.04,28.5,12.9,3.16,5.19,51.12,27.14,14.18,30.62,12.7,39.05,28.32,8.25,16.87,68.18,10.55,5.55,,5.81,10.75,10.06,10.93,6.04,37.38,58.32,3.95,43.2,113.3,71.1,8.0,,27.8,13.69
2020-06-02 07:00:00,7.16,23.67,22.88,27.91,42.51,14.04,45.13,10.74,10.93,71.51,5.07,11.44,20.32,47.42,13.59,11.01,5.28,9.32,6.83,28.8,12.9,3.43,5.21,51.77,26.92,14.04,30.18,12.14,39.14,28.01,8.29,16.85,70.21,10.52,5.51,,5.75,10.5,9.99,11.1,5.96,37.42,57.37,3.97,42.97,114.7,71.04,7.85,,27.6,13.62
2020-06-03 07:00:00,7.36,24.23,23.13,28.03,42.51,14.33,42.25,10.99,10.74,70.75,5.15,11.47,20.6,48.41,13.95,11.41,5.64,9.29,6.93,28.8,13.45,3.43,5.25,51.85,26.95,14.04,30.23,12.14,39.39,28.1,8.37,16.87,69.06,10.52,5.98,,5.81,10.65,10.09,11.1,6.23,37.99,57.44,4.13,43.02,113.8,71.41,7.92,,28.1,13.63
2020-06-04 07:00:00,7.3,24.13,23.58,28.91,42.47,14.19,45.2,11.29,11.24,70.83,5.14,11.47,20.49,48.41,14.05,11.14,5.51,9.16,6.91,28.76,13.33,3.43,5.24,51.44,26.98,13.98,30.35,12.05,39.77,28.23,8.37,17.03,68.68,10.59,6.26,,6.0,10.6,10.01,11.31,6.24,38.46,57.14,4.13,42.66,114.3,72.15,7.82,,28.4,13.7
2020-06-05 07:00:00,7.28,24.13,23.75,29.79,42.39,14.0,45.95,11.2,11.66,70.52,5.23,11.5,20.62,47.79,14.76,11.32,5.45,9.32,7.39,28.72,13.54,3.47,5.21,51.04,27.17,14.14,30.4,12.28,39.64,28.23,8.33,17.03,68.68,10.59,6.3,,6.0,10.55,10.13,11.44,6.23,38.46,57.0,4.11,42.22,114.3,73.0,7.98,,28.45,13.75
2020-06-08 07:00:00,7.33,24.41,24.83,30.91,43.11,14.08,45.13,11.4,11.69,70.75,5.19,11.54,20.9,49.03,14.94,11.41,5.43,9.54,7.88,28.84,13.86,3.75,5.27,51.36,28.43,14.27,30.46,12.31,40.49,29.29,8.45,17.11,69.83,11.33,6.45,,6.13,10.7,10.25,11.82,6.18,38.63,57.37,4.18,42.66,115.0,75.21,7.97,,28.6,14.0
2020-06-09 07:00:00,7.36,24.5,24.46,30.56,44.64,14.59,44.26,11.08,11.49,71.51,5.23,11.76,20.72,48.66,14.69,11.98,5.56,9.34,7.88,28.89,13.62,3.71,5.27,51.04,27.99,14.41,30.35,12.14,40.15,29.03,8.72,17.01,68.56,11.36,6.33,,6.06,10.75,10.18,11.59,6.14,38.68,57.22,4.2,42.75,117.8,76.56,7.85,,27.9,13.96
2020-06-10 07:00:00,7.39,24.5,24.54,30.32,44.99,14.66,43.56,11.29,11.24,70.9,5.26,11.76,20.66,48.41,14.8,11.63,5.54,9.3,7.7,28.67,13.65,3.71,5.41,50.96,28.21,14.27,30.35,12.14,40.24,28.8,8.88,17.01,68.3,11.4,6.37,,6.11,11.5,10.32,11.9,6.24,38.72,57.14,4.16,42.48,117.8,75.33,7.87,,27.95,14.14
2020-06-11 07:00:00,7.07,24.69,22.85,29.68,41.92,14.3,42.06,10.51,10.34,69.99,4.93,11.7,19.48,45.06,13.77,10.97,5.39,8.79,7.18,27.73,13.54,3.43,5.09,47.39,26.25,13.58,30.35,11.77,37.45,26.81,8.29,16.24,67.91,11.4,6.1,,5.69,11.05,9.87,11.08,5.84,38.03,56.41,3.97,41.33,113.5,74.9,7.53,,26.1,13.65
2020-06-12 07:00:00,7.07,24.5,23.98,29.21,41.15,14.3,42.37,10.67,10.82,68.85,5.01,11.63,19.9,46.3,14.02,10.66,5.33,9.13,7.67,26.61,13.45,3.43,5.14,47.39,27.14,13.68,30.57,11.82,38.13,26.37,8.25,16.4,65.99,10.9,6.3,,5.92,11.8,9.99,11.56,5.96,36.99,55.3,4.04,40.8,113.4,72.27,7.53,,25.9,13.55
2020-06-15 07:00:00,6.73,23.03,22.51,28.68,40.21,13.71,39.42,10.21,10.82,68.62,4.84,11.83,19.48,44.75,13.45,10.88,5.41,8.75,7.42,25.07,13.33,3.55,4.95,45.69,26.03,13.25,30.74,11.35,37.11,25.35,8.29,16.1,63.69,10.34,6.22,,5.52,12.05,9.5,11.03,5.76,35.44,51.61,3.95,39.55,109.0,68.59,7.04,,25.0,13.0
2020-06-16 07:00:00,6.87,24.78,22.96,29.21,41.92,13.97,40.05,10.65,10.85,69.61,5.03,11.63,19.73,45.37,13.84,11.19,5.41,9.03,7.63,25.45,13.51,3.55,5.06,46.66,26.63,13.45,31.52,11.44,37.37,26.06,8.45,16.34,63.73,10.48,6.33,,5.81,11.9,9.73,11.05,5.96,36.17,55.23,4.02,41.51,107.7,71.66,7.23,,26.75,13.29
2020-06-17 07:00:00,6.84,23.67,22.74,29.21,40.9,14.08,39.36,10.53,10.74,69.99,4.93,11.76,19.62,45.25,13.73,10.88,5.32,9.04,8.02,25.67,13.51,3.51,5.03,46.58,26.44,14.14,31.79,10.98,38.59,25.84,8.33,16.32,63.73,10.41,5.7,,5.73,11.6,9.59,10.75,5.83,36.39,56.04,3.99,40.84,109.8,70.8,7.28,,27.5,13.4
2020-06-18 07:00:00,6.87,24.41,22.85,30.26,40.9,13.86,39.3,10.49,10.68,69.99,4.96,11.76,19.73,44.81,13.73,10.79,5.26,9.23,7.91,25.76,13.57,3.43,5.03,46.18,26.44,14.14,32.46,11.16,39.39,25.79,8.21,16.45,63.81,10.41,5.51,,5.73,11.4,9.54,10.77,5.86,36.73,56.41,4.04,40.44,111.0,70.55,7.27,,27.55,13.35
2020-06-19 07:00:00,7.04,24.41,23.39,31.73,42.17,14.04,39.8,10.69,11.04,70.06,5.05,11.86,19.9,45.06,13.91,11.06,5.31,9.42,8.29,25.84,14.09,3.51,5.09,46.18,26.66,14.08,33.02,10.84,38.8,26.19,8.21,16.71,63.81,10.24,5.78,,5.85,11.9,9.68,10.82,5.96,36.91,56.41,4.09,43.24,110.0,70.43,7.43,,27.8,13.5
2020-06-22 07:00:00,6.96,24.6,23.3,32.32,41.75,13.93,42.56,10.74,10.9,70.29,5.4,11.83,19.9,45.37,14.02,10.92,5.25,9.41,8.43,25.88,14.06,3.55,5.09,47.23,27.11,14.8,32.85,11.58,38.8,26.19,8.29,16.64,63.69,10.41,5.7,,5.81,11.7,9.8,10.98,5.94,36.95,57.73,4.09,43.06,109.0,70.68,7.4,,27.6,13.55
2020-06-23 07:00:00,6.93,24.78,22.96,32.14,41.41,14.0,45.51,10.65,10.9,69.53,5.38,11.7,20.13,45.87,14.16,11.01,5.25,9.3,8.29,25.76,13.97,3.55,5.09,47.31,26.92,14.54,32.46,11.7,39.01,26.5,8.29,16.69,62.92,10.55,5.59,,6.15,11.55,9.75,11.51,6.04,37.16,57.29,4.09,41.86,109.4,71.04,7.41,,27.2,13.54
2020-06-24 07:00:00,6.87,24.78,22.74,32.03,40.9,13.86,45.2,10.44,10.79,69.68,5.28,11.7,19.98,45.06,14.16,10.79,5.2,9.3,8.16,25.58,13.91,3.47,5.11,46.34,26.82,14.27,32.46,11.26,38.72,26.77,8.17,16.69,61.39,10.45,5.47,,6.02,11.2,9.68,11.49,6.03,36.6,55.82,4.11,42.08,108.5,71.72,7.27,,26.85,13.4
2020-06-25 07:00:00,6.84,24.78,22.57,31.73,40.9,13.71,42.43,10.4,10.79,68.85,5.37,11.54,19.82,44.94,13.98,10.57,5.09,9.41,8.57,25.32,13.83,3.47,5.05,45.94,26.38,14.34,33.13,11.16,38.67,26.41,8.09,16.56,61.39,10.27,5.63,,6.04,11.45,9.54,11.36,5.96,36.17,55.67,4.16,41.51,108.5,71.29,7.17,,26.5,13.34
2020-06-26 07:00:00,6.81,24.69,22.51,32.03,40.47,13.78,41.93,10.33,11.13,69.3,5.21,11.54,19.84,44.81,13.88,10.44,5.02,9.37,8.54,24.9,13.68,3.47,5.05,45.69,26.57,14.51,34.74,11.35,38.63,26.41,8.05,16.61,63.23,10.24,5.51,,5.92,11.3,9.61,11.1,6.0,36.0,55.74,4.11,40.66,108.5,70.98,7.17,,26.2,13.35
2020-06-29 07:00:00,6.61,24.23,21.72,31.03,38.98,13.31,43.94,10.03,10.9,68.31,5.03,11.7,19.5,43.26,13.45,10.0,4.89,9.18,8.23,24.47,13.45,3.31,4.9,44.64,25.72,14.14,34.63,11.21,37.54,25.48,7.74,16.34,61.58,9.78,5.15,,5.66,10.95,9.28,11.72,5.91,35.22,54.56,4.06,39.55,106.8,69.43,6.84,,25.4,12.82
2020-06-30 07:00:00,6.58,24.5,21.38,30.5,38.77,13.31,43.69,9.87,11.1,69.61,4.93,11.57,19.33,42.83,13.17,9.65,4.91,9.23,7.98,24.38,13.45,3.23,4.83,43.83,25.5,13.98,34.24,11.26,37.54,25.44,7.66,16.32,60.24,9.39,5.12,,5.66,10.75,9.24,10.9,5.84,34.7,55.67,4.06,39.55,108.0,69.93,6.66,,24.8,13.3
2020-07-01 07:00:00,6.7,24.5,22.12,31.61,39.15,13.34,46.7,10.21,11.18,68.85,5.07,11.54,19.56,44.07,13.38,10.09,4.86,9.44,8.36,24.6,13.51,3.31,4.92,44.96,25.87,14.44,34.13,11.35,38.04,25.97,7.74,16.42,62.54,9.74,5.19,,5.85,11.2,9.35,10.49,5.91,35.74,56.7,4.13,40.44,108.0,71.17,7.04,,26.45,13.3
2020-07-02 07:00:00,6.67,24.6,22.0,31.85,39.96,13.27,49.97,10.21,11.1,69.23,5.03,11.5,19.54,43.76,13.38,10.13,4.89,9.51,8.19,24.81,13.62,3.23,4.9,46.34,25.81,14.41,34.08,11.3,38.38,26.01,7.59,16.48,64.04,9.82,5.12,,5.79,11.05,9.33,10.52,5.9,35.7,56.7,4.13,39.95,107.9,70.11,6.99,,26.2,13.18
2020-07-03 07:00:00,6.64,24.6,22.06,32.91,39.62,13.53,50.16,10.21,11.46,69.99,5.05,11.6,19.58,43.63,13.38,10.22,5.15,9.47,8.26,24.81,13.91,3.23,4.9,46.34,25.78,14.61,34.74,11.44,38.76,25.97,7.63,16.9,67.14,9.88,5.04,,5.79,11.0,9.35,10.77,5.84,35.87,57.37,4.13,40.08,108.0,70.8,6.94,,26.5,13.29
2020-07-06 07:00:00,6.81,24.69,22.63,31.85,40.04,13.56,49.09,10.56,11.46,70.52,5.12,11.57,19.82,44.94,13.56,10.44,5.15,9.51,8.29,24.9,14.0,3.39,4.95,46.66,26.35,14.84,35.75,11.28,39.14,26.37,7.89,17.01,69.25,10.06,5.08,,5.96,11.55,9.57,10.77,5.93,35.82,59.58,4.13,40.62,107.7,72.28,7.17,,27.1,13.5
2020-07-07 07:00:00,6.84,24.69,22.91,31.85,40.21,13.34,50.03,10.74,11.32,71.05,5.05,11.57,20.09,44.94,13.56,10.22,5.15,9.77,8.23,24.9,13.94,3.35,4.98,46.18,26.41,14.8,35.91,11.33,39.22,26.32,7.82,16.95,71.02,10.06,5.15,,5.94,11.45,9.57,10.69,5.94,36.04,59.58,4.16,40.44,108.3,71.97,7.07,,27.45,13.48
2020-07-08 07:00:00,6.9,24.69,22.88,31.91,40.21,13.27,50.28,10.83,11.32,71.13,5.08,11.47,20.2,45.25,13.52,10.22,5.16,9.66,8.09,24.9,13.91,3.35,4.99,46.18,26.38,14.84,35.8,11.56,39.22,26.24,7.78,17.03,74.05,10.13,5.15,,6.0,11.5,9.5,10.62,6.07,35.87,59.28,4.3,40.35,107.6,71.66,7.14,,27.45,13.44
2020-07-09 07:00:00,7.02,24.78,23.47,31.91,40.68,13.38,49.84,11.04,11.27,71.66,5.14,11.47,20.47,46.68,13.66,10.4,5.39,9.7,8.16,26.18,13.91,3.47,5.08,46.5,26.51,14.8,35.91,11.56,39.27,26.86,7.88,17.09,78.65,10.24,5.23,,6.06,11.8,9.9,10.93,6.23,36.13,59.58,4.39,40.44,108.1,71.91,7.44,,27.55,13.7
2020-07-10 07:00:00,6.93,24.78,23.42,31.67,40.81,13.34,49.59,10.9,11.21,70.75,5.15,11.44,20.24,46.12,13.59,10.44,5.28,9.56,8.19,26.1,14.0,3.43,5.02,46.1,26.16,14.71,35.41,11.56,39.1,26.54,7.93,17.03,79.04,10.31,5.15,,6.09,11.55,9.66,11.14,6.16,35.74,58.55,4.32,40.62,108.0,71.54,7.38,,27.05,13.69
2020-07-13 07:00:00,6.9,24.69,23.3,31.97,40.47,13.31,50.72,10.97,11.3,71.43,5.15,11.31,20.6,46.49,13.66,10.44,5.28,9.53,8.26,26.1,14.03,3.39,5.0,45.85,26.13,14.74,35.08,11.54,39.14,26.28,7.93,17.51,76.74,10.2,5.12,,6.09,11.45,9.59,11.46,6.18,35.82,58.32,4.3,40.57,108.0,71.23,7.28,,26.5,13.5
2020-07-14 07:00:00,6.93,24.6,23.27,31.73,40.51,13.38,50.34,11.02,11.21,72.05,5.24,11.05,20.56,47.01,13.66,10.62,5.29,9.61,8.23,25.97,14.03,3.35,4.99,45.37,26.16,15.3,34.69,11.54,39.14,26.28,7.93,17.51,74.82,10.31,5.12,,6.38,11.55,9.5,11.22,6.16,35.87,59.36,4.3,40.57,108.0,71.48,7.23,,26.4,13.5
2020-07-15 07:00:00,6.93,24.41,23.33,31.44,40.77,13.2,52.42,11.04,11.18,71.66,5.17,11.24,20.58,46.95,13.98,10.62,5.32,9.66,8.16,25.97,14.2,3.39,5.03,45.13,26.69,15.2,34.86,11.7,39.18,26.68,7.9,17.59,73.47,10.34,5.04,,6.32,11.55,9.73,11.41,6.14,36.08,59.8,4.44,40.22,107.8,71.97,7.33,,26.7,13.7
2020-07-16 07:00:00,6.93,24.41,23.33,31.73,40.9,13.16,52.42,11.04,11.35,71.66,5.19,11.44,20.58,47.01,13.91,10.57,5.39,9.85,8.02,27.08,14.7,3.39,5.09,46.18,26.76,15.23,34.58,11.68,39.52,26.81,7.97,17.62,74.05,10.62,5.08,,6.34,11.6,9.92,11.59,6.27,36.08,60.09,4.55,41.33,112.0,72.91,7.36,,27.3,13.6
2020-07-17 07:00:00,7.16,24.41,23.47,32.03,41.19,13.2,53.11,11.04,11.35,71.51,5.14,11.34,20.36,46.82,13.88,10.62,5.34,9.84,8.05,27.04,14.52,3.51,5.09,45.53,26.51,15.53,34.47,11.58,40.07,26.77,7.9,17.38,73.67,10.66,5.12,,6.38,11.6,9.73,11.59,6.24,35.78,59.36,4.58,40.66,109.0,72.47,7.51,,26.85,13.6
2020-07-20 07:00:00,7.07,24.5,23.02,31.55,40.13,12.83,50.85,10.9,,70.66,5.07,11.28,20.07,46.16,13.84,10.62,5.3,9.65,7.81,26.78,14.26,3.47,5.0,44.56,26.28,15.6,34.41,11.49,39.14,26.32,7.78,17.25,73.28,10.52,5.08,,6.28,11.45,9.68,11.3,6.2,35.52,58.4,4.62,40.08,107.5,71.79,7.4,,26.2,13.47
2020-07-21 07:00:00,7.1,24.5,23.02,31.85,39.79,13.27,51.79,10.92,,71.36,5.15,11.24,20.24,46.23,13.84,10.49,5.26,9.68,7.91,26.78,14.35,3.47,5.03,44.31,26.41,15.37,34.69,11.49,38.72,26.32,7.75,17.38,73.01,10.52,5.08,,6.2,11.5,9.68,11.8,6.1,35.65,58.1,4.72,40.08,108.4,71.97,7.41,,26.3,13.5
2020-07-22 07:00:00,7.04,24.5,22.57,31.43,39.19,13.27,49.59,10.69,,71.36,5.26,11.28,20.07,45.71,13.84,10.31,5.21,9.68,7.81,26.78,14.35,3.59,4.99,43.91,26.25,15.3,34.91,11.51,38.21,25.97,7.68,17.22,72.94,10.41,5.0,,6.12,11.3,9.57,11.67,6.1,35.65,57.14,4.79,39.91,107.4,70.8,7.31,,26.95,13.4
2020-07-23 07:00:00,6.99,24.5,22.48,31.43,39.11,13.05,49.65,10.69,,71.36,5.23,11.24,20.22,46.29,13.77,10.09,5.27,9.72,7.67,26.83,14.38,3.59,4.96,43.67,26.19,15.37,35.08,11.51,38.8,26.15,7.62,17.89,72.06,10.38,4.8,,6.06,11.25,9.59,11.54,6.07,35.65,58.1,4.74,39.99,107.9,70.86,7.33,,28.3,13.28
2020-07-24 07:00:00,6.7,24.5,21.55,30.24,37.15,13.2,46.2,10.19,,71.82,5.01,10.92,19.43,44.47,13.17,9.65,5.01,9.25,7.28,26.18,14.15,3.39,4.8,42.13,24.99,14.88,35.02,11.14,38.3,24.82,7.35,17.3,69.48,10.24,4.45,,5.81,10.9,9.21,10.85,5.87,35.0,56.04,4.51,39.11,103.8,68.93,6.91,,27.95,13.0
2020-07-27 07:00:00,6.29,24.04,20.06,28.14,34.55,12.54,43.0,9.48,,69.97,4.68,10.66,18.5,41.67,12.28,8.99,4.66,8.94,6.78,25.24,13.33,3.08,4.47,40.1,23.26,14.31,34.97,11.14,35.64,23.09,6.95,16.87,66.38,9.53,4.01,,5.4,10.15,8.57,10.12,5.53,33.28,52.28,4.13,37.77,97.9,64.16,6.43,,26.8,12.25
2020-07-28 07:00:00,6.61,24.13,21.36,30.06,35.7,12.61,44.57,9.94,10.57,70.74,4.96,10.72,19.35,44.15,12.99,9.3,4.75,9.42,7.25,25.67,13.74,3.35,4.74,40.91,23.98,14.84,35.41,11.44,36.78,23.93,7.35,17.19,69.06,9.85,4.41,,5.77,10.55,8.86,10.51,5.91,33.92,55.89,4.34,37.86,96.5,68.19,6.74,,27.2,12.6
2020-07-29 07:00:00,6.41,23.95,20.85,29.22,34.16,12.9,42.06,9.55,9.84,71.36,4.79,11.47,18.86,41.35,12.6,8.99,4.71,9.15,6.85,25.67,13.62,3.16,4.55,39.98,23.03,14.52,35.36,11.33,35.05,22.82,7.26,17.03,65.61,9.29,4.68,,5.51,10.15,8.57,9.99,5.76,33.49,54.56,4.09,37.11,95.1,65.77,6.5,,25.55,12.38
2020-07-30 07:00:00,6.53,24.04,20.99,29.58,34.59,12.83,42.81,9.78,9.72,71.28,4.82,11.11,19.12,42.65,13.03,8.86,4.77,9.3,6.92,25.71,13.88,3.19,4.61,40.35,23.44,14.52,35.69,11.33,35.6,22.82,7.35,17.27,65.26,9.5,4.68,,5.59,10.2,8.79,10.01,5.81,33.45,56.48,4.13,37.82,96.0,67.63,6.61,,25.95,12.46
2020-07-31 07:00:00,6.5,24.04,20.68,29.4,34.42,12.76,41.93,9.71,9.78,70.05,4.8,10.76,18.84,42.65,12.96,8.77,4.74,9.13,6.62,25.71,13.25,3.23,4.58,40.91,23.51,14.42,36.25,11.26,35.6,22.87,7.22,17.27,64.46,9.29,4.64,,5.51,10.1,8.57,10.36,5.84,33.02,57.29,4.2,38.88,94.5,66.39,6.58,,25.1,12.4
2020-08-03 07:00:00,6.7,24.23,20.99,29.94,36.81,12.83,44.0,9.96,10.4,70.51,4.98,10.79,19.43,43.75,13.13,9.08,4.83,9.63,7.08,26.7,13.68,3.31,4.71,42.61,23.98,14.56,35.8,11.35,36.9,23.4,7.3,17.94,64.84,9.85,4.76,,5.73,10.35,8.79,10.43,5.86,34.05,57.88,4.41,38.93,96.0,67.76,6.83,,25.65,12.62
2020-08-04 07:00:00,6.84,26.71,21.38,30.24,38.6,12.98,46.14,10.1,10.54,74.59,5.03,10.95,19.71,44.34,13.56,9.17,4.88,9.68,7.21,27.21,14.12,3.39,4.77,43.75,24.3,14.88,36.03,11.68,37.54,23.71,7.37,17.94,65.69,9.85,4.96,,5.83,10.5,8.9,10.51,5.93,35.39,58.25,4.44,39.11,97.0,69.06,6.87,,26.3,12.9
2020-08-05 07:00:00,6.93,26.99,21.86,30.83,39.19,12.98,48.08,10.37,10.62,74.59,5.11,11.05,19.9,44.67,14.41,9.34,5.05,10.14,7.42,27.26,14.35,3.35,4.82,44.56,24.99,15.34,36.08,11.7,37.49,24.33,7.53,18.15,67.53,10.1,5.08,,5.89,10.65,9.19,10.54,5.96,35.74,58.69,4.46,38.66,99.8,69.55,7.01,,26.35,13.07
2020-08-06 07:00:00,6.87,26.62,21.58,30.71,38.64,12.72,48.02,10.26,10.57,74.51,5.03,11.02,19.82,45.25,14.48,9.3,5.15,10.12,7.46,28.67,14.35,3.31,4.76,43.67,25.02,15.41,36.14,11.63,37.62,24.64,7.46,18.18,70.02,10.03,5.04,,5.83,10.5,9.07,10.57,5.96,35.78,58.69,4.55,38.88,101.0,71.23,6.96,,26.35,13.44
2020-08-07 07:00:00,6.84,26.71,21.5,31.07,38.25,12.72,49.34,10.42,10.73,74.43,5.01,10.98,19.94,45.71,14.34,9.3,5.16,10.18,7.81,28.63,14.23,3.31,4.74,43.83,24.8,15.48,35.97,11.61,37.62,24.46,7.42,18.42,70.6,9.96,4.92,,5.79,10.45,9.05,10.7,5.93,35.82,58.69,4.53,38.88,100.3,71.66,6.92,,26.4,13.2
2020-08-10 07:00:00,6.87,28.1,21.5,31.07,38.68,12.9,48.46,10.44,10.73,74.36,5.05,10.95,19.98,45.9,14.19,9.78,5.25,10.22,7.95,29.28,14.2,3.39,4.79,44.15,24.93,15.44,36.08,11.63,38.13,24.51,7.63,18.39,69.02,9.96,5.0,,5.85,10.6,9.16,10.83,5.96,35.39,58.69,4.6,39.2,100.0,71.04,6.96,,26.65,13.29
2020-08-11 07:00:00,7.33,27.82,21.72,30.95,38.55,13.09,49.02,10.62,10.71,74.36,5.2,11.05,19.9,45.58,14.69,9.74,5.29,10.2,7.95,29.02,14.15,3.47,4.8,44.23,25.09,15.3,36.03,11.56,38.55,24.42,7.57,18.36,68.49,9.88,4.96,,5.97,10.65,9.19,10.78,5.98,35.48,58.55,4.72,38.88,99.5,71.04,6.99,,26.3,13.13
2020-08-12 07:00:00,7.33,27.82,22.12,30.95,38.72,12.98,48.34,10.72,10.5,74.28,5.11,10.98,20.11,46.36,14.76,9.74,5.32,10.22,7.84,28.84,14.0,3.47,4.9,43.91,25.18,15.3,35.86,11.61,39.22,24.2,7.68,18.39,68.64,9.88,4.96,,5.95,10.75,9.28,10.78,5.98,35.48,58.55,4.83,38.84,100.5,71.73,7.07,,26.4,13.3
2020-08-13 07:00:00,7.36,27.45,22.37,31.07,40.0,12.94,49.4,10.88,10.53,74.43,5.31,10.85,20.3,47.27,14.87,9.65,5.37,10.31,7.95,28.84,14.23,3.43,4.93,44.07,25.94,15.55,35.69,11.68,39.31,24.82,7.85,18.79,70.21,9.88,5.0,,6.04,10.85,9.35,10.8,6.06,35.87,58.55,4.86,39.11,101.6,72.22,7.09,,26.85,13.32
2020-08-14 07:00:00,7.3,26.9,22.0,30.95,39.06,12.72,49.28,10.76,10.66,73.82,5.18,11.05,20.24,47.08,14.65,9.56,5.43,10.14,7.81,27.9,14.23,3.47,4.99,43.26,26.22,15.37,35.13,12.17,39.31,25.04,7.89,18.79,70.98,9.78,4.92,,5.93,10.7,9.35,10.72,5.97,35.44,58.77,4.74,38.84,100.6,72.41,6.97,,26.85,13.3
2020-08-17 07:00:00,7.45,27.91,21.84,32.51,38.77,12.79,50.22,10.76,10.57,73.74,5.2,11.05,20.32,46.88,14.94,9.61,5.47,10.22,7.91,28.5,14.23,3.47,4.98,42.94,25.94,15.37,35.25,12.56,38.97,24.77,7.78,18.63,70.52,9.78,4.92,,5.89,10.65,9.5,10.51,5.97,35.57,58.77,4.81,38.97,100.2,72.6,6.94,,26.5,13.27
2020-08-18 07:00:00,7.39,27.91,21.67,32.33,38.0,13.2,50.22,10.62,10.52,73.59,5.27,10.95,20.26,46.82,15.5,9.7,5.43,10.16,8.09,28.76,14.23,3.51,4.95,42.45,25.69,15.41,35.25,12.42,38.84,24.51,7.8,18.76,69.29,9.99,4.88,,5.85,10.75,9.47,10.49,5.98,35.57,58.69,4.88,38.44,99.8,71.73,6.94,,26.1,13.28
2020-08-19 07:00:00,7.39,27.73,21.78,32.39,38.6,13.16,49.9,10.67,10.94,74.05,5.31,10.95,20.26,46.95,16.25,10.09,5.38,10.2,8.05,28.76,14.45,3.55,4.96,42.69,25.81,15.51,35.25,12.33,39.64,24.64,8.05,18.79,69.29,9.92,5.35,,5.91,10.8,9.54,10.64,6.0,35.87,58.99,4.88,38.44,100.0,71.54,6.97,,26.35,13.3
2020-08-20 07:00:00,7.8,,21.58,33.11,38.6,13.05,49.09,10.67,10.98,74.59,5.33,11.02,20.35,46.23,16.04,10.27,5.32,10.14,8.02,30.13,14.45,3.51,4.96,42.13,25.78,15.55,35.02,12.47,39.1,24.64,7.9,18.79,68.91,9.78,5.27,,5.83,10.65,9.45,10.51,6.07,35.87,58.99,4.88,38.22,99.6,71.48,6.96,,26.35,13.25
2020-08-21 07:00:00,7.95,,21.98,34.25,39.06,13.12,49.02,11.13,11.06,76.12,5.7,11.02,20.5,46.88,16.25,10.4,5.39,10.24,8.12,31.12,14.79,3.55,5.03,42.61,25.87,16.05,35.08,12.82,39.27,24.95,7.93,18.95,68.91,9.92,5.27,,5.97,11.05,9.61,10.62,6.24,35.82,58.62,4.95,38.26,99.6,71.73,7.14,,26.5,13.31
2020-08-24 07:00:00,7.88,,22.37,34.61,39.96,13.45,50.16,11.18,11.82,80.58,5.86,11.02,20.95,47.53,16.28,10.49,5.58,10.43,8.23,31.38,14.82,3.63,5.18,43.42,26.54,16.15,35.08,12.61,40.91,25.97,7.97,19.14,70.21,10.06,5.39,,6.1,11.3,9.9,10.72,6.35,36.26,58.99,5.0,39.55,100.0,72.28,7.56,,26.9,13.58
2020-08-25 07:00:00,7.92,,22.29,34.19,40.38,13.31,51.28,11.31,12.64,81.51,5.77,11.02,21.12,48.05,16.28,10.31,5.58,10.33,8.16,31.51,15.26,3.63,5.25,43.42,27.64,16.01,35.02,12.7,42.51,26.46,7.9,19.62,71.56,10.38,5.35,,6.1,11.25,10.06,11.04,6.37,36.26,58.69,5.09,40.44,99.5,72.78,7.49,,26.95,13.78
2020-08-26 07:00:00,7.95,,22.2,34.13,40.55,13.42,50.47,11.31,12.92,81.05,5.92,11.02,20.93,47.86,16.6,10.44,5.6,10.18,8.09,31.59,15.22,3.59,5.21,43.34,27.55,16.15,34.97,13.05,43.36,26.15,7.93,19.4,70.67,10.34,5.27,,6.12,11.2,9.97,11.2,6.33,36.08,58.62,5.18,40.44,100.6,72.66,7.46,,27.2,13.68
2020-08-27 07:00:00,8.07,,22.06,34.13,40.55,13.93,49.9,11.34,12.79,80.74,5.92,11.02,21.56,47.53,16.6,10.84,5.58,10.22,8.12,32.31,15.26,3.63,5.21,43.42,28.05,16.19,35.02,13.78,44.54,26.06,7.93,19.56,70.21,10.31,5.35,,6.14,11.3,9.99,11.25,6.33,36.08,57.88,5.28,40.44,99.6,72.72,7.53,,27.2,13.75
2020-08-28 07:00:00,8.03,,22.88,34.31,40.94,13.89,50.56,11.5,12.92,81.51,5.83,11.34,21.58,48.31,16.28,10.57,5.58,10.22,7.95,32.31,15.19,3.63,5.21,44.15,29.28,16.22,35.08,13.69,44.12,26.94,7.97,19.62,69.83,10.27,5.51,,6.14,11.35,10.2,11.22,6.33,36.04,57.96,5.28,39.95,100.6,74.02,7.69,,27.2,13.85
2020-08-31 07:00:00,7.95,30.95,23.1,33.53,42.51,13.56,49.71,11.77,12.74,81.12,6.1,11.21,21.41,48.25,16.07,10.4,5.62,10.33,7.88,31.86,15.1,3.63,5.22,44.56,29.47,16.05,35.52,13.22,44.28,26.59,7.93,19.64,73.47,10.1,5.47,,6.06,11.2,10.06,10.93,6.38,35.87,57.88,5.14,39.99,103.0,75.08,7.61,,27.0,13.79
2020-09-01 07:00:00,7.92,33.12,23.36,34.07,43.88,13.71,48.93,11.98,12.66,80.58,6.12,11.18,21.58,49.09,16.28,10.66,5.64,10.43,8.23,31.82,15.16,3.63,5.27,44.23,29.6,16.15,35.08,13.62,44.62,27.03,7.93,19.7,72.9,10.27,5.55,,6.14,11.3,10.25,10.96,6.64,35.87,58.03,5.16,41.2,105.5,76.44,7.62,,27.25,13.98
2020-09-03 07:00:00,7.95,35.42,23.81,33.95,44.05,13.67,49.06,11.88,13.0,78.82,5.99,11.18,21.8,49.35,16.84,10.66,5.9,10.52,8.33,31.59,15.5,3.67,5.3,44.88,29.91,16.29,35.19,13.69,44.79,27.21,8.29,19.96,74.36,10.2,5.55,,6.2,11.4,10.39,11.01,6.68,37.25,58.69,5.35,42.0,107.6,77.37,7.72,,28.1,14.12
2020-09-04 07:00:00,7.92,37.86,23.75,33.77,43.71,13.49,49.12,11.91,12.9,78.51,5.94,11.08,21.62,48.57,16.58,10.53,5.88,10.5,8.26,30.96,15.47,3.63,5.25,45.61,29.69,16.26,34.97,14.25,44.36,26.86,8.21,19.86,73.74,10.2,5.51,,6.26,11.3,10.32,11.25,6.57,36.69,58.99,5.3,41.77,107.6,77.56,7.64,,28.5,14.09
2020-09-07 07:00:00,7.8,40.48,22.91,32.93,41.79,13.16,48.47,11.45,13.08,76.89,5.94,10.98,20.97,46.88,16.14,10.44,5.78,10.31,8.05,30.96,15.1,3.55,5.15,44.23,28.49,16.12,34.97,15.23,43.93,26.1,7.93,19.48,73.74,9.82,5.43,,6.24,11.2,10.01,10.99,6.47,36.13,58.32,5.23,40.66,107.0,78.18,7.33,,27.7,14.0
2020-09-08 07:00:00,7.73,43.3,23.05,33.11,42.51,13.2,47.69,11.7,13.22,80.74,6.01,11.11,21.41,46.88,16.25,10.7,5.82,10.37,8.12,31.32,15.1,3.59,5.18,44.4,29.38,16.19,34.91,15.74,44.02,26.5,7.93,19.54,73.36,9.92,5.43,,6.42,11.25,10.16,10.96,6.51,35.65,57.88,5.25,40.22,106.8,77.06,7.46,,28.3,13.97
2020-09-09 07:00:00,7.84,44.22,23.02,33.83,42.0,13.05,47.82,11.59,13.48,78.74,6.27,10.92,21.28,46.69,16.69,10.88,5.76,10.31,8.4,32.04,15.01,3.59,5.16,44.56,29.47,16.22,34.97,15.81,43.76,26.37,7.9,19.77,72.9,9.92,5.47,,6.44,11.3,10.01,10.88,6.52,35.52,57.96,5.23,40.22,106.0,76.81,7.44,,28.4,13.8
2020-09-10 07:00:00,7.84,41.45,22.85,33.71,41.15,13.2,48.14,11.59,13.25,79.12,6.23,10.92,21.28,46.88,17.62,11.23,5.8,10.33,8.26,32.13,14.85,3.59,5.18,44.4,29.63,16.54,34.97,16.39,43.07,26.5,7.93,20.76,72.52,9.92,5.47,,6.44,11.2,10.13,11.06,6.59,35.48,57.59,5.23,40.22,106.0,77.37,7.43,,28.4,13.83
2020-09-11 07:00:00,7.8,39.89,22.82,33.65,40.6,13.16,48.08,11.72,13.35,80.35,6.23,10.85,21.26,46.75,17.47,11.28,6.01,10.29,8.29,31.68,14.95,3.63,5.19,44.56,29.47,16.82,35.02,17.19,42.73,26.37,7.9,20.6,72.13,9.92,5.74,,6.4,11.15,10.06,11.06,6.57,35.57,57.29,5.25,40.48,105.8,76.81,7.44,,28.4,13.87
2020-09-14 07:00:00,7.95,38.51,22.85,34.43,41.41,13.2,47.42,11.72,13.49,78.51,6.34,11.11,21.32,46.49,17.36,11.06,5.99,10.35,8.85,31.68,15.13,3.9,5.28,45.04,29.35,17.14,35.47,17.42,42.82,26.59,7.9,20.92,72.21,9.88,5.7,,6.4,11.3,10.16,10.93,6.54,35.87,57.14,5.3,41.37,107.4,77.06,7.56,,28.6,13.95
2020-09-15 07:00:00,7.99,39.75,22.99,35.74,40.94,13.27,47.56,11.63,13.3,79.2,6.33,10.98,21.62,47.08,17.39,10.97,5.92,10.39,9.06,31.73,15.19,3.86,5.27,44.88,29.31,16.97,35.52,17.66,42.56,26.54,8.01,20.73,72.21,9.88,5.7,,6.42,11.6,10.09,10.85,6.51,35.65,56.63,5.49,42.22,106.9,77.43,7.51,,28.9,13.97
2020-09-16 07:00:00,7.95,38.78,22.88,35.38,41.02,13.53,47.56,11.54,13.28,80.28,6.25,11.02,21.84,46.88,17.32,11.1,5.91,10.39,9.62,31.86,15.13,3.9,5.27,44.48,29.85,16.86,35.52,17.66,43.68,26.9,8.01,20.76,72.21,9.88,5.63,,6.46,11.55,10.11,10.8,6.51,35.82,56.92,5.49,42.44,106.9,77.06,7.49,,28.9,14.0
2020-09-17 07:00:00,8.07,38.51,22.85,35.08,41.24,13.67,47.75,11.59,13.18,81.51,6.23,11.05,21.62,46.69,17.39,11.19,5.86,10.69,9.38,32.89,14.95,3.98,5.27,43.75,29.72,16.9,35.3,17.56,42.99,26.5,7.9,21.24,72.21,10.03,5.66,,6.5,11.45,10.06,10.78,6.51,35.65,56.55,5.49,41.77,105.9,77.25,7.44,,28.3,14.0
2020-09-18 07:00:00,8.14,38.41,23.13,36.52,41.49,13.67,47.82,11.82,13.3,81.2,6.25,11.05,22.14,47.21,17.8,11.19,5.89,10.81,9.9,32.89,15.07,4.1,5.46,43.91,29.82,16.65,35.58,17.8,43.33,26.77,7.9,21.45,72.44,10.03,5.7,,6.62,11.65,10.3,10.91,6.74,35.82,56.7,5.84,41.77,106.0,78.43,7.58,,28.5,14.2
2020-09-21 07:00:00,8.25,38.23,23.02,36.52,42.13,13.53,48.01,11.79,13.18,80.2,6.07,11.08,22.14,47.4,17.65,11.28,6.08,10.81,9.69,32.94,15.1,4.26,5.54,44.15,31.05,16.65,35.75,18.75,43.59,27.03,7.97,21.5,72.9,10.2,5.9,,6.71,11.75,10.53,10.96,6.72,35.87,56.85,5.86,42.66,106.5,80.72,7.61,,28.95,14.28
2020-09-22 07:00:00,8.37,38.37,22.96,36.16,42.51,13.45,47.42,11.82,13.2,81.51,6.14,11.08,22.18,46.82,17.5,11.28,6.12,10.75,9.9,32.94,15.35,4.22,5.59,43.99,31.43,16.72,35.52,19.1,43.33,26.99,7.9,21.5,72.52,10.1,6.06,,6.73,12.55,10.56,11.06,6.78,36.3,56.63,5.86,42.04,106.7,80.41,7.62,,28.7,14.3
2020-09-23 07:00:00,8.44,38.23,23.36,36.04,42.47,13.49,47.69,12.02,13.13,81.51,6.16,11.11,22.1,47.34,17.54,11.14,6.15,10.85,9.9,33.39,15.22,4.22,5.59,44.88,32.15,16.79,35.41,18.68,44.36,28.1,8.21,21.32,72.9,10.13,6.1,,6.79,12.65,10.53,10.99,6.72,36.91,57.14,6.02,42.0,106.5,80.16,7.75,,29.1,14.38
2020-09-24 07:00:00,8.33,38.23,23.08,36.04,42.0,13.31,47.56,11.91,13.28,81.66,6.2,11.15,21.84,47.86,17.8,11.14,6.15,10.79,10.42,33.34,15.13,4.18,5.7,44.56,31.93,16.68,35.36,18.82,44.45,27.61,8.09,21.5,71.75,10.17,6.06,,6.73,12.45,10.61,10.85,6.75,37.21,56.85,6.02,41.33,105.8,78.99,7.64,,28.6,14.3
2020-09-25 07:00:00,8.33,37.58,23.02,36.04,42.17,13.2,46.51,12.0,14.0,80.81,6.2,11.11,21.97,47.6,17.62,11.09,6.17,10.83,10.63,33.43,15.01,4.34,5.7,44.31,31.71,16.72,35.36,17.98,44.36,27.48,8.01,21.5,71.75,10.69,6.06,,6.68,13.3,10.58,10.88,6.67,37.16,56.85,6.19,41.24,105.6,79.23,7.59,,28.4,14.3
2020-09-28 07:00:00,8.48,37.58,23.3,36.22,42.34,13.23,45.14,12.43,14.07,81.51,6.51,11.18,22.1,47.01,17.62,11.18,6.23,11.11,11.22,33.21,15.01,4.54,5.82,44.31,32.5,16.65,35.3,18.78,44.11,27.48,8.01,21.45,72.13,10.69,6.14,,6.87,13.8,10.79,11.01,6.72,37.16,56.48,6.37,41.24,105.5,79.61,7.75,,27.8,14.49
2020-09-29 07:00:00,8.4,37.4,22.94,35.5,40.9,13.23,43.71,12.18,13.84,81.43,6.38,11.05,21.71,46.55,17.39,11.18,6.19,11.08,10.6,32.76,15.13,4.46,5.72,43.42,32.66,16.43,35.3,18.5,43.5,26.94,8.01,21.27,70.98,10.34,5.98,,6.81,13.3,10.65,11.3,6.61,36.56,55.52,6.47,40.66,104.0,82.55,7.74,,27.45,14.53
2020-09-30 07:00:00,8.44,37.31,23.02,36.46,41.49,13.23,45.14,12.16,13.94,81.12,6.59,11.05,21.62,46.42,17.73,11.37,6.2,11.11,10.91,32.76,15.04,4.5,5.75,44.23,32.91,16.29,35.58,18.03,43.25,26.99,8.09,21.4,70.33,10.41,6.06,,6.89,13.8,10.68,11.33,6.65,36.34,55.67,6.47,40.66,104.6,82.33,7.74,,27.6,14.52
2020-10-01 07:00:00,8.44,37.31,23.1,37.24,41.62,13.38,45.01,12.18,13.74,81.43,6.59,11.05,21.97,47.14,17.84,11.37,6.38,11.36,11.01,32.94,15.1,4.69,5.78,44.48,33.13,16.51,35.47,18.64,43.68,27.34,8.13,22.25,70.79,11.12,6.06,,7.23,13.75,10.77,11.28,7.01,36.65,56.85,6.77,41.11,105.5,82.63,7.85,,27.7,14.55
2020-10-02 07:00:00,8.63,37.22,22.94,37.0,41.32,13.86,44.82,12.34,13.77,81.43,6.38,11.05,21.75,46.82,17.91,11.28,6.35,11.23,10.77,32.94,15.04,4.69,5.78,43.83,32.82,16.43,35.36,18.22,43.5,27.03,8.37,21.37,70.79,11.4,6.06,,7.21,13.45,10.65,11.35,7.05,36.3,55.96,6.86,41.77,104.9,81.65,7.71,,27.3,14.5
2020-10-05 07:00:00,8.85,37.22,22.79,37.06,40.9,13.93,43.71,12.6,13.9,80.05,6.4,11.28,21.84,47.21,18.5,11.97,6.38,11.51,10.77,32.98,15.32,4.69,5.91,45.37,32.82,16.65,35.25,18.03,43.16,27.12,8.6,22.33,70.79,11.4,6.14,,7.42,13.7,10.65,11.09,7.13,36.08,56.04,7.1,41.46,104.8,81.12,7.88,,27.4,14.54
2020-10-06 07:00:00,9.0,37.12,22.82,36.76,41.45,13.93,42.08,12.46,13.9,80.58,6.34,11.41,21.84,47.21,18.28,11.87,6.35,11.88,10.98,32.98,15.44,4.65,5.96,46.99,33.2,16.68,35.25,18.31,43.16,27.08,8.49,22.2,71.48,11.26,6.06,,7.38,14.2,10.58,11.33,7.12,36.26,56.11,7.87,40.8,104.5,80.89,7.87,,27.5,14.61
2020-10-07 07:00:00,8.78,37.12,22.82,36.01,42.47,14.08,39.47,12.37,13.87,80.74,6.31,11.34,21.8,48.25,18.13,11.74,6.35,11.69,11.01,32.35,15.26,4.57,5.88,50.15,33.95,16.75,35.13,18.12,42.9,27.08,8.33,22.01,72.9,11.64,6.06,,7.25,13.7,10.3,11.14,7.02,36.73,56.63,7.82,41.11,104.0,81.65,7.74,,27.8,14.66
2020-10-08 07:00:00,8.7,37.08,22.79,35.82,42.47,13.93,39.86,12.43,13.84,80.74,6.51,11.15,22.1,48.57,17.95,12.2,6.3,11.82,10.98,32.44,15.04,4.5,5.89,51.77,34.55,16.72,35.08,17.98,42.82,27.83,8.29,22.06,72.13,11.5,6.06,,7.25,13.55,10.09,10.99,6.98,36.65,56.48,7.7,41.02,104.0,80.82,7.64,,27.65,14.6
2020-10-09 07:00:00,8.82,36.75,22.77,35.69,42.43,13.93,40.05,12.66,14.2,80.58,6.44,11.15,21.97,48.38,17.91,12.61,6.3,11.99,10.94,32.44,15.04,4.61,5.86,55.17,34.39,16.72,34.86,18.31,42.77,28.01,8.33,22.36,74.05,11.64,6.14,,7.32,13.55,10.09,11.2,7.06,36.65,56.78,7.7,41.6,104.4,80.66,7.62,,27.65,14.63
2020-10-12 07:00:00,8.74,36.94,23.1,34.63,45.07,13.86,42.08,13.33,13.84,81.2,6.36,11.18,22.01,48.83,17.73,12.56,6.26,11.88,11.01,32.18,14.95,4.57,5.86,56.87,33.92,16.43,34.8,18.01,42.43,27.48,8.17,22.2,72.17,11.4,6.1,,7.25,13.3,10.01,10.99,7.03,37.12,57.14,7.63,41.73,105.0,80.89,7.62,,27.1,14.7
2020-10-13 07:00:00,8.78,36.85,23.27,34.75,45.75,13.75,40.9,13.99,13.8,79.97,6.33,11.31,21.92,48.83,17.54,12.89,6.17,11.78,10.7,31.82,14.79,4.61,5.84,60.6,33.51,16.51,34.52,17.98,42.43,27.7,8.09,22.17,70.6,11.5,6.06,,7.13,13.45,10.11,11.01,7.05,37.38,57.59,7.45,41.82,105.0,80.97,7.62,,27.2,14.7
2020-10-14 07:00:00,9.0,36.85,24.2,33.88,46.35,13.64,39.99,13.74,13.9,81.12,6.23,11.31,22.06,48.96,17.62,12.61,6.24,11.93,10.53,31.86,14.88,4.69,5.89,64.81,34.39,16.43,34.52,18.31,42.56,27.87,8.05,21.88,72.9,11.19,6.14,,7.36,13.5,10.79,11.09,7.09,38.12,57.88,7.38,42.22,104.6,81.19,7.82,,27.35,14.95
2020-10-15 07:00:00,9.19,36.85,23.84,34.0,46.01,13.45,37.84,13.76,13.77,80.28,6.33,11.44,22.14,48.83,17.5,12.47,6.33,12.22,10.53,32.4,14.85,4.93,5.88,65.7,34.52,16.36,34.74,18.26,42.82,28.8,8.01,22.25,72.9,11.19,6.41,,7.38,13.85,10.79,11.04,7.03,38.29,57.14,7.49,43.33,106.0,81.27,7.84,,27.6,15.07
2020-10-16 07:00:00,9.27,36.75,23.81,34.13,45.92,13.45,35.49,14.27,13.59,79.97,6.29,11.28,23.01,49.09,17.43,12.84,6.38,12.24,10.49,32.22,14.73,4.97,5.96,64.81,34.2,16.33,34.69,17.75,42.94,30.18,8.13,22.14,72.32,11.26,6.37,,7.38,13.75,10.7,11.09,7.08,38.12,56.78,7.75,43.37,105.0,81.19,8.02,,27.5,15.1
2020-10-19 07:00:00,9.49,36.75,23.64,33.88,47.29,13.71,37.7,14.72,13.74,79.2,6.23,11.18,23.05,48.18,17.62,13.62,6.37,12.16,10.21,32.13,14.7,4.97,6.09,66.43,34.17,16.51,34.86,18.22,42.43,29.91,8.01,22.14,72.02,11.57,6.3,,7.46,14.1,10.87,10.83,7.23,37.81,56.11,7.89,43.42,104.5,81.42,7.97,,27.35,15.14
2020-10-20 07:00:00,9.49,36.75,23.7,33.88,46.68,13.78,39.01,14.7,13.49,79.2,6.33,11.37,23.01,47.27,17.54,13.58,6.51,12.35,10.87,32.04,14.82,4.89,6.24,67.81,34.17,16.58,34.52,18.31,42.21,29.69,8.05,22.14,71.21,11.47,6.22,,7.4,14.2,11.29,10.99,7.28,37.9,56.19,7.84,43.46,104.5,80.29,8.08,,27.45,15.3
2020-10-21 07:00:00,9.45,36.75,23.89,33.69,44.95,13.56,38.03,14.22,13.3,79.28,6.27,11.21,22.83,47.08,17.39,13.07,6.51,12.24,10.6,32.09,14.85,4.89,6.19,67.81,33.85,16.33,34.69,18.01,42.04,29.69,8.01,22.25,71.25,11.22,6.22,,7.19,14.4,11.22,10.99,7.09,37.25,56.33,7.84,43.24,103.9,80.44,8.18,,27.9,15.3
2020-10-22 07:00:00,9.61,36.75,24.23,33.69,46.94,13.64,37.7,14.66,13.44,79.74,6.27,11.37,23.35,47.99,17.36,13.16,6.5,12.45,10.77,31.95,14.85,4.89,6.28,68.86,34.72,16.15,34.8,18.1,42.47,30.22,8.17,22.28,70.98,11.19,6.18,,7.32,14.6,11.31,10.75,7.15,37.42,57.14,7.77,44.48,105.0,80.66,8.34,,28.1,15.45
2020-10-23 07:00:00,9.61,36.75,24.15,36.01,47.98,13.6,37.12,14.56,13.71,79.89,6.36,11.37,23.31,47.86,17.54,13.21,6.55,13.0,10.73,31.95,15.13,4.93,6.29,69.67,35.2,16.01,34.69,17.94,42.56,30.13,8.13,22.36,71.29,11.11,6.33,,7.27,14.55,11.34,10.78,6.99,37.81,58.62,7.84,46.22,105.3,83.16,8.37,,28.35,15.62
2020-10-26 07:00:00,9.3,36.66,23.13,34.82,46.59,13.17,36.86,13.97,13.64,79.2,6.27,11.24,22.83,46.88,17.39,13.16,6.43,12.96,10.63,31.77,15.26,,6.14,71.21,35.2,15.87,34.52,17.94,42.99,30.58,7.97,22.3,70.98,10.9,6.26,,7.15,14.1,11.03,10.54,6.81,37.16,57.88,7.77,46.71,104.5,83.54,7.92,,27.75,15.74
2020-10-27 07:00:00,9.15,36.57,22.96,34.5,45.82,12.94,36.4,14.08,13.51,78.89,6.22,11.24,22.53,46.88,17.25,12.98,6.32,13.21,10.7,31.59,15.07,,5.98,71.21,35.2,15.73,34.58,19.17,42.47,30.76,7.82,22.3,71.02,10.5,6.18,,6.99,13.3,11.01,10.3,6.74,37.16,57.22,7.68,46.97,104.5,82.86,7.93,,27.0,15.41
2020-10-28 07:00:00,8.93,36.71,22.17,33.81,42.79,12.55,36.4,13.69,13.23,78.43,5.92,11.24,21.92,46.82,16.36,12.33,5.92,12.79,10.42,30.96,14.88,,5.86,69.67,33.6,15.76,34.52,19.71,40.84,29.25,7.64,22.22,70.79,10.5,5.9,,6.79,13.1,10.58,9.99,6.27,36.39,55.74,7.63,44.53,104.0,81.19,7.56,,25.5,14.8
2020-10-29 07:00:00,8.97,36.39,21.81,34.19,43.4,12.83,36.86,13.33,13.23,78.43,5.88,11.21,22.01,46.23,16.58,12.61,6.07,12.87,10.32,30.83,14.85,,5.94,68.05,32.73,15.94,34.52,19.71,41.44,29.6,7.57,22.14,70.79,10.53,5.94,,6.95,13.5,10.3,9.83,6.45,36.13,56.19,7.68,44.75,102.3,80.82,7.59,,25.6,14.79
2020-10-30 07:00:00,9.04,36.39,21.72,34.06,43.65,12.75,36.79,13.28,13.22,78.43,6.01,11.18,22.27,45.84,17.36,13.02,6.22,12.85,10.46,30.87,15.5,,5.94,68.05,33.5,16.08,34.52,19.15,42.13,30.8,7.42,22.3,70.71,10.68,6.06,,6.95,13.3,10.09,9.72,6.47,35.87,56.04,,47.33,101.2,81.65,7.69,,25.3,14.9
2020-11-02 07:00:00,9.19,36.75,21.95,34.06,44.09,12.67,36.86,13.92,13.46,79.89,6.34,11.18,22.36,45.38,17.06,13.44,6.28,12.87,11.12,30.92,15.13,,6.01,68.46,34.04,15.94,34.69,18.96,41.57,31.68,7.5,22.12,71.17,10.68,6.14,,6.97,13.45,10.11,9.46,6.55,37.08,55.96,,47.33,104.9,81.35,7.75,,25.5,14.96
2020-11-03 07:00:00,9.38,36.29,22.23,33.75,44.95,13.02,36.47,13.83,13.64,79.97,6.29,11.24,22.83,45.71,17.13,14.27,6.26,12.91,11.5,30.96,15.1,,6.09,68.05,34.3,15.94,34.58,20.27,41.53,31.46,7.66,22.46,71.17,11.15,6.22,,7.05,13.6,10.39,9.78,6.61,36.73,55.89,,46.4,105.5,81.42,7.8,,25.55,15.18
2020-11-04 07:00:00,9.57,36.34,22.43,34.0,45.47,13.14,36.47,14.01,13.67,79.2,6.29,11.21,22.92,46.82,17.5,14.27,6.48,12.89,11.47,31.41,15.07,,6.16,68.21,34.17,16.01,34.63,19.66,41.96,31.77,7.77,22.3,71.17,11.15,6.3,,7.11,13.65,10.46,9.88,6.71,36.73,55.96,,46.0,105.5,81.65,7.88,,25.95,15.23
2020-11-05 07:00:00,9.34,36.2,22.03,33.62,45.12,12.86,37.18,13.85,13.82,79.2,6.33,11.18,22.49,46.55,17.32,13.71,6.48,12.73,11.29,31.86,15.47,,6.11,71.21,34.17,16.01,34.58,19.9,41.87,32.17,7.71,22.25,70.79,11.15,6.22,,7.01,13.35,10.3,9.88,6.64,36.73,55.82,,46.44,105.7,82.25,7.72,,26.1,15.2
2020-11-06 07:00:00,9.42,36.29,22.03,33.56,44.95,12.9,37.05,13.85,13.87,79.2,6.34,11.24,22.66,46.1,17.39,14.04,6.46,12.79,11.75,32.13,15.26,,6.01,72.83,33.6,16.05,34.58,19.95,41.53,32.48,7.72,22.3,70.64,11.0,6.33,,6.97,13.35,10.2,9.88,6.65,36.73,55.82,,46.71,105.7,82.25,7.66,,25.6,15.2
2020-11-09 07:00:00,9.53,36.48,22.15,34.19,45.73,12.94,37.97,14.18,14.84,79.97,6.57,11.24,23.09,46.49,18.43,14.17,6.55,13.25,12.3,32.53,15.41,4.87,6.09,77.45,33.82,16.12,34.24,20.37,41.7,32.79,7.93,22.38,70.48,11.55,6.69,,7.11,13.7,10.42,9.88,6.95,36.95,57.51,,47.15,106.0,82.25,7.77,,26.1,15.33
2020-11-10 07:00:00,9.49,36.39,22.23,35.13,46.25,12.9,39.79,14.01,14.85,79.12,6.46,11.24,22.92,47.01,18.47,14.54,6.56,13.17,11.99,32.76,15.16,4.69,6.04,77.29,33.92,16.36,34.52,19.97,42.0,32.35,7.9,22.52,69.83,11.48,6.69,,7.19,13.6,10.44,9.88,6.81,36.78,57.07,7.68,46.93,113.4,81.27,7.74,,26.7,15.5
2020-11-11 07:00:00,9.53,36.11,22.23,34.63,46.08,13.21,40.18,13.97,15.16,79.97,6.44,11.21,22.92,47.66,18.69,15.0,6.64,13.17,12.41,32.76,15.13,4.63,6.09,77.29,34.56,16.4,34.52,19.42,42.0,31.86,7.82,22.54,69.75,11.48,6.69,,7.11,13.6,10.39,9.75,6.85,36.69,56.48,7.66,47.02,113.8,81.27,7.74,,26.5,15.36
2020-11-12 07:00:00,9.91,36.11,22.34,34.31,46.68,13.25,40.44,14.2,15.31,79.89,6.53,11.24,23.14,47.79,19.47,15.6,6.66,13.23,12.41,32.58,15.13,4.57,6.24,75.42,35.55,16.51,34.52,19.72,41.78,32.62,7.86,23.69,70.37,11.77,6.88,,7.11,13.7,10.53,9.83,6.86,37.34,56.92,7.69,47.46,112.7,80.89,7.77,,27.2,15.41
2020-11-13 07:00:00,9.94,35.92,22.74,34.31,47.72,13.25,40.18,14.63,15.28,78.82,6.59,11.18,23.27,47.86,19.47,15.65,6.65,13.44,12.58,32.62,15.35,4.79,6.44,72.99,35.55,16.43,34.52,19.65,41.96,32.7,7.9,23.69,70.98,11.73,6.81,,7.23,13.9,10.87,9.8,6.89,37.55,57.73,7.72,47.73,112.7,81.19,7.98,,27.2,15.7
2020-11-16 07:00:00,9.83,35.56,22.51,34.63,46.68,12.94,40.97,14.61,14.88,78.89,6.47,11.15,23.05,47.21,19.69,15.42,6.48,13.57,12.65,32.44,15.07,4.67,6.36,67.97,35.1,16.51,34.13,18.97,41.4,31.95,7.74,23.26,69.75,11.48,6.69,,7.19,13.65,10.82,9.51,6.86,37.08,56.48,7.69,45.33,111.2,80.97,7.87,,26.85,15.35
2020-11-17 07:00:00,10.21,35.47,22.74,36.38,47.29,13.06,40.97,14.88,15.21,78.82,6.51,11.24,23.35,49.16,20.32,16.48,6.61,14.03,13.31,31.86,15.13,4.69,6.53,68.86,35.84,16.61,34.41,19.42,41.61,32.79,7.86,23.5,69.91,11.51,6.81,,7.42,13.85,11.03,9.86,6.92,37.86,57.73,7.7,47.11,113.0,81.35,8.15,,27.2,15.52
2020-11-18 07:00:00,10.21,35.28,22.6,36.64,47.8,13.06,41.29,15.0,15.37,79.2,6.42,11.18,23.35,52.09,20.58,17.49,6.6,14.56,13.28,32.04,15.26,4.71,6.56,67.16,35.39,16.29,34.24,19.3,41.61,32.57,7.92,23.37,70.44,11.77,6.81,,7.48,14.2,11.03,9.91,7.02,37.86,57.0,7.72,46.62,113.5,82.71,8.11,,27.5,15.7
2020-11-19 07:00:00,10.21,35.19,22.79,36.51,49.19,13.17,40.32,15.25,15.37,79.12,6.4,11.15,23.83,53.46,19.91,17.76,6.55,14.81,13.1,31.95,15.35,4.71,6.51,66.43,35.84,16.29,34.24,19.6,43.59,32.79,8.02,23.37,74.32,12.53,6.73,,7.5,14.2,11.05,9.99,7.01,38.98,57.14,7.95,46.22,113.7,82.93,8.31,,27.9,15.82
2020-11-20 07:00:00,10.24,35.19,23.25,37.26,49.1,13.17,39.92,15.2,15.8,78.89,6.36,11.21,23.87,53.26,19.91,17.49,6.64,15.02,12.83,32.13,16.4,4.81,6.44,66.43,35.45,16.29,34.3,20.95,43.5,32.62,8.04,23.69,73.67,12.71,6.73,,7.4,14.15,11.05,10.67,6.99,39.97,57.88,7.93,46.13,118.9,83.84,8.31,,27.65,15.95
2020-11-23 07:00:00,10.24,35.0,23.19,37.14,49.1,13.52,41.16,15.07,15.72,78.89,6.34,11.15,24.17,54.37,20.24,17.03,6.62,15.78,12.34,32.13,16.5,4.77,6.41,67.32,36.22,16.22,34.35,20.95,43.59,33.99,8.1,24.51,73.09,12.68,6.69,,7.6,14.6,11.15,10.96,6.96,39.58,59.43,7.86,46.13,118.9,83.61,8.31,,27.7,15.95
2020-11-24 07:00:00,10.24,34.91,22.96,36.76,48.24,13.37,41.03,15.0,15.54,78.97,6.55,11.15,24.04,53.72,20.35,16.84,6.57,15.78,13.03,32.27,16.22,4.77,6.46,66.43,35.84,16.47,34.24,20.92,43.16,33.64,8.06,24.49,72.59,13.4,6.65,,7.7,14.5,11.17,10.57,7.18,39.93,61.79,7.86,46.22,118.0,82.86,8.36,,27.95,16.05
2020-11-25 07:00:00,10.24,34.91,23.3,36.7,47.72,13.6,41.62,15.11,15.24,79.43,6.44,11.21,23.87,53.85,19.98,17.4,6.53,14.98,12.62,32.31,16.09,4.85,6.49,66.67,35.84,16.4,34.19,20.27,43.33,33.77,8.03,24.43,73.74,13.37,6.73,,7.8,14.35,11.15,10.59,7.13,40.41,61.57,7.87,46.93,119.0,83.54,8.7,,28.25,16.18
2020-11-26 07:00:00,10.28,37.33,24.04,36.57,47.2,13.48,41.75,15.6,15.28,79.51,6.4,11.21,24.09,54.24,20.28,17.86,6.56,14.77,12.9,32.18,16.28,4.83,6.51,67.81,36.09,16.26,33.97,20.32,44.19,33.77,8.04,24.7,74.82,12.97,6.73,,7.78,14.5,11.15,10.85,7.03,40.62,60.98,7.87,47.15,120.1,83.08,8.86,,27.9,16.2
2020-11-27 07:00:00,10.21,39.94,23.95,38.2,48.24,13.48,41.55,15.6,15.42,79.51,6.44,11.11,24.3,54.37,20.72,17.53,7.0,15.25,12.93,32.18,16.37,4.83,6.68,67.81,36.96,16.08,33.91,20.75,44.11,34.92,8.34,25.34,74.24,13.33,6.69,,7.86,14.5,11.2,10.62,7.23,40.84,61.2,7.87,46.75,119.0,83.01,8.8,,27.75,16.24
2020-11-30 07:00:00,10.21,40.82,23.53,38.2,47.54,13.37,41.88,15.34,15.39,79.58,6.34,11.18,23.96,54.37,20.58,17.12,7.18,14.93,12.55,32.27,16.59,4.91,6.79,66.43,37.12,16.15,33.74,20.65,43.68,34.52,8.22,25.87,74.24,13.11,6.69,,7.82,14.65,11.38,10.25,7.72,40.19,60.91,7.76,46.17,117.5,81.8,8.73,,28.2,16.27
2020-12-01 07:00:00,10.24,39.15,23.53,38.08,47.72,13.29,41.82,15.53,15.54,79.58,6.34,11.15,23.87,54.37,21.09,17.17,7.28,14.98,12.79,32.13,16.46,4.97,6.96,67.24,37.12,16.05,33.74,20.47,43.5,34.57,8.22,25.79,75.02,13.44,6.81,,7.88,15.45,11.57,10.8,7.73,39.76,61.42,8.29,46.66,118.0,82.93,9.09,,28.25,16.32
2020-12-02 07:00:00,,37.52,23.42,38.71,48.24,13.21,41.62,15.46,16.03,79.58,6.36,11.18,24.04,54.69,21.8,17.3,7.2,14.85,12.51,32.13,16.65,5.01,7.13,67.4,36.48,16.36,33.69,20.42,43.76,34.12,8.79,25.71,76.3,13.8,6.85,,8.01,15.4,11.86,10.54,7.58,40.41,62.82,8.87,46.66,119.5,82.4,9.03,,28.5,16.45
2020-12-03 07:00:00,,38.73,23.47,38.96,48.76,13.87,40.84,15.48,16.03,79.2,6.4,11.18,24.04,55.02,21.83,17.26,7.11,15.5,12.93,32.22,16.77,5.14,7.01,67.57,36.7,16.61,33.63,21.72,43.5,34.34,9.28,25.12,75.6,13.76,6.81,,8.21,15.65,11.81,10.54,7.51,40.41,62.6,9.11,47.02,118.8,82.78,9.22,,28.4,16.65
2020-12-04 07:00:00,,38.45,23.5,38.77,47.89,14.1,40.32,15.89,15.91,81.28,6.38,11.08,24.09,55.67,21.32,18.45,7.08,15.54,12.83,34.1,16.71,5.05,6.99,69.67,36.44,16.86,33.63,21.72,43.68,34.79,9.4,25.02,78.31,13.95,6.69,,8.15,15.6,11.72,10.36,7.58,39.37,62.6,9.16,47.02,118.5,82.4,9.06,,28.0,16.6
2020-12-07 07:00:00,,38.08,24.26,39.33,48.41,14.1,40.84,15.89,15.9,81.81,6.42,11.18,24.09,56.19,21.58,18.68,7.13,16.07,13.7,34.38,16.87,5.07,6.98,69.67,36.57,17.0,33.69,21.82,44.11,34.79,9.32,24.96,80.25,13.87,6.73,,8.35,15.55,11.83,10.38,7.61,40.23,62.45,9.02,47.02,118.0,83.16,9.16,,28.3,16.67
2020-12-08 07:00:00,,37.24,24.09,40.78,49.79,14.45,43.64,15.8,16.18,81.28,6.71,11.08,24.3,56.06,21.61,18.68,7.24,16.15,14.01,34.28,16.9,5.05,7.13,69.27,36.64,16.79,33.74,21.7,43.59,35.06,9.24,24.75,79.86,13.84,6.88,,8.9,15.85,11.81,10.22,7.63,40.23,62.23,9.16,46.66,118.5,82.55,9.24,,28.2,16.63
2020-12-09 07:00:00,10.71,37.1,24.71,41.72,50.05,14.53,45.66,15.8,16.18,81.89,6.64,11.11,24.87,56.06,21.5,18.82,7.39,16.2,14.05,34.73,17.12,5.14,7.14,69.19,36.8,16.79,34.97,21.77,44.97,35.01,9.28,24.88,77.73,13.87,6.85,,9.22,15.9,12.16,10.33,7.77,41.7,62.67,9.05,47.11,120.0,82.93,9.27,,28.4,16.92
2020-12-10 07:00:00,10.49,38.08,24.8,41.09,49.01,14.26,45.99,15.57,15.93,80.97,6.57,11.18,24.43,54.95,22.32,18.36,7.26,15.82,13.87,34.46,17.36,5.07,7.03,67.97,36.41,16.72,35.58,21.42,44.36,32.6,9.2,25.18,76.8,13.48,6.73,,9.27,15.55,11.95,10.04,7.68,42.0,61.64,8.91,46.62,119.8,84.67,9.12,,28.2,16.72
2020-12-11 07:00:00,10.58,37.43,25.84,40.46,49.71,14.53,45.99,15.92,16.03,80.89,6.6,11.11,24.65,56.06,23.02,19.24,7.26,16.32,14.43,34.46,17.33,5.12,7.18,68.46,36.57,16.72,35.58,21.42,45.57,34.56,9.48,25.28,79.36,13.66,6.81,,9.57,15.8,12.12,10.07,7.72,42.0,62.67,9.02,47.46,122.2,85.13,9.22,,28.6,16.92
2020-12-14 07:00:00,10.58,37.7,26.24,40.4,50.66,14.53,45.86,16.21,16.21,80.89,6.6,11.18,24.74,56.65,23.57,20.57,7.29,16.51,14.78,34.64,17.55,5.14,7.29,68.46,37.02,16.72,35.86,22.39,46.86,34.65,9.69,25.31,79.09,14.38,6.77,,10.22,15.95,12.38,10.12,7.77,43.17,64.15,8.95,48.4,127.0,85.73,9.35,,30.0,17.11
2020-12-15 07:00:00,10.51,38.31,26.01,40.59,50.31,14.92,46.45,16.03,16.21,81.12,6.66,11.15,24.52,55.61,24.57,21.4,7.26,16.24,14.57,34.46,17.18,5.07,7.18,68.46,36.89,16.79,36.47,22.17,46.34,34.43,9.48,25.28,77.15,14.24,6.69,,10.36,15.95,12.35,10.04,7.68,42.26,63.41,8.98,47.55,125.0,84.07,9.16,,30.1,17.0
2020-12-16 07:00:00,10.6,38.36,26.74,40.53,50.66,15.03,47.23,16.21,16.35,80.74,6.66,11.15,24.69,55.87,24.39,21.45,7.31,16.32,14.6,34.42,17.49,5.23,7.43,68.46,36.96,16.75,37.36,22.22,46.17,34.65,9.52,25.18,77.19,14.38,6.73,,10.18,16.6,13.2,10.04,7.86,43.17,63.56,9.11,47.55,128.1,84.37,9.55,,30.5,17.3
2020-12-17 07:00:00,10.62,38.17,26.18,39.84,49.27,15.11,45.92,15.84,16.2,80.2,6.59,11.08,24.43,54.76,23.46,22.09,7.42,15.84,14.74,35.11,17.05,5.18,7.38,68.87,36.32,16.61,36.75,21.97,44.97,33.85,9.65,24.65,76.76,14.38,6.73,,10.18,16.6,13.39,10.07,8.13,41.49,62.45,9.22,46.53,124.6,83.46,9.64,,29.75,17.1
2020-12-18 07:00:00,10.66,38.08,26.52,40.34,49.36,15.03,46.19,16.07,16.18,80.28,6.66,11.18,24.61,55.28,24.24,23.33,7.73,16.24,15.16,35.39,17.18,5.23,7.71,68.95,36.8,16.75,36.75,21.84,46.25,34.52,9.77,24.81,78.24,14.38,6.81,,10.89,17.0,13.79,10.14,8.62,42.74,62.9,9.33,46.53,125.0,83.46,10.31,,30.15,17.59
2020-12-21 07:00:00,10.86,38.08,26.77,39.96,49.36,14.92,46.38,16.19,16.13,80.05,6.77,11.96,24.87,56.19,25.31,24.94,8.14,16.22,15.09,35.39,17.43,5.36,7.76,68.7,37.18,17.64,36.92,23.34,46.43,34.52,9.77,25.07,77.54,15.11,7.04,,11.64,17.0,13.89,10.14,9.21,43.09,64.22,9.49,47.28,125.8,83.92,10.75,,30.4,17.7
2020-12-22 07:00:00,10.79,38.08,26.43,40.15,49.19,14.88,46.64,16.17,16.18,79.2,7.23,12.77,25.12,55.54,24.83,26.65,8.03,16.55,15.34,34.65,17.86,5.59,7.75,67.88,38.36,17.78,37.14,23.97,45.74,34.97,9.93,25.87,77.34,15.62,7.16,,12.03,17.15,13.79,10.28,9.55,42.65,64.08,9.4,46.97,123.6,83.08,10.75,,30.3,17.69
2020-12-23 07:00:00,10.54,39.85,26.29,40.59,50.66,15.42,48.14,16.03,16.37,79.97,6.94,12.67,24.87,55.15,23.83,25.4,7.83,16.83,15.54,34.42,17.86,5.46,7.65,67.88,37.79,17.53,37.31,24.87,45.65,34.83,10.09,25.82,76.37,15.4,7.08,,11.7,16.7,13.56,10.67,9.17,42.48,64.44,9.2,46.97,122.6,83.31,10.43,,30.6,17.6
2020-12-24 07:00:00,10.24,39.57,25.67,39.52,50.48,15.34,48.21,15.77,16.13,80.12,6.83,12.35,24.65,54.63,23.17,25.04,7.57,16.81,15.37,34.1,17.55,5.33,7.61,67.8,37.34,16.97,36.75,24.97,45.31,34.34,9.85,25.39,76.76,14.89,6.81,,11.52,16.5,13.2,10.49,9.0,42.39,63.63,9.02,46.97,123.0,82.18,10.26,,29.95,17.5
2020-12-25 07:00:00,10.49,39.47,26.29,39.9,53.51,15.31,48.27,16.12,16.33,80.43,6.92,12.41,24.91,54.82,23.8,26.78,7.83,17.14,15.51,34.28,17.64,5.38,7.71,67.64,37.92,17.5,37.03,24.47,45.65,34.7,10.01,25.55,76.76,15.18,6.85,,12.31,16.95,13.96,10.51,9.4,42.52,64.59,9.22,47.06,125.9,82.4,10.59,,30.45,17.8
2020-12-28 07:00:00,10.43,38.96,26.77,39.77,55.33,15.34,48.8,15.93,16.21,80.35,6.92,12.22,25.04,56.58,23.68,28.03,7.78,17.48,15.47,34.1,17.64,5.38,7.7,67.56,37.53,17.36,37.36,24.82,47.11,34.74,10.7,25.36,76.41,15.22,6.85,,13.0,16.75,14.03,10.72,9.31,42.7,64.67,9.2,47.06,124.9,82.18,10.52,,30.45,17.71
2020-12-29 07:00:00,10.39,38.73,27.28,39.77,57.92,16.39,51.86,15.86,17.34,79.74,6.92,12.22,25.34,56.71,24.2,27.15,7.72,17.5,15.3,34.1,17.89,5.36,7.66,68.21,37.5,17.36,37.81,25.96,47.03,35.06,10.95,25.39,77.5,15.22,6.77,,12.88,16.7,14.05,10.86,9.17,43.22,66.58,9.25,47.33,125.6,82.55,10.33,,31.65,17.79
2020-12-30 07:00:00,10.43,38.36,27.11,39.4,56.19,16.89,51.73,15.96,17.31,79.66,6.92,13.06,25.12,56.58,23.83,26.23,7.7,17.21,15.16,34.1,17.98,5.36,7.65,68.46,37.53,17.32,37.19,25.51,47.2,35.9,10.91,25.71,77.54,15.15,6.69,,12.8,16.8,14.12,10.88,9.19,42.65,66.51,9.27,48.22,124.5,82.25,10.36,,31.35,17.73
2020-12-31 07:00:00,10.54,38.36,27.48,39.27,57.05,16.58,50.69,16.05,17.24,79.97,6.96,12.51,25.56,56.39,24.13,27.57,7.75,17.44,15.44,34.1,18.17,5.38,7.68,72.88,38.04,17.43,36.75,25.71,46.94,36.17,11.07,26.06,75.6,15.22,6.69,,13.45,16.9,14.88,10.75,9.27,42.65,65.99,9.11,48.08,125.0,82.25,10.59,,31.4,18.0
2021-01-04 07:00:00,10.75,40.03,27.68,40.15,57.31,17.17,49.9,16.49,17.21,80.43,7.1,12.67,26.03,57.82,24.5,27.11,7.86,17.79,16.52,34.14,18.2,5.49,8.0,72.88,38.59,17.6,36.25,25.86,47.2,36.48,11.48,26.78,77.31,15.22,6.77,,13.74,17.55,15.59,10.8,9.62,43.13,67.84,9.27,48.0,125.8,82.63,11.14,,31.65,18.33
2021-01-05 07:00:00,11.01,39.75,27.48,40.46,57.05,17.28,49.9,16.44,17.41,80.43,7.05,12.67,27.11,58.6,25.02,27.15,8.08,17.82,16.59,34.14,18.23,5.85,8.4,73.21,39.0,17.46,36.19,25.66,47.37,36.31,11.56,26.72,77.15,15.51,6.96,,13.72,17.7,15.61,10.8,9.6,43.26,70.49,9.92,48.75,124.8,84.54,11.19,,33.3,18.51
2021-01-06 07:00:00,11.22,41.52,28.0,39.46,57.49,17.28,49.71,17.58,17.31,81.74,6.97,13.32,26.98,58.86,24.72,26.46,8.37,18.0,16.52,34.19,18.6,6.07,8.45,72.39,38.81,17.46,37.14,25.91,47.54,36.26,11.32,26.62,76.96,15.44,7.0,,13.82,18.0,15.68,11.21,9.69,45.75,69.9,9.94,48.97,123.7,83.77,11.21,,33.2,18.7
2021-01-07 07:00:00,11.22,40.96,28.06,38.77,57.92,17.2,49.45,18.05,17.65,83.28,7.07,13.06,27.03,60.36,25.16,26.05,8.74,18.0,16.8,35.99,18.79,6.03,8.65,75.43,38.65,17.6,39.7,25.76,47.8,36.44,11.4,27.15,76.68,15.44,7.55,,13.98,18.45,16.34,11.37,9.81,46.62,69.9,9.84,48.93,124.6,84.23,11.37,,33.9,18.98
2021-01-08 07:00:00,11.33,43.8,27.83,39.15,59.04,17.28,50.16,17.98,17.65,83.04,7.14,13.26,27.37,60.36,25.09,26.69,8.84,17.98,16.8,36.4,18.91,6.09,8.88,76.33,38.97,17.67,42.15,25.66,48.32,36.8,11.36,27.31,76.84,15.84,7.51,,13.88,19.4,16.86,12.15,9.86,45.66,71.08,9.77,49.68,126.5,85.45,11.58,,35.5,19.22
2021-01-11 07:00:00,11.39,46.83,27.68,38.89,58.87,18.37,51.27,17.98,17.68,83.04,7.21,13.13,27.98,60.75,25.24,27.01,8.76,18.11,16.8,36.4,20.19,6.03,8.8,77.15,40.38,18.42,42.04,25.71,49.26,36.93,11.88,27.25,78.43,16.6,7.4,,13.64,20.1,16.65,12.99,9.76,45.53,76.02,9.68,50.57,131.3,88.43,11.47,,37.15,19.55
2021-01-12 07:00:00,11.29,48.5,27.97,39.46,58.96,18.83,54.86,17.89,17.95,81.35,7.21,13.13,28.46,60.94,26.9,27.43,8.73,18.89,17.5,36.22,20.65,5.94,8.73,77.07,40.38,18.24,41.98,25.71,49.26,37.02,11.88,28.27,79.67,16.6,7.4,,13.86,19.8,16.58,13.47,9.69,46.01,76.24,9.68,50.84,131.5,88.73,11.37,,36.7,19.8
2021-01-13 07:00:00,11.2,47.57,27.8,40.71,60.86,18.72,54.93,17.95,17.72,83.81,7.21,13.97,28.76,60.55,26.57,29.32,8.76,18.8,17.6,36.22,20.34,6.03,8.68,76.49,40.38,17.92,42.09,26.61,49.01,36.93,11.56,28.32,80.29,16.38,7.51,,13.61,19.5,16.6,13.01,9.55,45.66,74.4,9.75,49.37,131.3,87.36,11.63,,36.2,19.59
2021-01-14 07:00:00,11.2,48.41,28.03,40.65,60.51,18.52,54.8,18.19,17.78,83.74,7.25,14.04,28.71,59.97,26.46,30.05,8.74,18.7,17.46,36.22,20.46,6.24,8.81,75.67,40.92,17.71,41.87,27.96,48.32,36.66,11.56,28.21,79.48,16.6,7.51,,14.37,20.1,16.89,13.85,9.57,45.27,73.44,9.89,49.06,130.7,86.29,11.99,,36.6,19.58
2021-01-15 07:00:00,11.35,48.13,28.03,40.21,59.99,18.48,54.21,18.35,17.82,83.04,7.27,14.3,28.8,59.64,26.46,29.82,9.1,18.72,17.64,36.22,21.08,6.48,8.93,76.25,40.89,17.71,40.37,27.61,48.15,36.84,11.68,28.48,77.73,17.29,7.55,,15.02,21.1,17.41,14.23,9.93,44.96,74.91,10.02,49.42,131.8,86.9,12.14,,36.7,19.8
2021-01-18 07:00:00,11.24,49.9,27.91,39.65,59.3,18.25,54.8,17.93,18.16,81.66,7.44,13.94,28.67,58.99,25.83,30.65,8.89,18.76,17.77,36.22,20.87,6.4,8.75,77.97,40.44,17.75,39.92,27.46,48.23,37.47,12.01,28.69,77.69,18.16,7.32,,14.75,20.6,17.1,14.09,9.97,45.0,74.47,9.92,49.02,132.0,86.45,11.88,,37.35,19.69
2021-01-19 07:00:00,10.47,48.32,25.96,37.51,56.19,17.82,51.08,16.68,17.14,79.2,6.92,13.13,26.81,55.34,24.05,29.18,8.27,17.5,17.01,35.94,19.78,5.98,8.15,74.52,38.4,16.72,38.98,26.66,45.57,35.28,11.27,28.11,74.82,17.43,6.65,,13.74,19.2,16.01,13.12,9.67,43.13,71.38,9.27,45.64,127.9,82.17,11.05,,37.3,18.7
2021-01-20 07:00:00,10.62,48.22,26.11,37.64,55.58,17.82,51.08,16.56,17.21,78.43,6.94,13.13,27.37,56.32,23.13,28.53,8.32,17.54,17.15,35.85,20.34,5.98,8.15,74.52,39.29,17.0,40.55,26.46,45.82,35.95,11.4,28.21,75.48,17.0,6.96,,13.53,19.0,16.3,12.77,9.66,43.17,71.89,9.26,45.91,130.0,83.16,11.14,,36.8,18.85
2021-01-21 07:00:00,10.86,49.34,26.68,37.64,56.79,18.13,52.19,17.19,17.89,81.05,7.12,13.0,28.37,56.97,24.2,29.32,8.42,18.59,18.3,38.34,20.46,6.16,8.61,75.02,40.0,17.25,42.75,26.66,47.2,36.8,11.68,28.53,75.21,17.43,7.0,,14.04,20.0,17.1,13.66,9.86,44.87,73.0,9.58,46.71,131.0,84.16,11.79,,36.6,19.3
2021-01-22 07:00:00,10.75,52.79,25.96,39.15,55.93,17.98,52.12,17.47,18.46,80.43,7.1,13.32,28.93,56.39,23.76,29.55,8.52,18.36,18.47,39.63,21.05,6.22,8.55,76.49,40.7,16.9,44.5,27.66,46.68,37.51,11.68,28.8,75.21,17.32,6.85,,13.72,19.95,17.15,13.96,9.59,44.87,73.22,9.6,46.66,133.8,82.94,11.89,,36.9,19.39
2021-01-25 07:00:00,10.54,54.0,25.59,39.77,55.33,17.67,52.51,17.1,18.46,79.51,7.1,13.0,28.97,55.15,24.05,29.87,8.37,18.38,18.72,39.99,22.01,6.2,8.41,79.53,42.24,17.07,45.06,28.21,46.34,38.85,11.52,28.9,75.21,16.27,6.57,,13.7,19.35,16.91,13.98,9.45,44.66,73.37,9.6,46.57,133.6,82.55,11.7,,37.8,19.36
2021-01-26 07:00:00,10.43,53.9,24.41,39.02,52.3,16.97,51.67,16.03,17.68,78.43,6.76,12.22,28.54,54.24,23.83,27.8,8.0,17.79,17.53,39.07,21.58,6.01,8.55,78.3,42.24,17.36,45.62,27.71,45.22,37.96,10.99,28.42,73.66,15.4,6.45,,13.0,18.1,16.53,13.09,9.24,43.96,72.26,9.3,45.11,131.0,81.41,11.03,,37.0,18.7
2021-01-27 07:00:00,10.32,54.0,23.7,38.58,50.14,16.97,49.45,15.14,17.65,77.66,6.37,11.5,27.24,51.44,22.91,25.86,7.6,16.95,16.35,38.43,21.24,5.85,8.01,75.18,42.72,17.14,45.74,26.96,43.59,37.29,10.42,27.63,72.42,14.35,6.14,,12.11,17.25,15.83,12.39,8.69,42.43,69.24,9.4,44.44,130.8,78.82,10.38,,34.45,18.35
2021-01-28 07:00:00,9.61,50.27,22.06,35.88,46.68,15.81,45.99,14.1,16.42,73.82,5.93,11.76,25.34,47.86,21.32,24.07,7.08,15.78,15.23,35.76,19.78,5.46,7.46,69.93,39.74,15.97,42.69,26.21,40.58,34.7,9.73,25.71,67.38,13.37,5.55,,11.28,16.05,14.74,11.53,8.08,39.47,64.44,8.75,41.33,121.7,73.32,9.66,,32.05,17.07
2021-01-29 07:00:00,10.06,52.14,22.89,37.39,48.84,16.16,48.27,14.17,16.77,77.66,6.09,10.95,27.11,49.68,22.06,22.46,7.28,16.47,16.28,36.12,19.78,5.49,7.83,70.1,42.46,16.61,45.17,27.86,42.13,37.11,9.69,27.15,62.69,13.08,5.74,,11.7,16.9,15.12,11.83,8.63,40.52,68.94,8.88,44.17,125.8,78.43,9.77,,32.05,17.5
2021-02-01 07:00:00,10.0,50.27,22.43,37.64,46.25,15.58,44.95,14.87,16.4,76.89,5.87,11.37,27.46,48.96,20.54,20.89,7.24,16.13,15.34,35.48,18.54,5.2,7.34,67.23,39.58,16.43,45.12,27.21,41.7,35.19,9.36,26.67,67.07,12.2,5.31,,10.89,16.1,15.21,11.02,8.43,39.69,65.11,8.73,44.0,125.5,78.36,10.1,,30.0,17.31
2021-02-02 07:00:00,10.26,51.2,22.58,38.64,47.29,16.0,44.36,15.75,16.7,75.43,5.8,11.37,28.54,49.81,20.5,21.54,7.57,17.04,15.93,36.08,18.94,5.38,7.8,68.87,40.96,16.68,45.34,27.86,42.73,36.4,9.48,28.48,69.4,13.04,5.78,,11.3,17.15,16.06,11.32,8.76,42.04,69.61,8.98,47.06,129.7,81.18,10.8,,31.95,18.2
2021-02-03 07:00:00,10.54,52.6,23.73,38.89,50.57,16.78,46.32,16.21,17.21,77.51,6.12,11.63,30.27,52.09,21.5,23.01,7.83,17.67,16.66,36.86,19.63,5.75,8.1,72.88,40.8,16.93,46.75,29.46,43.42,37.02,10.14,28.74,69.4,13.95,6.1,,12.07,18.0,16.53,12.1,9.27,43.09,71.67,9.53,47.77,131.0,83.7,11.55,,33.1,18.85
2021-02-04 07:00:00,10.58,52.14,23.81,38.96,50.22,16.51,45.86,16.12,17.45,76.74,6.12,11.57,31.35,52.74,22.5,23.42,7.68,17.58,16.66,36.86,20.28,5.79,8.03,73.38,41.12,16.93,45.9,29.46,44.11,37.02,10.26,28.48,70.6,13.95,6.06,,12.07,17.6,16.53,12.04,9.17,43.09,72.56,9.5,46.66,130.6,83.01,11.92,,32.6,18.75
2021-02-05 07:00:00,10.69,54.65,23.98,39.41,51.87,16.2,46.58,16.63,18.26,77.51,6.26,11.63,31.52,52.87,22.94,23.65,7.86,17.88,16.73,36.86,20.31,6.07,8.26,73.46,41.76,17.04,45.17,30.16,44.88,37.47,10.34,28.48,70.52,14.89,6.33,,12.8,18.3,17.15,12.15,9.24,43.57,73.22,9.95,47.77,131.1,83.62,12.06,,32.7,19.49
2021-02-08 07:00:00,10.32,52.04,23.01,38.83,49.62,16.2,44.75,15.82,18.39,76.74,6.11,11.54,30.83,51.44,21.87,22.04,7.65,17.21,16.38,37.6,19.22,6.14,7.98,70.18,41.12,16.63,43.76,30.61,44.71,36.13,9.89,28.74,67.46,14.93,5.94,,12.44,17.4,16.53,11.32,9.07,41.0,69.83,9.78,44.88,124.6,80.34,11.73,,30.9,18.59
2021-02-09 07:00:00,10.71,53.07,23.41,38.96,51.78,16.55,45.01,16.44,18.46,77.66,6.12,11.57,32.26,52.94,22.65,22.14,7.86,17.58,16.73,38.43,19.78,6.37,8.26,72.72,41.44,16.71,44.5,31.36,45.57,37.33,10.05,30.34,69.86,15.91,6.1,,12.9,18.15,17.01,11.48,9.29,42.35,71.38,10.12,47.2,129.0,82.4,12.54,,31.55,19.47
2021-02-17 07:00:00,11.03,54.46,24.16,40.19,53.51,17.51,47.16,17.1,19.74,77.66,6.28,11.7,33.69,56.58,24.2,23.65,8.29,18.28,17.74,41.01,20.77,6.44,8.61,75.43,44.16,16.89,45.62,32.26,47.89,38.63,10.58,31.46,70.33,16.96,6.33,,13.64,18.75,18.14,11.94,9.59,43.57,74.47,10.61,48.0,131.0,82.94,13.41,,33.75,19.6
2021-02-18 07:00:00,10.94,55.67,24.9,40.84,53.51,17.51,47.75,17.1,20.15,77.12,6.68,12.02,33.82,58.67,24.5,25.27,8.32,18.45,17.36,41.28,21.27,6.35,8.75,77.97,44.64,16.89,45.9,32.51,48.23,39.07,10.62,31.73,74.63,16.96,6.22,,13.53,18.6,18.38,12.66,9.64,44.44,76.09,10.53,48.88,131.8,83.16,13.46,,34.85,19.76
2021-02-19 07:00:00,11.67,56.51,25.3,41.49,53.16,16.89,47.56,17.19,20.04,77.12,6.7,12.02,33.12,57.88,24.79,25.86,8.34,18.28,17.53,41.93,21.02,6.37,8.96,77.8,44.03,17.0,45.23,32.41,48.32,38.81,10.62,31.19,74.32,16.6,6.26,,13.47,18.7,18.28,12.56,9.59,44.13,76.02,10.57,48.44,131.8,82.4,13.23,,34.5,19.85
2021-02-22 07:00:00,11.86,56.79,25.1,41.1,52.82,17.2,49.45,17.19,19.84,77.28,6.66,11.89,33.21,57.43,24.72,25.73,8.42,18.26,17.95,44.51,21.02,6.37,8.91,77.56,43.84,16.97,45.51,32.21,49.18,38.0,10.5,30.34,73.66,15.98,6.18,,13.35,18.6,18.23,12.29,9.66,43.83,78.01,10.6,48.75,131.6,82.02,13.34,,34.15,19.81
2021-02-23 07:00:00,11.89,56.79,25.25,40.71,52.3,17.05,49.64,17.21,20.08,78.35,6.62,11.89,32.65,58.21,24.42,27.52,8.47,18.22,17.91,44.6,20.77,6.33,9.15,76.0,43.58,16.97,45.51,31.96,48.83,37.29,10.46,30.02,72.11,16.34,6.41,,13.66,18.8,18.8,12.39,9.67,43.57,77.64,10.46,48.88,134.0,81.64,13.2,,34.4,19.9
2021-02-24 07:00:00,11.71,54.93,24.7,39.74,51.61,16.93,48.93,17.42,20.85,77.12,6.49,11.83,32.61,57.36,24.17,26.51,8.3,18.34,17.81,44.23,20.4,6.2,9.01,74.61,42.81,16.78,45.28,31.51,49.26,36.98,10.3,30.34,71.84,16.24,6.3,,13.59,18.35,18.47,11.99,9.48,42.74,75.8,10.51,48.08,131.9,80.72,12.93,,33.7,19.55
2021-02-25 07:00:00,12.16,54.46,24.64,40.19,51.52,16.66,48.8,17.33,22.1,77.66,6.49,11.76,32.95,58.08,24.42,26.6,8.32,18.57,17.98,44.23,20.09,6.33,9.11,73.46,43.42,16.63,45.06,31.06,50.21,37.51,10.34,30.02,72.69,15.94,6.26,,13.59,18.5,18.47,11.88,9.47,42.78,75.8,10.81,48.4,135.0,79.81,12.9,,33.75,19.72
2021-02-26 07:00:00,12.4,53.53,25.02,40.84,51.09,16.51,48.21,17.3,21.93,77.28,6.47,11.76,32.95,58.14,24.79,26.55,8.21,19.18,18.47,44.42,19.78,6.37,9.23,74.03,43.2,16.6,44.83,31.46,50.04,37.91,10.26,30.18,72.89,15.76,6.26,,13.49,18.35,18.54,11.75,9.53,42.78,74.91,11.16,48.44,135.1,79.96,13.03,,33.2,19.7
2021-03-01 07:00:00,12.48,53.53,25.3,41.23,53.42,17.24,49.19,17.7,22.0,77.51,6.72,11.99,33.69,59.84,25.42,27.15,8.42,19.44,19.52,44.88,20.15,6.81,9.46,74.85,43.13,17.08,44.89,32.11,50.73,37.82,10.62,30.29,72.81,16.64,6.37,,14.22,19.1,18.99,12.18,9.69,43.22,75.95,11.93,48.22,136.2,80.57,13.29,,34.25,20.03
2021-03-02 07:00:00,12.38,53.9,25.27,42.07,53.42,17.24,49.06,17.65,21.76,77.28,7.03,12.22,33.69,59.25,25.16,27.52,8.71,19.65,19.45,45.06,20.34,6.98,9.38,74.52,43.45,16.86,44.67,32.21,50.38,37.51,10.54,30.29,72.46,16.64,6.33,,14.24,19.15,19.04,12.12,10.3,43.26,75.8,12.25,48.08,137.7,80.04,13.28,,34.7,20.03
2021-03-03 07:00:00,12.48,56.79,25.13,42.26,52.99,17.17,48.8,17.93,23.28,76.97,7.08,12.19,33.6,59.25,24.87,27.24,8.79,19.69,19.59,45.06,20.34,6.92,9.35,74.2,43.58,16.86,45.85,32.11,50.3,37.78,10.46,30.4,71.44,16.64,6.33,,14.16,19.0,19.06,12.26,10.3,42.87,74.84,12.14,47.51,137.2,79.73,13.55,,35.5,20.06
2021-03-04 07:00:00,12.16,54.46,24.53,41.16,51.87,17.2,47.56,17.79,23.89,76.82,7.18,12.09,32.82,59.19,23.91,26.46,8.55,19.31,19.31,45.16,19.81,6.72,9.06,72.47,42.49,16.86,45.4,31.36,49.69,37.42,10.26,29.54,69.56,16.34,6.22,,13.59,18.35,18.45,11.75,9.92,42.39,73.74,11.8,47.51,136.8,78.89,13.52,,34.55,20.1
2021-03-05 07:00:00,12.18,54.18,24.33,40.58,51.0,17.9,46.9,17.65,24.09,76.12,7.37,12.02,32.82,60.23,24.2,26.74,8.44,19.35,19.48,45.2,19.5,6.83,9.13,73.13,42.3,16.71,45.0,31.26,49.87,37.42,10.95,29.49,68.98,16.31,6.22,,13.59,18.7,18.52,11.83,9.86,42.0,72.56,12.17,47.24,136.8,78.59,13.62,,34.55,19.74
2021-03-08 07:00:00,11.93,54.0,24.36,40.19,51.09,18.17,47.69,17.61,23.66,76.12,7.22,11.99,32.78,61.86,23.8,27.06,8.47,19.48,20.11,47.0,19.29,6.81,9.21,71.65,41.85,16.71,45.85,31.11,50.21,37.33,11.52,29.81,68.39,16.2,6.22,,13.64,18.6,18.35,11.88,9.86,41.48,71.67,12.13,47.11,136.0,77.98,13.47,,34.45,19.66
2021-03-09 07:00:00,12.03,53.9,24.01,39.74,50.92,18.13,51.01,17.28,23.89,75.82,7.3,11.96,32.43,61.01,23.46,26.42,8.47,19.29,19.73,46.72,19.1,6.81,9.11,71.08,40.99,16.67,46.19,31.81,48.66,37.29,11.07,29.28,67.61,16.42,6.18,,13.43,18.55,18.4,12.04,9.83,41.39,72.41,12.09,46.35,134.9,76.68,13.62,,34.1,19.65
2021-03-10 07:00:00,12.29,54.84,24.1,40.06,51.52,18.17,51.01,17.44,23.99,76.89,7.33,11.96,33.0,59.9,23.76,26.69,8.52,19.18,19.59,46.81,19.66,6.92,9.33,71.33,41.76,17.0,46.47,32.11,47.97,37.33,11.11,29.22,67.73,16.42,6.41,,13.45,18.7,18.57,12.23,9.85,41.61,73.66,12.07,47.11,135.5,77.14,13.68,,34.15,19.72
2021-03-11 07:00:00,12.38,54.93,24.84,40.06,52.3,18.52,50.88,17.75,24.3,78.05,7.37,11.96,33.17,60.36,23.83,27.15,8.62,19.52,19.83,46.91,19.57,6.96,9.43,71.57,42.4,17.34,46.69,33.35,47.8,37.51,11.23,29.54,68.78,16.49,6.81,,13.8,19.3,18.97,12.29,9.9,41.95,73.74,12.16,47.06,136.1,78.43,14.25,,34.35,20.0
2021-03-12 07:00:00,12.36,53.72,24.87,40.32,52.3,18.41,50.75,17.63,24.57,78.05,7.28,11.96,33.08,59.32,23.68,28.44,8.7,19.54,19.66,47.0,19.32,7.16,9.43,71.57,41.95,17.15,46.3,33.55,47.8,37.33,11.19,29.54,69.56,17.29,6.96,,13.61,19.2,18.92,12.2,9.9,41.74,73.66,12.21,47.06,135.0,77.98,14.5,,34.65,19.92
2021-03-15 07:00:00,12.57,54.28,24.67,40.13,51.95,18.37,51.86,17.65,25.44,77.82,7.22,11.99,33.08,59.32,23.65,27.89,8.7,19.56,19.62,46.91,19.44,7.09,9.65,72.56,42.46,17.0,46.13,33.45,49.09,37.92,11.15,29.22,69.17,17.29,7.0,,13.49,18.9,18.94,12.23,9.93,41.95,73.59,12.28,47.11,135.0,77.98,14.6,,34.45,20.0
2021-03-16 07:00:00,12.55,53.35,24.33,39.74,51.52,18.37,51.47,17.51,25.17,77.89,7.18,11.96,35.03,58.8,24.28,27.11,8.74,19.39,19.73,46.81,19.38,7.0,9.56,72.15,42.62,17.0,45.57,33.5,49.69,37.65,11.07,28.69,70.58,17.22,7.36,,13.29,18.9,18.82,12.72,9.86,41.69,73.37,12.23,46.84,134.6,77.06,14.45,,34.8,19.99
2021-03-17 07:00:00,12.57,53.53,24.84,39.54,51.52,18.1,50.82,18.37,25.31,77.82,7.54,11.99,34.94,60.42,24.68,27.34,8.97,19.48,19.8,46.54,19.53,7.05,9.68,72.15,42.49,16.82,45.34,33.55,49.69,37.69,11.36,28.69,70.03,17.07,7.44,,13.25,19.6,19.04,12.85,9.93,41.65,73.22,12.93,46.53,133.5,76.68,14.53,,34.85,20.03
2021-03-18 07:00:00,12.74,53.9,25.82,39.54,52.47,18.13,50.75,18.81,24.97,78.43,7.53,12.45,35.03,59.77,24.57,28.26,8.97,19.6,20.01,46.54,19.97,7.07,9.75,73.54,42.75,16.63,45.74,33.95,49.61,38.28,11.27,28.8,70.58,17.07,7.67,,13.53,19.7,19.82,12.82,10.04,42.48,73.51,12.86,47.37,134.9,78.21,14.94,,35.0,20.28
2021-03-19 07:00:00,12.68,53.9,25.82,39.41,52.73,18.6,50.75,18.79,24.2,77.28,7.53,12.8,34.51,59.19,24.39,27.61,8.86,19.83,20.28,46.63,20.12,7.07,9.75,72.72,42.56,16.78,44.5,34.2,48.4,38.14,10.91,29.92,70.34,16.71,7.71,,13.53,19.6,19.84,12.39,10.0,41.04,72.11,12.84,48.17,130.5,77.59,14.73,,34.0,20.2
2021-03-22 07:00:00,12.53,53.81,25.62,39.15,53.77,18.91,49.58,19.09,23.42,77.35,7.49,12.58,34.03,58.93,25.61,27.34,8.79,19.67,20.04,47.92,19.84,7.07,9.56,72.23,42.2,16.89,45.51,33.7,48.15,37.96,11.03,30.08,69.96,17.07,7.55,,13.57,19.2,19.51,12.5,9.97,42.26,73.22,12.69,47.68,132.7,76.91,14.63,,34.6,20.22
2021-03-23 07:00:00,12.38,53.44,25.07,39.02,53.34,18.75,49.51,18.81,23.62,77.2,7.53,12.35,34.08,59.77,25.31,27.01,8.65,19.6,19.94,47.74,19.47,7.05,9.46,70.92,41.92,16.63,45.06,34.69,49.18,37.96,10.83,29.54,69.56,16.92,7.4,,13.37,18.8,19.11,12.2,9.79,41.74,72.78,12.51,47.33,131.0,76.45,14.5,,34.15,19.95
2021-03-24 07:00:00,12.18,51.2,24.18,38.63,51.44,18.13,47.82,18.12,22.64,76.43,7.45,12.02,33.3,58.67,24.57,25.91,8.32,19.12,18.89,47.37,19.16,6.94,9.21,69.77,41.56,16.34,44.95,34.42,48.4,37.92,10.38,28.74,68.59,16.49,7.08,9.97,12.72,18.4,18.57,11.8,9.33,41.26,71.67,12.31,47.95,128.0,75.31,14.37,,33.4,19.7
2021-03-25 07:00:00,12.03,51.95,24.24,38.57,51.35,18.41,47.69,18.3,22.71,76.89,7.43,12.35,33.12,58.8,24.42,25.4,8.35,18.93,19.03,47.0,19.16,6.92,9.2,70.51,41.21,16.52,45.06,34.14,48.32,38.33,10.26,28.42,68.39,16.09,7.0,10.66,12.52,18.75,18.59,11.75,9.31,41.43,71.3,12.11,49.06,128.1,75.15,14.09,,32.85,19.6
2021-03-26 07:00:00,12.18,53.07,24.16,37.86,50.48,18.52,46.38,18.14,22.58,75.36,7.41,12.35,32.91,58.08,24.05,25.13,8.4,19.44,19.06,47.18,18.6,6.83,9.18,70.42,41.6,16.27,44.78,33.76,48.06,38.28,10.34,28.74,67.61,15.98,7.67,11.41,12.56,18.95,18.61,11.64,9.24,41.34,70.56,12.16,49.95,130.5,74.31,14.14,,32.2,19.65
2021-03-29 07:00:00,12.38,53.53,24.41,38.05,51.18,19.8,47.95,18.58,23.76,76.74,7.49,12.28,33.56,58.27,24.42,25.63,8.48,19.48,19.27,48.84,18.85,7.11,9.43,70.59,41.63,16.41,45.06,34.03,47.8,38.33,10.66,28.9,67.73,16.02,8.42,12.2,12.76,19.2,18.68,12.07,9.48,41.52,70.93,12.35,50.13,131.6,75.53,14.5,,33.05,19.89
2021-03-30 07:00:00,12.49,53.81,24.59,38.05,51.87,19.84,48.08,18.77,23.08,76.74,7.43,12.67,33.34,58.34,25.05,25.96,8.55,19.54,19.41,48.84,18.85,7.5,9.45,72.56,41.4,16.45,45.45,33.92,47.72,38.1,10.74,28.32,68.39,16.13,9.24,13.04,12.92,20.5,18.92,12.29,9.62,41.3,71.01,13.04,51.99,131.6,75.69,14.65,,32.6,20.0
2021-03-31 07:00:00,12.49,53.53,24.64,37.79,51.52,19.8,47.56,18.65,22.78,76.66,7.62,13.06,33.6,58.41,25.05,25.59,8.62,19.69,19.8,48.38,18.88,7.52,9.4,75.84,41.5,16.41,45.34,34.03,47.37,38.1,10.74,28.0,70.34,16.27,10.11,13.93,12.9,21.45,19.08,12.34,9.64,41.3,71.74,13.6,52.39,129.7,75.08,14.55,,32.7,20.1
2021-04-01 07:00:00,12.7,53.44,25.22,38.38,52.65,20.15,48.21,19.07,23.32,76.66,7.89,13.19,34.47,58.99,25.65,26.19,8.74,20.4,20.21,48.38,19.22,7.55,9.75,75.67,42.97,16.71,46.07,34.69,48.4,38.55,11.11,28.69,69.96,16.64,10.62,13.95,13.8,21.6,19.37,13.07,9.69,42.22,73.0,14.02,54.66,132.5,77.06,14.95,,33.85,20.6
2021-04-02 07:00:00,13.0,53.44,25.82,38.89,53.42,20.11,48.01,19.19,23.22,76.82,7.81,13.26,34.51,58.8,25.76,26.05,8.89,20.63,20.14,48.66,19.41,7.63,9.88,76.0,43.13,16.71,46.19,35.46,48.58,39.99,11.07,28.58,70.34,16.64,10.62,13.98,13.94,22.6,19.49,13.04,9.79,42.61,74.25,14.25,54.66,132.3,78.36,15.05,,33.85,20.84
2021-04-05 07:00:00,13.04,53.44,26.14,38.63,52.47,19.68,47.16,19.51,23.22,76.74,7.76,14.17,34.42,58.21,25.5,26.05,9.02,20.74,20.11,48.66,19.04,7.65,10.15,76.25,42.91,16.63,48.16,37.33,48.06,40.04,11.11,28.53,70.15,16.49,9.56,13.91,14.22,23.15,19.6,13.23,9.83,44.44,74.99,14.98,55.24,132.3,78.28,15.13,,34.5,21.06
2021-04-06 07:00:00,13.04,53.53,26.25,38.89,53.25,19.37,46.97,19.98,23.52,76.59,7.83,15.01,34.34,58.41,25.46,25.68,9.01,20.78,19.87,48.75,19.19,7.57,10.48,75.34,42.65,16.52,48.89,37.22,47.97,40.13,10.95,28.37,69.56,16.34,9.76,13.86,14.22,22.75,19.94,13.96,9.74,44.39,74.99,15.06,56.44,133.0,77.44,15.13,,35.0,21.04
2021-04-07 07:00:00,12.91,53.07,26.14,39.93,54.81,19.41,47.62,19.98,23.92,76.59,7.91,14.95,34.42,58.01,26.53,25.77,9.06,20.8,20.39,48.75,19.13,7.57,10.62,76.9,43.04,16.56,49.62,37.71,47.97,39.9,11.36,28.37,69.17,16.49,9.84,13.86,14.37,22.3,19.94,14.23,9.97,44.39,74.1,14.98,56.75,133.0,76.37,15.15,,35.4,21.11
2021-04-08 07:00:00,12.91,53.44,25.7,39.87,53.94,19.3,47.1,19.79,23.72,76.2,7.87,14.82,34.42,57.95,26.13,26.14,9.15,20.76,20.6,48.66,19.47,7.59,10.42,76.25,42.88,16.45,50.02,37.71,48.06,39.9,11.23,28.11,68.0,16.45,9.91,13.66,14.3,22.2,19.82,14.01,10.0,43.57,73.51,14.39,55.73,133.0,76.22,15.22,,35.3,20.9
2021-04-09 07:00:00,12.91,53.16,25.42,39.87,53.94,19.14,46.77,19.74,23.69,76.35,7.79,14.59,35.5,57.82,26.42,26.23,9.14,20.84,21.02,48.66,19.75,7.87,10.47,75.51,42.65,16.41,50.69,37.66,48.06,40.71,11.23,28.48,68.0,16.49,9.95,13.71,14.32,22.7,19.65,14.23,9.97,42.48,72.92,14.25,55.5,131.8,76.15,15.38,,35.0,21.0
2021-04-12 07:00:00,13.19,52.42,25.68,39.87,53.94,19.68,46.12,20.07,23.42,76.12,7.83,15.21,35.5,57.23,26.42,26.14,9.1,21.54,21.12,48.56,19.91,8.17,10.57,75.34,43.16,16.45,53.68,37.49,48.06,41.39,11.6,28.53,68.39,16.34,9.99,13.71,14.83,23.45,19.91,13.96,10.09,43.09,75.06,14.9,58.66,131.8,76.3,15.96,,35.3,21.47
2021-04-13 07:00:00,12.98,52.42,25.05,39.02,52.56,19.14,44.88,19.53,22.98,75.82,7.64,15.34,34.9,56.0,25.83,25.36,9.02,21.08,20.42,48.38,19.5,7.98,10.38,77.23,43.16,16.34,54.41,37.22,47.2,40.9,11.27,28.32,67.77,16.16,9.99,13.51,14.47,22.7,19.65,13.26,10.24,42.48,75.58,14.62,62.53,131.9,76.3,16.19,,35.3,21.2
2021-04-14 07:00:00,12.98,52.42,25.25,39.15,52.47,18.99,45.66,19.86,23.25,75.74,7.64,16.41,35.03,56.32,25.61,25.17,9.1,22.3,20.88,48.47,19.66,8.0,10.43,82.56,43.32,16.23,56.38,37.11,47.46,41.26,11.23,28.16,67.49,16.16,10.11,13.26,14.61,22.9,19.75,13.2,10.26,43.0,74.1,14.7,62.22,132.0,75.76,16.32,,35.0,21.11
2021-04-15 07:00:00,12.7,48.88,24.7,39.28,51.44,18.48,45.34,19.6,23.28,75.66,7.43,16.77,34.6,56.0,25.35,24.53,8.93,22.93,21.99,48.2,19.29,8.04,10.22,81.98,42.78,16.12,57.73,37.11,46.77,41.48,10.91,27.52,67.1,15.98,10.23,13.36,14.16,22.35,19.32,12.91,9.97,42.48,74.62,14.59,62.62,131.7,75.61,16.29,,34.0,21.59
2021-04-16 07:00:00,12.42,52.23,24.1,39.28,50.05,17.67,44.29,19.51,23.22,74.97,7.3,17.03,34.47,56.0,24.79,23.47,8.7,22.97,21.92,48.1,19.47,8.22,10.08,82.07,42.88,15.6,60.83,38.97,45.4,40.98,10.74,27.15,66.09,15.98,10.15,13.51,13.82,22.1,19.11,12.37,9.59,41.95,74.47,14.33,63.55,129.0,73.93,15.95,,33.95,21.5
2021-04-19 07:00:00,12.64,52.97,24.67,38.96,51.44,17.82,44.42,19.74,24.2,74.97,7.26,17.61,35.24,56.78,25.02,23.93,8.91,24.31,22.69,48.01,20.53,8.41,10.18,87.81,43.96,15.49,61.39,41.66,45.14,42.38,10.66,28.05,66.44,15.69,10.54,13.61,14.14,22.9,19.65,12.58,9.79,42.91,77.05,14.62,63.99,129.2,73.32,16.14,,33.95,21.98
2021-04-20 07:00:00,12.61,52.97,24.79,38.89,51.87,17.55,45.14,19.51,23.59,74.59,7.37,17.61,35.85,57.3,24.65,23.19,8.88,24.06,21.99,47.92,21.18,8.61,10.18,86.49,45.6,15.45,61.11,43.58,45.48,42.56,10.58,27.68,66.44,15.36,10.82,13.61,13.86,22.5,19.44,12.26,9.62,44.87,80.08,15.18,63.59,131.0,75.76,16.13,,34.6,22.38
2021-04-22 07:00:00,12.19,52.14,23.52,38.25,50.14,16.35,43.38,18.19,22.95,76.82,7.18,16.44,34.6,55.87,23.68,21.58,8.58,23.14,20.46,47.37,20.46,8.15,9.75,80.51,45.6,15.38,60.44,41.94,43.85,42.34,10.05,27.25,65.5,14.31,10.9,13.61,12.9,21.0,18.75,11.59,9.34,44.87,76.02,14.98,61.68,130.4,74.77,15.96,,32.2,21.69
2021-04-23 07:00:00,12.53,52.14,24.1,38.12,51.0,16.55,44.03,19.19,23.28,76.51,7.24,17.52,35.89,56.0,24.79,22.32,8.78,23.73,21.02,47.74,21.89,8.72,10.12,81.98,47.2,15.75,60.27,43.09,43.85,43.28,10.26,27.84,66.44,14.82,10.62,12.92,13.41,22.45,19.13,12.02,9.69,45.31,77.42,14.98,61.46,129.5,75.92,16.62,,32.8,22.0
2021-04-26 07:00:00,12.49,52.14,23.24,38.12,49.62,15.69,41.82,18.44,23.12,76.89,7.14,17.0,35.03,53.07,24.42,21.81,8.65,23.18,21.05,47.55,21.39,8.98,9.88,77.89,45.6,15.08,64.43,45.48,42.94,42.83,9.85,27.31,66.44,14.93,10.66,13.26,12.88,22.55,18.64,11.59,9.4,42.96,73.44,15.12,58.44,127.5,73.25,17.27,,31.15,21.26
2021-04-27 07:00:00,12.76,52.14,23.15,37.92,49.19,15.96,40.77,18.42,23.18,76.89,7.14,16.96,34.9,53.07,24.68,21.54,8.74,23.68,21.89,47.18,21.43,8.91,9.88,80.35,45.4,15.08,68.43,44.25,41.78,43.28,9.85,27.15,66.36,14.71,10.7,13.31,12.92,23.1,18.66,11.72,9.38,43.13,73.74,14.98,58.7,127.2,73.02,17.33,,30.6,21.46
2021-04-28 07:00:00,12.68,52.14,23.3,38.38,49.62,15.96,41.42,18.47,23.62,76.82,7.3,17.87,34.94,53.33,24.94,23.01,8.76,23.56,21.82,47.0,21.61,8.87,10.1,81.16,44.8,15.12,72.09,43.83,42.99,43.15,9.93,27.15,66.36,14.86,10.78,13.26,13.04,24.2,18.87,11.85,9.43,43.13,74.4,15.4,58.44,126.0,71.49,17.92,,31.5,21.63
2021-04-29 07:00:00,13.0,52.14,23.52,38.44,49.53,15.73,41.88,18.95,23.55,76.74,7.31,17.84,34.98,54.37,25.31,23.7,8.89,24.44,22.13,47.18,21.8,9.32,10.13,80.35,45.08,15.67,74.01,43.03,43.25,44.19,10.01,28.53,65.3,14.53,10.78,13.29,13.25,23.9,19.37,11.69,9.48,43.57,73.22,15.63,58.22,124.9,71.34,19.06,,32.0,22.0
2021-05-04 07:00:00,12.93,52.14,23.7,38.31,48.06,15.5,40.58,19.98,25.17,78.97,7.18,17.16,35.85,54.24,25.09,23.24,8.88,25.16,23.42,47.09,22.91,9.32,10.43,78.62,44.6,15.3,74.07,44.74,42.69,42.92,9.81,27.73,63.0,14.35,10.35,13.06,13.37,24.1,20.5,12.15,9.69,43.17,73.15,15.57,59.37,124.0,69.89,19.39,,31.3,22.2
2021-05-05 07:00:00,13.24,52.32,24.04,38.63,48.67,15.85,40.84,20.14,25.31,79.2,7.26,17.03,35.85,55.67,25.98,23.24,9.48,24.95,23.35,47.18,22.67,9.24,10.58,78.71,45.08,15.38,74.91,44.32,43.76,43.74,10.34,28.11,62.69,14.49,10.39,13.09,13.66,24.7,21.71,12.12,9.92,44.09,73.44,15.46,59.42,124.5,70.19,19.74,,31.6,22.5
2021-05-06 07:00:00,13.06,52.32,23.67,38.51,48.41,15.73,40.77,19.93,25.54,78.82,7.05,16.77,35.76,55.28,25.65,23.29,9.4,24.99,24.33,47.18,22.6,9.02,10.55,78.38,45.44,15.3,76.43,44.01,43.68,43.28,10.01,29.33,60.97,14.42,10.6,13.53,13.35,24.4,22.25,12.23,9.74,43.26,72.78,16.44,58.88,122.0,68.36,20.14,,31.2,22.4
2021-05-07 07:00:00,13.21,51.95,23.32,37.99,46.85,15.38,38.23,20.35,26.51,78.02,7.01,16.7,35.89,54.69,25.24,22.83,9.79,25.58,25.58,47.0,22.51,9.37,10.55,77.89,44.86,15.08,76.49,43.46,43.59,43.06,9.85,29.86,59.79,14.06,10.6,13.61,13.29,24.0,22.23,11.8,10.07,42.26,71.6,16.5,58.66,119.5,66.38,20.04,,31.0,22.4
2021-05-10 07:00:00,13.58,51.2,23.75,37.66,48.5,15.54,37.38,20.81,27.06,79.06,7.01,16.18,37.1,56.0,26.39,22.69,10.05,26.5,27.32,47.09,22.6,9.45,11.08,83.3,44.19,15.01,72.38,42.84,45.82,42.2,9.93,30.18,58.82,13.84,10.39,13.86,14.1,24.3,22.72,11.77,10.76,42.74,73.07,16.58,58.88,119.2,70.96,20.3,,31.75,22.99
2021-05-11 07:00:00,13.43,50.92,24.16,37.73,48.41,16.31,38.62,20.53,26.48,78.58,7.06,16.7,36.84,55.54,27.09,23.24,9.79,26.08,26.31,47.09,22.82,9.39,10.92,83.21,44.0,15.08,72.38,42.6,45.57,42.38,10.01,29.22,59.48,14.64,10.17,13.86,13.9,24.65,22.2,11.91,10.73,42.65,72.26,17.23,58.22,119.0,69.58,20.53,,31.0,23.23
2021-05-12 07:00:00,13.56,50.92,24.47,37.86,49.1,16.39,38.94,20.9,27.1,77.7,7.03,16.48,36.93,56.26,27.87,24.85,9.86,26.38,26.56,47.18,23.01,9.63,11.08,85.26,44.64,15.05,73.22,44.5,45.82,43.19,10.14,29.44,59.29,15.58,10.26,13.86,14.14,26.35,23.27,12.02,11.06,42.39,72.04,17.31,57.68,119.0,70.04,20.85,,31.2,23.09
2021-05-13 07:00:00,13.58,50.74,24.44,38.12,48.06,16.31,37.64,21.6,26.32,75.61,7.03,17.55,36.33,55.74,26.94,24.39,9.89,25.87,26.07,47.18,22.76,9.93,11.0,84.44,44.8,14.97,75.47,43.58,46.43,42.52,9.93,29.28,60.26,15.07,11.25,14.0,14.24,26.3,22.68,11.85,10.9,42.17,71.52,17.2,56.22,117.0,69.05,21.21,,30.9,23.0
2021-05-14 07:00:00,13.68,50.65,24.3,38.12,48.24,16.04,37.18,21.83,25.89,76.01,7.43,17.74,36.67,54.76,26.42,24.21,10.18,25.83,25.65,47.09,23.1,10.13,11.02,88.63,45.6,14.9,75.53,44.13,47.11,42.47,9.97,29.81,60.54,14.67,12.38,14.97,14.35,26.4,22.98,12.12,11.06,42.22,71.67,17.51,55.68,117.9,68.29,21.7,,30.65,23.0
2021-05-17 07:00:00,13.71,50.27,23.98,37.98,47.2,15.73,36.53,21.72,25.97,76.82,7.22,17.52,37.06,53.72,27.76,23.33,10.16,26.04,26.14,47.0,22.63,9.89,10.98,85.43,45.28,14.82,77.5,43.03,46.43,42.38,9.89,29.38,60.38,14.24,12.85,15.56,14.41,25.95,22.6,12.34,11.28,41.82,74.32,17.14,55.1,114.0,66.53,21.44,,30.7,23.0
2021-05-18 07:00:00,13.6,50.27,23.47,38.32,46.68,15.31,35.55,21.62,25.82,76.82,7.12,16.9,37.62,53.39,27.98,22.83,9.98,26.67,26.8,47.0,22.32,9.97,11.12,86.17,45.34,14.71,79.81,42.97,46.43,42.16,9.77,29.54,60.18,14.46,12.68,15.59,14.32,27.3,22.84,11.96,11.11,41.21,72.92,16.47,53.77,113.0,66.38,21.89,,30.0,23.1
2021-05-19 07:00:00,13.73,50.18,23.47,37.98,45.99,15.73,35.42,22.3,26.16,76.82,6.99,17.09,39.27,53.13,28.05,23.33,10.26,27.81,26.98,47.0,22.2,10.21,11.52,88.54,45.34,14.27,79.98,43.03,46.6,42.16,9.52,29.28,59.99,14.27,12.72,15.71,14.63,28.5,23.67,11.77,11.39,41.0,74.03,17.0,53.37,110.0,66.76,21.99,,29.35,23.21
2021-05-20 07:00:00,14.03,49.81,24.01,37.58,45.64,15.5,34.44,22.72,25.93,76.82,6.99,16.9,41.3,52.61,28.72,22.73,10.44,28.02,26.52,47.09,22.63,10.19,11.52,93.13,48.0,13.97,79.42,44.74,46.77,44.77,9.32,31.09,59.44,14.02,12.55,15.71,15.65,29.4,23.71,11.83,11.42,43.13,75.21,17.37,54.62,111.0,67.14,21.76,,29.5,23.74
2021-05-21 07:00:00,14.07,49.06,25.68,37.78,46.08,15.5,35.1,22.42,27.29,75.61,7.1,16.93,40.56,52.74,28.09,23.33,10.41,27.6,26.42,47.18,23.19,10.19,11.57,91.74,46.52,13.86,77.33,46.58,49.35,45.9,9.52,30.87,58.7,14.46,12.59,15.84,15.85,28.85,24.0,12.12,11.42,42.17,76.61,17.23,54.44,112.7,68.06,22.09,,30.35,23.84
2021-05-24 07:00:00,14.07,51.58,26.39,38.38,46.94,15.62,37.18,23.78,27.44,76.01,7.28,16.93,40.43,53.39,28.61,24.94,10.36,27.51,26.49,50.41,23.22,10.15,11.6,91.82,46.72,14.2,76.04,46.83,48.4,45.94,9.6,31.46,60.14,14.49,12.64,16.13,16.18,28.9,24.04,12.66,11.54,42.43,78.16,17.14,54.26,113.5,69.58,21.73,,30.85,25.5
2021-05-25 07:00:00,14.26,51.58,26.8,39.18,47.72,16.12,37.84,23.74,27.79,76.17,7.3,17.42,40.56,53.98,28.83,24.85,10.6,28.35,28.02,52.34,22.98,10.36,11.95,93.13,46.72,14.42,76.32,46.46,48.32,45.94,9.69,31.46,61.71,14.31,12.72,17.25,16.62,29.35,24.38,12.66,12.15,43.48,77.13,17.14,54.35,113.3,69.05,21.76,,31.2,24.2
2021-05-26 07:00:00,14.43,51.58,26.77,38.98,47.98,15.85,37.84,23.92,27.87,76.01,7.22,18.62,41.21,53.33,28.16,25.27,10.7,28.52,27.88,52.53,23.01,11.01,12.52,93.13,46.36,14.34,75.19,45.85,47.54,45.9,9.48,31.46,64.01,14.06,12.98,18.41,16.64,29.5,24.94,12.39,12.44,43.74,77.94,17.71,54.08,113.0,69.43,22.03,,31.25,24.37
2021-05-27 07:00:00,14.33,49.81,26.05,38.38,48.5,15.65,37.77,23.32,27.72,76.01,7.1,19.92,40.56,52.15,27.31,25.63,10.44,28.1,28.09,52.34,24.19,11.36,12.19,90.18,45.56,14.16,76.6,47.5,46.34,45.81,9.48,31.51,63.7,13.87,12.77,18.33,16.09,29.8,24.28,11.91,12.15,43.0,76.98,17.93,53.46,113.0,69.05,21.93,,30.75,24.36
2021-05-28 07:00:00,14.6,50.27,27.05,38.91,47.98,15.58,38.55,23.78,27.6,75.29,7.3,20.73,41.0,53.39,27.9,26.46,10.72,28.23,28.75,52.16,24.19,12.14,12.59,92.23,45.66,14.23,75.98,47.69,47.11,45.54,9.52,31.57,63.12,14.31,13.07,19.3,16.99,31.85,25.04,12.12,12.49,43.39,77.13,18.07,53.24,112.0,69.51,22.35,,30.55,24.48
2021-05-31 07:00:00,15.53,49.34,27.94,38.58,46.77,15.38,40.44,24.67,27.79,75.29,7.26,21.32,42.34,53.78,27.42,26.32,11.03,30.17,30.6,52.07,24.46,12.99,12.69,90.27,44.32,14.12,75.81,47.2,46.94,45.49,9.56,30.98,60.77,14.46,13.16,20.19,18.04,33.8,25.37,12.02,12.96,42.96,75.65,19.25,52.22,110.0,69.05,22.55,,29.4,24.69
2021-06-01 07:00:00,15.8,48.97,27.54,38.38,46.33,15.19,39.99,24.44,27.52,76.01,7.22,21.12,43.74,54.5,27.76,26.09,11.19,31.78,30.32,50.96,24.53,12.84,12.75,87.72,43.68,14.01,76.49,46.46,47.03,45.31,9.85,30.34,60.18,14.24,13.42,20.24,17.76,32.4,25.08,11.77,13.08,45.18,76.68,20.04,53.33,106.2,68.59,22.58,,30.7,24.97
2021-06-02 07:00:00,16.73,48.41,27.2,38.71,46.33,15.19,40.25,24.16,27.79,76.01,7.56,20.25,42.94,56.91,28.83,25.63,11.1,30.92,30.18,52.53,24.5,13.73,12.85,86.66,44.41,14.16,78.52,47.26,47.46,45.31,9.69,29.81,59.4,14.46,13.46,20.54,18.69,32.2,24.94,11.96,12.87,46.18,76.98,20.24,52.22,106.6,68.21,22.87,,30.1,24.59
2021-06-03 07:00:00,17.22,48.41,28.0,38.25,47.46,15.73,41.03,24.9,29.0,75.69,7.64,20.8,42.79,57.49,29.83,26.23,11.68,31.09,31.02,52.99,24.68,14.68,13.74,86.08,44.48,14.79,79.42,47.99,47.63,45.63,10.34,30.77,60.14,15.4,14.02,21.28,19.87,32.75,25.89,12.04,13.24,46.49,77.72,20.8,52.66,106.9,68.82,23.0,,30.5,25.26
2021-06-04 07:00:00,17.0,48.41,28.11,38.12,49.36,15.38,40.51,25.09,28.84,75.45,7.64,21.71,42.54,59.51,29.79,27.52,11.57,31.2,32.13,53.91,24.28,14.48,13.87,87.97,44.0,14.6,78.74,50.14,49.18,45.36,10.66,30.55,60.07,15.18,14.06,22.52,19.81,32.15,25.79,11.91,13.5,45.7,77.05,20.8,53.77,107.4,68.29,23.36,,32.2,25.24
2021-06-07 07:00:00,16.13,47.67,26.85,38.05,50.57,15.23,39.99,24.16,28.3,75.29,7.54,21.29,41.53,59.06,29.61,28.9,11.31,30.17,31.65,54.0,24.06,13.62,13.27,85.67,43.55,14.6,78.07,51.06,48.66,44.91,10.5,29.7,60.61,15.18,12.98,21.53,19.16,30.7,24.75,12.18,12.87,44.87,78.16,20.29,54.66,111.8,69.06,23.46,,33.35,24.92
2021-06-08 07:00:00,15.08,47.57,25.7,37.65,49.27,14.72,40.18,22.76,27.52,77.14,7.79,19.95,40.58,57.36,28.57,26.92,10.54,28.63,29.45,53.73,23.91,12.68,12.45,85.26,43.52,14.27,76.6,50.45,47.03,43.28,9.85,29.81,61.28,15.4,12.55,21.28,17.88,28.6,23.38,11.8,12.11,43.57,77.64,19.65,53.24,117.2,69.29,23.3,,31.65,24.46
2021-06-09 07:00:00,15.93,46.74,26.08,37.58,48.76,14.57,40.32,23.46,27.52,76.25,7.74,20.21,41.03,56.91,28.87,26.97,10.9,28.8,30.11,53.73,24.12,13.55,12.87,85.67,43.64,14.27,81.18,50.38,46.25,43.19,9.85,29.54,61.32,15.26,13.55,19.89,18.98,29.6,24.0,11.85,12.42,44.44,78.23,20.65,52.79,115.3,68.83,23.39,,31.7,24.6
2021-06-10 07:00:00,16.0,46.74,25.19,37.85,47.98,14.1,40.32,23.0,28.22,75.61,8.26,19.69,41.13,56.06,29.75,26.23,10.67,29.54,30.32,53.54,24.12,13.53,12.65,84.53,43.29,14.27,79.12,51.0,45.14,43.19,9.69,29.01,62.53,15.76,12.77,20.44,19.1,28.9,23.67,11.75,12.2,44.35,76.76,20.41,51.77,113.8,71.22,23.39,,30.8,24.5
2021-06-11 07:00:00,16.26,48.41,25.93,38.38,49.53,14.72,40.97,24.58,28.14,75.29,8.14,19.76,41.94,56.65,30.57,26.83,11.24,30.4,30.71,53.63,25.11,13.55,13.15,86.9,43.84,14.49,80.11,53.57,46.43,43.69,9.81,29.22,64.13,15.47,12.9,21.23,20.36,30.5,24.85,11.8,12.67,44.79,78.16,20.73,52.44,115.5,71.07,23.36,,31.5,24.98
2021-06-14 07:00:00,16.0,49.34,25.76,38.58,51.87,14.53,41.1,24.39,28.88,76.82,8.2,19.76,42.08,58.27,31.2,27.38,11.13,30.69,31.3,54.28,25.18,13.31,13.12,87.64,44.19,14.79,79.35,56.02,47.29,43.74,9.93,29.54,64.68,15.47,12.64,21.28,21.54,30.8,24.9,11.96,12.56,44.44,81.03,20.37,53.33,115.7,71.45,23.1,,31.95,25.1
2021-06-15 07:00:00,16.58,51.2,25.76,40.17,52.9,14.38,41.03,24.2,30.86,76.41,8.18,19.5,41.78,57.75,31.2,29.27,11.34,30.46,32.06,55.2,25.18,12.58,13.12,87.31,44.12,15.16,79.43,56.7,47.11,43.28,9.81,30.29,65.85,14.89,12.12,20.44,21.54,30.1,24.71,12.02,12.46,44.79,83.03,19.98,54.08,117.0,71.76,21.67,,32.85,25.05
2021-06-16 07:00:00,16.28,51.11,25.99,40.51,52.13,14.57,41.03,23.46,31.4,76.01,8.18,18.91,41.73,59.84,31.23,29.5,11.03,29.66,31.03,55.2,25.18,12.14,12.92,85.43,43.84,15.38,79.04,56.39,48.15,42.88,9.81,30.29,66.05,15.33,11.68,19.7,20.46,29.2,23.95,12.12,12.32,45.31,81.11,19.59,52.93,116.5,70.91,21.76,,32.8,24.78
2021-06-17 07:00:00,16.37,51.2,26.34,40.77,53.6,14.8,40.77,23.46,31.71,76.01,8.31,18.85,41.48,61.14,32.57,31.25,10.96,29.43,32.03,55.2,25.18,12.79,13.32,84.44,44.48,15.3,78.05,56.21,48.75,43.06,10.09,31.94,64.87,16.38,11.77,19.65,20.92,29.4,23.71,11.96,12.25,45.4,80.37,19.67,51.99,116.5,70.29,21.5,,32.85,24.77
2021-06-18 07:00:00,16.42,51.2,26.48,40.44,52.73,14.96,40.77,23.78,31.63,76.74,8.75,19.37,42.08,60.36,32.49,31.75,11.18,29.83,32.95,55.29,25.49,12.84,13.54,87.31,45.12,15.49,78.66,56.45,48.58,44.19,10.01,31.78,66.91,16.56,11.9,19.97,20.92,29.65,24.09,12.66,12.29,47.27,82.95,19.82,52.17,116.0,71.14,21.67,,32.5,24.9
2021-06-21 07:00:00,16.3,50.74,25.82,40.24,51.61,15.15,40.84,23.37,31.51,76.41,8.87,19.14,42.99,60.55,31.86,31.75,10.98,29.31,32.33,55.2,25.49,12.49,13.57,89.12,46.65,15.75,83.25,55.47,50.38,44.23,10.18,30.98,66.44,16.2,11.64,19.79,20.3,29.85,23.81,12.29,12.2,46.44,82.58,19.82,52.17,114.0,69.99,21.67,,31.8,24.8
2021-06-22 07:00:00,16.72,51.02,25.82,40.37,51.78,15.62,40.9,24.11,31.48,76.66,8.75,19.21,42.89,61.79,32.23,31.62,11.21,29.6,32.03,55.48,25.45,12.75,14.02,88.95,46.72,15.71,86.68,54.18,50.38,44.41,10.22,30.66,65.3,16.13,11.77,19.82,20.5,30.2,24.04,12.23,12.27,46.88,82.21,19.9,52.22,115.0,69.99,21.5,,31.5,25.11
2021-06-23 07:00:00,16.8,50.83,26.05,39.64,50.83,15.19,42.66,24.48,30.82,76.5,8.62,19.04,42.64,61.14,31.72,30.83,11.18,29.43,31.53,55.66,25.15,12.49,13.99,87.56,46.08,15.45,85.54,52.77,49.59,44.55,10.01,30.29,66.52,15.69,11.64,19.65,20.67,29.75,24.14,11.91,12.37,47.79,82.07,19.86,51.95,115.1,69.52,22.48,,31.5,25.1
2021-06-24 07:00:00,16.98,50.83,25.93,39.38,50.14,14.96,42.73,24.81,30.78,76.82,8.56,18.95,42.54,62.38,31.38,32.03,11.18,28.97,31.03,55.75,24.7,12.77,14.02,87.31,46.08,15.45,87.83,54.55,49.15,44.23,9.89,30.02,67.18,15.54,11.68,19.67,20.79,29.0,24.04,11.94,12.34,48.23,82.66,19.67,52.22,115.5,68.52,22.35,,32.0,24.9
2021-06-25 07:00:00,17.05,50.83,26.14,39.51,50.4,14.76,42.66,24.99,31.4,76.5,8.72,19.01,42.79,63.81,31.57,32.17,11.52,29.03,31.64,55.75,25.32,12.79,14.06,87.23,45.98,15.3,90.96,58.23,49.59,43.92,9.89,30.08,67.18,15.18,11.73,19.84,22.24,29.5,24.38,11.88,12.42,49.06,82.66,19.31,52.22,115.9,69.29,22.22,,31.6,25.26
2021-06-28 07:00:00,17.22,50.65,26.91,39.91,51.87,14.88,43.06,25.27,32.17,76.5,8.77,19.37,43.04,63.81,32.57,33.41,11.75,30.0,32.75,56.68,25.35,13.07,14.39,89.28,46.56,15.23,91.65,57.98,50.12,44.23,9.89,30.5,66.87,15.62,12.12,20.19,22.33,30.2,25.32,11.88,13.03,49.06,85.16,19.65,51.86,115.5,68.9,22.16,,31.8,25.6
2021-06-29 07:00:00,17.1,50.65,26.91,39.38,51.09,14.84,42.34,25.04,31.94,76.25,8.79,19.82,44.5,62.47,31.83,32.86,11.72,29.66,32.18,56.77,25.59,13.23,14.51,88.95,47.04,15.19,92.41,58.78,49.33,44.46,9.81,30.71,66.28,15.62,12.33,20.26,22.62,31.0,25.27,11.8,12.91,49.67,87.45,19.67,52.44,120.0,70.29,21.8,,31.7,25.8
2021-06-30 07:00:00,16.75,50.65,27.11,39.38,50.48,14.8,42.21,24.48,31.63,76.5,9.14,19.69,44.2,62.47,31.83,32.21,11.58,29.49,32.1,56.95,25.62,12.99,14.47,91.33,48.64,15.16,92.41,57.25,48.1,45.13,9.81,30.71,66.09,15.26,12.42,20.36,22.78,30.6,24.9,11.77,12.72,50.71,87.01,19.45,52.88,121.5,69.83,22.06,,31.75,25.84
2021-07-01 07:00:00,16.87,50.46,27.14,39.11,51.0,14.76,42.27,24.34,32.25,76.58,9.14,19.95,44.65,63.27,33.08,33.5,11.89,30.23,32.64,57.14,25.73,12.97,14.51,93.81,48.35,15.49,91.65,58.78,48.71,45.18,9.85,30.66,65.54,15.51,12.29,20.21,23.82,31.0,25.18,11.8,12.87,50.71,86.42,19.31,52.7,120.7,70.22,22.94,,31.8,25.89
2021-07-02 07:00:00,16.94,50.27,27.0,39.05,51.09,14.69,42.08,24.48,32.25,75.29,9.08,20.38,46.15,64.88,32.97,33.32,12.14,29.94,32.49,56.95,25.66,12.92,14.51,94.14,50.17,15.45,90.88,58.78,48.63,44.86,9.77,30.18,66.12,15.26,12.55,20.98,23.98,31.5,25.65,11.77,13.06,50.06,87.01,19.71,52.22,120.6,69.6,23.49,,31.7,26.2
2021-07-05 07:00:00,17.8,50.27,26.77,38.25,50.4,14.22,40.97,24.2,32.44,75.61,8.88,20.64,46.56,61.79,32.94,33.41,12.2,29.31,31.87,56.77,25.11,13.05,14.39,92.24,53.28,15.16,87.83,58.23,47.84,44.77,9.52,29.17,65.07,14.89,12.98,20.88,23.4,32.6,27.4,11.48,13.6,49.49,87.38,19.74,51.1,118.3,68.9,23.69,,29.5,26.0
2021-07-06 07:00:00,16.89,50.18,25.25,38.12,48.32,13.95,39.79,22.53,30.24,75.85,8.27,19.82,43.69,57.63,30.64,31.11,11.42,27.48,29.65,56.21,24.63,12.14,13.39,90.09,49.6,14.93,89.35,57.86,45.38,44.91,9.32,27.95,64.09,13.95,12.94,20.64,21.79,30.35,25.51,11.1,12.65,48.79,81.33,19.86,49.77,119.3,67.2,23.13,,29.5,25.6
2021-07-07 07:00:00,17.15,49.99,26.11,38.25,47.11,13.45,39.79,23.4,32.33,75.61,8.51,19.82,45.45,61.46,31.01,31.89,11.91,28.57,29.8,56.4,25.04,12.99,14.06,95.88,53.05,14.68,90.12,58.97,46.7,48.02,9.28,28.69,63.51,14.09,12.85,20.73,22.57,31.05,26.74,11.8,12.98,49.4,86.27,19.59,50.66,121.8,69.37,23.04,,30.9,26.0
2021-07-08 07:00:00,16.98,49.99,26.28,37.98,47.46,13.72,41.03,23.13,32.37,75.13,8.21,19.08,45.1,62.47,30.98,31.25,11.73,28.06,28.42,56.68,25.08,12.97,14.06,99.02,55.19,14.68,84.62,58.05,45.91,47.61,9.24,28.21,63.51,14.02,12.16,20.54,22.53,30.2,26.74,11.34,13.06,48.36,84.8,20.22,49.33,120.3,68.29,22.58,,29.9,25.3
2021-07-09 07:00:00,16.51,49.81,25.76,37.85,45.9,13.33,41.62,22.53,34.07,74.65,8.07,18.78,45.05,61.59,29.61,29.09,11.42,27.08,27.16,56.21,24.98,12.53,13.97,96.62,56.47,14.34,79.04,57.86,44.59,47.57,8.79,28.16,62.53,13.15,11.25,20.09,21.79,29.1,26.74,10.78,12.8,47.84,82.95,20.61,48.26,118.9,67.2,22.42,,28.0,25.49
2021-07-12 07:00:00,15.36,47.02,24.1,36.52,43.48,12.4,40.44,20.97,31.86,73.61,7.83,18.72,43.24,59.11,28.72,27.06,11.03,25.74,25.28,56.21,24.7,12.14,13.43,99.1,56.51,13.97,80.27,55.72,43.58,46.04,8.26,27.84,62.06,12.24,10.26,18.8,20.5,28.4,25.27,10.1,12.13,46.66,79.63,19.35,46.22,120.0,66.66,20.85,,27.0,24.75
2021-07-13 07:00:00,15.43,48.69,24.33,37.12,43.83,12.4,39.79,20.73,31.4,75.13,8.13,18.26,43.69,61.46,29.38,27.61,11.08,26.05,26.01,56.12,24.77,11.93,13.43,95.05,55.99,13.97,79.96,53.33,44.76,44.73,8.59,27.63,61.36,13.08,10.52,19.1,21.46,28.7,25.46,10.59,12.04,45.05,80.74,18.76,45.77,119.9,65.12,20.85,,27.85,24.95
2021-07-14 07:00:00,14.9,45.29,24.44,36.59,43.22,12.17,38.88,20.19,30.24,73.69,7.93,17.22,42.79,61.32,29.01,26.97,10.65,25.77,26.36,56.03,25.11,11.75,13.0,96.04,53.28,13.9,79.43,53.63,44.68,43.28,8.51,27.2,62.53,12.71,10.78,18.9,21.12,27.4,24.09,10.29,11.42,44.35,80.74,17.46,45.77,117.0,65.66,20.04,,28.25,24.11
2021-07-15 07:00:00,15.36,42.13,24.5,37.52,43.65,12.21,39.47,20.97,31.32,73.61,8.17,17.61,42.89,60.79,29.9,28.07,10.83,26.62,27.58,56.21,24.81,12.01,13.21,95.05,53.47,14.2,79.43,53.45,44.68,42.88,8.71,27.25,62.49,13.58,11.82,19.94,22.24,28.8,24.61,10.32,11.66,44.66,81.33,17.66,45.33,114.8,65.81,20.85,,28.0,24.25
2021-07-16 07:00:00,15.76,40.13,24.39,37.72,44.09,12.4,39.27,20.76,31.82,73.61,8.43,17.55,43.59,60.45,30.49,28.85,10.92,26.77,27.2,56.21,25.21,11.9,13.12,99.6,53.79,14.16,79.88,55.29,44.85,43.28,8.63,27.63,61.75,13.8,12.16,19.52,21.87,28.45,24.38,10.35,11.73,44.66,80.37,17.64,47.02,115.4,66.36,21.02,,27.7,24.5
2021-07-19 07:00:00,15.08,37.89,22.75,36.85,41.49,12.09,38.81,19.32,30.74,75.13,8.23,16.87,42.54,58.23,30.86,26.88,10.41,25.36,25.36,56.21,25.45,11.08,12.24,98.69,50.08,13.79,78.66,53.82,43.01,41.3,8.22,27.04,60.38,13.08,11.08,18.31,20.42,27.5,22.68,9.73,10.92,42.26,76.91,16.42,45.73,114.0,65.66,19.55,,26.8,23.3
2021-07-20 07:00:00,15.9,37.33,23.52,37.52,43.14,12.28,39.01,19.92,31.55,74.41,8.63,16.77,43.59,59.78,31.38,28.35,10.9,27.08,27.12,56.21,25.18,11.1,12.57,101.66,52.67,13.75,79.04,55.1,43.32,41.48,8.38,27.52,60.58,13.44,11.73,19.32,21.83,28.1,23.38,10.16,11.42,43.65,78.6,16.52,45.77,114.5,66.36,19.74,,26.7,23.98
2021-07-21 07:00:00,15.86,36.49,23.35,37.25,42.79,12.4,38.88,19.68,31.79,74.41,8.57,16.74,43.49,58.7,31.9,27.8,10.51,26.77,27.43,56.21,25.01,11.37,12.62,100.84,52.28,13.57,78.74,54.18,43.89,41.12,8.34,27.79,61.28,13.37,11.56,19.3,21.33,27.85,23.76,10.18,11.46,43.13,79.63,16.17,46.22,114.0,65.89,19.65,,27.4,23.6
2021-07-22 07:00:00,16.0,39.03,23.52,37.39,43.91,12.63,39.27,20.07,33.49,74.81,8.74,17.55,44.9,60.05,32.27,28.99,10.57,27.02,27.81,56.21,26.75,11.42,12.78,101.58,52.86,13.71,80.11,55.23,44.68,41.98,8.43,28.11,61.08,13.4,11.77,20.29,21.62,28.0,24.14,10.32,11.71,43.7,81.85,16.4,47.2,114.0,67.05,19.81,,28.2,24.0
2021-07-23 07:00:00,15.48,39.17,23.07,37.45,43.57,12.55,39.14,19.48,35.82,74.25,8.72,16.9,45.45,59.11,31.46,28.53,10.56,26.22,26.78,56.21,26.2,11.47,12.51,98.36,51.74,13.6,78.66,54.31,44.06,41.03,8.55,27.41,60.03,13.18,11.42,20.29,20.96,28.7,23.38,9.97,11.42,42.26,79.34,15.81,46.22,113.4,67.67,19.06,,27.0,23.82
2021-07-26 07:00:00,15.34,38.56,22.95,37.72,43.74,12.55,38.81,19.26,37.41,75.93,9.08,16.9,47.06,59.31,33.16,29.91,10.6,26.11,26.36,56.4,26.72,11.13,12.26,100.09,51.29,13.68,82.1,55.47,43.8,40.9,8.55,27.68,59.99,13.44,11.42,19.67,21.04,28.7,23.15,10.02,11.39,41.82,80.81,15.16,46.31,114.0,68.67,18.47,,26.75,23.96
2021-07-27 07:00:00,15.55,38.75,23.07,38.45,43.65,12.55,38.88,19.48,36.05,75.21,9.1,16.18,46.81,59.78,33.16,30.19,10.6,26.45,27.35,56.12,26.78,11.39,12.35,103.73,50.56,13.6,81.34,55.04,44.15,40.62,8.79,28.11,60.38,13.29,11.6,20.1,21.54,29.1,23.5,10.13,11.8,41.39,79.49,15.61,46.35,114.9,67.59,18.57,,27.65,23.88
2021-07-28 07:00:00,15.55,38.14,23.24,37.85,43.4,12.44,38.68,19.71,36.32,74.81,9.22,16.09,46.2,59.85,32.64,30.05,10.74,26.74,27.51,57.14,26.44,11.42,12.44,102.9,50.27,13.57,79.5,55.72,44.33,40.62,8.63,27.89,60.38,13.26,11.64,19.96,21.7,28.9,23.48,10.32,11.84,42.26,78.53,15.85,46.75,114.4,67.13,18.34,,27.2,23.8
2021-07-29 07:00:00,16.02,39.03,23.52,37.05,43.57,12.4,38.81,20.31,37.21,75.29,9.61,16.9,46.91,60.12,33.42,30.51,10.9,26.97,28.27,57.41,27.16,11.66,12.8,105.55,52.09,13.57,79.43,55.72,44.76,41.93,8.67,27.89,61.36,13.33,11.73,19.99,22.37,29.3,23.9,10.18,12.01,42.65,79.56,15.95,46.71,114.4,67.05,18.8,,27.35,24.05
2021-07-30 07:00:00,16.96,39.32,23.58,37.32,44.17,12.48,41.1,20.61,37.02,74.89,10.11,17.16,47.21,60.18,34.12,31.02,11.0,27.08,28.58,57.5,27.77,12.39,13.03,110.75,52.51,13.68,79.43,56.7,45.03,43.19,8.71,29.28,62.14,13.48,12.03,19.78,22.62,29.9,24.14,10.32,12.11,42.7,79.86,16.36,47.64,113.0,66.51,19.87,,27.65,24.6
2021-08-02 07:00:00,16.68,39.32,24.41,37.98,45.21,12.59,40.9,20.22,37.64,75.13,10.52,16.77,48.01,62.8,35.01,30.83,11.16,27.05,28.65,57.32,27.5,12.15,12.98,112.57,54.36,13.75,79.88,57.37,45.2,43.1,8.75,28.74,60.61,13.73,11.82,19.67,22.78,29.3,24.0,10.13,11.92,42.26,79.71,16.42,47.77,115.5,66.82,19.68,,27.5,24.7
2021-08-03 07:00:00,16.8,39.32,24.87,37.72,45.56,12.83,42.08,20.43,37.56,75.05,10.74,17.55,48.11,62.47,35.31,31.02,11.39,27.05,28.35,57.14,27.94,12.17,13.21,113.9,54.36,13.68,80.57,57.56,44.94,43.51,8.79,28.9,60.69,13.8,11.9,19.8,23.4,29.8,24.47,10.35,11.96,43.04,81.77,16.36,50.88,116.0,67.28,19.81,,28.3,24.7
2021-08-04 07:00:00,16.65,39.22,24.67,37.72,46.51,12.83,41.68,20.37,38.57,76.01,10.76,17.84,48.01,63.14,34.82,30.79,11.44,27.2,28.73,57.04,27.71,12.22,13.39,112.41,54.4,13.83,82.1,57.49,45.91,43.51,8.83,28.74,61.47,13.55,11.86,19.99,23.53,30.65,24.56,10.18,12.15,42.91,81.48,16.26,50.66,116.2,67.28,19.71,,27.9,24.5
2021-08-05 07:00:00,16.89,39.32,24.64,37.72,46.33,12.94,41.49,20.49,38.61,75.93,11.4,17.91,48.51,63.0,35.05,32.08,11.58,27.94,29.57,56.95,27.98,12.63,13.52,111.58,55.35,14.12,82.48,57.49,45.99,43.19,8.79,28.74,60.85,13.55,12.46,20.13,23.82,31.05,24.8,10.21,12.42,43.31,82.36,16.52,50.66,116.5,66.9,20.14,,27.95,24.74
2021-08-06 07:00:00,16.68,42.04,24.61,37.72,46.51,13.29,42.66,20.46,37.91,76.5,11.47,17.52,48.51,62.06,35.75,31.48,11.42,27.71,29.11,57.04,28.25,12.46,13.36,111.17,54.88,13.97,82.1,57.31,46.43,43.38,8.95,28.74,60.65,13.87,12.55,20.07,23.36,30.3,24.47,10.16,12.29,42.74,83.98,16.4,50.35,117.4,67.36,19.74,,27.95,24.92
2021-08-09 07:00:00,17.12,44.02,24.76,37.65,46.59,13.52,42.99,20.7,38.18,75.45,12.27,17.61,48.97,62.47,36.34,32.4,11.58,28.46,29.73,56.68,28.9,12.46,13.48,116.54,55.61,14.08,80.95,57.37,46.43,43.51,9.08,29.76,60.61,13.98,12.59,20.15,24.56,30.7,24.8,10.18,12.42,42.83,86.56,16.52,50.26,119.5,67.75,19.87,,28.6,25.2
2021-08-10 07:00:00,17.12,43.13,24.84,37.98,46.16,13.33,42.34,20.76,39.42,75.85,12.9,17.35,49.12,64.48,37.38,32.21,11.6,28.28,29.69,56.31,28.59,12.44,13.36,114.47,55.64,14.27,79.88,56.94,47.22,43.19,9.16,29.76,60.22,14.02,12.77,19.94,24.6,30.6,24.71,10.59,12.46,43.13,86.27,16.44,50.22,118.7,69.06,19.71,,28.35,25.19
2021-08-11 07:00:00,16.89,41.86,24.73,38.38,46.85,13.21,43.06,20.55,38.61,75.37,13.79,17.32,48.26,64.15,36.6,31.39,11.57,28.03,29.31,56.03,27.33,12.24,13.39,112.9,55.99,14.16,79.35,56.94,46.87,43.01,9.32,30.02,60.26,15.0,12.55,19.86,23.9,30.4,24.71,10.67,12.8,43.78,85.53,16.36,49.33,118.7,70.22,19.94,,28.0,25.1
2021-08-12 07:00:00,16.56,42.33,24.56,38.32,47.8,14.1,44.42,20.61,38.18,75.21,12.86,17.35,47.11,63.47,35.75,31.57,11.44,27.71,28.77,56.68,27.57,12.02,13.3,110.75,54.4,14.2,79.12,56.7,46.52,42.61,9.24,29.65,59.83,14.75,12.51,19.78,23.9,29.6,24.56,10.51,12.6,43.52,86.27,16.13,49.37,118.7,69.91,20.17,,28.0,24.83
2021-08-13 07:00:00,16.58,41.48,24.41,38.25,47.03,14.45,44.36,20.55,37.99,74.89,13.75,17.09,47.71,62.47,37.19,32.03,11.34,27.85,28.73,56.49,28.52,12.15,13.34,110.34,54.72,14.05,79.04,56.15,46.43,42.61,9.2,29.65,59.32,14.6,12.55,19.67,24.44,29.7,24.66,10.45,12.6,43.39,88.48,16.05,49.28,118.0,69.45,20.72,,28.0,24.82
2021-08-16 07:00:00,16.75,41.86,24.84,38.05,46.85,14.34,44.03,21.03,38.65,75.45,14.46,17.26,48.02,63.27,37.0,34.24,11.67,28.31,29.19,56.21,28.46,12.24,13.97,110.34,54.43,14.23,79.27,56.21,45.73,42.61,9.32,30.08,59.25,15.47,12.68,19.78,25.72,30.3,25.51,10.35,12.84,43.83,85.53,16.44,49.15,117.3,69.14,21.37,,28.5,25.3
2021-08-17 07:00:00,16.7,41.86,24.64,37.72,46.33,13.95,43.77,20.73,39.5,74.57,14.24,17.26,47.61,62.06,36.58,34.52,11.67,28.86,30.49,55.75,28.12,12.73,14.06,109.51,54.36,14.16,78.82,55.9,45.29,43.06,9.24,30.13,56.86,15.58,12.77,19.88,25.39,30.15,25.18,10.27,12.93,44.0,81.85,16.38,49.45,117.3,68.98,21.21,,28.05,25.26
2021-08-18 07:00:00,16.68,42.33,24.47,37.05,47.29,14.03,43.58,20.67,40.7,75.21,13.77,17.09,47.71,62.2,36.28,34.56,11.62,28.86,30.57,55.75,28.32,12.58,14.02,111.17,55.19,14.27,78.66,54.55,45.29,42.7,9.28,32.2,57.06,15.4,12.72,19.59,24.94,29.95,24.94,10.4,12.89,44.0,81.11,16.17,48.95,118.0,69.52,20.85,,27.8,25.17
2021-08-19 07:00:00,16.56,42.8,24.39,37.05,47.54,14.41,43.9,20.55,42.17,78.02,13.81,16.83,47.96,61.06,35.71,35.71,11.75,29.14,30.99,55.66,28.35,12.39,14.02,112.66,55.19,14.27,80.11,54.12,45.2,42.38,9.24,32.31,57.84,16.24,12.64,19.4,25.97,29.95,25.04,10.21,12.7,44.79,81.85,15.95,52.0,120.0,69.75,21.05,,27.95,25.01
2021-08-20 07:00:00,15.76,42.8,23.24,36.72,46.16,13.72,43.58,19.6,41.67,76.5,14.3,16.18,47.1,58.77,35.94,33.46,11.26,28.06,29.69,55.57,26.89,11.66,13.48,110.59,52.48,14.34,79.2,52.16,43.54,41.26,8.87,32.63,55.89,15.76,12.29,19.34,25.89,28.3,23.86,10.24,12.11,43.61,79.71,15.22,48.85,119.8,67.82,20.36,,27.05,24.1
2021-08-23 07:00:00,15.01,42.28,22.55,35.53,44.95,13.6,42.4,19.6,42.29,76.09,14.72,15.6,46.19,57.63,35.9,31.48,10.96,27.2,28.73,55.38,25.93,10.98,12.89,104.97,50.59,14.27,80.11,50.38,42.57,39.9,8.59,30.87,54.71,15.26,11.86,19.07,26.26,27.0,23.03,10.13,11.7,42.39,79.04,14.16,48.1,120.3,66.43,19.74,,26.05,23.7
2021-08-24 07:00:00,15.15,41.86,22.61,35.19,45.47,13.14,42.14,19.62,41.67,74.97,14.01,15.66,46.64,57.76,35.64,31.29,11.0,27.34,28.81,55.2,25.93,11.2,12.87,106.21,51.36,14.08,80.57,52.71,42.83,39.81,8.59,30.82,55.65,14.89,11.68,19.24,25.35,27.25,23.15,9.81,11.78,42.26,79.12,14.1,47.7,122.8,66.66,19.87,,26.15,23.95
2021-08-25 07:00:00,15.22,41.86,22.64,35.59,45.56,13.1,42.53,19.26,41.82,74.81,13.41,15.99,46.64,58.64,36.36,32.4,11.03,27.71,29.65,55.57,26.2,11.3,12.89,111.58,51.68,14.38,80.57,53.2,43.49,40.13,9.16,30.93,57.53,15.26,11.9,19.29,25.68,27.35,23.22,9.89,12.08,42.48,78.9,14.55,47.3,127.0,67.13,20.01,,26.3,24.05
2021-08-26 07:00:00,14.99,41.76,22.15,35.53,45.47,13.17,42.21,18.7,42.91,75.93,14.17,15.76,46.39,57.97,38.71,32.67,10.95,27.31,29.19,55.94,26.03,11.05,12.66,110.75,51.84,14.16,79.2,51.18,42.75,38.87,9.24,33.06,57.68,15.69,12.2,19.1,25.31,27.1,22.82,9.86,11.8,42.17,78.6,14.28,46.55,125.8,67.2,19.81,,26.45,23.99
2021-08-27 07:00:00,14.9,41.2,22.2,35.46,46.16,13.37,43.25,18.67,43.34,81.22,14.56,15.99,46.7,58.44,38.79,34.42,10.8,27.25,29.31,55.76,26.72,10.59,12.62,112.32,52.64,15.12,79.27,52.1,43.45,38.68,9.69,34.6,58.04,15.73,12.07,19.1,25.35,27.3,22.7,9.91,11.77,42.61,78.82,14.16,47.4,126.8,67.2,19.94,,26.8,23.8
2021-08-30 07:00:00,15.08,41.86,22.64,35.59,47.54,14.14,45.08,19.36,44.58,86.9,14.38,16.57,46.8,58.77,39.32,34.61,10.89,27.88,30.42,55.76,26.95,11.32,12.8,109.6,53.26,15.41,79.43,52.41,43.49,38.96,9.73,34.6,57.53,16.42,11.9,19.45,25.85,27.9,23.24,10.24,11.99,43.26,78.82,14.34,47.05,126.9,67.51,20.07,,27.2,24.0
2021-08-31 07:00:00,15.01,44.11,22.35,35.66,49.27,13.72,45.92,19.06,45.74,89.22,14.56,16.48,46.9,60.05,39.16,35.67,10.58,28.23,30.57,55.85,27.13,11.2,12.57,111.58,53.45,15.23,79.73,53.88,43.62,38.78,9.65,35.13,58.62,16.42,11.9,19.45,25.6,27.35,22.91,10.51,11.8,43.31,78.45,14.26,47.05,126.5,67.51,20.07,,27.3,24.1
2021-09-01 07:00:00,15.01,45.15,22.38,36.19,49.1,14.1,45.66,19.2,45.43,88.02,14.84,16.28,46.9,59.51,40.23,36.91,10.46,28.17,30.68,55.76,26.82,11.05,12.57,110.18,53.07,16.23,79.96,52.53,44.59,38.46,10.14,35.4,58.11,16.49,11.64,19.4,25.35,27.2,22.82,10.59,11.84,43.31,78.9,14.18,47.05,125.5,68.05,20.04,,27.9,24.05
2021-09-06 07:00:00,15.04,45.62,22.43,36.99,48.76,15.07,46.32,19.2,44.96,84.02,14.48,16.22,48.17,60.72,40.0,36.17,10.74,29.31,32.83,55.85,27.94,11.1,12.75,108.36,53.45,16.27,80.04,52.71,44.85,39.0,10.09,35.24,58.31,17.14,11.47,19.4,24.85,27.55,23.12,10.86,12.04,43.57,79.93,14.08,47.5,125.7,68.21,19.91,,28.1,24.4
2021-09-07 07:00:00,15.25,45.15,22.78,36.52,47.8,14.34,45.27,19.57,44.46,82.9,13.99,16.9,47.46,59.58,38.56,35.76,10.89,29.03,32.26,55.57,27.71,11.22,12.89,107.28,53.12,15.9,80.04,50.87,44.24,38.87,9.81,34.07,58.11,16.09,11.51,19.45,25.02,27.9,23.45,10.45,12.6,43.57,80.81,14.36,46.95,124.6,67.82,20.69,,27.2,24.55
2021-09-08 07:00:00,15.08,45.81,22.72,35.79,46.85,14.26,44.42,19.26,44.96,82.02,14.05,16.57,47.25,58.97,38.33,35.9,10.91,29.37,33.29,55.57,27.3,11.32,12.75,105.8,53.65,15.82,79.43,51.61,43.27,38.87,9.69,34.23,58.58,15.76,11.47,19.24,26.74,27.3,23.05,10.24,12.49,43.44,79.56,14.38,46.0,124.6,67.11,20.2,,27.1,24.25
2021-09-09 07:00:00,15.22,45.71,22.84,35.79,47.46,14.61,44.82,19.42,44.81,80.74,14.09,16.54,47.3,59.51,39.01,36.77,10.76,29.72,34.4,55.38,27.64,11.32,12.8,108.27,57.26,16.01,78.82,50.51,44.41,40.8,9.85,35.13,58.15,16.24,11.42,19.45,26.56,27.35,23.29,9.97,13.08,43.26,79.41,14.4,45.65,129.0,66.95,20.66,,27.45,24.28
2021-09-10 07:00:00,15.15,45.48,22.75,35.79,48.41,14.38,45.53,19.36,45.47,80.18,13.85,16.77,47.46,59.51,38.71,36.17,10.56,29.49,34.4,55.57,27.67,11.22,12.71,107.45,57.26,15.86,78.89,50.45,44.33,42.38,9.85,35.08,59.17,15.91,11.38,19.45,26.47,27.2,23.29,10.65,12.94,43.22,79.27,14.28,45.65,129.8,67.97,21.05,,28.0,24.49
2021-09-13 07:00:00,14.97,45.62,22.46,35.92,47.2,13.72,44.82,19.08,48.65,80.98,14.09,16.57,47.2,59.51,39.47,34.7,10.28,29.09,33.56,55.66,28.15,10.98,12.57,107.94,60.2,15.82,78.66,49.34,44.15,41.48,9.65,34.33,63.12,15.18,11.21,19.24,26.35,26.9,23.12,10.71,13.19,42.74,78.9,14.12,46.0,128.0,68.52,21.11,,27.9,24.3
2021-09-14 07:00:00,14.78,45.62,22.2,35.79,46.68,13.56,44.36,18.7,49.54,82.18,14.13,16.64,47.61,59.78,39.01,34.98,10.11,28.8,33.52,55.38,28.15,10.71,12.44,111.99,59.96,15.6,78.66,49.34,43.97,40.13,9.36,34.55,64.87,15.47,11.08,19.24,25.68,26.65,22.91,10.84,13.01,42.83,78.9,13.92,46.0,125.8,68.37,20.82,,28.3,24.2
2021-09-15 07:00:00,14.64,45.15,22.26,36.19,46.77,13.95,44.36,18.67,49.85,81.54,13.99,16.57,47.76,61.46,39.01,35.44,10.09,29.54,35.82,55.48,28.12,10.74,12.37,119.76,60.0,15.19,78.74,50.08,44.68,41.44,9.6,34.6,64.87,15.54,11.08,19.32,25.92,26.6,22.86,11.06,13.24,42.3,79.58,13.82,45.7,126.0,67.66,20.82,,28.55,24.4
2021-09-16 07:00:00,14.68,45.15,22.61,35.99,47.11,13.87,44.49,18.96,51.44,79.22,13.83,16.38,48.06,62.2,40.15,35.34,10.23,29.37,36.01,55.38,29.14,10.74,12.53,123.81,59.52,15.82,78.74,50.14,44.76,41.93,9.6,34.6,62.92,15.65,11.3,19.32,25.68,26.75,23.19,10.62,13.38,42.74,77.83,13.84,43.9,126.0,67.89,21.18,,30.0,24.4
2021-09-17 07:00:00,14.82,44.91,22.95,35.79,46.33,13.87,44.56,19.06,55.0,81.78,14.13,16.9,48.57,61.73,39.92,35.48,10.38,29.66,36.01,55.38,28.66,10.88,12.55,120.67,59.23,15.64,78.82,49.04,44.5,41.71,9.56,35.61,62.92,15.69,11.6,19.42,25.98,26.8,23.5,10.68,14.12,42.35,78.9,14.16,43.4,124.9,67.97,21.83,,29.2,24.56
2021-09-20 07:00:00,15.06,43.92,22.89,35.73,46.59,13.6,44.03,19.08,57.18,80.82,14.05,16.44,47.91,59.65,38.63,34.42,10.48,29.37,34.48,55.38,28.8,11.39,12.73,118.19,59.23,15.19,78.66,50.81,43.89,41.03,9.56,34.92,61.86,15.73,11.68,19.45,25.86,27.1,23.95,10.71,13.88,43.39,77.63,15.14,43.35,124.2,69.7,21.99,,29.3,24.99
2021-09-21 07:00:00,14.92,42.52,22.75,36.12,48.15,13.45,44.03,18.88,60.74,80.82,13.91,16.09,47.46,59.24,37.8,33.5,10.42,29.09,35.78,55.29,28.49,11.1,12.62,118.61,59.62,15.78,78.66,50.02,43.54,40.62,9.48,35.13,61.75,15.62,11.47,19.29,25.44,26.8,23.81,10.68,13.84,42.7,75.3,15.54,42.8,123.5,69.78,21.8,,28.4,24.85
2021-09-22 07:00:00,14.82,42.7,22.72,35.86,51.0,13.68,45.22,18.79,64.97,81.46,13.79,16.12,47.3,59.38,38.1,34.06,10.38,29.14,35.7,54.92,28.66,10.98,12.62,121.5,60.53,15.6,78.74,49.65,43.97,41.98,9.6,36.2,61.75,16.45,11.47,19.29,25.26,26.7,23.86,10.71,13.88,43.35,75.79,15.26,43.05,123.3,71.9,21.76,,28.45,24.5
2021-09-23 07:00:00,14.82,42.8,22.64,35.79,49.97,13.6,45.16,18.93,60.43,83.46,13.79,15.79,47.25,60.85,38.1,34.24,10.36,29.2,35.63,54.17,28.66,10.88,12.57,119.85,63.57,15.67,78.66,49.4,44.06,41.57,9.56,35.66,61.83,16.13,11.6,19.34,25.32,26.6,23.71,10.96,14.38,43.35,77.05,14.87,43.55,123.7,71.35,21.83,,28.9,24.84
2021-09-24 07:00:00,15.01,42.8,22.78,35.59,50.83,13.48,45.29,19.0,57.37,82.42,13.65,15.63,47.05,61.12,37.19,34.06,10.4,29.09,34.78,54.64,28.66,10.91,12.94,117.7,62.84,15.53,78.66,49.22,43.89,41.48,9.44,34.71,62.53,15.84,11.68,19.45,25.26,26.75,23.9,11.21,14.4,43.35,77.34,15.12,43.5,125.0,71.27,21.83,,28.5,24.6
2021-09-27 07:00:00,14.78,42.33,22.61,35.33,48.84,13.25,44.03,18.58,57.45,80.02,12.74,15.47,46.75,60.45,36.13,32.77,10.4,29.09,33.71,54.27,28.22,10.71,12.62,111.58,60.68,15.23,78.2,49.22,43.97,41.03,9.4,33.0,62.14,14.89,11.6,19.32,24.17,26.5,23.38,11.12,13.84,42.7,75.98,14.36,43.05,129.0,69.78,21.83,,28.25,24.44
2021-09-28 07:00:00,14.82,41.57,23.01,35.26,50.74,13.45,44.63,18.55,58.92,79.06,13.12,15.5,47.2,63.88,37.19,32.95,10.38,30.12,35.24,54.27,28.39,10.74,12.62,112.41,61.01,15.53,78.36,49.83,44.85,41.93,9.56,34.33,61.4,15.26,11.42,19.37,24.54,26.55,23.53,11.21,14.09,43.22,76.27,14.36,43.25,129.0,70.17,21.76,,28.5,24.31
2021-09-29 07:00:00,14.71,41.76,22.89,35.06,50.14,13.64,45.36,18.22,55.47,78.74,14.03,15.27,47.3,65.02,36.93,33.13,10.36,30.52,35.17,54.27,28.39,10.54,12.53,116.54,61.54,16.15,77.9,49.77,45.64,42.07,9.93,34.65,61.28,15.22,11.25,19.37,24.23,25.8,23.34,11.06,14.33,42.91,75.98,14.14,43.35,128.5,70.41,21.5,,28.3,24.4
2021-09-30 07:00:00,14.8,41.95,22.64,35.06,50.48,13.76,45.09,18.22,58.49,79.94,14.56,15.34,47.2,65.15,37.65,33.04,10.36,30.29,35.63,54.27,28.39,10.52,12.55,117.86,61.54,15.99,77.9,50.14,45.29,44.5,9.89,34.71,61.12,15.29,11.51,19.37,24.56,25.7,23.43,11.09,14.4,42.35,76.08,13.9,44.0,127.9,70.41,21.47,,29.1,24.55
2021-10-01 07:00:00,14.78,41.39,22.26,35.13,50.05,14.34,44.56,17.83,61.59,79.86,15.08,14.85,47.15,69.52,36.96,33.23,10.13,30.57,35.82,53.99,28.18,10.15,12.37,115.71,60.77,15.99,77.9,51.49,45.55,44.64,10.1,35.08,60.26,15.36,11.3,19.37,23.69,24.7,23.15,11.12,14.74,41.78,74.82,13.49,43.85,128.8,70.57,20.82,,28.2,24.57
2021-10-04 07:00:00,14.54,41.86,22.32,34.46,51.44,14.45,46.35,17.2,59.66,79.7,14.84,14.36,48.02,69.85,37.42,34.15,9.83,31.78,37.27,53.99,28.05,9.98,12.21,116.71,60.77,17.08,77.9,52.28,47.22,44.55,10.47,37.16,60.58,15.18,12.2,19.37,23.33,24.3,22.84,10.87,14.54,41.21,75.79,13.08,43.9,131.8,70.88,20.53,,28.25,24.55
2021-10-05 07:00:00,14.78,41.76,22.55,34.4,51.78,14.26,47.34,17.68,58.96,80.02,15.04,14.56,47.91,73.21,36.62,34.52,9.99,31.66,36.66,53.52,28.35,10.2,12.35,116.71,61.06,16.92,79.73,51.49,47.31,43.74,10.55,37.16,62.72,15.26,12.51,19.42,24.41,25.75,23.19,10.9,14.71,41.65,77.15,13.55,44.3,130.8,70.41,20.4,,28.45,24.5
2021-10-06 07:00:00,14.71,41.76,22.61,34.6,52.73,14.72,47.34,17.56,57.95,79.7,15.09,14.49,47.91,76.24,36.43,34.84,9.89,32.12,37.04,53.52,28.66,10.3,12.39,117.53,61.79,17.04,80.19,51.67,47.31,44.23,10.63,38.22,61.9,15.26,,19.56,24.14,25.5,23.76,10.93,14.64,41.65,78.22,13.57,44.3,129.4,70.17,20.07,,29.4,24.53
2021-10-07 07:00:00,14.64,42.33,22.46,35.19,53.51,14.57,46.68,17.59,58.14,79.94,15.19,14.33,47.86,74.56,37.72,35.16,9.83,31.83,36.47,53.61,28.9,10.2,12.46,117.12,61.64,17.35,79.5,52.35,47.4,43.74,10.47,37.95,61.98,15.26,,20.32,24.6,25.5,23.62,10.75,14.54,42.17,77.73,13.51,44.4,128.8,69.78,20.92,,29.3,24.6
2021-10-08 07:00:00,14.75,42.28,22.49,35.26,52.9,14.69,46.55,17.65,58.38,79.78,14.8,14.56,50.2,75.5,38.86,34.65,9.93,31.89,36.51,53.89,29.72,10.2,12.48,120.26,62.03,17.04,79.81,53.33,47.31,44.86,10.3,37.53,63.58,15.47,,20.53,24.69,25.7,23.95,10.59,14.59,42.26,77.63,13.61,44.65,128.9,70.41,21.07,,29.15,24.9
2021-10-11 07:00:00,15.29,41.9,22.95,35.19,53.6,14.69,45.95,18.58,58.84,79.22,14.86,15.14,50.35,75.56,38.71,34.79,10.46,32.75,36.66,53.71,29.79,10.57,12.98,121.5,62.36,16.85,79.43,54.43,48.19,45.99,10.26,37.53,63.7,16.13,13.11,20.53,25.32,26.5,25.04,10.56,14.92,42.48,78.7,14.02,45.95,132.5,70.72,21.6,,30.45,25.4
2021-10-12 07:00:00,15.29,42.04,23.09,35.19,53.51,14.69,46.02,18.46,62.02,78.66,15.15,15.08,50.25,75.23,38.33,34.79,10.42,32.64,37.04,53.99,29.72,10.57,12.96,120.26,63.62,17.08,78.66,54.25,48.28,45.09,10.51,38.54,63.7,15.84,13.07,20.53,25.02,26.6,25.04,10.68,14.78,42.26,78.6,14.2,46.45,132.5,71.04,21.54,,30.8,25.45
2021-10-13 07:00:00,15.29,43.74,22.89,35.19,51.87,14.61,46.35,18.4,62.64,79.62,15.91,15.01,50.45,74.56,38.33,35.07,10.48,32.52,36.85,53.99,29.72,10.59,12.89,118.28,64.48,17.19,78.36,55.53,47.22,45.54,10.34,38.86,62.92,15.84,12.98,21.19,24.78,26.25,24.75,10.62,14.67,42.26,77.73,14.24,46.55,133.9,70.8,21.63,,30.4,25.4
2021-10-14 07:00:00,15.15,43.17,22.69,35.26,51.78,15.27,46.09,18.34,61.17,79.22,16.62,15.34,50.15,74.76,38.86,35.91,10.58,32.52,37.12,53.99,29.89,10.52,12.84,117.45,64.29,17.19,78.13,57.0,47.31,45.54,10.34,38.86,62.53,15.84,12.55,21.28,24.78,26.4,24.8,10.65,14.64,42.13,76.66,14.32,46.25,134.4,70.72,21.68,,30.7,25.2
2021-10-15 07:00:00,15.11,42.56,22.66,35.26,51.69,15.15,45.82,18.37,61.48,78.5,16.92,15.14,50.2,75.23,38.63,35.73,10.46,32.81,38.12,53.99,29.92,10.69,12.8,116.54,63.76,17.23,77.9,55.96,47.05,45.31,10.18,38.86,63.62,15.69,11.92,21.39,24.63,26.85,24.85,10.59,15.07,42.04,76.47,14.43,46.3,131.7,70.72,22.01,,30.5,25.34
2021-10-18 07:00:00,15.01,41.95,22.55,35.26,51.52,14.8,45.16,18.1,60.66,78.34,16.42,15.08,50.25,78.25,39.09,35.4,10.48,33.15,38.19,53.71,30.23,10.49,12.8,118.19,62.94,17.23,77.67,57.62,47.75,44.64,10.22,39.39,62.53,15.29,11.94,21.28,24.69,26.9,24.99,10.4,15.23,41.82,76.66,14.38,46.3,131.2,70.57,22.54,,30.8,25.85
2021-10-19 07:00:00,15.15,41.9,22.98,35.06,53.08,14.8,45.16,18.16,58.92,77.94,17.53,15.4,50.04,76.91,39.09,35.07,10.38,32.75,37.77,53.71,30.4,10.35,12.71,116.54,62.46,17.43,78.36,57.31,48.1,44.19,10.18,39.82,61.94,15.44,12.12,21.28,24.72,26.2,24.9,10.28,15.19,42.0,77.15,14.32,46.2,135.2,70.96,22.59,,30.3,25.68
2021-10-20 07:00:00,15.15,42.14,22.81,35.39,52.3,14.92,45.69,17.98,61.32,78.98,18.08,15.21,49.54,76.91,38.41,35.07,10.21,32.58,37.7,53.99,30.23,10.28,12.71,118.28,62.22,17.89,78.13,59.09,47.31,44.64,10.18,39.87,60.65,15.29,12.25,21.28,24.35,26.3,25.13,10.34,15.26,41.39,76.56,14.4,46.15,135.9,70.72,22.48,,30.95,25.77
2021-10-21 07:00:00,14.9,42.33,22.66,36.85,51.87,14.96,45.42,17.83,62.41,79.38,18.6,15.08,49.08,75.36,38.03,34.7,10.03,32.75,37.85,53.89,30.64,10.2,12.57,115.88,61.16,18.05,77.9,59.27,46.96,44.19,9.97,39.87,59.4,15.18,11.9,21.16,23.99,26.1,24.99,10.34,15.12,40.95,75.69,14.51,45.5,131.8,70.02,22.04,,30.6,25.45
2021-10-22 07:00:00,14.82,43.41,22.55,36.32,52.13,15.27,46.68,17.77,61.75,78.66,18.42,15.21,48.83,75.3,37.72,35.82,10.01,32.46,37.54,53.52,31.08,10.13,12.57,115.8,61.45,18.01,78.89,60.68,46.43,44.64,10.01,40.46,61.16,15.29,11.94,20.96,23.69,26.2,24.71,10.56,14.95,41.08,75.79,14.51,45.9,131.8,71.12,21.83,,30.65,25.5
2021-10-25 07:00:00,14.66,44.87,22.49,36.72,55.76,15.93,46.62,17.92,60.86,78.5,17.83,15.05,48.17,75.23,37.95,36.76,9.99,31.55,36.01,53.52,31.8,10.03,12.44,116.04,61.83,18.28,79.27,60.07,47.49,44.68,10.14,40.46,61.24,15.11,11.66,20.93,23.14,25.6,24.04,10.56,14.54,41.0,76.27,14.22,46.05,131.8,70.8,21.71,,30.4,25.0
2021-10-26 07:00:00,14.59,44.68,22.49,37.78,55.58,16.58,47.01,17.92,60.82,79.06,18.48,15.08,49.18,76.44,38.25,36.9,10.07,32.23,36.51,53.61,31.42,10.11,12.6,115.38,61.64,18.17,78.89,59.03,47.92,44.32,10.22,40.03,60.73,15.54,11.73,20.85,23.45,25.6,24.09,10.47,14.71,40.95,76.47,14.47,46.1,132.5,70.41,21.74,,30.6,25.38
2021-10-27 07:00:00,14.73,47.03,22.89,37.78,56.1,17.2,47.68,18.64,60.39,79.14,18.36,15.27,49.84,81.74,38.79,37.41,10.28,33.15,36.81,53.8,32.76,10.2,12.8,121.33,63.57,18.09,79.35,59.52,48.54,45.94,10.26,40.46,62.49,15.51,11.79,20.9,24.41,26.5,24.33,10.53,14.99,41.87,78.7,14.59,47.5,134.0,71.04,22.27,,31.2,25.46
2021-10-28 07:00:00,14.94,50.13,22.86,39.58,56.71,17.2,47.34,18.76,59.62,81.38,19.39,15.34,49.74,83.96,39.7,37.46,10.42,33.21,36.78,53.89,33.78,10.25,12.84,125.38,63.57,18.4,82.33,58.41,48.1,45.81,10.55,40.46,64.33,16.05,11.82,21.62,24.66,26.7,24.47,10.81,15.37,42.65,78.7,14.63,47.5,133.5,71.2,22.65,,31.0,25.93
2021-10-29 07:00:00,15.48,49.85,23.81,39.84,55.93,17.4,47.61,18.88,59.23,83.06,19.39,14.62,49.18,83.62,39.7,37.22,10.3,32.69,36.32,53.89,34.8,10.11,12.84,124.72,63.28,18.2,83.47,58.84,47.49,46.89,10.47,39.82,62.72,15.98,12.1,21.22,24.47,26.6,24.38,11.09,15.52,42.7,83.07,14.55,47.9,132.0,71.27,22.33,,31.2,25.71
2021-11-01 07:00:00,15.34,49.0,23.98,39.84,55.41,17.75,48.4,19.3,60.35,81.86,19.7,15.14,48.62,81.47,39.16,36.8,10.32,31.89,35.24,55.85,33.44,10.28,12.8,120.26,62.6,18.01,83.7,57.07,47.31,45.58,10.84,38.33,63.31,16.27,12.33,21.28,25.02,26.6,24.38,11.71,15.02,42.26,81.91,14.4,47.9,130.0,70.72,22.04,,31.15,25.69
2021-11-02 07:00:00,15.55,50.51,24.07,40.11,56.02,18.64,47.74,19.42,60.39,82.58,19.47,16.18,48.78,81.68,39.47,39.37,10.44,31.78,35.09,55.57,34.39,10.4,12.8,120.26,62.07,17.93,82.56,58.41,47.66,47.34,10.63,38.49,64.56,16.64,12.38,21.28,25.59,26.65,24.38,11.83,15.16,42.65,82.59,14.73,47.9,132.0,70.1,22.04,,30.85,25.69
2021-11-03 07:00:00,15.88,49.85,24.7,40.51,54.89,17.44,47.34,19.77,59.5,81.62,18.2,16.87,48.78,80.6,38.41,36.76,11.09,31.83,34.44,55.66,32.21,11.1,13.14,120.26,62.03,17.54,80.34,57.31,46.52,47.12,10.43,38.49,67.45,16.38,12.4,21.88,25.2,27.9,25.37,11.18,15.3,43.0,80.55,15.22,47.65,129.8,69.31,22.54,,31.7,25.7
2021-11-04 07:00:00,15.72,49.76,25.25,41.3,54.89,17.75,47.41,19.54,60.62,81.06,18.62,16.61,48.72,78.65,38.63,37.36,11.03,32.23,35.09,55.01,32.38,11.17,13.03,122.24,62.56,17.47,79.43,57.43,46.26,46.89,10.47,37.69,67.14,16.31,13.2,21.5,25.98,27.45,25.18,11.18,15.14,42.87,80.35,15.06,47.5,129.6,69.47,22.3,,31.55,25.65
2021-11-05 07:00:00,15.72,50.79,25.02,41.77,55.33,18.29,48.01,19.6,63.26,80.98,19.9,16.44,49.54,82.21,38.71,37.5,10.89,32.41,35.59,55.57,32.89,11.2,12.91,122.16,63.57,17.93,80.19,58.17,47.31,48.7,10.76,37.85,67.22,16.89,13.63,21.5,25.92,27.65,25.04,11.49,15.05,42.48,79.67,14.95,47.5,130.0,70.1,22.27,,31.2,25.96
2021-11-08 07:00:00,15.67,52.67,25.19,41.83,55.68,19.37,48.14,19.65,63.53,80.98,20.58,16.38,49.44,82.62,39.62,38.07,11.01,32.52,35.28,55.38,32.79,11.37,12.84,125.63,63.37,18.01,79.88,57.07,48.01,48.7,10.84,38.33,67.88,18.05,13.42,21.5,26.89,27.85,24.85,11.74,15.16,42.78,80.06,14.81,47.45,131.8,71.35,22.04,,30.85,25.95
2021-11-09 07:00:00,15.69,52.67,24.67,41.24,56.82,19.22,48.54,19.74,61.63,81.62,20.69,16.57,48.93,80.06,41.37,37.97,11.29,32.35,34.98,55.01,33.03,11.42,12.89,122.16,62.6,18.24,78.66,56.57,47.84,47.79,10.63,38.33,68.0,18.16,12.59,21.5,26.77,28.1,24.71,11.52,15.02,42.3,80.65,14.95,47.45,131.0,70.57,21.74,,30.4,25.69
2021-11-10 07:00:00,15.67,50.98,24.67,41.5,56.55,20.15,48.67,19.48,60.35,80.98,21.37,16.9,49.23,80.87,41.21,38.44,11.42,31.66,34.09,54.92,32.96,11.22,12.89,122.08,63.33,18.98,79.43,54.67,51.17,46.44,10.84,37.69,68.0,18.74,12.59,21.3,27.01,28.45,24.42,11.89,15.23,42.52,80.26,14.91,47.45,129.7,70.49,21.54,,30.9,25.71
2021-11-11 07:00:00,15.48,50.89,24.56,41.5,55.41,21.54,49.2,19.14,60.04,80.74,20.89,17.16,48.72,79.93,40.61,39.19,11.29,30.92,33.33,54.64,33.98,10.91,12.66,121.42,65.01,18.71,80.57,56.33,52.49,47.12,10.68,37.69,67.22,18.6,12.73,21.13,26.68,27.7,24.33,12.7,14.88,42.83,79.19,14.87,47.4,128.6,70.41,21.42,,30.3,25.69
2021-11-12 07:00:00,15.65,51.45,24.79,41.04,55.06,22.94,48.8,19.6,60.28,81.3,20.81,18.33,49.74,79.33,40.0,38.72,11.42,31.26,34.25,54.92,33.78,11.13,12.87,123.65,65.49,18.63,80.95,56.02,52.66,49.55,10.72,38.86,67.22,18.89,12.67,21.28,26.95,28.1,24.8,13.57,15.05,42.78,79.67,15.06,47.25,128.6,70.17,21.57,,30.1,25.89
2021-11-15 07:00:00,15.67,51.92,24.56,39.25,54.97,23.71,48.07,19.48,60.08,82.58,20.81,18.59,49.38,79.86,40.15,37.88,11.76,30.69,33.48,54.73,33.64,11.08,12.89,127.28,67.13,18.79,79.12,55.78,52.75,49.96,11.46,38.38,66.44,18.96,12.67,21.19,27.68,27.95,24.56,14.5,15.21,42.56,81.62,15.08,47.5,127.0,69.94,21.21,,30.2,25.8
2021-11-16 07:00:00,15.55,53.05,24.56,39.84,56.64,22.13,47.61,19.42,60.86,81.7,20.77,18.33,49.89,78.38,41.82,36.8,11.38,29.77,33.02,54.73,32.93,11.22,12.91,125.63,66.41,18.83,78.74,55.47,51.61,48.7,11.63,38.22,66.67,18.09,12.62,21.08,27.04,28.05,24.56,14.47,15.12,42.35,80.65,14.97,47.4,127.9,69.62,21.21,,30.05,25.5
2021-11-17 07:00:00,15.62,55.5,25.02,39.58,56.29,22.55,50.12,19.32,63.38,81.7,20.38,18.0,49.89,78.85,41.14,37.41,11.34,29.43,32.56,54.45,32.96,11.17,12.94,124.39,66.41,18.71,78.82,55.16,54.51,47.97,11.71,38.22,66.63,18.31,12.65,21.08,27.71,28.0,24.66,14.78,14.97,42.7,81.13,15.08,48.15,127.9,69.78,21.21,,30.45,25.52
2021-11-18 07:00:00,15.25,55.68,25.53,39.58,56.29,24.1,49.66,19.26,65.63,80.82,19.23,17.42,48.98,76.44,40.45,37.27,11.52,28.6,30.57,53.99,32.48,10.98,12.75,122.33,66.94,18.59,78.43,54.92,53.54,47.88,12.12,37.26,65.73,19.21,12.35,20.79,29.64,27.65,24.33,15.81,14.86,42.26,80.45,14.87,47.25,126.5,69.15,20.77,,31.1,25.4
2021-11-19 07:00:00,15.69,53.61,25.48,39.44,53.57,22.9,47.68,19.65,65.63,79.86,18.2,18.07,48.37,71.2,37.72,35.26,12.31,27.48,28.73,54.92,31.32,11.03,12.75,121.83,66.94,17.54,78.05,55.59,52.14,46.12,11.54,35.72,65.3,18.78,12.43,20.88,29.31,27.9,24.71,15.93,15.05,42.3,78.22,15.34,47.4,127.8,67.66,21.24,,30.5,25.5
2021-11-22 07:00:00,16.02,50.7,26.14,38.85,52.78,21.31,45.36,20.67,63.92,78.82,18.4,18.0,48.22,68.58,36.55,33.3,13.17,27.85,29.42,55.48,29.34,11.39,13.16,123.9,66.75,16.61,77.98,55.72,49.07,46.89,10.8,34.33,65.66,17.47,12.89,21.13,29.37,28.8,25.08,14.84,16.09,43.04,78.7,16.4,47.4,128.0,67.74,21.54,,29.9,25.25
2021-11-23 07:00:00,15.93,51.73,25.65,39.64,54.71,21.12,45.03,20.43,64.54,78.98,19.51,17.87,49.03,70.26,38.71,35.07,12.97,28.37,29.96,55.76,31.05,11.2,13.03,129.35,68.86,17.35,81.11,55.59,50.03,47.66,11.42,35.51,65.66,18.16,12.73,21.13,31.42,28.5,24.85,14.6,16.85,43.17,80.16,16.48,47.4,132.0,67.82,21.27,,30.15,25.6
2021-11-24 07:00:00,16.58,50.89,26.42,39.25,55.06,20.81,48.14,21.21,64.97,80.82,19.19,19.11,49.69,69.18,38.94,34.79,13.66,27.85,29.08,55.85,32.0,11.9,13.93,129.76,69.35,17.04,81.26,55.41,50.03,47.66,11.26,35.98,65.66,17.87,13.34,22.59,32.15,30.45,26.22,13.97,16.99,45.66,81.33,17.62,47.05,132.2,68.76,21.89,,31.1,26.2
2021-11-25 07:00:00,16.49,51.45,26.02,40.17,55.33,21.7,49.79,21.06,64.85,79.7,19.39,19.01,50.76,69.79,38.71,35.35,13.25,28.2,29.88,56.78,31.87,11.88,13.93,130.18,69.83,17.39,83.25,57.74,50.91,46.94,11.46,35.61,64.48,18.2,13.34,23.45,33.24,30.65,25.93,14.94,17.03,46.66,81.52,17.56,47.0,132.0,68.76,22.3,,30.85,26.2
2021-11-26 07:00:00,16.23,50.79,26.08,39.84,54.54,21.43,49.0,20.55,62.8,79.62,19.9,18.72,50.2,68.51,37.53,34.56,12.78,28.08,30.46,57.71,31.63,11.61,13.66,130.18,68.14,17.51,84.54,58.72,49.86,45.76,11.21,35.66,62.61,17.65,13.34,23.33,32.33,30.85,25.51,14.6,16.44,45.75,80.94,17.7,49.25,129.5,69.39,23.0,,30.4,26.34
2021-11-29 07:00:00,16.02,49.94,25.53,39.25,54.36,22.9,49.53,20.52,61.94,83.14,19.35,18.43,49.79,66.76,37.87,34.42,12.84,27.71,29.8,57.71,31.19,11.2,13.43,126.05,66.22,17.35,84.16,57.62,48.19,44.23,11.13,36.73,61.0,17.36,12.89,22.73,33.42,29.9,24.71,14.47,16.33,44.05,82.39,17.17,52.65,125.0,68.76,22.54,,30.15,26.2
2021-11-30 07:00:00,15.62,50.51,25.48,39.84,53.48,23.02,52.97,20.1,63.34,82.42,19.94,17.81,49.28,66.03,37.8,36.29,12.44,28.03,30.3,54.17,31.7,10.88,13.07,123.32,66.89,17.31,84.01,57.37,47.49,44.14,11.17,37.53,60.18,17.8,12.57,22.65,33.78,28.9,24.47,15.12,15.61,43.09,82.2,16.6,52.5,122.5,68.84,22.12,,29.8,25.8
2021-12-01 07:00:00,15.72,51.36,25.42,39.44,53.57,22.4,52.97,20.37,63.18,81.62,20.65,17.78,49.84,66.16,37.65,36.01,13.05,28.06,30.11,53.52,31.39,11.05,13.3,123.9,66.89,17.39,87.06,57.0,47.66,43.87,11.59,37.21,61.16,18.02,12.59,22.71,33.36,29.9,24.75,15.09,16.7,43.13,80.55,16.91,53.0,120.0,68.76,22.24,,29.7,26.2
2021-12-02 07:00:00,15.58,49.85,25.36,38.98,53.13,22.2,51.58,20.25,63.26,87.3,19.68,18.07,49.33,66.09,37.84,36.15,12.84,27.83,30.19,52.96,31.6,10.88,13.12,125.63,65.97,17.47,87.29,58.11,48.71,43.92,11.71,36.73,62.14,18.02,12.59,22.62,32.63,29.3,24.42,14.91,16.75,43.17,79.97,16.87,53.6,120.4,68.68,21.71,,29.65,26.18
2021-12-03 07:00:00,15.27,46.37,24.1,38.51,50.68,20.92,50.99,19.77,61.44,93.38,18.91,17.55,48.47,64.88,37.19,34.14,12.64,27.31,28.73,52.31,31.42,10.47,12.75,124.81,64.29,17.04,84.77,58.17,46.78,42.38,11.21,35.93,61.36,17.18,12.3,22.02,30.52,28.0,23.71,13.88,16.27,42.7,77.92,16.68,52.75,120.4,67.42,20.95,,28.1,25.5
2021-12-06 07:00:00,15.15,46.09,24.07,37.19,50.42,19.53,50.32,19.24,60.24,94.82,17.9,16.38,47.96,61.79,35.98,33.67,11.86,26.19,26.74,52.4,29.55,9.86,12.39,124.81,63.28,16.77,84.77,58.6,45.38,41.12,11.5,34.65,59.25,16.34,11.79,21.73,30.82,27.0,23.15,12.92,16.27,41.56,77.44,15.97,52.8,120.5,67.03,20.83,,28.0,25.01
2021-12-07 07:00:00,15.46,46.94,25.02,38.18,51.2,20.15,50.99,19.6,63.65,97.62,18.72,16.64,48.72,64.82,36.43,34.23,12.23,27.25,27.66,52.31,30.91,10.18,12.69,125.55,64.29,17.39,85.99,59.95,46.96,42.29,12.29,35.93,59.79,17.03,12.0,22.08,31.54,28.05,23.62,13.14,16.54,42.78,79.29,16.11,53.35,123.0,67.97,20.92,,29.95,25.98
2021-12-08 07:00:00,15.53,47.12,25.25,38.51,50.59,19.92,53.96,19.77,65.51,99.22,18.91,17.35,48.52,65.96,37.15,34.6,12.36,27.02,27.2,52.59,31.25,10.28,12.8,124.89,64.48,17.43,86.99,60.44,47.22,43.56,12.5,35.77,59.76,16.85,12.25,22.59,31.3,28.6,23.62,12.95,17.68,43.0,78.7,16.44,52.95,121.4,67.58,20.98,,30.1,25.5
2021-12-09 07:00:00,15.62,50.42,25.25,38.98,50.68,20.73,57.74,20.22,68.11,101.14,19.39,17.61,49.23,66.29,37.08,34.93,12.54,26.97,27.16,52.68,32.82,10.3,12.87,127.28,64.53,18.63,87.83,60.56,47.49,44.69,12.79,35.93,59.6,17.11,12.27,22.65,32.51,28.85,23.81,13.85,17.72,43.22,79.29,16.72,53.5,123.5,68.37,20.89,,30.45,25.75
2021-12-10 07:00:00,15.67,50.98,25.59,38.78,51.55,21.66,59.53,20.1,68.8,99.62,19.98,17.42,48.62,64.88,36.96,35.07,12.52,26.62,26.43,51.66,32.62,10.37,12.78,127.04,64.58,18.94,86.3,60.5,46.78,44.14,13.45,36.25,59.52,17.0,12.27,22.65,32.03,28.6,23.71,13.66,18.0,43.57,78.6,16.91,51.55,124.5,67.82,21.01,,30.35,25.6
2021-12-13 07:00:00,15.67,52.6,26.11,38.58,51.91,23.17,59.92,20.07,69.39,106.58,19.78,17.19,48.72,65.82,37.12,36.01,12.25,26.65,26.93,52.12,33.85,10.62,12.8,128.94,64.96,18.94,85.61,60.25,47.13,44.69,13.41,36.94,59.52,17.03,12.08,22.73,32.27,28.65,23.62,14.6,17.48,43.39,79.77,16.91,51.6,125.8,67.89,20.77,,30.45,26.0
2021-12-14 07:00:00,15.62,55.82,25.99,39.84,51.29,24.76,58.47,19.89,67.87,107.38,19.98,17.42,48.57,65.96,36.96,35.68,12.07,27.31,28.81,52.22,33.1,10.98,12.73,129.76,65.2,20.07,86.38,56.7,47.84,43.65,13.74,36.57,59.72,17.36,11.87,22.68,31.85,28.1,23.67,14.91,17.48,43.26,79.77,16.83,51.25,124.0,67.82,20.54,,30.2,25.5
2021-12-15 07:00:00,15.67,59.7,25.76,39.98,51.03,24.53,60.39,19.8,67.06,108.66,20.18,17.19,48.67,65.62,38.18,35.31,12.25,27.37,28.73,52.12,32.89,10.93,12.84,133.24,65.44,19.8,87.83,57.62,47.92,43.56,13.32,35.13,59.6,17.8,11.92,22.73,31.24,28.35,23.71,14.94,18.0,43.52,80.26,17.19,50.0,124.0,67.82,20.33,,30.4,25.7
2021-12-16 07:00:00,15.48,63.78,25.76,39.71,50.85,26.23,60.45,19.95,67.45,104.02,19.7,16.9,48.47,66.23,37.57,35.4,12.11,27.2,28.46,52.03,33.03,10.79,12.73,132.41,64.34,20.18,87.83,59.88,48.19,42.51,14.23,35.77,59.01,17.72,11.84,22.68,30.76,28.6,23.55,15.59,17.72,43.17,79.97,17.31,50.0,122.8,68.05,19.78,,30.1,25.35
2021-12-17 07:00:00,15.58,64.35,25.76,40.17,50.5,27.9,60.45,20.23,66.87,98.9,19.74,16.9,48.93,66.5,37.42,35.77,12.03,26.74,27.66,51.66,34.39,10.59,12.71,130.34,64.77,20.11,87.98,58.54,47.66,43.33,14.15,35.98,58.62,17.51,11.87,22.51,31.73,28.3,23.55,15.65,17.75,42.04,82.1,17.25,51.0,122.5,67.34,19.84,,30.8,25.5
2021-12-20 07:00:00,15.53,64.44,25.59,41.3,49.63,29.84,58.8,19.92,64.93,102.82,19.94,17.19,48.62,64.95,36.58,35.17,12.07,26.85,27.35,51.66,34.12,10.49,12.57,134.07,64.05,20.96,88.06,58.54,46.52,42.74,15.1,35.72,58.23,17.25,11.68,22.45,32.33,28.65,23.38,15.34,18.59,43.35,81.13,17.9,49.5,122.1,67.34,20.04,,31.05,25.5
2021-12-21 07:00:00,15.39,64.35,25.13,41.3,49.98,31.89,59.0,19.64,62.37,104.02,21.33,17.39,48.32,63.14,36.17,35.26,11.99,26.39,26.7,51.47,34.26,10.35,12.6,137.87,64.05,20.77,89.05,58.72,46.52,43.01,15.48,36.73,58.19,16.89,11.5,22.48,31.73,28.2,23.27,16.4,18.13,43.09,83.56,17.35,49.05,122.5,67.19,20.04,,31.4,25.36
2021-12-22 07:00:00,15.34,64.72,24.84,40.51,49.54,32.55,59.92,19.43,63.11,102.34,21.37,17.74,48.22,63.94,36.24,36.48,11.38,25.82,26.32,51.19,35.28,10.18,12.46,140.69,64.92,20.88,89.13,57.74,46.34,42.87,15.72,36.73,57.68,17.4,11.12,22.33,30.88,27.65,23.1,17.52,17.75,43.26,83.27,17.11,49.8,122.7,67.11,19.72,,31.5,25.4
2021-12-23 07:00:00,15.25,63.87,25.03,38.85,48.14,30.3,63.37,19.77,61.63,98.66,21.96,18.98,47.3,63.94,35.14,36.48,10.95,25.74,26.89,51.01,35.28,10.03,12.3,141.52,64.34,20.42,86.3,58.11,46.34,42.51,15.31,37.26,57.41,17.91,10.75,22.1,29.61,27.4,22.37,17.3,17.15,43.03,80.16,16.6,48.0,123.9,66.56,19.01,,31.0,25.24
2021-12-24 07:00:00,15.48,62.07,25.39,38.85,49.1,30.22,64.03,20.2,61.98,94.5,21.68,20.28,47.61,64.28,34.72,36.52,11.7,26.37,27.35,51.01,34.8,10.54,12.69,141.52,64.82,20.26,88.9,57.92,46.52,42.96,14.28,38.22,57.45,17.94,11.5,23.59,29.64,28.2,23.1,17.17,18.34,44.16,80.55,17.17,48.25,124.0,67.58,20.1,,31.25,25.3
2021-12-27 07:00:00,15.55,61.6,25.61,39.44,49.19,32.32,66.08,20.5,62.72,92.5,20.81,21.68,47.96,64.41,34.76,36.1,11.72,26.28,27.01,50.82,36.17,10.47,12.69,139.86,64.96,20.42,89.0,57.98,47.49,43.56,15.27,38.27,57.8,18.09,11.5,25.16,29.7,28.1,23.08,18.35,19.04,44.89,80.45,16.99,49.5,125.0,67.66,20.16,,31.3,25.5
2021-12-28 07:00:00,15.79,62.45,25.53,39.78,48.84,34.56,68.8,20.81,62.72,92.74,20.69,23.07,47.96,65.89,34.72,35.4,12.44,26.22,27.51,50.73,35.83,10.54,12.75,141.93,65.4,20.8,87.0,57.68,47.22,43.37,15.19,38.27,57.96,18.02,11.5,25.14,29.49,30.05,23.22,18.23,19.65,45.0,80.45,16.87,49.2,125.2,67.19,20.28,,30.8,25.4
2021-12-29 07:00:00,15.86,60.65,25.53,39.05,48.4,36.97,70.19,20.96,62.02,90.74,19.39,22.23,47.51,65.15,34.88,34.51,12.48,26.22,28.27,50.73,36.17,10.81,12.75,142.34,64.72,20.34,87.0,57.0,47.4,42.28,14.9,37.42,57.96,18.09,11.5,25.74,30.0,29.5,23.19,17.7,19.32,44.72,79.38,17.35,47.75,125.2,66.95,20.39,,30.55,25.5
2021-12-30 07:00:00,15.9,60.65,25.68,39.51,48.31,35.96,71.18,20.75,61.63,91.14,19.94,21.97,47.51,65.15,35.9,34.6,12.48,26.17,28.27,50.26,35.55,10.79,12.82,141.93,64.67,20.46,86.3,57.86,47.4,41.97,14.44,37.21,58.19,19.14,11.44,25.77,31.79,30.5,23.29,17.48,19.04,44.1,79.29,17.4,47.5,126.0,67.03,20.77,,30.5,25.6
2021-12-31 07:00:00,16.19,60.65,26.91,39.78,49.1,35.96,72.51,20.81,62.37,90.42,19.78,21.9,47.2,64.62,35.9,34.56,12.58,26.57,28.65,50.26,34.8,10.83,13.03,141.52,65.44,20.42,91.0,58.35,47.31,43.65,14.48,36.78,59.01,18.81,11.92,26.08,31.3,31.5,23.62,17.05,19.18,44.33,79.67,18.6,47.55,128.3,67.89,21.01,,30.1,25.83
2022-01-04 07:00:00,16.14,62.36,27.13,39.18,49.89,38.44,70.19,21.33,62.13,91.7,20.1,22.03,47.46,68.44,35.98,35.17,12.68,26.77,28.73,50.26,37.12,10.91,13.12,140.69,66.36,21.0,89.0,58.11,49.07,43.78,15.48,37.26,61.36,19.07,12.03,26.08,32.03,32.1,24.04,17.45,19.97,44.44,82.69,18.74,50.5,126.0,68.13,21.16,,31.15,26.2
2022-01-05 07:00:00,15.81,62.55,26.88,39.11,49.63,41.07,70.19,21.33,61.12,92.02,19.78,22.29,47.51,70.53,36.13,35.91,12.44,26.8,28.35,50.17,38.01,10.79,12.94,133.24,66.02,20.61,89.1,57.49,48.89,43.15,15.72,37.79,62.26,19.03,11.76,25.74,31.91,32.55,23.86,17.58,19.62,43.88,81.62,18.66,50.0,123.0,67.74,20.83,,33.3,25.99
2022-01-06 07:00:00,15.83,66.9,27.56,38.85,49.28,42.0,75.09,20.87,60.73,98.42,19.31,22.23,47.46,69.65,35.52,36.1,12.44,26.39,27.43,49.98,38.76,10.54,12.78,127.28,66.22,20.38,88.2,57.49,48.71,42.92,15.93,37.21,61.2,18.89,12.03,25.14,31.36,32.7,23.57,18.01,19.62,44.49,82.88,18.37,52.25,123.8,67.11,20.63,,35.6,25.82
2022-01-07 07:00:00,15.62,71.55,28.43,38.78,48.75,44.87,75.22,20.38,59.75,91.7,18.54,21.71,47.41,72.21,36.55,36.01,12.36,26.22,27.08,50.08,38.62,10.79,12.89,127.45,65.25,20.49,86.4,57.0,49.42,42.6,16.68,36.89,60.65,19.07,11.82,24.28,31.18,31.95,23.36,17.7,19.16,44.89,82.98,18.17,51.1,123.8,66.95,20.31,,34.75,25.85
2022-01-10 07:00:00,15.48,66.62,28.18,38.65,47.96,41.77,70.39,20.44,56.56,86.82,17.27,21.25,46.7,68.51,35.29,35.26,12.07,26.14,27.08,50.08,36.92,10.49,12.66,126.62,64.05,19.41,83.9,57.31,48.28,42.28,15.52,36.25,60.17,19.5,11.39,23.31,29.94,31.6,22.98,17.39,18.9,44.72,82.98,17.9,51.15,123.8,66.87,20.19,,35.0,25.58
2022-01-11 07:00:00,15.36,71.26,28.58,38.38,47.17,43.86,70.52,20.26,55.78,85.54,17.21,21.48,45.43,69.38,34.76,34.42,11.95,25.82,26.51,49.8,36.17,10.45,12.57,119.92,63.47,19.41,84.5,56.76,47.49,42.69,15.43,35.13,60.53,18.6,11.26,22.33,29.07,32.45,22.89,17.58,18.78,44.66,81.23,17.58,50.5,123.8,66.87,20.13,,34.2,25.4
2022-01-12 07:00:00,15.53,75.72,30.57,38.51,47.35,40.84,74.16,20.96,58.47,80.98,17.61,21.97,45.48,72.54,33.66,34.6,12.62,26.45,26.97,49.52,36.65,10.64,13.16,119.92,65.49,19.95,83.8,55.16,48.1,42.06,15.02,35.19,60.49,18.52,11.87,23.45,30.52,34.7,23.81,16.37,20.09,45.0,81.23,18.47,50.4,123.2,66.39,20.77,,36.0,25.21
2022-01-13 07:00:00,15.65,73.82,31.92,39.25,47.35,38.01,70.78,21.58,57.14,82.02,17.09,22.23,46.75,70.53,33.4,33.2,12.56,26.74,27.66,49.52,36.51,10.69,13.39,119.83,65.25,18.86,83.5,55.47,47.57,42.69,13.99,35.19,59.78,17.36,11.9,23.79,29.52,34.3,23.86,15.29,19.69,46.07,79.87,18.33,49.4,122.0,66.39,20.69,,33.8,25.81
2022-01-14 07:00:00,15.5,72.02,32.1,39.11,47.52,35.38,70.85,21.76,56.2,84.82,15.91,22.0,46.34,70.86,32.49,33.39,12.48,26.48,27.16,49.7,36.51,10.59,13.36,119.83,64.53,18.51,82.0,56.27,48.28,42.6,14.65,35.34,60.13,17.51,12.03,23.85,29.43,35.0,23.5,15.96,19.58,46.91,79.87,18.05,49.45,122.0,67.67,20.45,,34.4,25.65
2022-01-17 07:00:00,15.36,67.0,31.66,37.89,46.21,32.94,66.88,21.49,52.3,81.62,15.51,21.38,45.17,70.26,30.74,31.1,11.82,25.59,25.28,49.61,33.98,10.45,13.3,117.52,62.6,17.23,80.0,53.02,47.05,42.42,13.66,34.07,59.38,16.31,11.76,23.73,27.38,32.6,22.96,14.86,18.78,48.49,76.86,17.31,48.5,120.5,66.23,19.4,,32.0,25.0
2022-01-18 07:00:00,15.39,64.44,32.57,37.82,45.24,30.65,65.55,21.21,50.39,84.02,16.58,21.03,44.72,71.87,31.23,29.09,12.05,25.19,25.4,49.43,34.46,10.28,13.48,117.6,62.65,17.16,80.1,53.94,47.4,42.33,12.74,34.07,59.78,15.18,11.02,23.51,25.56,33.9,23.03,13.82,18.17,49.28,74.82,17.07,47.95,124.5,66.63,19.51,,32.4,25.29
2022-01-19 07:00:00,15.48,68.9,31.66,38.64,45.51,28.52,65.62,20.75,53.9,82.66,17.01,21.03,44.82,71.87,31.5,29.74,11.8,24.91,25.28,49.52,35.42,10.3,13.34,122.07,64.29,17.16,80.0,54.55,47.49,42.47,13.28,34.39,59.38,16.16,10.35,23.51,27.32,32.9,23.08,14.02,18.36,48.83,75.4,17.15,47.9,126.3,66.63,19.66,,33.25,25.2
2022-01-20 07:00:00,15.46,71.83,33.88,39.45,45.86,26.54,70.19,21.55,57.65,82.58,17.11,21.19,45.07,72.94,31.92,30.4,11.78,25.19,25.59,50.26,35.28,10.35,13.61,123.47,64.53,17.85,80.2,55.16,47.49,42.83,14.07,34.6,59.38,16.42,10.96,24.13,27.62,33.8,23.08,14.99,18.5,48.99,76.37,17.31,47.5,123.6,66.31,19.92,,33.6,24.95
2022-01-21 07:00:00,15.69,71.36,34.35,39.04,46.03,28.36,72.77,21.82,57.73,81.7,16.93,21.71,44.77,72.14,31.88,30.3,11.91,24.79,24.75,50.26,34.67,10.54,14.33,124.96,64.14,17.93,80.0,55.04,48.1,43.33,13.78,34.92,58.59,16.13,11.02,24.13,26.92,34.6,23.53,15.23,18.69,50.18,77.15,17.74,47.75,122.0,65.99,20.13,,33.1,25.11
2022-01-24 07:00:00,16.11,68.23,34.02,38.84,44.8,26.39,69.72,21.88,54.61,79.22,15.77,21.97,43.29,71.94,31.04,28.2,11.82,23.3,23.02,49.89,33.51,10.45,14.47,118.34,62.56,17.51,78.1,52.35,47.66,43.96,12.83,33.53,57.4,15.0,11.02,24.1,25.05,33.3,23.76,14.19,17.64,52.31,74.04,17.35,47.5,120.5,64.71,19.63,,31.0,24.97
2022-01-25 07:00:00,16.35,72.97,35.54,38.7,45.24,24.57,72.84,22.71,56.24,78.82,16.38,22.68,43.9,73.55,32.64,29.23,12.25,24.76,23.6,50.08,34.05,11.17,14.69,126.62,63.09,17.78,79.0,55.16,47.75,44.01,13.7,34.23,57.4,15.84,11.44,24.56,25.86,34.7,24.52,14.25,18.57,53.89,78.7,18.01,48.0,121.3,63.28,20.48,,33.15,25.18
2022-01-26 07:00:00,16.63,73.16,34.89,39.99,46.47,22.86,71.98,23.11,54.02,78.82,16.14,22.91,43.65,75.36,31.88,28.99,12.52,24.88,23.67,50.08,34.39,11.95,15.01,121.65,63.52,17.39,79.4,53.2,50.03,45.82,13.49,34.55,56.89,15.98,11.87,24.34,25.65,35.55,24.75,13.28,18.31,53.16,78.9,18.53,48.2,121.1,63.68,21.07,,33.9,25.5
2022-01-27 07:00:00,16.37,73.35,34.53,40.4,47.17,21.27,68.0,22.65,52.26,79.62,16.75,22.94,43.6,75.09,32.11,28.71,12.56,24.13,23.21,50.26,34.19,11.9,14.87,117.52,63.33,17.16,79.0,53.63,50.03,45.82,13.57,35.88,58.9,15.98,11.71,23.97,26.23,35.4,24.52,13.08,18.78,51.19,78.7,18.41,48.25,121.1,66.39,20.8,,34.2,25.58
2022-01-28 07:00:00,16.21,75.06,34.78,41.69,47.7,21.7,65.55,22.65,53.83,82.34,16.31,24.34,45.43,73.21,32.64,29.18,12.6,24.16,23.25,50.26,34.12,12.15,15.19,118.34,63.81,17.35,79.9,55.66,49.24,47.18,13.9,36.73,58.86,15.98,12.03,24.16,27.22,35.55,24.94,13.25,19.6,50.06,78.02,18.7,48.5,121.9,66.39,21.51,,34.95,25.74
2022-02-07 07:00:00,16.28,75.53,34.38,42.3,48.66,22.71,63.3,22.28,55.78,82.34,17.3,23.37,45.43,77.04,34.91,30.12,12.68,24.65,24.44,50.36,34.53,12.07,15.23,122.4,64.48,18.17,80.0,55.78,51.52,48.68,14.77,36.52,60.21,16.42,12.35,24.16,27.71,35.6,24.94,13.72,19.48,51.98,79.87,18.62,45.6,130.4,66.71,21.3,,35.5,25.91
2022-02-08 07:00:00,16.77,76.76,34.35,40.67,48.57,21.12,62.57,22.41,57.53,81.06,17.93,23.2,45.98,76.57,35.41,30.86,12.8,26.08,26.13,50.26,34.39,12.1,15.23,120.41,65.64,18.32,79.2,54.55,51.61,47.64,14.81,36.94,61.28,16.71,12.41,23.48,27.59,35.85,25.41,13.68,19.62,51.75,78.9,18.88,43.65,131.5,65.51,21.89,,35.5,26.1
2022-02-09 07:00:00,16.7,76.57,35.11,41.08,49.01,21.39,64.23,22.32,57.34,80.82,17.77,22.62,46.04,73.88,36.81,30.96,12.88,27.08,27.93,50.26,36.24,11.95,15.01,121.32,65.97,18.48,79.0,55.66,52.14,46.87,14.73,37.1,60.88,16.71,12.89,23.6,27.62,35.05,25.32,14.12,19.39,51.08,79.19,18.84,42.85,135.0,66.15,21.77,,35.9,26.3
2022-02-10 07:00:00,16.68,76.57,35.11,41.01,48.57,22.05,64.23,22.56,55.78,82.98,18.25,22.75,46.7,75.23,36.24,31.42,12.84,26.91,27.89,50.26,36.03,12.15,15.21,123.81,65.64,18.51,78.5,55.16,53.1,46.87,15.35,36.3,62.15,16.71,12.62,23.73,27.25,34.75,25.32,14.09,19.25,51.36,77.83,18.72,42.0,133.0,66.07,21.54,,36.0,26.17
2022-02-11 07:00:00,16.75,74.96,34.75,40.67,48.31,20.81,62.9,22.59,56.95,81.22,18.84,23.27,46.49,74.56,36.7,31.75,12.72,27.0,28.42,51.19,36.03,12.58,15.3,123.97,65.16,18.51,78.1,55.23,52.14,47.55,15.14,36.36,63.18,16.6,12.62,23.51,27.25,35.3,25.37,13.88,20.02,50.63,77.44,18.76,40.85,132.8,65.51,21.48,,34.6,26.08
2022-02-14 07:00:00,15.95,74.77,32.46,39.86,47.52,20.34,61.45,21.24,55.04,79.7,18.54,23.76,46.19,77.91,37.12,31.14,11.91,26.45,27.81,50.92,35.96,11.71,14.42,125.46,63.57,18.48,78.0,54.86,52.84,47.46,14.65,35.93,66.47,16.31,11.76,22.5,26.35,32.85,24.33,13.62,18.69,48.38,75.88,18.05,40.9,140.0,64.79,20.54,,33.0,26.0
2022-02-15 07:00:00,16.19,77.71,33.51,39.92,48.05,21.16,61.25,21.46,55.15,80.98,18.9,24.21,46.24,78.85,37.12,31.19,12.03,26.34,27.54,50.92,36.51,11.95,14.74,132.83,64.19,18.48,79.0,55.16,51.79,47.86,14.98,36.36,67.3,16.31,12.06,22.87,26.71,33.5,24.47,13.92,19.04,48.94,77.73,18.17,41.85,139.2,64.87,21.1,,34.0,25.69
2022-02-16 07:00:00,16.04,77.52,32.75,39.99,50.33,22.63,62.44,21.27,55.78,81.46,19.63,23.27,46.34,76.91,37.49,31.56,11.93,26.34,27.93,50.92,36.71,11.81,14.72,130.84,64.0,18.79,78.1,55.29,51.79,48.23,15.06,38.49,66.66,16.71,12.08,22.62,27.13,33.6,24.38,14.66,18.87,48.94,77.73,17.94,41.45,139.2,64.24,20.92,,34.3,25.91
2022-02-17 07:00:00,16.09,80.08,33.37,40.19,49.89,22.63,62.9,21.42,57.34,81.54,19.47,23.46,47.1,79.73,38.86,31.8,12.13,26.62,28.04,51.01,37.46,11.81,14.96,134.9,64.77,18.71,79.0,56.39,52.66,48.95,15.39,38.06,67.5,16.71,12.03,22.31,27.19,33.9,24.66,14.59,19.23,49.22,78.51,18.41,41.55,141.6,64.56,21.3,,34.45,25.95
2022-02-18 07:00:00,15.88,79.32,32.42,41.69,50.24,24.18,62.24,21.24,58.97,87.14,19.92,23.37,46.8,78.59,39.39,31.42,12.03,26.94,28.54,50.92,36.85,11.47,14.72,135.14,64.53,18.75,78.5,55.9,52.49,48.55,15.35,38.59,67.06,16.64,11.92,22.25,27.32,33.35,24.38,15.09,19.06,49.05,77.44,18.43,41.1,149.0,64.4,21.07,,33.6,25.75
2022-02-21 07:00:00,16.14,78.09,32.82,42.91,50.15,25.85,62.77,21.12,59.09,92.02,19.71,22.94,47.46,77.78,38.86,32.36,12.07,26.71,28.16,50.92,36.99,11.49,14.72,132.66,64.48,19.1,78.5,55.9,52.58,48.32,15.23,38.54,67.14,16.71,11.92,22.31,27.8,33.2,24.33,15.19,19.11,49.16,77.73,18.33,41.8,146.0,64.71,21.07,,34.1,25.9
2022-02-22 07:00:00,16.28,77.42,33.37,43.52,49.36,26.12,63.63,21.24,59.68,91.22,19.23,22.75,47.15,78.25,39.62,32.03,12.05,26.57,27.43,50.64,36.78,11.49,15.5,130.34,66.31,18.59,78.1,55.04,54.42,49.91,14.73,38.11,66.66,16.56,11.79,22.13,27.19,33.7,24.28,14.72,19.39,48.83,77.05,18.29,41.0,142.8,63.92,20.86,,34.5,25.9
2022-02-23 07:00:00,16.23,78.84,33.08,44.4,50.5,27.16,65.09,21.39,61.24,92.02,20.56,21.45,47.2,78.59,39.54,32.03,12.09,26.74,28.0,51.19,36.92,11.47,15.48,130.1,66.36,18.51,77.4,55.16,54.86,49.72,15.02,39.66,67.22,17.14,11.82,22.4,27.38,33.6,24.42,14.76,19.9,48.88,77.15,18.45,41.25,148.2,63.92,21.07,,34.9,25.78
2022-02-24 07:00:00,16.16,78.56,32.35,43.45,51.73,25.96,64.3,20.78,63.15,90.18,21.98,21.84,46.7,79.93,39.01,31.52,11.74,26.34,27.24,51.01,36.03,11.08,15.32,132.0,65.88,17.54,76.0,54.31,55.65,49.45,14.69,39.12,67.18,16.53,11.6,22.25,26.95,32.9,23.86,14.29,19.27,47.98,76.37,18.43,40.05,148.0,62.8,21.65,,34.0,25.4
2022-02-25 07:00:00,16.11,77.8,32.32,43.58,51.73,25.5,65.16,20.78,63.11,91.06,21.86,22.68,46.85,78.72,38.33,31.8,11.93,26.28,27.47,50.64,36.37,11.2,15.37,130.76,66.26,17.62,76.3,53.63,54.77,48.91,14.77,39.39,67.14,16.64,11.66,22.31,27.62,33.0,23.95,14.45,19.6,47.87,76.08,18.64,39.55,145.1,63.04,22.42,,34.0,25.5
2022-02-28 07:00:00,15.9,74.86,31.7,43.45,51.82,24.95,64.1,20.35,63.62,90.02,23.36,22.0,47.36,79.26,37.72,31.94,11.74,27.02,29.38,50.26,36.1,11.0,15.5,129.1,65.49,17.85,75.3,52.1,54.68,46.73,14.36,40.24,67.22,16.42,11.58,21.76,27.62,32.85,23.81,14.32,19.74,47.53,75.3,18.45,38.5,140.1,62.64,22.3,,33.5,25.8
2022-03-01 07:00:00,15.88,72.88,31.99,42.91,52.43,25.88,63.43,20.44,63.66,89.7,23.04,22.0,47.41,79.06,37.95,33.39,11.64,26.85,29.88,50.26,36.92,10.81,15.32,129.52,65.49,18.01,75.4,51.79,53.8,47.64,14.44,39.76,66.5,16.71,11.5,22.68,27.8,32.65,23.76,14.49,20.0,47.81,75.79,18.49,39.6,140.9,63.28,22.15,,33.5,25.6
2022-03-02 07:00:00,15.43,74.39,30.79,41.21,51.73,25.5,61.25,19.64,64.75,94.42,24.26,20.8,47.25,80.06,38.63,33.11,11.15,26.85,30.38,50.17,36.65,10.45,14.65,129.93,64.77,17.82,76.4,53.45,53.98,46.91,14.44,39.39,67.5,16.71,11.23,23.23,27.07,31.25,23.24,14.19,19.37,47.81,75.3,18.01,39.45,145.0,62.72,21.42,,32.8,25.4
2022-03-03 07:00:00,15.69,75.81,31.05,42.16,51.73,25.3,59.66,20.01,69.27,94.34,24.17,20.83,47.41,81.07,41.29,33.95,11.52,28.69,32.26,50.26,37.26,10.81,14.92,131.67,65.73,17.78,78.0,53.94,55.12,47.18,14.23,40.3,66.74,17.87,11.28,23.27,27.5,31.85,23.45,14.35,19.39,48.09,75.79,18.09,39.5,143.4,62.64,21.98,,32.7,25.68
2022-03-04 07:00:00,16.09,74.77,31.41,42.36,52.34,25.96,61.58,20.1,69.27,92.82,24.46,20.47,47.46,79.26,41.75,33.67,11.42,28.51,31.26,50.26,37.26,10.86,14.83,133.49,65.4,17.78,77.0,55.47,53.63,48.18,14.32,39.87,63.91,17.87,11.42,23.36,28.16,32.0,23.6,14.82,19.04,47.76,75.69,18.01,39.5,139.4,62.24,22.36,,33.75,25.7
2022-03-07 07:00:00,15.6,72.59,30.65,41.14,51.64,25.77,59.92,19.74,74.07,93.38,26.16,21.68,47.61,83.69,42.5,34.37,11.17,29.26,32.52,50.08,36.71,10.69,14.51,130.92,64.63,18.32,76.0,54.86,55.56,49.28,14.11,39.28,61.75,18.52,11.26,23.23,28.28,31.5,23.27,14.96,18.22,47.76,74.04,17.66,39.25,134.2,61.36,22.12,,32.9,25.6
2022-03-08 07:00:00,15.29,70.89,30.18,40.53,51.2,24.1,58.93,19.68,70.99,91.62,25.15,21.55,48.12,81.07,39.92,33.95,11.15,28.31,30.95,50.08,35.55,10.69,13.97,131.42,64.63,17.85,76.0,53.39,53.8,48.36,14.23,38.59,62.15,17.83,11.2,23.17,28.4,30.85,23.15,14.62,18.13,45.84,72.48,17.54,38.95,137.0,60.8,21.71,,32.5,25.3
2022-03-09 07:00:00,15.34,67.76,29.38,41.69,49.45,23.48,56.81,19.64,73.72,91.62,26.49,22.59,48.47,82.08,42.66,33.67,11.01,28.54,31.76,51.19,34.94,10.69,13.86,128.69,64.43,17.78,76.5,53.94,55.3,50.42,13.86,37.85,61.91,17.47,11.23,23.05,28.16,31.1,23.19,14.39,18.13,46.69,71.9,17.5,39.0,140.0,60.0,21.63,,31.6,25.0
2022-03-10 07:00:00,15.43,69.56,29.7,41.35,50.33,23.91,56.28,19.71,72.94,91.54,25.92,22.29,48.02,79.59,41.75,33.25,10.99,28.14,31.37,50.73,35.14,10.81,13.99,124.14,64.29,17.7,77.0,54.0,53.8,49.42,13.74,38.17,62.71,17.72,11.26,23.05,28.16,31.55,23.27,14.45,18.22,46.97,73.07,17.46,39.55,139.0,61.6,21.57,,32.0,25.15
2022-03-11 07:00:00,15.34,68.61,30.36,40.53,49.98,23.06,56.28,19.8,73.37,89.54,26.93,23.01,47.3,75.83,42.28,32.27,11.13,27.25,30.38,50.64,34.8,10.76,14.17,117.93,64.05,17.51,77.2,53.76,50.91,47.68,13.37,38.43,61.51,17.22,11.26,23.05,27.19,32.05,23.1,14.09,18.06,47.14,72.87,17.19,39.5,138.5,62.32,21.36,,31.85,24.99
2022-03-14 07:00:00,15.34,67.0,29.96,39.99,48.31,22.47,57.01,19.58,70.21,87.46,25.07,23.79,46.59,71.2,39.39,31.19,11.05,26.22,29.11,50.64,34.26,10.62,14.26,112.63,63.42,17.47,76.5,53.63,49.07,44.94,12.95,38.8,61.51,16.71,11.68,22.99,26.11,32.5,22.91,13.48,18.31,47.36,72.39,16.91,39.15,145.0,61.68,21.13,,32.0,24.5
2022-03-15 07:00:00,15.39,68.7,30.54,40.67,48.31,23.6,57.87,19.61,69.7,86.98,25.27,24.05,46.19,72.54,39.77,31.66,11.09,26.42,28.5,50.54,34.12,10.71,14.24,116.77,63.28,17.54,76.6,52.9,49.15,46.95,13.57,38.33,60.43,16.71,11.6,23.05,26.17,32.7,22.96,13.68,18.64,45.62,72.39,17.01,39.15,148.0,61.68,21.65,,31.75,24.7
2022-03-16 07:00:00,15.39,70.13,30.18,40.53,49.28,23.79,57.48,19.64,73.72,86.98,25.59,24.34,46.49,73.35,40.61,31.52,11.07,26.45,28.62,50.45,34.53,10.76,14.47,116.27,63.28,17.54,77.4,52.59,49.33,46.9,13.49,37.9,61.51,16.71,11.63,23.17,26.47,32.9,23.17,13.75,18.57,46.41,72.1,17.33,39.05,147.0,61.76,21.6,,31.75,24.84
2022-03-17 07:00:00,15.39,70.13,31.55,40.6,49.28,23.68,57.74,20.07,72.39,87.22,24.54,23.95,46.7,71.2,40.23,31.61,11.21,26.31,28.08,50.26,35.08,10.86,14.54,114.21,62.99,17.51,76.6,52.96,48.98,47.0,13.49,38.22,61.51,16.85,11.82,23.23,26.47,32.8,23.15,13.92,18.5,46.69,71.9,17.38,39.2,145.0,61.04,21.39,,32.25,24.86
2022-03-18 07:00:00,15.39,72.02,31.84,40.13,49.19,23.91,57.61,20.14,73.76,87.06,25.35,23.4,48.27,73.15,40.91,31.8,11.25,26.62,29.0,48.87,34.8,10.81,14.47,113.13,63.37,17.66,77.1,52.1,49.07,47.22,13.32,38.22,60.51,16.71,11.58,23.27,26.47,33.1,23.24,13.88,18.45,47.36,72.48,17.42,39.4,148.2,60.72,21.27,,33.0,25.0
2022-03-21 07:00:00,15.46,72.88,31.77,40.06,51.29,24.76,57.21,20.17,77.81,88.1,25.31,23.53,48.37,76.57,41.29,32.36,11.54,26.82,29.27,50.73,36.37,10.88,14.51,120.0,64.96,17.7,82.4,55.72,49.15,48.18,13.41,38.33,60.79,16.92,11.84,23.27,26.77,33.1,23.36,14.29,18.64,47.76,75.3,17.62,40.5,143.3,62.0,21.6,,33.2,25.28
2022-03-22 07:00:00,15.62,71.83,31.55,40.06,51.29,26.47,57.94,20.26,83.24,86.02,26.77,23.56,48.93,77.24,41.44,32.41,11.54,26.85,29.73,50.45,36.03,11.13,14.63,122.9,65.11,17.66,84.1,55.96,49.86,48.82,13.66,39.44,61.51,17.0,11.79,23.54,26.8,34.05,23.57,14.15,18.92,47.76,75.79,17.74,41.1,140.8,61.44,21.63,,33.2,25.41
2022-03-23 07:00:00,15.58,71.74,31.48,40.4,51.73,26.12,60.26,20.17,88.58,88.34,27.99,24.02,48.98,75.43,40.68,33.11,11.42,26.8,29.08,50.17,36.17,11.03,14.49,121.65,65.01,18.01,83.8,55.35,49.15,47.96,13.99,39.66,62.91,16.85,11.74,23.48,26.71,34.0,23.43,14.09,18.71,47.76,75.01,17.7,40.7,141.0,60.8,21.51,,32.85,25.27
2022-03-24 07:00:00,15.43,70.69,31.26,41.35,51.55,26.04,61.25,19.98,86.78,89.06,28.15,23.56,48.72,75.43,42.35,32.64,11.46,26.57,28.77,50.26,36.24,10.96,14.44,121.32,64.53,18.13,82.8,57.56,49.15,48.82,13.9,42.42,63.03,16.96,11.76,23.42,26.47,33.65,23.29,14.25,18.73,46.97,73.55,17.58,40.5,144.0,60.4,21.33,,32.8,25.15
2022-03-25 07:00:00,15.34,70.03,31.52,41.89,51.29,25.46,60.79,19.77,87.76,89.06,29.49,23.92,48.57,74.35,41.59,32.45,11.4,26.57,29.0,50.17,36.37,10.83,14.33,121.16,66.89,17.97,83.6,57.74,49.15,49.37,13.74,42.05,62.91,17.43,11.76,23.42,26.26,33.65,23.27,14.69,18.64,46.41,73.75,17.5,40.5,143.0,60.08,21.57,,32.7,25.18
2022-03-28 07:00:00,15.18,68.7,30.18,41.01,51.29,23.87,60.12,19.52,91.62,89.22,29.98,23.89,49.79,74.22,42.73,31.66,11.17,26.28,28.96,49.98,36.1,10.62,14.2,120.5,69.35,17.78,82.5,57.0,49.15,49.37,13.28,42.53,62.95,17.43,11.44,23.14,25.53,31.85,23.05,14.09,18.43,46.35,72.78,17.29,40.25,140.8,58.64,21.27,,32.0,25.13
2022-03-29 07:00:00,15.18,68.23,30.76,41.14,53.83,25.03,64.3,19.64,89.12,89.62,29.73,24.37,53.24,75.16,44.78,32.27,11.23,26.25,28.77,50.08,36.44,10.71,14.42,119.17,70.55,18.17,82.5,56.39,49.5,50.42,13.45,42.85,63.11,17.98,11.58,22.44,25.77,32.3,23.1,14.35,18.83,46.07,74.33,17.66,40.4,142.9,60.32,21.36,,32.55,25.14
2022-03-30 07:00:00,15.29,68.23,31.59,41.01,54.1,23.44,64.69,19.68,90.49,88.82,27.66,24.31,53.8,73.95,43.64,31.66,11.54,26.05,27.81,49.98,35.89,10.64,14.72,119.17,69.54,18.36,80.0,55.59,48.28,49.42,13.2,43.33,63.07,17.47,11.63,23.39,25.56,32.25,23.22,13.65,18.69,46.13,73.65,18.49,40.55,140.5,60.88,21.6,,32.5,25.15
2022-03-31 07:00:00,15.5,69.56,31.55,41.62,53.92,23.71,63.96,19.92,88.93,88.98,27.14,23.98,54.31,72.74,44.33,31.8,11.56,25.82,26.82,50.08,36.03,10.52,14.85,117.68,70.21,18.94,80.1,54.86,48.45,50.42,13.12,43.49,63.51,17.43,11.44,23.39,25.38,31.7,23.41,13.55,18.76,46.18,73.65,18.51,40.6,140.5,64.63,21.83,,33.45,25.3
2022-04-01 07:00:00,15.67,68.7,32.17,44.19,55.59,25.19,65.02,20.29,88.93,90.38,27.99,24.18,56.34,73.68,44.02,32.31,12.01,26.17,27.39,50.08,36.58,10.66,15.01,121.24,75.12,18.9,82.6,56.82,48.36,53.48,13.24,44.77,66.03,17.65,11.82,23.66,25.92,32.2,23.76,13.88,19.27,46.58,74.04,18.84,41.05,140.9,65.27,22.65,,34.05,25.88
2022-04-04 07:00:00,15.72,69.94,32.1,43.79,55.76,24.45,65.55,20.17,86.2,91.13,26.04,23.85,55.48,75.5,44.71,34.14,11.86,26.25,27.31,50.64,36.03,10.64,14.87,124.14,74.64,18.66,86.5,56.94,49.33,53.2,13.41,43.92,66.5,17.61,11.6,23.7,27.19,32.2,23.45,13.82,19.27,46.46,74.14,18.8,41.35,142.9,65.67,22.89,,34.05,26.1
2022-04-05 07:00:00,15.48,70.41,31.41,43.04,55.94,24.45,62.9,19.86,83.86,89.23,26.45,23.59,55.32,76.77,45.16,34.04,11.72,26.39,27.31,50.45,35.49,11.07,14.72,125.46,74.74,18.78,87.7,57.0,49.24,53.75,13.53,43.65,66.39,17.43,11.39,23.63,26.77,31.8,23.17,13.65,19.06,46.69,74.23,18.43,41.15,141.5,64.24,22.48,,33.65,25.9
2022-04-06 07:00:00,15.58,70.6,31.55,42.91,57.17,24.8,58.86,20.01,84.56,88.23,25.19,23.69,57.35,76.37,44.1,34.6,11.82,27.05,27.54,50.36,34.8,11.2,15.03,127.28,76.47,19.43,86.3,57.0,49.15,53.89,13.57,45.09,67.7,17.36,11.42,23.63,26.95,32.35,23.57,13.55,19.23,47.59,74.14,18.64,40.25,141.0,63.36,23.44,,33.6,25.8
2022-04-07 07:00:00,15.76,68.8,31.23,43.11,56.46,24.41,56.94,19.98,86.98,88.15,26.24,23.43,57.51,75.77,42.66,33.95,11.78,26.65,27.05,50.17,34.87,10.94,15.19,124.96,74.64,19.43,84.6,56.76,49.68,52.52,13.78,43.12,66.5,16.64,11.04,23.45,26.62,31.9,23.29,13.28,19.16,46.69,72.87,18.37,39.75,137.0,62.72,23.36,,32.65,25.76
2022-04-08 07:00:00,15.88,70.13,30.39,41.82,55.68,23.71,56.94,19.68,84.25,87.74,25.88,22.81,55.07,74.02,41.59,32.59,11.52,26.57,25.17,49.8,34.73,10.8,14.96,122.9,72.24,19.19,85.4,55.78,49.33,52.24,13.41,43.54,65.59,16.42,10.7,23.23,25.98,31.0,23.08,12.74,18.78,46.69,72.97,17.7,40.85,138.4,61.76,22.77,,32.2,25.88
2022-04-12 07:00:00,15.69,70.13,29.34,41.55,52.61,22.09,52.97,19.03,84.25,84.27,26.45,21.97,55.73,73.15,39.54,30.86,11.34,25.82,25.13,49.8,34.19,10.51,14.54,124.48,73.54,18.62,85.0,55.16,47.92,51.28,12.91,42.11,65.23,15.98,10.16,23.36,25.26,30.8,22.68,12.61,17.78,46.35,70.93,17.38,40.65,138.0,61.36,22.89,,31.1,25.9
2022-04-13 07:00:00,15.79,71.83,29.67,41.89,55.5,22.47,50.46,19.34,90.14,84.93,27.58,22.16,58.42,73.95,42.28,32.27,11.42,25.88,25.36,49.33,34.53,10.75,14.69,125.97,75.22,18.54,86.5,55.78,48.01,52.93,12.99,43.17,65.31,16.24,10.48,23.39,25.71,31.35,22.68,12.68,18.69,46.35,71.03,17.7,41.1,138.1,61.68,22.89,,31.85,25.9
2022-04-14 07:00:00,15.86,72.78,29.38,42.84,54.8,22.47,49.66,19.15,96.42,84.35,29.29,21.97,59.18,74.96,42.88,32.31,11.13,25.71,25.44,49.24,34.19,10.64,14.56,124.78,76.81,18.66,85.0,54.86,48.01,53.38,12.87,43.65,66.67,16.24,10.51,23.45,25.38,30.8,22.34,12.54,18.24,45.56,70.25,17.6,40.85,136.9,60.96,23.18,,31.85,25.52
2022-04-15 07:00:00,15.74,74.86,28.51,43.24,58.57,22.94,46.22,19.03,96.73,84.19,28.68,21.64,58.37,77.31,43.49,33.67,10.72,25.31,25.44,49.8,33.78,10.61,14.15,124.09,77.15,19.23,84.1,53.08,48.01,53.43,12.17,46.31,67.34,16.42,10.4,23.36,24.17,30.1,21.54,12.11,17.45,45.11,69.08,17.23,40.35,135.9,61.12,22.59,,31.5,25.5
2022-04-18 07:00:00,15.39,75.62,27.53,42.84,58.57,21.78,43.04,17.92,95.56,84.27,29.2,20.57,58.62,77.44,42.58,34.42,10.6,24.42,23.83,49.33,33.64,9.94,13.66,123.09,77.15,20.08,82.2,53.82,46.43,56.35,12.0,47.16,67.9,16.09,10.4,23.2,22.66,29.0,21.19,11.27,17.71,43.71,67.82,16.99,39.75,138.3,61.52,21.51,,31.35,25.3
2022-04-19 07:00:00,14.85,75.72,27.53,42.97,57.6,20.27,43.77,17.65,99.38,84.27,30.46,20.38,56.85,76.5,43.64,32.73,10.56,24.79,23.21,49.43,34.19,9.27,13.21,119.62,75.12,19.67,82.0,52.59,44.76,54.25,11.17,45.55,67.46,14.96,9.71,23.14,21.15,27.5,20.64,10.5,16.91,43.71,66.95,16.72,39.4,143.1,60.72,21.01,,30.85,24.95
2022-04-20 07:00:00,14.97,72.5,27.53,42.57,56.11,18.87,42.38,17.62,94.78,83.94,28.39,20.34,56.85,71.6,42.2,30.44,10.5,24.73,23.06,49.43,34.05,8.62,13.3,123.39,75.12,19.55,81.4,53.09,45.03,54.25,10.8,43.07,68.7,13.95,9.04,23.2,21.27,27.55,20.34,10.46,16.59,44.1,64.9,16.26,39.65,142.0,60.4,20.66,,30.65,24.8
2022-04-21 07:00:00,14.78,69.18,27.93,42.57,58.31,17.55,40.52,17.8,96.34,83.94,29.04,19.95,56.85,70.53,42.2,28.53,10.15,24.82,23.06,48.96,32.76,8.76,13.52,122.1,74.88,18.7,80.1,53.01,44.15,54.3,11.01,43.5,67.78,13.95,8.66,23.33,21.78,27.65,20.6,10.33,16.26,44.1,62.18,16.52,38.75,136.5,59.92,20.83,,30.5,24.99
2022-04-22 07:00:00,15.15,71.55,27.93,42.3,55.24,18.52,37.74,18.05,92.83,84.02,27.01,20.67,56.39,75.43,39.77,27.59,10.26,25.08,23.14,48.86,33.44,8.97,13.52,122.4,75.03,18.21,81.0,54.26,43.97,52.47,11.05,41.24,68.02,14.13,8.77,23.2,21.78,28.8,20.83,10.63,16.45,46.24,62.86,16.72,38.85,138.2,60.64,21.6,,30.9,24.8
2022-04-25 07:00:00,14.31,72.5,26.0,39.92,51.38,17.24,36.35,16.79,86.36,79.31,25.15,19.69,52.48,70.19,37.0,25.67,9.6,23.33,21.53,48.3,31.39,8.36,12.66,115.15,69.78,16.96,80.1,51.84,40.9,48.82,10.3,38.39,63.27,13.15,8.26,21.82,20.27,26.8,19.39,9.89,16.12,46.01,61.21,15.71,38.1,131.0,58.72,20.1,,29.05,23.08
2022-04-26 07:00:00,14.5,74.2,26.77,40.67,54.27,17.82,38.87,16.97,86.98,82.37,26.73,19.99,52.94,73.21,39.09,26.65,9.99,23.59,21.76,48.48,32.04,8.71,13.23,115.15,71.66,18.13,81.0,52.42,41.96,49.0,10.76,39.79,67.5,13.44,8.45,22.4,20.85,27.4,19.6,10.43,16.33,45.28,63.16,16.17,39.0,129.0,60.64,21.36,,31.05,23.55
2022-04-27 07:00:00,14.5,74.11,26.98,40.74,53.92,17.75,38.94,17.37,88.54,82.04,26.16,20.02,52.28,74.56,40.45,27.22,10.19,24.33,22.14,48.96,32.07,8.73,13.39,118.13,70.89,18.13,81.3,51.84,42.39,48.82,10.72,39.84,67.5,13.51,8.66,22.77,20.79,28.2,19.65,10.66,16.26,45.84,63.16,16.44,39.0,129.0,59.92,21.1,,30.5,24.0
2022-04-28 07:00:00,14.54,78.66,26.62,41.69,52.61,17.9,38.4,17.31,88.93,82.53,26.93,19.5,53.55,72.34,40.83,26.89,10.28,24.68,21.72,48.96,32.07,8.68,13.27,115.65,69.83,17.81,81.7,51.84,41.96,48.46,10.59,42.59,65.91,13.29,8.66,22.9,20.24,27.7,19.98,10.53,15.7,45.84,62.67,16.28,38.95,129.0,59.36,21.42,,29.85,23.89
2022-04-29 07:00:00,15.34,81.4,27.02,41.75,54.45,18.29,36.75,17.04,93.96,83.52,27.34,19.5,53.29,71.2,41.29,26.98,10.32,24.79,21.68,48.86,32.69,8.81,13.43,115.15,71.85,18.17,82.0,51.92,42.13,49.28,10.88,44.36,64.75,13.8,8.72,22.59,20.27,27.7,20.79,10.8,15.7,45.51,63.16,16.91,40.0,129.9,59.28,21.54,,30.9,23.96
2022-05-04 07:00:00,14.9,79.6,27.02,41.14,55.24,17.44,38.27,16.58,93.38,82.2,25.43,19.08,53.04,72.54,42.88,26.23,10.11,24.05,20.19,48.86,31.73,9.03,13.03,112.27,71.99,18.7,80.5,51.42,42.7,49.42,11.63,44.69,65.31,14.16,8.93,22.28,19.34,26.75,19.84,10.46,14.95,44.94,62.67,15.89,39.85,130.3,57.92,21.01,,29.95,23.5
2022-05-05 07:00:00,14.87,81.5,27.71,40.4,56.11,17.05,37.41,17.13,92.36,81.79,25.59,19.47,53.14,73.48,42.28,26.37,10.26,24.08,18.89,48.58,31.46,8.84,13.07,118.13,71.95,18.46,81.2,51.42,41.78,50.19,11.71,44.26,67.66,14.13,8.82,22.25,18.73,26.9,20.12,10.36,15.98,45.56,66.85,16.44,40.0,130.8,57.6,20.86,,30.3,23.55
2022-05-06 07:00:00,14.54,76.29,26.84,39.65,55.94,15.96,35.42,16.58,90.1,83.28,25.84,19.24,50.86,73.75,42.58,25.06,9.81,23.93,19.92,48.3,31.46,8.44,12.62,116.15,70.6,18.17,80.8,51.0,40.2,48.59,11.5,46.3,66.9,13.44,8.29,21.7,17.43,25.5,19.6,9.93,15.7,44.66,66.75,15.97,39.9,128.0,56.09,20.04,,29.6,22.99
2022-05-09 07:00:00,14.36,70.98,24.99,37.62,52.08,14.88,32.98,15.44,83.82,80.47,24.05,19.11,47.71,70.46,40.61,23.33,9.38,22.87,18.54,47.73,29.28,7.87,11.81,114.06,65.69,16.96,78.5,49.58,37.39,45.22,10.72,43.61,63.95,12.53,7.75,21.21,16.23,23.75,18.23,9.26,14.76,43.82,66.07,15.34,39.55,124.0,55.93,18.66,,28.2,22.0
2022-05-10 07:00:00,14.45,75.91,25.97,38.36,52.61,14.88,32.31,15.47,82.69,80.47,22.39,19.11,49.94,72.54,41.75,23.15,9.81,23.53,18.85,47.07,29.62,8.01,12.19,115.25,67.47,17.53,79.0,51.75,37.48,47.0,11.01,46.62,65.87,11.99,7.86,22.13,16.86,23.9,18.28,9.22,15.56,45.0,67.92,15.1,40.2,129.1,56.41,19.54,,28.1,23.0
2022-05-11 07:00:00,14.82,80.27,26.19,38.57,51.29,15.89,32.84,16.39,82.69,80.96,23.2,20.44,51.72,73.15,42.88,23.01,9.89,23.27,18.77,48.02,29.75,8.01,12.39,111.08,67.9,18.01,78.7,50.75,36.43,48.82,10.92,49.85,65.31,12.06,7.83,22.13,16.74,23.55,18.42,9.32,15.63,45.0,68.5,15.52,40.25,126.5,55.53,19.6,,28.9,22.8
2022-05-12 07:00:00,13.84,74.68,24.37,37.81,47.78,15.27,30.56,15.35,76.92,79.72,21.58,20.54,48.52,70.93,42.43,21.42,9.36,21.9,17.47,47.83,28.83,7.47,11.56,103.34,64.72,17.0,75.3,47.66,33.88,46.13,10.18,46.84,65.87,11.22,7.33,21.51,15.59,21.95,17.15,8.69,14.76,43.31,66.95,14.43,39.5,124.8,53.13,18.25,,26.9,21.47
2022-05-13 07:00:00,12.9,69.46,23.07,36.98,44.45,14.26,28.44,14.67,71.53,77.66,20.08,20.34,47.51,67.17,39.47,19.92,9.05,20.55,16.28,47.07,26.82,6.96,10.86,96.19,60.24,16.27,75.0,44.81,32.78,44.49,9.48,43.61,64.99,10.46,6.84,21.3,15.59,20.45,15.97,8.08,14.02,41.06,66.07,13.43,39.0,125.9,52.81,17.02,,25.3,21.5
2022-05-16 07:00:00,12.95,64.63,23.36,36.77,42.0,14.49,28.57,15.07,70.25,74.77,18.68,20.21,47.3,63.81,36.74,20.44,9.17,20.78,15.17,46.88,26.82,7.04,11.09,89.54,59.23,16.88,75.0,45.65,34.32,44.72,9.6,40.59,63.03,10.68,6.5,21.39,16.5,19.05,15.4,8.02,14.48,41.74,63.93,13.56,38.5,126.0,52.57,17.02,,26.25,20.7
2022-05-17 07:00:00,13.72,66.34,24.99,37.46,44.89,15.5,30.56,16.11,75.16,76.01,19.98,20.47,50.6,67.77,39.24,21.84,9.79,21.87,16.2,47.17,28.46,7.52,11.85,95.79,63.37,17.69,78.3,47.66,36.69,47.04,10.26,43.38,66.11,11.4,6.95,21.39,17.62,20.35,16.46,8.55,15.42,42.75,65.0,14.12,39.0,128.0,55.93,18.19,,27.4,21.79
2022-05-18 07:00:00,13.58,70.98,25.32,38.43,44.45,15.5,31.65,16.33,79.18,76.83,21.25,20.47,49.59,70.53,38.86,21.84,9.79,21.87,16.4,47.26,28.32,7.95,12.01,102.45,64.29,17.49,78.3,46.65,36.34,46.59,10.47,45.17,64.51,11.73,7.43,21.39,17.31,21.75,17.03,8.75,15.04,42.41,65.0,14.12,39.0,125.7,56.17,18.16,,27.4,21.8
2022-05-19 07:00:00,13.42,71.83,25.13,38.09,43.93,15.07,31.62,16.02,83.86,75.51,21.7,19.76,49.23,71.06,38.71,21.46,9.91,21.7,16.05,47.07,28.32,7.82,12.06,109.59,64.05,17.45,78.0,45.15,35.55,46.59,10.59,47.34,65.07,11.73,7.73,21.27,17.22,21.75,16.91,8.69,14.55,42.75,65.1,13.69,38.95,125.3,55.13,17.87,,27.4,21.68
2022-05-20 07:00:00,13.63,72.02,25.03,38.02,44.01,16.12,31.65,15.9,83.08,75.18,22.51,20.08,49.49,70.19,37.8,22.17,9.93,21.56,16.47,47.07,28.25,7.85,12.17,107.01,64.53,17.57,77.8,44.98,35.55,48.36,10.59,47.15,62.51,11.73,7.89,21.42,17.19,21.6,16.86,8.92,14.67,42.36,64.9,13.72,38.9,125.3,54.41,17.96,,27.35,21.68
2022-05-23 07:00:00,13.35,67.38,24.19,38.43,44.54,16.12,30.76,15.35,83.7,74.77,22.31,20.05,48.98,69.52,38.33,22.17,9.87,21.04,16.2,47.36,27.91,7.74,11.85,103.74,62.99,17.53,76.4,44.31,35.33,47.68,10.55,45.48,61.55,11.62,7.75,21.21,16.01,20.35,16.46,8.48,14.02,41.85,64.81,13.16,38.7,125.0,52.97,17.19,,27.35,21.4
2022-05-24 07:00:00,13.51,70.13,24.48,38.85,44.63,16.97,30.33,15.96,86.98,75.68,22.31,20.54,49.84,71.06,39.01,22.59,10.03,19.98,15.48,50.09,27.36,7.85,12.1,108.2,64.05,17.65,77.2,44.48,35.11,49.23,10.63,46.41,61.51,11.33,7.7,20.93,16.98,21.75,16.65,8.52,14.44,42.53,65.0,13.53,38.8,125.3,55.05,17.61,,28.1,21.32
2022-05-25 07:00:00,14.07,70.69,25.32,39.61,46.29,17.55,32.44,16.51,89.12,76.83,23.85,21.12,53.29,72.81,41.37,23.71,10.46,19.72,16.24,51.4,27.91,8.17,12.64,109.69,66.94,18.21,78.9,44.15,36.34,52.65,11.09,49.63,61.51,11.8,8.13,20.93,17.4,22.75,17.24,9.09,14.9,43.31,65.97,13.98,38.85,125.7,57.44,18.49,,29.45,22.0
2022-05-26 07:00:00,14.24,70.51,25.46,41.14,46.91,17.01,32.71,16.39,87.72,76.83,22.92,21.12,53.6,72.27,40.76,23.71,10.42,20.04,16.63,51.4,28.29,8.17,12.46,107.81,66.94,18.01,78.0,44.81,37.35,52.15,10.88,51.86,61.11,12.6,8.07,21.05,17.8,22.4,17.34,9.32,14.76,43.14,66.75,13.9,38.85,125.0,56.97,18.22,,29.6,21.93
2022-05-27 07:00:00,14.92,69.65,25.61,41.14,47.0,17.01,32.71,16.58,83.47,77.49,23.04,22.16,56.74,73.88,41.97,23.85,10.52,20.3,17.78,51.4,29.04,8.09,12.62,109.2,70.65,18.05,78.4,45.4,37.39,55.8,11.05,55.45,61.51,12.82,8.13,21.27,18.07,22.25,17.69,9.36,15.09,43.54,67.72,14.25,39.0,127.0,58.32,18.25,,29.8,22.39
2022-05-30 07:00:00,14.99,69.18,25.93,41.14,46.91,16.93,33.7,16.76,83.86,77.25,22.92,22.1,56.49,73.88,42.96,23.8,10.54,20.3,17.66,54.98,28.93,8.22,12.66,109.2,69.92,18.46,78.7,46.24,38.09,54.98,11.13,58.6,61.27,12.86,8.1,21.08,18.07,22.8,17.83,9.32,15.42,43.88,68.5,14.43,39.25,132.5,57.92,18.54,,29.95,22.6
2022-05-31 07:00:00,14.8,69.27,25.61,41.49,46.12,17.2,36.02,17.13,87.21,77.58,24.17,21.58,55.78,79.06,42.35,23.57,10.64,19.87,17.47,58.75,28.7,8.06,12.51,111.58,69.78,18.94,78.0,45.82,38.62,52.43,11.21,56.0,61.31,12.71,7.91,20.78,17.92,22.35,17.55,9.16,15.11,44.38,69.6,14.22,39.4,130.9,57.28,18.19,,30.15,22.3
2022-06-01 07:00:00,14.59,69.46,25.5,41.49,46.38,17.28,36.55,17.04,89.63,76.75,25.11,21.12,56.74,81.27,44.4,23.52,10.66,19.67,17.32,59.03,28.66,8.03,12.44,114.16,70.07,19.43,78.0,45.57,39.06,53.52,11.54,59.1,61.15,12.75,7.94,20.59,17.86,22.25,17.41,9.16,14.95,45.28,70.3,14.06,39.65,131.3,57.44,18.1,,30.05,22.65
2022-06-02 07:00:00,14.85,68.33,25.17,41.42,47.43,16.74,37.48,17.04,91.11,76.42,24.95,20.77,56.59,79.86,43.64,24.13,10.6,18.98,16.59,58.84,27.98,7.85,12.26,113.46,71.13,18.86,78.9,45.32,38.18,56.21,11.21,57.18,61.11,12.64,7.81,20.78,17.52,21.55,17.2,8.79,14.95,44.44,69.5,13.96,39.45,128.7,56.81,17.75,,29.95,22.3
2022-06-03 07:00:00,14.82,67.76,24.92,41.42,47.52,16.39,38.14,16.82,97.46,75.84,25.92,20.47,57.86,83.42,44.4,23.38,10.36,19.12,16.93,59.78,27.84,7.74,12.35,111.98,73.78,19.02,77.5,44.9,38.18,56.21,11.17,57.55,61.99,12.53,7.73,20.78,17.68,21.15,17.22,8.69,14.88,43.59,69.4,13.85,39.4,127.0,56.17,18.05,,29.95,22.1
2022-06-06 07:00:00,14.82,65.67,24.81,41.07,47.43,15.5,38.07,16.7,100.0,75.26,27.38,20.44,57.35,87.25,45.39,23.52,10.32,19.07,16.47,59.78,27.74,7.74,12.28,116.15,74.5,20.32,76.3,44.9,39.41,57.03,11.42,56.81,63.31,12.46,7.51,20.75,17.52,20.5,17.03,8.45,14.34,44.83,69.3,13.88,39.25,127.6,56.57,17.96,,29.95,22.35
2022-06-07 07:00:00,14.62,67.66,24.37,40.58,49.19,16.12,36.68,16.82,105.76,75.59,27.38,19.82,58.67,87.32,46.6,23.66,10.32,19.01,15.67,59.78,27.57,7.63,12.15,117.04,74.16,20.64,76.0,44.23,40.99,58.4,12.21,59.41,63.87,13.26,7.3,20.53,17.04,20.2,17.1,8.52,13.83,45.56,68.5,13.8,39.0,126.8,56.41,17.87,,29.9,22.35
2022-06-08 07:00:00,15.06,68.23,24.88,41.07,48.57,16.51,37.48,17.0,108.39,76.17,27.1,20.21,58.37,86.58,45.62,25.3,10.58,18.84,16.09,61.2,28.18,8.14,12.6,118.43,74.35,21.05,76.4,44.06,41.12,58.4,12.74,60.83,63.79,13.22,7.81,20.78,17.71,21.6,17.6,8.85,14.13,44.55,68.5,14.14,39.05,127.0,56.73,18.66,,30.4,22.4
2022-06-09 07:00:00,15.09,68.23,25.03,41.42,48.22,16.2,37.88,17.0,106.69,76.67,27.14,19.73,58.52,85.71,44.78,25.67,10.52,19.35,17.09,61.57,28.01,8.19,12.53,117.63,74.06,22.51,76.5,44.48,41.17,58.63,13.16,59.9,62.71,13.15,7.83,20.56,17.52,22.3,17.67,9.06,14.04,43.76,68.3,14.06,39.05,127.8,56.09,18.49,,30.9,22.45
2022-06-10 07:00:00,14.77,67.28,24.52,40.58,47.17,15.5,37.74,16.64,107.54,76.75,25.27,19.76,55.83,79.73,41.75,24.41,10.56,19.24,16.59,60.25,27.94,8.01,12.39,116.15,72.7,21.45,77.0,44.06,39.5,55.07,12.41,55.76,62.99,12.6,7.65,20.35,16.83,21.9,17.93,8.92,13.88,43.71,68.3,13.82,39.0,127.7,55.53,18.13,,30.5,22.4
2022-06-13 07:00:00,14.0,64.44,23.18,38.85,43.93,14.41,35.49,15.5,103.14,74.77,23.53,20.08,53.0,79.26,39.09,22.73,10.01,18.21,15.44,57.62,27.23,7.47,11.56,108.2,67.86,22.1,76.0,41.8,36.86,51.24,12.62,53.53,61.11,11.73,7.22,19.42,15.68,20.6,17.01,8.32,12.92,42.98,66.0,12.87,38.2,124.9,53.05,16.87,,29.0,21.74
2022-06-14 07:00:00,14.12,64.44,23.43,37.88,45.07,14.26,37.01,15.5,106.52,74.77,24.5,20.34,54.79,84.63,40.3,23.15,10.15,17.35,14.37,58.84,26.61,7.07,11.49,105.52,69.55,23.23,76.6,41.72,37.83,52.93,12.62,56.0,59.92,11.77,7.27,20.28,14.72,20.9,16.89,8.15,12.38,43.31,66.0,11.99,38.3,124.8,52.81,16.93,,29.15,21.9
2022-06-15 07:00:00,13.83,63.59,23.21,36.63,45.07,13.56,36.42,15.04,106.69,74.35,24.95,19.95,55.65,83.29,39.85,21.56,9.99,16.83,13.37,58.84,26.0,6.66,11.22,105.23,71.59,22.51,76.4,40.8,35.99,53.84,12.0,56.19,60.71,11.51,7.09,20.9,13.69,20.7,16.86,7.71,12.4,43.03,65.9,11.68,38.35,124.5,51.53,16.93,,28.9,21.01
2022-06-16 07:00:00,14.12,65.39,23.43,38.85,45.94,13.83,36.75,15.16,114.06,75.1,25.51,19.89,56.57,85.97,41.29,21.98,10.17,17.75,13.02,59.78,26.68,6.77,11.22,109.89,76.53,22.91,77.5,42.47,36.91,55.57,12.74,59.9,62.47,11.77,7.11,22.04,13.38,21.0,17.03,7.65,12.52,44.49,66.0,11.78,38.3,125.4,54.33,17.02,,29.2,21.9
2022-06-17 07:00:00,13.54,64.16,22.92,37.81,45.15,12.9,35.42,14.46,111.78,73.36,25.55,20.38,56.57,90.0,42.12,21.23,10.03,17.56,12.14,59.31,26.61,6.45,10.5,116.15,75.27,23.48,75.7,42.06,36.78,55.67,13.32,61.26,62.31,11.48,6.92,22.0,12.45,20.25,16.3,7.14,11.91,42.81,66.0,10.96,38.3,124.9,53.29,16.37,,29.35,21.4
2022-06-20 07:00:00,13.42,61.69,21.4,37.46,44.19,12.01,32.98,13.87,105.85,73.36,24.17,20.41,56.57,83.76,41.06,20.39,9.68,16.35,11.3,59.22,26.31,6.34,10.14,110.19,71.59,21.86,75.5,41.72,34.45,53.84,12.41,56.99,60.71,10.68,7.14,22.0,11.6,18.85,15.59,6.65,11.7,42.75,65.0,10.24,37.8,127.0,55.13,15.9,,28.7,20.71
2022-06-21 07:00:00,13.48,60.27,21.98,37.39,45.15,11.55,33.44,14.15,98.73,71.05,22.51,20.47,54.79,80.27,38.48,20.3,9.62,15.74,10.84,57.81,26.37,6.39,10.12,110.19,71.2,20.36,75.5,42.22,34.23,54.66,11.54,53.03,61.91,10.79,6.9,21.96,11.06,19.2,15.59,6.64,11.98,43.71,65.0,9.55,37.5,127.8,58.88,15.96,,28.0,20.6
2022-06-22 07:00:00,13.92,58.76,22.12,37.46,44.8,12.32,33.51,14.49,94.84,71.05,20.97,20.6,51.96,74.69,37.65,20.39,9.62,16.27,11.57,58.18,26.27,6.82,10.57,105.23,67.62,18.94,75.5,43.31,34.67,52.93,10.76,49.38,62.31,11.11,7.06,22.55,11.83,20.5,16.44,7.08,12.24,42.75,64.8,10.22,37.5,129.3,56.41,16.67,,28.5,20.9
2022-06-23 07:00:00,13.92,59.99,22.49,37.39,46.21,13.06,34.3,15.5,101.44,71.13,21.5,20.7,52.57,78.45,40.23,21.23,9.58,16.5,11.61,58.18,26.0,7.25,10.84,109.2,70.23,20.24,74.9,43.64,35.72,55.27,11.5,52.78,61.27,11.44,7.25,22.66,12.36,21.3,16.98,7.18,12.38,42.69,63.2,10.8,37.1,128.2,56.49,16.7,,28.05,20.75
2022-06-24 07:00:00,13.95,59.04,22.63,37.46,48.05,13.06,34.43,15.19,103.82,71.46,21.42,20.44,52.57,76.57,39.47,21.28,9.38,16.5,12.18,58.09,26.24,7.09,10.68,108.7,69.65,19.67,74.0,43.9,35.81,55.96,11.21,53.09,62.15,11.62,7.22,22.88,12.43,21.2,16.77,7.08,12.15,42.19,63.2,10.93,37.3,128.3,57.12,16.52,,27.55,20.79
2022-06-27 07:00:00,14.03,58.85,23.03,38.5,48.31,13.33,35.69,15.72,101.61,72.78,19.94,20.44,53.19,76.84,39.85,21.84,9.52,17.33,13.02,59.97,26.65,6.77,10.86,112.17,69.27,20.32,78.8,43.98,36.43,59.4,11.46,53.22,62.63,11.77,7.3,22.99,13.26,21.5,16.79,7.55,12.47,42.13,63.5,10.99,36.9,133.0,56.81,16.96,,28.75,21.11
2022-06-28 07:00:00,14.36,59.7,24.41,38.16,49.36,13.41,36.42,16.39,100.51,72.87,19.83,21.81,55.16,77.91,40.15,21.98,9.89,17.03,12.83,61.2,26.78,7.2,11.13,113.17,70.52,20.08,75.1,44.31,36.69,59.4,11.5,54.21,62.75,11.91,7.57,23.06,13.1,22.55,17.34,7.71,12.89,42.92,63.8,11.73,36.8,133.0,56.57,17.61,,28.85,21.45
2022-06-29 07:00:00,14.18,61.12,25.32,38.99,48.22,13.1,37.01,16.48,100.77,72.7,20.28,20.8,55.34,78.59,41.37,21.42,9.95,17.22,13.22,62.14,26.82,7.25,11.13,113.17,70.72,20.56,75.1,43.81,35.99,59.4,11.38,53.47,61.51,12.71,7.49,23.17,13.2,22.6,17.36,7.51,12.8,42.47,63.3,11.89,36.7,132.3,57.76,17.61,,28.45,21.45
2022-06-30 07:00:00,14.06,63.49,24.3,40.03,46.03,12.28,35.62,16.05,98.65,72.54,20.69,20.8,53.0,77.58,39.47,21.09,9.79,16.88,12.34,61.1,26.55,7.01,10.91,111.18,69.27,20.08,74.5,43.31,35.37,58.94,11.26,53.34,61.75,13.55,7.22,23.17,12.56,21.5,16.79,7.18,12.68,42.08,62.1,11.41,36.75,130.0,57.68,17.02,,28.55,21.35
2022-07-01 07:00:00,14.09,59.89,25.42,39.68,46.56,12.59,35.62,16.54,94.84,72.62,20.06,21.06,54.11,75.9,39.01,21.14,9.99,16.95,12.95,61.1,26.51,7.01,10.91,108.7,68.1,20.44,74.4,43.81,35.64,58.8,11.26,53.22,61.47,12.86,7.19,23.21,13.16,22.0,17.01,7.34,12.75,41.63,61.4,12.07,36.3,130.1,58.88,17.08,,28.65,21.3
2022-07-04 07:00:00,14.21,59.7,25.42,39.61,47.08,12.67,35.82,16.33,89.93,72.87,20.2,21.06,53.31,74.93,38.56,20.95,10.01,16.65,12.95,59.97,26.89,7.31,11.09,107.7,65.68,20.16,74.0,43.14,35.42,56.78,11.17,52.6,61.31,13.0,7.27,23.21,13.5,22.35,17.17,7.41,12.75,41.68,61.0,12.9,36.35,129.6,60.0,17.14,,28.5,21.26
2022-07-05 07:00:00,14.33,58.76,26.33,39.27,46.29,12.86,36.55,16.58,83.75,73.28,18.8,21.12,52.51,71.07,37.31,20.2,10.09,16.58,13.18,57.9,26.44,7.31,11.47,102.0,63.45,18.78,73.5,43.48,35.24,54.4,10.76,48.95,60.23,12.49,7.38,23.25,13.16,23.05,17.83,7.11,12.85,41.63,60.5,12.79,36.15,125.9,58.4,17.31,,27.95,20.9
2022-07-06 07:00:00,14.18,56.2,25.82,39.54,46.47,12.79,36.62,15.87,77.9,72.21,17.52,20.8,51.34,66.1,34.95,19.5,9.72,16.24,13.14,55.08,26.32,7.01,11.22,100.0,62.0,18.13,73.4,43.48,33.53,51.37,10.59,45.61,60.95,12.13,7.14,23.03,12.7,22.5,17.76,6.94,12.59,40.95,59.1,12.79,33.75,127.1,58.4,16.9,,26.0,20.66
2022-07-07 07:00:00,14.15,56.48,26.33,39.47,48.22,13.14,39.13,16.14,83.32,72.21,17.85,20.38,51.1,64.93,35.83,19.41,9.79,16.46,13.25,55.45,26.74,7.07,11.31,103.0,62.0,18.62,74.0,43.73,34.23,53.2,10.59,46.66,62.39,12.49,7.19,22.95,12.76,22.6,17.86,7.04,12.82,42.47,61.0,13.32,34.9,129.3,60.3,16.96,,27.0,20.7
2022-07-08 07:00:00,14.06,55.82,25.39,39.47,47.87,14.03,40.19,15.9,82.98,72.7,18.82,20.25,51.4,65.96,36.2,19.83,9.66,16.99,13.94,55.45,27.07,7.12,11.29,104.9,62.97,18.74,73.8,44.15,34.54,53.2,10.76,47.59,61.95,12.86,7.27,23.25,13.63,22.5,17.74,7.51,12.66,41.63,61.0,13.29,35.0,127.8,60.3,16.78,,27.0,20.89
2022-07-11 07:00:00,13.77,56.01,25.03,38.09,47.87,14.14,40.79,15.65,80.53,71.96,18.8,19.92,50.91,65.48,36.51,19.59,9.34,16.69,13.64,55.36,26.29,6.99,11.0,102.5,62.48,17.97,73.4,43.73,34.67,52.97,10.34,44.56,61.95,12.68,7.14,23.25,13.8,22.05,16.82,7.48,12.15,40.5,60.5,12.68,35.0,127.4,60.3,16.14,,26.0,20.37
2022-07-12 07:00:00,14.06,58.19,26.4,38.5,49.01,14.76,41.05,15.78,84.68,72.7,19.27,20.18,51.34,68.31,37.27,20.95,9.58,16.88,13.87,55.26,26.74,7.2,11.29,102.0,62.39,18.74,73.4,43.98,35.46,53.57,10.72,46.97,61.35,13.04,7.3,23.47,13.97,22.6,17.05,7.78,12.47,40.44,60.2,12.9,34.95,125.5,60.55,16.29,,26.2,20.6
2022-07-13 07:00:00,14.06,57.81,26.15,38.5,50.85,14.38,40.92,16.3,82.14,73.03,19.25,20.08,50.73,66.45,37.42,21.09,9.66,16.88,13.71,55.45,26.55,7.44,11.4,101.0,61.61,18.62,73.6,43.9,35.07,52.74,10.76,47.9,61.35,12.86,7.81,23.21,13.83,23.05,17.05,7.61,12.45,40.39,60.1,12.9,34.75,124.8,59.89,16.29,,26.25,20.63
2022-07-14 07:00:00,14.09,60.27,26.22,38.85,50.77,14.84,41.12,16.58,82.14,72.87,20.48,19.99,50.91,68.17,37.53,21.7,9.66,16.8,13.79,57.81,27.64,7.5,11.49,102.5,60.64,19.51,73.7,44.15,35.2,52.97,10.84,47.96,61.87,13.44,7.78,23.1,14.37,23.3,16.98,7.75,12.57,40.73,60.1,12.98,34.75,126.7,59.81,16.46,,26.05,20.69
2022-07-15 07:00:00,14.06,59.51,25.97,38.85,49.54,15.11,39.07,16.58,81.12,72.7,20.44,20.12,50.54,67.27,37.19,21.65,9.62,17.56,13.94,57.9,27.3,7.52,11.47,101.2,59.58,19.31,73.6,44.15,34.93,52.06,10.76,48.21,61.51,13.33,7.83,23.06,14.1,23.0,17.05,7.95,12.66,40.67,60.0,12.87,34.8,124.7,59.15,16.58,,26.2,20.63
2022-07-18 07:00:00,14.0,59.61,25.75,38.85,50.24,15.19,39.73,16.51,78.75,72.7,20.61,19.92,51.04,67.27,36.96,21.7,9.58,17.11,13.6,57.71,27.19,7.58,11.45,102.6,59.09,19.27,73.6,44.4,35.33,52.06,10.84,49.01,61.59,13.33,7.7,23.32,13.97,22.55,17.15,7.88,12.73,40.5,59.0,13.05,34.0,124.2,59.23,16.52,,26.05,20.52
2022-07-19 07:00:00,14.0,58.28,25.86,38.57,50.06,14.84,39.66,16.3,82.56,72.12,20.56,19.95,51.04,70.31,37.19,21.7,9.54,16.77,13.37,57.71,27.04,7.47,11.36,102.0,58.12,20.6,73.6,44.4,36.95,50.68,11.13,50.25,62.63,13.0,7.78,23.36,13.8,22.95,17.05,7.85,12.68,40.11,58.8,12.9,34.4,124.5,60.14,16.43,,26.0,20.5
2022-07-20 07:00:00,14.24,59.7,26.4,39.54,50.42,15.19,40.13,16.6,84.68,73.12,21.36,19.99,52.2,71.07,38.71,22.26,9.72,16.92,13.79,57.81,27.56,7.6,11.52,103.0,59.29,20.85,73.9,44.4,37.61,52.1,11.17,51.05,63.83,13.37,7.91,23.47,14.23,23.05,17.15,8.15,13.29,40.78,59.7,13.19,34.1,125.5,60.3,16.52,,26.05,20.7
2022-07-21 07:00:00,14.44,58.94,26.48,39.89,49.71,15.07,38.94,16.88,85.1,75.76,21.14,19.95,52.26,71.83,38.41,22.17,9.81,17.18,14.02,58.37,27.75,7.87,11.54,105.5,62.1,20.48,74.2,44.23,37.17,52.29,11.05,50.56,65.91,13.18,7.83,23.47,14.23,23.1,17.41,7.98,13.22,40.78,58.9,13.32,34.25,126.0,60.47,16.55,,26.3,20.79
2022-07-22 07:00:00,14.27,63.02,25.75,40.24,49.36,15.03,38.4,16.51,83.15,77.25,20.26,20.02,52.33,74.38,38.56,21.98,9.7,16.8,13.87,60.44,27.41,7.74,11.52,108.5,62.48,20.24,73.9,43.64,36.69,52.52,10.88,50.06,66.31,13.22,7.67,23.43,13.97,23.0,17.53,7.91,13.1,40.78,58.7,13.9,33.25,125.6,59.48,16.52,,26.0,20.89
2022-07-25 07:00:00,14.09,64.25,25.68,40.86,48.57,14.8,36.95,16.33,81.71,75.59,19.38,19.82,52.51,72.24,37.95,21.32,9.62,16.58,13.48,60.82,27.26,7.85,11.38,108.6,61.32,21.05,73.7,43.81,36.07,51.92,10.88,49.26,65.91,12.97,7.57,23.21,13.66,22.85,17.38,7.81,12.8,41.01,58.9,13.67,33.65,125.8,60.22,16.23,,26.3,20.72
2022-07-26 07:00:00,14.09,64.92,25.79,40.93,47.7,14.8,37.34,16.3,81.04,76.01,19.84,19.56,52.14,72.24,38.25,21.28,9.62,16.39,12.72,60.91,27.83,7.9,11.34,110.0,61.03,20.52,73.9,43.73,35.86,51.37,10.76,47.22,66.98,12.93,7.54,23.28,13.53,22.95,17.29,7.81,12.61,41.57,58.7,13.61,33.05,125.1,59.48,16.26,,26.05,20.69
2022-07-27 07:00:00,14.18,64.92,25.79,40.79,50.15,15.31,39.07,16.58,81.29,76.67,20.43,19.5,52.39,72.24,37.95,21.6,9.74,16.08,12.64,61.57,28.01,8.22,11.22,109.9,60.16,21.01,73.7,43.9,36.25,51.46,10.84,48.02,66.98,12.86,7.65,23.28,13.63,23.05,17.29,7.95,12.59,42.19,58.6,13.61,33.25,125.3,59.64,16.26,,26.3,20.6
2022-07-28 07:00:00,14.33,68.14,26.48,40.51,49.63,15.62,39.73,16.94,81.29,76.01,20.67,19.47,52.2,73.35,37.95,22.4,9.95,16.2,13.02,64.96,28.54,8.38,11.52,109.9,60.06,21.29,74.0,44.48,36.43,51.83,11.21,48.08,69.1,13.15,7.86,23.32,14.13,24.45,17.62,8.12,12.71,42.36,58.8,14.04,33.5,127.4,59.97,16.67,,28.1,20.92
2022-07-29 07:00:00,14.41,69.65,27.06,41.56,50.68,15.5,39.93,16.7,75.62,76.25,19.64,19.5,51.34,74.17,37.95,22.35,9.85,16.27,12.99,66.37,28.16,8.17,11.56,106.1,59.09,21.05,74.5,43.98,36.07,52.29,11.05,46.54,71.9,13.08,7.83,23.36,14.27,24.7,17.9,8.12,12.43,42.02,59.9,14.12,32.0,125.7,60.14,16.84,,28.0,20.95
2022-08-01 07:00:00,14.65,71.45,28.29,42.67,51.91,16.12,41.05,17.62,77.06,76.01,20.01,19.6,51.65,74.45,39.85,23.1,10.07,17.26,13.87,65.9,28.91,8.46,11.94,109.4,59.38,21.21,74.7,44.81,36.69,53.66,11.17,47.03,73.1,13.33,8.05,23.43,15.24,25.2,18.23,8.43,12.73,43.31,60.0,14.14,32.35,127.1,60.72,17.08,,29.0,21.1
2022-08-02 07:00:00,14.59,71.64,27.93,42.18,51.64,15.93,40.26,17.56,75.11,76.01,20.48,19.69,52.26,74.66,39.47,23.19,10.13,17.33,14.02,64.96,29.22,8.54,12.03,110.0,60.06,21.86,75.7,44.98,35.99,53.43,11.38,48.64,75.01,13.76,8.07,23.36,15.5,24.95,18.09,8.46,12.92,44.38,62.5,14.12,33.3,127.5,60.63,17.05,,29.0,21.3
2022-08-03 07:00:00,14.62,70.89,28.51,43.64,51.2,16.35,41.32,17.86,75.36,75.92,21.29,20.02,52.14,77.28,40.08,23.1,10.13,17.98,14.98,64.96,29.25,8.6,12.12,110.0,59.87,21.53,76.2,44.98,35.9,53.2,11.34,50.25,75.85,13.8,8.15,23.32,15.74,25.45,18.02,8.46,13.08,44.72,61.9,13.9,33.0,127.0,60.63,17.02,,29.05,21.2
2022-08-04 07:00:00,14.65,72.69,28.51,43.64,51.2,16.12,42.18,17.71,76.89,75.51,20.92,19.86,52.94,75.21,39.16,23.01,10.15,17.9,15.25,64.49,29.29,8.62,12.15,107.9,60.74,21.25,78.5,45.15,36.95,53.2,11.26,49.5,73.9,13.69,8.13,23.28,15.74,25.2,18.14,8.57,13.46,46.41,63.0,13.85,33.2,129.2,60.55,17.25,,29.0,21.5
2022-08-05 07:00:00,14.56,73.92,28.29,43.64,51.55,16.51,41.85,17.8,76.12,75.59,20.92,19.76,52.76,75.55,39.39,23.15,10.07,17.64,15.71,64.49,29.06,8.65,12.15,104.5,60.74,21.29,80.9,45.15,36.56,52.7,11.59,50.12,72.94,13.55,8.1,23.14,16.57,25.25,18.14,8.57,13.46,46.13,61.8,13.77,32.7,126.5,59.97,17.22,,28.95,21.37
2022-08-08 07:00:00,14.5,74.2,28.14,43.08,51.47,16.47,41.72,17.8,77.48,75.51,21.4,19.63,52.88,76.59,39.47,23.47,10.19,17.86,15.9,64.49,28.99,8.57,12.21,104.8,60.93,21.82,81.8,44.98,37.26,53.52,11.59,50.74,72.3,13.48,8.1,23.06,16.47,25.3,18.52,8.46,13.34,46.13,61.5,13.88,32.3,125.2,59.64,17.61,,28.7,21.43
2022-08-09 07:00:00,14.62,74.2,28.04,43.71,51.12,16.35,42.24,17.68,80.61,76.25,21.45,19.63,53.0,77.28,39.77,23.62,10.26,18.24,15.74,64.49,28.8,8.36,12.33,105.2,61.32,21.53,83.3,44.98,36.95,53.52,11.63,49.75,71.98,13.76,8.13,22.92,16.57,25.25,18.49,8.64,13.36,45.45,60.9,13.82,32.65,126.4,59.48,17.75,,28.55,21.68
2022-08-10 07:00:00,14.56,75.81,27.85,43.98,50.42,17.48,41.91,17.46,79.17,76.67,20.92,19.5,52.88,76.52,39.47,23.43,10.21,18.01,16.01,64.49,29.1,8.25,12.26,105.8,61.61,21.53,83.2,44.9,36.82,53.43,11.54,49.88,72.7,13.62,8.02,22.81,16.4,24.9,18.33,8.67,13.22,45.28,61.3,13.8,32.4,125.4,59.89,17.66,,28.4,21.57
2022-08-11 07:00:00,14.5,75.34,27.78,44.05,49.71,17.86,40.79,17.5,77.06,76.01,20.52,19.5,52.88,77.97,39.09,23.1,10.32,17.71,15.55,64.21,29.29,8.25,12.08,106.8,61.03,21.05,81.3,44.81,36.73,52.33,11.42,49.63,72.7,13.87,7.91,23.1,16.3,25.2,18.19,8.43,13.32,45.84,61.4,13.61,32.9,125.2,58.73,17.37,,28.9,21.67
2022-08-12 07:00:00,14.53,76.76,28.43,46.48,51.03,18.21,41.19,17.59,77.56,76.5,20.65,19.47,53.19,78.94,39.32,23.24,10.36,18.13,16.63,64.02,29.14,8.38,12.19,107.2,61.03,20.89,81.5,44.98,36.82,52.01,11.59,49.88,72.7,13.87,7.97,22.99,16.64,25.65,18.33,8.5,13.36,45.9,61.2,13.69,33.1,124.3,59.39,17.55,,29.35,21.6
2022-08-15 07:00:00,14.62,76.19,29.74,46.62,50.77,18.37,41.72,18.08,78.83,76.09,21.09,19.5,54.66,78.66,39.85,23.24,10.72,18.17,16.51,64.02,29.14,8.68,12.33,108.5,62.97,21.49,81.8,45.32,36.95,52.61,11.59,51.73,74.29,13.91,8.5,23.1,16.54,25.65,18.47,8.57,13.53,46.01,61.5,13.93,33.2,124.4,59.06,17.81,,29.55,21.86
2022-08-16 07:00:00,14.56,75.81,29.38,45.93,50.42,19.65,44.63,17.92,79.26,75.68,21.05,19.5,54.54,78.31,40.38,23.19,10.74,18.58,16.66,64.49,29.18,8.62,12.28,109.0,63.94,21.33,83.0,45.57,37.96,52.74,11.67,52.1,75.09,13.8,8.45,23.06,16.44,25.55,18.42,8.53,13.48,45.84,61.3,14.01,32.95,123.4,59.31,17.69,,29.3,21.9
2022-08-17 07:00:00,14.62,77.23,29.02,45.09,49.8,19.37,44.56,17.86,79.0,75.68,20.78,19.5,54.29,77.56,39.92,22.96,10.91,18.39,16.2,64.11,29.52,8.52,12.51,111.3,62.97,20.93,84.4,48.66,37.44,52.7,11.54,51.24,75.29,13.55,8.34,23.1,16.4,25.4,18.57,8.5,13.41,45.84,61.3,13.88,33.65,123.5,59.97,17.69,,29.5,22.04
2022-08-18 07:00:00,14.74,76.0,28.73,45.37,49.54,18.99,44.23,17.65,79.85,75.84,20.87,19.43,54.29,78.45,39.85,22.77,10.93,18.28,16.17,64.02,29.52,8.41,12.46,112.0,62.48,20.81,83.1,48.83,37.22,52.47,11.42,51.3,77.29,13.51,8.29,22.99,16.77,25.2,18.47,8.36,13.41,45.84,61.1,13.8,34.05,124.0,60.63,17.63,,29.6,21.92
2022-08-19 07:00:00,14.56,75.81,28.54,44.47,48.92,19.3,46.81,17.34,79.09,77.16,20.65,19.3,53.43,79.76,39.47,22.63,10.7,17.98,15.63,64.11,29.06,8.36,12.44,112.0,62.1,20.68,82.3,48.16,37.48,52.29,11.26,50.56,77.89,13.0,8.26,22.92,16.8,25.1,18.42,8.22,13.27,45.51,60.1,13.64,33.95,124.0,61.21,18.34,,29.3,21.8
2022-08-22 07:00:00,14.44,81.12,27.89,45.09,49.98,19.06,46.81,17.19,78.16,77.66,20.17,19.43,53.37,79.28,39.01,22.12,10.38,17.67,15.94,63.64,28.31,8.33,12.49,111.8,64.42,20.44,81.8,46.91,37.17,52.65,11.3,51.48,77.49,12.93,8.32,23.83,16.5,24.7,18.28,8.02,13.03,45.0,59.4,13.27,33.0,123.9,60.88,18.34,,29.05,21.8
2022-08-23 07:00:00,14.53,84.34,28.65,45.44,49.8,19.26,48.01,17.19,77.56,76.83,20.37,19.56,53.49,80.73,39.77,22.4,10.48,17.9,16.47,63.64,28.31,8.49,12.55,112.6,64.81,20.93,82.0,47.32,38.62,52.52,11.5,52.29,75.89,13.29,8.4,23.83,16.97,25.0,18.33,8.29,13.08,45.11,59.5,13.37,32.5,123.5,62.62,18.31,,28.85,21.79
2022-08-24 07:00:00,14.56,84.34,28.51,44.68,49.89,19.53,47.61,17.31,80.36,77.41,21.05,19.5,53.62,80.94,39.54,22.59,10.56,17.79,16.36,63.64,28.35,8.46,12.6,111.9,64.71,21.01,82.9,47.16,38.44,53.75,11.63,52.6,74.69,13.04,8.37,23.76,16.87,25.4,18.54,8.33,13.13,46.13,59.7,13.32,32.45,123.5,64.19,18.43,,28.6,21.91
2022-08-25 07:00:00,14.65,85.86,28.51,44.05,49.98,19.37,47.54,17.62,83.32,77.08,22.5,19.43,53.68,80.38,40.0,23.8,10.78,18.05,16.78,63.64,28.69,8.57,12.79,112.8,66.26,20.89,83.6,47.41,38.53,53.48,11.67,52.72,74.89,13.44,8.53,23.76,17.04,25.65,18.68,8.57,13.46,46.13,61.0,13.64,32.95,123.4,64.35,18.75,,29.2,22.2
2022-08-26 07:00:00,14.53,85.76,28.58,44.61,49.98,18.83,46.48,17.46,81.71,77.08,22.68,20.28,54.24,79.49,39.47,23.76,10.72,17.79,16.36,63.54,28.8,8.49,12.76,112.2,69.94,20.72,83.3,47.07,38.18,54.03,11.79,51.67,75.09,13.18,8.4,23.76,16.57,25.1,18.66,8.6,13.27,46.41,60.3,13.48,32.5,123.0,63.52,18.54,,28.85,22.12
2022-08-29 07:00:00,14.39,84.34,28.29,44.19,50.24,18.21,46.22,17.13,82.39,76.01,24.22,20.12,53.8,81.07,38.79,23.33,10.58,17.41,15.86,63.36,28.24,8.33,12.66,112.2,71.69,20.64,82.1,44.98,37.65,53.43,11.54,51.98,75.09,13.0,8.26,23.61,16.3,24.85,18.31,8.33,12.94,46.41,59.7,13.43,31.8,122.0,62.37,18.31,,28.4,21.81
2022-08-30 07:00:00,14.39,86.14,28.87,45.09,50.33,17.67,46.02,17.43,84.76,75.26,24.09,19.82,53.74,82.04,38.1,24.92,10.72,17.45,15.71,63.36,28.31,8.46,12.79,113.7,71.01,20.72,82.2,46.07,37.08,52.47,11.46,52.17,75.05,13.44,8.24,23.69,16.0,24.65,18.31,8.19,13.03,48.38,59.9,13.27,31.8,122.4,62.78,18.4,,28.4,22.0
2022-08-31 07:00:00,14.44,87.18,29.02,45.09,51.29,18.44,47.87,17.34,84.25,75.18,24.0,19.73,53.87,80.8,38.56,24.64,10.89,17.41,15.94,63.64,27.79,8.49,12.84,114.5,71.69,22.14,81.9,46.15,37.04,52.65,11.59,53.28,75.05,13.26,8.34,23.65,16.04,24.8,18.4,8.33,13.08,47.25,61.0,13.27,31.85,121.6,62.37,18.66,,27.7,22.06
2022-09-05 07:00:00,14.36,85.76,28.65,45.44,52.26,18.41,47.21,17.16,85.78,75.51,24.22,19.69,53.62,80.32,38.79,24.5,10.76,18.09,17.05,63.64,27.64,8.46,12.76,115.5,70.23,22.51,81.5,45.9,36.78,52.42,11.59,53.53,75.09,13.11,8.26,23.47,15.84,24.7,18.23,8.26,13.08,46.46,61.0,13.03,32.0,120.0,64.02,18.37,,27.55,22.06
2022-09-06 07:00:00,14.44,84.25,29.05,45.09,51.82,18.37,47.21,17.34,85.19,76.01,23.34,19.69,53.37,80.38,38.56,24.22,10.89,17.82,16.93,63.64,27.19,8.54,12.79,115.0,70.62,22.51,82.1,45.99,36.43,52.29,11.83,53.4,75.33,13.11,8.29,23.47,15.87,24.7,18.26,8.22,13.08,46.52,61.1,13.05,31.65,119.7,64.27,18.43,,28.05,21.95
2022-09-07 07:00:00,14.24,83.3,27.42,43.01,49.63,17.09,44.43,16.79,79.85,75.18,22.55,19.73,52.25,77.28,36.93,24.13,10.64,17.41,16.47,63.64,26.51,8.36,12.44,112.0,68.49,22.46,83.8,44.98,35.11,50.91,11.59,51.36,75.09,12.75,7.83,23.47,15.07,24.35,17.74,7.91,12.75,45.0,59.5,13.0,31.25,113.9,62.53,17.78,,27.65,21.8
2022-09-08 07:00:00,14.06,83.39,26.62,42.46,49.1,16.62,44.36,16.48,81.97,74.6,22.9,19.92,52.44,77.14,36.43,23.38,10.4,17.48,15.94,63.64,26.66,7.9,12.33,115.0,69.27,22.06,85.0,45.15,34.93,51.6,11.34,50.31,76.57,12.64,7.49,23.43,14.73,23.9,17.67,7.71,12.57,43.88,59.6,12.52,31.45,115.0,62.53,17.55,,27.4,21.49
2022-09-09 07:00:00,14.06,85.1,26.84,42.94,49.63,17.55,45.09,16.48,83.41,74.6,23.65,19.89,52.44,78.66,37.57,23.71,10.52,18.01,16.47,63.64,26.66,7.9,12.28,116.1,69.75,23.6,84.7,44.73,35.28,51.28,11.63,52.54,77.41,12.86,7.65,23.39,14.83,23.75,17.79,7.64,12.61,44.33,59.9,12.52,32.2,118.0,62.7,17.9,,27.5,21.54
2022-09-12 07:00:00,13.92,85.38,26.77,42.73,49.63,17.09,45.89,16.6,85.78,76.01,23.12,19.79,52.62,78.45,37.31,23.38,10.46,18.01,16.47,63.54,26.89,7.95,12.22,115.0,71.69,24.25,83.9,44.81,35.33,51.46,11.67,52.66,77.89,12.78,7.62,23.1,14.6,23.1,17.71,7.64,12.59,44.49,61.4,12.39,32.0,117.5,62.2,17.87,,28.75,21.7
2022-09-13 07:00:00,13.95,86.24,26.69,43.36,49.54,17.13,45.56,16.88,86.62,75.02,23.16,20.08,52.62,78.8,37.23,23.43,10.56,17.94,16.09,63.26,26.89,8.01,12.2,114.0,71.78,24.29,83.5,43.31,35.2,51.83,11.71,53.22,76.29,12.64,7.7,23.1,14.47,23.05,17.62,7.64,12.54,44.21,60.7,12.39,32.05,117.4,62.53,17.9,,28.35,21.63
2022-09-14 07:00:00,13.77,86.71,26.48,43.15,49.45,17.48,47.01,16.58,85.95,74.77,22.81,21.48,52.25,77.62,37.72,23.38,10.28,17.94,16.64,62.69,26.81,8.01,12.11,112.0,71.4,23.96,83.5,42.56,34.58,51.23,11.71,52.97,73.5,12.53,7.57,23.03,14.67,23.05,17.38,7.53,12.4,44.04,60.0,12.29,31.7,116.2,61.13,17.78,,28.5,21.39
2022-09-15 07:00:00,13.8,92.78,25.93,43.64,49.63,17.94,47.74,16.51,84.76,75.26,23.21,22.94,52.06,77.14,37.72,23.85,10.26,17.86,16.64,62.12,26.66,7.95,11.98,112.0,71.59,24.45,85.3,42.89,34.49,51.32,11.96,53.22,74.01,12.49,7.54,23.06,14.47,23.05,17.29,7.53,12.4,44.55,60.5,12.21,31.95,116.0,61.54,17.78,,28.85,21.41
2022-09-16 07:00:00,13.56,92.87,25.75,43.22,49.1,17.2,46.55,16.08,82.56,75.1,22.94,22.16,51.32,76.59,37.19,23.01,10.19,17.41,15.81,61.64,25.46,7.63,11.79,112.8,69.75,25.1,86.4,44.73,34.36,51.92,11.79,52.04,74.01,12.06,7.33,23.1,14.13,22.45,17.01,7.29,12.29,45.0,59.6,12.07,31.25,115.7,62.78,17.93,,29.85,21.05
2022-09-19 07:00:00,13.39,92.21,24.81,42.39,46.56,16.0,44.96,15.65,79.6,74.52,21.36,22.68,51.69,74.52,35.67,21.42,9.99,17.14,14.71,61.26,25.27,7.34,11.36,112.5,68.3,24.45,85.0,42.64,33.35,51.37,11.17,50.93,74.01,12.06,6.95,23.03,13.3,21.6,16.56,6.88,11.68,44.33,58.4,11.7,31.45,115.0,62.12,17.55,,29.1,20.95
2022-09-20 07:00:00,13.42,91.45,25.5,42.39,47.7,16.43,44.83,15.96,81.54,75.02,22.11,22.94,51.88,75.28,36.43,21.98,10.11,17.41,14.89,61.74,25.08,7.58,11.55,113.3,69.46,24.29,84.6,43.23,33.35,51.83,11.34,51.92,74.89,12.17,7.17,23.1,13.83,22.15,16.56,7.19,11.87,44.55,58.9,11.83,31.95,116.1,62.62,17.61,,29.05,20.93
2022-09-21 07:00:00,13.24,91.26,25.21,42.46,48.31,16.66,44.7,15.68,80.44,73.78,21.73,22.42,51.19,75.21,36.39,21.74,10.07,17.33,14.8,61.08,23.62,7.52,11.47,112.0,67.81,24.12,84.6,43.14,33.27,52.24,11.13,51.86,75.09,12.2,7.11,23.03,13.73,21.75,16.3,7.4,11.8,44.38,58.3,11.68,31.55,115.0,63.52,17.31,,28.6,20.72
2022-09-22 07:00:00,13.36,91.07,25.5,41.83,48.4,17.13,45.03,15.59,81.29,74.19,22.11,22.78,51.57,76.59,37.19,22.07,10.07,17.41,15.03,60.5,23.62,7.55,11.49,110.0,67.91,25.78,84.6,43.14,32.96,52.29,11.3,52.23,74.69,12.28,7.14,22.95,14.1,21.95,16.32,7.67,11.84,43.88,57.7,11.94,31.65,115.0,63.52,17.19,,28.65,20.82
2022-09-23 07:00:00,13.24,89.74,25.21,41.56,51.2,16.82,45.82,15.35,79.17,73.53,21.8,22.55,51.26,77.62,36.96,21.84,9.91,17.18,14.89,60.6,23.51,7.42,11.36,108.6,67.23,25.22,84.5,42.47,32.65,52.24,11.09,51.73,74.69,12.42,7.0,22.81,13.8,21.45,16.16,7.57,11.7,42.69,57.2,11.83,31.3,112.8,63.36,16.87,,28.5,20.82
2022-09-26 07:00:00,13.01,88.89,24.23,40.58,50.77,15.73,44.36,14.43,73.67,72.21,20.48,22.81,50.7,78.38,35.98,21.51,9.56,16.95,13.97,60.32,22.23,7.07,10.87,107.7,65.87,24.69,84.5,42.14,31.69,50.96,10.59,48.58,73.9,12.1,6.63,22.37,13.03,20.5,15.71,7.88,11.63,42.19,55.9,11.97,31.0,110.1,61.13,16.2,,26.65,20.27
2022-09-27 07:00:00,13.13,88.13,24.45,40.93,50.33,15.11,44.63,14.4,70.03,73.2,20.65,23.07,50.07,76.93,35.98,21.28,9.84,16.95,13.88,60.32,22.08,7.2,10.92,107.7,65.0,25.74,84.5,41.8,31.07,50.96,10.72,48.82,74.01,11.88,6.82,22.4,13.06,20.5,15.83,8.33,11.63,41.79,54.1,12.34,30.5,110.5,59.81,16.08,,26.65,20.23
2022-09-28 07:00:00,12.89,86.24,24.3,39.89,49.1,15.42,41.52,14.3,66.05,73.2,20.83,22.75,48.52,71.76,35.29,20.76,9.77,16.5,13.79,60.03,22.08,6.99,10.79,102.1,62.97,23.96,84.2,42.06,30.63,50.91,10.63,46.47,73.1,11.73,6.68,22.4,13.2,20.3,15.71,8.02,11.52,42.19,51.2,12.1,28.75,110.1,59.31,16.3,,26.85,20.17
2022-09-29 07:00:00,12.89,80.27,24.3,39.89,46.91,15.19,38.67,13.87,61.48,71.46,19.84,23.89,47.9,72.45,35.94,19.55,9.77,16.39,13.61,59.74,21.74,6.93,10.71,100.0,62.0,22.3,84.8,42.47,30.15,50.91,10.39,46.41,73.02,11.73,6.63,22.4,12.9,19.7,15.59,7.47,11.54,41.63,50.8,11.75,27.3,110.1,60.06,15.86,,27.2,19.9
2022-09-30 07:00:00,13.01,85.86,24.59,39.96,46.91,15.0,38.21,14.24,65.71,70.64,20.63,22.23,50.07,75.9,36.43,19.55,9.77,16.05,13.61,59.36,21.07,6.93,10.82,99.0,62.0,23.03,84.9,42.72,28.88,49.08,10.22,47.65,73.9,11.77,6.66,22.44,13.23,20.6,15.35,7.78,11.68,41.18,50.7,11.68,27.5,110.9,59.72,15.86,,28.0,19.92
2022-10-03 07:00:00,12.66,85.29,22.89,38.23,43.66,13.95,35.56,13.26,62.49,70.72,19.2,21.64,47.9,73.83,36.01,18.19,9.38,14.95,12.69,59.18,19.6,6.48,10.11,94.0,57.74,21.45,82.0,42.64,28.39,45.68,9.52,45.3,72.78,10.97,6.36,21.78,12.33,19.2,14.29,7.43,11.14,39.71,50.4,11.22,27.75,110.0,58.65,14.98,,26.1,18.8
2022-10-04 07:00:00,12.3,83.68,22.49,38.16,42.26,13.33,33.11,12.74,62.75,69.81,18.27,21.12,48.21,73.14,36.89,17.07,9.43,14.27,12.0,59.18,19.64,6.29,10.17,90.5,59.09,21.05,82.0,42.72,28.09,45.18,9.6,45.48,75.09,11.22,6.15,21.63,11.89,18.75,14.31,7.36,11.12,40.11,50.6,11.28,28.5,112.9,58.57,14.8,,26.7,18.5
2022-10-05 07:00:00,12.19,85.48,23.07,38.92,44.37,14.26,34.9,13.5,65.03,70.22,19.09,22.59,48.77,73.83,37.91,17.86,9.43,14.53,12.46,61.74,20.65,6.45,10.38,91.4,60.26,22.51,82.0,42.89,28.97,46.96,10.01,47.96,75.49,11.55,6.26,22.0,12.46,19.25,14.41,7.57,11.21,40.22,53.8,11.38,30.0,115.0,59.15,14.98,,27.0,18.98
2022-10-06 07:00:00,11.72,84.34,22.49,39.27,42.87,14.3,33.7,13.14,60.63,69.4,18.8,24.02,47.58,73.76,37.19,16.65,9.26,13.62,11.63,61.08,19.71,6.02,9.79,86.7,56.19,21.45,80.2,42.47,28.26,47.15,9.43,45.85,74.21,10.97,5.88,21.85,11.63,18.0,13.84,7.05,11.21,39.43,53.6,11.01,30.05,114.2,57.82,14.54,,26.5,18.72
2022-10-07 07:00:00,10.93,80.71,21.18,38.85,42.26,13.95,31.35,12.25,56.99,69.4,18.05,24.18,46.03,70.38,36.92,15.53,8.9,13.32,10.85,60.6,18.78,5.62,9.17,81.5,52.31,21.66,79.0,41.39,27.91,47.24,8.81,45.48,74.69,10.79,5.54,21.52,11.23,16.75,12.87,6.58,10.44,37.52,53.8,10.61,30.1,115.0,57.66,13.52,,26.0,17.66
2022-10-10 07:00:00,10.96,83.58,21.76,39.47,43.84,14.07,30.92,12.71,60.97,68.57,19.31,24.18,46.03,73.14,37.74,15.81,8.62,13.89,11.58,59.84,19.45,5.45,9.33,80.5,55.32,22.53,76.4,41.89,29.4,48.16,9.1,47.09,73.69,10.53,5.4,21.3,11.63,17.0,12.19,6.88,9.72,36.62,53.9,10.59,30.1,110.0,58.24,13.52,,25.4,
2022-10-11 07:00:00,10.25,78.61,20.67,37.81,41.21,13.1,28.77,12.16,59.1,66.92,19.16,24.05,44.16,73.21,36.69,14.73,8.26,13.25,11.72,59.36,18.33,5.07,8.68,79.8,53.67,20.95,75.0,40.8,28.97,47.97,8.48,46.41,73.3,9.81,5.03,20.46,10.82,15.85,11.34,6.4,9.04,34.88,51.8,10.27,30.0,107.0,57.99,13.52,,23.65,16.86
2022-10-12 07:00:00,10.96,81.19,22.09,39.2,42.57,13.37,29.3,12.98,62.66,69.56,20.48,24.05,45.04,73.83,37.35,15.31,8.57,14.15,12.5,58.42,19.6,5.43,9.28,81.1,55.7,21.25,76.0,40.68,29.76,48.16,8.77,47.4,73.3,9.91,5.37,21.74,11.53,16.95,11.72,6.72,9.58,36.0,52.5,10.4,30.0,108.7,59.15,14.1,,24.2,17.54
2022-10-13 07:00:00,11.69,81.19,23.54,40.38,43.18,13.1,30.62,13.75,63.93,69.4,20.52,24.57,45.41,74.52,37.66,15.35,8.57,14.76,12.73,58.7,19.9,5.48,9.41,78.7,55.8,21.87,75.5,40.93,29.58,47.93,8.77,46.97,75.89,10.17,5.51,21.71,11.69,17.65,11.95,6.69,9.62,37.41,52.8,10.45,30.2,108.7,60.96,14.1,,25.6,17.7
2022-10-14 07:00:00,12.22,81.19,23.94,41.14,44.45,13.48,30.79,13.94,67.57,68.82,20.92,23.98,46.03,75.76,37.11,15.79,8.67,14.72,13.01,59.94,19.9,5.8,9.63,79.0,58.03,21.99,76.0,40.93,29.58,48.2,8.94,47.83,75.25,10.13,5.88,21.74,11.96,17.65,12.14,6.69,9.62,38.31,51.9,10.72,29.85,109.0,61.13,14.23,,25.2,18.0
2022-10-17 07:00:00,12.28,80.24,23.72,40.86,44.45,13.25,31.25,13.84,70.37,68.49,21.58,24.05,45.91,76.93,37.19,15.93,8.41,14.57,12.92,58.89,19.23,5.91,9.46,79.0,57.06,22.57,75.0,41.47,28.88,48.16,9.23,49.38,73.93,9.91,6.15,21.63,12.03,18.15,11.86,6.63,9.62,37.29,49.5,10.56,28.0,109.0,61.21,14.05,,24.9,17.75
2022-10-18 07:00:00,12.54,82.14,23.79,41.97,44.63,14.14,31.58,14.12,69.01,68.9,21.2,24.05,46.59,76.59,37.11,16.12,8.57,14.27,12.78,58.7,19.75,5.91,9.49,82.0,57.16,22.82,75.1,41.55,29.18,48.62,9.19,49.57,75.81,10.39,6.02,21.63,11.89,17.7,11.95,6.82,9.62,38.08,50.5,10.59,29.2,109.1,63.19,14.05,,25.8,17.95
2022-10-19 07:00:00,12.36,81.19,23.94,41.69,44.89,14.03,30.82,14.24,69.01,71.05,21.14,24.08,46.96,75.28,37.66,15.88,8.52,13.93,12.23,58.42,19.41,5.86,9.46,80.0,57.16,22.08,75.0,41.39,29.18,49.3,9.1,49.5,76.25,10.39,5.96,21.63,11.79,17.3,11.9,6.78,9.6,38.19,50.0,10.83,29.25,109.1,63.28,14.05,,25.2,18.01
2022-10-20 07:00:00,12.51,81.19,24.05,42.25,44.72,13.64,30.82,14.27,66.47,74.35,20.7,24.05,48.39,76.52,37.85,15.55,8.57,13.7,12.32,58.42,19.15,5.78,9.28,80.2,56.57,21.25,75.1,40.97,29.4,49.35,8.98,50.25,76.41,10.35,5.8,21.63,11.63,17.15,11.62,6.68,9.62,38.93,50.0,10.59,29.3,108.9,64.02,14.05,,25.1,17.92
2022-10-21 07:00:00,11.95,79.76,23.65,41.49,42.13,12.71,28.67,13.29,61.9,74.35,19.33,23.92,45.97,73.97,35.79,14.49,8.41,12.79,11.49,58.8,17.91,5.4,8.71,74.8,52.7,21.16,75.0,40.72,27.65,48.02,8.52,48.89,77.09,10.21,5.48,21.12,10.82,15.95,10.82,6.23,9.39,38.25,47.95,10.19,28.4,108.9,63.61,13.7,,24.0,17.09
2022-10-24 07:00:00,11.43,78.32,22.02,41.49,42.0,11.86,26.68,12.89,61.82,72.7,18.5,23.72,44.23,73.97,33.3,13.48,8.13,12.41,10.71,58.6,16.67,5.02,8.44,72.8,49.02,21.41,74.4,39.3,25.72,46.55,8.18,47.52,72.3,9.81,5.29,20.9,10.09,14.85,10.06,5.79,9.41,38.25,44.6,10.0,28.25,107.0,61.13,13.57,,22.35,16.5
2022-10-25 07:00:00,11.95,78.32,22.7,41.9,43.84,11.86,26.82,13.78,63.51,73.12,19.77,25.35,45.53,73.97,33.15,12.76,8.16,12.94,11.45,58.89,15.77,5.37,8.87,75.0,50.37,21.83,75.0,39.05,24.58,46.6,8.25,48.58,75.01,9.19,5.64,21.27,10.06,14.9,10.06,5.54,9.41,39.32,44.6,10.22,28.05,108.0,62.78,13.61,,23.0,16.61
2022-10-26 07:00:00,12.1,78.23,22.99,43.15,44.89,11.62,26.68,13.75,64.61,72.54,19.6,25.93,45.91,74.52,33.46,12.95,8.13,12.79,11.31,59.27,16.3,5.56,8.87,78.0,50.28,21.83,74.5,38.04,24.36,47.42,8.28,49.13,74.33,9.3,5.59,21.27,9.92,15.0,10.11,5.2,9.34,39.38,43.5,10.11,27.4,107.5,62.78,13.7,,22.2,16.68
2022-10-27 07:00:00,12.92,78.04,24.59,46.14,46.47,12.24,28.54,14.7,66.9,72.54,20.26,27.3,47.15,75.9,35.71,13.82,8.46,13.17,12.09,58.51,17.27,5.94,9.46,83.0,51.63,22.08,73.9,37.96,25.54,47.52,8.61,50.12,75.05,9.81,5.96,22.73,10.59,16.05,10.79,5.55,9.81,40.33,44.0,10.56,27.5,108.0,64.85,14.58,,23.75,17.34
2022-10-28 07:00:00,13.07,78.13,24.52,45.41,46.03,12.09,29.14,14.76,65.54,72.21,19.6,25.61,46.65,75.21,36.1,13.91,8.41,12.72,11.26,58.6,17.27,6.07,9.55,83.9,51.54,21.83,72.5,37.29,25.45,47.93,8.57,49.38,74.33,9.81,5.88,22.7,10.62,16.15,11.53,5.66,9.74,40.28,44.9,10.45,27.85,107.8,64.43,14.41,,23.7,17.5
2022-10-31 07:00:00,13.13,78.13,25.06,44.61,46.03,11.78,27.88,15.1,65.12,71.05,19.07,24.05,47.02,76.66,35.75,13.82,8.36,11.85,10.48,58.42,17.05,6.31,9.57,85.5,49.99,21.08,70.0,36.54,25.02,47.75,8.57,48.89,74.01,9.73,6.12,22.7,10.89,16.15,11.62,5.5,9.67,41.34,45.0,10.4,27.7,107.6,64.85,14.41,,24.6,17.58
2022-11-01 07:00:00,13.15,77.46,24.7,47.68,46.47,12.24,27.74,15.01,63.25,70.39,19.22,23.4,46.96,75.9,35.99,13.91,8.46,11.35,10.71,58.42,17.12,6.45,9.74,86.5,48.53,21.66,70.0,35.45,25.54,46.96,8.57,47.65,73.33,9.73,6.2,22.73,11.33,16.9,12.12,5.59,10.18,42.19,45.0,10.69,27.7,106.3,66.25,15.15,,26.25,17.52
2022-11-02 07:00:00,12.77,76.89,24.45,45.85,45.59,12.36,27.84,14.73,61.56,71.05,18.16,22.13,46.03,75.9,35.6,13.63,8.39,11.62,11.4,58.42,17.27,6.23,9.68,81.0,46.5,21.33,69.2,34.95,25.72,46.73,8.44,46.47,73.3,9.77,6.04,22.7,11.02,16.9,11.9,5.54,10.07,41.4,44.9,10.99,27.7,105.0,64.68,15.42,,25.8,17.39
2022-11-03 07:00:00,12.51,75.46,23.94,44.97,45.94,12.59,27.81,14.49,61.98,70.72,18.5,22.75,46.09,76.87,36.8,13.67,8.16,11.5,10.94,58.89,17.31,6.29,9.55,85.4,47.95,19.88,64.4,33.69,25.67,47.15,8.36,46.6,72.7,9.7,5.94,22.33,11.02,17.25,12.21,5.4,9.93,41.06,45.0,10.77,27.55,102.7,66.09,15.42,,26.0,17.42
2022-11-04 07:00:00,11.81,70.68,24.16,44.61,43.84,11.74,26.09,15.04,60.12,69.98,18.01,21.22,45.35,76.59,37.89,12.81,7.85,11.09,10.21,58.7,16.11,6.13,9.68,84.3,44.61,19.92,59.9,31.35,25.28,43.86,8.11,43.38,72.7,9.41,6.02,22.22,10.26,16.6,12.05,5.03,9.95,40.39,44.5,10.48,27.15,100.1,66.09,14.93,,26.0,16.93
2022-11-07 07:00:00,12.1,71.64,24.16,41.54,42.87,10.93,24.27,14.33,59.61,69.15,18.01,19.76,45.16,77.9,37.27,11.95,7.32,10.37,9.52,58.42,14.98,5.72,9.17,84.5,41.51,18.55,55.8,29.18,25.32,44.14,8.1,42.39,73.5,8.75,5.72,22.0,9.56,15.5,11.22,4.68,9.39,40.39,43.9,9.79,26.7,100.2,67.9,15.07,,25.5,16.55
2022-11-08 07:00:00,12.48,71.35,25.32,38.76,44.54,11.24,22.58,14.64,60.12,69.15,18.34,19.5,45.6,78.94,36.26,12.52,7.39,9.95,8.85,57.94,15.25,6.07,9.3,86.0,43.21,18.92,51.9,27.17,25.85,44.79,8.65,43.19,73.1,8.75,5.96,22.07,10.02,16.45,11.41,4.99,9.58,40.84,43.8,9.84,26.65,100.4,68.07,15.15,,25.25,16.56
2022-11-09 07:00:00,12.16,71.16,26.22,40.59,44.98,11.04,22.18,15.01,60.04,69.15,18.5,18.13,46.03,80.32,35.4,12.76,7.55,9.84,8.6,58.89,15.25,6.13,9.17,87.0,44.08,19.09,48.3,25.29,26.44,44.97,8.98,42.7,73.69,8.83,5.88,22.07,9.96,16.25,11.5,5.22,9.44,41.63,44.55,9.76,26.85,100.6,66.83,15.42,,25.4,16.54
2022-11-10 07:00:00,11.72,70.01,25.17,37.81,42.66,10.31,20.66,13.97,55.89,67.33,17.22,16.87,45.41,78.25,34.12,11.9,7.44,9.16,8.0,56.99,14.27,5.72,8.55,81.0,41.03,17.8,44.95,23.54,24.71,44.84,8.48,42.08,73.69,8.57,5.48,21.34,9.29,15.15,10.75,4.86,9.3,40.95,43.95,9.29,26.5,100.0,64.76,14.36,,24.8,15.6
2022-11-11 07:00:00,12.19,70.3,26.11,38.17,42.96,9.61,19.24,14.49,51.99,67.25,17.53,15.7,45.28,78.59,34.47,11.08,7.55,9.31,7.45,58.22,15.17,5.75,8.65,86.5,41.66,19.05,41.85,21.91,24.89,44.93,8.77,42.82,75.01,8.54,5.35,22.04,9.42,15.6,10.77,4.52,9.3,42.47,44.15,9.29,27.15,101.3,64.76,14.36,,25.3,15.2
2022-11-14 07:00:00,11.89,69.25,26.04,38.39,41.73,8.95,17.91,14.67,48.44,68.08,16.34,14.62,44.04,78.52,32.68,10.32,7.44,9.23,7.03,57.09,15.25,5.53,8.22,89.1,39.38,18.96,38.95,20.4,24.25,44.65,8.52,42.45,77.89,8.28,5.09,21.82,9.52,15.85,10.49,4.21,9.2,42.24,44.0,9.23,27.5,101.9,65.26,13.83,,25.35,15.8
2022-11-15 07:00:00,11.19,69.16,24.23,38.03,38.84,8.33,16.69,14.36,45.05,66.01,15.21,13.62,40.99,76.93,30.42,9.6,7.14,9.46,6.76,57.09,14.57,5.15,7.65,89.4,36.67,17.68,36.25,18.98,22.56,43.5,7.93,39.48,74.49,7.74,4.74,21.49,9.29,15.1,9.78,3.92,9.3,42.19,43.4,9.02,28.5,101.8,63.61,12.91,,24.95,15.3
2022-11-16 07:00:00,11.95,71.45,25.9,39.49,41.47,8.91,17.84,15.22,48.18,67.33,16.27,12.67,43.11,80.73,32.29,10.27,7.6,10.1,7.23,57.28,15.21,5.51,8.17,90.9,39.19,18.84,33.75,17.68,23.79,44.84,8.36,41.71,72.22,7.95,5.07,21.85,9.92,16.15,10.44,4.19,9.74,42.24,44.9,9.55,30.2,101.9,61.54,13.66,,26.55,16.15
2022-11-17 07:00:00,12.33,75.36,25.86,40.51,41.56,8.76,18.87,15.35,49.96,67.91,16.6,11.8,44.16,82.59,32.76,10.94,7.8,10.79,7.73,56.52,16.18,5.89,8.49,97.0,40.49,18.84,31.4,16.47,23.47,46.22,8.36,42.45,73.1,8.06,5.35,22.15,10.56,17.2,10.84,4.48,9.74,43.03,47.95,9.79,32.3,102.1,62.78,13.66,,28.4,16.51
2022-11-18 07:00:00,12.39,73.55,26.08,39.27,42.35,9.34,18.8,15.16,46.49,68.74,16.29,12.61,44.48,78.87,32.91,11.66,7.65,11.43,8.27,55.76,16.6,6.18,8.49,95.2,40.83,19.09,29.25,15.34,22.97,46.27,8.36,42.7,71.58,8.24,5.4,22.0,10.86,17.1,10.72,4.79,9.62,43.03,48.0,9.76,32.8,102.2,63.61,13.66,,27.6,16.65
2022-11-21 07:00:00,12.07,73.07,25.75,39.42,41.82,9.96,18.87,14.8,43.27,67.75,15.85,11.73,43.6,76.8,32.52,12.48,7.55,11.32,8.84,56.04,16.82,6.03,8.49,95.1,39.38,20.12,27.25,14.3,23.15,47.19,8.52,43.01,72.94,8.36,5.56,21.85,10.76,16.7,10.51,5.12,9.62,42.19,46.95,9.82,32.0,100.6,64.35,13.66,,26.3,16.29
2022-11-22 07:00:00,11.92,71.64,26.44,40.07,42.22,9.92,19.6,14.67,43.27,68.32,15.85,12.54,43.85,75.35,33.26,12.09,7.47,11.2,8.46,57.94,16.86,6.16,8.55,91.8,38.94,19.92,25.35,13.34,23.97,47.61,8.57,43.32,72.38,8.56,5.56,21.85,10.92,16.9,10.32,5.48,9.65,41.34,45.3,9.66,30.5,98.1,65.67,13.66,,26.15,16.12
2022-11-23 07:00:00,12.1,71.64,27.13,38.39,42.66,9.26,19.6,14.98,44.03,67.75,15.96,12.64,43.85,74.66,34.08,12.04,7.47,10.45,7.93,58.22,16.41,6.07,8.49,92.9,39.23,20.75,23.6,12.42,24.39,48.86,8.65,43.44,72.7,8.4,5.54,21.74,10.56,17.5,10.39,5.46,9.34,41.34,44.4,9.5,29.85,100.4,65.59,13.26,,26.15,16.06
2022-11-24 07:00:00,12.3,71.64,27.56,38.03,42.7,9.26,19.2,15.1,43.19,67.58,16.07,12.32,43.85,73.0,35.79,12.48,7.55,10.86,8.48,58.13,15.77,6.18,8.49,89.0,36.52,20.58,21.95,11.58,25.16,49.0,8.77,43.19,72.1,8.56,5.46,21.67,10.69,18.2,10.46,5.57,9.34,41.06,45.0,9.47,30.5,101.2,67.08,13.3,,27.1,16.02
2022-11-25 07:00:00,12.6,71.54,29.02,39.49,43.87,9.88,20.2,15.84,42.68,66.67,16.56,12.41,44.79,72.31,35.79,12.95,7.62,11.58,9.07,58.42,16.86,6.58,8.76,94.0,36.62,20.95,20.45,10.79,25.85,49.09,8.98,43.56,71.9,9.02,5.72,21.85,11.43,18.9,10.87,5.93,9.48,41.12,47.0,9.71,32.5,102.0,67.9,13.66,,27.4,16.41
2022-11-28 07:00:00,13.04,73.55,28.65,40.22,43.78,10.54,21.59,16.76,45.64,68.57,17.2,12.64,46.22,77.35,35.95,13.53,7.88,12.38,9.7,58.42,18.02,7.02,9.3,97.2,38.9,21.16,20.45,10.03,26.86,50.38,9.35,44.86,70.74,9.49,6.12,22.04,12.2,19.7,11.62,6.34,9.81,43.14,50.2,10.11,32.5,102.2,67.49,14.19,,29.3,16.85
2022-11-29 07:00:00,12.98,75.46,29.74,40.59,44.15,11.0,21.78,16.82,48.77,67.83,17.83,13.52,46.22,77.28,36.57,13.58,7.88,13.17,10.02,58.42,19.26,7.08,9.3,99.0,41.46,21.16,21.85,10.7,27.08,52.14,9.35,45.11,70.3,9.72,6.24,22.07,12.66,19.75,11.9,6.23,10.04,44.89,53.1,10.06,34.7,102.8,68.56,14.23,,30.5,17.34
2022-11-30 07:00:00,12.95,77.18,29.81,43.36,45.32,11.12,23.18,16.73,51.57,71.05,18.01,14.3,46.4,76.04,36.88,13.63,7.93,13.93,10.34,58.42,20.58,7.08,9.41,102.0,42.72,22.57,23.35,11.41,26.99,52.46,9.64,45.79,71.9,10.11,6.21,22.11,12.86,20.0,12.24,6.26,10.28,45.56,54.5,10.75,34.8,103.0,68.4,14.8,,30.55,17.8
2022-12-01 07:00:00,13.18,77.18,28.29,42.78,44.71,11.24,23.44,16.05,49.11,69.73,17.31,13.65,46.46,73.48,36.02,14.2,8.13,13.78,10.57,58.42,20.43,7.05,9.63,99.0,42.67,21.62,23.35,12.21,28.37,51.77,9.27,46.1,70.06,10.5,6.55,22.22,12.16,19.5,12.94,6.21,10.18,45.0,53.5,10.61,33.0,103.2,68.07,14.8,,30.0,18.1
2022-12-02 07:00:00,13.77,77.18,29.89,41.68,45.08,12.01,24.5,17.16,52.42,69.65,18.19,13.97,48.14,76.73,36.57,14.87,8.41,14.72,11.31,58.42,21.86,7.51,10.17,103.9,45.53,22.28,23.8,13.04,28.78,53.16,9.68,48.27,70.7,10.81,6.89,22.33,13.0,20.85,13.61,6.34,10.65,47.81,57.2,11.36,34.4,106.5,69.39,15.24,,31.55,18.5
2022-12-05 07:00:00,13.83,78.32,29.92,41.98,47.24,11.82,23.9,17.56,54.19,70.88,18.08,14.27,48.7,78.11,37.35,14.97,8.64,15.14,12.09,58.51,23.36,8.04,10.28,105.0,46.11,22.08,22.15,13.92,29.33,53.11,9.52,49.13,71.78,10.73,6.92,22.51,13.9,22.3,13.7,6.14,10.82,47.81,58.3,11.62,34.05,106.9,70.22,15.99,,31.55,18.89
2022-12-06 07:00:00,13.07,76.41,28.36,40.29,44.9,11.0,22.25,16.58,53.35,70.22,18.63,13.32,47.27,75.55,37.74,13.96,8.36,14.08,11.26,58.42,22.19,8.07,9.57,102.0,42.96,21.95,20.6,12.96,27.63,51.35,9.02,48.27,71.3,10.11,6.46,22.4,13.06,20.75,12.78,5.71,10.09,45.0,55.0,10.83,33.3,106.0,68.15,14.89,,29.35,18.1
2022-12-07 07:00:00,13.07,75.65,28.29,41.39,45.18,10.27,21.26,16.79,53.09,69.81,18.72,12.67,47.58,73.69,37.81,13.43,8.11,13.81,10.67,58.42,22.46,7.94,9.36,100.0,43.45,22.24,19.2,13.21,26.72,50.24,9.06,47.9,71.5,10.19,6.43,22.44,12.86,20.3,12.47,5.32,9.79,44.16,55.5,10.85,35.6,106.0,68.15,14.27,,29.5,18.0
2022-12-08 07:00:00,13.27,76.8,28.29,42.85,45.37,10.77,22.71,17.07,54.53,70.97,18.96,13.55,47.9,73.14,37.7,14.11,8.41,14.31,11.4,58.6,22.76,8.44,9.79,96.0,44.56,22.24,17.9,13.88,27.27,51.31,9.27,47.9,71.1,10.23,6.64,22.62,13.73,21.7,13.32,5.68,10.28,43.31,55.4,11.12,34.95,107.0,66.91,14.98,,28.75,18.1
2022-12-09 07:00:00,13.51,75.94,28.43,42.85,44.8,11.08,24.3,17.22,53.86,70.06,18.91,14.49,48.52,73.14,37.07,14.44,8.57,14.53,11.91,58.42,22.57,8.47,9.84,97.0,44.76,22.95,16.65,13.8,27.82,51.72,9.27,49.5,71.1,10.38,6.52,22.55,13.53,22.4,13.35,5.66,10.51,43.48,54.1,11.12,33.9,111.5,66.09,14.89,,28.9,18.18
2022-12-12 07:00:00,13.18,74.5,27.64,41.39,45.37,10.69,25.99,16.85,55.04,70.31,18.94,15.5,47.9,72.45,37.0,14.2,8.26,14.08,11.08,59.36,20.99,8.25,9.57,97.0,44.47,22.82,17.8,12.96,28.46,51.68,9.23,49.5,71.22,10.42,6.46,22.59,12.8,21.3,12.85,5.6,10.7,43.54,50.5,10.8,31.55,111.4,64.85,14.67,,27.05,17.8
2022-12-13 07:00:00,13.51,76.41,28.07,41.54,46.67,11.16,25.96,17.28,55.38,70.14,19.16,16.57,48.02,72.86,37.19,14.39,8.39,14.38,11.68,59.08,20.95,8.28,9.74,97.0,44.95,23.03,18.2,12.96,28.73,52.0,9.43,48.89,71.1,10.54,6.71,22.73,13.63,22.55,13.61,5.78,10.75,43.99,53.0,11.01,30.8,112.0,64.43,15.07,,28.0,17.9
2022-12-14 07:00:00,13.56,76.41,28.14,41.9,46.53,11.2,26.29,17.13,57.24,70.64,19.38,17.68,47.46,74.17,37.04,14.87,8.39,14.53,11.63,58.42,21.03,8.16,9.82,96.0,45.0,22.99,18.5,12.54,28.69,52.23,9.43,48.14,71.5,10.62,6.61,22.73,13.43,23.25,13.61,6.18,10.65,44.33,53.0,10.93,30.4,112.2,64.02,15.02,,27.95,17.96
2022-12-15 07:00:00,13.59,76.32,28.29,42.71,46.3,11.31,25.36,17.34,57.75,70.64,19.38,18.2,48.33,73.35,37.11,14.97,8.54,14.65,11.63,58.42,21.18,8.16,10.25,98.2,45.53,23.2,17.9,12.0,28.59,52.23,9.43,47.77,71.5,10.5,6.71,22.81,13.53,23.25,13.94,6.1,10.75,44.72,50.7,11.14,30.3,112.9,64.1,16.04,,27.9,18.3
2022-12-16 07:00:00,13.48,76.41,28.22,43.15,46.39,11.62,25.96,17.22,57.67,70.88,19.07,17.81,48.46,73.42,36.57,15.16,8.82,15.44,12.41,58.89,20.65,8.16,10.17,93.5,46.35,23.2,18.2,12.12,28.37,52.18,9.48,48.89,70.74,10.5,6.68,22.88,13.7,22.8,13.77,6.26,10.75,44.83,49.3,11.04,29.2,113.0,64.43,16.3,,26.2,18.18
2022-12-19 07:00:00,13.33,75.74,28.14,43.88,45.08,11.16,24.63,16.91,55.8,70.8,19.07,18.13,47.65,72.59,36.18,14.68,8.85,15.14,12.6,58.7,20.05,8.13,9.92,95.0,45.68,22.82,17.5,11.54,27.82,51.77,9.19,47.71,69.9,10.5,6.71,22.95,13.7,22.4,13.82,5.83,10.51,44.55,48.2,11.01,28.25,111.2,63.61,15.82,,27.3,17.99
2022-12-20 07:00:00,13.21,75.94,27.93,43.0,44.9,10.38,22.98,17.19,54.74,70.55,19.6,18.52,47.65,72.31,34.78,13.72,8.49,14.38,12.6,58.89,19.38,7.7,9.52,94.0,45.05,22.2,16.3,10.79,26.86,51.08,8.86,46.66,70.1,10.58,6.49,22.95,13.23,22.45,13.09,5.55,10.28,44.44,48.2,10.45,27.95,111.3,65.01,15.24,,25.75,17.59
2022-12-21 07:00:00,13.36,75.94,28.0,43.44,44.9,9.92,22.18,16.88,53.41,70.55,19.33,18.72,48.02,71.41,35.4,13.63,8.57,14.31,12.09,58.89,18.85,7.82,9.57,94.9,44.95,21.99,15.2,10.03,26.99,50.66,8.65,45.48,70.91,11.32,6.43,23.03,12.9,23.55,13.09,5.48,10.09,44.27,48.5,10.45,27.45,111.6,65.84,15.55,,26.0,17.43
2022-12-22 07:00:00,13.42,76.41,28.29,43.95,45.08,10.31,22.41,16.94,53.41,70.14,19.24,18.2,48.02,69.83,35.95,13.91,8.59,14.31,11.54,59.18,20.17,8.16,9.74,94.4,45.05,23.03,15.5,10.7,28.05,50.38,8.86,45.48,71.04,11.63,6.46,23.25,12.76,23.4,13.09,5.55,10.44,44.61,49.0,10.59,27.5,111.3,64.74,16.26,,26.0,17.7
2022-12-23 07:00:00,13.42,76.22,28.29,44.32,44.8,10.07,22.78,16.97,52.26,70.72,19.02,18.1,48.52,70.03,35.79,13.77,8.67,13.89,10.85,59.36,19.71,8.04,9.6,95.0,44.37,23.82,15.1,10.91,28.27,50.2,9.06,45.73,70.91,11.47,6.37,23.28,12.23,23.5,13.04,5.52,10.28,44.49,49.8,10.43,27.55,111.5,64.07,16.17,,25.8,17.7
2022-12-26 07:00:00,12.95,74.5,28.14,43.66,42.56,9.45,21.55,15.99,48.63,69.81,18.43,17.03,47.52,70.79,34.7,12.81,8.29,12.94,10.11,59.18,18.51,7.48,9.09,91.5,41.27,23.24,14.05,10.16,27.63,49.92,8.52,43.5,70.1,10.7,5.92,23.21,11.39,21.9,12.14,5.14,9.81,44.38,47.0,9.74,26.45,108.9,63.9,15.15,,24.55,17.16
2022-12-27 07:00:00,12.95,76.32,29.02,44.17,43.49,9.96,22.28,16.33,51.55,69.81,18.94,17.61,47.58,71.14,35.71,13.67,8.34,13.81,10.8,59.36,19.79,7.73,9.33,91.6,42.43,23.49,14.4,10.53,28.0,49.92,8.81,44.56,69.5,10.77,6.28,23.47,12.16,22.5,12.42,5.47,9.83,44.49,47.5,10.08,26.7,108.0,64.41,15.77,,25.8,17.5
2022-12-28 07:00:00,12.89,76.32,30.39,44.68,43.68,10.07,22.05,16.67,52.26,70.31,19.05,18.13,47.71,71.07,35.44,13.63,8.26,13.78,10.94,61.74,20.32,8.25,9.44,93.0,41.66,23.86,14.35,11.25,28.82,50.84,8.81,44.43,71.52,11.12,6.21,23.69,12.13,22.9,12.35,5.47,10.0,45.0,47.7,10.08,26.75,110.5,64.74,15.99,,26.9,17.4
2022-12-29 07:00:00,12.89,75.65,29.02,43.95,43.49,10.07,22.02,16.58,51.29,70.14,18.94,17.55,47.4,70.79,35.32,13.24,8.11,13.62,10.62,61.74,20.99,8.1,9.41,94.0,41.56,23.82,14.65,11.2,28.69,53.0,8.69,44.43,70.06,11.28,6.09,23.8,11.76,22.35,12.26,5.44,10.0,45.39,47.8,10.03,26.8,109.2,64.74,15.68,,26.5,17.23
2022-12-30 07:00:00,12.83,76.99,28.0,43.88,43.59,10.0,21.78,16.73,52.17,70.14,18.91,18.17,47.83,70.03,35.32,13.24,8.13,13.62,10.62,61.74,19.9,8.1,9.25,93.0,41.56,23.94,14.0,11.37,29.01,55.4,8.81,44.24,67.63,11.28,6.12,24.13,11.83,22.5,12.21,5.38,9.83,45.0,48.0,10.08,26.9,109.5,63.99,15.77,,26.3,17.33
2023-01-03 07:00:00,13.3,80.24,29.89,45.12,44.62,10.69,23.31,17.19,52.88,71.38,19.18,17.81,49.76,72.45,35.79,14.01,8.41,14.57,11.35,61.74,21.03,8.44,9.74,96.0,42.58,24.19,14.65,12.17,30.15,55.16,9.14,44.86,68.48,11.51,6.4,24.42,12.63,23.5,12.97,5.71,10.23,46.46,49.4,10.56,28.4,111.7,66.01,16.3,,28.1,17.7
2023-01-04 07:00:00,13.27,80.24,29.6,44.46,44.62,10.73,23.31,17.5,53.32,71.88,19.82,17.65,49.76,72.45,35.79,14.25,8.34,14.68,11.63,61.74,20.92,8.35,9.71,99.3,42.14,25.27,14.0,12.54,32.25,54.85,9.1,45.24,69.5,10.89,6.34,24.57,12.7,23.3,12.9,5.63,10.28,46.58,49.0,10.56,28.0,110.4,66.68,16.65,,28.6,17.9
2023-01-05 07:00:00,13.39,80.04,29.56,44.61,44.94,10.77,23.24,17.5,53.94,71.79,19.64,17.94,50.14,73.55,35.83,14.3,8.36,14.99,12.14,61.26,20.8,8.38,9.84,99.5,42.24,24.9,13.7,12.67,32.76,55.16,9.72,46.1,70.59,11.01,6.37,24.68,12.9,24.2,13.06,5.64,10.54,47.25,49.7,10.67,28.1,110.0,68.28,16.7,,29.2,18.07
2023-01-06 07:00:00,13.56,79.18,30.21,44.61,44.94,10.42,22.45,17.56,51.91,71.22,18.67,18.26,49.95,72.24,36.26,13.82,8.39,14.68,11.63,61.26,20.88,8.93,9.87,95.8,41.8,23.86,13.6,12.33,32.12,54.72,9.72,45.98,73.22,10.66,6.49,24.75,12.63,24.3,13.09,5.52,10.51,47.25,49.9,10.93,28.05,107.8,67.1,16.7,,29.25,17.98
2023-01-09 07:00:00,13.54,78.61,29.74,45.12,44.8,10.58,22.38,17.86,51.02,71.38,18.54,18.72,49.95,72.1,36.8,13.82,8.54,14.84,11.49,60.79,20.99,8.81,9.87,96.5,40.69,23.36,13.85,11.91,32.48,54.72,9.6,45.42,72.78,10.54,6.46,24.75,12.7,24.65,13.11,5.51,10.51,48.88,50.2,11.22,27.5,109.2,67.86,16.61,,29.4,18.05
2023-01-10 07:00:00,13.74,78.32,29.96,45.05,44.9,10.85,23.41,17.53,50.05,72.54,18.54,18.26,50.01,72.17,37.31,13.82,8.54,14.99,11.81,58.89,20.95,8.93,9.84,95.4,40.88,23.4,13.95,11.91,33.72,54.6,9.68,44.56,71.36,10.7,6.46,24.71,12.63,24.95,12.97,5.6,10.51,49.11,49.75,11.22,27.25,109.1,68.11,16.48,,29.4,18.07
2023-01-11 07:00:00,14.18,78.32,29.92,44.32,45.46,10.85,23.41,17.86,49.96,73.53,18.34,17.03,50.32,71.9,36.96,13.91,8.52,15.29,12.04,58.89,21.1,8.93,9.87,96.0,41.22,23.73,14.9,12.37,34.08,53.86,9.64,44.86,73.34,10.81,6.49,24.79,12.9,24.7,13.06,5.65,10.49,47.87,50.8,11.25,27.55,110.1,66.76,16.26,,28.5,18.08
2023-01-12 07:00:00,14.36,78.13,30.07,44.17,45.93,10.69,23.08,17.74,49.6,72.54,17.99,16.25,50.2,72.45,37.15,14.2,8.46,15.18,12.14,58.89,20.13,8.96,9.87,93.3,40.78,23.78,14.95,12.25,33.95,53.36,9.72,44.86,72.86,10.7,6.46,24.75,12.9,24.95,13.16,5.58,10.47,47.7,51.5,11.57,27.5,109.8,67.27,16.48,,28.7,18.13
2023-01-13 07:00:00,14.15,78.23,30.32,44.32,45.74,10.62,23.08,17.86,50.4,72.45,18.1,16.74,49.76,72.1,37.15,13.96,8.49,15.1,12.04,58.89,19.68,9.06,9.87,95.0,40.74,23.73,14.3,11.71,33.9,53.54,9.81,44.43,75.33,10.7,6.58,24.75,12.83,25.3,13.13,5.6,10.47,48.26,52.0,11.7,27.5,107.7,67.77,17.09,,28.6,18.36
2023-01-16 07:00:00,14.65,78.23,32.42,45.34,45.04,10.77,23.44,18.42,49.96,72.12,18.05,17.39,50.26,71.07,36.57,14.59,8.62,15.33,12.6,57.94,19.79,9.06,10.01,94.9,40.59,23.44,13.65,11.45,33.67,54.29,9.81,43.87,76.38,10.5,6.58,24.82,12.96,25.5,13.27,5.55,10.28,49.11,51.3,11.83,27.4,107.3,66.76,17.09,,28.5,18.25
2023-01-17 07:00:00,14.82,79.76,32.61,47.17,45.46,11.31,25.06,18.78,52.08,72.7,18.5,17.39,51.01,71.9,37.35,15.11,8.8,16.39,13.47,58.8,20.13,9.21,10.49,97.5,41.7,23.82,14.0,11.79,34.18,54.6,10.06,42.7,75.78,10.62,6.83,24.82,13.63,26.55,13.7,5.84,10.75,50.29,52.0,12.15,27.6,110.6,68.02,17.27,,29.85,18.78
2023-01-18 07:00:00,14.94,80.71,32.71,46.44,45.27,11.47,25.33,18.88,52.44,72.29,18.58,17.35,51.88,71.97,37.97,15.35,8.9,16.42,13.38,58.98,20.88,9.24,10.57,99.9,43.55,23.61,14.15,11.96,34.77,54.91,10.06,42.76,75.78,10.93,6.83,24.86,13.73,26.8,13.75,5.98,11.03,50.63,52.5,12.15,28.35,112.3,68.36,17.31,,29.3,19.0
2023-01-19 07:00:00,15.23,80.52,33.33,46.36,46.67,11.35,25.66,19.09,53.06,73.86,18.61,17.61,52.19,72.1,39.76,15.64,8.92,16.01,13.38,59.65,20.73,9.24,10.6,102.0,44.17,23.61,14.05,11.83,34.77,55.16,10.1,43.26,75.25,11.2,6.86,24.9,14.17,26.8,13.75,5.96,11.21,52.31,52.2,12.15,28.7,114.5,68.36,17.18,,29.65,19.4
2023-01-27 07:00:00,15.44,81.38,32.32,46.73,47.7,11.47,26.16,18.63,52.26,76.92,18.63,17.52,52.25,74.66,40.38,16.17,9.03,16.27,13.74,59.36,20.77,9.27,10.65,103.7,44.47,23.4,13.95,11.45,34.86,58.32,10.1,44.86,78.25,11.2,6.89,24.97,14.0,26.65,13.72,6.0,11.45,52.31,53.3,12.39,29.6,116.2,67.27,17.36,,30.3,19.21
2023-01-30 07:00:00,14.88,81.0,32.28,49.14,47.24,11.82,26.02,18.26,51.73,77.82,19.05,16.9,52.06,73.55,40.15,15.83,9.31,16.46,13.74,58.89,20.84,8.96,10.41,102.0,44.76,22.7,13.95,11.45,33.9,57.2,10.22,45.48,76.99,11.32,6.71,24.82,14.03,25.85,13.56,6.21,11.17,50.57,51.5,12.23,28.85,113.0,66.76,16.96,,29.8,19.0
2023-01-31 07:00:00,15.26,81.0,32.71,47.53,47.14,11.9,26.02,18.72,53.41,77.99,19.24,16.9,51.94,73.35,41.24,16.03,9.51,16.73,14.25,58.7,21.03,9.15,10.57,101.1,45.05,23.9,14.2,11.58,33.67,55.96,10.26,46.16,76.59,11.47,6.77,24.79,14.43,27.1,13.89,6.17,11.68,51.69,50.9,12.5,28.55,116.3,64.83,17.14,,29.7,19.2
2023-02-01 07:00:00,14.77,80.24,31.05,45.05,46.77,11.08,24.2,17.8,53.15,77.49,18.56,16.7,51.01,73.55,40.07,14.92,9.69,15.97,13.47,58.22,19.9,8.53,10.22,95.2,45.63,22.9,14.55,11.62,33.17,53.79,9.89,45.24,75.78,12.25,6.52,24.6,13.46,25.65,13.32,6.02,11.07,50.12,48.0,12.52,27.6,113.9,64.91,16.12,,28.0,18.52
2023-02-02 07:00:00,14.65,80.24,31.3,43.88,46.72,10.73,24.33,17.92,52.35,77.49,18.76,16.44,50.94,73.83,41.24,14.63,9.36,16.12,13.33,57.09,19.98,8.44,10.25,96.7,48.34,22.32,14.2,11.5,33.12,53.05,9.93,44.8,75.98,12.25,6.43,24.53,13.46,26.15,13.23,5.79,11.17,50.96,47.9,12.52,27.9,112.0,64.49,16.21,,28.85,18.55
2023-02-03 07:00:00,14.36,80.24,31.45,43.58,46.49,10.81,24.43,17.83,52.08,79.81,18.85,16.44,49.82,72.59,42.48,14.78,9.46,15.97,13.52,56.8,20.24,8.59,10.06,96.5,46.31,22.45,14.95,11.45,34.13,50.94,10.06,43.63,78.13,12.52,6.43,23.32,13.2,26.05,12.8,5.83,11.21,52.31,48.1,12.9,28.0,109.1,63.9,16.08,,29.2,18.49
2023-02-06 07:00:00,14.59,80.24,32.64,42.78,47.33,10.77,24.5,18.36,51.38,79.97,18.98,16.77,50.07,73.14,43.73,14.97,9.43,16.01,13.38,56.99,20.54,8.59,10.11,96.3,45.68,23.28,15.4,11.5,35.5,51.99,10.39,45.11,79.18,12.13,6.43,23.36,13.36,25.7,13.2,6.1,11.26,54.0,47.95,12.55,28.0,109.5,65.08,16.3,,29.5,18.56
2023-02-07 07:00:00,14.41,80.24,31.77,43.36,46.02,10.46,23.84,17.92,49.25,80.47,18.78,16.25,50.2,73.35,41.7,14.2,9.18,14.95,12.46,56.61,20.43,8.38,9.92,94.1,44.27,23.32,14.6,10.7,35.69,51.56,10.1,45.48,77.48,11.32,6.24,23.43,12.73,25.75,12.94,5.92,11.4,51.75,46.8,12.23,27.5,109.4,63.99,15.82,,28.55,18.49
2023-02-08 07:00:00,14.44,80.71,32.28,44.61,46.07,10.73,23.8,18.36,48.72,79.48,19.02,15.89,50.51,74.04,40.54,14.15,9.33,15.78,13.29,56.61,20.28,8.59,9.95,93.5,43.11,23.32,14.3,10.33,34.04,51.44,10.14,45.48,79.91,11.32,6.24,23.47,13.03,25.0,13.16,5.88,11.49,52.99,46.6,12.31,27.2,108.0,63.74,15.82,,28.5,18.38
2023-02-09 07:00:00,14.36,80.9,31.92,44.46,46.16,10.66,23.87,18.05,48.9,78.82,18.76,16.02,50.2,74.59,41.86,14.35,9.28,15.59,13.1,55.85,20.24,8.59,9.98,91.8,42.62,23.24,14.15,10.07,34.68,51.44,9.93,44.86,78.53,11.32,6.24,23.47,12.93,24.45,12.9,5.91,11.33,52.31,45.3,12.2,27.1,101.9,63.06,15.86,,28.2,18.12
2023-02-10 07:00:00,14.18,80.71,31.16,43.88,46.58,10.38,23.47,17.86,48.72,79.64,18.45,14.92,50.2,73.21,40.93,14.06,9.26,15.52,13.24,58.7,20.65,8.69,9.9,91.2,40.78,23.32,13.75,10.07,35.04,51.68,9.93,44.24,76.75,11.4,6.21,23.43,12.7,23.65,12.73,5.77,11.0,53.16,45.4,11.65,27.0,102.0,63.82,15.42,,28.2,18.12
2023-02-13 07:00:00,14.0,80.04,32.21,43.29,45.37,9.76,21.85,17.9,46.24,80.96,18.74,13.88,50.2,73.07,40.46,13.43,9.2,15.29,13.24,58.51,19.53,8.56,9.74,92.9,41.17,24.23,12.8,9.41,34.68,51.81,9.68,43.63,77.76,10.89,6.03,23.28,12.36,24.5,12.57,5.55,10.75,52.59,44.4,11.2,26.7,103.1,63.32,14.98,,28.5,17.79
2023-02-14 07:00:00,13.97,80.71,31.48,45.34,45.93,9.8,22.18,17.62,46.95,81.38,18.76,14.36,50.26,72.86,40.23,13.58,9.0,15.59,13.65,57.94,19.98,8.47,9.65,92.9,41.17,23.86,11.95,8.86,34.77,50.94,9.81,43.5,76.18,11.04,6.05,23.25,12.63,24.4,12.68,5.55,10.98,52.03,42.75,11.37,26.45,102.8,62.81,14.71,,28.0,17.65
2023-02-15 07:00:00,14.39,81.09,31.92,45.34,46.21,10.15,22.71,17.74,47.48,81.79,19.0,13.65,50.76,73.9,40.23,13.91,9.08,15.74,13.88,57.09,20.65,8.5,9.74,93.0,41.41,24.07,11.15,9.11,35.46,50.88,9.93,43.63,76.59,11.28,6.15,23.36,12.76,23.35,12.94,5.71,11.12,52.31,42.5,11.48,26.45,102.7,63.9,15.15,,28.35,17.74
2023-02-16 07:00:00,14.53,81.19,32.64,45.7,46.86,10.38,23.01,18.23,47.21,81.71,18.93,14.3,50.76,74.45,40.61,14.15,9.43,16.12,14.57,56.8,20.88,8.65,9.87,92.9,41.95,23.94,11.5,9.2,35.69,51.25,10.22,43.94,76.87,11.47,6.21,23.43,13.03,23.9,13.18,5.71,11.21,51.98,42.5,11.59,26.7,102.8,64.32,15.42,,28.4,17.92
2023-02-17 07:00:00,14.53,81.09,33.22,44.46,47.14,10.46,23.21,18.2,46.95,81.13,18.47,14.96,50.76,73.97,40.54,14.11,9.41,15.89,14.25,55.85,20.88,8.96,9.79,91.3,41.9,24.4,11.65,9.16,35.32,51.5,10.26,44.06,75.82,11.51,6.21,23.43,13.0,24.4,13.13,5.75,11.14,52.31,43.3,11.92,26.75,102.6,63.9,15.24,,28.4,17.86
2023-02-20 07:00:00,15.12,82.14,34.24,44.75,47.89,11.08,24.63,18.69,48.45,80.72,18.64,14.92,51.5,75.21,41.63,14.83,9.59,16.58,14.89,55.85,21.25,9.27,10.22,94.5,42.92,24.48,12.45,9.78,36.05,52.43,10.47,45.11,77.07,11.82,6.46,23.69,13.86,25.7,13.51,6.15,11.49,52.76,45.2,12.2,27.05,102.6,65.17,16.12,,29.35,18.32
2023-02-21 07:00:00,14.94,81.67,33.55,45.19,47.24,11.0,24.86,18.32,48.36,81.71,18.2,15.74,51.5,74.73,41.63,14.73,9.69,16.35,14.53,55.28,21.1,9.09,10.06,93.8,43.11,23.82,12.85,9.78,37.15,52.43,10.3,45.11,77.19,11.67,6.37,23.65,13.66,25.35,13.42,6.26,11.59,52.99,45.2,12.09,27.15,102.5,64.91,15.68,,29.6,18.4
2023-02-22 07:00:00,14.56,80.71,32.64,44.61,46.77,10.46,24.17,17.74,46.95,80.96,17.52,15.35,50.88,73.83,41.63,13.96,9.43,16.05,13.79,54.62,20.13,8.72,9.87,91.0,41.66,23.57,12.0,9.2,34.95,51.5,9.93,44.18,75.78,11.28,6.21,23.39,12.9,24.7,12.99,6.1,11.0,52.31,42.6,11.65,26.5,100.8,63.48,15.37,,28.1,18.01
2023-02-23 07:00:00,14.88,80.81,33.04,44.53,46.39,10.46,23.51,17.8,46.06,81.29,16.99,15.27,50.63,73.0,40.61,14.2,9.2,16.27,14.53,54.05,20.02,8.75,9.82,87.6,41.66,24.23,11.8,9.11,35.09,50.94,10.1,43.32,75.82,11.24,6.21,23.32,13.16,25.0,13.2,5.94,11.21,52.48,42.0,11.92,26.5,98.2,63.65,15.46,,26.5,17.98
2023-02-24 07:00:00,14.41,80.33,32.35,43.95,45.74,10.19,23.18,17.34,44.82,80.14,17.38,14.92,50.26,73.48,40.07,13.72,8.92,15.74,13.97,53.0,19.53,8.72,9.57,85.9,40.78,24.23,11.4,8.82,34.5,50.26,9.93,43.32,76.59,11.36,6.13,23.17,12.7,24.3,12.87,5.8,10.98,52.59,41.0,11.65,26.45,96.2,62.81,15.11,,26.5,17.72
2023-02-27 07:00:00,14.21,79.66,32.1,43.73,45.08,10.04,22.18,16.91,43.76,79.64,16.91,14.18,49.95,71.76,37.89,13.39,8.62,15.21,13.24,52.24,19.11,8.53,9.33,79.9,39.23,23.65,10.75,8.53,33.9,47.22,9.93,42.39,75.09,10.89,6.02,23.1,12.2,23.6,12.75,5.55,10.86,52.2,40.9,11.4,26.25,98.5,63.23,14.98,,25.75,17.22
2023-02-28 07:00:00,14.3,79.95,31.99,43.73,45.37,10.04,22.28,16.82,44.38,79.56,16.99,14.03,50.07,71.41,38.05,13.39,8.7,15.14,13.38,52.62,19.11,8.62,9.33,82.0,38.75,23.82,10.6,8.44,34.13,47.71,10.01,42.58,76.18,11.36,6.02,23.28,12.2,23.75,12.52,5.54,10.89,52.59,41.5,11.4,26.3,100.0,63.48,15.02,,26.7,17.3
2023-03-01 07:00:00,14.74,80.52,33.11,44.75,46.25,10.38,23.57,17.34,44.56,81.38,16.91,14.03,50.07,72.52,39.29,13.82,9.03,15.82,14.3,53.19,18.51,8.84,9.55,80.5,39.52,24.27,10.25,8.7,35.37,48.15,10.22,42.7,78.0,11.51,6.15,23.5,12.66,25.4,12.9,5.68,11.21,52.31,41.2,11.7,26.35,101.5,64.66,15.37,,26.8,17.54
2023-03-02 07:00:00,14.68,80.24,33.66,44.46,45.83,10.27,23.21,17.07,45.18,80.3,16.91,14.3,49.76,72.45,39.14,13.67,9.18,15.59,14.25,53.1,18.7,8.9,9.41,79.0,39.04,25.56,10.35,8.78,35.37,49.82,10.51,43.14,76.62,11.82,6.09,23.47,12.46,25.6,12.85,5.66,11.12,52.43,41.1,11.65,26.4,101.6,64.32,15.24,,26.2,17.65
2023-03-03 07:00:00,14.36,79.76,33.3,43.8,45.32,10.07,23.24,17.07,44.56,80.14,16.84,14.03,48.83,72.1,38.2,13.53,9.08,15.4,14.07,52.53,18.29,8.75,9.28,76.0,38.17,24.86,10.35,8.78,35.5,49.26,10.22,42.14,76.17,11.28,6.02,23.43,12.33,25.0,12.66,5.58,10.93,51.13,40.95,11.45,26.35,101.2,63.9,14.98,,26.0,17.27
2023-03-06 07:00:00,14.24,79.95,33.22,43.66,44.9,10.27,23.87,17.4,44.82,79.15,16.65,14.22,48.64,71.55,38.09,13.63,9.18,15.44,14.11,52.24,19.45,8.81,9.36,74.4,38.17,24.4,11.05,9.36,35.59,48.7,10.3,42.08,75.36,11.36,6.1,23.58,12.53,24.9,12.85,5.69,10.96,51.19,42.1,11.42,26.3,96.3,63.06,15.07,,26.15,17.3
2023-03-07 07:00:00,14.36,80.24,34.02,43.88,45.18,10.31,23.84,17.8,44.82,79.48,16.5,15.2,49.02,72.1,38.51,13.82,9.43,15.97,14.8,51.96,19.38,8.87,9.41,78.3,38.46,24.65,10.85,9.45,35.69,49.2,10.39,42.33,76.13,11.36,6.13,23.76,12.96,25.0,12.8,5.64,10.98,51.69,42.3,11.42,26.35,97.1,63.74,15.33,,26.6,17.45
2023-03-08 07:00:00,14.65,80.71,34.82,43.95,45.83,10.46,24.37,18.05,44.82,79.39,16.5,15.9,49.45,73.07,39.91,13.91,9.48,16.05,14.94,51.39,19.45,9.06,9.52,80.4,38.17,24.73,11.05,9.91,35.59,49.64,10.55,42.7,75.97,11.59,6.18,23.83,13.23,25.35,12.9,5.71,11.19,51.86,42.35,11.48,26.5,98.3,64.32,15.99,,27.25,17.7
2023-03-09 07:00:00,14.85,80.24,34.56,43.51,46.25,10.69,25.26,18.05,45.97,79.48,16.57,15.9,50.14,73.69,39.91,14.54,9.43,16.05,14.94,51.2,19.53,9.15,9.63,80.8,38.75,25.06,10.95,10.03,35.69,49.57,10.76,42.7,75.97,11.71,6.34,23.91,13.23,26.5,13.13,5.74,11.45,52.31,42.4,11.76,26.5,101.8,64.32,16.04,,27.0,17.93
2023-03-10 07:00:00,14.59,80.04,34.2,43.22,46.02,10.46,25.13,17.92,46.59,79.48,16.74,15.98,49.45,73.83,39.68,14.39,9.43,16.12,15.08,51.2,19.9,9.12,9.6,83.9,38.51,24.56,10.65,9.82,34.91,49.02,10.72,42.83,75.6,11.43,6.21,23.76,13.23,26.0,12.83,5.62,11.21,51.81,42.85,11.62,26.55,100.6,64.66,16.12,,28.0,17.85
2023-03-13 07:00:00,14.36,79.95,33.55,42.78,46.3,10.73,24.76,17.99,45.88,79.48,16.57,15.66,49.08,74.59,39.14,14.35,9.41,15.97,14.89,52.15,19.9,9.12,9.46,84.5,38.17,24.32,11.0,9.87,34.82,49.76,10.88,43.08,76.17,11.28,6.12,23.76,13.13,25.0,12.64,5.59,11.35,51.47,44.75,11.48,26.65,100.7,64.66,17.09,,29.1,17.87
2023-03-14 07:00:00,14.09,79.38,32.68,42.27,45.55,10.58,23.97,17.8,45.71,78.9,16.11,15.08,48.95,74.31,39.29,13.72,9.2,15.37,14.3,53.1,19.38,9.06,9.3,83.6,37.39,24.07,10.7,9.87,33.95,50.07,10.63,42.77,77.39,10.93,6.14,23.69,12.73,24.4,12.42,5.49,11.31,51.19,44.75,11.23,26.5,101.7,64.41,17.09,,28.8,17.64
2023-03-15 07:00:00,14.53,79.47,33.95,42.78,46.11,11.16,24.9,18.11,46.5,79.72,16.4,15.59,50.07,73.83,39.37,14.59,9.43,16.12,15.22,53.29,19.94,9.27,9.63,84.7,38.75,24.48,11.35,10.24,34.45,50.13,11.17,43.2,77.19,11.36,6.31,23.87,13.6,25.35,12.85,5.7,11.52,51.41,46.0,11.87,27.0,104.9,64.83,17.45,,28.5,18.12
2023-03-16 07:00:00,14.3,78.52,33.55,41.76,45.46,10.85,24.43,17.77,46.06,78.65,16.07,15.62,49.26,72.17,39.29,14.25,9.1,15.78,14.8,52.53,19.71,9.18,9.44,83.8,38.17,24.07,11.15,10.2,33.26,49.95,10.97,42.7,77.8,11.16,6.21,23.61,13.46,24.6,12.64,5.59,11.52,51.19,44.5,11.59,26.65,102.0,64.24,17.14,,28.95,17.77
2023-03-17 07:00:00,14.27,78.71,33.59,41.98,46.77,10.93,24.63,17.8,46.5,77.08,16.45,15.23,49.14,71.55,38.28,14.3,9.43,15.44,14.89,50.25,20.09,9.21,9.44,83.5,38.17,24.07,11.5,10.2,32.39,49.02,11.09,42.7,78.21,11.36,6.31,23.65,13.56,25.05,12.59,5.57,11.82,50.06,43.35,11.62,26.6,108.9,62.64,17.36,,29.5,17.8
2023-03-20 07:00:00,14.06,77.94,32.9,41.98,45.83,11.08,24.27,17.19,44.82,76.83,16.26,14.61,48.27,71.07,38.83,13.77,9.08,15.14,14.43,51.2,19.34,8.93,9.36,81.5,36.91,23.65,11.1,9.87,32.39,49.64,10.63,41.89,76.99,10.93,6.15,23.54,13.03,24.2,12.4,5.61,11.2,47.87,42.55,11.4,26.4,105.6,62.47,17.36,,29.0,17.4
2023-03-21 07:00:00,14.18,78.32,32.9,42.19,45.83,11.12,24.66,17.37,45.18,76.5,16.31,14.46,48.58,71.21,39.06,13.87,8.87,15.48,14.8,52.15,19.68,9.09,9.38,80.1,37.3,24.07,11.05,9.7,31.75,49.02,10.92,42.08,75.76,11.24,6.24,23.58,13.36,24.6,12.45,5.68,11.2,48.66,45.4,11.51,26.4,103.8,62.56,17.93,,29.45,17.6
2023-03-22 07:00:00,14.15,77.85,33.44,42.63,45.83,11.0,25.56,17.5,44.82,77.58,16.33,14.81,48.83,71.0,38.98,13.91,9.0,15.37,14.57,52.91,19.6,9.15,9.41,80.5,36.76,24.23,11.1,9.95,31.75,48.95,10.88,42.08,76.38,11.16,6.28,23.58,13.26,24.8,12.38,5.71,11.3,50.06,47.65,11.48,26.4,104.8,62.56,18.5,,29.7,17.84
2023-03-23 07:00:00,14.36,78.23,33.3,42.49,45.74,11.2,26.49,17.62,44.82,77.58,16.48,14.81,48.52,70.72,39.06,13.91,9.0,15.44,14.71,55.95,19.64,9.24,9.41,79.0,36.62,24.28,11.15,10.03,32.8,48.7,10.92,42.14,76.58,11.24,6.46,23.58,13.6,25.0,12.38,5.78,11.43,51.02,48.0,11.45,26.4,105.7,63.32,18.55,,29.3,17.77
2023-03-24 07:00:00,14.39,78.32,33.04,42.05,45.37,11.24,26.09,17.5,44.82,77.58,16.36,14.88,48.89,70.66,38.75,14.2,9.2,15.44,14.62,56.42,19.98,9.58,9.6,78.0,36.76,24.06,11.9,10.33,33.26,49.02,10.97,42.39,76.5,11.24,6.46,23.25,13.66,25.05,12.49,5.82,11.41,50.06,49.0,11.62,26.65,106.2,63.06,18.63,,29.25,17.97
2023-03-27 07:00:00,14.33,78.52,33.37,42.93,45.37,11.39,26.49,17.65,45.18,77.25,16.4,14.96,49.2,70.38,40.07,14.3,9.28,15.74,15.03,56.9,20.05,9.55,9.71,76.7,36.91,24.58,12.7,10.53,32.67,48.52,11.01,42.7,75.76,11.24,6.55,23.25,14.03,25.5,12.52,5.79,11.35,51.19,48.4,11.7,26.65,106.5,62.73,18.72,,29.3,17.98
2023-03-28 07:00:00,14.33,78.61,33.37,42.71,45.37,11.35,26.22,17.74,45.8,77.08,16.31,14.81,49.26,71.55,40.07,14.2,9.26,15.67,14.94,57.56,20.09,9.46,9.74,77.6,37.88,24.49,12.6,10.41,32.76,48.27,11.01,42.7,75.76,11.12,6.68,23.1,13.9,25.4,13.01,5.86,11.33,51.64,48.0,11.73,26.7,106.4,62.56,18.5,,29.25,18.18
2023-03-29 07:00:00,14.3,78.52,33.51,42.63,45.18,11.62,27.31,17.8,45.97,76.83,16.33,14.73,49.14,70.93,39.6,14.15,9.23,15.74,15.22,57.84,20.32,9.49,9.9,78.8,37.49,24.58,12.55,10.37,32.94,47.77,11.05,42.2,75.52,11.2,6.64,23.03,14.07,25.35,13.23,5.86,11.35,51.92,48.0,11.79,26.75,106.2,62.98,18.41,,29.25,18.03
2023-03-30 07:00:00,14.41,78.61,33.51,42.49,45.32,11.47,29.2,17.8,45.44,76.59,16.33,14.77,49.2,70.66,39.91,14.11,9.54,15.74,14.94,57.84,20.28,9.49,9.87,79.2,37.39,24.58,12.8,10.37,33.76,48.21,10.92,42.26,75.36,11.01,6.52,23.06,14.0,26.0,13.09,5.87,11.48,52.14,49.55,11.84,26.85,106.3,63.06,18.41,,29.9,18.22
2023-03-31 07:00:00,14.65,79.18,33.51,42.71,45.32,11.31,28.94,17.92,45.44,76.59,16.16,14.73,49.2,70.38,40.07,14.87,9.82,15.74,14.8,57.84,20.73,9.52,9.87,77.8,37.35,24.75,12.7,10.45,34.27,48.21,10.92,42.45,75.24,11.2,6.61,23.06,14.37,26.2,13.39,5.84,11.51,51.41,51.5,11.87,27.5,105.1,62.56,18.55,,29.55,18.4
2023-04-03 07:00:00,14.8,79.76,33.3,42.85,45.83,11.74,29.73,18.39,46.06,76.67,16.62,15.27,50.32,70.72,40.77,15.31,9.87,15.89,14.89,57.84,22.01,9.58,10.11,76.8,37.78,25.05,12.85,11.08,34.31,47.65,10.92,42.77,73.73,11.4,6.89,23.17,14.7,26.75,13.84,6.03,11.79,52.2,52.6,12.03,29.0,102.6,62.56,18.68,,29.6,18.57
2023-04-04 07:00:00,14.74,78.32,33.37,43.58,46.02,12.01,30.26,18.2,47.3,76.34,16.87,15.23,50.07,70.31,41.55,15.31,9.77,15.97,15.12,57.84,21.89,9.74,10.14,78.4,38.56,25.69,12.75,10.99,34.72,47.53,11.17,43.83,72.51,11.74,7.08,23.1,15.04,26.9,13.94,6.06,11.72,51.75,51.0,12.26,28.4,102.0,62.39,18.86,,29.45,18.62
2023-04-05 07:00:00,14.82,77.56,33.0,44.1,45.88,12.17,31.45,18.42,48.01,76.17,17.04,15.27,50.14,70.31,41.39,15.55,10.05,16.27,15.35,57.37,21.78,9.61,10.17,78.4,38.51,26.21,12.85,11.2,34.82,47.96,11.13,44.02,71.9,11.78,7.11,23.14,15.04,26.25,13.94,6.11,11.77,51.81,52.2,12.17,27.75,102.9,62.64,18.68,,29.45,18.6
2023-04-06 07:00:00,14.59,76.89,33.37,44.39,45.37,11.82,30.92,18.14,47.04,76.25,17.96,15.04,49.95,70.03,40.46,14.97,10.02,16.27,15.08,57.47,21.4,9.3,10.01,77.0,37.88,25.35,13.25,11.29,34.18,47.65,10.88,43.52,72.06,11.74,6.98,22.99,14.6,25.65,13.98,6.22,11.98,51.3,51.2,11.92,27.25,102.2,62.47,18.41,,29.5,18.5
2023-04-07 07:00:00,14.68,76.6,33.11,45.85,45.37,11.9,31.39,18.11,46.59,75.59,17.42,14.88,50.07,69.83,40.85,15.26,9.92,16.05,14.89,57.56,21.07,9.15,10.06,77.6,37.78,25.05,13.4,11.29,34.5,47.46,10.8,43.58,72.1,12.02,7.14,22.95,15.04,26.0,13.96,6.29,11.98,50.63,50.7,11.86,27.2,103.0,62.81,18.41,,29.2,18.38
2023-04-10 07:00:00,14.65,76.41,32.42,45.49,45.74,11.66,31.12,18.02,46.68,76.34,16.82,14.88,49.95,68.65,40.46,15.26,10.05,15.67,14.34,58.13,21.29,9.03,10.06,77.2,39.72,25.14,13.3,11.04,34.13,47.9,11.05,43.96,71.94,12.44,7.38,22.95,14.97,25.95,14.27,6.15,11.98,50.06,49.8,11.86,26.9,102.3,62.56,18.41,,29.1,18.38
2023-04-11 07:00:00,14.62,76.6,32.21,45.56,45.97,11.78,31.98,18.17,46.77,76.01,16.84,15.0,49.95,68.93,41.24,15.59,9.97,15.74,14.53,58.22,21.4,9.18,10.14,77.9,39.43,25.61,14.2,11.29,33.81,48.77,11.09,43.2,71.28,12.44,7.23,22.99,15.1,25.95,14.36,6.14,11.98,49.61,51.5,11.97,26.8,102.3,62.56,18.5,,29.05,18.55
2023-04-12 07:00:00,14.56,76.41,32.21,45.85,45.37,11.62,31.72,18.11,46.95,76.09,16.87,15.23,49.95,68.86,41.24,15.69,10.02,15.71,14.3,58.22,22.42,9.18,10.11,79.5,39.48,25.69,15.05,11.83,33.86,48.33,11.3,43.83,69.65,12.29,7.51,22.99,14.7,26.1,14.5,6.12,11.98,49.67,51.6,12.09,26.55,99.7,62.47,18.19,,28.7,18.49
2023-04-13 07:00:00,14.62,76.22,32.61,45.49,45.27,11.93,30.46,18.05,49.3,76.09,17.06,15.27,49.51,69.0,42.4,15.31,10.05,15.48,13.88,58.42,22.34,9.12,10.03,79.2,39.77,25.74,14.5,11.71,34.04,47.77,11.13,43.33,69.04,11.98,7.41,22.99,14.53,26.45,14.27,6.06,12.03,49.61,50.5,12.0,26.5,99.3,61.8,18.15,,28.4,18.34
2023-04-14 07:00:00,14.62,75.74,32.24,45.63,44.9,11.55,30.36,17.86,49.02,77.16,16.65,15.39,49.51,67.69,41.86,14.68,9.94,15.63,14.11,58.89,21.48,9.15,9.9,78.1,38.75,24.92,14.2,11.2,33.4,48.15,10.84,42.7,68.03,11.74,7.29,22.95,14.17,25.7,13.65,5.83,12.03,49.73,50.0,11.8,26.45,98.5,61.21,18.06,,28.6,18.3
2023-04-17 07:00:00,14.65,75.84,32.64,45.56,44.15,11.39,31.78,17.92,48.12,76.92,16.6,15.39,49.51,67.07,42.02,14.78,9.84,15.78,14.34,58.98,21.93,8.84,9.87,78.1,38.6,24.88,14.8,11.62,33.03,48.46,11.05,42.58,66.8,11.9,7.26,22.99,14.27,25.9,13.91,5.84,11.92,49.73,50.3,11.72,26.45,99.6,60.29,18.02,,28.3,18.2
2023-04-18 07:00:00,14.5,75.94,32.35,45.49,43.96,11.55,33.97,17.86,48.75,76.92,16.65,15.2,49.39,66.79,41.24,14.87,9.87,15.86,14.43,58.98,21.78,8.65,9.82,78.2,38.7,25.18,14.85,11.62,33.67,48.52,11.17,42.7,67.54,12.33,7.08,22.92,14.53,25.9,13.77,5.87,11.82,49.5,50.8,11.72,26.4,99.0,61.38,17.84,,28.5,18.17
2023-04-19 07:00:00,14.3,75.65,32.21,48.63,43.17,11.28,35.09,17.62,48.75,75.92,16.65,15.55,49.33,65.96,41.0,14.44,9.72,15.74,14.07,58.98,21.37,8.47,9.79,78.7,39.23,25.26,14.55,11.45,33.31,48.4,10.92,42.45,69.41,11.98,6.98,22.84,14.23,25.5,13.7,5.8,11.59,49.78,50.4,11.61,26.3,100.1,60.54,17.36,,28.3,18.07
2023-04-20 07:00:00,14.21,75.84,32.35,50.75,43.96,11.24,35.29,17.65,48.39,76.42,16.55,15.39,49.39,66.24,41.16,14.54,9.79,15.74,14.07,59.36,21.37,8.56,9.82,78.0,39.14,25.22,14.4,11.2,33.35,47.96,10.88,42.45,69.45,11.9,6.98,22.88,14.1,25.7,13.63,5.84,11.61,49.67,50.7,11.58,26.3,99.5,60.46,17.05,,28.3,18.06
2023-04-21 07:00:00,14.21,75.55,32.06,54.11,43.82,11.08,36.42,17.56,46.95,81.71,16.36,15.0,49.33,65.83,41.16,14.49,9.59,15.67,13.74,59.84,21.33,8.44,9.76,76.4,38.07,25.44,13.6,10.87,33.63,47.77,10.59,41.89,69.45,12.72,6.83,22.81,14.47,25.6,13.56,5.83,11.69,49.22,50.3,11.44,26.35,97.5,59.62,17.14,,27.9,17.89
2023-04-24 07:00:00,14.18,75.55,31.7,54.11,43.4,11.08,38.94,17.74,46.32,86.09,16.09,14.88,49.2,64.24,40.77,14.68,9.56,15.63,13.42,59.84,21.22,8.28,9.87,73.3,37.2,25.95,14.05,11.04,33.63,47.46,10.76,41.13,69.69,13.07,6.77,22.81,14.37,25.55,13.94,5.87,11.85,49.44,50.5,11.52,26.3,97.4,59.28,17.18,,28.15,17.9
2023-04-25 07:00:00,14.15,75.17,31.59,52.87,42.65,11.0,38.4,17.5,46.5,85.09,16.07,14.65,48.77,63.48,41.08,14.49,9.36,15.93,13.74,59.84,21.29,8.1,9.87,71.3,36.52,25.95,13.75,10.83,33.31,46.84,10.59,40.82,69.65,13.57,6.71,22.62,14.1,25.05,13.7,5.86,11.79,49.67,50.2,11.35,26.25,95.9,58.77,17.0,,27.7,17.7
2023-04-26 07:00:00,14.15,75.17,31.99,56.53,42.89,10.97,38.74,17.43,46.41,87.24,15.77,14.73,48.7,64.45,41.24,14.73,9.64,16.65,14.43,60.32,21.25,8.65,9.92,71.4,37.2,25.99,13.95,10.95,33.76,46.91,10.59,40.25,69.65,13.38,6.8,22.29,14.27,25.4,14.17,5.88,11.92,50.29,48.0,11.61,25.95,95.2,59.7,17.05,,27.5,17.92
2023-04-27 07:00:00,14.15,74.98,31.84,57.48,41.95,11.0,39.27,17.4,46.59,87.24,16.33,14.88,48.7,63.62,41.94,14.83,9.69,16.42,14.07,60.32,21.59,8.78,9.95,72.3,37.44,25.99,14.1,11.5,34.27,46.97,10.63,40.44,70.88,13.18,6.8,22.44,14.13,25.15,14.12,6.04,11.95,50.63,47.5,11.49,25.25,95.1,58.44,17.09,,27.0,17.78
2023-04-28 07:00:00,14.18,75.17,31.55,56.6,42.0,11.2,39.07,17.71,46.5,87.41,16.31,14.73,48.21,64.03,40.93,14.92,9.59,16.39,14.25,60.7,22.38,8.65,9.98,73.1,37.97,27.11,14.3,11.83,34.27,47.77,10.84,41.76,70.06,13.22,6.89,23.43,14.4,25.3,13.94,6.21,12.34,50.91,49.5,11.63,26.05,97.0,58.86,17.53,,27.7,18.2
2023-05-04 07:00:00,14.47,74.6,31.74,60.26,42.33,11.28,37.54,17.34,46.04,93.44,15.92,14.61,48.83,63.48,39.45,15.07,9.59,16.12,14.25,61.08,22.87,8.44,9.84,70.6,36.72,27.24,13.55,11.45,34.27,47.22,10.76,41.95,67.86,12.41,6.8,23.06,14.53,25.15,13.72,6.3,12.23,49.78,49.5,11.46,25.65,95.5,57.68,17.23,,27.25,17.93
2023-05-05 07:00:00,14.44,74.41,31.52,59.6,42.93,11.08,39.46,17.1,46.41,95.83,15.87,14.69,48.77,63.41,38.9,14.87,9.72,16.24,14.3,61.26,22.68,8.47,9.79,73.0,36.62,26.77,13.55,11.29,34.59,47.28,10.8,41.57,67.41,12.87,6.74,23.06,14.33,24.95,13.56,6.21,12.11,50.51,49.0,11.44,25.35,96.0,57.85,17.14,,27.15,18.0
2023-05-08 07:00:00,14.62,74.6,32.42,59.67,43.03,11.31,39.07,17.13,46.68,95.01,15.99,14.77,48.83,64.24,39.29,15.55,9.79,16.35,14.34,61.55,22.49,8.44,9.87,74.1,36.67,26.55,12.95,11.33,34.59,47.09,11.01,41.95,67.82,12.91,6.89,23.14,14.9,25.65,13.89,6.46,12.05,52.31,49.4,11.55,25.45,96.3,59.2,17.14,,27.45,18.0
2023-05-09 07:00:00,14.59,74.22,32.71,59.16,43.03,11.35,38.34,17.19,46.68,94.1,16.02,14.88,49.08,64.93,39.45,15.5,9.72,16.5,14.66,61.55,22.16,8.65,9.9,73.6,36.76,26.72,13.0,11.25,34.77,46.91,11.05,41.76,67.25,12.72,6.89,23.14,14.87,25.75,13.84,6.37,12.21,51.92,49.3,11.49,25.3,95.4,59.45,17.14,,27.4,18.0
2023-05-10 07:00:00,14.59,74.12,32.64,60.26,42.98,11.7,38.4,17.34,46.22,92.91,15.99,15.23,49.14,64.31,39.21,16.17,9.77,16.42,14.66,61.36,22.38,8.69,10.01,73.6,37.78,26.81,13.3,11.5,34.54,46.66,11.09,41.7,67.29,12.76,7.14,23.03,15.04,26.35,13.84,6.55,12.31,51.75,49.35,11.72,25.3,96.8,59.28,17.23,,27.8,18.02
2023-05-11 07:00:00,14.59,74.03,32.64,60.55,42.75,11.74,41.05,17.4,47.13,93.76,16.21,15.08,49.2,63.62,38.51,16.03,9.79,16.46,14.8,61.55,22.49,8.56,10.01,73.8,37.49,26.47,13.8,11.66,34.54,46.53,11.01,41.76,67.01,12.8,7.08,22.88,14.97,26.4,13.75,6.52,12.23,51.19,49.15,11.66,25.25,96.7,58.86,17.45,,28.05,17.99
2023-05-12 07:00:00,14.65,74.03,32.64,60.11,43.03,11.7,42.78,17.43,46.77,92.31,16.16,15.08,50.07,63.82,38.2,16.12,9.89,16.92,14.99,61.46,22.76,8.59,10.09,74.4,37.78,26.77,13.7,11.66,34.36,46.53,11.09,41.51,66.76,12.76,7.14,22.73,15.54,26.8,13.84,6.53,12.21,52.2,51.2,11.63,25.85,97.2,58.52,17.4,,28.15,18.16
2023-05-15 07:00:00,14.65,73.93,32.57,60.62,42.56,11.74,41.85,17.25,46.5,93.5,16.07,15.12,50.38,63.62,38.86,15.5,9.89,16.73,14.62,61.64,22.38,8.56,10.19,74.1,37.68,26.47,13.5,11.54,34.59,46.66,11.01,42.14,66.84,12.68,7.08,22.59,15.3,27.0,14.12,6.42,12.39,51.58,51.7,11.83,27.2,97.3,58.02,17.45,,28.4,18.24
2023-05-16 07:00:00,14.65,73.93,32.64,63.55,42.37,11.62,41.98,17.16,46.22,93.84,15.87,15.04,50.7,63.76,38.98,15.35,9.94,16.65,14.53,61.64,22.12,8.59,10.17,73.3,37.25,26.64,13.65,11.37,34.82,46.22,11.17,42.39,66.4,12.6,7.14,22.26,15.3,27.4,14.08,6.43,12.36,52.09,52.2,11.86,26.45,97.5,58.61,17.27,,28.4,18.23
2023-05-17 07:00:00,14.59,74.03,32.5,62.16,42.14,11.43,42.38,16.88,45.86,93.67,16.02,14.69,50.7,63.41,38.83,15.21,9.99,16.5,14.25,61.55,21.4,8.53,9.98,73.1,36.96,26.34,13.3,11.2,34.31,46.28,11.01,41.89,66.19,12.76,7.2,22.04,15.0,27.0,13.82,6.86,12.05,52.2,53.4,11.8,26.6,98.3,58.02,16.92,,27.9,18.03
2023-05-18 07:00:00,14.65,74.98,32.39,62.16,41.9,11.43,42.38,17.04,45.5,94.61,15.92,14.81,51.57,64.17,39.76,15.21,9.89,16.61,14.2,61.55,22.01,8.65,10.06,73.2,36.91,26.55,13.3,11.04,34.27,45.6,11.09,41.89,66.11,12.56,7.14,22.04,15.24,27.2,13.96,6.74,12.13,53.44,55.0,12.17,26.6,99.4,58.19,16.96,,28.1,18.3
2023-05-19 07:00:00,14.62,74.41,32.21,58.88,41.44,11.66,41.91,17.19,45.32,93.84,15.6,14.85,51.5,65.48,39.21,15.59,9.89,16.5,14.3,61.46,22.12,8.65,10.09,72.4,37.1,27.28,13.2,11.16,34.4,44.98,11.17,42.39,65.46,12.52,7.26,21.96,15.3,27.85,14.01,6.66,12.16,52.99,54.1,12.14,26.25,98.7,57.68,17.0,,28.0,18.2
2023-05-22 07:00:00,14.68,74.31,32.21,59.58,40.97,12.48,41.98,17.16,45.5,94.27,15.19,15.27,51.32,65.34,38.67,15.83,9.92,16.58,14.85,61.26,22.23,8.78,10.19,72.0,37.35,28.44,13.35,11.2,34.54,44.73,11.26,43.76,65.46,12.64,7.38,22.11,15.3,28.15,14.41,6.85,12.34,52.37,54.1,12.26,26.05,99.2,57.35,17.36,,27.9,18.28
2023-05-23 07:00:00,14.85,73.26,31.81,59.19,41.72,12.59,43.7,17.13,46.41,94.61,15.46,15.31,51.01,64.31,38.59,15.74,9.94,16.42,14.66,61.17,21.93,8.69,10.14,70.4,37.05,28.19,13.2,11.37,34.31,44.8,11.3,45.21,64.77,12.76,7.35,22.0,15.27,27.95,14.34,6.77,12.29,52.2,53.7,12.09,26.3,98.7,56.34,17.23,,27.7,18.01
2023-05-24 07:00:00,14.74,73.55,31.55,57.95,41.58,12.9,42.91,17.04,45.86,94.53,15.19,15.2,50.57,63.82,39.06,15.45,9.94,16.12,14.34,60.98,21.97,8.59,10.06,71.8,36.76,28.19,13.25,11.41,34.13,44.36,11.17,44.49,64.56,12.6,7.29,21.93,15.17,27.4,14.08,6.79,12.18,52.09,54.5,11.92,26.3,98.4,55.75,17.09,,27.65,18.12
2023-05-25 07:00:00,14.71,73.93,31.74,61.14,41.25,12.98,42.38,16.94,45.77,97.25,15.14,15.08,51.75,65.34,38.75,16.07,9.94,16.05,14.25,60.88,22.08,8.62,9.98,72.0,36.81,28.27,13.2,11.33,34.18,44.18,11.13,44.05,64.36,12.52,7.23,21.93,15.04,27.0,14.08,6.73,12.13,52.43,55.0,11.86,26.3,98.0,56.42,16.92,,27.7,18.09
2023-05-26 07:00:00,14.65,73.93,31.48,60.52,40.74,13.41,42.38,17.07,45.41,95.46,15.29,15.23,51.69,64.65,38.59,16.51,9.94,15.97,14.11,60.88,22.38,8.75,9.98,72.0,37.01,28.27,12.95,11.2,34.45,44.67,11.26,44.41,63.34,12.29,7.11,22.04,15.07,27.2,14.12,6.97,12.26,51.75,55.0,11.95,26.0,98.1,56.42,16.87,,27.7,18.05
2023-05-29 07:00:00,14.74,74.31,31.84,61.07,41.11,13.6,42.18,17.19,46.5,92.91,15.22,15.78,51.69,64.72,38.75,17.47,10.1,16.24,14.43,60.79,22.49,8.9,10.14,71.6,37.49,28.23,13.05,11.45,34.68,44.3,11.26,44.41,63.26,12.52,7.2,22.15,15.64,27.7,14.27,7.12,12.6,52.37,55.5,12.09,26.35,99.5,56.42,17.05,,27.7,18.2
2023-05-30 07:00:00,14.77,74.5,31.77,61.61,40.97,13.6,43.37,17.22,48.57,95.63,15.53,15.94,52.25,64.1,38.98,17.66,10.1,16.16,14.57,60.7,22.61,8.96,10.14,72.8,38.17,28.62,13.35,12.12,34.68,44.11,11.3,44.2,63.54,12.8,7.23,22.15,15.6,27.7,14.27,7.05,12.49,53.16,54.9,12.09,26.2,98.5,55.92,17.14,,27.7,18.25
2023-05-31 07:00:00,14.88,74.5,31.92,62.24,40.69,13.64,42.38,17.19,48.39,93.84,15.48,15.82,52.31,64.03,38.98,17.47,9.89,16.05,14.16,60.79,22.31,8.96,10.06,72.0,37.97,28.36,13.5,12.21,34.31,43.99,11.3,44.41,64.36,12.87,7.23,22.26,15.47,27.7,14.15,7.25,12.96,52.88,53.5,12.14,26.0,97.5,55.58,17.0,,27.1,18.41
2023-06-01 07:00:00,15.02,74.22,31.84,61.22,40.83,13.56,42.38,17.16,49.3,96.32,15.34,16.25,51.94,63.48,39.68,18.04,10.0,16.2,13.97,60.79,22.08,9.09,10.17,71.8,38.07,28.36,13.9,12.46,34.27,43.62,11.3,44.27,64.44,12.87,7.23,22.4,15.67,28.0,14.31,7.15,13.56,52.82,53.0,12.23,26.0,97.5,55.58,17.09,,26.85,18.2
2023-06-02 07:00:00,15.3,74.5,32.42,59.27,41.25,14.1,42.11,17.59,50.83,95.46,15.65,16.52,52.13,63.48,39.99,18.14,10.24,16.35,14.25,60.88,22.08,9.27,10.65,72.3,39.52,28.27,13.85,12.5,35.0,45.29,11.3,44.34,64.36,12.72,7.41,22.95,16.1,28.3,15.21,6.98,13.63,53.38,53.4,13.08,26.0,96.8,55.41,17.49,,27.1,18.63
2023-06-05 07:00:00,15.27,74.31,32.42,58.34,41.62,13.79,42.91,17.65,53.36,94.01,16.07,16.09,52.87,64.86,40.46,17.61,10.24,16.39,14.57,61.26,22.42,9.46,10.71,74.1,39.91,28.87,13.5,12.29,35.78,45.73,11.54,45.14,64.93,12.95,7.6,23.1,16.1,28.05,15.07,7.01,13.53,55.13,53.7,13.17,26.05,96.8,55.92,17.4,,27.1,18.5
2023-06-06 07:00:00,15.3,74.41,32.5,61.14,42.04,13.95,44.03,17.62,53.99,95.63,15.92,16.33,53.06,65.62,40.46,17.99,10.32,16.46,14.8,61.55,22.38,9.49,11.06,73.6,40.49,28.79,13.6,12.5,35.59,45.17,11.42,45.57,65.17,12.99,7.69,23.14,16.8,28.3,15.45,7.15,13.38,55.69,55.0,13.39,26.6,97.7,55.83,17.49,,27.35,18.64
2023-06-07 07:00:00,15.34,76.03,32.17,61.3,41.76,14.1,43.44,17.74,54.53,95.63,16.11,16.72,52.87,65.2,39.68,17.8,10.21,17.11,15.4,61.55,22.87,9.27,11.01,75.5,40.49,28.1,14.55,13.34,35.59,45.04,11.38,45.57,65.09,13.07,7.57,23.17,16.77,28.35,15.4,7.28,13.61,54.56,55.3,13.39,26.4,96.6,55.66,17.53,,27.25,18.82
2023-06-08 07:00:00,15.16,75.74,31.7,64.42,41.25,13.6,43.37,17.53,53.27,100.58,15.97,16.21,52.0,64.58,38.9,17.27,10.05,17.26,15.03,61.55,22.83,9.06,10.82,74.4,39.38,27.88,14.2,13.63,35.04,44.8,11.42,44.78,65.09,12.76,7.51,23.03,16.24,27.6,15.0,7.15,13.27,56.25,55.4,12.97,26.2,97.2,55.08,17.18,,26.9,18.76
2023-06-09 07:00:00,15.13,76.41,31.52,68.87,40.97,13.64,44.03,17.4,56.97,107.57,16.16,16.13,52.62,64.65,39.99,17.32,9.94,17.33,15.22,61.55,22.87,9.37,10.95,76.5,40.11,27.63,14.6,14.13,34.77,45.05,11.38,44.7,64.97,13.3,7.48,22.99,16.87,28.1,15.31,7.12,13.45,56.53,55.5,13.28,26.15,96.0,55.33,17.18,,26.7,18.74
2023-06-12 07:00:00,15.06,78.32,31.66,70.11,41.62,13.41,46.22,17.43,58.23,108.16,16.21,16.64,52.81,64.79,40.15,17.42,9.89,17.37,15.17,61.64,22.94,9.4,11.01,78.4,41.66,27.84,14.6,14.8,34.72,45.36,11.5,44.85,66.61,13.18,7.51,23.14,16.94,28.2,15.45,7.09,13.27,56.81,55.4,13.34,26.7,96.4,57.09,17.27,,26.7,18.88
2023-06-13 07:00:00,15.16,77.75,32.17,71.75,42.09,13.6,45.03,17.37,56.61,107.23,16.16,16.75,52.5,64.86,39.68,17.66,10.0,17.71,15.81,61.64,23.02,9.24,10.98,78.8,41.66,27.5,15.6,14.8,34.82,45.86,11.46,45.35,66.53,13.11,7.54,23.1,16.94,28.2,15.49,7.19,13.09,57.66,56.7,13.28,27.05,96.5,56.84,17.18,,27.1,19.03
2023-06-14 07:00:00,15.2,77.18,31.92,68.63,41.72,13.21,43.57,17.62,55.52,105.69,16.02,16.44,52.38,65.27,39.29,17.18,10.02,17.48,15.45,61.46,23.17,9.18,10.95,78.0,40.74,27.28,15.2,14.17,34.82,45.55,11.38,44.99,66.61,13.14,7.72,23.1,16.97,27.8,15.4,7.09,13.09,57.71,57.0,13.22,26.9,97.1,56.42,17.4,,27.15,19.1
2023-06-15 07:00:00,15.23,76.41,31.81,70.04,41.53,13.48,43.83,17.8,56.43,107.14,15.82,16.17,52.31,66.65,39.21,17.32,10.02,17.52,15.22,61.36,23.02,9.06,10.92,77.1,40.4,27.67,15.25,14.46,35.04,45.86,11.21,44.63,65.38,13.14,7.66,23.1,17.17,27.8,15.42,6.98,13.09,58.22,56.5,13.14,26.75,97.1,55.75,17.36,,26.85,19.0
2023-06-16 07:00:00,15.3,77.56,31.7,69.72,41.2,13.52,43.5,17.5,55.43,105.69,15.82,16.21,52.56,65.89,39.37,17.08,10.0,17.75,15.17,61.26,23.06,9.12,10.92,76.6,40.06,27.07,14.9,14.09,34.04,45.55,11.17,45.06,63.74,12.83,7.75,23.06,17.44,29.0,15.38,6.9,13.13,59.06,56.0,13.11,26.75,95.5,55.58,17.23,,26.5,19.0
2023-06-19 07:00:00,15.2,77.37,31.41,67.62,40.88,13.41,42.51,17.56,55.25,105.69,15.87,15.98,52.69,65.69,39.06,17.18,9.86,17.67,14.94,61.17,22.83,9.09,10.84,74.5,40.2,27.07,14.0,13.5,34.04,45.23,11.21,45.71,64.47,13.07,7.88,23.06,17.64,28.75,15.16,6.86,13.2,57.21,55.0,13.11,26.05,95.6,55.33,17.14,,26.55,18.89
2023-06-20 07:00:00,15.2,78.32,31.55,68.71,41.16,14.34,43.04,17.92,56.79,108.25,15.99,16.17,53.18,66.58,39.68,18.04,10.05,17.9,15.26,60.88,22.98,9.18,10.9,75.2,41.17,26.64,14.5,14.38,34.04,45.23,11.26,45.86,63.86,13.37,7.81,23.1,17.85,29.25,15.19,6.99,13.16,56.19,55.1,13.22,26.0,95.1,55.08,17.18,,26.65,18.88
2023-06-21 07:00:00,15.23,78.42,31.48,68.87,41.3,14.57,44.83,17.9,57.51,104.84,16.11,16.25,53.37,66.1,40.3,18.71,10.02,18.62,15.77,60.7,22.98,9.3,11.01,76.1,41.37,26.81,14.5,14.46,34.31,45.55,11.3,45.71,63.74,13.45,7.81,23.28,18.06,29.4,15.35,7.12,13.27,56.25,54.6,13.22,26.2,94.0,55.75,17.31,,26.8,18.95
2023-06-22 07:00:00,15.2,77.66,31.88,67.85,41.3,14.76,44.83,18.08,59.59,104.5,16.67,16.44,53.18,65.96,40.3,18.57,10.05,18.81,16.0,60.6,23.54,9.4,11.03,76.3,41.7,27.84,14.65,14.51,34.45,46.61,11.38,45.64,63.65,13.54,7.81,23.39,18.13,30.0,15.4,7.22,13.27,56.48,55.7,13.46,26.2,94.2,56.25,17.27,,27.0,19.13
2023-06-23 07:00:00,15.37,76.99,32.13,69.49,42.18,14.61,46.35,17.96,58.96,105.44,16.67,16.44,52.94,65.69,41.0,18.23,10.02,19.23,15.95,60.32,23.77,9.49,11.2,77.3,41.56,27.46,14.5,14.34,34.31,47.42,11.34,45.42,64.35,13.45,7.88,23.92,18.06,30.3,15.54,7.19,13.34,56.19,56.0,13.6,26.0,94.7,58.1,17.8,,26.85,19.29
2023-06-26 07:00:00,15.62,77.66,32.13,72.92,42.33,14.72,45.56,17.96,58.59,109.95,17.04,16.44,53.37,66.24,40.85,18.81,10.1,19.07,16.05,59.84,23.62,9.46,11.2,77.7,42.96,27.46,14.9,14.42,34.36,47.8,11.3,45.14,64.15,13.28,7.84,23.92,17.92,29.6,15.73,7.13,13.31,56.25,55.5,13.6,26.1,94.8,59.36,17.84,,26.7,19.36
2023-06-27 07:00:00,15.59,77.37,32.13,71.99,42.37,14.65,45.56,18.02,59.14,113.62,17.04,16.17,54.3,66.45,41.16,18.81,10.05,19.53,16.0,59.94,23.66,9.43,11.15,77.7,42.82,27.33,15.0,14.21,34.91,47.24,11.26,45.35,63.49,13.28,7.81,23.96,18.47,29.6,15.57,7.09,13.27,56.25,55.9,13.5,26.2,95.2,59.28,17.71,,27.45,19.38
2023-06-28 07:00:00,15.66,76.41,32.9,71.67,42.23,14.26,45.89,18.42,59.04,112.34,17.28,16.21,54.12,65.83,41.0,18.52,10.08,20.13,15.9,59.74,23.62,9.46,11.48,77.0,42.53,27.2,15.6,14.21,34.86,46.8,11.42,47.09,63.61,13.32,7.9,24.05,18.44,29.9,15.73,7.18,13.31,56.87,55.4,13.53,26.1,94.9,59.36,17.84,,27.3,19.59
2023-06-29 07:00:00,15.37,75.65,32.28,69.41,41.44,14.14,45.42,18.36,56.88,109.53,16.91,16.36,53.8,65.27,40.23,18.28,9.86,19.53,15.53,59.65,23.09,9.37,11.26,75.4,41.37,26.64,15.0,13.8,34.31,46.92,11.21,46.08,63.32,13.24,7.75,23.92,17.68,29.55,15.42,7.06,13.06,57.32,55.0,13.46,25.9,94.1,60.46,17.53,,27.0,19.3
2023-06-30 07:00:00,15.48,75.65,31.45,72.06,41.25,14.1,45.62,18.11,57.6,109.53,16.87,16.56,53.49,64.17,40.38,18.62,10.0,19.79,15.57,59.46,23.13,9.37,11.2,75.2,41.95,25.69,14.85,14.05,34.18,46.92,11.09,47.09,63.16,12.98,7.69,23.83,17.92,29.8,15.28,7.05,12.98,56.25,55.0,13.39,25.5,94.3,59.7,17.49,,26.8,19.35
2023-07-03 07:00:00,15.48,77.27,32.28,72.06,41.62,14.34,46.35,17.96,57.6,114.04,17.3,16.05,53.74,64.86,40.93,19.34,9.92,19.83,15.53,59.46,22.83,9.46,11.2,75.4,41.66,25.52,14.55,13.96,34.45,46.3,11.01,47.09,63.2,13.24,7.97,23.83,17.85,29.7,15.12,7.06,13.09,56.25,55.9,13.39,25.55,94.4,59.45,17.49,,27.0,19.2
2023-07-04 07:00:00,15.44,77.18,31.92,71.44,42.14,14.57,46.35,18.08,58.5,110.81,17.16,15.82,54.12,65.62,41.63,19.48,9.97,19.87,15.71,59.46,22.83,9.55,11.28,75.6,41.9,26.12,14.85,14.21,36.46,46.3,11.09,47.23,63.16,13.28,8.15,23.88,18.4,29.85,15.12,7.16,13.09,56.25,56.5,13.39,25.65,94.1,59.36,17.49,,27.2,19.3
2023-07-05 07:00:00,15.41,76.51,32.17,71.36,41.9,14.38,46.15,18.14,60.13,113.02,17.28,15.74,54.12,65.07,41.86,19.29,9.92,20.4,15.81,59.46,23.09,9.61,11.31,75.8,42.0,25.95,14.7,14.51,36.88,46.11,11.17,47.38,63.24,13.5,8.09,24.05,18.2,29.9,15.09,7.19,13.06,57.38,56.1,13.56,25.5,94.3,58.69,17.58,,27.5,19.46
2023-07-06 07:00:00,15.23,76.22,31.88,71.99,42.09,13.79,46.02,18.02,60.94,111.57,17.01,15.55,53.97,65.69,41.63,19.86,9.78,20.44,15.53,59.36,22.68,9.58,11.2,76.0,41.85,25.78,14.4,14.13,36.88,45.42,10.97,47.01,63.08,13.37,8.03,25.2,18.27,29.1,14.9,7.44,13.13,56.64,54.5,13.36,25.2,94.3,59.28,17.23,,26.95,19.4
2023-07-07 07:00:00,15.23,76.51,32.13,73.31,42.33,14.07,49.0,18.17,61.21,114.98,17.23,15.78,54.48,66.24,43.42,20.39,9.86,20.78,16.28,59.46,22.68,9.95,11.34,75.2,44.08,25.56,14.5,14.46,36.88,44.92,10.84,47.09,62.09,13.37,8.3,25.24,18.37,29.6,14.9,7.37,13.02,59.06,54.0,13.5,25.05,93.8,59.62,17.49,,27.0,19.41
2023-07-10 07:00:00,15.41,76.89,34.06,73.31,42.65,14.22,49.66,18.23,61.21,115.07,17.67,15.86,54.48,67.27,43.34,20.39,9.86,20.97,16.52,59.46,22.76,10.08,11.51,77.9,46.26,26.21,14.9,15.47,38.25,46.11,10.92,47.45,61.8,13.54,8.3,25.33,19.1,29.85,15.12,7.45,13.13,57.77,53.8,13.84,25.45,94.2,60.62,17.67,,26.95,19.54
2023-07-11 07:00:00,15.44,77.37,33.77,72.61,42.56,14.34,51.18,18.6,60.13,114.22,17.72,15.86,54.26,67.07,44.12,20.63,10.0,20.66,16.52,59.46,22.83,10.01,11.76,79.2,47.27,25.91,14.7,15.38,37.74,46.61,10.97,47.59,61.68,13.54,8.37,25.46,19.48,30.0,15.09,7.54,13.2,57.94,53.9,13.84,25.4,94.2,61.21,17.53,,27.3,19.6
2023-07-12 07:00:00,15.34,77.08,33.88,72.61,43.82,14.41,51.65,18.42,61.12,112.94,17.93,15.86,54.48,66.58,44.43,20.73,9.97,20.44,16.52,59.18,22.94,9.71,11.64,79.5,47.61,25.69,14.6,15.97,37.97,46.17,10.97,46.94,62.09,14.48,8.46,25.29,19.41,29.8,14.95,7.43,13.09,58.5,55.1,13.7,25.7,93.9,61.8,17.31,,28.1,19.6
2023-07-13 07:00:00,15.44,77.37,34.02,74.01,43.96,14.61,51.45,18.42,64.28,112.6,18.01,15.78,54.84,68.52,44.5,20.78,10.0,20.47,16.57,59.56,23.81,9.89,11.7,81.8,47.81,25.95,14.95,16.05,37.88,48.8,11.05,47.66,63.12,14.57,8.49,25.51,19.72,30.0,15.09,7.45,13.16,59.01,56.3,13.77,25.75,94.9,61.47,17.58,,28.15,19.8
2023-07-14 07:00:00,15.44,77.27,33.91,74.09,43.78,15.23,52.97,18.36,64.64,110.81,17.91,15.82,56.65,68.31,44.35,20.73,10.16,20.81,16.8,59.46,23.66,9.67,11.89,81.8,47.9,26.94,15.15,15.8,37.42,49.11,11.01,47.66,63.24,14.48,8.43,25.55,19.79,29.0,15.09,7.52,13.09,59.06,56.4,13.8,25.7,97.9,61.63,17.53,,28.0,19.86
2023-07-17 07:00:00,15.44,76.41,33.51,74.09,44.24,15.11,51.65,18.23,64.46,108.25,17.79,16.36,57.16,68.31,44.27,21.11,10.16,20.66,16.71,59.36,24.41,9.89,11.86,80.7,47.13,26.81,15.35,16.3,37.47,50.24,11.05,47.16,63.12,14.27,8.43,25.64,20.0,28.0,15.07,7.62,13.16,58.95,59.0,13.9,26.45,97.3,60.79,18.02,,28.65,20.0
2023-07-18 07:00:00,15.44,76.22,33.88,74.09,44.01,14.92,51.98,18.32,63.92,110.64,17.98,16.17,56.94,68.86,44.89,20.97,10.16,20.59,16.33,59.36,24.45,9.98,11.86,80.5,46.55,26.6,15.05,16.09,37.1,49.86,11.17,47.16,62.95,14.27,8.7,25.81,19.83,28.45,15.26,7.53,13.67,58.67,58.8,14.01,26.35,96.3,60.88,18.46,,28.3,20.03
2023-07-19 07:00:00,15.44,76.51,33.55,79.24,43.87,14.96,51.45,18.36,64.1,118.31,17.81,15.94,56.79,68.24,44.5,20.82,10.41,20.74,16.42,60.32,24.18,10.08,11.73,80.8,46.98,26.55,14.7,15.72,36.69,49.18,11.01,46.94,62.83,14.4,8.67,25.81,19.79,28.25,15.26,7.33,13.49,59.91,58.5,14.01,26.05,96.7,61.04,18.19,,27.95,20.11
2023-07-20 07:00:00,15.44,76.7,33.55,80.1,43.78,15.11,52.31,18.2,65.82,118.99,17.81,15.43,58.1,68.1,44.5,20.63,10.5,21.34,16.61,60.79,24.11,10.05,11.76,79.5,47.57,26.21,14.8,16.26,36.33,49.36,11.01,46.65,63.0,14.65,8.83,25.81,19.45,27.85,15.07,7.37,13.56,59.06,57.7,13.97,26.0,97.8,61.04,18.5,,28.05,20.01
2023-07-21 07:00:00,15.51,76.03,33.91,78.61,44.43,15.65,52.44,18.23,65.91,110.72,18.15,15.66,58.6,68.59,44.74,21.11,10.62,21.5,17.23,61.26,24.67,10.05,11.89,83.0,50.86,26.42,15.15,17.39,37.06,50.05,10.97,47.23,62.95,14.7,8.86,25.81,19.97,28.75,15.26,7.45,13.52,59.06,59.0,14.01,26.05,98.0,61.8,18.86,,28.4,20.25
2023-07-24 07:00:00,15.48,75.65,33.95,79.55,44.2,15.69,48.8,18.32,65.28,106.29,18.15,15.66,58.6,67.96,45.75,21.3,10.65,21.38,17.32,61.26,25.72,10.11,11.95,84.0,52.8,25.99,16.2,17.85,36.88,49.61,11.01,46.8,63.74,14.65,9.15,25.9,19.93,28.7,15.33,7.59,13.45,58.84,59.1,14.31,26.0,96.8,61.89,19.25,,28.4,20.39
2023-07-25 07:00:00,15.66,74.5,34.2,80.33,43.87,15.46,49.0,18.36,65.28,105.78,18.37,15.82,58.82,68.17,45.44,20.92,10.62,21.38,17.32,60.98,25.65,10.2,11.99,83.4,51.92,25.69,16.2,17.85,36.88,50.36,10.97,47.16,64.97,14.44,9.15,25.99,20.0,28.5,15.83,7.61,13.7,60.9,58.6,14.28,25.75,97.1,62.64,19.25,,29.0,20.5
2023-07-26 07:00:00,15.66,74.89,34.35,79.55,43.63,15.58,48.2,18.29,65.0,106.54,18.42,15.7,59.83,67.76,44.27,20.73,10.62,21.5,17.7,60.79,26.29,10.11,11.95,84.6,50.96,25.82,17.2,18.02,37.06,51.18,11.21,49.04,66.45,14.52,9.15,26.08,20.14,28.3,15.8,7.85,13.56,62.03,59.0,14.18,25.5,96.5,63.06,19.25,,28.9,20.55
2023-07-27 07:00:00,15.55,74.98,33.88,77.21,43.54,15.96,45.56,18.02,64.37,101.52,18.25,15.66,60.56,67.76,44.74,20.82,10.62,21.5,17.75,60.79,26.66,10.2,11.86,84.2,52.91,25.01,17.85,18.39,36.51,50.62,11.01,48.46,65.87,14.48,9.08,26.12,20.45,28.1,15.64,8.16,13.38,61.56,57.5,14.08,25.55,96.9,63.65,19.16,,28.5,20.53
2023-07-28 07:00:00,15.59,74.5,33.88,76.43,43.63,15.85,48.73,18.11,65.55,99.73,18.73,15.94,61.06,68.65,44.89,21.11,10.65,21.42,18.27,60.79,27.6,10.08,11.92,86.1,53.3,25.14,18.35,18.27,36.65,51.68,11.21,49.11,64.56,14.48,9.15,26.17,20.66,28.65,15.97,8.16,13.49,61.76,58.9,14.14,25.75,97.8,65.08,19.47,,28.8,20.75
2023-07-31 07:00:00,16.11,77.37,34.24,76.43,45.04,16.04,47.61,18.42,65.0,104.84,19.17,16.4,61.93,70.1,45.67,21.45,10.72,21.34,18.22,61.74,28.16,10.11,12.02,87.3,52.52,25.26,18.85,18.14,37.97,51.93,11.34,48.39,64.47,13.62,9.15,25.68,20.59,28.95,16.2,8.64,13.52,60.83,63.0,14.18,27.55,102.0,65.59,19.52,,29.65,21.2
2023-08-01 07:00:00,16.04,75.46,34.96,75.49,44.2,16.04,44.3,18.66,67.17,101.43,19.0,16.72,61.13,69.48,44.43,21.11,10.84,20.81,17.61,61.46,26.96,10.2,12.02,86.7,50.56,25.14,17.8,17.43,37.52,50.68,11.13,47.3,65.13,13.45,9.11,26.39,20.0,28.95,16.06,8.32,13.56,60.56,62.8,14.08,29.45,101.2,63.9,19.34,,29.1,21.02
2023-08-02 07:00:00,16.22,74.41,35.62,74.71,44.76,16.82,41.91,19.06,66.9,102.03,19.0,17.88,60.41,69.28,44.04,21.02,10.75,20.81,17.8,61.46,26.89,10.35,12.05,85.2,50.56,25.09,18.35,17.89,37.47,50.99,11.34,46.87,65.34,13.67,9.19,26.65,20.14,29.1,16.01,8.4,13.63,60.76,61.9,14.11,29.15,100.8,63.99,19.38,,28.9,20.9
2023-08-03 07:00:00,16.46,73.93,35.22,69.8,44.24,16.43,42.38,18.97,66.9,102.54,18.73,17.53,60.56,68.72,44.04,20.92,10.62,20.32,17.7,61.17,26.47,10.48,12.02,86.1,51.54,25.35,18.55,17.89,36.69,50.86,11.17,46.87,66.41,13.54,9.19,26.65,19.79,28.6,15.83,8.48,13.31,60.17,60.1,14.08,29.1,101.0,63.03,19.12,,28.4,20.7
2023-08-04 07:00:00,17.13,73.74,35.11,68.55,44.06,16.7,42.78,19.03,67.26,102.03,19.07,18.55,60.27,69.21,45.13,21.02,10.59,20.7,17.89,61.17,27.04,10.66,12.11,86.3,51.84,25.22,19.8,18.77,36.88,50.55,11.26,46.22,66.0,13.54,9.66,25.55,20.28,28.95,15.87,9.04,13.67,59.83,63.0,14.31,31.1,101.0,63.38,19.56,,28.7,21.14
2023-08-07 07:00:00,16.67,73.26,35.43,69.8,44.9,16.93,42.38,20.01,66.72,101.34,18.93,18.66,61.13,69.62,45.05,21.78,10.72,20.85,17.99,61.74,27.04,11.41,12.34,88.2,52.62,25.22,20.2,18.81,37.06,51.43,11.34,46.87,66.2,13.8,9.77,26.65,20.63,30.05,16.23,9.63,13.92,60.3,62.9,14.59,31.95,101.9,65.03,19.96,,29.6,21.39
2023-08-08 07:00:00,16.43,73.26,35.29,72.38,44.48,16.51,44.23,20.01,67.35,100.49,19.2,18.78,60.92,69.83,45.52,21.69,10.72,20.59,17.7,62.02,26.47,11.75,12.24,89.2,52.42,26.04,20.35,18.39,37.42,50.93,11.67,46.87,66.45,14.1,9.62,26.7,20.21,29.8,16.06,9.71,13.7,60.23,62.8,14.45,33.5,103.0,64.68,19.56,,31.0,21.38
2023-08-09 07:00:00,16.29,72.69,34.96,71.28,44.34,16.27,43.7,19.95,66.81,99.81,18.93,18.86,60.12,69.69,44.82,21.26,10.68,21.04,18.08,62.22,26.66,11.68,12.21,88.0,51.44,25.69,19.9,17.98,37.24,50.24,11.5,46.36,66.2,14.31,9.55,26.43,19.86,31.2,16.06,9.83,13.6,59.9,60.6,14.28,32.9,101.6,63.47,19.43,,30.9,21.27
2023-08-10 07:00:00,16.08,70.68,33.73,69.65,43.96,15.96,45.16,19.43,66.99,98.87,18.95,18.9,59.47,70.38,43.8,20.58,10.62,20.7,17.8,61.84,26.21,11.5,12.05,83.0,50.86,25.44,20.6,17.98,37.33,49.43,11.42,45.42,66.04,14.05,9.4,26.43,19.52,30.55,15.83,9.43,13.34,58.77,60.6,14.08,33.95,100.7,63.47,19.34,,30.05,21.1
2023-08-11 07:00:00,16.08,70.78,33.88,68.32,43.68,16.24,44.63,19.71,66.18,98.87,19.37,18.9,59.33,70.03,42.95,20.25,10.53,20.97,18.79,61.26,27.38,11.5,12.05,84.5,52.13,25.52,20.9,18.35,37.2,49.68,11.3,45.64,65.59,13.75,9.4,26.78,19.55,31.85,15.9,10.07,13.45,60.03,60.9,14.01,36.3,101.1,63.81,19.38,,30.75,21.21
2023-08-14 07:00:00,16.18,70.2,34.53,69.33,43.87,17.36,44.56,19.83,66.27,98.87,19.9,19.48,59.76,69.41,43.34,20.68,10.59,21.31,19.03,60.98,27.41,11.65,12.08,82.2,53.01,25.48,21.25,19.06,37.1,49.68,11.38,45.86,64.97,13.75,9.4,26.21,20.24,31.9,15.97,10.74,13.45,59.1,61.2,14.11,36.65,100.2,63.73,19.34,,30.3,21.21
2023-08-15 07:00:00,16.04,69.92,34.09,70.5,44.15,17.2,44.3,19.89,68.98,102.2,20.14,19.25,60.77,69.28,43.57,20.58,10.53,21.16,19.5,60.12,27.04,11.68,12.08,82.4,52.81,25.52,20.75,18.73,36.92,49.43,11.5,45.71,64.68,13.97,9.4,25.99,19.93,31.5,16.09,10.38,13.7,59.04,61.7,14.04,35.35,101.9,63.21,19.38,,31.3,21.29
2023-08-16 07:00:00,16.08,69.63,34.46,69.26,43.87,17.32,44.36,19.86,68.34,99.98,20.14,19.56,61.57,69.14,43.42,20.49,10.59,21.16,19.31,60.32,26.7,11.71,12.11,81.8,52.62,25.35,20.65,19.06,36.83,50.18,11.5,45.57,64.68,13.75,9.37,25.99,20.04,32.9,16.68,10.42,13.78,59.24,62.9,14.08,37.8,100.8,63.47,19.74,,31.5,21.42
2023-08-17 07:00:00,15.94,68.77,34.17,66.6,43.49,17.05,43.37,20.01,68.25,98.02,19.9,19.25,62.22,69.0,42.95,20.44,10.59,21.27,18.93,59.84,26.66,11.78,12.02,82.1,52.72,25.09,20.65,19.1,36.37,50.18,11.59,45.28,64.02,13.71,9.33,25.9,20.8,32.35,16.39,10.26,13.6,59.37,61.0,14.11,35.95,100.0,63.9,19.52,,30.6,21.46
2023-08-18 07:00:00,15.37,64.95,32.06,66.84,41.34,15.89,40.39,18.85,63.65,98.02,18.95,17.92,61.86,67.34,40.61,19.05,10.01,20.06,17.61,59.56,24.9,11.28,11.54,79.0,49.1,23.37,19.25,17.81,34.18,49.11,10.8,43.69,63.16,12.77,8.71,24.19,19.66,31.3,15.35,9.55,13.06,59.44,56.8,13.33,33.45,97.9,63.64,18.15,,29.1,20.4
2023-08-21 07:00:00,15.44,66.29,33.08,66.68,41.72,15.5,39.2,19.64,63.2,98.02,19.39,17.92,62.15,68.38,42.17,18.52,10.01,19.83,17.47,59.56,25.5,11.99,11.57,78.4,47.92,23.63,18.5,17.14,34.31,49.43,10.76,44.05,62.79,12.6,8.82,23.44,20.04,31.8,15.47,9.43,13.34,59.63,56.0,13.53,32.9,96.0,63.29,18.33,,29.5,20.45
2023-08-22 07:00:00,15.48,65.43,33.22,66.29,42.47,15.81,38.74,19.37,64.1,97.17,19.07,18.35,62.58,69.21,42.02,18.28,10.13,19.79,17.42,59.84,25.57,12.23,11.6,77.7,48.9,23.8,18.5,17.31,34.5,49.11,10.59,44.12,61.68,12.25,8.79,24.85,21.32,32.15,15.64,10.07,13.38,58.7,55.5,13.53,32.25,97.3,63.12,18.15,,29.3,20.55
2023-08-23 07:00:00,15.34,64.67,33.15,64.73,42.56,15.46,39.07,19.21,65.36,97.0,18.47,18.35,62.58,70.31,42.02,18.42,9.94,19.41,17.32,60.12,25.16,12.23,11.48,77.5,48.61,23.63,18.7,17.56,34.22,48.49,10.22,44.12,61.72,12.55,8.71,24.85,21.11,30.9,15.68,10.15,13.34,57.31,54.5,13.46,32.5,96.5,63.81,17.84,,28.75,20.44
2023-08-24 07:00:00,15.48,64.0,33.22,65.43,42.47,15.96,39.4,19.49,67.8,97.08,18.68,18.39,65.88,70.66,43.18,19.0,10.01,19.91,17.75,60.32,25.91,12.47,11.64,80.0,49.2,23.72,19.8,18.48,34.59,48.8,10.43,44.41,63.12,13.41,8.79,25.07,22.22,31.55,15.97,10.3,13.56,57.78,55.4,13.46,32.1,97.5,64.86,18.06,,29.05,20.64
2023-08-25 07:00:00,15.41,63.52,32.79,68.87,42.0,16.04,41.32,19.12,72.05,98.62,18.42,18.7,66.31,69.97,43.03,18.86,10.04,19.64,17.61,60.5,25.95,12.51,11.54,79.7,49.39,23.63,19.4,18.48,34.36,48.99,10.34,44.41,64.23,13.5,8.68,24.85,22.36,31.1,15.9,10.38,13.6,57.24,54.1,13.36,31.75,97.0,65.03,17.8,,28.7,20.56
2023-08-28 07:00:00,15.48,66.29,32.93,68.24,42.0,16.47,41.32,19.12,75.66,99.13,19.02,19.87,68.8,71.21,43.18,19.38,10.07,20.32,18.18,61.36,26.66,12.59,11.6,80.7,50.56,23.72,20.0,18.81,34.91,49.74,10.51,45.5,64.27,13.58,8.79,24.93,22.54,31.65,16.06,10.3,13.7,57.78,54.7,13.5,32.35,98.0,67.63,17.89,,29.75,20.8
2023-08-29 07:00:00,15.48,68.1,33.22,70.19,41.9,16.62,41.38,19.18,74.94,98.19,18.86,19.48,68.51,71.42,43.96,19.82,10.01,20.44,18.08,61.46,26.66,12.63,11.64,80.0,51.74,23.67,20.35,20.07,34.82,50.3,10.43,45.35,65.01,13.88,8.9,24.98,22.47,31.75,16.01,10.66,13.7,58.7,54.6,13.5,31.7,97.5,67.2,18.37,,29.25,20.9
2023-08-30 07:00:00,15.76,68.58,33.51,69.57,42.14,17.24,40.85,19.71,75.57,99.21,18.97,19.72,70.71,70.99,45.67,19.86,10.1,20.59,18.65,61.46,26.92,12.67,11.73,79.6,52.62,23.67,20.05,20.23,35.14,50.49,10.51,45.5,65.71,13.8,8.9,24.76,23.27,32.5,16.06,11.06,14.1,59.17,54.6,13.63,31.0,96.9,67.55,18.33,,29.7,21.08
2023-08-31 07:00:00,15.87,68.96,34.06,68.71,42.28,17.36,41.78,19.92,79.0,100.58,19.39,20.26,70.78,70.49,48.78,20.97,10.41,20.89,18.93,63.54,27.79,12.79,11.8,81.5,52.62,23.98,20.45,20.74,35.27,50.36,10.59,45.35,64.97,13.88,9.04,24.76,23.2,32.65,16.3,10.93,14.14,59.17,54.7,13.87,31.05,98.0,67.55,18.46,,30.3,21.2
2023-09-05 07:00:00,15.97,68.1,34.46,68.32,42.51,17.75,43.24,20.04,82.16,100.49,19.6,19.91,70.85,71.21,49.48,21.11,10.56,21.04,18.89,61.74,27.26,12.83,12.21,81.5,53.11,24.92,21.4,20.82,35.82,50.36,10.76,46.08,65.3,14.1,9.19,24.23,23.16,32.7,16.53,10.69,14.17,59.83,55.3,14.04,31.15,100.5,69.54,18.5,,30.15,21.38
2023-09-06 07:00:00,16.11,68.01,34.31,73.08,42.7,18.06,44.36,20.04,81.98,103.99,19.86,19.91,72.46,72.57,49.8,21.11,10.62,21.95,20.16,61.74,27.38,12.87,12.27,82.7,53.79,24.88,21.8,21.36,35.96,50.74,10.76,46.29,65.38,14.18,9.19,24.49,23.61,33.05,16.63,10.97,14.25,59.9,55.9,14.08,30.8,101.7,69.46,19.21,,30.3,21.64
2023-09-07 07:00:00,16.08,67.82,34.35,73.62,42.79,17.82,43.97,20.04,80.35,105.27,19.86,19.91,71.66,73.57,49.72,21.5,10.68,21.69,20.35,61.64,27.38,12.87,12.31,82.0,53.79,24.71,21.6,21.4,36.01,52.68,10.68,45.93,66.0,14.01,9.26,24.19,23.37,33.0,16.89,10.97,14.17,59.44,55.1,14.11,30.4,101.0,69.02,19.16,,30.3,21.57
2023-09-08 07:00:00,15.97,69.35,34.09,74.79,42.7,18.06,44.23,19.83,83.42,103.82,21.23,19.87,71.44,73.07,50.42,21.78,10.72,21.76,20.83,61.74,27.19,12.83,12.18,81.8,54.28,25.35,22.0,21.4,36.05,52.55,10.63,46.22,66.04,14.27,9.22,24.23,23.44,32.5,16.7,10.93,13.99,59.44,54.0,14.04,29.55,101.4,69.46,19.21,,29.6,21.54
2023-09-11 07:00:00,15.69,67.82,33.73,72.61,42.56,17.86,42.71,19.58,82.07,102.03,21.23,19.48,71.29,72.49,49.17,20.87,10.56,21.19,20.16,62.4,26.14,12.91,11.95,79.6,53.3,25.56,20.5,20.65,36.46,52.3,10.51,45.93,68.88,13.8,8.93,23.79,23.27,31.6,16.32,10.6,13.67,58.77,52.5,13.77,29.55,99.0,69.02,19.3,,28.7,21.1
2023-09-12 07:00:00,15.97,68.58,34.09,71.6,42.84,18.44,43.83,19.83,83.24,105.1,21.1,19.79,72.39,73.42,50.26,21.78,10.75,21.76,20.68,62.22,26.44,12.99,12.27,81.0,54.57,25.65,20.95,21.99,36.6,52.3,10.68,45.79,69.45,14.1,9.11,24.1,24.86,32.35,16.68,10.97,13.85,59.7,53.5,13.9,30.15,101.9,69.72,19.65,,29.5,21.79
2023-09-13 07:00:00,15.83,67.82,34.09,71.36,42.61,18.6,44.23,19.98,81.98,102.71,20.6,19.79,71.73,75.5,51.04,21.4,10.78,21.5,20.83,61.74,26.51,12.99,12.15,80.1,56.24,25.35,19.95,21.95,36.88,52.12,10.72,45.79,68.59,14.01,8.97,23.92,24.86,31.95,16.53,11.18,13.88,59.17,52.1,14.31,29.6,99.0,68.68,19.78,,29.0,21.48
2023-09-14 07:00:00,15.76,67.15,33.91,68.79,42.28,17.98,43.17,20.38,81.98,101.0,20.6,19.79,70.19,75.78,49.95,21.11,10.81,21.04,20.16,61.64,25.99,12.75,12.21,78.6,56.04,24.81,18.7,21.24,36.6,50.8,10.55,45.42,70.07,13.71,8.93,23.17,24.76,31.8,16.49,11.1,13.7,59.17,49.0,14.79,27.75,99.0,68.94,19.74,,28.9,21.23
2023-09-15 07:00:00,15.9,65.91,33.95,67.31,42.0,18.06,44.7,20.1,81.98,100.58,20.54,19.79,71.36,78.36,49.8,21.69,11.12,20.89,20.26,61.64,25.99,12.55,12.37,79.7,54.67,24.08,18.9,21.86,36.74,50.93,10.55,45.5,68.34,13.84,8.86,23.79,24.66,32.5,16.49,10.93,13.85,59.63,50.5,14.69,26.8,99.7,69.02,19.87,,28.4,21.34
2023-09-18 07:00:00,15.76,64.95,33.19,68.01,41.9,17.59,46.88,19.68,80.53,100.92,20.18,18.51,70.92,77.93,49.17,21.26,10.87,20.89,20.64,61.64,25.91,12.27,12.21,78.5,53.79,23.99,18.15,21.49,36.23,50.99,10.47,45.14,66.45,13.92,8.79,23.61,24.79,32.6,16.11,11.18,13.67,58.97,48.95,14.28,26.5,98.8,68.5,19.52,,27.7,21.07
2023-09-19 07:00:00,15.66,64.95,32.79,67.93,41.2,16.89,46.68,19.71,83.78,101.26,20.52,17.92,72.02,78.64,50.03,21.4,10.93,21.31,21.77,61.55,25.54,12.15,12.11,79.0,54.28,24.17,17.3,21.57,36.51,50.8,10.55,45.86,64.97,13.97,8.75,23.61,25.14,33.3,16.01,11.26,13.74,58.51,49.35,14.11,25.85,99.4,68.5,19.3,,27.6,21.2
2023-09-20 07:00:00,15.76,66.86,33.15,70.19,41.72,17.48,47.68,19.68,86.58,101.09,20.73,18.31,72.1,77.93,51.43,22.17,11.02,21.5,21.92,61.55,26.66,12.27,12.24,79.7,54.57,24.4,18.5,22.57,36.97,51.74,10.59,46.44,66.2,14.18,8.86,23.35,25.32,33.25,16.23,11.43,14.07,58.44,50.7,14.31,26.75,99.4,67.98,19.3,,28.1,21.25
2023-09-21 07:00:00,15.73,67.44,32.79,70.89,41.48,17.36,46.75,19.46,84.87,101.17,20.33,17.92,70.85,76.14,52.15,22.26,10.84,21.5,21.92,61.46,26.14,11.95,12.08,78.8,53.01,24.08,18.2,21.95,37.06,51.68,10.51,47.3,65.79,13.92,8.75,23.35,24.13,32.35,16.2,11.92,13.74,57.78,50.2,14.08,26.1,99.3,67.72,19.08,,28.15,21.04
2023-09-22 07:00:00,15.66,66.39,33.4,69.02,40.78,16.35,45.29,19.43,88.48,100.49,19.65,18.02,70.78,77.94,51.35,20.97,10.84,20.66,20.4,61.26,24.78,11.47,11.92,75.4,50.96,23.63,17.4,20.48,36.45,50.68,10.18,45.86,64.64,13.2,8.57,22.47,22.64,32.9,16.06,11.1,13.38,59.3,48.0,13.84,25.0,97.6,67.29,18.72,,27.4,20.7
2023-09-25 07:00:00,15.44,64.95,32.71,66.37,39.47,15.23,42.18,18.29,82.34,98.87,18.86,16.77,69.02,76.74,48.22,19.53,10.75,19.68,18.98,61.17,23.66,10.84,11.54,70.3,49.88,22.81,16.2,19.06,34.92,49.93,9.77,44.63,62.5,12.34,7.99,22.91,21.08,31.65,15.49,10.36,12.98,59.3,47.0,12.98,23.25,98.0,67.37,17.97,,26.6,20.56
2023-09-26 07:00:00,15.37,62.95,32.17,66.53,39.29,14.41,41.98,18.6,81.71,99.04,18.89,16.08,68.44,76.14,48.7,18.18,10.75,19.83,17.99,61.17,23.66,10.52,11.64,73.0,50.37,22.18,15.15,18.35,34.55,49.11,9.64,44.7,61.93,12.25,7.84,23.08,21.46,31.35,15.31,9.66,12.77,57.78,45.0,13.12,22.5,98.0,66.07,18.02,,25.8,19.99
2023-09-27 07:00:00,15.44,63.23,32.21,67.85,39.66,14.96,41.72,19.03,82.7,99.9,19.31,16.68,69.02,76.23,51.35,19.05,10.75,20.06,18.93,61.17,24.33,10.56,11.8,76.0,50.86,22.27,15.5,19.61,34.03,49.49,9.72,45.42,60.94,12.51,8.06,23.13,22.92,31.8,15.4,10.07,12.84,58.31,45.1,13.33,22.6,99.7,66.51,18.5,,26.1,20.0
2023-09-28 07:00:00,15.27,64.19,32.17,68.09,39.66,14.57,42.64,18.94,84.78,99.21,19.42,16.04,68.8,78.46,52.79,18.81,10.68,20.13,19.22,61.17,24.6,10.84,11.8,76.5,51.84,21.82,15.75,19.77,35.15,49.11,9.52,45.86,59.54,12.51,7.95,22.03,22.43,30.75,15.9,9.86,13.02,58.44,44.5,13.19,22.5,99.3,64.94,18.68,,25.45,20.0
2023-09-29 07:00:00,15.34,66.39,32.17,67.07,39.43,14.96,42.2,18.45,84.42,99.73,19.36,16.5,67.92,77.77,53.19,18.71,10.72,19.91,18.93,60.98,24.52,11.04,11.8,76.3,51.44,22.18,15.6,20.02,34.92,49.3,9.6,45.64,59.62,12.55,8.06,22.03,22.09,30.65,15.9,9.54,12.88,58.11,45.5,13.19,23.42,99.3,64.42,19.12,,26.1,20.14
2023-10-02 07:00:00,15.37,66.29,31.88,67.62,39.52,15.34,42.2,18.39,84.6,101.17,19.84,16.27,68.22,76.57,52.39,19.58,10.56,19.83,19.03,60.98,24.41,10.88,11.86,77.4,50.76,22.54,15.4,20.32,34.92,49.36,9.72,45.86,60.03,12.72,8.02,22.03,22.29,30.85,15.66,9.74,12.62,57.44,45.75,13.26,23.45,98.5,65.64,19.21,,26.85,20.05
2023-10-03 07:00:00,15.16,65.43,30.14,65.36,39.14,14.3,40.7,17.86,82.16,99.47,19.94,15.4,67.48,74.0,50.15,18.23,10.56,18.77,17.7,60.88,23.71,10.48,11.51,74.0,47.92,21.91,14.35,18.9,33.52,48.49,9.27,44.78,57.81,12.04,7.66,21.94,20.97,29.2,15.35,9.08,12.05,57.31,44.05,12.81,22.25,97.9,64.25,18.5,,26.3,19.55
2023-10-04 07:00:00,15.16,65.91,30.83,66.06,39.33,14.45,41.85,17.74,85.32,99.38,20.62,15.58,67.7,73.57,51.43,18.71,10.56,19.11,18.08,60.79,23.95,10.76,11.57,73.5,48.12,21.91,14.6,19.56,33.75,48.55,9.31,45.35,57.57,12.08,7.73,21.54,22.05,30.2,15.23,9.29,11.97,57.31,44.6,12.88,23.05,96.8,64.6,18.5,,27.0,19.68
2023-10-05 07:00:00,15.16,65.81,30.18,67.54,39.19,13.95,43.61,17.25,83.96,99.47,20.26,15.3,67.05,72.2,51.59,19.0,10.47,18.85,17.37,60.7,23.46,10.84,11.51,72.8,45.97,21.86,13.8,18.9,32.03,48.68,9.02,44.78,57.16,11.7,7.62,21.59,21.98,29.9,15.02,9.13,11.94,56.12,44.55,12.61,22.8,95.5,63.12,18.33,,26.8,19.49
2023-10-06 07:00:00,15.3,66.39,30.61,69.1,39.19,13.87,45.47,17.62,85.77,100.15,19.97,15.67,67.85,72.2,52.15,19.38,10.56,18.88,17.75,60.32,24.37,10.96,11.57,72.7,47.24,21.91,13.9,19.31,32.59,48.8,9.27,44.92,57.24,11.91,7.77,21.59,22.88,30.95,15.14,9.74,12.12,56.71,46.05,12.75,22.98,97.0,64.42,18.46,,27.45,19.65
2023-10-09 07:00:00,15.8,65.81,30.43,69.1,39.47,14.22,45.64,17.9,87.58,104.16,20.73,15.9,69.97,74.25,53.03,19.58,10.53,19.3,18.32,60.7,24.37,11.24,11.67,73.5,46.9,22.32,14.35,19.73,33.24,50.05,9.27,44.7,56.58,12.08,7.81,21.63,23.06,31.2,15.16,10.03,12.15,56.18,47.0,12.92,22.6,97.1,63.99,18.86,,27.05,19.75
2023-10-10 07:00:00,16.01,65.81,30.5,70.35,39.8,14.34,45.12,17.99,86.04,103.73,20.31,16.18,70.49,74.08,53.11,19.24,10.75,19.68,18.27,60.32,24.28,11.28,11.76,73.2,47.78,22.81,14.2,19.4,33.52,49.74,9.48,45.21,56.58,12.34,7.88,21.67,22.71,31.25,15.35,9.82,12.08,57.18,48.0,13.22,22.45,97.3,64.6,19.03,,27.0,19.93
2023-10-11 07:00:00,15.94,65.24,30.47,72.92,39.85,14.57,47.94,18.11,87.58,103.39,20.62,16.22,71.0,73.74,53.19,19.86,10.87,19.83,18.65,60.32,24.12,11.32,11.8,73.8,48.22,22.77,14.45,19.61,34.36,50.24,9.52,45.21,55.92,12.34,7.92,21.81,23.61,31.75,15.4,9.99,12.08,57.44,47.4,13.36,22.72,97.6,64.6,19.21,,27.0,19.95
2023-10-12 07:00:00,15.94,64.57,30.57,71.75,39.89,14.41,47.5,18.17,88.39,102.88,20.44,16.04,70.56,73.74,52.55,20.01,10.81,19.53,18.65,60.32,24.74,11.32,11.7,73.1,47.34,22.5,14.85,20.36,34.17,50.05,9.48,45.42,56.66,12.34,7.88,21.81,23.34,31.6,15.35,9.99,12.41,57.11,47.55,13.39,23.25,97.7,65.55,19.25,,27.2,20.0
2023-10-13 07:00:00,15.9,63.71,30.83,71.83,39.57,14.26,48.47,17.99,89.65,102.28,20.78,16.04,70.34,73.57,53.03,20.54,10.87,19.49,18.6,60.22,26.43,11.32,11.76,72.7,48.41,22.5,14.95,21.78,34.17,49.93,9.43,45.35,57.65,12.3,7.84,21.85,23.3,31.5,15.21,10.03,12.44,57.51,46.9,13.19,23.05,103.8,65.81,19.34,,27.35,20.06
2023-10-16 07:00:00,15.87,62.76,30.21,69.49,38.96,13.74,48.29,17.68,87.48,102.03,21.15,15.86,70.85,74.51,52.47,20.58,10.75,18.92,17.8,60.22,26.18,11.28,11.6,71.6,47.53,22.14,14.55,20.9,34.27,49.99,9.39,44.92,58.31,12.3,7.7,21.85,22.29,30.2,15.02,10.19,12.12,57.18,45.55,12.85,22.5,102.5,65.29,19.82,,26.7,19.75
2023-10-17 07:00:00,15.76,61.32,29.96,69.49,38.86,12.79,45.2,17.56,81.44,101.09,20.05,15.81,68.14,73.05,51.43,19.38,10.84,18.77,17.04,59.84,24.45,11.16,11.54,71.0,45.28,22.14,13.75,20.02,33.52,49.49,9.31,44.49,57.48,12.0,7.7,21.81,21.84,30.0,15.0,9.54,11.9,57.04,44.5,12.71,22.0,102.9,64.94,20.0,,27.0,19.8
2023-10-18 07:00:00,15.48,59.98,29.02,67.07,38.21,11.92,43.7,17.4,82.25,98.36,18.89,15.58,68.07,71.17,51.99,19.19,10.84,18.17,16.09,59.84,24.12,11.16,11.32,68.3,43.72,21.05,13.0,19.23,32.59,48.18,9.31,43.62,56.17,11.57,7.55,21.76,21.91,29.7,14.76,9.45,11.72,57.04,43.3,12.58,21.9,104.9,64.16,19.82,,26.5,19.49
2023-10-19 07:00:00,15.3,60.18,29.16,66.14,37.6,12.04,43.44,17.56,81.08,98.02,18.73,15.72,67.34,70.22,52.07,19.19,10.81,17.94,16.09,60.32,24.08,11.2,11.25,66.4,42.06,20.73,13.2,18.81,32.59,47.49,9.14,43.04,56.17,11.61,7.48,21.67,20.9,29.0,14.48,9.37,11.65,56.12,42.5,12.44,21.6,105.1,61.99,18.9,,26.4,19.68
2023-10-20 07:00:00,15.37,61.7,29.38,66.29,38.35,12.87,45.03,18.05,82.07,98.79,19.05,16.27,68.0,71.34,51.35,19.67,10.96,18.43,16.85,61.26,24.95,11.59,11.44,69.0,43.72,20.82,13.8,19.61,32.96,47.68,9.27,43.62,57.57,11.82,7.59,21.54,21.74,30.1,14.69,9.78,11.9,56.31,44.5,12.51,21.68,105.2,62.77,19.03,,26.6,19.41
2023-10-23 07:00:00,15.3,60.75,29.23,65.43,37.88,12.36,43.7,17.99,79.0,93.76,18.5,16.31,66.61,69.11,49.66,18.95,10.81,18.17,16.76,61.26,24.9,11.71,11.35,66.0,42.06,20.69,13.35,19.48,32.92,46.98,9.14,42.75,55.76,11.74,7.48,21.85,21.25,29.7,14.6,9.7,11.87,56.12,44.5,12.3,21.7,103.5,60.95,18.55,,26.0,19.17
2023-10-24 07:00:00,15.37,60.56,29.96,66.45,38.12,12.71,46.7,18.11,81.17,94.1,18.26,16.82,67.34,69.62,49.26,19.62,10.84,18.17,16.76,60.79,25.28,11.75,11.41,66.9,42.06,21.37,13.65,19.9,33.06,47.3,9.27,43.04,56.83,11.91,7.7,22.73,21.56,30.0,14.81,9.86,12.12,57.11,44.6,12.61,21.72,103.6,61.04,18.55,,26.6,19.02
2023-10-25 07:00:00,15.37,59.79,29.56,67.62,38.21,12.51,48.56,17.8,80.62,92.57,17.68,16.64,66.53,68.94,49.5,19.67,10.81,18.2,16.85,60.32,24.99,11.83,11.35,66.0,42.54,21.23,13.85,20.32,32.92,46.98,9.27,42.61,56.91,12.17,7.66,22.82,21.39,29.55,14.74,9.95,12.08,56.98,44.9,12.47,22.35,102.8,59.91,18.5,,26.45,19.1
2023-10-26 07:00:00,14.81,56.93,29.41,63.95,36.53,11.64,45.29,17.4,76.74,87.71,16.58,15.81,63.53,64.74,47.34,18.33,10.5,17.26,15.71,60.32,24.62,11.4,10.97,61.4,41.08,20.33,12.9,18.9,30.63,46.79,8.94,40.44,54.44,12.17,7.3,22.47,19.93,28.1,14.08,9.29,11.54,56.12,41.8,11.83,20.8,99.8,58.17,17.8,,24.6,18.41
2023-10-27 07:00:00,15.13,56.36,30.47,64.65,36.95,11.96,48.38,17.31,76.74,86.43,16.74,16.36,63.68,66.54,50.15,18.52,10.65,17.67,16.71,60.12,24.45,12.19,11.13,57.8,41.08,20.82,13.3,19.61,30.73,46.54,9.1,39.72,51.89,12.04,7.48,22.51,20.45,28.7,13.96,9.37,11.68,56.45,39.2,12.34,20.8,99.8,59.04,17.8,,22.9,18.32
2023-10-30 07:00:00,14.95,56.83,29.74,63.41,36.62,11.25,46.0,16.97,73.58,86.51,16.01,15.9,62.22,65.68,48.54,17.27,10.62,17.41,16.28,60.7,23.62,11.51,10.84,58.0,39.61,20.82,13.3,18.81,30.59,46.1,8.98,39.43,50.0,11.82,7.37,22.33,19.1,27.0,13.27,8.96,11.54,57.04,39.2,12.0,20.75,98.0,58.69,17.53,,23.1,18.32
2023-10-31 07:00:00,15.02,55.97,29.16,61.22,36.39,11.01,44.67,17.0,71.32,85.24,14.9,15.49,60.75,65.68,47.34,16.22,10.62,17.41,16.09,60.32,23.62,11.67,10.9,58.2,36.87,20.51,12.9,17.52,29.7,45.53,8.77,37.99,46.63,11.14,7.33,22.73,17.88,27.0,13.09,8.34,11.4,57.64,39.0,12.2,20.25,99.0,59.04,17.62,,22.2,18.3
2023-11-01 07:00:00,15.16,55.4,29.02,62.78,36.48,11.52,44.41,16.82,72.5,87.37,15.14,15.76,62.51,65.94,49.58,16.6,10.65,18.13,16.76,60.32,23.62,12.03,10.97,59.5,34.33,20.69,13.1,17.56,30.08,45.53,8.86,37.62,47.2,11.57,7.52,22.82,18.86,27.65,13.32,8.67,11.4,58.31,38.45,12.27,20.2,104.4,61.12,17.45,,22.7,18.3
2023-11-02 07:00:00,15.66,56.16,30.21,66.68,37.98,12.32,47.5,17.34,77.46,87.79,16.19,16.18,65.14,67.91,50.95,17.75,10.87,19.11,17.89,60.32,24.78,12.27,11.29,62.7,36.19,21.37,14.0,18.77,31.1,46.66,9.19,39.43,50.5,12.08,7.92,22.86,20.07,29.0,13.86,9.25,11.83,59.1,39.95,12.64,20.72,104.9,61.56,17.89,,23.25,18.66
2023-11-03 07:00:00,15.48,55.88,30.1,68.63,37.79,12.83,50.76,17.19,77.46,88.3,16.58,16.36,63.68,67.82,52.15,17.75,11.33,19.0,18.41,59.84,24.12,12.15,11.09,63.9,38.09,21.23,14.55,18.85,30.82,46.66,9.19,38.28,52.55,11.95,7.77,21.41,20.07,28.5,14.64,9.21,11.58,59.04,40.5,12.68,20.8,106.5,60.78,17.45,,24.4,18.83
2023-11-06 07:00:00,15.59,56.74,30.32,69.33,38.07,12.95,51.82,17.53,79.81,89.33,16.69,16.54,64.78,67.74,52.95,17.75,11.27,19.49,18.93,59.84,24.57,12.27,11.44,64.0,37.21,21.55,14.8,19.06,30.96,48.44,9.31,40.01,54.44,12.25,7.99,22.29,20.14,29.45,14.64,9.33,11.97,59.44,41.0,12.88,21.05,107.3,61.64,18.33,,24.0,19.05
2023-11-07 07:00:00,15.51,55.59,30.32,70.97,37.79,12.75,53.94,17.53,79.45,89.33,16.45,16.27,64.63,67.57,53.03,17.71,11.12,19.53,18.7,59.94,24.2,12.35,11.35,62.0,37.36,21.59,14.5,18.6,30.87,47.99,9.23,39.86,53.54,12.17,7.88,21.5,19.69,29.0,14.46,9.13,11.94,58.64,40.0,12.75,21.02,106.0,61.47,18.24,,23.15,18.88
2023-11-08 07:00:00,16.01,56.93,31.12,73.31,38.35,13.62,55.62,17.96,83.96,90.35,17.24,16.73,67.78,68.6,54.4,18.9,11.61,20.4,19.97,60.03,25.65,12.55,11.7,63.8,38.73,22.09,15.5,19.9,31.85,48.69,9.52,41.16,53.54,12.34,8.24,21.98,21.04,30.0,15.02,9.74,12.44,59.44,41.0,13.22,21.5,113.0,61.99,18.81,,23.7,19.4
2023-11-09 07:00:00,15.83,58.27,31.08,73.31,38.35,13.54,54.74,18.11,83.78,89.84,17.24,16.68,67.7,68.6,55.12,18.9,11.58,20.21,19.69,59.84,26.35,12.51,11.7,62.8,39.42,22.09,16.3,21.28,31.61,48.37,9.56,41.16,52.55,12.38,8.17,21.59,21.43,29.65,14.88,9.86,12.33,58.37,42.9,13.15,22.7,108.4,61.38,18.49,,24.3,19.41
2023-11-10 07:00:00,15.73,57.69,30.61,74.32,37.98,13.42,55.62,18.05,83.96,88.9,16.95,16.31,66.97,67.48,55.28,18.57,11.64,20.06,19.55,59.84,25.9,12.19,11.48,61.7,38.53,22.77,16.0,21.45,31.05,48.06,9.68,41.45,51.32,12.25,8.1,20.97,21.39,29.5,14.67,10.15,12.26,57.11,42.3,12.95,22.48,109.0,60.43,18.07,,23.95,19.05
2023-11-13 07:00:00,15.76,57.12,30.54,75.65,37.93,13.42,55.0,18.05,84.24,88.9,16.84,16.36,66.9,67.74,55.04,18.66,11.61,20.59,20.35,60.12,26.27,12.19,11.54,62.0,39.12,22.27,15.75,22.07,31.05,48.12,9.85,41.38,50.41,12.0,8.02,20.26,21.84,29.25,14.6,10.11,12.44,56.78,41.35,13.09,22.4,108.0,59.65,17.75,,23.5,19.05
2023-11-14 07:00:00,15.94,57.31,31.19,74.56,38.16,13.54,55.97,18.29,84.42,89.41,17.08,17.46,67.78,67.82,56.97,18.9,11.58,20.44,20.54,60.12,26.39,12.51,11.76,62.6,40.59,22.59,16.1,22.07,31.19,49.38,9.81,41.81,50.99,12.0,8.31,20.4,22.05,30.0,14.88,10.07,12.55,57.11,41.0,13.36,22.48,107.8,59.82,18.12,,24.0,19.3
2023-11-15 07:00:00,16.32,59.22,32.03,75.1,38.26,13.46,54.56,18.54,84.87,89.92,17.21,17.65,67.63,68.68,57.05,19.05,11.67,20.44,20.35,59.84,26.39,12.51,11.83,65.8,40.98,22.63,16.25,22.11,31.66,49.51,9.72,42.1,51.98,11.95,8.39,20.7,22.19,30.0,14.9,10.03,12.77,58.24,41.45,13.39,22.7,108.7,61.38,18.44,,24.1,19.56
2023-11-16 07:00:00,16.36,59.6,31.74,74.09,38.63,13.78,55.62,18.57,86.49,89.92,17.79,17.56,68.07,68.6,57.05,19.24,11.7,20.59,20.45,59.94,26.43,12.47,11.8,66.0,40.59,22.59,16.75,22.91,32.08,49.32,9.81,41.81,52.8,12.08,8.42,20.66,22.43,30.2,14.97,10.36,12.62,58.44,41.15,13.36,22.55,108.5,61.04,18.4,,23.85,19.48
2023-11-17 07:00:00,15.94,58.65,31.12,74.87,38.21,13.54,54.74,18.23,84.24,88.73,17.32,17.1,66.61,67.48,56.16,19.0,11.42,20.06,20.31,60.22,26.02,12.23,11.6,64.1,40.49,22.18,16.1,23.54,31.19,49.89,9.64,41.89,52.39,11.91,8.13,20.4,21.88,29.35,14.72,10.36,12.26,56.85,38.95,13.05,21.1,105.5,60.78,17.84,,22.8,19.12
2023-11-20 07:00:00,15.8,58.65,31.3,75.21,38.16,13.42,55.18,18.14,84.24,88.3,17.26,16.91,66.39,67.14,55.84,19.54,11.55,20.17,20.54,60.32,26.1,12.23,11.48,63.6,39.66,22.32,16.2,23.83,31.19,49.95,9.64,41.74,51.81,11.74,8.13,20.4,22.5,29.2,14.64,10.6,12.41,57.18,38.95,12.95,21.35,105.7,60.17,18.03,,22.55,19.08
2023-11-21 07:00:00,15.87,57.5,31.88,78.55,38.16,13.86,58.09,18.05,85.68,89.67,17.53,17.05,67.27,67.74,56.16,19.59,11.55,20.47,20.73,59.84,26.43,12.43,11.54,64.6,40.0,22.45,16.25,23.7,31.47,51.28,9.68,41.67,51.89,11.82,8.17,20.4,22.61,29.3,14.55,10.6,12.3,57.51,39.1,12.98,21.3,106.6,60.34,18.16,,22.6,19.1
2023-11-22 07:00:00,15.94,57.22,31.63,77.38,38.21,14.1,58.27,18.17,86.85,89.07,17.61,17.56,68.07,67.74,56.48,19.68,11.49,20.59,20.83,59.94,26.68,12.31,11.51,64.9,38.93,22.59,17.35,23.91,31.71,51.34,9.64,41.52,52.22,11.87,8.2,20.35,22.85,29.1,14.62,10.69,12.33,57.58,39.0,13.09,21.0,108.2,60.25,18.16,,22.8,19.12
2023-11-23 07:00:00,15.59,56.26,31.19,72.03,37.88,13.31,54.21,17.92,83.87,87.79,17.05,16.91,66.46,66.02,55.92,18.85,11.15,19.57,19.41,60.22,25.85,11.95,11.41,63.3,36.48,22.23,17.0,22.24,31.38,51.09,9.48,41.52,49.67,11.57,7.95,20.26,21.46,28.2,14.36,9.95,12.26,56.78,39.0,12.81,20.65,105.0,59.65,17.7,,22.6,18.8
2023-11-24 07:00:00,15.48,56.16,31.66,74.45,37.65,13.39,55.18,18.17,86.22,87.54,17.21,17.19,66.75,66.45,55.28,19.1,11.3,19.98,19.83,59.84,25.94,12.07,11.38,61.8,37.7,22.05,17.6,22.95,31.1,50.84,9.43,41.24,51.81,11.48,7.95,20.35,22.22,28.3,14.2,10.11,12.26,57.11,39.1,12.81,20.68,106.3,59.3,17.75,,22.6,18.68
2023-11-27 07:00:00,15.34,56.64,31.19,73.11,37.22,13.07,52.97,18.05,85.05,88.22,17.13,16.82,66.39,65.85,53.76,18.85,11.18,19.91,19.55,60.03,25.85,11.79,11.22,60.9,37.17,21.55,17.35,22.24,31.29,50.27,9.35,41.09,52.88,11.27,7.81,20.31,21.53,27.4,13.84,9.78,12.01,56.98,39.8,12.58,20.92,106.0,59.13,17.75,,22.6,18.7
2023-11-28 07:00:00,15.37,56.64,31.76,72.28,37.94,13.35,54.65,17.99,85.14,86.94,16.95,16.68,66.68,66.02,54.16,19.15,11.15,20.21,20.16,60.12,25.85,11.95,11.38,61.3,37.17,21.91,17.45,22.57,31.38,50.02,9.35,41.31,53.37,11.4,7.88,20.31,21.81,28.15,14.15,9.91,12.08,56.98,40.75,12.75,21.2,106.5,59.47,17.89,,22.8,18.75
2023-11-29 07:00:00,15.48,56.35,32.13,73.11,38.03,13.54,54.65,18.05,86.49,88.47,17.11,16.64,67.12,66.71,56.16,19.39,11.15,20.44,20.59,60.32,26.06,12.11,11.38,62.9,37.95,21.82,18.1,22.83,33.34,50.52,9.35,41.6,54.44,11.35,7.88,20.31,21.95,27.8,14.12,10.07,12.15,56.51,41.2,12.81,21.28,106.8,59.39,17.79,,23.2,18.89
2023-11-30 07:00:00,15.41,56.35,31.76,72.61,37.36,13.42,54.74,18.05,85.32,88.39,17.29,16.73,67.27,65.59,56.32,19.54,11.12,20.1,20.31,56.9,25.77,12.19,11.35,60.5,37.65,21.77,17.7,22.74,32.68,50.9,9.31,41.24,53.46,11.31,7.84,19.91,21.74,27.5,13.94,10.23,12.26,56.25,41.3,12.75,20.88,102.0,58.52,17.66,,22.1,18.85
2023-12-01 07:00:00,15.41,56.35,32.21,72.95,38.03,13.39,55.18,18.05,85.86,88.13,17.42,16.82,67.63,66.62,56.32,19.68,11.24,20.36,20.59,59.84,26.06,12.19,11.35,61.5,37.9,21.64,17.7,22.57,32.78,50.78,9.35,41.38,53.46,11.91,7.88,20.0,22.22,27.5,14.05,10.03,12.33,56.45,40.9,12.92,21.05,105.4,59.39,17.84,,22.8,18.78
2023-12-04 07:00:00,15.66,57.32,32.54,77.05,38.32,13.98,57.83,18.22,88.03,88.56,17.84,17.19,68.51,67.74,56.64,20.12,11.42,20.81,21.06,59.27,26.93,12.19,11.51,62.2,39.07,22.0,18.15,23.7,33.06,50.9,9.56,41.89,53.21,12.08,8.06,20.04,23.34,28.2,14.27,10.48,12.41,57.11,41.3,13.05,21.48,105.8,59.73,18.03,,23.0,19.2
2023-12-05 07:00:00,15.55,61.29,32.42,76.04,38.13,13.98,56.86,18.18,87.85,88.56,17.63,17.05,69.39,67.74,56.32,20.12,11.39,20.63,21.11,58.89,26.51,12.23,11.51,61.4,39.12,22.54,18.2,23.37,33.1,50.58,9.48,42.82,52.63,11.95,7.95,20.0,23.13,27.8,14.2,10.28,12.3,56.71,40.5,13.05,21.4,105.1,59.13,17.7,,22.85,18.96
2023-12-06 07:00:00,15.66,63.9,32.7,76.71,38.37,14.34,58.0,18.29,88.48,88.3,17.84,17.37,69.54,68.42,56.56,20.32,11.49,20.89,21.49,58.7,26.47,12.55,11.54,62.1,40.05,22.54,18.3,24.08,33.43,50.65,9.56,42.46,53.62,12.0,7.99,20.0,23.34,28.1,14.36,10.56,12.59,57.04,40.45,13.09,21.4,105.8,59.47,17.93,,22.9,19.07
2023-12-07 07:00:00,15.73,62.74,33.19,76.21,37.94,13.94,58.0,18.46,87.76,87.03,17.63,17.51,69.02,66.79,56.48,19.73,11.55,20.89,21.25,59.27,26.18,12.75,11.64,63.5,39.95,22.45,17.5,23.95,32.73,49.64,9.52,41.89,53.95,11.7,8.02,20.0,22.82,28.55,14.57,10.44,12.66,56.58,39.7,13.15,21.4,105.7,59.39,18.16,,22.8,19.21
2023-12-08 07:00:00,15.73,62.94,34.26,76.96,37.89,13.78,56.77,18.46,88.3,87.03,17.68,17.56,68.95,66.54,56.48,19.59,11.58,20.97,20.92,60.03,26.23,13.03,11.6,66.2,41.66,22.5,17.6,24.0,33.2,49.7,9.64,42.75,53.95,11.57,7.99,20.0,22.64,28.2,14.62,10.65,12.59,56.45,39.65,13.19,21.48,104.2,59.91,18.12,,23.35,19.23
2023-12-11 07:00:00,15.73,63.03,33.85,76.38,38.37,13.78,56.33,18.43,88.3,85.66,17.71,17.46,69.54,67.14,56.56,19.88,11.58,20.81,20.54,59.84,25.94,12.91,11.57,67.5,41.57,22.41,17.6,23.24,33.2,50.58,9.6,42.39,53.87,11.74,8.1,19.96,22.71,27.85,14.57,10.52,12.51,55.92,41.0,13.09,22.02,104.2,60.78,17.93,,23.65,19.29
2023-12-12 07:00:00,15.8,62.35,34.26,76.46,38.41,13.82,56.59,18.53,87.58,86.34,17.89,17.46,70.85,67.05,56.64,19.88,11.61,21.16,20.59,59.56,25.94,12.79,11.64,66.2,41.57,22.32,17.7,22.62,33.01,50.78,9.6,42.61,53.46,11.7,8.06,19.96,22.64,28.0,14.67,10.65,12.51,55.92,41.05,13.09,22.12,104.5,60.25,17.98,,23.65,19.3
2023-12-13 07:00:00,15.66,61.87,34.01,75.71,38.8,13.62,55.09,18.36,86.58,85.58,17.63,17.46,69.68,65.94,55.28,19.49,11.64,20.7,19.97,59.46,25.77,12.59,11.51,65.8,40.78,22.0,17.0,22.03,32.31,50.84,9.43,41.67,52.63,11.44,7.92,19.91,22.22,27.45,14.41,10.4,12.26,55.58,40.75,12.98,21.95,105.0,59.21,17.75,,23.0,19.1
2023-12-14 07:00:00,15.8,61.68,34.01,75.29,38.46,13.35,54.83,18.36,85.77,85.41,17.42,17.0,70.41,65.94,54.72,19.39,11.67,20.47,19.88,59.65,25.32,12.47,11.51,65.0,40.69,21.82,16.3,21.82,31.98,50.33,9.35,41.24,51.81,11.4,7.84,19.91,22.22,27.1,14.43,10.28,12.19,56.05,40.3,12.88,21.9,105.3,59.39,17.56,,22.85,19.08
2023-12-15 07:00:00,15.97,60.03,33.93,74.54,37.84,13.23,54.74,18.32,84.24,85.49,17.19,16.77,70.41,65.17,54.56,19.44,11.73,20.28,19.74,58.89,25.07,12.51,11.51,63.0,39.86,21.82,16.9,21.99,31.94,50.08,9.27,40.95,51.65,11.31,7.84,19.91,22.09,27.1,14.46,10.32,12.23,54.59,39.9,12.81,21.85,103.0,59.13,17.29,,22.55,19.0
2023-12-18 07:00:00,16.01,58.77,33.52,73.78,37.41,12.91,56.15,17.88,84.69,85.24,17.21,16.45,68.8,64.74,54.96,19.0,11.36,20.13,19.64,59.56,25.03,12.31,11.48,62.9,38.73,21.59,16.4,21.99,31.57,50.27,9.19,41.02,50.58,11.31,7.77,19.91,22.02,26.3,14.2,10.6,12.19,54.12,39.9,12.64,21.6,105.0,58.17,17.01,,22.6,18.77
2023-12-19 07:00:00,16.18,59.06,33.69,73.87,37.55,13.07,56.33,18.18,86.08,85.15,17.21,16.82,69.24,64.31,54.96,19.15,11.7,20.59,20.35,59.74,24.86,12.19,11.57,62.2,39.76,21.37,16.8,22.16,31.61,50.21,9.27,40.66,51.15,11.31,7.77,19.91,22.33,26.6,14.46,10.56,12.26,53.92,39.5,12.71,21.6,104.3,58.17,16.92,,22.7,18.84
2023-12-20 07:00:00,16.29,59.35,33.77,77.3,37.7,13.19,56.33,18.22,85.43,85.06,17.16,16.96,69.32,64.48,54.96,19.29,11.61,20.59,20.35,59.74,24.62,12.27,11.57,63.9,41.47,21.41,16.75,22.07,32.03,50.78,9.35,40.66,50.99,11.52,7.77,19.91,22.43,26.95,14.34,10.81,12.19,53.86,39.95,12.75,21.62,104.3,59.13,16.87,,23.0,18.92
2023-12-21 07:00:00,16.32,59.84,34.18,78.22,37.7,13.23,56.42,18.22,84.87,84.3,17.19,16.82,69.61,64.05,54.56,19.44,11.58,20.59,20.59,59.84,24.82,12.23,11.57,63.7,41.71,21.46,16.6,22.07,31.66,53.05,9.35,40.8,50.99,11.35,7.73,19.91,22.36,26.6,14.48,10.85,12.19,53.72,40.2,12.78,21.6,105.3,58.87,16.82,,22.95,18.95
2023-12-22 07:00:00,16.29,59.84,34.71,83.65,37.27,13.11,57.56,18.15,84.41,84.81,17.08,16.82,69.24,64.05,54.8,19.78,11.7,20.47,20.45,59.84,24.82,12.43,11.67,63.0,41.42,21.23,16.6,22.41,31.47,52.99,9.31,40.3,50.58,11.4,7.77,19.91,22.47,27.2,14.46,10.81,12.19,53.72,40.3,12.78,21.58,106.2,58.69,16.78,,22.95,18.95
2023-12-25 07:00:00,16.39,59.93,35.32,88.17,37.65,13.31,58.09,18.46,85.62,85.15,17.26,16.77,70.27,65.59,58.57,19.73,11.83,20.78,20.78,59.84,25.03,12.43,11.73,66.4,41.71,21.64,16.9,23.03,32.26,53.43,9.35,40.51,50.99,11.48,7.81,19.96,22.61,27.5,14.62,10.81,12.3,54.32,41.2,12.98,21.7,107.8,58.95,17.1,,23.4,19.2
2023-12-26 07:00:00,16.32,60.32,35.16,88.51,37.84,13.42,61.36,18.39,87.58,85.92,17.37,16.77,71.14,65.51,57.37,19.83,11.86,21.04,20.92,60.22,25.36,12.47,11.76,66.2,41.76,21.64,16.9,23.24,32.08,54.13,9.31,40.3,51.56,11.48,7.77,20.0,22.74,27.5,14.55,10.85,12.26,54.99,41.9,13.05,21.78,108.0,59.04,17.1,,23.3,19.24
2023-12-27 07:00:00,16.36,60.61,35.16,88.67,37.89,13.31,61.54,18.43,87.76,86.09,17.53,16.77,70.92,65.42,57.61,19.78,11.92,21.0,21.25,59.84,25.32,12.51,11.73,67.0,41.91,21.32,16.8,23.12,32.08,53.94,9.23,40.73,51.07,11.35,7.81,19.96,22.78,27.4,14.57,10.89,12.51,54.92,41.9,13.09,21.8,107.9,59.04,17.1,,23.25,19.27
2023-12-28 07:00:00,16.67,60.71,34.91,88.84,37.94,13.35,60.56,18.6,87.67,86.26,17.4,16.87,70.71,65.17,57.77,19.83,11.95,21.16,21.49,59.84,25.32,12.59,11.83,67.0,42.1,21.73,16.7,23.16,32.12,53.62,9.31,40.73,51.15,11.44,7.84,20.84,22.92,27.6,14.88,10.89,12.48,54.99,43.7,13.39,22.22,108.0,59.91,17.38,,23.5,19.43
2023-12-29 07:00:00,16.78,60.9,35.48,87.25,37.84,13.66,60.74,18.6,88.04,88.64,17.47,16.87,70.34,64.74,56.56,20.71,12.54,21.16,21.58,59.84,25.94,12.55,11.89,67.0,41.86,22.18,17.05,23.29,32.12,54.38,9.31,41.02,51.81,11.31,7.84,21.06,22.78,27.95,15.02,10.85,12.55,53.33,43.2,13.36,22.3,108.0,59.13,17.75,,23.3,19.43
2024-01-02 07:00:00,17.16,59.93,35.16,91.18,37.94,13.62,59.77,18.67,87.48,93.76,17.84,16.96,70.19,64.82,57.53,20.47,12.29,20.78,20.97,59.84,25.48,12.79,12.02,68.4,41.52,22.27,16.75,22.57,32.17,54.38,9.31,41.52,52.22,11.4,7.95,21.1,22.57,27.75,15.16,10.69,12.48,55.45,43.0,13.5,22.0,107.0,59.74,17.42,,23.1,19.53
2024-01-03 07:00:00,17.55,59.55,35.81,89.51,38.13,13.86,62.68,18.94,87.67,94.27,17.82,17.28,70.49,65.17,57.77,21.1,12.35,21.04,21.44,59.84,25.44,12.95,12.21,68.9,42.25,22.45,16.8,22.99,32.5,54.38,9.43,41.6,52.22,11.4,8.17,20.53,22.88,28.5,15.4,10.73,12.59,56.12,43.4,13.7,22.08,107.7,60.35,17.66,,23.25,19.69
2024-01-04 07:00:00,17.76,58.87,35.69,87.34,38.41,13.7,61.8,19.63,89.54,92.48,17.79,17.37,71.14,65.77,57.53,20.9,12.6,21.0,21.25,59.84,25.56,13.15,12.82,68.1,42.25,22.5,16.85,22.99,32.68,53.49,9.48,41.67,52.56,11.44,8.31,20.75,23.34,28.6,15.64,10.73,12.91,57.04,43.45,13.9,22.08,107.8,60.35,17.89,,23.4,19.95
2024-01-05 07:00:00,17.87,58.58,36.38,86.67,38.32,13.54,61.8,19.9,89.07,91.97,17.76,17.37,71.29,66.19,57.05,21.3,12.66,21.04,21.16,59.84,25.61,13.23,13.07,67.9,42.89,22.27,16.85,23.08,32.78,52.74,9.35,41.45,52.14,11.4,8.39,20.79,23.72,29.3,15.68,10.81,12.98,57.24,43.1,14.11,22.05,107.6,60.18,17.75,,23.35,20.03
2024-01-08 07:00:00,17.8,58.38,37.94,88.67,38.32,14.45,61.71,20.28,87.76,91.88,17.63,17.33,71.22,65.85,57.53,21.0,12.69,21.08,21.16,59.84,25.77,13.19,13.2,66.6,42.25,22.36,17.3,23.54,32.87,53.3,9.43,41.02,52.31,11.44,8.5,20.53,23.68,29.2,16.11,10.89,12.95,57.64,43.35,14.25,22.18,106.6,59.65,17.79,,23.7,20.08
2024-01-09 07:00:00,17.55,57.71,37.65,87.75,38.32,14.69,61.62,20.59,87.58,92.91,17.79,17.14,70.71,65.08,57.53,20.9,12.69,20.97,20.73,59.84,25.4,13.11,13.29,66.1,41.76,22.36,17.05,23.91,32.26,54.06,9.48,40.51,51.88,11.91,8.5,20.66,23.61,29.2,16.3,11.1,12.8,58.31,43.0,14.28,21.95,106.5,59.56,17.7,,23.35,20.04
2024-01-10 07:00:00,17.73,57.32,38.75,87.17,38.8,14.41,59.77,21.27,86.27,91.46,17.61,17.56,69.32,64.74,57.45,21.1,12.78,20.7,20.54,59.84,24.82,13.15,13.33,66.2,41.32,22.72,16.9,23.41,32.45,54.95,9.43,40.3,51.21,11.74,8.71,20.62,23.4,29.45,16.25,10.85,13.34,59.44,42.7,14.35,21.8,105.7,59.04,18.12,,23.3,20.04
2024-01-11 07:00:00,17.73,58.48,38.02,89.18,40.23,14.89,60.92,21.27,86.27,91.97,17.61,18.29,69.54,65.17,57.37,20.71,12.84,20.81,20.92,59.65,24.99,13.19,13.17,66.1,41.52,23.54,16.85,23.24,33.01,54.5,9.64,40.3,51.72,11.78,8.79,20.79,23.54,29.5,16.13,10.73,13.34,59.3,42.0,14.42,21.82,105.8,59.39,18.16,,23.45,20.05
2024-01-12 07:00:00,18.11,58.0,37.61,88.92,40.04,14.34,59.68,21.62,85.43,91.2,17.19,18.15,69.32,64.39,56.4,19.93,12.91,20.55,20.54,59.45,24.7,13.23,13.61,64.8,40.98,23.4,16.3,23.08,32.54,53.75,9.48,39.79,51.46,11.57,8.93,20.66,23.51,29.9,16.37,10.48,13.38,58.9,41.3,14.35,21.5,105.3,58.78,18.16,,23.1,20.1
2024-01-15 07:00:00,17.76,57.61,38.1,89.59,39.28,14.1,58.27,21.55,85.34,90.95,17.16,17.69,69.83,64.91,55.52,20.07,12.97,20.51,20.45,59.55,24.66,13.23,13.68,65.6,41.96,23.22,16.3,22.57,32.26,53.43,9.43,39.86,50.87,11.82,8.82,20.53,22.92,29.8,16.2,10.6,13.2,59.77,41.6,14.45,21.52,105.2,58.6,17.89,,22.95,20.07
2024-01-16 07:00:00,17.83,57.51,38.35,90.35,39.28,14.57,60.04,21.55,87.2,90.86,17.32,17.92,70.05,64.82,55.2,20.47,12.97,21.04,21.68,59.74,24.45,13.31,13.71,67.1,43.33,23.49,16.65,23.12,32.36,54.63,9.52,40.15,50.87,11.82,8.86,20.22,23.27,29.9,16.13,10.77,13.42,59.77,42.65,14.65,21.58,105.4,58.95,17.98,,23.1,20.17
2024-01-17 07:00:00,17.83,58.0,38.3,91.18,39.42,14.53,60.04,21.38,85.62,88.64,17.45,17.74,70.05,64.48,55.92,20.71,12.88,20.93,21.39,59.84,24.9,13.47,13.71,66.3,43.91,23.49,16.2,23.08,32.17,56.02,9.43,40.51,50.87,11.91,8.71,20.31,23.37,29.7,16.09,10.73,13.24,60.37,41.9,14.59,21.6,104.6,58.69,17.84,,23.3,20.12
2024-01-18 07:00:00,17.97,58.38,38.84,91.1,39.42,14.49,60.56,21.62,85.99,89.84,17.45,17.83,69.97,64.57,55.68,20.61,12.84,20.93,21.35,59.84,25.85,13.87,13.84,66.4,44.84,23.27,16.3,23.37,32.12,56.28,9.43,40.22,50.96,11.78,8.75,20.31,23.48,29.8,16.25,10.81,13.31,60.5,43.2,14.59,21.68,104.3,58.95,18.03,,23.55,20.23
2024-01-19 07:00:00,18.22,59.26,40.76,90.35,39.52,14.45,60.92,22.37,85.62,90.01,17.34,18.24,70.49,65.77,55.6,20.81,12.94,21.04,21.3,60.03,25.94,13.87,14.06,67.8,45.04,23.36,16.4,23.08,32.45,55.77,9.56,40.44,51.72,11.61,8.82,20.35,23.4,30.3,16.51,10.69,13.42,61.49,43.05,14.8,21.65,105.0,59.48,18.21,,23.85,20.37
2024-01-22 07:00:00,18.46,59.26,40.72,94.78,39.47,14.65,59.95,22.41,85.34,90.43,17.24,18.34,70.56,65.42,55.28,20.56,13.09,21.42,21.82,59.84,25.77,13.75,14.09,67.7,45.14,23.45,17.3,23.41,32.36,55.45,9.56,40.51,51.3,11.65,8.82,20.48,23.58,30.25,16.51,10.56,13.45,61.1,43.0,14.8,21.65,105.6,59.74,18.3,,23.9,20.52
2024-01-23 07:00:00,18.29,60.03,40.39,93.69,39.09,14.53,60.04,22.1,83.57,91.63,17.16,18.06,69.97,65.25,56.24,20.42,12.97,21.46,21.63,59.84,25.65,13.75,14.0,67.5,44.4,23.4,17.0,23.24,32.45,56.78,9.48,41.09,50.79,11.61,8.79,20.35,23.48,30.5,16.75,10.65,13.42,60.76,42.35,14.69,21.55,105.0,59.21,18.21,,23.75,20.44
2024-01-24 07:00:00,18.11,60.03,39.98,91.02,38.99,14.38,59.15,21.96,83.29,91.97,17.13,18.02,69.54,64.99,56.32,20.42,13.06,21.38,21.63,59.84,25.52,13.79,13.96,66.2,43.43,23.09,16.7,23.08,32.26,56.53,9.43,41.02,50.79,11.65,8.86,20.35,23.61,30.75,16.65,10.56,13.2,60.5,42.5,14.62,21.58,104.7,58.86,18.16,,23.95,20.36
2024-01-25 07:00:00,18.11,59.64,39.57,87.34,38.99,14.38,59.86,21.99,82.07,92.05,16.98,18.11,69.61,64.65,56.16,20.42,13.0,21.38,21.87,59.65,25.77,13.91,13.96,66.8,44.21,22.91,16.6,23.16,32.12,56.59,9.48,40.66,49.53,11.7,8.9,20.35,23.58,30.5,16.53,10.48,13.09,60.43,42.1,14.45,21.4,104.9,58.51,18.16,,23.8,20.3
2024-01-26 07:00:00,18.46,59.84,40.02,87.84,39.13,14.41,59.77,22.03,82.91,90.86,17.16,17.92,70.19,64.48,56.24,20.95,13.15,21.46,22.29,59.84,25.73,13.91,14.03,65.8,43.91,23.04,16.6,23.83,32.12,56.59,9.43,40.59,48.26,11.7,8.97,20.35,23.68,30.3,16.72,10.6,13.2,61.1,42.0,14.59,21.4,105.7,58.6,18.26,,23.75,20.4
2024-01-29 07:00:00,18.22,60.13,39.82,86.75,39.47,14.49,60.83,22.17,83.85,90.86,17.61,17.65,70.19,65.68,56.16,21.98,13.22,21.19,21.63,59.65,25.73,14.02,14.12,65.6,43.62,22.91,16.4,23.58,32.31,57.73,9.43,40.8,48.77,11.61,8.93,20.26,23.58,30.35,16.65,10.97,13.09,60.56,41.8,14.59,21.32,105.8,58.6,18.26,,23.3,20.36
2024-01-30 07:00:00,18.22,63.23,39.61,86.83,39.28,14.69,61.01,22.1,84.31,91.12,17.58,17.79,69.97,65.51,55.76,22.42,13.49,21.19,21.92,59.45,25.61,14.14,14.09,66.1,44.4,23.68,16.45,23.79,32.36,57.79,9.52,40.73,48.18,11.65,8.93,20.26,23.72,30.7,16.63,11.1,13.2,60.43,42.0,14.66,21.35,105.6,58.51,18.21,,23.4,20.39
2024-01-31 07:00:00,18.08,63.23,39.0,86.33,38.8,14.34,59.59,21.68,84.31,90.35,17.19,17.23,70.05,64.65,54.64,21.88,13.46,21.0,21.68,59.07,25.52,14.06,13.87,64.4,44.01,23.27,16.7,23.41,32.22,57.86,9.39,40.44,47.42,11.48,8.42,20.18,23.89,29.9,16.32,10.85,12.88,58.77,41.5,14.55,21.25,104.6,58.6,17.93,,22.45,20.19
2024-02-01 07:00:00,18.25,63.9,38.63,89.59,39.52,14.41,59.33,21.99,84.5,90.35,17.37,17.1,73.12,64.74,55.36,23.4,13.46,21.08,21.68,59.36,25.19,14.26,13.96,65.1,45.19,23.27,16.7,23.62,32.22,57.98,9.39,40.01,48.43,11.52,8.42,20.04,24.06,29.8,16.13,11.22,12.88,59.63,41.2,14.48,21.18,105.5,59.04,17.7,,22.65,20.29
2024-02-02 07:00:00,18.43,62.45,38.35,88.92,39.28,14.69,59.06,21.75,84.59,90.43,17.32,16.96,74.66,64.48,55.2,24.03,13.8,21.12,21.68,59.26,25.19,14.18,13.87,65.4,46.36,23.04,17.0,24.66,32.22,58.11,9.35,39.72,48.01,11.4,8.31,20.04,24.17,29.9,16.13,11.22,12.62,59.97,41.2,14.2,21.05,104.8,58.95,17.38,,22.3,20.23
2024-02-05 07:00:00,19.52,61.48,39.78,90.35,39.32,14.65,57.21,23.26,84.69,90.35,17.47,17.28,75.76,64.48,55.2,24.47,13.99,21.19,21.87,59.55,25.48,14.5,14.63,64.9,46.36,22.91,17.0,24.83,32.17,57.54,9.31,40.08,48.01,11.4,8.53,20.26,24.27,30.6,16.77,11.26,13.09,59.77,41.25,14.87,21.1,105.3,59.48,17.75,,21.8,20.67
2024-02-06 07:00:00,19.55,61.77,39.9,89.01,39.37,14.57,58.71,23.61,89.16,90.35,17.47,17.19,76.19,64.91,55.36,24.62,14.2,21.23,21.87,59.74,25.69,14.42,14.7,64.8,45.97,23.0,17.25,25.04,32.31,57.54,9.39,40.59,48.26,11.4,8.39,20.26,24.31,30.8,16.84,11.1,13.06,59.44,41.0,15.01,21.15,104.5,59.13,17.84,,21.7,20.67
2024-02-07 07:00:00,19.66,61.97,40.02,88.67,39.47,14.57,58.45,24.36,89.72,91.46,17.79,17.19,76.78,64.91,55.76,24.76,14.54,21.31,22.01,59.84,25.77,14.46,14.98,64.9,45.58,23.04,17.3,25.12,32.36,57.67,9.39,40.8,48.68,11.4,8.46,20.44,24.38,31.1,17.62,11.02,13.34,59.77,41.8,15.22,21.2,105.3,59.13,18.12,,21.9,20.95
2024-02-15 07:00:00,19.1,61.68,40.02,87.0,39.56,15.21,59.15,24.02,88.98,91.37,17.84,17.46,76.12,64.91,55.76,24.37,14.6,21.72,22.15,60.03,25.98,14.5,15.4,64.9,44.84,23.27,17.5,24.83,32.87,57.48,9.43,42.1,49.19,11.48,8.64,20.48,24.38,31.25,18.14,11.18,13.6,59.7,41.95,15.5,21.28,104.5,59.13,18.3,,22.0,20.97
2024-02-16 07:00:00,19.38,61.58,39.69,87.42,40.71,15.13,58.53,24.19,89.07,90.78,17.89,17.33,76.93,65.68,56.0,26.03,14.39,21.65,22.1,60.13,25.94,14.3,15.3,66.2,45.28,23.36,17.7,24.83,32.87,57.22,9.52,42.39,48.85,11.52,8.64,20.48,24.31,30.8,18.19,11.26,13.63,59.5,42.7,15.5,21.98,105.3,61.23,18.35,,22.5,21.1
2024-02-19 07:00:00,19.45,62.26,40.31,86.75,41.38,15.37,58.53,24.29,90.1,92.14,18.34,17.28,76.85,67.99,56.73,26.18,14.42,22.1,22.06,60.71,25.85,14.1,15.27,68.9,45.77,24.08,17.55,24.54,33.75,56.09,9.93,42.75,48.77,11.74,8.71,20.31,24.45,30.7,18.38,11.14,13.56,59.9,45.55,15.43,23.5,105.2,62.89,18.3,,24.05,21.37
2024-02-20 07:00:00,19.34,61.77,40.39,87.0,40.95,15.17,60.74,24.16,92.05,94.1,18.24,17.14,76.34,67.39,57.77,27.55,14.58,22.1,21.82,60.71,26.18,14.14,15.21,68.8,45.77,24.08,17.55,24.66,33.61,56.09,9.85,42.46,49.36,11.65,8.6,20.26,24.52,30.7,18.38,11.1,13.52,60.63,46.15,15.57,24.25,104.3,62.54,18.12,,25.5,21.44
2024-02-21 07:00:00,19.45,63.71,40.68,87.92,40.67,15.17,60.65,24.4,94.85,93.76,18.37,17.28,77.51,66.62,57.53,27.5,14.51,21.8,21.49,60.71,27.09,14.14,15.3,68.0,45.09,23.81,17.35,24.66,33.29,55.71,9.77,43.48,48.94,11.57,8.64,20.22,24.27,31.5,18.42,11.02,14.07,60.56,45.0,15.64,23.62,103.2,62.36,18.26,,26.0,21.47
2024-02-22 07:00:00,19.41,63.03,40.68,92.02,40.38,15.21,60.83,24.5,94.39,93.25,18.16,17.19,76.56,66.79,57.21,27.3,14.14,21.61,21.35,60.8,26.76,14.1,15.27,68.1,44.31,23.63,17.1,24.33,33.38,56.66,9.72,43.04,48.85,11.82,8.79,20.26,24.06,31.05,19.04,10.97,14.1,59.44,44.8,15.78,23.8,103.6,62.63,18.21,,26.4,21.42
2024-02-23 07:00:00,19.17,61.29,42.52,96.62,40.19,14.53,58.09,24.16,93.27,92.48,17.63,16.87,76.05,65.51,56.0,26.91,13.9,21.5,20.97,61.1,26.23,13.63,15.24,66.7,43.03,23.18,17.0,23.41,32.68,55.52,9.52,42.25,48.01,11.48,8.6,20.26,23.72,30.65,18.94,10.56,13.78,59.04,43.3,15.43,22.6,103.8,62.1,18.03,,25.45,21.17
2024-02-26 07:00:00,19.31,61.29,43.82,99.55,40.28,14.53,57.92,24.46,99.8,92.65,17.97,16.68,79.05,65.34,59.45,28.13,14.02,21.8,21.25,61.0,26.23,13.71,15.3,66.7,43.38,23.22,16.8,23.62,32.78,55.96,9.56,41.96,47.67,11.48,8.53,20.18,24.38,30.5,19.46,10.69,13.81,59.44,43.35,15.39,22.3,104.5,62.1,17.79,,26.0,21.29
2024-02-27 07:00:00,19.38,61.29,43.33,97.96,40.67,14.85,59.42,24.81,104.08,92.91,18.13,16.73,78.98,66.54,59.45,28.23,14.02,22.97,21.63,61.19,26.93,13.71,15.46,67.6,43.77,23.4,17.05,24.12,33.2,56.84,9.72,42.68,47.42,11.52,8.64,20.18,24.93,30.75,19.82,10.85,13.81,60.5,44.2,15.39,22.58,103.5,62.98,17.89,,26.4,21.51
2024-02-28 07:00:00,19.66,61.39,44.07,94.95,40.67,14.81,59.33,24.67,103.06,92.22,18.31,16.82,79.42,66.88,60.18,28.23,14.33,23.16,21.68,61.19,26.76,13.79,15.56,68.3,44.31,23.45,17.0,24.0,33.71,57.04,9.77,44.2,48.6,11.48,8.64,20.22,25.07,31.4,19.94,10.77,14.43,64.68,44.4,15.5,22.8,103.4,63.15,18.4,,27.8,21.76
2024-02-29 07:00:00,19.66,61.29,43.33,97.88,41.1,14.65,58.89,24.4,104.46,92.91,18.24,16.64,79.78,66.37,60.98,27.94,14.39,23.46,21.54,61.0,28.62,13.63,15.4,70.4,45.19,23.22,17.1,24.25,33.38,57.16,9.64,44.2,49.27,11.4,8.57,20.18,25.7,31.55,19.94,10.77,14.32,64.62,43.4,15.36,22.5,103.1,62.98,18.4,,26.5,21.85
2024-03-01 07:00:00,19.52,61.58,43.74,96.2,41.0,15.01,60.92,24.43,106.32,92.82,18.42,16.77,81.1,66.54,64.59,28.48,14.39,23.35,21.82,61.19,28.87,13.59,15.3,70.5,45.58,23.54,17.3,24.25,33.43,60.51,9.72,44.99,49.36,11.48,8.64,20.22,25.94,31.95,19.77,10.85,14.32,64.62,43.95,15.36,22.62,103.3,62.54,18.16,,26.65,21.87
2024-03-04 07:00:00,19.52,63.32,43.74,95.37,41.38,15.05,63.57,24.7,104.55,93.16,18.47,16.82,81.54,66.71,64.51,29.11,14.39,23.31,22.2,61.29,29.7,13.71,15.43,70.8,46.36,23.63,17.5,24.54,33.47,60.45,9.81,44.92,49.1,11.52,8.6,20.13,25.8,31.75,19.77,11.02,14.14,63.75,43.95,15.43,22.62,103.6,62.98,18.12,,27.0,21.94
2024-03-05 07:00:00,19.62,63.42,44.48,97.04,41.48,15.44,64.36,25.01,105.76,92.82,18.52,16.82,81.03,67.74,64.19,29.01,14.51,23.58,22.25,61.29,29.74,14.06,15.68,75.7,48.9,23.95,17.2,24.25,33.47,61.21,9.81,45.71,49.61,11.48,8.6,20.13,25.98,31.9,19.94,11.06,13.99,63.42,43.65,15.5,22.65,104.4,63.85,18.26,,26.7,22.01
2024-03-06 07:00:00,19.38,64.1,44.48,95.45,41.48,15.05,62.33,24.77,105.39,92.82,18.29,16.59,79.86,68.68,63.22,28.23,14.48,23.31,21.73,61.29,29.7,14.22,15.68,76.9,47.63,23.63,16.8,23.7,33.75,60.07,9.85,45.06,51.63,11.4,8.57,20.04,25.77,31.55,20.19,10.77,13.85,63.49,43.1,15.36,22.65,103.9,62.8,17.93,,25.85,21.91
2024-03-07 07:00:00,19.31,66.81,43.58,97.54,43.01,15.09,62.33,24.57,112.76,96.32,18.58,16.68,81.46,68.94,64.19,28.43,14.3,23.46,21.63,61.29,30.15,14.1,15.56,80.8,47.92,23.72,16.9,23.95,34.92,61.02,9.81,45.5,51.04,11.4,8.64,20.04,26.18,31.3,20.12,10.77,13.88,63.62,43.2,15.32,22.8,103.9,62.98,17.98,,26.0,21.98
2024-03-08 07:00:00,18.99,67.1,41.78,94.53,42.58,14.81,60.92,23.68,111.36,94.18,18.63,16.27,80.51,68.17,62.82,28.33,14.2,22.93,21.21,61.29,30.11,13.63,15.05,78.5,46.7,23.77,16.5,23.41,34.27,61.02,9.68,45.57,50.54,11.22,8.5,20.0,25.56,30.65,19.37,10.6,13.42,63.15,42.55,15.11,22.4,103.7,61.23,17.56,,25.4,21.69
2024-03-11 07:00:00,18.78,64.97,41.29,94.19,41.53,14.49,61.1,23.44,110.05,93.76,18.86,16.5,80.51,66.71,62.26,28.87,14.27,22.63,20.78,61.29,30.11,13.19,14.63,77.5,45.38,23.49,16.05,22.91,33.47,62.6,9.6,44.78,49.95,10.97,8.28,19.87,25.25,30.2,19.08,10.52,13.34,62.49,42.55,14.94,22.18,103.0,61.49,17.15,,24.5,21.55
2024-03-12 07:00:00,18.78,65.74,42.52,97.04,41.58,14.61,62.51,23.68,110.89,94.78,18.63,16.68,81.9,66.79,62.9,30.87,14.17,22.86,20.68,61.29,30.23,13.43,14.73,78.7,45.72,23.36,16.15,22.95,33.85,62.6,9.52,44.78,49.78,10.67,8.2,19.87,25.21,30.25,19.46,10.52,13.34,62.69,42.7,14.94,22.08,102.5,61.23,17.15,,25.2,21.4
2024-03-13 07:00:00,19.41,67.0,43.01,97.12,42.15,14.97,66.83,24.12,118.64,96.15,19.31,16.68,85.64,67.74,64.67,31.55,14.27,23.31,21.39,61.1,31.06,13.55,15.21,80.9,47.48,23.45,16.55,23.54,34.55,64.18,9.6,45.93,50.2,10.5,8.39,19.91,26.36,30.85,19.84,10.77,13.7,63.75,42.95,15.46,22.5,102.2,61.93,17.61,,25.9,21.88
2024-03-14 07:00:00,19.13,65.74,42.27,95.53,41.82,14.97,67.98,23.64,119.57,95.46,19.1,16.5,85.64,69.45,64.67,32.04,14.17,22.97,21.06,61.0,30.98,13.35,14.95,78.9,46.21,23.4,16.45,23.49,34.78,63.8,9.6,46.44,49.44,10.58,8.31,19.91,26.29,30.45,19.56,10.77,13.52,63.09,42.9,15.22,22.98,102.0,61.66,17.38,,25.9,21.8
2024-03-15 07:00:00,19.2,65.36,42.68,95.12,41.29,15.01,67.89,23.85,118.45,94.61,19.1,16.41,84.91,70.57,64.19,33.8,14.2,22.78,20.92,61.29,30.73,13.19,15.17,78.5,46.31,23.36,16.5,23.49,35.06,63.29,9.48,46.22,48.85,10.8,8.28,19.91,26.25,30.5,19.56,10.93,13.56,62.42,42.4,15.78,22.2,102.7,60.95,17.24,,25.75,21.75
2024-03-18 07:00:00,18.88,62.55,42.52,91.27,40.23,15.37,63.21,22.85,110.24,100.24,18.24,16.91,82.71,68.77,62.5,31.8,13.77,22.4,20.5,61.0,30.73,12.79,14.79,77.9,44.89,22.75,16.7,24.33,33.99,61.89,9.35,44.56,47.76,10.62,8.1,19.78,25.45,30.25,18.94,11.67,13.2,61.76,42.1,15.6,23.05,101.8,60.16,16.82,,27.55,21.4
2024-03-19 07:00:00,18.85,62.35,42.19,92.02,40.23,15.54,62.07,22.85,110.99,100.58,18.26,17.1,81.98,68.34,61.78,31.8,13.8,22.56,21.02,61.0,30.23,12.87,14.79,77.4,44.5,23.03,16.5,24.0,34.87,61.38,9.31,44.63,47.93,10.84,8.13,19.78,25.11,30.4,19.04,11.63,13.13,61.43,42.9,15.5,23.5,101.0,60.07,16.78,,26.75,21.26
2024-03-20 07:00:00,19.31,62.94,43.33,92.52,40.47,15.5,63.48,23.57,114.53,99.38,18.45,17.0,83.81,69.45,62.58,32.04,13.96,22.71,21.16,61.0,30.19,13.55,15.4,77.3,46.95,23.03,16.55,24.04,34.87,62.46,9.43,44.85,47.93,10.67,8.24,19.87,25.84,31.15,19.98,12.29,13.42,61.89,42.5,16.55,23.25,101.2,60.25,17.24,,26.35,21.73
2024-03-21 07:00:00,19.66,63.61,43.33,93.11,41.0,15.7,63.39,23.95,114.72,99.47,18.63,16.73,85.05,69.45,62.9,32.48,14.76,22.9,21.49,61.0,30.73,13.43,15.78,78.0,47.43,22.61,17.1,25.71,35.8,62.78,9.43,45.42,48.18,10.67,8.31,19.87,26.15,31.5,21.31,12.33,13.52,63.22,42.9,17.04,23.25,102.6,60.6,17.33,,26.95,21.88
2024-03-22 07:00:00,19.76,63.61,44.31,92.94,40.71,15.66,63.21,24.5,115.28,99.04,18.63,16.91,84.1,69.02,63.06,32.48,14.7,23.12,22.01,60.8,30.64,13.39,15.97,78.5,48.02,22.84,17.1,26.34,35.38,62.66,9.52,46.29,48.26,10.67,8.39,19.69,26.25,31.65,21.21,12.25,13.52,64.02,42.8,16.97,23.3,102.2,60.07,17.38,,26.7,22.14
2024-03-25 07:00:00,19.31,63.03,43.33,91.18,41.0,15.54,64.01,23.81,111.92,99.13,18.47,16.96,83.44,68.94,62.66,31.16,14.54,22.86,21.77,60.52,30.48,13.19,15.75,75.5,47.24,22.84,17.7,26.3,34.82,61.06,9.43,45.86,48.01,10.54,8.31,19.47,26.04,30.85,21.16,12.08,13.7,63.55,42.55,16.8,23.42,100.7,59.63,17.47,,26.05,21.94
2024-03-26 07:00:00,19.62,63.03,43.33,90.77,41.1,15.58,64.71,24.16,112.57,99.55,18.89,17.14,84.17,69.2,63.3,33.12,14.94,23.12,22.25,60.42,31.88,13.43,16.1,74.0,47.58,22.94,17.85,26.76,35.38,61.96,9.48,46.29,47.93,10.5,8.35,19.65,26.39,31.0,21.71,12.66,13.81,63.95,42.75,17.08,23.52,101.9,59.98,18.12,,26.4,22.08
2024-03-27 07:00:00,19.66,63.13,42.92,94.03,41.48,15.78,64.89,24.36,112.57,99.13,18.81,17.1,84.32,68.85,64.19,32.63,14.91,23.16,22.81,60.42,31.72,13.35,16.13,75.4,49.59,23.4,18.1,26.84,35.38,62.02,9.48,46.15,48.43,10.75,8.35,19.56,26.74,30.9,21.52,12.7,13.85,63.62,42.5,16.97,23.52,103.0,59.98,18.12,,25.95,22.1
2024-03-28 07:00:00,19.9,63.23,43.01,94.53,41.48,15.62,64.18,24.53,115.56,99.13,19.02,17.0,85.71,68.85,64.19,32.28,14.98,23.12,22.77,60.42,31.31,13.47,16.26,76.0,49.88,23.36,17.65,26.84,34.96,62.15,9.48,46.15,48.18,10.71,8.42,19.56,27.19,32.0,22.68,12.5,13.78,63.55,43.3,17.01,23.8,103.2,59.98,18.16,,25.65,22.43
2024-03-29 07:00:00,20.01,62.84,42.6,92.02,40.95,15.45,64.45,24.4,115.09,99.21,18.79,16.91,85.27,68.77,63.95,32.38,14.88,22.9,22.39,60.32,31.22,13.98,16.19,74.2,49.98,23.12,17.25,26.63,34.73,62.91,9.43,46.08,47.76,10.62,8.28,19.47,26.74,31.6,22.46,12.91,13.78,63.02,42.85,17.25,23.82,103.0,59.89,18.26,,25.85,22.57
2024-04-01 07:00:00,19.97,62.26,42.6,93.86,40.62,15.5,63.21,24.02,112.2,99.21,18.66,16.73,85.49,69.11,63.79,32.19,14.82,22.78,22.34,60.23,31.39,13.79,15.88,73.4,50.27,22.7,17.45,27.47,34.87,62.91,9.39,45.71,47.84,10.67,8.31,19.47,26.95,31.4,22.42,13.11,13.52,63.22,42.9,17.04,23.92,102.7,59.36,18.16,,25.7,22.38
2024-04-02 07:00:00,19.94,63.32,42.43,96.79,40.62,15.54,63.48,24.02,114.34,98.87,18.79,16.73,85.64,70.74,64.35,34.43,14.76,23.01,22.86,60.13,31.43,13.83,15.81,74.5,50.47,23.03,17.4,27.55,35.29,62.97,9.56,46.29,47.5,10.67,8.28,19.43,27.02,30.2,22.51,13.24,13.6,62.76,43.15,16.9,23.9,103.0,59.63,18.07,,25.55,22.2
2024-04-03 07:00:00,19.66,62.35,41.7,95.78,40.52,15.41,62.42,23.37,114.16,98.45,19.15,16.59,84.25,70.14,64.59,33.46,14.45,22.67,22.39,59.84,31.18,13.75,15.43,73.4,49.1,22.8,17.2,26.96,35.01,61.7,9.43,46.0,47.17,10.54,8.17,19.38,26.43,30.1,22.11,12.91,13.34,62.29,43.1,16.51,23.88,102.2,59.09,17.89,,25.5,22.18
2024-04-04 07:00:00,19.34,61.48,41.7,96.96,40.33,15.17,62.15,23.02,114.34,98.11,18.97,16.45,83.44,69.88,64.03,32.33,14.42,22.4,21.96,59.74,30.85,13.59,15.17,73.4,49.59,21.96,17.5,27.17,34.59,62.02,9.35,45.42,47.59,10.45,8.13,19.38,26.15,29.7,21.73,13.52,13.27,63.75,43.0,16.27,23.92,102.2,60.42,17.84,,25.3,21.9
2024-04-05 07:00:00,19.06,60.61,41.04,93.69,39.95,14.97,62.15,22.78,111.64,98.36,18.58,16.36,83.22,69.37,62.58,30.77,14.42,22.29,21.39,59.36,30.15,13.63,14.89,71.9,49.88,21.45,18.3,26.92,34.59,61.64,9.31,45.21,47.25,10.58,8.1,19.34,25.56,29.6,21.35,13.56,13.13,63.02,42.95,15.92,23.9,101.9,60.16,17.98,,24.7,21.81
2024-04-08 07:00:00,19.06,60.03,41.53,93.44,39.8,14.81,61.71,22.99,108.19,98.02,18.21,16.27,82.42,68.42,62.18,30.97,14.76,22.4,21.39,60.32,29.61,13.83,14.98,71.9,48.9,20.8,18.1,26.63,34.5,60.75,9.27,45.14,46.58,10.58,8.06,19.3,25.49,29.0,21.49,13.32,13.16,63.02,43.0,15.92,23.85,101.1,59.36,17.93,,23.6,21.69
2024-04-09 07:00:00,19.17,59.84,43.09,95.37,39.8,14.93,63.12,23.5,109.12,97.59,18.45,16.5,82.71,68.51,63.06,31.55,14.79,22.63,21.63,60.52,29.74,14.78,15.3,73.5,51.64,21.22,18.1,26.92,34.59,61.7,9.35,45.35,46.33,10.67,8.13,19.3,26.04,29.15,21.64,13.28,13.42,62.62,43.2,16.16,23.85,102.2,59.36,17.89,,24.2,21.88
2024-04-10 07:00:00,19.03,59.35,42.52,94.36,39.8,14.85,62.07,23.09,109.96,97.94,18.21,16.5,83.3,67.91,63.38,30.92,14.79,22.44,21.44,60.71,29.74,14.94,15.17,72.5,50.86,21.17,17.75,26.42,34.08,63.99,9.35,45.21,46.58,10.62,8.13,19.38,25.66,29.1,21.56,13.19,13.24,62.76,44.2,16.06,24.25,102.0,59.18,17.89,,24.25,21.84
2024-04-11 07:00:00,19.06,58.38,43.33,94.11,39.71,14.77,61.45,23.13,111.83,97.59,18.08,16.68,84.1,67.57,63.63,31.16,14.82,22.63,21.68,60.71,29.94,14.58,15.14,71.8,51.15,20.98,17.75,26.42,33.8,63.61,9.27,45.42,46.66,10.58,8.06,19.43,25.8,28.85,21.31,13.98,13.24,62.42,44.15,16.06,24.15,101.0,59.01,17.89,,23.9,21.84
2024-04-12 07:00:00,19.66,59.06,43.66,100.64,40.14,14.97,62.6,24.64,111.17,98.87,18.21,16.68,84.54,68.34,65.55,31.26,15.01,22.67,21.68,60.71,30.11,15.58,15.72,71.9,50.86,21.12,17.7,26.71,34.31,65.58,9.31,46.08,47.17,10.97,8.2,19.91,26.08,29.1,22.39,14.02,13.49,62.82,44.5,16.55,24.22,107.0,59.09,18.21,,24.15,22.1
2024-04-15 07:00:00,18.85,55.0,40.63,97.88,38.03,13.96,58.27,22.96,103.62,97.59,17.0,15.63,81.68,65.17,62.82,29.11,14.51,21.57,20.16,60.42,28.0,14.9,14.92,66.9,48.8,20.47,16.5,24.87,33.52,61.38,9.23,44.69,46.33,10.41,8.24,19.69,24.27,27.5,20.97,13.07,12.62,61.1,42.4,15.78,23.5,105.9,57.5,17.19,,22.5,21.72
2024-04-16 07:00:00,19.06,53.83,41.13,97.79,37.7,13.67,58.27,23.37,105.86,97.68,17.19,15.58,82.71,65.17,62.9,29.65,14.51,21.46,19.64,60.42,28.29,15.5,15.24,66.1,48.8,20.1,15.75,24.37,33.47,61.0,9.02,44.32,46.16,9.85,8.35,19.52,24.45,27.3,21.49,12.99,12.69,60.43,42.7,15.81,23.2,106.0,56.7,17.33,,22.2,21.72
2024-04-17 07:00:00,18.78,52.58,39.33,94.7,36.98,13.23,56.5,22.44,103.62,97.51,17.05,15.49,81.83,64.39,64.59,27.99,14.2,21.19,18.93,60.23,28.08,16.02,14.73,66.8,48.32,20.15,15.05,23.41,32.87,58.84,9.06,44.03,45.48,9.68,8.06,19.56,23.89,26.8,21.19,12.82,12.26,60.1,41.8,15.52,22.5,103.4,56.88,16.78,,22.0,21.06
2024-04-19 07:00:00,18.67,49.96,39.53,88.09,36.88,12.62,53.86,21.68,100.73,94.87,16.37,15.17,79.78,64.31,64.19,27.45,13.74,21.04,18.51,60.03,27.26,16.02,14.47,66.5,47.14,19.59,14.45,21.91,32.26,58.2,8.77,42.56,44.22,9.21,8.1,19.47,23.06,26.8,21.02,12.21,11.97,60.1,41.5,15.24,21.3,103.3,56.88,16.73,,21.3,20.67
2024-04-22 07:00:00,18.81,51.03,40.96,88.67,37.94,12.95,55.53,22.17,102.59,94.78,16.58,15.81,80.73,64.31,64.03,28.04,13.83,21.19,19.12,60.03,27.63,16.18,14.41,66.9,47.53,20.01,14.9,22.28,32.26,59.41,8.81,43.22,44.81,9.43,8.17,19.52,24.38,27.65,21.38,12.5,12.62,60.17,41.45,15.31,21.0,103.3,56.7,16.92,,22.4,20.93
2024-04-23 07:00:00,18.71,48.9,40.39,89.51,37.6,12.62,55.53,21.62,102.59,95.29,16.42,15.95,82.2,63.62,63.38,26.96,13.71,20.89,18.46,59.74,27.63,16.34,14.03,64.7,48.71,19.73,14.5,21.15,32.59,58.84,8.65,42.86,44.64,9.21,7.95,19.38,23.96,27.8,21.82,11.96,12.44,59.83,40.2,15.16,20.5,102.8,56.26,17.01,,21.9,20.75
2024-04-24 07:00:00,18.99,50.64,40.88,91.94,37.94,13.23,57.74,22.61,108.47,96.32,16.77,16.22,87.91,63.97,65.23,28.82,13.83,21.8,19.09,59.84,28.54,16.77,14.38,66.9,51.15,20.05,15.2,22.62,32.82,59.98,8.81,44.25,45.15,9.51,8.13,19.47,24.76,28.6,22.2,12.78,12.98,60.17,40.6,15.45,20.8,103.5,56.7,17.19,,22.55,21.27
2024-04-25 07:00:00,18.81,50.83,40.55,91.18,37.65,13.07,57.48,22.65,108.28,96.91,16.4,16.5,90.18,63.45,65.31,28.72,13.9,21.61,19.04,60.03,28.58,16.57,14.19,68.1,52.62,19.82,15.2,22.32,32.68,59.92,8.73,44.03,45.82,9.38,8.06,19.38,24.55,28.45,21.8,12.99,12.95,60.43,40.7,15.27,21.0,103.5,57.32,17.19,,22.55,21.3
2024-04-26 07:00:00,18.85,50.74,40.23,91.18,37.79,13.03,58.53,22.51,110.8,97.25,16.58,16.5,90.18,63.02,67.56,29.31,14.58,21.5,18.85,60.23,28.91,16.65,14.19,67.2,53.69,19.91,15.25,22.11,33.24,60.43,8.69,45.2,45.82,9.34,8.31,19.38,24.45,28.2,22.01,13.15,12.91,60.56,40.8,15.24,22.22,104.0,57.59,17.15,,22.45,21.55
2024-05-02 07:00:00,18.95,52.28,40.23,93.19,38.41,13.47,58.71,22.2,112.11,97.0,17.08,16.31,93.18,63.36,67.56,29.31,14.6,21.46,19.24,60.42,28.91,16.34,14.28,68.0,54.38,20.84,14.95,21.95,33.34,61.13,9.19,47.11,47.67,9.47,8.5,19.34,24.1,27.6,22.13,13.4,12.73,61.03,41.15,15.45,22.2,103.9,57.94,16.92,,22.75,21.55
2024-05-03 07:00:00,19.31,52.09,40.23,97.04,38.32,13.47,58.27,22.23,110.99,96.74,16.98,16.18,92.15,63.62,68.6,28.72,15.1,21.69,19.43,60.8,29.65,16.1,14.28,69.8,54.48,20.84,14.6,22.53,33.52,61.38,9.06,48.36,47.76,9.55,8.42,19.3,24.06,27.55,22.77,13.36,12.62,61.43,41.1,15.31,22.22,106.0,58.12,17.01,,23.4,21.58
2024-05-06 07:00:00,19.38,53.35,41.29,97.04,38.85,13.84,59.33,22.78,114.25,92.91,17.45,16.5,93.4,64.14,67.56,30.48,15.01,22.18,19.82,61.0,29.49,16.18,14.6,71.1,57.02,20.75,14.9,23.33,34.17,61.0,9.19,47.92,48.01,9.81,8.53,19.38,24.76,28.1,22.84,14.26,12.84,61.76,41.15,15.67,22.38,113.4,58.3,17.33,,23.35,21.94
2024-05-07 07:00:00,19.41,53.06,40.88,97.88,39.66,13.76,60.65,22.51,114.25,96.32,17.61,16.31,96.1,65.42,67.96,30.72,15.01,22.82,19.92,61.29,29.82,16.26,14.51,71.2,58.0,20.7,14.6,23.08,36.04,62.34,9.19,47.7,48.6,9.81,8.46,19.43,24.69,28.3,22.63,14.84,12.8,61.69,41.05,15.67,22.5,118.6,60.25,17.38,,23.35,22.08
2024-05-08 07:00:00,19.34,52.77,40.72,96.45,39.37,13.76,60.39,22.37,115.18,95.97,17.89,16.54,95.88,66.37,68.12,30.97,14.88,23.24,20.06,61.58,29.74,16.18,14.38,72.3,57.8,20.7,13.6,22.7,37.25,62.08,9.23,48.73,49.61,9.68,8.64,19.3,24.76,27.95,22.77,15.09,12.8,61.76,40.9,15.56,22.7,117.4,60.16,17.15,,23.2,22.08
2024-05-09 07:00:00,19.38,56.16,40.47,97.04,39.23,13.59,60.12,22.58,116.4,96.83,17.79,16.36,95.37,65.25,67.64,31.02,14.64,23.05,19.82,61.96,29.74,15.94,14.44,71.4,57.61,20.56,13.75,22.45,37.43,61.38,9.19,48.43,48.52,9.6,8.53,19.34,24.45,27.8,22.89,14.96,13.09,61.43,40.95,15.6,22.7,117.9,59.01,17.33,,22.85,22.09
2024-05-10 07:00:00,19.45,55.19,40.1,97.04,38.99,13.59,60.21,22.54,115.46,97.34,17.79,16.22,95.88,64.74,67.08,30.92,14.64,23.05,20.06,62.25,29.74,16.02,14.41,70.8,57.61,20.42,13.55,23.33,37.34,62.02,9.06,48.43,48.52,9.6,8.42,19.16,24.62,27.6,22.91,15.29,13.06,61.1,40.35,15.56,22.5,116.9,58.92,17.1,,22.5,21.99
2024-05-13 07:00:00,19.45,54.42,39.74,98.21,38.75,13.55,59.15,22.17,114.34,99.47,17.53,16.27,94.93,64.48,65.87,31.26,14.36,22.86,20.4,62.25,29.98,15.86,14.44,70.8,57.02,20.56,13.75,23.61,37.11,61.83,9.1,49.17,47.93,9.6,8.46,19.16,24.72,27.25,22.86,14.96,12.98,60.43,40.1,15.42,22.5,118.8,58.3,17.38,,22.25,21.93
2024-05-14 07:00:00,19.48,56.54,39.33,97.29,38.7,13.59,59.5,22.17,115.93,99.38,17.68,16.22,95.52,64.48,66.03,31.75,14.39,22.86,20.26,62.25,29.65,16.02,14.57,70.6,58.78,20.52,13.8,23.42,36.28,61.32,9.06,48.87,48.1,9.77,8.42,19.12,24.66,27.25,22.63,15.09,12.98,60.17,40.15,15.71,23.02,117.0,58.92,17.66,,22.25,22.09
2024-05-15 07:00:00,19.45,56.74,39.74,99.55,38.85,13.88,60.21,22.2,117.61,99.21,18.21,16.22,98.15,64.74,66.59,31.99,14.51,23.62,20.6,62.35,30.07,16.42,14.6,72.2,59.46,20.38,14.2,23.61,36.96,61.51,9.1,48.87,48.52,9.72,8.42,19.16,24.97,27.8,22.72,15.37,12.95,60.43,40.25,15.78,23.18,117.3,59.36,17.61,,22.35,22.2
2024-05-16 07:00:00,19.83,56.25,40.55,99.63,39.09,13.88,60.04,22.78,117.52,98.53,18.37,16.36,99.1,65.08,67.72,31.8,14.94,23.92,20.89,62.54,30.4,17.53,14.92,72.4,58.58,20.89,14.25,23.88,36.96,61.83,9.23,50.34,48.43,9.77,8.6,19.47,25.07,28.4,23.57,15.33,13.24,61.49,40.25,16.1,23.38,117.5,59.54,17.93,,22.65,22.57
2024-05-17 07:00:00,19.83,56.93,40.35,99.46,39.13,14.16,62.42,22.72,117.7,98.53,18.42,16.31,98.45,64.91,68.04,32.58,15.01,23.92,21.23,62.74,30.48,18.49,14.82,75.5,58.29,20.8,14.3,24.12,36.72,63.04,9.31,49.9,48.94,9.77,8.71,19.38,25.28,28.5,23.5,15.62,13.27,60.96,40.85,16.1,23.42,117.4,59.36,17.93,,23.1,22.57
2024-05-20 07:00:00,19.83,60.9,40.55,98.22,40.57,14.2,62.42,22.89,116.21,98.62,18.39,17.0,97.35,65.17,67.32,32.82,15.35,24.22,21.33,62.93,30.48,18.33,14.95,76.4,58.68,20.8,14.3,23.88,36.77,61.96,9.39,49.54,48.68,10.11,8.6,19.38,25.45,28.3,23.48,15.62,13.31,61.03,40.45,16.25,23.35,114.6,58.83,18.3,,22.85,22.67
2024-05-21 07:00:00,19.8,62.26,40.88,96.63,40.38,14.04,64.36,23.09,117.52,98.79,18.81,16.96,99.54,65.77,68.44,32.58,15.25,24.11,21.18,62.83,30.15,18.17,15.05,75.8,59.17,20.66,14.3,23.61,36.28,62.34,9.35,49.96,48.85,10.28,8.6,19.34,25.56,28.3,22.99,16.32,13.24,60.5,40.2,16.32,23.22,112.5,58.65,18.3,,23.15,22.61
2024-05-22 07:00:00,19.62,61.1,40.72,96.63,39.95,14.0,63.39,22.65,117.42,98.7,18.89,16.73,101.01,65.68,67.4,32.04,15.04,23.69,21.33,62.64,30.23,18.53,14.79,73.9,59.66,20.61,14.45,24.53,36.48,62.4,9.39,49.96,48.43,10.15,8.46,19.3,25.32,28.0,22.6,15.87,13.09,60.23,40.35,16.03,22.75,109.1,58.3,17.82,,23.15,22.5
2024-05-23 07:00:00,19.97,62.16,40.47,98.75,42.73,14.16,64.45,22.82,119.01,98.96,19.42,17.0,100.64,68.51,68.6,32.63,15.25,24.57,21.72,63.12,30.52,18.57,14.86,75.8,60.64,21.59,14.4,24.58,38.99,62.4,9.56,51.9,50.12,10.28,8.53,19.34,25.49,28.55,22.65,16.11,13.2,60.43,40.55,16.07,22.78,111.4,59.36,18.01,,23.0,22.55
2024-05-24 07:00:00,20.53,59.55,40.23,96.81,42.73,13.67,63.12,22.3,118.45,100.07,18.66,16.45,96.54,67.74,67.0,33.46,14.94,24.07,20.94,62.93,29.41,18.73,14.63,73.5,59.17,21.03,14.45,24.02,39.67,60.36,9.39,51.31,48.85,10.54,8.39,19.25,24.48,28.7,22.6,15.13,12.8,59.9,39.8,15.89,22.48,108.0,58.47,17.52,,22.3,22.5
2024-05-27 07:00:00,20.67,60.13,39.98,96.99,44.45,13.72,62.95,22.23,117.8,100.07,19.0,17.28,97.2,69.45,66.51,34.43,14.7,24.07,21.38,62.93,29.57,18.69,14.63,73.5,58.68,21.59,14.5,23.56,39.96,59.92,10.01,52.49,49.27,10.5,8.42,19.07,24.38,28.7,22.65,15.74,12.77,59.9,39.8,15.89,22.52,109.0,58.56,17.52,,22.3,22.39
2024-05-28 07:00:00,20.82,60.71,40.14,97.87,45.02,13.92,66.39,22.1,118.36,100.24,19.0,17.23,100.28,70.22,66.75,34.78,14.91,24.27,21.42,63.02,29.94,19.96,14.73,75.5,60.15,21.59,14.5,23.7,40.2,60.36,10.3,53.42,51.38,10.54,8.5,19.07,24.72,28.85,22.84,15.95,12.88,60.23,39.95,16.1,22.52,109.6,59.18,17.57,,22.45,22.54
2024-05-29 07:00:00,20.53,59.93,39.74,96.19,43.68,13.76,65.16,21.72,118.08,102.11,19.1,18.06,99.32,70.48,66.27,34.09,14.48,23.82,21.23,63.02,29.49,20.72,14.53,75.0,59.17,21.08,14.15,23.51,40.15,59.35,10.39,52.32,50.96,10.41,8.39,19.03,24.45,28.25,22.65,16.28,12.77,59.63,39.45,15.81,22.2,107.9,58.74,17.57,,22.15,22.35
2024-05-30 07:00:00,20.64,59.06,39.0,95.93,43.11,14.08,63.92,21.82,116.58,105.27,18.89,18.11,98.81,69.54,66.51,35.17,14.27,23.52,20.94,63.02,29.78,20.76,14.24,77.2,61.42,21.77,14.15,23.14,40.01,59.09,10.59,52.32,49.95,10.11,8.28,18.94,24.2,27.85,22.8,16.36,12.77,58.84,39.0,15.89,21.58,107.0,58.21,17.48,,21.6,22.24
2024-05-31 07:00:00,20.6,58.87,38.51,95.31,42.97,13.92,64.01,21.89,117.52,105.18,18.89,18.34,98.52,68.68,67.24,34.34,14.36,23.82,21.18,62.74,29.9,20.56,14.17,76.6,62.2,21.45,14.45,23.33,39.67,59.73,10.43,52.57,49.1,10.07,8.28,18.94,24.1,27.85,22.89,16.19,12.73,57.91,38.85,15.71,21.78,107.1,57.94,17.52,,21.75,22.5
2024-06-03 07:00:00,20.72,61.0,38.67,95.49,43.44,14.48,64.54,22.37,116.96,103.39,20.2,18.2,100.2,68.94,66.83,34.19,14.82,24.15,21.72,63.02,31.39,20.56,14.73,77.7,62.59,21.96,14.95,24.07,40.15,59.54,11.13,53.16,50.03,10.28,8.46,19.03,24.59,29.75,22.97,16.36,13.02,58.57,39.3,16.1,21.98,108.7,58.56,17.82,,22.3,22.63
2024-06-04 07:00:00,20.47,60.32,38.92,97.43,43.92,14.4,64.45,22.51,115.65,103.99,20.26,17.92,101.81,69.28,67.8,34.29,14.79,24.4,22.49,63.12,30.98,20.56,14.66,77.5,62.4,21.77,14.8,23.88,40.35,60.3,11.59,52.74,51.72,10.24,8.39,19.03,24.59,29.95,23.19,16.44,13.02,58.9,39.4,16.17,22.05,108.4,58.47,17.72,,22.1,22.62
2024-06-05 07:00:00,20.35,61.58,38.96,98.75,45.26,14.24,63.83,22.23,114.72,103.31,20.39,17.92,102.54,69.11,67.4,34.34,14.64,24.36,22.49,63.7,30.6,20.52,14.47,78.1,60.64,21.22,14.7,23.88,40.49,60.05,11.38,52.83,55.25,10.58,8.39,19.12,24.59,29.6,23.14,16.15,12.98,58.97,39.3,16.17,22.1,108.0,60.69,17.62,,22.5,22.64
2024-06-06 07:00:00,20.35,62.55,39.16,97.34,44.55,14.16,63.83,22.37,112.76,103.48,20.2,17.92,102.18,68.85,67.4,33.99,14.64,24.4,22.83,63.32,30.15,20.8,14.56,78.1,60.54,21.31,14.7,23.84,40.54,60.43,11.21,52.32,55.17,10.45,8.6,19.12,24.59,30.7,23.38,15.95,13.16,59.1,39.05,16.17,21.85,108.6,59.54,17.62,,22.5,22.64
2024-06-07 07:00:00,20.56,62.55,39.04,96.11,44.45,14.16,64.1,22.51,113.6,103.56,20.44,18.2,103.94,68.85,66.91,34.19,14.64,24.4,22.83,63.41,30.81,20.84,14.63,77.6,60.74,21.54,14.75,23.7,40.15,60.17,11.54,52.32,57.19,10.5,8.57,19.07,24.62,30.75,23.92,16.44,13.06,58.77,39.0,16.17,21.75,109.0,60.07,17.52,,22.2,22.8
2024-06-10 07:00:00,20.39,61.29,38.96,95.93,44.35,14.2,65.69,22.99,113.32,104.84,20.36,17.97,105.4,68.85,69.72,35.36,14.76,24.4,23.32,63.02,30.81,20.92,14.76,77.1,61.62,21.49,14.7,23.61,40.59,60.17,11.3,52.49,57.02,10.37,8.53,19.07,24.55,31.1,23.82,16.28,13.24,58.44,38.9,16.28,21.72,109.0,59.54,17.57,,22.1,22.82
2024-06-11 07:00:00,20.18,60.9,38.71,95.49,43.73,14.04,65.51,22.78,113.78,103.61,20.47,17.42,107.23,68.85,69.0,34.78,14.54,24.23,23.61,62.74,30.73,20.48,14.69,75.8,60.93,21.31,14.2,23.47,41.8,59.98,11.71,52.32,56.94,10.15,8.46,18.99,24.86,31.2,24.04,15.95,13.13,57.91,38.15,16.54,21.6,105.8,58.92,17.82,,21.7,22.8
2024-06-12 07:00:00,20.51,62.16,39.16,94.69,44.26,14.2,65.33,22.99,114.9,102.72,20.39,17.65,111.89,68.94,68.76,34.92,14.82,24.65,23.85,63.12,31.35,20.8,15.05,77.8,62.01,21.36,14.35,23.88,41.7,61.64,11.59,53.58,56.43,10.32,8.57,19.03,25.42,31.35,24.06,16.15,13.31,58.9,38.5,16.57,21.65,106.3,59.36,18.89,,21.85,23.12
2024-06-13 07:00:00,20.72,62.35,39.53,94.34,43.83,14.24,64.8,23.26,115.0,101.76,20.36,17.56,110.2,68.77,68.2,34.53,14.88,24.57,23.71,60.03,31.88,21.2,15.35,78.6,62.59,21.31,14.35,24.35,40.83,61.89,11.71,54.01,55.25,10.24,8.71,19.12,25.35,31.65,24.06,16.15,13.7,58.7,38.25,16.54,21.6,106.0,59.27,18.94,,21.7,23.3
2024-06-14 07:00:00,20.56,60.8,38.84,94.34,42.63,14.0,64.1,22.51,113.5,102.2,19.31,17.0,111.04,67.74,66.59,32.24,14.79,24.23,22.88,58.78,30.98,21.91,15.05,78.0,61.62,20.61,14.15,23.7,39.19,60.94,11.38,51.9,53.4,10.15,8.5,19.38,25.07,30.55,23.92,15.62,13.45,58.11,38.2,16.25,21.0,104.8,58.65,18.21,,21.45,23.15
2024-06-17 07:00:00,20.51,59.93,38.02,93.28,42.44,13.88,63.57,22.47,113.32,101.67,19.57,17.19,109.18,66.54,67.24,32.58,14.54,24.52,24.44,57.91,31.02,21.67,15.15,76.2,60.64,20.89,14.1,23.14,38.61,61.06,11.54,51.98,53.57,10.07,8.46,19.74,24.93,30.5,23.67,15.37,13.38,57.84,38.3,15.92,21.0,104.8,58.47,18.25,,21.15,22.84
2024-06-18 07:00:00,20.51,60.61,38.02,94.34,43.49,13.88,64.89,22.2,121.25,102.55,19.63,17.0,108.5,66.88,67.08,33.16,14.64,24.48,24.44,57.52,31.22,21.6,15.15,76.2,60.83,21.22,14.05,23.05,39.67,61.45,12.33,53.58,53.57,10.07,8.42,20.0,25.07,30.55,23.77,15.78,13.42,57.84,38.3,15.92,21.05,104.6,58.38,18.11,,21.1,22.89
2024-06-19 07:00:00,20.6,60.71,37.69,95.66,43.88,13.67,67.36,22.3,119.57,102.11,19.81,17.23,111.47,67.05,67.0,32.82,14.64,24.44,24.48,56.37,31.14,21.56,15.18,75.6,61.91,20.94,13.9,22.73,40.15,61.57,12.37,53.75,52.22,10.02,8.42,20.18,25.14,30.9,23.53,16.32,13.38,57.51,38.0,15.89,20.75,103.3,57.85,18.5,,20.65,22.92
2024-06-20 07:00:00,20.72,61.97,37.2,96.81,43.35,13.5,67.54,22.1,121.25,102.2,19.57,17.05,112.99,66.88,66.75,33.21,14.58,24.44,24.48,56.37,31.02,21.56,15.15,75.8,62.11,20.84,13.6,22.63,39.96,62.21,12.5,55.44,52.31,10.07,8.42,20.48,24.93,30.75,24.16,17.43,13.53,57.11,38.0,15.89,20.72,103.8,58.47,19.18,,20.25,23.09
2024-06-21 07:00:00,20.51,61.97,37.28,94.78,43.25,13.42,67.28,22.1,122.92,101.76,19.6,17.05,115.37,66.79,66.91,33.75,14.3,24.19,24.48,56.37,30.98,22.95,15.12,76.2,62.11,20.75,13.4,22.31,40.93,62.15,12.17,54.43,51.8,9.94,8.39,20.93,24.66,30.65,23.87,17.26,13.42,57.11,37.75,15.74,20.82,102.5,58.47,19.08,,20.0,23.04
2024-06-24 07:00:00,20.14,59.93,36.79,92.67,42.63,13.42,64.45,21.72,116.21,100.26,18.71,16.73,111.98,65.59,65.79,32.24,13.8,23.9,23.32,55.98,30.27,22.51,14.76,73.7,60.64,20.19,13.3,22.4,39.43,61.89,12.41,53.67,51.8,9.77,8.2,19.91,24.03,29.5,23.33,16.11,12.9,56.78,37.45,15.38,20.55,101.6,58.03,18.35,,19.95,22.65
2024-06-25 07:00:00,20.1,61.0,36.14,92.31,42.92,13.42,64.1,21.68,116.3,99.99,19.1,16.82,110.2,65.42,66.59,32.82,13.96,23.9,24.29,55.88,30.64,22.59,14.73,73.9,60.64,20.47,13.4,22.4,39.67,61.38,12.41,54.09,51.04,9.9,8.28,18.63,24.0,29.6,23.38,16.32,13.01,56.78,37.8,15.38,20.6,101.6,58.03,18.5,,21.3,22.64
2024-06-26 07:00:00,20.14,63.9,36.38,92.14,42.87,13.34,64.54,21.48,116.58,99.55,19.31,16.77,111.72,65.59,67.4,35.12,14.02,24.07,24.34,55.3,30.56,22.91,14.66,74.0,61.23,20.47,13.3,22.22,41.02,61.13,12.66,54.01,50.54,9.94,8.24,18.63,23.89,29.5,23.38,16.03,13.01,56.58,37.5,15.34,20.6,101.6,57.76,18.5,,20.8,22.46
2024-06-27 07:00:00,20.01,63.13,36.06,90.82,44.07,13.26,64.18,21.48,115.46,99.82,19.42,16.87,112.57,65.59,66.91,35.17,14.17,24.02,24.14,53.08,30.98,22.83,14.66,74.5,62.01,20.47,13.55,22.5,39.96,60.75,12.21,54.01,51.04,9.94,8.2,18.33,23.82,29.2,22.84,15.99,12.94,56.58,37.6,15.27,20.5,102.0,57.85,18.5,,20.4,22.46
2024-06-28 07:00:00,19.89,61.77,35.36,88.17,44.07,12.97,61.89,21.27,114.25,99.82,18.94,17.37,110.62,65.68,66.59,33.41,14.2,23.57,23.22,53.08,30.48,22.47,14.47,74.7,61.51,20.19,13.3,21.94,39.57,60.75,12.33,52.83,50.54,10.11,8.28,18.33,23.58,28.8,22.75,15.62,12.75,56.58,37.65,15.16,20.6,101.5,58.03,18.16,,20.45,22.4
2024-07-01 07:00:00,19.89,61.1,35.89,87.29,44.45,13.13,62.86,21.96,113.78,99.82,19.0,17.0,109.01,66.62,65.79,33.51,14.27,23.61,23.71,53.57,30.56,22.23,14.63,76.0,64.87,20.42,13.3,22.22,39.48,59.79,12.04,53.58,51.3,10.28,8.42,18.37,23.54,29.3,22.07,15.62,12.86,57.18,37.7,15.31,20.68,100.7,58.47,18.5,,21.85,22.65
2024-07-02 07:00:00,20.1,61.77,37.41,86.85,45.6,13.26,63.74,22.17,115.0,99.91,19.1,17.37,108.5,67.05,65.39,33.8,14.88,23.9,24.14,55.01,31.31,23.59,14.79,76.3,65.06,20.47,13.45,22.68,40.01,60.43,12.0,53.33,51.55,10.28,8.53,18.41,23.86,29.6,22.31,15.99,12.94,58.57,38.15,15.45,20.8,101.0,58.65,18.45,,21.7,22.6
2024-07-03 07:00:00,20.26,61.87,38.59,89.05,45.02,13.26,63.74,22.2,116.4,99.99,19.44,17.65,111.04,67.05,65.95,33.8,15.13,23.94,24.19,55.11,31.26,24.07,14.92,76.5,64.57,20.47,13.5,22.45,40.49,60.17,12.5,54.01,51.8,10.37,8.53,18.46,23.93,29.9,22.89,15.95,13.01,58.77,38.1,15.42,20.68,101.2,58.65,18.5,,21.3,22.81
2024-07-04 07:00:00,20.18,61.77,38.67,88.35,44.88,13.26,63.57,22.17,116.58,100.52,19.42,17.51,115.11,67.05,65.79,34.19,15.16,23.9,24.24,54.72,31.35,24.98,14.86,76.8,64.18,20.47,13.4,22.31,42.48,60.36,12.21,55.1,51.38,10.32,8.5,18.41,23.89,29.9,22.89,16.03,13.08,58.44,38.45,15.34,20.7,101.2,58.83,18.55,,21.25,22.87
2024-07-05 07:00:00,20.31,61.97,38.67,87.46,44.45,13.17,63.39,22.44,116.58,99.64,19.65,17.51,117.57,67.39,67.08,34.29,15.07,23.86,24.24,55.01,31.64,25.66,14.86,76.7,64.67,20.42,13.2,21.99,42.52,60.43,12.08,55.02,50.51,10.28,8.53,18.41,24.06,30.1,22.89,16.11,13.12,58.44,38.45,15.31,20.7,101.6,59.54,18.64,,20.8,22.98
2024-07-08 07:00:00,20.26,62.55,38.43,86.41,44.35,13.5,64.18,22.37,118.73,98.58,20.39,17.28,118.33,67.48,67.4,35.66,15.07,23.98,24.63,54.44,30.73,25.7,14.79,76.2,66.05,20.33,13.25,21.34,44.99,60.68,12.46,56.12,49.12,10.37,8.5,18.37,24.0,30.15,22.84,16.36,13.16,57.91,38.0,15.38,20.2,101.3,59.89,18.55,,20.3,22.94
2024-07-09 07:00:00,20.31,64.58,38.84,86.67,45.5,13.55,65.6,22.44,119.38,98.41,20.2,17.37,116.55,67.74,68.2,37.12,15.59,24.15,24.48,55.11,30.98,25.46,15.09,76.5,65.85,20.75,13.3,21.57,44.51,62.78,12.66,58.65,49.9,10.71,8.57,18.41,24.06,30.35,22.75,16.69,13.27,58.51,38.3,15.45,20.4,101.4,59.8,18.89,,20.5,23.01
2024-07-10 07:00:00,20.26,63.23,38.35,86.41,44.64,13.38,64.45,22.23,117.98,97.26,19.91,17.56,113.59,67.31,67.48,36.14,15.41,24.11,24.58,54.92,31.31,24.86,15.18,76.8,64.28,20.61,13.15,21.38,45.04,62.34,12.46,60.08,49.12,10.84,8.6,18.41,23.86,29.85,22.55,16.81,13.23,58.84,38.25,15.42,20.3,101.0,59.18,18.69,,20.55,22.87
2024-07-11 07:00:00,20.18,62.64,38.26,85.88,44.16,13.55,64.63,22.1,117.7,97.79,19.6,17.6,112.74,67.05,67.16,36.09,15.62,24.02,24.14,54.82,31.84,24.9,15.05,75.8,63.88,20.42,13.4,21.89,45.28,61.96,12.5,60.34,49.03,10.58,8.6,18.41,24.17,29.85,22.21,16.69,13.27,58.51,38.45,15.38,20.55,101.0,58.74,18.55,,20.7,22.81
2024-07-12 07:00:00,20.05,62.94,38.1,85.97,43.59,13.46,64.98,21.96,117.05,98.23,19.65,17.42,113.42,66.88,67.4,37.02,15.53,23.73,24.19,54.82,31.39,24.9,14.99,74.8,63.88,20.42,13.25,21.62,44.8,62.15,12.58,60.0,48.77,10.58,8.6,18.33,23.93,29.75,22.21,16.85,13.31,58.17,38.5,15.38,20.88,102.0,58.74,18.5,,20.75,22.8
2024-07-15 07:00:00,20.01,65.06,38.06,84.82,44.11,13.46,64.54,22.03,116.96,99.29,19.7,17.42,112.48,67.14,66.98,37.61,15.69,23.69,23.85,54.72,31.22,25.02,15.02,74.5,63.39,20.47,13.2,21.43,46.44,62.15,12.58,60.76,48.59,10.84,8.68,18.33,23.82,29.75,22.07,16.93,13.08,58.11,38.0,15.38,20.68,104.2,58.65,18.3,,20.35,22.75
2024-07-16 07:00:00,20.14,66.32,38.55,85.0,44.55,13.75,65.16,22.3,116.96,106.16,19.44,17.23,113.59,67.14,66.98,37.32,15.91,23.69,23.61,54.72,31.22,25.18,15.35,74.0,63.19,20.28,12.6,20.74,45.57,61.76,12.33,62.36,48.59,11.18,8.64,18.33,23.89,29.9,22.11,16.77,13.23,58.37,37.9,15.38,20.52,105.5,58.56,18.5,,20.2,22.76
2024-07-17 07:00:00,20.47,65.26,39.24,86.94,44.45,13.3,63.21,22.65,115.46,103.78,18.47,17.05,111.81,66.88,66.74,34.73,16.2,23.48,23.03,54.34,30.48,25.5,15.97,71.8,62.6,19.73,12.1,19.39,43.54,61.0,11.5,60.93,47.02,10.5,8.6,18.33,23.72,30.4,23.09,15.62,13.23,58.44,37.3,15.6,20.3,105.5,58.21,18.5,,19.75,22.72
2024-07-18 07:00:00,20.72,65.84,39.65,87.29,45.02,13.46,63.21,22.96,114.72,101.32,18.84,17.23,108.42,66.97,65.83,35.22,16.14,23.65,23.71,54.63,30.4,25.42,16.23,71.2,64.08,19.63,12.35,19.53,45.96,61.06,11.75,60.76,47.29,11.1,8.68,18.5,23.86,30.6,23.09,15.99,13.34,58.44,37.45,15.56,20.27,105.7,58.38,18.55,,20.15,22.81
2024-07-19 07:00:00,20.97,65.65,39.0,85.79,43.83,13.17,61.71,22.92,113.13,99.99,18.63,17.1,106.81,66.71,64.92,33.7,16.04,23.48,23.08,54.53,30.23,25.66,16.55,71.0,64.67,19.35,11.9,18.75,45.38,60.87,11.01,59.32,48.07,11.1,8.57,18.55,24.17,30.3,22.8,15.37,13.64,58.11,37.85,15.49,20.38,105.6,57.85,18.3,,19.9,22.78
2024-07-22 07:00:00,20.68,65.55,39.0,85.08,42.87,12.92,58.98,23.09,106.32,97.97,18.26,16.87,105.2,66.02,64.27,31.99,16.27,23.36,22.2,54.53,29.82,25.3,16.42,72.2,64.37,19.03,11.15,18.61,44.85,59.92,11.13,57.8,48.51,11.4,8.49,18.63,24.06,30.0,23.04,14.8,13.79,58.24,37.9,15.42,20.38,105.3,57.94,18.3,,20.05,22.72
2024-07-23 07:00:00,20.05,64.58,37.61,82.53,41.67,12.63,57.83,22.23,101.1,97.79,18.13,16.5,106.38,65.85,63.11,29.89,16.11,23.15,21.96,54.44,29.32,25.3,15.57,71.0,61.61,18.84,11.1,18.01,44.02,59.67,10.63,57.64,47.64,11.01,8.34,18.9,23.51,29.0,22.46,14.14,13.16,58.11,37.85,15.24,20.42,106.0,58.38,17.91,,20.05,22.43
2024-07-24 07:00:00,20.22,64.78,37.69,82.62,40.67,12.76,58.71,22.1,102.59,98.5,18.26,16.82,106.81,66.02,64.18,31.94,16.11,23.07,22.25,54.34,29.74,24.86,15.61,71.5,60.53,18.84,11.4,18.7,44.99,60.3,10.92,58.23,47.55,11.1,8.41,19.34,22.85,29.2,22.41,14.63,13.31,58.11,37.85,15.16,20.45,107.9,58.12,18.01,,20.15,22.31
2024-07-25 07:00:00,20.1,66.9,37.61,82.17,41.38,12.59,58.71,21.65,103.53,98.58,18.37,16.82,105.96,65.85,64.02,32.24,16.11,22.77,22.2,54.24,29.74,24.22,15.61,71.0,60.13,18.61,11.3,18.56,44.85,60.3,10.68,59.49,47.02,11.22,8.38,19.3,22.16,28.8,22.16,14.59,13.19,57.97,37.8,15.02,20.8,107.9,58.12,17.86,,19.7,22.26
2024-07-26 07:00:00,20.14,70.2,37.81,83.23,41.38,12.72,59.33,21.99,105.58,98.67,18.52,16.96,108.5,66.19,65.09,32.33,16.14,22.86,22.49,55.98,29.74,23.43,15.83,74.0,60.13,19.08,11.05,18.38,46.25,61.19,11.21,59.91,47.9,11.22,8.41,19.34,22.29,29.1,22.16,14.72,13.23,57.97,37.75,15.09,20.8,107.8,58.3,17.91,,19.3,22.42
2024-07-29 07:00:00,20.18,70.97,38.51,84.73,41.53,12.72,59.5,22.03,105.39,99.02,18.86,16.77,109.35,66.02,65.09,32.72,16.24,23.23,22.64,56.27,29.9,23.75,15.7,74.0,61.12,18.7,11.0,18.1,46.25,61.57,11.26,60.34,47.81,11.27,8.38,19.34,22.36,29.1,22.16,15.29,13.42,57.97,37.1,15.09,20.8,106.2,59.54,17.91,,18.95,22.5
2024-07-30 07:00:00,20.18,70.97,38.26,84.38,41.19,12.68,59.33,21.96,104.83,99.11,18.6,16.77,108.5,66.19,65.09,32.48,16.27,23.23,22.25,56.27,29.74,23.51,15.97,74.6,62.11,18.61,11.4,17.59,45.57,61.64,11.09,59.49,47.72,11.1,8.41,19.3,22.19,28.9,22.36,15.13,13.34,58.11,36.7,14.87,21.1,105.4,59.98,18.06,,18.75,22.58
2024-07-31 07:00:00,20.51,70.68,38.92,85.35,41.77,12.76,57.39,21.96,104.46,100.26,18.52,16.73,109.01,68.51,65.91,32.24,16.91,22.65,21.18,56.27,29.94,23.23,15.9,74.1,62.9,18.61,11.85,17.59,44.41,61.76,11.13,58.73,48.24,11.05,8.45,19.21,22.09,29.0,22.65,14.88,13.45,59.24,36.7,15.31,21.15,105.9,63.43,18.5,,18.6,22.75
2024-08-01 07:00:00,20.01,65.74,38.26,84.47,41.0,12.05,56.94,21.58,98.86,99.55,18.08,16.54,105.79,67.65,65.01,30.67,16.59,22.23,20.26,56.08,28.75,23.11,15.25,71.8,61.22,18.01,11.2,16.39,43.83,62.21,10.88,57.3,47.9,10.71,8.26,19.34,21.04,28.05,22.41,13.85,13.12,60.23,36.45,14.95,21.05,104.2,62.28,18.06,,18.2,22.31
2024-08-02 07:00:00,20.01,66.61,39.04,84.47,41.67,12.1,56.24,21.65,99.89,99.38,18.37,16.59,104.43,67.65,66.74,31.6,16.78,22.69,20.84,55.69,28.91,22.71,15.51,72.2,62.01,18.52,11.5,16.66,45.96,62.97,11.42,59.32,47.98,10.97,8.23,19.91,21.7,28.4,22.89,14.35,13.16,58.9,36.0,15.24,21.0,104.8,63.35,18.25,,17.95,22.32
2024-08-05 07:00:00,19.39,65.36,37.69,80.23,40.14,11.27,52.35,20.69,94.39,97.88,17.16,16.64,100.53,65.59,62.29,29.4,15.75,21.61,19.43,54.63,28.5,21.6,14.96,70.5,60.73,18.01,11.0,15.74,44.02,60.56,11.01,55.19,45.28,10.54,7.81,19.3,20.56,27.2,21.72,13.4,12.45,57.71,34.5,14.62,20.65,99.9,61.49,17.67,,16.8,21.72
2024-08-06 07:00:00,19.64,68.74,38.22,82.0,40.57,11.76,53.06,20.96,98.86,98.06,17.66,16.91,102.4,66.28,63.44,30.62,15.98,21.9,20.35,54.44,29.16,22.19,15.25,73.2,61.42,18.19,11.35,16.2,45.48,60.81,11.38,56.28,46.42,10.88,7.96,19.38,21.25,28.4,21.72,14.3,12.86,57.97,34.8,15.02,20.65,100.5,64.41,17.86,,17.0,22.0
2024-08-07 07:00:00,19.55,69.71,37.94,81.91,40.52,11.81,53.24,20.72,98.86,97.79,18.26,16.91,103.42,68.08,62.86,31.8,15.98,21.69,20.5,53.37,29.49,22.51,15.22,73.0,61.42,18.47,11.4,16.48,46.25,60.75,11.38,55.53,46.07,10.88,7.96,19.03,21.25,28.4,21.24,14.63,12.64,58.24,37.2,14.91,21.18,99.3,65.38,17.52,,18.0,21.98
2024-08-08 07:00:00,19.43,69.23,37.61,81.91,40.81,11.97,53.41,20.72,97.0,97.7,18.24,16.87,102.91,70.05,63.03,31.16,16.04,21.32,20.01,53.08,29.12,22.59,15.02,74.5,61.51,18.28,11.4,16.02,46.01,59.98,11.42,55.95,45.98,10.84,7.88,19.03,20.84,28.25,20.31,13.65,12.53,57.97,37.6,14.91,20.9,99.3,64.41,17.38,,17.65,21.83
2024-08-09 07:00:00,19.72,69.23,38.18,82.62,41.48,12.14,54.12,21.62,99.33,98.06,18.76,16.87,107.57,69.97,63.52,31.75,16.4,21.69,20.26,53.57,29.45,22.63,15.28,75.2,64.67,18.47,11.4,16.39,46.44,60.81,11.46,56.54,46.68,10.92,7.96,19.12,21.74,28.85,20.56,13.65,12.68,58.24,37.2,15.09,20.6,100.9,64.94,17.52,,17.5,22.2
2024-08-12 07:00:00,19.89,68.94,38.26,85.53,41.48,12.18,54.47,21.75,101.29,97.7,18.89,17.33,110.2,70.74,65.09,32.43,16.43,21.53,20.4,53.37,29.49,22.79,15.44,75.2,65.66,18.7,11.2,16.2,47.27,61.7,11.26,58.14,47.02,11.01,7.96,19.16,22.22,29.2,20.7,13.19,12.79,58.31,36.5,15.02,20.3,101.1,64.68,17.67,,17.4,22.25
2024-08-13 07:00:00,19.72,68.94,38.14,85.26,41.0,12.05,54.12,21.86,101.66,97.52,18.79,17.23,109.94,69.88,64.76,32.33,16.68,21.15,20.06,53.18,29.57,22.95,15.38,74.8,65.75,18.05,11.25,16.8,47.27,61.96,11.09,57.21,47.29,10.92,7.96,18.77,22.02,29.15,20.46,13.65,12.79,59.44,36.35,14.84,20.35,102.8,65.38,17.67,,17.45,22.2
2024-08-14 07:00:00,19.68,69.71,38.47,84.56,41.48,11.97,54.3,21.82,100.36,96.15,18.94,16.96,109.77,70.31,64.92,32.63,16.65,21.19,19.77,53.28,29.49,22.95,15.25,76.5,65.66,17.68,11.15,16.57,47.6,61.96,11.05,58.23,48.51,10.92,7.92,19.03,21.81,29.2,20.65,14.02,12.75,58.44,37.2,14.87,20.4,102.5,65.56,17.52,,18.0,22.25
2024-08-15 07:00:00,19.64,68.55,38.14,85.35,40.95,11.81,53.86,21.86,99.33,95.97,18.89,16.82,109.1,69.62,65.25,31.89,16.81,20.98,19.04,52.6,29.32,23.43,15.15,75.0,64.97,17.68,11.2,16.29,47.41,61.64,10.8,56.96,48.51,10.84,7.88,18.99,21.46,28.95,20.6,14.02,12.68,58.17,37.85,15.02,20.4,102.8,65.38,17.52,,17.8,22.15
2024-08-16 07:00:00,20.05,70.0,38.84,89.49,42.1,12.55,56.06,22.3,103.34,96.43,19.47,17.05,110.7,70.82,65.75,33.75,17.39,21.32,19.77,53.47,30.69,24.58,15.67,77.3,68.02,18.05,11.95,17.4,48.96,62.4,11.13,58.99,49.03,11.01,8.04,19.03,22.71,29.35,20.9,14.92,12.97,58.51,38.4,15.27,20.58,105.0,65.38,17.91,,18.3,22.58
2024-08-19 07:00:00,20.1,70.2,39.16,89.67,42.63,12.63,56.68,22.41,103.43,96.52,20.05,17.56,110.62,72.45,68.22,33.95,17.36,21.53,20.06,52.99,30.64,25.1,15.67,77.8,68.02,18.52,12.1,17.73,48.77,66.73,11.17,59.32,50.33,11.22,8.04,19.03,22.5,29.65,21.33,14.84,12.97,58.97,38.6,15.52,20.58,105.0,67.33,17.96,,18.3,22.69
2024-08-20 07:00:00,20.14,70.2,40.19,90.46,42.63,12.88,57.74,22.78,104.46,96.97,20.05,17.51,111.47,72.45,68.22,34.29,17.23,21.48,20.26,53.57,31.18,24.86,15.8,77.6,68.51,18.47,12.7,18.93,47.85,68.7,11.17,58.99,50.51,11.22,8.07,19.03,22.68,29.65,21.29,15.25,13.01,60.3,39.4,15.45,20.85,105.4,66.98,18.11,,18.75,22.79
2024-08-21 07:00:00,20.39,69.71,41.37,91.17,42.82,13.21,57.21,23.47,105.2,97.25,20.05,17.6,113.16,72.88,68.71,34.43,17.42,21.78,20.45,53.66,31.14,25.14,16.13,77.5,68.81,19.03,12.6,19.44,47.22,68.95,11.38,59.16,49.99,11.18,8.11,19.07,22.95,29.95,21.43,15.29,13.27,61.63,39.75,15.42,20.92,104.9,66.71,18.25,,18.9,22.99
2024-08-22 07:00:00,20.39,69.71,41.13,94.34,42.92,13.01,56.33,23.74,105.39,97.43,19.71,17.33,113.42,72.45,68.3,33.99,17.42,21.44,20.16,53.66,31.06,25.26,15.9,78.0,69.01,18.75,12.9,19.81,47.41,69.53,11.26,58.82,49.64,11.01,8.07,20.0,22.99,29.9,21.77,15.29,13.34,61.36,39.8,15.54,20.78,104.5,65.74,18.25,,19.7,23.03
2024-08-23 07:00:00,20.43,70.1,41.29,92.76,44.35,13.05,56.24,23.98,105.3,97.25,19.77,17.33,112.82,72.63,67.81,34.63,17.42,21.69,20.6,53.57,30.89,25.1,16.0,77.9,69.01,18.8,13.2,20.0,47.41,69.27,11.21,59.58,49.55,11.14,8.07,20.0,23.34,29.95,21.82,15.46,13.27,61.36,39.75,15.54,20.78,104.5,66.36,18.25,,19.5,23.07
2024-08-26 07:00:00,20.43,68.65,41.04,92.14,43.88,13.01,56.77,23.74,103.53,96.79,19.33,17.28,111.47,72.2,66.82,34.24,17.42,21.65,20.4,53.37,31.14,25.1,15.93,76.2,68.81,18.61,13.2,20.27,46.98,65.26,11.09,59.07,49.38,10.88,8.04,19.85,23.58,29.75,21.92,15.13,13.19,61.1,40.5,15.5,21.08,104.5,65.03,18.5,,19.85,23.05
2024-08-27 07:00:00,20.43,67.97,40.55,92.4,43.68,12.88,56.68,23.92,102.22,96.7,19.38,17.23,112.32,71.6,66.16,34.14,17.42,21.44,20.21,53.37,30.98,24.94,15.9,76.8,68.81,18.52,13.3,20.13,47.51,65.52,11.13,57.89,49.64,10.88,8.04,19.4,23.2,29.6,22.07,15.41,13.16,60.76,41.4,15.46,22.55,104.0,65.12,18.5,,20.05,23.09
2024-08-28 07:00:00,20.47,67.29,40.55,91.7,43.3,12.92,56.24,23.95,102.59,97.34,19.22,17.19,112.99,71.85,66.08,34.82,17.39,21.4,20.31,53.37,30.93,25.02,16.06,77.1,68.42,18.33,13.3,20.27,47.8,64.63,11.3,57.89,49.99,10.88,8.04,19.25,23.65,29.55,22.41,15.17,13.16,60.5,40.9,15.46,22.2,103.8,65.47,18.45,,19.5,23.12
2024-08-29 07:00:00,20.6,69.23,40.31,90.9,43.44,12.92,56.33,24.02,103.81,97.52,19.24,16.77,113.33,71.51,66.08,34.48,17.59,21.32,20.21,53.37,31.14,25.1,16.19,76.9,68.12,18.47,13.0,19.86,47.22,64.24,11.21,58.23,49.99,10.67,8.0,19.15,23.58,30.45,22.41,15.04,13.23,60.76,41.5,15.46,22.1,104.7,65.12,18.45,,19.25,23.18
2024-08-30 07:00:00,20.72,69.71,39.98,91.7,43.59,12.76,56.06,24.05,106.04,98.06,19.3,17.05,114.26,71.42,66.33,34.53,17.81,21.23,20.21,53.47,31.14,25.02,16.19,76.5,68.81,18.33,12.95,19.95,47.02,65.01,11.13,57.89,50.07,10.75,8.0,19.2,23.4,30.55,22.75,15.21,13.27,60.9,41.5,15.5,22.1,105.3,65.47,18.45,,19.2,23.27
2024-09-04 07:00:00,20.6,69.71,40.02,91.52,42.82,12.92,56.24,24.22,107.44,98.79,19.44,17.1,112.74,71.94,65.09,33.9,17.42,21.03,19.72,53.37,31.39,24.58,15.9,75.3,68.12,18.75,12.95,20.74,45.48,64.37,10.92,56.54,49.81,10.54,7.88,18.5,23.02,30.1,22.41,15.09,13.08,60.43,42.5,15.37,22.0,104.3,65.83,18.01,,19.7,22.99
2024-09-05 07:00:00,20.47,69.62,39.82,89.93,42.82,12.76,55.71,24.02,106.04,97.79,19.24,17.1,110.7,71.42,64.92,33.12,17.33,20.86,19.33,53.28,31.35,24.54,15.61,74.1,66.94,18.56,12.95,20.23,44.56,63.67,10.8,55.1,49.64,10.67,7.88,18.5,22.99,29.6,22.21,15.04,13.05,59.83,43.75,15.33,22.52,103.8,66.18,17.82,,19.7,22.89
2024-09-06 07:00:00,20.56,69.71,40.31,91.61,42.92,12.68,55.27,24.36,106.32,97.97,19.91,16.96,111.98,72.11,64.27,33.7,17.2,21.15,19.38,53.18,31.22,24.74,15.64,76.0,67.04,18.47,13.0,20.0,45.43,63.36,10.84,55.36,49.38,10.75,7.85,18.0,23.2,29.9,22.21,15.0,13.12,59.9,43.9,15.29,22.32,103.8,66.8,17.96,,20.1,22.92
2024-09-09 07:00:00,20.43,68.94,40.1,90.46,42.15,12.68,54.56,24.33,105.86,97.43,19.63,16.82,111.3,72.63,63.69,33.7,17.04,21.32,19.82,53.18,31.06,24.54,15.61,75.4,66.54,18.52,13.2,20.09,44.94,63.29,10.8,55.78,48.94,10.8,7.85,18.1,22.85,29.5,22.07,14.67,13.05,59.9,43.0,15.12,21.85,103.0,66.27,17.86,,20.1,22.85
2024-09-10 07:00:00,20.26,69.23,39.65,94.17,41.48,12.47,53.86,23.98,105.39,97.34,19.35,16.82,110.2,72.11,63.69,33.31,16.91,20.94,19.48,52.89,30.81,24.66,15.48,75.2,66.84,18.52,12.7,19.35,44.9,62.97,10.76,54.85,48.16,10.8,7.81,17.0,22.5,29.2,21.68,14.51,13.19,59.1,42.8,15.12,21.5,104.2,66.36,17.67,,19.2,22.75
2024-09-11 07:00:00,20.18,69.13,39.49,95.93,41.29,12.3,54.74,23.98,105.3,97.15,19.33,16.87,110.7,71.68,63.52,33.31,16.94,21.11,19.72,52.89,30.81,24.54,15.57,75.1,66.84,18.56,11.85,19.58,44.31,63.1,10.63,54.94,48.24,10.8,7.81,16.0,22.57,29.6,21.53,14.47,13.23,58.7,43.0,15.08,21.5,105.0,66.09,17.77,,19.1,22.71
2024-09-12 07:00:00,20.43,69.13,39.53,96.11,41.05,12.39,55.0,24.02,105.86,97.43,19.49,16.87,112.15,71.68,63.85,33.75,16.85,20.9,19.58,52.89,30.69,24.46,15.64,75.1,66.54,18.52,11.4,19.58,43.93,63.23,10.68,55.44,48.24,11.48,7.85,15.05,22.4,29.7,21.72,14.3,13.45,59.44,43.1,15.33,21.45,105.3,66.18,18.01,,19.0,22.72
2024-09-13 07:00:00,20.39,68.65,39.41,98.66,40.95,12.43,54.38,23.95,105.86,96.97,19.66,16.87,112.74,69.99,63.61,33.8,16.98,20.82,19.38,52.89,30.77,24.26,15.57,74.2,66.25,18.33,11.55,19.9,44.31,63.48,10.59,55.44,48.85,11.65,7.81,15.25,22.43,29.8,21.63,14.63,13.45,59.7,43.0,15.21,21.45,104.8,64.59,17.96,,19.3,22.61
2024-09-16 07:00:00,20.18,68.07,39.04,101.48,40.91,12.3,52.09,23.78,104.55,96.97,19.77,16.87,111.13,68.39,62.95,34.09,16.85,20.69,19.04,52.89,31.1,24.07,15.57,72.9,65.16,18.33,11.2,19.16,43.54,63.29,10.18,54.6,48.59,11.35,7.77,15.25,22.29,29.55,21.63,14.26,13.34,59.04,41.75,15.21,21.02,104.0,63.7,17.86,,18.9,22.54
2024-09-17 07:00:00,20.47,69.13,39.82,102.01,41.05,12.59,53.24,23.98,106.14,97.61,19.82,17.1,112.66,68.48,63.28,34.78,17.1,21.03,19.43,52.89,31.64,24.46,15.8,74.5,65.85,18.56,11.2,20.13,43.54,63.61,10.39,54.77,49.2,11.61,7.88,15.45,22.71,29.85,22.16,14.47,13.45,60.1,44.0,15.33,21.45,105.0,65.03,18.16,,19.4,22.82
2024-09-18 07:00:00,20.6,69.13,40.1,100.25,41.05,12.55,53.5,24.5,105.95,97.88,19.69,17.05,114.1,68.86,64.1,34.73,17.17,20.9,19.53,52.6,31.39,24.38,15.9,74.4,67.23,18.75,11.3,20.13,43.54,63.61,10.55,55.53,48.85,11.7,7.85,15.6,23.2,30.25,22.41,14.55,13.53,60.43,43.9,15.42,21.32,105.1,64.94,18.16,,19.15,22.94
2024-09-19 07:00:00,20.72,69.62,40.27,107.22,41.1,12.63,54.3,24.7,106.88,97.88,19.71,17.15,114.6,69.14,64.43,34.87,17.26,21.03,19.63,52.7,31.39,24.46,15.9,74.4,67.23,18.61,11.35,20.74,43.88,62.91,10.39,55.78,49.2,11.31,7.85,16.65,23.34,30.5,22.6,14.63,13.53,60.76,44.15,15.46,21.45,105.1,64.94,18.25,,19.45,23.0
2024-09-20 07:00:00,21.43,69.04,40.1,108.1,41.29,12.59,54.47,24.7,107.54,98.16,19.66,17.2,114.69,68.86,64.59,34.78,17.39,21.36,19.72,51.35,31.26,24.86,16.13,74.7,67.04,18.56,11.4,20.55,44.51,62.85,10.39,56.2,49.99,11.35,7.92,16.55,23.34,30.85,22.94,14.55,13.42,60.17,43.75,15.59,21.15,105.2,64.41,18.45,,19.5,23.2
2024-09-23 07:00:00,21.43,69.23,39.82,112.77,41.96,12.51,54.21,24.64,107.26,97.79,19.71,17.2,113.59,68.76,65.09,34.73,17.36,21.4,19.53,50.09,31.31,25.02,16.16,74.4,66.35,18.42,11.25,20.55,43.78,63.04,10.34,56.28,49.99,11.44,7.85,15.95,23.65,30.8,22.75,14.3,13.55,60.37,43.65,15.63,21.18,105.0,64.59,18.5,,19.0,23.11
2024-09-24 07:00:00,21.56,69.71,40.27,109.77,41.82,12.51,56.59,24.74,107.72,97.97,19.71,17.3,114.01,69.42,65.09,35.31,17.36,21.53,19.58,49.71,31.8,25.26,16.45,74.8,67.13,18.42,11.35,20.88,43.73,63.23,10.43,56.2,50.07,11.35,7.92,16.5,23.65,31.85,22.94,14.39,13.68,60.56,44.25,16.13,21.28,105.1,64.4,18.69,,19.05,23.28
2024-09-25 07:00:00,21.89,70.2,40.88,108.89,41.53,12.84,56.68,24.7,107.72,97.79,19.99,17.45,114.26,69.52,65.09,35.17,17.52,21.82,20.11,48.93,32.38,25.34,16.78,75.5,67.73,18.56,11.4,21.43,43.93,63.36,10.8,56.96,49.99,11.52,8.0,16.65,24.4,32.7,23.19,14.63,13.86,61.63,44.15,16.43,21.3,104.6,63.76,18.94,,19.1,23.46
2024-09-26 07:00:00,21.73,69.71,40.88,112.24,41.48,12.84,57.03,24.98,107.35,97.79,19.93,17.9,113.84,69.7,65.01,35.56,18.2,21.69,20.21,48.55,32.5,25.58,16.75,76.1,67.33,18.52,11.55,21.11,44.12,63.16,10.8,56.88,50.6,11.31,8.15,17.0,24.45,32.75,23.48,14.92,14.79,61.43,44.4,16.39,21.3,105.1,64.77,19.08,,19.2,23.7
2024-09-27 07:00:00,21.64,69.04,40.96,108.71,41.48,12.84,56.94,25.39,107.26,97.61,19.93,18.55,113.76,69.23,64.68,35.17,18.2,21.69,20.35,50.19,32.17,25.66,16.75,75.9,66.54,18.42,11.55,21.11,43.49,62.97,10.8,56.28,50.94,11.22,8.34,17.0,24.54,33.6,23.58,14.84,15.02,61.43,43.4,16.35,21.25,105.1,65.04,19.23,,19.4,23.68
2024-09-30 07:00:00,21.52,67.97,40.63,104.57,41.05,12.84,56.33,25.36,107.72,97.43,19.71,18.8,114.01,68.95,64.27,34.92,18.13,21.94,20.69,49.8,32.13,25.46,16.75,75.7,67.13,18.42,11.05,20.83,43.06,62.85,10.84,56.2,50.33,11.05,8.34,17.05,24.8,33.35,23.58,14.92,15.28,61.1,42.8,16.3,21.0,105.0,64.22,19.57,,19.1,23.65
2024-10-01 07:00:00,21.52,68.07,40.63,103.16,41.58,12.92,56.24,25.05,108.19,97.7,19.69,18.9,115.2,68.76,63.77,35.17,18.0,22.28,20.69,49.8,32.46,25.26,16.71,76.6,66.84,18.47,11.2,20.78,43.06,62.59,10.92,56.28,50.33,11.1,8.38,17.45,24.71,33.5,24.01,14.96,15.19,61.1,43.45,16.73,21.15,105.3,64.22,19.37,,19.4,23.81
2024-10-02 07:00:00,21.56,67.29,40.72,101.84,41.38,12.72,55.27,24.7,108.19,97.34,19.74,19.2,114.77,68.67,64.1,35.31,17.71,21.9,20.69,49.42,31.88,25.06,16.75,76.0,66.44,18.42,11.05,19.63,43.49,63.24,10.88,56.88,49.55,10.97,8.26,17.55,24.54,33.55,24.26,14.67,15.55,61.56,43.4,16.51,21.02,105.0,64.22,19.18,,19.15,23.78
2024-10-03 07:00:00,21.48,66.9,40.47,102.45,41.1,12.43,54.47,24.84,106.88,97.34,19.46,19.3,113.59,68.29,63.77,34.73,17.78,21.82,20.21,49.22,30.89,24.98,16.62,76.0,65.36,18.28,10.85,19.07,42.96,62.72,10.59,56.37,49.46,10.92,8.3,17.8,24.49,33.75,23.72,14.14,15.55,61.49,41.6,16.26,20.68,105.5,64.4,19.47,,18.65,23.68
2024-10-04 07:00:00,21.22,65.74,40.23,102.1,41.05,12.43,54.3,24.43,105.86,96.88,19.44,18.65,113.67,69.04,63.28,34.09,17.55,21.82,20.45,49.03,30.93,25.1,16.36,75.6,65.46,18.28,10.85,19.26,43.64,61.56,10.72,55.95,49.29,10.92,8.23,17.5,24.27,33.1,23.43,14.14,15.33,61.29,41.5,16.26,20.5,105.3,62.75,19.47,,18.3,23.38
2024-10-07 07:00:00,21.27,66.23,40.1,100.25,41.15,12.43,54.21,24.57,106.32,96.43,19.38,18.85,113.67,68.67,62.95,33.99,17.26,21.98,20.45,49.13,31.18,25.3,16.42,74.8,65.36,18.28,10.8,19.49,43.49,61.56,10.55,55.53,49.38,11.05,8.23,17.1,24.54,33.8,23.53,14.22,15.55,61.1,41.2,16.22,20.42,105.0,61.47,19.47,,18.25,23.41
2024-10-08 07:00:00,21.31,66.52,39.98,107.22,41.15,12.63,54.74,24.53,106.23,96.61,19.27,18.85,113.42,68.39,62.04,34.24,17.49,22.44,20.74,49.13,30.98,26.54,16.42,75.2,64.28,18.19,10.7,19.49,43.2,61.17,10.59,55.36,49.03,11.05,8.15,17.1,24.36,33.7,23.77,14.26,15.59,60.76,41.6,16.22,20.45,104.8,62.48,19.57,,18.35,23.5
2024-10-09 07:00:00,21.93,66.23,40.43,107.22,41.43,12.76,55.09,24.77,107.26,97.34,19.55,19.2,114.77,68.48,62.21,34.82,17.36,22.9,20.69,49.03,31.14,26.77,16.68,77.0,63.29,18.28,10.75,19.58,42.96,60.91,10.72,55.36,49.12,10.92,8.19,17.5,24.27,34.15,24.01,14.26,15.64,60.43,42.5,16.22,20.8,105.6,62.11,19.71,,18.5,23.72
2024-10-10 07:00:00,21.89,66.13,40.68,105.72,42.06,12.68,54.65,24.81,108.0,97.79,19.33,18.85,120.11,69.04,63.11,34.82,17.65,22.69,20.31,49.13,30.98,26.54,16.62,80.0,64.08,18.24,10.8,19.26,43.06,61.62,10.68,55.27,50.25,10.92,8.15,17.5,24.49,33.6,23.92,14.35,15.51,61.03,42.15,16.13,20.7,106.0,62.02,20.01,,18.45,23.8
2024-10-11 07:00:00,21.81,66.13,40.39,108.36,42.25,12.76,55.8,24.88,107.72,97.61,19.49,19.1,118.33,68.95,63.28,34.68,17.59,22.73,20.4,49.42,30.98,26.18,16.65,81.1,63.59,18.28,10.8,19.67,43.25,61.56,10.43,55.36,50.07,10.88,8.19,17.6,24.4,33.8,23.82,14.43,15.55,60.76,43.6,16.13,20.9,108.9,62.02,20.15,,19.0,23.83
2024-10-14 07:00:00,21.68,66.13,40.39,107.57,42.15,13.3,56.94,24.74,108.38,96.97,19.38,18.25,116.64,68.67,62.7,35.46,17.36,22.53,20.31,49.42,30.85,25.86,16.84,80.3,62.7,18.28,10.65,19.35,43.01,61.11,10.59,55.61,49.81,10.84,8.19,17.4,24.58,33.9,23.72,13.52,15.51,60.7,45.35,16.09,21.08,107.3,61.56,20.1,,19.15,23.77
2024-10-15 07:00:00,21.6,65.65,40.88,107.57,41.86,13.09,55.89,24.81,107.63,97.06,19.19,18.2,116.13,68.48,62.29,34.92,17.46,22.61,20.21,49.32,30.44,25.66,16.71,80.8,63.49,18.28,10.45,18.61,41.46,60.72,10.43,55.02,49.72,10.67,8.19,17.4,24.22,33.7,23.62,13.19,15.51,60.7,44.65,16.22,20.82,105.9,61.2,20.3,,18.8,23.72
2024-10-16 07:00:00,21.52,65.65,40.76,110.12,41.96,12.88,55.8,24.91,107.44,96.97,18.91,18.45,115.54,67.82,61.88,35.26,17.39,22.57,19.92,49.32,30.07,25.3,16.62,80.4,64.57,18.1,10.2,18.24,40.49,61.04,10.43,54.77,50.33,10.67,8.15,16.7,24.09,33.6,23.58,13.32,15.55,60.76,45.0,16.18,20.75,105.8,61.84,20.3,,18.7,23.7
2024-10-17 07:00:00,21.85,65.36,41.13,114.62,42.15,13.17,55.71,25.08,106.88,96.79,19.1,18.8,116.13,67.35,60.23,35.17,17.1,22.69,20.21,49.12,30.29,25.58,16.88,81.0,64.87,18.05,10.45,19.49,40.88,61.37,10.39,54.77,49.9,10.62,8.19,16.75,24.4,34.6,23.72,13.48,15.9,61.23,45.1,16.35,20.78,105.3,61.93,20.35,,18.75,23.78
2024-10-18 07:00:00,21.81,65.36,41.13,113.21,42.15,13.05,55.97,24.88,106.32,97.06,19.05,19.45,116.13,67.54,59.16,35.02,17.36,22.44,20.01,49.12,29.79,25.78,16.78,80.4,64.77,18.05,10.35,19.35,40.98,61.24,10.34,54.68,49.99,10.62,8.23,16.7,24.31,35.55,23.82,13.32,15.82,61.36,45.25,16.47,20.9,106.5,61.75,20.01,,18.75,23.93
2024-10-21 07:00:00,21.56,64.39,40.59,116.83,41.91,12.84,57.39,24.36,105.39,96.24,18.88,20.8,114.86,67.54,58.75,34.39,17.33,22.28,19.82,49.22,29.52,25.66,16.65,80.2,64.87,17.82,10.25,19.07,40.25,61.04,10.3,54.09,49.29,10.58,8.19,16.7,23.91,35.25,23.53,12.74,15.55,61.1,47.8,16.22,21.12,105.6,61.66,20.1,,19.1,23.7
2024-10-22 07:00:00,21.22,62.94,39.86,113.83,41.38,12.76,59.24,24.02,103.62,95.97,18.88,21.6,112.82,67.07,60.78,32.97,17.36,22.19,19.67,49.71,29.7,25.26,16.45,78.9,65.36,17.82,10.15,19.35,40.44,60.01,10.1,53.25,48.77,10.54,8.11,16.7,23.74,35.0,23.58,12.95,15.37,60.7,48.25,15.84,21.1,104.2,61.66,20.06,,18.6,23.68
2024-10-23 07:00:00,21.22,63.52,39.57,117.71,41.48,12.88,58.98,24.05,103.53,95.52,18.86,21.6,113.76,66.78,60.78,32.72,17.33,22.03,19.72,50.3,30.25,25.38,16.45,79.4,64.77,17.96,10.25,20.0,40.93,60.53,10.14,53.42,48.77,10.58,8.07,16.65,23.91,35.8,23.58,13.03,15.68,60.76,47.0,15.8,21.6,104.4,61.66,19.91,,18.65,23.62
2024-10-24 07:00:00,20.89,63.71,39.24,117.27,41.62,12.63,58.27,23.92,103.06,95.52,18.86,21.4,113.84,66.88,60.78,32.14,17.3,22.03,19.92,50.3,30.57,25.34,16.1,78.5,64.47,17.91,10.15,19.76,40.4,60.66,10.01,53.58,48.68,10.71,8.0,16.65,23.82,33.4,23.04,12.95,15.15,60.9,43.85,15.63,21.02,104.2,62.66,19.47,,18.15,23.29
2024-10-25 07:00:00,20.81,63.52,38.84,117.09,41.53,12.76,59.68,23.74,101.75,95.06,18.86,20.85,113.59,66.78,60.68,31.5,17.3,22.03,19.72,50.0,30.11,25.58,16.06,77.2,64.57,17.73,10.2,20.04,40.2,60.72,9.85,53.16,48.33,10.75,7.88,16.65,23.74,33.45,22.89,12.82,15.15,60.96,43.85,15.42,20.78,104.2,62.3,19.57,,18.15,23.31
2024-10-28 07:00:00,21.02,63.32,38.84,119.65,41.38,12.8,60.12,23.81,103.06,95.06,18.94,19.85,114.35,66.6,60.49,31.75,17.14,22.28,20.16,49.81,30.43,25.66,16.16,77.9,64.57,17.77,10.35,20.0,40.64,61.24,9.89,53.42,48.33,10.8,7.92,16.65,23.82,33.75,23.04,12.91,15.28,61.1,42.7,15.42,20.72,103.6,61.56,19.57,,18.1,23.18
2024-10-29 07:00:00,21.06,64.68,38.88,119.82,41.43,12.8,59.68,23.98,104.64,96.06,19.35,19.95,114.77,66.69,62.91,32.19,17.55,22.53,20.11,49.61,30.43,25.74,16.29,78.0,65.56,17.87,10.35,19.58,40.54,62.14,9.97,54.51,48.24,10.8,7.96,16.6,23.74,34.05,23.14,13.24,15.19,61.1,42.75,15.84,20.68,103.9,61.38,19.71,,18.15,23.31
2024-10-30 07:00:00,20.97,64.29,39.0,121.06,41.15,12.76,59.15,23.85,103.9,95.34,19.16,20.0,115.2,66.5,63.0,31.94,17.49,22.48,19.77,49.42,30.43,25.94,16.29,78.1,65.06,17.73,10.7,19.67,40.06,61.62,9.97,54.85,48.07,10.71,7.96,16.5,23.42,34.8,23.38,13.24,15.33,60.9,41.15,16.05,20.5,103.9,60.74,19.71,,18.2,23.35
2024-10-31 07:00:00,21.22,64.97,39.04,118.59,41.19,12.63,59.33,24.5,104.74,95.15,19.13,19.95,115.2,66.41,63.2,32.14,17.3,22.4,19.67,49.51,30.43,26.26,16.32,76.6,65.56,17.68,10.5,19.49,39.77,61.17,9.89,54.09,48.07,10.62,8.04,16.55,23.65,35.2,23.28,13.28,15.37,62.16,41.5,16.01,20.78,105.0,60.56,19.91,,17.85,23.43
2024-11-01 07:00:00,20.81,64.58,39.04,117.88,41.77,12.51,59.95,24.43,103.9,94.79,18.77,19.65,114.1,66.12,62.13,31.55,17.07,22.11,19.63,49.51,30.11,26.14,16.03,74.5,65.06,17.59,10.35,19.35,39.28,58.98,9.6,52.32,48.16,10.37,8.0,16.95,23.29,35.0,23.09,12.99,15.15,62.09,41.5,15.92,20.6,104.7,60.28,19.62,,17.75,23.23
2024-11-04 07:00:00,20.68,64.68,39.0,114.62,41.96,12.3,58.8,24.5,103.06,94.61,18.52,18.7,112.57,65.84,62.23,30.82,16.75,21.9,19.38,48.78,29.98,25.78,15.93,73.2,64.18,17.35,10.2,19.39,38.61,59.82,9.48,54.01,48.33,10.11,7.92,16.7,23.34,34.9,22.84,12.54,14.71,61.43,41.5,15.63,20.6,104.0,60.1,19.18,,17.7,23.0
2024-11-05 07:00:00,20.68,64.68,38.75,114.8,42.15,12.34,58.89,24.05,102.97,94.43,18.52,19.3,112.4,65.56,61.84,31.36,16.75,22.07,19.43,49.61,29.93,25.82,15.93,73.1,64.67,17.26,10.3,19.58,38.75,60.33,9.56,53.67,48.33,10.24,8.0,16.75,23.25,34.85,22.84,12.58,14.71,61.49,41.5,15.63,20.65,103.5,60.01,19.18,,17.75,23.0
2024-11-06 07:00:00,20.97,66.25,39.29,116.38,42.29,12.51,60.39,24.64,104.18,93.15,18.8,19.45,114.1,66.03,62.42,32.97,16.98,22.44,19.77,48.83,30.34,25.94,16.19,74.2,64.67,17.59,10.4,19.72,38.85,60.85,9.77,53.92,48.59,10.41,8.07,16.9,23.51,35.5,23.28,12.74,15.06,61.69,41.55,15.71,20.9,104.9,60.28,19.32,,18.05,23.33
2024-11-07 07:00:00,20.97,66.25,38.92,115.15,42.06,12.47,61.54,24.43,104.92,93.52,18.66,19.2,114.52,66.03,62.91,32.58,16.88,22.44,19.72,49.12,30.52,25.98,16.16,73.3,64.47,17.63,10.8,20.09,38.99,60.2,9.68,54.43,48.42,10.45,8.04,16.85,23.42,35.6,23.23,12.74,14.93,61.89,41.4,15.63,20.85,104.3,60.37,19.18,,18.05,23.27
2024-11-08 07:00:00,20.81,65.47,38.75,116.38,43.25,12.34,61.54,24.02,104.36,93.61,18.55,19.0,115.11,65.94,62.52,32.14,16.88,22.48,19.63,49.12,30.48,25.66,16.0,72.3,64.08,17.54,10.7,19.76,38.75,60.01,9.68,54.51,48.07,10.45,8.0,16.75,23.2,35.5,22.99,12.74,14.79,61.23,40.0,15.46,20.52,104.6,60.19,18.98,,17.95,23.04
2024-11-11 07:00:00,20.77,66.35,38.02,117.27,43.83,12.18,61.18,23.98,107.44,93.52,18.69,18.7,117.23,66.03,63.68,32.63,16.43,23.07,19.72,49.12,30.43,25.3,15.83,73.5,62.11,17.31,10.65,19.3,37.98,59.95,9.68,54.85,48.16,10.5,7.96,16.7,22.85,33.8,22.6,12.5,14.39,61.1,40.6,15.37,20.4,104.5,59.73,18.69,,18.0,23.0
2024-11-12 07:00:00,20.77,66.65,37.85,116.83,43.3,12.18,62.24,23.68,107.82,93.06,18.74,18.55,115.96,65.75,63.78,32.14,16.59,22.9,19.58,49.12,30.38,25.26,15.7,72.5,59.94,17.63,10.55,19.16,38.12,60.14,9.68,55.53,49.29,10.5,7.92,16.65,22.85,33.55,22.46,12.41,14.31,61.03,40.3,15.5,20.27,104.5,59.46,18.59,,18.0,22.9
2024-11-13 07:00:00,20.81,66.74,37.73,115.17,43.3,12.01,62.24,23.57,108.75,93.33,18.86,18.65,116.81,65.47,63.68,31.8,16.49,22.53,19.38,49.12,30.43,25.34,15.74,73.0,61.02,17.63,10.8,19.53,37.64,60.01,9.68,55.19,49.46,10.5,7.92,16.7,22.62,33.4,22.55,12.29,14.35,61.43,40.3,15.46,20.3,103.6,59.55,18.84,,18.1,22.93
2024-11-14 07:00:00,20.51,67.43,37.2,113.79,42.49,11.68,58.53,23.06,108.47,93.42,18.91,18.55,115.28,64.99,64.46,31.06,16.24,21.9,18.56,49.03,30.29,25.02,15.51,71.4,60.43,17.31,10.8,18.98,37.69,60.01,9.52,54.85,48.85,10.45,7.85,16.75,21.96,32.5,22.21,11.92,13.99,61.1,40.35,15.37,20.35,103.3,59.55,18.5,,18.1,22.75
2024-11-15 07:00:00,20.39,66.84,36.55,111.48,42.53,11.47,58.27,22.72,105.58,90.79,18.66,18.0,113.5,64.62,63.68,30.56,15.88,21.57,17.88,49.03,29.66,25.06,15.31,70.6,59.05,17.03,10.4,18.47,37.15,58.98,9.31,54.85,48.33,10.28,7.73,16.8,21.29,32.4,21.87,11.67,13.86,60.9,40.25,15.33,20.27,103.3,58.36,18.21,,18.2,22.35
2024-11-18 07:00:00,20.47,65.86,36.34,109.27,41.96,11.6,57.83,22.85,105.39,90.7,18.69,18.05,113.59,64.99,62.52,30.71,15.78,21.48,18.02,48.93,29.61,25.06,15.25,70.3,58.06,17.77,10.55,18.75,36.48,59.3,9.35,53.75,48.33,10.28,7.73,16.85,21.6,32.6,21.87,12.45,14.22,60.43,40.8,15.37,20.2,101.7,57.9,18.21,,18.1,22.48
2024-11-19 07:00:00,20.31,62.91,36.46,107.43,42.65,11.52,56.94,22.89,102.04,90.7,18.55,17.9,110.2,63.96,61.75,29.97,15.85,21.19,17.83,48.93,29.07,24.94,15.09,70.0,56.68,17.63,10.75,18.61,37.06,59.17,9.27,52.99,47.9,10.28,7.66,16.9,21.2,31.95,21.82,12.5,14.04,59.77,42.2,15.25,20.18,101.7,57.72,18.01,,17.9,22.25
2024-11-20 07:00:00,20.47,64.58,36.79,110.19,42.74,11.81,57.74,23.33,101.66,90.7,18.72,18.1,112.23,63.68,61.65,30.37,15.85,21.32,18.12,48.93,29.57,25.14,15.35,70.3,55.99,17.77,11.25,19.35,37.35,59.88,9.39,53.84,48.33,10.15,7.73,16.9,21.6,32.4,22.26,12.95,14.26,59.97,43.3,15.33,20.18,102.0,58.27,18.21,,17.9,22.13
2024-11-21 07:00:00,20.77,64.39,37.08,110.56,43.33,11.81,57.74,24.02,102.52,90.6,19.3,18.05,112.74,64.24,62.91,30.76,15.95,21.53,18.27,48.93,29.79,25.26,15.64,71.3,57.87,17.77,11.25,19.49,37.78,60.66,9.48,54.85,48.16,10.15,7.77,16.9,21.87,33.05,22.6,12.95,14.44,60.1,43.3,15.46,20.18,101.7,58.54,18.69,,18.2,22.5
2024-11-22 07:00:00,20.85,64.68,37.36,110.1,43.33,11.72,57.65,24.02,101.46,90.97,19.66,18.0,113.5,65.18,62.04,30.47,15.88,21.73,18.27,48.83,29.61,25.38,15.64,71.0,58.16,17.77,11.0,19.21,37.88,59.95,9.43,54.6,48.24,10.11,7.77,16.9,21.65,32.65,22.89,12.74,14.31,60.17,41.6,15.37,20.23,101.7,58.91,18.55,,18.1,22.5
2024-11-25 07:00:00,20.81,64.58,37.24,108.35,43.38,11.81,58.18,24.09,102.52,90.51,19.6,18.25,113.5,65.28,61.94,30.47,15.88,21.9,18.22,49.22,29.79,25.38,15.61,72.2,58.16,18.19,11.0,19.39,38.12,59.95,10.06,56.45,48.33,10.11,7.81,16.85,21.78,32.85,22.89,12.54,14.35,60.63,42.7,15.63,20.5,102.8,58.91,18.55,,18.25,22.58
2024-11-26 07:00:00,20.89,64.97,37.81,110.84,43.38,11.89,58.45,24.22,102.23,91.06,20.13,18.3,114.6,65.56,62.81,30.86,16.11,21.94,18.46,49.32,30.16,25.42,15.7,72.7,59.15,18.14,11.1,19.72,37.98,59.88,10.22,56.28,48.85,10.32,7.85,16.9,21.87,33.2,22.94,12.87,14.35,61.36,42.4,15.67,20.52,103.2,59.36,18.55,,18.3,22.72
2024-11-27 07:00:00,20.93,64.97,37.9,109.64,43.58,11.85,57.83,24.12,102.42,90.88,19.66,18.7,117.74,65.28,62.23,30.81,16.17,21.9,18.36,49.61,30.11,25.74,15.7,72.7,59.35,18.1,11.2,19.72,37.83,60.01,10.39,56.54,48.85,10.45,7.81,16.95,21.6,33.2,22.89,12.82,14.35,61.56,41.9,15.63,20.38,102.4,59.18,18.55,,18.1,22.73
2024-11-28 07:00:00,21.02,65.07,37.69,113.88,43.53,11.76,57.74,24.29,103.19,91.42,19.49,18.8,118.16,65.28,62.62,30.91,16.27,21.98,18.46,50.1,30.02,25.5,15.64,72.4,59.15,18.05,11.1,19.58,38.7,59.88,10.3,56.54,48.33,10.54,7.77,17.0,21.6,33.15,22.99,12.87,14.44,61.49,41.1,15.97,20.35,102.2,59.09,18.55,,18.0,22.7
2024-11-29 07:00:00,21.06,65.37,38.22,116.55,46.57,11.68,58.09,24.53,104.91,91.88,19.57,18.5,122.32,65.56,62.62,30.86,16.3,22.28,18.46,50.3,30.11,25.7,15.74,73.2,59.64,18.19,10.95,19.63,38.7,59.95,10.26,56.71,48.85,10.54,7.81,17.0,21.82,33.3,22.99,12.82,14.39,61.96,40.8,16.05,20.25,102.4,59.18,18.64,,17.9,22.92
2024-12-02 07:00:00,21.02,65.37,38.02,115.17,48.04,11.93,59.15,24.6,105.2,92.42,19.74,18.5,121.38,65.18,62.23,31.01,16.33,22.4,18.46,49.9,29.84,26.5,15.74,72.6,59.54,18.01,10.95,19.3,38.46,60.66,10.26,56.37,48.94,10.54,7.81,16.95,21.74,33.1,23.04,12.82,14.31,62.56,40.75,15.92,20.18,102.3,59.09,18.69,,17.85,22.84
2024-12-03 07:00:00,20.89,65.27,37.65,113.69,51.08,11.89,59.06,24.64,105.3,94.24,19.85,18.5,123.77,64.71,61.94,30.47,16.75,22.48,18.12,49.32,29.89,27.05,15.61,72.7,58.95,18.24,10.7,19.16,38.7,60.4,10.47,57.21,48.94,10.62,7.81,17.0,21.6,32.6,23.04,12.74,14.22,61.76,40.9,15.88,20.2,101.5,58.54,18.69,,17.7,22.89
2024-12-04 07:00:00,20.93,64.09,36.91,117.19,50.98,11.76,58.71,24.22,103.38,93.42,19.82,18.4,122.49,64.62,62.62,29.92,16.65,22.23,17.73,49.22,29.84,26.66,15.54,72.1,57.28,18.28,10.5,18.89,38.99,60.78,10.18,56.71,49.99,10.58,7.73,16.95,21.38,32.4,22.84,12.58,14.04,62.09,40.1,15.92,20.0,101.4,57.99,18.5,,17.3,22.78
2024-12-05 07:00:00,21.48,66.84,37.61,116.09,50.88,12.1,59.5,24.98,105.39,93.42,20.1,18.7,126.76,64.9,63.87,30.91,17.17,23.19,18.27,49.03,30.25,26.85,16.0,73.7,60.13,18.61,10.85,20.18,39.28,61.95,10.34,57.72,50.07,10.71,7.96,17.2,22.85,33.95,23.58,13.15,14.62,62.42,41.4,16.35,20.42,103.0,58.91,18.98,,17.85,23.35
2024-12-06 07:00:00,21.43,66.15,38.1,116.64,50.98,12.1,59.33,24.88,110.37,92.61,20.21,18.6,127.61,65.18,65.23,31.6,17.26,22.98,18.12,48.83,30.7,27.29,15.87,73.4,60.23,18.42,10.65,20.37,39.14,62.2,10.3,57.21,50.25,10.92,7.85,17.25,23.42,33.8,23.53,12.99,14.44,62.56,41.5,16.26,20.92,102.8,58.72,18.84,,17.7,23.35
2024-12-09 07:00:00,21.31,66.74,38.18,115.63,50.68,12.05,59.86,25.01,111.14,92.79,20.02,18.95,125.48,65.28,65.13,31.65,17.36,23.02,18.36,48.83,31.25,27.21,15.9,73.2,60.23,18.33,10.7,20.55,38.85,62.46,10.34,57.21,50.07,11.01,7.85,17.3,23.29,34.0,23.53,13.07,14.57,63.29,41.45,16.3,20.92,102.7,58.72,18.89,,17.7,23.35
2024-12-10 07:00:00,21.18,66.84,38.22,116.09,51.57,12.05,60.3,24.94,111.33,95.06,19.88,19.0,127.61,64.99,64.75,31.3,18.0,23.23,18.46,51.17,31.34,27.13,15.8,72.7,59.94,18.19,10.6,20.37,38.99,62.59,10.47,56.88,50.6,10.97,7.85,17.35,23.34,33.5,23.43,12.95,14.53,62.76,40.95,16.3,20.6,102.6,58.54,18.74,,17.55,23.36
2024-12-11 07:00:00,21.22,65.86,38.1,115.44,51.17,11.97,59.5,24.94,111.62,98.25,19.74,19.25,128.46,64.71,63.78,31.01,18.2,23.11,18.31,53.62,31.34,26.77,15.83,72.7,59.15,18.52,10.55,20.23,38.61,62.46,10.26,56.2,50.16,11.05,8.04,17.35,23.25,33.65,23.53,12.91,14.48,61.96,40.85,16.18,20.65,102.9,58.82,18.74,,17.35,23.39
2024-12-12 07:00:00,21.14,66.35,38.1,116.83,51.86,11.89,58.71,24.91,111.52,97.79,19.63,19.75,128.21,64.52,64.26,31.21,18.43,22.9,18.22,55.18,31.38,26.38,15.83,72.1,59.15,18.56,10.5,20.04,38.12,62.46,10.18,55.7,50.07,11.14,7.96,17.4,23.11,33.8,23.62,12.91,14.53,62.09,40.75,16.13,20.45,102.9,59.18,18.79,,17.3,23.42
2024-12-13 07:00:00,21.02,66.55,37.94,115.72,52.15,11.72,58.36,24.94,110.09,97.79,19.55,19.7,127.61,64.43,63.78,30.96,18.27,22.65,17.88,56.35,31.29,26.42,15.8,71.1,60.13,18.42,10.45,19.9,37.44,62.59,10.14,56.12,49.99,11.05,7.88,17.35,22.94,34.0,23.72,12.74,14.44,61.83,40.65,16.26,20.4,102.4,58.82,18.64,,17.35,23.31
2024-12-16 07:00:00,21.02,66.84,38.22,114.25,51.27,11.76,58.71,24.88,110.66,97.34,19.52,19.4,127.95,64.15,63.68,30.76,18.31,22.48,17.97,57.62,31.43,26.42,15.7,71.1,60.13,18.42,10.4,19.9,37.44,63.37,10.26,55.86,49.9,11.05,7.88,17.3,23.2,34.1,23.67,12.58,14.39,61.83,40.95,16.3,20.35,102.0,59.55,18.59,,17.3,23.27
2024-12-17 07:00:00,21.06,66.65,38.1,112.4,51.08,11.76,59.24,24.88,111.14,97.79,19.44,19.55,126.33,64.05,63.39,30.66,18.35,22.48,17.88,57.91,31.79,26.5,15.74,71.0,59.44,18.38,10.45,19.72,37.64,63.11,10.22,56.12,49.9,11.01,7.85,17.3,23.11,34.1,23.58,12.58,14.39,61.76,41.3,16.22,20.27,101.6,59.18,18.45,,17.15,23.22
2024-12-18 07:00:00,21.02,66.65,38.3,114.25,51.17,12.01,59.06,24.88,111.33,101.7,19.52,19.55,126.93,64.52,63.29,30.91,18.35,22.77,18.41,58.21,31.79,26.85,15.77,71.4,59.35,18.42,10.55,20.0,38.03,62.91,10.43,57.21,49.99,11.01,7.85,17.25,23.29,34.2,23.58,12.74,14.44,61.83,40.9,16.18,20.3,100.7,59.27,18.5,,17.1,23.35
2024-12-19 07:00:00,20.72,65.37,37.98,115.17,51.37,11.89,58.45,24.84,111.14,100.88,19.49,19.15,126.42,64.52,63.0,30.47,18.12,22.36,18.41,57.82,32.34,26.62,15.54,70.4,58.95,18.42,10.45,19.49,38.12,62.85,10.26,56.79,49.55,10.97,7.73,16.5,23.29,33.9,23.14,12.41,14.22,61.36,40.2,15.97,20.15,100.0,58.54,18.3,,17.05,23.05
2024-12-20 07:00:00,20.72,66.55,37.98,115.17,50.19,11.85,59.42,24.81,110.56,100.16,19.44,19.0,127.61,64.62,62.91,30.47,18.04,22.23,18.22,57.72,32.56,26.62,15.64,70.3,59.74,18.56,10.1,19.44,37.74,62.59,10.1,57.13,49.2,10.97,7.7,16.7,23.34,33.85,23.19,12.33,14.13,61.43,40.35,16.01,20.25,99.2,59.55,18.4,,17.05,23.06
2024-12-23 07:00:00,20.81,66.74,38.18,123.18,52.06,11.93,59.59,24.88,111.62,101.07,19.57,19.5,127.87,64.52,62.91,30.42,18.04,22.48,18.12,57.91,32.61,26.69,15.67,70.3,60.13,18.61,10.5,19.26,37.49,62.78,10.01,57.38,49.81,10.97,7.77,16.95,22.98,34.5,23.28,12.58,14.26,61.36,40.6,16.01,20.3,100.6,59.0,18.45,,17.05,23.13
2024-12-24 07:00:00,20.89,66.74,37.68,124.56,51.76,11.89,59.41,24.84,113.54,101.07,19.69,19.6,128.38,64.24,63.58,30.27,18.04,22.23,18.12,57.23,32.66,26.73,15.57,70.2,60.43,19.21,10.3,18.7,37.2,62.72,9.97,56.96,49.81,10.97,7.77,17.05,23.07,34.7,23.38,12.41,14.26,61.16,40.35,16.09,20.3,101.0,58.91,18.45,,17.05,23.09
2024-12-25 07:00:00,21.27,68.12,38.22,126.68,52.55,12.22,61.66,26.21,114.01,99.93,19.6,19.5,128.72,64.43,64.65,30.66,18.43,22.61,18.41,57.42,32.61,27.29,15.93,70.7,61.32,19.45,10.4,18.93,37.35,62.98,10.06,57.97,49.99,11.05,7.81,17.25,23.6,36.25,23.82,12.82,14.57,61.36,40.6,16.22,20.32,102.0,59.0,18.69,,17.3,23.44
2024-12-26 07:00:00,21.35,68.51,38.57,123.09,51.57,12.13,61.83,26.21,112.67,99.84,19.49,19.25,127.87,64.52,64.65,30.47,18.62,22.48,18.41,57.52,32.56,27.01,16.23,70.5,60.63,19.45,10.4,19.21,37.2,62.91,10.06,57.38,50.26,11.1,7.81,16.9,23.42,37.1,23.72,12.87,14.71,61.16,40.65,16.68,20.32,101.5,58.91,18.74,,17.15,23.45
2024-12-27 07:00:00,21.35,68.61,38.72,124.2,51.27,12.01,61.12,26.63,112.1,98.14,19.71,19.45,127.7,64.52,64.36,30.27,19.24,22.36,18.27,57.42,32.52,28.88,16.32,70.4,60.53,19.4,10.2,19.07,37.25,62.98,9.93,57.38,50.35,11.14,7.81,16.9,23.65,37.4,23.97,12.7,14.88,61.23,40.35,16.94,20.27,101.2,58.91,18.74,,17.15,23.56
2024-12-30 07:00:00,21.22,68.61,37.83,122.26,50.98,11.96,61.66,26.7,111.24,97.29,19.63,19.3,128.46,64.24,63.87,30.12,20.55,22.28,18.17,57.72,32.84,29.39,16.16,70.1,60.13,19.26,10.3,19.44,36.96,62.91,10.06,56.54,50.62,11.14,7.77,16.7,23.51,37.85,23.77,12.54,14.79,61.1,40.3,16.68,20.27,100.1,58.44,18.74,,17.15,23.47
2024-12-31 07:00:00,21.56,69.69,37.14,120.79,49.7,11.96,61.56,25.94,111.72,98.05,19.38,19.3,130.17,64.15,63.1,29.92,19.66,22.19,17.93,57.03,32.79,29.11,16.36,70.0,60.13,19.49,10.25,19.16,36.28,63.17,9.93,57.3,50.08,11.22,7.77,16.75,23.16,36.9,24.01,12.45,14.79,60.56,40.0,16.64,20.27,100.0,58.54,18.69,,17.15,23.48
2025-01-02 07:00:00,21.39,69.59,37.78,122.63,50.49,12.01,62.37,26.15,111.72,97.86,19.6,18.75,129.74,64.15,64.07,30.07,19.35,22.48,18.12,57.52,31.93,29.11,16.42,70.8,59.74,19.54,10.4,19.16,36.91,63.17,9.93,56.54,50.17,11.01,7.77,16.75,23.07,37.0,23.72,12.45,14.71,61.03,40.0,16.64,20.27,99.9,58.26,18.64,,17.3,23.5
2025-01-03 07:00:00,20.97,69.3,37.78,122.81,48.77,11.83,61.12,25.53,110.66,97.48,19.69,18.25,127.18,64.05,63.68,29.87,18.85,22.15,17.68,57.33,31.61,28.32,16.1,69.7,57.77,19.4,10.55,18.93,37.2,62.33,9.77,55.19,49.62,10.75,7.77,16.8,22.54,36.1,22.99,12.17,14.39,61.1,40.0,16.18,20.25,99.5,58.17,18.25,,17.2,23.18
2025-01-06 07:00:00,20.72,69.1,38.37,120.7,47.55,11.62,62.01,25.53,107.79,97.48,19.38,18.25,127.44,63.58,62.04,28.99,18.89,21.69,17.29,57.33,31.61,28.22,15.9,67.2,56.19,19.21,10.4,18.14,37.11,62.46,9.56,54.01,48.36,10.41,7.81,16.75,22.14,36.25,22.99,11.76,14.26,61.69,40.0,16.18,20.25,99.7,57.71,18.3,,17.15,23.03
2025-01-07 07:00:00,20.89,71.36,39.96,124.29,47.84,11.32,61.66,25.7,107.6,97.29,19.05,18.2,128.12,63.11,60.68,27.9,18.7,21.69,17.29,57.33,30.75,28.6,16.24,66.8,56.29,18.8,10.25,17.45,36.67,61.04,9.48,54.68,48.45,10.41,7.77,16.8,21.82,36.9,23.04,11.59,14.31,61.29,40.0,16.35,20.25,99.5,56.97,18.21,,16.95,23.02
2025-01-08 07:00:00,20.89,71.36,39.91,126.22,48.43,11.36,61.03,25.94,107.69,97.39,19.13,18.35,126.59,63.2,61.45,28.25,17.96,21.86,17.54,57.13,30.7,28.78,16.2,67.7,57.28,19.45,10.4,17.87,37.06,61.95,9.64,54.09,48.45,10.54,7.81,17.1,21.96,36.7,23.33,11.8,14.39,61.36,40.0,16.43,20.25,99.4,56.97,18.35,,16.95,23.01
2025-01-09 07:00:00,20.85,70.28,39.51,124.38,48.04,11.49,61.83,25.66,107.5,96.63,18.91,18.4,127.01,63.11,61.45,28.2,17.23,21.65,17.2,57.13,30.84,28.5,16.12,67.3,56.88,19.59,10.25,17.59,37.74,61.37,9.68,54.34,48.36,10.8,7.77,17.05,21.69,36.4,23.33,11.59,14.31,61.03,40.4,16.43,20.38,99.3,57.06,18.21,,17.0,23.0
2025-01-10 07:00:00,20.64,68.81,38.67,119.77,48.53,11.32,62.1,25.73,105.39,96.73,18.55,18.1,125.73,62.83,60.0,27.61,16.65,21.28,16.66,56.74,30.88,28.13,15.86,65.5,56.68,19.4,9.92,16.71,36.86,60.53,9.64,54.26,48.36,11.03,7.7,17.4,21.07,35.2,22.8,11.1,14.13,60.7,40.0,16.3,20.25,98.6,56.6,18.01,,16.85,22.68
2025-01-13 07:00:00,20.68,68.71,38.87,117.93,48.53,11.41,63.81,25.87,105.87,96.82,18.88,18.3,125.99,62.55,59.81,27.7,16.73,21.57,16.91,57.03,31.29,28.6,16.12,65.0,56.49,19.4,9.49,17.36,37.64,60.91,9.77,54.85,48.81,11.13,7.7,17.5,21.47,35.3,23.19,11.43,14.13,61.03,40.0,16.39,20.15,98.6,56.69,17.82,,16.7,22.7
2025-01-14 07:00:00,20.6,68.81,38.57,114.25,49.8,11.36,63.45,25.36,104.34,96.73,18.83,18.25,123.86,63.02,58.07,27.36,16.31,21.53,16.61,57.03,31.02,28.74,15.98,63.7,56.39,19.4,8.95,17.03,38.46,61.56,9.64,55.19,49.17,11.13,7.66,17.45,21.29,35.4,22.99,11.22,14.13,60.9,40.0,16.39,20.1,98.5,56.87,17.67,,16.1,22.6
2025-01-15 07:00:00,20.81,68.02,38.77,114.8,50.19,11.62,63.98,25.22,104.72,96.63,18.83,18.25,124.2,62.92,58.26,27.8,16.69,21.82,17.05,57.33,31.07,28.88,16.01,65.8,56.49,19.45,9.2,17.4,38.7,60.85,9.85,54.77,49.62,11.17,7.7,17.7,21.47,35.1,23.09,11.43,14.22,60.7,40.0,16.6,20.12,98.7,56.97,17.91,,16.5,22.74
2025-01-16 07:00:00,20.77,68.12,38.97,116.83,50.19,11.62,65.33,25.25,105.2,96.82,18.88,18.3,125.05,63.02,59.23,28.05,16.73,21.9,16.81,57.42,31.2,29.3,16.05,66.3,56.98,19.31,9.17,17.22,38.7,61.3,9.81,55.36,48.72,11.22,7.7,17.8,21.69,35.45,23.23,11.34,14.26,61.56,40.0,16.64,20.23,98.9,57.15,17.91,,16.55,22.77
2025-01-17 07:00:00,20.85,68.02,39.07,117.38,51.17,11.62,66.32,25.53,105.2,96.91,18.99,18.3,127.18,62.92,60.0,28.35,17.35,22.07,17.0,57.42,31.25,29.72,16.12,65.9,56.88,19.16,9.28,17.45,38.7,61.43,9.72,56.28,48.18,11.17,7.73,17.9,21.82,35.75,23.77,11.67,14.35,61.43,40.1,16.77,20.23,99.0,57.24,17.96,,16.55,22.93
2025-01-20 07:00:00,20.89,67.92,39.46,115.17,51.17,11.66,65.6,25.6,105.3,97.48,18.99,18.4,128.04,63.77,60.2,28.3,17.73,22.03,17.05,57.33,31.38,29.48,16.39,65.5,56.68,19.31,9.05,17.4,38.56,62.01,9.6,56.45,48.81,11.22,7.73,18.0,21.78,35.95,23.77,11.51,14.57,60.9,40.0,16.98,20.2,98.8,57.15,17.91,,16.6,23.0
2025-01-21 07:00:00,20.85,67.53,39.36,116.0,50.98,11.62,65.6,25.6,104.43,95.78,18.83,18.15,127.95,63.2,60.0,28.0,17.46,21.9,16.86,57.33,31.25,29.67,16.39,65.7,56.88,18.87,9.04,17.03,38.56,61.69,9.43,55.7,48.36,11.22,7.73,18.45,21.74,36.05,23.58,11.59,14.39,60.7,40.0,16.98,20.23,98.8,57.06,17.91,,16.6,23.06
2025-01-22 07:00:00,20.77,66.25,39.07,115.35,49.7,11.36,65.33,25.6,104.43,95.97,18.55,17.9,127.78,62.92,59.42,27.61,16.96,21.78,16.61,57.13,31.16,31.11,16.35,65.2,56.59,18.82,8.68,16.99,37.88,61.82,9.35,55.19,48.45,11.27,7.7,18.75,21.69,36.35,23.58,11.51,14.31,60.56,39.5,16.85,20.2,98.8,56.87,17.86,,16.3,22.9
2025-01-23 07:00:00,21.14,66.84,39.46,115.72,49.7,11.41,65.6,26.15,106.35,95.78,19.05,18.35,131.71,63.11,60.0,28.05,17.27,22.19,16.91,57.13,31.38,32.88,16.65,65.4,58.36,19.02,8.73,17.22,38.32,62.66,9.48,55.61,48.72,11.55,7.77,18.75,22.36,37.0,23.97,11.84,14.53,61.43,39.5,17.27,20.2,99.0,57.24,18.4,,16.45,23.29
2025-01-24 07:00:00,21.18,68.12,39.56,116.83,49.8,11.36,65.69,26.08,106.73,95.88,19.16,18.55,130.94,63.96,61.84,28.4,17.46,22.11,16.95,57.33,31.57,33.39,16.8,68.0,59.25,18.97,8.93,17.68,38.22,62.98,9.52,54.85,48.54,11.6,7.81,18.75,22.45,37.0,24.11,12.5,14.62,61.49,39.5,17.44,20.2,99.8,57.43,18.4,,16.55,23.4
2025-02-03 07:00:00,20.97,68.81,38.97,113.32,49.7,11.45,64.34,26.11,105.77,94.37,19.35,18.2,124.2,63.2,60.68,28.84,17.27,21.98,17.1,57.52,31.38,32.7,16.54,68.0,58.75,18.97,8.9,17.31,38.03,63.3,9.56,55.1,47.55,11.69,7.92,18.7,22.05,36.55,23.62,12.5,14.35,60.83,39.0,16.98,20.02,98.8,55.86,18.01,,16.3,22.98
2025-02-04 07:00:00,21.1,69.1,39.21,114.25,50.39,11.75,68.82,27.04,106.83,95.31,19.44,18.6,124.79,63.2,61.07,29.09,17.42,22.36,17.39,57.62,31.57,32.7,16.84,68.6,58.75,19.07,9.39,17.64,38.7,63.37,9.72,55.7,47.55,11.93,8.0,18.8,22.49,37.3,24.01,12.74,14.71,61.1,38.75,17.19,20.05,98.2,55.58,18.25,,16.3,23.2
2025-02-05 07:00:00,21.22,70.58,39.16,114.71,50.29,11.71,71.6,27.0,107.02,95.5,19.49,18.5,124.88,63.86,61.55,29.04,17.42,22.32,17.39,57.42,31.66,33.44,16.88,67.5,58.56,19.31,9.4,18.28,38.61,63.37,9.72,56.12,47.91,12.07,7.92,18.65,22.27,37.25,24.06,12.87,14.75,61.49,38.85,17.23,20.02,97.7,56.78,18.55,,16.85,23.26
2025-02-06 07:00:00,21.31,69.59,39.36,113.97,50.19,11.62,73.39,27.11,106.73,96.82,19.6,18.6,125.05,63.68,60.97,28.79,17.7,22.32,17.25,57.42,31.43,34.0,16.95,67.4,58.26,19.26,9.39,18.33,38.61,64.27,9.77,55.7,47.55,12.73,7.96,18.65,22.27,37.35,24.55,12.7,14.71,61.69,38.8,17.27,20.23,98.0,56.04,18.55,,16.7,23.35
2025-02-07 07:00:00,21.48,68.81,40.05,113.32,51.08,12.39,73.39,28.0,106.44,96.63,19.33,18.65,124.71,63.39,60.58,28.99,17.66,22.19,17.2,57.33,31.38,34.0,17.06,67.7,58.06,19.21,9.45,18.01,38.56,63.43,9.89,56.37,47.28,12.73,8.0,18.7,22.22,37.45,25.09,12.58,14.71,61.76,38.75,17.32,20.32,98.1,56.14,18.45,,16.85,23.42
2025-02-10 07:00:00,21.56,69.69,39.91,109.64,51.86,12.48,73.13,27.66,103.09,95.31,19.05,18.75,121.21,63.39,59.71,28.4,17.42,21.15,16.42,57.23,30.88,34.05,17.18,68.8,56.59,18.92,9.23,17.4,39.09,61.81,9.77,56.37,47.1,12.73,8.0,18.7,22.14,38.45,25.09,12.41,14.88,61.23,37.8,17.32,20.0,96.8,55.95,18.35,,16.6,23.3
2025-02-11 07:00:00,21.6,68.91,40.0,109.82,51.66,12.35,75.28,27.93,103.95,96.16,19.22,18.95,124.11,63.11,58.94,28.49,17.39,21.73,16.27,57.13,31.02,34.47,17.25,68.7,55.6,19.07,9.2,17.5,39.86,61.35,9.89,56.96,46.56,12.82,8.15,18.95,21.96,38.5,25.23,12.62,15.11,61.03,37.75,17.44,19.98,96.5,55.77,18.4,,16.4,23.34
2025-02-12 07:00:00,21.43,69.3,39.56,110.01,53.33,12.31,75.9,27.79,103.86,95.78,19.27,19.2,123.77,63.2,58.65,28.35,17.39,21.53,16.23,57.13,30.88,34.79,17.02,69.0,55.6,19.36,9.16,17.36,40.01,61.68,9.85,57.38,46.83,12.64,8.07,18.95,22.0,38.65,25.04,12.5,14.97,60.76,38.0,17.32,19.95,96.1,56.32,18.4,,16.4,23.35
2025-02-13 07:00:00,21.48,68.91,39.56,109.92,53.33,12.22,80.65,28.03,103.95,94.65,20.18,19.15,122.15,62.83,59.71,29.04,17.5,21.57,16.18,57.42,30.7,35.12,17.18,68.9,54.02,20.61,9.02,17.54,40.64,61.68,10.06,57.3,46.65,12.73,8.15,19.05,22.05,38.8,25.28,12.66,15.02,60.83,38.75,17.27,20.12,96.2,56.04,18.4,,16.65,23.37
2025-02-14 07:00:00,21.52,68.91,40.2,109.27,53.33,12.22,82.54,27.83,103.48,95.03,20.02,19.1,123.68,63.77,59.71,29.92,17.62,21.73,16.52,57.42,30.75,34.93,17.14,68.1,54.42,20.42,9.25,17.68,40.98,62.07,10.06,56.96,46.56,12.64,8.19,19.5,22.14,38.25,25.33,12.7,15.02,60.83,38.8,17.27,20.12,96.7,55.67,18.5,,16.6,23.41
2025-02-17 07:00:00,21.56,68.61,39.76,109.27,52.55,12.26,79.4,27.55,102.13,94.84,20.1,19.4,122.57,63.86,59.33,30.12,17.46,21.78,16.52,57.33,30.75,34.7,16.99,66.4,53.33,20.32,9.21,17.68,40.69,61.94,10.14,56.28,46.11,12.73,8.34,19.85,22.22,38.3,25.04,12.7,14.97,60.83,38.8,17.19,20.05,97.5,55.4,18.35,,16.45,23.34
2025-02-18 07:00:00,21.52,68.32,40.05,108.44,56.17,12.39,80.83,27.66,103.0,95.31,20.02,19.45,122.83,64.05,58.94,30.42,17.5,22.11,16.76,57.13,30.75,34.09,17.02,66.4,53.73,20.32,9.35,17.77,41.22,60.77,10.14,56.96,46.2,12.87,8.3,19.75,22.36,38.65,25.18,12.95,15.02,60.83,38.9,17.23,20.1,97.4,55.67,18.45,,16.85,23.4
2025-02-19 07:00:00,21.56,70.09,40.4,108.72,55.39,12.48,81.91,27.79,103.48,95.31,20.32,20.45,122.92,64.71,59.04,31.21,17.58,22.07,16.81,56.94,31.07,34.19,17.14,67.7,55.01,20.47,9.45,18.1,41.8,61.68,10.26,60.93,46.29,12.96,8.34,19.6,22.54,38.75,25.43,13.85,15.11,60.9,39.1,17.36,20.2,97.4,56.14,18.55,,17.2,23.48
2025-02-20 07:00:00,21.68,71.17,40.45,110.01,55.78,12.56,82.0,28.03,105.68,95.4,20.6,20.45,122.06,64.81,59.52,31.9,17.62,22.11,17.05,57.03,31.07,33.81,17.14,68.0,55.9,20.08,10.1,17.96,41.7,61.09,10.1,60.84,46.38,12.82,8.3,19.6,22.45,38.75,25.86,13.89,15.19,60.9,40.55,17.36,20.48,96.9,56.04,18.69,,17.35,23.54
2025-02-21 07:00:00,21.89,73.62,40.45,109.18,56.86,12.39,85.13,28.48,104.91,95.4,20.6,20.2,121.21,64.43,60.0,31.94,17.77,22.03,17.05,56.94,30.57,33.91,17.18,67.6,57.28,20.18,10.15,17.73,41.8,61.22,10.22,60.76,46.74,12.82,8.34,19.55,22.54,38.85,25.82,13.98,15.11,61.83,40.3,17.4,20.32,96.6,56.69,18.94,,17.25,23.6
2025-02-24 07:00:00,21.85,73.23,40.65,109.92,57.55,11.79,84.33,28.75,104.91,95.5,20.38,20.5,119.93,64.62,59.91,31.99,18.08,23.07,17.39,57.03,30.57,34.28,17.25,67.6,57.57,20.08,10.0,17.91,41.61,61.42,10.22,63.29,47.28,12.87,8.45,19.65,22.98,39.4,25.82,13.98,15.15,62.09,40.25,17.57,20.3,96.6,58.91,19.03,,17.35,23.8
2025-02-25 07:00:00,21.73,75.3,40.8,109.09,56.08,11.83,84.69,28.72,105.1,95.5,20.54,20.7,118.65,64.71,59.04,31.65,17.89,22.9,17.25,56.84,30.29,34.33,17.55,68.4,57.47,20.57,9.95,18.01,41.9,62.0,10.14,62.7,47.28,12.87,8.45,19.6,22.98,39.25,25.72,14.06,15.06,61.49,40.75,17.53,20.35,96.1,58.08,18.84,,17.25,23.76
2025-02-26 07:00:00,21.68,75.1,40.75,111.57,56.66,11.75,82.98,28.38,105.39,95.59,20.57,20.8,121.04,64.43,59.13,32.14,17.77,23.11,17.39,57.03,30.16,34.37,17.4,68.3,57.87,20.18,9.9,17.77,41.85,62.07,10.01,62.11,47.1,12.87,8.49,19.3,22.98,38.55,25.62,14.02,15.06,61.29,40.7,17.4,20.5,97.1,58.26,18.74,,17.15,23.79
2025-02-27 07:00:00,21.81,74.71,40.5,111.67,56.66,11.83,83.88,28.48,106.16,95.59,20.46,20.8,120.61,64.05,59.33,32.24,17.89,23.69,18.61,56.94,30.43,34.23,17.4,68.4,57.77,20.03,10.1,18.33,41.56,61.48,9.93,63.31,47.1,12.78,8.45,19.5,23.2,38.3,25.57,14.51,15.02,62.42,41.05,17.44,20.52,96.9,57.43,18.79,,17.2,23.76
2025-02-28 07:00:00,21.73,74.41,40.5,110.1,55.49,12.13,82.44,28.48,106.83,95.78,20.32,21.3,119.76,64.05,58.75,32.93,17.77,23.32,18.51,57.13,30.43,33.67,17.25,67.7,57.47,20.03,10.6,18.42,42.14,61.03,10.14,61.94,46.47,12.78,8.41,19.4,23.38,38.25,25.43,14.39,14.84,61.96,41.2,17.53,20.6,96.0,57.43,18.79,,17.4,23.74
2025-03-03 07:00:00,21.73,74.31,40.5,110.19,55.78,12.22,79.76,28.31,108.55,95.97,20.41,21.65,119.93,64.62,58.84,32.63,17.73,23.36,18.36,57.13,30.52,33.44,17.32,68.0,57.97,20.08,10.4,18.61,42.77,61.09,10.18,62.11,46.65,12.87,8.34,19.45,23.65,38.85,25.43,14.63,14.39,61.96,42.55,17.74,21.02,96.9,58.35,18.69,,17.7,23.76
2025-03-04 07:00:00,21.85,74.51,40.35,111.11,55.49,12.18,82.0,28.55,107.31,96.44,20.41,22.25,119.5,65.09,59.13,33.03,17.7,23.19,18.17,56.94,30.66,33.07,17.55,69.1,58.66,19.94,10.3,18.61,43.06,61.16,10.06,62.54,46.92,12.87,8.39,19.45,23.42,39.2,26.79,14.43,14.39,61.76,42.05,17.82,20.98,96.8,58.63,18.59,,17.7,23.83
2025-03-05 07:00:00,21.85,73.82,40.2,116.0,55.49,11.96,81.91,28.27,105.39,95.97,20.1,22.0,118.73,64.43,58.07,32.54,17.66,22.94,17.78,56.64,30.43,33.35,17.66,68.2,58.75,19.65,10.2,18.1,42.33,60.38,9.89,62.54,46.74,13.58,8.4,19.45,23.2,38.8,26.6,14.06,14.31,61.76,42.7,17.74,21.12,96.4,57.89,18.5,,17.75,23.88
2025-03-06 07:00:00,22.06,73.92,40.35,116.0,56.57,12.09,86.03,28.58,106.44,95.5,20.18,22.2,120.87,64.33,59.04,33.52,17.77,23.27,18.41,56.64,30.48,33.12,18.08,69.2,61.02,19.5,10.35,18.51,42.23,60.83,10.01,63.05,46.38,13.58,8.41,19.45,23.91,39.5,26.99,14.22,14.39,62.09,43.6,17.7,21.18,96.5,58.08,18.64,,17.85,24.06
2025-03-07 07:00:00,22.27,73.72,40.7,114.25,55.59,12.13,84.24,29.1,106.54,95.4,20.41,21.65,120.7,63.86,59.52,33.03,18.04,23.36,18.27,55.67,30.48,32.98,18.38,69.0,61.02,19.55,10.5,18.79,41.46,60.96,10.01,62.71,46.2,13.77,8.41,19.65,23.91,39.75,27.03,14.59,14.53,63.15,44.95,17.7,22.65,97.0,57.89,18.74,,18.2,24.15
2025-03-10 07:00:00,22.1,78.83,40.94,112.5,55.1,12.22,81.82,29.13,105.87,95.31,20.32,21.05,118.9,63.86,59.52,32.83,18.27,23.27,18.17,55.67,30.11,32.42,18.38,68.9,61.32,19.5,10.4,18.89,41.61,60.57,9.97,64.16,46.38,14.14,8.41,19.8,23.69,40.0,27.08,14.67,14.39,64.28,45.3,17.7,23.65,97.7,57.71,18.89,,18.25,24.3
2025-03-11 07:00:00,22.1,78.83,40.94,114.52,53.82,12.26,82.0,29.23,104.53,95.5,20.35,21.3,117.37,63.49,59.23,32.93,18.35,23.44,18.51,55.37,29.84,32.28,18.6,68.9,62.11,19.45,10.55,19.07,41.9,60.64,9.97,63.82,46.2,14.1,8.4,19.8,23.74,39.9,27.28,14.72,14.44,64.28,45.5,17.57,23.65,97.7,57.61,19.18,,18.2,24.28
2025-03-12 07:00:00,21.98,79.23,40.45,112.96,53.92,12.13,79.76,29.27,105.39,95.5,20.21,20.95,116.0,63.96,58.16,32.34,18.24,23.15,18.36,55.28,29.43,32.88,18.45,68.7,61.81,19.31,10.5,18.98,41.51,59.08,10.01,63.14,46.11,14.14,8.39,19.85,23.74,39.75,27.13,14.43,14.35,66.27,46.95,17.32,24.05,97.4,57.43,19.08,,18.3,24.32
2025-03-13 07:00:00,21.81,77.46,39.76,110.84,53.04,12.01,76.08,29.03,104.34,94.84,19.74,20.35,116.51,64.33,57.68,32.54,17.85,23.07,18.31,55.18,29.39,32.88,18.23,70.4,60.63,19.11,10.4,18.33,40.35,58.43,9.89,61.77,46.11,14.05,8.41,19.8,23.96,39.0,26.6,14.18,14.26,65.08,47.8,17.15,25.7,97.3,57.24,18.74,,18.8,24.24
2025-03-14 07:00:00,21.73,77.66,39.96,109.64,52.55,12.09,74.38,29.03,102.52,95.31,19.74,20.15,112.16,63.77,56.23,32.83,17.89,22.94,18.17,55.18,29.2,32.56,18.23,71.1,60.63,18.92,11.1,18.7,40.06,56.74,9.93,60.65,46.56,14.14,9.0,19.8,23.96,38.85,26.6,14.22,14.31,65.57,47.9,17.19,26.1,98.6,57.34,19.08,,18.75,24.24
2025-03-17 07:00:00,21.89,80.41,39.91,109.64,51.96,12.31,75.28,29.23,102.52,95.03,19.77,20.35,110.97,64.24,56.13,32.59,18.04,23.19,18.31,54.69,30.16,32.32,18.23,70.5,61.12,19.26,11.15,19.26,40.11,57.07,10.01,60.57,46.56,14.24,9.46,19.8,24.0,38.85,26.74,14.8,14.53,66.87,47.8,17.32,26.05,99.1,58.17,19.67,,18.7,24.36
2025-03-18 07:00:00,21.98,80.41,39.56,110.74,52.25,12.39,74.56,28.82,102.8,94.65,19.77,20.3,110.97,65.09,57.58,32.93,17.93,22.98,17.78,54.59,29.61,32.98,17.92,69.6,60.92,19.4,10.95,18.98,40.35,57.26,10.68,61.0,46.11,14.28,9.76,19.7,23.82,38.4,26.69,14.51,14.44,66.37,47.3,17.23,25.65,98.4,57.71,19.28,,18.45,24.29
2025-03-19 07:00:00,21.89,79.33,39.36,110.1,52.35,12.31,75.46,28.51,103.38,94.74,19.77,19.9,106.36,64.81,57.39,34.31,17.77,22.69,17.2,54.4,29.61,33.49,17.89,68.5,58.66,19.21,10.8,19.02,40.15,57.26,10.68,59.97,45.84,14.19,9.8,19.8,23.6,38.4,26.55,14.3,14.26,66.07,47.35,17.32,25.95,97.8,57.52,18.94,,18.45,24.11
2025-03-20 07:00:00,21.93,78.15,39.36,110.1,51.96,12.18,77.88,28.55,101.94,94.65,19.71,19.95,106.7,64.62,57.49,34.01,17.81,22.61,17.34,54.5,29.43,33.12,18.19,68.4,59.15,19.21,10.85,18.7,39.96,58.3,10.63,61.17,45.66,13.96,9.88,19.85,23.6,38.9,26.74,14.22,13.51,66.37,47.35,17.23,25.75,96.2,57.06,19.08,,18.4,24.1
2025-03-21 07:00:00,21.81,77.36,39.02,111.3,51.47,12.05,77.96,28.58,100.5,94.55,19.63,20.0,109.26,63.77,57.49,34.06,17.73,22.61,17.2,54.69,29.43,32.42,18.23,67.9,59.44,19.07,10.75,18.79,39.96,58.17,10.3,61.17,45.38,14.24,9.88,19.85,23.65,38.65,26.64,14.26,13.11,65.57,48.25,17.15,26.5,96.6,56.6,18.98,,18.45,24.04
2025-03-24 07:00:00,22.02,75.98,38.67,110.56,51.17,12.01,77.25,28.68,99.64,94.55,19.49,20.1,110.11,63.3,57.1,33.67,17.46,22.61,17.25,54.79,29.61,31.81,18.3,68.5,59.44,19.07,10.3,18.51,39.91,57.46,10.55,61.6,45.02,14.19,10.43,19.75,24.14,38.6,27.28,14.51,12.88,66.07,51.3,16.85,28.35,96.6,56.69,19.08,,19.15,24.26
2025-03-25 07:00:00,21.98,76.77,39.26,110.1,51.37,12.01,77.25,29.03,99.83,94.37,19.52,19.9,107.98,63.3,56.42,34.11,17.54,22.65,17.39,55.08,29.75,31.67,18.15,68.5,59.64,19.65,10.35,18.61,39.62,57.0,10.8,62.02,44.71,14.1,10.43,19.8,23.91,38.65,27.18,14.63,13.15,65.77,51.5,16.94,28.45,96.7,56.69,18.98,,19.8,24.33
2025-03-26 07:00:00,21.85,76.67,39.11,109.73,51.17,12.01,77.52,28.65,100.12,94.37,19.6,19.5,104.99,63.58,56.81,34.01,17.54,22.94,17.49,55.08,29.07,31.16,18.0,68.3,59.94,19.36,10.25,18.33,39.82,56.22,10.76,62.11,44.71,14.05,10.3,19.55,23.56,38.6,27.28,14.96,12.88,65.38,51.5,16.85,28.5,96.7,56.51,18.84,,19.95,24.24
2025-03-27 07:00:00,21.73,76.08,38.67,109.64,52.15,11.96,77.78,28.55,100.7,94.37,19.52,19.45,107.72,63.3,56.23,34.46,17.46,22.9,17.25,54.98,29.48,30.74,17.92,69.4,59.54,19.36,10.25,18.14,39.62,55.12,10.63,62.54,44.71,14.0,10.68,19.6,23.38,38.25,27.03,15.46,12.71,65.08,51.2,16.89,28.55,96.5,56.41,18.74,,19.65,24.15
2025-03-28 07:00:00,21.68,76.28,38.67,113.69,52.45,11.83,75.81,28.38,98.59,94.37,19.57,19.5,105.84,62.92,56.13,34.31,17.16,22.61,16.91,54.69,29.57,31.16,17.92,68.5,58.95,19.45,10.25,17.87,38.51,53.24,10.59,60.65,44.48,14.0,10.68,19.7,23.42,38.25,26.84,15.37,12.62,64.38,51.2,16.73,29.0,96.0,55.67,18.74,,19.5,24.15
2025-03-31 07:00:00,21.73,73.53,38.32,109.92,52.25,11.75,76.17,28.44,95.43,94.37,19.24,19.5,103.28,62.92,55.65,31.94,17.04,22.28,16.71,54.1,29.61,30.97,18.08,66.8,58.16,19.31,10.3,17.91,38.27,54.08,10.59,61.08,44.12,14.0,10.47,19.55,23.11,38.3,26.79,14.8,12.71,63.59,51.3,16.77,29.0,95.0,55.95,18.5,,19.15,23.82
2025-04-01 07:00:00,21.77,74.61,38.57,112.86,51.66,11.88,76.62,28.72,94.09,94.27,19.46,19.55,102.86,63.58,55.74,31.4,17.31,22.48,17.1,53.22,29.61,31.11,18.45,66.2,57.77,19.31,10.35,18.01,38.99,54.15,10.72,61.17,44.53,14.24,10.47,19.55,23.16,39.7,27.23,14.92,12.71,64.08,53.0,16.89,29.85,95.2,56.14,18.64,,20.0,23.81
2025-04-02 07:00:00,21.68,74.31,38.27,111.85,51.08,11.92,76.89,28.79,93.03,94.08,19.55,19.8,104.14,63.2,54.49,31.45,17.31,22.69,17.4,53.62,29.02,30.83,18.26,66.0,57.97,19.31,10.3,18.05,38.9,53.56,10.59,60.74,44.48,14.28,10.56,19.2,23.51,39.25,27.18,15.04,12.66,64.38,53.0,16.85,30.2,95.0,55.86,18.64,,20.15,24.0
2025-04-03 07:00:00,20.18,69.2,35.6,104.11,47.55,11.11,71.51,26.8,86.61,89.18,18.19,18.45,96.88,58.87,50.71,29.28,16.11,21.11,16.2,52.83,27.02,28.69,16.99,61.4,53.92,18.0,9.58,16.8,36.19,49.86,9.89,56.55,41.37,13.67,9.84,18.7,21.87,36.55,25.28,14.02,11.82,59.91,49.3,15.71,28.1,88.4,52.17,17.38,,18.75,22.33
2025-04-04 07:00:00,19.89,64.39,35.6,105.68,44.26,10.33,66.58,26.56,80.96,87.67,17.55,18.0,96.46,55.29,47.18,27.26,16.04,20.48,15.25,53.42,25.43,30.69,16.84,58.0,52.05,17.76,9.1,16.06,34.54,47.07,9.43,56.29,39.11,14.14,10.14,19.2,21.11,37.4,25.04,13.61,11.33,59.61,50.3,15.8,29.15,86.3,54.01,16.99,,18.8,22.33
2025-04-08 07:00:00,18.51,59.96,33.13,98.31,41.17,9.65,61.92,24.7,75.31,85.68,16.34,16.75,89.71,51.43,43.89,25.39,14.92,19.07,14.2,52.64,23.66,29.06,15.68,54.0,48.45,16.55,8.47,14.95,32.17,43.82,8.81,52.36,38.44,13.81,9.46,19.0,19.65,34.8,23.33,12.66,10.57,55.44,47.0,14.7,27.55,82.6,50.32,15.82,,17.5,20.77
2025-04-09 07:00:00,18.22,55.83,32.09,105.12,38.33,9.0,57.62,23.2,70.04,84.55,15.42,15.6,89.88,47.85,40.84,23.61,14.03,17.74,13.25,52.54,22.03,29.34,15.49,50.3,45.59,15.73,8.1,13.93,29.95,40.77,8.22,52.18,39.79,13.81,9.21,19.3,18.31,33.1,22.99,11.8,10.4,52.16,48.5,14.32,28.5,79.1,48.01,15.53,,18.0,20.64
2025-04-10 07:00:00,19.47,59.67,34.32,112.4,40.98,9.6,61.66,24.81,74.92,90.4,16.47,16.65,96.11,51.15,43.7,25.24,15.0,18.94,14.15,54.3,23.53,31.39,16.54,53.8,48.75,16.79,8.66,14.9,32.03,43.56,8.77,55.78,42.54,14.76,9.84,20.65,19.56,35.4,24.6,12.62,11.11,55.74,51.8,15.29,30.45,84.6,51.34,16.6,,19.25,22.08
2025-04-11 07:00:00,20.77,58.68,36.35,114.98,43.14,10.12,65.87,26.35,80.1,91.44,17.61,17.8,101.15,54.73,44.52,25.63,15.96,20.24,14.5,54.5,24.98,31.86,17.59,57.1,52.15,17.61,9.26,15.74,34.2,46.55,9.35,57.74,44.21,14.94,10.22,20.0,20.85,37.85,25.91,13.4,11.73,59.41,53.5,15.75,32.55,85.4,53.09,16.99,,19.4,22.8
2025-04-14 07:00:00,20.72,59.47,36.59,114.98,43.72,10.42,66.49,26.28,85.65,91.91,18.55,18.35,101.15,55.76,44.86,25.83,16.19,21.11,14.4,54.01,25.25,31.53,17.59,60.0,55.8,17.71,9.23,15.88,33.72,47.85,9.72,57.66,44.66,14.94,10.22,19.15,21.42,37.8,25.86,13.98,11.6,58.92,57.2,15.84,34.8,85.5,52.54,16.84,,20.3,23.14
2025-04-15 07:00:00,20.14,55.54,36.1,114.25,43.14,10.33,69.54,25.91,85.75,90.69,18.14,18.25,99.02,54.82,44.42,24.06,15.84,21.53,14.0,53.81,24.57,30.88,17.25,58.5,56.29,17.42,9.25,15.27,32.51,46.42,9.77,56.03,43.94,15.09,10.01,18.6,20.71,38.45,25.33,13.48,11.37,59.61,57.5,15.59,35.25,83.3,51.98,16.45,,20.3,22.8
2025-04-16 07:00:00,20.31,52.59,35.6,118.67,43.18,10.16,68.64,25.53,83.93,90.12,17.97,18.1,92.1,54.73,41.62,23.17,15.92,21.23,13.55,53.52,24.34,30.41,17.18,56.4,55.99,17.47,9.37,15.27,31.93,44.54,9.85,55.95,42.95,15.04,10.09,18.7,20.45,38.15,25.13,13.52,11.51,58.92,56.5,15.37,33.95,85.4,51.7,16.36,,20.4,22.5
2025-04-17 07:00:00,20.31,52.59,35.46,123.92,44.46,10.16,69.72,25.56,83.55,89.65,17.97,18.1,93.38,54.73,44.52,23.86,15.96,21.23,13.5,53.62,24.43,31.3,17.25,57.3,55.99,17.57,9.36,15.32,32.75,45.32,9.93,55.44,42.41,15.04,10.14,19.35,20.54,38.3,25.33,13.73,11.64,57.73,56.8,15.21,35.5,88.0,51.7,16.11,,20.4,22.59
2025-04-18 07:00:00,20.47,53.08,35.55,119.59,44.12,10.25,68.47,25.7,84.79,90.97,18.22,18.95,95.26,55.01,47.08,24.16,16.04,21.19,13.7,54.4,24.39,31.58,17.44,58.0,55.4,17.76,9.67,15.18,32.9,47.07,9.93,56.03,42.72,15.89,10.81,19.35,20.76,38.55,25.33,13.73,11.73,57.73,55.0,15.46,33.05,86.5,52.26,16.5,,20.4,22.76
2025-04-21 07:00:00,20.14,54.26,34.86,123.37,43.14,10.2,69.72,25.56,83.45,92.38,18.27,18.8,95.34,54.73,46.16,23.37,15.73,20.78,13.3,54.79,24.53,30.79,17.21,58.1,54.81,17.42,10.3,15.18,32.7,45.12,10.01,58.34,42.5,15.94,11.1,19.05,20.36,40.45,25.09,13.93,12.04,57.83,55.0,15.5,30.75,84.0,52.35,16.26,,20.4,22.64
2025-04-22 07:00:00,20.14,51.12,34.71,124.38,42.55,9.9,69.18,25.46,84.5,91.06,17.72,18.4,94.24,54.16,45.29,21.99,15.65,20.86,12.5,55.96,23.8,30.97,17.32,58.7,56.49,17.03,10.65,14.16,32.03,43.56,9.81,57.74,42.05,15.94,11.1,19.2,19.78,40.65,24.5,13.77,11.91,58.12,57.5,15.37,29.5,83.5,51.7,16.16,,20.6,22.45
2025-04-23 07:00:00,20.56,54.06,34.96,133.04,43.14,10.16,71.15,25.6,87.0,91.54,17.94,18.85,94.24,54.16,45.49,22.82,15.69,21.28,13.35,55.57,24.39,31.02,17.55,59.6,57.97,16.79,10.8,14.44,32.37,44.67,9.89,58.6,43.85,15.98,10.93,18.5,20.22,40.2,25.43,14.35,12.0,57.63,58.5,15.5,29.3,85.7,52.07,16.26,,21.95,22.6
2025-04-24 07:00:00,20.18,54.56,35.06,132.21,45.54,10.29,73.04,25.66,87.76,92.01,18.0,18.95,95.6,54.16,47.42,23.22,16.38,21.32,13.5,55.57,24.62,30.74,17.44,59.9,58.85,16.74,11.3,14.72,32.56,46.1,9.93,58.52,44.39,15.98,10.85,18.6,20.45,40.2,25.09,14.55,11.95,57.83,61.2,15.5,31.35,85.7,51.98,16.21,,22.8,22.65
2025-04-25 07:00:00,19.97,54.85,34.61,131.47,45.19,10.98,75.37,25.49,87.38,91.82,18.0,19.05,95.94,55.1,49.36,23.47,16.38,21.4,13.35,55.67,24.71,30.09,17.66,62.0,59.64,16.84,10.85,14.53,33.14,45.51,9.85,59.8,44.66,15.98,10.77,18.1,20.27,39.15,25.28,14.51,11.91,57.13,62.3,15.24,33.5,91.0,53.83,16.06,,22.8,22.8
2025-04-28 07:00:00,20.01,54.75,34.17,130.28,45.1,11.28,74.02,25.29,87.67,91.82,18.22,19.35,93.47,55.01,49.36,23.17,16.58,21.36,13.65,55.37,24.25,30.55,17.77,62.5,60.04,17.08,11.45,14.53,32.7,45.97,9.72,59.03,46.2,15.98,10.68,18.6,20.49,39.25,25.33,14.02,12.0,57.13,58.5,15.24,34.0,89.1,53.09,16.11,,23.1,22.85
2025-04-29 07:00:00,20.1,54.06,34.17,133.23,45.05,11.28,72.5,25.53,87.19,91.91,18.11,18.95,93.38,54.92,51.29,23.37,16.54,21.23,13.8,55.47,23.94,30.32,17.66,62.5,59.94,17.03,11.4,14.26,32.8,46.16,9.81,58.6,43.4,16.03,10.6,18.4,20.4,39.1,25.62,14.14,12.08,56.93,58.4,15.24,34.0,86.0,53.18,16.11,,23.65,22.89
2025-05-05 07:00:00,20.1,56.52,34.47,133.59,45.19,11.23,72.59,25.63,89.87,93.42,18.88,19.25,92.7,55.1,52.74,24.5,16.35,21.4,14.65,55.18,24.66,29.95,17.66,62.5,60.13,17.71,11.45,14.49,32.56,45.97,10.18,60.31,43.22,15.94,10.68,18.45,20.54,39.5,25.82,14.02,12.08,56.73,60.9,15.41,35.0,89.6,52.54,16.16,,24.9,22.82
2025-05-06 07:00:00,20.05,55.05,34.57,132.67,46.57,11.06,71.78,25.8,89.39,97.2,18.55,19.0,93.64,56.14,51.49,23.96,16.38,21.19,14.4,54.98,24.62,29.58,17.66,62.0,59.64,17.57,12.25,14.95,32.8,47.78,10.1,59.63,43.17,15.84,10.51,18.45,20.58,38.85,26.16,14.14,12.26,56.63,60.9,15.37,35.25,89.0,52.54,16.45,,24.9,23.0
2025-05-07 07:00:00,20.05,56.13,34.52,132.4,48.04,11.06,69.81,25.7,88.24,97.67,18.77,19.0,93.64,56.99,50.33,24.5,16.15,21.15,14.55,54.98,25.98,29.99,17.44,60.9,59.25,18.19,12.65,15.37,32.41,47.26,10.51,59.46,43.35,15.94,10.6,18.55,20.31,38.85,26.3,14.43,12.35,56.63,62.0,15.33,36.7,88.9,52.81,16.55,,24.9,23.12
2025-05-08 07:00:00,20.18,58.98,35.06,132.67,47.94,11.15,70.08,25.77,88.34,100.88,18.94,19.25,97.56,57.84,50.81,26.18,16.38,21.4,14.75,54.79,26.16,30.79,17.66,63.0,59.44,18.1,12.6,15.37,34.54,48.04,10.59,59.63,43.8,16.36,10.85,18.7,20.54,39.5,26.69,14.92,12.48,56.73,62.2,15.46,39.25,89.8,53.0,16.55,,25.0,23.3
2025-05-09 07:00:00,20.18,58.49,34.71,135.34,47.25,11.49,70.35,25.7,87.86,99.84,18.77,19.1,99.02,57.55,51.29,26.28,16.35,21.36,14.9,54.69,25.84,32.14,17.62,62.8,59.54,18.1,12.3,15.41,34.01,49.6,10.55,58.77,44.21,16.36,10.85,18.7,20.4,39.75,26.89,14.51,12.48,56.24,62.2,15.41,38.25,89.5,53.27,16.55,,25.0,23.5
2025-05-12 07:00:00,20.39,60.45,34.86,135.25,47.84,11.36,70.44,25.97,87.95,98.61,18.77,19.25,100.98,58.68,52.16,27.56,16.58,21.15,15.0,54.69,25.71,32.42,17.85,62.0,59.94,18.05,12.3,15.32,34.35,51.03,10.72,59.03,44.62,16.31,11.06,19.0,20.62,40.0,28.64,14.8,13.11,56.24,62.3,15.81,39.7,90.4,54.1,16.89,,25.5,23.85
2025-05-13 07:00:00,20.56,60.75,35.41,139.21,48.14,11.32,73.48,27.04,87.76,101.35,18.77,19.7,102.0,58.4,54.1,28.25,16.81,21.48,15.0,54.79,26.52,32.37,18.38,62.1,62.6,18.0,12.05,15.27,34.4,53.37,10.59,58.77,44.44,16.36,11.02,18.7,20.8,40.1,28.64,14.8,12.96,56.43,62.0,15.85,39.8,90.5,54.01,17.23,85.5,25.4,24.0
2025-05-14 07:00:00,20.72,61.44,37.04,139.12,48.23,11.36,72.59,27.18,89.87,101.44,18.91,19.9,107.81,58.31,54.0,27.61,17.12,21.78,15.5,54.88,26.61,33.25,18.38,62.3,63.09,18.0,12.25,15.55,34.54,55.83,10.68,61.17,44.66,16.41,10.93,18.85,21.25,40.0,29.08,14.84,13.15,58.32,60.4,16.12,39.9,93.0,53.73,18.4,91.4,24.7,24.24
2025-05-15 07:00:00,21.35,59.96,36.99,137.28,48.63,11.58,73.84,27.28,89.58,101.44,18.97,19.85,106.7,58.4,53.42,27.7,17.16,21.78,15.95,54.59,26.66,34.51,18.79,62.8,63.39,17.81,12.1,15.55,34.4,54.8,10.63,60.74,45.38,16.5,11.52,19.4,21.25,40.7,29.13,14.55,13.11,58.32,58.0,16.47,39.9,91.0,54.3,18.55,97.7,24.15,24.42
2025-05-16 07:00:00,21.27,59.96,36.2,135.25,47.3,11.41,72.59,26.76,88.05,100.69,18.74,19.45,103.28,58.21,52.16,27.31,16.92,21.48,16.45,54.2,26.07,34.0,18.49,62.5,62.9,18.19,12.15,15.27,34.59,52.59,10.68,60.74,45.56,16.5,11.31,19.0,21.07,39.8,28.69,14.92,12.96,57.13,58.0,16.07,40.0,90.0,53.73,18.05,101.0,24.5,24.23
2025-05-19 07:00:00,21.22,59.67,35.8,135.64,47.3,12.18,72.77,26.83,85.75,101.25,18.61,19.35,100.89,57.18,52.74,26.82,16.96,21.36,16.25,54.3,26.3,32.7,18.45,62.0,62.8,18.0,12.05,15.46,33.96,52.98,10.68,60.4,44.84,16.5,11.23,18.8,20.76,39.0,28.74,14.8,12.82,56.63,58.8,15.81,42.8,88.0,53.53,18.2,98.2,24.75,24.23
2025-05-20 07:00:00,21.39,59.67,35.8,138.52,48.72,12.22,73.22,27.11,86.13,102.86,18.69,19.9,101.75,56.99,53.52,27.31,17.19,21.36,16.3,53.71,26.43,32.95,18.64,62.7,63.78,18.1,11.85,15.41,33.67,53.43,10.8,62.02,44.93,16.5,11.23,18.85,20.89,39.5,30.15,14.96,12.87,56.73,62.9,15.98,45.75,88.3,53.44,18.2,99.5,25.8,24.52
2025-05-21 07:00:00,21.43,59.86,35.8,136.79,49.31,13.03,70.62,27.07,85.08,100.69,18.5,20.25,100.98,56.8,53.04,26.92,17.27,21.44,16.4,54.01,26.25,32.55,18.79,63.6,63.39,17.9,12.65,15.51,34.16,52.39,10.88,61.42,44.75,16.97,11.36,18.7,20.76,41.8,30.1,14.96,12.87,56.73,67.3,15.98,46.75,88.3,52.96,18.45,98.0,25.75,24.75
2025-05-22 07:00:00,21.35,58.68,35.6,132.75,48.53,13.21,70.08,26.66,85.08,100.5,18.5,21.1,99.7,57.46,51.39,26.47,17.0,21.36,16.25,54.01,25.66,31.9,18.49,64.0,63.39,17.81,12.5,15.18,33.67,51.22,11.26,60.4,44.8,16.83,11.31,18.65,20.76,41.1,29.71,15.0,12.68,56.53,68.1,15.94,46.25,87.2,52.58,18.3,92.0,25.35,24.68
2025-05-23 07:00:00,21.6,57.8,35.46,137.37,48.67,12.99,70.08,26.63,84.12,99.6,18.61,21.4,99.95,59.34,51.58,26.62,17.04,21.32,16.25,53.52,25.57,31.95,18.49,63.2,63.29,17.57,12.45,14.9,33.24,51.29,11.05,60.23,44.62,16.92,11.36,18.65,20.76,41.8,29.37,15.5,12.63,56.43,68.8,15.98,46.5,87.8,52.87,18.1,90.3,25.65,24.75
2025-05-26 07:00:00,21.5,60.65,35.46,137.27,50.39,13.46,71.51,26.94,86.23,99.5,18.99,21.9,100.12,59.34,53.91,28.44,17.42,21.28,16.4,53.71,26.39,32.5,18.6,63.8,63.59,17.76,12.8,15.27,33.57,52.26,11.17,61.51,44.62,16.97,11.44,18.65,20.98,41.55,29.57,16.36,12.72,56.63,73.5,16.03,47.25,87.8,53.25,18.15,90.0,25.5,24.7
2025-05-27 07:00:00,21.45,60.55,35.9,137.18,51.47,13.63,74.92,27.18,87.95,99.0,18.8,22.05,101.58,60.0,57.58,28.99,17.42,21.28,16.4,53.81,27.25,32.2,18.56,64.0,63.39,17.76,12.85,16.29,33.62,52.13,11.17,62.28,44.62,17.02,11.61,18.45,21.07,41.5,29.81,16.28,12.72,56.43,74.3,16.38,47.25,88.4,52.96,18.1,87.2,25.3,24.76
2025-05-28 07:00:00,21.4,60.45,36.1,135.06,51.37,13.21,74.02,27.14,86.9,99.5,18.83,21.75,101.06,60.38,58.94,29.23,17.16,21.32,16.45,53.52,26.75,31.95,18.45,63.9,63.49,17.86,13.05,16.02,34.35,51.48,11.17,61.94,44.62,17.07,11.61,18.6,21.07,41.05,29.71,16.03,12.72,56.43,75.7,16.2,48.5,88.0,52.77,18.0,88.0,26.7,24.7
2025-05-29 07:00:00,21.3,61.14,36.05,133.04,50.59,13.33,73.75,26.7,85.75,98.9,18.66,22.9,99.95,60.28,58.55,28.99,17.0,21.28,16.3,53.52,26.98,32.0,18.38,63.4,63.39,17.9,13.95,16.25,33.77,54.54,11.01,61.08,44.44,17.11,11.44,18.4,20.89,41.3,30.01,16.48,12.77,56.33,76.9,16.07,48.5,87.5,52.67,18.15,88.5,27.65,25.29
2025-05-30 07:00:00,21.1,59.57,35.6,131.79,49.61,13.21,71.06,26.28,86.13,98.0,18.47,22.7,99.44,61.23,57.87,28.3,16.73,21.44,16.3,53.32,26.71,31.8,18.26,62.0,61.22,18.05,14.15,15.83,33.38,53.56,10.84,61.34,43.99,17.16,11.4,18.4,20.85,40.7,29.66,16.28,12.63,56.04,77.6,15.72,49.2,87.0,52.48,17.95,89.0,27.5,24.8
2025-06-02 07:00:00,21.1,58.98,35.31,130.44,49.51,13.55,71.6,26.35,85.37,97.8,18.52,23.3,99.1,61.7,56.62,28.89,16.65,21.28,16.0,53.62,27.8,32.0,18.45,62.1,60.13,18.49,14.55,16.89,34.45,50.77,11.13,62.45,44.35,17.21,11.52,18.5,21.07,41.8,30.05,16.77,12.49,55.84,77.0,15.85,49.0,89.5,52.2,18.0,87.5,26.7,24.77
2025-06-03 07:00:00,21.25,60.06,35.51,134.29,50.39,13.38,72.86,26.46,86.71,97.7,18.91,23.15,100.21,61.98,56.91,29.09,16.85,21.65,16.35,53.22,27.7,32.0,18.52,63.3,61.51,18.34,14.2,16.99,34.49,50.51,11.13,62.36,44.66,17.35,11.69,18.3,21.78,41.6,30.78,16.77,12.63,56.43,77.6,15.9,49.05,89.8,53.06,18.3,87.5,26.5,25.0
2025-06-04 07:00:00,21.1,59.76,35.36,132.75,50.29,13.38,72.86,26.42,86.32,98.4,18.77,24.65,99.95,61.04,57.2,28.74,16.85,21.61,16.15,53.13,27.7,31.75,18.41,64.1,60.43,18.19,14.2,17.08,34.88,51.22,11.21,61.85,45.2,17.35,11.61,18.25,21.51,41.0,30.54,16.48,12.49,56.24,77.1,15.9,49.05,91.8,54.39,18.25,88.0,26.95,25.12
2025-06-05 07:00:00,21.0,59.86,35.11,130.54,49.41,13.33,73.13,26.46,86.8,99.0,18.72,24.3,99.7,60.1,56.52,28.79,16.69,21.44,16.35,52.83,27.48,31.8,18.3,65.8,60.82,17.95,14.3,16.89,34.93,50.58,11.34,66.13,44.66,17.44,11.52,18.1,21.29,41.35,30.3,16.28,12.53,55.94,76.8,15.81,49.0,91.3,53.82,18.1,88.2,27.0,25.0
2025-06-06 07:00:00,21.0,59.86,34.86,131.89,48.53,12.73,71.96,26.21,86.04,98.3,18.61,24.1,98.16,59.34,55.65,27.95,16.81,21.69,16.2,52.25,26.89,31.2,18.11,65.0,59.64,17.81,14.3,16.48,36.19,49.15,11.09,66.73,44.26,17.44,11.52,18.2,20.98,41.75,29.52,16.36,12.49,55.74,76.0,15.68,48.5,90.0,52.87,17.8,88.2,26.5,24.9
2025-06-09 07:00:00,20.95,58.68,34.86,128.04,47.65,12.43,71.06,26.08,84.41,97.8,18.72,23.1,99.19,59.63,53.33,27.31,16.54,21.9,16.0,51.76,27.11,31.25,18.19,64.1,59.64,17.57,14.4,16.39,35.8,48.43,10.84,65.87,44.08,17.44,11.39,18.15,20.76,41.95,28.98,16.52,12.44,55.54,70.7,15.68,45.15,88.8,52.87,17.85,88.2,25.55,24.75
2025-06-10 07:00:00,20.95,58.29,34.81,128.9,47.94,12.22,70.8,25.97,87.48,98.2,19.3,22.9,98.76,59.25,53.81,27.75,16.58,21.82,15.85,51.56,26.98,31.45,18.15,64.8,60.63,17.52,14.35,16.43,35.5,49.41,10.8,65.44,44.08,17.58,11.48,18.1,20.76,42.9,29.27,16.44,12.44,55.54,72.6,15.68,45.3,89.0,52.87,17.95,88.2,26.5,24.76
2025-06-11 07:00:00,20.95,57.5,34.66,128.9,48.43,12.31,72.41,26.08,88.82,97.9,19.22,22.7,100.64,58.97,54.2,27.36,16.5,21.73,16.0,51.56,26.61,31.45,18.19,64.8,61.02,17.42,13.9,16.06,34.95,49.34,10.72,66.43,44.21,17.63,11.61,18.05,20.89,42.85,29.32,16.19,12.63,55.34,72.1,15.63,45.1,87.6,52.77,18.0,88.2,26.1,24.67
2025-06-12 07:00:00,21.05,58.19,34.91,131.31,48.82,12.31,72.68,26.42,89.01,99.2,19.44,23.1,100.72,59.15,54.68,28.15,16.77,22.32,16.65,51.76,26.98,31.65,18.52,65.8,62.6,17.52,14.25,16.11,35.25,50.84,10.8,66.43,44.62,17.87,11.61,18.15,21.02,45.0,30.15,16.36,12.68,55.64,70.0,15.81,43.4,88.9,53.44,18.2,88.2,25.2,24.9
2025-06-13 07:00:00,21.05,58.49,35.16,131.31,48.33,12.05,71.87,27.38,88.82,98.8,19.71,22.65,99.35,60.66,53.81,26.82,16.65,21.98,16.3,51.47,26.57,31.6,18.64,65.4,62.3,17.32,14.3,15.51,37.7,50.64,10.59,65.94,44.3,17.82,11.26,17.95,20.58,44.9,30.39,15.66,12.58,55.84,68.4,15.72,42.75,88.0,53.06,18.15,88.2,24.55,24.68
2025-06-16 07:00:00,21.3,58.49,35.46,131.4,50.59,12.39,73.48,27.66,93.89,98.8,20.13,23.3,102.44,64.9,54.78,27.61,16.77,22.28,16.7,51.17,26.71,31.65,18.82,66.8,63.39,17.47,14.9,15.92,40.3,53.24,10.8,68.1,44.71,17.92,11.44,17.95,21.2,45.5,31.47,15.99,12.68,56.24,67.4,16.07,42.7,87.8,53.82,18.8,94.0,24.5,24.78
2025-06-17 07:00:00,21.2,58.29,35.51,134.19,50.68,12.35,73.66,27.69,94.56,99.6,21.24,23.45,102.27,65.28,54.68,28.49,16.89,22.36,16.9,51.76,26.98,32.35,18.75,67.9,63.49,17.57,15.45,16.62,39.05,52.65,10.92,67.81,45.07,17.92,11.52,17.95,21.2,46.0,31.56,16.19,12.87,56.83,69.6,15.98,43.85,87.7,53.73,18.8,95.4,24.55,25.05
2025-06-18 07:00:00,21.3,58.39,35.26,133.14,50.88,12.31,77.07,27.55,93.32,99.6,21.21,23.05,100.72,66.78,53.71,28.59,16.92,22.61,16.9,52.15,27.25,31.95,18.79,67.5,62.8,17.71,15.6,16.57,39.0,51.94,10.84,67.9,44.66,17.92,11.48,17.95,20.98,47.2,31.95,16.19,12.77,56.33,71.4,15.85,44.0,87.7,53.53,18.5,94.3,24.65,25.03
2025-06-19 07:00:00,21.3,58.0,35.41,134.68,50.29,12.26,76.17,27.93,93.32,99.6,21.43,23.15,99.86,67.63,53.04,29.48,16.96,22.4,16.75,55.18,27.25,32.4,18.82,67.5,63.09,17.71,15.55,16.52,39.55,52.13,10.76,67.9,44.62,18.01,11.35,18.1,21.25,47.15,33.12,15.99,12.77,56.24,71.7,15.81,44.7,88.5,53.63,18.5,94.2,24.7,25.03
2025-06-20 07:00:00,21.45,57.6,35.6,134.1,49.61,12.18,74.83,28.34,92.74,99.6,21.24,23.5,99.95,65.47,54.1,28.79,17.08,22.48,16.6,57.62,27.43,31.9,19.35,67.5,63.19,17.71,15.45,16.66,39.15,51.68,10.8,67.31,44.66,17.92,11.44,18.15,21.34,46.6,33.12,15.99,12.72,56.73,70.2,15.9,43.4,88.7,54.11,18.45,93.5,24.6,
2025-06-23 07:00:00,21.35,59.08,35.46,130.63,50.19,12.26,74.56,28.38,92.36,99.6,21.1,22.9,99.78,68.39,53.71,29.38,16.92,22.36,16.35,57.23,26.8,31.6,19.42,68.0,64.08,18.24,15.05,16.57,40.2,52.26,10.8,66.23,44.44,18.01,11.35,18.1,21.11,46.45,32.93,15.66,12.68,56.24,74.0,15.81,46.4,87.5,53.44,18.4,94.5,24.75,25.12
2025-06-24 07:00:00,21.3,60.45,35.6,133.71,53.04,12.35,74.2,28.51,92.46,99.5,21.1,23.35,100.29,65.09,54.2,29.23,16.92,22.48,16.75,56.64,26.84,31.8,19.42,69.2,63.98,18.82,15.05,16.57,38.05,52.07,10.84,65.25,44.8,18.01,11.35,18.1,21.6,46.5,33.12,15.99,12.63,56.24,77.3,15.94,47.9,88.1,53.92,18.55,94.6,24.9,25.5
2025-06-25 07:00:00,21.25,60.75,35.46,133.62,51.66,12.35,74.38,28.62,93.13,99.5,20.77,23.35,100.81,63.58,54.0,30.37,16.81,22.65,16.75,56.64,26.84,31.8,19.2,70.3,64.08,18.78,14.9,16.39,37.3,51.68,10.76,65.94,45.38,18.01,11.39,18.1,21.78,46.8,32.93,15.87,12.77,56.24,77.9,15.98,47.9,87.1,54.3,18.4,94.6,24.65,25.4
2025-06-26 07:00:00,21.2,61.04,35.31,133.62,51.47,12.86,75.19,28.75,92.65,99.8,21.04,23.25,100.72,64.52,53.52,30.07,16.73,22.8,16.75,55.67,26.16,31.8,19.42,72.0,63.59,18.58,15.15,16.34,37.05,52.52,10.72,66.43,45.56,18.06,11.44,18.15,21.78,46.8,33.17,15.99,12.72,56.04,76.0,15.9,47.5,87.1,53.92,18.35,94.6,24.5,25.45
2025-06-27 07:00:00,21.2,61.93,35.7,133.71,51.17,12.69,75.28,28.79,94.76,99.5,20.93,22.95,100.98,64.05,53.62,29.92,16.81,22.85,16.55,55.67,26.34,31.95,19.27,76.8,64.87,18.68,15.0,16.34,37.3,53.17,10.72,66.23,45.66,18.29,11.3,18.15,21.91,46.35,33.07,16.07,12.77,56.33,77.0,15.9,47.75,87.2,55.26,18.5,94.6,24.8,25.72
2025-06-30 07:00:00,21.3,63.11,35.9,134.96,52.06,12.65,76.62,28.75,97.44,99.7,21.32,22.85,101.76,63.86,56.04,29.87,16.81,22.7,16.6,56.16,26.71,32.25,19.35,76.8,64.57,18.63,15.15,16.71,37.25,53.95,10.76,67.02,45.08,18.62,11.26,18.15,21.96,46.7,33.32,16.44,12.82,56.63,76.7,16.07,47.8,88.1,55.45,18.5,94.6,24.65,25.86
2025-07-01 07:00:00,21.3,63.4,36.2,135.06,52.55,12.61,75.99,28.75,96.67,99.5,21.26,22.55,102.27,62.55,55.65,30.71,17.04,22.65,16.7,55.67,26.75,32.15,19.5,75.2,63.59,18.49,15.15,16.29,36.9,54.15,10.76,66.43,44.65,18.58,11.22,18.0,21.74,46.95,33.51,16.36,12.92,57.83,76.3,16.07,47.8,90.5,54.97,18.45,94.6,24.8,25.58
2025-07-02 07:00:00,21.3,67.04,36.0,135.54,52.45,12.78,75.54,28.75,97.54,100.7,21.49,22.65,102.1,62.55,58.07,30.81,17.19,22.9,17.0,54.98,26.52,32.35,19.54,75.2,63.88,18.39,15.1,16.43,36.95,53.82,10.68,65.25,44.5,18.67,11.3,18.15,22.67,47.55,34.1,16.44,12.96,57.63,76.0,16.07,47.7,90.2,55.16,18.6,94.6,25.2,25.81
2025-07-03 07:00:00,21.4,65.27,35.9,134.1,51.96,12.78,74.56,29.16,98.68,100.7,21.32,23.2,101.58,62.36,58.55,29.18,17.39,23.1,17.1,55.08,26.66,32.5,19.46,74.5,64.47,18.39,14.9,16.52,37.0,53.56,10.97,65.84,44.36,18.62,11.35,18.3,22.89,46.65,33.95,16.28,13.11,57.53,76.3,16.12,47.25,89.0,54.97,18.65,94.1,25.05,25.85
2025-07-04 07:00:00,21.85,64.39,36.15,133.71,53.82,12.91,75.46,29.3,97.73,100.7,21.29,23.4,105.46,62.55,58.55,28.89,17.39,23.25,16.95,54.69,26.98,32.75,19.5,74.6,65.36,18.87,15.2,16.99,37.25,53.69,11.13,65.54,44.5,18.62,11.35,18.5,23.02,47.05,34.05,17.18,13.11,58.02,76.0,16.16,45.95,89.8,55.26,18.75,94.1,25.15,25.85
2025-07-07 07:00:00,22.25,64.88,36.79,134.96,53.43,13.03,75.28,30.47,97.92,100.9,21.49,23.65,106.58,62.64,58.45,29.33,17.96,23.6,17.35,54.2,27.25,33.5,19.8,74.8,65.56,18.82,15.3,17.54,37.1,53.56,11.13,65.44,44.5,18.67,12.13,18.9,23.38,47.55,34.39,18.37,13.49,58.22,76.9,16.42,46.5,90.0,55.35,19.3,94.1,25.5,26.3
2025-07-08 07:00:00,22.25,66.35,37.09,139.39,52.84,13.03,76.8,30.47,98.3,101.6,21.54,23.75,107.18,63.77,60.1,29.58,18.12,24.7,17.65,53.91,27.52,33.7,19.8,75.6,66.25,19.07,15.7,17.45,37.3,53.43,11.13,66.43,44.94,18.67,12.35,18.9,24.05,47.65,34.39,18.91,13.34,58.62,79.2,16.51,46.65,95.0,56.4,19.6,94.1,25.8,26.47
2025-07-09 07:00:00,22.45,67.43,37.78,138.43,52.84,13.12,76.26,30.88,97.82,101.4,21.43,23.75,105.72,64.05,60.6,29.43,18.66,24.75,17.6,54.59,28.16,33.15,19.95,75.8,66.74,19.11,15.45,17.59,37.45,53.76,11.21,66.43,45.7,18.86,12.22,19.1,25.38,47.8,34.0,18.95,14.2,61.1,81.8,16.82,47.5,94.0,57.55,20.05,94.1,26.8,26.76
2025-07-10 07:00:00,22.55,67.43,37.83,136.89,52.94,13.03,75.54,30.88,97.25,101.4,21.43,23.7,106.66,64.43,60.9,29.68,18.77,25.15,17.7,54.59,28.02,33.3,19.84,76.9,67.04,19.07,15.45,17.68,37.9,53.43,11.17,66.43,46.14,18.91,12.53,19.2,25.74,47.65,33.9,19.15,14.15,61.0,86.0,16.77,50.8,96.0,57.07,20.15,93.7,28.45,27.16
2025-07-11 07:00:00,22.7,66.84,37.88,138.81,52.65,12.82,74.74,30.61,99.36,100.5,21.4,24.5,108.99,63.96,60.2,29.58,18.85,26.0,17.65,55.18,27.52,33.0,20.02,76.5,66.94,18.78,15.1,17.36,37.7,54.02,11.13,65.84,46.18,18.95,12.4,19.3,26.36,47.65,34.05,19.61,14.15,62.3,87.9,16.99,54.0,100.0,57.17,20.15,92.3,28.6,27.81
2025-07-14 07:00:00,22.7,67.33,38.22,138.52,52.84,13.21,76.08,30.4,99.55,100.6,21.6,25.3,109.42,64.24,59.0,30.22,18.81,25.75,17.75,55.18,28.39,32.85,20.1,75.3,68.02,18.97,15.25,18.19,37.5,56.87,11.54,67.41,46.04,19.0,12.35,19.25,26.45,47.95,34.19,20.43,14.2,62.0,88.8,17.04,56.5,99.0,57.65,21.0,92.4,28.65,27.8
2025-07-15 07:00:00,22.45,65.86,37.68,136.5,52.74,13.03,74.83,30.3,98.11,100.5,21.91,24.6,108.47,63.77,57.9,29.68,18.62,25.5,17.9,54.98,28.34,33.5,19.95,74.5,68.32,18.68,15.1,17.96,37.3,56.29,11.34,67.51,46.09,19.05,12.31,19.3,27.11,47.7,33.9,19.69,14.06,61.0,87.4,16.99,55.8,97.5,57.45,20.75,92.0,28.15,27.74
2025-07-16 07:00:00,22.45,65.96,37.98,135.25,53.33,13.33,76.08,30.85,97.73,101.2,22.06,24.7,108.73,63.49,57.4,29.43,18.7,26.1,18.05,54.88,28.25,33.8,20.02,75.0,69.01,19.31,15.35,18.56,37.25,57.13,11.38,67.71,46.04,19.09,12.44,19.4,28.09,47.8,34.34,19.85,14.2,61.4,88.0,16.95,58.7,96.0,57.45,20.85,91.3,28.8,27.97
2025-07-17 07:00:00,22.45,66.15,37.88,134.96,52.45,13.63,78.59,30.88,98.78,101.8,22.23,24.55,109.33,63.77,57.1,29.63,18.77,26.0,18.0,54.88,28.95,33.65,20.06,76.2,69.5,19.16,16.4,19.35,37.1,56.03,11.38,66.92,46.42,19.19,12.48,20.0,28.36,47.7,34.24,20.31,14.2,61.8,94.1,17.05,61.0,94.3,57.45,20.9,90.3,29.75,28.41
2025-07-18 07:00:00,22.65,66.55,37.93,137.18,51.47,13.98,77.16,30.92,98.3,101.3,22.09,25.15,108.47,64.15,57.2,29.97,18.81,25.9,17.95,54.69,29.0,34.6,20.4,79.1,69.7,19.45,16.95,19.02,37.3,55.96,11.59,67.41,46.23,20.46,12.4,19.8,28.27,50.2,35.31,20.14,14.39,61.5,96.0,17.1,59.5,93.3,57.55,21.35,90.1,29.45,28.61
2025-07-21 07:00:00,22.85,65.66,37.68,140.35,50.88,13.46,75.72,31.02,97.82,101.0,22.89,25.4,109.16,63.58,57.0,30.17,18.89,26.2,18.0,53.52,28.25,35.5,20.21,77.5,69.01,19.94,16.55,18.51,37.1,55.18,11.54,67.51,45.75,20.46,12.74,19.9,27.87,49.5,34.54,19.77,14.39,60.91,92.0,17.35,56.0,95.1,57.36,22.3,88.9,29.0,28.65
2025-07-22 07:00:00,22.9,67.04,38.47,138.33,51.47,13.68,76.35,31.29,98.01,102.5,23.27,27.15,110.94,63.96,57.1,30.02,19.62,26.45,18.05,53.22,28.4,35.9,20.36,77.7,69.4,19.79,16.95,18.89,37.15,55.77,11.54,67.71,45.85,20.56,12.74,20.0,28.45,49.5,34.44,20.22,14.58,61.8,95.5,17.4,58.75,101.7,57.55,22.5,88.4,30.0,28.85
2025-07-23 07:00:00,23.0,68.02,38.27,138.62,51.37,13.63,76.53,31.33,101.27,103.4,24.07,26.95,110.65,64.99,57.8,30.61,20.43,26.4,18.9,54.01,28.5,35.25,20.55,77.3,69.5,19.94,16.85,18.7,37.25,55.83,11.59,68.2,46.61,21.22,12.79,19.85,28.67,48.7,34.1,20.51,14.68,61.7,92.2,17.8,57.5,108.8,58.98,23.35,88.2,29.25,28.9
2025-07-24 07:00:00,23.2,68.71,38.42,140.45,51.17,13.89,76.26,31.36,100.79,103.4,23.64,27.05,109.96,65.09,57.9,31.21,21.28,26.0,18.6,54.2,28.8,35.5,21.3,76.0,69.5,19.94,16.85,18.7,38.1,55.83,11.59,68.3,47.0,21.73,13.14,19.95,28.45,49.0,34.15,20.76,14.87,61.7,92.0,18.35,58.0,114.0,60.9,23.5,88.0,29.8,28.9
2025-07-25 07:00:00,23.6,68.61,38.42,139.77,50.98,14.11,75.46,31.29,100.79,103.0,23.78,27.7,109.56,64.71,58.4,30.76,21.78,26.05,18.65,53.91,28.7,35.25,21.34,75.8,70.1,19.84,17.1,19.21,38.1,56.09,11.79,68.59,47.09,22.06,13.14,20.7,30.22,48.8,34.29,21.05,14.87,61.6,93.7,18.4,57.05,121.9,60.42,24.05,87.6,29.5,29.13
2025-07-28 07:00:00,23.85,68.51,38.97,137.95,51.17,15.09,75.72,31.29,101.08,103.3,23.93,29.35,110.15,64.9,58.5,30.96,21.94,26.35,19.35,53.91,29.3,36.55,21.56,77.6,70.2,20.03,17.5,20.55,37.85,55.83,12.25,68.4,47.29,23.53,14.06,21.1,31.82,49.1,34.68,21.7,15.68,62.4,95.6,18.85,57.8,127.0,60.51,25.1,87.9,29.35,29.7
2025-07-29 07:00:00,22.75,66.94,36.99,137.85,48.63,14.06,70.53,30.06,97.25,101.6,22.81,27.3,104.91,64.05,56.3,29.09,20.43,25.35,18.0,53.62,27.5,34.3,20.14,72.2,66.6,19.36,16.3,19.12,36.5,54.73,12.04,65.74,45.42,23.1,13.14,19.9,29.6,48.0,33.03,20.22,14.58,60.61,92.1,18.55,56.6,118.3,60.42,23.6,86.0,28.0,28.8
2025-07-30 07:00:00,23.0,67.82,37.68,137.18,48.58,14.45,70.97,31.7,99.55,101.0,23.9,26.6,105.01,63.96,57.5,29.09,20.55,25.4,18.9,52.64,27.6,34.2,20.55,73.0,67.1,19.36,16.6,19.21,36.3,55.51,12.0,66.23,45.66,23.38,14.06,19.25,30.14,49.3,33.61,19.57,15.16,60.51,91.5,19.35,54.75,118.7,60.13,25.25,85.3,28.1,28.79
2025-07-31 07:00:00,23.0,70.48,37.43,135.35,48.28,14.02,72.59,31.5,98.59,102.0,23.61,27.0,102.93,63.77,56.2,29.68,20.39,24.95,18.65,52.64,27.4,34.2,20.59,72.5,65.3,19.55,16.65,19.16,36.25,54.8,11.92,65.74,45.7,22.82,15.02,19.5,30.4,49.95,33.12,19.69,14.96,59.81,90.0,19.4,52.75,121.2,58.51,25.8,82.7,28.1,28.49
2025-08-01 07:00:00,23.0,68.71,36.79,135.35,49.02,14.15,73.48,30.4,97.34,101.7,23.87,26.2,105.9,63.68,56.0,29.28,20.82,25.15,18.5,53.52,27.7,34.5,20.36,72.5,65.2,19.84,17.25,18.7,35.8,58.63,11.79,64.46,45.99,22.35,15.19,19.6,29.51,49.4,33.22,18.91,14.96,59.81,89.9,19.0,52.0,119.0,57.36,25.8,81.9,28.45,28.3
2025-08-04 07:00:00,23.3,69.79,37.63,135.73,49.02,14.54,72.77,31.33,98.88,101.5,24.13,27.05,105.5,64.05,57.0,29.48,21.59,25.3,18.55,53.32,27.9,34.7,20.85,73.9,67.0,21.2,18.45,19.2,36.6,56.16,12.21,65.74,46.14,22.63,16.24,20.25,30.22,50.0,34.44,19.65,15.97,60.71,92.2,19.35,55.6,127.3,57.74,26.4,85.0,29.1,29.3
2025-08-05 07:00:00,23.45,67.73,38.32,135.35,48.82,15.12,71.78,31.91,99.16,102.8,23.78,26.85,104.71,63.86,58.4,29.53,21.51,26.4,18.6,53.62,27.9,35.3,22.28,74.6,69.3,20.9,18.0,19.0,36.6,55.51,12.0,65.44,45.56,22.82,16.02,19.6,30.8,51.7,36.05,19.4,16.78,61.1,96.0,19.3,58.75,127.3,57.45,26.5,84.0,30.95,29.8
2025-08-06 07:00:00,24.2,68.51,39.07,135.73,50.19,15.37,73.31,32.6,101.85,102.8,24.85,27.4,103.82,65.28,58.6,29.82,21.78,27.1,18.95,53.71,28.1,36.1,22.95,76.0,72.4,20.76,18.2,19.5,37.45,56.03,12.21,65.84,45.85,22.77,16.37,20.0,31.38,54.1,37.21,19.57,17.35,61.9,97.5,19.5,59.25,129.0,58.6,27.1,84.9,30.1,30.12
2025-08-07 07:00:00,24.4,69.4,40.0,136.5,50.98,16.4,74.38,32.84,101.85,102.8,26.55,27.1,105.11,65.09,60.0,30.66,21.97,28.5,19.6,53.42,29.9,35.8,23.06,76.2,72.4,21.2,18.2,19.95,37.1,56.09,12.33,65.84,45.75,22.96,16.46,19.8,31.25,54.6,37.41,19.85,18.54,61.3,95.0,19.55,57.5,127.7,58.22,28.95,84.9,30.5,30.45
2025-08-08 07:00:00,24.25,69.4,39.26,136.41,50.98,17.52,74.02,32.73,103.0,102.6,28.4,26.7,104.51,66.12,59.0,30.17,21.63,28.0,19.5,53.42,31.7,35.4,22.91,76.7,72.0,20.95,18.55,21.3,38.2,55.7,12.54,66.92,45.9,23.53,16.28,20.1,31.56,54.0,36.87,20.39,18.44,61.5,94.8,20.25,58.5,121.5,58.12,29.55,84.0,30.0,30.4
2025-08-11 07:00:00,24.4,69.5,39.76,135.35,52.55,18.74,74.56,32.6,101.85,102.9,28.15,27.9,105.3,66.31,58.9,32.14,21.51,28.15,19.75,53.62,32.0,35.8,23.85,82.0,72.1,21.34,18.8,22.7,37.95,56.16,12.5,66.82,46.23,23.57,16.67,20.5,33.34,53.7,36.78,20.55,18.63,62.1,93.5,20.3,57.75,124.0,58.79,29.6,84.0,29.35,30.42
2025-08-12 07:00:00,24.25,70.28,41.04,135.16,52.35,20.02,74.11,32.94,103.38,103.4,28.8,27.6,106.39,66.41,60.8,31.99,22.28,28.5,19.85,54.01,34.2,38.05,24.3,83.6,72.2,21.73,18.5,23.9,38.5,56.81,13.37,67.51,46.33,23.57,16.5,20.4,32.67,54.0,36.73,20.84,18.3,62.59,93.0,19.9,57.75,127.0,59.08,29.6,84.0,29.45,30.65
2025-08-13 07:00:00,24.5,69.79,40.9,134.1,55.98,21.39,74.47,34.04,102.04,102.6,28.65,27.7,104.02,65.94,60.9,32.19,22.32,28.1,19.7,53.71,36.2,39.2,25.8,85.9,70.9,21.44,18.45,24.2,38.0,57.13,13.7,67.41,45.99,23.48,16.89,19.95,32.67,53.9,36.53,21.37,18.25,62.1,93.0,19.95,58.0,127.4,58.41,28.8,83.3,29.45,30.8
2025-08-14 07:00:00,26.2,69.3,41.69,132.37,59.7,22.86,73.75,34.45,101.46,102.5,28.25,28.3,102.73,65.65,61.2,31.65,23.86,28.2,19.45,53.42,36.1,40.2,27.6,84.8,71.9,21.1,18.9,24.55,37.9,57.13,13.57,67.31,45.94,23.53,17.81,20.8,32.71,55.4,37.41,21.37,18.87,64.78,93.9,20.45,59.1,136.3,58.98,30.8,82.8,30.15,31.14
2025-08-15 07:00:00,26.55,69.0,40.55,130.35,60.59,24.18,72.32,33.63,99.26,102.2,28.1,29.7,100.36,65.65,59.7,30.96,23.9,28.0,19.45,53.22,35.5,39.0,28.25,83.1,70.5,21.0,18.15,24.0,38.5,55.96,13.12,65.54,45.56,23.53,18.2,20.65,32.49,53.9,36.63,20.31,18.59,63.89,94.0,20.35,59.1,145.6,58.31,31.1,82.9,30.3,31.5
2025-08-18 07:00:00,27.05,68.81,40.35,130.73,61.57,23.98,72.5,33.28,99.07,102.5,28.7,30.5,99.46,65.94,63.3,31.3,23.52,28.4,19.75,53.52,37.0,40.1,27.8,83.9,70.0,21.49,18.0,25.65,38.8,55.18,13.53,64.95,45.22,23.43,18.6,20.6,31.82,52.8,36.97,20.22,19.21,64.08,93.9,20.1,59.1,142.4,58.03,32.0,81.6,29.95,31.4
2025-08-19 07:00:00,28.45,69.3,40.4,130.83,60.0,25.64,70.97,34.04,97.92,102.2,28.25,31.1,99.27,65.84,63.0,31.21,25.06,28.15,19.6,52.74,36.8,42.8,28.2,85.0,68.0,21.68,18.0,25.7,38.35,55.12,13.41,64.46,45.22,23.48,18.25,20.7,32.67,53.2,38.19,20.59,20.25,63.79,93.9,20.5,59.1,146.0,57.84,34.2,81.5,29.95,31.61
2025-08-20 07:00:00,28.0,69.3,40.25,127.56,58.23,24.37,70.44,34.72,94.85,102.0,27.5,30.2,96.69,64.33,62.2,31.75,24.56,27.4,18.85,52.64,36.5,45.75,27.8,83.9,69.4,20.9,17.4,24.5,37.0,55.38,13.2,64.46,44.84,23.34,18.05,21.6,32.09,54.1,39.45,21.17,19.68,62.59,99.0,21.9,62.1,143.8,57.36,36.55,81.5,30.0,31.95
2025-08-21 07:00:00,29.45,68.71,41.83,126.02,58.82,24.42,69.0,35.55,92.65,101.6,27.3,31.1,100.65,65.28,62.4,31.25,25.64,27.4,18.8,52.74,35.9,48.4,28.2,84.3,71.0,20.71,16.85,23.75,36.9,55.58,13.32,65.05,44.7,23.34,18.25,23.1,32.94,57.8,40.48,20.35,21.02,63.79,99.8,23.4,62.5,145.8,57.45,38.65,80.9,30.4,32.68
2025-08-22 07:00:00,27.85,65.37,42.77,129.38,55.98,23.88,66.76,34.93,94.66,101.0,26.3,28.95,97.98,64.05,61.7,29.09,24.94,26.0,18.4,52.25,34.0,47.0,26.9,81.0,70.3,20.66,15.9,24.0,35.95,55.06,13.66,63.48,43.93,23.05,17.02,22.1,31.78,55.5,37.99,19.59,20.59,64.18,98.1,23.6,62.05,140.0,56.12,35.95,80.8,30.0,32.15
2025-08-25 07:00:00,26.2,63.89,40.55,132.75,57.35,22.22,66.4,33.69,92.94,100.8,26.0,26.95,97.78,64.71,60.4,28.0,24.13,25.95,18.0,52.25,33.65,45.0,26.2,79.5,68.8,20.76,16.05,23.2,35.85,54.21,13.16,62.98,43.74,23.1,16.08,20.75,32.58,53.0,36.58,19.4,19.16,63.19,98.4,21.95,65.5,142.5,56.12,33.5,80.8,30.0,31.75
2025-08-26 07:00:00,27.35,67.82,41.34,133.23,59.31,23.44,67.75,35.14,94.85,101.3,26.75,28.6,98.97,65.47,61.7,28.79,24.9,27.2,18.45,53.03,35.5,45.5,27.55,81.1,73.6,21.0,16.8,24.4,36.35,54.67,13.37,64.36,44.02,23.2,17.17,21.8,34.85,55.0,38.33,20.4,19.97,64.18,105.2,22.75,67.75,144.0,57.07,34.3,80.2,31.3,32.44
2025-08-27 07:00:00,27.65,66.74,42.33,135.64,58.53,22.12,68.11,35.07,94.56,101.2,26.75,28.3,103.92,64.9,66.0,28.74,25.02,26.75,18.3,52.64,36.0,43.8,27.4,82.2,75.0,21.58,16.8,24.55,36.4,55.38,13.57,64.95,44.12,23.2,17.41,21.4,35.78,55.6,37.94,20.21,19.25,68.65,104.6,22.35,66.0,144.1,57.84,33.3,80.2,30.6,32.76
2025-08-28 07:00:00,27.55,66.84,42.03,137.75,59.31,22.61,68.82,35.41,95.52,101.3,26.65,29.25,103.42,64.9,68.9,28.79,25.06,27.1,18.35,52.54,35.9,44.85,27.2,83.1,77.3,21.49,16.7,24.4,36.15,55.58,13.61,64.56,44.65,22.63,18.15,21.5,37.34,54.8,38.58,20.97,19.83,68.56,104.6,22.15,65.05,145.0,58.31,34.0,80.2,30.7,32.8
2025-08-29 07:00:00,27.8,65.86,42.38,138.52,57.74,22.02,69.09,35.2,94.09,101.7,26.7,29.7,100.55,63.8,69.1,28.64,25.79,27.5,18.35,52.64,36.5,45.0,27.75,83.0,78.0,21.58,16.8,24.55,36.1,55.58,13.61,64.17,44.65,23.1,18.55,21.4,37.52,55.6,38.58,20.88,19.92,68.16,104.5,22.6,64.15,144.5,57.65,35.0,80.2,30.4,32.9
2025-09-03 07:00:00,27.5,66.65,43.02,146.22,57.25,23.54,69.9,34.72,93.51,101.8,26.65,30.2,102.14,63.8,67.4,28.89,25.52,28.15,19.6,52.54,37.0,44.7,28.45,83.0,75.8,21.97,17.3,26.25,36.55,56.03,13.7,63.87,44.46,23.15,18.79,21.15,36.76,56.3,38.58,21.59,20.06,66.57,102.7,22.65,62.5,142.0,58.79,34.5,80.2,30.15,32.88
2025-09-04 07:00:00,27.65,66.55,42.92,146.22,59.31,23.3,70.17,35.0,95.14,102.0,26.95,29.8,103.92,64.2,68.5,29.09,25.56,29.85,20.95,53.42,36.75,45.65,28.25,84.8,77.5,21.92,17.2,26.0,36.65,57.39,13.86,64.36,45.18,23.15,18.6,21.65,37.6,56.4,38.58,23.02,20.49,68.46,102.3,22.95,62.5,140.0,59.08,34.9,80.1,30.3,33.27
2025-09-05 07:00:00,27.15,66.55,41.49,144.2,57.35,22.71,69.45,34.52,93.8,102.5,27.3,28.75,102.34,63.8,66.5,29.38,24.9,28.8,20.25,53.22,35.45,44.45,27.4,83.0,75.0,21.44,17.3,25.1,36.6,56.61,13.37,66.13,45.37,23.1,17.76,21.0,36.0,56.0,38.48,21.88,19.64,67.07,100.0,22.25,62.5,142.0,58.22,33.5,80.4,30.3,32.9
2025-09-08 07:00:00,26.55,65.76,40.2,146.8,55.78,21.14,67.21,33.97,92.17,102.3,26.5,26.75,100.85,62.6,66.2,28.4,23.82,28.9,20.0,53.13,34.8,42.8,26.7,81.0,74.0,20.61,16.2,23.4,35.5,55.06,12.58,65.74,44.89,22.87,17.02,19.95,35.74,54.0,37.02,20.45,18.44,64.88,100.0,21.0,62.5,141.9,57.93,31.2,80.3,30.3,32.28
2025-09-09 07:00:00,26.55,66.74,40.2,144.68,55.68,21.83,67.3,34.04,91.59,102.3,26.4,27.2,101.05,62.1,68.2,28.2,24.33,28.85,19.9,52.44,34.8,42.3,26.65,81.0,76.0,20.71,16.25,23.65,35.45,55.64,12.58,65.05,44.41,22.87,17.36,19.65,37.34,54.2,37.51,20.78,18.54,64.48,101.4,21.05,64.6,145.0,57.65,32.4,80.3,30.3,32.28
2025-09-10 07:00:00,26.55,66.35,40.25,142.85,56.17,22.17,67.75,34.66,91.88,101.8,26.35,26.9,100.16,61.9,68.7,27.9,24.36,28.85,19.45,52.83,34.7,41.95,26.95,81.0,75.5,21.0,15.8,23.4,35.4,55.96,12.5,65.84,44.36,22.82,17.56,19.95,37.74,53.9,37.99,20.5,18.3,65.38,101.8,20.9,65.45,144.9,57.17,32.45,80.3,30.6,32.38
2025-09-11 07:00:00,26.2,66.45,40.2,145.74,56.57,23.1,67.84,34.72,92.94,101.4,26.25,27.0,100.95,62.0,68.9,28.35,24.29,29.15,20.0,52.83,35.0,44.0,26.7,82.0,78.8,20.9,15.7,23.4,35.35,55.96,12.54,65.35,44.5,22.77,17.56,20.1,37.74,55.4,37.7,20.16,18.73,65.28,105.9,21.0,68.0,145.4,58.51,32.25,80.3,31.1,32.8
2025-09-12 07:00:00,26.3,65.76,40.5,145.06,56.57,23.9,68.64,34.59,93.42,101.5,26.65,27.2,100.55,62.5,69.2,28.94,24.29,30.0,20.5,52.93,34.8,44.1,26.6,86.0,79.0,21.2,15.75,23.65,35.6,57.13,12.79,65.74,44.74,22.77,17.31,19.65,37.25,55.4,37.6,20.64,18.59,65.38,105.5,21.25,68.9,146.0,60.42,31.6,80.3,30.75,32.87
2025-09-15 07:00:00,26.4,67.63,41.74,145.74,58.14,23.65,73.39,35.41,95.33,102.5,27.4,27.5,100.85,63.2,73.8,29.43,24.1,30.35,20.7,53.32,34.85,44.55,26.85,88.5,79.5,21.39,15.65,23.85,35.75,57.26,12.95,66.92,44.79,22.77,17.56,19.85,37.52,56.0,37.99,20.97,18.87,65.38,104.5,21.45,68.9,145.6,60.32,31.55,80.3,30.65,33.09
2025-09-16 07:00:00,26.4,67.82,41.59,145.93,57.25,23.0,73.39,36.03,95.81,102.5,27.5,27.5,102.43,62.7,74.0,29.04,24.13,29.95,20.2,52.25,34.3,44.9,27.5,86.8,80.3,21.92,15.7,23.6,35.95,57.59,12.79,66.23,45.85,22.77,17.95,20.0,36.98,56.1,38.33,20.74,18.73,65.18,102.7,21.05,67.5,142.0,61.85,31.7,80.2,30.6,33.15
2025-09-17 07:00:00,26.15,68.51,40.55,144.78,58.33,22.15,74.29,35.27,95.62,102.6,26.9,26.8,104.41,64.0,73.6,28.49,23.82,29.2,19.65,50.88,33.5,45.3,27.0,84.2,78.0,21.49,15.5,23.3,36.1,56.55,12.62,66.33,45.37,22.72,17.81,20.1,36.09,56.2,37.7,20.31,18.4,64.38,102.9,20.65,71.55,142.0,62.23,31.0,80.3,30.2,33.23
2025-09-18 07:00:00,25.55,68.02,40.35,142.95,57.55,22.95,73.31,35.14,94.66,102.1,26.55,26.65,101.94,63.0,73.0,28.4,23.67,29.15,19.7,50.59,33.4,45.4,26.8,84.0,78.5,22.02,15.1,23.45,35.6,57.2,12.7,65.64,44.89,22.63,17.61,20.0,36.27,57.0,37.8,20.02,17.97,63.49,103.5,20.55,72.5,139.8,60.8,30.8,80.0,30.2,32.9
2025-09-19 07:00:00,25.35,67.73,39.36,143.53,56.76,23.45,73.31,35.14,92.65,102.0,25.8,26.1,101.94,62.5,72.9,28.2,23.28,29.25,19.3,50.78,34.3,46.5,26.65,83.9,78.6,22.94,15.95,23.5,35.35,57.46,12.66,65.94,44.12,22.58,17.51,19.6,35.87,55.2,37.41,19.73,17.73,62.59,101.7,20.3,76.6,137.2,59.27,30.4,80.0,29.45,32.99
2025-09-22 07:00:00,25.15,66.55,40.55,145.83,55.39,23.6,71.96,33.83,91.98,102.0,25.85,25.0,98.67,61.8,71.1,27.9,22.36,28.4,18.95,49.32,34.0,46.5,26.15,81.9,76.5,22.02,15.6,24.0,34.85,57.07,12.46,66.33,43.83,22.58,17.17,19.3,34.94,54.8,36.53,20.12,18.11,61.6,99.5,19.75,74.4,135.5,58.7,29.5,80.2,28.8,32.2
2025-09-23 07:00:00,25.35,65.56,40.4,146.22,54.9,22.85,72.86,34.31,91.98,102.2,26.0,25.2,96.99,61.6,69.5,27.7,22.13,28.65,18.9,49.32,33.4,46.55,26.35,81.9,77.8,22.07,15.65,23.65,34.75,57.07,12.37,66.13,43.93,22.63,16.77,19.3,35.03,55.4,36.53,20.21,18.3,61.8,98.7,19.85,74.6,133.0,58.89,29.9,80.2,28.3,32.17
2025-09-24 07:00:00,26.0,66.15,40.75,139.77,55.39,24.4,73.39,34.66,92.94,101.9,26.2,26.0,98.48,61.6,70.7,28.2,23.67,29.05,19.4,50.69,33.95,47.45,26.8,82.9,79.2,22.55,16.15,24.95,35.0,56.87,12.5,65.64,44.22,22.68,17.12,19.5,35.78,57.0,37.8,20.69,18.73,62.3,98.0,20.5,74.5,133.7,59.27,31.6,80.1,29.0,32.5
2025-09-25 07:00:00,25.65,66.25,40.45,142.37,55.39,26.1,74.11,34.52,92.46,101.9,26.65,26.2,96.99,61.9,71.8,28.4,23.9,28.8,19.4,51.27,33.7,47.95,26.55,82.2,79.0,23.61,16.0,24.8,35.05,55.96,12.58,66.53,43.98,22.72,17.12,19.45,35.55,56.9,37.9,21.17,18.49,62.59,99.5,20.1,79.0,135.9,58.79,30.95,80.1,29.4,32.68
2025-09-26 07:00:00,25.65,66.55,40.1,138.04,55.39,26.85,73.48,34.79,91.4,101.8,26.25,25.7,96.5,61.5,70.0,28.1,23.25,28.55,19.35,51.17,34.5,48.05,26.25,82.2,77.9,22.89,15.6,24.55,34.8,55.9,12.37,65.25,43.78,22.72,16.97,19.5,34.64,56.5,37.7,20.97,17.92,62.59,99.0,19.8,82.0,132.5,58.41,30.4,80.2,29.4,
2025-09-29 07:00:00,25.6,66.06,39.86,136.98,55.1,26.8,72.23,35.0,90.06,101.9,26.0,25.65,94.52,61.5,69.8,27.85,23.82,28.6,19.05,50.0,34.25,47.8,26.15,81.8,77.0,23.03,15.6,23.9,34.75,55.11,12.21,63.97,43.64,22.72,16.57,19.5,34.23,56.6,37.75,21.02,17.97,62.2,101.9,19.75,86.4,129.7,57.65,31.1,80.0,30.0,32.8
2025-09-30 07:00:00,25.5,65.76,39.56,137.95,54.21,25.5,69.99,34.86,87.95,101.5,25.1,26.0,92.04,60.4,67.9,27.31,23.9,28.15,19.0,50.49,33.8,49.5,26.2,81.0,77.7,22.65,15.25,23.45,34.2,54.84,11.88,64.46,43.35,22.72,16.67,19.3,35.14,56.9,37.85,21.12,17.97,61.6,103.0,19.9,87.45,129.6,57.36,31.1,80.2,32.1,33.09
2025-10-01 07:00:00,25.8,65.76,39.61,138.72,53.82,25.85,72.14,35.34,88.34,101.8,25.0,26.3,92.44,60.6,66.5,27.46,23.82,28.3,19.0,51.27,33.7,51.0,26.4,81.3,77.7,22.55,15.65,23.65,34.15,55.04,11.92,64.76,43.45,22.72,16.72,19.4,35.19,59.8,38.55,21.83,18.4,62.0,101.2,20.1,85.0,128.0,59.37,30.9,80.2,33.15,33.0
2025-10-02 07:00:00,25.75,65.07,39.66,135.73,53.04,24.6,73.13,35.34,87.95,101.8,23.85,25.65,91.15,60.3,66.0,26.92,23.79,28.1,18.5,51.17,33.0,51.6,26.8,81.5,77.1,22.84,15.5,22.9,34.0,54.84,11.75,64.17,43.54,22.63,16.77,19.3,34.51,58.7,38.85,21.07,17.92,61.7,98.6,19.7,85.5,128.7,58.51,30.15,80.3,31.75,32.8
2025-10-03 07:00:00,25.65,65.27,39.36,135.64,51.96,24.5,73.93,34.86,87.67,101.8,24.05,25.2,92.44,60.1,65.9,26.32,23.28,27.65,18.05,51.17,31.75,52.5,26.55,80.0,77.0,22.45,15.1,21.6,33.45,54.78,11.63,63.48,43.69,22.63,16.48,19.0,34.32,57.0,38.35,20.4,17.82,61.7,100.0,19.75,88.25,129.3,58.6,29.5,80.0,32.75,32.88
2025-10-06 07:00:00,26.8,65.76,40.3,136.12,53.43,26.0,74.47,35.96,88.91,102.0,24.6,26.3,94.52,60.8,68.0,27.16,24.29,29.2,18.8,51.56,33.0,51.8,27.35,83.0,77.6,22.7,15.8,23.1,34.15,55.57,11.96,63.97,44.26,22.72,17.17,19.7,36.69,59.8,39.4,21.64,18.92,64.0,102.7,20.55,89.85,134.3,59.65,31.55,81.0,35.0,33.95
2025-10-07 07:00:00,26.45,65.07,40.05,136.21,52.35,25.1,77.07,35.41,89.1,101.9,24.05,25.65,94.52,60.9,66.5,26.97,24.13,29.0,18.5,51.37,32.25,52.6,26.85,82.5,78.0,22.5,15.4,22.75,33.9,56.03,11.83,63.87,44.12,22.77,17.02,19.2,37.19,58.5,39.0,21.07,18.44,63.7,103.1,20.2,90.0,133.4,58.7,31.05,86.6,35.0,33.88
2025-10-08 07:00:00,26.75,65.86,40.0,137.08,53.72,25.45,77.78,36.3,90.44,102.0,24.1,26.0,93.53,60.9,67.5,27.06,24.25,29.2,18.8,51.56,32.4,52.0,26.85,82.6,80.8,22.31,15.3,22.7,33.95,55.44,11.88,63.97,44.07,23.01,17.07,19.2,37.56,59.9,38.6,22.21,18.54,64.6,107.5,20.05,89.05,133.4,60.61,31.1,86.6,36.3,34.04
2025-10-09 07:00:00,26.95,65.17,40.35,137.75,54.02,25.95,77.07,37.74,89.58,102.1,24.1,26.75,93.23,60.9,67.3,27.61,24.4,28.95,18.85,51.47,32.45,51.2,27.35,83.1,81.5,22.55,15.3,23.3,34.1,56.1,12.08,63.58,43.74,23.57,17.66,19.1,37.06,60.0,38.95,22.5,19.06,63.8,115.0,20.4,89.75,133.1,60.13,32.1,87.2,38.0,34.2
2025-10-10 07:00:00,26.95,64.97,40.75,138.04,53.43,26.8,78.5,37.88,90.35,102.2,24.45,26.8,95.11,60.9,68.5,27.66,24.56,29.6,19.0,50.88,32.45,51.6,27.45,84.1,82.0,22.79,15.6,23.65,34.05,56.1,12.08,64.17,43.98,25.22,17.76,19.45,37.1,60.4,39.35,23.55,18.68,64.2,123.0,20.35,96.0,133.3,59.65,32.1,89.0,40.35,34.81
2025-10-13 07:00:00,26.75,64.97,40.45,138.04,51.76,28.65,77.07,38.43,91.88,102.0,24.2,26.5,93.03,60.6,67.2,28.1,25.17,29.0,18.7,50.78,32.55,52.5,27.35,85.0,83.0,22.36,16.0,24.65,34.05,56.03,11.88,63.77,44.07,25.36,17.86,19.45,37.7,61.0,41.3,24.64,18.54,63.1,124.2,20.15,102.7,142.6,61.18,31.7,89.2,43.0,35.35
2025-10-14 07:00:00,26.3,63.7,39.6,136.12,50.98,29.75,75.28,37.6,92.17,102.0,23.95,26.5,91.45,60.0,68.1,27.46,25.17,28.35,18.35,50.49,31.9,51.5,27.05,82.5,84.2,21.68,15.5,24.9,33.6,55.9,11.88,64.46,43.54,25.18,17.76,19.4,37.38,60.6,40.8,23.55,18.3,63.1,127.0,20.0,105.95,152.5,60.7,32.5,86.5,42.75,35.49
2025-10-15 07:00:00,26.3,63.4,39.35,136.02,50.0,30.3,74.83,37.88,91.02,101.6,23.4,26.75,88.68,59.0,69.0,27.06,25.52,28.25,18.45,50.78,34.1,51.6,27.25,82.5,83.3,21.92,15.6,25.5,33.7,56.82,11.83,63.67,43.4,24.52,17.95,19.0,37.79,60.0,40.8,23.36,18.78,62.5,124.0,20.25,104.75,163.1,60.8,33.7,83.7,41.9,35.3
2025-10-16 07:00:00,26.3,64.39,39.75,144.78,50.39,30.0,76.26,37.18,91.02,101.5,23.85,26.6,88.88,58.7,67.5,26.82,25.75,28.25,18.5,50.88,34.2,51.3,27.2,88.2,84.5,22.02,16.25,26.3,33.7,60.78,11.88,62.79,43.35,24.04,17.91,19.0,37.7,59.5,41.25,24.31,18.83,62.9,122.0,20.0,106.55,173.5,61.2,33.2,82.1,43.4,35.6
2025-10-17 07:00:00,25.75,64.78,39.05,154.88,49.51,30.35,74.83,36.08,89.3,101.4,23.15,25.8,87.19,58.6,68.0,26.72,25.06,28.0,18.25,50.78,33.9,49.5,27.1,88.0,84.5,21.73,16.6,26.0,33.55,59.46,11.71,61.9,43.4,23.95,17.86,18.45,37.19,59.0,40.65,23.36,18.35,61.9,116.0,19.7,102.0,175.0,58.8,31.95,79.0,41.0,34.9
2025-10-20 07:00:00,24.8,61.44,36.5,151.99,46.17,28.25,70.8,33.8,83.36,101.0,22.15,24.0,86.1,57.0,63.3,24.89,23.32,26.05,17.0,50.59,31.55,47.5,25.25,81.9,80.9,21.05,15.45,24.2,32.7,55.37,10.92,59.05,42.2,23.57,16.62,17.4,34.6,54.9,37.85,21.74,17.11,59.4,108.0,18.35,97.45,174.5,55.0,29.75,73.5,38.15,34.0
2025-10-21 07:00:00,25.0,62.91,37.05,162.57,48.04,27.0,75.28,34.52,85.46,101.1,23.2,23.8,92.04,56.0,66.0,25.04,24.94,26.8,16.6,50.78,31.75,49.0,25.3,78.0,83.0,21.35,14.4,23.3,33.35,57.35,11.05,60.52,42.63,23.62,16.77,18.55,35.19,55.6,37.65,20.5,17.35,59.3,110.9,18.65,101.7,180.0,56.5,30.35,74.1,38.8,33.8
2025-10-22 07:00:00,25.1,63.89,37.2,167.38,48.33,27.6,76.26,34.9,87.19,105.1,23.5,23.4,96.0,59.0,67.0,26.13,25.06,26.7,16.55,49.9,32.2,49.9,25.45,79.0,84.5,22.75,14.0,24.25,34.25,57.88,11.21,60.82,42.97,23.86,16.43,18.25,35.05,55.4,38.0,21.5,17.3,59.6,113.0,18.65,101.5,180.2,56.3,30.45,79.0,39.0,34.0
2025-10-23 07:00:00,24.95,64.29,36.9,158.72,48.43,27.5,80.47,34.35,87.19,105.3,23.3,23.1,94.02,59.8,67.3,25.73,25.44,26.5,16.5,50.88,33.55,51.3,25.2,78.2,85.7,22.75,14.2,23.6,34.25,60.91,11.21,61.11,43.59,24.09,16.48,18.15,34.19,55.6,37.25,21.02,16.97,59.8,115.0,18.5,107.5,184.0,56.6,30.0,80.6,39.4,34.52
2025-10-24 07:00:00,25.0,64.68,36.9,167.38,47.79,26.7,80.56,34.42,88.53,104.9,23.0,22.6,96.69,59.6,66.8,26.18,25.21,26.4,16.3,50.78,33.8,52.2,24.4,79.3,85.7,23.05,14.3,23.65,34.3,62.7,11.09,61.11,43.3,24.09,16.08,18.0,32.82,54.5,36.1,20.97,17.06,59.5,114.5,18.5,109.5,180.0,58.1,29.2,82.2,38.8,34.35
2025-10-27 07:00:00,25.0,64.39,36.5,160.65,48.82,24.85,78.14,33.59,89.01,106.5,23.6,22.45,96.99,59.3,66.5,27.01,23.98,26.25,16.6,50.59,32.5,51.9,23.8,78.5,81.0,22.8,13.8,22.05,34.15,61.71,11.46,61.61,43.59,23.95,15.93,17.55,31.72,54.6,35.05,20.16,16.73,59.2,106.5,18.45,107.0,175.3,57.0,28.3,81.0,36.1,33.9
2025-10-28 07:00:00,25.4,65.37,37.1,163.34,48.92,25.0,83.61,33.87,90.06,108.1,23.7,22.85,101.15,60.0,66.5,27.16,24.83,26.8,16.85,50.78,33.5,52.8,24.0,79.0,84.2,23.3,13.4,23.0,34.05,62.63,11.46,62.49,43.59,23.76,16.13,17.75,32.68,56.8,36.0,20.93,17.11,60.0,107.0,19.2,110.05,187.5,57.4,29.45,80.0,36.8,34.4
2025-10-29 07:00:00,25.4,65.56,37.8,163.53,49.21,25.05,89.44,34.32,90.44,108.0,23.95,23.2,100.65,60.2,69.2,27.7,25.75,27.25,17.0,50.78,34.4,53.9,24.35,79.2,84.1,24.9,13.55,23.0,34.5,63.03,11.83,63.48,43.88,23.95,16.57,17.95,32.45,57.2,36.4,21.17,17.3,60.7,103.8,19.0,106.0,195.1,57.5,29.85,79.2,35.95,34.55
2025-10-30 07:00:00,25.1,65.76,37.9,162.57,49.61,24.4,89.62,34.01,89.68,105.6,24.0,22.65,101.64,59.7,70.5,27.95,25.75,26.9,16.65,50.59,35.85,52.0,23.95,79.3,83.9,25.2,13.8,23.4,34.55,62.43,11.75,64.07,43.83,23.95,16.67,17.9,31.77,56.9,35.7,21.07,17.15,60.6,104.0,18.75,102.05,195.5,57.1,29.2,77.5,34.6,34.42
2025-10-31 07:00:00,25.5,64.88,37.4,163.53,49.8,24.05,92.75,33.87,91.98,105.6,24.0,22.15,102.83,61.6,68.1,28.64,24.67,26.7,16.75,50.39,35.85,50.7,23.6,79.6,82.6,24.05,13.65,22.55,34.55,62.43,11.88,64.95,43.98,23.9,16.23,17.7,31.27,55.5,35.1,20.64,16.65,59.6,99.2,18.55,95.5,187.0,57.6,28.7,77.1,33.3,34.13
2025-11-03 07:00:00,25.45,64.88,37.1,167.19,53.23,22.4,88.72,33.52,91.5,104.7,23.2,21.5,103.92,61.5,68.5,27.95,23.56,26.05,16.75,53.22,34.0,50.7,23.1,77.0,81.0,23.5,12.9,21.4,34.3,61.31,11.79,63.97,44.41,23.9,15.74,17.75,29.63,52.3,33.6,19.21,16.65,59.3,98.5,18.35,97.7,183.5,57.3,27.6,75.5,31.35,33.2
2025-11-04 07:00:00,26.0,65.86,37.9,164.5,53.23,23.95,84.51,34.52,90.64,102.9,23.7,22.5,102.24,60.5,67.3,28.35,23.98,26.75,17.15,52.25,35.6,51.7,24.0,80.0,81.8,24.15,13.4,22.85,34.2,59.4,11.79,63.97,44.36,24.0,16.08,17.8,31.68,53.9,35.0,20.55,17.25,60.1,100.2,18.95,100.5,185.8,57.3,29.5,74.5,33.5,33.97
2025-11-05 07:00:00,25.6,66.06,38.65,164.5,53.43,23.0,86.75,35.46,91.02,104.5,24.9,22.3,99.86,63.0,67.0,28.64,23.94,26.3,17.1,50.88,34.95,51.5,23.9,80.2,80.2,24.1,13.75,22.45,35.2,60.32,12.17,64.17,44.31,24.0,15.98,17.5,31.82,53.5,34.1,20.97,16.9,60.8,99.6,18.75,103.25,184.5,58.0,29.25,74.6,32.5,33.3
2025-11-06 07:00:00,25.3,67.53,38.5,172.19,53.04,23.4,81.55,35.32,91.02,104.5,24.45,21.75,99.17,62.1,66.1,28.3,23.21,26.1,17.0,50.39,34.1,51.5,23.7,78.8,80.3,23.75,13.5,22.0,34.75,59.4,12.04,64.07,44.26,23.86,15.64,17.45,31.27,51.9,33.6,20.69,16.9,60.3,98.9,18.55,103.9,180.9,58.0,28.5,73.8,32.0,33.18
2025-11-07 07:00:00,24.9,66.84,37.5,163.05,50.98,22.8,75.9,33.87,89.2,103.1,23.65,21.45,99.96,62.9,63.4,27.41,23.13,26.05,16.85,50.78,32.5,49.3,23.3,76.8,76.5,23.05,13.0,21.15,34.0,57.75,11.75,63.58,44.22,23.76,15.09,17.2,30.04,48.35,33.0,20.02,16.5,59.3,92.0,18.3,99.85,178.0,57.6,27.5,71.5,31.35,32.4
2025-11-10 07:00:00,24.8,64.88,37.4,160.17,51.96,22.3,75.28,33.18,87.67,102.8,23.3,20.8,95.21,61.2,61.0,27.56,22.82,26.45,16.85,50.3,32.0,48.3,23.1,76.0,76.8,22.9,12.3,20.8,33.9,57.42,11.67,62.49,44.12,23.67,15.09,16.85,30.63,48.5,33.4,19.54,16.5,58.8,86.9,18.25,99.5,176.5,57.0,27.5,70.5,29.8,32.19
2025-11-11 07:00:00,24.85,65.86,38.0,161.23,52.35,22.8,76.26,33.52,87.95,102.8,23.2,20.9,95.11,61.1,61.0,27.51,22.82,26.6,16.9,50.98,33.0,47.5,23.2,78.2,78.0,22.9,12.2,21.2,33.75,58.8,11.63,62.89,44.89,23.67,15.59,16.6,31.77,49.65,33.65,19.88,16.9,58.9,90.0,18.2,100.5,174.9,58.9,27.5,72.0,31.05,32.33
2025-11-12 07:00:00,25.2,65.76,38.25,166.71,54.9,24.35,79.76,34.01,89.58,103.5,23.6,21.6,99.56,61.9,62.0,28.05,23.13,27.0,17.1,51.27,34.1,48.65,23.7,79.2,80.5,23.6,13.05,22.2,34.05,59.0,11.79,63.48,45.03,23.81,16.08,17.15,32.36,50.6,35.0,20.4,17.3,59.5,94.0,18.65,105.6,176.1,59.8,28.0,73.5,32.8,33.15
2025-11-13 07:00:00,25.1,66.74,38.3,166.23,54.9,24.5,79.22,33.76,95.81,103.4,23.95,21.35,97.88,62.9,63.0,28.5,23.09,26.55,17.05,51.27,34.45,48.9,23.5,79.0,80.1,23.7,13.25,22.0,34.5,59.59,12.17,64.76,45.46,23.81,16.13,17.15,31.86,48.7,35.1,20.07,16.95,59.8,93.3,18.55,105.6,176.3,61.8,27.75,72.9,31.95,32.85
2025-11-14 07:00:00,24.95,66.35,38.35,164.4,55.3,25.15,78.86,33.56,95.24,103.7,23.85,21.35,98.97,62.8,62.5,28.4,23.02,26.9,17.05,51.47,34.65,49.9,23.5,78.0,81.4,24.25,14.15,22.2,34.5,59.4,12.33,65.35,45.18,23.81,16.13,17.0,31.86,48.05,35.1,20.31,16.95,60.0,93.9,18.5,105.5,176.4,62.8,27.8,72.0,32.1,33.0
2025-11-17 07:00:00,25.15,67.73,38.4,166.6,54.1,26.55,79.58,33.76,94.85,103.7,24.35,22.15,99.96,63.0,63.6,29.1,23.17,27.3,17.2,51.37,35.1,50.2,23.8,79.7,82.4,24.15,15.1,23.05,34.7,59.26,12.66,65.25,45.32,23.9,16.38,17.45,32.27,48.9,35.15,20.74,17.15,60.2,95.0,18.7,108.5,179.0,62.1,28.1,71.9,32.2,33.38
2025-11-18 07:00:00,25.1,66.55,38.4,164.1,54.2,26.4,78.77,34.14,94.66,103.5,24.15,22.5,98.97,62.4,63.5,28.25,23.48,27.5,17.3,51.37,35.4,49.55,23.7,79.0,83.0,24.1,15.85,23.0,34.55,59.0,12.5,66.33,45.27,23.95,16.28,17.35,32.41,49.5,35.35,20.74,17.6,59.9,97.0,18.7,110.0,179.1,60.7,28.8,72.0,32.35,33.55
2025-11-19 07:00:00,24.9,64.97,38.1,163.1,54.2,26.15,77.7,34.11,92.55,102.7,24.45,22.5,96.99,62.2,63.2,28.0,24.13,27.6,17.3,51.47,34.6,49.5,23.5,78.8,82.4,24.2,15.65,22.8,34.7,58.93,12.33,66.92,45.08,23.9,16.23,17.2,31.59,49.5,34.8,20.74,17.15,59.4,96.9,18.7,110.25,178.0,60.9,28.1,72.0,31.6,33.25
2025-11-20 07:00:00,24.8,64.97,37.95,157.0,55.3,25.75,76.98,33.94,93.13,102.6,24.25,22.45,97.98,62.1,62.6,28.0,24.52,27.25,17.1,51.47,34.65,49.3,23.35,78.5,81.0,24.0,15.1,22.8,34.4,57.94,12.37,66.43,45.13,23.86,16.43,17.0,31.72,49.5,34.6,20.45,17.25,59.4,97.8,18.7,114.0,190.4,60.7,28.55,72.0,32.0,33.3
2025-11-21 07:00:00,24.7,65.86,37.6,156.6,54.1,26.3,76.98,33.94,92.74,102.8,23.6,22.3,99.76,61.9,63.2,27.8,24.06,27.4,17.1,51.37,34.85,48.55,23.2,77.5,80.0,23.9,15.4,22.6,33.95,57.48,12.37,65.94,44.79,23.86,16.43,17.15,31.27,51.3,34.25,20.5,17.25,59.0,99.3,18.55,114.85,194.6,59.9,28.55,74.5,32.2,33.6
2025-11-24 07:00:00,24.6,65.56,37.65,156.5,53.2,25.65,79.4,33.73,91.98,102.7,23.15,22.15,99.17,61.0,62.9,27.7,23.98,27.1,16.9,51.47,34.85,48.55,23.15,77.8,79.3,23.95,15.8,22.3,33.85,57.75,12.5,65.25,44.26,23.81,16.33,17.4,31.36,50.0,33.95,20.45,17.25,58.8,102.7,18.5,119.75,204.8,63.0,29.0,77.9,34.45,33.77
2025-11-25 07:00:00,24.2,64.39,37.0,157.5,51.9,25.3,77.88,33.28,90.06,102.5,23.1,21.05,98.67,60.8,62.9,27.1,24.52,26.9,16.7,51.47,34.5,49.0,22.85,77.0,78.5,23.4,15.3,21.8,33.5,57.42,12.25,63.97,44.41,23.71,16.18,17.1,29.95,50.0,33.45,20.1,16.95,58.2,102.6,18.3,121.5,219.1,61.9,28.2,81.5,33.4,33.88
2025-11-26 07:00:00,24.2,65.27,37.35,158.0,51.9,26.6,78.68,33.8,91.79,102.8,23.45,22.2,97.98,62.0,63.4,27.5,24.9,27.1,16.85,51.66,35.4,49.6,23.25,78.6,80.2,23.6,15.5,22.6,33.85,57.55,12.58,63.97,44.6,23.81,16.48,17.25,31.0,49.95,33.85,20.7,17.4,58.1,102.1,18.45,122.5,207.8,62.8,29.0,87.2,33.85,34.05
2025-11-27 07:00:00,24.35,65.27,37.55,156.2,52.9,26.0,78.41,33.76,91.02,102.6,23.3,22.25,98.48,63.0,63.9,27.9,24.67,26.9,16.85,51.66,35.4,49.3,23.5,78.5,80.0,23.3,14.85,22.5,34.0,59.53,12.62,64.95,44.5,23.67,16.52,17.35,30.27,49.3,33.75,20.35,17.35,57.9,102.5,18.65,124.0,202.0,62.0,29.1,89.5,33.65,33.95
2025-11-28 07:00:00,24.25,65.47,37.1,157.9,52.1,26.75,76.62,33.87,90.35,102.6,23.1,22.0,96.1,63.4,64.0,27.3,24.67,26.55,16.7,50.78,35.0,48.6,23.25,77.4,79.9,23.3,14.8,22.5,33.9,60.06,12.62,64.17,44.5,23.57,16.57,17.3,29.9,48.6,33.75,20.45,17.3,57.4,102.9,18.5,130.2,203.5,64.0,29.25,95.0,34.25,33.77
2025-12-01 07:00:00,24.0,64.48,36.95,158.0,51.5,26.2,76.53,33.45,91.02,103.5,23.1,21.75,96.6,65.4,63.5,26.7,24.29,26.5,16.5,51.17,34.15,47.9,23.2,78.8,80.0,23.6,14.75,21.9,34.45,60.45,12.33,63.58,47.0,23.48,16.77,17.2,29.17,49.0,33.2,20.3,17.0,57.5,105.7,18.35,134.95,203.9,64.9,29.3,101.6,34.9,34.1
2025-12-02 07:00:00,23.95,65.17,36.85,158.8,51.7,26.6,76.08,33.9,92.74,103.0,23.0,22.25,96.6,66.1,62.7,27.75,24.67,26.5,16.5,50.1,33.55,47.5,23.55,78.6,80.0,23.65,14.85,22.0,34.85,60.45,12.33,62.1,50.26,23.48,16.77,17.25,29.45,49.4,34.2,20.2,17.1,57.6,106.8,18.45,137.5,217.9,65.0,28.9,103.8,34.9,34.4
2025-12-03 07:00:00,24.45,64.78,38.4,159.0,53.4,27.05,77.07,35.94,92.94,103.2,23.3,22.55,96.6,64.5,62.7,27.7,24.87,26.8,16.7,50.59,34.2,48.6,24.55,80.6,84.7,24.0,15.0,22.15,34.6,60.32,12.29,63.18,49.78,23.57,17.12,17.75,29.49,49.7,34.9,20.3,17.35,58.9,106.8,18.8,134.7,214.0,64.6,30.25,100.0,34.5,34.95
2025-12-04 07:00:00,24.9,65.17,38.2,164.5,52.8,27.2,76.26,35.94,92.94,103.7,23.55,22.5,97.5,65.0,62.1,27.85,25.4,27.3,16.85,50.78,34.45,49.5,25.7,79.9,85.8,24.05,15.0,22.6,34.95,59.59,12.46,62.89,48.82,23.57,17.07,17.7,29.9,50.2,35.4,20.75,17.6,58.9,105.2,18.9,133.5,206.0,63.4,30.25,102.0,34.4,35.0
2025-12-05 07:00:00,24.35,64.88,37.8,160.1,52.0,26.3,76.62,35.6,91.02,103.8,23.2,22.75,96.2,64.0,61.0,27.4,25.4,27.0,16.65,50.88,33.95,48.1,25.15,78.2,85.1,23.85,14.85,22.2,34.4,60.45,12.46,63.18,47.76,23.76,16.52,17.7,29.4,49.2,34.7,20.4,17.4,58.3,107.0,18.65,142.8,207.5,63.4,29.85,104.0,33.8,34.99
2025-12-08 07:00:00,24.2,64.88,37.5,155.9,55.6,26.55,78.53,35.32,90.06,104.0,23.15,22.3,95.5,65.4,59.5,26.95,25.25,26.75,16.5,50.78,33.4,46.3,25.3,77.9,84.9,23.85,14.7,22.05,36.05,59.0,12.25,62.39,51.03,23.57,16.38,17.55,29.4,48.7,34.2,20.1,17.2,57.9,110.0,18.35,152.7,206.4,63.5,29.7,106.3,32.95,35.05
2025-12-09 07:00:00,24.1,64.78,37.45,157.1,55.0,26.45,77.17,34.63,90.92,102.9,22.7,22.55,96.9,64.0,58.5,26.9,24.29,26.4,16.5,50.78,33.3,44.0,24.7,77.0,84.0,23.6,14.45,21.85,35.0,58.41,12.0,61.7,51.12,23.43,16.28,17.4,28.75,48.55,33.8,20.1,16.9,58.0,107.5,18.15,160.0,200.0,62.5,28.75,103.0,32.0,35.11
2025-12-10 07:00:00,24.1,64.78,37.7,158.6,54.3,25.4,76.17,34.9,91.02,102.5,22.65,22.45,95.6,63.5,58.0,26.75,24.79,26.65,16.45,51.08,32.5,44.2,25.15,77.0,83.0,23.6,14.45,21.4,34.6,58.14,12.3,62.3,49.4,23.34,16.23,17.45,29.25,48.6,33.7,20.0,16.9,58.2,103.5,18.2,148.8,196.6,63.1,29.0,95.8,30.0,34.4
2025-12-11 07:00:00,23.95,64.09,37.6,169.7,54.6,25.15,76.17,34.63,90.64,103.0,22.6,22.25,96.0,62.6,58.0,26.65,24.48,26.55,16.4,51.17,32.5,44.5,24.85,76.1,82.3,23.6,14.35,21.15,34.4,58.08,12.1,61.7,50.16,23.15,16.13,17.45,29.05,47.7,33.4,19.95,16.8,57.6,101.1,18.1,146.0,188.0,61.5,28.15,91.0,29.5,34.28
2025-12-12 07:00:00,23.5,64.19,37.0,176.0,52.0,23.4,72.54,34.21,88.14,102.0,22.0,20.7,93.7,61.3,57.4,25.3,23.28,26.0,15.4,50.0,30.5,44.2,24.0,73.5,78.5,22.55,13.35,19.7,33.7,59.26,11.55,61.31,47.96,23.01,15.78,17.3,28.1,46.0,32.0,18.6,16.35,56.8,94.1,17.3,144.0,185.0,60.2,26.55,84.7,27.45,33.36
2025-12-15 07:00:00,23.55,64.19,37.0,175.3,52.7,22.7,71.45,34.35,89.1,101.9,21.95,20.15,93.8,62.1,58.5,25.6,23.13,26.25,15.4,50.78,29.6,42.8,23.75,73.5,77.7,22.65,13.3,19.0,33.9,59.99,12.0,61.31,48.44,22.96,15.69,17.2,28.4,46.8,32.0,17.95,16.35,56.8,92.5,17.15,142.9,186.0,62.0,27.5,78.8,28.9,33.34
2025-12-16 07:00:00,24.0,63.7,37.4,177.6,53.4,24.25,72.54,35.25,82.88,103.0,22.35,21.55,94.9,64.3,58.9,26.5,24.75,26.7,15.9,50.78,31.6,44.45,24.45,74.5,82.0,22.95,13.55,19.5,34.4,60.98,12.4,61.61,49.59,23.24,15.69,17.55,30.25,47.05,33.0,19.0,16.8,56.9,95.0,17.55,142.9,191.5,64.2,28.25,84.3,29.6,33.88
2025-12-17 07:00:00,24.0,61.83,38.0,188.8,53.4,23.45,73.45,34.7,77.13,102.0,22.25,21.65,95.9,62.9,58.7,26.3,24.75,26.4,15.75,50.98,31.7,44.0,24.4,74.0,81.9,23.2,13.25,19.2,34.65,60.98,12.3,60.92,48.05,23.2,15.49,17.45,29.65,47.2,32.6,18.65,16.5,56.7,94.9,17.6,142.9,185.1,62.9,28.0,87.9,29.7,33.6
2025-12-18 07:00:00,23.85,60.26,38.0,184.6,53.4,23.45,72.99,34.35,71.76,101.3,22.25,21.45,94.4,63.3,58.4,26.55,25.6,26.4,15.65,51.08,32.1,43.8,24.65,74.0,81.6,24.0,13.25,19.05,34.8,60.65,12.3,60.52,48.15,23.2,15.88,17.45,29.85,48.0,33.0,18.4,16.7,56.8,94.9,17.5,142.7,193.9,63.9,28.3,88.8,30.35,33.7
2025-12-19 07:00:00,23.9,60.26,37.7,174.0,54.0,23.45,71.9,34.45,67.26,101.4,22.5,21.5,93.9,64.0,59.5,26.45,25.95,26.7,15.9,51.56,32.65,43.5,24.7,75.8,82.9,24.2,13.85,19.3,34.85,61.05,12.2,60.92,47.67,23.34,15.93,17.5,30.8,49.0,33.6,18.8,16.85,57.5,101.5,17.6,148.5,199.9,64.0,28.45,93.8,31.7,34.0
2025-12-22 07:00:00,24.3,60.85,38.4,176.2,56.0,24.15,75.26,35.15,71.47,101.4,22.55,22.5,93.7,65.3,59.5,26.6,27.0,26.9,16.05,51.27,33.15,44.0,25.25,76.0,85.0,24.25,13.8,20.5,35.3,61.97,12.7,60.92,47.57,23.34,16.08,17.75,31.45,52.4,35.2,19.15,17.3,57.8,107.4,17.75,158.8,206.0,63.2,29.0,98.0,33.0,35.19
2025-12-23 07:00:00,24.2,60.16,38.0,183.0,56.0,23.55,73.9,35.0,68.6,101.3,22.2,22.45,94.0,65.3,59.5,26.25,27.5,26.75,15.8,50.88,33.0,41.8,25.1,76.1,87.5,24.2,13.45,20.15,35.6,61.64,12.8,60.42,47.48,22.91,16.08,17.5,30.8,56.0,34.8,18.85,17.35,57.2,114.9,17.75,169.9,206.5,62.6,28.7,103.0,34.25,35.68
2025-12-24 07:00:00,24.3,59.37,38.4,176.1,56.0,23.25,74.57,35.3,65.0,101.1,22.35,22.4,93.6,66.1,60.0,26.0,27.85,26.55,15.9,50.49,32.95,42.8,25.3,76.2,88.0,24.2,13.4,20.05,35.15,63.22,12.75,60.03,46.81,23.01,16.67,17.5,31.35,58.7,34.95,19.0,17.4,57.0,122.8,17.9,169.8,199.0,61.5,29.3,102.0,34.65,35.68
2025-12-25 07:00:00,24.0,59.47,38.8,175.0,55.3,22.5,73.81,35.0,64.6,101.4,22.15,22.0,93.0,69.2,60.5,25.65,27.55,26.25,16.05,51.08,32.15,42.0,25.0,76.3,86.0,24.15,13.3,19.5,35.05,62.96,12.6,60.42,46.23,22.91,16.28,17.35,30.5,55.9,34.0,18.85,17.0,57.1,114.3,17.8,158.0,212.0,61.3,28.75,99.0,32.25,35.2
2025-12-26 07:00:00,23.9,58.58,38.8,176.6,55.9,22.6,71.52,35.2,60.9,101.4,22.1,21.55,92.5,70.5,59.5,25.5,27.6,26.9,16.05,50.78,32.05,41.5,24.85,75.3,87.0,24.15,13.25,19.35,35.55,63.29,12.8,60.33,46.76,22.82,16.13,17.3,30.75,57.5,33.9,18.7,16.95,57.1,110.0,17.6,155.0,207.9,61.5,28.15,92.1,32.0,35.49
2025-12-29 07:00:00,24.0,59.47,38.8,177.0,59.8,22.8,71.33,35.3,61.0,102.1,22.7,21.3,94.3,75.1,61.3,26.0,27.6,26.7,16.2,50.69,31.7,41.8,24.85,75.5,87.1,24.45,14.15,19.6,36.5,63.36,13.0,60.33,46.81,23.05,15.98,17.3,30.5,59.9,34.05,18.5,16.9,57.1,117.7,17.6,159.7,208.2,62.1,28.0,94.0,33.2,35.4
2025-12-30 07:00:00,24.1,60.45,39.4,175.3,59.4,21.9,69.81,35.65,65.2,102.5,22.4,21.65,96.5,74.9,61.8,26.6,27.95,26.5,15.9,50.78,31.5,41.9,25.0,76.9,88.5,24.4,13.9,19.4,35.75,63.88,12.8,60.23,47.57,23.1,16.13,17.2,30.6,60.0,34.35,18.3,17.15,57.3,117.5,17.7,163.0,205.4,61.8,28.7,91.0,32.8,35.76
2025-12-31 07:00:00,24.0,60.75,38.9,175.0,56.8,20.9,72.38,35.75,68.5,102.3,22.25,21.3,95.8,72.4,61.0,26.2,29.7,26.4,15.75,50.78,31.5,41.8,25.3,77.0,88.4,24.35,13.35,18.8,35.3,64.02,12.7,60.03,47.0,23.67,16.13,17.45,30.25,58.0,34.9,18.3,17.1,57.5,124.0,17.75,169.6,209.0,61.2,28.65,94.2,33.65,36.09
2026-01-05 07:00:00,24.0,60.06,38.45,174.5,57.3,21.0,71.04,35.5,65.5,102.0,22.5,20.95,95.0,77.4,60.6,25.75,28.95,25.95,15.45,50.78,31.9,40.5,25.35,76.8,87.4,24.35,13.35,18.7,36.3,65.01,12.65,59.84,46.14,23.48,15.88,17.2,29.15,57.9,34.95,17.9,16.6,57.1,132.6,17.7,173.1,207.5,60.3,27.9,100.0,35.6,36.0
2026-01-06 07:00:00,24.0,62.71,38.9,173.5,61.3,19.9,70.47,36.2,63.0,102.5,22.85,21.2,94.0,82.8,60.4,27.55,29.05,25.95,15.4,50.2,31.85,41.7,26.65,77.0,88.8,24.8,13.35,18.65,38.75,65.14,12.75,60.23,45.61,23.1,15.98,17.3,29.65,56.7,36.0,17.25,17.05,57.3,141.8,17.75,173.1,212.2,60.8,28.85,102.9,38.05,36.5
2026-01-07 07:00:00,24.65,67.04,40.95,177.2,65.5,19.95,69.04,37.45,64.1,102.7,23.45,21.75,97.5,88.5,62.7,29.45,29.1,26.6,15.85,48.44,31.35,42.1,26.7,78.4,89.8,25.0,13.2,18.8,41.45,67.71,13.6,61.02,46.52,23.1,16.28,17.35,30.1,53.4,36.4,17.6,17.45,59.6,149.5,18.05,179.0,209.6,60.9,29.25,100.5,38.55,37.0
2026-01-08 07:00:00,24.55,67.04,43.05,174.4,66.2,19.7,69.04,38.2,62.8,102.9,23.5,21.85,96.5,91.6,63.0,30.05,28.8,26.4,15.75,50.49,30.5,42.0,26.6,78.3,87.5,24.95,13.3,18.5,41.5,68.64,14.0,60.72,46.33,23.1,16.38,17.4,30.55,53.5,36.0,17.1,17.65,63.7,139.1,18.0,176.6,203.0,62.2,29.25,94.1,35.9,36.95
2026-01-09 07:00:00,24.55,69.79,46.05,175.1,67.5,18.35,68.95,40.75,62.7,102.9,23.75,21.3,97.4,97.1,62.0,31.6,27.9,26.2,15.6,50.3,28.6,41.2,27.3,76.5,86.0,24.4,12.55,17.25,43.0,68.64,14.4,60.03,46.95,23.01,16.28,17.35,30.35,51.8,36.65,15.95,17.6,68.0,140.0,17.95,176.0,198.7,61.0,28.25,93.1,35.0,36.94
2026-01-12 07:00:00,25.5,68.81,49.25,174.7,66.0,18.8,71.42,41.5,63.7,104.2,24.3,22.0,99.5,97.0,63.0,32.2,28.2,27.5,16.3,50.1,29.2,42.4,28.2,78.6,87.5,24.4,12.8,17.9,42.4,68.77,14.15,60.52,47.0,22.96,16.77,17.75,32.45,53.8,38.0,16.3,18.2,72.7,130.2,18.55,163.7,195.0,62.7,30.2,93.1,32.6,36.9
2026-01-13 07:00:00,24.9,67.43,51.0,175.8,67.9,19.05,73.42,41.3,63.1,104.2,24.4,23.5,98.9,103.7,62.9,34.0,28.45,27.25,16.2,50.0,30.0,41.9,27.55,79.3,87.1,25.9,12.75,18.0,45.35,68.57,14.6,61.11,50.2,22.63,16.48,17.7,32.75,54.1,37.35,16.45,17.9,74.0,134.0,18.55,167.9,195.0,63.3,30.5,94.9,33.55,37.03
2026-01-14 07:00:00,24.65,72.15,54.5,175.0,68.5,18.55,73.42,41.45,63.9,104.6,24.9,23.05,99.8,107.0,63.0,36.35,27.65,27.25,16.3,50.4,29.05,41.7,27.15,80.6,86.0,25.6,12.9,17.75,48.5,67.64,14.6,61.31,53.7,22.87,16.48,17.9,33.35,54.1,36.5,15.95,17.5,76.0,126.3,18.15,160.2,189.4,67.7,29.5,92.5,31.8,36.7
2026-01-15 07:00:00,24.9,76.57,50.7,174.0,73.2,19.05,71.71,40.0,67.3,106.5,24.3,23.1,98.5,103.0,63.5,37.35,29.55,27.6,17.0,50.3,30.1,41.5,27.25,81.0,84.0,25.95,12.8,17.85,51.8,67.64,14.25,61.31,52.7,22.87,16.28,17.95,32.65,57.8,35.6,15.95,17.4,71.9,120.0,18.4,153.0,180.5,71.0,29.0,92.3,31.45,36.3
2026-01-16 07:00:00,24.85,76.18,51.1,173.5,73.7,18.65,72.95,39.6,66.0,106.7,24.1,23.0,105.3,99.8,63.9,35.9,28.45,27.6,16.7,50.3,29.75,41.75,27.05,81.4,87.0,25.95,13.05,17.5,52.0,71.77,14.25,62.69,52.5,22.91,16.13,18.0,32.65,58.4,35.8,15.9,17.4,73.0,124.1,18.2,159.9,184.0,69.6,28.9,93.0,32.0,36.87
2026-01-19 07:00:00,25.1,77.46,52.0,169.8,71.3,18.9,73.33,40.0,65.1,106.9,24.2,23.1,105.8,105.8,63.8,38.0,28.75,27.7,16.8,50.0,29.3,41.55,27.5,80.2,86.7,25.8,12.95,17.8,55.6,76.1,14.25,62.3,51.1,22.91,16.28,18.0,32.65,58.3,36.3,16.0,17.35,72.7,125.0,18.15,162.0,185.0,70.6,29.65,93.5,32.0,37.0
2026-01-20 07:00:00,25.05,78.64,53.2,163.1,73.0,18.5,71.61,39.65,64.5,104.5,24.3,22.9,104.1,104.5,68.2,39.0,28.95,27.25,16.75,50.2,29.3,42.35,27.4,80.0,86.0,25.9,12.75,17.5,59.0,74.57,14.3,61.8,52.3,22.96,16.33,17.7,32.6,58.1,35.95,15.55,17.45,73.5,123.0,18.05,161.0,181.8,73.4,29.75,91.7,31.15,36.8
2026-01-21 07:00:00,24.85,75.0,53.0,160.1,73.9,17.9,70.57,40.2,69.0,103.4,24.65,22.2,105.0,110.0,70.5,38.5,29.05,26.8,16.3,50.4,28.7,42.95,27.0,79.9,85.4,26.1,12.6,17.4,59.1,73.23,14.65,61.11,50.6,22.63,16.23,17.4,31.7,62.1,35.8,15.1,17.2,72.8,122.9,17.8,160.5,181.8,70.3,29.05,91.7,31.25,36.8
2026-01-22 07:00:00,24.85,73.23,52.0,159.7,76.0,19.15,71.42,39.9,73.8,103.6,25.85,22.4,103.5,104.8,70.0,39.0,29.2,26.85,16.65,50.2,29.3,43.3,26.95,79.9,86.5,26.35,12.8,18.2,56.5,73.57,14.8,62.2,50.6,22.63,16.08,17.7,31.9,63.5,36.0,16.05,17.4,71.0,120.5,17.85,161.1,181.0,70.9,29.2,92.0,31.85,36.8
2026-01-23 07:00:00,25.05,68.12,50.8,158.0,72.6,18.6,71.04,39.0,73.9,103.6,24.55,22.55,101.0,100.8,68.5,36.9,29.6,26.75,16.35,50.1,28.9,42.4,26.95,79.0,85.8,26.05,12.5,17.8,54.6,74.9,13.9,61.8,49.3,22.68,16.08,17.65,31.9,62.6,36.5,15.35,17.25,68.6,122.5,17.8,165.4,193.6,67.2,28.5,93.8,32.4,36.85
2026-01-26 07:00:00,24.8,66.94,52.5,155.1,67.8,17.95,73.23,38.2,68.8,102.9,23.0,21.6,98.5,107.8,64.0,38.65,28.35,26.3,15.9,50.0,27.65,41.9,26.1,77.3,84.1,26.0,11.85,17.35,57.0,77.83,14.0,60.82,48.5,22.63,15.54,17.35,31.0,62.0,35.65,14.6,17.1,69.6,118.9,17.45,159.9,182.0,68.9,27.75,93.5,31.0,36.25
2026-01-27 07:00:00,24.7,65.96,52.6,162.9,69.0,17.25,73.61,38.25,67.5,103.4,23.3,21.0,102.1,115.3,65.8,39.85,29.0,26.45,15.9,50.0,26.7,42.0,26.5,76.7,85.0,26.65,11.4,17.3,60.9,77.3,14.0,61.41,49.55,22.68,15.83,17.45,30.85,61.9,34.95,14.6,17.2,70.6,110.6,17.4,151.0,178.8,67.7,27.8,91.9,30.9,35.9
2026-01-28 07:00:00,23.9,64.88,51.9,160.5,68.8,18.25,72.85,38.4,68.1,103.5,23.6,20.85,104.5,118.0,65.8,38.2,28.5,26.7,16.2,50.0,26.9,42.0,26.55,79.5,85.5,26.35,11.9,17.45,58.9,78.96,13.8,60.82,48.95,22.63,15.78,17.45,30.95,63.2,34.5,15.5,16.9,69.6,104.3,17.45,140.5,171.5,67.7,27.75,91.0,29.1,35.73
2026-01-29 07:00:00,23.8,64.88,51.9,159.8,69.1,18.05,72.28,38.3,67.8,103.7,23.9,20.95,106.1,116.8,67.9,40.85,27.85,27.1,16.25,50.0,26.9,41.7,26.7,84.1,89.5,26.25,12.15,17.3,57.7,84.3,13.4,61.02,50.3,22.63,15.74,17.45,31.15,62.8,34.9,15.45,16.7,69.8,107.0,17.5,140.5,164.0,71.1,27.65,92.0,30.0,35.8
2026-01-30 07:00:00,24.1,66.94,53.9,163.0,69.8,18.45,73.14,38.75,68.6,104.0,23.95,20.85,104.5,117.0,68.5,39.85,28.3,26.8,16.1,50.0,27.5,41.65,27.2,84.0,92.9,26.3,13.0,17.7,58.9,84.63,13.75,61.11,49.9,22.54,15.78,17.15,31.15,63.0,35.9,15.7,17.2,70.5,106.0,17.8,140.5,170.5,70.6,28.0,92.5,30.2,35.91
2026-02-02 07:00:00,23.75,69.69,55.0,161.0,74.6,18.2,74.95,39.35,67.3,104.0,24.45,20.65,104.3,114.5,68.2,41.8,27.8,26.55,15.75,52.0,27.2,42.0,27.3,83.8,93.7,26.75,12.85,18.0,60.9,78.76,14.35,60.23,49.9,22.54,15.54,17.15,30.8,63.5,35.0,15.4,17.0,71.5,98.6,17.5,130.7,170.0,72.6,27.6,86.8,28.1,36.53
2026-02-03 07:00:00,23.7,72.74,54.1,159.0,79.8,18.25,80.19,39.7,67.9,104.2,24.7,21.5,103.9,117.0,72.9,42.8,27.55,26.75,15.8,52.8,26.85,41.55,27.7,83.8,91.5,26.6,12.85,17.7,60.0,79.96,14.3,61.7,52.1,22.54,15.59,17.0,30.9,63.0,34.7,15.5,17.15,71.8,97.3,17.45,130.7,168.0,71.6,27.5,86.7,28.4,35.97
2026-02-04 07:00:00,23.6,70.68,53.0,157.5,82.0,18.4,81.9,39.6,68.7,103.9,25.0,21.45,101.9,115.8,73.3,41.7,27.55,28.3,16.5,52.7,26.85,42.2,27.8,82.7,91.8,27.05,12.55,17.75,60.0,79.76,14.45,61.61,51.7,22.54,15.59,17.0,31.55,63.8,34.55,15.4,17.4,70.8,91.3,17.4,121.6,165.0,72.0,27.75,85.5,28.25,35.7
2026-02-05 07:00:00,23.45,67.73,51.5,156.6,79.5,18.1,79.81,38.6,67.7,103.1,25.0,21.0,99.0,112.0,71.1,40.0,27.55,27.55,16.15,52.5,26.6,41.0,27.05,79.4,90.2,26.75,12.35,17.45,57.4,77.43,14.2,61.11,50.1,22.54,15.44,16.8,31.0,62.3,34.85,15.4,17.1,68.4,97.6,17.15,130.1,166.5,69.1,27.4,86.0,28.8,35.29
2026-02-06 07:00:00,23.0,64.39,51.4,155.5,78.0,17.1,76.28,37.4,65.3,103.0,24.7,20.6,97.6,115.0,71.5,39.0,26.5,26.8,15.6,52.1,25.4,41.9,27.35,78.2,88.4,26.75,12.2,17.0,57.0,72.57,13.5,60.33,48.75,22.44,15.14,16.8,29.9,61.5,34.6,14.7,16.8,65.1,97.5,16.7,131.0,166.0,69.1,26.8,83.0,28.05,34.97
2026-02-09 07:00:00,22.95,63.01,50.6,155.2,76.5,17.0,76.28,37.1,67.2,103.6,25.35,20.5,99.0,115.7,71.3,38.65,26.8,26.75,15.5,51.9,26.55,41.85,27.6,78.2,89.3,26.95,12.2,17.3,57.3,75.23,13.45,60.42,49.45,22.35,15.04,16.75,29.6,60.3,34.75,15.0,16.8,65.0,95.0,16.7,132.3,165.0,69.6,26.75,83.0,28.2,34.55
2026-02-10 07:00:00,23.0,63.4,47.1,155.2,74.9,17.05,76.28,37.1,68.0,103.4,25.1,20.0,97.8,107.7,71.0,35.95,26.8,26.55,15.45,51.9,27.6,41.8,27.85,76.8,89.3,26.8,12.3,17.3,53.3,75.23,12.95,59.54,48.35,22.25,15.04,16.75,29.95,59.5,34.6,15.05,16.8,63.1,101.3,16.5,141.5,163.0,68.4,26.6,84.5,28.95,34.76
2026-02-11 07:00:00,23.65,63.5,48.5,157.0,78.3,17.8,78.76,37.9,68.5,103.4,25.25,21.4,98.6,102.0,71.3,35.3,27.8,26.85,15.6,51.9,28.55,42.05,29.0,78.0,91.9,26.9,12.8,17.9,51.7,77.23,13.2,60.82,48.7,22.25,15.29,17.0,31.2,61.1,35.3,16.1,17.35,64.7,103.0,16.95,150.8,168.0,69.1,28.3,86.0,29.4,35.44
2026-02-12 07:00:00,23.85,62.8,47.55,159.3,76.6,17.7,77.61,38.0,67.8,103.5,25.0,22.35,98.8,101.4,74.5,35.35,27.85,26.9,15.6,52.0,28.5,41.85,28.35,78.0,92.9,27.05,12.95,17.7,51.7,78.96,13.3,61.02,48.8,22.3,15.14,16.95,31.25,61.1,35.45,16.55,17.15,64.2,109.0,17.1,159.0,168.0,69.0,28.25,85.4,29.95,35.85
2026-02-13 07:00:00,23.85,63.3,46.9,159.0,76.0,17.9,77.04,38.6,68.4,103.5,25.0,23.1,96.3,101.6,75.0,36.4,28.2,26.85,15.5,52.1,28.3,42.05,28.3,78.0,92.8,27.25,12.65,17.4,52.0,79.96,13.4,60.62,48.5,22.54,15.24,17.0,31.4,62.6,35.45,16.65,17.5,64.4,109.0,17.25,160.0,169.2,69.5,28.3,85.6,29.8,36.0
2026-02-23 07:00:00,24.05,64.3,49.1,161.8,81.3,18.65,81.71,38.7,70.2,104.0,25.4,23.4,94.5,108.7,75.5,38.9,28.2,27.5,15.9,52.2,28.0,42.55,28.35,79.2,92.0,27.55,12.75,17.5,55.6,80.1,13.85,61.02,48.85,22.72,15.59,17.1,31.6,62.9,35.85,16.7,18.0,66.4,110.7,17.4,162.3,174.9,70.6,28.8,84.7,30.0,36.1
2026-02-24 07:00:00,24.0,64.6,48.75,162.5,84.0,18.5,83.52,38.2,75.1,104.7,26.9,24.2,92.5,110.5,79.8,39.45,28.5,28.3,16.3,52.2,28.25,42.6,28.25,80.9,92.2,28.2,12.75,17.3,57.7,80.3,13.9,61.31,48.8,22.77,15.34,17.0,32.1,63.4,35.8,16.55,18.05,65.0,111.0,17.3,162.9,186.6,70.2,29.0,83.5,29.5,36.16
2026-02-25 07:00:00,24.45,67.0,48.5,162.0,86.0,18.2,82.66,38.5,76.0,104.6,26.8,23.6,89.1,110.0,80.0,42.2,28.45,29.3,16.4,52.2,27.95,42.3,28.75,80.3,93.0,27.8,12.65,17.0,58.0,79.63,14.3,62.0,49.2,22.82,15.98,16.95,32.15,66.7,36.0,15.9,18.65,65.1,107.0,17.4,158.0,178.5,72.3,28.85,81.0,28.55,36.2
2026-02-26 07:00:00,24.45,66.0,48.45,161.0,84.0,18.15,82.28,38.5,73.6,104.6,26.5,23.9,90.5,106.0,81.4,40.8,28.4,29.4,16.25,52.0,28.0,43.15,28.8,80.4,93.6,27.6,12.6,16.9,57.5,79.96,14.1,62.2,49.1,22.82,15.93,17.0,32.4,67.0,36.45,15.8,18.35,65.4,107.6,17.4,168.9,178.5,70.6,28.9,81.7,29.75,36.54
2026-02-27 07:00:00,24.55,67.3,47.9,158.5,81.1,17.65,84.38,38.25,73.8,104.6,27.6,23.4,92.9,107.9,84.4,40.0,27.95,28.8,16.15,51.3,27.25,43.05,28.5,79.0,93.1,27.75,12.3,16.4,57.8,81.23,14.5,61.8,48.4,22.72,15.74,16.9,32.4,65.5,36.25,15.2,18.4,64.9,108.0,17.3,172.0,175.8,68.2,28.95,83.5,29.05,36.4
2026-03-02 07:00:00,23.95,65.0,45.2,158.7,82.1,16.45,83.8,36.85,75.3,103.3,29.5,22.7,89.6,115.4,81.0,42.8,26.95,28.5,15.7,50.9,27.15,41.9,27.65,78.4,90.0,28.9,11.6,15.6,61.8,82.96,15.5,64.3,47.2,22.72,15.44,16.8,31.85,67.0,34.65,14.6,17.8,62.9,100.5,16.9,167.2,169.0,66.6,28.05,80.1,27.8,35.7
2026-03-03 07:00:00,23.5,62.7,43.55,157.1,81.6,16.3,82.18,35.9,73.8,103.3,31.35,22.8,87.0,123.4,81.5,45.75,26.5,27.7,15.5,50.5,27.3,42.4,27.05,77.0,88.2,28.8,11.55,15.6,66.1,81.3,16.55,64.5,46.0,22.72,15.29,16.75,32.6,67.8,33.6,14.4,17.6,61.6,93.5,16.7,155.5,164.1,63.4,27.45,75.9,26.35,34.87
2026-03-04 07:00:00,23.2,60.1,45.6,151.4,80.0,15.75,79.81,36.4,70.9,103.0,30.6,22.5,85.1,128.7,79.0,43.6,26.35,27.7,15.15,50.6,26.25,43.1,26.95,76.0,88.8,28.0,11.1,15.6,69.5,80.56,15.45,64.5,46.0,22.54,15.29,16.8,33.7,66.7,32.5,13.95,17.3,63.0,93.5,16.85,155.6,163.2,64.9,27.15,74.3,28.0,34.59
2026-03-05 07:00:00,23.55,59.0,44.4,152.0,76.0,16.2,76.76,36.2,71.0,102.8,30.5,22.35,84.4,119.7,77.3,40.55,25.95,27.25,15.0,50.4,26.75,42.85,27.05,75.3,85.2,28.2,11.15,15.65,64.7,77.3,15.15,63.5,45.65,22.49,15.04,17.0,33.5,64.9,32.2,13.95,17.05,62.5,95.0,16.85,164.8,156.4,63.2,27.0,75.5,27.0,34.89
2026-03-06 07:00:00,23.3,58.6,43.55,151.0,76.6,16.25,76.95,35.65,73.1,103.2,31.15,22.05,81.6,112.1,78.0,37.75,25.9,27.25,14.8,50.3,25.7,42.25,26.7,73.3,82.7,27.65,11.25,15.6,62.0,76.3,14.55,62.0,45.6,21.69,15.19,17.0,31.5,63.8,31.45,13.8,16.85,61.6,95.0,16.7,156.5,156.4,62.4,26.65,76.7,26.25,34.1
2026-03-09 07:00:00,21.7,54.5,40.55,140.5,71.3,15.15,71.61,33.2,71.0,99.0,29.95,20.55,75.9,104.3,72.6,35.15,24.1,25.35,13.8,49.7,23.95,40.35,24.85,68.2,77.0,25.75,10.5,14.55,57.7,70.97,13.55,57.7,42.45,21.22,14.16,16.3,29.3,60.8,29.25,12.85,15.7,57.3,88.4,15.65,145.6,153.0,58.1,24.8,71.4,24.45,32.8
2026-03-10 07:00:00,23.15,54.0,41.8,143.2,71.3,14.8,74.28,35.05,75.9,101.4,31.3,21.05,79.5,97.0,71.5,33.35,25.15,27.1,14.3,50.8,25.05,40.6,26.55,68.3,81.0,25.5,10.65,14.6,53.7,75.63,13.1,59.6,44.75,21.26,14.3,16.5,29.65,65.0,30.3,13.7,16.0,60.4,89.8,16.1,141.8,155.0,62.1,25.5,73.0,24.05,33.89
2026-03-11 07:00:00,23.2,56.3,41.7,145.0,74.5,15.8,76.19,35.1,77.7,101.3,31.8,22.45,80.2,103.0,76.5,35.65,25.75,27.4,14.8,51.3,25.75,41.7,26.8,73.0,86.5,26.35,11.1,15.3,55.2,79.3,13.55,60.4,44.8,21.69,14.55,16.6,30.25,66.3,31.1,14.65,16.45,60.4,95.9,17.05,146.0,159.7,63.0,26.45,78.1,25.6,33.99
2026-03-12 07:00:00,23.15,55.3,40.75,143.5,72.3,16.2,74.47,34.3,80.9,100.8,34.0,22.55,77.7,98.7,76.8,35.8,25.7,26.8,14.4,51.3,25.6,41.1,26.25,73.1,84.6,26.5,11.85,15.25,52.0,78.56,13.4,62.5,43.75,21.55,14.75,16.55,29.15,65.7,30.0,14.6,16.05,59.8,95.9,16.65,145.0,152.8,61.6,25.75,80.3,25.9,32.9
2026-03-13 07:00:00,23.45,53.7,40.65,138.5,72.7,16.65,76.57,34.0,77.4,101.3,33.2,22.5,77.0,91.8,75.9,34.0,25.6,26.65,14.35,51.2,26.0,41.5,26.15,73.9,82.0,26.65,12.65,15.45,48.4,77.9,13.3,63.8,44.4,21.22,14.75,16.55,28.4,65.8,30.0,15.1,16.0,59.0,98.0,16.9,144.6,156.8,63.1,25.65,79.3,25.25,32.89
2026-03-16 07:00:00,23.45,53.4,40.3,138.4,72.0,17.0,78.85,34.15,73.9,101.8,30.9,22.35,78.2,87.9,74.0,33.05,25.6,26.75,14.4,50.8,26.2,42.0,26.1,73.5,80.6,25.95,13.5,15.6,46.7,78.63,13.2,63.4,44.5,21.03,15.0,16.55,28.4,66.6,30.2,14.85,16.0,58.8,100.0,17.0,144.7,154.0,61.8,25.5,76.6,25.9,32.88
2026-03-17 07:00:00,23.75,54.1,40.45,140.3,75.7,16.3,79.04,34.4,68.8,102.0,28.75,23.0,79.4,86.4,76.0,33.3,25.7,26.9,14.5,50.6,26.2,43.35,26.35,75.4,82.7,25.55,13.4,15.25,45.65,78.43,13.1,63.0,44.35,21.07,14.85,16.65,28.65,67.6,30.3,14.5,16.1,60.5,102.0,17.0,146.2,157.0,61.5,25.7,76.9,26.45,33.23
2026-03-18 07:00:00,23.75,54.1,41.3,136.7,75.2,16.4,77.61,35.0,64.0,102.0,30.75,22.85,78.6,91.7,79.4,34.0,25.7,26.8,14.75,50.5,26.2,43.65,26.3,75.3,83.7,26.0,13.0,15.25,48.45,76.63,13.3,64.0,44.45,20.74,14.9,16.8,28.0,63.3,30.3,14.4,16.05,60.5,102.0,17.1,146.0,160.0,61.7,25.6,77.8,26.1,33.25
2026-03-19 07:00:00,23.6,52.8,40.65,128.0,74.4,16.75,78.85,34.65,59.6,100.9,30.75,22.35,76.8,88.1,76.5,32.45,25.65,26.7,14.6,50.0,26.25,43.9,26.4,75.4,82.4,25.9,13.9,15.4,46.0,76.56,12.95,65.4,44.35,19.99,14.8,16.95,27.0,63.4,30.05,14.6,16.0,59.8,102.3,16.8,145.0,158.7,61.0,25.6,81.0,26.05,32.8
2026-03-20 07:00:00,23.0,52.8,39.75,129.5,76.0,16.3,79.04,33.6,55.5,100.8,28.85,22.25,74.6,82.0,77.2,30.75,25.0,25.9,14.2,49.95,25.5,41.1,25.95,71.3,79.7,25.95,13.45,15.15,42.8,76.1,13.15,67.4,42.6,19.42,14.7,16.9,26.95,63.4,29.85,14.9,15.8,58.0,100.0,16.8,135.0,157.3,60.0,25.05,79.0,26.15,31.98
2026-03-23 07:00:00,22.5,50.5,38.45,121.2,75.1,15.6,74.85,32.5,51.7,99.8,28.7,21.25,73.1,80.5,72.0,28.6,24.3,25.5,13.85,49.5,24.0,41.15,25.0,70.8,74.2,24.65,12.55,14.5,41.0,70.83,12.7,65.0,42.9,19.8,14.21,16.8,25.4,60.0,28.9,14.95,15.1,57.6,98.0,16.3,125.6,151.8,60.8,24.0,78.3,25.35,31.14
2026-03-24 07:00:00,23.1,51.5,39.1,124.8,80.3,16.65,77.42,33.55,52.5,100.1,28.8,22.15,75.4,80.7,73.9,28.7,24.3,25.95,14.35,48.05,25.0,41.9,25.6,72.1,76.0,25.9,13.25,15.15,39.8,72.3,12.7,66.3,45.1,19.85,14.26,16.8,25.9,60.8,29.85,15.95,15.8,58.2,99.0,16.7,124.0,153.0,61.2,25.25,79.3,25.3,31.33
2026-03-25 07:00:00,23.8,52.9,39.5,128.2,85.9,17.8,80.09,34.05,54.7,101.0,29.4,22.55,77.0,82.5,77.2,30.5,24.9,26.35,14.4,49.6,25.85,41.8,26.0,73.2,79.2,27.7,13.8,15.3,41.3,73.97,13.35,70.9,44.75,20.41,14.8,16.75,26.85,62.2,30.8,16.5,16.15,58.4,104.2,17.25,128.7,153.0,62.1,26.3,82.5,26.35,32.17
2026-03-26 07:00:00,23.6,52.8,38.9,125.1,81.5,18.2,81.42,33.8,52.3,100.8,31.1,22.4,74.2,80.3,77.8,30.0,24.55,25.9,14.5,49.4,25.45,41.8,25.8,72.1,78.5,27.75,14.2,15.35,39.9,70.64,13.1,71.7,43.75,20.46,14.95,16.75,26.35,60.6,30.15,15.9,15.9,57.9,101.1,16.95,130.0,155.0,61.0,26.2,81.8,25.55,31.8
2026-03-27 07:00:00,23.8,54.3,39.85,128.2,84.0,19.1,81.61,34.8,51.8,101.0,30.8,22.75,76.1,82.1,78.5,32.1,25.3,26.5,14.9,49.35,26.4,41.8,26.15,73.3,81.0,27.9,14.3,16.4,42.25,73.23,13.05,71.7,44.15,21.5,15.19,16.9,27.05,59.9,30.65,16.7,16.25,58.8,103.0,17.0,132.6,157.0,61.5,26.45,83.0,25.75,32.31
2026-03-30 07:00:00,23.75,53.6,39.45,126.9,84.5,18.3,80.0,34.05,49.1,101.0,30.85,23.0,74.0,80.8,78.5,33.1,25.2,26.9,14.95,49.0,26.05,41.95,25.75,74.8,80.8,27.9,13.85,16.6,41.4,71.97,13.05,70.0,44.15,21.5,15.24,16.9,26.55,61.2,30.5,16.35,15.95,58.0,103.0,16.9,129.5,157.1,60.6,26.1,83.3,25.65,32.0
2026-03-31 07:00:00,23.55,53.1,39.4,129.1,82.5,18.6,81.33,34.6,50.2,100.9,29.85,23.6,74.7,78.3,79.5,31.7,25.45,26.9,14.85,48.8,26.0,41.9,26.45,75.5,81.8,27.6,14.15,16.35,40.4,71.97,13.0,68.5,44.3,21.4,15.34,16.95,26.95,62.2,30.7,17.4,16.3,58.1,103.0,16.95,135.0,156.0,60.5,26.7,83.4,25.75,32.44
2026-04-01 07:00:00,23.8,54.1,40.25,131.5,83.8,18.35,80.19,34.75,50.5,101.5,28.9,23.4,75.3,80.0,77.4,32.5,25.6,27.15,14.9,49.2,26.5,42.4,26.5,76.9,82.4,27.7,14.15,16.25,40.7,72.83,13.05,67.4,44.5,21.03,15.0,17.0,27.9,62.2,30.8,17.5,16.35,59.0,110.2,17.2,141.0,166.9,61.3,26.8,83.9,27.55,32.92
2026-04-02 07:00:00,23.6,53.6,39.7,129.5,82.5,18.5,78.09,34.3,54.0,100.5,29.5,22.85,74.7,78.7,74.0,32.1,25.6,27.35,14.95,48.8,26.15,41.8,26.3,76.1,81.8,27.0,13.9,16.1,40.4,72.57,12.85,66.3,44.2,20.74,14.65,16.9,27.55,61.1,30.35,17.2,16.0,58.2,117.9,16.9,139.9,165.5,60.8,26.25,83.9,27.2,32.9
2026-04-03 07:00:00,23.5,53.2,39.05,126.1,85.0,18.0,76.19,33.8,56.5,100.7,28.8,22.15,74.0,79.7,70.7,32.05,25.6,26.65,14.8,48.95,25.3,43.1,25.95,75.3,79.3,26.0,14.3,15.9,40.2,72.5,12.65,64.4,44.1,20.65,14.9,16.8,27.0,60.8,29.75,16.5,16.0,57.7,119.2,16.65,141.0,161.1,60.0,25.8,83.2,26.5,32.7
2026-04-06 07:00:00,23.25,52.5,39.35,125.0,81.2,17.4,74.85,33.7,53.0,100.0,27.6,22.1,73.9,78.5,71.2,31.45,25.6,26.85,14.65,48.4,25.0,46.1,25.65,75.3,78.3,25.2,14.55,15.55,38.9,69.7,12.4,64.4,44.4,20.56,14.5,16.75,26.95,61.2,29.05,15.8,15.85,58.0,117.0,16.65,141.6,163.3,60.9,25.6,82.6,25.75,32.4
2026-04-07 07:00:00,23.2,53.2,39.4,124.5,79.9,17.9,75.71,33.7,54.2,99.8,27.95,22.1,74.0,77.3,71.9,31.5,25.1,26.8,14.55,47.8,25.0,48.0,25.6,75.1,78.0,25.2,14.75,15.7,38.6,66.64,12.5,65.2,44.05,20.6,14.7,16.8,27.5,61.7,28.7,16.15,15.75,58.0,115.0,16.7,143.4,163.5,61.0,26.05,81.9,25.8,32.69
2026-04-08 07:00:00,24.1,55.0,41.45,133.2,83.5,18.8,78.57,35.5,55.7,100.8,28.9,23.05,79.1,79.9,74.5,33.2,26.35,28.0,15.1,48.8,26.15,47.5,26.6,77.7,81.9,26.2,15.75,16.6,40.5,71.3,13.0,66.7,45.4,20.7,15.3,17.0,29.4,66.0,30.7,17.25,16.5,60.2,123.0,17.35,153.4,169.5,62.6,27.6,85.0,27.6,34.96
2026-04-09 07:00:00,23.85,55.2,40.6,130.4,79.8,18.9,78.95,35.0,53.1,100.3,28.5,22.6,78.3,78.4,73.6,32.8,26.05,28.25,15.45,48.8,26.2,48.0,26.5,78.0,80.7,25.7,16.7,16.7,39.5,73.3,13.0,65.5,45.1,20.56,15.5,17.15,28.75,66.3,30.9,17.15,16.25,59.4,122.0,17.15,149.2,166.0,61.8,27.1,80.0,27.6,34.1
2026-04-10 07:00:00,23.85,55.5,40.8,133.0,76.4,18.55,78.09,35.0,54.0,100.4,29.1,23.1,77.7,80.7,72.6,33.65,26.15,28.0,15.3,48.8,26.2,49.3,26.7,78.0,81.5,26.2,16.8,16.4,41.15,72.63,13.0,65.8,45.8,20.6,15.4,17.15,28.6,66.9,32.25,17.0,16.3,59.8,121.1,17.45,151.7,167.0,62.8,27.3,81.0,27.5,34.2
2026-04-13 07:00:00,23.75,55.4,40.35,134.0,75.1,19.8,78.95,34.8,54.3,100.2,29.3,22.95,76.0,80.7,73.3,32.6,25.9,27.8,15.35,48.7,26.2,47.95,26.45,77.0,81.3,26.55,17.2,16.5,40.7,73.3,13.1,66.5,45.45,20.6,15.0,17.1,28.4,67.3,31.9,17.1,16.35,59.2,122.9,17.75,160.0,166.8,62.8,26.9,80.2,27.55,34.05
2026-04-14 07:00:00,24.0,55.5,40.4,143.3,75.2,19.75,79.81,34.9,56.3,99.5,28.7,23.0,76.2,79.3,74.4,32.7,26.1,28.55,16.4,48.85,26.2,48.0,26.7,77.6,81.6,26.35,17.1,16.45,40.15,72.97,13.15,65.9,45.15,20.65,15.1,17.0,28.7,66.1,32.05,17.3,16.45,59.3,128.9,17.6,165.5,166.8,62.0,27.35,80.0,27.9,34.38
2026-04-15 07:00:00,23.8,54.6,40.3,142.8,74.0,19.4,78.28,35.05,54.6,99.6,28.35,22.7,75.1,79.2,74.3,33.0,26.35,28.05,16.2,48.45,26.55,47.7,26.6,77.2,80.0,26.1,17.5,16.45,39.8,72.77,13.05,64.9,46.15,20.65,15.4,16.9,28.7,64.3,31.85,17.0,16.4,59.9,137.0,17.35,177.0,178.2,61.3,27.35,84.0,29.3,34.64
2026-04-16 07:00:00,23.65,55.0,40.2,151.5,73.5,19.5,77.9,34.6,54.9,99.6,28.65,22.35,74.1,78.4,73.6,32.2,26.1,27.95,16.0,47.9,26.3,47.3,26.3,78.0,81.3,26.2,17.0,16.4,39.1,72.57,13.35,64.5,45.75,20.65,15.55,16.65,28.85,63.8,31.9,17.55,16.25,59.4,143.1,17.15,189.3,178.2,61.1,27.6,86.1,29.6,34.9
2026-04-17 07:00:00,23.75,55.7,40.3,148.1,72.6,19.0,78.8,34.85,54.5,99.7,28.9,22.4,76.0,80.1,74.6,33.5,26.2,28.0,16.0,48.0,26.05,46.0,26.45,79.5,86.9,26.0,17.05,16.15,39.95,73.97,13.25,64.4,45.5,20.65,15.3,16.85,28.55,64.0,32.25,17.1,16.25,59.5,135.7,17.35,187.9,177.8,61.3,28.25,82.8,28.6,35.0
2026-04-20 07:00:00,23.95,57.3,40.55,153.8,72.3,19.0,83.0,35.1,53.1,99.6,28.6,22.55,76.9,79.2,74.2,33.0,26.9,28.45,16.2,48.1,26.0,46.0,26.35,79.8,87.3,26.3,17.15,16.15,39.45,76.63,13.15,65.3,45.5,20.6,15.3,16.85,28.95,64.2,32.6,17.1,16.4,60.1,145.1,17.5,191.0,175.3,61.5,28.05,85.3,29.45,35.33
2026-04-21 07:00:00,23.75,55.6,40.4,151.0,71.2,18.6,81.3,34.85,53.3,99.7,28.2,22.95,75.1,78.7,74.0,32.65,26.7,28.55,16.1,47.5,25.7,47.05,26.3,79.0,85.6,25.85,17.7,16.15,39.35,74.57,13.1,64.8,45.15,20.55,15.15,16.8,28.3,67.7,32.7,16.7,16.25,59.6,145.8,17.2,193.7,175.7,61.6,27.55,83.7,29.3,35.43
2026-04-22 07:00:00,23.6,55.2,40.25,150.0,70.8,19.0,81.1,34.9,54.8,99.4,28.0,22.65,74.6,78.1,73.5,32.75,26.55,28.2,15.9,47.5,25.7,47.0,26.2,79.0,86.4,25.35,18.75,16.15,39.0,73.3,13.0,64.8,45.05,20.5,15.2,16.8,28.15,66.5,33.0,16.9,16.3,59.4,150.3,17.3,207.2,175.7,61.8,27.55,83.9,29.95,35.5
2026-04-23 07:00:00,23.5,54.3,41.6,148.6,71.0,18.85,86.7,35.5,53.5,99.6,27.0,22.4,74.3,77.4,74.2,32.6,26.6,27.8,15.7,46.8,25.6,46.5,26.4,78.2,84.5,24.6,19.2,16.05,39.3,71.7,12.75,62.2,48.2,20.5,14.8,16.7,27.95,65.4,33.3,17.1,16.3,62.8,149.0,17.2,214.5,174.9,62.0,27.4,83.5,29.05,35.97
