date,ACB,BCM,BID,BMP,BVH,CII,CTD,CTG,DGC,DHG,DPM,EIB,FPT,GAS,GMD,GVR,HDB,HPG,HSG,KDC,KDH,LPB,MBB,MSN,MWG,NT2,NVL,PDR,PLX,PNJ,POW,REE,SAB,SBT,SHB,SSB,SSI,STB,TCB,TCH,TPB,VCB,VHM,VIB,VIC,VJC,VNM,VPB,VPL,VRE,E1VFVN30
2014-10-06 07:00:00,,,,,,,,,,,,,,,,,,,,,,,,,,,,,,,,,,,,,,,,,,,,,,,,,,,12.2
2014-10-07 07:00:00,,,,,,,,,,,,,,,,,,,,,,,,,,,,,,,,,,,,,,,,,,,,,,,,,,,10.6
2014-10-08 07:00:00,,,,,,,,,,,,,,,,,,,,,,,,,,,,,,,,,,,,,,,,,,,,,,,,,,,10.4
2014-10-09 07:00:00,,,,,,,,,,,,,,,,,,,,,,,,,,,,,,,,,,,,,,,,,,,,,,,,,,,10.4
2014-10-10 07:00:00,,,,,,,,,,,,,,,,,,,,,,,,,,,,,,,,,,,,,,,,,,,,,,,,,,,10.1
2014-10-13 07:00:00,,,,,,,,,,,,,,,,,,,,,,,,,,,,,,,,,,,,,,,,,,,,,,,,,,,9.9
2014-10-14 07:00:00,,,,,,,,,,,,,,,,,,,,,,,,,,,,,,,,,,,,,,,,,,,,,,,,,,,9.9
2014-10-15 07:00:00,,,,,,,,,,,,,,,,,,,,,,,,,,,,,,,,,,,,,,,,,,,,,,,,,,,9.9
2014-10-16 07:00:00,,,,,,,,,,,,,,,,,,,,,,,,,,,,,,,,,,,,,,,,,,,,,,,,,,,9.9
2014-10-17 07:00:00,,,,,,,,,,,,,,,,,,,,,,,,,,,,,,,,,,,,,,,,,,,,,,,,,,,9.8
2014-10-20 07:00:00,,,,,,,,,,,,,,,,,,,,,,,,,,,,,,,,,,,,,,,,,,,,,,,,,,,9.9
2014-10-21 07:00:00,,,,,,,,,,,,,,,,,,,,,,,,,,,,,,,,,,,,,,,,,,,,,,,,,,,9.9
2014-10-22 07:00:00,,,,,,,,,,,,,,,,,,,,,,,,,,,,,,,,,,,,,,,,,,,,,,,,,,,9.9
2014-10-23 07:00:00,,,,,,,,,,,,,,,,,,,,,,,,,,,,,,,,,,,,,,,,,,,,,,,,,,,9.8
2014-10-24 07:00:00,,,,,,,,,,,,,,,,,,,,,,,,,,,,,,,,,,,,,,,,,,,,,,,,,,,9.7
2014-10-27 07:00:00,,,,,,,,,,,,,,,,,,,,,,,,,,,,,,,,,,,,,,,,,,,,,,,,,,,9.7
2014-10-28 07:00:00,,,,,,,,,,,,,,,,,,,,,,,,,,,,,,,,,,,,,,,,,,,,,,,,,,,9.6
2014-10-29 07:00:00,,,,,,,,,,,,,,,,,,,,,,,,,,,,,,,,,,,,,,,,,,,,,,,,,,,9.8
2014-10-30 07:00:00,,,,,,,,,,,,,,,,,,,,,,,,,,,,,,,,,,,,,,,,,,,,,,,,,,,9.8
2014-10-31 07:00:00,,,,,,,,,,,,,,,,,,,,,,,,,,,,,,,,,,,,,,,,,,,,,,,,,,,9.9
2014-11-03 07:00:00,,,,,,,,,,,,,,,,,,,,,,,,,,,,,,,,,,,,,,,,,,,,,,,,,,,10.1
2014-11-04 07:00:00,,,,,,,,,,,,,,,,,,,,,,,,,,,,,,,,,,,,,,,,,,,,,,,,,,,10.2
2014-11-05 07:00:00,,,,,,,,,,,,,,,,,,,,,,,,,,,,,,,,,,,,,,,,,,,,,,,,,,,10.1
2014-11-06 07:00:00,,,,,,,,,,,,,,,,,,,,,,,,,,,,,,,,,,,,,,,,,,,,,,,,,,,10.0
2014-11-07 07:00:00,,,,,,,,,,,,,,,,,,,,,,,,,,,,,,,,,,,,,,,,,,,,,,,,,,,10.0
2014-11-10 07:00:00,,,,,,,,,,,,,,,,,,,,,,,,,,,,,,,,,,,,,,,,,,,,,,,,,,,10.0
2014-11-11 07:00:00,,,,,,,,,,,,,,,,,,,,,,,,,,,,,,,,,,,,,,,,,,,,,,,,,,,10.0
2014-11-12 07:00:00,,,,,,,,,,,,,,,,,,,,,,,,,,,,,,,,,,,,,,,,,,,,,,,,,,,10.1
2014-11-13 07:00:00,,,,,,,,,,,,,,,,,,,,,,,,,,,,,,,,,,,,,,,,,,,,,,,,,,,10.1
2014-11-14 07:00:00,,,,,,,,,,,,,,,,,,,,,,,,,,,,,,,,,,,,,,,,,,,,,,,,,,,10.0
2014-11-17 07:00:00,,,,,,,,,,,,,,,,,,,,,,,,,,,,,,,,,,,,,,,,,,,,,,,,,,,9.9
2014-11-18 07:00:00,,,,,,,,,,,,,,,,,,,,,,,,,,,,,,,,,,,,,,,,,,,,,,,,,,,10.0
2014-11-19 07:00:00,,,,,,,,,,,,,,,,,,,,,,,,,,,,,,,,,,,,,,,,,,,,,,,,,,,10.0
2014-11-20 07:00:00,,,,,,,,,,,,,,,,,,,,,,,,,,,,,,,,,,,,,,,,,,,,,,,,,,,9.9
2014-11-21 07:00:00,,,,,,,,,,,,,,,,,,,,,,,,,,,,,,,,,,,,,,,,,,,,,,,,,,,10.0
2014-11-24 07:00:00,,,,,,,,,,,,,,,,,,,,,,,,,,,,,,,,,,,,,,,,,,,,,,,,,,,9.7
2014-11-25 07:00:00,,,,,,,,,,,,,,,,,,,,,,,,,,,,,,,,,,,,,,,,,,,,,,,,,,,9.7
2014-11-26 07:00:00,,,,,,,,,,,,,,,,,,,,,,,,,,,,,,,,,,,,,,,,,,,,,,,,,,,9.7
2014-11-27 07:00:00,,,,,,,,,,,,,,,,,,,,,,,,,,,,,,,,,,,,,,,,,,,,,,,,,,,9.6
2014-11-28 07:00:00,,,,,,,,,,,,,,,,,,,,,,,,,,,,,,,,,,,,,,,,,,,,,,,,,,,9.5
2014-12-01 07:00:00,,,,,,,,,,,,,,,,,,,,,,,,,,,,,,,,,,,,,,,,,,,,,,,,,,,9.7
2014-12-02 07:00:00,,,,,,,,,,,,,,,,,,,,,,,,,,,,,,,,,,,,,,,,,,,,,,,,,,,9.6
2014-12-03 07:00:00,,,,,,,,,,,,,,,,,,,,,,,,,,,,,,,,,,,,,,,,,,,,,,,,,,,9.6
2014-12-04 07:00:00,,,,,,,,,,,,,,,,,,,,,,,,,,,,,,,,,,,,,,,,,,,,,,,,,,,9.7
2014-12-05 07:00:00,,,,,,,,,,,,,,,,,,,,,,,,,,,,,,,,,,,,,,,,,,,,,,,,,,,9.7
2014-12-08 07:00:00,,,,,,,,,,,,,,,,,,,,,,,,,,,,,,,,,,,,,,,,,,,,,,,,,,,9.7
2014-12-09 07:00:00,,,,,,,,,,,,,,,,,,,,,,,,,,,,,,,,,,,,,,,,,,,,,,,,,,,9.6
2014-12-10 07:00:00,,,,,,,,,,,,,,,,,,,,,,,,,,,,,,,,,,,,,,,,,,,,,,,,,,,9.5
2014-12-11 07:00:00,,,,,,,,,,,,,,,,,,,,,,,,,,,,,,,,,,,,,,,,,,,,,,,,,,,9.5
2014-12-12 07:00:00,,,,,,,,,,,,,,,,,,,,,,,,,,,,,,,,,,,,,,,,,,,,,,,,,,,9.5
2014-12-15 07:00:00,,,,,,,,,,,,,,,,,,,,,,,,,,,,,,,,,,,,,,,,,,,,,,,,,,,9.5
2014-12-16 07:00:00,,,,,,,,,,,,,,,,,,,,,,,,,,,,,,,,,,,,,,,,,,,,,,,,,,,9.4
2014-12-17 07:00:00,,,,,,,,,,,,,,,,,,,,,,,,,,,,,,,,,,,,,,,,,,,,,,,,,,,9.3
2014-12-18 07:00:00,,,,,,,,,,,,,,,,,,,,,,,,,,,,,,,,,,,,,,,,,,,,,,,,,,,9.0
2014-12-19 07:00:00,,,,,,,,,,,,,,,,,,,,,,,,,,,,,,,,,,,,,,,,,,,,,,,,,,,9.4
2014-12-22 07:00:00,,,,,,,,,,,,,,,,,,,,,,,,,,,,,,,,,,,,,,,,,,,,,,,,,,,9.2
2014-12-23 07:00:00,,,,,,,,,,,,,,,,,,,,,,,,,,,,,,,,,,,,,,,,,,,,,,,,,,,9.2
2014-12-24 07:00:00,,,,,,,,,,,,,,,,,,,,,,,,,,,,,,,,,,,,,,,,,,,,,,,,,,,9.2
2014-12-25 07:00:00,,,,,,,,,,,,,,,,,,,,,,,,,,,,,,,,,,,,,,,,,,,,,,,,,,,9.1
2014-12-26 07:00:00,,,,,,,,,,,,,,,,,,,,,,,,,,,,,,,,,,,,,,,,,,,,,,,,,,,9.2
2014-12-29 07:00:00,,,,,,,,,,,,,,,,,,,,,,,,,,,,,,,,,,,,,,,,,,,,,,,,,,,9.2
2014-12-30 07:00:00,,,,,,,,,,,,,,,,,,,,,,,,,,,,,,,,,,,,,,,,,,,,,,,,,,,9.3
2014-12-31 07:00:00,,,,,,,,,,,,,,,,,,,,,,,,,,,,,,,,,,,,,,,,,,,,,,,,,,,9.4
2015-01-05 07:00:00,,,,,,,,,,,,,,,,,,,,,,,,,,,,,,,,,,,,,,,,,,,,,,,,,,,9.4
2015-01-06 07:00:00,,,,,,,,,,,,,,,,,,,,,,,,,,,,,,,,,,,,,,,,,,,,,,,,,,,9.4
2015-01-07 07:00:00,,,,,,,,,,,,,,,,,,,,,,,,,,,,,,,,,,,,,,,,,,,,,,,,,,,9.5
2015-01-08 07:00:00,,,,,,,,,,,,,,,,,,,,,,,,,,,,,,,,,,,,,,,,,,,,,,,,,,,9.5
2015-01-09 07:00:00,,,,,,,,,,,,,,,,,,,,,,,,,,,,,,,,,,,,,,,,,,,,,,,,,,,9.5
2015-01-12 07:00:00,,,,,,,,,,,,,,,,,,,,,,,,,,,,,,,,,,,,,,,,,,,,,,,,,,,9.7
2015-01-13 07:00:00,,,,,,,,,,,,,,,,,,,,,,,,,,,,,,,,,,,,,,,,,,,,,,,,,,,9.6
2015-01-14 07:00:00,,,,,,,,,,,,,,,,,,,,,,,,,,,,,,,,,,,,,,,,,,,,,,,,,,,9.6
2015-01-15 07:00:00,,,,,,,,,,,,,,,,,,,,,,,,,,,,,,,,,,,,,,,,,,,,,,,,,,,9.6
2015-01-16 07:00:00,,,,,,,,,,,,,,,,,,,,,,,,,,,,,,,,,,,,,,,,,,,,,,,,,,,9.6
2015-01-19 07:00:00,,,,,,,,,,,,,,,,,,,,,,,,,,,,,,,,,,,,,,,,,,,,,,,,,,,9.5
2015-01-20 07:00:00,,,,,,,,,,,,,,,,,,,,,,,,,,,,,,,,,,,,,,,,,,,,,,,,,,,9.5
2015-01-21 07:00:00,,,,,,,,,,,,,,,,,,,,,,,,,,,,,,,,,,,,,,,,,,,,,,,,,,,9.5
2015-01-22 07:00:00,,,,,,,,,,,,,,,,,,,,,,,,,,,,,,,,,,,,,,,,,,,,,,,,,,,9.4
2015-01-23 07:00:00,,,,,,,,,,,,,,,,,,,,,,,,,,,,,,,,,,,,,,,,,,,,,,,,,,,9.5
2015-01-26 07:00:00,,,,,,,,,,,,,,,,,,,,,,,,,,,,,,,,,,,,,,,,,,,,,,,,,,,9.5
2015-01-27 07:00:00,,,,,,,,,,,,,,,,,,,,,,,,,,,,,,,,,,,,,,,,,,,,,,,,,,,9.5
2015-01-28 07:00:00,,,,,,,,,,,,,,,,,,,,,,,,,,,,,,,,,,,,,,,,,,,,,,,,,,,9.5
2015-01-29 07:00:00,,,,,,,,,,,,,,,,,,,,,,,,,,,,,,,,,,,,,,,,,,,,,,,,,,,9.5
2015-01-30 07:00:00,,,,,,,,,,,,,,,,,,,,,,,,,,,,,,,,,,,,,,,,,,,,,,,,,,,9.5
2015-02-02 07:00:00,,,,,,,,,,,,,,,,,,,,,,,,,,,,,,,,,,,,,,,,,,,,,,,,,,,9.4
2015-02-03 07:00:00,,,,,,,,,,,,,,,,,,,,,,,,,,,,,,,,,,,,,,,,,,,,,,,,,,,9.4
2015-02-04 07:00:00,,,,,,,,,,,,,,,,,,,,,,,,,,,,,,,,,,,,,,,,,,,,,,,,,,,9.3
2015-02-05 07:00:00,,,,,,,,,,,,,,,,,,,,,,,,,,,,,,,,,,,,,,,,,,,,,,,,,,,9.3
2015-02-06 07:00:00,,,,,,,,,,,,,,,,,,,,,,,,,,,,,,,,,,,,,,,,,,,,,,,,,,,9.3
2015-02-09 07:00:00,,,,,,,,,,,,,,,,,,,,,,,,,,,,,,,,,,,,,,,,,,,,,,,,,,,9.3
2015-02-10 07:00:00,,,,,,,,,,,,,,,,,,,,,,,,,,,,,,,,,,,,,,,,,,,,,,,,,,,9.3
2015-02-11 07:00:00,,,,,,,,,,,,,,,,,,,,,,,,,,,,,,,,,,,,,,,,,,,,,,,,,,,9.3
2015-02-12 07:00:00,,,,,,,,,,,,,,,,,,,,,,,,,,,,,,,,,,,,,,,,,,,,,,,,,,,9.4
2015-02-13 07:00:00,,,,,,,,,,,,,,,,,,,,,,,,,,,,,,,,,,,,,,,,,,,,,,,,,,,9.5
2015-02-24 07:00:00,,,,,,,,,,,,,,,,,,,,,,,,,,,,,,,,,,,,,,,,,,,,,,,,,,,9.5
2015-02-25 07:00:00,,,,,,,,,,,,,,,,,,,,,,,,,,,,,,,,,,,,,,,,,,,,,,,,,,,9.6
2015-02-26 07:00:00,,,,,,,,,,,,,,,,,,,,,,,,,,,,,,,,,,,,,,,,,,,,,,,,,,,9.5
2015-02-27 07:00:00,,,,,,,,,,,,,,,,,,,,,,,,,,,,,,,,,,,,,,,,,,,,,,,,,,,9.6
2015-03-02 07:00:00,,,,,,,,,,,,,,,,,,,,,,,,,,,,,,,,,,,,,,,,,,,,,,,,,,,9.6
2015-03-03 07:00:00,,,,,,,,,,,,,,,,,,,,,,,,,,,,,,,,,,,,,,,,,,,,,,,,,,,9.6
2015-03-04 07:00:00,,,,,,,,,,,,,,,,,,,,,,,,,,,,,,,,,,,,,,,,,,,,,,,,,,,9.7
2015-03-05 07:00:00,,,,,,,,,,,,,,,,,,,,,,,,,,,,,,,,,,,,,,,,,,,,,,,,,,,9.6
2015-03-06 07:00:00,,,,,,,,,,,,,,,,,,,,,,,,,,,,,,,,,,,,,,,,,,,,,,,,,,,9.7
2015-03-09 07:00:00,,,,,,,,,,,,,,,,,,,,,,,,,,,,,,,,,,,,,,,,,,,,,,,,,,,9.6
2015-03-10 07:00:00,,,,,,,,,,,,,,,,,,,,,,,,,,,,,,,,,,,,,,,,,,,,,,,,,,,9.6
2015-03-11 07:00:00,,,,,,,,,,,,,,,,,,,,,,,,,,,,,,,,,,,,,,,,,,,,,,,,,,,9.5
2015-03-12 07:00:00,,,,,,,,,,,,,,,,,,,,,,,,,,,,,,,,,,,,,,,,,,,,,,,,,,,9.5
2015-03-13 07:00:00,,,,,,,,,,,,,,,,,,,,,,,,,,,,,,,,,,,,,,,,,,,,,,,,,,,9.6
2015-03-16 07:00:00,,,,,,,,,,,,,,,,,,,,,,,,,,,,,,,,,,,,,,,,,,,,,,,,,,,9.5
2015-03-17 07:00:00,,,,,,,,,,,,,,,,,,,,,,,,,,,,,,,,,,,,,,,,,,,,,,,,,,,9.4
2015-03-18 07:00:00,,,,,,,,,,,,,,,,,,,,,,,,,,,,,,,,,,,,,,,,,,,,,,,,,,,9.5
2015-03-19 07:00:00,,,,,,,,,,,,,,,,,,,,,,,,,,,,,,,,,,,,,,,,,,,,,,,,,,,9.4
2015-03-20 07:00:00,,,,,,,,,,,,,,,,,,,,,,,,,,,,,,,,,,,,,,,,,,,,,,,,,,,9.3
2015-03-23 07:00:00,,,,,,,,,,,,,,,,,,,,,,,,,,,,,,,,,,,,,,,,,,,,,,,,,,,9.5
2015-03-24 07:00:00,,,,,,,,,,,,,,,,,,,,,,,,,,,,,,,,,,,,,,,,,,,,,,,,,,,9.3
2015-03-25 07:00:00,,,,,,,,,,,,,,,,,,,,,,,,,,,,,,,,,,,,,,,,,,,,,,,,,,,9.3
2015-03-26 07:00:00,,,,,,,,,,,,,,,,,,,,,,,,,,,,,,,,,,,,,,,,,,,,,,,,,,,9.2
2015-03-27 07:00:00,,,,,,,,,,,,,,,,,,,,,,,,,,,,,,,,,,,,,,,,,,,,,,,,,,,9.3
2015-03-30 07:00:00,,,,,,,,,,,,,,,,,,,,,,,,,,,,,,,,,,,,,,,,,,,,,,,,,,,9.3
2015-03-31 07:00:00,,,,,,,,,,,,,,,,,,,,,,,,,,,,,,,,,,,,,,,,,,,,,,,,,,,9.2
2015-04-01 07:00:00,,,,,,,,,,,,,,,,,,,,,,,,,,,,,,,,,,,,,,,,,,,,,,,,,,,9.1
2015-04-02 07:00:00,,,,,,,,,,,,,,,,,,,,,,,,,,,,,,,,,,,,,,,,,,,,,,,,,,,9.0
2015-04-03 07:00:00,,,,,,,,,,,,,,,,,,,,,,,,,,,,,,,,,,,,,,,,,,,,,,,,,,,9.0
2015-04-06 07:00:00,,,,,,,,,,,,,,,,,,,,,,,,,,,,,,,,,,,,,,,,,,,,,,,,,,,9.0
2015-04-07 07:00:00,,,,,,,,,,,,,,,,,,,,,,,,,,,,,,,,,,,,,,,,,,,,,,,,,,,9.0
2015-04-08 07:00:00,,,,,,,,,,,,,,,,,,,,,,,,,,,,,,,,,,,,,,,,,,,,,,,,,,,8.9
2015-04-09 07:00:00,,,,,,,,,,,,,,,,,,,,,,,,,,,,,,,,,,,,,,,,,,,,,,,,,,,9.0
2015-04-10 07:00:00,,,,,,,,,,,,,,,,,,,,,,,,,,,,,,,,,,,,,,,,,,,,,,,,,,,9.1
2015-04-13 07:00:00,,,,,,,,,,,,,,,,,,,,,,,,,,,,,,,,,,,,,,,,,,,,,,,,,,,9.1
2015-04-14 07:00:00,,,,,,,,,,,,,,,,,,,,,,,,,,,,,,,,,,,,,,,,,,,,,,,,,,,9.0
2015-04-15 07:00:00,,,,,,,,,,,,,,,,,,,,,,,,,,,,,,,,,,,,,,,,,,,,,,,,,,,9.1
2015-04-16 07:00:00,,,,,,,,,,,,,,,,,,,,,,,,,,,,,,,,,,,,,,,,,,,,,,,,,,,9.2
2015-04-17 07:00:00,,,,,,,,,,,,,,,,,,,,,,,,,,,,,,,,,,,,,,,,,,,,,,,,,,,9.3
2015-04-20 07:00:00,,,,,,,,,,,,,,,,,,,,,,,,,,,,,,,,,,,,,,,,,,,,,,,,,,,9.2
2015-04-21 07:00:00,,,,,,,,,,,,,,,,,,,,,,,,,,,,,,,,,,,,,,,,,,,,,,,,,,,9.2
2015-04-22 07:00:00,,,,,,,,,,,,,,,,,,,,,,,,,,,,,,,,,,,,,,,,,,,,,,,,,,,9.2
2015-04-23 07:00:00,,,,,,,,,,,,,,,,,,,,,,,,,,,,,,,,,,,,,,,,,,,,,,,,,,,9.3
2015-04-24 07:00:00,,,,,,,,,,,,,,,,,,,,,,,,,,,,,,,,,,,,,,,,,,,,,,,,,,,9.1
2015-04-27 07:00:00,,,,,,,,,,,,,,,,,,,,,,,,,,,,,,,,,,,,,,,,,,,,,,,,,,,9.3
2015-05-04 07:00:00,,,,,,,,,,,,,,,,,,,,,,,,,,,,,,,,,,,,,,,,,,,,,,,,,,,9.1
2015-05-05 07:00:00,,,,,,,,,,,,,,,,,,,,,,,,,,,,,,,,,,,,,,,,,,,,,,,,,,,8.9
2015-05-06 07:00:00,,,,,,,,,,,,,,,,,,,,,,,,,,,,,,,,,,,,,,,,,,,,,,,,,,,9.0
2015-05-07 07:00:00,,,,,,,,,,,,,,,,,,,,,,,,,,,,,,,,,,,,,,,,,,,,,,,,,,,9.0
2015-05-08 07:00:00,,,,,,,,,,,,,,,,,,,,,,,,,,,,,,,,,,,,,,,,,,,,,,,,,,,8.9
2015-05-11 07:00:00,,,,,,,,,,,,,,,,,,,,,,,,,,,,,,,,,,,,,,,,,,,,,,,,,,,9.0
2015-05-12 07:00:00,,,,,,,,,,,,,,,,,,,,,,,,,,,,,,,,,,,,,,,,,,,,,,,,,,,9.0
2015-05-13 07:00:00,,,,,,,,,,,,,,,,,,,,,,,,,,,,,,,,,,,,,,,,,,,,,,,,,,,8.8
2015-05-14 07:00:00,,,,,,,,,,,,,,,,,,,,,,,,,,,,,,,,,,,,,,,,,,,,,,,,,,,8.9
2015-05-15 07:00:00,,,,,,,,,,,,,,,,,,,,,,,,,,,,,,,,,,,,,,,,,,,,,,,,,,,8.9
2015-05-18 07:00:00,,,,,,,,,,,,,,,,,,,,,,,,,,,,,,,,,,,,,,,,,,,,,,,,,,,8.7
2015-05-19 07:00:00,,,,,,,,,,,,,,,,,,,,,,,,,,,,,,,,,,,,,,,,,,,,,,,,,,,8.7
2015-05-20 07:00:00,,,,,,,,,,,,,,,,,,,,,,,,,,,,,,,,,,,,,,,,,,,,,,,,,,,8.8
2015-05-21 07:00:00,,,,,,,,,,,,,,,,,,,,,,,,,,,,,,,,,,,,,,,,,,,,,,,,,,,8.8
2015-05-22 07:00:00,,,,,,,,,,,,,,,,,,,,,,,,,,,,,,,,,,,,,,,,,,,,,,,,,,,9.1
2015-05-25 07:00:00,,,,,,,,,,,,,,,,,,,,,,,,,,,,,,,,,,,,,,,,,,,,,,,,,,,9.0
2015-05-26 07:00:00,,,,,,,,,,,,,,,,,,,,,,,,,,,,,,,,,,,,,,,,,,,,,,,,,,,9.1
2015-05-27 07:00:00,,,,,,,,,,,,,,,,,,,,,,,,,,,,,,,,,,,,,,,,,,,,,,,,,,,9.1
2015-05-28 07:00:00,,,,,,,,,,,,,,,,,,,,,,,,,,,,,,,,,,,,,,,,,,,,,,,,,,,9.2
2015-05-29 07:00:00,,,,,,,,,,,,,,,,,,,,,,,,,,,,,,,,,,,,,,,,,,,,,,,,,,,9.1
2015-06-01 07:00:00,,,,,,,,,,,,,,,,,,,,,,,,,,,,,,,,,,,,,,,,,,,,,,,,,,,9.1
2015-06-02 07:00:00,,,,,,,,,,,,,,,,,,,,,,,,,,,,,,,,,,,,,,,,,,,,,,,,,,,9.1
2015-06-03 07:00:00,,,,,,,,,,,,,,,,,,,,,,,,,,,,,,,,,,,,,,,,,,,,,,,,,,,9.0
2015-06-04 07:00:00,,,,,,,,,,,,,,,,,,,,,,,,,,,,,,,,,,,,,,,,,,,,,,,,,,,9.0
2015-06-05 07:00:00,,,,,,,,,,,,,,,,,,,,,,,,,,,,,,,,,,,,,,,,,,,,,,,,,,,9.1
2015-06-08 07:00:00,,,,,,,,,,,,,,,,,,,,,,,,,,,,,,,,,,,,,,,,,,,,,,,,,,,9.1
2015-06-09 07:00:00,,,,,,,,,,,,,,,,,,,,,,,,,,,,,,,,,,,,,,,,,,,,,,,,,,,9.1
2015-06-10 07:00:00,,,,,,,,,,,,,,,,,,,,,,,,,,,,,,,,,,,,,,,,,,,,,,,,,,,9.2
2015-06-11 07:00:00,,,,,,,,,,,,,,,,,,,,,,,,,,,,,,,,,,,,,,,,,,,,,,,,,,,9.2
2015-06-12 07:00:00,,,,,,,,,,,,,,,,,,,,,,,,,,,,,,,,,,,,,,,,,,,,,,,,,,,9.2
2015-06-15 07:00:00,,,,,,,,,,,,,,,,,,,,,,,,,,,,,,,,,,,,,,,,,,,,,,,,,,,9.3
2015-06-16 07:00:00,,,,,,,,,,,,,,,,,,,,,,,,,,,,,,,,,,,,,,,,,,,,,,,,,,,9.4
2015-06-17 07:00:00,,,,,,,,,,,,,,,,,,,,,,,,,,,,,,,,,,,,,,,,,,,,,,,,,,,9.2
2015-06-18 07:00:00,,,,,,,,,,,,,,,,,,,,,,,,,,,,,,,,,,,,,,,,,,,,,,,,,,,9.3
2015-06-19 07:00:00,,,,,,,,,,,,,,,,,,,,,,,,,,,,,,,,,,,,,,,,,,,,,,,,,,,9.4
2015-06-22 07:00:00,,,,,,,,,,,,,,,,,,,,,,,,,,,,,,,,,,,,,,,,,,,,,,,,,,,9.4
2015-06-23 07:00:00,,,,,,,,,,,,,,,,,,,,,,,,,,,,,,,,,,,,,,,,,,,,,,,,,,,9.4
2015-06-24 07:00:00,,,,,,,,,,,,,,,,,,,,,,,,,,,,,,,,,,,,,,,,,,,,,,,,,,,9.5
2015-06-25 07:00:00,,,,,,,,,,,,,,,,,,,,,,,,,,,,,,,,,,,,,,,,,,,,,,,,,,,9.4
2015-06-26 07:00:00,,,,,,,,,,,,,,,,,,,,,,,,,,,,,,,,,,,,,,,,,,,,,,,,,,,9.5
2015-06-29 07:00:00,,,,,,,,,,,,,,,,,,,,,,,,,,,,,,,,,,,,,,,,,,,,,,,,,,,9.6
2015-06-30 07:00:00,,,,,,,,,,,,,,,,,,,,,,,,,,,,,,,,,,,,,,,,,,,,,,,,,,,9.7
2015-07-01 07:00:00,,,,,,,,,,,,,,,,,,,,,,,,,,,,,,,,,,,,,,,,,,,,,,,,,,,9.7
2015-07-02 07:00:00,,,,,,,,,,,,,,,,,,,,,,,,,,,,,,,,,,,,,,,,,,,,,,,,,,,9.7
2015-07-03 07:00:00,,,,,,,,,,,,,,,,,,,,,,,,,,,,,,,,,,,,,,,,,,,,,,,,,,,9.9
2015-07-06 07:00:00,,,,,,,,,,,,,,,,,,,,,,,,,,,,,,,,,,,,,,,,,,,,,,,,,,,10.1
2015-07-07 07:00:00,,,,,,,,,,,,,,,,,,,,,,,,,,,,,,,,,,,,,,,,,,,,,,,,,,,10.1
2015-07-08 07:00:00,,,,,,,,,,,,,,,,,,,,,,,,,,,,,,,,,,,,,,,,,,,,,,,,,,,10.0
2015-07-09 07:00:00,,,,,,,,,,,,,,,,,,,,,,,,,,,,,,,,,,,,,,,,,,,,,,,,,,,10.0
2015-07-10 07:00:00,,,,,,,,,,,,,,,,,,,,,,,,,,,,,,,,,,,,,,,,,,,,,,,,,,,10.1
2015-07-13 07:00:00,,,,,,,,,,,,,,,,,,,,,,,,,,,,,,,,,,,,,,,,,,,,,,,,,,,10.1
2015-07-14 07:00:00,,,,,,,,,,,,,,,,,,,,,,,,,,,,,,,,,,,,,,,,,,,,,,,,,,,10.1
2015-07-15 07:00:00,,,,,,,,,,,,,,,,,,,,,,,,,,,,,,,,,,,,,,,,,,,,,,,,,,,10.1
2015-07-16 07:00:00,,,,,,,,,,,,,,,,,,,,,,,,,,,,,,,,,,,,,,,,,,,,,,,,,,,10.1
2015-07-17 07:00:00,,,,,,,,,,,,,,,,,,,,,,,,,,,,,,,,,,,,,,,,,,,,,,,,,,,10.1
2015-07-20 07:00:00,,,,,,,,,,,,,,,,,,,,,,,,,,,,,,,,,,,,,,,,,,,,,,,,,,,10.1
2015-07-21 07:00:00,,,,,,,,,,,,,,,,,,,,,,,,,,,,,,,,,,,,,,,,,,,,,,,,,,,10.1
2015-07-22 07:00:00,,,,,,,,,,,,,,,,,,,,,,,,,,,,,,,,,,,,,,,,,,,,,,,,,,,10.1
2015-07-23 07:00:00,,,,,,,,,,,,,,,,,,,,,,,,,,,,,,,,,,,,,,,,,,,,,,,,,,,10.1
2015-07-24 07:00:00,,,,,,,,,,,,,,,,,,,,,,,,,,,,,,,,,,,,,,,,,,,,,,,,,,,10.1
2015-07-27 07:00:00,,,,,,,,,,,,,,,,,,,,,,,,,,,,,,,,,,,,,,,,,,,,,,,,,,,10.3
2015-07-28 07:00:00,,,,,,,,,,,,,,,,,,,,,,,,,,,,,,,,,,,,,,,,,,,,,,,,,,,10.4
2015-07-29 07:00:00,,,,,,,,,,,,,,,,,,,,,,,,,,,,,,,,,,,,,,,,,,,,,,,,,,,10.3
2015-07-30 07:00:00,,,,,,,,,,,,,,,,,,,,,,,,,,,,,,,,,,,,,,,,,,,,,,,,,,,10.3
2015-07-31 07:00:00,,,,,,,,,,,,,,,,,,,,,,,,,,,,,,,,,,,,,,,,,,,,,,,,,,,10.3
2015-08-03 07:00:00,,,,,,,,,,,,,,,,,,,,,,,,,,,,,,,,,,,,,,,,,,,,,,,,,,,10.1
2015-08-04 07:00:00,,,,,,,,,,,,,,,,,,,,,,,,,,,,,,,,,,,,,,,,,,,,,,,,,,,10.0
2015-08-05 07:00:00,,,,,,,,,,,,,,,,,,,,,,,,,,,,,,,,,,,,,,,,,,,,,,,,,,,10.0
2015-08-06 07:00:00,,,,,,,,,,,,,,,,,,,,,,,,,,,,,,,,,,,,,,,,,,,,,,,,,,,10.0
2015-08-07 07:00:00,,,,,,,,,,,,,,,,,,,,,,,,,,,,,,,,,,,,,,,,,,,,,,,,,,,10.0
2015-08-10 07:00:00,,,,,,,,,,,,,,,,,,,,,,,,,,,,,,,,,,,,,,,,,,,,,,,,,,,10.2
2015-08-11 07:00:00,,,,,,,,,,,,,,,,,,,,,,,,,,,,,,,,,,,,,,,,,,,,,,,,,,,10.2
2015-08-12 07:00:00,,,,,,,,,,,,,,,,,,,,,,,,,,,,,,,,,,,,,,,,,,,,,,,,,,,10.2
2015-08-13 07:00:00,,,,,,,,,,,,,,,,,,,,,,,,,,,,,,,,,,,,,,,,,,,,,,,,,,,9.9
2015-08-14 07:00:00,,,,,,,,,,,,,,,,,,,,,,,,,,,,,,,,,,,,,,,,,,,,,,,,,,,9.9
2015-08-17 07:00:00,,,,,,,,,,,,,,,,,,,,,,,,,,,,,,,,,,,,,,,,,,,,,,,,,,,9.9
2015-08-18 07:00:00,,,,,,,,,,,,,,,,,,,,,,,,,,,,,,,,,,,,,,,,,,,,,,,,,,,9.6
2015-08-19 07:00:00,,,,,,,,,,,,,,,,,,,,,,,,,,,,,,,,,,,,,,,,,,,,,,,,,,,9.6
2015-08-20 07:00:00,,,,,,,,,,,,,,,,,,,,,,,,,,,,,,,,,,,,,,,,,,,,,,,,,,,9.7
2015-08-21 07:00:00,,,,,,,,,,,,,,,,,,,,,,,,,,,,,,,,,,,,,,,,,,,,,,,,,,,9.5
2015-08-24 07:00:00,,,,,,,,,,,,,,,,,,,,,,,,,,,,,,,,,,,,,,,,,,,,,,,,,,,9.2
2015-08-25 07:00:00,,,,,,,,,,,,,,,,,,,,,,,,,,,,,,,,,,,,,,,,,,,,,,,,,,,9.0
2015-08-26 07:00:00,,,,,,,,,,,,,,,,,,,,,,,,,,,,,,,,,,,,,,,,,,,,,,,,,,,9.1
2015-08-27 07:00:00,,,,,,,,,,,,,,,,,,,,,,,,,,,,,,,,,,,,,,,,,,,,,,,,,,,9.3
2015-08-28 07:00:00,,,,,,,,,,,,,,,,,,,,,,,,,,,,,,,,,,,,,,,,,,,,,,,,,,,9.9
2015-08-31 07:00:00,,,,,,,,,,,,,,,,,,,,,,,,,,,,,,,,,,,,,,,,,,,,,,,,,,,9.9
2015-09-01 07:00:00,,,,,,,,,,,,,,,,,,,,,,,,,,,,,,,,,,,,,,,,,,,,,,,,,,,9.4
2015-09-03 07:00:00,,,,,,,,,,,,,,,,,,,,,,,,,,,,,,,,,,,,,,,,,,,,,,,,,,,9.2
2015-09-04 07:00:00,,,,,,,,,,,,,,,,,,,,,,,,,,,,,,,,,,,,,,,,,,,,,,,,,,,9.1
2015-09-07 07:00:00,,,,,,,,,,,,,,,,,,,,,,,,,,,,,,,,,,,,,,,,,,,,,,,,,,,9.1
2015-09-08 07:00:00,,,,,,,,,,,,,,,,,,,,,,,,,,,,,,,,,,,,,,,,,,,,,,,,,,,9.3
2015-09-09 07:00:00,,,,,,,,,,,,,,,,,,,,,,,,,,,,,,,,,,,,,,,,,,,,,,,,,,,9.3
2015-09-10 07:00:00,,,,,,,,,,,,,,,,,,,,,,,,,,,,,,,,,,,,,,,,,,,,,,,,,,,9.3
2015-09-11 07:00:00,,,,,,,,,,,,,,,,,,,,,,,,,,,,,,,,,,,,,,,,,,,,,,,,,,,9.3
2015-09-14 07:00:00,,,,,,,,,,,,,,,,,,,,,,,,,,,,,,,,,,,,,,,,,,,,,,,,,,,9.3
2015-09-15 07:00:00,,,,,,,,,,,,,,,,,,,,,,,,,,,,,,,,,,,,,,,,,,,,,,,,,,,9.1
2015-09-16 07:00:00,,,,,,,,,,,,,,,,,,,,,,,,,,,,,,,,,,,,,,,,,,,,,,,,,,,9.2
2015-09-17 07:00:00,,,,,,,,,,,,,,,,,,,,,,,,,,,,,,,,,,,,,,,,,,,,,,,,,,,9.2
2015-09-18 07:00:00,,,,,,,,,,,,,,,,,,,,,,,,,,,,,,,,,,,,,,,,,,,,,,,,,,,9.3
2015-09-21 07:00:00,,,,,,,,,,,,,,,,,,,,,,,,,,,,,,,,,,,,,,,,,,,,,,,,,,,9.4
2015-09-22 07:00:00,,,,,,,,,,,,,,,,,,,,,,,,,,,,,,,,,,,,,,,,,,,,,,,,,,,9.4
2015-09-23 07:00:00,,,,,,,,,,,,,,,,,,,,,,,,,,,,,,,,,,,,,,,,,,,,,,,,,,,9.4
2015-09-24 07:00:00,,,,,,,,,,,,,,,,,,,,,,,,,,,,,,,,,,,,,,,,,,,,,,,,,,,9.4
2015-09-25 07:00:00,,,,,,,,,,,,,,,,,,,,,,,,,,,,,,,,,,,,,,,,,,,,,,,,,,,9.3
2015-09-28 07:00:00,3.16,,,,,,,,,28.92,7.2,7.8,,,10.79,,,3.12,5.71,,4.98,,2.9,38.45,6.94,,,3.51,,,,,,,,,,13.94,,,,,,,,,,,,,9.4
2015-09-29 07:00:00,3.09,,,,,,,,,28.92,7.11,7.8,,,10.58,,,3.01,5.7,,4.93,,2.84,37.94,6.82,,,3.44,,,,,,,,,,13.77,,,,,,,,,,,,,9.2
2015-09-30 07:00:00,3.11,,,,,,,,,29.13,7.13,7.8,,,10.7,,,3.07,5.72,,4.93,,2.88,38.19,6.94,,,3.47,,,,,,,,,,13.77,,,,,,,,,,,,,9.5
2015-10-01 07:00:00,3.09,,,,,,,,,29.13,7.11,7.8,,,10.61,,,3.07,5.72,,4.91,,2.92,39.23,6.88,,,3.44,,,,,,,,,,13.77,,,,,,,,,,,,,9.4
2015-10-02 07:00:00,3.09,,,,,,,,,29.57,7.2,7.8,,,10.73,,,3.13,5.92,,4.93,,2.9,38.71,6.94,,,3.47,,,,,,,,,,13.85,,,,,,,,,,,,,9.3
2015-10-05 07:00:00,3.11,,,,,,,,,30.67,7.24,7.73,,,11.38,,,3.14,5.93,,4.93,,2.92,38.45,6.99,,,3.47,,,,,,,,,,13.85,,,,,,,,,,,,,9.3
2015-10-06 07:00:00,3.24,,,,,,,,,31.98,7.36,7.8,,,11.91,,,3.21,6.0,,4.98,,2.95,38.45,7.38,,,3.44,,,,,,,,,,14.02,,,,,,,,,,,,,9.5
2015-10-07 07:00:00,3.24,,,,,,,,,31.76,7.34,7.73,,,11.57,,,3.21,6.02,,4.98,,2.95,38.97,7.55,,,3.44,,,,,,,,,,14.6,,,,,,,,,,,,,9.5
2015-10-08 07:00:00,3.28,,,,,,,,,30.89,7.4,7.6,,,11.75,,,3.23,6.06,,5.07,,2.9,38.45,7.89,,,3.44,,,,,,,,,,14.93,,,,,,,,,,,,,9.6
2015-10-09 07:00:00,3.28,,,,,,,,,30.67,7.4,7.67,,,12.22,,,3.28,6.06,,5.04,,2.88,38.71,7.83,,,3.42,,,,,,,,,,15.35,,,,,,,,,,,,,9.6
2015-10-12 07:00:00,3.32,,,,,,,,,30.67,7.43,7.67,,,12.06,,,3.3,6.2,,4.98,,2.84,38.45,7.66,,,3.35,,,,,,,,,,15.18,,,,,,,,,,,,,9.7
2015-10-13 07:00:00,3.3,,,,,,,,,29.79,7.4,7.6,,,12.0,,,3.27,6.12,,4.98,,2.82,38.45,7.77,,,3.35,,,,,,,,,,15.1,,,,,,,,,,,,,9.6
2015-10-14 07:00:00,3.3,,,,,,,,,29.79,7.4,7.6,,,12.31,,,3.26,6.14,,4.98,,2.82,38.19,7.72,,,3.35,,,,,,,,,,15.1,,,,,,,,,,,,,9.6
2015-10-15 07:00:00,3.32,,,,,,,,,29.57,7.54,7.6,,,12.16,,,3.33,6.17,,5.0,,2.8,38.45,7.72,,,3.39,,,,,,,,,,15.01,,,,,,,,,,,,,9.6
2015-10-16 07:00:00,3.33,,,,,,,,,29.79,7.52,7.6,,,12.22,,,3.28,6.2,,5.04,,2.8,39.49,8.0,,,3.37,,,,,,,,,,15.2,,,,,,,,,,,,,9.7
2015-10-19 07:00:00,3.32,,,,,,,,,29.79,7.47,7.6,,,12.12,,,3.22,6.3,,5.02,,2.78,38.97,7.94,,,3.3,,,,,,,,,,14.9,,,,,,,,,,,,,9.7
2015-10-20 07:00:00,3.3,,,,,,,,,30.23,7.45,7.6,,,12.81,,,3.2,6.23,,5.02,,2.76,38.71,7.89,,,3.28,,,,,,,,,,14.6,,,,,,,,,,,,,9.7
2015-10-21 07:00:00,3.3,,,,,,,,,30.23,7.38,7.67,,,12.99,,,3.18,6.16,,5.09,,2.73,38.19,7.72,,,3.2,,,,,,,,,,14.4,,,,,,,,,,,,,9.7
2015-10-22 07:00:00,3.3,,,,,,,,,30.23,7.4,7.8,,,12.93,,,3.15,6.14,,5.09,,2.73,38.45,7.66,,,3.28,,,,,,,,,,14.7,,,,,,,,,,,,,9.7
2015-10-23 07:00:00,3.32,,,,,,,,,30.67,7.45,7.73,,,13.45,,,3.2,6.3,,5.11,,2.74,38.45,7.72,,,3.32,,,,,,,,,,14.6,,,,,,,,,,,,,9.8
2015-10-26 07:00:00,3.33,,,,,,,,,30.45,7.45,7.73,,,13.67,,,3.24,6.44,,5.07,,2.73,38.19,7.72,,,3.35,,,,,,,,,,14.5,,,,,,,,,,,,,9.8
2015-10-27 07:00:00,3.32,,,,,,,,,30.01,7.43,7.67,,,13.15,,,3.2,6.62,,5.02,,2.71,38.19,7.61,,,3.25,,,,,,,,,,14.1,,,,,,,,,,,,,9.8
2015-10-28 07:00:00,3.3,,,,,,,,,30.01,7.49,7.67,,,13.52,,,3.18,6.65,,5.26,,2.69,38.19,7.61,,,3.25,,,,,,,,,,13.9,,,,,,,,,,,,,9.8
2015-10-29 07:00:00,3.3,,,,,,,,,31.54,7.47,7.73,,,13.36,,,3.18,6.58,,5.31,,2.67,38.45,8.11,,,3.11,,,,,,,,,,13.7,,,,,,,,,,,,,9.8
2015-10-30 07:00:00,3.33,,,,,,,,,31.32,7.65,7.73,,,13.39,,,3.17,6.54,,5.31,,2.74,38.19,8.39,,,3.06,,,,,,,,,,13.7,,,,,,,,,,,,,9.8
2015-11-02 07:00:00,3.3,,,,,,,,,31.11,7.61,7.67,,,13.45,,,3.15,6.49,,5.31,,2.76,38.19,8.28,,,3.16,,,,,,,,,,13.5,,,,,,,,,,,,,9.8
2015-11-03 07:00:00,3.28,,,,,,,,,30.45,7.61,7.6,,,13.3,,,3.15,6.41,,5.52,,2.74,37.94,8.22,,,3.18,,,,,,,,,,13.4,,,,,,,,,,,,,9.9
2015-11-04 07:00:00,3.28,,,,,,,,,30.45,7.84,7.54,,,13.55,,,3.16,6.41,,5.6,,2.76,39.49,8.28,,,3.16,,,,,,,,,,13.3,,,,,,,,,,,,,9.9
2015-11-05 07:00:00,3.27,,,,,,,,,30.01,7.79,7.54,,,13.24,,,3.13,6.33,,5.6,,2.73,38.71,8.5,,,3.18,,,,,,,,,,13.1,,,,,,,,,,,,,10.0
2015-11-06 07:00:00,3.28,,,,,,,,,30.89,7.84,7.54,,,13.18,,,3.13,6.3,,5.6,,2.71,38.45,8.33,,,3.16,,,,,,,,,,13.1,,,,,,,,,,,,,10.0
2015-11-09 07:00:00,3.28,,,,,,,,,30.89,7.7,7.54,,,12.53,,,3.11,6.3,,5.62,,2.74,38.45,8.39,,,3.09,,,,,,,,,,13.0,,,,,,,,,,,,,9.9
2015-11-10 07:00:00,3.41,,,,,,,,,30.67,7.56,7.54,,,12.53,,,3.08,6.28,,5.57,,2.74,38.19,8.28,,,3.06,,,,,,,,,,12.9,,,,,,,,,,,,,9.9
2015-11-11 07:00:00,3.22,,,,,,,,,30.89,7.47,7.47,,,12.5,,,3.06,6.26,,5.57,,2.74,37.94,8.28,,,3.09,,,,,,,,,,12.9,,,,,,,,,,,,,9.8
2015-11-12 07:00:00,3.22,,,,,,,,,30.67,7.49,7.41,,,12.6,,,3.04,6.24,,5.57,,2.76,37.94,8.5,,,3.09,,,,,,,,,,12.6,,,,,,,,,,,,,9.8
2015-11-13 07:00:00,3.25,,,,,,,,,30.45,7.45,7.54,,,12.89,,,3.02,6.19,,5.65,,2.84,37.94,8.84,,,3.09,,,,,,,,,,12.7,,,,,,,,,,,,,9.8
2015-11-16 07:00:00,3.24,,,,,,,,,30.45,7.45,7.54,,,13.35,,,3.02,6.16,,5.78,,2.82,37.94,8.95,,,3.16,,,,,,,,,,12.7,,,,,,,,,,,,,9.9
2015-11-17 07:00:00,3.22,,,,,,,,,30.67,7.54,7.41,,,13.32,,,3.05,6.28,,5.78,,2.8,37.94,8.95,,,3.25,,,,,,,,,,12.6,,,,,,,,,,,,,9.9
2015-11-18 07:00:00,3.2,,,,,,,,,30.23,7.54,7.41,,,12.96,,,3.04,6.27,,5.75,,2.8,37.94,8.78,,,3.2,,,,,,,,,,12.5,,,,,,,,,,,,,9.8
2015-11-19 07:00:00,3.2,,,,,,,,,30.23,7.52,7.41,,,12.83,,,3.01,6.2,,5.7,,2.8,37.68,8.78,,,3.35,,,,,,,,,,12.5,,,,,,,,,,,,,9.8
2015-11-20 07:00:00,3.19,,,,,,,,,30.45,7.52,7.34,,,12.7,,,3.01,6.21,,5.7,,2.8,37.68,8.89,,,3.47,,,,,,,,,,12.4,,,,,,,,,,,,,9.8
2015-11-23 07:00:00,3.17,,,,,,,,,30.45,7.49,7.34,,,12.6,,,3.03,6.17,,5.7,,2.78,37.68,9.12,,,3.44,,,,,,,,,,12.5,,,,,,,,,,,,,9.8
2015-11-24 07:00:00,3.19,,,,,,,,,30.23,7.45,7.34,,,12.6,,,3.04,6.16,,5.7,,2.76,37.16,9.28,,,3.39,,,,,,,,,,12.5,,,,,,,,,,,,,9.7
2015-11-25 07:00:00,3.16,,,,,,,,,30.01,7.43,7.34,,,12.5,,,3.11,6.13,,5.65,,2.74,36.39,9.28,,,3.35,,,,,,,,,,12.3,,,,,,,,,,,,,9.7
2015-11-26 07:00:00,3.14,,11.04,32.91,47.27,15.37,,,,29.79,7.43,7.28,,21.65,12.53,,,3.2,6.27,,5.65,,2.74,36.65,9.28,10.67,,3.32,,,,,,,,,,12.0,,,,13.82,,,,,47.08,,,,9.7
2015-11-27 07:00:00,3.14,,10.89,32.41,46.87,15.16,,,,29.57,7.36,7.21,,21.5,12.5,,,3.21,6.09,,5.62,,2.74,36.13,9.12,10.51,,3.32,,,,,,,,,,11.8,,,,13.64,,,,,47.45,,,,9.6
2015-11-30 07:00:00,3.13,,10.54,31.41,45.65,14.95,,,,29.35,7.2,7.15,,21.06,12.21,,,3.1,5.91,,5.57,,2.71,36.13,8.67,10.43,,3.23,,,,,,,,,,11.6,,,,13.31,,,,,47.08,,,,9.5
2015-12-01 07:00:00,3.09,,10.44,31.16,44.85,15.37,,,,29.35,7.2,6.95,,20.71,12.08,,,3.07,6.0,,5.65,,2.71,36.39,8.61,10.43,,3.23,,,,,,,,,,11.2,,,,13.04,,,,,46.33,,,,9.4
2015-12-02 07:00:00,3.09,,10.89,31.66,43.23,15.57,,,,29.35,7.2,7.08,,20.46,12.08,,,3.07,5.93,,5.62,,2.71,36.65,8.61,10.43,,3.18,,,,,,,,,,11.2,,,,12.83,,,,,46.33,,,,9.4
2015-12-03 07:00:00,3.11,,10.74,31.91,41.61,15.57,,,,29.35,7.11,7.02,,20.21,12.14,,,3.09,6.02,,5.62,,2.71,36.9,8.61,10.63,,3.09,,,,,,,,,,11.6,,,,12.95,,,,,46.33,,,,9.4
2015-12-04 07:00:00,3.09,,10.64,31.91,40.4,15.16,,,,29.35,7.52,6.89,9.03,20.21,12.08,,,3.06,5.98,,5.6,,2.71,37.16,8.56,10.94,,3.11,,,,,,,,,,11.6,,,,12.89,,,,,45.96,,,,9.3
2015-12-07 07:00:00,3.09,,10.44,32.41,40.0,15.37,,,,29.13,7.2,6.89,8.94,19.87,12.34,,,3.03,5.95,,5.57,,2.69,37.16,8.5,11.17,,3.09,,,,,,,,,,11.4,,,,12.65,,,11.44,,45.96,,,,9.3
2015-12-08 07:00:00,3.11,,10.54,32.66,41.21,15.09,,,,28.92,7.15,6.76,9.14,19.47,12.93,,,3.04,5.96,,5.52,,2.67,37.16,8.73,11.05,,3.11,,,,,,,,,6.57,11.4,,,,12.98,,,11.5,,46.71,,,,9.3
2015-12-09 07:00:00,3.11,,10.64,33.9,44.04,15.09,,,,29.13,7.15,6.69,9.2,19.47,12.99,,,3.04,6.18,,5.52,,2.69,37.16,8.61,11.01,,3.11,,,,,,,,,6.54,11.3,,,,12.95,,,11.71,,47.45,,,,9.4
2015-12-10 07:00:00,3.09,,10.34,32.91,42.83,14.82,,,,28.48,7.11,6.63,9.05,19.17,12.73,,,3.0,6.16,,5.52,,2.67,36.9,8.5,10.82,,3.11,,,,,,,,,6.43,11.4,,,,12.56,,,11.42,,46.71,,,,9.3
2015-12-11 07:00:00,3.09,,10.24,32.91,43.23,14.82,,,,28.26,7.27,7.08,9.03,19.12,12.8,,,2.99,6.09,,5.55,,2.67,36.9,8.45,10.9,,3.09,,,,,,,,,6.43,12.0,,,,12.59,,,11.23,,46.71,,,,9.2
2015-12-14 07:00:00,3.08,,10.24,32.66,42.02,14.75,,,,28.7,7.38,7.54,8.98,18.83,12.86,,,3.1,6.11,,5.55,,2.69,36.65,8.5,10.78,,3.11,,,,,,,,,6.54,11.9,,,,12.59,,,11.23,,46.71,,,,9.2
2015-12-15 07:00:00,3.08,,10.19,33.41,41.21,14.88,,,,28.26,7.29,7.8,9.03,19.07,12.86,,,3.08,6.04,,5.86,,2.69,35.87,8.56,10.67,,3.13,,,,,,,,,6.57,11.7,,,,13.1,,,11.26,,47.45,,,,9.4
2015-12-16 07:00:00,3.11,,10.44,33.66,41.21,14.95,,,,28.04,7.22,7.41,9.18,19.17,13.22,,,3.07,6.07,,6.04,,2.71,35.87,8.89,10.47,,3.16,,,,,,,,,6.57,11.7,,,,13.28,,,11.42,,48.2,,,,9.4
2015-12-17 07:00:00,3.09,,10.94,33.9,42.83,15.02,,8.11,,28.7,7.24,7.47,9.22,19.02,13.48,,,3.06,6.05,,6.02,,2.71,35.61,8.84,10.47,,3.18,,,,,,,,,6.51,11.8,,,,13.28,,,11.42,,48.2,,,,9.4
2015-12-18 07:00:00,3.09,,10.79,34.4,44.85,14.88,,7.99,,29.13,7.24,7.34,9.18,18.83,13.45,,,3.07,6.04,,6.02,,2.69,37.16,8.84,10.63,,3.2,,,,,,,,,6.51,11.8,,,,13.25,,,11.36,,48.2,,,,9.4
2015-12-21 07:00:00,3.09,,10.54,33.9,42.42,14.75,,7.86,,29.13,7.22,7.34,9.11,18.68,13.25,,,3.02,6.05,,5.91,,2.69,36.39,8.84,10.47,,3.18,,,,,,,,,6.48,11.8,,,,12.77,,,11.2,,47.83,,,,9.3
2015-12-22 07:00:00,3.08,,10.69,33.66,42.02,14.68,,7.94,,29.13,7.22,7.21,9.07,18.43,13.19,,,2.99,5.96,,5.65,,2.67,35.87,8.84,10.39,,3.16,,,,,,,,,6.43,11.9,,,,12.89,,,11.28,,47.45,,,,9.3
2015-12-23 07:00:00,3.08,,10.64,33.16,41.61,14.68,,7.82,,28.92,7.18,7.21,9.02,18.43,13.06,,,2.98,5.93,,5.6,,2.67,35.61,8.84,10.36,,3.11,,,,,,,,,6.4,11.9,,,,12.8,,,11.31,,46.71,,,,9.3
2015-12-24 07:00:00,3.06,,10.49,32.66,42.02,14.68,,7.77,8.45,28.92,7.2,7.21,8.98,18.98,13.45,,,2.98,5.91,,5.65,,2.67,36.39,8.84,10.28,,3.11,,,,,,,,,6.34,11.9,,,,12.86,,,11.36,,46.71,,,,9.3
2015-12-25 07:00:00,3.06,,10.44,32.41,43.63,14.88,,7.77,8.61,28.7,7.18,7.21,8.94,18.78,13.45,,,2.97,5.85,,5.65,,2.67,38.71,8.84,10.28,,3.13,,,,,,,,,6.32,11.7,,,,12.89,,,11.47,,46.71,,,,9.3
2015-12-28 07:00:00,3.08,,10.29,33.16,43.23,14.95,,7.82,8.88,28.92,7.23,7.21,9.07,18.68,13.8,,,2.96,5.82,,5.65,,2.65,41.29,8.95,10.2,,3.13,,,,,,,,,6.32,11.9,,,,12.92,,,11.8,,47.83,,,,9.3
2015-12-29 07:00:00,3.09,,10.39,33.41,44.04,14.88,,7.86,9.24,28.7,7.16,7.08,9.03,18.33,13.9,,,2.91,5.73,,5.6,,2.65,41.29,8.95,10.2,,3.13,,,,,,,,,6.32,12.3,,,,13.25,,,12.28,,47.45,,,,9.5
2015-12-30 07:00:00,3.09,,10.59,33.16,45.25,15.02,,7.94,9.4,29.13,7.21,7.54,9.11,18.33,13.87,,,2.95,5.84,,5.65,,2.67,40.52,9.06,10.28,,3.13,,,,,,,,,6.37,12.6,,,,13.49,,,12.42,,47.83,,,,9.6
2015-12-31 07:00:00,3.14,,10.49,32.91,44.04,15.02,,7.94,9.11,29.13,7.18,7.54,9.09,18.13,13.93,,,2.93,5.85,,5.65,,2.76,40.0,9.0,10.36,,3.18,,,,,,,,,6.34,13.1,,,,13.37,,,12.42,,48.58,,,,10.2
2016-01-04 07:00:00,3.14,,10.44,32.66,43.63,15.78,,7.9,9.23,28.92,7.18,7.34,9.03,18.33,14.16,,,2.93,5.91,,5.68,,2.73,40.0,9.0,10.43,,3.2,,,,,,,,,6.29,12.8,,,,13.22,,,12.82,,47.83,,,,9.6
2016-01-05 07:00:00,3.11,,10.24,32.15,43.63,15.85,,7.77,9.11,29.13,7.16,7.34,8.94,18.08,14.07,,,2.89,5.91,,5.62,,2.69,38.97,8.84,10.36,,3.18,,,,,,,,,6.12,12.6,,,,13.04,,,12.88,,47.45,,,,9.4
2016-01-06 07:00:00,3.09,,10.19,32.15,43.63,15.99,,7.82,9.11,28.7,7.25,7.34,8.96,18.03,13.9,,,2.9,5.85,,5.62,,2.67,39.23,8.84,10.55,,3.2,,,,,,,,,6.0,12.9,,,,12.98,,,12.93,,47.08,,,,9.3
2016-01-07 07:00:00,3.08,,10.14,31.9,43.23,15.85,,7.82,9.07,28.92,7.25,7.28,8.92,17.84,13.77,,,2.87,5.82,,5.62,,2.67,40.52,8.73,10.51,,3.23,,,,,,,,,5.89,12.8,,,,12.89,,,13.01,,46.71,,,,9.3
2016-01-08 07:00:00,3.03,,9.69,31.65,42.42,15.44,,7.65,9.0,28.48,7.13,7.15,8.74,17.39,13.22,,,2.81,5.75,,5.57,,2.63,40.26,8.5,10.43,,3.23,,,,,,,,,5.7,12.7,,,,12.8,,,12.96,,45.96,,,,9.3
2016-01-11 07:00:00,3.03,,9.69,31.4,42.02,15.5,,7.6,9.32,28.48,7.11,7.34,8.62,17.49,13.12,,,2.79,5.75,,5.55,,2.63,39.49,8.39,10.47,,3.23,,,,,,,,,5.72,12.7,,,,12.74,,,13.25,,45.96,,,,9.2
2016-01-12 07:00:00,3.06,,9.69,31.15,41.61,15.57,,7.6,8.74,28.04,7.06,7.34,8.74,17.24,13.09,,,2.81,5.75,,5.47,,2.63,39.74,8.39,10.36,,3.2,,,,,,,,,5.84,12.5,,,,12.83,,,13.06,,45.96,,,,9.2
2016-01-13 07:00:00,3.06,,9.79,32.15,42.02,15.85,,7.65,8.71,28.26,7.08,7.8,8.81,17.69,13.25,,,2.81,5.8,16.35,5.49,,2.65,39.49,8.45,10.43,,3.23,,,,,,,,,5.98,12.6,,,,12.89,,,12.96,,45.96,,,,9.2
2016-01-14 07:00:00,3.05,,9.49,31.9,40.4,15.3,,7.52,8.58,28.26,7.03,7.54,8.64,17.34,13.09,,,2.74,5.71,16.0,5.49,,2.61,38.97,8.28,10.43,,3.18,,,,,,,,,5.78,12.2,,,,12.68,,,13.01,,45.59,,,,9.2
2016-01-15 07:00:00,3.05,,9.44,31.4,39.92,15.44,,7.56,8.58,28.04,7.03,7.47,8.66,17.29,13.09,,,2.66,5.56,15.58,5.47,,2.61,38.71,8.22,10.39,,3.18,,,,,,,,,5.72,11.9,,,,12.62,,,12.98,,45.96,,,,9.0
2016-01-18 07:00:00,3.0,,8.73,30.4,37.9,15.3,,7.31,8.51,27.82,6.74,7.21,8.51,16.8,12.67,,,2.49,5.18,14.54,5.34,,2.57,36.13,8.05,10.24,,3.13,,,,,,,,,5.5,11.1,,,,12.02,,,12.85,,44.47,,,,8.8
2016-01-19 07:00:00,3.0,,8.63,30.4,38.7,15.3,,7.39,8.44,28.04,6.79,7.08,8.44,16.1,12.86,,,2.55,5.2,15.03,5.34,,2.56,36.65,7.94,10.28,,3.13,,,,,,,,,5.5,11.3,,,,12.14,,,12.98,,44.47,,,,8.8
2016-01-20 07:00:00,3.0,,8.58,30.4,39.35,15.37,,7.35,8.8,27.6,6.86,7.08,8.47,15.8,13.06,,,2.55,5.18,15.24,5.31,,2.57,37.16,7.94,10.51,,3.11,,,,,,,,,5.5,11.3,,,,12.32,,,12.96,,44.47,,,,8.8
2016-01-21 07:00:00,3.0,,8.48,29.89,38.54,15.3,,7.22,8.72,27.6,6.84,7.02,8.4,15.21,12.96,,,2.55,5.02,15.03,5.28,,2.56,37.94,7.83,10.28,,3.04,,,,,,,,,5.47,11.3,,,,12.02,,,12.96,,44.09,,,,8.7
2016-01-22 07:00:00,2.98,,7.98,29.89,38.38,15.37,,7.01,8.71,27.6,7.03,6.89,8.4,15.9,12.86,,,2.59,4.82,14.96,5.28,,2.57,36.9,7.83,10.28,,3.13,,,,,,,,,5.53,10.9,,,,12.05,,,13.25,,43.72,,,,8.7
2016-01-25 07:00:00,3.06,,8.03,30.4,40.4,15.64,,7.31,8.88,28.04,7.03,6.69,8.77,16.94,13.32,,,2.73,4.89,15.65,5.31,,2.69,38.19,8.05,10.59,,3.13,,,,,,,,,5.89,11.6,,,,12.59,,,13.09,,44.09,,,,8.9
2016-01-26 07:00:00,3.03,,8.43,29.64,40.32,15.57,,7.39,8.78,27.82,6.93,6.95,8.68,18.08,13.19,,,2.71,4.96,15.58,5.31,,2.69,38.71,8.0,10.43,,3.11,,,,,,,,,5.84,11.4,,,,12.41,,,13.06,,43.72,,,,8.9
2016-01-27 07:00:00,3.03,,8.68,29.64,40.4,15.5,,7.56,8.76,27.82,7.01,6.89,8.66,18.43,13.15,,,2.7,5.15,15.72,5.57,,2.71,38.45,8.0,10.28,,3.11,,,,,,,,,5.86,11.5,,,,12.41,,,12.85,,43.72,,,,9.0
2016-01-28 07:00:00,3.32,,8.78,29.89,40.4,15.44,,7.48,8.8,28.04,7.03,6.76,8.64,18.63,13.15,,,2.72,5.24,15.79,5.6,,2.76,38.19,8.0,10.36,,3.11,,,,,,,,,5.84,11.7,,,,12.26,,,13.04,,44.09,,,,9.0
2016-01-29 07:00:00,3.01,,8.48,30.4,41.21,15.5,,7.35,8.78,28.92,7.08,6.82,8.66,19.42,13.09,,,2.75,5.22,15.65,5.52,,2.74,37.68,8.05,10.28,,3.09,,,,,,,,,5.81,11.5,,,,12.44,,,13.01,,43.72,,,,9.0
2016-02-01 07:00:00,3.01,,8.48,30.65,42.02,15.71,,7.48,8.71,29.57,7.25,6.82,8.74,19.57,13.28,,,2.8,5.24,15.65,5.49,,2.74,37.42,8.11,10.28,,3.09,,,,,,,,,5.84,11.4,,,,12.47,,,12.93,,44.84,,,,9.4
2016-02-02 07:00:00,3.01,,8.43,29.89,41.21,15.57,,7.39,8.74,31.11,7.16,6.82,8.7,18.23,13.12,,,2.69,5.09,15.24,5.44,,2.73,38.45,8.11,10.28,,3.06,,,,,,,,,5.75,11.3,,,,12.26,,,12.74,,45.21,,,,9.0
2016-02-03 07:00:00,3.01,,8.23,30.65,40.24,15.5,,7.26,8.71,32.64,7.23,6.89,8.74,18.93,13.09,,,2.69,5.05,15.65,5.41,,2.73,37.42,8.05,10.16,,3.06,,,,,,,,,5.78,11.1,,,,12.02,,,12.69,,45.21,,,,8.8
2016-02-04 07:00:00,3.01,,8.33,30.65,41.21,15.57,,7.31,8.72,32.64,7.28,6.95,8.74,19.37,13.22,,,2.71,5.13,15.72,5.47,,2.76,38.19,8.17,10.2,,3.11,,,,,,,,,5.84,11.2,,,,12.2,,,12.82,,46.33,,,,8.9
2016-02-05 07:00:00,3.06,,8.23,30.65,40.4,15.57,,7.35,8.95,32.64,7.28,7.02,8.75,18.83,13.35,,,2.72,5.18,15.72,5.49,,2.8,38.19,8.22,10.2,,3.13,,,,,,,,,6.0,11.2,,,,12.14,,,12.69,,46.33,,,,9.0
2016-02-15 07:00:00,3.05,,8.28,30.9,40.16,15.64,,7.35,8.97,32.86,7.21,7.02,8.72,19.07,13.19,,,2.7,5.15,16.0,5.49,,2.88,37.94,8.17,10.24,,3.06,,,,,,,,,5.92,11.2,,,,12.2,,,12.58,,47.08,,,,8.9
2016-02-16 07:00:00,3.09,,8.28,31.4,40.4,15.78,,7.35,8.88,35.05,7.23,6.76,8.85,19.82,13.35,,,2.68,5.2,15.65,5.49,,2.84,37.42,8.11,10.24,,3.06,,,,,,,,,5.92,11.0,,,,12.26,,,12.47,,48.2,,,,9.3
2016-02-17 07:00:00,3.08,,8.18,32.41,41.21,15.64,,7.31,8.71,36.36,7.16,6.69,8.98,19.77,13.45,,,2.68,5.27,15.44,5.52,,2.84,37.42,8.17,10.43,,3.09,,,,,,,,,6.03,10.9,,,,12.2,,,12.5,,49.7,,,,9.0
2016-02-18 07:00:00,3.09,,8.23,32.41,40.4,15.71,,7.39,8.95,35.71,7.16,6.89,9.0,20.81,13.35,,,2.71,5.25,15.3,5.65,,2.86,37.68,8.39,10.47,,3.11,,,,,,,,,5.98,11.1,,,,12.29,,,12.47,,48.95,,,,9.4
2016-02-19 07:00:00,3.08,,8.38,32.15,41.61,15.71,,7.39,9.3,34.61,7.06,6.82,8.94,21.3,13.19,,,2.71,5.24,15.51,5.62,,2.95,37.42,8.39,10.43,,3.09,,,,,,,,,6.03,11.1,,,,12.2,,,12.39,,48.58,,,,9.0
2016-02-22 07:00:00,3.09,,8.63,32.91,42.02,15.71,,7.39,9.3,36.36,7.03,6.82,8.98,21.45,12.93,,,2.77,5.4,15.58,5.62,,2.97,38.97,8.5,10.39,,3.11,,,,,,,,,6.29,11.0,,,,12.17,,,12.2,,48.95,,,,9.1
2016-02-23 07:00:00,3.09,,8.73,33.41,43.23,15.71,,7.39,9.22,37.02,7.16,6.76,9.03,22.29,13.09,,,2.79,5.36,16.35,5.62,,2.95,38.97,8.73,10.36,,3.11,,,,,,,,,6.48,11.0,,,,12.5,,,12.5,,49.32,,,,9.1
2016-02-24 07:00:00,3.2,,9.09,32.66,42.83,15.57,,7.73,9.22,36.58,7.16,6.89,8.94,21.5,12.93,,,2.73,5.29,17.18,5.6,,2.92,38.19,8.73,10.32,,3.11,,,,,,,,,6.48,11.4,,,,12.92,,,12.39,,48.95,,,,9.2
2016-02-25 07:00:00,3.43,,9.54,32.91,43.63,15.57,,7.86,9.15,37.02,7.13,6.89,9.0,21.7,12.93,,,2.79,5.42,17.25,5.57,,2.92,38.45,8.73,10.36,,3.11,,,,,,,,,6.46,11.4,,,,12.92,,,12.39,,49.32,,,,9.2
2016-02-26 07:00:00,3.16,,9.39,32.66,42.83,15.44,,7.82,9.06,38.12,7.08,6.89,8.9,21.25,12.96,,,2.84,5.49,16.97,5.6,,2.86,38.19,8.61,10.39,,3.11,,,,9.55,,,,,6.4,11.2,,,,12.62,,,12.36,,48.58,,,,9.2
2016-02-29 07:00:00,3.16,,9.19,32.66,42.42,16.19,,7.73,8.97,39.65,7.08,6.82,8.92,21.45,13.02,,,2.88,5.8,16.97,5.57,,2.84,38.19,8.56,10.36,,3.13,,,,9.36,,,,,6.43,11.2,,,,12.62,,,12.15,,48.58,,,,9.2
2016-03-01 07:00:00,3.14,,9.09,33.91,42.83,16.12,,7.65,8.94,39.43,7.08,6.89,9.11,21.9,12.96,,,2.79,5.71,16.84,5.55,,2.86,37.42,8.5,10.32,,3.25,,,,9.93,,,,,6.46,11.1,,,,12.47,,,12.04,,48.95,,,,9.2
2016-03-02 07:00:00,3.11,,9.19,34.92,44.85,15.99,,7.65,9.15,39.43,7.23,6.89,9.09,22.05,12.83,,,2.76,5.64,16.84,5.55,,2.88,37.94,8.84,10.78,,3.32,,,,10.0,,,,,6.57,11.1,,,,12.59,,,12.17,,49.32,,,,9.2
2016-03-03 07:00:00,3.11,,9.24,34.67,46.46,15.99,,7.69,9.11,39.21,7.35,6.89,9.18,22.49,12.83,,,2.75,5.75,16.97,5.52,,2.86,38.97,8.84,10.78,,3.32,,,,9.78,,,,,6.6,11.2,,,,12.65,,,12.28,,49.7,,,,9.3
2016-03-04 07:00:00,3.13,,9.19,35.17,45.65,16.06,,7.69,8.97,38.99,7.4,6.89,9.18,22.99,12.76,,,2.77,5.8,17.04,5.55,,2.86,38.97,9.06,10.94,,3.32,,,,9.66,,,,,6.51,11.1,,,,12.77,,,12.42,,49.32,,,,9.2
2016-03-07 07:00:00,3.14,,9.14,34.92,46.06,16.19,,7.65,9.09,38.55,7.4,6.89,9.2,24.52,13.35,,,2.81,6.07,17.67,5.52,,2.84,39.74,8.95,11.36,,3.47,,,,9.63,,,,,6.48,11.0,,,,12.68,,,12.55,,49.7,,,,9.2
2016-03-08 07:00:00,3.13,,9.03,34.16,44.44,16.19,,7.6,8.97,37.68,7.3,6.89,9.07,25.52,13.02,,,2.93,6.4,17.6,5.55,,2.8,38.97,8.89,11.25,,3.51,,,,9.55,,,,,6.43,11.0,,,,12.62,,,12.52,,49.32,,,,9.2
2016-03-09 07:00:00,3.08,,8.98,33.91,44.04,16.4,,7.56,8.99,37.68,7.23,6.89,8.98,23.93,13.32,,,2.95,6.27,17.39,5.73,,2.84,39.23,8.84,11.09,,3.47,,,,9.44,,,,,6.37,11.0,,,,12.59,,,12.66,,49.32,,,,9.2
2016-03-10 07:00:00,3.08,,8.88,34.16,43.63,16.19,,7.48,8.94,38.12,7.21,6.89,9.0,24.28,13.22,,,2.87,6.24,17.32,5.96,,2.84,38.97,8.84,10.98,,3.44,,,,9.44,,,,,6.48,11.0,,,,12.53,,,12.63,,48.95,,,,9.2
2016-03-11 07:00:00,3.09,,9.03,34.67,44.44,16.61,,7.52,8.8,38.33,7.21,6.89,9.11,23.98,13.38,,,2.91,6.45,17.39,5.96,,2.84,38.71,8.95,11.17,,3.42,,,,9.51,,,,,6.48,11.0,,,,12.59,,,12.55,,50.82,,,,9.3
2016-03-14 07:00:00,3.08,,8.98,34.41,43.63,16.61,,7.48,8.71,37.9,7.28,6.82,9.2,24.13,13.28,,,3.02,6.44,17.39,5.96,,2.82,38.71,9.0,11.09,,3.39,,,,9.44,,,,,6.46,11.0,,,,12.53,,,12.28,,51.19,,,,9.4
2016-03-15 07:00:00,3.11,,8.88,34.41,43.63,16.68,,7.39,8.48,37.24,7.25,6.82,9.14,23.63,13.25,,,3.05,6.4,17.32,6.04,,2.8,38.71,8.89,11.05,,3.37,,,,9.44,,,,,6.43,10.9,,,,12.65,,,12.42,,51.56,,,,9.3
2016-03-16 07:00:00,3.06,,8.93,34.16,44.04,16.61,,7.43,8.27,37.68,7.28,6.76,9.07,23.38,13.12,,,3.02,6.35,16.76,6.28,,2.78,38.19,8.84,11.01,,3.42,,,,9.4,,,,,6.37,10.8,,,,13.07,,,12.12,,51.56,,,,9.3
2016-03-17 07:00:00,3.06,,8.98,34.41,44.85,16.61,,7.48,8.36,37.24,7.28,6.89,9.11,24.69,13.22,,,3.04,6.56,16.97,6.33,,2.8,38.19,8.73,11.36,,3.42,,,,9.55,,,,,6.37,10.9,,,,13.13,,,12.23,,52.31,,,,9.3
2016-03-18 07:00:00,3.05,,8.88,35.92,44.04,16.54,,7.43,8.41,37.68,7.25,6.82,9.29,24.63,13.06,,,3.01,6.56,17.11,6.28,,2.8,37.42,8.67,11.56,,3.42,,,,9.47,,,,,6.32,10.9,,,,12.86,,,12.17,,51.56,,,,9.3
2016-03-21 07:00:00,3.06,,8.98,36.68,44.04,16.26,,7.52,8.28,37.24,7.23,6.82,9.22,23.91,12.99,,,3.03,6.56,16.9,6.23,,2.8,37.42,8.84,11.64,,3.44,,,,9.47,,,,,6.32,10.7,,,,13.19,,,12.31,,51.94,,,,9.4
2016-03-22 07:00:00,3.01,,8.83,35.92,43.23,16.26,,7.39,8.16,37.02,7.16,6.69,9.14,24.06,12.83,,,2.99,6.53,16.7,6.15,,2.8,36.65,8.78,11.56,,3.42,,,,9.36,,,,,6.23,10.7,,,,13.01,,,12.31,,50.44,,,,9.3
2016-03-23 07:00:00,3.0,,8.83,35.92,43.23,16.4,,7.35,8.18,38.12,7.18,6.76,9.13,24.06,12.8,,,2.97,6.51,16.7,6.12,,2.78,37.42,8.73,11.56,,3.42,,,,9.4,,,,,6.15,10.6,,,,13.01,,,12.31,,50.44,,,,9.3
2016-03-24 07:00:00,3.0,,8.78,37.93,43.63,16.4,,7.35,8.07,38.77,7.18,6.76,9.11,23.81,12.89,,,2.96,6.44,16.7,6.12,,2.78,39.49,8.84,11.98,,3.44,,,,9.44,,,,,6.29,10.6,,,,12.92,,,12.28,,50.82,,,,9.3
2016-03-25 07:00:00,3.01,,8.68,37.93,42.83,16.26,,7.22,8.09,37.46,7.16,6.69,9.02,23.49,12.8,,,2.92,6.33,16.7,6.07,,2.76,38.45,8.84,12.57,,3.42,,,,9.4,,,,,6.2,10.4,,,,12.86,,,12.42,,50.44,,,,9.3
2016-03-28 07:00:00,2.98,,8.73,38.69,43.23,16.47,,7.26,8.14,37.68,7.21,6.76,9.0,23.55,12.8,,,2.99,6.51,16.76,6.07,,2.76,38.45,8.84,13.3,,3.58,,,,9.28,,,,,6.12,10.5,,,,12.92,,,12.63,,50.44,,,,9.2
2016-03-29 07:00:00,2.95,,8.63,38.94,43.23,16.54,,7.18,7.97,38.77,7.21,6.76,8.94,23.24,12.8,,,3.04,6.64,16.56,6.07,,2.76,38.19,8.78,13.96,,3.66,,,,9.4,,,,,6.09,10.4,,,,12.89,,,12.79,,50.82,,,,9.1
2016-03-30 07:00:00,2.97,,8.53,38.43,42.42,16.4,,7.09,7.95,38.33,7.16,6.76,8.92,22.67,12.76,,,2.99,6.49,16.63,6.02,,2.76,37.94,8.67,13.5,,3.58,,,,9.36,,,,,6.06,10.4,,,,12.71,,,12.69,,51.19,,,,9.2
2016-03-31 07:00:00,2.92,,8.63,38.18,42.02,16.54,,7.09,8.0,38.12,7.16,6.82,8.94,22.15,12.73,,,3.02,6.45,16.63,5.99,,2.74,37.42,8.67,13.34,,3.58,,,,9.4,,,,,6.06,10.4,,,,12.68,,,12.85,,51.19,,,,9.2
2016-04-01 07:00:00,2.97,,8.53,36.42,40.81,16.68,,7.01,7.92,37.02,7.16,6.89,8.79,21.58,12.67,,,2.96,6.29,16.56,5.99,,2.71,37.16,8.5,12.8,,3.56,,,,9.25,,,,,6.0,10.3,,,,12.44,,,12.79,,50.82,,,,9.1
2016-04-04 07:00:00,2.93,,8.53,37.18,40.4,16.74,,7.01,8.07,37.46,7.16,6.82,8.75,21.48,12.53,,,2.95,6.45,16.49,6.09,,2.69,36.9,8.5,12.76,,3.56,,,,9.17,,,1.84,,6.03,10.3,,,,12.41,,,12.77,,50.44,,,,9.1
2016-04-05 07:00:00,2.89,,8.38,37.18,40.81,16.74,,7.05,8.02,37.68,7.16,6.63,8.79,21.22,12.5,,,2.94,6.55,16.49,6.09,,2.71,36.65,8.5,12.68,,3.63,,,,9.1,,,1.81,,6.12,10.3,,,,12.44,,,12.77,,51.19,,,,9.0
2016-04-06 07:00:00,2.86,,8.48,38.43,41.61,16.74,,7.09,8.09,38.12,7.16,6.69,8.83,22.25,12.7,,,3.02,6.76,16.76,6.04,,2.74,36.9,8.56,12.84,,3.58,,,,9.06,,,1.81,,6.17,10.3,,,,12.62,,,12.85,,51.19,,,,9.2
2016-04-07 07:00:00,2.9,,8.53,38.18,42.02,17.43,,7.14,8.32,38.77,7.18,6.82,8.92,23.03,12.6,,,3.07,7.0,17.04,6.09,,2.76,36.9,8.56,13.15,,3.58,,,,9.13,,,1.84,,6.23,10.3,,,,12.68,,,12.88,,53.06,,,,9.2
2016-04-08 07:00:00,2.93,,8.48,37.93,41.61,17.5,,7.14,8.36,39.87,7.16,6.82,8.94,23.55,12.76,,,3.11,7.33,17.74,6.07,,2.74,36.39,8.61,12.99,,3.61,,,,9.1,,,1.84,,6.2,10.2,,,,12.53,,,12.85,,53.81,,,,9.3
2016-04-11 07:00:00,2.92,,8.48,37.93,43.63,17.5,,7.14,8.62,40.96,7.16,6.82,8.98,23.65,12.89,,,3.17,7.4,18.23,6.33,,2.74,36.65,8.67,12.72,,3.7,,,,9.06,,,1.84,,6.23,10.2,,,,12.62,,,13.63,,54.18,,,,9.3
2016-04-12 07:00:00,2.92,,8.33,37.93,43.23,17.78,,7.05,8.48,40.74,7.13,6.82,8.94,23.6,13.09,,,3.18,7.31,17.88,6.28,,2.74,36.65,8.67,13.42,,3.7,,,,9.06,,,1.84,,6.2,10.2,,,,12.8,,,14.17,,53.81,,,,9.3
2016-04-13 07:00:00,2.9,,8.08,37.68,43.63,17.64,,6.92,8.41,41.18,7.16,6.82,8.9,24.32,12.99,,,3.17,7.33,17.6,6.33,,2.73,36.39,8.61,13.5,,3.77,,,,9.06,,,1.84,,6.17,10.3,,,,12.74,,,14.3,,54.18,,,,9.3
2016-04-14 07:00:00,2.89,,8.18,36.93,42.83,17.3,,6.97,8.48,40.31,7.16,6.76,8.9,23.96,12.89,,,3.18,7.45,17.6,6.28,,2.74,36.39,8.5,13.26,,3.8,,,,9.06,,,1.84,,6.17,10.3,,,,12.77,,,14.71,,53.81,,,,9.4
2016-04-15 07:00:00,2.9,,8.13,36.68,43.23,17.16,,6.92,8.43,39.87,7.13,6.76,8.88,24.22,12.83,,,3.19,7.39,17.6,6.23,,2.74,36.13,8.56,13.26,,3.77,,,,9.02,,,1.84,,6.2,10.2,,,,13.07,,,14.71,,54.18,,,,9.4
2016-04-19 07:00:00,2.89,,7.98,36.68,42.42,17.23,70.43,6.92,8.37,38.33,7.16,6.76,8.85,23.34,12.6,,,3.14,7.29,17.39,6.12,,2.73,36.13,8.5,13.03,,3.73,,,,8.83,,15.38,1.84,,6.12,10.1,,,,13.01,,,14.04,,53.81,,,,9.4
2016-04-20 07:00:00,2.86,,7.98,34.92,41.61,17.09,71.69,6.84,8.14,37.46,7.33,6.76,8.79,23.24,12.53,,,3.15,7.66,17.39,6.04,,2.74,35.61,8.28,13.02,,3.68,,,,8.75,,15.58,1.81,,6.06,10.1,,,,12.86,,,13.77,,52.31,,,,9.2
2016-04-21 07:00:00,2.81,,7.98,34.41,44.04,17.09,74.62,6.84,8.36,37.46,7.38,6.82,8.85,24.63,12.6,,,3.2,8.18,17.39,6.04,,2.76,36.13,8.28,12.85,,3.66,,,,8.72,,15.92,1.81,,6.06,10.4,,,,12.98,,,14.17,,51.56,,,,9.3
2016-04-22 07:00:00,2.89,,8.53,35.17,45.25,17.3,72.95,7.26,8.36,37.68,7.28,6.89,8.9,25.62,12.8,,,3.28,8.32,17.32,6.04,,2.84,36.13,8.33,12.39,,3.63,,,,9.02,,16.36,1.84,,6.06,10.3,,,,13.76,,,14.84,,52.69,,,,9.4
2016-04-25 07:00:00,2.9,,9.03,35.92,46.06,17.23,72.11,7.39,8.36,37.46,7.28,6.82,9.0,25.67,12.76,,,3.35,8.22,17.6,6.04,,2.84,36.13,8.61,12.48,,3.63,,11.41,,9.17,,16.61,1.87,,6.26,10.3,,,,14.06,,,15.12,,53.43,,,,9.5
2016-04-26 07:00:00,2.87,,8.78,35.17,48.08,17.09,73.37,7.31,8.2,37.68,7.3,6.82,8.94,25.62,13.02,,,3.34,8.46,18.3,6.04,,2.84,36.13,8.67,12.35,,3.54,,11.81,,9.02,,16.46,1.84,,6.32,10.4,,,,14.18,,,14.71,,52.31,,,,9.5
2016-04-27 07:00:00,2.87,,8.73,35.17,48.08,17.02,74.62,7.22,8.27,37.9,7.38,6.89,8.96,26.91,13.06,,,3.3,8.73,18.5,6.02,,2.82,36.13,8.61,12.22,,3.47,,11.92,,9.02,,16.56,1.81,,6.32,10.2,,,,14.27,,,14.84,,52.69,,,,9.6
2016-04-28 07:00:00,2.86,,8.58,34.92,47.27,16.88,74.2,7.01,8.24,37.46,7.35,6.89,9.18,27.17,13.19,,,3.28,8.69,18.5,5.99,,2.8,36.13,8.5,12.1,,3.37,,11.81,,9.02,,16.61,1.81,,6.17,10.4,,,,14.06,,,14.44,,51.94,,,,10.1
2016-04-29 07:00:00,2.84,,8.78,35.67,50.1,17.3,72.95,7.18,8.31,37.46,7.33,6.89,9.07,26.91,13.77,,,3.35,9.15,18.43,5.99,,2.86,36.9,8.5,12.48,,3.42,,11.81,,8.98,,16.46,1.87,,6.12,10.4,,,,14.06,,,14.3,,51.94,,,,9.5
2016-05-04 07:00:00,2.86,,8.88,35.42,49.69,17.23,73.37,7.09,8.06,37.02,7.5,6.89,9.0,26.13,13.93,,,3.55,9.7,18.64,6.02,,2.86,36.9,8.84,12.39,,3.42,,11.81,,8.94,,16.46,1.87,,6.09,10.3,,,,14.03,,,14.17,,53.43,,,,9.5
2016-05-05 07:00:00,2.84,,9.03,36.93,50.1,17.43,73.37,7.18,7.84,38.33,7.48,6.95,9.02,26.65,13.93,,,3.69,10.28,18.71,6.02,,2.86,36.9,8.78,12.22,,3.44,,12.02,,9.06,,16.51,1.84,,6.09,10.3,,,,14.36,,,14.3,,53.81,,,,9.6
2016-05-06 07:00:00,2.84,,9.24,36.93,48.48,17.36,73.79,7.39,7.77,38.12,7.45,7.02,8.94,26.91,13.64,,,3.5,9.89,18.57,5.99,,2.9,38.19,9.01,12.27,,3.49,,11.81,,9.1,,16.46,1.87,,6.12,10.4,,,,14.66,,,14.17,,53.43,,,,9.6
2016-05-09 07:00:00,2.86,,9.24,36.68,48.89,17.36,74.88,7.56,7.93,37.9,7.45,7.02,8.9,26.65,13.74,,,3.48,9.89,18.5,5.99,,2.92,38.19,9.07,12.77,,3.49,,11.81,,9.1,,16.41,1.87,,6.12,10.4,,,,14.81,,,14.3,,54.93,,,,9.7
2016-05-10 07:00:00,2.87,,9.29,36.17,47.27,17.36,74.02,7.48,7.84,37.46,7.43,7.15,8.85,26.39,13.67,,,3.41,9.48,18.3,5.94,,2.9,37.16,8.95,12.64,,3.47,,12.22,,9.02,,16.02,1.84,,5.95,10.4,,,,14.6,,,14.04,,53.81,,,,9.6
2016-05-11 07:00:00,2.86,,9.39,36.68,48.89,17.78,77.48,7.65,7.98,37.68,7.45,7.21,8.9,26.91,14.0,,,3.46,9.48,18.43,6.02,,2.9,37.16,8.95,12.69,,3.51,,12.42,,9.16,,15.63,1.84,,5.84,10.4,,,,14.78,,,14.44,,54.55,,,,9.6
2016-05-12 07:00:00,3.03,,9.39,36.68,49.29,17.98,77.91,7.73,7.77,37.68,7.48,7.41,8.92,27.95,14.07,,,3.48,9.45,18.57,6.04,,2.9,37.42,8.95,12.9,,3.47,,12.22,,9.16,,15.97,1.9,,5.81,11.0,,,,14.81,,,14.71,,54.93,,,,9.7
2016-05-13 07:00:00,3.05,,9.49,36.17,48.48,17.98,76.61,7.69,7.69,37.46,7.48,7.47,8.87,27.95,13.84,,,3.4,9.21,18.36,6.02,,2.88,37.16,8.9,12.77,,3.47,,12.22,,9.12,,15.33,1.92,,5.75,11.7,,,,14.51,,,14.58,,54.55,,,,
2016-05-16 07:00:00,3.01,,9.44,36.42,47.67,17.78,76.18,7.52,7.91,37.68,7.48,7.41,8.85,28.72,13.8,,,3.33,9.04,18.3,6.02,,2.86,36.9,8.78,12.73,,3.49,,12.22,,9.07,,15.38,1.92,,5.84,12.4,,,,14.51,,,14.98,,54.93,,,,9.7
2016-05-17 07:00:00,3.05,,9.64,36.68,50.91,17.92,76.18,7.65,7.64,37.92,7.5,7.41,8.9,30.53,14.46,,,3.39,9.29,18.3,6.04,,2.86,37.16,8.78,12.77,,3.56,,12.42,,9.16,,15.38,1.92,,5.89,12.9,,,,14.66,,,14.98,,55.3,,,,9.8
2016-05-18 07:00:00,3.14,,9.69,36.93,51.31,17.98,76.18,7.73,7.62,37.47,7.5,7.8,9.02,31.05,14.49,,,3.37,9.25,18.57,6.02,,2.93,37.16,8.9,12.64,,3.66,,12.42,,9.2,,15.28,1.95,,5.89,13.0,,,,14.96,,,14.71,,54.93,,,,9.9
2016-05-19 07:00:00,3.08,,9.54,36.81,50.1,17.85,74.88,7.65,7.59,37.24,7.53,7.93,8.94,30.02,14.62,,,3.36,9.19,18.64,6.02,,2.97,37.16,8.84,12.69,,3.58,,12.42,,9.16,,15.38,1.92,,5.84,12.6,,,,14.72,,,14.71,,54.55,,,,9.9
2016-05-20 07:00:00,3.08,,9.44,36.29,49.29,17.71,74.45,7.56,7.59,37.24,7.53,7.93,8.92,30.27,14.88,,,3.33,9.17,19.06,5.99,,3.01,36.13,8.84,12.69,,3.63,,12.53,,9.16,,15.63,1.9,,5.84,12.3,,,,14.66,,,14.58,,54.93,,,,9.9
2016-05-23 07:00:00,3.0,,9.24,36.29,48.89,17.57,74.88,7.48,7.51,36.78,7.63,7.99,9.0,29.76,14.85,,,3.4,9.1,18.92,6.02,,2.97,36.13,9.12,12.77,,3.56,,12.42,,9.2,,15.33,1.87,,5.86,12.2,,,,14.36,,,14.04,,54.93,,,,9.8
2016-05-24 07:00:00,2.97,,9.09,37.07,48.89,17.57,76.61,7.35,7.48,35.87,7.5,7.99,8.94,29.5,14.88,,,3.42,9.41,18.78,5.96,,2.95,36.65,9.58,13.19,,3.51,,12.42,,9.2,,15.38,1.84,,5.86,11.9,,,,13.97,,,14.3,,54.55,,,,9.8
2016-05-25 07:00:00,2.97,,9.14,37.07,48.89,17.64,76.61,7.43,7.51,35.87,7.47,8.06,8.92,30.02,14.52,,,3.43,9.5,18.57,5.99,,2.93,36.65,9.58,13.4,,3.58,,12.32,,9.25,,15.82,1.84,,5.92,11.7,,,,14.03,,,14.17,,54.55,,,,9.9
2016-05-26 07:00:00,2.95,,8.98,36.55,48.48,17.5,76.61,7.35,7.77,35.87,7.45,8.32,8.92,30.02,14.16,,,3.39,9.39,18.57,6.02,,2.9,36.13,9.64,13.36,,3.7,,12.32,,9.25,,16.02,1.81,,5.86,11.6,,,,13.91,,,14.04,,53.81,,,,9.7
2016-05-27 07:00:00,2.93,,8.93,35.78,47.67,17.5,76.18,7.43,7.73,35.64,7.34,8.32,8.99,29.5,14.61,,,3.35,9.68,18.57,6.02,,2.93,36.13,9.69,12.98,,3.66,,12.32,,9.16,,16.02,1.81,,5.89,11.3,,,,13.7,,,14.04,,53.43,,,,9.7
2016-05-30 07:00:00,2.95,,9.14,35.78,47.67,17.57,75.32,7.52,7.69,35.64,7.32,8.19,9.06,29.76,14.56,,,3.41,9.79,18.78,6.17,,2.95,35.61,9.75,13.36,,3.66,,13.04,,9.12,,15.92,1.81,,6.09,11.3,,,,14.06,,,14.58,,53.43,,,,9.8
2016-05-31 07:00:00,2.98,,9.24,36.04,48.89,17.57,76.18,7.6,7.69,35.18,7.29,8.45,9.01,31.31,14.15,,,3.43,10.27,18.92,6.12,,2.97,35.87,9.86,13.32,,3.56,,13.44,,9.12,,15.87,1.81,,6.12,11.3,,,,14.27,,,14.58,,53.43,,,,9.8
2016-06-01 07:00:00,2.97,,9.24,35.78,49.29,17.57,77.05,7.65,7.73,34.95,7.27,8.45,8.97,31.31,14.15,,,3.5,10.85,19.0,6.09,,2.97,35.87,9.81,13.32,,3.54,,13.24,,9.12,,15.68,1.81,,6.2,11.2,,,,14.12,,,14.44,,53.06,,,,9.8
2016-06-02 07:00:00,2.95,,9.29,35.52,48.89,17.71,77.05,7.6,7.68,35.64,7.27,8.32,8.97,31.83,14.81,,,3.54,10.91,19.07,6.12,,2.95,35.87,9.75,13.23,,3.54,,13.14,,9.07,,15.72,1.81,,6.03,11.3,,,,14.21,,,14.58,,53.06,,,,9.8
2016-06-03 07:00:00,2.97,,9.34,35.52,48.89,17.71,77.48,7.6,7.59,35.64,7.24,8.12,8.94,32.34,15.02,,,3.6,10.88,19.0,6.17,,2.95,35.87,10.09,13.4,,3.51,,13.85,,9.07,,15.68,1.81,,6.12,11.3,,,,14.27,,,14.58,,53.06,,,,9.9
2016-06-06 07:00:00,3.01,,9.19,35.26,49.29,17.78,77.91,7.56,7.68,35.87,7.24,7.99,8.9,31.57,14.86,,,3.68,10.79,19.87,6.15,,2.93,35.61,10.55,13.36,,3.49,,14.05,,9.03,,15.92,1.81,,6.03,12.0,,,,14.57,,,14.71,,52.69,,,,9.9
2016-06-07 07:00:00,2.97,,9.19,35.0,50.1,17.78,77.91,7.48,7.62,35.87,7.29,7.8,8.88,32.09,14.66,,,3.64,10.71,19.94,6.09,,2.93,35.61,10.95,13.32,,3.44,,13.85,,9.16,,16.31,1.81,,6.03,12.3,,,,14.51,,,14.71,,51.93,,,,9.9
2016-06-08 07:00:00,3.0,,9.29,35.52,52.12,17.85,81.81,7.52,7.6,35.41,7.42,7.8,8.9,32.6,14.56,,,3.75,11.43,19.72,6.09,,2.95,36.13,10.95,13.15,,3.54,,13.95,,9.12,,17.44,1.81,,6.09,12.2,,,,14.6,,,15.12,,52.69,,,,10.0
2016-06-09 07:00:00,3.0,,9.49,35.0,51.31,17.92,81.81,7.6,7.57,35.64,7.45,7.8,8.9,32.09,14.61,,,3.73,11.46,19.58,6.07,,2.95,36.13,10.72,13.11,,3.49,,13.75,,9.12,,17.73,1.81,,6.26,12.1,,,,14.51,,,14.84,,52.31,,,,10.1
2016-06-10 07:00:00,3.03,,9.54,35.26,52.12,17.92,81.37,7.6,7.55,37.92,7.34,7.8,8.88,32.09,15.02,,,3.76,11.78,19.65,6.04,,3.01,36.13,10.72,13.23,,3.54,,13.85,,9.47,,18.12,1.84,,6.29,12.1,,,,14.75,,,14.84,,52.31,,,,10.1
2016-06-13 07:00:00,3.05,,9.34,35.26,51.71,17.85,80.51,7.56,7.55,38.38,7.34,7.67,8.86,31.05,14.81,,,3.7,11.84,19.51,5.99,,2.92,36.13,10.72,13.23,,3.49,,13.65,,9.38,,17.68,1.81,,6.17,11.9,,,,14.69,,,14.44,,51.93,,,,10.0
2016-06-14 07:00:00,3.05,,9.19,35.26,50.91,17.78,79.64,7.43,7.51,38.38,7.27,7.6,8.86,31.57,14.76,,,3.8,12.51,19.43,5.99,,2.92,35.87,11.43,13.11,,3.44,,13.34,,9.29,,16.9,1.81,,6.09,11.9,,,,14.6,,,14.44,,51.93,,,,9.9
2016-06-15 07:00:00,3.03,,9.19,36.81,50.5,17.71,83.54,7.43,7.42,40.21,7.29,7.67,8.86,32.09,14.76,,,3.88,12.8,19.36,5.99,,2.92,35.61,11.54,13.11,,3.44,,13.65,,9.29,,16.85,1.81,,6.03,11.8,,,,14.48,,,14.71,,52.31,,,,9.9
2016-06-16 07:00:00,3.05,,9.19,37.07,51.31,17.85,86.57,7.43,7.59,41.12,7.29,7.6,8.88,31.83,14.76,,,3.88,12.63,19.15,6.04,,2.92,35.87,11.77,13.86,,3.49,,13.75,,9.29,,17.1,1.78,,6.06,11.8,,,,14.45,,,14.58,,52.69,,,,9.9
2016-06-17 07:00:00,3.03,,9.09,36.29,50.1,17.85,84.84,7.35,7.5,40.21,7.27,7.67,8.86,31.31,14.56,,,3.84,12.07,19.22,5.99,,2.9,36.65,11.77,13.9,,3.51,,13.44,,9.2,,17.05,1.78,,5.95,11.8,,,,14.33,,,14.44,,52.31,,,,9.9
2016-06-20 07:00:00,3.05,,9.03,37.33,48.89,18.47,86.57,7.26,7.95,39.75,7.24,7.67,9.38,31.83,14.35,,,3.85,11.81,20.09,6.02,,2.9,36.13,12.23,14.28,,3.54,,14.26,,9.16,,16.12,1.78,,5.92,11.5,,,,14.21,,,14.58,,52.31,,,,9.9
2016-06-21 07:00:00,3.05,,9.14,38.11,49.69,18.61,87.87,7.31,8.24,40.67,7.24,7.67,9.58,32.09,14.51,,,3.98,12.39,20.52,6.07,,2.88,36.13,12.57,14.41,,3.51,,15.07,,9.29,,16.36,1.78,,5.98,11.5,,,,14.15,,,14.71,,53.06,,,,10.0
2016-06-22 07:00:00,3.05,,9.03,38.11,49.29,18.33,86.14,7.31,8.2,40.67,7.32,7.6,9.38,31.83,14.4,,,4.0,11.99,20.59,6.02,,2.88,36.13,12.46,14.03,,3.47,,14.87,,9.34,,16.12,1.78,,5.92,11.7,,,,14.15,,,14.58,,53.06,,,,9.9
2016-06-23 07:00:00,3.05,,9.09,38.11,48.89,18.26,86.57,7.31,8.58,42.95,7.32,7.6,9.27,31.57,14.25,,,4.04,12.04,20.45,5.99,,2.86,35.61,13.14,13.99,,3.44,,15.38,,9.34,,15.82,1.78,,5.92,11.6,,,,14.42,,,14.44,,53.44,,,,9.9
2016-06-24 07:00:00,3.05,,8.98,38.11,48.89,18.26,86.14,7.31,8.63,42.95,7.27,7.54,9.12,31.83,14.15,,,4.01,11.81,20.38,5.99,,2.88,35.61,14.06,14.62,,3.42,,14.97,,9.29,,15.48,1.78,,5.92,11.5,,,,14.42,,,14.3,,53.06,,,,9.8
2016-06-27 07:00:00,3.03,,8.78,37.07,48.08,17.92,83.54,7.09,8.58,42.27,7.19,7.47,9.06,31.57,13.74,,,3.91,11.52,20.16,5.99,,2.82,34.84,13.94,14.91,,3.32,,15.28,,8.9,,15.38,1.75,,5.75,11.4,,,,13.94,,,14.66,,51.93,,,,9.7
2016-06-28 07:00:00,3.01,,8.78,37.85,48.28,17.98,83.54,7.09,8.63,44.09,7.21,7.47,9.06,31.31,13.74,,,3.94,11.84,20.16,5.99,,2.84,34.58,13.83,14.91,,3.28,,16.19,,8.9,,15.48,1.78,,5.75,11.4,,,,14.06,,,14.52,,54.58,,,,9.7
2016-06-29 07:00:00,3.01,,8.93,38.11,48.69,18.26,85.27,7.26,9.03,45.24,7.24,7.41,9.3,32.09,14.04,,,3.98,12.28,20.38,5.99,,2.86,34.84,14.29,15.0,,3.32,,16.3,,9.03,,15.87,1.75,,5.89,11.5,,,,14.24,,,14.54,,53.44,,,,9.9
2016-06-30 07:00:00,3.01,,8.88,38.63,49.1,18.26,85.27,7.26,9.19,47.52,7.24,7.47,9.32,33.38,14.1,,,4.04,12.51,20.52,5.99,,2.84,34.58,14.51,15.04,,3.32,,16.19,,9.03,,15.72,1.75,,5.95,11.5,,,,14.27,,,15.3,,53.82,,,,9.9
2016-07-01 07:00:00,3.01,,8.83,38.63,49.51,18.26,85.27,7.26,9.32,47.52,7.24,7.47,9.25,34.41,13.84,,,4.05,12.42,20.3,5.99,,2.84,36.13,14.29,15.0,,3.32,,15.99,,8.99,,15.48,1.75,,5.89,11.4,,,,14.36,,,15.44,,54.58,,,,10.1
2016-07-04 07:00:00,2.97,,8.78,41.22,49.92,18.4,85.27,7.31,9.39,47.52,7.29,7.41,9.34,34.41,14.15,,,4.03,12.8,20.3,6.02,,2.86,34.84,14.29,15.04,,3.47,,15.68,,9.07,,15.38,1.75,,6.2,11.4,,,,14.84,,,15.6,,54.96,,,,10.0
2016-07-05 07:00:00,2.97,,9.14,42.52,51.96,19.02,87.43,7.48,9.27,46.61,7.4,7.41,9.34,34.93,14.15,,,4.09,13.21,20.3,5.96,,2.9,35.1,14.29,15.04,,3.49,,15.89,,9.07,,15.43,1.78,,6.46,11.6,,,,15.62,,,15.74,,55.34,,,,10.1
2016-07-06 07:00:00,2.93,,8.98,42.26,51.56,19.16,88.3,7.39,9.1,45.46,7.34,7.34,9.3,33.9,13.94,,,4.11,13.03,20.16,6.12,,2.88,34.58,14.06,14.49,,3.47,,15.89,,9.25,,15.53,1.81,,6.37,11.4,,,,15.47,,,15.44,,54.58,,,,10.1
2016-07-07 07:00:00,3.0,,8.98,42.78,51.56,19.43,90.9,7.35,9.21,48.43,7.5,7.34,9.6,34.67,14.04,,,4.31,13.32,20.09,6.12,,2.88,34.84,14.97,14.7,,3.54,,16.8,,9.2,,15.87,1.81,,6.4,11.4,,,,15.32,,,15.6,,55.72,,,,10.2
2016-07-08 07:00:00,2.97,,8.98,43.04,51.56,19.43,91.33,7.39,9.09,49.35,7.53,7.34,9.71,34.67,14.51,,,4.33,13.61,20.38,6.2,,2.9,34.58,15.2,14.83,,3.49,,17.31,,9.12,,16.07,1.81,,6.48,11.3,,,,15.77,,,15.6,,56.48,,,,10.2
2016-07-11 07:00:00,2.97,,9.09,42.26,50.74,18.95,90.9,7.56,9.65,48.43,7.53,7.28,9.62,34.16,14.76,,,4.3,13.91,20.88,6.09,,2.88,34.58,15.54,14.74,,3.3,,16.7,,9.07,,16.12,1.78,,6.68,11.3,,,,16.07,,,15.6,,56.48,,,,10.3
2016-07-12 07:00:00,2.93,,8.98,40.96,49.92,18.54,90.03,7.52,9.5,46.61,7.55,7.21,9.4,33.64,14.61,,,4.15,13.27,20.38,6.02,,2.88,34.58,15.43,14.53,,3.09,,16.09,,9.03,,15.92,1.75,,6.65,11.2,,,,16.22,,,15.6,,55.72,,,,10.2
2016-07-13 07:00:00,3.08,,9.39,42.0,51.56,18.54,91.76,8.03,9.41,47.52,7.71,7.47,9.47,34.67,14.61,,,4.21,13.5,20.59,6.02,,2.9,34.84,16.11,14.58,,3.01,,16.19,,9.07,,16.75,1.78,,6.85,11.7,,,,17.27,,,16.5,,56.1,,,,10.4
2016-07-14 07:00:00,3.09,,9.59,42.78,54.01,18.54,93.93,8.58,9.2,46.15,7.89,7.8,9.6,34.41,14.51,,,4.19,13.29,21.46,6.02,,2.99,35.87,16.46,14.53,,3.04,,15.79,,9.29,,17.0,1.78,,6.82,11.7,,,,17.57,,,16.64,,56.1,,,,10.5
2016-07-15 07:00:00,3.06,,9.34,43.04,52.37,18.47,93.06,8.2,9.18,44.78,7.81,8.06,9.45,33.64,14.25,,,4.08,12.39,21.1,5.99,,2.95,35.1,16.11,14.41,,3.09,,14.77,,9.12,,16.61,1.78,,6.68,12.3,,,,17.12,,,16.34,,56.1,,,,10.5
2016-07-18 07:00:00,3.0,,9.39,43.55,52.78,18.86,94.36,8.07,9.2,43.41,7.66,8.06,9.34,33.64,14.15,,,4.29,13.0,20.95,6.02,,2.95,35.61,16.0,14.95,,3.09,,14.56,,9.16,,16.66,1.78,,6.71,12.1,,,,16.82,,,16.34,,57.23,,,,10.4
2016-07-19 07:00:00,3.0,,9.34,43.29,54.42,18.71,96.09,8.07,9.39,43.41,7.71,7.86,9.34,33.64,14.1,,,4.31,13.24,20.95,6.02,,2.92,35.61,16.0,14.95,,3.11,,14.87,,9.12,,16.75,1.78,,6.96,12.2,,,,17.12,,,16.34,,58.75,,,,10.5
2016-07-20 07:00:00,2.93,,9.09,42.78,52.78,18.5,96.09,7.73,9.56,42.95,7.63,7.8,9.21,33.12,13.94,,,4.23,12.8,20.74,6.02,,2.9,35.1,15.89,14.7,,3.09,,14.77,,9.03,,16.56,1.75,,6.85,11.5,,,,16.97,,,15.74,,60.27,,,,10.5
2016-07-21 07:00:00,2.97,,8.98,43.55,51.15,18.43,101.28,7.65,9.41,42.72,7.79,7.6,9.19,33.38,13.84,,,4.19,12.33,20.38,6.02,,2.9,35.1,15.43,14.7,,3.09,,14.46,,9.03,,16.41,1.75,,6.68,11.5,,,,16.67,,,15.44,,61.4,,,,10.4
2016-07-22 07:00:00,2.9,,8.88,43.55,49.1,18.22,97.39,7.56,9.03,42.49,7.68,7.34,9.08,32.09,13.84,,,4.11,11.23,20.23,5.99,,2.88,34.84,15.43,14.53,,3.09,,14.36,,8.94,,16.36,1.75,,6.43,11.3,,,,16.67,,,15.3,,60.27,,,,10.2
2016-07-25 07:00:00,2.9,,8.93,42.0,49.1,18.22,97.39,7.6,8.88,41.35,7.73,7.28,9.06,32.6,13.69,,,4.14,11.35,20.74,6.02,,2.88,34.84,15.43,14.58,,3.09,,14.05,,9.03,,16.41,1.72,,6.46,11.2,,,,16.07,,,15.3,,59.51,,,,10.2
2016-07-26 07:00:00,2.89,,8.88,41.22,48.69,18.15,96.09,7.48,9.09,41.35,7.71,7.41,9.01,31.83,13.48,,,4.24,11.03,20.66,6.02,,2.9,34.84,15.2,14.58,,3.06,,13.65,,8.99,,16.16,1.72,,6.34,11.2,,,,16.22,,,15.3,,59.89,,,,
2016-07-27 07:00:00,2.87,,8.93,41.74,49.1,18.15,97.39,7.73,9.03,42.49,7.66,7.54,9.12,31.31,13.53,,,4.35,11.49,20.74,6.02,,2.9,34.32,14.97,14.45,,3.04,,13.54,,8.99,,16.07,1.75,,6.46,11.3,,,,16.37,,,15.3,,60.27,,,,10.2
2016-07-28 07:00:00,2.86,,8.93,43.04,49.1,18.36,98.26,7.65,8.99,42.49,7.63,7.8,9.12,31.05,13.58,,,4.49,11.75,21.17,6.02,,2.88,34.07,15.43,14.62,,3.06,,13.75,,9.16,,15.77,1.7,,6.65,11.2,,,,16.52,,,15.9,,61.02,,,,10.3
2016-07-29 07:00:00,2.87,,8.83,42.52,49.51,18.36,97.82,7.65,8.99,42.49,7.63,7.8,9.06,30.53,13.63,,,4.49,11.64,21.1,6.07,,2.88,34.07,15.54,14.83,,3.04,,13.34,,9.16,,16.07,1.72,,6.62,11.3,,,,16.52,,,15.74,,61.02,,,,
2016-08-01 07:00:00,2.87,,8.93,41.22,48.69,18.36,96.52,7.56,8.88,42.27,7.6,7.73,9.03,31.31,13.48,,,4.47,11.29,20.95,6.2,,2.86,33.55,15.43,14.83,,3.04,,13.04,,8.99,,16.26,1.7,,6.48,11.3,,,,16.22,,,15.6,,60.27,,,,10.2
2016-08-02 07:00:00,2.82,,8.78,39.66,48.69,18.29,95.22,7.52,8.71,41.12,7.63,7.54,8.99,30.79,13.33,,,4.39,11.0,20.66,6.09,,2.86,32.78,14.74,14.79,,3.01,,13.14,,8.81,,16.12,1.67,,6.34,11.2,,,,15.92,,,15.6,,58.75,,,,10.1
2016-08-03 07:00:00,2.78,,8.63,38.37,47.87,18.08,93.06,7.35,8.56,40.44,7.58,7.34,8.92,30.79,13.17,,,4.33,11.32,20.88,6.04,,2.84,32.0,14.29,14.7,,3.01,,13.04,,8.68,,16.12,1.64,,6.29,11.1,,,,15.47,,,15.14,,58.75,,,,10.0
2016-08-04 07:00:00,2.81,,8.63,38.11,48.28,18.01,92.63,7.43,8.77,40.67,7.55,7.41,8.92,31.31,13.07,,,4.38,11.32,20.81,6.07,,2.82,32.0,14.86,14.83,,3.01,,13.04,,8.77,,16.31,1.64,,6.34,11.0,,,,16.22,,,14.88,,59.89,,,,10.0
2016-08-05 07:00:00,2.81,,8.43,38.37,47.87,17.94,90.03,7.39,8.69,39.75,7.55,7.28,8.9,31.31,13.53,,,4.32,11.32,20.3,6.04,,2.8,31.74,15.2,14.66,,3.01,,12.83,,8.64,,16.21,1.61,,6.15,11.0,,,,15.77,,,14.19,,59.89,,,,9.9
2016-08-08 07:00:00,2.79,,8.33,37.85,47.87,18.08,89.17,7.31,8.69,40.67,7.47,7.21,8.97,31.31,13.99,,,4.36,11.43,20.23,6.07,,2.82,31.49,15.31,14.66,,2.99,,13.34,,8.68,,16.16,1.58,,6.12,10.9,,,,15.62,,,13.65,,60.27,,,,9.8
2016-08-09 07:00:00,2.81,,8.38,38.37,47.87,18.01,89.6,7.35,8.75,41.35,7.45,7.15,8.94,32.09,13.79,,,4.34,11.58,20.52,6.17,,2.82,31.23,15.31,15.33,,3.01,,13.34,,8.77,,16.9,1.56,,6.09,10.9,,,,15.92,,,13.74,,61.78,,,,10.0
2016-08-10 07:00:00,2.81,,8.48,38.63,49.1,18.08,92.2,7.39,8.88,42.49,7.47,7.15,8.99,32.09,13.79,,,4.61,11.93,20.38,6.59,,2.84,31.23,15.31,15.37,,3.09,,14.26,,8.86,,17.54,1.56,,6.2,10.9,,,,16.22,,,14.58,,62.54,,,,10.0
2016-08-11 07:00:00,2.81,,8.68,39.92,49.92,18.15,93.06,7.56,8.99,43.86,7.55,7.02,9.14,32.09,14.4,,,4.63,12.16,20.59,6.57,,2.84,32.0,15.89,15.46,,3.06,,14.36,,8.86,,17.34,1.58,,6.23,10.9,,,,16.82,,,14.76,,64.06,,,,10.2
2016-08-12 07:00:00,2.84,,8.68,39.92,49.92,18.15,93.93,7.52,8.99,45.01,7.6,7.02,9.27,33.9,14.35,,,4.73,12.31,20.81,6.88,,2.86,31.74,16.34,15.34,,3.11,,14.26,,8.9,,17.29,1.61,,6.26,11.0,,,,16.82,,,14.84,,66.33,,,,10.3
2016-08-15 07:00:00,2.81,,8.58,39.15,49.1,17.94,93.06,7.43,8.88,44.32,7.47,7.15,9.12,33.38,14.2,,,4.64,12.01,21.96,7.19,,2.84,30.97,16.34,15.21,,3.06,,14.56,,9.03,,17.0,1.58,,6.2,11.0,,,,16.52,,,14.7,,64.44,,,,10.2
2016-08-16 07:00:00,2.86,,8.58,39.15,49.1,18.57,94.36,7.43,9.09,47.06,7.47,7.08,9.4,33.64,14.81,,,4.77,12.28,23.48,7.01,,2.82,30.97,17.14,15.6,,3.06,,14.87,,9.07,,17.14,1.58,,6.37,10.9,,,,16.52,,,14.7,,64.81,,,,10.3
2016-08-17 07:00:00,2.82,,8.53,41.22,49.1,18.29,96.09,7.39,9.09,47.06,7.5,7.08,9.51,33.12,15.53,,,4.91,12.16,24.28,7.01,,2.84,30.97,17.71,15.73,,3.09,,15.28,,9.03,,17.73,1.61,,6.34,10.8,,,,16.22,,,14.6,,65.19,,,,10.4
2016-08-18 07:00:00,2.86,,8.43,42.26,48.69,19.21,98.69,7.39,9.91,47.06,7.53,7.08,9.62,32.86,15.74,,,4.98,12.36,25.29,6.98,,2.84,32.78,17.49,15.73,,3.13,,15.17,,9.03,,17.44,1.58,,6.34,10.9,,,,16.52,,,14.66,,65.95,,,,10.4
2016-08-19 07:00:00,2.79,,8.38,41.22,50.33,19.7,99.12,7.35,9.41,45.69,7.53,7.15,9.47,33.9,15.33,,,4.93,12.22,26.95,7.17,,2.84,34.84,17.94,15.6,,3.06,,14.97,,8.9,,17.29,1.56,,6.26,10.7,,,,16.37,,,14.52,,68.76,,,,10.4
2016-08-22 07:00:00,2.79,,8.33,40.44,49.51,19.21,97.39,7.31,9.18,44.78,7.47,7.34,9.21,34.41,15.27,,,4.88,11.9,26.01,7.09,,2.82,34.84,17.71,15.56,,3.06,,14.66,,8.9,,17.44,1.53,,6.15,10.7,,,,16.52,,,14.4,,67.36,,,,10.4
2016-08-23 07:00:00,2.79,,8.28,41.22,49.1,19.07,95.66,7.31,9.14,44.32,7.5,7.21,9.16,33.38,15.07,,,4.94,11.69,26.73,7.06,,2.82,33.55,17.49,15.25,,3.04,,14.46,,8.81,,17.29,1.53,,6.12,10.6,,,,16.22,,,14.54,,66.89,,,,10.4
2016-08-24 07:00:00,2.81,,8.28,40.96,48.69,19.35,96.96,7.35,9.37,45.01,7.47,7.28,9.27,33.38,15.33,,,5.06,12.19,27.96,7.04,,2.82,32.78,17.94,15.3,,3.09,,14.46,,8.9,,17.39,1.56,,6.15,10.6,,,,16.37,,,14.64,,68.29,,,,10.4
2016-08-25 07:00:00,2.82,,8.23,41.48,48.28,19.28,98.26,7.35,9.26,44.78,7.5,7.28,9.3,32.86,15.02,,,5.11,12.48,28.1,6.85,,2.82,32.26,16.69,15.34,,3.01,,14.05,,8.86,,17.54,1.56,,6.06,10.5,,,,16.37,,,14.54,,68.29,,,,10.4
2016-08-26 07:00:00,2.84,,8.38,41.74,49.1,19.77,98.69,7.48,9.24,44.55,7.47,7.28,9.49,32.86,15.02,,,5.12,12.51,28.1,6.91,,2.82,33.29,16.69,15.38,,2.99,,14.16,,8.86,,17.44,1.56,,6.2,10.6,,,,17.27,,,14.48,,68.29,,,,10.5
2016-08-29 07:00:00,2.84,,8.33,41.74,51.15,19.77,100.42,7.43,9.37,43.86,7.5,7.28,9.51,33.12,14.86,,,5.07,12.54,27.74,6.91,,2.82,34.58,16.57,15.56,,2.99,,14.05,,8.94,,17.59,1.58,,6.17,10.6,,,,18.17,,,14.6,,72.5,,,,10.6
2016-08-30 07:00:00,2.82,,8.28,41.48,51.15,19.92,102.58,7.43,9.39,43.64,7.45,7.28,9.38,33.38,14.35,,,4.99,12.6,27.09,6.91,,2.82,36.65,16.46,15.69,,3.04,,13.85,,8.86,,17.19,1.53,,6.06,10.6,,,,17.12,,,14.52,,71.57,,,,
2016-08-31 07:00:00,2.86,,8.28,42.26,51.56,20.27,105.18,7.43,9.84,44.09,7.6,7.28,9.71,33.38,14.56,,,5.1,12.8,28.03,6.88,,2.82,36.39,16.8,15.73,,3.06,,14.36,,8.86,,17.29,1.53,,6.06,10.5,,,,16.97,,,14.54,,72.97,,,,10.6
2016-09-01 07:00:00,2.86,,8.23,42.52,51.15,20.27,107.78,7.39,9.86,44.78,7.55,7.21,9.84,33.38,14.61,,,5.09,12.8,28.03,6.85,,2.8,35.36,16.57,15.6,,3.06,,14.36,,8.86,,17.29,1.5,,6.09,10.5,,,,16.52,,,14.48,,72.97,,,,
2016-09-05 07:00:00,2.82,,8.23,42.78,49.92,20.34,112.11,7.35,10.12,45.69,7.55,7.08,9.8,32.86,14.3,,,5.07,13.24,29.62,6.93,,2.8,35.61,16.57,15.3,,3.04,,14.36,,8.81,,17.24,1.5,,6.06,10.3,,,,15.77,,,14.42,,72.97,,,,10.6
2016-09-06 07:00:00,2.84,,8.18,44.33,49.51,20.13,111.24,7.35,10.21,45.69,7.53,6.76,9.8,33.38,14.25,,,5.07,13.18,28.9,7.01,,2.8,35.36,16.8,15.25,,3.06,,14.97,,9.12,,17.1,1.5,,6.0,10.2,,,,15.47,,,14.52,,72.03,,,,10.6
2016-09-07 07:00:00,2.84,,8.13,44.85,49.1,20.06,111.67,7.35,9.95,47.06,7.47,6.76,9.64,33.12,14.35,,,5.23,12.77,28.83,7.01,,2.8,35.36,16.69,15.25,,3.04,,14.97,,8.99,,17.14,1.5,,6.0,10.2,,,,15.62,,,14.42,,69.69,,,,10.6
2016-09-08 07:00:00,2.82,,8.18,44.85,49.92,20.76,114.7,7.35,10.08,47.06,7.53,6.76,10.1,33.64,14.81,,,5.37,12.97,28.39,7.01,,2.82,35.36,16.57,15.43,,3.06,,15.07,,8.99,,17.05,1.53,,6.06,10.1,,,,15.32,,,14.4,,69.23,,,,10.6
2016-09-09 07:00:00,2.82,,8.18,44.85,49.92,20.69,117.73,7.39,10.38,49.8,7.47,6.82,10.17,34.41,14.71,,,5.35,12.92,27.89,7.04,,2.82,35.61,16.46,15.47,,3.04,,14.97,,8.99,,16.9,1.5,,6.15,10.0,,,,16.18,,,14.66,,69.23,,,,10.7
2016-09-12 07:00:00,2.79,,8.26,44.2,49.92,20.48,114.7,7.39,10.21,47.98,7.42,6.82,9.97,32.86,14.45,,,5.22,12.63,27.46,6.98,,2.83,35.61,16.0,15.38,,3.04,,14.77,,8.96,,16.83,1.47,,6.12,10.2,,,,15.98,,,15.0,,68.2,,,,10.6
2016-09-13 07:00:00,2.79,,8.18,44.07,51.15,20.62,111.67,7.35,10.38,47.98,7.4,6.82,9.92,33.12,14.25,,,5.24,12.7,27.89,6.96,,2.82,35.56,15.89,15.43,,3.04,,14.46,,8.96,,16.58,1.44,,6.05,10.0,,,,15.52,,,14.96,,68.2,,,,
2016-09-14 07:00:00,2.78,,8.08,44.82,50.82,20.83,111.11,7.28,10.42,49.71,7.36,6.89,10.05,32.97,14.22,,,5.22,12.68,27.6,6.96,,2.81,35.1,15.87,15.6,,3.04,,14.26,,8.96,,16.36,1.44,,5.95,10.1,,,,15.48,,,14.84,,67.59,,,,10.58
2016-09-15 07:00:00,2.76,,8.03,45.37,49.92,20.69,112.45,7.26,10.25,50.72,7.32,6.95,9.95,32.86,14.04,,,5.29,12.67,28.06,6.98,,2.81,34.12,15.5,15.6,,3.01,,14.46,,8.94,,16.7,1.41,,5.94,10.1,,,,15.36,,,15.21,,67.64,,,,10.6
2016-09-16 07:00:00,2.74,,7.98,45.63,50.0,21.12,114.7,7.22,10.55,51.63,7.29,6.95,9.84,32.71,14.04,,,5.31,12.57,27.31,6.98,,2.81,33.55,15.5,15.34,,2.99,,14.32,,8.9,,16.7,1.39,,5.92,10.05,,,,14.94,,,15.8,,66.89,,,,
2016-09-19 07:00:00,2.74,,8.01,45.24,50.33,20.83,113.32,7.28,10.98,53.46,7.34,6.95,9.95,33.12,14.1,,,5.46,12.42,27.39,7.19,,2.8,35.3,15.34,15.3,,3.04,,14.75,,9.25,,16.41,1.39,,6.06,9.9,,,,15.25,,,15.8,,65.48,,,,10.46
2016-09-20 07:00:00,2.74,,8.03,44.75,50.74,20.8,111.24,7.26,11.21,52.09,7.34,6.95,10.04,34.16,14.04,,,5.43,12.22,28.14,7.2,,2.8,36.23,15.31,15.38,,3.11,,14.91,,9.31,,16.31,1.39,,6.12,9.89,,,,15.56,,,15.8,,63.61,,,,10.4
2016-09-21 07:00:00,2.81,,8.18,45.11,51.64,20.62,111.24,7.26,11.0,51.91,7.34,6.89,10.04,35.04,14.15,,,5.49,12.38,28.1,7.12,,2.79,36.44,15.6,15.6,,3.23,,14.91,,9.2,,15.43,1.39,,6.17,9.63,,,,15.56,,,16.13,,64.97,,,,10.6
2016-09-22 07:00:00,2.78,,8.18,46.15,53.85,20.69,108.21,7.26,11.08,50.72,7.42,6.95,10.37,35.71,14.4,,,5.55,12.33,28.44,7.36,,2.8,36.75,15.86,16.17,,3.23,,15.46,,9.51,,14.99,1.39,,6.26,9.69,,,,15.85,,,16.31,,65.25,,,,10.75
2016-09-23 07:00:00,2.76,,8.06,46.15,53.93,20.48,107.78,7.26,11.34,50.22,7.46,6.95,10.41,35.5,14.71,,,5.51,12.13,28.44,7.38,,2.8,36.65,15.89,16.3,,3.18,,15.4,,9.77,,15.14,1.36,,6.23,9.68,,,,15.58,,,16.29,,65.67,,,,
2016-09-26 07:00:00,2.76,,8.06,47.05,55.65,20.48,107.56,7.22,12.18,50.76,7.46,6.89,10.54,35.45,14.97,,,5.5,12.16,29.04,7.33,,2.79,36.59,15.66,16.35,,3.11,,15.79,,9.9,,15.28,1.36,,6.17,9.56,,,,15.71,,,16.53,,66.0,,,,10.79
2016-09-27 07:00:00,2.76,,8.43,47.42,57.61,20.44,109.08,7.31,12.24,51.13,7.46,6.82,10.46,35.86,14.97,,,5.51,12.06,29.34,7.3,,2.8,36.44,15.55,16.41,,3.11,,15.74,,9.9,,15.18,1.33,,6.19,9.5,,,,16.0,,,16.88,,66.14,,,,10.75
2016-09-28 07:00:00,2.89,,8.71,48.45,58.76,20.55,112.41,7.48,12.3,50.86,7.41,6.76,10.61,36.23,14.97,,,5.58,12.13,29.64,7.3,,2.8,36.34,15.77,16.57,,3.13,,15.68,,9.82,,15.14,1.33,,6.32,9.65,,,,16.23,,,16.72,,65.81,,,,10.88
2016-09-29 07:00:00,2.92,,8.68,50.24,59.08,20.69,113.23,7.43,12.15,50.95,7.4,6.76,10.5,38.4,15.43,,,5.58,12.31,29.11,7.33,,2.81,35.46,16.11,16.92,,3.09,,15.6,,9.84,,15.09,1.33,,6.36,9.49,,,,16.2,,,16.51,,65.91,,,,10.89
2016-09-30 07:00:00,2.92,,8.58,50.84,59.33,20.83,112.76,7.28,12.3,51.4,7.4,6.69,10.37,38.19,15.22,,,5.53,12.35,28.74,7.63,,2.82,36.29,16.03,16.87,,3.06,,15.52,,9.75,,15.18,1.33,,6.32,9.39,,,,16.06,,,16.46,,65.91,,,,10.86
2016-10-03 07:00:00,3.06,,8.58,51.05,58.18,20.97,119.46,7.31,12.37,53.46,7.4,6.76,10.32,37.26,15.17,,,5.47,12.22,29.19,7.52,,2.82,36.13,16.08,16.65,,3.06,,15.28,,9.51,,15.28,1.33,,6.4,9.39,,,,15.98,,,16.35,,65.91,,,,10.84
2016-10-04 07:00:00,3.08,,8.71,51.59,60.8,20.97,118.6,7.39,12.28,54.15,7.41,6.82,10.36,37.52,14.92,,,5.32,11.99,28.48,7.52,,2.8,36.08,15.87,16.83,,3.13,,15.56,,9.58,,15.16,1.3,,6.41,9.25,,,,15.98,,,16.16,,66.33,,,,10.74
2016-10-05 07:00:00,3.13,,8.76,50.55,60.72,20.87,114.27,7.58,11.88,52.09,7.4,6.76,10.28,37.62,14.76,,,5.25,11.67,28.06,7.48,,2.8,36.08,15.76,16.87,,3.11,,15.54,,9.42,,15.18,1.33,,6.48,9.4,,7.33,,15.98,,,16.35,,66.14,,,,10.7
2016-10-06 07:00:00,3.11,,8.71,51.49,60.56,21.19,112.54,7.56,11.81,51.63,7.36,6.76,10.27,37.62,14.66,,,5.19,11.56,28.06,7.49,,2.82,36.13,15.77,16.96,,3.09,,15.85,,9.38,,15.23,1.41,,6.41,9.68,,7.84,,16.0,,,16.09,,66.61,,,,10.8
2016-10-07 07:00:00,3.08,,8.68,51.31,60.15,21.33,109.51,7.48,11.68,51.4,7.4,6.76,10.13,37.41,14.61,,,5.14,11.33,28.36,7.52,,2.84,36.03,15.63,16.92,,3.06,,15.66,,9.25,,15.18,1.47,,6.34,9.61,,8.37,,16.0,,,15.94,,66.7,,,,10.72
2016-10-10 07:00:00,3.06,,8.58,50.81,59.74,21.26,109.42,7.43,11.66,51.13,7.4,6.82,9.85,36.94,14.35,,,4.88,11.35,28.36,7.51,,2.83,35.82,15.47,17.05,,3.13,,15.38,,9.16,,15.04,1.41,,6.37,9.55,,8.94,,15.81,,,15.87,,66.23,,,,10.6
2016-10-11 07:00:00,3.06,,8.43,50.81,60.07,21.04,108.21,7.31,11.45,49.8,7.4,6.79,9.73,37.52,14.35,,,4.98,11.32,27.91,7.53,,2.81,35.51,15.47,16.65,,3.11,,14.97,,9.34,,16.07,1.36,,6.38,9.33,,9.55,,15.65,,,15.61,,65.95,,,,10.56
2016-10-12 07:00:00,3.14,,8.48,50.79,60.15,21.47,108.77,7.39,11.53,50.49,7.38,6.76,9.76,37.52,14.56,,,5.06,11.35,28.06,7.52,,2.81,35.36,15.87,16.57,,3.11,,14.93,,9.34,,17.02,1.41,,6.33,9.34,,10.21,,15.71,,,15.72,,66.19,,,,
2016-10-13 07:00:00,3.09,,8.43,51.33,58.84,21.5,110.81,7.33,11.32,50.67,7.37,6.76,9.67,37.0,14.38,,,4.94,11.32,28.44,7.52,,2.81,35.15,16.87,16.48,,3.07,,14.87,,9.31,,17.09,1.39,,6.29,9.25,,10.92,,15.6,,,15.83,,66.65,,,,10.6
2016-10-14 07:00:00,3.09,,8.58,52.37,58.51,21.61,111.67,7.35,11.66,50.72,7.38,6.76,9.64,37.41,14.35,,,4.95,11.35,28.89,7.48,,2.86,35.36,17.37,16.22,,3.06,,15.17,,9.34,,16.93,1.47,,6.35,9.33,,11.67,,15.6,,,15.94,,67.73,,,,10.66
2016-10-17 07:00:00,3.05,,8.61,53.12,57.37,21.61,114.17,7.28,11.64,50.72,7.53,6.82,9.6,36.89,14.25,,,4.85,11.17,28.36,7.48,,2.84,35.25,16.78,16.06,,3.24,,15.26,,9.36,,16.86,1.5,,6.29,9.33,,12.49,,15.4,,,15.83,,67.45,,,,10.59
2016-10-18 07:00:00,3.05,,8.58,53.15,56.87,20.9,109.61,7.26,11.34,49.99,7.59,6.95,9.59,36.37,14.25,,,4.84,11.19,28.48,7.47,,2.84,34.79,17.36,16.15,,3.28,,15.44,,9.16,,16.93,1.47,,6.26,9.27,,13.34,,15.27,,,15.8,,67.36,,,,10.64
2016-10-19 07:00:00,3.14,,8.88,53.66,56.47,20.87,109.32,7.43,10.87,50.17,7.71,6.95,9.66,36.21,14.3,,,4.98,11.52,28.74,7.41,,2.86,34.43,17.47,16.22,,3.37,,15.44,,9.2,,17.12,1.58,,6.3,9.59,,14.24,,15.4,,,16.09,,68.52,,,,10.6
2016-10-20 07:00:00,3.13,,8.93,53.92,56.06,21.96,111.92,7.41,10.59,50.26,7.6,6.89,9.67,36.37,14.12,,,4.94,11.72,29.26,7.44,,2.84,35.05,17.2,15.69,,3.36,,15.22,,9.16,,16.96,1.7,,6.33,9.52,,11.57,,15.31,,,16.02,,68.52,,,,10.6
2016-10-21 07:00:00,3.09,,8.88,52.86,55.81,21.54,105.57,7.37,10.31,49.62,7.47,6.89,9.57,35.95,14.04,,,4.92,11.78,28.81,7.5,,2.84,34.32,17.71,15.49,,3.35,,14.97,,9.14,,16.8,1.64,,6.48,9.3,,12.04,,15.31,,,15.91,,68.24,,,,10.64
2016-10-24 07:00:00,3.08,,8.98,52.71,56.06,21.4,101.48,7.41,9.74,47.06,7.34,6.82,9.54,35.9,14.22,,,4.9,11.62,28.51,7.4,,2.9,34.07,17.36,15.36,,3.31,,14.66,,9.05,,16.61,1.64,,6.36,9.25,,12.16,,15.31,,,15.8,,67.45,,,,
2016-10-25 07:00:00,3.05,,8.86,51.82,56.06,20.97,104.94,7.39,9.63,44.73,7.27,6.76,9.6,35.69,14.04,,,4.79,11.52,27.76,7.36,,2.87,34.07,16.67,15.21,,3.16,,14.26,,9.03,,16.8,1.58,,6.32,9.29,,12.47,,14.94,,,15.74,,66.33,,,,10.45
2016-10-26 07:00:00,3.05,,8.78,51.85,55.81,20.83,103.32,7.31,9.82,44.78,7.27,6.76,9.54,35.59,14.04,,,4.75,11.26,27.35,7.36,,2.86,33.91,16.74,15.25,,3.23,,14.16,,9.18,,16.74,1.58,,6.26,9.16,,11.61,,14.82,,,15.72,,66.19,,,,10.4
2016-10-27 07:00:00,3.05,,8.61,52.11,55.65,20.48,105.0,7.22,9.61,45.19,7.24,6.82,9.47,35.43,14.04,,,4.72,11.27,27.54,7.4,,2.84,33.91,16.74,15.34,,3.19,,14.26,,9.25,,17.15,1.53,,6.18,9.06,,12.16,,15.03,,,15.76,,66.65,,,,
2016-10-28 07:00:00,3.08,,8.63,52.06,55.81,20.69,107.3,7.22,9.76,45.65,7.23,6.69,9.54,35.54,14.17,,,4.88,11.74,27.39,7.4,,2.84,33.91,16.97,15.43,,3.2,,14.16,,9.25,,17.12,1.56,,6.17,9.0,,12.39,,15.07,,,15.87,,67.4,,,,
2016-10-31 07:00:00,3.08,,8.63,52.34,54.75,20.62,113.07,7.31,9.84,45.92,7.24,6.73,9.6,35.43,14.15,,,4.88,11.88,27.39,7.4,,2.84,35.25,16.97,15.38,,3.18,,14.08,,9.36,,16.74,1.61,,6.26,8.86,,12.16,,15.09,,,15.89,,67.17,,,,10.52
2016-11-01 07:00:00,3.06,,8.53,52.29,54.01,20.27,112.5,7.2,9.84,45.24,7.23,6.66,9.54,34.81,13.99,,,4.89,11.84,27.16,7.43,,2.84,34.17,16.82,15.34,,3.29,,13.95,,9.29,,16.48,1.56,,6.23,8.8,,11.73,,14.98,,,15.74,,66.89,,,,10.42
2016-11-02 07:00:00,3.05,,8.53,52.29,53.6,20.48,109.61,7.16,9.46,45.24,7.21,6.63,9.49,34.81,13.81,,,4.8,11.9,27.09,7.43,,2.84,33.96,17.06,15.3,,3.31,,14.05,,9.27,,16.16,1.56,,6.18,8.49,,11.55,,14.88,,,15.87,,66.7,,,,10.4
2016-11-03 07:00:00,3.03,,8.56,51.75,52.62,20.23,106.73,7.09,9.2,44.55,7.19,6.56,9.3,34.29,13.58,,,4.69,11.48,27.09,7.43,,2.82,33.81,17.49,15.21,,3.47,,14.1,,9.14,,15.91,1.5,,6.14,8.3,,10.35,,14.59,,,15.72,,66.14,,,,10.21
2016-11-04 07:00:00,3.01,,8.56,51.64,51.23,20.06,104.94,7.09,9.29,45.28,7.2,6.69,9.27,34.23,13.69,,,4.73,11.71,27.16,7.41,,2.78,33.7,17.77,15.38,,3.47,,14.16,,9.07,,15.75,1.5,,6.07,8.41,,9.76,,14.57,,,15.69,,66.37,,,,10.2
2016-11-07 07:00:00,3.03,,8.56,52.5,53.6,20.3,106.73,7.12,9.63,45.05,7.27,6.66,9.38,35.07,13.84,,,4.9,12.32,27.16,7.36,,2.78,33.6,17.59,15.38,,3.66,,14.08,,9.07,,15.78,1.53,,6.11,8.6,,9.78,,15.03,,,15.74,,66.0,,,,10.3
2016-11-08 07:00:00,3.03,,8.46,52.63,53.6,20.27,106.73,7.14,9.41,45.01,7.25,6.56,9.46,35.33,14.04,,,4.97,12.42,27.31,7.33,,2.8,33.55,17.94,15.41,,3.56,,14.05,,9.1,,15.85,1.61,,6.17,8.5,,9.6,,15.09,,,15.76,,65.91,,,,10.4
2016-11-09 07:00:00,3.01,,8.35,52.37,53.6,20.16,105.05,7.09,9.41,44.55,7.2,6.5,9.37,35.28,13.63,,,4.93,12.22,27.58,7.26,,2.78,33.55,17.71,15.25,,3.49,,14.87,,9.03,,15.72,1.58,,6.12,8.43,,10.0,,15.03,,,15.76,,65.62,,,,10.3
2016-11-10 07:00:00,3.05,,8.4,52.34,54.67,20.55,105.57,7.07,9.61,44.96,7.21,6.6,9.38,35.69,13.79,,,4.97,12.65,27.54,7.19,,2.76,33.55,18.4,15.14,,3.49,,14.71,,9.05,,15.4,1.56,,6.11,8.43,,10.39,,15.15,,,15.8,,66.09,,,,10.31
2016-11-11 07:00:00,3.05,,8.38,51.98,53.19,20.52,105.0,7.07,9.52,45.01,7.21,6.56,9.5,35.95,13.69,,,4.92,12.74,27.16,7.15,,2.77,33.81,18.29,15.34,,3.49,,14.5,,9.47,,15.37,1.56,,6.1,8.4,,9.74,,15.23,,,16.16,,66.05,,,,
2016-11-14 07:00:00,3.03,,8.33,51.82,51.96,21.04,105.0,7.03,9.41,44.64,7.19,6.56,9.4,35.43,13.48,,,4.92,12.92,26.71,7.19,,2.76,33.24,18.39,15.34,,3.47,,14.26,,9.51,,15.18,1.56,,6.02,8.24,,9.0,,15.0,,,16.46,,65.62,,,,10.32
2016-11-15 07:00:00,3.05,,8.19,51.2,51.8,20.9,103.84,7.03,9.41,44.5,7.37,6.56,9.45,35.12,13.69,,,5.03,12.97,26.71,7.19,,2.74,32.52,18.06,15.32,,3.47,,14.26,,9.58,,15.21,1.56,,6.01,8.1,,9.11,,15.0,,,15.98,,65.06,,,,10.31
2016-11-16 07:00:00,3.03,,8.19,51.07,51.56,21.01,103.38,7.05,9.22,44.55,7.38,6.49,9.49,35.59,13.74,,,5.07,12.95,26.79,7.19,,2.72,32.88,17.75,15.34,,3.47,,14.2,,9.55,,15.21,1.56,,6.02,8.18,,9.35,,14.86,,,15.91,,65.11,,,,10.34
2016-11-17 07:00:00,3.03,,8.17,51.54,51.47,20.8,102.69,7.01,9.22,46.06,7.37,6.37,9.42,35.17,14.1,,,5.04,12.83,26.71,7.15,,2.72,32.78,18.02,15.16,,3.53,,14.16,,9.49,,15.21,1.56,,6.01,8.1,,9.21,,14.82,,,15.72,,65.16,,,,
2016-11-18 07:00:00,3.01,,8.11,50.81,50.66,20.8,101.59,6.94,9.2,45.69,7.34,6.37,9.44,35.07,13.84,,,5.0,12.93,26.56,7.15,,2.7,33.09,18.0,15.12,,3.48,,14.12,,9.73,,15.21,1.53,,5.96,7.99,,9.55,,14.76,,,15.8,,64.78,,,,
2016-11-21 07:00:00,3.05,,8.3,50.42,50.33,20.87,101.3,7.03,9.12,45.1,7.36,6.37,9.49,35.12,13.74,,,4.99,13.51,26.26,7.15,,2.69,32.78,18.05,14.99,,3.48,,14.16,,9.77,,15.15,1.53,,5.95,8.3,,10.1,,14.82,,,15.65,,64.97,,,,10.3
2016-11-22 07:00:00,3.03,,8.51,50.4,50.74,20.87,100.38,7.12,9.09,44.78,7.32,6.3,9.48,36.21,13.74,,,5.04,13.66,26.19,7.12,,2.68,33.14,18.79,14.94,,3.47,,14.24,,9.68,,15.15,1.53,,6.04,8.35,,9.72,,14.9,,,15.69,,65.91,,,,10.39
2016-11-23 07:00:00,3.06,,8.64,50.58,51.47,21.04,100.84,7.14,9.07,45.01,7.33,6.34,9.64,36.06,14.1,,,5.03,13.56,26.04,7.12,,2.69,35.25,18.86,14.77,,3.48,,14.38,,9.53,,15.08,1.5,,6.02,8.3,,9.7,,15.09,,,15.72,,65.86,,,,
2016-11-24 07:00:00,3.08,,8.51,50.63,51.39,21.08,100.38,7.12,9.07,46.38,7.27,6.3,9.79,35.75,14.22,,,5.02,13.91,26.22,7.12,,2.68,37.11,18.74,14.55,,3.43,,14.57,,9.47,,15.59,1.5,,5.98,8.29,,9.15,,15.05,,,15.69,,64.97,,,,10.5
2016-11-25 07:00:00,3.08,,8.46,50.55,51.15,21.12,98.65,7.01,8.99,46.15,7.27,6.3,9.71,35.54,14.4,,,5.01,13.92,26.64,7.07,,2.67,36.03,18.74,14.68,,3.39,,14.57,,9.55,,15.85,1.5,,5.95,8.22,,8.72,,14.94,,,15.61,,63.99,,,,10.45
2016-11-28 07:00:00,3.09,,8.35,50.55,50.33,21.04,97.38,6.92,8.86,45.69,7.27,6.27,9.61,35.48,14.25,,,4.96,13.86,26.34,7.01,,2.65,34.94,18.91,14.51,,3.38,,14.47,,9.47,,15.66,1.47,,5.95,8.02,,8.39,,14.78,,,15.61,,62.68,,,,10.4
2016-11-29 07:00:00,3.03,,8.33,50.5,49.92,20.97,96.92,6.9,8.67,45.01,7.27,6.27,9.51,35.43,14.3,,,4.86,13.75,26.26,7.05,,2.64,33.55,18.74,14.27,,3.36,,14.28,,9.44,,15.66,1.44,,5.9,7.86,,8.41,,14.69,,,15.61,,62.96,,,,10.24
2016-11-30 07:00:00,3.05,,8.17,50.55,49.1,20.9,99.23,6.88,9.16,45.01,7.1,6.17,9.48,33.61,14.12,,,5.05,14.14,26.11,7.08,,2.66,33.55,18.86,14.02,,3.31,,14.24,,9.71,,15.46,1.47,,5.99,7.7,,8.96,,14.57,,,15.43,,66.42,,,,10.15
2016-12-01 07:00:00,3.15,,8.14,50.53,49.1,20.9,100.26,6.9,9.09,45.1,7.14,6.11,9.58,35.59,14.2,,,5.05,14.3,25.74,7.1,,2.66,34.48,19.14,14.02,,3.28,,14.47,,9.82,,15.53,1.47,,5.96,7.62,,8.45,,14.69,,,15.5,,64.64,,,,10.26
2016-12-02 07:00:00,3.13,,8.14,50.48,48.94,20.87,98.94,6.94,8.99,44.78,6.85,6.11,9.48,36.11,13.99,,,5.03,14.43,25.55,7.12,,2.65,33.45,19.05,13.59,,3.28,,14.57,,9.82,,15.72,1.47,,5.87,7.8,,8.03,,14.63,,,15.5,,63.85,,,,10.21
2016-12-05 07:00:00,3.1,,8.09,50.29,47.63,20.69,97.44,6.92,8.88,44.78,6.77,5.98,9.45,35.28,13.94,,,5.12,14.5,25.06,7.1,,2.64,32.98,18.74,14.0,,3.28,,14.32,,9.84,,15.53,1.44,,5.8,7.64,,8.36,,14.55,,,15.48,,63.47,,,,10.15
2016-12-06 07:00:00,3.1,,7.98,50.29,47.87,20.34,99.17,6.88,8.77,44.78,6.67,5.78,9.37,34.91,14.04,,,5.06,14.17,24.91,7.07,,2.64,33.03,18.27,13.98,,3.27,,14.32,,9.86,47.47,15.46,1.41,,5.67,7.54,,8.7,,14.47,,,15.39,,63.15,,,,10.1
2016-12-07 07:00:00,2.98,,7.85,49.52,48.12,20.41,99.34,6.71,8.84,44.32,6.63,6.12,9.3,34.76,13.94,,,4.92,13.53,24.84,7.05,,2.66,32.93,17.7,13.74,,3.23,,14.28,,9.71,50.78,15.85,1.44,,5.64,7.82,,8.59,,14.24,,,15.47,,62.4,,,,9.97
2016-12-08 07:00:00,3.0,,7.85,50.03,47.55,20.59,99.23,6.8,9.2,44.28,6.54,6.17,9.3,34.13,13.92,,,4.92,13.64,24.01,7.05,,2.62,32.78,17.93,13.63,,3.26,,14.26,,9.77,54.3,15.91,1.44,,5.58,7.91,,8.88,,14.67,,,15.43,,63.71,,,,10.03
2016-12-09 07:00:00,3.0,,7.88,49.49,48.12,20.8,103.78,6.67,8.64,44.28,6.43,6.43,9.51,34.39,13.84,,,4.91,13.59,23.94,7.05,,2.64,32.98,17.83,13.37,,3.31,,14.32,,9.75,58.08,15.53,1.44,,5.56,7.91,,8.88,,14.55,,,15.43,,63.99,,,,10.05
2016-12-12 07:00:00,2.98,,7.8,49.44,47.79,20.62,103.84,6.58,8.6,43.77,6.33,6.5,9.4,35.59,13.79,,,4.86,13.56,24.16,7.05,,2.63,32.93,17.77,13.15,,3.26,,14.05,,9.71,62.14,15.31,1.39,,5.5,7.79,,8.74,,14.49,,,15.43,,62.82,,,,9.98
2016-12-13 07:00:00,2.96,,7.66,50.55,46.97,20.62,102.98,6.41,8.56,43.13,6.32,6.56,9.26,34.91,13.66,,,4.85,13.5,24.54,7.03,,2.62,32.52,17.54,12.93,,3.26,,13.72,,9.51,66.46,14.96,1.36,,5.56,7.66,,8.27,,14.45,,,15.43,,63.15,,,,9.9
2016-12-14 07:00:00,2.96,,8.03,50.55,47.46,20.69,103.26,6.31,8.73,43.64,6.32,6.76,9.23,34.13,13.79,,,4.97,14.07,24.99,7.05,,2.63,32.36,17.71,12.4,,3.26,,14.05,,9.68,71.1,15.15,1.36,,5.61,7.9,,8.16,,14.42,,,15.61,,61.84,,,,9.85
2016-12-15 07:00:00,2.96,,7.93,50.03,48.04,20.62,102.74,6.54,8.67,43.82,6.49,6.43,9.21,33.87,13.66,,,4.95,14.11,25.1,7.08,,2.62,32.31,17.81,12.32,,3.28,,14.16,,10.16,76.06,15.72,1.36,,5.65,8.41,,7.91,,14.61,,,15.58,,61.04,,,,9.9
2016-12-16 07:00:00,3.0,,7.82,50.79,48.28,20.62,105.98,6.37,8.52,43.59,6.47,6.24,9.21,33.82,14.1,,,5.0,14.39,26.26,7.08,,2.62,33.55,17.63,12.36,,3.31,,14.16,,10.34,81.38,16.23,1.36,,5.7,8.26,,7.98,,14.53,,,15.61,,60.76,,,,
2016-12-19 07:00:00,3.03,,7.93,50.94,50.25,20.55,107.71,6.63,8.67,44.09,6.56,6.24,9.34,34.13,13.84,,,5.01,14.46,26.19,7.12,,2.66,33.5,18.11,12.49,,3.31,,14.14,,10.49,80.91,16.55,1.39,,5.89,8.48,,8.05,,14.61,,,15.91,,61.23,,,,10.11
2016-12-20 07:00:00,2.98,,7.85,50.53,50.25,20.55,106.73,6.63,8.6,44.09,6.54,6.13,9.38,33.87,13.79,,,4.96,14.28,26.04,7.08,,2.64,32.62,17.67,12.45,,3.31,,14.11,,10.54,76.06,16.99,1.39,,5.84,8.47,,8.11,,14.61,,,15.8,,60.2,,,,10.06
2016-12-21 07:00:00,3.17,,7.88,50.53,49.51,20.34,105.57,6.54,8.58,43.41,6.45,6.3,9.35,33.97,13.84,,,5.01,15.07,25.51,7.15,,2.64,32.52,17.82,12.52,,3.26,,14.11,,10.62,73.18,16.93,1.44,,5.82,8.37,,8.02,,14.57,,,15.37,,59.26,,,,10.05
2016-12-22 07:00:00,3.13,,7.8,50.53,49.59,20.27,106.09,6.5,8.52,43.64,6.46,6.24,9.45,34.46,13.74,,,5.13,15.21,25.59,7.12,,2.64,33.81,17.79,12.49,,3.23,,14.01,,10.56,75.48,16.8,1.44,,5.8,8.25,,7.98,,14.53,,,15.47,,59.4,,,,10.04
2016-12-23 07:00:00,3.1,,7.72,50.29,48.94,20.23,105.86,6.46,8.77,43.59,6.43,6.24,9.37,34.36,13.58,,,5.13,15.07,25.89,7.08,,2.63,33.81,17.81,12.29,,3.23,,13.97,,10.54,73.0,16.23,1.39,,5.76,8.54,,7.85,,14.74,,,15.47,,58.0,,,,10.0
2016-12-26 07:00:00,3.1,,7.8,50.55,49.26,20.52,106.32,6.5,8.56,43.64,6.43,6.17,9.38,34.03,13.69,,,5.21,15.24,26.26,7.05,,2.63,34.48,18.16,12.38,,3.21,,13.95,,10.51,72.29,15.97,1.36,,5.8,8.5,,7.82,,14.98,,,15.5,,58.23,,,,10.06
2016-12-27 07:00:00,3.1,,7.72,50.11,48.94,20.45,107.01,6.48,8.52,43.41,6.39,6.17,9.51,33.17,13.71,,,5.22,15.04,26.26,6.98,,2.63,33.81,18.4,12.45,,3.23,,13.89,,10.78,72.94,16.23,1.39,,5.8,8.6,,7.73,,15.07,,,15.67,,58.56,,,,10.1
2016-12-28 07:00:00,3.06,,7.69,50.03,48.69,20.42,104.42,6.48,8.45,43.36,6.4,6.24,9.58,32.68,13.63,,,5.2,15.1,26.64,7.01,,2.65,33.81,18.23,12.27,25.6,3.23,,13.85,,10.86,72.94,16.23,1.39,,5.86,9.1,,7.37,,14.94,,,15.6,,59.31,,,,10.08
2016-12-29 07:00:00,3.1,,7.64,50.01,48.28,20.42,104.36,6.5,8.56,44.78,6.32,6.24,9.58,32.47,13.81,,,5.19,15.27,27.24,6.98,,2.66,33.19,18.29,12.23,26.28,3.21,,13.78,,10.95,72.29,15.97,1.39,,5.87,9.4,,7.28,,14.86,,,15.45,,60.81,,,,10.12
2016-12-30 07:00:00,3.1,,7.61,50.48,48.12,20.34,105.28,6.48,8.88,45.19,6.33,6.25,9.68,32.84,13.84,,,5.16,15.01,27.46,6.98,,2.78,33.55,18.06,12.23,25.64,3.21,,13.78,,10.78,72.29,15.97,1.42,,5.82,9.54,,7.58,,14.78,,,15.43,,60.15,,,,10.17
2017-01-03 07:00:00,3.31,,8.01,49.75,49.26,21.61,105.28,6.84,9.2,45.37,6.28,6.14,9.83,32.95,13.92,,,5.25,15.1,27.46,6.98,,2.76,34.07,17.94,12.23,25.6,3.22,,13.82,,10.93,72.18,16.55,1.45,,5.95,9.3,,7.58,,15.52,,,15.43,,59.4,,,,10.19
2017-01-04 07:00:00,3.4,,8.3,49.98,49.59,22.11,105.57,7.05,8.77,46.74,6.29,6.4,9.99,33.38,13.84,,,5.29,14.98,27.46,6.98,,2.76,34.3,18.03,12.32,25.39,3.21,,13.85,,11.04,72.51,16.36,1.45,,5.98,8.78,,7.62,,15.56,,,15.45,,59.68,,,,10.29
2017-01-05 07:00:00,3.36,,8.3,49.9,50.57,21.97,105.17,7.01,8.94,47.06,6.29,6.24,9.93,33.38,13.79,,,5.26,15.53,27.46,6.96,,2.7,34.57,18.03,12.25,25.35,3.21,,13.95,,11.1,72.29,16.16,1.42,,5.96,8.65,,7.71,,15.44,,,15.58,,59.45,,,,10.29
2017-01-06 07:00:00,3.64,,8.48,49.22,50.98,22.62,104.94,7.26,8.37,46.79,6.25,6.36,9.95,33.22,14.25,,,5.28,15.77,27.16,6.91,,2.75,34.13,18.16,12.25,25.26,3.18,,14.24,,11.08,76.63,15.97,1.48,,6.12,9.14,,7.6,,15.89,,,15.98,,59.68,,,,10.38
2017-01-09 07:00:00,3.64,,8.67,48.96,51.15,23.34,102.8,7.35,8.43,46.51,6.32,6.34,9.93,33.06,14.35,,,5.18,14.92,27.16,6.94,,2.74,34.13,18.06,12.36,25.3,3.21,,14.44,,10.99,75.94,15.97,1.48,,6.08,9.08,,7.76,,16.12,,2.12,15.98,,59.31,,,,10.38
2017-01-10 07:00:00,3.67,,8.56,48.41,50.49,23.13,101.82,7.22,8.39,47.75,6.52,6.36,10.06,32.84,14.15,,,5.24,14.92,27.16,6.91,,2.73,35.11,18.1,12.32,25.26,3.21,,14.44,,10.86,75.54,15.91,1.45,,6.05,9.1,,7.71,,16.0,,1.7,15.91,,59.17,,,,
2017-01-11 07:00:00,3.8,,8.77,48.78,50.41,23.13,103.26,7.52,8.39,48.3,6.43,6.24,10.19,32.68,14.66,,,5.23,15.07,27.01,6.91,,2.74,34.57,18.29,12.81,25.22,3.21,,14.44,,10.78,76.67,15.85,1.45,,6.02,9.07,,7.6,,16.04,,1.67,15.96,,59.5,,,,10.43
2017-01-12 07:00:00,3.87,,8.77,49.59,51.15,23.05,104.42,7.56,8.56,48.39,6.81,6.24,10.1,32.9,15.02,,,5.25,15.13,27.09,6.91,,2.78,34.3,18.56,12.92,25.22,3.21,,14.44,,10.99,77.76,15.91,1.45,,6.05,9.07,,7.71,,15.94,,1.6,15.91,,59.59,,,,10.43
2017-01-13 07:00:00,3.83,,8.75,49.75,51.96,23.05,103.26,7.48,8.94,48.8,7.1,6.24,10.15,32.84,14.84,,,5.19,14.89,28.74,6.98,,2.76,33.97,18.32,13.14,25.18,3.2,,14.34,,11.04,77.47,15.91,1.45,,6.11,9.06,,7.51,,15.85,,1.45,15.96,,59.54,,,,10.41
2017-01-16 07:00:00,3.8,,8.62,49.75,50.74,22.84,103.78,7.53,8.9,48.48,7.09,6.24,9.82,32.19,14.84,,,5.14,14.72,29.26,6.94,,2.73,34.03,18.29,13.07,25.26,3.21,,14.36,,11.06,77.03,15.91,1.45,,6.11,8.97,,7.44,,15.65,,1.4,15.91,,59.45,,,,10.34
2017-01-17 07:00:00,4.06,,8.91,49.22,50.82,22.69,103.55,7.81,8.77,48.16,6.82,6.23,9.8,31.33,14.66,,,5.04,14.43,28.89,6.93,,2.81,34.03,18.11,12.94,25.26,3.21,,14.26,,11.02,79.37,15.59,1.45,,6.08,9.3,,7.42,,16.2,,1.47,15.8,,59.26,,,,10.34
2017-01-18 07:00:00,4.13,,9.14,49.43,50.98,22.69,103.73,8.08,8.73,48.57,6.81,6.21,9.78,31.11,14.61,,,5.02,14.43,28.66,6.91,,2.82,33.92,18.13,12.94,25.18,3.21,,14.26,,11.39,82.14,15.72,1.45,,6.11,9.53,,7.28,,16.2,,1.52,15.67,,59.03,,,,10.36
2017-01-19 07:00:00,4.07,,8.8,49.41,50.49,22.33,105.8,7.81,8.39,49.76,6.71,6.26,9.62,31.01,14.48,,,4.97,14.07,28.29,6.89,,2.8,33.81,18.17,12.87,25.18,3.23,,14.32,,11.26,82.14,15.59,1.42,,6.02,9.62,,7.08,,15.94,,1.57,15.54,,59.08,,,,
2017-01-20 07:00:00,4.13,,8.93,49.62,50.33,22.4,107.82,8.06,8.35,50.26,6.71,6.24,9.73,31.44,14.45,,,5.03,14.34,28.21,6.91,,2.78,33.65,18.29,13.1,24.96,3.25,,14.34,,11.23,82.18,15.59,1.42,,5.99,9.61,,7.49,,15.94,,1.61,15.5,,60.01,,,,
2017-01-23 07:00:00,4.02,,8.99,51.06,50.49,22.29,108.4,8.43,8.24,50.17,6.66,6.23,9.76,31.6,14.3,,,5.05,14.37,28.36,6.91,,2.78,33.86,18.27,13.07,24.92,3.26,,14.24,,11.12,81.71,15.59,1.42,,5.95,9.65,,7.62,,15.87,,1.65,15.5,,60.39,,,,
2017-01-24 07:00:00,4.14,,9.07,51.06,50.49,22.37,109.78,8.3,7.9,49.58,6.7,6.23,9.82,32.63,14.3,,,5.01,14.34,28.14,6.87,,2.8,33.54,18.17,13.12,24.83,3.36,,14.24,,11.08,81.78,15.59,1.45,,5.96,9.85,,7.51,,15.98,,1.66,15.5,,60.43,,,,10.41
2017-01-25 07:00:00,4.11,,8.99,52.1,50.66,22.4,111.92,8.3,8.13,50.67,6.8,6.23,9.91,32.47,14.51,,,5.06,14.46,27.76,6.87,,2.81,33.42,18.29,13.03,25.86,3.38,,14.32,,11.34,81.71,15.53,1.45,,5.98,10.35,,7.55,,16.27,,1.65,15.43,,60.43,,,,10.45
2017-02-02 07:00:00,4.16,,9.09,50.93,51.15,22.62,112.73,8.41,8.02,52.55,6.84,6.66,9.93,32.95,14.76,,,5.07,14.55,28.14,6.91,,2.82,34.31,19.31,13.03,25.99,3.4,,14.61,,11.41,81.74,15.46,1.45,,6.1,10.2,,7.6,,16.39,,1.65,15.74,,62.4,,,,10.52
2017-02-03 07:00:00,4.27,,9.28,50.58,52.29,22.84,111.69,8.37,7.85,51.86,6.88,7.12,9.82,32.68,14.43,,,5.29,14.43,28.14,6.89,,2.84,35.0,19.53,13.61,25.99,3.39,,14.59,,11.41,81.38,15.27,1.48,,6.11,10.25,,7.55,,16.35,,1.65,15.61,,64.03,,,,10.63
2017-02-06 07:00:00,4.23,,9.2,51.06,52.37,22.48,110.76,8.21,7.66,52.23,6.89,7.08,9.73,32.95,14.66,,,5.24,14.34,27.99,6.87,,2.81,34.59,19.53,13.97,25.94,3.36,,14.76,,11.65,80.14,15.4,1.57,,6.11,10.1,,7.4,,16.1,,1.62,15.65,,62.77,,,,10.6
2017-02-07 07:00:00,4.21,,9.17,51.58,51.96,22.62,111.69,8.26,7.49,53.14,6.87,7.02,9.78,32.68,14.51,,,5.35,14.46,28.25,6.87,,2.82,34.51,19.53,14.17,25.52,3.38,,15.13,,11.82,80.32,15.27,1.57,,6.18,9.96,,7.35,,16.25,,1.61,15.72,,62.82,,,,10.65
2017-02-08 07:00:00,4.16,,9.09,51.58,51.88,22.58,110.13,8.08,7.49,52.55,7.05,7.02,9.83,32.41,14.45,,,5.32,14.5,28.44,6.8,,2.81,34.51,19.47,13.83,25.6,3.4,,15.35,,11.82,79.22,15.21,1.54,,6.2,10.0,,7.35,,16.47,,1.61,15.76,,62.87,,,,10.68
2017-02-09 07:00:00,4.13,,9.07,51.29,51.72,22.62,113.53,8.06,7.47,52.91,7.27,7.02,9.78,31.6,14.45,,,5.36,14.92,29.04,6.91,,2.83,34.51,19.3,13.92,25.47,3.43,,15.27,,12.06,78.6,15.18,1.54,,6.2,10.35,,7.4,,16.52,,1.64,15.74,,62.91,,,,10.71
2017-02-10 07:00:00,4.2,,9.07,51.03,51.96,22.55,115.32,8.28,7.6,52.77,7.27,6.95,9.76,32.14,14.71,,,5.33,14.92,29.19,6.91,,2.83,34.43,19.37,14.01,25.43,3.43,,15.48,,12.08,78.13,15.15,1.57,,6.17,10.3,,7.28,,16.41,,1.65,15.7,,62.72,,,,10.75
2017-02-13 07:00:00,4.2,,9.07,51.16,52.78,22.37,115.26,8.26,7.83,52.77,7.24,6.99,9.81,32.09,15.17,,,5.33,14.89,29.56,7.01,,2.87,34.03,19.87,14.28,25.39,3.4,,15.62,,12.13,78.38,15.21,1.54,,6.27,10.2,,7.64,,16.27,,1.64,15.65,,62.68,,,,10.76
2017-02-14 07:00:00,4.11,,9.01,51.06,53.19,22.4,115.21,8.32,7.81,52.55,7.21,6.95,10.15,32.14,15.25,,,5.41,15.16,29.34,7.08,,2.88,33.7,19.87,14.21,25.43,3.38,,15.71,,12.17,79.19,15.27,1.54,,6.3,10.3,,7.85,,16.18,,1.63,15.74,,62.63,,,,10.77
2017-02-15 07:00:00,4.13,,9.2,50.98,52.21,22.62,115.38,8.59,8.3,52.45,7.14,7.02,10.17,31.98,15.86,,,5.39,15.04,29.26,7.29,,2.88,34.19,19.86,14.01,25.6,3.4,,15.6,,12.22,78.86,15.4,1.54,,6.27,10.2,,7.8,,16.27,,1.66,16.42,,62.3,,,,10.84
2017-02-16 07:00:00,4.09,,9.22,50.9,53.03,23.7,119.01,8.7,8.3,51.68,7.17,7.31,10.12,32.41,16.33,,,5.39,14.84,29.11,7.57,,2.95,34.84,20.34,14.28,25.86,3.45,,15.77,,12.0,78.86,15.46,1.6,,6.33,10.6,,7.73,,16.37,,1.68,16.42,,62.4,,,,11.0
2017-02-17 07:00:00,4.01,,9.01,50.79,51.88,23.99,118.84,8.54,8.13,51.86,6.95,6.82,9.95,32.19,16.35,,,5.3,14.46,29.11,7.5,,2.93,34.27,20.06,14.19,26.2,3.45,,15.5,,11.91,78.49,15.37,1.57,,6.21,11.0,,7.78,,16.04,,1.64,16.2,,61.79,,,,10.91
2017-02-20 07:00:00,4.02,,8.91,50.27,51.96,23.99,122.3,8.41,7.98,51.63,6.88,7.15,9.93,31.98,16.91,,,5.1,14.43,28.89,7.54,,2.93,34.84,19.66,14.26,27.1,3.65,,16.2,,12.08,79.59,15.37,1.57,,6.26,11.2,,7.69,,15.94,,1.68,16.68,,61.09,,,,10.8
2017-02-21 07:00:00,3.99,,8.91,49.75,51.8,24.28,121.09,8.35,8.09,51.18,6.87,7.12,10.04,32.63,17.22,,,5.04,14.46,29.11,7.99,,2.92,34.51,19.43,14.28,28.59,3.64,,16.51,,12.02,80.32,15.46,1.6,,6.26,11.2,,7.6,,15.91,,1.66,17.27,,61.42,,,,10.92
2017-02-22 07:00:00,3.95,,8.88,49.75,51.31,25.98,122.24,8.14,8.0,53.64,6.8,7.08,10.13,33.49,16.86,,,5.03,14.37,30.39,7.89,,2.92,34.59,19.37,14.19,29.02,3.55,,16.2,,11.87,81.96,15.4,1.6,,6.48,10.95,,7.44,,15.94,,1.67,17.19,,61.37,,,,10.94
2017-02-23 07:00:00,3.94,,8.83,49.49,50.57,27.75,120.69,8.04,7.96,53.46,6.91,6.99,10.14,34.25,17.32,,,4.86,14.08,30.62,7.75,,2.95,34.27,19.09,14.5,28.42,3.58,,15.91,,11.78,82.87,15.4,1.57,,6.43,11.5,,7.37,,15.81,,1.66,16.9,,61.04,,,,10.95
2017-02-24 07:00:00,4.11,,8.88,49.33,49.76,27.32,118.72,8.14,7.85,53.0,6.85,6.95,10.08,34.09,18.04,,,4.84,14.11,29.64,7.68,,2.94,34.03,18.97,14.46,28.12,3.55,,15.81,,11.69,83.97,15.4,1.57,,6.38,11.05,,7.4,,15.67,,1.66,16.9,,61.7,,,,10.9
2017-02-27 07:00:00,4.01,,8.83,49.22,49.35,27.1,119.13,8.17,7.83,52.77,6.92,6.89,10.26,33.44,17.84,,,4.81,14.3,28.51,7.68,,2.92,33.54,19.77,14.19,28.55,3.55,,16.06,,11.74,83.2,15.37,1.57,,6.35,10.75,,7.37,,15.87,,1.66,17.08,,62.02,,,,10.82
2017-02-28 07:00:00,4.02,,8.83,49.22,49.51,26.96,119.36,8.19,7.72,53.23,6.91,6.92,10.24,33.65,17.94,,,4.84,14.3,28.14,7.64,,2.91,33.38,19.31,14.01,29.66,3.53,,16.43,,11.94,82.58,15.34,1.66,,6.42,10.6,,7.4,,15.81,,1.68,16.97,61.64,61.7,,,,
2017-03-01 07:00:00,3.97,,8.7,50.01,48.94,26.17,116.53,8.08,7.62,53.0,7.17,7.02,10.04,32.63,17.79,,,4.87,14.21,28.36,7.82,,2.91,33.22,19.09,13.48,29.36,3.5,,15.81,,11.53,82.51,15.27,1.63,,6.27,10.4,,7.28,,15.56,,1.71,16.66,65.92,61.6,,,,10.75
2017-03-02 07:00:00,3.94,,8.72,50.01,48.45,25.22,117.63,8.06,7.75,52.55,6.98,7.08,10.04,32.14,17.68,,,5.0,14.3,28.66,8.13,,2.89,33.13,19.31,13.48,29.66,3.49,,15.81,,11.5,82.87,15.34,1.6,,6.29,10.3,,7.35,,15.6,,1.79,16.51,70.49,61.18,,,,10.72
2017-03-03 07:00:00,3.97,,8.67,49.69,48.77,25.07,117.4,8.12,7.75,52.55,7.02,7.08,10.04,31.82,17.22,,,4.99,14.2,28.21,8.16,,2.88,33.22,19.11,13.36,29.44,3.5,,15.97,,11.44,82.29,15.31,1.6,,6.21,10.9,,7.24,,15.56,,1.73,16.5,75.4,60.85,,,,10.71
2017-03-06 07:00:00,4.02,,8.83,49.83,48.77,24.93,117.4,8.28,7.75,53.0,7.12,7.08,10.08,31.87,17.38,,,4.93,14.04,28.03,8.2,,2.9,33.22,19.14,13.43,29.44,3.5,,16.12,,11.97,82.33,15.34,1.57,,6.26,11.3,,7.31,,15.73,,1.73,16.68,78.76,61.27,,,,10.79
2017-03-07 07:00:00,3.97,,8.77,49.22,49.1,26.28,114.8,8.19,7.75,55.74,7.05,7.05,10.06,31.49,18.14,,,4.93,14.1,27.84,8.2,,2.88,33.22,19.23,13.43,29.87,3.51,,15.97,,12.13,82.14,15.34,1.57,,6.2,10.9,,7.33,,15.52,,1.73,16.64,78.48,61.18,,,,10.79
2017-03-08 07:00:00,4.18,,8.85,49.2,49.02,26.98,114.28,8.35,7.87,55.74,6.98,7.08,10.06,31.55,19.4,,,4.91,14.13,27.61,8.22,,2.91,34.03,19.7,13.43,29.27,3.55,,16.08,,12.18,81.27,15.34,1.57,,6.32,10.75,,7.37,,15.81,,1.69,16.48,75.63,61.56,,,,10.79
2017-03-09 07:00:00,4.16,,8.96,49.12,48.69,28.66,113.42,8.28,8.11,56.66,6.95,7.08,10.04,31.01,19.4,,,5.01,14.1,27.69,8.2,,3.03,33.86,19.43,13.39,29.06,3.55,,16.41,,12.08,80.68,15.34,1.57,,6.39,10.7,,7.33,,15.89,,1.69,16.35,74.77,61.23,,,,10.83
2017-03-10 07:00:00,4.18,,8.93,48.91,48.94,28.22,112.67,8.26,8.15,56.43,6.94,7.08,10.15,30.57,19.32,,,5.11,14.07,28.03,8.16,,3.06,33.9,19.41,13.48,29.31,3.5,,16.45,,12.59,78.86,15.31,1.57,,6.43,10.75,,7.31,,15.81,,1.71,16.42,74.77,61.09,,,,10.9
2017-03-13 07:00:00,4.13,,8.75,48.96,48.45,27.86,115.32,8.08,7.87,57.12,6.81,7.08,10.13,30.03,19.27,,,5.01,14.01,27.91,8.16,,3.03,33.82,19.63,13.48,31.02,3.45,,16.24,,12.82,77.03,15.31,1.57,,6.33,10.8,,7.17,,15.48,,1.72,16.42,75.28,61.09,,,,10.86
2017-03-14 07:00:00,4.04,,8.72,49.98,48.53,27.93,115.96,8.01,7.96,57.12,6.87,7.05,10.1,30.47,19.17,,,5.01,13.83,27.95,8.08,,3.04,35.32,19.66,13.43,32.22,3.45,,16.12,,13.06,79.22,15.24,1.54,,6.38,10.7,,7.2,,15.48,,1.73,16.35,74.66,61.23,,,,10.89
2017-03-15 07:00:00,4.07,,8.7,50.27,48.28,27.89,115.78,8.01,7.81,57.02,6.85,7.05,10.04,30.09,18.96,,,5.0,13.58,27.99,8.16,,3.02,35.89,19.99,13.39,32.86,3.45,,16.12,,13.15,78.49,15.78,1.54,,6.33,10.55,,7.37,,15.42,,1.71,16.24,73.91,62.21,,,,10.85
2017-03-16 07:00:00,4.07,,8.75,49.75,48.53,27.49,115.32,8.01,7.79,57.02,6.82,7.12,10.04,30.25,18.76,,,4.98,13.75,28.03,8.44,,3.01,35.65,20.19,13.61,31.28,3.43,,15.89,,12.96,78.13,15.27,1.54,,6.58,10.45,,7.49,,15.42,,1.73,16.16,69.63,62.87,,,,10.85
2017-03-17 07:00:00,4.25,,8.85,49.75,48.69,27.45,116.53,8.1,8.0,56.89,6.85,7.12,10.13,30.03,18.91,,,5.01,13.68,29.19,8.79,,3.02,35.93,19.7,13.61,30.72,3.53,,15.85,,12.99,77.73,15.24,1.57,,6.83,10.45,,7.96,,15.54,,1.73,16.46,69.06,62.96,,,,10.9
2017-03-20 07:00:00,4.18,,8.88,49.77,50.16,27.78,117.98,8.14,8.58,56.84,6.84,7.47,10.21,29.87,18.63,,,4.98,14.21,29.56,8.76,,3.16,37.75,19.77,13.81,29.87,3.65,,15.89,,13.2,76.63,15.24,1.57,,6.91,10.6,,8.07,,15.69,,1.73,16.35,71.74,63.05,,,,11.03
2017-03-21 07:00:00,4.37,,9.2,51.0,50.25,29.03,119.42,8.28,8.79,56.43,6.85,7.9,10.33,29.87,18.4,,,5.1,14.33,29.72,8.53,,3.19,39.05,19.75,13.97,29.48,3.58,,15.89,,12.78,76.3,15.31,1.57,,6.83,10.75,,8.07,,15.73,,1.73,16.09,74.08,63.61,,,,11.06
2017-03-22 07:00:00,4.46,,9.33,50.79,49.67,28.96,119.07,8.37,8.45,56.66,6.82,7.93,10.22,29.39,17.94,,,5.12,14.15,30.32,8.51,,3.2,39.29,19.66,14.1,29.27,3.8,,15.87,,12.57,75.17,15.27,1.57,,6.89,11.1,,8.2,,15.87,,1.75,15.58,71.86,64.88,,,,11.13
2017-03-23 07:00:00,4.37,,9.33,52.31,49.92,29.03,117.57,8.21,8.43,57.3,6.85,8.12,10.5,29.28,17.94,,,5.1,14.1,31.36,8.48,,3.19,39.05,19.42,14.55,28.93,3.77,,15.54,,12.55,74.77,15.72,1.57,,6.76,11.5,,8.52,,15.94,,1.73,15.65,72.77,65.67,,,,11.8
2017-03-24 07:00:00,4.51,,9.46,51.89,50.16,28.7,119.71,8.35,8.37,57.57,6.8,7.99,10.72,29.44,18.2,,,5.12,14.33,31.89,8.48,,3.26,39.05,19.41,14.55,29.57,3.82,,15.46,,12.55,73.78,15.78,1.72,,6.88,11.85,,8.38,,15.96,,1.75,15.6,73.57,66.42,,,,11.32
2017-03-27 07:00:00,4.51,,9.59,53.81,50.16,28.48,124.03,8.52,8.28,60.13,6.78,7.73,10.5,29.39,18.07,,,5.15,14.32,32.04,8.51,,3.26,39.21,19.43,14.48,29.57,3.78,,15.42,,12.41,73.2,15.72,1.87,,7.01,11.65,,8.38,,15.89,,1.73,15.58,74.77,67.26,,,,11.31
2017-03-28 07:00:00,4.41,,9.41,54.72,50.82,28.59,124.03,8.37,8.17,62.23,6.8,7.83,10.55,29.17,18.2,,,5.13,14.67,31.74,9.02,,3.2,38.56,19.18,14.19,29.57,3.76,,15.29,,12.89,73.75,15.72,1.84,,7.0,11.4,,8.34,,15.75,,1.75,15.56,76.31,66.89,,,,11.3
2017-03-29 07:00:00,4.34,,9.22,53.83,50.66,28.44,124.61,8.19,8.41,61.18,6.8,7.77,10.46,29.49,17.89,,,5.18,14.67,31.29,9.02,,3.17,38.08,19.22,13.94,29.44,3.87,,15.68,,13.26,74.84,15.78,1.78,,6.95,11.25,,8.11,,15.52,,1.77,15.58,75.28,66.42,,,,11.33
2017-03-30 07:00:00,4.35,,9.44,54.72,50.98,28.0,123.46,8.23,8.24,63.19,6.75,7.73,10.46,29.55,17.58,,,5.4,14.93,31.97,8.93,,3.24,38.81,19.28,14.28,29.4,4.04,,15.81,,13.03,73.75,15.78,1.81,,7.05,11.5,,8.2,,15.56,,1.77,15.56,75.34,67.36,,,,11.32
2017-03-31 07:00:00,4.35,,9.38,54.54,49.76,28.0,121.15,8.17,8.15,63.74,6.78,7.67,10.43,29.87,17.76,,,5.48,14.96,31.93,8.9,,3.21,38.48,19.35,14.37,29.66,4.32,,15.68,,12.73,73.75,16.04,1.78,,7.13,11.85,,8.18,,15.48,,1.77,15.56,74.14,67.87,,,,11.33
2017-04-03 07:00:00,4.35,,9.28,54.41,48.69,28.59,120.86,8.06,8.13,63.24,6.75,7.73,10.39,29.87,17.76,,,5.69,14.84,31.52,8.97,,3.19,38.97,19.31,14.17,29.87,4.62,,15.66,,12.59,73.71,15.85,1.78,,7.19,12.25,,8.0,,15.34,,1.82,15.43,73.91,67.64,,,,11.34
2017-04-04 07:00:00,4.48,,9.22,52.89,48.53,28.63,118.55,8.04,7.92,62.83,6.73,7.8,10.28,29.71,17.76,,,5.92,15.28,31.36,9.0,,3.2,39.05,19.14,14.26,30.17,4.94,,15.4,,12.85,73.16,15.97,1.81,,7.22,12.8,,8.05,,15.36,,1.82,15.43,74.14,67.5,,,,11.42
2017-04-05 07:00:00,4.48,,9.17,51.58,48.36,28.55,117.11,8.04,7.9,61.96,6.7,7.67,10.28,29.76,17.68,,,5.7,15.28,31.36,8.83,,3.22,38.48,19.13,14.26,30.3,5.09,,15.44,,12.55,74.11,16.2,1.81,,7.14,12.6,,8.07,,15.44,,1.85,15.47,74.26,67.36,,,,11.36
2017-04-07 07:00:00,4.39,,9.12,51.06,47.87,28.22,117.11,8.01,8.07,61.78,6.66,8.12,10.29,30.9,17.27,,,5.7,15.4,30.69,8.72,,3.18,38.4,19.12,14.23,30.08,5.12,,15.4,,12.43,74.84,16.16,1.78,,6.91,13.15,,8.05,,15.27,,1.85,15.43,73.74,66.98,,,,11.33
2017-04-10 07:00:00,4.35,,9.12,52.37,49.26,28.08,118.67,8.04,7.98,61.68,6.66,7.99,10.33,31.45,17.32,,,5.7,15.55,30.76,8.65,,3.17,38.48,19.09,14.15,30.25,5.39,,15.75,,12.45,76.3,16.1,1.9,,7.07,13.8,,8.09,,15.36,,1.84,15.61,75.05,66.79,,,,11.41
2017-04-11 07:00:00,4.25,,9.01,52.37,49.02,28.08,120.28,8.04,7.92,62.37,6.6,7.8,10.34,31.45,17.58,,,5.7,15.52,31.59,9.0,,3.24,37.67,19.27,14.1,30.25,5.76,,15.89,,12.38,76.48,16.1,2.08,,7.1,13.0,,8.2,,15.31,,1.89,15.78,75.34,67.22,,,,11.39
2017-04-12 07:00:00,4.16,,9.09,52.18,48.28,27.82,117.8,8.1,7.85,61.68,6.57,7.6,10.44,31.17,17.38,,,5.66,15.28,31.52,8.79,,3.23,37.91,19.53,14.21,30.25,6.15,,16.12,,12.59,75.76,15.78,2.08,,6.97,13.0,,8.25,,15.31,,1.88,15.76,76.82,67.54,,,,11.4
2017-04-13 07:00:00,4.09,,9.04,52.08,48.69,27.12,117.69,7.99,7.92,61.36,6.46,7.6,10.41,30.84,17.17,,,5.65,14.9,31.33,8.76,,3.21,37.43,19.51,14.08,30.21,6.56,,16.1,,12.48,75.21,15.53,2.24,,6.82,12.9,,8.27,,15.38,,2.07,15.7,76.71,67.31,,,,11.34
2017-04-14 07:00:00,4.04,,9.01,52.08,48.12,26.83,116.01,7.86,7.87,62.37,6.39,7.54,10.31,30.08,16.61,,,5.59,14.78,31.06,8.72,,3.19,37.06,19.44,14.06,30.12,6.32,,16.18,,12.45,75.54,15.59,2.3,,6.64,12.2,,8.41,,15.21,,2.03,15.56,76.71,66.89,,,,11.3
2017-04-17 07:00:00,4.06,,9.01,52.37,47.79,26.76,116.36,7.88,7.85,62.37,6.4,7.51,10.17,30.13,16.58,,,5.52,14.72,30.46,8.79,,3.18,37.35,19.2,13.88,29.91,6.32,,15.81,,12.22,75.57,15.59,2.36,,6.66,12.0,,8.74,,15.09,,2.0,15.43,76.37,66.7,,,,11.15
2017-04-18 07:00:00,3.99,,8.72,51.71,47.79,26.39,115.96,7.66,7.6,62.1,6.46,7.41,10.06,30.19,16.33,,,5.46,14.3,30.16,8.76,,3.14,37.27,18.86,13.68,29.78,6.12,,15.6,,11.85,75.21,15.59,2.27,,6.67,11.3,,8.7,,14.84,,1.97,15.43,75.23,67.64,,,,11.0
2017-04-19 07:00:00,3.99,,8.72,51.32,47.87,26.65,117.57,7.7,7.7,61.91,6.91,7.41,10.15,30.3,16.86,,,5.51,14.57,30.16,8.97,,3.12,37.27,19.09,13.74,30.08,6.17,,16.66,,11.99,74.84,15.59,2.36,,6.66,11.7,,8.72,,14.94,,1.98,15.32,75.05,68.24,,,,11.08
2017-04-20 07:00:00,4.01,,8.93,51.29,47.87,26.83,118.55,7.77,7.6,61.23,6.99,7.34,10.14,29.75,16.91,,,5.51,14.57,30.16,8.97,,3.12,37.1,19.09,13.7,30.3,6.0,,17.46,,12.13,73.56,15.56,2.3,,6.64,11.9,,8.67,,14.86,,2.0,15.28,75.23,68.06,,,,11.1
2017-04-21 07:00:00,3.97,,8.93,50.61,47.38,26.9,118.26,7.7,7.66,61.18,6.7,7.28,10.15,29.75,16.81,,,5.45,14.38,29.83,8.86,,3.14,37.02,19.13,13.7,31.15,5.88,36.45,17.36,,12.25,73.38,15.56,2.3,,6.74,11.8,,8.61,,14.86,,1.99,15.15,75.28,67.96,,,,11.03
2017-04-24 07:00:00,3.95,,8.77,49.35,47.3,26.98,118.26,7.61,7.45,61.5,6.52,7.6,10.07,29.8,16.91,,,5.43,14.15,29.49,8.83,,3.11,36.86,19.2,13.65,31.79,5.9,34.83,18.12,,12.18,73.56,15.53,2.33,,6.61,11.4,,8.65,,14.8,,1.99,15.02,75.23,67.68,,,,10.99
2017-04-25 07:00:00,3.94,,8.72,49.22,46.89,27.05,117.98,7.66,7.28,61.64,6.56,7.67,10.06,29.64,16.61,,,5.37,14.01,29.64,8.79,,3.08,37.02,18.97,13.61,31.28,6.02,34.05,18.16,,12.04,73.02,15.46,2.3,,6.58,11.2,,8.74,,14.61,,2.04,14.88,73.86,67.26,,,,11.71
2017-04-26 07:00:00,3.97,,8.85,49.46,47.05,26.87,118.21,7.66,6.85,63.79,6.71,7.47,10.07,29.8,16.86,,,5.28,14.32,29.64,8.76,,3.16,37.02,19.01,13.65,31.36,6.25,31.31,18.08,,12.41,73.2,15.56,2.33,,6.64,11.85,,8.88,,14.57,,2.03,14.88,73.8,67.31,,,,10.99
2017-04-27 07:00:00,4.01,,8.83,49.2,47.05,27.75,119.01,7.7,6.74,66.44,6.78,7.54,10.21,30.63,17.43,,,5.28,14.42,29.86,8.79,,3.18,37.15,19.07,13.7,31.28,6.44,32.29,18.5,,12.96,73.38,16.36,2.36,,6.67,12.6,,9.44,,14.61,,2.04,15.06,74.77,68.52,,,,11.14
2017-04-28 07:00:00,4.07,,8.83,48.96,46.89,28.0,118.78,7.81,6.63,67.49,6.61,7.47,10.18,30.63,17.99,,,5.24,14.42,29.9,8.72,,3.27,36.46,19.09,13.52,30.94,6.37,33.07,18.35,,13.03,73.02,17.37,2.3,,6.6,12.35,,9.41,,14.59,,2.04,15.02,73.86,69.51,,,,11.15
2017-05-03 07:00:00,4.16,,8.88,48.96,48.2,28.15,118.26,7.79,6.5,66.25,6.66,7.28,10.34,30.41,18.55,,,5.25,14.3,29.94,8.76,,3.47,36.05,19.37,13.43,30.3,6.21,32.93,18.91,,13.77,72.98,17.98,2.3,,6.58,11.9,,9.55,,14.9,,2.08,15.1,73.46,69.55,,,,11.18
2017-05-04 07:00:00,4.18,,9.01,48.57,47.95,28.0,116.42,7.97,6.63,66.49,6.6,7.41,10.37,30.19,18.81,,,5.23,14.42,29.98,8.91,,3.47,35.89,19.66,13.36,29.91,6.25,33.42,19.22,,13.98,72.98,17.63,2.27,,6.76,12.25,,9.66,,15.15,,2.05,14.9,74.2,70.31,,,,11.21
2017-05-05 07:00:00,4.18,,8.88,48.05,47.55,28.11,116.01,7.9,6.98,66.59,6.54,7.41,10.33,30.02,18.61,,,5.21,14.99,29.86,8.93,,3.51,35.65,19.77,12.99,29.83,6.27,33.42,19.74,,13.7,72.8,17.18,2.24,,6.68,12.15,,9.64,,15.03,,2.05,14.84,74.31,69.98,,,,11.23
2017-05-08 07:00:00,4.11,,8.8,47.76,47.46,28.44,116.53,7.92,7.21,65.56,6.67,7.41,10.31,30.24,18.96,,,5.21,14.79,29.64,9.51,,3.46,34.96,19.69,13.48,29.7,6.67,33.42,20.13,,14.31,72.83,16.86,2.2,,6.79,12.1,,9.06,,15.03,,2.04,14.9,74.14,69.23,,,,11.2
2017-05-09 07:00:00,4.14,,8.83,47.65,47.14,28.59,117.63,7.97,6.85,65.04,6.66,7.31,10.56,30.46,18.76,,,5.3,14.67,30.62,9.75,,3.45,34.84,19.71,13.5,29.44,6.81,33.42,19.84,,15.05,72.65,16.23,2.17,,7.07,11.9,,9.3,,15.15,,2.08,15.02,74.26,68.8,,,,11.24
2017-05-10 07:00:00,4.18,,9.14,47.91,47.05,28.37,117.92,8.19,6.78,65.37,6.7,7.38,10.71,30.63,18.68,,,5.38,14.78,30.92,9.68,,3.55,34.84,20.01,13.83,29.53,6.74,33.35,19.74,,14.86,72.65,16.04,2.14,,7.23,12.5,,9.46,,15.31,,2.07,14.99,74.83,68.66,,,,11.35
2017-05-11 07:00:00,4.16,,9.12,47.63,47.22,29.21,116.82,8.14,6.72,65.32,6.77,7.34,10.59,30.35,18.3,,,5.41,14.78,30.69,9.56,,3.51,34.76,19.94,14.17,29.48,6.51,34.97,18.95,,14.58,72.4,16.67,2.12,,7.16,12.65,,9.24,,15.31,,2.09,15.01,75.0,68.33,,,,12.0
2017-05-12 07:00:00,4.13,,9.14,48.65,47.79,29.54,116.65,8.17,6.74,65.42,6.75,7.28,10.59,30.24,19.14,,,5.37,14.76,30.65,9.84,,3.49,34.63,19.91,14.19,29.48,6.74,34.41,19.2,,14.98,72.25,16.61,2.08,,7.11,12.45,,9.24,,15.23,,2.14,14.92,75.0,68.56,,,,11.33
2017-05-15 07:00:00,4.13,,8.96,49.14,47.55,28.96,117.63,8.06,6.78,67.9,6.74,7.28,10.5,29.8,20.48,,,5.29,14.81,31.14,9.73,,3.45,34.59,21.03,14.1,29.23,6.76,34.62,19.61,,14.79,71.74,16.74,2.02,,7.17,13.0,,9.39,,15.11,,2.29,15.17,74.49,68.56,,,,11.37
2017-05-16 07:00:00,4.23,,9.01,48.57,46.97,28.74,117.63,8.06,6.76,68.04,6.75,7.25,10.56,29.97,21.02,,,5.25,14.66,31.36,10.24,,3.46,36.05,20.97,13.92,28.97,6.86,36.59,19.38,,15.05,70.83,16.23,2.08,,7.3,12.9,,9.91,,15.07,,2.48,15.25,73.68,68.14,,,,11.42
2017-05-17 07:00:00,4.25,,8.93,48.44,47.22,29.62,117.46,7.99,6.74,70.24,6.8,7.21,10.5,29.91,20.45,,,5.23,14.48,30.88,9.84,,3.43,35.85,20.87,13.65,29.1,6.71,36.59,19.22,,14.49,71.19,16.2,2.12,,7.13,12.6,,10.15,,15.05,,2.8,15.32,73.8,69.6,,,,11.38
2017-05-18 07:00:00,4.37,,9.01,48.15,47.14,29.69,117.63,8.08,6.74,71.18,6.71,7.21,10.65,30.13,20.5,,,5.19,14.41,30.69,9.77,,3.59,35.65,20.8,13.57,28.97,6.49,37.29,19.95,,14.4,69.37,16.13,2.2,,7.41,12.9,,10.02,,15.13,,3.15,15.32,73.4,69.13,,,,11.4
2017-05-19 07:00:00,4.37,,9.09,48.18,47.14,29.1,117.11,8.14,6.72,70.57,6.86,7.21,10.59,30.84,21.17,,,5.12,14.39,31.29,9.56,,3.66,35.44,20.77,13.52,29.06,6.44,39.89,19.64,,15.26,69.37,16.67,2.12,,7.67,12.55,,9.64,,15.21,,2.48,15.17,73.28,69.84,,,,11.46
2017-05-22 07:00:00,4.48,,9.73,47.65,48.12,28.22,116.59,8.61,6.72,70.01,6.72,7.7,10.73,31.94,21.84,,,5.21,14.81,31.52,9.56,,3.84,36.05,21.89,13.39,29.36,6.42,42.64,19.84,,15.7,70.1,17.31,2.24,,7.87,12.9,,9.62,,15.81,,2.47,15.21,73.97,70.97,,,,11.63
2017-05-23 07:00:00,4.42,,10.12,47.39,47.87,28.41,115.84,8.61,6.63,71.13,6.66,7.44,10.8,31.99,21.43,,,5.17,15.02,32.12,9.53,,3.77,36.54,21.89,13.36,29.31,6.61,45.38,19.62,,15.46,71.45,17.5,2.14,,7.75,12.9,,9.71,,15.6,,2.4,15.14,73.57,71.73,,,,11.66
2017-05-24 07:00:00,4.44,,10.23,46.61,47.46,29.18,116.53,8.61,6.66,73.99,6.6,7.47,10.77,31.45,22.04,,,5.24,15.31,31.52,9.49,,3.88,36.05,23.3,13.41,29.27,6.37,42.71,20.57,,15.6,70.83,18.65,2.17,,7.94,12.75,,9.55,,15.75,,2.39,15.04,73.28,71.68,,,,11.78
2017-05-25 07:00:00,4.49,,10.41,45.95,48.04,29.84,121.15,8.59,6.72,75.16,6.57,7.51,11.02,32.05,21.63,,,5.27,15.43,33.02,9.68,,4.06,35.48,23.28,13.41,28.93,6.35,42.29,20.36,,15.88,69.73,18.52,2.2,,7.97,12.75,,9.62,,15.67,,2.21,14.88,72.88,71.49,,,,11.82
2017-05-26 07:00:00,4.39,,10.31,47.91,49.84,29.32,124.03,8.5,6.74,78.25,6.6,7.7,10.92,31.61,22.81,,,5.23,15.49,34.07,9.53,,4.04,35.48,22.59,13.23,28.8,6.59,41.44,20.26,,15.67,70.68,18.71,2.14,,7.82,12.45,,9.68,,15.42,,2.2,14.88,72.82,71.73,,,,11.77
2017-05-29 07:00:00,4.44,,10.47,47.91,49.67,29.47,123.8,8.81,6.8,82.15,6.64,7.67,10.94,31.88,22.17,,,5.32,16.52,33.24,9.73,,4.04,35.4,22.54,13.18,28.8,6.59,42.57,20.22,,15.7,69.55,19.86,2.14,,7.85,13.0,,9.77,,15.48,,2.33,14.97,73.28,71.87,,,,11.85
2017-05-30 07:00:00,4.46,,10.15,48.05,48.61,29.54,124.26,8.72,6.8,80.06,6.6,7.8,11.19,31.77,21.53,,,5.31,16.6,32.79,9.87,,4.02,35.2,21.78,13.06,28.59,6.53,43.69,20.05,,15.37,69.77,19.89,2.17,,7.62,13.1,,9.77,,15.19,,2.33,14.92,73.28,71.54,,,,11.85
2017-05-31 07:00:00,4.42,,9.83,47.44,47.79,28.88,123.74,8.48,6.74,78.67,6.73,7.8,11.16,31.17,20.91,,,5.49,17.02,32.27,9.7,,3.96,35.0,22.01,13.04,28.59,6.39,43.41,20.14,,14.96,69.77,19.41,2.27,,7.44,12.75,,9.62,,15.19,,2.29,14.95,73.28,71.87,,,,11.7
2017-06-01 07:00:00,4.42,,9.86,48.44,47.87,28.85,123.46,8.46,6.74,76.79,6.83,7.73,11.15,30.57,21.02,,,5.46,17.09,32.27,9.7,,3.95,35.57,22.08,13.74,29.1,6.37,43.48,20.01,,14.96,69.8,19.98,2.24,,7.41,12.65,,9.64,,15.17,,2.33,14.93,74.54,71.68,,,,11.79
2017-06-02 07:00:00,4.34,,9.73,48.94,47.79,28.77,123.17,8.3,6.74,79.16,6.67,7.67,11.2,30.52,20.99,,,5.4,16.76,33.24,9.84,,3.97,35.97,22.36,13.6,29.02,6.4,43.06,20.01,,15.0,69.73,20.02,2.24,,7.67,12.65,,9.41,,15.11,,2.34,14.93,76.21,71.73,,,,11.82
2017-06-05 07:00:00,4.39,,9.94,48.67,47.63,29.32,123.4,8.46,6.74,80.06,6.64,7.54,11.19,30.24,21.17,,,5.38,16.99,33.24,10.15,,4.01,35.89,22.06,13.6,29.44,6.52,43.48,19.99,,15.16,69.73,20.3,2.27,,7.67,12.9,,8.88,,15.44,,2.32,14.93,75.12,73.38,,,,11.84
2017-06-06 07:00:00,4.41,,10.28,48.25,47.63,29.4,122.3,8.52,6.72,78.88,6.6,7.8,11.48,30.3,21.02,,,5.42,17.33,33.09,10.12,,4.01,36.05,22.24,13.86,29.61,6.61,43.27,20.78,,15.83,69.84,21.57,2.24,,7.59,13.55,,8.47,,16.0,,2.26,14.97,75.12,73.05,,,,11.91
2017-06-07 07:00:00,4.65,,10.44,48.7,47.95,29.32,123.17,8.88,6.74,79.3,6.64,7.99,11.48,30.73,21.58,,,5.6,17.59,33.39,9.98,,4.19,35.73,22.4,13.81,29.74,6.7,43.48,20.68,,16.02,70.06,21.96,2.3,,7.75,13.95,,8.67,,16.08,,2.33,15.06,74.83,72.95,,,,12.1
2017-06-08 07:00:00,4.63,,10.25,48.57,47.71,29.25,122.76,8.81,6.76,83.48,6.7,7.8,11.37,30.57,21.73,,,5.64,17.2,34.82,9.94,,4.22,35.28,22.7,13.77,29.66,6.6,43.13,20.68,,15.74,69.91,21.83,2.27,,7.79,13.95,,8.61,,15.85,,2.25,15.36,74.37,72.67,,,,12.1
2017-06-09 07:00:00,4.61,,10.18,48.54,47.55,29.21,122.3,8.79,6.74,89.25,6.64,8.19,11.66,30.35,21.71,,,5.64,16.99,35.72,9.94,,4.19,35.24,22.75,13.65,29.48,6.6,44.61,20.53,,15.88,70.1,21.86,2.24,,7.85,14.25,,8.54,,15.98,,2.25,15.36,73.8,72.67,,,,12.5
2017-06-12 07:00:00,4.6,,10.18,48.52,47.46,28.74,121.15,8.72,6.7,92.74,6.61,8.19,11.58,30.52,21.94,,,5.58,16.6,35.27,9.91,,4.16,35.2,22.52,13.48,28.89,6.68,45.38,20.34,,15.6,70.79,21.64,2.2,,7.85,14.2,,8.61,,15.91,,2.24,15.56,73.57,72.58,,,,12.17
2017-06-13 07:00:00,4.67,,10.41,51.01,47.22,28.66,121.44,8.81,6.72,88.28,6.76,8.06,11.76,30.73,21.73,,,5.58,16.45,34.67,9.89,,4.15,35.16,22.29,13.7,28.84,6.99,44.82,20.05,,15.74,71.16,21.64,2.2,,7.9,13.95,,8.41,,16.0,,2.25,15.8,73.34,72.01,,,,12.14
2017-06-14 07:00:00,4.68,,10.62,51.43,48.53,28.59,125.36,9.05,6.74,88.91,6.8,8.03,11.74,31.55,21.17,,,5.65,16.55,34.74,9.84,,4.22,35.48,22.01,13.84,28.84,7.07,44.33,20.03,,15.83,73.75,21.51,2.2,,7.94,14.1,,8.56,,16.31,,2.25,15.83,73.34,72.53,,,,12.26
2017-06-15 07:00:00,4.67,,10.62,50.4,48.45,28.59,126.22,9.25,7.04,89.67,6.74,7.96,11.64,31.39,21.43,,,5.8,16.55,35.08,9.7,,4.22,35.57,22.19,13.7,28.72,7.04,44.54,20.07,,16.18,73.75,21.38,2.2,,7.87,14.05,,8.59,,16.39,,2.24,15.54,73.57,72.81,,,,12.26
2017-06-16 07:00:00,4.61,,10.52,49.55,48.04,28.74,126.92,9.12,7.28,90.86,6.67,7.93,11.73,31.72,22.04,,,6.01,16.42,34.78,9.77,,4.19,35.04,22.13,13.58,29.02,6.96,44.33,20.22,,16.58,74.11,21.51,2.24,,7.91,13.9,,8.43,,16.49,,2.25,15.8,74.43,73.14,,,,12.3
2017-06-19 07:00:00,4.65,,10.6,49.12,48.45,28.74,125.71,9.21,6.98,90.09,6.66,8.06,11.89,31.99,23.07,,,5.89,16.6,35.27,9.91,,4.3,35.36,21.99,13.98,29.44,7.07,44.89,20.11,,16.64,73.38,22.72,2.33,,8.2,14.3,,8.56,,16.56,,2.24,15.83,73.4,72.86,,,,12.5
2017-06-20 07:00:00,4.72,,10.89,48.84,48.61,28.08,126.11,9.27,6.91,90.16,6.66,8.55,11.92,31.94,22.94,,,5.86,16.71,35.42,9.84,,4.44,35.32,22.59,14.0,29.19,7.02,46.01,20.05,,16.62,74.11,22.91,2.42,,8.31,14.6,,8.74,,16.47,,2.3,15.87,72.65,72.86,,,,12.46
2017-06-21 07:00:00,4.68,,10.89,47.28,47.87,28.08,124.61,9.25,6.85,90.51,6.64,8.97,12.17,31.72,22.55,,,5.84,16.5,35.12,9.8,,4.52,34.59,22.56,13.98,29.02,7.17,47.14,20.14,,16.97,74.81,23.36,2.39,,8.15,14.7,,8.63,,16.29,,2.34,15.72,72.65,72.58,,,,12.44
2017-06-22 07:00:00,4.61,,10.84,46.9,48.04,27.82,124.55,9.05,6.74,90.51,6.63,8.81,12.38,31.55,22.78,,,5.85,17.02,35.57,9.8,,4.6,34.27,23.28,13.98,28.97,7.58,49.11,20.78,,17.04,75.13,23.1,2.36,,8.16,14.6,,8.7,,16.04,,2.34,15.69,71.96,72.58,,,,12.46
2017-06-23 07:00:00,4.55,,10.52,48.32,47.55,27.78,128.94,8.85,6.74,89.05,6.74,8.45,12.25,31.23,23.48,,,5.84,16.94,35.12,10.05,,4.46,33.7,24.29,13.89,29.23,7.58,50.66,21.78,,16.88,75.54,22.97,2.3,,8.12,14.3,,8.79,,15.81,,2.34,15.47,72.25,72.25,,,,12.47
2017-06-26 07:00:00,4.56,,10.76,48.74,47.63,26.9,126.34,9.1,6.7,87.72,6.7,8.38,12.26,31.28,23.37,,,5.87,16.94,35.34,10.01,,4.52,34.19,23.97,13.84,29.31,7.56,51.57,22.21,,17.2,75.76,22.85,2.3,,8.15,14.2,,8.97,,15.98,,2.34,15.78,72.82,72.43,,,,12.45
2017-06-27 07:00:00,4.56,,10.76,47.94,47.46,26.39,126.34,9.03,6.68,87.03,6.82,8.35,11.94,31.88,22.86,,,5.85,16.91,35.12,9.84,,4.51,34.11,23.74,13.72,29.23,7.5,50.38,21.61,,17.13,75.94,22.56,2.33,,8.13,14.65,,8.81,,16.08,,2.3,15.72,72.25,72.53,,,,12.45
2017-06-28 07:00:00,4.53,,10.68,47.7,47.14,26.1,126.63,8.94,6.76,87.37,6.74,8.25,11.89,31.95,22.5,,,5.83,16.63,34.55,9.8,,4.5,33.78,23.28,13.65,29.27,7.41,49.04,21.4,,17.13,75.72,22.46,2.3,,8.09,14.4,,8.65,,15.85,,2.29,15.65,72.25,73.38,,,,12.38
2017-06-29 07:00:00,4.55,,10.89,47.7,47.38,26.98,126.34,9.07,6.95,86.68,6.76,8.22,11.96,31.95,22.55,,,5.96,16.65,34.82,9.77,,4.62,34.59,23.51,13.65,29.27,7.45,49.39,21.4,,17.39,75.76,22.59,2.3,,8.19,14.2,,8.47,,15.87,,2.3,15.72,72.42,73.57,,,,12.5
2017-06-30 07:00:00,4.56,,10.78,47.18,47.38,27.31,126.34,8.96,7.1,86.61,6.98,8.38,12.01,32.72,22.48,,,6.06,16.86,34.89,9.8,,4.69,34.67,23.97,13.53,29.02,7.54,49.32,21.36,,17.29,76.3,22.34,2.3,,8.16,14.2,,8.61,,15.98,,2.29,15.69,72.77,74.51,,,,12.56
2017-07-03 07:00:00,4.65,,11.07,46.85,47.95,27.49,124.61,9.14,6.95,87.17,6.95,8.58,12.01,33.17,22.4,,,6.44,17.59,35.04,9.77,,4.65,34.11,24.04,13.7,29.19,7.74,48.97,21.69,,17.11,76.85,22.4,2.45,,8.34,14.0,,8.61,,16.2,,2.33,15.69,72.08,74.56,,,,12.7
2017-07-04 07:00:00,4.63,,11.05,46.29,47.71,27.42,123.17,9.16,7.06,85.22,6.95,8.38,11.97,32.95,22.25,,,6.36,17.38,35.94,9.73,,4.59,33.7,24.08,13.86,29.02,7.68,48.27,21.59,,17.11,77.0,22.59,2.45,,8.34,13.65,,8.56,,16.14,,2.3,15.54,72.19,74.04,,,,12.64
2017-07-05 07:00:00,4.63,,10.81,46.66,47.46,27.67,124.9,9.07,6.95,85.29,6.9,8.38,11.97,33.45,22.55,,,6.3,17.12,36.24,9.79,,4.54,33.62,23.97,14.0,29.06,7.61,48.83,21.72,,17.41,76.67,22.5,2.51,,8.37,13.5,,8.56,,16.14,,2.34,15.58,72.25,73.94,,,,13.4
2017-07-06 07:00:00,4.63,,10.94,47.0,47.63,27.97,125.65,9.07,6.95,85.7,6.96,8.51,12.28,33.78,22.55,,,6.35,17.22,35.9,9.84,,4.53,33.62,23.74,13.96,29.06,7.58,50.1,21.26,,17.48,76.67,22.5,2.57,,8.56,13.75,,9.15,,16.35,,2.34,15.61,72.42,74.65,,,,13.0
2017-07-07 07:00:00,4.68,,10.89,47.0,48.69,27.93,125.48,9.07,6.83,85.01,7.02,8.71,12.66,33.84,22.6,,,6.36,17.25,35.72,9.87,,4.52,33.9,23.83,13.96,28.84,7.72,49.95,20.99,,17.62,76.7,22.66,2.6,,8.43,13.45,,9.15,,16.41,,2.34,15.69,72.08,74.56,,,,12.69
2017-07-10 07:00:00,4.63,,10.73,46.52,48.12,27.49,124.03,8.9,6.74,83.55,6.89,8.51,12.48,33.78,22.09,,,6.31,16.84,35.34,9.86,,4.42,33.74,23.74,13.79,28.76,7.58,48.83,20.57,,17.36,76.81,22.5,2.51,,8.15,13.2,,8.92,,16.18,,2.32,15.54,72.14,73.0,,,,12.63
2017-07-11 07:00:00,4.53,,10.44,46.29,48.12,27.12,124.32,8.72,6.74,80.76,6.88,8.45,12.33,33.61,21.68,,,6.29,16.58,34.82,9.86,,4.37,33.74,23.51,13.56,28.76,7.34,48.41,20.05,,16.81,77.0,22.4,2.48,,7.92,12.9,,8.64,,15.85,,2.32,15.47,72.14,72.2,,,,13.16
2017-07-12 07:00:00,4.56,,10.41,45.81,49.1,28.44,124.03,8.72,6.98,80.34,7.08,8.45,12.33,35.0,21.84,,,6.29,16.55,35.23,10.19,,4.44,33.74,23.65,13.51,28.8,7.26,49.11,20.41,,16.83,77.22,22.91,2.51,,8.01,12.85,,8.62,,15.94,,2.33,15.65,72.25,73.57,,,,12.44
2017-07-13 07:00:00,4.53,,10.39,45.34,49.43,28.55,124.03,8.72,6.85,80.83,7.14,8.45,12.52,35.56,21.91,,,6.37,16.47,35.27,10.28,,4.42,33.78,23.72,13.53,28.8,7.29,49.39,20.41,,17.04,76.85,23.29,2.48,,7.88,12.65,,8.55,,15.94,,2.32,15.65,73.4,74.09,,,,12.44
2017-07-14 07:00:00,4.53,,10.41,44.16,49.59,28.37,124.03,8.76,6.8,85.63,7.07,8.35,12.55,35.72,21.73,,,6.53,16.63,35.08,10.19,,4.44,33.7,23.65,13.56,29.1,7.23,49.95,20.36,,17.29,77.32,24.44,2.51,,8.04,12.5,,8.57,,15.87,,2.31,15.65,72.77,73.76,,,,12.51
2017-07-17 07:00:00,4.49,,10.31,42.51,49.51,28.22,123.46,8.59,6.85,84.87,7.01,8.25,12.48,35.39,21.53,,,6.4,16.42,35.12,10.08,,4.42,33.66,24.18,13.51,29.4,7.15,49.53,20.26,,16.99,81.05,24.85,2.45,,7.94,12.0,,8.57,,15.87,,2.3,15.61,73.05,73.14,,,,12.37
2017-07-18 07:00:00,4.41,,10.1,39.96,48.2,27.49,123.4,8.41,6.83,84.24,6.92,7.93,12.3,34.5,21.58,,,6.09,15.85,34.74,9.91,,4.3,33.22,23.69,13.18,29.02,7.1,48.69,20.16,,16.39,83.24,24.79,2.39,,7.59,12.1,,8.41,,15.73,,2.27,15.54,73.34,72.2,,,,12.26
2017-07-19 07:00:00,4.41,,10.18,38.97,47.95,27.78,122.07,8.37,6.85,83.06,6.86,7.93,12.38,34.95,21.73,,,6.13,15.82,34.74,9.93,,4.32,33.38,23.6,13.13,28.97,7.13,49.18,20.32,,16.25,86.16,24.66,2.42,,7.57,12.4,,8.27,,15.71,,2.31,15.61,73.97,72.86,,,,12.14
2017-07-20 07:00:00,4.39,,10.36,38.12,47.3,26.03,119.42,8.41,6.85,83.34,6.76,7.57,12.02,34.95,21.63,,,6.02,15.67,34.67,9.87,,4.29,33.38,23.51,13.18,28.76,7.13,49.05,20.36,,16.48,85.8,24.5,2.42,,7.48,12.05,,8.17,,15.56,,2.3,15.58,73.91,72.15,,,,12.11
2017-07-21 07:00:00,4.41,,10.47,36.23,47.22,25.95,117.98,8.52,6.95,82.5,6.79,7.73,12.12,35.0,21.48,,,6.01,15.75,34.89,9.87,,4.31,33.42,23.28,13.23,29.02,7.26,48.39,20.32,,16.55,86.71,25.46,2.45,,7.59,12.05,,8.06,,15.6,,2.27,15.6,73.28,71.73,,,,12.14
2017-07-24 07:00:00,4.35,,10.31,36.46,46.97,25.0,113.94,8.3,6.98,81.6,6.74,7.6,11.94,33.61,21.12,,,6.03,15.36,34.63,9.91,,4.27,33.58,22.75,13.27,29.02,7.19,48.03,20.2,,16.3,86.31,25.3,2.39,,7.44,11.9,,7.94,,15.44,,,15.6,72.42,71.73,,,,12.03
2017-07-25 07:00:00,4.37,,10.84,39.01,47.05,24.63,113.94,8.46,6.95,80.06,6.77,7.7,12.02,33.89,20.5,,,6.1,15.49,34.6,9.87,,4.56,33.7,22.77,13.3,29.06,7.29,47.66,20.32,,16.67,86.16,25.58,2.39,,7.45,12.5,,7.92,,15.46,,2.22,15.47,72.77,71.73,,,,12.07
2017-07-26 07:00:00,4.48,,11.05,40.1,47.22,24.63,115.38,8.7,6.93,82.08,6.83,7.9,12.25,34.34,20.86,,,6.24,15.77,34.45,9.77,,4.67,33.7,23.28,13.56,29.02,7.39,47.81,21.09,,16.99,86.16,26.35,2.45,,7.57,12.95,,8.03,,15.56,,2.31,15.65,72.25,72.53,,,,12.16
2017-07-27 07:00:00,4.48,,11.02,39.06,47.3,24.27,115.26,8.63,6.85,82.15,6.83,7.99,12.47,34.06,20.71,,,6.23,15.67,35.22,9.7,,4.63,33.7,23.16,13.37,28.97,7.45,47.0,21.51,,17.32,85.94,26.35,2.45,,7.6,12.9,,8.1,,15.54,,2.28,15.65,72.82,72.2,,,,12.22
2017-07-28 07:00:00,4.51,,11.21,38.73,47.14,24.01,117.69,8.74,6.8,81.6,6.77,7.9,12.47,34.17,20.76,,,6.21,15.88,35.77,9.77,,4.85,33.7,23.28,13.37,28.8,7.45,47.07,21.51,,17.18,85.98,26.76,2.48,,7.67,12.85,,8.06,,15.65,,2.32,15.76,72.31,72.25,,,,12.27
2017-07-31 07:00:00,4.56,,11.81,38.49,48.61,24.27,120.28,9.03,6.93,82.5,6.8,8.25,12.46,35.0,20.86,,,6.14,15.05,35.3,9.77,,4.97,34.67,23.35,13.51,28.8,7.39,46.93,21.72,,17.32,86.49,26.16,2.54,,7.78,13.2,,8.03,,15.69,,2.4,16.35,72.25,72.2,,,,12.35
2017-08-01 07:00:00,4.61,,11.81,38.16,48.94,24.78,121.09,9.03,6.89,82.15,6.86,8.06,12.67,35.67,21.17,,,6.24,14.79,34.6,9.94,,4.89,34.63,23.28,13.6,28.8,7.61,46.71,22.09,,17.29,89.41,26.48,2.54,,7.88,13.1,,8.01,,16.02,,2.34,16.35,72.25,72.01,,,,12.44
2017-08-02 07:00:00,4.55,,12.13,37.36,48.7,24.19,121.03,9.1,6.83,81.46,6.85,8.12,12.79,35.89,20.96,,,6.19,14.32,34.06,9.84,,4.95,34.51,23.16,13.41,28.76,7.5,46.56,21.86,,17.2,89.63,26.54,2.48,,7.72,12.9,,7.8,,15.89,,2.37,16.35,72.48,71.96,,,,12.44
2017-08-03 07:00:00,4.55,,12.16,37.31,48.28,25.0,121.21,9.12,6.8,81.04,6.8,8.58,13.1,35.67,20.91,,,6.16,14.34,34.6,9.96,,4.89,34.55,23.25,13.41,28.67,7.69,46.34,22.11,,17.73,89.74,26.51,2.48,,7.73,12.7,,7.68,,15.89,,2.34,16.46,72.65,72.81,,,,12.5
2017-08-04 07:00:00,4.51,,12.11,36.84,48.04,24.56,120.69,8.99,6.95,79.37,6.79,8.51,12.92,35.45,21.73,,,6.12,14.4,34.6,9.94,,4.91,34.63,24.55,13.44,28.72,7.77,46.85,22.42,,17.82,89.74,25.46,2.48,,7.79,12.75,,7.89,,15.89,,2.34,16.5,72.6,72.81,,,,12.41
2017-08-07 07:00:00,4.58,,11.92,36.6,48.37,24.6,122.01,8.9,6.95,79.37,6.98,8.45,12.84,36.0,21.78,,,6.13,14.4,34.41,10.12,,4.9,34.84,25.33,13.51,28.72,7.93,48.98,22.69,,18.06,96.02,23.13,2.54,,7.91,12.75,,7.87,,15.83,,2.33,16.39,72.6,72.67,,,,12.49
2017-08-08 07:00:00,4.65,,12.0,36.37,48.12,25.29,122.76,8.92,7.02,78.12,6.86,8.42,12.82,36.11,21.73,,,6.15,14.63,34.21,9.98,,4.89,34.67,25.14,13.41,28.42,7.88,50.59,22.42,,17.59,94.37,21.54,2.51,,7.79,12.6,,7.89,,16.12,,2.31,16.5,72.42,72.53,,,,12.5
2017-08-09 07:00:00,4.56,,12.06,36.7,47.54,25.0,122.13,8.68,7.02,78.67,6.8,8.25,12.53,35.84,21.43,,,6.12,14.55,33.98,9.89,,4.81,34.67,24.45,13.37,28.08,7.69,49.86,21.84,,17.04,94.74,20.05,2.48,,7.64,12.2,,7.99,,15.96,,2.26,16.53,72.25,71.73,,,,12.37
2017-08-10 07:00:00,4.51,,11.35,37.64,47.04,26.03,122.01,8.41,6.95,76.58,6.76,8.19,12.55,35.39,20.96,,,6.06,14.47,33.75,9.87,,4.67,34.59,24.34,13.18,27.86,7.56,48.39,21.76,,16.9,91.45,18.65,2.42,,7.5,12.1,,7.8,,15.69,,2.26,16.09,72.08,71.63,,,,12.35
2017-08-11 07:00:00,4.47,,11.13,37.31,47.04,26.17,121.15,8.41,6.91,76.58,6.74,8.09,12.69,35.28,20.76,,,6.21,14.55,33.36,9.87,,4.67,34.63,24.55,13.18,27.44,7.27,48.32,22.01,,16.85,91.45,19.22,2.42,,7.5,12.1,,7.75,,15.54,,2.24,16.05,72.25,71.73,,,,12.19
2017-08-14 07:00:00,4.51,,11.35,38.16,46.87,26.83,120.74,8.57,7.04,79.51,6.72,8.19,12.82,34.45,20.66,,,6.44,14.84,33.36,9.87,,4.8,35.65,24.71,13.13,26.67,7.56,48.54,22.03,,16.94,91.23,20.56,2.42,,7.5,12.15,,7.71,,15.65,,2.26,16.0,72.25,71.49,,,,12.25
2017-08-15 07:00:00,4.54,,11.35,38.78,47.21,26.98,120.57,8.57,6.95,79.99,6.76,8.19,12.61,34.39,21.02,,,6.52,14.99,33.36,9.87,,4.81,35.81,25.01,13.27,26.58,7.48,48.61,22.34,,16.97,89.77,19.28,2.42,,7.53,12.25,,7.71,,15.6,,2.29,15.98,72.02,71.49,,,,12.35
2017-08-16 07:00:00,4.54,,11.13,38.82,46.96,26.98,122.24,8.43,7.49,78.67,6.93,7.99,12.53,34.61,21.12,,,6.49,15.15,33.05,9.87,,4.73,36.46,25.01,13.13,26.5,7.46,48.9,22.19,,16.71,90.91,18.58,2.42,,7.45,12.05,,7.68,,15.54,,2.24,15.74,71.73,70.63,,,,12.27
2017-08-17 07:00:00,4.58,,10.99,40.1,47.04,26.83,123.46,8.41,7.92,79.23,6.92,8.03,12.61,34.61,21.43,,,6.49,15.15,32.66,9.86,,4.69,36.54,24.75,13.04,26.5,7.45,48.61,22.01,,16.53,96.02,18.58,2.42,,7.45,12.1,,7.66,,15.54,,2.24,15.8,71.61,71.06,7.86,,,12.31
2017-08-18 07:00:00,4.51,,10.91,38.92,46.71,26.61,121.44,8.3,7.4,77.91,6.86,7.83,12.51,34.0,21.22,,,6.44,14.84,31.88,9.86,,4.62,36.42,24.61,12.8,26.46,7.46,48.69,22.01,,16.39,93.1,18.68,2.39,,7.39,11.9,,7.61,,15.65,,2.22,15.83,71.21,71.2,7.75,,,12.22
2017-08-21 07:00:00,4.7,,10.83,38.73,46.54,26.39,121.15,8.28,7.38,77.84,6.88,7.99,12.56,34.17,21.27,,,6.4,14.94,32.04,9.87,,4.63,36.54,24.48,12.8,26.46,7.46,49.78,21.94,,16.53,93.83,18.77,2.39,,7.35,11.9,,7.61,,15.56,,2.26,15.76,71.67,71.16,7.41,,,12.22
2017-08-22 07:00:00,4.65,,10.69,37.97,45.71,26.32,122.3,8.21,7.28,77.14,6.85,7.99,12.5,34.06,20.91,,,6.34,14.97,32.27,9.94,,4.6,36.78,24.59,12.87,26.2,7.42,49.71,21.9,,16.37,94.52,18.55,2.39,,7.23,11.8,,7.59,,15.52,,2.24,15.8,71.73,71.01,7.25,,,12.23
2017-08-23 07:00:00,4.65,,10.64,38.35,45.3,25.73,121.72,8.14,7.32,76.58,6.8,7.8,12.43,33.89,20.86,,,6.35,14.99,32.12,9.86,,4.57,36.94,24.31,12.85,26.8,7.37,48.98,21.69,,16.3,93.06,18.65,2.36,,7.17,11.95,,7.57,,15.36,,2.21,15.91,71.79,70.78,7.41,,,12.2
2017-08-24 07:00:00,4.84,,10.86,38.4,45.13,25.37,124.15,8.39,7.28,77.28,6.82,7.77,12.51,34.39,20.96,,,6.42,15.07,31.88,9.86,,4.7,37.35,24.34,12.71,26.97,7.42,49.71,21.88,,16.48,93.1,19.38,2.36,,7.26,11.9,,7.71,,15.5,,2.23,16.15,72.36,70.78,7.32,,,12.29
2017-08-25 07:00:00,4.97,,10.96,37.74,44.72,25.44,124.21,8.43,7.28,77.56,6.8,7.8,12.52,34.56,20.86,,,6.43,15.15,32.66,9.86,,4.79,37.67,24.41,12.76,26.71,7.45,50.15,21.9,,16.53,92.7,19.41,2.39,,7.29,11.8,,7.66,,15.48,,2.23,16.44,72.42,70.78,7.31,,,12.28
2017-08-28 07:00:00,5.04,,10.86,36.37,45.13,25.37,124.49,8.37,7.49,76.93,6.8,7.93,12.46,35.06,21.99,,,6.52,15.49,32.35,9.86,,4.81,38.08,24.41,12.47,26.41,7.45,50.22,22.24,,16.37,92.37,18.74,2.39,,7.44,11.9,,7.71,,15.5,,2.23,16.72,72.36,70.78,7.31,,,12.8
2017-08-29 07:00:00,5.18,,10.86,36.18,45.38,25.37,123.98,8.37,7.55,77.07,6.77,7.99,12.59,35.0,22.09,,,6.6,15.51,32.58,9.84,,4.83,38.12,24.89,12.47,26.07,7.42,50.37,22.32,,16.3,91.27,19.95,2.39,,7.45,11.8,,7.61,,15.52,,2.2,16.97,72.19,70.68,7.31,,,12.4
2017-08-30 07:00:00,5.07,,10.75,35.71,44.97,25.37,124.35,8.28,7.47,76.93,6.77,7.9,12.54,35.0,21.99,,,6.63,15.46,32.35,9.8,,4.83,38.0,25.35,12.38,25.64,7.43,49.86,22.63,,16.14,91.27,21.0,2.39,,7.38,11.75,,7.61,,15.44,,2.21,18.08,72.36,70.58,7.31,,,12.46
2017-08-31 07:00:00,5.18,,11.29,35.61,45.3,25.62,123.46,8.5,7.51,76.44,6.83,7.9,12.77,34.95,21.94,,,6.7,15.69,31.96,9.77,,4.95,38.89,25.33,12.26,25.77,7.57,49.64,22.61,,16.37,93.21,20.84,2.42,,7.42,11.8,,7.59,,15.5,,2.19,18.59,72.42,71.73,7.31,,,13.33
2017-09-01 07:00:00,5.05,,11.78,35.33,45.55,25.59,123.76,8.57,7.45,77.28,6.85,7.93,12.73,35.67,22.35,,,6.67,15.56,32.19,9.8,,4.93,39.29,25.31,12.19,25.73,7.61,49.2,22.59,,16.34,92.91,20.62,2.42,,7.47,11.75,,7.59,,15.52,,2.23,18.33,73.81,72.21,7.31,,,13.51
2017-09-05 07:00:00,5.12,,11.46,35.05,45.96,25.51,123.76,8.43,7.4,76.44,6.83,7.93,12.72,36.39,22.27,,,6.72,15.49,33.2,9.8,,4.88,39.13,25.24,12.28,25.73,7.61,49.78,22.63,,16.44,96.02,20.24,2.39,,7.47,11.9,,7.57,,15.85,,2.21,18.48,76.36,72.82,7.33,,,12.73
2017-09-06 07:00:00,5.11,,11.4,34.95,45.63,25.04,123.17,8.37,7.3,75.54,6.82,7.9,12.68,36.5,21.99,,,6.82,15.38,33.32,9.8,,4.82,39.7,25.12,12.19,25.69,7.57,49.34,22.53,,16.32,96.02,20.05,2.39,,7.42,11.9,,7.52,,15.79,,2.2,18.44,75.9,72.63,7.69,,,12.76
2017-09-07 07:00:00,5.11,,11.56,34.76,45.46,24.56,123.17,8.43,7.38,73.59,6.83,7.93,12.64,37.56,22.19,,,6.84,15.36,33.05,9.8,,4.87,40.51,25.19,12.24,25.69,7.54,49.34,22.51,,16.62,99.01,19.6,2.39,,7.48,11.9,,7.45,,15.73,,2.21,18.37,76.01,71.82,7.92,,,12.82
2017-09-08 07:00:00,5.04,,11.37,34.53,45.96,24.19,123.52,8.41,7.32,74.36,6.76,7.9,12.56,37.84,21.73,,,6.83,14.86,32.81,9.8,,4.81,43.34,25.31,12.12,25.6,7.57,49.78,22.92,,16.76,102.84,19.63,2.39,,7.44,11.8,,7.38,,15.77,,2.24,18.85,75.72,71.3,7.75,,,12.8
2017-09-11 07:00:00,5.0,,11.24,34.15,47.45,24.16,124.64,8.35,7.25,75.54,6.77,7.86,12.61,37.39,21.48,,,6.82,14.92,32.62,9.77,,4.73,46.1,25.93,11.91,25.6,7.66,49.56,23.26,,16.48,105.51,19.44,2.36,,7.39,11.7,,7.31,,16.1,,2.24,18.52,78.1,71.06,7.67,,,12.91
2017-09-12 07:00:00,4.93,,11.29,33.68,47.12,24.08,123.46,8.3,7.25,74.15,6.73,8.06,12.59,36.78,21.12,,,6.72,14.84,32.23,9.7,,4.77,44.96,25.81,11.81,26.37,7.69,49.49,22.92,,16.62,105.51,18.9,2.36,,7.32,11.65,,7.38,,15.77,,2.23,18.11,77.81,70.78,7.55,,,12.81
2017-09-13 07:00:00,4.98,,11.29,35.75,47.04,23.97,124.35,8.3,7.28,75.12,6.69,8.12,12.93,37.22,21.4,,,6.99,14.94,32.43,9.77,,4.81,45.85,26.57,11.86,25.94,7.85,50.74,23.55,,16.85,104.01,19.16,2.36,,7.39,11.55,,7.47,,15.89,,2.23,18.13,77.81,70.63,7.57,,,12.88
2017-09-14 07:00:00,5.0,,11.37,36.84,46.87,23.83,125.82,8.32,7.3,75.75,6.8,8.22,12.82,39.56,21.73,,,7.07,15.23,32.58,9.8,,4.83,46.18,26.71,11.86,25.73,7.93,50.74,23.51,,16.81,101.86,19.09,2.36,,7.59,11.7,,7.47,,15.94,,2.24,18.37,79.89,70.73,7.57,,,13.04
2017-09-15 07:00:00,5.0,,11.26,37.31,46.96,23.79,126.06,8.3,7.23,78.39,6.72,8.38,12.69,39.07,21.63,,,7.02,15.28,32.27,9.8,,4.77,45.61,26.46,12.0,27.27,7.91,50.15,23.36,,16.81,99.3,19.16,2.36,,7.56,11.75,,7.45,,15.89,,2.22,18.18,80.93,70.68,7.57,,,13.05
2017-09-18 07:00:00,5.02,,11.29,36.56,46.79,23.53,125.64,8.57,7.06,79.1,6.69,8.45,12.66,38.84,21.78,,,7.2,15.49,32.78,9.8,,4.81,45.77,26.48,12.0,27.1,7.96,49.86,23.67,,16.97,102.19,18.71,2.45,,7.69,11.95,,7.43,,15.81,,2.33,18.15,80.35,71.49,7.55,,,13.07
2017-09-19 07:00:00,5.04,,11.37,38.16,47.21,23.46,124.94,8.63,7.1,77.97,6.67,8.25,12.78,38.67,21.73,,,7.32,15.49,33.12,10.24,,4.81,46.18,26.46,11.91,26.58,7.93,48.83,23.99,,17.04,101.49,18.68,2.45,,7.66,11.9,,7.35,,15.65,,2.36,18.11,79.37,71.11,7.51,,,13.12
2017-09-20 07:00:00,4.98,,11.26,38.26,46.96,24.05,124.35,8.68,7.06,76.99,6.74,8.19,12.76,38.22,21.68,,,7.24,15.41,33.05,10.07,,4.75,44.96,26.34,11.98,26.5,7.81,47.81,24.09,,16.83,101.13,18.65,2.48,,7.63,11.75,,7.21,,15.81,,2.33,18.06,79.66,71.11,7.51,,,13.04
2017-09-21 07:00:00,5.02,,11.4,39.34,47.54,24.3,124.23,8.76,7.06,76.57,6.74,8.19,12.98,38.34,21.5,,,7.22,15.36,32.89,9.95,,4.8,43.42,26.48,12.28,26.46,8.19,47.66,24.18,,16.81,99.3,17.47,2.48,,7.57,11.7,,7.31,,15.79,,2.43,18.04,80.18,70.78,7.44,,,13.5
2017-09-22 07:00:00,5.14,,11.4,37.79,47.29,24.27,124.35,8.83,7.08,75.38,6.74,8.19,13.07,38.84,21.5,,,7.24,15.28,32.66,9.95,,4.83,42.78,26.94,12.36,26.37,8.28,47.51,24.09,,16.92,98.9,17.72,2.48,,7.59,11.75,,7.45,,15.69,,2.44,18.26,84.8,70.78,7.43,,,13.06
2017-09-25 07:00:00,5.33,,11.26,37.55,47.29,24.12,123.76,8.68,7.15,76.57,6.72,8.16,13.02,38.79,21.78,,,7.15,14.94,33.05,9.91,,4.77,44.56,27.52,12.21,26.28,8.2,47.73,24.11,,16.88,97.18,17.53,2.48,,7.62,12.35,,7.54,,15.63,,2.5,18.11,89.57,70.54,7.42,,,13.03
2017-09-26 07:00:00,5.4,,11.24,37.27,46.71,23.9,123.64,8.7,7.19,76.92,6.66,8.09,12.82,39.46,22.81,,,7.13,15.05,33.2,9.86,,4.74,45.29,27.4,12.33,26.41,8.31,47.88,24.13,,16.67,95.47,17.18,2.48,,7.54,12.8,,7.64,,15.6,,2.49,18.35,88.68,70.82,7.43,,,13.03
2017-09-27 07:00:00,5.35,,11.18,36.37,46.38,23.97,124.35,8.75,7.28,76.22,6.64,8.12,12.93,40.03,22.91,,,7.17,15.12,33.75,9.82,,4.7,44.72,27.08,12.54,26.33,8.34,47.51,23.95,,16.51,94.19,17.37,2.48,,7.54,12.45,,7.61,,15.73,,2.47,18.92,86.82,70.78,7.54,,,13.02
2017-09-28 07:00:00,5.81,,11.13,36.98,46.21,23.53,124.05,8.66,7.28,75.16,6.72,8.06,12.89,40.31,22.45,,,7.24,14.97,33.44,9.91,,4.7,45.13,26.97,12.57,26.37,8.35,47.51,23.57,,16.39,98.57,17.5,2.48,,7.54,12.9,,7.57,,15.84,,2.47,19.03,88.6,71.01,7.61,,,13.06
2017-09-29 07:00:00,5.39,,10.83,36.93,46.04,23.5,123.17,8.54,7.34,75.16,6.69,8.12,12.82,39.86,22.66,,,7.38,14.86,33.05,9.99,,4.79,46.26,26.9,12.57,26.67,8.21,46.85,23.74,,16.25,99.48,17.18,2.45,,7.44,12.65,,7.54,,15.96,,2.47,18.81,88.52,71.97,7.6,,,13.18
2017-10-02 07:00:00,5.39,,10.91,37.31,45.96,23.68,122.99,8.61,7.3,75.52,6.72,7.99,12.81,39.58,23.17,,,7.42,14.99,32.5,10.07,,4.79,44.8,27.17,12.61,26.5,8.21,46.27,23.86,,16.25,95.98,16.8,2.45,,7.45,12.65,,7.54,,16.11,,2.47,18.85,88.28,71.25,7.57,,,13.11
2017-10-03 07:00:00,5.35,,11.02,37.27,44.88,23.46,122.46,8.52,7.25,75.16,6.7,7.99,12.61,39.24,23.27,,,7.44,14.76,32.27,10.24,,4.7,44.96,27.36,12.52,26.33,8.19,45.97,23.95,,16.07,95.65,16.23,2.42,,7.39,12.3,,7.43,,16.03,,2.44,19.29,87.23,70.82,7.51,,,13.05
2017-10-04 07:00:00,5.42,,11.02,36.79,44.72,22.87,122.7,8.61,7.34,75.09,6.67,7.93,12.61,39.18,22.81,,,7.51,14.76,31.61,10.36,,4.85,44.96,27.5,12.61,26.28,8.16,44.51,23.86,,16.04,95.07,15.91,2.42,,7.41,12.35,,7.47,,16.49,,2.5,19.1,85.69,70.78,7.45,,,13.05
2017-10-05 07:00:00,5.51,,11.05,36.27,44.8,23.94,123.17,8.82,7.34,74.81,6.66,7.93,12.81,39.29,22.78,,,7.56,14.79,32.27,10.44,3.32,4.92,46.91,27.4,13.27,26.28,8.3,45.75,23.84,,16.25,96.67,16.1,2.45,,7.57,12.35,,7.45,,16.92,,2.47,19.54,86.01,71.3,7.48,,,13.2
2017-10-06 07:00:00,5.51,,11.02,36.13,45.13,23.94,121.69,8.77,7.36,74.32,6.64,7.8,12.77,38.34,22.71,,,7.43,14.68,31.73,10.4,2.99,5.02,46.83,27.15,13.58,26.28,8.28,45.68,23.38,,16.18,95.62,16.23,2.45,,7.62,12.3,,7.71,,16.56,,2.48,19.43,85.52,71.63,7.49,,,13.18
2017-10-09 07:00:00,5.67,,11.07,35.75,45.21,24.34,120.34,8.86,7.34,74.39,6.66,7.8,12.82,38.62,22.71,,,7.48,14.79,32.27,10.4,2.97,5.11,46.91,27.43,13.66,26.28,8.43,45.09,23.26,,16.32,95.94,15.75,2.51,,7.68,12.6,,7.64,,16.77,,2.51,19.25,86.5,71.11,7.57,,,13.24
2017-10-10 07:00:00,5.67,,11.02,35.42,44.55,24.74,120.16,8.77,7.36,73.76,6.66,7.73,12.9,38.05,22.71,,,7.52,15.2,31.1,10.4,2.97,5.12,46.58,28.46,13.88,26.24,8.58,45.31,23.67,,16.18,95.58,15.72,2.51,,7.57,12.5,,7.87,,16.87,,2.57,19.18,86.42,70.92,7.69,,,13.25
2017-10-11 07:00:00,5.65,,11.16,36.6,44.72,25.37,122.58,8.79,7.34,74.32,6.63,7.8,13.22,38.62,22.78,,,7.53,15.2,31.49,10.42,2.92,5.12,46.34,28.62,14.37,26.28,8.54,45.46,23.84,,16.32,95.62,15.75,2.51,,7.62,12.2,,7.8,,16.87,,2.56,20.17,85.44,70.92,7.96,,,13.36
2017-10-12 07:00:00,5.63,,11.16,36.89,46.21,25.44,122.28,8.7,7.34,76.57,6.63,7.77,13.45,39.01,22.91,,,7.58,14.94,30.95,10.77,2.78,5.09,46.42,28.46,14.32,26.37,8.52,45.31,23.15,,16.16,97.22,15.59,2.48,,7.6,11.9,,7.8,,16.68,,2.72,20.5,88.12,70.82,8.22,,,13.41
2017-10-13 07:00:00,5.7,,11.05,37.79,46.54,25.26,121.99,8.7,7.34,75.8,6.6,7.77,13.42,39.63,22.78,,,7.5,14.84,30.52,10.77,2.71,5.05,47.56,28.81,14.34,26.33,8.56,44.65,22.76,,16.14,99.3,15.59,2.48,,7.48,11.6,,7.64,,16.66,,2.72,20.57,87.87,71.2,8.27,,,13.43
2017-10-16 07:00:00,5.76,,11.16,37.22,46.71,26.28,124.94,8.79,7.28,77.97,6.57,7.67,13.61,40.03,22.55,,,7.39,14.76,30.21,10.77,2.8,5.12,47.15,29.39,14.3,27.1,8.47,44.87,23.13,,16.2,99.56,15.53,2.48,,7.5,11.6,,7.54,,16.7,,2.75,20.65,90.14,71.54,8.3,,,13.43
2017-10-17 07:00:00,5.76,,11.73,36.37,46.71,25.95,125.52,8.91,7.3,80.71,6.54,7.73,13.48,39.35,22.76,,,7.39,14.6,30.09,10.69,2.84,5.07,46.42,29.5,14.2,27.22,8.42,45.46,23.13,,16.34,101.86,15.27,2.51,,7.6,11.6,,7.71,,17.34,,2.71,20.5,90.87,71.11,8.36,,,13.46
2017-10-18 07:00:00,5.9,,11.84,36.32,46.87,25.81,126.59,9.09,7.3,79.73,6.51,7.7,13.58,39.97,22.71,,,7.45,14.47,29.7,10.57,2.95,5.11,46.18,30.01,14.0,26.97,8.55,46.41,23.22,,16.41,102.95,15.12,2.57,,7.74,11.55,,7.68,,17.51,,2.7,20.46,91.76,71.3,8.48,,,13.53
2017-10-19 07:00:00,5.79,,11.65,37.74,47.29,25.29,126.06,8.98,7.49,82.19,6.48,7.67,13.4,39.86,22.42,,,7.29,14.29,30.29,10.5,2.86,5.01,46.18,30.42,14.0,27.14,8.62,46.56,23.26,,16.2,104.05,14.92,2.51,,7.66,11.6,,7.71,,17.3,,2.73,20.28,90.95,71.01,8.4,,,13.54
2017-10-20 07:00:00,5.7,,11.7,37.83,46.54,25.22,126.82,9.0,7.28,83.52,6.45,7.57,13.27,40.48,22.3,,,7.19,14.29,30.13,10.57,2.82,4.95,45.77,31.07,13.86,26.88,8.67,46.93,23.24,,16.16,103.68,14.51,2.51,,7.59,11.55,,7.68,,17.47,,2.7,20.5,91.27,70.92,8.38,,,13.56
2017-10-23 07:00:00,5.56,,11.7,37.12,45.63,24.74,126.7,9.0,7.19,80.08,6.42,7.51,13.16,40.03,21.73,,,7.11,14.11,29.86,10.53,2.8,4.87,45.69,29.36,13.91,26.58,8.58,46.19,22.74,,15.97,102.22,13.87,2.48,,7.42,11.5,,7.57,,17.49,,2.71,20.43,90.22,70.78,8.44,,,13.42
2017-10-24 07:00:00,5.47,,11.4,37.03,45.63,25.37,125.52,8.72,7.55,78.33,6.39,7.6,13.03,39.29,21.5,,,7.11,13.9,29.78,10.75,2.84,4.84,45.37,29.5,14.39,26.33,8.63,46.12,22.53,,15.6,102.92,13.75,2.45,,7.28,11.4,,7.4,,17.04,,2.72,20.5,88.85,71.01,8.25,,,13.42
2017-10-25 07:00:00,5.63,,11.62,36.84,45.3,25.29,124.88,8.77,7.04,75.87,6.36,7.51,13.03,39.58,21.63,,,7.14,13.59,29.86,10.69,2.99,4.92,45.77,30.26,14.69,26.28,8.69,45.68,22.59,,15.74,102.41,14.54,2.45,,7.24,11.4,,7.45,,17.25,,2.73,20.43,89.01,71.78,8.29,,,13.56
2017-10-26 07:00:00,5.63,,11.56,36.23,45.46,25.0,124.35,8.77,6.95,75.87,6.32,7.47,13.06,39.41,21.43,,,7.08,13.49,29.55,10.69,2.99,4.92,46.34,30.65,14.54,25.94,8.62,45.68,22.44,,15.72,102.95,15.02,2.45,,7.2,11.35,,7.64,,17.44,,2.84,20.35,89.09,72.4,8.32,,,13.63
2017-10-27 07:00:00,5.6,,11.56,35.99,45.21,24.19,126.11,8.75,7.04,75.16,6.26,7.47,13.14,39.07,21.27,,,7.14,13.28,28.96,10.69,2.99,4.98,47.39,30.19,15.13,26.03,8.66,45.9,22.65,,16.2,102.95,14.45,2.42,,7.11,11.35,,7.57,,17.76,,2.79,21.09,91.6,72.63,8.26,,,13.72
2017-10-30 07:00:00,5.69,,12.16,35.71,45.05,23.9,131.36,8.88,7.06,75.87,6.28,7.41,13.29,41.61,21.43,,,7.16,12.61,29.16,10.73,2.97,5.02,48.61,30.51,14.78,26.11,8.66,46.34,22.74,,16.44,104.78,13.84,2.45,,7.17,11.4,,7.47,,18.16,,2.76,21.49,93.22,72.73,8.42,,,13.9
2017-10-31 07:00:00,5.6,,12.08,35.28,42.89,23.61,132.72,8.7,7.02,73.76,6.26,7.41,13.45,41.66,21.02,,,7.09,12.27,29.0,10.73,2.91,4.97,48.69,29.92,14.61,26.07,8.55,45.46,22.55,,15.93,104.78,13.3,2.42,,7.05,11.25,,7.38,,17.8,,2.73,21.6,92.73,72.4,8.32,,,13.83
2017-11-01 07:00:00,5.44,,12.25,35.33,42.23,23.31,132.01,8.68,7.0,70.18,6.22,7.41,13.35,41.32,20.91,,,6.99,12.06,28.81,10.81,2.88,4.95,48.61,29.71,14.91,26.03,8.52,45.09,22.63,,15.93,104.78,13.43,2.42,,6.96,11.2,,7.28,,17.7,,2.87,21.6,92.25,74.11,8.24,,,13.8
2017-11-02 07:00:00,5.4,,12.3,35.71,41.98,23.46,133.78,8.75,6.95,66.74,6.16,7.41,13.45,41.61,20.61,,,6.86,11.6,29.0,10.73,2.91,4.97,49.18,29.25,14.78,26.67,8.52,44.58,22.53,,15.72,105.51,13.62,2.42,,7.05,11.3,,7.5,,18.14,,2.75,22.04,93.14,75.21,8.18,,,13.86
2017-11-03 07:00:00,5.35,,12.22,35.66,41.81,23.24,133.48,8.59,7.0,67.3,6.1,7.41,13.35,41.44,20.3,,,6.86,11.7,29.47,10.71,2.88,4.9,48.77,28.92,14.88,26.46,8.52,42.53,21.9,,15.26,105.87,13.56,2.39,,6.99,11.35,,7.35,,17.72,,2.71,22.26,91.92,74.35,8.1,,,13.8
2017-11-06 07:00:00,5.42,,12.46,36.46,43.06,23.06,140.26,8.88,6.95,68.84,6.1,7.54,13.56,42.56,20.4,,,7.02,12.35,29.16,10.75,2.86,4.96,49.42,29.59,14.95,26.33,8.55,42.01,22.53,,15.49,106.6,13.17,2.39,,7.08,11.25,,7.45,,18.14,,2.77,22.34,92.73,75.3,8.1,,32.14,13.94
2017-11-07 07:00:00,5.46,,12.57,36.84,42.97,23.09,139.26,9.04,6.98,68.07,5.96,7.44,13.48,43.07,20.45,,,7.01,12.27,29.16,10.75,2.84,5.06,48.77,29.36,14.83,26.24,8.73,41.72,22.53,,15.49,105.87,13.14,2.39,,7.11,11.25,,7.5,,18.12,,2.85,22.96,92.17,75.54,8.02,,,14.03
2017-11-08 07:00:00,5.51,,12.98,36.89,42.97,23.2,141.38,9.16,7.04,68.0,6.07,7.41,13.87,43.41,20.4,,,7.07,12.19,28.93,10.75,2.88,5.17,48.61,29.5,14.81,26.16,8.77,41.72,22.74,,15.35,109.12,13.33,2.42,,7.08,11.25,,7.64,,18.61,,2.78,24.1,94.68,76.54,8.12,,,14.13
2017-11-09 07:00:00,5.56,,13.04,38.12,43.89,23.02,139.2,9.14,7.02,68.49,6.06,7.41,14.0,43.41,20.27,,,7.06,12.19,28.77,11.19,3.02,5.17,48.61,30.08,14.93,26.03,8.89,42.82,23.26,,15.9,103.28,13.17,2.42,,7.19,11.25,,7.82,,18.61,,2.76,25.72,95.81,77.69,8.12,,,14.18
2017-11-10 07:00:00,5.67,,13.2,39.58,43.72,22.95,138.49,9.44,7.04,68.35,6.03,7.34,13.95,43.47,20.25,,,7.06,12.06,28.62,11.12,3.02,5.19,48.77,30.03,14.95,25.94,8.87,42.67,23.2,,15.74,101.53,13.65,2.39,,7.19,11.45,,7.75,,18.46,,2.74,25.72,95.81,82.83,8.0,,34.36,14.19
2017-11-13 07:00:00,5.67,,13.06,42.32,44.39,23.17,139.08,9.44,7.0,67.37,6.1,7.34,14.34,44.82,20.3,,,7.06,12.04,28.58,11.1,3.0,5.11,48.53,29.71,14.98,26.03,8.86,42.16,24.74,,15.7,103.25,14.42,2.39,,7.37,11.5,,8.27,,18.48,,2.78,25.2,95.41,88.27,7.98,,36.73,14.29
2017-11-14 07:00:00,5.77,,13.31,43.75,44.47,23.24,141.44,9.62,6.95,68.14,6.09,7.31,14.52,45.44,20.96,,,7.16,12.4,28.93,11.08,3.12,5.06,47.72,31.11,15.42,25.99,9.02,41.06,25.45,,15.86,102.22,14.03,2.42,,7.51,11.3,,8.83,,18.78,,2.77,25.53,96.94,86.84,7.94,,39.27,14.43
2017-11-15 07:00:00,5.79,,13.31,42.56,43.97,23.83,144.32,9.57,6.93,70.25,6.03,7.34,14.92,44.93,21.68,,,7.37,12.68,29.55,11.04,3.1,5.02,46.99,31.48,15.42,25.94,9.12,42.16,25.38,,15.93,101.68,13.78,2.42,,7.48,11.45,,8.76,,18.69,,2.77,25.53,96.86,87.69,7.95,,37.25,14.57
2017-11-16 07:00:00,5.83,,13.28,42.99,43.64,23.97,140.26,9.62,6.89,72.92,6.2,7.64,15.36,45.16,21.73,,,7.43,12.68,30.17,11.31,3.29,5.05,47.8,31.18,15.32,26.2,9.32,42.16,25.32,,16.39,102.22,13.78,2.42,,7.54,12.05,,8.83,,18.97,,2.79,25.68,98.0,87.69,8.14,,35.27,14.66
2017-11-17 07:00:00,5.86,,13.26,42.8,44.72,24.05,138.78,9.71,6.87,72.92,6.28,7.6,14.99,45.27,21.76,,,7.33,12.56,30.05,11.85,3.32,5.14,49.42,31.23,15.17,26.2,9.3,41.79,25.22,,16.48,103.65,13.94,2.51,,7.6,12.15,,8.83,,19.09,,2.83,26.45,98.24,87.65,8.06,,36.06,15.0
2017-11-20 07:00:00,5.83,,13.17,44.23,43.97,24.27,136.13,9.6,6.85,71.65,6.19,7.54,15.18,46.47,21.43,,,7.24,12.35,29.39,12.53,3.24,5.19,48.37,31.46,15.13,25.94,9.41,42.23,24.72,,16.3,102.52,13.94,2.48,,7.6,11.85,,8.64,,19.03,,2.87,28.03,98.08,89.41,7.98,,37.8,14.86
2017-11-21 07:00:00,5.88,,13.36,44.95,46.46,24.3,138.78,9.89,6.85,73.76,6.13,7.8,15.39,47.33,21.53,,,7.2,12.14,29.35,12.42,3.24,5.35,51.2,31.94,14.83,25.64,9.41,45.02,24.9,,16.62,109.16,13.91,2.48,,7.82,11.95,,8.71,,20.17,,3.01,29.98,100.83,93.27,7.93,,40.42,15.21
2017-11-22 07:00:00,5.95,,14.02,44.47,47.62,24.12,137.9,10.37,7.0,73.41,6.19,8.19,15.18,47.84,21.12,,,7.32,12.27,29.55,12.26,3.27,5.28,52.5,31.85,15.22,25.9,9.33,45.75,25.24,,16.83,112.81,13.68,2.48,,7.85,12.4,,8.69,,20.34,,3.3,28.95,102.37,90.08,8.1,,42.8,15.25
2017-11-23 07:00:00,6.11,,14.46,44.71,48.28,23.94,140.85,11.04,6.95,74.81,6.28,8.32,15.39,47.84,21.43,,,7.33,12.37,29.78,12.09,3.34,5.45,53.87,31.94,15.27,26.03,9.29,45.46,25.86,,16.92,113.18,13.49,2.6,,7.92,12.6,,8.99,,20.68,,3.17,28.58,106.01,90.08,8.24,,41.85,15.49
2017-11-24 07:00:00,6.0,,13.94,44.23,47.79,23.75,138.49,10.99,6.98,73.76,6.16,8.16,15.18,46.19,22.12,,,7.43,12.24,29.86,12.18,3.32,5.42,52.25,31.57,15.42,25.64,9.65,44.43,25.97,,17.92,116.68,13.17,2.54,,7.85,12.45,,9.01,,20.17,,3.16,28.1,105.69,88.65,8.18,,41.29,15.33
2017-11-27 07:00:00,6.07,,13.94,44.76,49.2,24.52,138.2,10.76,6.98,75.09,6.17,8.32,15.62,46.93,22.04,,,7.48,12.45,30.68,12.38,3.52,5.41,55.09,31.64,15.42,26.03,9.81,45.24,25.97,,18.26,116.46,13.14,2.75,,8.05,12.7,,9.08,,20.38,,3.11,29.21,105.2,88.41,8.06,,41.21,15.41
2017-11-28 07:00:00,6.05,,13.86,45.62,48.95,24.67,137.02,10.72,6.98,75.45,6.19,8.16,15.23,46.47,22.19,,,7.51,12.61,30.56,12.26,3.57,5.31,56.71,30.95,15.47,26.88,9.79,44.8,25.64,,18.43,116.83,13.02,2.72,,8.03,12.65,,8.87,,20.47,,3.02,28.99,107.39,88.17,8.13,,41.13,15.42
2017-11-29 07:00:00,6.07,,13.96,47.24,50.61,24.19,136.72,11.04,7.28,74.25,6.36,8.12,15.62,45.9,22.14,,,7.47,12.35,30.29,12.38,3.47,5.41,56.95,31.04,15.71,26.92,9.79,45.53,25.55,,18.7,125.0,13.43,2.84,,8.43,13.3,,8.83,,20.72,,2.93,28.29,109.58,88.36,8.15,,39.79,15.49
2017-11-30 07:00:00,6.23,,14.35,47.1,51.44,24.56,137.19,11.45,7.17,76.36,6.32,8.19,15.7,46.93,22.3,,,7.85,12.63,30.02,12.22,3.44,5.56,57.44,31.23,15.83,26.8,9.67,45.97,26.16,,18.94,126.68,13.36,2.9,,8.37,13.4,,8.83,,21.14,,2.93,28.18,111.68,90.32,8.31,,38.83,15.72
2017-12-01 07:00:00,6.19,,13.99,46.05,50.61,25.44,134.95,11.18,7.32,76.92,6.34,8.19,15.34,46.76,22.04,,,7.9,12.53,30.02,12.18,3.39,5.56,56.22,31.34,16.08,26.5,9.63,47.81,26.49,,19.01,121.02,13.08,2.87,,8.55,13.1,,8.87,,20.68,,2.91,27.7,109.74,93.41,8.38,,39.55,15.73
2017-12-04 07:00:00,6.42,,14.29,46.96,51.35,25.81,136.13,11.18,7.64,77.13,6.38,8.12,15.46,47.27,22.71,,,7.98,13.31,30.72,12.11,3.37,5.62,56.71,31.55,16.83,26.46,9.61,48.69,26.7,,19.21,124.49,13.3,2.99,,8.98,13.7,,8.83,,20.89,,2.93,28.36,109.98,97.75,8.52,,39.63,15.99
2017-12-05 07:00:00,6.42,,14.02,46.48,50.61,25.66,134.95,11.22,7.4,77.13,6.36,8.19,15.52,48.3,22.71,,,8.01,13.72,32.19,12.16,3.34,5.62,56.79,31.46,16.88,26.46,9.33,49.78,26.6,,19.12,123.4,13.97,2.93,,8.92,13.7,,8.99,,21.14,,2.97,28.84,110.23,97.7,8.45,,39.63,15.99
2017-12-06 07:00:00,6.23,,13.58,44.66,49.69,24.89,132.6,10.83,7.49,74.81,6.32,8.22,14.99,47.84,22.17,,,8.01,13.57,31.49,12.09,3.32,5.41,55.9,30.63,16.64,26.28,9.24,49.34,26.28,,18.2,121.57,14.32,2.84,,8.64,13.25,,9.2,,20.43,,2.92,27.04,106.66,93.89,8.28,,38.44,15.64
2017-12-07 07:00:00,6.35,,13.72,44.81,50.61,25.22,132.01,10.81,7.47,75.73,6.25,8.71,15.05,48.98,21.96,,,8.02,13.67,31.49,11.99,3.29,5.45,56.55,30.26,16.59,26.63,9.25,48.76,26.32,,18.22,121.57,14.19,2.87,,8.58,13.35,,9.57,,20.3,,2.98,27.11,106.26,94.32,8.18,,37.96,15.56
2017-12-08 07:00:00,6.35,,13.75,44.14,52.1,25.18,127.47,10.69,7.38,75.8,6.23,8.58,14.78,49.32,22.09,,,7.94,13.2,31.26,11.93,3.34,5.42,58.49,30.01,16.49,26.71,9.22,49.05,25.86,,18.01,116.64,13.81,2.9,,8.46,13.05,,10.16,,20.13,,2.98,27.0,105.29,92.08,8.06,,37.76,15.47
2017-12-11 07:00:00,6.3,,13.53,42.51,51.44,25.04,129.41,10.49,7.23,75.16,6.22,8.32,14.44,48.93,21.78,,,7.78,12.81,31.26,11.85,3.47,5.36,60.03,29.68,16.35,26.63,9.21,48.25,26.22,,18.15,113.54,13.62,2.81,,8.31,12.85,,10.81,,19.83,,2.98,26.89,108.85,92.56,7.95,,36.85,15.4
2017-12-12 07:00:00,6.25,,13.31,42.56,49.2,24.93,128.77,10.03,7.17,76.22,6.2,8.12,14.31,49.61,21.27,,,7.75,12.45,30.79,11.72,3.44,5.29,59.14,29.71,16.1,26.67,9.02,47.95,26.07,,18.1,114.45,13.33,2.75,,8.11,12.55,,11.28,,19.2,,2.92,26.86,108.69,92.89,7.96,,36.54,15.39
2017-12-13 07:00:00,6.11,,13.2,42.32,47.95,25.29,131.89,9.89,7.1,79.52,6.25,8.09,14.34,50.41,20.86,,,7.66,12.56,30.64,11.56,3.42,5.24,58.49,29.36,16.08,26.67,9.05,47.66,26.01,,18.75,117.19,13.46,2.69,,8.15,12.5,,11.95,,19.07,,3.0,26.52,109.17,93.13,7.8,,36.54,15.3
2017-12-14 07:00:00,6.02,,13.36,43.37,48.2,24.93,131.42,10.12,7.04,80.15,6.26,8.03,14.63,49.38,20.76,,,7.73,12.4,30.56,11.72,3.39,5.24,59.22,29.85,15.86,26.58,9.03,47.59,26.28,,18.75,115.73,13.33,2.66,,8.18,12.5,,11.81,,19.24,,3.07,26.63,108.69,95.8,7.77,,36.3,15.36
2017-12-15 07:00:00,6.05,,13.34,43.71,48.12,25.55,136.07,10.17,7.1,79.38,6.42,8.19,14.86,49.67,20.91,,,7.95,12.71,30.36,11.76,3.39,5.25,58.9,30.54,16.0,26.54,9.06,47.66,27.32,,19.14,113.18,13.81,2.66,,8.4,12.7,,11.74,,19.66,,3.07,26.34,112.57,95.8,7.82,,36.77,15.43
2017-12-18 07:00:00,6.18,,13.36,43.42,48.95,26.32,134.66,10.37,7.3,81.0,6.48,8.16,14.97,52.75,21.27,,,8.15,13.0,30.79,11.76,3.39,5.35,61.33,30.74,16.47,26.63,9.25,48.61,27.85,,19.38,116.06,13.78,2.78,,8.51,12.95,,11.49,,20.38,,3.08,27.18,114.92,97.94,7.92,,37.17,16.51
2017-12-19 07:00:00,6.21,,13.47,42.7,50.44,26.25,134.07,10.4,7.06,82.26,6.61,8.16,14.84,53.03,21.32,,,8.4,13.1,30.09,11.52,3.45,5.36,62.06,30.95,16.64,26.63,9.26,49.78,27.49,,20.0,113.18,13.65,2.81,,8.63,12.9,,11.09,,20.49,,2.96,27.74,116.38,98.13,7.95,,37.21,15.84
2017-12-20 07:00:00,6.21,,13.47,41.55,51.19,26.32,132.6,10.35,7.06,81.91,6.55,8.19,14.92,54.17,20.86,,,8.43,12.87,30.17,11.54,3.5,5.42,62.3,30.88,16.49,26.37,9.22,51.98,27.7,,20.0,102.22,13.56,2.81,,8.72,12.75,,10.97,,20.87,,2.93,27.15,116.46,97.56,8.16,,36.62,15.79
2017-12-21 07:00:00,6.18,,13.53,40.84,50.94,26.25,129.94,10.35,7.12,81.07,6.56,8.16,15.02,54.06,20.76,,,8.57,12.87,30.05,11.47,3.5,5.49,62.14,30.42,16.1,26.41,9.29,52.06,28.27,,19.82,96.75,13.27,2.84,,8.66,12.65,,10.95,,20.81,,2.95,27.74,115.65,97.56,8.24,,38.28,15.78
2017-12-22 07:00:00,6.12,,13.2,40.41,51.27,26.1,128.47,10.26,7.15,80.78,6.64,8.06,15.02,53.49,20.5,,,8.51,12.71,30.09,11.47,3.47,5.48,60.52,30.54,16.27,26.24,9.32,51.1,27.91,,19.33,95.65,13.11,2.75,,8.54,12.65,,10.74,,21.48,,2.99,27.77,113.95,97.23,8.14,,38.72,15.7
2017-12-25 07:00:00,6.14,,13.26,40.17,54.34,25.81,129.06,10.3,7.15,81.7,6.38,8.06,15.2,53.94,20.3,,,8.42,12.43,30.17,11.93,3.45,5.54,61.08,30.42,16.22,26.28,9.51,52.72,27.7,,19.03,97.08,13.17,2.75,,8.61,12.75,,10.51,,21.86,,2.94,28.66,115.33,96.65,8.14,,38.04,15.73
2017-12-26 07:00:00,6.09,,13.15,39.55,55.0,25.62,129.71,10.62,7.25,81.0,6.36,8.03,15.18,55.6,20.71,,,8.41,12.61,30.17,11.87,3.45,5.43,61.17,30.58,15.91,26.5,9.49,53.89,27.91,,19.26,96.46,13.08,2.78,,8.64,12.6,,10.02,,21.86,,3.02,29.02,116.14,96.7,8.08,,38.4,15.85
2017-12-27 07:00:00,6.44,,13.45,38.49,55.42,25.66,130.77,10.85,7.1,80.43,6.36,8.09,15.05,57.02,20.63,,,8.64,12.66,30.33,11.72,3.47,5.5,61.33,30.49,16.05,26.67,9.55,54.48,27.91,,19.54,94.92,13.27,2.81,,8.66,13.1,,10.16,,22.33,,2.97,29.02,115.9,97.94,8.12,,38.2,15.9
2017-12-28 07:00:00,6.51,,13.69,40.41,56.41,25.59,131.42,11.11,7.17,82.65,6.48,8.19,15.07,56.57,20.55,,,8.72,12.61,30.48,11.64,3.47,5.55,61.57,30.31,16.0,27.22,9.67,54.62,28.35,,19.19,92.73,13.17,2.81,,8.81,13.1,,10.23,,23.22,,3.02,28.84,117.68,98.42,8.22,,37.8,16.04
2017-12-29 07:00:00,6.58,,13.91,41.22,56.25,26.21,133.78,11.2,7.04,83.79,6.64,8.29,15.07,56.51,20.63,,,8.89,12.94,30.72,11.43,3.53,5.59,62.38,30.7,16.39,28.38,9.67,56.09,28.75,,19.4,92.66,13.24,2.87,,9.0,13.05,,9.92,,23.26,,2.99,29.35,119.3,101.77,8.32,,37.84,16.22
2018-01-02 07:00:00,6.83,,14.73,42.27,56.91,26.98,134.95,11.45,7.17,82.09,6.61,8.32,15.65,56.0,21.25,,,9.05,12.92,32.66,11.41,3.55,5.75,64.81,30.54,16.69,28.03,9.73,56.09,29.15,,20.0,92.99,13.24,2.96,,8.98,13.5,,10.04,,23.43,,3.0,28.84,121.0,101.49,8.83,,37.8,16.41
2018-01-03 07:00:00,6.86,,14.76,42.08,56.91,27.64,134.66,11.56,7.06,82.09,6.77,8.48,15.88,55.77,22.14,,,9.19,13.2,34.21,11.56,3.72,5.81,68.3,31.16,17.08,28.59,9.91,55.58,28.33,,20.21,96.75,13.49,3.05,,9.26,13.6,,10.18,,23.55,,3.01,30.56,120.35,102.97,8.94,,38.4,16.76
2018-01-04 07:00:00,6.83,,15.11,41.32,56.83,27.71,135.54,11.77,7.04,81.38,6.83,8.71,15.96,58.16,22.01,,,9.17,13.41,34.68,12.13,3.75,5.75,67.57,31.21,17.08,28.89,9.84,57.63,28.33,,20.35,98.1,13.52,3.02,,9.35,13.85,,10.16,,23.43,,3.04,30.53,120.84,102.97,9.06,,38.04,17.0
2018-01-05 07:00:00,6.93,,15.03,40.98,56.41,27.71,137.37,11.72,7.06,80.74,6.8,8.38,15.99,59.02,21.96,,7.57,9.18,13.39,34.52,12.18,3.8,5.72,68.86,31.11,17.08,29.19,10.08,58.22,28.25,,20.0,98.02,13.97,2.99,,9.29,13.8,,10.16,,23.3,,3.12,29.76,120.92,102.97,9.04,,37.65,16.8
2018-01-08 07:00:00,7.04,,15.38,40.65,56.17,28.0,134.95,11.86,7.45,77.4,6.68,8.97,15.94,58.11,22.73,,7.64,9.38,13.18,34.68,12.01,3.94,5.94,71.94,30.65,16.59,29.78,10.03,61.81,28.44,,20.0,96.38,14.57,3.02,,9.04,14.55,,10.13,,23.47,,3.31,30.09,120.75,102.01,9.37,,37.37,16.98
2018-01-09 07:00:00,7.14,,15.25,40.88,59.15,28.0,133.78,11.84,7.45,78.53,6.77,9.42,16.3,58.96,22.96,,7.6,10.03,14.03,34.76,12.01,4.28,6.06,73.4,30.42,16.64,31.06,10.0,62.32,28.44,,20.28,96.38,14.83,3.2,,9.26,15.25,,10.51,,24.74,,3.32,30.31,120.51,101.53,9.66,,37.49,17.16
2018-01-10 07:00:00,7.14,,15.41,40.88,60.15,28.96,133.72,12.0,7.36,79.81,6.83,9.78,16.49,59.87,23.3,,7.7,10.23,14.68,34.6,12.01,4.34,6.08,72.91,30.65,16.93,31.58,10.35,63.06,28.96,,20.72,95.65,15.21,3.26,,9.44,15.65,,10.76,,25.03,,3.32,30.24,119.78,101.06,9.78,,39.79,17.28
2018-01-11 07:00:00,7.02,,15.14,39.98,58.9,28.59,131.01,11.86,7.34,78.18,6.8,9.81,16.2,59.3,23.73,,8.12,9.84,14.47,34.6,11.99,4.78,6.15,72.91,30.54,17.03,32.3,10.46,65.11,28.75,,20.23,96.38,15.66,3.46,,9.34,16.5,,10.83,,24.87,,3.48,30.2,124.64,101.53,9.82,,41.37,17.35
2018-01-12 07:00:00,7.05,,15.03,40.07,59.73,28.19,130.53,12.07,7.4,77.68,6.74,9.75,16.22,59.07,23.83,,8.68,10.03,14.63,34.14,12.13,5.05,6.23,75.75,30.4,17.78,32.47,10.46,66.87,28.73,,20.23,96.02,15.4,3.79,,9.73,16.5,,10.62,,25.12,,3.72,31.7,125.94,101.06,9.87,,43.99,17.5
2018-01-15 07:00:00,6.9,,15.11,40.22,61.06,28.15,130.53,12.07,7.51,78.18,6.77,9.62,16.02,58.28,23.48,,8.73,10.35,14.92,33.94,11.99,4.84,6.16,75.91,30.1,17.91,33.28,10.51,66.72,29.57,,19.72,96.28,14.83,3.5,,9.87,15.6,,10.51,,25.37,,3.83,32.62,130.39,100.34,9.75,,44.06,17.6
2018-01-16 07:00:00,6.9,,15.22,41.12,60.98,28.08,130.18,12.34,7.38,78.89,7.09,9.62,16.09,59.25,23.89,,8.64,10.61,14.86,33.98,12.03,4.72,6.18,75.18,30.31,17.83,33.97,10.41,67.97,29.7,,19.98,96.1,14.73,3.59,,9.84,15.2,,10.53,,25.5,,3.76,32.15,132.42,99.86,9.66,,43.51,17.61
2018-01-17 07:00:00,7.05,,15.33,41.08,60.73,27.86,129.65,12.27,7.37,77.47,7.08,9.55,15.99,59.42,23.48,,8.59,10.65,14.11,35.22,12.22,4.78,6.3,75.02,30.17,17.66,33.67,10.27,67.68,29.68,,19.98,96.1,14.89,3.56,,9.8,15.2,,9.9,,25.33,,4.01,31.89,133.07,99.62,9.73,,45.41,17.6
2018-01-18 07:00:00,6.93,,14.78,40.02,59.73,27.2,126.11,11.68,7.02,75.19,7.05,9.62,15.44,57.08,22.5,,8.41,10.61,13.23,34.6,12.05,4.72,6.18,74.53,29.85,17.47,33.58,10.18,64.01,28.96,,19.17,95.1,14.83,3.59,,9.66,15.0,,9.6,,24.74,,3.99,31.01,132.74,98.47,9.67,,46.6,17.25
2018-01-19 07:00:00,7.09,,14.89,41.12,62.64,27.56,126.64,11.79,7.0,74.98,7.12,10.01,15.65,57.59,22.71,,8.81,11.35,13.54,35.61,12.63,4.81,6.24,74.7,29.85,17.66,34.39,10.08,67.38,30.83,,19.4,95.18,14.99,3.72,,10.04,15.6,,10.25,,25.97,,4.02,31.67,141.97,100.29,10.09,,48.74,17.6
2018-01-22 07:00:00,7.11,,15.6,43.04,65.87,27.78,124.35,11.86,7.0,73.56,7.48,10.07,16.09,60.39,23.07,,8.67,12.09,13.59,35.3,13.5,4.81,6.21,75.75,30.31,17.47,35.67,10.14,69.21,30.64,,19.49,96.65,14.89,3.72,,10.52,15.5,,10.34,,26.81,,3.99,31.45,151.3,101.39,9.99,,48.34,17.85
2018-01-23 07:00:00,7.34,,,,,,,,7.16,,,,,,,,,,,,,5.15,,,,,,,,,,,,,3.88,,,,,,,,,3.98,,,,,,,
2018-01-24 07:00:00,7.42,,,,,,,,7.05,,,,,,,,,,,,,5.55,,,,,,,,,,,,,3.95,,,,,,,,,3.87,,,,,,,
2018-01-25 07:00:00,7.49,,16.58,43.99,67.2,27.71,121.4,12.6,7.05,72.14,7.48,10.17,16.38,64.61,22.91,,9.23,12.32,13.54,34.76,14.43,5.55,6.61,78.99,30.08,16.98,36.53,10.37,70.02,30.75,,20.05,96.65,14.61,4.05,,11.13,15.9,,10.53,,28.63,,4.05,32.88,161.85,101.44,10.59,,48.66,18.5
2018-01-26 07:00:00,7.46,,17.73,42.56,70.52,28.22,117.27,12.71,7.0,73.13,7.9,10.17,16.22,68.43,22.66,,9.19,12.22,13.39,34.6,15.04,5.52,7.0,79.56,29.92,17.08,36.27,10.43,69.07,30.75,,19.58,95.21,14.57,4.05,,11.13,15.9,,10.39,,29.6,,4.04,31.78,173.13,101.63,10.76,,46.36,18.3
2018-01-29 07:00:00,7.51,,18.96,41.84,71.35,28.59,113.15,13.17,7.02,73.49,8.12,10.72,16.2,67.8,22.3,,9.07,12.32,13.64,34.8,14.49,5.58,7.4,79.39,29.32,17.17,36.23,10.45,68.19,30.22,,19.58,93.18,14.26,4.4,,11.37,16.75,,10.58,,30.24,,4.01,32.07,160.63,101.53,10.88,,45.89,18.35
2018-01-30 07:00:00,7.35,,19.64,42.13,71.1,28.77,121.05,12.92,6.98,72.42,7.98,10.72,16.75,66.6,22.55,,8.99,11.66,13.64,34.76,14.36,5.55,7.32,76.8,29.25,16.59,34.56,10.49,66.65,30.75,,19.63,90.75,13.11,4.4,,11.24,17.3,,10.48,,28.67,,3.97,31.52,158.2,98.18,10.65,,44.62,18.07
2018-01-31 07:00:00,7.46,,20.32,41.32,72.59,28.59,120.81,13.33,6.98,71.28,7.9,10.66,17.14,71.05,23.19,,8.96,12.09,13.85,34.76,14.49,5.61,7.22,76.96,29.02,16.49,34.43,10.81,68.19,31.58,,20.37,92.96,13.2,4.47,,11.33,17.2,,10.46,,29.14,,3.99,32.48,158.61,99.38,10.9,,46.52,18.25
2018-02-01 07:00:00,7.35,,18.85,40.98,69.69,28.08,117.86,13.01,7.05,70.79,7.41,10.27,16.62,71.05,22.66,,8.92,11.94,13.64,34.68,14.32,5.59,7.04,76.15,30.93,16.37,34.39,10.67,65.99,31.9,,20.12,91.12,13.11,4.27,,10.88,16.4,,10.13,,28.67,,3.94,32.26,156.98,98.95,10.78,,43.99,18.0
2018-02-02 07:00:00,7.32,,18.71,41.17,67.2,27.64,114.39,12.94,7.05,69.29,7.6,10.2,16.17,70.71,22.04,,8.79,11.64,13.49,34.52,14.4,5.33,6.97,74.94,29.96,16.44,34.9,10.43,64.96,31.9,,19.98,91.12,13.3,4.14,,10.84,16.4,,9.95,,28.54,,4.01,32.51,158.61,99.14,10.92,,43.67,17.9
2018-02-05 07:00:00,7.39,,18.22,41.17,65.54,27.64,114.03,12.82,6.98,68.23,7.57,10.07,15.91,68.31,22.19,,8.71,11.45,13.23,34.52,14.03,5.75,6.73,70.48,29.04,16.39,34.95,10.35,64.08,31.67,,19.68,91.05,13.05,4.11,,10.64,16.05,,9.99,,28.33,,3.95,31.59,157.39,98.18,10.9,,43.19,17.58
2018-02-06 07:00:00,6.93,,16.8,38.73,58.07,26.76,107.84,11.68,6.82,63.96,7.23,9.81,14.78,62.44,20.5,,7.89,11.26,12.45,31.96,13.21,4.86,6.4,69.67,27.77,16.25,35.2,9.28,58.66,30.43,,17.94,88.13,11.9,3.92,,9.9,15.4,,9.11,,26.64,,3.85,29.79,139.62,96.75,10.37,,40.42,16.6
2018-02-07 07:00:00,7.35,,17.02,39.88,60.56,26.03,109.02,11.93,7.05,66.17,7.34,9.85,14.99,63.75,20.91,,8.38,11.66,12.92,33.75,13.58,4.93,6.51,70.08,28.33,16.35,35.12,9.76,58.8,31.06,,18.1,88.91,11.84,4.11,,10.22,16.1,,9.34,,27.57,,3.88,30.46,149.36,97.61,10.63,,40.42,17.1
2018-02-08 07:00:00,7.23,,17.89,39.64,62.22,25.4,106.31,11.79,6.98,70.71,7.15,9.72,14.92,61.53,20.5,,8.76,11.52,12.56,33.05,13.27,4.9,6.43,70.0,28.0,16.32,34.43,9.57,58.07,31.58,,17.82,86.32,11.42,4.11,,10.12,15.7,,9.55,,26.85,,3.94,29.76,154.14,95.93,10.59,,40.82,16.91
2018-02-09 07:00:00,7.05,,18.0,38.73,60.4,25.22,107.26,11.31,6.89,69.29,6.77,9.55,14.39,57.02,20.5,,8.54,11.26,11.78,32.66,13.08,4.83,6.4,67.24,26.5,15.61,34.14,9.4,54.84,30.96,,17.27,83.0,10.95,3.98,,9.69,15.15,,9.62,,26.35,,3.9,28.88,150.09,91.96,10.65,,37.84,16.4
2018-02-12 07:00:00,7.37,,18.85,40.65,60.98,25.95,112.44,12.0,6.93,69.86,6.74,9.81,14.94,59.02,21.02,,8.98,11.31,12.17,32.74,13.04,5.11,6.82,68.86,26.5,15.86,34.14,9.92,57.12,32.53,,17.82,85.96,11.39,4.27,,10.3,15.9,,10.04,,26.85,,4.03,30.71,159.74,91.96,11.12,,38.4,17.0
2018-02-13 07:00:00,7.74,,19.91,43.47,63.47,25.81,112.56,12.46,7.28,73.2,6.76,10.4,15.52,62.15,21.32,,8.97,11.58,12.4,32.66,13.0,5.34,7.04,70.48,27.77,15.86,34.14,9.95,58.14,33.58,,18.4,87.43,11.71,4.37,,10.58,16.1,,10.27,,27.45,,4.25,31.96,162.17,93.39,11.46,,38.2,17.33
2018-02-21 07:00:00,7.95,26.12,20.65,45.24,66.54,27.16,112.56,13.24,7.25,75.69,7.02,10.5,15.78,64.89,21.53,,9.0,11.71,12.66,32.81,13.39,5.48,7.15,72.91,28.42,15.71,34.39,9.95,59.24,35.05,,18.66,90.38,11.61,4.34,,10.91,16.6,,10.48,,28.71,,4.21,33.8,163.8,97.32,11.9,,39.63,17.75
2018-02-22 07:00:00,7.9,22.94,21.06,43.99,69.27,27.34,109.02,13.53,7.25,75.33,7.31,10.79,15.57,62.9,21.81,,8.83,11.3,13.02,32.66,13.29,5.38,7.11,72.91,28.33,16.54,34.61,9.94,58.58,34.75,,18.38,89.28,11.84,4.3,,10.78,16.7,,10.6,,28.5,,4.18,33.8,161.44,97.32,11.82,,39.55,17.67
2018-02-23 07:00:00,7.9,22.24,20.46,45.43,70.35,27.27,107.55,13.92,7.21,74.62,7.38,10.53,15.86,63.58,21.94,,8.88,11.75,13.49,32.39,13.62,5.38,7.28,73.48,27.68,16.64,34.99,9.88,60.78,35.89,,18.45,89.64,11.87,4.27,,10.82,16.45,,10.69,,30.19,,4.12,33.8,159.17,97.46,11.78,,40.89,17.9
2018-02-26 07:00:00,8.11,21.44,21.14,45.43,73.09,27.12,109.32,14.47,7.25,75.97,7.4,10.4,16.17,67.29,23.07,,8.79,12.24,13.64,32.66,13.83,5.51,7.4,75.34,28.23,17.03,35.46,9.9,65.04,36.2,,18.84,90.01,11.84,4.4,,11.1,16.8,,10.58,,31.42,,4.05,35.45,160.63,97.7,11.94,,43.75,18.3
2018-02-27 07:00:00,8.16,21.89,21.17,44.85,73.01,26.9,108.44,14.7,7.14,75.69,7.32,10.27,15.91,66.15,22.45,,8.52,12.3,13.02,33.83,13.66,5.51,7.26,74.53,29.04,16.35,36.01,9.87,65.62,35.26,,18.75,90.38,11.58,4.3,,10.87,16.25,,9.74,,31.08,,4.17,35.6,165.26,96.75,11.92,,45.02,18.2
2018-02-28 07:00:00,8.32,19.42,21.55,45.86,71.35,26.39,107.32,15.69,7.0,75.33,7.32,10.2,15.81,65.12,22.09,,8.5,12.51,12.76,33.44,14.4,5.34,7.59,74.94,28.92,15.86,37.04,9.81,66.72,35.22,,18.79,89.28,11.46,4.3,,11.31,16.3,,9.6,,31.72,,4.58,34.94,163.07,95.6,12.17,,44.3,18.15
2018-03-01 07:00:00,8.34,19.68,21.6,44.95,69.52,25.88,106.55,15.82,7.05,75.19,7.19,10.07,16.02,66.94,22.3,,8.41,12.85,13.13,33.05,14.61,5.28,7.7,74.13,28.58,15.61,37.68,9.9,65.84,35.07,,18.47,86.77,11.65,4.24,,11.79,16.15,,9.55,,31.55,,4.45,35.19,165.42,95.31,12.06,,43.99,18.24
2018-03-02 07:00:00,8.19,19.42,20.73,43.51,69.27,25.59,103.72,15.25,7.18,74.62,6.93,9.94,16.04,67.29,22.55,,8.32,12.64,12.92,32.97,15.11,5.14,7.55,75.51,28.07,15.61,37.68,10.1,63.79,34.52,,18.06,84.85,11.74,4.14,,11.73,15.8,,9.5,,30.45,,4.55,35.08,164.45,95.55,12.49,,43.99,18.24
2018-03-05 07:00:00,8.27,19.33,20.95,43.99,71.35,25.99,107.84,15.2,7.66,74.55,6.96,9.81,16.88,68.6,23.07,,8.35,12.57,12.71,31.88,15.68,5.24,7.71,75.34,28.21,15.56,36.61,10.46,64.89,35.68,,18.59,85.14,11.65,4.21,,11.94,15.9,,10.16,,30.66,,4.9,36.59,172.8,98.18,12.71,,44.7,18.29
2018-03-06 07:00:00,8.05,20.23,20.54,42.8,70.52,25.59,107.26,14.79,7.62,72.21,7.17,9.68,16.56,66.83,22.45,,8.32,12.15,12.76,31.45,15.27,5.14,7.59,74.21,27.56,15.44,34.56,10.54,63.79,36.1,14.45,18.47,83.45,11.46,4.11,,11.59,15.45,,10.23,,30.24,,4.8,36.19,170.21,97.46,12.45,,43.51,18.0
2018-03-07 07:00:00,8.14,18.43,20.78,42.03,70.44,25.81,106.37,15.0,7.46,70.71,7.15,9.68,16.67,67.17,22.71,,8.39,12.11,13.23,31.49,14.98,5.17,7.58,74.29,26.73,15.37,33.92,10.58,63.5,36.73,15.79,18.52,82.6,11.52,4.14,,11.92,15.35,,10.18,,30.41,,4.96,36.74,171.18,100.58,12.79,,44.46,18.15
2018-03-08 07:00:00,8.04,18.88,20.73,42.27,67.53,25.88,107.26,14.7,7.62,69.93,7.15,9.42,16.36,66.66,22.14,,8.31,11.86,13.2,31.49,14.98,5.1,7.39,76.96,26.73,15.42,34.82,10.76,62.47,36.52,13.82,18.26,81.9,11.46,4.01,,11.71,15.3,,10.27,,29.77,,5.16,38.35,171.18,100.24,13.11,,44.38,18.1
2018-03-09 07:00:00,8.23,18.88,20.73,41.12,69.69,25.95,108.73,15.09,8.14,68.94,7.15,9.42,16.51,65.86,22.42,,8.29,11.83,12.81,31.49,14.78,5.52,7.46,77.77,26.85,14.78,34.65,10.81,63.06,37.34,13.9,18.66,81.93,11.39,4.08,,12.09,15.5,,10.39,,30.24,,5.25,38.94,172.4,100.86,13.29,,45.17,18.3
2018-03-12 07:00:00,8.53,18.79,21.27,40.12,71.18,25.37,106.08,15.48,8.21,70.36,7.02,9.88,16.38,66.6,20.96,,8.2,11.83,12.61,31.34,14.78,5.69,7.57,77.53,27.15,14.49,34.48,11.16,62.54,36.73,13.97,19.27,81.9,11.39,4.18,,12.09,16.15,,10.37,,31.04,,5.21,38.24,171.91,100.91,12.89,,45.65,18.3
2018-03-13 07:00:00,8.63,17.98,21.38,37.54,70.6,25.11,104.02,16.35,7.96,70.15,6.88,9.88,16.02,66.26,20.52,,8.12,11.75,12.66,31.49,14.94,5.59,7.66,77.13,26.99,15.13,34.01,11.08,61.08,36.2,13.74,19.32,81.53,11.55,4.14,,12.11,16.2,,10.25,,30.7,,5.28,37.8,170.77,101.06,12.93,,44.38,18.1
2018-03-14 07:00:00,8.95,17.71,21.71,37.87,70.77,24.56,102.48,16.76,7.89,70.64,7.19,9.85,15.91,67.57,20.27,,8.45,11.81,12.71,31.57,14.69,5.59,7.81,77.29,27.13,15.15,33.71,11.01,60.86,36.62,13.66,19.8,80.02,12.28,4.27,,12.25,16.45,,10.32,,31.42,,5.61,38.54,169.15,102.49,13.11,,44.54,18.4
2018-03-15 07:00:00,8.7,17.53,22.75,37.63,70.52,24.74,98.48,16.95,7.91,72.85,7.15,9.81,15.99,69.0,20.33,,8.52,11.66,12.45,31.34,14.78,5.52,8.03,76.96,26.5,15.22,33.75,10.97,60.12,36.41,13.5,19.97,78.95,12.54,4.34,,12.06,16.4,,10.16,,31.51,,5.81,37.8,168.75,102.01,12.99,,43.19,18.3
2018-03-16 07:00:00,8.9,19.33,23.73,36.72,70.44,24.89,97.24,17.04,7.8,74.69,7.23,10.07,15.91,72.99,20.52,,8.56,11.54,12.43,31.88,14.82,5.59,8.04,76.32,26.73,15.37,33.79,10.81,62.4,37.78,13.58,19.8,84.4,12.16,4.5,,12.62,16.55,,10.23,,31.84,,5.8,37.1,167.93,102.49,13.07,,42.88,18.6
2018-03-19 07:00:00,9.07,19.06,23.51,35.82,72.18,24.49,96.94,17.11,7.5,75.83,7.14,9.88,15.86,73.84,19.92,,8.66,12.11,12.4,31.69,14.82,5.55,8.09,76.4,27.2,15.42,35.97,10.62,63.42,38.62,13.66,19.46,86.62,11.8,4.6,,12.81,16.6,,10.16,,32.35,,5.73,38.57,169.48,102.73,13.15,,42.48,18.6
2018-03-20 07:00:00,9.36,18.79,23.51,36.68,73.26,24.05,99.01,16.72,7.39,79.67,6.99,9.65,16.3,73.56,19.16,,8.58,11.92,12.3,30.95,15.27,5.9,8.11,81.42,27.89,15.22,37.98,10.67,63.94,38.8,13.42,19.22,84.44,11.87,4.43,,12.78,16.05,,9.55,,31.67,,5.5,38.76,168.75,101.53,13.35,,42.24,18.7
2018-03-21 07:00:00,9.42,18.43,23.89,37.11,74.67,24.01,102.54,16.81,7.32,82.44,6.99,9.59,16.17,73.9,19.73,12.97,8.44,12.02,12.3,30.79,15.31,5.76,8.18,83.77,28.28,15.32,35.63,10.73,64.3,39.24,13.42,19.12,84.11,11.9,4.43,,12.69,16.5,,10.09,,31.8,,5.4,39.9,166.72,101.1,13.39,,41.93,18.99
2018-03-22 07:00:00,9.28,20.14,24.27,37.11,76.74,23.61,101.3,16.69,7.28,81.66,7.05,9.62,16.07,76.92,19.89,9.77,8.41,12.19,12.4,30.79,15.44,5.59,8.14,84.66,28.03,15.17,35.46,10.67,65.11,38.83,13.26,19.03,86.88,11.87,4.43,,12.68,16.45,,9.92,,31.29,,5.29,40.67,170.04,101.49,13.29,,41.61,19.0
2018-03-23 07:00:00,9.07,21.4,23.78,35.62,74.67,23.28,99.89,16.21,7.23,81.73,6.97,9.59,15.6,75.27,19.26,9.16,8.06,11.75,12.3,30.33,15.07,5.45,7.83,83.44,27.2,15.17,34.99,10.53,63.35,38.41,12.79,18.3,87.43,11.39,4.27,,12.14,15.8,,9.5,,29.9,,5.24,40.85,169.07,99.62,12.99,,40.26,18.7
2018-03-26 07:00:00,9.13,21.94,24.49,36.1,77.82,23.17,97.53,16.4,7.39,83.86,6.96,9.52,15.54,77.44,19.51,9.08,8.35,11.62,12.3,30.25,14.84,5.45,7.9,88.39,27.29,15.13,34.56,10.57,63.06,38.89,12.63,18.26,90.38,11.2,4.34,,12.35,15.75,,9.85,,30.41,,5.25,43.02,176.86,100.82,13.07,,39.63,18.8
2018-03-27 07:00:00,9.32,24.09,25.42,35.62,81.22,23.09,96.65,16.81,7.25,83.72,6.96,9.36,15.73,75.84,19.54,9.51,8.59,11.35,11.98,30.33,15.19,5.45,8.03,92.36,26.83,15.13,36.19,10.65,61.59,40.27,12.47,18.52,91.82,11.26,4.4,,12.6,15.9,,9.85,,30.83,,5.36,43.28,180.67,102.83,13.29,,40.34,19.06
2018-03-28 07:00:00,9.19,23.55,24.41,35.1,78.65,22.98,93.11,16.44,7.25,82.58,6.8,9.1,15.54,72.7,19.89,10.2,8.68,11.41,11.88,30.33,15.15,5.35,7.91,89.44,26.48,15.13,38.7,10.73,61.37,41.34,13.44,18.69,90.38,11.1,4.27,,12.26,15.5,,9.9,,30.15,,5.31,42.62,183.11,102.49,13.11,,40.82,18.95
2018-03-29 07:00:00,9.11,22.74,24.38,34.62,79.73,22.62,89.58,16.26,7.23,80.31,6.8,9.1,15.62,72.53,19.89,10.63,8.85,11.6,11.91,30.02,15.25,5.28,7.88,90.74,26.39,15.08,37.19,10.89,61.08,41.95,13.1,18.76,89.28,11.1,4.24,,12.19,15.5,,9.88,,30.28,,5.56,42.43,183.19,101.2,13.27,,40.74,19.0
2018-03-30 07:00:00,9.05,22.48,23.97,33.43,78.81,22.69,93.05,16.05,7.16,80.59,6.71,9.13,16.04,75.1,19.48,11.24,8.79,11.62,12.09,29.9,15.07,5.28,7.81,93.17,26.25,15.03,38.53,11.02,61.52,43.44,13.18,18.35,89.28,11.26,4.21,,12.02,15.55,,9.81,,30.19,,5.48,43.06,182.94,99.14,13.17,,40.74,18.9
2018-04-02 07:00:00,9.5,23.1,24.55,34.38,82.96,22.87,95.06,16.62,7.12,80.95,6.8,9.16,16.15,77.78,19.42,11.24,8.81,11.48,12.2,29.94,15.44,5.28,7.93,95.6,26.07,15.13,40.26,11.0,62.54,43.67,13.26,18.4,90.38,11.55,4.27,,12.52,15.9,,9.95,,31.29,,5.36,45.74,186.11,97.18,13.76,,40.74,19.25
2018-04-03 07:00:00,9.55,24.27,24.98,34.96,85.37,22.36,92.17,16.72,7.14,82.3,6.64,9.42,16.07,77.61,19.2,11.24,8.75,11.28,12.04,29.86,15.31,5.28,8.1,93.17,25.37,15.13,42.82,10.94,62.62,42.81,13.1,19.03,88.17,11.14,4.37,,13.04,15.85,,10.02,,31.84,,5.36,45.19,185.7,96.03,13.88,,39.94,19.19
2018-04-04 07:00:00,9.61,23.64,24.79,34.86,87.11,23.06,90.17,16.81,7.16,82.44,6.58,9.62,16.43,76.98,19.45,11.07,8.9,11.24,12.04,31.03,16.3,5.59,8.26,93.09,24.59,15.13,43.43,10.92,61.22,42.6,13.34,19.36,85.22,11.14,4.4,,13.24,15.95,,10.04,,31.63,,5.29,47.35,184.16,95.79,13.9,,39.86,19.25
2018-04-05 07:00:00,9.61,23.64,24.44,34.19,89.6,24.67,90.64,16.58,7.23,82.37,6.53,9.65,16.67,74.7,19.1,10.72,8.94,11.26,12.04,31.14,16.34,5.66,8.14,91.38,24.84,16.08,43.88,10.92,60.86,42.81,13.1,19.12,86.14,11.14,4.3,,12.98,15.75,,10.25,,31.29,,5.28,48.86,180.83,95.79,13.74,,39.63,19.2
2018-04-06 07:00:00,9.92,23.55,24.38,34.24,91.18,25.62,92.05,16.67,7.28,81.52,6.53,9.81,16.83,75.78,19.67,10.2,8.88,11.45,11.99,31.49,16.34,6.1,8.18,90.74,24.78,16.83,43.43,11.67,60.86,42.08,12.87,19.32,84.85,11.68,4.37,,13.08,16.3,,10.37,,31.63,,5.25,48.68,179.29,95.64,13.78,,41.69,19.2
2018-04-09 07:00:00,9.94,24.09,24.55,33.95,89.6,24.49,92.23,17.27,7.28,80.66,6.51,9.72,16.64,74.7,19.64,9.34,9.3,11.6,12.09,32.08,16.43,6.24,8.16,88.95,24.43,16.25,42.6,11.78,61.96,40.5,14.53,19.12,84.48,12.03,4.47,,13.58,16.5,,10.51,,31.42,,5.28,49.78,179.54,95.4,14.04,,43.03,19.35
2018-04-10 07:00:00,9.96,23.55,25.31,34.33,90.84,24.52,91.99,17.52,7.23,79.46,6.71,9.68,17.06,74.98,19.2,9.68,9.67,11.58,12.28,31.92,16.53,6.35,8.25,88.31,23.85,15.61,40.76,11.67,61.15,40.5,12.71,19.36,85.81,11.71,4.47,,13.61,16.65,,10.6,,31.84,,5.49,50.26,178.48,94.73,14.1,,42.8,19.3
2018-04-11 07:00:00,9.83,23.38,25.53,34.48,92.09,24.12,95.76,17.31,7.18,80.31,6.62,9.62,17.11,75.55,19.04,9.68,9.7,11.75,12.04,31.42,17.34,6.21,8.09,86.28,23.62,15.86,40.37,11.27,61.52,41.34,12.63,19.46,86.66,11.3,4.5,,13.4,16.3,,10.65,,31.63,,5.54,49.04,176.86,94.59,13.84,,42.0,19.25
2018-04-12 07:00:00,9.63,23.2,24.55,34.43,88.44,23.79,94.88,16.51,7.16,80.31,6.58,9.65,16.64,74.41,18.37,9.42,9.53,11.73,11.67,31.3,17.75,5.97,7.79,83.28,23.85,15.71,41.31,10.97,58.66,39.66,12.4,18.83,85.22,11.01,4.37,,13.01,15.7,,10.83,,30.24,,5.45,46.95,173.61,94.25,13.39,,41.61,18.72
2018-04-13 07:00:00,9.73,23.38,24.44,34.38,88.44,23.83,94.29,16.53,7.16,80.95,6.53,9.75,16.72,75.27,18.44,9.51,9.57,11.77,11.14,31.88,17.65,5.97,7.79,83.69,24.29,15.71,41.7,10.98,59.24,39.94,12.4,18.79,85.59,11.26,4.4,,13.03,15.8,,11.07,,30.19,,5.47,47.98,173.21,94.35,13.49,,41.53,19.0
2018-04-16 07:00:00,9.48,23.1,22.91,33.23,87.11,23.75,89.64,15.98,7.21,80.88,6.42,9.88,16.33,73.84,18.53,9.25,9.8,11.56,10.4,31.8,17.38,5.86,7.51,86.52,24.55,15.54,41.48,10.76,56.38,39.66,12.55,18.38,85.0,11.46,4.34,,12.94,15.65,,11.16,,28.59,,5.37,47.46,172.96,93.73,13.15,,40.58,18.6
2018-04-17 07:00:00,9.55,23.1,22.86,33.23,88.77,23.75,90.17,15.94,7.18,80.45,6.35,10.4,16.22,73.33,18.5,9.34,9.88,11.45,10.55,31.88,17.38,5.93,7.61,85.88,24.55,15.47,40.65,11.16,56.38,39.18,14.05,18.42,85.22,11.9,4.34,,12.88,15.8,,11.74,,28.33,,5.36,48.49,173.21,90.52,13.11,,40.42,18.6
2018-04-18 07:00:00,9.71,23.1,23.29,32.04,89.93,24.63,89.58,16.14,7.5,81.17,6.35,10.72,16.46,73.96,18.63,9.42,10.01,11.41,10.55,31.45,17.46,5.79,7.66,85.07,24.25,15.56,39.48,11.17,54.77,38.62,12.32,18.55,85.22,12.03,4.34,,13.03,15.85,,12.05,,28.67,,5.36,48.49,171.59,89.8,13.21,,40.02,18.55
2018-04-19 07:00:00,9.46,23.02,22.04,30.56,86.12,24.3,86.28,15.37,7.39,79.24,6.22,10.63,16.25,75.38,18.5,9.25,9.91,11.2,10.32,30.87,17.31,5.76,7.43,81.01,23.83,15.76,39.03,11.02,52.64,36.68,12.0,18.45,84.4,11.65,4.18,,12.75,15.55,,11.74,7.75,27.28,,5.36,47.39,171.18,90.18,12.83,,38.75,18.3
2018-04-20 07:00:00,9.32,23.1,21.57,29.84,82.96,24.3,87.1,15.34,7.46,78.52,6.19,10.53,16.09,76.41,18.63,9.25,9.57,11.14,10.08,29.55,17.25,5.62,7.28,77.94,23.53,16.05,40.03,11.16,50.88,36.18,11.6,18.3,82.3,11.77,4.14,,12.88,15.45,,11.72,7.27,27.06,,5.15,45.74,162.5,89.56,12.35,,38.04,17.8
2018-04-23 07:00:00,9.42,23.02,22.17,29.5,85.45,23.83,87.46,15.48,7.84,78.88,6.16,10.46,16.15,77.55,18.15,9.16,9.49,11.16,9.84,29.32,17.23,5.62,7.28,79.39,25.08,15.76,39.25,11.27,52.06,37.36,11.68,18.38,84.11,11.84,4.18,,12.91,15.5,,11.72,7.22,27.4,,5.12,46.22,167.04,89.03,12.45,,38.52,18.0
2018-04-24 07:00:00,8.76,22.92,21.0,26.92,85.2,24.19,81.92,14.52,7.5,76.38,6.0,9.94,15.31,73.84,17.3,8.99,8.86,10.78,9.18,28.85,15.75,5.28,6.86,77.77,24.87,15.76,39.53,10.84,46.93,36.52,11.29,17.58,82.27,11.46,3.85,,12.02,14.5,,12.05,6.87,25.67,,4.87,46.88,161.44,86.69,11.66,,38.28,17.4
2018-04-26 07:00:00,8.59,22.48,21.0,26.78,83.79,24.05,81.92,13.97,7.5,75.67,5.93,9.81,15.1,73.84,17.43,8.9,8.69,10.76,9.02,27.99,16.1,5.21,6.8,76.96,24.66,15.61,39.59,10.78,46.12,36.08,11.45,17.48,81.53,11.33,3.82,,11.48,14.25,,11.88,6.85,25.92,,4.76,46.66,159.82,87.12,11.5,,38.08,17.3
2018-04-27 07:00:00,8.49,22.48,20.78,25.58,80.47,23.75,81.33,13.53,7.48,72.46,5.84,9.81,15.02,68.26,16.83,8.9,8.22,10.23,9.02,28.38,15.25,5.21,6.62,75.34,23.96,15.61,36.03,10.71,45.24,36.73,10.9,17.29,81.34,11.52,3.69,,11.25,13.95,,12.52,6.69,25.46,,4.63,46.47,154.14,90.52,11.06,,37.09,17.0
2018-05-02 07:00:00,8.32,23.02,20.13,26.25,81.55,23.46,80.74,13.6,7.62,71.39,5.86,9.98,15.18,61.58,17.3,8.65,8.2,10.5,8.49,28.46,15.07,5.21,6.68,75.91,24.66,15.59,34.24,10.75,48.39,36.83,11.21,17.44,79.68,11.8,3.76,,11.17,13.95,,13.38,6.85,25.8,,4.57,46.29,152.52,89.08,11.04,,37.25,17.0
2018-05-03 07:00:00,8.45,23.1,19.04,26.01,75.5,23.39,76.91,13.28,7.5,70.67,5.66,9.75,15.18,57.02,16.99,9.25,8.31,10.33,8.01,27.99,14.26,5.07,6.68,75.75,23.73,15.15,32.41,10.25,50.22,36.1,11.45,17.29,80.24,11.77,3.59,,10.85,13.7,,13.82,6.6,25.25,,4.74,46.32,145.71,89.56,10.47,,37.65,16.49
2018-05-04 07:00:00,8.53,23.1,18.82,26.16,76.74,23.24,79.38,13.46,7.46,71.39,5.61,9.91,15.44,58.05,17.05,8.99,8.41,10.48,7.93,27.99,14.24,5.04,6.82,76.07,23.96,15.22,30.62,10.34,48.54,36.29,10.66,17.39,80.79,11.77,3.66,,10.91,13.8,,14.1,6.75,25.67,,4.76,45.96,148.38,88.6,10.78,,37.41,16.7
2018-05-07 07:00:00,8.88,21.58,18.96,25.44,76.33,23.39,80.74,13.95,7.46,74.31,5.64,10.01,15.6,59.02,16.95,8.99,8.41,10.61,7.8,28.23,14.1,5.14,7.14,78.58,25.15,15.32,30.12,10.51,49.05,38.38,11.92,17.56,86.43,11.71,3.69,,11.2,13.95,,14.13,6.65,26.26,,4.7,45.92,148.46,91.24,11.26,,37.21,17.2
2018-05-08 07:00:00,8.92,22.48,20.16,25.77,80.47,22.87,82.27,14.34,7.39,75.24,5.64,10.11,15.6,60.44,17.62,8.9,8.31,10.97,7.85,28.3,14.07,5.1,7.13,79.8,25.31,15.42,31.63,10.54,50.44,39.46,11.53,17.68,89.24,11.58,3.69,,11.28,14.0,,13.99,6.87,26.3,,4.84,45.88,154.06,91.24,11.28,,37.17,17.3
2018-05-09 07:00:00,8.76,21.94,19.77,25.92,80.14,22.73,84.86,14.06,7.46,74.46,5.75,10.07,15.46,62.61,17.49,8.73,8.23,10.9,8.04,27.99,14.57,4.97,7.04,79.39,24.89,15.56,31.79,10.44,50.74,38.64,11.76,17.63,88.2,11.26,3.59,,11.1,13.75,,13.47,6.67,25.8,,4.7,45.26,162.22,89.08,11.12,,36.46,17.35
2018-05-10 07:00:00,8.65,22.39,19.42,25.63,80.06,22.25,85.57,13.83,7.32,74.53,5.92,10.01,15.54,64.15,17.27,8.82,8.2,10.78,8.27,27.95,14.57,4.93,6.9,78.18,24.64,15.52,31.57,10.39,49.86,38.62,11.29,17.48,87.62,11.2,3.53,,10.96,13.5,,13.64,6.65,25.46,,4.66,45.11,161.0,89.08,10.82,,35.82,17.2
2018-05-11 07:00:00,8.53,21.49,18.66,26.35,79.23,22.58,85.63,13.72,7.46,74.24,5.89,9.88,15.57,63.35,16.99,8.65,7.91,10.58,8.07,27.99,14.32,4.83,6.74,76.8,23.96,15.37,31.18,10.22,47.59,38.41,11.13,17.24,87.06,11.39,3.5,,10.61,13.15,,13.64,6.6,24.53,,4.53,45.55,155.78,86.69,10.47,,36.38,16.85
2018-05-14 07:00:00,8.61,,18.93,27.94,79.64,22.73,88.4,13.69,7.39,74.96,5.92,9.94,16.15,67.29,17.24,8.56,8.02,10.67,8.09,27.99,14.4,4.86,6.84,79.8,24.54,15.54,31.13,10.22,48.47,39.25,11.21,17.48,90.75,11.46,3.5,,10.85,13.3,,13.94,6.6,24.74,,4.45,48.49,157.33,86.21,10.53,,38.72,17.3
2018-05-15 07:00:00,8.74,21.13,19.09,29.88,85.12,22.8,89.28,13.83,7.39,77.81,6.15,9.85,16.22,69.28,17.43,8.65,7.89,10.65,8.12,27.99,14.59,4.9,6.96,80.53,25.01,15.56,30.18,10.18,51.76,39.2,11.53,17.77,95.18,11.49,3.5,,11.02,13.3,,14.1,6.61,25.29,,4.49,49.52,161.33,86.45,10.27,,38.91,17.55
2018-05-16 07:00:00,9.44,21.49,18.71,31.33,83.54,22.51,88.69,13.67,7.39,77.24,6.07,9.75,16.07,68.54,18.09,8.47,7.81,10.65,8.07,27.95,14.82,4.86,6.84,77.94,24.85,15.56,29.79,10.09,52.06,38.87,11.6,17.73,92.96,11.26,3.46,,10.88,13.2,,14.45,6.61,24.91,,4.43,48.49,160.51,84.82,10.13,,37.96,17.3
2018-05-17 07:00:00,8.42,22.48,18.27,29.88,84.62,22.73,85.98,13.53,7.32,74.96,5.98,9.75,16.07,69.57,17.9,8.65,7.8,10.27,7.96,27.95,14.74,4.79,6.73,76.07,24.52,15.6,29.51,10.1,50.81,38.45,11.53,17.58,92.67,11.33,3.4,,10.7,13.1,,14.34,6.6,24.27,64.42,4.35,47.76,158.96,81.18,9.73,,37.25,17.0
2018-05-18 07:00:00,8.38,20.05,18.22,29.39,80.47,22.51,85.92,13.58,7.5,74.6,5.95,9.68,15.96,66.72,17.74,8.65,7.92,10.22,7.85,27.92,14.78,4.79,6.69,74.94,24.66,15.57,29.51,10.09,50.59,38.24,11.84,17.53,93.11,11.14,3.33,,10.47,12.9,,13.87,6.6,24.15,,4.29,45.92,157.33,81.95,9.67,,37.17,16.7
2018-05-21 07:00:00,8.36,22.92,17.97,29.34,80.47,22.36,87.51,13.6,7.32,74.96,5.92,9.75,16.33,67.0,17.74,8.65,7.89,10.35,7.66,27.92,14.63,4.62,6.75,75.75,26.06,15.47,29.57,9.99,50.66,38.66,11.84,17.46,94.11,11.14,3.3,,10.27,12.95,,13.64,6.59,24.27,,4.23,45.19,157.33,82.38,9.69,,37.25,17.0
2018-05-22 07:00:00,8.11,21.13,17.13,30.38,74.92,22.21,86.57,13.17,7.3,74.81,5.83,9.62,16.09,63.01,17.17,8.65,7.76,10.04,7.24,27.53,14.53,4.41,6.52,72.83,25.68,14.63,28.9,9.89,48.39,37.82,11.76,17.24,92.15,11.1,3.11,,9.87,12.55,,12.94,6.59,23.47,68.91,4.17,41.88,149.1,79.5,9.47,,35.66,16.3
2018-05-23 07:00:00,8.01,22.92,16.64,30.08,72.18,21.92,83.98,12.82,7.23,74.24,5.72,9.55,15.96,64.61,16.92,8.47,7.51,9.85,6.7,27.6,14.03,4.21,6.51,69.02,26.29,14.32,28.06,9.67,46.41,37.61,11.37,16.67,92.26,10.95,3.08,,9.56,12.25,,12.87,6.53,23.05,66.75,4.02,39.05,145.1,81.18,9.16,,34.48,15.9
2018-05-24 07:00:00,8.05,,16.77,30.28,74.67,21.92,81.27,12.92,7.28,73.53,5.67,9.62,16.02,65.63,16.8,8.39,7.32,9.93,6.72,27.22,14.03,4.21,6.55,69.11,26.71,14.4,28.95,9.68,47.29,37.82,11.37,16.57,90.38,10.88,3.08,,9.64,12.3,,12.91,6.53,23.17,66.93,3.97,38.57,146.65,81.13,9.16,,35.27,15.98
2018-05-25 07:00:00,8.01,,16.42,30.08,73.26,21.7,76.32,12.69,7.25,72.81,5.39,9.68,15.76,63.29,16.54,8.39,6.82,10.1,6.53,26.98,13.99,4.28,6.52,68.46,26.52,14.84,29.23,9.67,46.56,37.4,11.37,16.21,90.31,10.5,2.98,,9.55,12.1,,12.91,6.51,22.71,69.9,3.92,40.63,139.8,80.46,8.9,,34.79,15.8
2018-05-28 07:00:00,7.68,21.13,14.84,29.88,72.18,21.26,75.37,11.86,7.12,72.1,5.34,9.55,14.89,57.02,16.1,8.21,6.69,9.85,6.48,26.44,13.99,4.24,6.22,66.84,25.36,14.27,29.4,9.62,43.26,36.35,11.13,15.66,87.69,9.55,2.91,,9.04,11.65,,12.82,6.4,20.98,68.79,3.9,40.78,127.98,79.26,8.3,,31.94,15.4
2018-05-29 07:00:00,7.64,21.58,15.06,30.03,70.68,21.63,78.14,11.93,7.18,73.31,5.16,9.49,14.89,56.97,15.97,7.87,6.7,9.87,6.23,26.75,13.6,4.28,6.2,66.84,24.89,14.37,30.35,9.75,43.92,35.51,11.05,15.82,86.4,9.26,2.91,,9.01,11.6,,12.87,6.39,21.14,68.33,3.8,40.96,127.98,81.18,8.36,,34.16,15.33
2018-05-30 07:00:00,7.66,,15.55,29.88,71.35,20.82,81.62,12.2,7.09,72.67,5.08,9.42,14.61,54.74,16.48,7.61,7.14,10.12,6.34,26.67,13.6,4.17,6.26,66.03,24.66,14.63,29.57,9.68,44.36,34.77,10.97,15.7,84.85,9.13,2.98,,9.35,11.75,,12.98,6.41,22.33,68.21,3.77,41.7,123.91,80.51,8.94,,34.08,15.1
2018-05-31 07:00:00,7.72,,16.04,31.63,73.42,20.75,84.57,12.48,7.07,74.96,5.08,9.52,14.43,53.03,16.2,7.69,7.47,10.63,6.48,26.36,13.68,4.24,6.43,68.46,24.71,14.84,29.68,9.75,45.83,35.09,11.13,15.9,90.38,9.45,3.01,,9.81,11.85,,13.03,6.35,23.05,68.5,3.74,42.98,123.09,79.5,9.1,,34.4,15.8
2018-06-01 07:00:00,7.95,21.13,16.75,31.83,75.41,20.78,84.57,12.89,7.37,74.96,5.25,9.55,14.43,53.2,16.54,7.69,7.96,10.88,6.82,26.44,13.74,4.24,6.55,67.97,25.36,14.95,29.51,9.83,46.19,36.35,11.13,16.18,90.38,9.55,3.08,,10.09,12.0,,13.54,6.34,24.32,68.5,3.78,44.08,129.78,81.04,9.41,,36.02,16.04
2018-06-04 07:00:00,8.11,21.31,16.69,30.93,78.81,20.6,88.34,12.87,7.46,77.81,5.4,9.75,14.66,53.37,17.27,7.78,8.22,11.37,7.27,26.44,13.83,4.38,6.72,68.78,25.94,14.89,29.18,9.89,46.56,36.35,11.21,16.33,90.38,10.09,3.11,,10.33,12.55,16.53,13.45,6.6,25.2,68.74,4.08,44.12,138.83,83.91,9.91,,36.3,16.34
2018-06-05 07:00:00,8.17,20.95,17.02,31.18,79.06,20.71,92.17,13.14,7.28,82.09,5.54,10.11,14.86,56.28,17.71,7.61,8.41,11.41,7.75,26.4,13.81,4.45,6.8,70.32,25.87,15.15,29.51,9.97,48.76,37.61,11.37,16.52,92.23,10.18,3.2,,10.28,13.15,16.69,13.54,6.56,25.2,69.38,4.21,45.0,144.7,86.66,10.41,,36.65,16.56
2018-06-06 07:00:00,8.4,22.03,17.35,32.13,79.64,21.41,97.0,13.4,7.28,80.67,5.52,10.07,14.98,58.9,18.66,7.35,8.31,11.56,7.84,27.92,14.03,4.52,6.79,69.27,27.57,15.62,29.23,10.47,49.49,38.85,11.29,16.91,92.15,10.02,3.14,,10.42,13.45,15.12,13.12,6.49,25.25,70.48,4.04,45.7,142.33,85.26,10.05,,36.3,16.73
2018-06-07 07:00:00,8.42,22.39,17.57,32.57,79.64,21.52,98.42,13.33,7.39,79.95,5.83,9.94,15.11,58.73,18.6,7.61,8.56,11.83,7.72,27.76,14.03,4.48,6.93,72.43,27.64,16.04,30.62,10.38,49.42,39.08,11.29,16.93,92.23,10.12,3.17,,10.44,13.35,15.49,12.91,6.43,25.08,71.13,4.17,46.07,147.96,85.69,9.99,,36.85,17.0
2018-06-08 07:00:00,8.38,20.68,17.29,31.38,79.73,21.26,93.58,13.17,7.39,78.52,5.89,9.94,14.89,57.59,18.44,7.35,8.53,11.75,7.93,27.1,13.95,4.45,6.84,71.13,28.36,15.39,30.4,10.39,50.22,38.87,11.13,16.57,91.86,10.12,3.11,,10.42,13.1,16.57,12.96,6.43,25.54,70.48,4.17,45.85,146.33,85.26,10.43,,35.82,16.85
2018-06-11 07:00:00,8.45,18.88,17.43,31.33,79.81,21.15,97.24,13.17,7.37,77.45,5.84,9.88,14.81,56.97,18.15,7.35,8.18,11.69,8.29,27.06,13.89,4.35,6.87,70.24,28.85,15.36,30.23,10.26,50.15,38.85,10.97,16.47,91.42,10.12,3.08,,10.7,12.9,17.16,12.47,6.4,25.5,70.43,4.17,45.96,152.44,87.67,10.98,,36.46,16.88
2018-06-12 07:00:00,8.49,19.33,16.64,30.38,79.73,20.82,94.29,12.78,7.3,76.81,5.75,9.75,14.67,55.2,17.68,7.26,7.93,11.75,7.99,26.79,13.72,4.38,6.64,68.05,28.27,15.18,29.84,10.13,48.39,37.88,10.82,16.33,89.64,9.93,3.01,,10.45,12.95,17.01,12.0,6.31,24.95,69.96,4.1,45.77,149.83,87.19,10.67,,35.78,16.85
2018-06-13 07:00:00,8.15,18.79,16.37,30.38,77.98,20.89,94.88,12.71,7.32,74.96,5.67,9.62,14.49,55.08,17.62,7.26,8.02,11.56,7.84,26.75,13.62,4.24,6.55,67.73,28.57,15.15,29.84,10.2,49.12,37.19,10.9,16.14,88.17,9.64,3.01,,10.42,12.95,17.01,11.51,6.27,25.33,69.03,4.05,47.02,148.77,87.19,10.72,,35.66,17.05
2018-06-14 07:00:00,8.11,18.7,16.31,31.03,77.57,20.31,96.0,12.66,7.37,75.67,5.74,9.65,14.6,55.88,18.0,7.18,7.93,11.79,8.14,26.59,13.52,4.24,6.53,69.11,29.31,15.26,29.62,10.15,50.08,38.77,10.9,16.14,87.8,9.64,2.98,,10.52,12.8,16.77,11.3,6.25,25.33,69.09,4.1,47.32,146.33,87.19,10.53,,35.98,16.7
2018-06-15 07:00:00,8.03,18.88,15.82,31.03,74.67,20.23,96.3,12.46,7.46,74.96,5.68,9.62,14.43,54.68,17.87,7.0,7.57,11.41,8.02,26.71,13.41,4.21,6.51,68.86,29.01,15.62,29.51,10.28,49.34,38.46,10.9,15.99,86.62,9.64,2.95,,10.27,12.6,16.61,11.21,6.24,24.95,68.62,3.9,46.58,143.39,86.95,10.19,,35.66,16.54
2018-06-18 07:00:00,8.07,17.98,15.85,31.38,73.01,19.79,95.18,12.5,7.39,74.88,5.63,9.55,14.49,54.34,17.74,6.92,7.55,11.33,8.23,26.36,13.46,4.21,6.54,68.86,29.2,15.78,29.51,10.31,49.27,37.54,10.97,16.14,87.43,9.55,2.95,,10.27,12.55,16.53,10.81,6.16,24.95,68.79,3.88,46.25,142.58,86.61,10.56,,35.58,16.51
2018-06-19 07:00:00,7.68,18.16,14.73,30.88,71.35,19.46,88.87,11.7,7.34,73.53,5.44,9.49,13.93,51.03,17.05,6.74,7.14,10.48,7.72,26.05,13.17,4.04,6.1,66.43,27.31,15.52,28.79,10.18,46.93,34.68,10.66,15.22,86.47,9.74,2.85,,9.5,11.95,15.27,10.48,6.07,23.89,67.92,3.71,45.33,134.51,82.85,9.48,,33.29,15.65
2018-06-20 07:00:00,7.68,17.08,15.27,30.28,70.44,19.65,92.52,12.02,7.34,73.46,5.44,9.39,14.02,52.46,16.86,7.0,7.31,10.61,7.66,25.89,12.96,4.07,6.23,66.35,27.2,15.36,28.34,10.31,46.85,34.36,10.66,15.32,84.07,9.7,2.85,,9.78,12.0,15.2,10.6,6.09,24.82,67.63,3.71,45.92,138.58,81.79,10.13,,32.49,16.0
2018-06-21 07:00:00,7.62,18.16,15.27,30.38,69.69,19.57,92.58,12.0,7.32,73.81,5.48,9.33,14.02,52.46,16.76,6.92,7.29,10.6,7.6,25.97,13.0,4.04,6.16,65.95,27.34,15.41,28.06,10.26,46.78,33.73,10.42,15.37,84.07,9.67,2.82,,9.6,12.0,15.02,10.46,6.18,24.61,67.1,3.64,46.1,145.1,82.13,10.44,,32.18,16.0
2018-06-22 07:00:00,7.62,19.51,15.08,29.88,70.52,19.57,92.23,11.86,7.34,75.67,5.5,9.36,13.9,52.52,16.54,7.0,7.41,10.86,7.66,25.97,12.96,4.0,6.16,65.62,27.2,15.52,28.12,10.09,46.49,33.1,10.5,15.22,83.74,10.12,2.82,,9.72,12.05,14.97,10.72,6.09,24.82,67.04,3.64,45.88,144.29,85.98,10.72,,31.7,15.99
2018-06-25 07:00:00,7.76,19.6,15.63,30.13,73.59,19.79,94.0,12.25,7.39,76.31,5.81,9.42,14.02,53.89,16.76,7.0,7.48,11.18,7.78,26.83,12.94,4.07,6.31,67.65,28.59,15.7,28.4,10.15,48.33,33.86,10.58,15.56,83.7,10.18,2.88,,9.87,12.35,15.27,10.72,6.2,25.46,67.57,3.82,45.92,143.88,87.67,10.98,,33.29,16.2
2018-06-26 07:00:00,7.59,,15.33,29.88,71.35,19.46,93.05,12.02,7.34,74.6,5.69,9.42,13.84,51.61,16.57,7.18,7.3,10.91,7.72,26.83,12.92,3.97,6.2,66.84,28.1,15.52,28.23,10.1,47.02,32.22,10.66,15.34,83.0,9.96,2.82,,9.69,12.05,15.04,10.48,6.18,25.12,67.34,3.71,45.52,141.03,85.74,10.61,,32.26,16.0
2018-06-27 07:00:00,7.57,19.78,15.38,30.08,70.93,19.43,93.29,12.04,7.34,73.88,5.66,9.42,13.87,52.75,16.48,7.95,7.41,10.91,7.93,26.75,13.0,3.97,6.2,67.24,28.43,15.52,28.17,10.1,47.72,32.44,10.9,15.39,82.93,9.99,2.82,,9.72,12.2,14.96,10.2,6.16,25.58,66.52,3.64,46.22,140.95,84.73,10.56,,32.26,16.07
2018-06-28 07:00:00,7.24,18.07,14.62,29.93,69.61,18.91,91.93,11.56,7.34,73.67,5.65,9.42,13.69,52.19,16.35,7.95,7.15,10.56,7.63,26.83,12.88,3.93,6.02,65.54,27.43,15.41,28.45,9.97,46.02,30.86,10.58,15.27,81.9,10.18,2.75,,9.14,11.85,14.72,10.16,6.13,24.82,65.88,3.57,49.19,139.4,84.1,9.99,,31.31,15.75
2018-06-29 07:00:00,7.1,19.42,14.56,29.88,68.44,19.39,91.05,11.38,7.28,73.17,5.58,9.68,13.28,51.9,16.35,7.87,7.16,10.4,7.45,26.28,12.88,3.9,5.94,64.41,27.1,15.31,28.4,9.94,46.1,28.69,10.5,15.37,83.19,9.99,2.72,,8.95,11.7,14.49,10.2,6.09,24.82,65.88,3.64,47.91,140.0,83.09,9.77,,30.95,15.89
2018-07-02 07:00:00,6.87,17.53,14.18,29.14,68.78,19.28,89.58,11.08,7.28,72.81,5.52,9.52,12.94,52.08,16.1,7.69,7.21,10.21,7.24,26.05,12.84,3.9,5.77,63.92,26.29,15.23,28.95,9.93,45.18,26.95,10.34,15.37,84.85,9.99,2.72,,8.71,11.55,14.46,10.11,6.12,24.7,65.59,3.51,48.22,138.82,82.37,9.32,,30.91,16.19
2018-07-03 07:00:00,6.56,18.7,13.72,28.89,64.79,18.91,88.4,10.67,7.16,72.46,5.47,9.42,12.56,51.61,15.53,7.52,7.23,10.29,6.85,26.05,12.71,3.83,5.55,61.98,25.24,15.21,28.45,9.86,45.02,25.85,10.18,14.84,84.85,9.48,2.59,,8.54,11.25,13.9,10.06,5.99,24.65,64.89,3.44,47.55,136.58,81.94,9.22,,30.67,15.29
2018-07-04 07:00:00,6.18,15.28,12.63,29.04,61.06,18.91,84.27,10.03,7.25,71.96,5.37,9.39,12.36,49.33,15.15,8.21,6.91,9.93,6.51,25.97,12.51,3.66,5.31,60.44,24.31,15.78,28.01,9.23,43.48,25.63,9.87,14.5,84.11,9.42,2.43,,8.37,10.65,12.75,9.92,5.81,23.89,64.6,3.37,47.2,130.03,81.89,8.6,,30.75,14.99
2018-07-05 07:00:00,6.18,14.29,12.57,29.88,59.73,18.84,83.56,10.03,7.12,76.24,5.42,9.23,12.39,46.94,15.38,7.87,6.91,9.95,6.48,25.89,12.38,4.1,5.32,60.03,24.43,15.68,27.95,9.02,43.1,26.73,9.79,14.74,83.7,9.36,2.43,,8.38,10.35,13.63,10.02,5.84,23.51,67.04,3.24,47.68,133.15,80.92,8.73,,30.51,15.0
2018-07-06 07:00:00,6.33,13.48,12.6,29.64,62.3,18.91,83.09,10.03,7.16,75.67,5.37,9.16,12.88,46.13,15.34,7.35,6.93,10.03,6.36,25.97,12.28,3.62,5.32,60.03,25.13,15.47,28.95,8.38,43.18,27.27,9.55,14.93,81.86,9.55,2.52,,8.8,10.4,13.7,10.36,5.92,23.43,66.4,3.29,47.51,130.51,81.89,8.78,,29.96,14.97
2018-07-09 07:00:00,6.58,14.38,13.31,28.99,63.88,19.06,84.27,10.49,7.16,73.53,5.44,9.33,12.77,48.87,15.72,7.43,7.05,9.95,6.45,26.32,12.34,3.69,5.55,61.57,25.24,15.73,28.95,8.31,43.79,27.42,9.55,15.03,82.27,9.74,2.62,,8.89,10.75,13.79,10.14,5.98,23.85,66.11,3.31,47.68,131.3,81.65,9.16,,30.08,15.1
2018-07-10 07:00:00,6.6,13.58,13.28,28.39,62.97,19.54,84.27,10.4,7.14,72.67,5.61,9.13,12.57,48.4,15.44,7.35,7.14,9.58,6.36,26.05,12.3,3.66,5.5,60.68,24.78,15.81,28.45,8.25,43.48,27.11,9.4,14.93,82.23,9.77,2.56,,8.69,10.6,13.46,10.17,6.03,23.47,65.76,3.31,47.33,131.49,81.36,9.17,,29.68,15.0
2018-07-11 07:00:00,6.47,13.48,12.55,27.39,60.98,19.57,82.68,9.98,7.12,72.03,5.58,9.1,12.36,46.65,15.09,7.18,6.85,9.39,6.03,26.83,11.97,3.55,5.28,60.11,24.2,15.78,28.95,8.17,41.56,26.45,9.16,14.67,81.42,9.67,2.46,,8.23,10.3,12.8,10.17,6.03,22.2,64.71,3.31,46.44,128.95,81.16,8.83,,28.69,14.75
2018-07-12 07:00:00,6.76,13.04,12.87,26.65,60.56,20.67,83.98,10.24,7.12,71.39,5.53,9.23,12.25,46.59,15.06,7.18,6.64,9.06,6.18,25.89,12.01,3.55,5.41,59.95,24.43,15.73,28.95,8.2,42.1,26.48,8.68,14.45,81.53,9.61,2.46,,8.29,10.45,12.28,10.02,5.94,22.67,64.6,3.29,46.62,128.95,81.31,8.83,,29.17,14.65
2018-07-13 07:00:00,6.66,13.04,13.09,26.85,62.06,20.89,83.86,10.53,7.12,71.74,5.5,9.16,12.6,47.82,15.19,7.18,6.65,9.46,6.21,25.89,12.16,3.59,5.54,61.08,24.64,15.66,28.73,8.2,42.18,27.08,8.68,14.57,80.83,9.64,2.56,,8.43,10.5,12.52,10.0,6.04,23.22,64.71,3.32,46.31,128.56,81.31,8.96,,29.09,14.85
2018-07-16 07:00:00,6.79,13.48,13.31,27.1,63.05,20.45,86.63,10.62,7.14,73.17,5.56,9.13,12.82,48.11,15.53,7.09,6.68,9.61,6.21,26.01,12.38,4.04,5.69,60.92,25.31,15.23,28.95,8.2,42.33,28.53,8.76,14.81,80.42,9.7,2.56,,8.54,10.7,12.38,9.97,5.98,23.47,64.42,3.52,46.0,130.81,81.07,9.11,,30.2,14.97
2018-07-17 07:00:00,6.93,13.48,13.72,26.8,62.22,20.45,86.22,11.04,7.14,73.88,5.56,9.23,12.94,46.54,15.79,6.92,6.64,9.59,6.09,26.05,12.38,3.72,5.91,60.36,26.06,15.23,29.4,8.17,42.25,29.79,8.76,14.88,80.42,9.67,2.59,,8.55,10.8,12.99,10.24,5.99,23.6,64.71,3.47,46.26,129.24,80.92,9.61,,32.02,14.95
2018-07-18 07:00:00,7.05,13.48,14.29,26.85,61.56,20.23,88.4,11.4,7.25,73.53,5.74,9.29,13.25,48.4,16.16,7.09,7.04,9.91,6.51,26.17,12.47,3.79,6.09,62.38,26.48,15.58,30.62,8.38,43.87,30.58,9.32,15.8,80.42,9.64,2.72,,8.97,11.2,13.46,10.51,6.0,24.32,64.13,3.65,46.66,131.49,81.41,9.94,,34.12,15.4
2018-07-19 07:00:00,6.99,13.48,14.29,27.39,64.71,20.82,89.64,11.43,7.23,74.17,5.77,9.23,13.25,49.63,15.97,6.83,7.15,10.01,6.97,26.13,12.51,3.79,6.07,65.22,26.99,15.63,31.13,8.43,44.79,30.52,10.42,16.21,80.42,9.67,2.72,,9.01,11.2,13.23,10.78,5.98,24.44,62.96,3.77,46.66,140.19,83.33,9.9,,34.08,15.52
2018-07-20 07:00:00,7.1,15.28,14.13,27.79,63.88,20.75,89.81,11.34,7.5,73.17,5.68,9.1,13.07,48.98,15.79,7.52,7.01,9.81,7.18,26.05,12.49,3.76,6.17,64.81,26.52,15.32,31.18,8.36,44.18,29.98,10.26,16.04,79.87,9.64,2.69,,8.94,11.1,13.18,10.95,5.98,24.19,62.96,3.67,46.66,139.7,82.27,9.68,,33.68,15.53
2018-07-23 07:00:00,7.14,16.18,14.29,28.29,62.22,20.53,88.99,11.45,8.18,72.03,5.76,9.1,13.19,50.21,15.85,7.69,7.04,9.97,7.06,25.93,12.47,3.72,6.24,65.78,27.1,15.49,32.02,8.36,45.1,30.99,10.18,16.67,77.66,9.67,2.69,,8.95,11.75,13.16,11.14,5.97,24.7,63.84,3.82,47.33,136.87,82.75,9.42,,33.92,15.8
2018-07-24 07:00:00,7.24,,13.91,27.89,62.14,20.27,86.69,10.95,7.82,71.39,5.77,9.1,13.11,50.15,15.69,7.09,6.96,9.8,6.91,26.36,12.42,3.45,6.05,65.78,26.68,15.49,32.07,8.28,44.48,30.26,10.18,16.45,77.84,10.25,2.62,,8.64,11.8,12.99,11.48,5.99,24.27,62.79,3.76,46.93,137.75,82.37,9.03,,33.29,15.6
2018-07-25 07:00:00,7.24,15.64,13.72,27.74,62.89,20.27,88.4,10.95,7.84,71.74,6.03,9.16,13.53,50.38,15.79,7.43,6.84,9.5,6.88,26.44,12.47,3.55,6.03,68.05,26.43,15.2,32.24,8.15,44.64,30.07,10.1,16.64,77.1,10.5,2.65,,8.52,11.55,12.68,11.75,5.95,24.27,62.38,3.68,46.84,135.89,82.08,8.94,,33.05,15.6
2018-07-26 07:00:00,6.89,16.09,13.15,27.59,62.22,19.43,87.34,10.58,7.75,71.74,5.92,9.29,13.28,49.51,15.31,7.35,6.64,9.68,6.69,27.26,12.42,3.48,5.91,66.51,26.03,15.17,33.46,8.1,43.71,29.28,10.1,16.33,76.36,10.31,2.62,,8.49,11.35,12.4,12.5,5.94,23.98,62.85,3.56,47.11,134.42,82.61,8.7,,32.49,15.07
2018-07-27 07:00:00,6.93,15.64,13.61,28.34,62.22,18.51,87.51,10.9,7.8,71.46,5.82,9.2,13.56,49.86,15.44,7.35,6.65,9.91,6.69,26.75,13.04,3.48,6.11,66.03,26.52,15.35,33.97,8.44,44.1,29.47,10.42,16.57,76.36,10.44,2.65,,8.68,11.4,12.38,12.46,5.94,24.23,62.09,3.63,47.82,134.91,82.61,8.73,,32.34,15.25
2018-07-30 07:00:00,7.05,15.64,14.35,28.84,62.97,18.55,88.34,10.95,7.82,72.47,5.86,9.16,13.44,50.68,16.51,7.09,6.97,10.03,7.09,27.14,12.96,3.52,6.17,66.27,26.99,15.58,34.08,8.52,44.64,30.55,10.5,17.15,76.36,10.69,2.69,,8.77,11.55,12.38,13.01,5.89,24.27,64.42,3.61,47.51,141.27,81.84,9.04,,31.78,15.41
2018-07-31 07:00:00,7.05,15.91,14.7,28.89,65.54,18.47,89.75,11.08,8.07,72.76,6.02,9.23,13.44,52.13,17.05,7.09,7.1,9.99,7.15,27.14,12.75,3.48,6.28,68.54,27.34,15.69,35.36,8.57,47.64,30.55,10.5,17.24,76.36,10.95,2.69,,8.95,11.7,13.18,12.99,5.67,25.08,65.3,3.61,47.77,142.25,81.41,8.98,,33.13,15.57
2018-08-01 07:00:00,6.97,15.19,14.62,28.59,65.62,18.69,92.23,10.88,8.39,72.47,5.97,9.13,13.3,52.66,16.67,7.09,7.15,10.12,7.0,27.02,12.57,3.45,6.2,68.46,27.36,15.63,34.52,8.51,48.18,30.33,10.34,17.08,75.99,10.76,2.65,,9.17,11.55,13.53,13.14,5.66,25.03,64.36,3.6,47.77,141.76,81.02,8.91,,32.49,15.55
2018-08-02 07:00:00,6.87,14.74,14.29,28.29,64.71,19.06,93.7,10.6,8.39,72.11,5.89,9.1,13.19,53.36,16.29,7.0,7.08,9.95,6.79,26.59,12.59,3.35,6.05,68.7,26.48,15.58,35.36,8.41,47.56,30.1,10.26,16.86,75.96,10.5,2.62,,9.0,11.3,13.46,13.38,5.54,24.95,64.07,3.55,47.73,142.73,80.39,8.7,,32.45,15.4
2018-08-03 07:00:00,7.03,15.01,14.56,28.34,65.89,19.1,96.06,10.69,8.32,72.47,5.87,9.13,13.32,55.63,16.48,7.09,7.13,9.96,6.79,26.79,12.47,3.31,6.16,69.02,26.8,15.69,34.52,8.19,49.26,30.58,10.74,17.0,75.63,10.5,2.62,,9.1,11.3,13.65,13.62,5.54,25.25,63.96,3.59,50.08,145.67,79.33,8.8,,33.6,15.6
2018-08-06 07:00:00,6.91,14.38,15.06,27.89,66.06,19.43,95.41,10.67,8.39,74.13,6.0,9.26,13.19,56.57,16.35,7.09,7.13,9.64,6.63,26.83,12.42,3.24,6.12,71.62,26.29,15.75,34.69,8.15,49.56,30.1,10.66,16.45,73.78,10.47,2.62,,8.95,11.35,13.37,13.77,5.54,25.2,63.61,3.56,50.17,145.18,78.03,8.7,,34.0,15.48
2018-08-07 07:00:00,6.91,14.74,15.11,27.89,67.23,19.35,92.29,10.76,8.59,73.91,5.94,9.23,13.07,56.27,16.16,7.18,7.27,9.59,6.48,26.67,12.36,3.28,6.11,73.4,26.08,15.69,34.91,8.19,49.26,29.47,10.58,16.33,73.41,10.6,2.59,,8.94,11.25,13.32,13.65,5.34,26.18,63.55,3.56,49.55,144.49,77.07,8.68,,33.68,15.85
2018-08-08 07:00:00,7.08,14.12,15.93,27.69,67.23,19.28,91.82,10.97,8.75,74.13,5.94,9.13,13.16,57.15,16.1,7.09,7.27,9.77,6.39,26.52,12.26,3.31,6.17,72.91,26.61,15.58,35.25,8.23,49.1,29.77,10.9,16.62,73.78,10.5,2.65,,9.07,11.35,13.3,13.84,5.44,26.39,63.43,3.65,49.28,145.47,75.38,8.67,,33.8,15.55
2018-08-09 07:00:00,7.26,14.02,16.26,27.89,69.5,19.35,93.41,11.24,9.09,74.2,5.9,9.13,13.35,57.44,16.8,7.09,7.33,9.87,6.33,27.42,12.38,3.31,6.25,73.64,26.8,15.63,35.25,8.2,49.49,30.66,11.13,16.76,76.73,10.5,2.65,,9.32,11.65,13.37,13.96,5.69,26.51,63.55,3.69,48.31,147.52,76.97,8.94,,33.64,15.66
2018-08-10 07:00:00,7.2,13.84,16.31,27.59,71.01,19.13,93.47,11.13,9.09,74.06,5.87,9.1,13.42,57.62,16.67,7.0,7.35,9.84,6.3,27.42,12.26,3.31,6.11,72.51,26.96,15.52,36.19,8.22,49.18,31.1,10.97,16.55,77.29,10.31,2.65,,9.3,11.35,13.09,14.06,5.69,26.85,63.55,3.65,47.02,149.09,76.01,8.78,,32.65,15.55
2018-08-13 07:00:00,7.35,13.84,16.83,27.1,71.01,19.24,95.51,11.79,8.98,77.16,5.81,9.13,13.5,60.06,16.42,7.0,7.41,10.17,6.66,27.42,12.26,3.38,6.39,74.37,26.75,15.52,36.36,8.07,51.18,31.07,10.97,16.59,77.47,10.37,2.85,,9.66,11.8,13.06,14.09,5.77,26.98,63.2,3.72,46.22,151.83,75.63,8.93,,32.06,15.85
2018-08-14 07:00:00,7.41,13.94,16.72,26.85,70.51,19.35,96.36,11.93,8.8,77.88,5.86,9.2,13.7,60.41,16.61,7.0,7.43,10.32,6.85,27.34,12.2,3.38,6.43,75.75,27.43,15.4,36.41,8.31,50.95,32.51,10.82,16.88,77.47,10.5,2.85,,9.63,11.85,12.99,14.18,5.85,26.98,62.96,3.8,46.48,151.53,77.02,9.07,,32.34,15.88
2018-08-15 07:00:00,7.35,13.94,16.75,27.34,70.34,19.35,96.18,12.04,8.62,76.15,5.87,9.13,13.81,59.48,16.48,7.0,7.49,10.28,6.63,27.58,12.26,3.35,6.35,75.99,27.82,15.4,36.53,8.44,50.56,32.89,10.74,17.03,78.17,10.88,2.82,,9.53,11.75,12.85,14.3,5.82,26.81,62.91,3.94,46.35,151.04,77.26,8.96,,32.18,16.0
2018-08-16 07:00:00,7.18,13.84,16.39,26.85,68.83,19.28,93.44,12.04,8.64,73.55,5.84,9.1,13.59,55.92,16.23,6.83,7.33,10.0,6.57,27.74,12.13,3.28,6.22,73.8,27.66,15.26,36.3,8.31,50.03,32.19,10.26,16.81,78.21,11.2,2.75,,9.15,11.4,12.71,13.65,5.78,25.8,62.91,3.77,45.82,145.67,76.4,8.67,,31.74,15.55
2018-08-17 07:00:00,7.26,14.12,17.29,26.65,71.01,19.28,93.74,12.3,8.68,74.13,5.86,9.1,13.75,56.62,16.29,7.09,7.31,10.13,6.57,27.66,12.13,3.28,6.29,73.97,28.03,15.29,36.47,8.31,50.18,32.63,10.58,17.0,78.58,11.68,2.78,,9.32,11.6,12.71,13.87,5.98,26.6,66.46,3.86,45.91,148.5,76.83,8.73,,32.06,15.72
2018-08-20 07:00:00,7.2,13.94,17.35,26.4,70.93,19.24,93.5,12.02,8.98,71.75,5.81,9.13,14.0,57.32,16.1,6.92,7.12,10.0,6.42,27.25,12.13,3.28,6.18,73.32,28.22,15.17,36.47,8.25,51.18,32.25,10.5,16.62,78.58,11.9,2.72,,9.17,11.3,12.61,13.94,5.83,26.43,64.95,3.94,45.86,148.5,77.99,8.54,,31.7,15.65
2018-08-21 07:00:00,7.32,13.76,18.0,26.65,70.59,19.21,93.13,12.14,8.89,69.22,5.81,9.42,13.85,57.15,16.23,6.92,7.03,9.95,6.27,26.68,12.09,3.28,6.16,74.37,28.5,15.23,36.47,8.27,51.1,33.46,10.5,16.59,78.58,12.31,2.78,,9.38,11.3,12.59,14.11,5.82,26.51,64.42,3.86,45.82,149.09,78.52,8.32,,31.46,15.66
2018-08-22 07:00:00,7.41,14.12,18.38,27.29,73.54,19.24,95.08,12.27,8.87,70.23,5.82,9.33,14.0,58.61,17.02,6.92,7.17,10.19,6.39,26.11,12.13,3.28,6.22,74.78,28.5,15.12,36.47,8.51,51.56,33.53,10.5,17.1,78.58,12.54,2.85,,9.47,11.6,12.94,14.6,5.9,26.64,64.6,3.86,46.26,150.56,78.95,8.44,,31.9,15.82
2018-08-23 07:00:00,7.39,13.94,18.27,27.14,76.98,19.13,94.96,12.11,8.84,69.66,5.77,9.16,14.07,59.6,16.86,6.92,7.17,10.17,6.39,25.7,12.13,3.28,6.18,75.26,28.38,15.35,36.14,8.67,51.26,33.11,10.5,17.58,78.58,12.25,2.78,,9.41,11.5,12.83,14.4,5.92,26.56,65.35,3.81,47.06,149.09,78.66,8.32,,32.65,15.84
2018-08-24 07:00:00,7.59,14.56,18.3,26.65,76.9,19.13,97.39,12.18,8.78,69.22,5.74,9.16,14.07,59.71,17.4,6.92,7.14,10.19,6.6,24.72,12.34,3.28,6.24,74.53,28.34,15.23,36.19,8.6,52.57,33.37,10.5,17.7,78.58,12.57,2.75,,9.41,11.45,12.73,14.38,5.88,26.47,65.82,3.78,46.71,148.99,78.66,8.28,,32.81,15.82
2018-08-27 07:00:00,7.62,14.29,18.6,26.65,76.39,19.76,99.1,12.55,8.87,69.22,5.74,9.13,14.07,60.2,17.24,6.92,7.16,10.42,6.76,24.48,12.71,3.31,6.34,74.37,28.87,15.26,36.25,8.54,53.34,33.53,10.5,17.75,82.19,12.57,2.82,,9.58,11.55,12.68,14.09,5.92,26.85,65.24,3.82,46.66,149.77,78.52,8.31,,32.49,15.94
2018-08-28 07:00:00,7.57,13.76,18.71,27.05,76.73,20.05,100.5,12.57,8.87,67.78,5.69,9.13,14.05,60.97,17.14,7.0,7.16,10.66,6.69,24.4,12.9,3.24,6.37,74.53,28.85,15.4,36.47,8.51,53.41,33.14,11.76,17.58,82.27,12.35,2.88,,9.78,11.55,12.66,13.96,5.97,27.19,65.0,3.74,46.44,152.32,77.17,8.39,,32.1,15.99
2018-08-29 07:00:00,7.62,13.48,18.6,26.95,76.9,19.76,100.68,12.5,9.53,67.06,5.61,9.13,14.04,61.03,16.92,6.92,7.37,10.78,6.54,24.97,12.84,3.24,6.29,75.51,28.73,15.4,36.19,8.54,53.1,33.34,11.05,17.36,83.37,12.35,2.85,,9.8,11.55,12.45,14.18,6.0,27.11,64.71,3.68,46.31,152.51,76.88,8.31,,31.7,16.0
2018-08-30 07:00:00,7.66,13.48,19.04,27.05,77.32,19.61,102.87,12.8,9.5,66.77,5.61,9.1,13.97,62.46,16.8,7.78,7.58,10.56,6.69,25.13,12.77,3.24,6.34,78.58,28.71,15.26,36.19,8.41,52.95,33.94,11.21,17.58,83.37,12.31,2.82,,9.89,11.55,12.42,14.33,6.0,27.15,62.96,3.67,46.0,153.39,75.96,8.31,,31.66,15.98
2018-08-31 07:00:00,7.66,13.48,19.09,28.39,78.49,19.79,102.51,12.69,9.5,67.64,5.66,9.13,14.2,63.18,17.05,7.18,7.58,10.7,6.69,24.64,13.33,3.24,6.41,78.75,28.78,15.43,36.25,8.36,53.64,33.78,11.29,17.6,83.37,12.16,2.85,,9.89,11.55,12.68,13.94,6.04,27.06,64.83,3.69,45.95,154.47,76.49,8.6,,31.62,16.1
2018-09-04 07:00:00,7.53,13.58,18.55,28.59,78.07,19.43,100.74,12.41,9.5,67.71,5.76,9.1,14.13,61.87,16.99,7.09,7.53,10.58,6.51,24.81,13.25,3.24,6.24,78.02,28.13,15.26,36.19,8.23,52.95,32.95,11.13,17.34,83.37,12.19,2.78,,9.69,11.4,12.57,13.33,5.97,26.47,62.79,3.67,45.95,153.0,76.01,8.63,,31.27,16.4
2018-09-05 07:00:00,7.39,13.58,18.19,28.39,76.48,19.28,101.65,12.04,9.66,66.84,5.69,9.07,13.97,61.27,17.11,6.92,7.43,10.41,6.48,25.21,13.04,3.21,6.09,76.64,27.68,15.29,36.08,8.22,52.26,31.81,10.9,17.15,82.56,12.06,2.72,,9.49,11.25,12.4,14.01,5.95,26.13,61.8,3.6,45.68,148.69,76.12,8.42,,30.12,15.8
2018-09-06 07:00:00,7.59,13.48,18.11,28.19,74.46,19.28,101.35,12.02,9.53,66.34,5.61,9.1,13.69,60.38,17.43,6.92,7.35,10.4,6.42,25.05,12.96,3.17,6.03,77.37,27.38,15.15,36.19,8.15,52.03,31.49,12.24,16.81,82.23,12.44,2.69,,9.5,11.2,12.24,13.53,5.94,25.8,61.8,3.51,45.11,149.09,74.02,8.31,,29.56,15.55
2018-09-07 07:00:00,7.41,13.48,18.63,28.24,75.22,19.06,100.44,12.16,9.41,66.41,5.65,9.1,13.59,60.08,17.3,6.92,7.3,10.56,6.39,25.09,13.06,3.14,6.0,76.96,27.43,15.17,36.25,8.22,52.26,31.36,11.21,16.84,82.23,12.66,2.72,,9.66,11.5,11.95,13.06,5.84,26.3,61.22,3.56,44.0,146.91,74.72,8.15,,29.88,15.56
2018-09-10 07:00:00,7.41,13.58,18.82,28.19,76.39,18.88,101.04,12.18,9.53,66.34,5.65,9.1,13.66,60.86,17.17,6.83,7.37,10.56,6.45,25.05,13.46,3.14,6.01,76.96,27.55,15.35,36.75,8.15,54.1,31.55,11.53,16.93,82.27,12.66,2.72,,9.69,11.8,12.05,12.29,5.88,26.47,61.51,3.55,44.4,146.91,75.19,8.15,,30.0,15.65
2018-09-11 07:00:00,7.37,13.48,19.31,27.99,80.43,18.91,100.13,12.41,9.39,66.7,5.65,9.1,13.66,61.57,17.21,7.0,7.41,10.66,6.42,24.97,13.74,3.14,6.04,75.02,28.03,15.26,37.03,8.38,54.1,31.84,11.84,16.91,82.27,12.63,2.72,,9.87,11.85,12.05,12.89,5.85,26.68,61.22,3.63,45.33,149.19,77.53,8.08,,30.51,15.78
2018-09-12 07:00:00,7.39,13.48,19.42,27.99,80.68,18.95,101.59,12.46,9.44,67.28,5.68,9.03,13.82,65.79,17.49,6.92,7.43,10.68,6.51,25.05,13.74,3.14,6.09,76.56,28.45,15.66,37.86,8.43,55.34,32.54,11.92,17.05,82.23,12.66,2.75,,9.96,12.3,12.07,12.89,5.84,26.9,61.1,3.65,45.77,150.18,78.94,8.16,,30.59,15.94
2018-09-13 07:00:00,7.5,13.4,19.37,27.99,84.88,18.84,100.38,12.41,9.34,67.78,5.66,9.03,13.88,66.92,17.17,6.92,7.65,10.68,6.85,25.13,14.01,3.17,6.07,76.15,28.62,16.35,38.42,8.33,55.34,32.7,11.76,17.24,82.16,13.05,2.75,,9.87,12.2,12.0,12.5,5.82,26.81,61.56,3.65,45.33,148.89,77.59,8.05,,30.2,15.84
2018-09-14 07:00:00,7.52,13.48,19.37,29.04,83.2,19.06,99.83,12.53,9.44,67.78,5.66,9.03,14.13,65.26,17.11,6.92,7.71,10.62,7.06,25.09,13.99,3.14,6.01,74.86,28.57,16.21,38.59,8.31,54.41,32.6,11.84,17.34,83.0,13.05,2.75,,9.93,12.2,12.0,12.26,5.83,27.23,61.8,3.65,45.11,148.3,78.47,8.05,,30.12,16.1
2018-09-17 07:00:00,7.48,13.4,19.15,29.44,81.52,18.99,99.22,12.34,9.78,68.07,5.66,9.03,14.07,65.91,17.48,6.83,7.66,10.52,6.91,24.97,13.79,3.14,5.93,74.21,28.38,15.95,37.86,8.3,55.34,32.48,12.08,17.24,83.0,13.17,2.75,,9.82,12.05,12.75,12.11,5.81,27.06,62.21,3.65,45.02,148.2,79.64,8.11,,30.0,15.83
2018-09-18 07:00:00,7.44,14.29,19.26,29.19,81.52,18.91,99.16,12.32,9.82,68.0,5.66,8.97,14.16,65.32,17.41,6.83,7.58,10.46,7.3,24.97,13.74,3.14,5.82,74.13,28.38,16.15,37.47,8.25,55.03,31.74,11.92,17.1,82.64,12.98,2.75,,9.81,12.4,12.35,11.82,5.78,26.77,61.51,3.63,44.26,147.9,81.28,7.98,,29.4,15.75
2018-09-19 07:00:00,7.52,13.94,19.61,29.78,82.36,18.99,100.31,12.5,10.0,68.86,5.71,9.03,14.43,67.16,18.02,6.83,7.64,10.58,7.72,24.97,13.89,3.35,5.92,75.34,28.62,16.27,37.53,8.27,55.64,32.19,12.16,17.24,82.27,13.3,2.85,,9.93,12.75,12.78,11.97,5.82,26.94,61.45,3.68,44.48,148.5,80.93,8.28,,30.12,15.94
2018-09-20 07:00:00,7.52,14.12,19.5,29.73,82.36,18.99,99.52,12.57,9.89,69.95,5.84,9.26,14.61,69.24,18.48,6.92,7.69,10.85,7.57,24.85,14.32,3.31,5.96,75.1,28.5,16.4,36.8,8.23,54.95,31.93,12.95,17.51,81.9,13.33,2.85,,10.06,12.65,13.23,11.99,5.86,27.32,61.22,3.69,44.22,148.5,80.4,8.41,,29.8,16.0
2018-09-21 07:00:00,7.64,15.46,19.5,29.98,83.2,18.91,101.96,12.96,9.78,70.23,5.86,9.29,14.56,69.48,18.55,7.26,7.71,10.98,7.75,24.85,14.9,3.59,6.05,76.72,29.31,16.07,36.19,8.6,55.18,32.38,13.03,17.56,81.86,13.56,2.91,,10.18,12.9,13.44,11.87,5.85,27.78,61.27,3.78,44.13,149.19,80.69,8.62,,30.35,16.9
2018-09-24 07:00:00,7.7,16.36,19.42,31.63,82.78,19.06,103.48,12.96,9.68,69.8,5.92,9.29,14.7,70.2,18.32,7.18,7.78,11.06,7.57,24.28,14.59,3.59,6.14,76.96,29.66,16.16,35.69,8.64,56.26,32.92,12.71,17.68,80.79,13.68,2.91,,10.22,12.85,13.44,11.63,5.85,27.78,60.05,3.86,44.57,151.07,80.69,8.62,,31.31,16.25
2018-09-25 07:00:00,7.68,17.53,19.42,31.53,82.11,19.57,103.48,12.92,9.66,70.09,6.0,9.16,14.57,71.33,18.38,7.18,7.73,10.98,7.66,24.28,14.55,3.52,6.12,77.69,29.48,16.04,37.31,8.57,56.88,33.21,12.87,17.73,80.79,13.84,2.88,,10.21,12.8,13.32,11.87,5.82,27.57,60.28,3.86,44.26,151.17,80.28,8.54,,31.66,16.28
2018-09-26 07:00:00,7.64,17.98,19.34,32.18,81.52,19.46,102.51,12.92,9.89,71.39,6.37,9.23,14.8,70.67,18.55,7.35,7.71,10.99,7.96,23.79,14.55,3.55,6.11,76.32,29.5,16.16,36.3,8.7,56.26,33.11,12.79,17.97,80.79,13.68,2.88,,10.24,12.9,13.86,11.87,5.88,27.45,59.76,3.86,44.13,150.88,80.17,8.6,,32.69,16.29
2018-09-27 07:00:00,7.57,18.25,19.12,32.08,82.7,19.54,102.69,12.8,9.91,72.83,6.5,9.26,14.7,70.14,18.52,7.26,7.69,11.03,7.81,23.46,15.38,3.55,6.07,76.15,29.78,16.19,37.31,8.57,55.8,32.92,12.79,18.04,81.9,13.68,2.95,,10.36,12.85,14.01,11.85,5.81,27.15,60.92,3.86,44.08,152.36,81.98,8.63,,33.05,16.32
2018-09-28 07:00:00,7.66,17.98,19.45,31.88,83.45,19.9,102.87,12.87,10.0,72.83,6.32,9.23,14.7,70.2,18.38,7.26,7.71,11.23,7.81,23.62,15.34,3.69,6.14,75.67,30.22,16.28,37.19,8.88,55.95,33.84,13.18,17.92,82.08,13.62,3.01,,10.36,13.5,14.01,11.77,5.81,27.06,61.8,3.92,43.82,152.16,81.34,8.85,,33.21,16.41
2018-10-01 07:00:00,7.64,20.23,19.37,32.13,82.36,20.31,101.47,12.73,9.96,72.11,6.5,9.59,14.68,71.33,18.32,7.61,7.87,11.39,7.96,23.58,15.25,3.79,6.14,76.07,29.76,16.04,37.08,8.99,55.87,34.26,13.34,17.82,82.01,13.49,3.01,,10.3,14.4,13.82,11.7,5.84,26.85,62.44,4.0,45.55,150.48,80.22,8.78,,33.6,16.49
2018-10-02 07:00:00,7.5,20.14,19.86,32.87,82.36,19.83,100.8,12.57,10.05,72.11,6.44,9.46,14.54,73.47,17.98,8.04,7.82,11.15,7.78,23.5,15.43,3.69,6.08,76.23,29.85,15.91,36.08,8.86,55.72,33.81,13.26,17.58,83.0,13.17,2.95,,10.25,14.05,13.89,11.53,5.87,26.68,61.22,3.96,45.33,146.71,80.58,8.67,,32.65,16.35
2018-10-03 07:00:00,7.55,19.78,20.05,34.47,81.94,19.68,100.25,12.69,10.57,70.59,6.29,9.75,14.45,73.17,17.92,8.99,7.82,11.03,7.69,23.34,15.03,3.66,6.07,75.91,29.8,15.91,35.86,8.83,54.72,34.39,13.18,17.63,83.74,13.33,2.95,,10.22,14.05,13.94,11.58,5.84,26.85,61.16,3.92,46.17,144.73,80.28,8.62,,33.21,16.35
2018-10-04 07:00:00,7.59,19.69,20.07,34.37,80.68,19.5,100.44,12.78,10.53,69.95,6.29,9.68,14.54,74.36,18.52,9.94,7.85,10.98,7.63,22.85,15.25,3.66,6.38,76.07,30.24,16.1,35.64,8.81,55.18,34.96,13.26,17.8,83.63,13.3,2.98,,10.52,13.95,14.27,11.48,6.03,27.06,60.63,3.9,45.42,143.74,80.22,8.63,,33.17,16.36
2018-10-05 07:00:00,7.59,19.33,19.97,34.32,81.52,19.57,102.38,12.73,10.91,68.58,6.21,9.65,14.54,73.53,19.39,9.51,7.69,11.11,7.81,22.85,15.34,3.66,6.37,75.99,30.24,15.88,35.64,8.73,54.95,34.74,13.03,18.09,83.34,13.11,2.95,,10.52,14.3,14.29,11.38,6.02,26.98,60.63,3.89,44.62,142.25,79.7,8.65,,33.05,16.33
2018-10-08 07:00:00,7.52,17.8,19.75,34.32,80.68,19.39,102.57,12.48,11.03,68.5,6.06,9.39,14.38,70.67,19.22,8.65,7.53,10.99,8.05,22.36,15.25,3.59,6.26,73.72,30.01,16.4,35.64,8.59,53.1,34.35,12.71,17.82,82.34,12.98,2.88,,10.38,13.95,14.05,11.87,5.99,26.73,60.47,3.9,43.68,142.15,78.88,8.39,,32.26,16.15
2018-10-09 07:00:00,7.52,18.97,19.91,34.02,80.26,19.57,102.02,12.37,11.32,67.42,6.06,9.36,14.27,71.38,19.05,8.82,7.53,11.01,8.23,22.03,15.18,3.55,6.25,72.91,30.38,16.31,36.19,8.68,52.1,34.9,12.32,17.92,82.34,13.14,2.88,,10.37,13.95,14.05,11.92,5.93,26.64,59.89,3.84,43.24,142.05,77.88,8.31,,31.62,16.25
2018-10-10 07:00:00,7.52,18.16,19.75,33.57,78.16,19.61,101.35,12.3,11.23,66.84,6.0,9.29,14.35,72.04,18.88,8.82,7.51,11.07,7.99,21.95,15.12,3.52,6.03,71.29,30.48,16.1,36.25,8.73,52.1,34.96,12.32,17.97,83.37,13.49,2.85,,10.37,13.6,14.22,11.73,5.94,26.56,59.38,3.96,43.42,143.74,76.65,8.26,,31.7,16.0
2018-10-11 07:00:00,7.39,17.8,18.71,30.23,74.88,19.06,98.91,11.77,10.91,65.62,5.81,9.03,14.04,69.48,18.18,8.47,7.33,10.77,7.3,21.22,14.77,3.38,5.83,66.35,30.01,15.73,36.75,8.38,50.03,33.94,12.08,17.24,83.37,13.05,2.78,,10.08,13.1,13.75,11.09,5.76,25.7,58.43,3.78,41.95,142.65,75.54,7.85,,30.91,15.85
2018-10-12 07:00:00,7.1,17.71,18.63,30.13,76.48,18.88,96.18,11.63,10.91,66.2,5.9,9.07,13.91,71.33,17.75,8.21,7.26,10.82,7.12,21.22,14.55,3.31,5.76,65.86,29.66,15.73,37.97,8.48,49.56,33.72,12.0,16.76,82.27,13.02,2.69,,9.83,13.1,13.61,11.19,5.61,25.66,57.56,3.69,43.33,139.77,75.36,7.92,,30.39,15.59
2018-10-15 07:00:00,7.15,17.62,18.55,30.43,76.48,18.88,97.39,11.68,11.03,66.41,5.82,9.1,13.91,71.38,17.75,8.9,7.24,10.8,7.06,21.58,14.77,3.38,5.75,65.62,29.69,15.79,39.53,8.43,49.56,33.72,13.03,16.74,82.97,13.02,2.69,,9.78,13.2,13.58,11.02,5.57,25.7,56.1,3.68,42.97,140.76,75.54,7.92,,30.2,15.99
2018-10-16 07:00:00,6.99,17.44,18.27,30.33,75.64,18.95,95.93,11.52,11.09,66.34,5.9,9.1,13.75,70.43,17.61,9.25,7.33,10.81,6.94,21.05,14.68,3.35,5.75,64.16,29.64,15.61,40.65,8.56,49.1,33.11,11.84,16.62,83.27,13.08,2.69,,9.64,13.6,13.65,10.66,5.37,25.53,54.72,3.69,43.82,138.78,74.02,7.79,,29.56,15.43
2018-10-17 07:00:00,7.1,18.25,18.98,32.13,75.97,19.21,96.78,11.77,11.16,66.34,5.92,9.2,13.91,71.09,18.18,8.21,7.41,10.94,7.12,21.22,14.63,3.41,5.8,66.27,30.13,15.79,40.93,8.64,49.95,33.72,12.0,16.95,82.93,13.17,2.72,,9.78,13.9,13.84,10.75,5.54,25.66,56.1,3.71,44.26,138.09,74.66,7.9,,30.12,15.74
2018-10-18 07:00:00,6.99,18.16,19.17,32.03,77.74,18.99,96.78,11.68,11.48,65.76,5.87,9.13,13.91,69.3,18.48,8.04,7.36,10.91,7.06,21.3,14.55,3.38,5.69,65.86,29.9,15.76,40.81,8.6,48.87,33.56,11.76,16.86,83.16,13.11,2.69,,9.73,13.85,13.75,10.7,5.48,25.36,55.95,3.67,44.08,138.48,74.37,7.8,,30.0,15.58
2018-10-19 07:00:00,7.1,17.62,18.96,31.18,77.82,18.69,94.59,11.4,11.39,65.26,5.97,9.03,13.75,67.7,18.32,7.95,7.23,10.89,7.0,21.18,14.48,3.31,5.61,65.62,29.38,15.49,40.37,8.54,48.02,33.3,12.0,16.5,82.71,13.05,2.65,,9.64,13.6,13.7,10.66,5.43,25.1,55.44,3.68,44.04,134.32,74.25,7.79,,29.4,15.4
2018-10-22 07:00:00,6.95,17.98,19.34,31.08,78.07,18.69,94.96,11.45,11.37,63.82,5.87,9.03,13.82,68.17,18.38,8.04,7.3,10.86,6.94,21.18,14.28,3.31,5.7,65.95,29.41,15.19,39.59,8.54,48.33,33.65,11.45,16.5,82.64,13.11,2.65,,9.7,13.5,13.79,10.61,5.56,25.19,55.01,3.71,44.26,131.84,74.25,7.9,,30.35,15.46
2018-10-23 07:00:00,6.84,19.06,19.2,29.54,77.32,18.51,92.1,11.18,11.0,64.18,5.84,8.9,13.64,66.63,17.82,8.13,7.23,10.6,6.6,21.13,14.06,3.24,5.67,64.0,28.85,14.61,39.53,8.52,46.56,32.32,11.21,16.38,83.19,13.11,2.59,,9.42,12.95,13.61,10.39,5.46,24.54,54.28,3.65,44.0,127.98,73.61,7.53,,29.72,15.28
2018-10-24 07:00:00,6.73,17.26,19.09,29.14,78.16,18.33,90.09,10.97,10.91,63.82,5.81,8.97,13.45,64.42,17.41,7.87,7.18,10.58,6.33,21.18,13.54,3.21,5.67,62.71,28.17,14.46,40.93,8.54,45.02,32.03,11.21,16.23,83.23,13.24,2.59,,9.28,12.85,13.23,10.05,5.46,24.24,54.06,3.64,44.22,126.89,72.32,7.43,,29.56,15.8
2018-10-25 07:00:00,6.53,17.89,17.46,28.14,78.07,17.52,88.2,10.6,10.66,62.01,5.71,8.97,13.06,60.68,16.78,7.69,6.83,10.38,5.91,21.13,13.4,3.17,5.53,62.79,26.87,14.79,41.48,8.65,44.1,30.6,10.9,15.56,82.45,13.2,2.52,,8.91,12.65,12.42,10.12,5.44,23.64,51.15,3.51,43.64,125.89,70.8,7.04,,28.69,14.64
2018-10-26 07:00:00,6.64,17.53,17.62,28.79,78.58,17.45,89.48,10.72,10.3,62.59,5.84,8.97,13.2,62.05,17.95,8.21,6.96,10.5,6.24,21.13,13.89,3.24,5.63,62.71,26.8,14.79,41.59,8.72,45.33,30.88,11.05,15.66,82.97,13.17,2.56,,9.01,12.75,12.71,10.14,5.54,23.94,50.27,3.51,43.55,126.89,71.44,7.12,,28.81,14.85
2018-10-29 07:00:00,6.3,17.89,16.8,28.59,79.59,17.08,86.44,10.42,10.23,61.36,5.84,8.94,13.1,60.5,18.32,8.56,6.86,10.32,6.06,20.81,13.8,3.21,5.59,62.06,25.45,14.64,40.7,8.64,44.41,29.58,10.9,15.32,82.64,13.49,2.49,,8.71,12.35,12.28,10.05,5.52,23.09,46.34,3.52,43.42,124.11,71.15,6.86,,29.68,14.52
2018-10-30 07:00:00,6.46,17.53,16.2,28.39,81.1,17.23,86.92,10.33,10.18,60.57,5.94,8.9,13.22,59.19,18.15,8.21,6.8,10.44,6.03,20.81,13.89,3.17,5.7,63.76,25.27,14.7,39.48,8.41,44.95,29.48,10.74,15.08,82.79,13.33,2.46,,8.9,12.3,12.33,9.95,5.58,23.26,45.9,3.56,43.24,125.4,70.27,6.68,,28.33,14.52
2018-10-31 07:00:00,6.73,18.43,16.09,28.39,83.2,17.45,88.63,10.72,10.8,61.29,6.08,8.9,13.28,61.87,18.58,9.08,6.62,10.68,5.75,21.13,14.19,3.24,5.75,67.24,26.24,14.97,39.59,8.51,45.95,30.91,11.05,15.2,82.64,13.2,2.52,,9.1,12.5,12.71,9.88,5.73,24.29,48.38,3.64,43.2,132.54,69.1,6.97,,28.95,15.1
2018-11-01 07:00:00,6.79,17.53,17.18,28.64,82.86,17.45,89.6,10.79,10.91,61.29,6.06,8.9,13.4,61.51,18.78,8.04,6.58,10.6,5.43,21.13,14.24,3.24,5.75,67.73,26.41,15.13,40.03,8.56,46.18,31.1,10.9,15.29,82.64,13.24,2.52,,9.1,12.6,12.73,9.9,5.87,23.94,51.0,3.6,43.02,134.42,68.51,7.01,,29.19,15.05
2018-11-02 07:00:00,6.75,,17.7,28.34,83.12,17.89,92.77,10.9,11.37,61.15,6.11,8.9,13.59,61.21,18.65,8.04,6.65,10.65,5.21,21.09,13.93,3.21,5.82,68.46,26.41,15.16,39.64,8.7,46.79,31.49,10.97,15.41,82.64,13.24,2.52,,9.16,12.55,12.73,9.83,5.77,24.11,53.77,3.59,42.97,134.42,69.57,6.96,,29.19,15.02
2018-11-05 07:00:00,6.77,17.53,17.89,28.29,80.43,18.07,92.4,10.79,10.96,59.85,6.06,8.9,13.59,60.97,18.65,8.65,6.65,10.61,5.25,21.05,13.71,3.21,5.76,69.02,26.03,15.31,39.59,8.65,47.25,31.39,10.97,15.41,82.82,13.68,2.52,,9.2,12.4,12.73,9.73,5.49,24.2,53.77,3.56,42.88,134.62,69.16,6.92,,30.01,15.02
2018-11-06 07:00:00,6.75,17.35,18.08,29.14,79.0,18.77,92.83,10.9,10.91,62.01,6.11,8.9,13.52,62.1,18.65,8.21,6.62,10.65,5.58,21.05,13.8,3.21,5.78,70.48,26.17,15.25,39.14,8.68,47.49,31.81,11.21,15.46,83.01,13.94,2.52,,9.23,12.5,12.94,9.73,5.52,24.41,53.19,3.53,42.88,136.3,69.57,6.94,,30.11,14.97
2018-11-07 07:00:00,6.59,17.98,17.92,28.84,80.59,18.62,92.71,10.76,10.84,61.29,6.06,8.9,13.44,60.68,18.65,8.13,6.62,10.56,5.3,21.05,13.6,3.17,5.69,69.19,26.38,15.19,38.86,8.64,46.56,31.07,11.05,15.32,83.57,14.32,2.49,,9.09,12.8,12.85,9.73,5.56,24.07,52.97,3.6,42.8,134.72,70.56,6.87,,29.72,15.0
2018-11-08 07:00:00,6.66,17.98,18.27,28.89,80.26,18.62,92.64,10.88,10.91,61.87,6.11,8.9,13.4,60.68,19.02,8.9,6.65,10.57,5.27,20.93,13.62,3.21,5.72,69.67,26.06,15.25,38.92,8.67,46.41,31.23,11.37,15.37,84.23,14.48,2.52,,9.16,12.95,12.99,10.29,5.63,24.33,54.42,3.76,42.93,132.83,70.85,6.87,,30.5,15.02
2018-11-09 07:00:00,6.57,17.98,17.73,28.39,80.68,18.47,92.46,10.65,10.68,62.01,6.05,8.87,13.31,59.25,18.92,8.56,6.58,10.3,5.24,20.97,13.58,3.21,5.63,68.46,26.06,15.55,39.2,8.57,45.87,30.82,11.29,15.32,83.94,14.35,2.46,,9.04,12.65,12.73,10.31,5.67,23.86,55.81,3.79,42.66,132.83,69.8,6.86,,30.3,14.9
2018-11-12 07:00:00,6.39,17.89,17.7,28.19,82.53,18.47,90.09,10.37,10.59,61.15,5.97,8.87,13.26,57.94,18.82,8.13,6.5,10.01,4.98,20.93,13.54,3.17,5.5,68.21,25.71,15.61,39.42,8.54,44.56,30.28,11.05,15.08,87.65,14.48,2.43,,8.94,12.35,12.52,10.07,5.66,23.39,55.52,3.72,42.66,129.76,68.51,6.68,,30.01,14.65
2018-11-13 07:00:00,6.35,17.71,17.32,28.34,83.2,18.29,89.42,10.26,10.71,60.07,6.03,8.71,13.2,56.39,19.92,8.13,6.26,9.89,4.89,20.93,13.49,3.14,5.44,66.51,25.36,15.46,39.64,8.51,44.1,30.08,10.97,14.98,89.88,14.38,2.43,,8.9,12.2,12.28,9.78,5.65,23.26,55.37,3.7,42.22,128.37,68.4,6.6,,29.72,14.6
2018-11-14 07:00:00,6.33,17.8,17.18,28.24,83.2,18.58,90.21,10.24,10.68,59.85,6.23,8.87,13.36,55.62,19.99,8.9,6.12,9.77,4.85,20.81,13.27,3.14,5.44,65.3,25.4,15.55,40.2,8.44,43.87,29.99,10.9,14.96,91.55,14.48,2.43,,8.91,12.2,12.28,9.8,5.67,23.26,55.37,3.68,42.26,128.77,69.27,6.6,,29.62,14.8
2018-11-15 07:00:00,6.24,18.16,17.35,27.89,81.1,18.47,90.03,9.94,10.68,59.78,6.19,8.87,13.4,55.32,19.99,8.65,5.73,9.54,4.58,20.81,13.27,3.1,5.49,64.73,25.43,15.58,40.65,8.51,43.18,29.96,10.74,14.81,92.44,14.54,2.4,,8.82,12.05,12.07,9.93,5.67,22.96,55.23,3.68,42.08,128.37,69.1,6.48,,29.53,14.41
2018-11-16 07:00:00,6.41,17.98,17.7,27.89,80.59,19.35,90.03,10.14,10.66,59.49,6.16,8.81,13.56,56.51,19.52,8.21,5.93,9.47,4.5,20.81,13.18,3.14,5.61,65.54,25.59,15.58,40.2,8.51,43.71,30.02,11.37,15.0,91.7,13.75,2.43,,8.85,12.25,12.47,9.9,5.76,23.17,54.57,3.91,41.11,128.37,68.81,6.61,,29.62,14.41
2018-11-19 07:00:00,6.44,,17.76,27.94,79.84,20.09,91.91,10.56,10.46,60.28,6.18,8.81,13.66,57.7,19.29,8.3,6.21,9.5,4.6,20.81,13.21,3.17,5.61,66.43,26.27,15.43,38.92,8.54,45.41,30.24,11.53,15.17,92.29,13.84,2.46,,9.01,12.35,12.61,10.05,5.81,23.13,53.11,3.82,42.84,127.88,68.1,7.07,,29.53,14.93
2018-11-20 07:00:00,6.44,17.62,17.46,27.64,79.92,20.09,91.91,10.74,10.37,61.29,6.4,8.77,13.72,57.64,19.72,8.39,6.04,9.72,4.66,20.64,13.14,3.17,5.57,66.76,26.27,15.52,38.64,8.57,45.41,30.66,11.29,15.1,90.62,13.87,2.46,,8.99,12.3,12.54,10.39,5.82,23.13,55.01,3.82,43.2,129.27,68.28,7.23,,29.77,14.8
2018-11-21 07:00:00,6.44,17.98,17.57,28.34,79.42,19.79,93.44,10.76,10.57,60.93,6.45,8.77,13.72,56.22,19.75,8.39,5.99,9.76,4.64,20.56,13.05,3.17,5.61,66.03,26.37,15.67,38.48,8.57,44.79,30.56,11.29,15.7,89.88,13.91,2.43,,9.13,12.25,12.66,10.7,5.98,23.73,55.23,3.72,43.24,127.88,69.8,7.14,,30.74,14.8
2018-11-22 07:00:00,6.68,17.98,17.7,28.39,80.85,19.87,94.23,10.81,10.68,61.94,6.45,8.74,13.78,56.75,19.72,8.21,6.15,9.75,4.62,20.56,13.07,3.31,5.62,66.84,26.8,15.55,38.42,8.62,45.18,30.82,11.53,15.8,90.25,13.84,2.46,,9.16,12.45,12.71,10.66,6.23,23.77,56.83,3.72,43.55,127.48,70.44,7.38,,31.03,14.9
2018-11-23 07:00:00,6.55,,17.51,28.24,82.28,19.65,93.19,10.58,11.14,61.44,6.55,8.77,13.74,55.68,19.39,9.08,6.11,9.55,4.49,20.56,12.99,3.31,5.57,66.67,26.68,15.49,38.14,8.56,45.72,30.82,11.68,15.94,90.25,13.78,2.43,,9.05,12.4,12.57,10.48,6.23,23.56,56.68,3.68,44.0,127.38,70.21,7.31,,30.6,14.84
2018-11-26 07:00:00,6.46,,17.43,28.89,82.28,19.46,92.34,10.37,11.16,61.29,6.48,8.77,13.61,54.55,18.95,8.39,6.06,9.6,4.32,20.4,12.83,3.28,5.5,66.67,26.55,15.49,38.42,8.52,44.72,30.6,12.08,15.75,89.88,13.81,2.4,,8.83,12.3,12.49,10.27,5.97,23.26,56.32,3.66,44.66,126.39,72.26,7.07,,30.3,14.74
2018-11-27 07:00:00,6.5,,17.46,28.64,82.28,19.39,95.02,10.46,11.71,60.57,6.68,8.77,13.56,54.97,18.99,8.39,6.08,9.6,4.32,20.4,12.52,3.24,5.51,67.24,26.58,15.49,38.86,8.56,45.25,30.98,12.0,15.9,91.0,14.1,2.4,,8.91,12.4,12.52,10.17,5.86,23.43,57.27,3.65,45.86,126.89,74.66,7.09,,30.5,14.91
2018-11-28 07:00:00,6.55,18.88,17.27,28.39,82.02,19.28,96.18,10.42,11.39,59.78,6.71,8.81,13.55,55.03,18.85,8.04,6.01,9.51,4.32,20.16,12.96,3.24,5.47,66.43,26.34,15.49,38.7,8.57,44.95,30.44,11.84,15.58,93.63,14.0,2.4,,8.91,12.25,12.35,10.17,5.74,23.6,57.12,3.63,45.33,128.67,75.54,6.84,,30.11,14.82
2018-11-29 07:00:00,6.66,19.42,17.46,28.34,80.93,19.43,96.42,10.62,11.82,60.28,6.94,8.81,13.75,54.85,18.92,8.04,6.12,9.46,4.28,20.2,13.27,3.28,5.54,66.84,26.52,15.55,38.7,8.62,45.33,30.53,11.92,15.8,95.87,14.03,2.43,,9.09,12.35,12.57,10.17,5.72,24.16,57.48,3.7,45.77,132.64,75.25,7.01,,30.89,14.97
2018-11-30 07:00:00,6.68,19.78,17.35,27.84,85.38,19.35,95.57,10.65,11.62,59.49,7.0,8.87,13.58,54.25,18.92,8.13,6.0,9.02,4.0,20.28,13.23,3.28,5.76,65.95,26.4,15.43,38.64,8.57,44.64,29.73,11.68,15.58,94.0,13.78,2.43,,9.01,12.25,12.42,10.02,5.69,23.99,57.48,3.65,45.33,130.85,75.25,6.84,,30.69,14.83
2018-12-03 07:00:00,6.95,20.23,18.3,28.14,83.2,19.79,96.78,11.08,11.6,60.28,7.1,9.07,14.2,57.7,18.92,8.21,6.35,9.28,4.27,20.2,13.62,3.38,5.83,66.76,27.3,15.67,38.48,8.64,47.1,30.28,11.92,15.97,95.5,13.62,2.52,,9.37,12.8,12.85,10.14,5.87,24.84,57.34,3.74,45.77,131.35,78.47,7.18,,30.64,15.18
2018-12-04 07:00:00,7.01,20.23,18.6,29.39,82.86,19.43,97.09,11.13,11.48,61.0,7.15,9.49,14.38,58.0,19.39,8.21,6.39,9.34,4.49,20.16,13.76,3.41,5.83,68.46,27.51,15.67,38.14,8.54,47.49,30.37,12.4,16.14,94.38,13.46,2.52,,9.4,12.9,13.2,10.17,5.87,24.97,60.47,3.78,45.51,132.34,79.93,7.36,,32.25,15.5
2018-12-05 07:00:00,6.92,20.32,18.57,29.24,86.14,19.39,95.57,11.18,11.37,60.57,6.98,9.2,14.21,57.41,19.29,8.21,6.28,9.42,4.37,20.11,13.58,3.41,5.88,68.13,27.7,15.55,37.81,8.86,47.64,30.5,12.32,16.09,93.55,13.05,2.52,,9.36,12.85,13.37,10.14,5.87,24.93,60.11,3.76,45.42,131.25,79.17,7.33,,32.2,15.32
2018-12-06 07:00:00,6.95,20.23,18.47,29.09,86.14,19.43,95.57,11.06,11.14,61.0,7.03,9.42,14.16,57.64,19.25,8.21,6.18,9.39,4.49,20.11,13.36,3.45,5.93,69.11,27.76,15.61,38.64,8.93,47.25,30.69,12.32,16.09,92.76,12.95,2.52,,9.36,12.75,13.44,10.19,5.94,24.84,59.67,3.76,45.42,131.84,77.76,7.3,,32.15,15.3
2018-12-07 07:00:00,6.95,20.14,18.77,29.25,86.56,19.43,96.72,11.18,11.16,61.08,7.03,9.33,14.34,57.58,19.59,8.21,6.14,9.28,4.7,20.81,13.4,3.48,6.01,69.19,27.61,15.85,38.42,8.93,47.18,31.39,12.24,16.33,93.96,12.92,2.52,,9.45,12.85,13.46,10.12,6.24,24.71,59.31,3.76,45.42,132.73,78.82,7.49,,32.25,15.5
2018-12-10 07:00:00,6.86,20.23,18.6,29.31,86.56,19.35,96.18,10.88,11.37,60.93,6.94,9.1,14.23,58.89,19.79,8.13,6.08,9.18,4.63,20.73,13.34,3.45,5.9,69.67,27.48,15.85,38.14,8.86,47.56,31.23,12.24,16.06,93.21,12.92,2.46,,9.32,12.6,13.39,10.1,6.21,24.59,58.29,3.76,45.42,131.25,79.93,7.41,,31.86,15.4
2018-12-11 07:00:00,6.88,20.5,18.47,29.56,85.55,19.39,95.51,10.72,11.14,60.57,6.87,9.07,14.07,57.88,19.39,8.04,6.1,9.0,4.53,20.56,13.16,3.45,5.86,69.75,27.42,15.67,38.03,8.83,47.33,31.01,12.08,16.02,94.75,12.89,2.46,,9.29,12.6,13.46,10.0,6.08,24.5,59.31,3.74,45.42,129.86,79.35,7.4,,31.52,15.7
2018-12-12 07:00:00,6.86,20.68,18.9,29.31,87.4,19.5,96.48,10.76,11.05,59.85,6.87,8.97,14.08,58.06,19.39,7.87,6.1,8.95,4.49,20.73,13.49,3.45,5.92,70.48,28.04,15.67,38.48,8.8,47.25,31.26,12.16,15.99,95.5,12.86,2.49,,9.37,12.75,13.65,9.8,6.07,24.84,58.58,3.74,45.51,129.56,78.99,7.33,,31.86,15.35
2018-12-13 07:00:00,6.9,20.95,19.07,29.97,85.72,19.79,97.39,10.85,11.14,59.85,6.84,8.94,14.31,58.54,19.72,7.95,6.11,9.04,4.55,20.4,13.54,3.41,5.95,71.45,27.95,15.91,38.48,8.89,47.64,31.71,12.24,16.04,95.12,13.52,2.52,,9.48,13.1,13.77,9.83,6.13,25.01,59.23,3.76,46.17,130.16,79.64,7.4,,32.0,15.45
2018-12-14 07:00:00,6.81,21.13,18.98,29.87,84.8,19.57,98.61,10.62,11.09,59.85,7.0,9.46,14.16,58.3,19.42,7.95,6.06,9.0,4.46,20.2,13.58,3.41,5.82,70.81,27.55,15.91,37.7,8.93,47.41,31.81,12.24,15.92,94.68,13.56,2.49,,9.37,13.0,13.61,9.93,6.08,24.67,58.5,3.74,45.77,128.77,79.29,7.31,,31.76,15.49
2018-12-17 07:00:00,6.75,20.95,18.57,29.41,84.04,19.54,98.31,10.14,11.0,60.28,6.9,9.26,13.94,56.99,19.12,7.95,5.98,8.89,4.4,20.07,13.58,3.41,5.7,69.19,27.14,15.85,37.31,8.86,46.1,31.71,12.08,15.53,93.78,13.24,2.46,,9.24,12.7,13.46,10.0,5.98,24.16,58.21,3.68,45.64,127.38,79.05,7.07,,31.37,15.34
2018-12-18 07:00:00,6.57,21.04,18.36,28.84,82.86,19.24,97.88,10.01,10.98,59.85,6.81,9.03,13.53,55.62,18.58,7.95,5.83,8.5,4.22,19.99,13.49,3.31,5.59,65.95,26.46,15.49,36.92,8.54,44.25,31.07,11.84,15.34,93.78,13.08,2.43,,9.02,12.45,12.99,9.71,5.84,23.77,56.83,3.53,45.33,124.8,77.3,6.84,,30.98,14.73
2018-12-19 07:00:00,7.21,20.95,18.52,28.69,79.75,19.24,98.0,9.82,11.0,59.71,6.81,9.13,13.47,55.62,18.45,8.04,5.84,8.33,4.35,19.95,13.54,3.35,5.59,66.67,26.65,15.85,35.91,8.51,43.71,30.53,11.92,15.39,93.78,12.79,2.43,,8.99,12.45,12.99,9.68,5.87,23.73,56.83,3.49,45.46,124.51,77.0,6.81,,30.79,14.66
2018-12-20 07:00:00,6.59,21.04,18.68,28.44,79.0,19.21,96.78,9.57,10.89,59.13,7.03,9.13,13.4,55.62,18.38,8.04,5.77,8.0,4.27,19.95,13.91,3.35,5.58,66.43,26.61,15.61,36.47,8.54,43.48,30.44,11.92,15.46,93.63,12.76,2.43,,9.01,12.4,13.09,9.71,5.8,23.64,56.54,3.57,45.33,124.11,75.54,6.76,,30.3,15.46
2018-12-21 07:00:00,6.55,21.4,18.57,28.28,80.01,19.13,96.72,9.55,10.89,57.69,7.03,9.13,13.44,54.97,18.25,8.21,5.81,7.96,4.22,19.79,13.8,3.28,5.5,66.35,27.11,15.52,36.3,8.51,43.95,30.34,11.84,15.32,92.5,13.05,2.46,,8.85,12.3,12.9,9.66,5.77,23.34,55.95,3.57,45.33,123.91,73.2,6.74,,29.24,14.53
2018-12-24 07:00:00,6.55,21.22,18.96,28.28,80.01,19.06,97.15,9.62,10.89,57.69,7.15,9.1,13.53,54.31,18.52,8.13,5.84,8.09,4.22,19.75,13.84,3.28,5.53,65.54,27.14,15.4,36.03,8.51,43.95,30.63,11.84,15.27,93.21,13.24,2.43,,8.85,12.45,12.94,9.66,5.73,23.52,55.37,3.53,45.42,123.52,74.08,6.81,,28.85,14.69
2018-12-25 07:00:00,6.39,21.04,18.41,27.11,77.91,18.69,96.66,9.11,10.44,56.24,7.34,9.1,13.12,51.46,18.02,8.04,5.7,8.06,3.91,19.42,13.82,3.21,5.28,65.14,26.77,15.37,36.47,8.35,43.1,30.08,11.68,14.88,92.46,13.37,2.36,,8.5,12.1,12.54,9.0,5.67,22.7,53.91,3.49,45.28,121.93,73.02,6.52,,29.09,14.4
2018-12-26 07:00:00,6.44,21.58,18.25,26.75,77.32,19.06,96.18,9.16,10.59,55.96,7.42,9.1,13.23,51.4,17.88,8.21,5.75,8.06,3.96,19.58,13.82,3.28,5.23,64.97,26.77,15.46,36.3,8.35,43.1,30.12,11.76,14.86,93.25,13.37,2.36,,8.56,12.15,12.57,8.76,5.64,22.92,53.55,3.44,45.28,121.93,72.96,6.5,,29.04,14.29
2018-12-27 07:00:00,6.59,22.3,18.79,27.11,78.58,19.39,97.76,9.18,10.62,55.31,7.4,9.33,13.36,52.17,18.02,9.34,5.84,8.25,3.84,19.75,14.19,3.38,5.28,65.22,26.99,15.72,35.97,8.35,43.71,30.44,12.71,15.12,93.96,13.6,2.4,,8.68,12.25,12.59,8.85,5.81,23.26,53.84,3.47,45.73,122.33,74.32,6.65,,29.04,14.4
2018-12-28 07:00:00,6.57,22.48,18.77,27.11,78.16,19.28,98.0,9.02,10.46,56.97,7.29,9.29,13.34,51.81,17.65,8.99,6.0,8.21,4.08,19.75,14.5,3.6,5.23,64.81,26.99,15.66,35.91,8.23,43.41,30.44,,14.93,100.18,13.6,2.4,,8.56,12.15,12.42,8.66,5.76,23.34,54.28,3.44,45.95,120.44,73.91,6.52,,28.46,14.31
2019-01-02 07:00:00,6.57,22.12,18.77,26.9,76.39,19.32,97.39,8.91,10.28,56.82,7.24,9.16,13.33,51.69,17.82,8.21,6.0,8.34,4.03,19.75,14.41,3.38,5.17,63.92,26.99,15.75,35.91,8.25,42.71,30.15,,14.98,100.18,13.5,2.36,,8.5,12.05,12.31,8.71,5.76,23.26,53.7,3.44,45.02,120.24,73.2,6.5,,28.56,14.33
2019-01-03 07:00:00,6.46,20.68,18.44,26.13,76.48,18.99,97.39,8.79,10.12,54.95,7.16,9.13,13.1,51.75,17.82,8.21,5.74,8.2,3.89,19.5,13.71,3.27,5.09,63.92,26.58,16.0,35.58,8.15,42.33,29.79,,14.81,95.5,13.34,2.36,,8.38,11.65,12.16,8.42,5.76,23.17,53.33,3.42,44.57,116.48,73.2,6.39,,28.12,14.07
2019-01-04 07:00:00,6.33,20.41,17.43,25.16,74.96,19.06,97.09,8.5,9.87,53.22,6.97,9.13,13.1,50.86,17.25,8.21,5.74,7.96,3.79,18.77,13.69,3.2,4.96,62.79,25.96,16.38,35.36,8.19,42.48,28.93,,14.55,92.13,12.98,2.3,,8.28,11.35,11.81,8.27,5.53,23.3,54.28,3.36,44.75,115.29,73.79,6.24,,27.0,13.92
2019-01-07 07:00:00,6.41,20.41,18.0,25.83,76.31,18.88,97.39,8.61,10.12,54.3,7.06,9.36,13.31,51.93,17.38,8.04,5.84,8.05,3.89,19.01,13.71,3.2,5.05,63.6,26.52,16.38,35.08,8.22,42.87,29.57,,14.72,92.88,13.14,2.33,,8.47,11.6,12.05,8.37,5.74,23.77,54.35,3.4,45.77,115.39,77.33,6.39,,27.68,14.15
2019-01-08 07:00:00,6.97,20.5,17.78,25.32,74.46,18.66,97.51,8.36,9.89,54.8,7.03,9.29,13.28,52.77,17.31,7.95,5.73,7.82,3.92,18.64,13.67,3.2,5.02,64.08,26.37,16.32,34.52,8.14,42.71,29.38,,14.67,91.38,13.21,2.33,,8.26,11.5,11.9,8.2,5.7,23.64,54.06,3.42,45.33,115.29,77.57,6.29,,27.1,14.5
2019-01-09 07:00:00,6.46,20.86,18.03,25.62,75.64,18.51,98.61,8.56,10.0,54.87,6.97,9.49,13.47,53.78,17.45,8.21,5.76,7.9,4.1,18.85,13.65,3.24,5.11,64.65,26.58,16.51,33.41,8.2,42.48,29.47,,14.79,92.88,13.31,2.33,,8.25,11.55,12.28,8.22,5.87,24.03,54.28,3.4,45.28,114.99,78.22,6.37,,28.31,14.6
2019-01-10 07:00:00,6.46,20.59,18.06,26.24,75.72,18.29,98.61,8.77,10.09,56.46,7.0,9.55,13.45,54.85,17.38,8.04,5.76,7.98,4.19,18.73,13.58,3.2,5.12,65.7,26.68,16.89,33.3,8.38,42.56,29.79,,15.2,91.3,13.27,2.33,,8.2,11.5,12.26,8.17,5.97,23.9,54.35,3.4,45.11,114.49,77.92,6.34,,28.65,14.2
2019-01-11 07:00:00,6.46,20.41,17.89,26.34,76.39,18.22,98.18,8.82,10.39,57.83,6.95,9.55,13.45,54.55,17.38,8.65,5.84,7.93,4.18,18.69,13.54,3.2,5.11,65.78,26.68,17.42,33.3,8.38,43.1,29.76,,15.22,90.07,13.6,2.3,,8.31,11.5,12.42,8.3,5.96,23.77,55.81,3.4,45.06,117.37,79.11,6.32,,29.14,14.23
2019-01-14 07:00:00,6.41,20.14,17.65,25.93,75.89,18.14,97.09,8.72,10.3,59.13,6.92,9.52,13.47,54.01,17.48,8.39,5.82,7.81,4.25,18.64,13.4,3.2,5.07,65.86,26.37,17.33,32.68,8.38,42.71,29.73,12.47,15.22,90.82,13.81,2.33,,8.28,11.45,12.31,8.34,6.25,23.77,56.83,3.38,45.28,117.87,79.7,6.26,,29.48,14.23
2019-01-15 07:00:00,6.46,20.68,17.89,25.83,75.13,17.96,95.14,8.75,10.23,59.13,7.1,9.55,13.53,53.84,17.75,8.47,5.79,7.85,4.21,18.56,13.25,3.16,5.16,66.43,26.58,17.64,32.52,8.33,42.95,29.57,12.47,15.46,89.84,13.67,2.33,,8.23,11.35,12.52,8.27,6.11,24.03,58.21,3.38,45.11,116.87,79.81,6.3,,30.11,14.25
2019-01-16 07:00:00,6.5,20.14,17.87,25.98,75.64,17.89,94.78,8.75,10.17,59.27,7.19,9.59,13.59,54.37,17.88,9.08,5.78,7.86,4.19,18.52,13.43,3.2,5.19,66.92,26.92,17.83,32.35,8.31,43.33,29.7,12.4,15.56,90.26,13.71,2.33,,8.25,11.45,12.64,8.27,6.03,24.11,59.74,3.38,45.37,116.28,79.52,6.5,,30.55,14.29
2019-01-17 07:00:00,6.46,20.05,17.67,25.78,77.65,17.7,91.55,8.66,10.14,60.21,7.4,9.68,13.52,54.13,17.71,8.56,5.78,7.81,4.1,18.07,13.21,3.13,5.25,66.51,26.68,17.77,32.02,8.28,42.87,29.44,12.4,15.37,90.18,13.67,2.3,,8.15,11.4,12.68,8.3,5.96,23.86,59.16,3.53,45.42,114.99,78.75,6.48,,30.5,14.25
2019-01-18 07:00:00,6.44,20.14,17.62,25.32,77.32,17.59,91.43,8.52,9.86,60.43,7.48,9.65,13.44,53.42,17.28,8.47,5.82,7.81,4.05,18.28,13.18,3.09,5.23,65.95,26.52,17.77,32.02,8.25,42.48,29.09,12.28,15.66,88.91,13.61,2.3,,8.01,11.3,12.73,8.51,6.03,23.73,59.09,3.49,45.42,114.79,79.64,6.35,,29.72,14.15
2019-01-21 07:00:00,6.66,20.77,18.19,25.32,77.74,17.48,91.18,8.91,10.26,60.79,7.42,9.75,13.53,54.19,17.45,8.47,5.88,7.89,4.02,17.83,13.14,3.13,5.54,65.86,26.24,18.27,31.96,8.22,43.02,29.54,12.28,15.8,88.83,13.54,2.36,,8.18,11.85,12.99,8.68,6.1,24.07,59.01,3.47,45.51,114.59,79.16,6.58,,28.85,14.39
2019-01-22 07:00:00,6.61,20.5,18.06,24.91,77.65,17.37,91.06,9.21,10.12,61.29,7.45,10.43,13.52,54.07,17.45,8.3,6.01,7.92,4.0,17.58,13.21,3.13,5.53,65.54,26.21,18.05,31.9,8.25,42.33,29.5,12.28,15.75,88.01,13.81,2.36,,8.18,11.85,13.04,8.78,6.04,23.99,59.01,3.47,45.51,114.79,79.7,6.63,,28.65,14.27
2019-01-23 07:00:00,6.48,20.23,17.92,25.26,77.23,17.12,86.44,9.18,10.0,61.73,7.4,10.59,13.4,53.84,17.92,8.21,6.0,8.06,3.95,16.89,13.23,3.09,5.46,64.89,26.06,17.96,31.85,8.22,41.48,29.25,12.24,15.68,87.82,13.81,2.33,,8.12,12.25,12.71,8.81,6.18,23.77,58.29,3.44,46.08,114.79,79.7,6.5,,28.36,14.29
2019-01-24 07:00:00,6.55,20.41,17.92,25.16,76.9,17.56,84.61,9.39,9.79,60.72,7.37,10.63,13.47,54.31,17.75,8.21,5.97,8.06,3.96,17.14,13.23,3.13,5.57,63.92,26.03,17.93,31.9,8.17,41.41,29.31,12.24,15.87,88.01,13.98,2.33,,8.15,12.2,12.68,8.83,6.1,23.81,57.99,3.44,45.73,117.37,79.99,6.58,,28.85,14.28
2019-01-25 07:00:00,6.61,19.87,17.84,24.86,77.32,17.56,81.57,9.44,10.0,61.29,7.27,10.46,13.47,53.72,17.71,8.04,5.96,7.98,4.1,16.93,13.21,3.13,5.59,63.68,26.03,18.34,31.96,8.09,41.48,29.7,12.16,16.06,87.6,13.95,2.33,,8.31,12.4,12.87,8.85,6.06,24.03,57.34,3.44,46.0,121.43,80.46,6.61,,28.56,14.34
2019-01-28 07:00:00,6.5,20.5,17.65,25.01,78.91,17.08,83.39,9.37,9.82,61.22,7.23,10.46,13.44,53.66,17.75,8.3,5.96,7.9,4.13,16.89,13.23,3.09,5.57,64.24,26.12,18.34,31.85,8.25,41.71,30.34,12.51,15.94,87.93,13.92,2.33,,8.33,12.35,12.66,8.93,6.03,23.99,58.72,3.42,46.08,122.52,80.64,6.57,,28.56,14.37
2019-01-29 07:00:00,6.44,20.23,17.4,24.24,79.33,17.23,83.94,9.53,9.47,60.93,7.39,10.66,13.44,52.94,17.45,8.39,5.95,7.92,4.07,16.65,13.27,3.09,5.61,64.81,26.52,18.4,31.96,8.39,41.25,30.4,12.95,15.9,87.82,13.85,2.3,,8.28,12.2,12.52,9.12,5.98,24.29,59.38,3.65,46.62,121.83,80.88,6.52,,28.61,14.5
2019-01-30 07:00:00,6.88,,17.59,23.94,81.35,17.37,82.78,9.55,9.58,60.86,7.39,10.76,13.72,52.94,17.51,8.99,5.95,7.85,4.06,16.69,13.27,3.49,5.74,64.49,26.3,18.46,31.9,8.54,41.33,30.28,13.7,16.52,87.93,13.85,2.33,,8.28,12.2,12.61,9.2,5.96,24.5,59.74,3.34,46.22,122.72,80.64,6.57,,28.61,14.9
2019-01-31 07:00:00,6.61,20.68,17.57,23.88,81.52,17.37,82.48,9.46,9.58,61.29,7.42,10.85,13.72,53.18,17.41,9.08,6.04,7.73,4.05,16.36,13.29,3.16,5.82,64.49,26.21,18.43,31.85,8.44,42.02,30.69,13.38,16.38,87.45,13.74,2.36,,8.38,12.4,12.57,9.2,5.98,24.59,59.74,3.34,46.44,122.62,80.58,6.63,,28.65,14.69
2019-02-01 07:00:00,6.57,21.04,17.37,24.04,80.68,17.15,82.18,9.23,9.72,61.36,7.32,11.6,13.66,52.82,17.28,8.82,6.06,7.48,4.0,16.32,13.25,3.16,5.76,63.68,26.12,18.4,31.68,8.48,41.71,30.69,13.18,16.38,87.93,13.74,2.33,,8.28,12.4,12.85,9.49,5.96,24.59,58.29,3.38,46.13,123.91,80.17,6.61,,28.46,14.3
2019-02-11 07:00:00,6.86,21.04,17.59,23.83,80.43,17.48,82.36,9.57,9.79,61.58,7.29,11.6,14.0,53.84,17.58,8.65,6.08,7.67,3.99,16.24,13.29,3.2,5.8,66.59,26.24,18.59,32.24,8.64,42.79,31.34,13.5,16.67,87.71,13.88,2.49,,8.5,12.95,12.9,9.73,6.03,24.93,59.01,3.47,46.22,125.0,81.41,6.91,,28.61,14.69
2019-02-12 07:00:00,6.79,22.39,17.84,24.65,80.26,17.52,83.15,9.73,9.82,61.65,7.29,11.8,14.1,54.73,17.71,8.65,6.2,7.92,4.2,16.16,13.62,3.27,5.82,67.24,26.46,18.4,32.18,8.73,43.33,31.34,13.42,17.05,89.51,13.85,2.49,,8.69,13.1,13.06,9.85,6.08,25.27,58.58,3.47,48.48,125.5,81.58,7.02,,29.62,14.84
2019-02-13 07:00:00,6.81,21.22,17.78,25.98,82.36,17.23,82.6,9.73,10.28,62.09,7.61,12.02,14.23,55.68,18.38,8.56,6.24,8.25,4.49,16.28,13.49,3.27,5.8,69.59,26.74,18.52,32.18,8.75,44.1,31.66,13.34,16.98,89.1,13.81,2.52,,8.69,13.1,13.11,9.88,6.08,25.66,58.87,3.44,48.57,124.51,81.7,7.07,,29.62,14.95
2019-02-14 07:00:00,6.77,20.95,17.76,26.08,82.78,17.23,83.82,9.66,10.33,64.03,7.65,12.09,14.2,55.74,18.52,8.47,6.19,8.3,4.7,17.38,13.36,3.27,5.8,70.0,26.8,18.59,32.96,8.7,44.18,31.63,13.58,16.86,89.13,14.43,2.56,,8.63,13.05,13.04,9.85,6.07,25.83,60.18,3.4,50.22,123.52,82.82,7.02,,30.6,15.0
2019-02-15 07:00:00,6.75,20.23,18.44,26.49,82.11,17.19,85.28,9.66,10.26,67.06,7.52,11.63,14.05,56.1,18.25,8.65,6.1,8.62,4.73,17.42,13.84,3.24,5.82,69.51,26.77,18.52,32.46,8.64,44.33,31.27,13.42,17.0,89.81,14.77,2.56,,8.58,13.05,13.06,10.22,6.07,25.7,59.74,3.42,50.22,122.33,82.82,7.01,,30.6,14.95
2019-02-18 07:00:00,6.77,20.86,18.38,26.08,81.35,17.08,85.64,9.71,10.35,69.95,7.42,12.02,14.1,57.94,18.28,8.56,6.07,8.63,4.71,17.22,13.76,3.24,5.83,69.27,26.86,19.22,32.41,8.7,45.41,31.27,13.82,17.34,89.88,14.67,2.52,,8.61,13.2,13.01,10.7,6.06,25.7,59.74,3.49,50.53,120.44,84.12,7.05,,30.79,14.94
2019-02-19 07:00:00,6.77,22.03,18.41,25.78,79.75,17.15,85.1,9.64,9.98,70.67,7.52,11.54,14.27,58.24,18.65,8.56,6.06,8.62,4.69,17.3,13.67,3.2,5.8,70.16,27.2,19.41,32.41,8.67,45.41,32.11,13.9,17.39,90.7,14.46,2.52,,8.74,13.15,13.32,10.95,6.04,25.79,63.9,3.59,51.82,121.83,84.6,7.1,,31.37,15.1
2019-02-20 07:00:00,6.77,21.58,19.04,25.57,81.1,17.08,84.0,9.57,9.93,69.95,7.42,11.57,14.24,57.29,18.38,8.56,5.94,8.57,4.54,17.26,13.76,3.34,5.79,70.0,27.17,18.87,32.41,8.59,44.41,31.85,13.42,17.1,91.38,14.16,2.49,,8.72,13.05,13.13,11.09,6.01,25.53,66.15,3.68,51.95,119.75,84.71,6.97,,31.42,15.19
2019-02-21 07:00:00,6.81,21.22,18.9,25.57,80.68,16.9,83.45,9.46,10.0,70.31,7.39,11.44,14.2,58.0,18.45,8.47,5.93,8.67,4.52,17.22,13.76,3.34,5.8,72.83,27.27,18.65,32.46,8.64,44.95,31.98,13.26,17.22,92.88,14.05,2.49,,8.82,13.0,13.09,11.43,6.01,25.74,70.45,3.7,52.62,118.66,88.02,6.97,,33.02,15.22
2019-02-22 07:00:00,6.84,21.58,18.93,25.32,82.28,16.9,83.39,9.71,10.0,73.55,7.06,11.05,14.35,59.37,18.48,8.65,6.04,9.0,4.81,17.01,13.71,3.31,6.01,73.72,27.82,18.3,32.91,8.62,45.41,32.04,13.07,17.15,93.14,14.02,2.52,,8.94,13.15,13.23,12.04,6.0,26.73,70.31,4.22,52.62,122.03,88.26,7.05,,34.92,15.46
2019-02-25 07:00:00,6.97,21.58,18.82,25.52,81.86,17.37,83.39,9.89,10.0,78.67,6.97,11.67,14.61,60.08,18.58,9.08,6.16,9.43,5.14,17.1,13.67,3.34,5.99,74.53,28.29,18.27,34.13,8.64,45.72,32.62,13.03,17.22,92.8,13.88,2.52,,9.1,13.15,13.23,12.16,6.13,27.37,69.29,3.66,52.39,123.42,90.09,7.1,,34.77,15.6
2019-02-26 07:00:00,6.92,23.38,18.55,25.57,80.59,17.37,84.0,9.82,10.31,82.56,6.84,11.6,14.42,58.83,18.85,8.82,6.15,9.39,5.48,17.46,13.8,3.31,5.9,73.89,27.86,18.78,34.08,8.65,45.02,32.3,12.99,17.5,92.88,13.95,2.49,,9.07,12.95,13.16,11.94,6.03,27.2,67.76,3.65,51.82,123.91,89.73,7.05,,33.8,15.56
2019-02-27 07:00:00,6.86,23.46,18.52,26.85,80.26,18.18,83.33,9.82,10.26,83.72,6.83,11.63,14.37,59.01,18.88,9.08,6.09,9.27,5.66,17.05,13.97,3.31,5.83,73.64,27.73,18.84,33.69,8.62,44.33,31.95,13.03,17.45,92.88,13.95,2.49,,9.04,12.9,12.99,12.65,5.96,26.98,67.98,3.61,52.39,122.52,88.55,6.96,,34.19,15.49
2019-02-28 07:00:00,6.84,23.55,18.41,27.87,80.51,17.96,83.7,9.73,10.12,85.59,6.89,11.63,14.26,59.96,18.92,8.56,6.06,9.18,5.6,16.97,13.67,3.27,5.79,72.83,27.51,18.59,33.8,8.54,44.25,31.66,12.99,17.25,92.69,13.81,2.46,,9.01,12.85,12.85,12.67,5.96,26.77,67.25,3.61,52.17,122.03,87.67,6.91,,33.41,15.99
2019-03-01 07:00:00,6.68,23.28,18.06,27.62,79.42,17.48,82.18,9.6,10.0,85.81,6.87,11.44,14.1,59.49,18.58,8.47,6.03,9.08,5.61,16.93,13.67,3.27,5.74,72.26,27.27,18.4,32.96,8.51,45.18,31.66,13.18,16.92,92.13,13.64,2.46,,8.91,12.65,12.68,11.92,5.94,26.64,66.59,3.57,51.99,118.96,84.95,6.81,,33.02,15.25
2019-03-04 07:00:00,6.77,23.38,18.41,27.72,81.35,17.19,83.33,9.78,10.44,86.03,6.81,11.7,14.29,61.27,18.82,8.73,6.06,9.38,6.0,16.97,14.33,3.31,5.82,74.05,27.73,18.4,33.41,8.64,46.79,32.53,13.38,16.97,91.94,13.74,2.49,,9.15,12.8,12.8,11.75,6.13,26.98,68.12,3.66,52.26,120.15,84.95,7.04,,33.7,15.4
2019-03-05 07:00:00,6.81,22.92,19.26,28.64,82.7,17.12,82.78,9.94,10.56,86.03,6.87,11.57,14.29,62.46,18.78,8.99,6.11,9.44,6.27,17.79,14.11,3.42,5.88,73.64,27.92,18.4,33.24,8.7,46.64,32.53,13.5,17.22,91.68,13.61,2.49,,9.2,12.9,12.85,11.12,6.03,27.33,67.68,3.63,52.35,119.65,84.3,7.07,,33.61,15.44
2019-03-06 07:00:00,6.75,22.66,19.04,27.87,82.78,17.59,82.18,9.8,10.56,86.24,6.91,11.54,14.26,61.87,18.58,9.25,6.14,9.34,6.03,18.77,14.02,3.31,5.86,73.08,27.39,18.34,32.74,8.64,47.33,32.43,13.46,17.71,91.75,13.47,2.49,,9.16,12.75,12.71,11.26,5.97,27.11,66.96,4.14,52.3,119.95,84.3,6.99,,33.51,15.39
2019-03-07 07:00:00,6.81,22.66,19.23,27.92,82.78,17.74,82.78,9.94,10.47,86.24,6.92,11.31,14.23,62.76,18.72,9.16,6.11,9.3,5.77,19.95,13.84,3.38,5.86,73.72,27.45,18.27,32.24,8.68,47.72,32.3,13.42,17.58,90.97,13.23,2.59,,9.18,12.9,12.78,11.26,6.03,27.33,69.43,3.72,54.44,120.54,83.83,7.02,,34.43,15.41
2019-03-08 07:00:00,6.79,22.84,18.93,27.57,80.68,17.48,88.2,9.85,10.47,86.1,6.81,11.44,14.16,61.09,18.58,8.82,6.06,9.1,5.58,19.58,13.6,3.38,5.8,72.91,27.11,18.24,32.68,8.62,47.33,31.98,13.26,17.25,91.75,13.16,2.56,,9.07,12.75,12.59,11.14,5.94,26.98,67.68,3.68,53.15,119.95,82.35,6.92,,34.19,15.4
2019-03-11 07:00:00,6.79,19.42,18.6,27.36,80.76,17.7,86.44,9.76,10.31,86.03,6.79,11.41,14.18,60.14,18.52,8.65,6.04,9.07,5.86,19.95,13.65,3.34,5.76,72.67,27.27,18.15,33.74,8.65,46.72,31.98,13.18,17.2,92.24,13.23,2.56,,9.04,12.65,12.52,11.26,5.93,26.86,67.25,3.66,52.57,120.54,82.0,6.91,,34.48,15.2
2019-03-12 07:00:00,6.86,22.84,19.37,27.21,81.27,17.59,86.98,10.12,10.47,86.03,6.86,11.5,14.7,60.68,18.55,8.82,6.14,9.06,6.0,19.83,13.84,3.38,5.93,72.91,27.45,18.71,34.8,9.09,47.72,32.53,13.18,17.71,94.6,13.33,2.62,,9.13,12.7,12.66,11.26,6.01,27.76,67.47,3.72,53.06,120.64,82.35,7.01,,35.74,15.3
2019-03-13 07:00:00,7.04,21.94,19.61,27.52,81.52,18.11,86.68,10.42,10.35,86.18,6.91,11.63,14.76,61.51,18.88,8.99,6.19,9.11,5.79,19.46,13.84,3.42,5.99,72.51,27.92,18.9,34.97,9.18,48.33,32.78,13.22,17.91,96.62,13.3,2.69,,9.31,12.95,13.01,11.36,6.07,27.93,69.94,3.86,53.33,119.65,82.71,7.2,,36.81,15.51
2019-03-14 07:00:00,7.1,22.84,20.02,28.13,81.94,18.29,88.14,10.42,10.0,85.82,6.81,11.63,14.7,61.39,19.49,9.08,6.15,9.19,5.67,18.93,13.71,3.45,5.99,72.35,27.76,18.56,34.58,9.35,48.1,33.49,13.1,17.6,96.44,13.12,2.62,,9.36,13.15,12.87,11.43,6.06,28.7,68.92,3.8,52.79,118.76,82.06,7.17,,38.8,15.55
2019-03-15 07:00:00,7.06,21.58,20.46,27.77,81.6,18.18,87.84,10.49,10.05,86.04,6.79,11.57,14.64,61.95,19.05,10.2,6.33,8.78,5.66,18.6,13.71,3.45,5.96,72.1,27.7,18.52,34.86,9.35,48.18,33.72,13.1,17.5,95.5,13.09,2.62,,9.32,13.05,12.85,11.48,6.06,28.78,68.49,3.78,53.02,118.06,81.47,7.1,,36.91,15.5
2019-03-18 07:00:00,7.15,21.94,20.51,27.62,81.52,18.14,86.86,10.74,10.03,86.04,6.78,11.54,14.68,63.4,19.05,10.63,6.4,8.59,5.72,18.77,13.8,3.49,5.99,70.97,27.7,18.24,33.97,9.35,48.72,33.49,12.87,17.25,95.05,13.16,2.62,,9.34,13.05,12.87,11.14,6.04,29.04,69.14,3.8,53.9,118.76,81.82,7.33,,37.4,15.46
2019-03-19 07:00:00,7.1,21.58,20.35,27.11,80.68,18.55,87.35,10.72,9.93,85.89,6.73,11.7,14.64,63.71,18.85,10.29,6.41,8.47,5.64,18.69,14.0,3.49,6.05,70.73,28.23,17.83,33.13,9.35,48.33,33.75,12.71,17.05,93.44,13.06,2.62,,9.29,12.9,12.85,10.95,6.06,28.95,69.36,3.8,54.39,119.05,81.47,7.33,,37.06,15.5
2019-03-20 07:00:00,6.97,22.39,19.91,26.59,82.28,18.69,87.04,10.6,9.86,86.18,6.68,11.44,14.51,62.49,18.58,9.94,6.32,8.65,5.64,18.52,13.95,3.42,6.03,69.83,27.7,18.21,32.96,9.15,47.72,33.1,12.75,17.05,93.63,12.92,2.56,,9.13,12.85,12.64,11.0,6.04,28.78,68.05,3.72,53.77,118.76,81.76,7.14,,36.13,15.34
2019-03-21 07:00:00,6.97,22.39,19.99,26.49,82.53,18.77,86.92,10.58,10.0,87.28,6.71,11.47,14.48,62.8,18.68,10.98,6.33,8.61,5.74,18.36,13.97,3.38,6.12,69.19,27.64,17.89,32.74,9.18,47.87,32.98,12.63,17.1,94.0,12.99,2.56,,9.04,12.9,12.64,11.09,6.04,29.08,67.76,3.7,53.46,118.86,82.59,7.12,,35.6,15.4
2019-03-22 07:00:00,6.81,22.74,19.47,26.08,81.1,18.47,86.98,10.35,9.93,87.28,6.68,11.47,14.35,60.92,18.38,12.1,6.22,8.54,5.7,18.64,13.86,3.34,6.07,69.11,27.33,17.39,32.24,8.99,46.1,32.94,12.36,16.74,94.0,12.71,2.49,,8.83,12.65,12.42,11.19,6.03,28.7,66.45,3.66,52.84,118.06,80.88,6.92,,34.48,15.4
2019-03-25 07:00:00,6.75,22.3,19.09,26.03,80.76,18.33,86.01,10.17,9.82,87.28,6.59,11.37,14.23,59.58,17.85,11.24,6.08,8.39,5.58,17.95,13.71,3.31,5.92,67.81,26.83,17.01,31.74,8.93,45.02,32.46,12.04,16.34,93.63,12.51,2.46,,8.56,12.45,12.24,11.17,6.0,28.27,65.21,3.63,52.13,117.37,80.58,6.71,,33.32,15.0
2019-03-26 07:00:00,6.75,22.03,19.15,25.06,80.51,18.11,85.46,10.37,9.82,87.14,6.56,11.54,14.23,60.07,17.88,10.72,6.07,8.42,5.57,17.71,13.67,3.31,5.91,68.05,26.43,17.14,31.79,8.99,45.33,32.43,11.96,16.26,93.96,12.64,2.46,,8.63,12.45,12.24,11.02,6.04,28.48,66.08,3.59,51.9,118.06,81.11,6.68,,32.93,15.0
2019-03-27 07:00:00,6.79,22.48,19.15,25.26,81.1,18.47,86.44,10.44,10.0,86.77,6.58,11.5,14.26,59.82,17.75,11.58,6.05,8.58,5.6,17.38,13.78,3.31,5.93,69.02,26.34,17.3,31.96,8.93,45.41,32.3,12.28,16.28,94.0,12.68,2.49,,8.69,12.4,12.19,11.02,6.0,28.23,66.3,3.59,51.5,117.47,80.99,6.74,,33.41,15.0
2019-03-28 07:00:00,6.77,22.84,19.56,24.86,81.01,18.18,88.87,10.42,9.96,86.92,6.56,11.5,14.34,59.82,17.71,10.98,6.08,8.61,5.87,17.71,14.24,3.31,5.91,68.86,26.27,17.33,32.07,8.96,45.95,32.11,12.16,16.31,93.93,12.64,2.49,,8.6,12.3,12.19,10.97,6.03,28.57,67.98,3.65,51.5,117.17,80.58,6.74,,33.27,15.0
2019-03-29 07:00:00,6.77,23.82,19.64,25.26,81.86,18.33,88.99,10.44,9.98,86.92,6.48,11.44,14.42,60.37,17.92,10.72,5.98,8.67,5.84,17.67,14.19,3.31,5.92,70.4,26.43,17.2,31.74,9.2,46.18,32.2,12.2,16.49,94.34,12.61,2.49,,8.64,12.35,12.19,11.04,6.06,28.91,68.7,3.7,51.9,116.58,80.58,6.73,,34.24,14.97
2019-04-01 07:00:00,6.77,23.82,19.8,25.42,80.68,18.25,86.56,10.33,9.86,86.77,6.48,11.44,14.51,61.28,17.85,10.55,5.95,8.54,5.72,17.79,14.11,3.31,5.92,71.29,26.4,17.2,31.52,9.41,46.95,32.3,12.08,16.24,93.78,12.58,2.49,,8.79,12.4,12.14,11.07,6.44,29.08,68.34,3.68,51.77,115.78,81.82,6.66,,35.11,15.0
2019-04-02 07:00:00,6.81,23.55,19.64,25.57,80.85,18.47,87.04,10.33,9.91,86.77,6.46,11.37,14.76,62.25,17.92,10.81,5.88,8.55,5.61,18.2,14.66,3.31,5.93,71.78,26.4,17.17,31.18,9.35,47.49,32.43,12.28,16.21,94.04,12.58,2.52,,8.86,12.5,12.21,11.46,6.44,29.34,68.27,3.7,52.08,114.99,82.59,6.68,,36.13,15.1
2019-04-03 07:00:00,6.77,22.48,19.69,25.24,79.75,18.51,86.74,10.05,9.72,86.92,6.38,11.31,14.92,61.83,17.75,10.55,5.65,8.53,5.61,18.52,14.15,3.31,5.92,71.37,26.21,17.01,31.63,9.31,47.02,32.14,12.12,16.13,93.1,12.54,2.49,,8.72,12.3,12.09,11.82,6.44,28.95,67.17,3.68,51.55,113.9,82.06,6.57,,34.87,15.0
2019-04-04 07:00:00,6.73,22.92,19.64,25.26,79.08,18.33,86.86,10.21,9.72,88.75,6.35,11.37,15.24,62.01,17.75,10.89,5.79,8.59,5.68,18.44,14.15,3.31,5.97,71.37,26.15,17.14,31.68,9.31,47.02,32.46,12.2,16.11,93.93,12.58,2.46,,8.74,12.3,12.07,11.94,6.47,29.08,67.61,3.72,51.46,113.7,82.53,6.57,,35.11,14.98
2019-04-05 07:00:00,6.75,22.48,19.47,25.21,79.08,18.47,86.68,10.19,9.7,88.02,6.21,11.37,15.14,62.98,18.12,10.81,5.79,8.66,5.67,18.36,14.55,3.27,6.04,71.94,26.15,17.2,31.85,9.25,47.33,32.75,12.28,16.51,93.89,12.99,2.46,,8.71,12.3,12.05,11.6,6.58,29.21,67.9,3.72,51.28,112.71,81.47,6.57,,35.21,14.99
2019-04-08 07:00:00,6.86,21.67,19.39,25.52,79.33,18.36,86.44,10.21,9.68,87.28,6.31,11.44,15.18,64.92,18.12,10.72,5.77,8.66,5.6,18.24,14.37,3.31,6.03,71.7,26.21,17.26,32.02,9.54,48.26,32.59,12.32,16.56,93.59,13.16,2.49,,8.79,12.3,12.0,11.26,6.51,29.85,68.92,3.72,51.46,112.21,81.29,6.55,,35.16,15.45
2019-04-09 07:00:00,6.88,21.58,19.75,25.83,79.84,18.18,85.28,10.35,9.38,86.84,6.28,11.47,15.33,65.53,17.85,10.72,5.79,8.62,5.6,18.11,14.24,3.31,6.06,71.86,26.09,17.26,31.96,9.55,48.49,33.33,12.36,16.59,93.4,13.09,2.49,,8.86,12.35,12.12,10.9,6.51,29.98,69.94,3.74,51.55,113.01,81.41,6.57,,35.21,15.13
2019-04-10 07:00:00,6.77,21.67,19.53,25.52,79.75,18.11,77.91,10.14,9.07,86.92,6.15,11.31,14.95,64.13,17.68,10.29,5.66,8.5,5.52,18.36,13.93,3.27,5.99,70.48,25.93,17.01,31.79,9.31,47.56,32.59,12.04,16.28,93.25,12.78,2.46,,8.82,12.25,12.05,10.78,6.4,29.77,68.34,3.7,50.66,112.21,80.58,6.52,,34.19,14.9
2019-04-11 07:00:00,6.79,21.58,19.37,25.73,79.42,18.07,77.31,10.19,9.03,86.92,6.11,11.41,15.02,64.44,17.65,10.29,5.6,8.5,5.52,17.71,13.93,3.27,5.95,71.29,25.78,16.98,31.74,9.38,47.18,32.43,11.96,16.21,93.55,12.75,2.46,,8.72,12.2,11.9,10.78,6.38,29.55,68.34,3.7,51.1,114.0,80.4,6.48,,34.34,14.83
2019-04-12 07:00:00,6.73,22.12,19.2,25.06,79.0,17.89,76.94,10.1,9.19,85.45,6.07,11.37,15.3,65.1,17.61,9.86,5.56,8.5,5.51,17.34,14.06,3.24,5.96,71.37,25.68,17.01,31.74,9.39,47.02,32.14,11.96,16.13,93.06,12.82,2.46,,8.61,12.15,11.86,10.8,6.47,29.38,68.19,3.68,51.1,113.01,80.34,6.39,,34.04,14.81
2019-04-16 07:00:00,6.7,21.22,19.42,25.16,77.57,17.67,76.09,9.94,9.12,84.35,6.05,11.31,15.24,64.19,17.51,10.03,5.66,8.49,5.44,17.18,13.97,3.2,5.85,71.37,25.5,17.2,31.24,9.35,47.1,31.95,11.88,16.08,92.5,12.71,2.46,,8.52,12.15,11.69,10.7,6.37,29.13,66.96,3.72,50.26,112.31,80.52,6.32,,33.32,14.75
2019-04-17 07:00:00,6.73,,19.37,25.16,78.07,17.81,75.42,10.01,9.01,83.62,6.02,11.31,15.65,65.47,17.55,10.11,5.71,8.45,5.25,17.14,13.93,3.24,5.87,71.37,25.47,17.26,31.57,9.38,47.79,32.2,11.92,16.18,92.69,12.75,2.46,,8.53,12.2,11.83,10.56,6.3,29.21,66.96,3.68,50.22,112.51,80.82,6.39,,33.27,14.76
2019-04-18 07:00:00,6.66,21.13,19.31,24.86,77.32,17.59,74.02,9.85,8.91,83.91,5.97,11.31,15.57,64.92,17.45,10.2,5.62,8.37,4.76,17.05,14.06,3.2,5.89,71.21,25.44,17.14,31.68,9.31,47.1,31.88,11.8,16.08,92.5,12.68,2.46,,8.41,12.0,11.72,10.39,6.31,29.43,65.94,3.68,48.88,114.99,79.99,6.35,,33.36,14.69
2019-04-19 07:00:00,6.64,21.22,19.2,24.34,77.4,17.56,74.26,9.73,8.56,82.15,5.8,11.31,15.46,65.28,17.38,9.86,5.58,8.41,4.96,16.97,13.97,3.2,5.85,71.29,25.53,16.95,31.85,9.25,46.95,31.66,11.53,15.98,91.0,12.61,2.46,,8.34,11.9,11.57,10.34,6.52,29.34,65.86,3.66,49.15,114.69,80.05,6.32,,33.36,14.65
2019-04-22 07:00:00,6.59,21.94,19.01,24.29,76.9,17.45,73.41,9.62,8.84,86.99,5.82,11.31,15.33,66.74,17.35,9.68,5.58,8.51,5.26,17.26,13.93,3.16,5.84,71.29,25.87,17.01,32.13,9.12,47.1,31.66,11.33,15.98,91.0,12.54,2.46,,8.2,11.8,11.48,10.31,6.33,29.17,65.57,3.65,49.73,114.59,77.92,6.32,,33.02,14.57
2019-04-23 07:00:00,6.64,21.22,18.87,24.04,77.15,17.45,73.35,9.71,8.84,84.28,5.9,11.31,15.32,68.5,17.31,9.94,5.62,8.49,5.13,17.14,13.84,3.2,5.79,71.29,25.81,16.85,32.57,9.02,47.41,32.14,11.45,15.83,90.63,12.64,2.46,,8.01,12.2,11.27,10.39,6.24,29.13,65.57,3.61,50.22,114.6,76.45,6.32,,34.14,14.61
2019-04-24 07:00:00,6.7,21.13,18.98,24.29,77.32,17.45,73.65,9.87,8.84,83.98,5.98,11.24,15.38,69.71,17.21,9.77,5.62,8.85,5.33,17.05,13.76,3.2,5.8,71.37,25.87,16.85,32.85,9.23,47.64,32.2,11.45,15.93,90.63,12.54,2.49,,8.14,12.2,11.5,10.31,6.18,29.64,65.72,3.63,50.66,114.5,76.45,6.3,,34.38,14.8
2019-04-25 07:00:00,6.75,21.58,19.09,24.04,77.32,17.3,73.96,9.8,8.77,83.98,5.98,11.24,15.54,69.05,17.31,9.94,5.62,8.93,5.45,16.81,13.78,3.24,5.83,71.29,26.06,16.98,32.57,9.23,47.49,32.14,11.45,16.08,89.92,12.54,2.49,,8.12,12.05,11.53,10.41,6.1,29.34,65.72,3.63,50.57,115.6,76.57,6.29,,34.58,14.75
2019-04-26 07:00:00,6.7,21.67,19.04,24.24,75.13,17.23,73.71,9.76,8.72,85.08,5.95,11.21,15.73,68.86,17.35,9.6,5.6,8.97,5.35,16.81,13.71,3.16,5.88,70.81,26.37,17.11,33.02,9.31,48.02,32.2,11.68,16.13,90.63,12.64,2.46,,8.15,12.0,11.43,10.41,6.1,29.25,67.03,3.66,50.53,115.9,76.92,6.26,,34.97,14.72
2019-05-02 07:00:00,6.73,21.58,19.09,24.4,69.25,17.37,73.53,9.76,8.7,86.92,6.0,11.21,15.87,69.47,17.41,9.77,5.58,9.02,5.54,16.73,13.71,3.16,5.96,71.7,26.8,17.33,32.96,9.33,48.33,33.1,11.72,16.41,91.38,12.58,2.46,,8.23,12.1,11.43,10.46,6.08,29.08,67.25,3.63,50.62,118.5,77.39,6.24,,35.45,14.77
2019-05-03 07:00:00,6.66,21.31,18.98,24.04,64.46,17.23,73.96,9.69,8.6,86.55,6.0,11.31,15.81,69.11,17.51,9.68,5.56,9.12,5.7,16.65,13.65,3.13,5.97,73.24,26.68,17.26,33.13,9.37,48.1,33.49,11.6,16.31,91.3,12.58,2.46,,8.18,12.4,11.34,10.48,6.08,28.78,66.88,3.59,50.53,118.6,77.33,6.17,,35.84,14.9
2019-05-06 07:00:00,6.66,21.13,18.49,23.94,63.87,17.23,73.35,9.48,8.56,86.4,5.95,11.31,15.62,67.65,17.38,9.6,5.52,8.97,5.47,16.52,13.58,3.13,5.88,71.62,26.37,17.01,33.07,9.23,47.18,32.78,11.37,15.98,91.19,12.37,2.43,,8.06,12.2,11.29,10.51,6.07,28.61,65.57,3.55,49.9,117.7,76.92,6.11,,34.77,14.8
2019-05-07 07:00:00,6.66,20.68,18.49,23.78,64.71,17.34,73.1,9.53,8.6,86.4,5.97,11.24,15.71,66.62,17.55,9.86,5.44,8.97,5.46,16.28,13.67,3.02,5.85,71.86,26.21,16.92,32.57,9.23,47.49,32.82,11.33,15.88,91.0,12.27,2.43,,8.07,12.2,11.2,10.44,6.16,28.7,65.43,3.51,50.35,117.9,76.74,6.06,,34.77,14.66
2019-05-08 07:00:00,6.57,19.78,18.0,23.37,65.13,17.23,72.44,9.37,8.8,86.92,5.95,11.44,15.71,66.44,17.55,9.34,5.21,8.83,5.39,16.57,13.45,2.98,5.79,71.7,26.03,16.89,32.02,9.05,47.18,32.66,11.05,16.24,91.0,12.16,2.4,,7.92,12.25,10.87,10.19,6.1,28.1,63.6,3.49,50.08,116.5,76.21,5.96,,34.24,14.51
2019-05-09 07:00:00,6.55,19.78,17.89,23.01,62.61,17.15,71.95,9.44,8.64,86.55,5.92,11.89,15.7,66.13,17.58,9.68,5.3,8.82,5.4,16.57,13.23,2.98,5.79,71.45,26.21,17.23,32.29,9.11,47.1,32.56,10.97,16.18,92.46,12.13,2.4,,7.88,12.2,10.96,10.27,6.18,28.27,62.37,3.49,50.08,115.9,76.21,6.0,,34.38,14.7
2019-05-10 07:00:00,6.53,19.87,17.57,23.01,62.19,17.15,72.56,9.39,8.58,86.77,5.93,12.02,15.57,65.77,17.51,9.25,5.45,8.81,5.39,16.57,13.14,2.98,5.72,71.54,26.4,17.01,32.63,9.15,47.49,32.46,10.78,16.36,93.4,12.16,2.4,,7.95,12.05,10.94,10.29,6.38,28.31,62.66,3.49,50.22,115.9,76.8,6.0,,34.68,14.53
2019-05-13 07:00:00,6.57,20.14,17.89,23.01,64.54,17.08,72.44,9.55,8.53,86.92,5.92,12.02,15.74,65.53,17.68,9.51,5.47,8.74,5.51,16.32,13.23,3.02,5.76,71.21,26.49,17.14,32.52,9.21,47.33,32.4,11.29,16.56,94.38,12.13,2.43,,7.98,12.05,11.01,10.22,6.58,28.31,62.07,3.53,50.17,116.0,79.05,6.11,,35.16,14.7
2019-05-14 07:00:00,6.5,19.78,17.78,23.17,65.55,17.01,71.22,9.46,8.39,86.55,5.93,12.02,16.06,66.13,17.68,10.03,5.47,8.59,5.53,16.32,13.23,3.02,5.75,71.13,26.58,17.08,32.52,9.25,48.02,32.62,12.0,16.72,97.0,12.13,2.4,,7.95,11.95,10.96,10.17,6.52,28.53,62.66,3.53,50.44,116.8,80.52,6.03,,35.26,14.57
2019-05-15 07:00:00,6.59,20.14,18.06,23.27,66.56,17.01,71.58,9.69,8.53,86.18,5.92,11.57,16.0,67.23,17.75,10.11,5.48,8.67,5.54,16.4,13.23,3.02,5.83,71.7,27.08,17.86,32.63,9.55,50.03,33.04,12.59,16.89,96.47,12.16,2.43,,8.18,12.15,11.36,10.36,6.57,28.87,63.02,3.57,51.64,118.2,80.52,6.16,,35.84,14.78
2019-05-16 07:00:00,6.57,19.51,18.0,23.83,66.81,17.15,72.44,9.78,8.69,86.55,5.95,11.7,16.03,67.95,17.68,9.94,5.48,8.67,5.52,16.32,13.43,3.02,5.8,71.54,27.11,17.67,32.8,9.94,50.03,33.3,12.32,16.84,95.31,12.13,2.43,,8.18,12.15,11.38,10.46,6.61,28.87,63.46,3.59,52.84,118.8,80.52,6.21,,36.23,14.84
2019-05-17 07:00:00,6.53,20.68,17.84,23.76,66.39,17.19,72.74,9.78,8.66,85.74,5.92,11.7,15.96,67.59,18.05,10.03,5.4,8.59,5.47,16.12,13.45,3.02,5.77,71.13,26.99,18.24,32.74,9.98,50.41,33.1,12.36,16.69,96.62,12.27,2.43,,8.18,12.05,11.24,10.39,6.75,28.7,63.39,3.55,52.48,118.0,80.58,6.16,,36.55,14.82
2019-05-20 07:00:00,6.55,20.23,17.95,23.5,66.31,17.08,71.83,9.85,8.5,85.6,5.85,12.15,16.07,68.56,18.25,10.11,5.39,8.77,5.48,16.16,13.36,3.02,5.76,71.45,27.48,17.77,33.24,9.82,51.18,34.71,12.32,17.05,99.24,12.58,2.4,,8.26,12.05,11.29,10.34,6.79,29.17,63.24,3.55,52.22,118.9,81.23,6.17,,36.5,14.94
2019-05-21 07:00:00,6.59,20.68,18.14,23.94,67.06,17.19,71.4,9.85,8.47,85.45,5.9,12.15,16.34,68.68,18.25,10.37,5.4,8.81,5.48,15.99,13.36,3.02,5.77,74.21,27.64,18.15,33.24,9.74,51.03,34.81,12.32,17.12,98.87,12.61,2.4,,8.31,12.2,11.48,10.44,6.79,29.3,64.19,3.55,52.75,118.9,80.88,6.22,,36.3,15.03
2019-05-22 07:00:00,6.64,20.86,18.33,23.94,66.98,17.23,70.61,9.94,8.47,85.08,5.87,12.02,16.37,68.86,18.18,10.55,5.39,8.86,5.47,15.83,13.45,2.98,5.89,74.21,27.76,18.24,32.96,9.66,51.18,35.1,12.43,16.92,98.76,12.54,2.4,,8.3,12.2,11.43,10.36,6.86,29.38,64.04,3.53,52.48,120.1,79.7,6.29,,36.35,15.01
2019-05-23 07:00:00,6.66,20.68,18.22,23.68,66.14,17.08,70.55,9.89,8.61,85.82,6.13,11.96,16.25,67.04,18.05,10.29,5.36,8.77,5.47,15.83,13.58,2.98,5.87,73.56,27.77,17.89,32.46,9.88,51.95,35.26,12.24,16.79,98.76,12.51,2.36,,8.23,12.15,11.27,10.36,6.78,29.13,63.09,3.53,52.26,119.7,78.51,6.22,,35.85,14.9
2019-05-24 07:00:00,6.55,20.59,18.14,23.68,65.89,17.12,70.49,9.85,8.66,85.3,6.2,12.41,16.3,66.19,18.42,10.2,5.29,8.66,5.45,15.75,13.82,2.98,5.85,73.32,28.18,17.86,33.02,9.88,51.56,35.52,12.47,16.89,98.83,12.37,2.36,,8.2,11.95,11.2,10.36,6.75,29.13,63.17,3.51,51.64,120.4,78.81,6.19,,35.7,14.9
2019-05-27 07:00:00,6.48,20.59,17.84,23.83,65.13,17.19,70.12,9.73,8.61,85.82,6.16,12.02,16.12,65.59,18.25,10.2,5.35,8.58,5.64,15.75,13.67,2.95,5.77,71.94,28.02,17.45,32.63,9.84,51.1,34.74,12.59,16.72,99.24,12.4,2.33,,8.09,11.9,11.03,10.31,6.78,29.04,61.86,3.49,51.5,121.0,79.11,6.11,,35.25,14.82
2019-05-28 07:00:00,6.48,20.68,17.89,23.83,64.71,17.15,69.88,9.71,8.55,85.16,6.16,11.99,16.1,66.07,18.22,11.07,5.35,8.62,5.67,15.67,13.6,2.95,5.77,71.7,27.89,17.64,32.68,9.82,51.87,35.07,12.79,16.61,99.24,12.4,2.33,,8.01,11.95,11.05,10.31,6.81,29.38,61.64,3.45,51.55,125.0,79.4,6.16,,35.35,14.81
2019-05-29 07:00:00,6.48,20.59,17.7,24.29,64.79,17.12,68.78,9.6,8.44,85.45,6.16,11.76,15.91,66.07,18.25,11.24,5.36,8.62,5.66,15.63,13.62,2.91,5.76,71.05,27.93,17.64,32.91,9.8,51.64,34.97,12.55,16.59,98.5,12.33,2.33,,8.0,11.85,10.91,10.27,6.85,29.17,61.35,3.47,51.28,124.5,78.93,6.06,,35.1,14.81
2019-05-30 07:00:00,6.48,20.77,17.62,24.4,65.47,17.01,69.09,9.55,8.47,85.08,6.15,11.76,15.86,66.19,17.98,10.98,5.43,8.62,5.59,15.71,13.62,2.91,5.76,71.13,27.77,17.33,33.63,9.78,52.21,34.62,12.47,16.84,99.99,12.37,2.33,,8.01,11.9,10.89,10.22,6.86,29.17,61.05,3.45,51.64,124.2,78.51,6.01,,35.3,14.78
2019-05-31 07:00:00,6.46,21.4,17.4,24.29,65.13,17.01,68.66,9.5,8.39,85.16,6.13,11.76,15.89,65.41,17.85,10.63,5.43,8.54,5.49,16.32,13.62,2.91,5.72,70.32,27.67,17.26,33.85,9.78,51.73,34.2,12.4,16.74,99.99,12.4,2.33,,7.96,11.9,10.87,10.22,6.82,29.13,60.62,3.47,51.46,125.0,77.81,6.03,,35.1,14.75
2019-06-03 07:00:00,6.44,20.68,17.18,24.09,65.13,16.86,67.75,9.32,8.23,85.01,6.03,12.15,15.64,62.49,17.65,10.2,5.4,8.51,5.39,16.24,13.62,2.84,5.61,70.0,27.14,17.01,33.85,9.64,50.05,33.17,12.16,16.44,102.61,12.33,2.3,,7.85,11.75,10.63,10.17,6.78,28.78,59.74,3.44,51.33,124.0,76.8,5.93,,34.65,14.55
2019-06-04 07:00:00,6.44,20.68,17.46,24.15,65.47,16.79,67.63,9.25,8.12,83.62,6.02,12.06,15.5,62.49,17.48,10.11,5.31,8.54,5.28,15.91,13.62,2.84,5.53,69.35,27.14,17.08,33.63,9.58,49.81,32.94,12.32,16.21,102.24,12.3,2.3,,7.87,11.7,10.3,10.27,6.79,28.91,59.01,3.42,51.28,122.6,76.15,5.88,,34.4,14.4
2019-06-05 07:00:00,6.41,20.59,17.57,23.72,65.55,16.79,66.35,9.41,8.26,84.35,6.05,11.96,15.57,62.92,17.51,10.2,5.34,8.51,5.3,15.79,13.62,2.88,5.56,69.59,27.55,17.08,33.91,9.7,50.45,33.65,12.36,16.39,104.86,12.33,2.3,,7.95,11.8,10.3,10.27,6.78,28.91,59.38,3.54,51.5,121.9,77.17,5.9,,34.65,14.5
2019-06-06 07:00:00,6.41,20.23,17.29,22.97,65.38,16.79,65.74,9.32,8.15,84.64,6.05,12.02,15.86,61.28,17.58,10.72,5.35,8.23,5.18,15.67,13.6,2.88,5.53,69.27,27.45,16.98,33.8,9.7,49.89,33.35,12.43,16.34,102.99,12.23,2.27,,7.87,11.7,10.16,10.27,6.81,28.57,58.87,3.44,51.5,121.4,76.34,5.85,,34.55,14.37
2019-06-07 07:00:00,6.39,20.68,17.29,24.1,65.97,16.79,65.13,9.37,8.17,84.94,6.0,11.96,16.05,62.49,17.68,11.67,5.33,8.03,5.14,15.5,13.6,2.84,5.54,70.4,27.86,17.26,34.08,9.86,50.05,33.82,12.71,16.54,103.55,12.23,2.3,,7.92,11.75,10.2,10.27,6.84,28.7,60.47,3.38,51.99,122.2,76.1,5.9,,34.8,14.49
2019-06-10 07:00:00,6.41,22.03,17.51,24.32,66.81,16.9,65.13,9.5,8.15,84.35,6.05,11.96,16.21,63.46,17.82,11.76,5.35,8.06,5.17,15.5,13.67,2.84,5.62,70.48,28.24,17.3,34.24,10.1,50.53,34.16,12.95,16.61,105.57,12.23,2.3,,8.01,11.85,10.35,10.39,6.94,28.91,60.47,3.38,52.75,124.8,76.34,5.93,,35.2,14.6
2019-06-11 07:00:00,6.37,24.09,17.46,23.99,67.15,16.9,64.83,9.41,8.09,83.76,6.02,12.02,16.18,63.16,17.65,11.58,5.33,7.99,5.23,15.5,13.91,2.84,5.6,70.32,28.56,17.14,33.97,10.1,50.37,34.03,12.75,16.69,104.86,12.23,2.3,,7.98,11.85,10.25,10.66,7.23,28.91,59.74,3.34,52.35,124.2,75.86,5.93,,35.65,14.6
2019-06-12 07:00:00,6.37,24.72,17.4,24.15,67.99,16.82,65.01,9.39,7.9,82.96,5.97,12.06,16.18,62.74,17.51,12.1,5.33,8.01,5.23,15.54,13.86,2.84,5.6,70.08,28.71,17.2,33.85,10.02,49.97,33.69,12.51,16.61,103.36,11.82,2.27,,7.96,11.8,10.2,10.61,7.16,28.91,59.38,3.28,52.22,124.1,75.14,5.93,,35.3,14.54
2019-06-13 07:00:00,6.37,24.09,17.32,23.99,67.32,16.79,64.7,9.32,7.85,82.88,5.99,11.93,16.0,62.19,17.51,12.45,5.32,8.06,5.19,15.83,13.86,2.84,5.57,69.83,28.65,17.08,33.46,9.78,49.65,32.75,12.43,16.41,102.8,11.85,2.3,,7.87,11.7,10.06,10.61,7.2,28.91,58.29,3.26,51.5,123.4,74.78,6.0,,34.9,14.36
2019-06-14 07:00:00,6.44,23.55,17.59,23.88,67.99,16.79,63.49,9.44,7.82,80.09,5.95,11.99,15.93,62.25,17.48,12.1,5.33,7.94,5.19,15.54,14.2,2.84,5.65,68.86,28.34,17.01,33.13,9.9,49.73,32.45,12.43,16.39,102.61,11.82,2.3,,7.92,11.75,10.13,10.44,7.2,29.81,58.21,3.3,51.55,123.0,74.19,6.11,,34.9,14.5
2019-06-17 07:00:00,6.41,22.84,17.76,23.78,67.65,16.79,62.09,9.44,7.8,79.21,5.82,12.28,15.78,62.31,17.38,11.67,5.31,7.92,5.2,15.79,14.26,2.84,5.62,68.7,28.15,16.98,33.13,9.82,49.65,31.98,12.63,16.21,102.24,11.82,2.3,,7.87,11.7,10.09,10.41,7.06,30.11,58.21,3.32,51.77,120.4,73.95,6.09,,34.9,14.32
2019-06-18 07:00:00,6.44,22.92,17.51,23.78,67.74,16.86,60.75,9.44,7.77,76.5,5.66,12.12,15.77,61.83,17.38,11.67,5.29,7.96,5.14,15.5,14.06,2.84,5.6,67.81,27.89,17.01,32.29,9.9,49.25,31.33,12.67,16.08,102.24,11.82,2.27,,7.81,11.5,9.9,10.51,7.09,30.2,56.83,3.3,51.1,120.4,73.89,6.06,,34.1,14.5
2019-06-19 07:00:00,6.46,22.92,17.67,23.64,67.65,16.86,59.78,9.39,7.77,77.89,5.65,12.09,15.86,62.92,17.45,11.84,5.23,8.22,5.18,15.5,14.2,2.84,5.61,67.57,28.24,17.26,32.07,9.98,49.65,31.12,12.55,16.39,103.18,11.82,2.3,,7.85,11.4,9.75,10.48,6.75,30.28,57.05,3.26,51.5,119.8,73.89,6.08,,34.0,14.4
2019-06-20 07:00:00,6.57,23.2,17.84,23.61,67.57,16.71,59.96,9.62,7.69,76.21,5.58,12.19,16.1,63.83,17.48,12.02,5.34,8.3,5.2,15.46,14.32,2.84,5.75,68.46,28.9,17.2,32.41,10.34,51.17,31.8,12.36,16.34,106.17,11.78,2.3,,7.98,11.55,9.83,9.93,6.71,30.63,57.48,3.32,52.04,123.5,73.77,6.26,,34.9,14.41
2019-06-21 07:00:00,6.66,24.0,17.97,23.61,67.48,16.57,59.47,9.8,7.58,75.91,5.54,12.12,16.18,64.37,17.58,11.67,5.36,8.23,5.17,15.42,14.26,2.88,5.79,68.05,29.0,17.23,32.24,10.36,51.25,32.19,12.4,16.49,105.2,11.75,2.3,,8.03,11.6,9.97,9.85,6.75,30.84,57.78,3.32,51.9,123.5,74.96,6.32,,34.9,14.45
2019-06-24 07:00:00,6.59,23.02,18.0,23.45,67.65,16.71,59.65,9.85,7.63,76.65,5.58,12.19,16.12,63.83,17.55,11.5,5.31,8.29,5.17,15.34,14.15,2.84,5.76,69.27,29.19,17.11,32.29,10.34,50.45,31.98,12.16,16.39,105.24,11.82,2.3,,7.98,11.7,9.94,10.24,6.69,31.61,58.58,3.3,51.82,123.8,75.2,6.34,,35.0,14.52
2019-06-25 07:00:00,6.57,22.84,17.84,23.4,67.57,16.53,63.18,9.8,7.63,77.31,5.51,12.15,16.51,63.71,17.48,11.07,5.31,8.06,5.13,15.5,13.91,2.84,5.75,68.62,28.97,17.17,32.96,10.3,49.97,31.68,12.0,16.34,105.54,11.78,2.27,,7.9,11.8,9.87,10.24,6.52,31.18,58.36,3.28,52.08,124.5,74.19,6.34,,34.7,14.49
2019-06-26 07:00:00,6.48,22.56,17.76,23.45,67.9,16.49,62.7,9.78,7.58,78.11,5.46,12.12,16.5,63.89,17.82,11.24,5.31,8.01,5.08,16.08,13.91,2.84,5.72,69.27,29.44,17.01,33.41,10.22,50.37,31.42,11.84,16.31,106.73,11.78,2.27,,7.88,11.65,9.78,10.29,6.51,31.05,57.99,3.3,51.99,124.5,74.01,6.32,,34.4,14.45
2019-06-27 07:00:00,6.46,22.57,17.7,23.45,68.83,16.64,62.7,9.57,7.63,79.95,5.34,12.15,16.35,64.01,17.75,11.24,5.31,7.91,5.01,15.99,14.2,2.8,5.66,69.35,29.28,17.01,33.52,10.22,50.37,31.42,11.72,16.36,105.61,11.78,2.27,,7.84,11.55,9.68,10.31,6.47,30.41,57.56,3.3,51.99,124.6,73.95,6.26,,34.35,14.4
2019-06-28 07:00:00,6.41,22.94,17.57,23.29,68.07,16.49,65.13,9.5,7.71,80.17,5.17,12.22,16.32,62.86,17.65,10.98,5.45,8.1,4.92,15.83,14.15,2.8,5.64,67.24,29.28,17.01,33.24,10.34,50.05,31.33,12.0,16.18,104.86,11.82,2.23,,7.84,11.4,9.64,10.24,6.51,30.84,57.92,3.24,51.5,128.0,73.59,6.17,,34.0,14.25
2019-07-01 07:00:00,6.53,22.84,17.73,23.34,68.24,16.53,65.13,9.55,8.01,80.09,5.37,12.25,16.71,62.92,17.68,11.07,5.45,8.03,5.13,15.83,13.97,2.84,5.72,69.35,29.91,17.04,34.24,10.38,50.69,31.93,11.92,16.44,104.49,11.85,2.23,,7.93,11.6,9.97,10.83,6.54,30.8,59.01,3.28,52.08,127.8,74.72,6.32,,34.4,14.55
2019-07-02 07:00:00,6.48,22.57,17.67,23.4,68.41,16.49,63.73,9.69,8.09,80.4,5.34,12.22,16.85,63.1,18.05,11.41,5.32,7.92,5.18,15.67,13.86,2.91,5.75,69.35,30.23,16.98,33.91,10.38,51.49,32.15,11.84,16.39,104.79,11.85,2.23,,7.92,11.55,10.04,10.66,6.58,30.63,59.16,3.28,52.13,128.7,75.32,6.39,,34.7,14.55
2019-07-03 07:00:00,6.46,22.29,17.67,23.56,69.5,16.49,65.07,9.69,8.58,79.59,5.27,12.15,16.64,62.62,18.52,11.41,5.27,7.8,5.09,15.58,13.83,2.88,5.7,68.78,30.29,16.98,33.52,10.38,51.57,32.1,11.72,16.82,103.74,11.78,2.2,,7.87,11.5,9.92,10.75,6.59,30.41,59.74,3.36,51.55,128.6,75.44,6.29,,34.4,14.65
2019-07-04 07:00:00,6.5,23.77,17.92,24.05,69.92,16.35,65.74,9.73,8.47,79.22,5.31,12.15,16.74,63.1,18.38,11.41,5.25,7.75,5.0,15.67,13.8,2.88,5.75,69.02,30.48,17.2,33.41,10.42,51.57,32.1,11.8,17.1,104.49,11.78,2.23,,8.0,11.55,10.16,10.61,6.59,31.05,61.93,3.48,51.77,129.9,75.62,6.34,,34.75,14.59
2019-07-05 07:00:00,6.53,23.21,18.11,24.67,69.92,16.42,65.13,9.82,8.44,79.15,5.32,12.15,16.67,62.98,18.25,11.84,5.28,7.73,5.04,15.63,13.71,2.88,5.77,69.02,30.2,17.23,33.69,10.58,51.81,32.19,11.72,17.02,104.86,11.78,2.23,,8.06,11.5,10.2,10.88,6.61,31.1,62.66,3.44,51.9,129.8,75.62,6.42,,35.75,14.61
2019-07-08 07:00:00,6.53,22.94,17.95,24.59,69.92,16.27,64.46,9.69,8.39,78.78,5.27,12.09,16.64,63.04,18.15,11.84,5.19,7.68,5.02,15.5,13.51,2.91,5.77,68.62,30.07,17.14,33.58,10.52,51.89,31.98,11.68,17.27,105.54,11.78,2.23,,8.01,11.5,10.09,10.86,6.58,30.97,62.07,3.4,51.86,129.1,75.08,6.32,,36.2,14.59
2019-07-09 07:00:00,6.61,23.03,17.84,25.34,70.09,16.05,64.1,9.66,8.39,77.97,5.31,12.06,16.62,63.65,17.92,11.67,5.18,7.56,4.98,15.46,13.45,2.91,5.73,68.46,30.61,17.01,33.52,10.48,51.33,31.76,11.6,17.15,105.24,11.96,2.2,,7.95,11.45,9.87,10.83,6.55,30.8,61.05,3.38,51.59,128.9,74.66,6.3,,36.5,14.5
2019-07-10 07:00:00,6.66,22.94,17.92,25.13,71.18,16.35,65.13,9.76,8.44,78.12,5.36,12.09,16.83,64.19,18.12,11.76,5.17,7.49,4.98,15.42,13.39,2.88,5.79,68.54,31.4,17.08,33.97,10.56,51.41,31.76,11.72,17.43,107.44,11.96,2.2,,7.98,11.55,9.92,10.86,6.55,31.14,61.05,3.36,52.22,131.5,74.96,6.35,,36.5,14.59
2019-07-11 07:00:00,6.75,23.21,18.27,25.34,71.35,16.49,66.35,9.91,8.5,78.12,5.36,12.12,16.76,65.16,18.18,12.02,5.2,7.46,4.92,15.42,13.51,2.91,5.79,68.46,31.33,17.01,34.24,10.69,51.81,31.59,11.72,17.48,107.48,12.03,2.23,,7.95,11.55,9.97,11.03,6.54,31.95,61.13,3.36,52.22,131.5,74.96,6.4,,36.45,14.6
2019-07-12 07:00:00,6.75,23.95,18.44,26.53,71.94,16.42,67.57,9.96,8.47,78.78,5.31,12.09,16.83,65.1,18.12,11.93,5.19,7.58,4.88,15.46,13.33,2.95,5.87,67.89,31.3,16.95,34.35,10.65,51.89,31.76,11.84,17.3,108.98,12.03,2.23,,8.01,11.55,10.01,11.03,6.52,31.91,60.98,3.52,51.99,131.6,74.84,6.45,,36.75,14.7
2019-07-15 07:00:00,6.7,24.78,18.27,27.07,71.52,16.27,67.69,9.89,8.47,76.72,5.25,11.96,16.87,64.5,18.32,11.67,5.2,7.58,5.03,15.5,13.19,2.91,5.8,66.03,32.19,16.92,34.13,10.5,51.97,32.02,11.76,17.35,108.57,11.96,2.2,,7.92,11.5,10.04,10.91,6.54,32.12,60.47,3.65,51.64,130.4,74.07,6.42,,36.65,14.6
2019-07-16 07:00:00,6.75,24.78,18.85,27.94,72.61,16.24,67.87,9.96,8.34,76.72,5.27,11.89,16.96,64.62,18.45,12.1,5.19,7.46,5.16,15.5,12.99,2.88,5.92,65.54,32.41,16.92,33.69,10.5,51.73,32.49,11.68,17.48,106.73,11.96,2.2,,7.93,11.5,10.11,10.93,6.67,33.41,61.2,3.71,51.77,131.0,74.19,6.43,,37.0,14.62
2019-07-17 07:00:00,6.86,24.96,19.04,27.56,74.46,16.13,68.6,10.08,8.12,75.91,5.25,11.96,16.85,66.13,18.32,11.93,5.23,7.46,5.12,15.5,12.81,2.88,5.99,65.38,32.37,16.89,33.63,10.42,51.73,32.15,11.53,17.07,107.48,11.89,2.23,,8.18,11.65,10.06,11.01,6.67,33.02,62.29,3.67,51.68,131.1,75.2,6.43,,37.4,14.64
2019-07-18 07:00:00,6.84,25.24,18.93,27.13,73.79,16.05,67.87,10.03,8.09,75.54,5.2,11.83,16.71,66.07,18.08,11.93,5.25,7.37,5.1,15.5,13.07,2.88,5.99,64.81,32.78,16.82,33.69,10.38,51.57,31.76,11.49,17.0,107.11,11.89,2.23,,8.14,11.65,9.97,11.06,6.64,33.07,61.2,3.73,51.5,131.0,74.9,6.32,,37.05,14.58
2019-07-19 07:00:00,7.1,26.25,19.31,27.29,72.19,16.13,68.42,10.14,8.01,75.91,5.2,11.89,17.13,65.22,18.08,12.1,5.24,7.3,5.13,15.5,13.04,2.88,6.06,63.03,33.45,16.76,32.68,10.46,51.57,32.1,11.45,17.07,106.73,11.86,2.23,,8.15,11.75,10.06,11.19,6.61,34.18,62.15,3.73,51.55,130.3,75.92,6.34,,37.4,14.62
2019-07-22 07:00:00,7.61,26.99,19.61,26.99,72.11,16.46,68.18,10.1,8.47,76.94,5.2,11.89,17.26,64.98,17.98,12.45,5.25,7.3,5.11,16.08,13.07,2.88,6.1,64.73,33.92,16.57,32.57,10.44,51.65,33.05,11.37,16.79,105.24,11.75,2.23,,8.04,11.75,10.06,11.03,6.52,34.05,61.64,3.73,51.77,135.0,75.56,6.32,,37.65,14.65
2019-07-23 07:00:00,6.9,26.25,19.5,27.56,72.27,16.31,68.3,9.96,9.01,75.54,5.19,11.8,17.31,65.53,18.12,12.54,5.18,7.49,5.04,15.83,12.9,3.13,6.14,64.57,34.36,16.7,32.46,10.42,51.65,33.74,11.17,17.05,104.86,11.64,2.23,,7.98,11.6,9.99,10.71,6.59,33.97,62.66,3.69,53.46,132.1,75.02,6.26,,37.4,14.68
2019-07-24 07:00:00,6.9,26.99,19.31,27.5,71.6,16.27,68.48,9.98,8.93,75.02,5.17,11.76,17.52,65.65,17.92,12.97,5.21,7.51,5.04,15.67,12.81,3.06,6.2,65.54,34.62,16.45,32.91,10.5,53.01,33.66,11.37,17.15,105.24,11.61,2.27,,7.98,11.55,10.01,10.66,6.58,34.05,63.17,3.71,54.3,134.0,75.8,6.24,,37.65,14.8
2019-07-25 07:00:00,6.96,26.99,19.2,26.75,71.6,16.16,68.78,9.82,8.72,75.39,5.14,11.67,17.36,65.83,17.98,13.14,5.2,7.72,5.0,15.54,12.7,3.02,6.15,65.86,34.24,16.29,32.91,10.52,53.25,34.09,11.29,17.12,105.98,11.57,2.23,,7.84,11.35,9.92,11.16,6.54,33.32,64.77,3.81,55.59,133.8,74.96,6.22,,37.95,14.79
2019-07-26 07:00:00,6.87,26.71,19.58,26.91,72.02,16.13,68.78,9.8,8.85,75.24,5.1,11.67,17.31,66.13,17.95,12.79,5.19,7.94,5.01,15.5,12.75,2.98,6.06,65.54,34.24,16.13,32.63,10.52,53.17,34.0,11.37,16.89,106.55,11.47,2.23,,7.76,11.3,9.9,11.06,6.52,34.14,64.04,3.79,54.79,133.1,75.2,6.16,,37.9,14.79
2019-07-29 07:00:00,6.76,26.07,19.53,26.86,72.11,16.13,70.0,9.73,8.9,74.8,5.12,11.76,17.31,67.35,17.95,12.88,5.17,7.77,4.96,15.42,12.72,2.98,6.07,65.62,33.83,16.32,32.8,10.56,52.61,33.92,11.29,16.67,105.61,11.75,2.23,,7.74,11.2,9.94,11.11,6.51,34.69,64.11,3.81,55.28,133.7,74.3,6.14,,37.45,14.75
2019-07-30 07:00:00,6.73,25.79,19.42,26.48,71.94,16.05,69.88,9.69,9.12,74.36,5.07,11.83,17.24,68.26,17.82,13.14,5.16,7.65,4.87,15.42,12.72,2.95,6.1,65.7,33.76,16.38,32.63,10.63,52.37,33.74,11.13,16.79,105.57,11.64,2.2,,7.7,11.05,9.87,11.16,6.5,35.34,65.13,3.75,55.55,133.8,75.02,6.14,,36.8,14.79
2019-07-31 07:00:00,6.67,25.79,19.37,26.37,71.69,16.05,68.78,9.55,8.69,73.84,4.97,11.73,17.17,67.04,17.58,12.97,5.17,7.77,4.91,15.34,12.87,2.95,5.99,64.81,33.76,16.13,33.02,10.54,52.45,33.4,11.13,16.64,105.61,11.71,2.17,,7.38,10.9,9.78,11.49,6.48,34.48,64.99,3.69,54.75,133.9,74.07,6.09,,37.2,14.71
2019-08-01 07:00:00,6.64,26.25,19.37,26.42,71.43,16.05,68.48,9.53,8.88,73.11,4.97,11.7,17.24,66.68,17.45,12.88,5.15,7.84,4.9,15.26,13.33,2.91,5.97,65.38,34.24,16.19,33.13,10.83,52.45,34.18,11.25,16.89,105.42,11.78,2.17,,7.41,10.75,9.78,11.56,6.47,34.48,66.15,3.77,55.33,133.4,74.36,6.06,,37.2,14.7
2019-08-02 07:00:00,6.53,29.02,19.64,26.48,70.76,16.02,68.78,9.48,8.77,71.49,4.86,11.73,17.38,64.98,17.38,13.49,5.16,7.77,4.84,15.1,13.28,2.91,5.96,64.81,34.24,15.94,33.46,10.81,52.29,34.87,11.25,16.87,105.24,11.82,2.14,,7.35,10.8,9.78,11.44,6.37,34.48,65.72,3.75,54.7,132.4,74.19,6.32,,36.85,14.68
2019-08-05 07:00:00,6.44,31.32,19.53,26.48,69.75,16.13,70.0,9.37,8.61,71.49,4.76,11.57,17.66,64.31,17.41,14.01,5.16,7.75,4.84,14.93,13.28,2.91,5.92,64.0,35.15,15.81,33.52,10.81,52.05,35.35,11.33,16.82,105.57,11.82,2.14,,7.28,10.6,9.71,11.31,6.52,34.14,65.57,3.81,54.26,131.5,74.3,6.32,,36.3,14.67
2019-08-06 07:00:00,6.32,33.16,19.45,25.88,65.97,15.84,68.78,9.3,8.47,71.49,4.68,11.67,17.49,62.49,17.78,15.13,5.07,7.58,4.67,14.61,13.13,2.84,5.83,62.06,34.96,15.63,33.13,10.54,49.97,36.6,10.93,16.44,105.5,11.75,2.1,,6.92,10.5,9.59,11.11,6.38,32.94,61.71,3.77,53.24,130.1,72.27,6.13,,35.35,14.37
2019-08-07 07:00:00,6.35,32.79,19.37,26.59,65.8,15.54,68.78,9.34,8.5,70.75,4.66,11.7,17.65,62.49,17.78,14.87,4.95,7.63,4.66,14.93,13.3,2.88,5.81,61.9,36.04,15.44,33.24,10.58,49.97,37.56,10.9,16.44,104.86,11.61,2.1,,6.95,10.6,9.64,11.11,6.41,33.58,62.15,4.01,53.42,131.1,72.75,6.13,,35.3,14.45
2019-08-08 07:00:00,6.35,31.41,19.17,28.26,67.23,15.94,68.18,9.37,8.61,70.75,4.69,11.6,17.95,62.8,18.92,14.83,4.95,8.03,4.57,14.93,13.62,2.84,5.87,60.6,36.29,15.37,33.3,10.63,50.13,38.04,10.7,17.25,104.86,11.47,2.1,,6.86,10.45,9.57,11.26,6.4,34.18,63.04,3.97,54.44,131.5,72.63,6.13,,35.8,14.51
2019-08-09 07:00:00,6.44,31.32,19.09,28.48,67.15,15.91,65.74,9.48,8.82,72.22,4.85,11.5,18.23,62.19,18.85,14.74,5.21,8.1,4.6,14.69,13.74,2.84,5.87,61.9,36.57,15.53,33.46,10.69,50.05,37.26,10.74,17.83,105.61,11.4,2.1,,7.02,10.5,9.59,11.56,6.44,34.01,62.67,3.99,54.44,131.7,72.69,6.22,,35.9,14.6
2019-08-12 07:00:00,6.35,30.58,19.31,28.04,65.8,15.73,65.13,9.41,8.39,71.85,4.9,11.5,18.66,62.49,18.68,14.57,5.25,8.22,4.61,14.69,13.68,2.84,5.92,61.98,37.23,15.63,33.52,10.67,50.05,37.43,10.7,17.83,104.67,11.26,2.1,,7.03,10.45,9.61,11.59,6.47,33.75,62.16,3.95,53.86,134.5,72.27,6.22,,35.6,14.66
2019-08-13 07:00:00,6.35,30.03,19.31,27.56,65.55,15.54,61.78,9.44,8.12,72.0,4.9,11.47,18.87,61.77,18.52,14.21,5.17,8.23,4.54,14.77,13.57,2.84,6.02,61.57,37.36,15.75,33.41,10.61,50.85,38.12,10.54,18.26,105.24,11.26,2.1,,6.9,10.35,9.78,11.49,6.42,33.2,61.94,3.95,53.33,134.2,71.8,6.32,,35.45,14.7
2019-08-14 07:00:00,6.41,29.48,19.31,27.77,66.31,15.58,62.39,9.55,8.07,69.64,4.85,11.41,19.05,62.19,18.38,13.78,5.21,8.2,4.53,15.1,13.62,2.84,6.1,61.98,37.71,15.78,33.8,10.63,50.93,37.69,10.42,18.47,104.41,11.4,2.1,,6.97,10.35,9.9,11.51,6.41,33.41,62.23,4.13,53.33,134.0,71.62,6.3,,35.5,14.75
2019-08-15 07:00:00,6.27,29.48,19.15,27.4,65.89,15.51,62.09,9.34,7.61,70.01,4.73,11.7,19.16,61.22,18.72,13.86,5.22,8.01,4.47,14.93,13.62,2.8,6.02,61.65,37.87,15.75,34.47,10.42,49.57,37.91,10.18,19.3,106.73,11.33,2.07,,6.9,10.35,9.92,11.41,6.35,33.84,61.94,4.18,53.77,131.4,72.87,6.29,,35.4,14.72
2019-08-16 07:00:00,6.38,30.21,20.02,28.42,65.55,15.43,62.64,9.53,7.74,70.38,4.76,11.5,19.92,61.77,19.32,14.04,5.25,8.04,4.49,15.54,14.12,2.8,6.1,62.79,38.62,15.72,34.52,10.38,49.97,38.73,10.26,19.25,105.24,11.26,2.07,,7.21,10.45,10.39,11.34,6.37,33.67,62.82,4.34,54.35,130.6,75.08,6.42,,35.4,15.0
2019-08-19 07:00:00,6.44,29.66,20.18,28.31,65.47,15.54,62.7,9.53,7.85,70.38,4.8,11.47,19.05,62.19,19.25,13.95,5.25,8.03,4.45,15.87,14.03,2.8,6.1,62.79,37.49,15.66,34.69,10.46,50.45,37.69,10.38,19.13,104.56,11.33,2.07,,7.13,10.4,10.35,11.36,6.4,33.62,62.16,4.39,54.44,131.3,74.78,6.4,,35.5,14.9
2019-08-20 07:00:00,6.44,31.6,20.16,28.04,65.47,15.4,62.7,9.46,7.8,70.6,4.73,11.44,19.52,62.68,19.39,14.65,5.22,8.03,4.41,15.67,13.91,2.8,6.03,62.38,37.87,15.81,36.25,10.5,50.21,37.26,10.3,18.97,104.3,11.4,2.07,,7.08,10.3,10.25,11.49,6.35,33.32,64.0,4.3,54.44,130.5,74.6,6.37,,35.85,14.89
2019-08-21 07:00:00,6.47,32.24,20.87,27.99,65.38,15.32,62.64,9.6,7.77,70.38,4.69,11.54,19.7,64.13,19.49,14.57,5.25,8.01,4.49,15.5,14.0,2.8,6.12,62.62,38.46,15.75,35.25,10.5,50.61,37.82,10.5,19.38,104.11,11.4,2.01,,7.11,10.3,10.3,11.46,6.35,34.39,64.89,4.32,54.44,130.9,74.24,6.43,,36.3,14.96
2019-08-22 07:00:00,6.58,30.21,20.78,27.45,67.06,15.36,61.9,9.6,7.77,69.64,4.73,11.41,19.63,63.95,19.15,14.57,5.24,8.04,4.78,15.54,14.03,2.8,6.18,63.19,38.02,15.66,35.13,10.56,50.29,37.12,10.62,18.97,104.64,11.36,2.01,,7.16,10.4,10.32,11.39,6.37,34.44,64.81,4.3,56.22,132.2,74.24,6.48,,36.25,15.0
2019-08-23 07:00:00,6.58,30.31,20.62,27.83,66.22,15.07,60.87,9.48,7.74,69.64,4.73,11.44,19.67,63.71,19.15,14.48,5.23,8.08,4.82,15.18,14.03,2.8,6.15,63.43,37.23,15.88,34.91,10.5,50.37,36.26,10.5,18.82,104.3,11.36,2.04,,7.08,10.75,10.23,11.41,6.44,34.35,64.89,4.2,56.04,134.0,74.19,6.48,,35.8,14.95
2019-08-26 07:00:00,6.5,31.23,20.65,27.67,65.55,14.96,60.81,9.34,7.69,68.91,4.69,11.24,19.6,62.49,19.19,14.39,5.21,7.98,4.68,15.26,14.0,2.8,6.28,61.98,37.2,15.75,34.58,10.42,49.25,37.17,10.42,18.72,103.36,11.36,2.04,,6.92,10.65,10.09,11.26,6.4,33.67,63.56,4.18,55.55,133.8,72.99,6.57,,35.05,14.85
2019-08-27 07:00:00,6.53,30.95,20.95,27.56,65.38,14.88,59.65,9.39,7.69,68.91,4.66,11.24,19.63,62.37,19.12,14.13,5.25,7.94,4.62,16.32,14.0,2.8,6.41,61.98,37.08,15.78,34.63,10.48,49.09,36.78,10.38,18.85,102.61,11.26,2.07,,6.89,10.65,10.18,11.31,6.47,33.75,64.81,4.27,55.86,132.6,72.75,6.76,,35.2,14.92
2019-08-28 07:00:00,6.5,30.86,20.73,26.8,65.13,14.74,59.35,9.32,7.69,69.64,4.59,11.24,19.23,62.62,18.72,14.13,5.25,7.75,4.56,17.46,13.94,2.8,6.31,61.41,35.97,16.07,34.58,10.42,49.33,36.17,10.42,18.82,103.25,11.19,2.07,,6.81,10.5,10.16,11.29,6.47,33.11,64.52,4.2,54.88,132.8,71.74,6.68,,34.95,14.82
2019-08-29 07:00:00,6.47,32.98,20.67,26.1,64.37,15.47,59.1,9.3,7.58,68.54,4.57,11.18,19.09,63.19,18.95,14.04,5.23,7.67,4.51,18.64,13.91,2.8,6.33,61.17,36.29,15.88,34.52,10.42,49.01,35.74,10.26,18.57,102.8,11.19,2.07,,6.76,10.45,10.11,11.26,6.52,33.15,64.15,4.13,54.88,132.4,73.47,6.65,,34.7,14.73
2019-08-30 07:00:00,6.5,32.79,21.17,27.02,64.71,15.76,59.04,9.32,7.61,68.91,4.66,11.18,19.3,63.06,19.25,13.69,5.22,7.73,4.57,19.66,13.97,2.8,6.33,61.41,36.98,16.07,35.64,10.48,49.49,35.82,10.26,18.62,103.29,11.61,2.07,,6.81,10.4,10.16,11.54,6.61,33.28,64.89,4.18,55.06,132.0,74.19,6.68,,34.55,14.88
2019-09-03 07:00:00,6.47,31.78,21.33,27.02,64.54,15.32,58.44,9.3,7.58,68.91,4.66,10.98,19.52,62.5,19.32,13.25,5.14,7.68,4.57,18.03,13.97,2.77,6.31,61.08,37.33,16.26,34.8,10.5,49.33,36.13,10.26,18.87,102.24,11.64,2.07,,6.8,10.4,10.23,11.56,6.59,33.37,64.81,4.23,55.28,132.4,74.24,6.65,,34.8,14.88
2019-09-04 07:00:00,6.38,29.94,21.17,26.69,64.29,15.03,56.61,9.23,7.52,70.38,4.64,11.02,19.6,62.5,18.99,12.81,5.12,7.51,4.5,17.42,13.88,2.77,6.2,61.17,37.36,16.13,34.8,10.54,48.69,35.87,10.22,18.75,102.8,11.71,2.04,,6.76,10.25,10.3,11.36,6.44,33.2,65.77,4.16,54.88,131.9,74.07,6.58,,34.3,14.79
2019-09-05 07:00:00,6.38,30.21,21.3,27.18,64.12,14.96,57.22,9.25,7.58,70.38,4.63,11.11,19.34,63.31,18.99,12.9,5.07,7.56,4.48,17.71,13.88,2.77,6.23,60.92,37.23,16.13,34.86,10.58,49.01,36.0,10.22,18.47,100.94,11.82,2.04,,6.81,10.3,10.61,11.46,6.47,33.75,66.07,4.16,54.84,130.7,74.19,6.6,,34.45,14.81
2019-09-06 07:00:00,6.38,29.75,21.0,27.02,64.29,15.07,59.96,9.23,7.52,68.91,4.61,10.98,19.23,63.0,18.92,12.64,5.07,7.55,4.45,17.3,13.83,2.73,6.12,60.76,37.04,16.04,34.63,10.52,49.01,35.39,10.22,18.11,100.56,11.86,2.04,,6.75,10.2,10.61,11.19,6.4,33.41,65.62,4.16,54.66,130.5,73.53,6.73,,34.45,14.79
2019-09-09 07:00:00,6.35,29.48,20.78,27.02,63.45,15.1,60.87,9.18,7.5,68.61,4.59,11.05,19.67,62.69,18.92,12.46,5.07,7.42,4.42,17.3,13.8,2.73,6.14,60.6,37.08,16.0,34.63,10.5,49.73,35.13,10.18,18.11,100.9,11.86,2.01,,6.67,10.25,10.49,11.41,6.35,33.15,65.48,4.13,54.57,133.0,74.36,6.63,,34.3,14.74
2019-09-10 07:00:00,6.32,29.2,21.06,26.96,63.03,15.03,60.5,9.18,7.44,68.54,4.56,10.98,19.67,62.69,18.52,12.11,5.06,7.36,4.39,17.3,13.83,2.73,6.18,61.9,36.92,16.04,34.52,10.46,50.37,34.78,10.07,18.06,100.56,11.89,2.04,,6.7,10.15,10.35,11.81,6.3,33.92,65.26,4.09,54.75,133.5,74.24,6.63,,34.15,14.76
2019-09-11 07:00:00,6.29,28.83,20.95,26.86,61.27,14.96,58.62,9.09,7.39,67.8,4.52,10.95,19.6,61.76,18.05,11.85,5.04,7.6,4.41,16.81,13.83,2.7,6.12,63.35,36.32,16.07,34.52,10.44,49.89,34.65,9.79,18.32,100.15,11.86,2.14,,6.59,10.1,10.27,12.07,6.27,33.62,64.74,3.99,54.57,133.6,74.07,6.58,,33.95,14.7
2019-09-12 07:00:00,6.41,28.83,21.14,27.4,62.61,15.03,58.44,9.25,7.31,67.06,4.44,10.92,20.43,62.01,18.18,12.2,5.1,7.79,4.43,16.65,13.88,2.7,6.23,63.19,36.98,15.88,34.41,10.58,49.65,34.96,9.99,18.92,98.98,12.03,2.17,,6.64,10.15,10.39,12.12,6.35,34.05,64.44,4.06,54.26,137.0,73.65,6.68,,34.3,14.81
2019-09-13 07:00:00,6.53,28.92,21.74,27.4,62.69,15.32,58.44,9.57,7.31,67.8,4.44,10.92,20.75,63.12,18.25,12.11,5.19,7.8,4.39,16.4,13.94,2.73,6.34,62.14,38.62,15.78,34.47,10.65,49.89,35.91,10.1,18.97,99.44,12.31,2.07,,6.8,10.35,10.7,11.76,6.41,35.12,64.89,4.16,54.62,138.7,73.17,6.78,,34.2,14.99
2019-09-16 07:00:00,6.55,28.56,22.26,27.99,62.61,15.18,58.74,9.69,7.28,67.65,4.46,10.92,20.97,64.61,18.35,12.11,5.23,7.8,4.35,16.4,14.84,2.77,6.38,63.19,39.38,15.78,34.47,10.61,50.61,36.0,10.22,19.0,100.49,12.66,2.07,,6.87,10.4,10.75,11.86,6.47,35.42,65.55,4.16,55.42,140.6,73.78,6.78,,34.3,15.11
2019-09-17 07:00:00,6.47,28.46,22.37,28.1,62.11,15.25,59.17,9.53,7.31,67.21,4.44,10.98,21.0,66.41,18.18,12.55,5.21,7.82,4.37,17.34,14.96,2.73,6.31,64.49,38.97,15.56,36.19,10.63,50.29,35.78,10.03,18.75,100.19,12.66,2.07,,6.84,10.35,10.72,12.19,6.38,34.82,66.73,4.09,55.02,140.5,74.69,6.76,,34.7,15.2
2019-09-18 07:00:00,6.53,29.38,22.5,28.91,62.11,15.25,59.9,9.66,7.47,67.21,4.52,10.79,20.93,65.79,18.42,12.55,5.2,7.94,4.39,17.87,14.81,2.77,6.44,65.54,39.29,15.5,36.19,10.54,49.97,36.21,10.18,19.18,100.49,12.66,2.07,,6.92,10.3,10.75,12.17,6.38,35.34,66.73,4.09,54.57,140.3,75.24,6.87,,34.6,15.2
2019-09-19 07:00:00,6.7,28.74,22.5,29.02,62.19,15.18,59.65,9.76,7.52,67.21,4.51,10.92,20.9,64.43,18.28,12.28,5.24,7.94,4.37,17.3,14.72,2.77,6.4,65.62,39.51,15.44,35.41,10.5,49.25,35.95,10.1,18.95,99.92,12.66,2.14,,6.87,10.55,10.84,12.47,6.44,34.99,66.66,4.06,54.57,139.9,75.24,6.99,,34.2,15.23
2019-09-20 07:00:00,7.33,29.2,22.42,28.91,61.77,15.1,60.14,9.76,7.58,67.43,4.54,10.98,21.26,64.99,18.42,12.28,5.25,7.91,4.48,17.05,14.84,2.8,6.47,64.97,40.33,15.41,35.36,10.48,49.25,36.65,10.07,19.79,100.9,12.63,2.17,,6.89,10.6,10.96,12.49,6.44,35.47,66.66,4.09,54.17,139.4,75.12,7.01,,34.4,15.3
2019-09-23 07:00:00,6.81,29.66,22.09,28.53,61.77,15.32,60.57,9.73,7.36,67.29,4.54,10.92,21.08,64.92,18.38,12.11,5.23,7.79,4.43,17.14,14.67,2.77,6.49,65.54,40.07,15.37,35.08,10.34,49.49,36.78,10.07,19.94,101.21,12.59,2.17,,6.84,10.75,10.98,12.32,6.34,35.08,66.29,4.06,53.5,138.0,75.97,7.07,,34.2,15.28
2019-09-24 07:00:00,6.76,29.48,21.82,28.37,61.85,15.21,60.81,9.66,7.39,67.73,4.51,10.89,20.61,64.92,18.58,11.93,5.23,7.63,4.38,17.54,14.9,2.73,6.44,64.73,39.32,15.28,34.47,10.38,49.33,36.21,9.95,19.53,101.32,12.63,2.27,,6.94,10.65,10.77,12.22,6.33,34.61,66.21,4.06,53.5,138.0,77.49,6.99,,34.15,15.3
2019-09-25 07:00:00,6.7,29.2,21.77,28.37,61.35,15.43,60.26,9.57,7.31,67.43,4.47,10.89,20.75,63.93,18.85,12.02,5.24,7.61,4.37,17.71,15.13,2.7,6.44,64.16,39.6,15.15,34.63,10.42,48.77,35.87,9.91,20.04,102.82,12.66,2.14,,6.87,10.65,10.75,12.07,6.35,34.65,66.29,4.06,53.46,137.7,77.06,6.99,,34.0,15.19
2019-09-26 07:00:00,6.73,29.2,22.2,28.59,61.18,15.29,61.52,9.69,7.25,67.8,4.63,10.92,20.97,64.74,18.72,12.11,5.27,7.67,4.34,17.46,15.13,2.73,6.58,64.0,39.92,15.18,34.8,10.42,48.53,35.65,9.83,20.19,102.71,12.66,2.17,,7.16,10.7,10.94,12.24,6.4,34.82,66.29,4.27,53.33,136.3,79.0,7.07,,33.65,15.5
2019-09-27 07:00:00,7.22,29.02,22.04,28.1,61.94,15.94,61.14,9.76,7.28,68.91,4.64,10.79,21.26,65.73,18.68,12.02,5.29,7.73,4.37,17.26,15.07,2.77,6.62,64.73,40.64,15.15,35.08,10.42,49.01,35.43,10.14,20.37,100.94,12.66,2.27,,7.35,10.75,11.03,12.27,6.38,35.59,66.21,4.27,53.46,136.7,79.61,7.22,,33.3,15.4
2019-09-30 07:00:00,6.81,28.74,22.17,27.77,63.79,16.27,60.26,9.82,7.28,69.86,4.64,10.79,21.51,66.72,18.52,12.11,5.56,7.67,4.47,16.89,15.04,2.73,6.71,64.41,40.86,15.22,35.69,10.4,48.77,35.3,10.34,19.99,100.56,12.63,2.2,,7.4,10.75,11.1,12.17,6.37,35.68,66.36,4.25,53.86,137.8,79.37,7.31,,33.55,15.47
2019-10-01 07:00:00,6.84,28.74,21.82,28.15,64.21,17.23,59.63,9.76,7.31,69.28,4.61,10.82,21.15,66.1,18.55,12.55,5.62,7.65,4.57,16.97,14.78,2.73,6.71,64.08,40.33,15.22,35.64,10.36,48.77,34.87,10.26,19.89,99.81,12.59,2.17,,7.33,10.6,11.22,12.19,6.4,35.81,65.99,4.25,53.73,137.8,78.76,7.3,,33.15,15.5
2019-10-02 07:00:00,6.87,28.46,22.26,28.04,63.87,17.19,59.01,9.8,7.17,68.98,4.61,10.82,21.18,65.79,18.55,12.55,5.62,7.6,4.71,16.97,14.67,2.73,6.74,64.0,40.29,15.22,35.64,10.4,48.69,35.26,10.14,19.99,99.81,12.56,2.17,,7.49,10.6,11.31,12.27,6.4,35.85,65.85,4.37,53.55,137.8,77.61,7.43,,32.55,15.5
2019-10-03 07:00:00,6.81,28.92,22.5,27.88,62.61,16.93,58.38,9.62,7.23,68.54,4.57,10.92,20.75,63.93,18.52,12.28,5.58,7.48,4.71,17.1,14.93,2.66,6.68,63.19,39.51,15.12,35.52,10.38,48.13,35.3,10.07,19.58,100.0,12.59,2.3,,7.43,10.5,11.24,12.19,6.38,35.12,65.85,4.37,52.44,137.4,78.34,7.36,,32.0,15.4
2019-10-04 07:00:00,6.87,28.74,22.72,29.13,62.86,18.03,59.13,9.64,7.44,67.8,4.83,11.15,20.79,63.87,18.58,12.28,5.56,7.48,4.91,17.38,14.78,2.66,6.69,63.6,39.7,15.18,35.64,10.42,47.65,35.17,10.26,19.74,99.59,12.52,2.14,,7.53,10.6,11.31,12.01,6.35,35.77,65.99,4.46,52.75,138.7,79.49,7.41,,32.45,15.36
2019-10-07 07:00:00,6.81,28.56,22.31,29.4,61.35,18.33,59.13,9.5,7.42,68.39,4.88,11.05,20.68,63.0,18.38,12.2,5.49,7.41,4.9,16.97,14.78,2.66,6.63,62.95,39.03,15.03,35.52,10.36,47.09,34.83,10.34,19.18,98.68,12.56,2.14,,7.2,10.6,11.17,12.04,6.38,36.19,65.62,4.34,52.48,137.6,78.94,7.3,,32.2,15.3
2019-10-08 07:00:00,6.76,28.37,22.42,28.86,60.51,18.47,58.0,9.53,7.25,67.8,4.97,10.98,20.32,62.63,18.18,12.11,5.48,7.55,4.83,16.89,14.75,2.66,6.6,62.79,38.81,15.06,34.97,10.46,46.77,34.61,10.42,19.28,98.68,12.59,2.28,,7.12,11.0,11.12,12.07,6.33,36.54,65.62,4.27,52.13,137.8,78.52,7.17,,31.7,15.21
2019-10-09 07:00:00,6.84,28.1,22.8,29.61,60.42,18.69,57.12,9.82,7.28,67.43,5.03,11.05,20.61,62.69,17.98,12.11,5.48,7.55,4.88,16.89,14.72,2.66,6.66,62.54,39.1,15.03,34.97,10.42,46.61,34.65,10.26,19.56,97.7,12.66,2.17,,7.13,11.1,11.17,12.09,6.35,36.71,65.48,4.27,52.57,137.7,78.21,7.22,,32.0,15.3
2019-10-10 07:00:00,7.02,28.1,22.75,29.99,60.34,18.33,56.75,9.8,7.23,67.43,5.03,10.85,20.61,62.81,17.92,12.37,5.48,7.61,4.9,17.38,14.72,2.88,6.68,62.79,39.22,15.06,35.08,10.38,46.61,34.52,10.26,19.68,97.06,12.63,2.14,,7.1,10.95,11.22,12.22,6.37,36.49,65.33,4.49,52.3,137.5,78.03,7.27,,32.5,15.27
2019-10-11 07:00:00,6.99,28.1,22.47,29.61,61.35,17.89,57.75,9.78,7.12,67.73,4.98,11.02,20.57,63.93,18.02,12.37,5.58,7.48,5.0,17.54,14.64,2.77,6.66,62.71,39.06,15.0,34.47,10.38,46.85,34.87,10.22,19.38,97.18,12.66,2.17,,7.06,11.25,11.2,12.22,6.35,36.58,65.33,4.27,52.44,139.5,77.73,7.28,,32.9,15.3
2019-10-14 07:00:00,7.07,27.73,22.88,29.61,60.76,18.25,56.87,10.05,7.15,68.54,5.0,10.95,21.04,63.93,18.02,12.28,5.62,7.48,4.98,17.71,14.49,2.77,6.91,62.71,39.6,14.93,35.47,10.34,47.41,35.09,10.18,19.53,97.55,13.16,2.2,,7.23,11.3,11.43,12.39,6.37,36.84,65.18,4.37,53.24,140.2,78.34,7.27,,32.35,15.5
2019-10-15 07:00:00,7.1,27.64,22.67,29.4,60.68,18.0,56.5,9.98,7.04,68.54,5.2,10.92,20.9,63.31,17.82,12.2,5.65,7.48,4.86,17.34,14.9,2.8,6.85,63.76,39.73,14.52,34.63,10.34,47.09,34.87,10.14,19.48,97.29,13.37,2.2,,7.21,11.2,11.46,12.44,6.35,36.58,64.74,4.39,53.02,140.2,78.64,7.36,,32.15,15.4
2019-10-16 07:00:00,7.1,27.27,22.72,29.72,60.51,18.11,56.81,10.12,7.06,68.91,5.24,10.85,20.97,63.25,17.85,12.2,5.62,7.41,4.8,17.87,14.72,3.13,6.87,63.6,39.92,14.68,35.19,10.34,47.01,35.52,10.46,19.28,97.55,13.37,2.2,,7.16,11.2,11.6,12.32,6.37,36.96,63.71,4.44,52.88,139.7,79.49,7.4,,32.1,16.23
2019-10-17 07:00:00,7.04,27.82,22.56,29.61,60.34,18.0,55.93,10.08,7.12,68.39,5.2,10.82,20.79,63.25,17.75,12.02,5.58,7.46,4.77,18.52,14.7,2.84,6.78,63.19,39.44,14.55,34.58,10.34,46.85,36.04,10.5,18.8,97.55,13.19,2.2,,7.12,11.05,11.53,12.44,6.5,37.01,64.89,4.3,52.66,139.7,80.4,7.35,,31.9,15.4
2019-10-18 07:00:00,7.07,27.73,22.26,29.13,60.17,18.69,55.55,10.05,7.09,69.13,5.14,10.79,20.82,63.19,17.71,12.02,5.56,7.42,4.76,18.48,14.72,2.8,6.79,62.79,39.0,14.96,34.13,10.38,46.61,36.21,10.66,18.87,96.8,13.16,2.2,,7.1,11.05,11.62,12.44,6.47,36.75,64.37,4.25,51.99,139.3,80.76,7.33,,32.05,15.35
2019-10-21 07:00:00,6.99,28.92,21.82,28.86,60.17,18.69,54.99,9.89,7.04,68.54,5.1,10.79,20.75,63.25,17.78,11.93,5.56,7.39,4.59,18.73,14.72,2.77,6.69,61.57,39.1,14.81,33.69,10.42,46.37,35.74,10.5,19.0,96.04,13.16,2.14,,6.93,10.95,11.53,12.34,6.44,36.36,64.15,4.2,52.57,141.3,82.28,7.23,,32.4,15.32
2019-10-22 07:00:00,6.79,28.83,21.82,29.18,59.5,18.33,52.73,9.89,7.04,72.22,4.93,10.79,20.46,63.12,17.85,11.76,5.6,7.46,4.77,17.87,15.01,2.73,6.68,61.08,38.84,14.74,33.91,10.38,46.29,36.08,10.38,18.67,94.88,13.16,2.14,,6.92,11.1,11.34,12.01,6.41,36.75,64.0,4.13,52.44,143.9,81.61,7.17,,32.15,15.26
2019-10-23 07:00:00,6.84,28.74,21.98,29.4,60.0,17.96,52.73,9.98,7.04,69.28,4.9,10.79,20.61,63.06,18.32,12.02,5.6,7.61,4.92,17.79,15.01,2.7,6.66,61.57,39.25,14.71,34.08,10.38,46.45,36.3,10.42,18.47,95.63,13.09,2.2,,6.93,11.1,11.34,11.64,6.35,36.75,63.41,4.18,52.22,144.4,80.58,7.22,,32.3,15.3
2019-10-24 07:00:00,6.81,28.37,22.09,29.07,59.67,18.11,52.48,9.89,7.04,69.05,4.93,10.72,21.04,63.62,18.38,12.9,5.78,7.61,4.79,18.24,15.45,2.7,6.71,61.57,40.23,14.71,33.97,10.38,46.05,36.34,10.42,18.62,95.56,13.19,2.14,,7.03,11.05,11.34,11.66,6.38,37.26,63.49,4.2,52.08,144.9,81.01,7.2,,32.7,15.35
2019-10-25 07:00:00,6.81,28.1,22.12,28.96,60.17,18.03,52.29,10.08,7.04,68.91,4.88,10.72,21.15,63.93,18.38,12.99,5.79,7.58,4.83,18.28,15.48,2.7,6.76,61.25,40.39,14.68,34.08,10.38,46.29,36.56,10.5,18.87,96.95,13.16,2.17,,7.08,11.0,11.29,11.51,6.38,37.91,63.56,4.23,52.17,146.5,81.68,7.17,,32.8,15.4
2019-10-28 07:00:00,6.9,27.64,22.47,29.13,60.0,17.67,51.66,10.24,7.06,68.91,4.86,10.98,21.26,64.06,18.35,12.72,5.75,7.68,4.91,18.28,15.68,3.06,6.81,60.76,40.74,14.59,33.69,10.42,46.69,36.52,10.5,18.87,97.93,13.37,2.2,,7.15,11.0,11.34,11.14,6.35,37.78,63.93,4.25,52.48,147.1,82.22,7.2,,32.65,15.46
2019-10-29 07:00:00,6.9,28.1,22.31,28.69,59.84,17.56,50.22,10.28,7.06,69.28,4.86,10.79,21.08,63.93,18.25,12.72,5.73,7.73,4.84,17.95,15.57,3.06,6.72,60.68,40.52,14.65,33.46,10.38,46.93,36.34,10.42,19.38,98.87,13.37,2.23,,7.06,10.9,11.24,11.21,6.34,37.48,64.89,4.18,52.39,145.4,81.92,7.2,,32.8,15.45
2019-10-30 07:00:00,7.04,28.0,22.26,29.07,60.26,17.52,50.22,10.24,7.04,68.91,4.85,10.79,21.0,64.12,18.12,12.81,5.73,7.67,4.8,17.91,15.42,2.73,6.72,60.6,39.98,14.62,33.41,10.36,47.89,36.08,10.3,19.4,98.68,13.3,2.17,,7.06,10.8,11.34,11.66,6.4,37.78,65.7,4.16,53.28,145.3,81.86,7.14,,33.35,15.5
2019-10-31 07:00:00,7.04,28.1,22.2,29.07,61.27,17.81,50.22,10.26,6.98,68.76,4.8,10.76,21.22,64.43,18.12,12.64,5.86,7.6,5.0,17.79,15.48,2.77,6.74,61.0,39.76,14.49,33.13,10.38,47.65,36.56,10.54,19.48,98.8,13.33,2.2,,7.08,10.85,11.31,11.61,6.38,37.91,66.21,4.16,53.5,145.2,80.16,7.12,,33.45,15.5
2019-11-01 07:00:00,7.02,27.91,22.42,28.8,62.27,18.03,49.53,10.21,7.06,68.76,4.73,10.79,21.22,65.05,17.98,12.37,5.83,7.61,4.84,17.75,15.25,2.73,6.75,61.57,39.7,14.55,33.13,10.36,47.65,36.39,10.7,19.33,98.64,13.26,2.17,,7.16,10.95,11.27,11.71,6.38,38.29,70.2,4.16,54.44,145.5,80.76,7.05,,35.3,15.53
2019-11-04 07:00:00,7.13,27.64,23.16,28.91,62.78,18.22,47.96,10.42,7.04,69.42,4.73,10.76,21.87,66.1,18.18,12.46,5.84,7.65,4.83,17.79,15.42,2.77,6.81,62.46,39.95,14.55,33.13,10.34,48.21,37.17,11.01,19.53,98.64,13.19,2.23,,7.21,11.1,11.53,11.76,6.37,39.62,71.89,4.2,54.44,145.3,80.76,7.17,,35.4,15.63
2019-11-05 07:00:00,7.19,27.64,23.18,28.8,63.45,18.14,47.9,10.33,7.01,69.5,4.66,11.47,21.73,66.54,18.41,12.2,5.84,7.63,4.8,18.03,15.83,2.77,6.81,61.9,40.01,14.59,33.07,10.34,47.97,37.3,10.93,19.61,98.38,12.88,2.2,,7.25,10.95,11.76,11.81,6.42,39.62,72.63,4.18,54.22,145.9,79.73,7.27,,35.8,15.69
2019-11-06 07:00:00,7.16,27.17,23.29,29.07,63.37,17.96,47.46,10.35,7.06,69.5,4.68,11.31,21.84,66.41,18.34,12.55,5.84,7.63,4.96,18.28,15.74,3.13,6.95,62.14,39.66,14.59,32.8,10.38,47.81,37.08,10.93,19.48,98.64,12.98,2.2,,7.21,11.05,11.74,12.01,6.38,39.53,74.47,4.23,54.44,145.5,79.25,7.3,,35.85,15.75
2019-11-07 07:00:00,7.13,27.17,23.58,29.02,63.11,17.74,47.58,10.26,7.52,69.35,4.74,11.96,21.66,66.04,18.16,12.28,5.79,7.84,4.96,18.03,15.88,2.8,6.9,61.98,39.73,14.49,32.85,10.36,47.57,37.08,10.86,19.58,98.76,13.3,2.36,,7.33,11.0,11.72,12.07,6.4,39.36,75.43,4.25,54.35,143.6,78.82,7.25,,35.75,15.75
2019-11-08 07:00:00,7.25,26.99,23.7,28.96,62.61,17.74,47.58,10.3,7.36,69.28,4.73,12.32,21.62,66.41,18.12,12.28,5.92,7.86,4.96,18.03,15.88,2.8,6.88,62.71,39.57,14.49,32.46,10.5,47.41,37.43,10.82,19.61,98.68,13.37,2.23,,7.36,11.0,11.88,12.01,6.41,39.36,73.66,4.27,54.04,143.3,79.12,7.25,,35.5,15.77
2019-11-11 07:00:00,7.19,26.99,23.64,28.64,62.44,18.29,47.08,10.33,7.39,69.42,4.69,11.96,21.91,65.79,17.98,12.28,5.88,7.96,4.96,18.32,15.71,2.77,6.94,62.14,39.38,14.59,32.63,10.46,47.57,37.26,10.7,19.36,98.68,13.37,2.2,,7.28,10.9,12.05,11.89,6.45,39.32,73.51,4.23,53.55,143.5,79.06,7.22,,35.2,16.0
2019-11-12 07:00:00,7.13,26.9,23.81,28.69,62.19,17.81,46.33,10.14,7.66,69.28,4.83,12.02,22.16,65.42,17.91,12.28,5.86,7.96,5.23,18.11,15.57,2.91,6.84,60.92,38.75,14.68,32.41,10.44,48.13,36.99,10.62,19.2,97.18,13.33,2.2,,7.23,10.85,11.9,12.39,6.44,39.45,73.29,4.18,53.28,143.5,78.52,7.1,,35.0,16.0
2019-11-13 07:00:00,7.3,30.31,24.2,28.48,62.19,17.89,45.82,10.28,7.31,69.28,4.9,12.15,22.16,65.17,17.84,12.37,5.84,7.98,5.34,17.87,15.42,2.95,6.82,60.92,38.72,15.03,32.35,10.46,48.13,37.3,10.74,19.23,96.8,13.33,2.2,,7.18,10.9,11.95,12.62,6.41,39.49,72.41,4.18,53.06,144.0,77.42,7.09,,34.95,15.65
2019-11-14 07:00:00,7.25,26.34,24.26,28.42,61.85,17.85,44.0,9.98,7.31,71.49,4.83,12.19,22.05,66.85,17.73,12.28,5.84,7.87,5.36,17.79,15.22,2.95,6.76,61.0,38.09,14.74,32.57,10.4,48.45,37.69,10.66,19.2,96.01,13.3,2.2,,7.16,10.85,11.69,13.05,6.4,39.15,73.22,4.16,53.24,143.8,76.76,7.01,,35.15,15.58
2019-11-15 07:00:00,7.1,26.25,24.09,28.53,62.96,17.52,43.31,10.03,7.34,71.34,4.81,12.25,21.26,67.34,17.88,12.2,5.75,7.86,5.26,17.34,15.36,2.91,6.68,60.92,37.39,14.74,32.85,10.38,48.21,37.17,10.66,18.87,95.67,13.26,2.17,,7.08,10.8,11.79,13.2,6.37,38.98,71.82,4.16,53.68,143.7,76.51,6.97,,35.45,15.48
2019-11-18 07:00:00,7.07,25.88,23.81,28.59,62.62,17.59,45.51,9.91,7.31,70.38,4.78,12.25,21.26,67.66,17.84,12.2,5.8,7.92,5.25,17.05,15.28,2.88,6.65,60.76,37.71,14.71,32.63,10.38,48.61,37.12,10.82,19.0,96.04,13.23,2.17,,7.0,10.8,11.79,13.42,6.34,38.51,71.38,4.16,53.24,143.7,74.93,6.97,,35.3,15.46
2019-11-19 07:00:00,6.99,25.79,23.53,29.29,62.2,18.11,45.45,9.89,7.2,70.01,4.76,12.19,21.08,67.03,17.73,12.11,5.71,7.91,5.47,17.01,15.1,2.88,6.62,60.68,37.55,14.62,32.46,10.38,48.05,36.74,10.9,19.33,96.04,13.26,2.14,,7.02,10.65,11.72,13.4,6.34,38.98,72.56,4.13,52.53,144.0,75.54,6.94,,35.55,15.41
2019-11-20 07:00:00,7.02,25.79,23.64,29.5,61.6,18.25,45.07,9.87,7.28,69.28,4.73,11.96,21.04,66.48,17.7,12.37,5.75,7.86,5.44,17.42,15.13,2.88,6.63,60.36,37.55,14.49,32.57,10.34,48.05,36.74,10.93,19.51,94.54,13.26,2.14,,6.98,10.6,11.76,13.25,6.34,38.98,71.67,4.16,52.08,145.2,75.78,6.94,,35.35,15.61
2019-11-21 07:00:00,6.96,26.07,23.53,29.4,61.34,18.18,44.51,9.85,7.34,69.28,4.68,11.67,20.64,65.79,17.66,12.64,5.72,7.7,5.5,17.3,15.48,2.84,6.59,59.79,36.92,14.49,32.57,10.34,47.97,36.43,10.82,19.23,94.35,13.16,2.14,,6.9,10.45,11.53,13.25,6.33,38.42,71.08,4.09,51.99,144.9,75.18,6.89,,35.15,15.24
2019-11-22 07:00:00,6.93,27.64,23.42,29.13,61.09,18.18,43.25,9.82,7.31,70.01,4.63,11.31,20.64,65.42,17.49,12.46,5.67,7.7,5.47,17.14,15.83,2.77,6.6,59.06,36.29,14.43,32.18,10.3,47.81,36.21,10.82,19.15,92.66,13.16,2.1,,6.82,10.4,11.34,13.77,6.33,37.91,70.71,4.11,51.95,143.6,74.81,6.66,,35.15,15.09
2019-11-25 07:00:00,6.81,27.08,22.91,28.64,61.51,17.59,43.0,9.71,7.31,69.28,4.51,11.28,20.61,64.55,17.2,12.2,5.56,7.7,5.15,16.73,15.36,2.77,6.55,58.01,35.59,14.43,32.29,10.28,47.33,35.95,10.58,18.7,90.36,12.88,2.1,,6.7,10.3,11.01,14.15,6.24,36.84,69.24,4.06,51.64,143.0,74.87,6.61,,34.7,14.93
2019-11-26 07:00:00,6.84,26.62,22.88,28.48,61.68,17.89,42.81,9.73,7.28,69.64,4.52,11.28,20.68,64.43,17.17,12.2,5.56,7.86,5.08,17.05,15.42,2.77,6.6,58.82,35.97,14.65,32.18,10.28,47.81,36.21,10.62,18.75,90.4,13.02,2.1,,6.74,10.25,11.1,14.58,6.23,36.75,69.38,4.09,51.55,143.5,75.3,6.66,,34.45,15.0
2019-11-27 07:00:00,6.84,26.71,23.36,28.42,61.26,17.34,42.25,9.76,7.39,69.72,4.49,11.21,20.75,63.74,17.27,12.2,5.52,7.86,5.21,16.97,15.39,2.77,6.63,58.33,36.04,14.43,31.96,10.38,47.57,36.21,10.62,18.67,88.14,13.16,2.23,,6.64,10.25,11.15,14.07,6.21,37.26,68.94,4.09,51.68,143.8,75.12,6.68,,34.2,15.49
2019-11-28 07:00:00,6.73,26.07,23.13,28.37,60.92,17.3,41.93,9.64,7.36,69.57,4.47,11.15,20.57,63.68,17.13,12.9,5.36,7.82,5.21,16.85,15.36,2.77,6.59,57.52,35.4,14.33,31.96,10.4,47.33,35.82,10.46,18.52,87.95,13.23,2.07,,6.6,10.2,11.03,14.53,6.2,36.96,68.57,4.65,51.55,144.7,74.27,6.65,,34.0,14.95
2019-11-29 07:00:00,6.67,25.61,23.08,28.37,59.98,17.59,40.74,9.41,7.34,69.28,4.42,11.21,20.54,62.94,16.96,12.02,5.26,7.91,5.16,17.08,15.36,2.77,6.46,57.03,34.39,14.33,31.74,10.34,46.85,35.35,10.22,18.47,87.76,13.16,2.07,,6.59,10.2,10.91,14.79,6.21,36.75,67.84,4.02,51.59,145.1,74.33,6.57,,34.45,14.79
2019-12-02 07:00:00,6.7,25.79,22.74,28.31,60.41,17.59,39.99,9.37,7.28,69.57,4.46,11.11,20.43,62.94,16.92,11.93,5.25,7.99,5.3,16.83,15.36,2.77,6.5,57.12,34.65,14.24,31.74,10.34,46.53,35.48,10.38,18.47,86.63,13.16,2.14,,6.59,10.15,10.89,14.74,6.21,36.71,68.57,4.04,51.68,146.2,73.78,6.57,,34.45,14.78
2019-12-03 07:00:00,6.61,25.79,22.6,28.15,58.62,16.93,39.67,9.16,7.28,69.57,4.42,11.05,19.96,61.32,16.64,11.49,5.11,8.17,5.41,16.66,15.42,2.7,6.31,55.98,34.52,14.37,31.29,10.56,45.41,35.13,9.95,18.39,86.82,13.05,1.98,,6.47,10.05,10.75,14.81,6.2,36.02,68.06,4.11,51.68,145.8,71.53,6.34,,34.2,14.62
2019-12-04 07:00:00,6.67,26.07,22.88,28.01,57.17,16.86,39.48,9.39,7.31,69.28,4.42,11.02,20.07,61.76,16.71,11.06,5.41,8.13,5.43,16.61,15.59,2.7,6.46,52.01,35.66,14.4,31.46,10.69,45.65,35.74,10.03,18.47,87.34,13.05,2.04,,6.54,10.1,11.08,14.97,6.27,36.32,68.06,3.97,51.33,145.7,72.14,6.43,,34.2,14.75
2019-12-05 07:00:00,6.7,26.07,22.91,28.01,57.68,17.19,40.8,9.39,7.36,69.5,4.39,10.98,20.17,62.07,16.64,11.23,5.62,8.08,5.41,16.57,15.71,2.66,6.47,50.63,35.81,14.33,31.85,11.01,45.65,35.78,10.07,18.47,87.5,13.09,2.04,,6.6,10.15,11.12,14.92,6.21,36.71,68.94,3.97,51.59,145.9,72.69,6.43,,34.75,14.8
2019-12-06 07:00:00,6.67,26.53,22.68,27.62,56.4,16.86,41.81,9.32,8.04,69.57,4.46,11.11,20.03,61.45,16.5,11.14,5.54,8.23,5.38,16.53,15.71,2.95,6.37,51.61,35.03,14.21,31.85,11.13,45.57,35.69,9.99,18.42,88.89,13.12,2.01,,6.5,10.1,11.05,14.51,6.17,36.49,67.98,3.95,51.68,145.3,71.59,6.4,,34.65,14.68
2019-12-09 07:00:00,6.64,26.34,22.57,27.2,56.23,17.01,41.74,9.32,8.53,70.6,4.63,11.02,20.17,61.94,16.35,11.14,5.56,8.42,5.59,16.74,15.65,2.66,6.36,50.55,35.21,14.27,31.85,11.17,45.57,35.87,10.03,18.67,89.45,13.16,2.05,,6.55,10.05,10.98,14.43,6.16,36.71,68.57,3.95,51.5,144.5,71.78,6.42,,35.2,14.7
2019-12-10 07:00:00,6.64,26.25,22.77,26.77,58.7,16.97,40.68,9.25,7.96,70.6,4.57,10.95,20.17,62.01,16.39,11.06,5.56,8.46,5.62,16.7,15.59,2.66,6.24,49.34,35.15,14.3,31.57,11.19,45.08,36.04,9.95,18.75,88.85,13.16,2.05,,6.47,10.05,10.77,14.2,6.1,36.79,68.06,3.92,51.5,144.5,72.08,6.32,,35.35,14.7
2019-12-11 07:00:00,6.61,26.07,22.63,26.6,58.36,16.79,39.55,9.23,7.93,70.38,4.52,10.92,20.46,61.14,16.25,10.97,5.56,8.41,5.63,16.57,15.54,2.66,6.34,46.58,35.66,14.24,31.18,11.15,44.68,36.6,9.87,18.7,88.81,13.12,1.98,,6.37,10.1,10.75,14.89,6.04,36.84,67.47,3.92,51.5,144.1,72.02,6.29,,35.1,14.8
2019-12-12 07:00:00,6.67,26.07,23.13,27.56,58.28,16.75,40.11,9.27,7.9,70.23,4.49,10.98,20.68,61.01,16.39,10.88,5.56,8.41,5.61,16.48,15.71,2.66,6.42,47.64,35.81,14.18,31.46,11.13,44.36,36.65,9.91,18.87,89.04,13.09,1.99,,6.4,10.1,11.01,15.56,5.98,37.69,67.25,4.04,51.55,145.2,72.57,6.42,,35.15,14.8
2019-12-13 07:00:00,6.73,26.07,23.67,27.45,58.19,16.86,39.86,9.48,7.71,70.23,4.56,10.95,20.79,61.45,16.89,11.58,5.56,8.44,5.71,16.48,15.83,2.7,6.39,48.12,36.19,14.18,31.18,11.09,44.6,36.52,9.87,18.75,88.85,13.05,2.14,,6.45,10.2,10.98,15.53,5.96,37.91,67.39,3.99,51.55,145.4,72.81,6.5,,35.0,14.8
2019-12-16 07:00:00,6.7,25.98,23.84,27.0,61.94,16.79,39.48,9.44,7.66,70.01,4.59,11.02,20.64,61.57,16.92,11.23,5.54,8.23,5.61,16.4,15.83,2.66,6.34,46.83,35.72,14.15,31.24,10.97,45.0,36.3,9.99,18.64,88.51,13.05,2.14,,6.37,10.1,10.94,15.15,5.96,37.86,65.26,3.97,51.55,144.5,72.14,6.43,,34.4,14.66
2019-12-17 07:00:00,6.64,26.71,23.64,26.89,63.39,16.68,39.8,9.41,7.58,69.72,4.64,11.05,20.39,61.32,16.92,11.06,5.45,8.22,5.61,16.4,15.83,2.66,6.23,46.1,36.13,14.21,31.24,11.18,45.08,36.34,10.03,18.57,88.59,13.09,2.1,,6.32,10.1,10.94,15.22,5.96,37.26,64.15,3.95,51.46,143.0,72.14,6.42,,34.0,14.6
2019-12-18 07:00:00,6.58,26.99,24.01,26.77,63.56,16.71,39.42,9.34,7.58,69.72,4.57,11.05,20.24,60.7,16.71,10.88,5.34,7.98,5.42,16.18,15.42,2.88,6.18,46.18,35.85,14.18,31.13,10.99,44.52,35.87,9.83,18.44,88.21,13.05,2.23,,6.22,10.05,10.77,15.17,5.96,37.14,63.04,4.05,51.5,142.7,72.26,6.32,,33.05,14.48
2019-12-19 07:00:00,6.53,26.9,23.95,26.72,63.39,16.71,38.92,9.3,7.36,69.57,4.49,11.02,20.32,60.08,16.85,10.62,5.25,7.96,5.42,15.97,15.36,2.62,6.15,45.69,34.96,14.08,31.74,10.81,44.92,35.48,9.91,18.52,88.51,12.88,2.04,,6.14,10.05,10.75,15.2,5.96,37.78,62.67,4.04,51.55,143.0,72.87,6.29,,32.6,14.43
2019-12-20 07:00:00,6.55,27.64,24.15,26.55,62.71,16.6,38.79,9.37,7.53,69.64,4.44,11.02,20.5,60.27,16.89,10.62,5.2,8.01,5.57,15.88,15.45,2.66,6.14,45.13,35.28,14.05,31.68,10.66,45.57,35.91,9.91,18.29,88.4,12.95,2.04,,6.09,10.05,10.77,14.46,5.96,37.91,63.12,4.02,51.46,142.7,73.05,6.39,,33.2,14.45
2019-12-23 07:00:00,6.64,27.64,25.36,26.55,62.45,16.68,36.53,9.53,7.31,68.83,4.44,11.57,20.61,60.14,17.2,10.62,5.22,8.1,5.57,15.97,15.48,2.66,6.18,45.29,35.4,13.99,31.68,10.77,45.89,36.82,9.91,18.29,88.74,12.95,2.2,,6.11,10.3,10.98,15.38,5.97,38.98,62.67,4.08,51.46,143.8,72.87,6.4,,33.0,14.51
2019-12-24 07:00:00,6.61,27.64,25.47,26.44,61.77,16.38,34.9,9.46,7.33,67.36,4.57,11.34,20.43,59.83,17.03,9.83,5.35,8.03,5.49,16.05,15.59,2.66,6.12,44.31,35.28,13.86,31.46,10.72,45.41,36.86,9.91,18.21,88.55,12.98,2.2,,6.09,10.25,10.94,15.68,5.97,38.89,61.79,4.09,51.37,143.5,72.14,6.32,,33.0,14.75
2019-12-25 07:00:00,6.61,27.45,25.53,26.32,59.81,16.57,35.4,9.53,7.11,68.46,4.57,11.18,20.93,60.46,16.96,9.56,5.35,8.06,5.46,16.31,15.62,2.66,6.14,45.53,35.94,13.7,31.46,10.64,45.57,37.21,9.79,18.39,88.4,13.02,2.04,,6.06,10.25,10.94,15.61,5.98,38.93,62.08,4.18,51.33,143.8,72.57,6.4,,32.9,14.55
2019-12-26 07:00:00,6.58,27.64,25.59,26.6,58.53,16.57,35.15,9.48,7.22,68.32,4.56,11.21,21.0,60.39,16.96,9.65,5.29,8.03,5.43,16.74,15.65,2.66,6.12,47.07,35.94,13.67,31.74,10.56,44.92,37.6,9.75,18.21,87.95,13.02,2.2,,6.04,10.15,10.89,16.07,6.0,38.76,62.6,4.16,51.42,144.0,72.27,6.43,,33.4,14.58
2019-12-27 07:00:00,6.55,27.64,26.07,26.38,59.55,16.16,34.65,9.46,7.31,68.83,4.54,11.15,20.9,60.33,16.78,9.3,5.35,8.11,5.28,16.74,15.59,2.95,6.08,46.5,35.81,13.7,32.29,10.95,45.32,37.52,9.71,18.21,87.91,13.05,2.07,,6.02,10.2,10.96,16.27,6.03,38.76,62.6,4.16,51.28,143.7,72.57,6.43,,33.55,14.61
2019-12-30 07:00:00,6.61,27.73,26.6,26.97,59.21,16.57,33.71,9.66,7.02,69.2,4.49,11.63,21.29,60.39,16.78,9.3,5.36,8.22,5.38,16.74,15.65,2.98,6.18,46.99,36.13,14.11,32.57,11.14,45.41,38.12,9.32,18.59,87.57,13.05,2.14,,6.09,10.25,11.31,16.5,5.98,39.84,63.85,4.13,51.1,144.4,72.27,6.5,,34.5,14.66
2019-12-31 07:00:00,6.61,27.73,26.24,25.93,60.07,16.49,33.21,9.71,6.94,67.8,4.47,11.57,21.22,60.08,16.74,9.48,5.46,8.17,5.34,16.78,15.65,3.24,6.12,46.42,36.26,13.86,33.13,10.97,45.16,37.69,9.16,18.59,86.63,13.02,2.14,,6.01,10.2,11.22,16.78,6.0,39.37,63.26,4.11,51.1,146.3,72.88,6.57,,34.4,14.79
2020-01-02 07:00:00,6.64,27.36,26.63,25.59,59.21,16.71,34.02,9.96,6.94,67.8,4.46,11.57,21.33,59.09,16.57,10.09,5.51,8.27,5.43,16.83,15.45,2.8,6.18,46.5,36.92,13.74,32.74,10.89,45.73,37.99,9.4,18.92,85.88,13.09,2.17,,6.08,10.3,11.27,17.04,6.35,39.5,63.04,4.11,51.1,148.0,72.39,6.74,,34.45,14.78
2020-01-03 07:00:00,6.7,26.99,26.8,25.87,59.13,17.08,34.4,10.01,6.94,67.8,4.46,11.5,21.37,59.83,16.5,10.7,5.5,8.39,5.45,17.04,15.42,2.73,6.26,46.75,37.14,13.67,32.07,10.79,46.53,38.25,9.47,18.8,85.5,13.12,2.17,,6.14,10.3,11.31,17.4,6.18,39.67,62.97,4.13,51.24,148.8,72.88,6.83,,34.65,14.82
2020-01-06 07:00:00,6.64,26.71,26.35,25.31,58.36,17.01,33.33,9.94,6.83,67.21,4.35,11.47,20.82,60.83,16.14,10.7,5.45,8.35,5.41,17.0,15.36,2.7,6.17,46.58,36.41,13.52,31.18,10.64,46.45,38.08,9.24,18.77,84.56,13.09,2.14,,6.04,10.15,11.05,17.35,6.07,38.68,62.67,4.09,51.1,147.8,72.39,6.63,,34.5,14.7
2020-01-07 07:00:00,6.55,26.71,26.35,25.59,57.94,17.08,33.14,10.01,6.86,67.06,4.32,11.47,21.0,60.64,15.82,10.18,5.35,8.34,5.39,17.08,15.36,2.7,6.15,46.42,36.48,13.55,31.4,10.64,46.05,37.73,9.04,18.7,84.71,13.16,2.14,,6.04,10.15,10.96,17.58,6.03,37.99,62.53,4.04,51.1,146.0,72.76,6.63,,33.95,14.61
2020-01-08 07:00:00,6.5,25.98,27.03,25.25,57.0,17.52,32.26,10.14,6.86,65.74,4.3,11.37,20.86,61.45,15.36,9.83,5.33,8.15,5.28,17.0,15.22,2.66,6.11,45.77,36.29,13.42,31.07,10.58,45.65,37.78,8.84,18.57,84.56,13.09,2.14,,5.98,10.1,10.89,17.55,6.01,37.99,61.57,4.02,50.97,145.8,72.76,6.63,,33.5,14.55
2020-01-09 07:00:00,6.53,25.79,28.15,25.31,57.25,16.79,32.45,10.35,6.8,66.33,4.42,11.37,20.86,60.08,15.4,9.74,5.47,8.32,5.47,16.83,15.01,2.7,6.15,46.34,36.29,13.18,30.96,10.85,45.08,37.78,8.76,18.36,85.84,13.16,2.17,,5.96,10.2,10.91,17.68,6.04,38.42,61.72,4.04,51.15,146.2,73.19,6.78,,34.0,14.61
2020-01-10 07:00:00,6.67,25.7,29.34,25.76,57.34,17.45,31.51,10.99,6.86,65.59,4.4,11.83,20.9,59.59,15.58,10.18,5.62,8.46,5.47,16.57,14.87,2.77,6.3,46.75,36.48,13.12,31.18,10.81,45.24,38.47,8.8,18.29,88.32,13.19,2.3,,6.06,10.5,11.1,17.73,6.11,39.07,62.6,4.02,51.1,146.3,73.0,6.94,,34.1,14.77
2020-01-13 07:00:00,6.61,26.62,29.06,25.76,57.08,17.63,31.89,10.99,6.77,64.85,4.42,11.76,20.82,59.52,15.5,9.92,5.58,8.41,5.47,16.7,14.87,2.77,6.28,46.26,36.38,12.62,31.13,10.41,45.0,38.77,8.76,18.26,88.63,13.19,2.36,,6.11,10.55,10.94,17.86,6.14,38.81,64.0,4.06,51.15,146.5,72.88,6.89,,34.0,15.75
2020-01-14 07:00:00,6.79,26.71,29.06,25.65,57.08,18.11,31.7,10.9,6.94,66.33,4.42,11.7,20.75,59.59,15.4,10.09,5.58,8.63,5.39,16.57,14.87,2.77,6.3,46.42,36.22,12.45,30.96,10.64,44.68,38.6,8.76,18.26,88.1,13.16,2.36,,6.09,10.45,10.89,18.75,6.16,38.89,64.0,4.09,51.15,146.5,72.33,6.94,,34.0,14.75
2020-01-15 07:00:00,6.79,26.62,28.94,25.76,56.57,18.99,31.32,10.85,6.91,66.55,4.42,11.7,20.64,58.97,15.22,9.92,5.56,8.73,5.64,16.57,14.87,2.73,6.28,46.18,36.04,12.52,30.9,10.68,44.44,39.29,8.6,18.24,88.32,13.16,2.4,,6.09,10.35,10.87,20.03,6.17,38.72,63.78,4.09,51.1,146.0,72.21,7.07,,33.8,14.74
2020-01-16 07:00:00,6.93,26.62,30.52,25.76,56.49,19.21,31.26,11.43,6.91,65.59,4.35,11.7,21.04,58.53,15.15,9.83,5.68,8.73,5.71,16.57,14.96,2.77,6.44,46.1,36.6,12.45,31.18,10.64,44.92,39.29,8.72,18.52,88.48,13.16,2.49,,6.31,10.55,11.03,20.37,6.27,39.02,63.71,4.13,51.15,146.3,72.57,7.15,,33.7,14.85
2020-01-17 07:00:00,6.96,26.9,30.81,25.76,56.32,19.28,33.08,11.63,6.94,64.85,4.27,11.7,21.0,58.47,15.15,10.27,5.73,8.84,5.72,16.48,15.01,3.13,6.47,45.69,36.67,12.35,31.29,10.64,45.49,39.42,8.72,18.75,88.32,13.02,2.49,,6.44,10.7,11.15,20.26,6.28,40.84,64.81,4.16,51.15,148.4,72.64,7.22,,33.15,14.92
2020-01-20 07:00:00,7.13,26.99,30.58,25.82,56.4,19.28,34.84,11.59,7.02,65.15,4.32,11.6,20.97,58.1,15.15,10.27,5.65,8.79,5.59,16.44,14.96,2.84,6.43,44.64,37.42,12.25,31.24,10.64,45.16,40.07,8.6,18.75,88.89,13.02,2.4,,6.36,10.75,11.08,20.34,6.17,40.97,63.71,4.37,51.06,148.2,73.0,7.33,,32.45,14.92
2020-01-21 07:00:00,7.13,,30.75,25.76,56.15,19.21,33.9,11.82,7.02,65.22,4.32,11.57,20.97,58.9,15.26,10.35,5.76,8.96,5.7,16.4,15.01,2.84,6.58,44.48,38.02,12.42,31.29,10.77,45.65,40.12,8.84,19.02,88.89,13.02,2.46,,6.42,11.05,11.36,20.47,6.13,40.88,64.52,4.18,51.1,147.2,74.66,7.69,,32.7,15.8
2020-01-22 07:00:00,7.1,26.9,31.48,25.82,57.08,18.99,34.65,11.79,7.08,65.59,4.34,11.37,20.43,59.21,15.26,10.7,5.75,9.1,6.03,16.48,15.07,2.88,6.58,44.23,37.9,12.72,31.18,10.97,46.21,39.86,8.8,19.02,88.89,13.09,2.49,,6.4,10.95,11.46,20.75,6.11,41.05,65.99,4.18,51.06,147.0,74.66,7.75,,32.8,15.7
2020-01-30 07:00:00,7.02,26.81,30.98,25.42,56.23,18.58,34.34,11.61,7.22,68.54,4.29,11.96,20.17,58.22,15.15,10.44,5.68,8.92,5.89,16.44,14.96,2.88,6.43,42.94,36.95,13.12,31.18,10.97,45.49,39.38,8.96,18.62,87.16,13.09,2.56,,6.26,10.8,11.24,20.8,6.07,39.93,64.74,4.13,51.06,145.0,73.37,7.62,,32.1,15.1
2020-01-31 07:00:00,6.87,26.81,30.24,24.75,55.04,18.33,35.53,11.56,7.17,73.33,4.25,11.7,19.85,56.92,14.51,10.0,5.52,8.72,5.79,16.4,14.78,2.77,6.27,41.88,36.16,13.21,30.9,10.85,44.6,38.3,8.84,18.14,84.97,13.12,2.56,,6.04,10.5,10.82,21.01,6.07,38.81,65.26,4.04,51.06,139.7,71.41,7.53,,31.3,14.77
2020-02-03 07:00:00,6.64,24.96,31.03,23.9,49.59,17.96,35.09,11.54,6.88,78.41,3.91,11.57,18.98,53.32,13.42,9.39,5.44,8.54,5.51,15.97,14.38,2.66,6.05,40.51,34.68,12.59,31.35,10.79,41.16,36.43,8.05,17.17,79.85,13.02,2.56,,5.64,10.4,10.44,21.03,5.89,38.98,63.34,3.99,51.02,125.5,67.67,7.64,,30.3,14.12
2020-02-04 07:00:00,6.7,24.6,30.86,24.19,48.56,17.96,33.46,12.32,6.94,75.61,4.01,11.54,18.94,52.76,13.42,9.21,5.49,8.54,5.51,15.97,14.41,2.7,6.27,41.32,34.87,12.88,31.35,10.81,41.64,36.6,8.05,17.35,78.68,12.74,2.68,,5.7,10.4,10.35,21.11,5.97,38.81,63.78,4.02,51.02,129.8,67.37,7.64,,30.15,14.93
2020-02-05 07:00:00,6.79,25.61,31.14,24.02,48.65,17.81,32.64,12.73,6.88,71.85,3.96,11.41,19.09,52.14,13.52,9.48,5.64,8.61,5.36,15.62,14.35,2.96,6.28,40.91,34.62,12.82,31.29,10.85,41.64,36.82,7.66,17.3,76.46,12.52,2.91,,5.7,10.45,10.46,21.36,5.98,39.07,64.0,4.09,51.02,129.3,65.96,8.02,,30.2,14.8
2020-02-06 07:00:00,6.93,24.41,30.52,23.85,49.76,17.74,33.52,12.87,6.88,70.75,4.0,11.5,19.38,53.32,13.88,9.74,5.94,8.68,5.52,15.71,14.46,2.88,6.4,40.47,34.8,13.31,30.51,10.85,41.88,36.43,7.93,17.55,74.95,12.66,3.07,,5.84,10.95,10.61,21.75,6.1,39.28,64.15,4.13,50.97,127.9,66.51,8.31,,30.95,14.35
2020-02-07 07:00:00,6.96,24.78,30.07,23.9,50.95,17.81,35.66,12.66,6.83,71.85,4.03,11.5,19.34,54.0,13.88,9.65,5.96,8.72,5.53,15.88,14.43,2.84,6.34,40.43,34.49,13.71,30.35,10.85,42.04,36.43,7.97,17.3,74.95,12.66,3.03,,5.93,11.45,10.56,22.03,6.06,39.24,64.74,4.11,50.84,131.9,67.67,8.36,,32.25,14.6
2020-02-10 07:00:00,6.9,24.32,28.89,23.6,50.86,17.59,38.1,12.5,6.86,74.43,4.0,11.37,19.16,53.94,13.77,9.56,5.92,8.49,5.42,15.8,14.43,2.84,6.2,40.43,33.92,13.61,30.18,10.81,41.48,35.74,7.74,17.2,74.95,12.66,2.83,,5.81,11.1,10.39,22.54,5.98,38.68,63.93,4.09,50.7,131.0,67.0,8.24,,31.5,14.33
2020-02-11 07:00:00,6.87,24.13,29.0,22.95,49.42,17.67,40.74,12.71,6.88,74.43,4.0,11.41,19.41,53.88,13.7,9.65,5.86,8.48,5.41,15.8,14.49,2.84,6.2,41.88,33.7,13.91,30.62,10.83,42.28,35.65,7.86,17.45,73.45,13.02,2.83,,5.81,11.45,10.53,22.95,5.97,38.68,63.71,4.04,50.75,129.1,66.76,8.28,,31.65,14.29
2020-02-12 07:00:00,7.42,24.78,29.23,23.4,50.52,17.74,41.87,13.03,7.0,73.62,4.1,11.47,19.77,53.75,13.59,9.65,5.92,8.32,5.32,15.8,14.67,2.8,6.37,41.07,34.52,14.18,30.4,10.77,42.52,36.39,8.33,17.76,73.79,13.9,2.91,,5.88,11.8,10.84,23.1,6.01,38.81,63.93,4.13,50.39,129.2,66.14,8.75,,31.85,14.46
2020-02-13 07:00:00,7.42,25.61,28.78,23.34,49.67,17.56,41.43,12.64,6.97,73.48,4.12,11.37,19.7,54.68,13.88,9.65,5.84,8.23,5.24,15.62,14.61,2.8,6.33,41.24,34.39,14.08,30.35,10.81,43.08,36.0,8.64,17.66,73.59,14.84,2.87,,5.84,11.6,10.7,23.23,6.01,38.68,63.71,4.32,50.08,129.2,65.84,8.67,,31.45,14.68
2020-02-14 07:00:00,7.74,24.78,28.55,23.45,49.16,17.52,41.24,12.53,6.91,71.26,4.12,11.37,19.7,55.18,14.16,10.0,5.85,8.18,5.35,15.58,14.41,2.96,6.37,40.67,33.98,13.94,30.29,10.83,43.0,35.91,8.33,17.83,74.05,15.2,2.91,,5.89,11.9,11.05,23.31,6.21,38.81,65.33,4.37,50.04,129.2,65.78,8.96,,32.2,14.43
2020-02-17 07:00:00,7.71,24.87,29.06,23.6,48.99,17.45,42.68,12.39,6.88,71.49,4.1,11.34,19.74,55.43,14.48,10.09,5.69,8.22,5.44,15.58,14.2,3.16,6.46,40.35,33.92,13.91,30.23,10.83,42.76,36.0,8.25,18.09,72.9,14.99,2.95,,5.93,11.85,11.29,22.75,6.23,38.85,64.89,4.34,48.88,128.9,65.9,8.89,,31.8,14.41
2020-02-18 07:00:00,7.82,24.04,29.68,24.75,48.82,17.23,45.45,12.48,7.02,72.67,4.13,11.41,20.24,54.25,14.48,9.92,5.74,8.22,5.46,15.71,14.23,2.92,6.43,40.26,34.43,13.71,30.29,10.83,42.44,36.56,8.25,17.96,70.21,15.27,2.99,,5.84,11.75,11.38,22.85,6.2,38.72,64.15,4.3,47.55,128.8,66.02,8.99,,31.5,14.8
2020-02-19 07:00:00,7.71,24.96,29.4,24.69,48.56,17.19,44.69,12.46,6.97,72.96,4.15,11.31,20.32,53.44,14.16,10.35,5.67,8.08,5.42,15.54,14.2,2.84,6.34,41.88,34.87,13.55,30.12,10.81,42.68,37.08,8.37,17.86,69.06,15.62,2.87,,5.83,11.55,11.2,22.8,6.16,38.68,63.78,4.23,47.55,128.7,65.35,9.09,,30.55,14.38
2020-02-20 07:00:00,7.8,24.87,29.34,25.03,49.42,17.23,44.51,12.69,7.0,71.49,4.35,11.34,20.39,54.62,14.41,10.53,5.67,8.18,5.53,15.92,14.23,2.84,6.37,41.64,35.15,13.55,30.62,10.81,42.84,37.47,8.64,18.11,69.25,15.83,2.83,,5.89,11.55,11.29,22.8,6.08,39.07,64.37,4.3,48.88,128.7,65.84,9.3,,30.9,14.6
2020-02-21 07:00:00,7.68,24.41,28.94,25.65,50.95,17.23,43.38,12.32,7.05,72.59,4.32,11.24,20.21,53.5,14.34,10.35,5.68,8.2,5.61,15.88,14.29,2.8,6.31,43.75,35.34,13.58,30.35,10.81,42.76,37.08,8.64,18.11,69.68,15.76,2.79,,5.83,11.5,11.2,22.95,6.08,38.68,64.08,4.48,48.88,128.8,67.0,9.55,,30.9,14.56
2020-02-24 07:00:00,7.39,24.23,27.53,24.69,48.99,16.93,40.86,11.63,6.91,73.99,4.18,11.24,19.49,52.76,13.95,10.09,5.56,7.98,5.38,15.88,14.2,2.76,6.05,42.53,34.36,13.18,30.07,10.85,41.64,35.87,8.25,17.55,69.14,15.48,2.83,,5.66,11.1,10.75,22.05,5.96,38.03,62.75,4.39,48.0,128.5,66.02,9.22,,30.4,14.2
2020-02-25 07:00:00,7.25,23.03,27.53,23.85,48.48,16.71,40.17,11.95,6.94,73.55,4.08,11.28,19.52,52.08,13.56,10.09,5.56,7.96,5.24,15.8,14.32,2.68,6.05,41.56,33.76,12.92,29.9,10.77,40.84,36.0,7.88,17.45,69.06,15.62,2.91,,5.43,11.15,10.51,20.19,5.94,37.6,61.79,4.25,47.68,127.8,66.45,9.22,,29.45,14.09
2020-02-26 07:00:00,7.25,23.77,27.25,23.62,48.22,16.38,40.05,12.0,6.91,72.52,4.08,11.24,19.96,51.21,13.38,10.62,5.6,7.92,5.2,15.8,14.26,2.76,6.08,40.75,34.05,13.12,29.96,10.77,40.6,36.34,8.21,17.43,68.83,15.48,3.15,,5.51,11.4,10.63,19.8,5.93,37.16,61.2,4.2,47.37,125.6,65.35,9.42,,29.5,14.11
2020-02-27 07:00:00,7.36,22.66,26.91,23.74,48.05,16.46,40.8,12.0,6.88,72.59,4.1,11.24,20.43,49.59,13.56,11.06,5.56,7.94,5.2,15.8,14.38,2.8,6.08,40.35,34.2,13.35,30.01,10.77,41.0,36.26,8.17,17.55,67.99,15.97,3.46,,5.45,11.7,10.75,17.94,6.16,36.56,59.73,4.32,47.11,125.0,65.78,9.3,,29.1,14.12
2020-02-28 07:00:00,7.3,23.03,26.18,23.34,47.29,16.27,40.36,11.93,6.86,72.59,4.1,11.24,20.14,48.35,13.45,10.88,5.51,7.86,5.12,15.75,14.32,2.8,6.04,40.26,33.83,13.18,29.84,10.77,41.72,35.78,7.88,17.4,66.11,15.44,3.78,,5.35,11.75,10.58,17.5,6.08,36.04,59.28,4.27,46.84,122.7,64.98,9.11,,28.8,14.0
2020-03-02 07:00:00,7.36,23.58,25.9,23.09,47.29,15.8,40.8,11.93,6.91,71.12,4.1,11.57,20.32,49.34,13.66,11.14,5.54,7.75,5.11,15.54,14.29,3.12,6.05,39.7,33.83,13.21,29.9,10.77,41.32,35.74,7.89,17.57,66.38,15.27,4.13,,5.32,12.4,10.7,17.35,6.1,35.52,59.43,4.3,46.84,121.0,64.61,8.89,,28.95,13.99
2020-03-03 07:00:00,7.48,23.86,26.94,23.51,47.54,16.49,42.94,12.34,6.86,71.34,4.22,11.54,20.61,51.46,13.73,12.37,5.6,7.86,5.15,15.71,14.38,3.43,6.15,40.35,34.02,13.31,30.12,10.81,41.24,35.82,8.09,17.49,66.18,15.16,4.52,,5.36,12.7,10.87,17.78,6.17,36.08,59.8,4.37,46.93,121.9,65.04,8.99,,29.05,14.1
2020-03-04 07:00:00,7.45,23.21,26.52,23.57,47.46,16.6,45.51,12.11,6.88,69.64,4.46,11.47,20.07,49.34,13.66,11.49,5.6,7.79,5.14,15.62,14.43,3.9,6.07,39.98,33.45,13.21,30.29,10.81,40.52,35.65,7.97,17.43,65.38,14.84,4.72,,5.43,12.6,10.68,17.68,6.28,35.44,59.36,4.3,46.88,128.7,64.92,8.89,,28.5,13.97
2020-03-05 07:00:00,7.62,23.12,26.66,24.13,47.88,16.71,43.88,12.3,6.88,70.01,4.42,11.5,20.21,49.66,13.73,11.23,5.67,7.8,5.2,15.71,14.41,3.59,6.1,42.13,33.64,13.28,30.35,10.81,40.68,35.87,8.21,17.49,65.22,14.74,5.19,,5.6,12.7,10.79,16.84,6.33,36.13,60.09,4.37,47.06,123.9,64.86,9.27,,29.0,14.1
2020-03-06 07:00:00,7.36,23.12,26.6,23.79,47.29,16.64,44.51,11.93,6.94,70.38,4.3,11.31,19.63,48.48,13.59,11.14,5.54,7.73,5.1,15.58,14.35,3.47,6.02,44.07,33.07,13.18,30.07,10.81,40.2,35.43,8.09,17.25,64.84,14.67,5.12,,5.53,12.4,10.49,16.17,6.24,37.03,59.65,4.3,46.66,122.9,64.18,9.03,,28.7,13.95
2020-03-09 07:00:00,7.13,22.29,25.22,22.78,44.3,15.62,42.62,11.31,6.86,70.01,4.15,11.15,18.8,44.75,13.17,,5.32,7.42,4.84,15.37,14.03,3.23,5.79,46.02,31.08,12.88,30.07,10.77,38.44,33.83,7.74,16.66,61.0,14.0,4.76,,5.22,11.7,9.92,14.94,5.96,34.96,57.96,4.18,45.33,119.0,62.78,8.55,,27.5,13.4
2020-03-10 07:00:00,7.16,23.4,24.83,22.67,44.3,16.13,41.43,11.47,6.63,66.92,4.17,11.05,18.8,44.01,12.78,,5.28,7.49,4.76,15.24,13.62,3.08,5.69,43.59,29.98,12.92,29.73,10.6,36.04,32.66,7.57,16.21,61.35,13.58,4.41,,5.17,11.5,9.92,13.92,5.96,34.53,56.41,4.02,44.08,114.5,62.35,8.63,,26.95,13.18
2020-03-11 07:00:00,7.04,22.11,24.54,22.84,43.11,16.09,41.43,11.45,6.72,67.8,4.15,11.02,18.98,44.13,12.88,,5.15,7.51,4.74,15.37,13.71,3.35,5.67,43.18,29.82,13.18,29.57,10.6,35.88,32.31,7.62,16.37,61.39,13.54,4.37,,5.23,11.5,9.9,13.46,5.96,34.74,56.63,4.02,43.55,114.5,64.31,8.6,,26.4,13.2
2020-03-12 07:00:00,6.64,19.62,21.27,21.71,38.34,15.47,39.48,10.26,6.44,62.94,3.91,10.89,17.82,37.8,12.32,,4.78,6.82,4.25,14.64,13.28,2.92,5.12,40.47,25.65,12.72,29.51,10.56,32.03,27.76,6.83,15.44,61.35,12.59,4.52,,4.62,10.25,8.74,12.2,5.79,31.55,55.67,3.81,41.02,106.0,62.16,7.59,,24.95,12.5
2020-03-13 07:00:00,6.5,19.25,20.71,20.81,35.78,15.62,35.15,10.26,6.46,64.12,3.86,10.82,18.08,36.31,11.19,,4.64,6.79,4.05,14.34,12.46,2.84,5.21,40.47,27.14,11.92,29.51,10.56,30.43,27.19,7.03,15.28,58.7,11.86,4.45,,4.54,10.55,8.76,11.21,5.79,31.55,53.09,3.71,41.11,101.0,61.61,7.51,,24.3,12.0
2020-03-16 07:00:00,6.44,19.34,20.28,21.2,34.93,14.96,34.46,10.1,6.74,63.38,3.88,10.66,17.97,37.37,11.36,,4.56,6.84,4.18,14.25,12.23,2.84,5.03,40.35,24.99,11.82,29.4,10.48,30.59,26.24,7.01,15.17,57.55,10.84,4.76,,4.49,10.5,8.62,11.97,5.8,30.68,52.94,3.64,41.11,100.0,60.75,7.25,,24.5,12.0
2020-03-17 07:00:00,6.18,20.17,19.13,20.53,34.08,14.66,34.34,9.71,6.41,58.96,3.95,10.53,17.53,37.18,11.61,10.09,4.47,6.65,4.11,14.25,12.17,2.8,4.86,40.1,24.61,11.26,28.73,10.56,31.51,24.72,7.41,15.97,57.55,10.73,4.45,,4.69,10.2,8.48,12.79,5.96,29.17,52.65,3.55,41.02,101.7,59.04,7.07,,22.7,11.63
2020-03-18 07:00:00,6.24,19.9,20.03,20.87,34.25,15.4,35.34,9.87,6.46,58.96,4.13,10.63,17.75,37.24,12.18,10.09,4.35,6.93,4.2,14.16,12.2,2.8,4.93,40.26,25.4,11.59,28.68,10.56,33.71,25.37,7.07,16.5,55.98,10.66,4.72,,4.75,10.4,8.6,12.54,6.04,30.55,51.84,3.57,39.99,102.0,59.9,7.12,,22.3,11.7
2020-03-19 07:00:00,6.15,18.61,19.3,20.53,33.06,15.73,33.9,9.44,6.38,58.29,4.2,10.63,17.39,35.07,12.11,9.04,4.16,6.72,4.03,14.16,12.17,2.84,4.77,39.86,24.52,11.92,28.4,10.43,33.47,24.5,6.86,16.05,52.95,10.55,4.68,,4.59,9.96,8.41,11.54,6.04,29.69,51.1,3.74,39.42,100.0,57.57,6.84,,22.0,11.5
2020-03-20 07:00:00,6.7,18.98,19.21,20.5,32.21,14.59,34.02,9.39,6.32,57.78,4.15,10.4,17.44,36.06,11.96,8.77,4.14,6.65,4.01,13.91,12.17,2.96,4.74,39.86,24.36,11.92,28.4,10.43,33.23,23.9,6.87,15.97,50.26,10.52,4.72,,4.64,9.92,8.27,10.95,6.21,28.65,50.51,3.48,39.42,103.0,55.92,6.96,,21.9,11.27
2020-03-23 07:00:00,6.18,17.13,18.0,19.69,29.82,14.15,32.83,8.7,6.27,56.75,3.95,10.59,16.95,34.76,11.33,7.57,3.88,6.2,3.7,13.91,11.59,2.64,4.54,39.86,23.67,11.59,28.95,10.43,31.71,22.99,6.68,15.46,48.15,10.03,4.72,,4.42,9.5,8.03,10.13,6.21,25.28,45.72,3.43,34.8,100.0,54.57,6.58,,19.45,10.81
2020-03-24 07:00:00,5.75,16.86,18.03,19.12,29.44,14.0,32.64,8.56,6.3,55.86,3.89,10.46,16.27,35.01,11.12,7.8,3.9,5.98,3.58,13.31,11.48,2.45,4.36,39.78,22.66,11.06,29.23,10.35,30.35,22.77,6.16,15.22,45.96,9.64,4.72,,4.29,9.17,7.79,9.31,6.23,25.24,43.06,3.17,33.33,98.0,54.08,6.57,,18.0,11.23
2020-03-25 07:00:00,6.01,16.58,18.87,20.02,31.48,14.52,34.15,8.95,6.07,59.55,4.01,10.43,16.77,37.3,11.54,7.98,3.94,6.15,3.52,14.16,11.33,2.56,4.55,40.26,23.03,11.26,29.07,10.35,32.11,23.81,6.25,15.7,47.19,8.86,5.0,,4.41,9.26,7.89,9.67,6.23,26.79,43.58,3.41,34.0,99.5,56.41,6.68,,18.9,11.12
2020-03-26 07:00:00,5.95,16.95,19.3,20.42,33.65,14.59,33.27,8.98,6.32,63.31,3.96,10.4,16.58,37.49,11.47,7.89,3.94,6.06,3.45,13.74,11.71,2.52,4.52,39.86,22.81,11.19,28.95,10.39,32.83,24.46,6.16,15.49,48.57,8.94,5.04,,4.37,9.11,7.84,9.39,6.21,27.96,46.45,3.41,36.35,97.1,58.18,6.57,,20.2,10.9
2020-03-27 07:00:00,5.8,16.58,19.04,20.25,34.76,14.04,33.77,8.75,5.98,63.38,4.05,10.2,16.05,36.68,11.33,7.9,3.86,5.86,3.45,13.74,11.33,2.45,4.41,41.32,20.83,11.16,28.95,10.39,31.71,23.64,6.31,15.09,50.76,9.53,4.96,,4.31,8.75,7.65,9.24,5.81,28.48,45.27,3.29,38.84,96.9,58.37,6.4,,20.4,10.79
2020-03-30 07:00:00,5.63,16.03,18.0,19.52,32.21,13.78,31.14,8.24,6.41,60.43,3.98,10.2,14.86,34.39,10.8,7.55,3.47,5.75,3.19,13.44,11.22,2.76,4.1,39.78,20.51,11.03,28.95,10.35,31.59,21.68,5.92,14.88,49.88,9.46,4.88,,3.93,7.99,7.32,8.72,5.53,26.53,42.03,3.17,36.44,96.5,56.65,6.0,,19.25,10.5
2020-03-31 07:00:00,5.43,15.66,18.14,19.69,32.12,13.86,31.39,8.47,5.87,61.17,4.03,10.17,15.33,35.81,10.97,7.63,3.62,5.98,3.21,13.69,11.01,2.33,4.1,40.43,19.78,11.23,28.95,10.35,31.59,21.6,5.78,15.01,49.46,9.15,4.88,,3.94,7.86,7.32,8.72,5.22,27.7,42.69,3.1,38.66,98.9,57.2,6.01,,20.3,10.75
2020-04-01 07:00:00,5.49,15.66,18.62,19.8,33.7,13.71,28.88,8.4,5.59,59.33,4.17,9.88,15.62,35.75,10.76,7.53,3.75,6.03,3.23,13.14,10.75,2.45,4.16,40.51,19.63,11.03,28.95,10.31,32.9,21.76,5.81,15.14,49.07,9.08,5.12,,4.09,7.81,7.37,8.57,4.96,28.48,42.25,3.1,38.66,99.2,57.57,5.7,,19.7,10.45
2020-04-03 07:00:00,5.6,16.58,19.35,20.36,36.04,13.93,30.29,8.7,5.87,60.43,4.3,9.88,16.14,37.24,10.83,7.81,3.87,6.1,3.45,12.71,10.81,2.45,4.35,42.37,20.64,11.43,28.9,10.33,34.08,23.04,6.11,15.49,49.84,9.15,5.23,,4.37,8.35,7.53,8.62,4.79,28.65,42.55,3.17,40.44,101.4,58.49,5.82,,19.7,10.71
2020-04-06 07:00:00,6.01,18.52,20.71,21.54,38.55,14.48,32.39,9.21,6.01,61.91,4.42,10.07,17.17,39.1,11.5,7.98,4.06,6.49,3.69,12.88,11.01,2.6,4.58,45.29,22.06,11.99,28.95,10.33,34.63,24.6,6.47,16.1,51.22,9.6,5.74,,4.67,8.93,8.01,9.21,4.96,29.52,45.49,3.36,43.24,100.2,59.16,6.11,,20.85,11.22
2020-04-07 07:00:00,6.06,18.42,21.27,22.27,40.81,14.44,34.46,9.27,6.1,62.64,4.37,10.07,17.24,39.66,11.68,7.98,4.14,6.58,3.72,13.39,11.01,2.64,4.71,47.31,23.57,12.22,29.01,10.43,33.23,25.39,6.47,16.21,53.33,9.82,5.86,,4.8,9.4,8.13,9.85,4.96,29.82,48.67,3.43,44.84,100.0,60.63,6.34,,22.3,11.5
2020-04-08 07:00:00,6.44,17.96,21.44,22.5,42.17,14.04,34.02,9.16,6.04,61.91,4.54,10.04,17.01,38.98,11.5,7.89,4.1,6.48,3.78,13.39,11.48,2.52,4.61,47.72,23.54,12.25,28.95,10.43,32.73,25.04,6.74,15.94,54.67,9.5,6.1,,4.79,9.29,7.94,10.52,4.92,29.47,51.61,3.34,43.11,99.0,60.63,6.24,,22.5,11.55
2020-04-09 07:00:00,6.41,17.5,21.78,23.48,42.26,13.82,34.84,9.32,6.46,64.12,4.81,9.94,17.21,41.59,11.82,8.36,4.12,6.55,3.9,13.52,11.65,2.64,4.68,48.37,23.76,12.52,29.51,10.43,34.58,26.54,7.1,16.18,56.63,9.96,6.49,,5.04,9.49,8.1,10.93,4.99,31.11,52.28,3.36,43.24,103.0,61.8,6.29,,24.05,11.69
2020-04-10 07:00:00,5.83,17.96,21.33,22.98,40.98,13.67,34.52,9.21,6.41,66.11,4.74,9.85,16.99,41.9,11.82,8.86,4.06,6.55,3.82,13.35,11.65,2.6,4.64,50.63,23.0,12.32,28.95,10.43,35.01,26.06,6.88,16.56,56.36,9.71,7.08,,5.2,9.23,8.01,10.59,4.94,31.07,51.02,3.36,43.02,109.1,61.24,6.13,,24.0,11.68
2020-04-13 07:00:00,5.89,18.98,21.27,22.44,40.55,13.86,34.15,9.16,6.46,67.73,4.9,9.88,16.99,43.14,12.04,9.48,4.0,6.72,3.88,13.22,11.83,2.64,4.67,49.74,24.2,12.25,29.01,10.52,34.92,26.32,7.1,16.45,55.82,10.1,7.16,,5.12,9.24,8.31,10.16,4.96,31.03,51.25,3.38,42.66,116.7,61.12,6.5,,25.45,11.91
2020-04-14 07:00:00,5.83,17.5,21.19,22.41,39.7,13.78,33.71,9.04,6.41,66.33,4.88,9.98,17.9,41.77,11.89,9.52,4.01,6.87,4.01,13.82,11.94,2.6,4.66,49.42,23.92,12.22,28.9,10.43,34.04,25.88,7.19,16.29,55.94,10.06,7.0,,5.04,9.16,8.2,10.0,4.98,30.6,50.8,3.38,42.88,114.5,61.06,6.94,,27.2,11.84
2020-04-15 07:00:00,5.98,17.69,21.27,23.12,41.83,14.04,35.59,9.14,6.44,65.96,4.93,9.88,18.36,41.77,12.04,9.92,4.09,6.99,4.29,14.59,11.97,2.88,4.8,50.47,24.68,12.52,28.95,10.39,34.12,26.32,7.25,16.69,58.86,10.2,7.08,,5.14,9.8,8.29,10.41,5.19,30.81,50.88,3.5,42.66,112.2,61.06,7.36,,26.7,12.1
2020-04-16 07:00:00,5.89,20.17,21.05,23.79,41.41,14.7,37.79,9.11,6.58,65.74,4.86,9.88,18.36,42.21,12.46,9.78,4.2,7.03,4.5,14.59,12.0,2.92,4.8,49.58,24.3,12.85,28.9,10.33,34.92,26.37,7.14,16.5,62.62,9.99,7.08,,5.18,9.95,8.29,10.34,5.19,30.77,50.29,3.46,42.66,116.0,60.94,7.09,,26.5,12.2
2020-04-17 07:00:00,6.09,22.29,21.55,25.31,41.75,15.25,38.86,9.39,6.94,66.33,4.85,10.14,18.55,42.83,13.03,9.78,4.36,7.17,4.5,14.94,12.17,3.16,4.99,49.74,25.87,12.78,29.51,10.41,35.13,26.81,7.22,16.71,64.46,10.48,7.16,,5.27,9.94,8.43,10.82,5.28,31.03,51.02,3.78,42.71,118.0,61.31,7.23,,27.2,12.25
2020-04-20 07:00:00,6.12,21.19,21.44,26.1,41.28,15.03,39.55,9.37,7.53,66.4,5.05,10.07,18.8,42.83,13.1,9.87,4.35,7.41,4.66,15.11,12.17,2.88,4.99,49.42,26.85,12.82,29.51,10.41,37.2,27.12,7.62,16.66,67.87,10.76,7.08,,5.27,9.85,8.48,11.56,5.3,31.29,51.17,3.57,42.84,117.6,61.98,7.07,,26.5,12.33
2020-04-21 07:00:00,5.95,20.73,20.76,25.59,40.55,14.44,37.35,9.04,7.28,69.28,5.37,9.94,18.4,41.71,12.57,9.39,4.16,7.32,4.39,14.94,12.06,2.8,4.79,47.64,26.32,13.48,29.4,10.35,36.19,26.68,7.67,16.4,72.59,10.62,6.85,,5.14,9.45,8.22,10.95,5.18,30.9,50.36,3.55,42.44,116.5,61.24,6.81,,25.9,12.15
2020-04-22 07:00:00,5.89,20.54,20.9,25.2,40.9,14.48,35.97,9.02,7.17,67.29,5.34,10.14,18.51,40.1,12.46,9.13,4.14,7.34,4.43,14.59,11.88,2.8,4.7,47.47,26.19,13.41,29.23,10.35,34.41,26.1,7.61,15.94,67.14,10.03,6.61,,5.14,9.29,8.13,10.39,5.02,30.73,50.14,3.43,41.24,115.5,59.77,6.79,,25.0,11.91
2020-04-23 07:00:00,6.01,20.45,20.99,26.04,41.19,14.63,36.97,9.02,7.45,68.46,5.43,10.2,18.87,40.97,12.74,9.08,4.2,7.56,4.73,15.02,11.91,2.84,4.79,48.45,26.82,13.45,29.9,10.41,35.09,26.86,7.65,15.97,71.71,10.13,6.61,,5.27,9.38,8.17,10.72,5.16,30.68,49.7,3.48,42.17,117.3,60.39,6.74,,24.65,12.18
2020-04-24 07:00:00,5.89,20.08,20.57,25.59,40.47,14.19,38.04,8.84,7.73,68.91,5.17,10.01,18.51,40.97,12.46,8.91,4.08,7.65,5.06,14.72,11.94,2.76,4.7,48.2,26.35,13.78,29.79,10.39,35.01,26.46,7.54,16.32,70.98,10.06,6.45,,5.1,9.2,8.1,10.59,5.12,30.08,49.25,3.41,41.73,116.5,62.96,6.68,,24.4,12.1
2020-04-27 07:00:00,5.95,21.65,20.54,25.99,40.9,14.48,40.17,8.88,7.7,67.8,5.24,9.94,18.62,40.9,12.57,9.34,4.12,7.79,5.37,14.68,11.94,2.76,4.71,49.01,26.47,13.94,29.84,10.41,34.88,26.68,7.88,16.56,69.06,9.92,6.45,,5.1,9.23,8.15,10.93,5.05,30.21,49.33,3.41,42.22,115.2,65.22,7.14,,24.2,12.2
2020-04-28 07:00:00,5.89,21.92,20.2,26.15,39.96,14.74,40.49,8.84,7.59,69.64,5.1,9.85,18.36,39.72,12.88,9.83,4.1,7.61,5.23,14.55,11.97,2.8,4.64,48.85,25.84,13.58,30.07,10.37,34.16,25.88,8.13,16.24,69.02,9.88,6.33,,5.0,9.12,8.1,10.93,5.02,29.6,50.51,3.38,41.28,113.5,63.08,6.97,,23.75,12.05
2020-04-29 07:00:00,5.92,22.11,20.26,26.83,39.62,14.74,40.05,9.16,7.59,69.28,5.21,9.85,18.58,39.85,13.38,9.96,4.1,7.48,5.16,14.85,12.17,2.8,4.68,48.53,25.97,13.88,30.18,11.1,34.25,25.44,8.45,16.21,67.14,9.85,6.3,,5.0,9.25,8.29,10.95,5.01,29.43,47.93,3.41,41.51,116.5,61.18,6.87,,23.35,12.0
2020-05-04 07:00:00,5.92,22.02,20.54,26.55,39.58,14.66,39.36,9.37,7.78,69.94,4.96,9.81,18.4,40.72,13.17,9.65,4.29,7.42,5.47,15.02,12.17,2.84,4.67,47.56,25.72,13.55,30.62,11.39,34.88,25.7,8.09,15.97,62.73,10.27,6.22,,4.97,9.1,8.36,10.87,4.98,29.43,47.85,3.38,41.11,116.0,60.63,6.65,,23.75,12.0
2020-05-05 07:00:00,5.89,21.19,20.2,26.5,38.34,14.48,38.73,9.23,8.06,69.64,4.86,9.78,18.44,40.66,12.74,9.83,4.3,7.46,5.44,15.8,12.23,2.84,4.64,46.58,25.43,13.31,30.35,11.18,34.29,25.3,7.75,15.97,59.47,10.06,6.22,,4.93,9.09,8.31,11.41,4.99,29.26,48.3,3.36,41.33,114.3,61.8,6.66,,23.85,11.9
2020-05-06 07:00:00,6.12,21.1,20.31,26.56,39.62,14.3,40.93,9.3,8.2,70.45,4.91,9.75,19.2,42.7,12.88,10.4,4.28,7.65,5.68,16.74,12.26,2.8,4.66,46.99,25.62,13.55,29.9,10.93,35.68,25.17,7.86,16.18,62.08,10.06,6.1,,4.97,9.14,8.29,11.51,5.11,29.26,49.77,3.41,42.22,112.5,62.16,6.79,,25.0,12.18
2020-05-07 07:00:00,6.12,21.0,21.21,26.38,40.47,14.59,42.81,9.46,8.2,72.22,4.96,9.85,19.34,43.14,13.1,11.1,4.32,8.13,5.76,17.9,12.32,2.84,4.76,47.8,26.06,13.58,29.84,10.89,35.76,25.52,8.05,16.34,64.84,10.1,6.33,,5.04,9.38,8.36,11.36,5.16,30.12,50.14,3.41,42.66,115.2,63.57,6.97,,25.2,12.35
2020-05-08 07:00:00,6.32,22.02,22.17,26.44,42.09,14.77,42.81,9.91,8.12,72.22,4.94,10.11,19.92,43.94,13.13,11.06,4.51,8.32,5.65,17.86,12.41,2.96,4.95,50.55,27.11,13.41,30.07,10.85,37.92,26.37,8.21,16.71,69.06,10.59,6.69,,5.27,9.77,8.93,11.49,5.25,32.07,53.31,3.53,44.44,123.2,65.9,7.44,,25.9,12.95
2020-05-11 07:00:00,6.32,22.48,22.0,26.74,41.58,14.55,42.31,9.87,8.29,72.27,4.93,10.07,19.67,45.31,13.52,10.97,4.54,8.3,5.68,17.77,12.41,3.12,4.95,51.12,27.01,13.41,30.35,10.99,37.54,26.54,8.05,16.48,67.53,10.55,6.88,,5.41,9.75,9.54,11.92,5.39,32.19,54.49,3.57,43.55,119.3,66.45,7.87,,25.65,12.95
2020-05-12 07:00:00,6.35,22.11,21.81,27.62,42.6,15.03,43.31,9.98,8.32,71.51,5.19,10.04,19.67,45.93,13.73,11.19,4.54,8.23,5.88,17.81,13.07,3.08,5.0,51.2,26.76,13.88,30.18,11.12,38.8,28.27,8.45,16.74,67.18,10.38,6.88,,5.48,9.75,9.8,12.05,5.69,32.84,54.49,3.6,43.28,118.6,70.06,7.88,,25.4,13.1
2020-05-13 07:00:00,6.35,22.02,22.46,28.5,44.73,15.91,45.45,10.05,8.57,71.21,5.19,9.94,20.98,45.87,13.95,11.49,4.73,8.34,6.29,18.8,13.36,3.08,5.14,50.63,26.54,14.21,29.4,11.39,39.22,29.03,8.33,17.03,66.76,10.69,6.85,,5.46,10.15,9.78,11.82,6.08,33.06,53.83,3.62,42.66,117.0,70.43,7.88,,25.1,13.1
2020-05-14 07:00:00,6.29,22.02,22.85,28.18,43.45,15.58,44.38,9.96,9.24,70.37,5.07,10.04,20.79,44.94,13.98,11.06,4.65,8.3,6.48,18.84,13.36,3.04,5.11,52.82,26.44,14.18,29.79,11.59,38.63,28.76,8.13,17.09,66.38,10.52,6.85,,5.6,10.3,9.73,11.9,6.38,33.02,52.65,3.57,42.97,114.8,69.76,7.79,,24.35,13.02
2020-05-15 07:00:00,6.41,21.56,22.63,27.56,42.86,15.32,44.26,9.89,8.99,70.6,4.98,10.14,20.7,45.31,13.91,10.92,4.65,8.29,6.37,18.8,13.22,3.0,5.08,52.58,26.44,13.98,30.01,11.7,38.76,28.32,8.17,17.01,67.14,10.52,6.77,,5.52,10.2,9.73,12.03,6.2,33.06,53.09,3.57,43.33,114.5,69.51,7.8,,24.75,13.1
2020-05-18 07:00:00,6.32,21.19,21.95,27.47,41.92,15.18,43.06,9.78,8.94,70.06,4.86,10.24,20.47,45.62,13.77,10.84,4.6,8.65,6.59,19.83,12.81,2.92,4.98,50.88,27.01,13.84,29.62,11.59,38.38,28.36,8.01,16.69,66.76,10.45,6.1,,5.42,9.85,9.8,11.92,6.18,34.14,53.53,4.04,43.11,114.2,68.47,8.18,,24.7,13.09
2020-05-19 07:00:00,6.5,21.65,22.51,27.88,42.68,15.29,44.32,10.28,9.1,71.13,4.91,10.69,21.04,46.8,13.88,11.19,4.73,9.25,7.01,21.2,12.99,3.04,5.09,52.17,27.67,13.71,29.79,11.68,40.07,28.94,8.13,16.9,67.91,10.66,6.06,,5.58,10.15,10.11,11.97,6.27,34.61,55.08,3.62,43.28,116.0,70.06,8.47,,25.8,13.62
2020-05-20 07:00:00,6.47,21.65,22.17,27.97,42.6,15.18,44.19,10.21,9.08,71.05,5.08,10.79,20.75,46.43,13.84,11.28,4.66,9.16,6.87,22.66,12.96,3.04,5.06,51.77,27.36,13.84,29.79,11.64,39.52,28.54,8.09,16.77,67.14,10.55,5.7,,5.5,10.55,10.01,11.59,6.24,34.44,56.85,3.57,43.11,114.5,70.06,8.11,,26.55,13.45
2020-05-21 07:00:00,6.55,21.83,22.65,27.62,43.45,15.1,44.26,10.65,9.13,71.51,5.07,11.31,20.87,46.92,13.88,11.63,4.96,9.15,6.68,24.21,12.93,3.0,5.14,51.85,27.86,13.91,29.96,11.68,40.07,28.36,8.13,16.93,68.3,10.66,4.92,,5.54,10.55,10.39,11.51,6.24,35.09,57.88,4.04,43.55,115.0,70.43,8.06,,27.25,13.7
2020-05-22 07:00:00,6.55,21.74,22.57,27.62,42.94,14.85,43.88,10.81,9.22,71.21,5.17,11.37,20.75,46.49,13.81,11.28,4.85,9.46,6.8,25.76,12.78,3.08,5.14,51.61,27.48,13.71,30.23,11.7,39.56,28.23,8.05,16.82,67.53,10.69,5.19,,5.62,10.6,10.2,11.69,6.24,35.13,57.07,3.74,43.55,114.8,70.31,8.06,,26.1,13.7
2020-05-25 07:00:00,6.55,23.49,22.46,27.62,42.39,14.66,42.94,10.69,9.3,70.83,5.45,11.15,20.58,45.99,13.77,11.54,4.83,9.58,6.89,25.32,12.61,3.04,5.08,50.8,27.45,13.98,30.01,11.68,39.48,28.5,8.21,16.66,67.57,10.48,5.7,,5.58,10.4,10.06,12.33,6.04,35.13,57.88,3.78,43.15,114.0,72.02,7.9,,26.65,13.46
2020-05-26 07:00:00,6.79,25.61,23.7,28.68,44.64,14.74,43.88,10.67,9.41,71.13,5.42,11.11,20.66,46.49,14.34,11.8,4.82,9.78,6.89,26.18,12.78,3.04,5.12,50.88,27.39,14.21,30.01,11.61,39.64,28.72,8.45,17.3,68.68,10.8,5.63,,5.88,10.45,10.06,12.1,5.98,35.7,57.44,4.25,43.33,113.3,72.27,8.06,,26.8,13.6
2020-05-27 07:00:00,6.84,25.24,24.12,28.65,45.33,15.1,46.51,10.74,10.34,71.66,5.51,11.44,20.92,47.36,14.51,11.58,4.91,9.85,7.25,26.61,12.87,3.23,5.18,52.34,27.58,14.41,30.12,11.65,40.19,28.8,8.57,17.35,67.53,10.76,5.59,,5.94,10.55,10.11,12.05,6.1,36.47,57.22,3.88,43.51,115.2,72.15,7.97,,26.65,13.64
2020-05-28 07:00:00,6.7,24.6,23.1,28.5,43.54,14.77,49.28,10.51,10.45,71.21,5.35,11.44,20.58,46.8,14.09,11.32,4.75,9.51,7.25,25.76,12.7,3.16,5.09,51.36,27.04,14.18,30.57,12.14,39.64,27.96,8.29,16.95,67.99,10.55,5.63,,5.77,10.6,10.01,11.41,6.08,36.78,56.04,3.81,43.33,114.2,71.04,7.66,,27.0,13.52
2020-05-29 07:00:00,6.64,24.41,22.85,28.29,42.94,14.59,48.21,10.4,10.42,72.19,5.31,11.44,20.36,46.24,13.98,11.32,4.79,9.54,7.11,27.34,12.78,3.12,5.03,50.96,26.82,14.01,30.57,12.96,39.52,28.36,8.21,16.74,67.91,10.48,5.55,,5.69,10.45,9.9,10.9,5.9,37.16,56.85,3.83,43.33,113.3,70.55,7.62,,28.2,13.47
2020-06-01 07:00:00,7.25,25.33,23.44,28.38,43.62,14.41,48.96,10.76,11.04,71.43,5.4,11.76,20.47,47.17,14.05,11.36,4.95,9.58,7.32,29.23,12.9,3.19,5.25,51.61,27.17,14.21,30.62,12.94,39.39,28.5,8.29,16.93,69.83,10.55,5.59,,5.85,10.75,10.06,11.08,6.07,37.47,58.62,3.99,43.2,114.0,71.66,8.0,,28.05,13.7
2020-06-02 07:00:00,7.65,24.78,23.64,28.15,43.54,14.33,48.77,11.13,11.41,71.51,5.31,11.7,20.54,48.29,14.09,11.36,5.28,9.58,6.96,29.1,13.04,3.55,5.32,53.31,27.39,14.37,30.79,12.7,39.73,28.36,8.53,17.03,72.52,10.62,5.63,,5.86,10.9,10.16,11.21,6.1,37.55,58.4,4.02,43.2,115.5,71.66,8.1,,28.0,13.79
2020-06-03 07:00:00,7.36,24.69,23.25,28.32,42.86,14.33,43.88,11.02,10.96,71.51,5.15,11.8,20.72,48.6,14.09,11.41,5.64,9.37,6.96,29.36,13.45,3.51,5.27,52.25,27.07,14.18,30.35,12.19,39.64,28.27,8.37,16.93,70.98,10.55,5.98,,5.81,10.7,10.13,11.21,6.27,37.99,57.73,4.13,43.02,114.7,72.33,7.95,,28.1,13.71
2020-06-04 07:00:00,7.42,24.41,23.87,29.09,43.2,14.41,45.2,11.4,11.27,71.89,5.19,11.67,20.7,49.34,14.05,11.54,5.68,9.44,7.08,29.19,13.68,3.51,5.32,52.34,27.45,14.18,30.79,12.24,39.98,28.36,8.45,17.09,70.21,10.69,6.3,,6.09,10.9,10.13,11.44,6.27,38.46,58.03,4.2,43.02,114.3,72.21,8.02,,28.85,13.78
2020-06-05 07:00:00,7.33,24.13,23.81,29.97,42.47,14.19,47.08,11.31,11.77,71.51,5.26,11.7,20.62,48.41,14.76,11.32,5.51,9.41,7.39,28.8,13.59,3.47,5.24,51.28,27.2,14.14,30.4,12.28,39.81,28.23,8.37,17.03,69.79,10.62,6.3,,6.04,10.75,10.13,11.44,6.27,38.59,57.44,4.16,42.75,114.3,73.0,7.98,,28.8,13.75
2020-06-08 07:00:00,7.51,24.78,24.83,31.09,43.88,14.3,45.7,11.54,11.8,71.13,5.33,11.83,21.17,49.34,15.04,11.63,5.52,9.68,7.88,29.02,14.03,3.79,5.32,52.17,28.81,14.44,30.57,12.33,40.57,29.34,8.64,17.35,70.4,11.33,6.53,,6.19,10.85,10.35,11.95,6.24,38.98,58.03,4.2,43.37,115.6,75.58,8.15,,28.9,14.09
2020-06-09 07:00:00,7.39,24.6,24.88,31.09,45.16,14.96,45.01,11.45,11.66,71.59,5.3,11.89,21.02,48.97,15.08,12.2,5.56,9.65,8.29,29.45,13.97,3.83,5.3,52.01,28.65,14.51,30.9,12.33,40.57,29.56,8.84,17.3,70.1,11.75,6.49,,6.23,10.9,10.3,11.82,6.18,38.89,58.03,4.2,43.11,118.8,77.17,7.97,,28.6,14.06
2020-06-10 07:00:00,7.48,24.6,24.88,30.79,45.16,14.96,43.88,11.45,11.38,71.81,5.31,11.8,20.75,48.66,14.8,11.98,5.56,9.44,7.91,29.1,13.65,3.75,5.48,51.04,28.4,14.37,30.51,12.14,40.24,29.07,9.16,17.01,69.06,11.68,6.45,,6.15,11.5,10.37,12.08,6.24,38.81,57.37,4.18,42.75,118.4,77.17,7.98,,28.0,14.14
2020-06-11 07:00:00,7.45,26.16,24.66,30.44,44.9,15.32,45.82,11.36,11.02,71.51,5.42,11.8,20.66,48.48,14.87,11.89,5.52,9.35,7.98,28.33,13.91,3.75,5.48,51.93,28.24,14.34,30.4,12.14,40.49,28.8,9.0,17.03,69.25,11.54,6.65,,6.19,12.3,10.35,12.05,6.28,38.72,57.96,4.2,42.75,117.9,76.56,7.92,,27.95,14.02
2020-06-12 07:00:00,7.07,24.87,23.98,29.62,41.75,14.41,43.25,10.67,10.82,69.99,5.05,11.83,19.9,46.49,14.02,10.92,5.35,9.13,7.67,26.87,13.48,3.43,5.14,47.56,27.14,13.78,30.79,11.82,38.13,26.59,8.25,16.45,68.22,11.05,6.3,,5.92,11.8,10.04,11.56,5.96,37.38,55.74,4.09,41.11,113.4,73.37,7.59,,25.9,13.55
2020-06-15 07:00:00,7.13,24.5,23.87,29.56,42.13,14.37,42.94,10.76,11.02,69.84,5.07,11.96,20.32,46.8,14.34,11.41,5.67,9.13,7.98,27.13,13.57,3.71,5.16,47.72,27.07,13.74,30.96,11.82,38.38,26.5,8.6,16.42,67.14,10.87,6.45,,5.94,12.6,9.97,11.77,5.96,37.08,55.82,4.06,41.33,112.2,74.04,7.53,,26.4,13.6
2020-06-16 07:00:00,6.99,24.78,23.47,29.91,41.92,14.04,40.17,10.65,10.88,69.91,5.08,11.8,19.82,45.62,13.88,11.41,5.47,9.1,7.74,25.93,13.51,3.75,5.09,46.83,26.69,13.58,31.63,11.54,38.13,26.06,8.57,16.34,66.34,10.59,6.45,,5.83,12.5,9.73,11.23,5.96,36.3,55.23,4.55,42.13,110.4,71.96,7.33,,26.75,13.35
2020-06-17 07:00:00,7.02,23.67,23.19,30.56,41.92,14.19,40.17,10.65,10.85,70.22,5.05,11.83,19.79,45.87,13.95,11.23,5.41,9.11,8.16,25.67,13.54,3.59,5.09,47.15,26.79,14.24,31.96,11.44,38.67,26.15,8.53,16.45,66.68,10.66,6.33,,5.83,11.95,9.73,10.9,5.96,36.82,57.22,4.04,41.51,109.8,71.78,7.35,,27.85,13.49
2020-06-18 07:00:00,6.9,24.5,22.91,30.5,41.19,14.08,39.42,10.62,10.76,70.14,5.03,11.76,19.77,45.31,13.77,11.23,5.3,9.25,8.16,25.76,13.62,3.51,5.06,46.5,26.44,14.18,32.57,11.21,39.81,25.79,8.29,16.45,65.0,10.48,5.78,,5.73,11.75,9.66,10.95,5.87,37.38,56.55,4.04,41.11,111.3,71.41,7.35,,27.65,13.4
2020-06-19 07:00:00,7.07,24.6,23.39,31.97,42.17,14.11,40.74,10.72,11.24,70.75,5.08,11.86,19.9,45.5,13.91,11.19,5.31,9.42,8.33,25.93,14.15,3.55,5.09,46.75,26.98,14.14,34.24,11.12,39.81,26.24,8.33,16.74,64.84,10.55,5.78,,5.85,11.95,9.68,10.9,5.96,37.16,56.92,4.11,43.24,111.9,71.35,7.44,,27.8,13.5
2020-06-22 07:00:00,7.13,24.87,23.61,32.61,42.43,14.11,42.56,10.85,11.04,70.6,5.4,11.86,19.9,45.74,14.02,11.14,5.34,9.58,8.57,26.14,14.2,3.63,5.16,47.39,27.39,14.8,33.58,11.58,39.05,26.41,8.45,16.71,64.84,10.45,5.94,,5.92,12.0,9.9,11.03,6.04,36.99,57.81,4.11,43.11,110.0,70.98,7.49,,28.0,13.55
2020-06-23 07:00:00,7.04,24.78,23.33,32.32,42.09,14.3,45.51,10.79,10.96,69.99,5.56,11.86,20.49,46.12,14.51,11.23,5.31,9.54,8.68,25.88,14.09,3.59,5.14,48.2,27.26,14.87,32.85,12.24,39.22,26.81,8.37,16.77,64.11,10.66,5.74,,6.21,11.8,9.83,11.69,6.07,37.6,58.03,4.11,42.8,111.0,71.29,7.44,,27.6,13.54
2020-06-24 07:00:00,7.02,24.87,23.25,33.02,41.66,14.11,48.59,10.79,11.02,69.99,5.45,11.83,20.3,46.06,14.37,11.06,5.27,9.42,8.47,25.84,14.03,3.55,5.18,47.64,27.23,14.64,32.91,11.7,39.01,27.03,8.33,16.79,63.69,10.59,5.74,,6.25,11.65,9.8,11.64,6.04,37.16,57.96,4.16,42.26,109.4,72.51,7.43,,27.7,13.54
2020-06-25 07:00:00,6.87,24.78,22.71,32.03,40.9,13.86,44.26,10.46,10.88,69.68,5.44,11.86,19.94,45.31,14.09,10.79,5.16,9.58,8.71,25.58,13.88,3.47,5.08,46.18,26.66,14.41,33.24,11.44,38.72,26.59,8.13,16.56,62.92,10.45,5.63,,6.06,11.5,9.64,11.36,5.98,36.47,55.96,4.16,41.95,108.5,71.35,7.27,,26.8,13.34
2020-06-26 07:00:00,6.93,24.69,23.08,32.32,41.15,13.93,44.26,10.56,11.49,69.46,5.44,11.6,19.96,45.43,14.09,10.84,5.17,9.51,8.89,25.58,13.83,3.55,5.09,46.91,26.73,14.71,35.02,11.4,38.97,26.77,8.21,16.74,63.42,10.52,5.74,,6.19,11.65,9.68,11.36,6.0,36.6,56.48,4.16,41.95,108.7,71.72,7.3,,26.75,13.38
2020-06-29 07:00:00,6.81,24.5,22.29,32.08,40.04,13.78,44.57,10.33,11.07,69.23,5.19,11.7,19.73,44.69,13.73,10.53,4.98,9.3,8.57,24.47,13.8,3.47,5.03,45.69,26.35,14.51,35.52,11.3,38.51,26.15,8.01,16.5,62.92,10.24,5.47,,5.92,11.3,9.5,11.72,5.96,36.0,55.3,4.11,40.84,109.5,70.92,7.07,,26.2,13.35
2020-06-30 07:00:00,6.73,24.5,22.03,31.61,39.66,13.56,45.2,10.26,11.1,69.61,5.12,11.73,19.65,44.38,13.52,10.31,4.96,9.44,8.36,24.77,13.51,3.35,4.98,45.45,26.03,14.24,35.19,11.82,38.13,25.84,7.9,16.45,62.92,9.96,5.31,,5.83,11.2,9.4,11.26,5.91,35.65,56.78,4.13,40.44,108.0,70.42,6.97,,26.15,13.3
2020-07-01 07:00:00,6.73,24.69,22.23,31.79,39.19,13.49,46.7,10.21,11.24,69.61,5.1,11.57,19.6,44.07,13.45,10.18,4.91,9.47,8.36,24.6,13.54,3.31,4.92,45.45,25.87,14.44,34.8,11.47,38.13,26.24,7.77,16.48,63.31,9.85,5.27,,5.88,11.35,9.4,10.9,5.93,35.74,56.78,4.13,40.66,108.5,71.35,7.04,,26.5,13.3
2020-07-02 07:00:00,6.76,24.6,22.26,32.2,40.47,13.45,49.97,10.3,11.18,69.46,5.08,11.54,19.6,44.38,13.45,10.27,4.99,9.56,8.47,25.07,13.62,3.31,4.93,46.66,25.97,14.44,34.19,11.4,38.46,26.15,7.78,16.56,64.07,9.96,5.23,,5.85,11.3,9.42,10.69,5.91,35.95,57.07,4.16,40.48,108.0,71.29,7.07,,26.4,13.3
2020-07-03 07:00:00,6.73,24.6,22.17,33.2,40.04,13.75,53.42,10.28,11.61,69.99,5.08,11.6,19.69,44.32,13.45,10.4,5.23,9.56,8.5,25.07,14.03,3.27,4.93,46.91,25.84,14.8,34.86,11.49,38.97,26.1,7.7,16.9,67.49,9.99,5.15,,5.85,11.2,9.35,10.95,5.9,36.0,57.37,4.16,40.44,108.2,70.86,7.01,,26.65,13.29
2020-07-06 07:00:00,6.84,24.69,22.68,32.91,40.47,13.67,51.47,10.67,11.55,70.6,5.15,11.6,19.88,45.19,13.59,10.44,5.21,9.56,8.43,25.07,14.06,3.39,4.99,46.99,26.44,14.84,35.91,11.44,39.22,26.5,7.89,17.19,69.83,10.06,5.15,,5.96,11.6,9.57,10.85,5.93,36.04,60.09,4.16,40.84,108.2,72.35,7.2,,27.2,13.5
2020-07-07 07:00:00,6.93,24.69,23.05,32.5,40.81,13.6,51.79,10.85,11.52,71.13,5.17,11.57,20.28,46.12,13.66,10.49,5.21,9.96,8.5,25.07,14.0,3.43,5.0,47.31,26.73,14.84,36.58,11.44,39.48,26.59,8.01,17.09,72.36,10.17,5.27,,6.06,11.7,9.64,10.87,6.04,36.39,60.39,4.18,40.97,109.0,72.66,7.27,,27.8,13.7
2020-07-08 07:00:00,6.93,24.69,22.96,32.32,40.43,13.38,51.66,10.99,11.52,71.13,5.15,11.5,20.28,45.99,13.59,10.35,5.17,9.8,8.29,24.98,13.91,3.35,5.0,46.58,26.51,14.84,36.53,11.7,39.22,26.37,7.84,17.03,74.32,10.13,5.23,,6.0,11.7,9.57,10.69,6.16,36.04,59.73,4.37,40.66,108.1,71.97,7.15,,27.5,13.48
2020-07-09 07:00:00,7.02,24.87,23.64,32.32,40.81,13.45,51.03,11.08,11.3,71.66,5.14,11.6,20.49,47.05,13.73,10.4,5.41,9.75,8.26,26.31,13.91,3.47,5.09,46.75,26.6,14.84,35.97,11.63,39.39,26.9,7.93,17.11,79.23,10.31,5.27,,6.11,11.85,9.9,10.99,6.33,36.26,60.24,4.44,40.8,109.5,72.41,7.48,,27.75,13.7
2020-07-10 07:00:00,7.04,24.78,23.5,32.14,41.45,13.56,50.91,11.06,11.32,71.66,5.26,11.47,20.43,46.8,13.66,10.44,5.42,9.73,8.36,26.53,14.0,3.47,5.06,46.66,26.51,14.8,35.91,11.68,39.22,26.81,8.01,17.09,82.88,10.38,5.27,,6.17,11.8,9.9,11.2,6.23,36.13,59.5,4.39,40.88,110.0,72.22,7.51,,27.55,13.69
2020-07-13 07:00:00,6.99,24.69,23.61,32.03,41.19,13.42,51.47,11.27,11.46,71.51,5.24,11.5,20.72,46.74,13.77,10.84,5.35,9.6,8.36,26.61,14.26,3.47,5.06,46.58,26.41,14.8,35.64,11.65,39.22,26.77,8.01,17.65,80.5,10.41,5.19,,6.21,11.7,9.83,11.59,6.35,36.08,59.06,4.39,40.71,109.5,71.85,7.48,,27.35,13.6
2020-07-14 07:00:00,6.96,24.69,23.3,32.08,40.64,13.38,51.35,11.13,11.32,72.2,5.26,11.34,20.68,47.86,13.7,10.79,5.3,9.63,8.29,26.27,14.09,3.47,5.0,45.85,26.16,15.5,35.02,11.65,39.14,26.32,7.93,17.57,76.54,10.31,5.12,,6.38,11.65,9.59,11.49,6.18,35.87,59.73,4.95,40.8,108.4,71.48,7.3,,26.7,13.5
2020-07-15 07:00:00,6.99,24.41,23.53,31.97,40.98,13.42,53.36,11.15,11.3,72.05,5.31,11.24,20.72,47.92,14.09,10.79,5.39,9.78,8.36,26.31,14.2,3.43,5.06,45.94,26.79,15.47,35.58,11.7,39.31,26.77,8.01,17.73,77.5,10.41,5.15,,6.42,11.7,9.8,11.54,6.2,36.21,61.2,4.48,40.75,108.6,72.6,7.43,,27.0,13.75
2020-07-16 07:00:00,6.99,24.78,23.36,32.26,40.94,13.42,53.36,11.04,11.75,71.66,5.24,11.44,20.64,47.47,14.12,10.75,5.39,9.96,8.19,27.47,14.7,3.43,5.09,46.18,26.76,15.3,34.86,11.75,39.9,26.81,7.97,17.62,74.05,10.62,5.12,,6.38,11.6,9.92,11.67,6.3,36.26,60.09,4.6,41.33,112.0,72.91,7.36,,27.3,13.7
2020-07-17 07:00:00,7.22,24.5,23.61,32.27,41.66,13.27,53.54,11.13,11.49,71.66,5.23,11.41,20.54,47.21,13.98,10.75,5.36,9.91,8.23,27.47,14.7,3.51,5.11,46.02,26.76,15.57,34.58,11.7,40.74,26.77,7.97,17.62,75.58,10.76,5.19,,6.48,11.75,9.83,11.64,6.27,36.13,60.09,5.23,40.88,109.0,72.84,7.56,,27.2,13.6
2020-07-20 07:00:00,7.19,24.69,23.56,32.09,41.24,13.23,53.67,11.04,,71.51,5.17,11.28,20.41,46.75,13.88,10.92,5.39,9.89,8.16,27.3,14.52,3.51,5.11,45.37,26.51,15.86,34.52,11.7,39.86,26.77,7.93,17.43,74.43,10.69,5.15,,6.5,11.7,9.75,11.54,6.24,35.74,59.8,4.65,40.62,108.7,72.41,7.59,,26.85,13.6
2020-07-21 07:00:00,7.1,24.5,23.13,31.85,40.21,13.27,51.85,10.97,,71.51,5.19,11.44,20.3,46.69,13.91,10.7,5.34,9.73,7.98,26.87,14.55,3.47,5.03,45.04,26.44,15.67,35.25,11.65,39.22,26.5,7.81,17.51,74.59,10.69,5.12,,6.38,11.6,9.71,11.98,6.2,35.78,58.62,4.72,40.53,108.5,72.16,7.44,,26.55,13.5
2020-07-22 07:00:00,7.16,24.5,23.13,32.15,40.21,13.38,52.35,10.97,,71.51,5.33,11.31,20.32,46.55,13.95,10.62,5.32,9.78,7.98,27.13,14.41,3.71,5.06,44.72,26.51,15.5,34.97,11.65,39.14,26.32,7.77,17.46,74.01,10.62,5.08,,6.28,11.6,9.73,11.93,6.18,35.65,58.62,4.86,40.44,108.3,71.97,7.46,,27.25,13.7
2020-07-23 07:00:00,7.04,24.5,22.82,31.73,39.45,13.31,50.78,10.76,,71.36,5.28,11.24,20.22,46.62,13.84,10.31,5.27,9.72,7.84,27.04,14.41,3.59,5.0,44.23,26.35,15.73,35.25,11.63,38.93,26.37,7.69,17.89,72.9,10.48,5.0,,6.16,11.4,9.59,11.7,6.13,35.78,58.1,5.51,40.13,108.0,71.11,7.33,,28.3,13.4
2020-07-24 07:00:00,7.02,24.5,22.48,31.43,39.19,13.2,49.78,10.65,,71.82,5.21,11.31,20.13,46.55,13.84,10.44,5.25,9.66,7.63,27.13,14.38,3.94,4.95,43.67,26.16,15.3,35.19,11.58,38.8,26.15,7.6,17.86,71.75,10.41,4.88,,6.06,11.25,9.59,11.33,6.18,35.57,58.1,5.37,39.99,107.9,70.86,7.3,,28.15,13.28
2020-07-27 07:00:00,6.61,24.13,21.33,29.82,36.17,12.83,45.51,10.03,,71.51,4.91,11.08,19.43,44.93,12.67,9.39,4.91,9.35,7.18,25.76,13.91,3.39,4.68,41.72,24.01,14.73,35.08,11.14,37.03,23.93,7.09,17.27,67.53,9.96,4.37,,5.69,10.65,9.07,10.33,5.79,34.57,54.93,4.44,38.22,100.0,66.76,6.83,,27.5,12.9
2020-07-28 07:00:00,6.61,24.13,21.36,30.06,36.04,12.83,45.13,9.98,10.68,70.74,5.0,10.72,19.39,44.15,12.99,9.3,4.81,9.47,7.25,25.76,13.74,3.39,4.76,41.32,24.04,14.88,36.19,11.44,37.96,23.97,7.4,17.41,70.98,9.99,4.41,,5.77,10.6,8.88,10.51,5.91,34.05,55.89,4.39,38.66,97.9,68.19,6.74,,27.3,12.6
2020-07-29 07:00:00,6.58,23.95,20.99,29.91,35.61,12.9,43.25,9.76,10.45,71.51,4.89,11.47,19.01,43.36,12.67,9.08,4.75,9.59,7.04,25.67,13.62,3.35,4.63,40.51,23.48,14.73,35.58,11.49,36.69,23.26,7.26,17.06,70.18,9.64,4.84,,5.69,10.35,8.69,10.09,5.81,33.71,55.52,4.34,37.77,96.4,67.57,6.6,,26.4,12.6
2020-07-30 07:00:00,6.53,24.04,21.16,29.64,34.93,12.94,43.63,9.82,10.0,71.36,4.91,11.31,19.12,44.21,13.03,9.04,4.8,9.38,7.14,25.76,13.88,3.63,4.63,40.59,23.44,14.73,36.14,11.44,35.85,23.09,7.35,17.27,66.95,9.57,4.88,,5.65,10.35,8.98,10.12,5.81,33.92,56.92,4.2,38.0,97.0,67.94,6.74,,26.15,12.47
2020-07-31 07:00:00,6.55,24.04,21.02,29.7,35.02,12.83,42.62,9.85,10.12,71.2,4.87,10.82,19.14,42.65,12.96,8.99,4.77,9.28,6.96,25.71,13.94,3.27,4.63,41.64,23.57,14.59,36.41,11.77,35.93,22.91,7.31,17.38,65.99,9.57,4.68,,5.61,10.25,8.81,10.7,5.84,33.45,57.44,4.27,39.99,95.9,67.76,6.66,,26.05,12.5
2020-08-03 07:00:00,6.7,24.23,21.07,30.12,36.81,12.9,44.07,9.98,10.4,71.51,5.0,10.79,19.43,43.95,13.17,9.08,4.87,9.68,7.08,26.7,13.74,3.35,4.71,42.69,24.11,14.63,36.25,11.44,37.24,23.49,7.34,18.02,65.95,9.92,4.8,,5.77,10.45,8.79,10.54,5.87,34.05,58.1,4.41,39.15,96.2,68.25,6.83,,25.9,12.62
2020-08-04 07:00:00,6.9,26.9,21.44,30.47,39.19,13.09,46.33,10.21,10.76,74.59,5.05,10.95,19.82,44.6,13.81,9.3,4.93,9.8,7.46,27.26,14.12,3.67,4.8,43.99,24.71,14.88,36.19,11.68,37.54,23.93,7.41,18.07,66.34,9.92,4.96,,5.87,10.5,9.02,10.67,6.1,35.39,58.62,4.53,39.42,97.5,69.06,7.04,,26.35,12.9
2020-08-05 07:00:00,7.04,28.56,22.0,31.55,39.36,13.16,49.15,10.4,10.65,74.59,5.16,11.05,19.96,44.86,14.44,9.52,5.07,10.24,7.6,27.43,14.41,3.39,4.82,44.56,25.05,15.48,36.3,11.72,37.79,24.37,7.54,18.15,69.45,10.1,5.08,,5.97,10.7,9.19,10.64,6.1,35.87,58.77,4.51,39.33,100.0,70.49,7.01,,26.7,13.07
2020-08-06 07:00:00,6.96,27.36,21.95,31.31,39.15,12.98,48.9,10.44,10.68,74.59,5.11,11.05,20.01,45.45,14.87,9.43,5.2,10.26,7.53,28.93,14.43,3.35,4.82,44.48,25.18,15.41,36.41,11.77,37.79,24.99,7.54,18.31,70.4,10.13,5.08,,5.91,10.7,9.21,10.59,5.96,35.91,58.91,5.14,39.2,102.1,71.97,7.07,,26.75,13.44
2020-08-07 07:00:00,6.96,26.71,21.78,31.31,38.77,12.87,49.46,10.49,11.02,74.43,5.11,10.98,20.24,46.03,14.51,9.39,5.17,10.22,7.81,29.15,14.35,3.35,4.79,44.4,25.05,15.48,36.25,11.68,37.7,24.99,7.46,18.66,70.79,10.06,5.08,,5.87,10.55,9.14,10.75,6.01,35.87,58.99,4.67,39.2,101.2,71.97,7.01,,26.55,13.2
2020-08-10 07:00:00,6.96,28.56,21.84,31.37,38.94,13.27,50.22,10.72,10.96,74.59,5.11,11.02,20.24,46.29,14.51,9.92,5.31,10.41,8.09,30.05,14.32,3.43,4.82,44.48,25.34,15.73,36.3,11.65,38.3,24.82,7.82,18.68,71.36,10.03,5.04,,5.93,10.8,9.31,10.96,5.98,35.95,58.99,4.67,39.95,101.0,72.28,7.07,,26.95,13.29
2020-08-11 07:00:00,7.33,29.29,21.78,31.43,38.89,13.12,49.15,10.67,10.83,74.36,5.23,11.05,20.09,46.1,14.8,9.87,5.33,10.33,8.02,29.62,14.26,3.55,4.83,44.4,25.18,15.51,36.25,11.68,38.59,24.6,7.7,18.42,69.41,9.96,5.0,,5.99,10.75,9.24,10.88,5.98,35.7,58.91,4.74,39.64,100.1,71.35,7.04,,26.8,13.29
2020-08-12 07:00:00,7.48,28.56,22.2,31.31,38.98,13.16,49.28,10.9,10.66,74.36,5.23,11.02,20.11,46.62,15.01,9.78,5.32,10.31,8.02,29.1,14.17,3.51,4.92,44.4,25.21,15.34,36.19,11.65,39.22,24.37,7.7,18.42,69.25,9.96,5.0,,6.02,10.8,9.31,10.93,6.01,35.57,58.69,4.88,39.33,100.5,71.91,7.09,,26.55,13.3
2020-08-13 07:00:00,7.39,27.91,22.4,31.13,40.55,13.09,49.46,10.95,10.62,74.59,5.35,10.98,20.3,47.47,14.97,10.0,5.37,10.35,8.02,29.1,14.23,3.47,4.95,44.23,25.97,15.58,36.03,11.68,39.64,24.82,7.86,19.0,70.6,9.92,5.0,,6.06,10.9,9.38,10.88,6.06,35.87,58.77,4.93,39.55,101.6,72.35,7.15,,27.0,13.32
2020-08-14 07:00:00,7.36,27.54,22.34,31.13,40.04,12.98,50.09,10.92,10.73,74.97,5.31,11.05,20.41,47.4,14.97,9.78,5.49,10.35,7.98,28.84,14.43,3.47,5.0,44.15,26.44,15.51,35.75,12.19,39.35,25.39,8.01,18.9,72.48,9.92,5.0,,6.06,10.85,9.54,10.8,6.07,35.91,59.65,4.86,39.55,101.7,73.22,7.14,,27.3,13.39
2020-08-17 07:00:00,7.45,29.02,22.0,32.51,39.02,12.98,50.53,10.79,10.63,73.82,5.22,11.37,20.32,47.14,14.94,9.61,5.5,10.22,7.95,28.5,14.32,3.47,5.0,43.34,26.22,15.44,35.25,12.56,39.22,25.04,7.9,18.74,70.79,9.82,4.92,,5.93,10.75,9.52,10.67,5.98,35.82,58.91,4.83,39.33,100.6,73.15,7.01,,26.8,13.3
2020-08-18 07:00:00,7.54,28.37,22.0,32.87,38.94,13.38,50.6,10.79,10.63,74.2,5.29,11.05,20.39,47.53,15.82,9.87,5.5,10.26,8.23,28.97,14.29,3.55,4.99,42.94,25.91,15.41,35.36,12.56,39.01,24.86,7.85,18.95,70.6,10.06,4.92,,5.93,10.8,9.54,10.59,6.04,35.7,58.77,4.95,38.97,100.2,72.84,7.02,,26.7,13.28
2020-08-19 07:00:00,7.45,28.28,21.92,32.45,38.68,13.31,50.34,10.76,11.11,74.13,5.35,10.95,20.35,47.08,16.42,10.27,5.44,10.26,8.19,28.89,14.51,3.55,4.96,42.86,25.87,15.51,35.8,12.42,39.64,24.82,8.05,18.87,69.94,10.03,5.35,,5.93,10.8,9.57,10.64,6.04,35.87,59.65,4.93,38.93,100.0,71.97,7.02,,26.6,13.3
2020-08-20 07:00:00,7.95,,21.92,33.17,39.02,13.2,50.16,10.79,11.19,74.59,5.35,11.02,20.52,47.01,16.14,10.35,5.4,10.24,8.12,30.22,14.57,3.59,4.99,42.78,25.91,15.58,35.58,12.54,39.77,24.9,8.05,18.9,69.83,9.96,5.47,,5.93,10.85,9.57,10.64,6.07,36.52,60.61,4.97,38.75,100.0,71.85,7.05,,26.8,13.26
2020-08-21 07:00:00,7.95,,22.15,34.25,39.15,13.23,49.46,11.18,11.11,76.12,5.7,11.02,20.54,46.95,16.6,10.44,5.41,10.26,8.12,31.38,14.82,3.55,5.03,42.86,26.03,16.08,35.25,12.84,39.52,25.04,7.97,19.03,69.79,9.92,5.31,,5.97,11.05,9.64,10.67,6.27,35.95,59.06,4.97,38.62,99.7,71.97,7.15,,26.65,13.31
2020-08-24 07:00:00,8.07,,22.51,34.73,40.13,13.49,50.41,11.36,11.82,80.58,5.99,11.05,21.02,47.86,16.5,10.62,5.58,10.5,8.33,31.85,14.88,3.67,5.19,43.75,26.76,16.22,35.08,12.96,40.99,26.06,8.01,19.14,70.6,10.06,5.51,,6.14,11.4,9.92,10.8,6.45,36.56,59.43,5.02,39.55,100.4,72.97,7.56,,27.3,13.59
2020-08-25 07:00:00,7.95,,22.57,34.61,41.07,13.53,51.66,11.38,12.64,83.74,5.94,11.05,21.17,48.51,16.92,10.53,5.66,10.54,8.29,32.54,15.26,3.67,5.32,44.07,27.83,16.19,35.13,12.8,42.6,26.46,8.05,19.62,72.17,10.41,5.51,,6.2,11.4,10.11,11.09,6.37,36.69,59.36,5.16,40.84,100.4,73.15,7.67,,27.2,13.79
2020-08-26 07:00:00,7.99,,22.29,34.37,40.81,13.53,51.22,11.5,13.41,81.51,5.96,11.05,21.12,48.44,16.64,10.66,5.63,10.33,8.19,32.28,15.32,3.63,5.28,43.67,28.02,16.15,35.08,13.08,43.44,26.5,8.01,19.67,72.13,10.45,5.39,,6.18,11.3,10.06,11.38,6.38,36.26,59.21,5.3,40.53,100.6,73.34,7.56,,27.35,13.78
2020-08-27 07:00:00,8.07,,22.23,34.73,40.73,14.0,50.85,11.47,12.94,81.05,6.07,11.08,21.67,47.79,16.81,10.92,5.62,10.24,8.19,33.03,15.29,3.63,5.24,43.5,28.05,16.19,35.02,13.83,44.71,26.15,8.05,19.62,71.36,10.38,5.35,,6.16,11.35,10.01,11.35,6.35,36.26,58.62,5.28,40.44,100.6,73.15,7.54,,27.65,13.75
2020-08-28 07:00:00,8.18,,23.13,34.61,41.24,14.19,51.47,11.63,13.25,81.51,5.97,11.5,22.1,48.83,16.6,10.92,5.64,10.31,8.19,32.49,15.26,3.67,5.28,44.96,29.66,16.58,35.86,13.92,44.71,27.39,8.09,19.86,71.36,10.31,5.63,,6.26,11.45,10.32,11.28,6.35,36.26,58.32,5.3,41.02,100.8,74.46,7.8,,27.4,13.89
2020-08-31 07:00:00,8.07,30.95,23.3,34.43,42.86,14.08,50.88,12.0,13.18,81.51,6.23,11.37,21.75,48.83,16.5,10.66,5.63,10.43,8.09,32.31,15.26,3.67,5.3,44.96,29.76,16.22,35.58,13.8,44.79,27.3,8.05,19.8,74.01,10.31,5.63,,6.2,11.55,10.3,11.2,6.41,36.52,58.4,5.32,40.66,103.2,75.08,7.8,,27.65,13.99
2020-09-01 07:00:00,7.99,33.12,23.36,34.13,43.96,13.78,49.58,11.98,12.74,81.05,6.14,11.18,21.84,49.16,16.28,10.66,5.66,10.5,8.23,31.86,15.19,3.63,5.27,44.56,29.98,16.19,35.08,13.62,44.71,27.08,7.97,19.7,74.43,10.27,5.59,,6.14,11.35,10.25,10.96,6.72,36.0,58.18,5.18,41.77,105.5,76.44,7.66,,27.3,13.98
2020-09-03 07:00:00,8.03,35.42,23.81,34.37,44.39,14.0,49.38,12.18,13.02,80.35,6.16,11.44,21.84,49.62,16.84,10.75,5.9,10.6,8.5,31.82,15.5,3.71,5.34,44.96,30.13,16.29,35.19,13.87,45.22,27.25,8.29,19.96,74.7,10.34,5.66,,6.24,11.45,10.44,11.14,6.69,37.38,59.43,5.42,42.48,107.9,77.43,7.79,,28.5,14.12
2020-09-04 07:00:00,7.95,37.86,23.87,33.95,43.79,13.56,50.23,12.09,12.94,80.74,5.99,11.18,21.62,48.96,16.76,10.57,5.93,10.56,8.33,31.59,15.81,3.63,5.27,45.77,29.72,16.26,35.36,14.25,44.79,26.94,8.25,19.91,75.01,10.2,5.55,,6.38,11.35,10.35,11.25,6.64,37.21,59.21,5.37,42.44,107.6,77.56,7.72,,28.7,14.09
2020-09-07 07:00:00,7.95,40.48,23.81,34.13,44.22,13.49,49.77,11.98,13.38,79.2,6.16,11.18,21.62,48.44,16.65,10.7,5.94,10.56,8.29,31.64,15.47,3.63,5.28,46.26,29.72,16.29,35.47,15.23,44.62,27.03,8.25,19.91,75.2,10.27,5.59,,6.44,11.4,10.37,11.09,6.64,36.78,59.87,5.35,42.35,108.0,79.67,7.71,,28.6,14.12
2020-09-08 07:00:00,7.84,43.3,23.13,33.47,42.6,13.34,48.73,11.7,13.22,80.74,6.09,11.11,21.41,47.73,16.36,10.97,5.88,10.39,8.16,31.5,15.13,3.59,5.19,44.56,29.41,16.19,35.36,16.21,44.54,26.5,7.97,19.67,74.05,9.99,5.47,,6.42,11.25,10.16,10.99,6.55,36.26,58.69,5.28,41.11,107.0,79.05,7.49,,28.4,14.0
2020-09-09 07:00:00,7.84,46.24,23.1,34.13,42.43,13.12,48.34,11.68,13.67,80.74,6.27,11.08,21.41,46.88,16.76,10.97,5.84,10.5,8.5,32.22,15.1,3.63,5.18,44.88,29.6,16.26,34.97,15.81,43.85,26.41,7.93,19.86,73.32,9.99,5.47,,6.46,11.3,10.16,10.88,6.54,35.95,57.96,5.23,41.06,106.0,76.88,7.49,,28.45,13.9
2020-09-10 07:00:00,7.95,44.68,23.22,34.07,42.6,13.34,48.47,11.75,13.61,79.97,6.34,11.05,21.54,47.47,17.62,11.28,5.84,10.45,8.54,32.49,15.13,3.63,5.24,44.96,29.76,16.61,35.3,16.39,44.02,26.59,8.01,20.76,73.67,9.96,5.55,,6.56,11.4,10.2,11.12,6.61,36.0,59.43,5.28,41.11,106.2,77.81,7.51,,28.75,13.95
2020-09-11 07:00:00,7.88,41.45,22.94,33.83,40.9,13.27,48.27,11.77,13.38,80.66,6.38,10.98,21.28,47.21,17.54,11.28,6.12,10.37,8.4,32.22,15.01,3.63,5.21,44.56,29.63,16.82,35.3,17.19,43.25,26.41,7.97,20.81,73.24,9.92,5.82,,6.48,11.25,10.13,11.2,6.58,35.7,57.66,5.25,41.02,106.0,77.37,7.48,,28.45,13.87
2020-09-14 07:00:00,7.99,38.69,23.02,34.43,42.17,13.31,48.27,11.91,13.61,80.35,6.36,11.11,21.41,47.21,17.54,11.28,6.1,10.41,8.85,32.4,15.16,3.98,5.31,45.21,29.63,17.14,35.58,17.94,42.99,26.59,7.97,21.05,72.71,9.92,5.82,,6.46,11.35,10.18,11.12,6.61,35.91,57.73,5.3,41.6,107.4,77.56,7.62,,28.6,13.96
2020-09-15 07:00:00,8.03,40.53,23.25,36.52,41.58,13.34,48.01,11.79,13.56,80.43,6.46,11.05,21.62,47.08,17.73,11.23,6.01,10.5,9.34,32.13,15.29,3.98,5.31,45.21,29.5,17.28,35.91,17.84,42.9,26.72,8.05,20.92,73.28,9.92,5.74,,6.56,11.8,10.18,11.01,6.55,36.08,57.44,5.56,42.22,108.0,77.5,7.58,,29.1,13.97
2020-09-16 07:00:00,7.99,39.75,23.08,35.92,41.07,13.6,47.82,11.66,13.35,80.74,6.33,11.02,21.97,47.53,17.47,11.19,5.97,10.43,9.69,31.86,15.22,3.94,5.28,44.88,30.13,16.97,35.86,17.75,43.68,27.03,8.05,20.84,73.28,9.88,5.74,,6.54,11.7,10.13,10.91,6.54,35.91,57.29,5.58,42.44,106.9,77.56,7.53,,29.05,14.0
2020-09-17 07:00:00,8.18,38.78,23.19,35.32,41.24,13.86,48.6,11.75,13.35,81.66,6.29,11.05,21.84,47.4,17.5,11.28,5.93,10.73,9.69,33.16,15.13,4.06,5.37,44.48,29.95,17.0,35.52,17.66,43.93,27.03,8.05,21.53,72.86,10.13,5.78,,6.52,11.7,10.2,10.88,6.54,35.87,57.07,5.53,42.44,106.9,78.06,7.59,,28.9,14.0
2020-09-18 07:00:00,8.14,38.97,23.13,36.64,41.92,13.78,48.21,11.84,13.31,82.58,6.27,11.05,22.23,47.34,17.99,11.23,5.92,10.81,9.9,33.39,15.1,4.1,5.47,44.23,29.91,16.93,35.97,17.8,43.5,26.77,7.97,21.48,73.09,10.24,5.74,,6.68,11.65,10.3,10.91,6.79,35.87,56.92,5.84,42.4,106.1,78.43,7.58,,28.5,14.2
2020-09-21 07:00:00,8.37,38.6,23.42,37.12,42.51,13.86,48.14,11.98,13.51,81.51,6.27,11.08,22.36,47.92,17.84,11.41,6.12,10.92,10.11,33.03,15.13,4.3,5.6,44.4,31.14,16.72,36.03,18.78,43.76,27.3,8.01,21.9,73.59,10.27,6.06,,6.81,12.05,10.53,11.01,6.82,36.13,57.22,6.02,42.66,107.0,80.79,7.69,,29.15,14.3
2020-09-22 07:00:00,8.37,38.41,23.08,36.7,42.86,13.6,47.95,11.84,13.25,81.51,6.22,11.08,22.18,47.47,17.62,11.37,6.12,10.81,10.07,32.98,15.47,4.3,5.6,44.23,31.49,16.79,35.86,19.15,43.59,27.08,7.97,21.61,73.82,10.24,6.14,,6.75,12.55,10.61,11.09,6.95,36.47,56.92,5.91,42.75,106.8,80.79,7.66,,28.9,14.3
2020-09-23 07:00:00,8.55,38.37,23.64,36.34,42.94,13.64,48.14,12.18,13.23,81.51,6.2,11.18,22.27,47.86,17.62,11.32,6.19,10.9,10.04,33.57,15.38,4.3,5.64,44.88,32.5,16.82,35.91,19.1,44.45,28.1,8.21,21.72,73.55,10.2,6.14,,6.83,13.25,10.63,11.06,6.86,36.95,57.44,6.09,42.53,106.8,80.79,7.79,,29.15,14.39
2020-09-24 07:00:00,8.48,38.23,23.44,36.16,42.26,13.45,47.95,12.04,13.51,82.28,6.2,11.15,22.06,48.05,17.91,11.28,6.16,10.9,10.53,33.61,15.26,4.22,5.72,45.13,32.12,16.86,35.86,18.89,44.54,28.05,8.29,21.69,73.05,10.2,6.14,,6.83,12.7,10.61,10.93,6.78,37.25,57.81,6.07,42.44,106.4,79.98,7.75,,29.15,14.38
2020-09-25 07:00:00,8.4,37.86,23.19,36.7,42.26,13.42,47.95,12.0,14.0,82.2,6.22,11.18,21.97,47.92,17.87,11.18,6.17,10.85,10.73,33.97,15.16,4.42,5.75,44.8,31.93,16.79,35.75,18.78,44.45,27.83,8.13,21.61,72.32,10.69,6.1,,6.77,13.3,10.63,10.88,6.76,37.25,57.44,6.19,42.13,106.2,79.42,7.66,,28.65,14.34
2020-09-28 07:00:00,8.55,37.58,23.53,36.52,42.86,13.34,46.97,12.57,14.34,81.51,6.57,11.28,22.18,47.86,17.8,11.18,6.28,11.11,11.33,33.66,15.07,4.54,5.85,44.64,32.5,16.79,35.69,18.78,44.45,27.52,8.09,21.58,72.13,10.84,6.26,,6.89,14.05,10.87,11.06,6.81,37.25,57.37,6.37,41.86,105.8,79.79,7.79,,28.45,14.49
2020-09-29 07:00:00,8.55,37.58,23.67,36.52,42.47,13.34,45.01,12.55,14.25,81.89,6.7,11.18,22.23,47.53,17.65,11.55,6.34,11.27,11.26,33.57,15.16,4.57,5.83,44.48,33.54,16.65,35.64,18.78,44.36,27.74,8.21,21.53,72.21,10.69,6.22,,6.97,13.95,10.87,11.56,6.78,37.21,56.7,6.54,41.77,105.4,85.13,7.98,,28.1,14.61
2020-09-30 07:00:00,8.44,37.4,23.08,36.46,41.58,13.27,45.21,12.25,13.94,81.43,6.64,11.08,21.8,46.88,17.76,11.41,6.23,11.17,11.05,33.16,15.13,4.5,5.76,44.23,33.13,16.47,35.64,18.4,43.68,27.16,8.17,21.45,71.17,10.45,6.06,,6.91,13.9,10.68,11.46,6.71,36.73,56.33,6.51,41.51,105.3,84.22,7.75,,27.95,14.52
2020-10-01 07:00:00,8.55,37.31,23.22,37.54,41.79,13.42,45.66,12.37,14.07,81.51,6.64,11.08,21.97,47.14,18.06,11.51,6.46,11.44,11.47,32.94,15.13,4.73,5.82,44.56,33.16,16.51,35.75,18.64,43.85,27.34,8.17,22.28,71.02,11.12,6.1,,7.32,14.2,10.82,11.35,7.05,36.78,56.92,6.77,41.51,105.5,82.71,7.92,,27.9,14.55
2020-10-02 07:00:00,8.82,37.31,23.39,37.3,41.83,13.86,45.01,12.55,14.03,81.51,6.6,11.18,22.1,47.21,17.91,11.41,6.44,11.46,11.08,33.16,15.1,4.69,5.82,44.56,33.26,16.65,35.64,18.66,43.68,27.48,8.53,22.36,70.94,11.54,6.18,,7.34,13.9,10.87,11.35,7.12,36.73,57.07,6.96,41.77,105.6,83.24,7.88,,27.95,14.58
2020-10-05 07:00:00,8.85,37.22,23.13,37.24,41.36,14.11,44.88,12.66,14.0,81.43,6.49,11.37,21.97,47.4,18.73,12.06,6.43,11.53,11.05,33.48,15.38,4.69,5.94,45.53,33.23,16.65,35.41,18.45,43.59,27.25,8.68,22.36,71.36,11.61,6.26,,7.44,13.8,10.75,11.33,7.18,36.73,56.7,7.12,41.77,105.4,82.4,7.93,,27.8,14.58
2020-10-06 07:00:00,9.08,37.22,23.02,37.24,41.71,14.04,43.58,12.66,14.07,80.74,6.47,11.6,22.01,47.66,18.73,12.33,6.43,11.88,11.01,33.21,15.6,4.69,5.99,47.23,33.42,16.86,35.58,18.33,43.68,27.39,8.64,22.36,71.67,11.47,6.18,,7.46,14.4,10.75,11.35,7.23,36.47,56.63,7.89,41.46,104.9,81.65,7.95,,27.6,14.61
2020-10-07 07:00:00,9.04,37.12,23.08,37.33,42.77,14.48,41.75,12.71,14.03,80.81,6.42,11.41,21.92,49.03,18.36,11.87,6.38,11.9,11.43,33.07,15.44,4.65,5.94,50.23,34.05,16.79,35.52,18.33,43.25,27.21,8.53,22.17,72.9,11.96,6.18,,7.38,14.3,10.56,11.3,7.12,36.82,57.07,7.94,41.55,104.3,81.65,7.88,,27.95,14.67
2020-10-08 07:00:00,8.89,37.12,22.94,36.2,43.28,14.26,41.82,12.55,13.97,81.51,6.57,11.31,22.27,48.96,18.13,12.29,6.37,11.82,11.22,32.94,15.26,4.61,5.98,51.77,34.55,16.75,35.36,18.15,43.16,27.96,8.41,22.14,72.9,11.75,6.1,,7.34,13.85,10.39,11.2,7.09,36.95,56.92,7.84,41.28,104.0,81.57,7.79,,28.0,14.65
2020-10-09 07:00:00,8.93,36.98,22.85,36.38,42.77,14.08,41.03,12.73,14.33,81.43,6.57,11.18,22.14,48.83,18.1,12.7,6.34,12.07,11.08,32.76,15.07,4.61,5.91,55.25,34.87,16.75,35.47,18.4,43.16,28.41,8.49,22.52,74.05,11.82,6.18,,7.42,13.8,10.37,11.25,7.11,36.73,57.07,7.77,41.64,104.8,80.97,7.69,,27.75,14.65
2020-10-12 07:00:00,8.93,36.94,23.67,35.76,45.16,14.11,42.34,13.53,14.34,81.43,6.55,11.28,22.23,49.88,18.13,13.02,6.35,12.09,11.22,32.71,15.07,4.69,5.93,56.87,34.49,16.72,35.3,18.36,42.99,28.27,8.45,22.68,75.12,11.75,6.26,,7.4,13.8,10.32,11.33,7.15,37.6,58.4,7.82,41.77,105.0,81.5,7.77,,28.0,14.74
2020-10-13 07:00:00,8.78,36.94,23.61,34.94,46.6,13.89,42.08,14.2,13.97,81.2,6.38,11.31,22.06,49.29,17.76,12.98,6.28,11.88,11.12,32.27,14.95,4.61,5.88,60.84,33.92,16.58,35.02,18.01,42.9,27.74,8.21,22.25,73.24,11.5,6.14,,7.3,13.6,10.23,11.04,7.11,37.55,57.96,7.63,41.82,105.5,81.65,7.67,,27.4,14.7
2020-10-14 07:00:00,9.04,36.85,24.23,34.82,46.6,13.82,40.77,14.13,14.05,81.12,6.38,11.44,22.23,49.62,17.69,13.07,6.28,11.93,10.77,31.86,14.91,4.69,5.93,64.81,34.39,16.51,35.08,18.38,42.56,28.14,8.17,22.14,75.16,11.54,6.18,,7.36,13.75,10.79,11.22,7.13,38.46,58.18,7.45,42.22,105.0,81.42,7.87,,27.45,14.95
2020-10-15 07:00:00,9.3,36.85,24.52,34.19,46.69,13.67,39.86,13.97,13.97,80.74,6.4,11.44,22.23,50.07,17.76,12.75,6.33,12.62,10.77,32.71,14.85,5.09,5.91,67.16,34.55,16.58,34.97,18.31,43.5,28.85,8.13,22.28,73.86,11.4,6.49,,7.46,14.0,11.24,11.25,7.12,38.29,58.32,7.49,43.33,106.0,81.57,7.88,,27.7,15.09
2020-10-16 07:00:00,9.38,36.75,24.37,34.5,45.92,13.56,38.1,14.4,13.77,80.28,6.46,11.44,23.31,49.48,17.54,12.84,6.43,12.41,10.7,32.76,14.82,5.09,5.98,65.62,34.55,16.47,34.8,18.22,43.16,30.49,8.25,22.25,73.44,11.33,6.53,,7.44,13.95,11.01,11.09,7.23,38.29,57.44,7.89,43.6,105.9,81.65,8.16,,27.9,15.15
2020-10-19 07:00:00,9.64,36.85,23.95,34.38,47.71,13.82,37.7,14.86,14.07,80.58,6.34,11.44,23.27,49.48,17.73,13.67,6.4,12.3,10.56,32.58,14.76,5.05,6.13,66.43,34.36,16.58,35.02,18.26,42.99,30.71,8.21,22.17,72.32,11.57,6.37,,7.6,14.3,11.03,10.96,7.29,38.16,56.78,7.96,43.51,105.0,81.87,8.1,,27.5,15.18
2020-10-20 07:00:00,9.61,36.75,23.98,34.19,47.8,13.89,39.47,14.79,13.77,79.97,6.36,11.44,23.05,48.18,17.76,13.99,6.58,12.35,10.87,32.49,15.07,4.97,6.26,67.81,34.17,16.61,35.02,18.45,42.56,29.87,8.09,22.3,72.02,11.68,6.3,,7.46,14.35,11.41,11.12,7.35,37.94,56.48,8.05,43.51,104.5,81.35,8.13,,27.6,15.3
2020-10-21 07:00:00,9.61,36.75,24.54,33.94,46.68,13.78,39.08,14.86,13.58,79.89,6.42,11.34,23.57,47.79,17.58,13.58,6.64,12.45,11.01,32.44,14.88,4.97,6.36,68.78,34.72,16.58,34.74,18.31,42.56,30.31,8.09,22.81,72.52,11.47,6.33,,7.44,14.75,11.53,11.01,7.32,38.29,57.29,7.87,43.51,104.6,80.82,8.57,,28.25,15.39
2020-10-22 07:00:00,9.76,36.75,24.23,33.81,47.03,13.68,37.84,14.66,13.51,79.97,6.29,11.37,23.35,47.99,17.47,13.16,6.55,12.45,10.8,32.35,14.88,4.89,6.28,68.86,34.72,16.33,34.97,18.1,42.47,30.22,8.21,22.6,71.75,11.22,6.26,,7.32,14.7,11.34,10.91,7.15,37.42,57.14,7.84,44.48,105.0,80.74,8.34,,28.1,15.45
2020-10-23 07:00:00,9.72,36.75,24.49,36.01,48.32,13.79,38.49,14.77,13.74,79.89,6.44,11.41,23.57,48.31,17.58,13.48,6.55,13.0,10.94,32.27,15.13,4.97,6.34,69.75,35.36,16.29,34.97,18.1,42.73,30.49,8.25,22.52,71.56,11.33,6.41,,7.38,14.8,11.43,10.85,7.15,37.81,58.91,7.89,46.62,105.3,83.16,8.37,,28.35,15.62
2020-10-26 07:00:00,9.68,36.66,24.26,36.01,48.84,13.64,37.77,14.61,13.97,80.35,6.4,11.44,23.57,48.18,17.69,13.71,6.55,13.46,11.01,32.22,15.35,,6.29,71.21,36.0,16.19,34.74,18.05,42.99,31.46,8.17,22.41,72.32,11.3,6.45,,7.36,14.65,11.79,10.93,7.05,37.94,59.8,7.87,48.66,105.4,85.05,8.47,,29.0,15.9
2020-10-27 07:00:00,9.34,36.66,23.42,35.07,46.85,13.37,36.99,14.24,13.74,79.89,6.27,11.31,23.01,47.27,17.36,13.25,6.43,13.34,10.73,32.0,15.32,,6.14,72.1,35.74,15.94,34.63,19.17,42.99,31.02,7.97,22.33,71.67,10.97,6.3,,7.17,14.2,11.31,10.64,6.81,37.73,58.4,7.77,47.6,105.1,83.92,8.11,,27.9,15.74
2020-10-28 07:00:00,9.19,36.8,22.96,34.5,45.82,12.94,37.51,14.18,13.51,79.74,6.22,11.31,22.66,47.34,17.25,13.35,6.3,13.31,10.66,31.64,15.13,,5.99,71.13,35.13,16.36,34.69,20.13,42.3,30.93,7.85,22.36,71.36,10.86,6.18,,7.01,13.65,11.08,10.2,6.69,37.38,57.29,7.68,47.55,105.1,82.4,7.97,,26.95,15.41
2020-10-29 07:00:00,9.12,37.31,22.29,34.19,43.91,12.94,37.12,13.83,13.41,78.43,6.03,11.31,22.18,47.01,16.58,12.79,6.14,12.94,10.49,30.83,14.91,,5.98,68.86,33.53,15.94,34.58,19.85,41.7,30.22,7.71,22.22,71.29,10.61,6.06,,6.95,13.5,10.72,9.93,6.52,36.65,56.55,7.8,45.77,104.0,81.04,7.72,,25.9,14.97
2020-10-30 07:00:00,9.12,36.85,22.12,34.44,43.91,12.94,37.44,13.51,13.35,78.43,6.03,11.21,22.27,46.88,17.36,13.07,6.25,13.0,10.6,31.41,15.5,,5.99,68.05,33.88,16.08,34.52,19.66,42.13,30.8,7.7,22.3,71.36,10.68,6.1,,6.97,13.55,10.51,9.93,6.55,36.47,56.78,,47.33,102.1,81.65,7.69,,26.0,14.9
2020-11-02 07:00:00,9.19,36.85,22.06,34.25,44.26,12.79,36.86,13.92,14.07,79.89,6.36,11.18,22.36,46.1,17.25,13.44,6.28,12.91,11.12,31.5,15.29,,6.01,68.46,34.24,16.08,34.8,19.24,41.87,32.04,7.54,22.3,71.33,10.68,6.14,,6.97,13.45,10.32,9.78,6.57,37.08,56.26,,47.55,104.9,81.65,7.75,,25.6,15.1
2020-11-03 07:00:00,9.45,36.71,22.29,34.38,45.12,13.02,37.12,14.06,13.72,79.97,6.34,11.31,22.88,46.36,17.21,14.36,6.33,13.17,11.64,31.41,15.19,,6.13,68.3,34.56,16.05,34.69,20.27,41.96,32.26,7.68,22.73,71.36,11.15,6.22,,7.07,13.7,10.61,9.83,6.67,37.12,56.19,,47.55,105.6,81.65,7.85,,25.8,15.19
2020-11-04 07:00:00,9.64,36.66,22.63,34.19,45.82,13.29,36.86,14.2,13.74,79.97,6.34,11.31,23.05,47.21,17.58,14.36,6.57,13.04,11.68,31.41,15.13,,6.21,68.62,34.33,16.01,34.63,20.6,42.26,32.0,7.86,22.46,71.44,11.26,6.3,,7.13,13.9,10.68,9.93,6.72,36.95,56.41,,46.4,105.7,82.71,7.95,,26.3,15.28
2020-11-05 07:00:00,9.64,36.66,22.43,34.06,46.08,13.17,37.77,14.15,14.05,79.2,6.49,11.24,23.09,46.88,17.62,14.13,6.62,12.94,11.61,31.86,15.6,,6.19,71.21,34.72,16.05,34.69,20.08,42.26,32.53,7.78,22.62,71.48,11.26,6.3,,7.13,13.7,10.56,10.04,6.74,36.95,56.7,,47.51,105.8,82.71,7.9,,26.5,15.3
2020-11-06 07:00:00,9.42,36.48,22.26,33.62,45.3,13.1,37.7,14.04,13.98,79.2,6.42,11.24,22.83,46.75,17.47,14.17,6.53,12.91,11.82,32.31,15.53,,6.14,72.83,34.24,16.12,34.63,20.47,41.96,33.24,7.74,22.33,70.98,11.19,6.33,,7.05,13.5,10.39,9.99,6.68,36.78,56.04,,47.11,105.8,82.71,7.75,,26.15,15.22
2020-11-09 07:00:00,9.57,36.48,22.26,34.19,45.99,13.14,38.03,14.24,14.84,79.97,6.62,11.28,23.09,46.75,18.5,14.22,6.55,13.25,12.34,32.67,15.75,5.09,6.11,77.45,34.08,16.15,34.69,20.57,41.87,33.19,7.93,22.62,71.17,11.62,6.69,,7.15,13.7,10.49,9.93,6.95,37.08,57.51,,47.2,106.0,82.71,7.77,,26.2,15.34
2020-11-10 07:00:00,9.76,36.66,22.57,35.32,46.59,13.14,40.32,14.4,15.29,79.66,6.53,11.31,23.35,48.05,18.91,14.86,6.69,13.55,12.55,32.89,15.5,4.93,6.18,79.39,34.49,16.36,34.52,20.57,42.9,32.79,8.05,22.7,71.17,11.8,6.88,,7.34,14.0,10.65,9.99,7.03,37.73,58.25,7.98,47.64,113.4,82.55,7.88,,27.05,15.6
2020-11-11 07:00:00,9.57,36.66,22.37,35.57,46.77,13.45,40.77,14.15,15.39,79.97,6.51,11.24,23.09,48.05,18.8,15.05,6.64,13.29,12.48,33.16,15.38,4.71,6.13,77.29,34.84,16.58,34.52,19.97,42.64,32.39,7.93,22.54,70.6,11.48,6.73,,7.27,13.7,10.58,9.86,6.95,37.42,57.59,7.74,47.11,114.5,81.57,7.77,,26.85,15.5
2020-11-12 07:00:00,9.91,36.48,22.46,34.82,46.68,13.48,40.71,14.31,15.37,80.12,6.55,11.24,23.14,48.18,19.47,15.65,6.68,13.25,12.51,32.76,15.29,4.63,6.24,77.37,35.55,16.65,34.52,19.72,42.21,32.62,7.9,23.79,70.56,11.84,6.88,,7.19,13.75,10.53,9.86,6.88,37.38,57.14,7.73,47.46,113.9,81.27,7.77,,27.2,15.53
2020-11-13 07:00:00,10.02,36.11,22.74,34.69,48.06,13.33,40.71,14.66,15.6,79.89,6.73,11.24,23.27,47.86,19.61,15.88,6.69,13.44,12.83,32.67,15.35,4.81,6.44,75.1,35.9,16.58,34.52,19.92,41.96,33.02,7.93,23.71,70.98,11.84,6.88,,7.23,13.95,10.94,9.83,6.94,37.55,57.88,7.73,48.0,112.7,81.19,7.98,,27.3,15.7
2020-11-16 07:00:00,10.06,35.92,23.02,35.07,47.98,13.33,41.68,14.98,15.34,79.2,6.6,11.21,23.52,48.18,19.98,15.6,6.69,13.78,12.76,33.12,15.41,4.85,6.54,72.99,36.22,16.58,34.52,19.67,42.39,32.84,7.97,23.74,71.75,11.77,6.85,,7.36,14.1,11.05,9.83,6.98,37.94,58.4,7.74,48.22,113.9,82.18,8.11,,27.45,15.76
2020-11-17 07:00:00,10.21,35.65,22.74,36.38,47.46,13.1,41.42,14.95,15.21,79.2,6.53,11.24,23.4,49.16,20.72,16.48,6.64,14.03,13.35,32.76,15.22,4.73,6.53,69.59,35.84,16.61,34.52,19.47,41.78,32.79,7.9,23.58,70.64,11.73,6.81,,7.42,13.9,11.03,9.86,6.95,37.86,57.73,7.73,47.11,113.0,81.42,8.15,,27.2,15.6
2020-11-18 07:00:00,10.39,35.47,22.77,36.7,48.15,13.14,41.55,15.07,15.57,79.2,6.51,11.24,23.48,52.09,20.87,17.49,6.64,14.56,13.56,32.49,15.44,4.71,6.68,68.94,35.96,16.68,34.47,19.42,41.91,32.79,7.98,23.79,71.17,11.77,6.81,,7.56,14.4,11.15,9.96,7.05,37.9,57.66,7.72,47.11,113.7,82.78,8.21,,27.5,15.72
2020-11-19 07:00:00,10.32,35.92,23.02,36.7,49.71,13.33,41.62,15.25,15.44,79.2,6.47,11.18,24.22,54.89,20.35,17.76,6.58,14.93,13.28,32.35,15.41,4.77,6.61,67.57,35.84,16.47,34.35,19.6,44.19,33.02,8.05,23.63,74.32,12.57,6.81,,7.56,14.4,11.15,10.01,7.06,38.98,57.66,8.07,46.57,113.7,82.93,8.34,,27.9,15.82
2020-11-20 07:00:00,10.28,35.28,23.27,37.51,49.53,13.25,40.25,15.32,16.03,79.12,6.44,11.21,24.17,53.52,19.98,17.81,6.69,15.02,13.17,32.22,16.4,4.85,6.51,67.97,35.93,16.33,34.41,20.95,43.93,32.84,8.11,23.71,74.05,12.71,6.81,,7.52,14.25,11.1,10.67,7.03,39.97,58.1,7.98,46.44,120.5,84.29,8.31,,28.05,15.95
2020-11-23 07:00:00,10.32,35.28,23.42,37.39,49.19,13.64,41.42,15.2,16.0,79.2,6.42,11.15,24.3,54.37,20.35,17.4,6.74,15.92,12.55,32.4,16.71,4.81,6.48,67.57,36.48,16.36,34.41,21.32,44.11,34.03,8.18,24.7,73.82,12.86,6.73,,7.62,14.7,11.17,11.2,7.01,39.93,59.65,7.93,46.71,119.0,84.14,8.32,,27.85,16.1
2020-11-24 07:00:00,10.43,35.19,23.19,37.14,50.14,13.52,41.42,15.18,15.85,78.97,6.55,11.15,24.43,54.56,21.02,17.17,6.65,16.2,13.03,32.58,16.5,4.83,6.51,67.32,36.44,16.54,34.35,20.95,43.76,34.17,8.14,24.54,73.67,13.4,6.69,,7.76,14.65,11.34,10.93,7.18,39.93,61.79,7.87,46.66,118.9,83.84,8.47,,28.1,16.2
2020-11-25 07:00:00,10.36,35.38,23.39,37.01,48.84,13.72,42.08,15.34,15.68,80.12,6.57,11.21,24.35,54.5,20.72,17.49,6.58,15.52,13.17,32.49,16.46,4.85,6.54,67.24,36.35,16.54,34.24,20.87,43.85,34.34,8.12,25.2,74.51,13.51,6.81,,7.84,14.6,11.31,10.62,7.25,40.71,63.19,7.87,47.2,120.2,83.92,8.7,,28.65,16.18
2020-11-26 07:00:00,10.39,37.33,24.04,36.7,47.8,13.64,42.08,15.69,15.54,80.12,6.46,11.24,24.22,54.3,20.72,17.95,6.6,14.89,12.9,32.4,16.56,4.85,6.51,67.97,36.22,16.43,34.19,20.32,44.88,33.9,8.1,24.99,75.2,13.44,6.81,,7.84,14.65,11.2,10.91,7.15,40.62,61.35,7.87,47.2,120.1,83.84,8.86,,28.1,16.2
2020-11-27 07:00:00,10.36,39.94,24.18,38.27,48.24,13.52,41.95,15.8,15.46,79.97,6.44,11.21,24.3,54.37,20.87,17.86,7.0,15.31,13.14,32.31,16.5,4.85,6.68,67.81,37.05,16.26,33.97,21.02,44.62,34.97,8.43,25.39,75.39,13.37,6.73,,7.88,14.6,11.29,10.85,7.23,40.84,61.57,7.87,47.15,120.2,83.08,8.88,,28.0,16.26
2020-11-30 07:00:00,10.28,42.36,23.98,38.77,48.84,13.52,42.4,15.66,15.52,79.58,6.44,11.18,24.52,56.06,21.02,17.67,7.49,15.31,13.1,32.27,16.81,4.97,6.88,67.65,37.6,16.22,33.91,20.75,44.36,35.36,8.43,26.35,74.82,13.37,6.73,,7.96,15.0,11.53,10.75,7.72,40.62,62.16,7.87,46.88,118.9,83.16,8.89,,28.4,16.34
2020-12-01 07:00:00,10.24,40.03,23.58,38.08,47.98,13.33,41.95,15.57,15.54,79.58,6.36,11.18,23.96,55.15,21.09,17.26,7.29,14.98,12.93,32.27,16.62,4.97,6.96,67.24,37.12,16.15,33.74,20.52,43.68,34.57,8.3,25.82,75.02,13.44,6.92,,7.88,15.5,11.57,10.8,7.94,40.28,61.42,8.29,46.66,118.1,83.01,9.12,,28.3,16.32
2020-12-02 07:00:00,,38.82,23.7,38.83,48.24,13.29,41.68,15.66,16.19,79.58,6.46,11.21,24.09,55.02,22.17,17.58,7.26,15.0,12.72,32.22,17.12,5.09,7.14,68.05,36.83,16.36,33.74,20.82,44.19,34.57,8.79,26.0,76.45,13.95,6.92,,8.07,15.8,11.95,10.59,7.73,40.41,63.26,8.87,46.88,119.5,83.01,9.12,,28.65,16.45
2020-12-03 07:00:00,,39.94,23.64,39.4,49.1,13.87,41.55,15.6,16.19,79.58,6.4,11.18,24.09,55.28,22.2,17.44,7.24,15.5,12.97,32.22,16.87,5.25,7.19,68.05,36.7,16.61,33.69,21.72,44.11,34.34,9.4,25.63,76.26,13.95,6.88,,8.29,15.9,12.05,10.54,7.58,40.58,63.12,9.49,47.02,119.7,83.08,9.27,,28.7,16.65
2020-12-04 07:00:00,,38.73,23.87,39.02,49.1,14.26,41.36,15.98,16.01,81.51,6.47,11.18,24.17,56.26,21.83,18.45,7.15,15.67,13.14,34.2,16.84,5.14,7.06,70.89,36.73,16.86,33.63,22.22,44.36,34.79,9.65,25.28,79.09,14.31,6.81,,8.25,16.1,11.81,10.36,7.68,40.41,62.82,9.27,47.33,119.0,82.93,9.3,,28.4,16.65
2020-12-07 07:00:00,,38.17,24.37,39.4,48.67,14.18,41.16,16.08,15.95,82.28,6.46,11.18,24.22,56.26,21.72,19.37,7.15,16.15,13.7,34.73,16.93,5.07,7.03,70.56,36.92,17.14,33.74,21.87,44.19,35.23,9.52,25.28,80.83,14.16,6.77,,8.37,15.75,11.9,10.38,7.68,40.32,62.75,9.22,47.11,118.4,83.84,9.24,,28.3,17.0
2020-12-08 07:00:00,,37.89,24.43,40.78,50.31,14.53,43.64,15.92,16.23,81.97,6.71,11.15,24.48,56.32,21.76,19.01,7.24,16.32,14.19,34.55,16.93,5.1,7.19,70.0,36.99,16.86,33.74,21.87,44.19,35.15,9.44,25.07,81.03,13.98,7.0,,8.92,15.9,11.9,10.3,7.65,40.58,63.19,9.37,47.02,118.7,83.39,9.3,,28.5,16.85
2020-12-09 07:00:00,10.86,37.33,24.83,41.78,50.57,14.69,45.66,15.98,16.39,82.12,6.73,11.15,25.0,57.04,21.61,19.6,7.44,16.24,14.19,35.0,17.24,5.18,7.26,69.43,36.83,16.9,34.97,21.92,45.57,35.23,9.6,24.88,79.48,13.98,6.96,,9.43,16.2,12.24,10.33,7.79,41.7,62.9,9.23,47.11,120.0,83.24,9.38,,28.5,16.92
2020-12-10 07:00:00,10.81,38.17,25.28,41.72,50.14,14.8,46.51,15.98,16.23,82.2,6.73,11.18,24.95,56.26,22.91,19.14,7.41,16.24,14.22,34.91,17.67,5.16,7.19,69.19,36.96,16.9,36.19,21.92,45.57,35.19,9.44,26.08,78.82,13.95,6.88,,9.45,16.05,12.28,10.22,7.79,42.22,63.19,9.11,47.55,120.7,86.11,9.3,,28.85,17.0
2020-12-11 07:00:00,10.6,37.7,25.84,41.72,49.71,14.53,46.77,15.94,16.19,80.97,6.6,11.18,24.65,56.06,23.02,19.33,7.34,16.32,14.53,34.55,17.64,5.12,7.18,68.54,36.67,16.97,35.91,21.62,45.57,34.83,9.48,25.44,79.36,13.73,6.85,,9.57,15.9,12.12,10.17,7.73,42.05,62.67,9.13,47.46,122.2,85.28,9.22,,28.6,16.92
2020-12-14 07:00:00,10.69,37.7,26.26,41.28,51.35,14.69,46.32,16.3,16.33,81.74,6.66,11.18,25.08,56.78,24.02,20.57,7.34,16.62,14.92,34.78,17.77,5.18,7.31,68.94,37.08,16.79,36.08,22.39,46.86,34.83,9.73,25.76,79.36,14.56,6.85,,10.22,16.1,12.42,10.25,7.86,43.17,64.15,9.11,48.4,127.0,85.73,9.43,,30.0,17.11
2020-12-15 07:00:00,10.6,39.85,26.52,41.28,51.35,15.03,46.64,16.21,16.5,81.35,6.84,11.18,24.91,56.58,24.79,21.86,7.31,16.47,14.78,34.69,17.61,5.14,7.29,68.7,37.53,17.07,37.53,22.39,47.29,35.28,9.69,25.55,79.28,14.46,6.85,,10.61,16.05,12.45,10.17,7.77,43.13,64.96,9.22,48.4,129.0,85.65,9.43,,30.85,17.2
2020-12-16 07:00:00,10.67,39.2,26.77,40.78,50.66,15.19,47.3,16.26,16.5,81.35,6.77,11.15,24.87,56.26,24.79,21.86,7.34,16.55,14.71,34.64,17.58,5.29,7.48,68.54,37.12,16.97,37.53,22.22,46.43,34.65,9.6,25.34,78.66,14.53,6.81,,10.48,16.8,13.2,10.14,7.93,43.17,63.85,9.13,47.6,128.1,84.9,9.58,,30.5,17.3
2020-12-17 07:00:00,10.82,38.92,26.86,40.53,50.66,15.11,46.97,16.31,16.33,80.74,6.75,11.15,24.69,55.74,24.39,22.69,7.52,16.26,15.09,35.39,17.49,5.25,7.44,69.11,36.99,16.86,37.19,22.22,46.17,34.61,10.05,25.18,78.31,14.67,6.88,,10.4,16.95,13.86,10.2,8.25,42.61,63.41,9.42,47.55,127.5,83.92,9.86,,30.4,17.43
2020-12-18 07:00:00,10.75,38.17,26.8,40.53,49.88,15.07,46.9,16.07,16.3,80.35,6.66,11.18,24.69,55.41,24.35,23.33,7.73,16.3,15.27,35.66,17.27,5.23,7.71,69.11,36.8,16.82,37.31,22.32,46.25,34.61,9.85,24.91,78.31,14.56,6.85,,10.89,17.15,13.82,10.2,8.63,42.74,63.41,9.39,47.15,126.5,83.92,10.31,,30.35,17.59
2020-12-21 07:00:00,10.99,39.06,27.08,40.46,49.97,15.07,47.95,16.47,16.37,80.74,6.84,11.96,25.0,56.26,25.83,24.94,8.16,16.43,15.47,35.62,17.52,5.38,7.91,69.69,37.37,17.71,37.36,23.37,46.51,34.56,9.97,25.44,78.27,15.22,7.08,,11.64,17.3,14.12,10.25,9.21,43.13,64.37,9.56,47.28,125.8,84.22,10.91,,30.65,17.7
2020-12-22 07:00:00,10.88,38.08,26.77,40.46,49.62,14.96,47.3,16.44,16.2,80.74,7.23,12.77,25.3,56.0,25.42,26.65,8.16,16.6,15.44,35.39,18.11,5.64,7.91,68.87,38.4,17.78,37.36,23.97,46.25,35.15,9.93,25.98,77.42,15.8,7.28,,12.17,17.35,13.94,10.36,9.79,42.74,64.81,9.49,47.77,125.6,83.84,10.91,,30.35,17.7
2020-12-23 07:00:00,10.82,40.73,26.8,41.09,51.87,15.73,48.53,16.26,16.6,80.74,7.36,13.58,25.34,55.87,24.87,28.49,8.03,17.33,16.03,35.02,17.98,5.64,7.8,69.11,38.81,17.92,37.42,24.97,46.68,35.23,10.38,26.11,77.54,15.84,7.16,,11.95,17.3,13.82,10.88,9.69,42.91,65.62,9.4,47.55,123.6,84.22,10.75,,31.35,17.76
2020-12-24 07:00:00,10.62,41.43,26.41,40.59,51.52,15.58,48.21,16.17,16.47,80.74,7.1,12.58,25.0,55.61,23.83,26.69,7.85,17.16,15.75,34.51,17.86,5.51,7.73,68.05,38.24,17.46,37.42,24.97,46.25,34.83,10.3,25.82,77.34,15.47,7.08,,11.7,16.85,13.65,10.88,9.21,42.65,64.96,9.27,47.55,123.7,83.54,10.57,,30.8,17.84
2020-12-25 07:00:00,10.51,39.85,26.35,40.15,53.94,15.46,48.73,16.12,16.37,80.43,7.03,12.67,24.91,55.15,24.05,26.78,7.86,17.18,15.54,34.51,17.64,5.42,7.73,68.13,38.08,17.57,37.14,24.77,45.74,34.7,10.05,25.55,76.96,15.29,6.92,,12.31,16.95,13.98,10.62,9.45,42.52,64.59,9.25,47.28,126.0,82.48,10.59,,30.6,18.0
2020-12-28 07:00:00,10.62,39.85,27.08,40.27,56.36,15.42,48.8,16.35,16.47,80.35,7.03,12.74,25.34,57.69,24.24,28.62,7.98,17.65,15.86,34.56,17.74,5.51,7.85,68.21,38.27,17.71,37.42,24.87,47.63,35.06,10.7,25.71,77.19,15.36,7.08,,13.11,17.1,14.31,10.93,9.66,42.78,65.33,9.39,47.37,126.0,82.93,10.75,,30.85,17.84
2020-12-29 07:00:00,10.49,39.1,27.45,40.09,57.92,16.39,51.86,16.05,17.34,80.35,7.03,12.35,25.43,57.3,24.68,28.35,7.8,17.61,15.54,34.37,18.17,5.42,7.7,68.87,37.76,17.43,39.92,26.46,47.89,35.19,11.15,25.47,78.31,15.47,6.88,,13.07,16.9,14.12,10.94,9.31,43.48,66.73,9.25,47.37,126.0,82.71,10.56,,31.8,17.8
2020-12-30 07:00:00,10.58,38.78,27.53,39.96,58.61,17.09,52.51,16.24,17.68,80.05,7.12,13.06,25.47,56.97,24.39,27.7,7.8,17.5,15.3,34.56,18.23,5.42,7.73,69.03,38.04,17.6,38.42,26.21,47.72,36.31,11.23,26.08,78.24,15.26,6.85,,12.98,17.25,14.43,11.18,9.34,43.39,67.84,9.42,48.71,125.7,83.31,10.56,,32.05,17.95
2020-12-31 07:00:00,10.62,38.64,27.48,39.58,57.75,16.89,51.73,16.14,17.38,80.35,6.97,12.74,25.6,56.71,24.2,27.61,7.82,17.56,15.44,34.28,18.23,5.42,7.71,73.05,38.24,17.43,37.42,25.71,47.29,36.26,11.15,26.06,77.81,15.22,6.81,,13.59,17.0,15.0,10.94,9.33,43.13,67.39,9.3,48.57,125.9,83.08,10.7,,31.5,18.0
2021-01-04 07:00:00,10.82,40.96,27.8,40.27,58.35,17.63,50.88,16.72,17.38,80.66,7.2,12.8,26.03,58.21,25.16,29.04,7.9,18.09,16.52,34.42,18.39,5.51,8.13,74.61,38.59,17.67,37.75,26.26,48.06,36.66,11.68,26.88,77.92,15.4,6.81,,14.06,17.7,15.78,11.02,9.66,43.48,68.5,9.33,48.44,126.0,83.01,11.14,,32.45,18.5
2021-01-05 07:00:00,11.11,40.13,27.6,40.65,57.31,17.28,50.56,16.7,17.75,80.74,7.14,12.74,27.46,58.73,25.5,27.84,8.12,18.0,17.15,34.47,18.29,5.85,8.4,73.79,39.23,17.6,36.64,26.16,47.8,36.53,11.72,26.88,77.38,15.98,7.2,,13.86,17.95,15.75,10.91,9.76,43.83,70.79,9.92,48.84,126.2,85.45,11.29,,33.5,18.55
2021-01-06 07:00:00,11.48,41.99,29.03,40.78,58.61,17.82,50.56,17.58,17.55,81.89,7.1,13.32,27.5,59.84,25.31,27.38,8.52,18.22,16.9,34.42,19.1,6.16,8.68,74.61,39.36,17.78,37.81,26.16,48.75,36.71,11.72,27.15,76.99,15.87,7.16,,14.2,18.35,16.11,11.56,9.93,46.27,71.23,10.33,49.11,125.0,84.92,11.4,,33.9,19.1
2021-01-07 07:00:00,11.26,41.43,28.63,40.15,58.26,17.36,50.1,18.42,17.78,84.58,7.08,13.32,27.2,60.42,25.54,26.69,8.79,18.17,17.01,36.4,19.04,6.09,8.66,75.84,38.78,17.82,39.7,26.01,48.4,36.44,11.56,27.31,77.15,15.51,7.63,,14.06,18.45,16.34,11.53,9.93,47.27,70.12,9.92,49.33,125.4,84.54,11.39,,33.9,18.98
2021-01-08 07:00:00,11.41,43.8,28.29,40.15,59.65,17.48,51.21,18.35,17.89,83.74,7.21,13.32,27.55,60.75,25.76,27.61,8.97,18.22,17.18,36.77,19.04,6.18,9.13,77.39,39.32,17.78,42.26,25.81,49.61,37.06,11.56,27.41,77.5,15.84,7.67,,14.18,19.5,17.12,12.15,9.95,47.05,71.38,9.98,50.08,126.7,86.14,11.73,,36.25,19.41
2021-01-11 07:00:00,11.59,46.83,27.89,39.52,59.91,18.37,51.54,18.4,17.72,83.43,7.29,13.32,27.98,61.66,25.42,27.57,8.96,18.22,17.04,36.77,20.22,6.16,9.08,78.3,40.44,18.56,42.15,25.76,50.3,37.06,11.92,27.57,79.48,16.6,7.63,,13.9,20.4,17.12,12.99,9.95,46.05,76.02,9.84,50.93,132.0,88.51,11.73,,37.3,19.8
2021-01-12 07:00:00,11.37,50.09,28.11,39.77,59.13,18.91,54.86,18.07,18.22,82.97,7.21,13.26,28.54,61.14,26.9,27.47,8.78,18.89,17.64,36.72,20.96,6.01,8.85,77.31,40.44,18.56,43.32,25.86,49.78,37.06,12.01,28.48,79.86,16.78,7.48,,14.02,20.05,16.77,13.71,9.81,46.01,77.35,9.81,51.55,131.6,89.04,11.47,,37.3,19.99
2021-01-13 07:00:00,11.39,49.9,28.23,41.09,61.55,19.14,56.62,18.33,18.05,85.97,7.36,14.04,29.15,61.6,27.61,29.32,8.81,19.12,17.77,36.35,20.71,6.14,8.88,77.31,40.83,18.24,42.6,26.61,49.87,37.42,11.88,28.64,81.8,16.82,7.79,,14.02,20.05,17.01,13.47,9.76,46.22,76.76,9.89,50.93,132.0,89.42,11.79,,37.15,19.8
2021-01-14 07:00:00,11.22,48.5,28.11,41.4,61.2,18.56,55.58,18.28,17.89,83.81,7.29,14.53,28.97,60.55,26.65,31.2,8.81,18.8,17.64,36.35,20.53,6.24,8.81,76.49,41.05,18.06,42.76,28.46,49.18,37.29,11.64,28.37,81.41,16.67,7.67,,14.55,20.25,16.91,13.85,9.62,45.83,74.62,9.98,49.9,131.4,87.28,12.15,,37.0,20.5
2021-01-15 07:00:00,11.41,48.6,28.4,40.96,60.68,18.52,55.58,18.63,18.19,83.74,7.34,14.4,28.97,60.75,26.98,30.33,9.14,18.95,17.77,36.31,21.24,6.57,9.08,76.57,41.05,17.85,42.04,27.96,48.66,37.06,11.88,28.58,79.63,17.36,7.71,,15.14,21.5,17.74,14.44,10.17,45.7,74.91,10.1,49.86,131.8,87.97,12.38,,37.0,19.88
2021-01-18 07:00:00,11.44,51.02,28.11,40.21,60.25,18.52,56.04,18.51,18.56,82.97,7.58,14.3,28.97,59.9,26.46,31.48,9.1,18.87,18.3,36.26,21.08,6.59,8.96,80.43,40.96,17.85,41.15,27.66,49.18,37.74,12.37,29.01,77.69,18.38,7.67,,15.02,21.7,17.57,14.76,10.21,45.75,75.8,10.06,49.82,132.3,87.82,12.17,,37.95,20.1
2021-01-19 07:00:00,11.22,51.67,27.89,39.46,59.65,18.21,55.51,17.93,18.16,81.66,7.44,13.81,28.58,58.99,25.76,31.25,8.81,18.76,18.16,36.22,20.87,6.37,8.75,78.54,40.44,18.03,40.37,27.56,48.58,37.33,12.29,28.69,77.69,18.38,7.36,,14.77,20.45,17.2,14.04,10.12,45.0,74.25,9.92,49.02,132.2,86.45,11.81,,37.3,19.7
2021-01-20 07:00:00,10.62,48.22,26.68,37.64,56.36,17.82,51.93,16.91,17.51,79.97,6.99,13.13,27.55,56.32,24.42,29.45,8.44,18.07,17.32,36.12,20.53,6.05,8.26,75.26,39.29,17.07,41.68,26.66,46.43,36.04,11.6,28.27,75.48,17.43,7.0,,14.02,19.6,16.42,13.36,9.79,46.14,75.95,9.42,46.66,130.0,83.55,11.24,,37.35,19.5
2021-01-21 07:00:00,10.92,49.34,26.68,38.27,57.05,18.13,52.97,17.19,17.89,81.05,7.14,13.29,28.46,57.23,24.42,29.36,8.58,18.59,18.3,38.34,20.68,6.18,8.61,75.51,40.28,17.25,43.03,26.96,47.29,37.02,11.88,28.69,75.72,17.58,7.12,,14.22,20.0,17.1,13.66,10.0,44.87,73.29,9.58,46.75,131.5,84.46,11.91,,37.0,19.3
2021-01-22 07:00:00,10.92,52.79,26.71,39.46,57.23,18.37,53.17,17.79,18.73,81.05,7.21,13.32,29.19,57.3,24.42,30.56,8.63,18.8,18.96,40.55,21.18,6.27,8.66,78.05,40.76,17.28,45.06,27.76,47.97,37.96,12.01,29.28,75.48,17.72,7.04,,14.1,20.2,17.43,14.28,9.86,45.31,74.47,9.64,47.33,134.0,84.54,11.99,,37.75,19.58
2021-01-25 07:00:00,10.69,56.42,25.93,39.96,55.93,18.06,53.82,17.44,18.73,80.43,7.26,13.23,29.49,56.45,25.16,30.33,8.52,19.12,18.99,40.64,22.08,6.27,8.61,80.35,42.36,17.14,45.12,28.26,47.11,38.85,11.76,29.01,75.83,17.14,6.85,,14.04,19.9,17.17,14.17,9.6,44.87,73.81,9.61,47.02,133.9,83.7,11.86,,38.3,19.54
2021-01-26 07:00:00,10.75,55.02,25.45,39.84,55.33,17.75,53.3,16.98,18.46,79.51,7.1,13.06,29.19,55.21,24.39,29.87,8.29,18.34,18.68,39.81,22.2,6.16,8.55,80.51,42.72,17.92,46.47,28.21,46.86,38.85,11.56,29.12,75.17,16.13,6.61,,13.66,19.3,16.91,13.98,9.45,44.66,73.51,9.6,46.66,133.6,82.78,11.58,,37.9,19.36
2021-01-27 07:00:00,10.64,55.95,24.9,39.02,52.56,17.32,52.12,16.33,18.22,78.43,6.76,12.25,28.58,54.24,24.2,27.43,8.08,17.84,17.95,39.07,21.7,6.09,8.43,77.72,43.16,17.64,46.47,27.41,45.48,38.63,11.03,28.42,73.62,15.26,6.49,,13.0,18.65,16.65,13.44,9.21,43.57,72.41,9.53,45.77,131.0,81.49,11.24,,36.5,18.99
2021-01-28 07:00:00,10.02,55.77,22.95,37.95,49.27,16.27,47.3,14.82,17.31,76.12,6.11,11.76,26.94,50.79,21.91,24.07,7.28,16.43,15.68,37.78,20.46,5.62,7.68,73.29,41.66,17.14,45.57,26.96,42.82,36.17,10.01,26.88,70.25,13.48,6.1,,11.48,16.95,15.59,11.91,8.41,40.65,66.14,9.27,42.66,127.5,77.75,10.07,,32.2,17.7
2021-01-29 07:00:00,10.09,53.07,23.44,37.89,49.45,16.35,48.27,15.05,17.21,77.66,6.18,11.7,27.11,50.79,22.06,24.07,7.57,16.81,16.28,36.86,21.15,5.7,7.85,74.61,42.46,16.82,45.68,27.86,43.42,37.11,10.18,27.47,71.26,13.66,5.86,,12.05,17.15,15.75,12.15,8.63,42.22,68.94,8.99,44.22,130.0,78.43,10.33,,33.6,17.79
2021-02-01 07:00:00,10.28,51.67,23.52,38.58,49.71,16.0,47.16,15.14,16.91,79.2,6.12,11.37,28.28,50.59,21.98,23.75,7.55,16.76,17.15,36.12,19.97,5.53,7.85,72.39,41.88,17.36,46.64,27.86,42.99,37.02,10.05,27.57,67.07,13.44,5.82,,11.99,17.45,15.83,12.07,8.98,41.82,70.05,8.99,45.77,126.5,80.27,10.31,,32.05,18.0
2021-02-02 07:00:00,10.28,51.2,22.92,38.64,47.98,16.12,45.08,15.8,16.87,76.89,5.87,11.44,28.54,50.14,20.58,21.95,7.67,17.04,15.93,36.86,19.44,5.42,7.81,69.69,41.05,17.0,45.62,27.86,43.07,36.57,9.6,28.48,69.78,13.04,5.82,,11.38,17.2,16.11,11.59,8.82,42.13,69.61,8.99,47.06,129.8,81.64,10.8,,32.0,18.24
2021-02-03 07:00:00,10.58,53.07,23.81,39.08,50.57,17.01,46.64,16.38,17.21,77.51,6.14,11.7,30.53,52.09,21.65,23.01,7.86,17.82,16.87,36.86,20.25,5.75,8.13,72.97,41.37,16.97,47.03,29.71,44.02,37.29,10.14,29.01,69.78,13.95,6.22,,12.07,18.2,16.77,12.1,9.36,43.13,72.92,9.53,48.0,131.5,83.7,11.55,,33.85,18.85
2021-02-04 07:00:00,10.58,52.14,23.87,39.48,51.78,16.74,46.64,16.28,17.45,78.28,6.24,11.63,31.66,53.2,22.54,24.21,7.88,17.75,17.04,37.78,20.4,5.85,8.13,74.2,41.88,17.04,47.03,29.71,44.11,37.02,10.54,28.9,71.72,14.09,6.18,,12.44,18.15,16.82,12.26,9.31,43.13,72.92,9.56,47.77,131.1,83.7,12.12,,33.8,19.0
2021-02-05 07:00:00,10.75,54.93,24.16,39.87,52.04,16.51,46.71,16.63,18.46,77.59,6.26,11.63,31.74,54.04,23.02,23.93,7.86,17.96,16.97,37.32,20.59,6.07,8.28,73.79,42.01,17.3,46.41,30.16,44.88,37.51,10.42,28.74,70.64,14.89,6.33,,12.8,18.3,17.15,12.39,9.4,43.57,73.44,9.98,47.77,131.1,83.93,12.09,,33.0,19.49
2021-02-08 07:00:00,10.79,54.65,24.1,39.87,52.73,16.51,47.23,16.77,19.07,77.59,6.3,11.6,31.52,53.98,22.94,23.84,7.86,17.92,17.53,39.17,20.46,6.46,8.41,73.7,41.69,17.08,45.06,30.61,46.43,37.51,10.42,29.81,71.26,15.69,6.41,,13.31,18.45,17.24,12.15,9.31,43.48,73.29,10.23,47.91,130.6,83.62,12.06,,32.7,19.49
2021-02-09 07:00:00,10.71,53.07,23.64,39.67,51.78,16.62,45.86,16.47,18.63,77.66,6.14,11.63,32.26,52.94,22.69,22.83,7.86,17.63,16.83,38.7,19.84,6.42,8.26,73.46,41.6,16.78,45.28,31.36,45.65,37.42,10.14,30.34,70.13,15.94,6.18,,12.96,18.2,17.2,11.69,9.34,42.43,71.74,10.12,47.33,129.0,83.09,12.54,,32.0,19.47
2021-02-17 07:00:00,11.07,54.46,24.16,40.19,53.51,17.51,47.62,17.1,19.74,77.66,6.32,11.89,34.16,56.58,24.2,23.65,8.29,18.28,17.77,41.1,21.08,6.59,8.61,75.43,44.16,17.0,45.74,32.31,47.97,38.85,10.58,31.51,70.56,17.0,6.33,,13.66,18.8,18.14,12.04,9.59,43.57,74.62,10.62,48.0,131.0,83.09,13.41,,33.75,19.71
2021-02-18 07:00:00,11.05,55.77,24.96,40.9,53.68,17.51,48.27,17.21,20.45,78.05,6.7,12.02,33.86,58.93,25.02,25.27,8.42,18.51,17.77,41.75,21.39,6.48,8.78,78.71,44.76,17.0,45.9,32.51,48.4,39.07,10.83,31.73,74.63,17.29,6.41,,13.72,18.8,18.52,12.77,9.64,44.44,76.09,10.6,48.88,131.8,83.16,13.52,,34.85,19.85
2021-02-19 07:00:00,11.69,56.79,25.53,41.62,53.51,17.51,48.21,17.42,20.52,77.66,6.93,12.02,33.73,58.27,25.02,26.69,8.4,18.47,17.77,41.93,21.27,6.55,9.15,78.3,44.48,17.0,46.41,32.41,48.4,39.07,10.83,31.67,74.63,16.92,6.33,,13.66,19.0,18.47,12.82,9.66,44.31,76.24,10.68,48.66,131.9,82.63,13.44,,35.1,19.95
2021-02-22 07:00:00,12.08,57.07,25.53,41.88,53.34,17.44,50.82,17.68,20.04,78.35,6.8,11.99,33.52,58.08,25.16,26.19,8.55,18.68,18.26,44.83,21.33,6.46,9.06,77.97,44.12,17.26,45.57,32.36,49.87,38.63,10.7,31.03,74.2,16.71,6.33,,13.72,19.2,18.35,12.74,9.9,44.44,78.31,10.65,49.19,131.9,82.25,13.68,,34.9,20.0
2021-02-23 07:00:00,12.1,56.79,25.3,41.1,52.65,17.28,50.69,17.47,20.42,78.43,6.66,11.89,33.3,58.8,24.72,27.52,8.57,18.4,18.23,45.48,21.15,6.4,9.18,77.48,44.41,17.08,45.57,32.06,49.78,37.96,10.62,30.61,73.66,16.56,6.41,,13.8,19.0,19.06,12.64,9.72,44.0,78.45,10.65,49.64,134.5,82.4,13.55,,34.6,20.0
2021-02-24 07:00:00,11.95,56.79,25.36,40.84,52.9,17.28,50.36,17.72,21.26,78.43,6.68,11.89,33.08,57.95,24.72,28.26,8.53,18.68,18.3,44.97,20.96,6.4,9.28,77.07,44.0,16.97,46.07,31.91,49.87,37.69,10.62,30.45,72.89,16.56,6.49,,14.0,19.15,18.99,12.56,9.72,44.0,78.16,10.64,49.5,135.0,82.33,13.39,,34.8,20.0
2021-02-25 07:00:00,12.18,54.93,25.13,40.39,52.3,17.05,49.25,17.61,22.1,78.43,6.57,11.83,33.0,58.21,24.76,26.88,8.39,18.68,18.09,44.97,20.53,6.35,9.16,75.26,43.45,16.82,45.96,31.36,50.73,37.51,10.5,30.71,73.27,16.2,6.37,,13.72,18.65,18.66,12.23,9.52,43.35,76.39,10.82,48.84,135.0,81.1,13.03,,34.15,19.85
2021-02-26 07:00:00,12.51,54.37,25.07,40.9,51.52,16.62,48.6,17.35,22.17,77.66,6.49,11.76,33.04,58.14,25.13,26.69,8.29,19.22,18.58,44.65,19.91,6.42,9.28,74.11,43.42,16.71,45.62,31.61,50.04,38.0,10.34,30.24,72.89,15.91,6.26,,13.57,18.55,18.59,11.88,9.59,43.13,75.8,11.19,48.84,136.0,80.04,13.11,,33.6,19.72
2021-03-01 07:00:00,12.55,54.46,25.48,41.23,53.6,17.32,49.25,17.75,22.2,77.51,6.78,12.02,33.73,59.84,25.54,27.7,8.42,19.48,19.62,45.02,20.15,6.81,9.5,75.34,43.84,17.15,45.06,32.21,50.81,38.4,10.66,30.5,72.92,16.64,6.37,,14.26,19.15,19.01,12.23,9.76,43.26,76.24,11.93,48.84,136.9,80.8,13.34,,34.4,20.03
2021-03-02 07:00:00,12.55,53.9,25.59,42.2,54.46,17.44,49.77,17.93,22.04,77.66,7.1,12.32,34.12,60.88,25.54,28.26,8.81,19.81,19.83,46.08,20.46,7.11,9.58,76.08,43.58,17.15,45.06,32.21,51.24,37.96,10.74,30.66,73.08,16.82,6.49,,14.43,19.6,19.25,12.45,10.36,44.35,77.05,12.54,48.48,138.5,81.26,13.41,,35.2,20.21
2021-03-03 07:00:00,12.55,56.79,25.36,43.11,53.6,17.32,49.19,18.02,23.28,77.66,7.22,12.25,33.77,59.58,25.28,27.7,8.91,19.79,19.87,45.16,20.46,7.03,9.48,74.61,43.84,16.97,46.19,32.21,50.47,38.05,10.54,30.55,72.46,16.71,6.37,,14.26,19.3,19.13,12.34,10.73,43.31,75.58,12.2,48.08,137.8,80.04,13.59,,36.0,20.14
2021-03-04 07:00:00,12.53,56.79,25.39,42.26,53.51,17.55,49.25,18.12,24.3,77.28,7.41,12.22,33.64,59.9,25.24,27.34,8.81,19.73,20.14,45.43,20.43,6.98,9.41,74.61,43.74,16.93,46.13,32.16,50.64,38.4,10.54,30.66,71.6,16.64,6.37,,14.2,19.15,19.13,12.37,10.35,43.35,75.21,12.16,47.95,137.7,80.49,13.93,,35.9,20.2
2021-03-05 07:00:00,12.23,54.46,24.84,40.9,51.69,17.98,47.36,17.86,24.2,76.89,7.45,12.09,32.87,61.01,24.2,27.15,8.58,19.39,19.66,45.2,19.66,6.9,9.18,73.79,42.36,16.89,45.85,31.26,50.3,37.51,10.95,29.54,69.56,16.34,6.3,,13.59,18.85,18.59,11.96,10.04,42.35,73.37,12.23,47.77,137.0,78.66,13.65,,34.95,19.74
2021-03-08 07:00:00,12.27,56.23,24.9,41.16,51.95,18.44,48.21,17.93,24.46,76.89,7.47,12.06,33.08,62.51,24.57,27.61,8.58,19.73,20.42,47.09,19.78,6.94,9.3,74.11,42.65,16.86,45.96,31.36,50.9,37.51,11.68,30.08,69.17,16.49,6.33,,14.0,19.15,18.75,12.07,10.11,42.26,73.59,12.34,47.55,137.3,79.04,13.85,,35.2,19.8
2021-03-09 07:00:00,12.12,54.18,24.33,40.39,51.09,18.21,51.01,17.61,24.09,76.43,7.37,11.96,32.74,61.73,23.65,26.97,8.52,19.44,20.18,47.0,19.26,6.92,9.2,71.9,41.6,16.75,46.3,31.86,49.87,37.33,11.4,29.6,68.59,16.42,6.26,,13.64,18.7,18.57,12.39,9.97,41.39,73.22,12.17,47.24,135.6,77.44,13.85,,34.5,19.65
2021-03-10 07:00:00,12.46,54.84,24.21,40.19,51.87,18.21,52.06,17.56,24.13,76.89,7.41,11.96,33.52,60.62,23.83,26.97,8.55,19.29,19.8,46.91,20.15,7.05,9.38,71.33,41.82,17.19,46.47,32.21,48.66,37.6,11.4,29.22,68.0,16.49,6.41,,13.51,18.9,18.61,12.29,9.92,41.74,73.96,12.1,47.11,135.5,78.21,13.81,,34.5,19.72
2021-03-11 07:00:00,12.42,55.21,25.02,40.64,52.47,18.68,51.27,17.86,24.5,78.43,7.41,11.96,33.34,60.55,24.2,27.57,8.68,19.62,19.94,47.0,19.97,7.03,9.51,72.47,42.52,17.45,47.03,33.35,49.01,37.74,11.36,29.54,68.98,16.49,6.85,,13.94,19.35,19.13,12.42,9.98,42.17,74.77,12.31,48.0,136.5,79.2,14.47,,34.7,20.0
2021-03-12 07:00:00,12.4,54.93,25.07,40.51,53.08,18.6,51.73,17.89,24.63,79.05,7.45,11.99,33.34,60.55,23.98,28.9,8.76,19.6,20.01,47.0,19.66,7.2,9.5,72.23,42.56,17.41,46.64,34.25,48.58,37.74,11.36,29.6,69.56,17.36,7.04,,13.86,19.5,19.13,12.34,10.09,42.04,74.62,12.37,47.33,136.3,78.82,14.66,,34.8,20.04
2021-03-15 07:00:00,12.7,54.46,25.02,40.39,52.39,18.48,52.78,17.75,25.48,78.82,7.35,12.02,33.52,59.9,24.13,28.53,8.74,19.73,19.9,47.28,19.57,7.18,9.65,73.13,42.84,17.15,46.75,33.85,49.87,38.1,11.27,29.54,69.64,17.54,7.24,,13.7,19.35,19.13,12.37,10.04,42.26,73.74,12.37,47.2,135.4,78.59,14.66,,34.65,20.1
2021-03-16 07:00:00,12.64,54.28,24.79,40.06,52.21,18.48,52.45,17.75,25.51,77.89,7.26,11.99,35.24,59.58,24.35,27.89,8.78,19.6,19.87,47.0,19.47,7.11,9.73,72.8,42.72,17.12,46.13,33.5,49.87,37.92,11.15,29.22,70.66,17.29,7.4,,13.49,19.15,18.99,12.82,10.0,41.82,73.59,12.37,47.11,135.1,78.05,14.6,,35.15,20.0
2021-03-17 07:00:00,12.59,54.0,24.9,39.74,51.69,18.37,51.4,18.4,25.48,77.89,7.56,12.02,35.24,61.86,24.76,27.43,9.01,19.54,20.01,46.91,19.72,7.09,9.68,72.23,42.72,17.0,45.57,33.6,49.78,37.83,11.56,28.74,70.58,17.07,7.48,,13.37,19.75,19.08,13.15,9.97,41.74,73.51,13.07,46.8,134.3,77.06,14.65,,35.4,20.03
2021-03-18 07:00:00,12.85,54.0,25.99,39.87,52.56,18.25,51.21,19.26,25.38,78.43,7.64,12.51,35.03,60.55,24.94,28.44,9.07,19.67,20.14,46.81,20.03,7.16,9.8,73.7,42.81,16.93,46.19,33.95,49.78,38.28,11.52,29.17,70.66,17.14,7.91,,13.61,19.95,19.82,12.93,10.11,42.48,73.66,13.07,47.37,134.9,78.21,14.94,,35.4,20.28
2021-03-19 07:00:00,12.83,53.9,26.05,39.74,55.07,18.6,51.73,19.0,24.8,78.05,7.54,12.87,34.81,59.19,24.57,28.16,8.94,19.96,20.56,46.72,20.31,7.13,9.8,73.29,42.72,16.89,45.74,34.2,49.01,38.24,11.19,29.97,70.34,17.0,7.75,,13.82,19.9,19.91,12.8,10.12,42.3,73.22,12.87,48.17,134.6,77.98,14.87,,35.45,20.3
2021-03-22 07:00:00,12.79,53.81,25.82,39.54,54.55,19.18,50.75,19.4,24.13,77.43,7.51,12.93,34.42,59.64,25.83,28.07,8.86,19.96,20.46,48.29,20.19,7.33,9.77,72.8,42.56,16.97,45.68,34.05,48.83,38.19,11.15,30.34,70.34,17.07,7.91,,13.72,19.7,19.84,12.64,10.11,42.48,73.37,12.96,48.17,133.0,77.67,14.73,,35.0,20.24
2021-03-23 07:00:00,12.59,53.81,25.56,39.22,53.94,19.03,50.1,19.16,24.09,78.43,7.58,12.58,34.6,59.9,25.68,27.61,8.79,19.81,20.28,47.92,19.84,7.16,9.58,72.31,42.24,16.89,46.19,34.75,49.52,38.33,11.11,30.08,69.64,17.03,7.79,,13.57,19.2,19.56,12.5,10.0,42.22,73.15,12.7,47.55,132.6,76.83,14.63,,34.6,20.22
2021-03-24 07:00:00,12.29,53.44,24.84,38.96,52.9,18.52,49.19,18.79,23.52,78.12,7.53,12.22,34.12,58.67,25.16,26.92,8.58,19.5,19.9,47.74,19.41,7.07,9.4,70.92,41.88,16.71,45.06,34.69,48.83,39.0,10.66,29.28,69.56,16.71,7.4,9.97,13.31,18.85,19.11,12.12,9.76,41.78,72.26,12.51,48.0,131.1,76.3,14.43,,34.0,19.95
2021-03-25 07:00:00,12.23,52.6,24.64,38.83,51.78,18.44,48.47,18.65,22.95,77.05,7.47,12.45,33.52,59.77,24.72,26.32,8.45,19.25,19.34,47.64,19.26,7.03,9.35,70.51,41.85,16.56,45.62,34.47,48.58,38.6,10.58,28.85,69.56,16.49,7.2,10.66,12.9,19.05,18.8,11.96,9.5,41.82,72.04,12.34,49.95,130.9,76.07,14.43,,33.7,19.72
2021-03-26 07:00:00,12.18,53.07,24.33,38.89,51.44,18.72,47.95,18.49,22.81,76.89,7.45,12.35,33.21,58.27,24.28,25.31,8.47,19.44,19.27,47.18,19.04,6.92,9.26,70.51,41.6,16.49,44.95,34.03,48.15,38.42,10.46,28.74,68.39,15.98,7.67,11.41,12.64,19.1,18.73,11.8,9.31,41.61,71.3,12.31,50.44,130.5,75.15,14.21,,32.75,19.65
2021-03-29 07:00:00,12.42,54.0,24.47,38.25,51.26,19.8,47.95,18.6,23.92,76.74,7.51,12.35,33.77,58.93,24.42,25.68,8.55,19.6,19.31,49.3,18.91,7.11,9.45,70.92,42.2,16.49,45.12,34.2,48.66,38.55,10.79,28.9,68.0,16.31,8.42,12.2,12.78,19.25,18.78,12.18,9.48,41.74,71.15,12.35,50.44,131.6,76.22,14.5,,33.25,19.89
2021-03-30 07:00:00,12.57,53.81,24.7,38.25,52.3,20.19,48.8,18.95,23.92,76.89,7.54,12.8,33.73,58.6,25.39,26.09,8.6,19.67,19.45,49.67,19.13,7.5,9.58,73.38,41.88,16.52,45.51,34.25,48.23,39.23,10.91,28.9,68.59,16.24,9.24,13.04,12.96,20.5,19.08,12.39,9.62,41.52,72.19,13.07,52.7,131.7,76.37,14.74,,33.15,20.0
2021-03-31 07:00:00,12.68,53.81,24.93,38.18,51.95,20.03,48.6,18.98,23.12,76.74,7.64,13.45,33.77,59.06,25.54,26.05,8.74,19.92,19.97,48.93,19.01,7.63,9.53,76.25,41.76,16.45,45.51,34.2,48.75,38.1,10.91,28.32,70.34,16.31,10.15,13.93,13.07,21.9,19.34,12.69,9.71,41.43,72.56,13.86,53.1,131.6,75.61,14.65,,33.0,20.15
2021-04-01 07:00:00,12.7,54.0,25.25,38.57,52.73,20.15,48.47,19.21,23.79,76.74,7.93,13.55,34.47,58.99,25.72,26.23,8.78,20.4,20.32,48.56,19.29,7.59,9.75,76.25,43.04,16.71,46.75,34.86,48.49,38.73,11.23,28.69,70.34,16.64,10.94,13.95,13.8,21.65,19.37,13.09,9.74,42.56,73.37,14.05,55.28,132.9,77.06,15.02,,33.9,20.6
2021-04-02 07:00:00,13.13,54.0,26.11,39.02,54.11,20.54,48.6,19.3,23.76,77.28,7.87,13.36,34.81,59.71,26.13,26.69,8.94,20.74,20.49,49.67,19.53,7.72,9.92,76.49,43.52,16.78,46.69,35.68,49.01,40.44,11.27,28.85,70.34,16.71,11.21,13.98,14.2,22.95,19.75,13.31,9.97,42.91,75.06,14.39,55.06,134.3,79.35,15.18,,34.5,20.98
2021-04-05 07:00:00,13.24,53.44,26.34,39.15,54.46,20.11,48.27,19.65,23.28,76.82,8.01,14.17,34.81,59.38,25.83,26.23,9.24,20.87,20.35,48.84,19.57,7.76,10.15,77.97,43.52,16.93,48.89,37.88,49.44,40.35,11.27,28.85,73.86,16.78,10.58,13.93,14.43,23.3,19.75,13.34,9.93,44.79,77.42,15.04,56.08,136.0,79.73,15.25,,35.5,21.2
2021-04-06 07:00:00,13.11,53.53,26.54,39.02,53.6,19.65,47.23,20.23,23.62,76.74,7.91,15.08,34.6,58.47,25.5,26.05,9.07,20.84,20.21,48.84,19.35,7.68,10.5,76.41,43.36,16.67,49.28,37.38,48.15,40.35,11.11,28.74,70.34,16.42,9.84,13.86,14.35,23.2,20.08,14.01,9.83,44.66,75.95,15.6,57.55,133.8,78.36,15.31,,35.45,21.2
2021-04-07 07:00:00,13.02,53.53,26.25,40.06,55.15,19.84,47.95,20.35,24.36,76.66,7.91,15.05,34.47,59.25,26.79,25.77,9.07,20.87,20.56,49.21,19.29,7.61,10.7,77.31,43.04,16.56,49.85,37.71,47.97,40.13,11.44,28.37,69.56,16.49,9.88,13.86,14.43,22.6,20.1,14.28,10.11,44.44,74.77,15.06,56.88,134.0,77.06,15.31,,35.5,21.2
2021-04-08 07:00:00,13.02,53.53,26.28,40.32,55.07,19.72,47.69,20.11,24.26,76.59,7.95,15.01,34.85,58.6,26.65,26.42,9.2,20.87,20.74,49.03,20.15,7.63,10.62,77.48,43.04,16.63,50.75,37.77,48.4,39.9,11.44,28.37,69.17,16.56,9.99,13.76,14.51,22.6,20.05,14.04,10.09,44.39,74.1,14.98,57.06,134.0,76.68,15.38,,35.7,21.2
2021-04-09 07:00:00,12.98,53.44,25.7,40.0,54.46,19.41,47.1,19.84,24.03,76.51,7.83,14.82,35.89,58.54,26.94,26.65,9.19,20.99,21.12,48.84,19.91,7.98,10.5,76.08,42.88,16.49,50.75,37.88,48.4,40.8,11.32,28.53,68.51,16.49,9.99,13.71,14.51,22.9,19.84,14.23,10.04,43.35,73.15,14.28,55.73,133.5,76.3,15.53,,35.4,21.2
2021-04-12 07:00:00,13.21,53.07,25.99,40.0,54.29,19.68,46.9,20.11,23.76,76.35,7.87,15.21,35.63,58.01,26.57,26.42,9.17,21.66,21.23,48.75,20.0,8.2,10.6,75.84,43.2,16.56,54.07,37.77,48.15,41.71,11.8,28.53,69.37,16.49,10.03,13.71,14.98,23.85,19.98,14.01,10.09,43.22,75.21,14.92,59.02,132.1,76.53,16.08,,35.4,21.5
2021-04-13 07:00:00,13.32,52.42,25.88,40.0,54.03,19.84,46.25,20.21,23.32,76.12,7.83,15.99,35.55,57.23,26.65,26.14,9.24,21.66,21.19,48.66,19.97,8.28,10.62,78.71,44.03,16.49,55.2,37.55,48.23,41.57,11.68,28.58,68.98,16.38,10.27,13.61,15.0,23.55,20.08,13.9,10.62,43.57,77.42,14.98,62.75,132.4,77.59,16.45,,36.8,21.8
2021-04-14 07:00:00,13.04,52.42,25.42,39.22,52.47,18.99,46.32,19.98,23.28,76.05,7.66,16.41,35.03,57.17,25.76,25.36,9.1,22.42,21.05,48.47,19.75,8.07,10.47,82.56,43.32,16.34,56.38,37.27,47.72,41.26,11.32,28.32,67.96,16.2,10.15,13.48,14.71,22.95,19.82,13.42,10.3,43.0,74.1,14.84,63.02,132.3,76.3,16.36,,35.25,21.69
2021-04-15 07:00:00,13.02,52.97,25.36,39.87,53.08,19.14,45.79,19.98,23.28,75.89,7.76,17.22,35.2,57.49,26.65,25.31,9.1,23.01,22.2,48.75,19.78,8.15,10.43,86.08,43.8,16.3,58.58,37.44,48.32,42.74,11.32,28.16,68.31,16.27,10.39,13.36,14.61,23.0,19.82,13.53,10.28,43.48,77.05,14.9,64.44,132.4,76.68,16.58,,35.3,21.8
2021-04-16 07:00:00,12.78,52.23,24.96,39.87,51.87,18.48,45.27,20.07,23.35,75.36,7.45,17.35,35.12,56.65,25.65,24.39,8.94,23.43,22.27,48.38,19.6,8.46,10.23,83.21,43.26,16.12,61.73,39.69,46.94,42.11,11.03,27.52,66.83,16.05,10.39,13.51,14.24,22.8,19.46,12.88,9.86,42.91,77.05,14.59,64.04,131.7,75.31,16.29,,34.45,21.64
2021-04-19 07:00:00,12.66,52.97,24.73,39.28,51.61,18.17,45.08,19.74,24.63,74.97,7.37,17.71,35.24,56.78,25.09,24.11,8.91,24.31,22.79,48.38,20.81,8.46,10.28,87.81,43.96,15.75,61.96,41.66,45.74,42.61,10.83,28.05,66.44,16.31,10.54,13.61,14.14,22.9,19.7,12.77,9.79,42.91,77.05,14.64,64.08,129.6,74.39,16.14,,34.2,21.98
2021-04-20 07:00:00,12.91,52.97,25.25,39.35,52.73,18.06,45.66,20.05,24.57,74.97,7.45,18.36,36.72,57.95,25.31,24.16,9.01,24.65,22.76,48.2,21.58,8.74,10.35,91.41,46.08,15.6,61.84,44.57,46.43,42.83,10.83,28.32,66.87,15.91,10.82,13.66,14.45,23.15,19.79,12.69,9.88,45.75,82.44,15.35,64.84,132.0,77.06,16.26,,36.1,22.38
2021-04-22 07:00:00,12.61,52.88,24.79,38.89,52.3,17.55,45.14,19.49,23.62,76.82,7.37,17.68,36.28,57.3,24.79,23.19,8.88,24.36,22.24,47.92,21.52,8.74,10.18,88.05,47.36,15.86,61.11,43.69,45.48,42.52,10.58,27.68,66.63,15.26,11.1,13.61,13.82,22.6,19.42,12.31,9.85,46.01,82.88,15.32,63.5,132.1,75.92,16.78,,35.2,22.1
2021-04-23 07:00:00,12.55,52.14,24.18,38.25,51.0,16.55,44.29,19.23,23.28,76.89,7.24,17.52,35.89,56.0,24.91,22.32,8.79,23.73,21.05,47.92,21.89,8.72,10.12,83.21,47.2,15.75,60.55,43.31,44.19,43.64,10.26,27.84,66.44,14.89,10.86,13.61,13.41,22.45,19.16,12.07,9.69,45.31,77.42,14.98,61.99,130.8,76.22,16.62,,33.0,22.0
2021-04-26 07:00:00,12.53,52.14,24.1,38.12,51.09,16.93,44.03,19.19,23.45,79.2,7.39,17.52,35.81,55.74,25.16,23.33,8.84,23.81,21.64,47.83,22.32,9.19,10.12,83.38,47.16,15.56,64.43,45.48,44.71,43.28,10.38,27.84,67.22,15.58,10.98,13.46,13.45,23.2,19.27,12.02,9.69,45.31,77.42,15.29,61.99,130.6,75.53,17.43,,33.0,22.0
2021-04-27 07:00:00,12.76,52.14,23.41,38.25,49.71,16.27,41.95,18.63,23.42,77.59,7.31,17.0,35.2,53.39,25.02,22.14,8.79,23.73,22.24,47.55,21.95,9.08,10.0,80.84,46.08,15.08,68.72,45.36,42.99,43.28,10.05,27.36,66.44,15.18,10.7,13.31,13.0,23.25,18.94,11.91,9.5,43.39,74.55,15.15,59.1,127.9,73.63,17.4,,31.35,21.53
2021-04-28 07:00:00,12.87,52.14,23.47,38.89,49.62,16.2,41.68,18.79,24.26,77.2,7.35,17.87,35.16,53.72,24.98,23.01,8.79,23.77,22.27,47.37,22.14,9.0,10.28,81.82,45.28,15.16,72.09,44.07,43.16,43.28,10.22,27.2,66.36,15.11,10.86,13.34,13.23,24.35,19.08,11.99,9.5,43.26,75.87,15.46,59.19,127.2,73.09,17.92,,31.75,21.95
2021-04-29 07:00:00,13.0,52.14,24.04,38.89,50.05,16.12,41.88,18.98,24.13,76.89,7.39,17.84,35.37,54.43,25.31,24.21,8.96,24.69,22.55,47.28,22.2,9.32,10.33,81.49,45.18,16.12,74.63,44.74,43.5,44.19,10.14,28.53,66.36,15.0,10.78,13.34,13.41,24.6,19.72,11.96,9.62,43.57,74.84,15.65,59.1,126.1,71.87,19.16,,32.45,22.0
2021-05-04 07:00:00,13.04,52.14,23.98,38.76,48.67,15.62,41.1,19.98,25.17,79.2,7.22,17.42,36.11,54.24,25.13,23.42,8.91,25.41,23.49,47.28,23.29,9.32,10.47,80.35,44.76,15.53,74.35,45.11,42.99,43.96,9.89,28.21,65.3,14.46,10.7,13.11,13.37,24.2,20.5,12.37,9.69,43.39,73.37,15.63,59.95,125.0,70.96,19.39,,31.65,22.28
2021-05-05 07:00:00,13.45,52.6,24.3,39.02,49.27,16.2,41.23,20.63,25.82,79.58,7.3,17.48,36.54,56.0,26.35,23.52,9.5,25.37,24.05,47.37,23.13,9.5,10.82,81.08,45.79,15.45,75.92,44.68,44.88,44.19,10.46,28.48,63.12,14.82,10.54,13.11,13.9,25.1,21.92,12.37,9.97,44.44,74.62,15.74,60.35,124.8,70.96,20.07,,32.0,22.67
2021-05-06 07:00:00,13.26,52.32,24.04,39.22,49.71,16.12,41.16,20.3,25.61,80.66,7.3,17.35,36.11,55.87,26.05,23.84,9.61,25.37,24.68,47.64,23.19,9.26,10.72,80.02,45.76,15.45,76.88,44.44,44.54,44.19,10.42,29.49,62.69,14.78,11.42,14.0,13.8,24.9,22.42,12.66,10.0,44.31,74.47,16.53,59.55,124.5,70.19,20.17,,32.35,22.6
2021-05-07 07:00:00,13.28,52.14,23.64,38.44,48.41,15.73,40.64,20.39,26.59,79.22,7.05,16.9,36.33,55.28,25.83,23.52,9.95,25.87,25.9,47.18,22.7,9.45,10.58,79.2,45.69,15.3,79.42,44.13,43.76,43.51,10.01,30.18,61.24,14.42,10.65,13.71,13.61,24.55,22.58,12.2,10.23,43.13,73.37,16.58,58.66,122.6,68.06,20.07,,31.6,22.58
2021-05-10 07:00:00,13.64,51.2,23.81,38.57,48.67,15.62,37.77,20.95,27.17,79.06,7.01,16.67,37.19,56.0,26.39,22.96,10.2,26.63,27.32,47.74,22.82,9.58,11.17,83.3,44.8,15.08,76.32,43.46,46.0,43.06,10.01,30.55,59.52,14.06,10.73,13.86,14.18,24.5,22.86,12.02,10.76,42.78,73.59,16.72,58.88,120.0,70.96,20.4,,31.95,22.99
2021-05-11 07:00:00,13.66,50.92,24.96,37.92,49.36,16.47,39.21,20.86,27.02,79.22,7.18,17.03,37.45,56.06,27.94,23.65,10.12,26.63,27.6,47.09,23.32,9.63,11.15,86.74,44.8,15.23,73.5,43.46,46.17,43.24,10.3,30.24,62.53,14.78,10.56,14.0,14.35,25.45,22.79,12.18,11.14,43.26,73.66,17.43,59.28,119.8,72.1,20.69,,31.9,23.35
2021-05-12 07:00:00,13.56,50.92,24.5,38.25,49.19,16.66,39.01,20.9,27.1,78.58,7.06,16.83,36.93,56.26,27.87,24.85,9.89,26.38,26.59,47.28,23.04,9.63,11.08,86.08,44.64,15.23,73.22,44.74,46.08,43.24,10.22,29.76,59.72,15.58,10.3,13.86,14.16,26.35,23.27,12.07,11.06,42.65,72.48,17.57,58.66,119.2,70.35,20.85,,31.5,23.2
2021-05-13 07:00:00,13.86,50.74,24.9,38.57,48.84,16.43,38.88,21.9,26.94,77.62,7.12,17.55,36.93,56.39,27.76,25.63,10.13,26.5,27.19,47.37,23.1,10.13,11.28,85.92,44.96,15.16,78.29,44.56,46.68,43.64,10.26,29.54,60.65,15.58,11.25,14.1,14.69,27.15,23.55,12.26,11.25,42.61,72.48,17.4,57.77,119.3,69.96,21.34,,31.3,23.19
2021-05-14 07:00:00,13.77,50.74,24.67,38.31,48.76,16.35,38.1,22.04,26.75,78.1,7.49,17.87,37.28,55.74,27.39,24.85,10.28,26.29,26.49,47.18,23.56,10.28,11.15,90.18,45.92,15.16,75.98,44.25,47.2,43.06,10.22,30.13,61.36,15.15,12.38,14.97,14.59,26.85,23.12,12.12,11.14,42.83,72.63,17.57,56.44,118.7,69.58,21.7,,31.2,23.25
2021-05-17 07:00:00,13.96,50.27,24.67,38.51,48.41,16.12,37.77,22.11,26.75,77.22,7.47,18.07,37.45,55.34,27.83,24.21,10.41,26.25,26.38,47.37,23.19,10.17,11.18,89.77,46.08,14.93,77.73,44.38,47.8,43.19,10.18,29.97,60.97,14.64,13.5,15.84,14.75,26.7,23.19,12.45,11.39,42.39,76.32,17.51,57.77,118.2,68.67,21.96,,31.7,23.45
2021-05-18 07:00:00,13.73,50.27,23.93,38.58,47.37,15.73,36.6,21.81,25.93,78.02,7.26,17.29,37.8,54.04,28.46,23.47,10.18,26.8,27.32,47.09,22.57,10.13,11.18,90.18,45.44,14.9,79.98,43.21,46.77,42.79,9.97,29.81,60.58,14.64,12.85,15.88,14.59,27.4,23.1,12.26,11.28,41.82,75.21,17.03,55.99,114.8,67.14,21.89,,31.1,23.32
2021-05-19 07:00:00,13.77,50.27,23.75,38.65,46.68,15.73,36.53,22.42,26.36,76.82,7.1,17.26,39.4,54.04,28.13,23.65,10.3,28.06,27.46,47.28,22.29,10.28,11.52,89.36,45.44,14.71,81.56,43.03,47.54,42.38,9.85,29.44,60.26,14.38,12.77,15.81,14.71,28.7,23.71,12.02,11.39,41.21,74.25,17.14,53.77,113.2,67.9,21.99,,30.4,23.44
2021-05-20 07:00:00,14.07,50.18,24.04,37.98,46.16,15.73,35.88,22.72,26.13,76.82,7.1,17.09,41.3,53.26,28.83,23.29,10.54,28.06,26.98,47.18,22.91,10.26,11.6,93.46,48.0,14.27,81.11,44.74,47.11,44.86,9.65,31.14,59.99,14.27,12.77,15.81,15.65,29.55,24.0,11.83,11.61,43.13,75.21,17.43,54.75,111.0,67.22,21.96,,29.55,23.74
2021-05-21 07:00:00,14.37,49.34,25.68,38.18,47.46,15.62,35.81,22.9,27.72,76.41,7.22,17.09,41.77,53.26,29.38,23.93,10.64,27.93,26.73,47.18,23.38,10.36,11.77,93.3,47.36,14.01,79.08,46.65,49.35,47.3,9.73,31.09,59.4,14.6,12.94,15.84,16.38,29.8,24.42,12.12,11.59,42.7,76.83,17.43,54.66,112.7,69.28,22.16,,30.5,23.9
2021-05-24 07:00:00,14.2,51.58,26.62,38.51,47.37,15.73,37.38,23.97,27.52,76.41,7.28,17.09,40.61,53.72,28.87,24.94,10.48,27.81,27.12,50.41,23.56,10.3,11.68,93.13,46.88,14.27,77.73,47.5,48.66,46.89,9.73,31.88,60.65,14.75,12.77,16.13,16.2,29.25,24.19,12.66,11.59,42.91,78.9,17.37,54.93,113.8,70.12,22.09,,31.15,25.5
2021-05-25 07:00:00,14.35,52.04,26.88,39.31,48.24,16.24,38.29,24.16,27.91,76.82,7.47,17.71,41.17,54.17,29.24,25.68,10.6,28.52,28.13,52.99,23.29,10.49,11.95,94.69,46.88,14.42,76.6,47.07,48.49,46.89,9.89,31.67,61.75,14.46,12.72,17.25,16.66,29.75,24.61,12.69,12.23,43.57,78.09,17.14,54.39,113.5,69.58,21.99,,31.45,24.9
2021-05-26 07:00:00,14.5,51.58,27.02,39.18,48.58,16.12,37.9,24.06,28.1,76.41,7.3,18.62,41.3,53.85,28.72,25.59,10.78,28.52,28.44,53.08,23.22,11.01,12.52,93.46,46.78,14.64,76.32,46.52,48.15,46.76,9.69,31.51,64.21,14.38,13.16,18.41,16.95,29.8,25.04,12.53,12.46,44.35,79.04,17.82,54.3,113.4,70.12,22.12,,31.45,24.4
2021-05-27 07:00:00,14.69,51.48,26.85,38.98,49.1,16.04,38.68,24.02,27.87,76.41,7.33,19.92,41.26,53.39,28.35,26.6,10.9,28.52,28.86,52.53,24.5,11.62,12.6,93.3,46.4,14.34,77.11,47.5,47.46,46.44,9.65,32.47,64.09,14.16,13.11,18.48,16.7,30.3,25.27,12.29,12.46,43.74,79.27,18.27,53.77,113.0,69.89,22.06,,31.25,24.47
2021-05-28 07:00:00,14.6,50.27,27.37,38.91,48.5,15.65,38.81,23.83,27.72,76.01,7.35,20.86,41.08,53.65,28.13,26.51,10.77,28.31,28.93,52.34,24.34,12.14,12.59,92.23,45.82,14.23,76.6,47.81,47.29,46.44,9.6,31.57,64.01,14.31,13.42,19.3,17.03,31.85,25.18,12.2,12.49,44.05,77.79,18.13,54.66,113.0,69.96,22.38,,30.7,24.5
2021-05-31 07:00:00,15.55,49.34,28.0,38.91,47.89,15.62,40.44,24.67,28.18,75.61,7.26,21.32,42.38,53.85,28.05,26.69,11.06,30.17,30.6,52.16,24.56,12.99,12.79,91.99,45.28,14.2,76.21,47.56,47.29,46.22,9.56,31.73,62.72,14.46,13.37,20.19,18.08,33.9,25.37,12.12,12.98,44.0,77.05,19.31,53.33,111.8,70.19,22.55,,30.1,24.72
2021-06-01 07:00:00,16.1,48.97,28.11,38.98,47.11,15.5,40.9,25.04,28.1,76.82,7.33,21.45,44.45,55.28,28.13,26.42,11.42,32.23,31.58,52.07,24.93,13.83,12.97,90.18,44.16,14.12,76.49,47.07,47.8,45.54,10.01,30.98,61.04,14.49,14.45,20.73,18.41,33.55,25.65,11.96,13.36,45.4,77.94,20.24,53.77,109.9,69.2,22.87,,30.9,25.1
2021-06-02 07:00:00,16.73,50.09,27.51,38.85,46.42,15.27,40.44,24.58,27.91,76.82,7.56,20.67,43.94,56.97,28.87,25.86,11.22,31.78,30.6,52.53,24.81,13.73,12.92,88.95,44.8,14.16,78.85,47.26,48.15,46.62,9.93,30.24,60.18,14.53,13.5,20.54,18.69,32.4,25.18,12.02,13.03,46.83,77.79,20.29,54.17,107.2,68.36,22.9,,30.8,25.8
2021-06-03 07:00:00,17.37,48.41,28.4,38.58,47.98,15.81,41.36,25.18,29.07,76.09,7.72,20.96,42.89,57.95,30.2,26.51,11.81,31.26,31.37,53.45,24.87,14.68,13.74,86.66,44.73,14.86,79.98,48.12,48.06,46.4,10.34,31.14,60.18,15.44,14.15,21.28,20.0,33.2,26.03,12.12,13.25,47.05,78.16,20.91,52.79,107.2,69.28,23.07,,30.7,25.26
2021-06-04 07:00:00,17.22,48.41,28.4,38.25,49.71,15.77,41.1,25.5,29.07,76.33,7.68,21.77,42.74,59.77,29.83,27.7,11.75,31.66,32.31,53.91,24.74,14.74,14.26,87.97,44.48,15.05,80.49,50.45,49.44,45.63,10.66,30.71,60.85,15.73,14.28,22.52,20.32,33.0,26.08,12.04,14.15,46.4,79.12,21.33,53.77,107.4,69.43,23.39,,32.5,25.31
2021-06-07 07:00:00,16.85,48.41,27.89,38.45,51.44,15.5,40.58,24.99,28.92,76.01,7.68,21.64,42.54,59.97,30.31,29.09,11.72,31.49,32.76,54.74,24.56,14.09,13.85,87.97,44.03,14.82,79.53,51.49,49.87,45.94,10.95,30.45,60.97,15.47,14.06,22.52,20.04,32.0,25.7,12.39,13.43,45.7,78.75,21.02,56.22,111.8,69.21,23.46,,33.7,25.3
2021-06-08 07:00:00,16.28,48.41,27.08,38.18,51.44,15.27,41.03,24.39,28.26,77.46,8.06,21.06,41.68,58.99,29.98,28.9,11.31,30.29,31.99,54.0,24.37,14.01,13.34,87.48,44.16,14.64,78.07,52.1,48.49,45.31,10.42,30.34,62.61,15.94,14.11,21.28,19.47,31.3,24.99,12.31,12.98,45.31,80.74,20.52,55.86,117.5,70.53,23.46,,33.5,25.0
2021-06-09 07:00:00,15.98,47.57,26.22,37.85,49.01,14.69,40.71,23.69,27.83,77.14,7.87,20.47,41.23,57.95,29.24,27.52,11.05,29.43,30.53,54.1,24.31,13.55,12.95,86.08,44.0,14.42,81.87,50.63,47.2,43.51,9.93,29.81,62.53,15.62,13.59,21.38,19.12,30.35,24.14,11.96,12.6,44.44,78.75,20.85,53.77,117.4,69.6,23.52,,32.0,24.6
2021-06-10 07:00:00,16.58,47.48,26.16,37.85,48.76,14.8,40.44,23.65,28.53,76.33,8.26,20.15,41.43,56.78,29.98,26.97,11.1,30.12,30.88,54.0,24.5,13.88,13.0,86.0,43.84,14.34,81.34,51.06,46.25,44.1,9.93,29.49,63.51,15.76,13.63,21.08,19.4,30.05,24.19,11.91,12.77,44.83,78.9,21.24,52.97,114.6,72.3,23.49,,31.9,24.98
2021-06-11 07:00:00,16.47,48.41,25.96,38.51,49.79,14.8,41.36,24.58,28.68,75.61,8.45,20.21,42.14,56.84,30.98,27.2,11.34,30.46,31.02,54.0,25.25,13.86,13.34,86.99,43.84,14.56,80.34,53.57,46.6,44.41,9.89,29.38,64.44,16.13,14.02,21.23,20.4,30.8,25.13,11.91,12.8,45.09,78.45,20.88,52.44,115.5,71.45,23.39,,31.8,24.99
2021-06-14 07:00:00,16.37,49.34,26.16,38.65,52.47,14.84,42.08,25.09,29.07,76.82,8.41,20.15,42.49,58.86,32.2,27.8,11.29,31.09,31.51,54.37,25.32,13.59,13.32,88.54,44.41,14.93,80.19,56.45,47.63,44.23,10.05,29.7,64.87,15.62,13.07,21.28,21.78,31.3,25.18,12.02,12.8,45.05,81.77,20.77,53.55,115.8,72.23,23.23,,32.5,25.2
2021-06-15 07:00:00,16.98,51.2,25.91,40.31,53.16,14.53,41.55,24.62,30.89,76.66,8.35,19.82,42.44,58.47,31.68,29.27,11.62,30.69,32.49,55.75,25.25,13.23,13.34,88.46,44.48,15.34,79.66,56.94,47.72,43.92,10.05,30.45,66.63,15.58,12.77,21.25,22.16,30.8,25.13,12.02,12.63,44.87,83.39,20.37,54.22,117.0,71.99,22.87,,32.9,25.19
2021-06-16 07:00:00,16.63,51.2,26.8,40.91,53.16,14.84,41.29,23.97,31.79,76.82,8.33,19.5,42.49,60.23,32.12,30.28,11.34,30.35,32.03,55.66,25.45,12.97,13.2,87.72,44.09,15.45,79.58,56.57,48.83,43.56,10.01,30.5,66.05,15.76,12.68,20.44,21.42,30.2,24.66,12.31,12.67,46.18,83.32,20.06,54.08,117.3,71.84,22.16,,33.4,25.1
2021-06-17 07:00:00,16.42,51.2,26.59,40.77,53.6,14.92,41.03,23.69,32.06,76.66,8.33,18.91,41.73,61.53,32.83,31.29,11.05,29.72,32.18,55.29,25.28,12.79,13.35,86.9,46.04,15.38,78.74,56.27,49.09,43.38,10.26,32.1,65.62,16.38,11.82,19.7,21.29,29.65,24.0,12.12,12.46,45.75,81.11,19.86,52.84,116.5,71.22,21.63,,33.15,24.77
2021-06-18 07:00:00,16.65,51.48,26.68,40.91,53.86,15.19,41.1,24.39,31.79,76.82,8.89,19.43,42.29,61.07,32.79,33.04,11.27,30.52,32.98,55.29,25.86,13.1,13.69,87.72,45.28,15.67,79.43,56.45,48.92,44.55,10.26,32.47,67.22,17.11,12.2,20.02,21.33,30.1,24.28,12.8,12.44,47.49,85.53,20.06,52.57,116.5,71.61,21.73,,33.25,24.99
2021-06-21 07:00:00,16.51,51.11,26.39,40.77,52.73,15.34,41.49,23.92,31.63,76.74,9.1,19.43,43.34,62.51,32.57,32.49,11.11,30.06,33.25,55.29,25.66,12.79,13.67,90.18,46.68,15.86,84.01,56.64,50.81,44.64,10.34,31.57,67.22,16.64,12.03,19.97,20.92,30.3,24.09,12.66,12.49,47.14,83.32,20.26,52.84,116.0,71.14,21.83,,32.4,24.94
2021-06-22 07:00:00,16.89,51.02,26.08,40.51,52.73,16.04,41.42,24.34,31.98,76.66,8.91,19.3,43.49,61.99,32.79,32.44,11.29,30.0,32.56,56.21,25.76,12.84,14.17,90.18,46.78,15.9,87.45,55.47,51.16,44.86,10.42,31.3,67.22,16.56,12.68,19.84,20.67,30.75,24.23,12.56,12.46,47.27,82.8,20.06,52.75,115.4,70.68,21.76,,32.3,25.3
2021-06-23 07:00:00,17.08,50.83,26.62,40.44,52.3,15.81,43.32,24.85,31.59,76.82,8.89,19.3,42.99,61.99,32.57,31.75,11.32,29.72,32.03,55.85,25.59,12.79,14.17,89.04,46.56,15.67,88.13,54.06,50.64,44.77,10.3,30.82,66.83,16.24,11.9,19.77,21.04,30.35,24.61,12.23,12.48,48.36,82.58,20.22,52.48,115.3,70.14,22.61,,32.25,25.23
2021-06-24 07:00:00,17.1,50.83,26.34,39.91,51.69,15.27,43.51,25.41,31.51,76.98,8.64,19.17,42.64,62.96,31.97,32.63,11.34,29.6,31.8,56.95,25.15,13.14,14.27,88.46,46.72,15.67,87.83,54.92,49.94,44.77,10.05,30.34,67.34,15.91,11.77,19.72,20.92,29.9,24.42,12.07,12.49,48.27,84.8,20.06,52.53,115.9,69.68,22.68,,32.0,25.15
2021-06-25 07:00:00,17.17,50.83,26.39,39.78,50.57,15.19,42.79,24.99,31.55,76.82,8.77,19.17,42.89,63.81,31.79,32.4,11.52,29.31,31.76,56.21,25.32,12.94,14.09,87.72,46.4,15.45,91.26,58.23,49.94,44.32,9.97,30.34,67.22,15.69,11.73,19.84,22.24,29.5,24.38,12.02,12.42,49.14,83.69,19.67,52.44,116.0,69.45,22.48,,32.2,25.26
2021-06-28 07:00:00,17.26,50.83,27.02,40.44,52.13,15.11,43.06,25.46,32.37,76.5,8.97,19.43,43.24,65.09,32.57,33.6,11.78,30.06,33.21,58.52,25.42,13.14,14.46,90.1,46.72,15.38,93.86,59.09,50.47,44.28,9.97,30.61,67.22,15.8,12.25,20.29,22.7,30.4,25.51,11.94,13.03,49.23,85.16,19.86,52.26,116.1,69.68,22.29,,31.95,25.6
2021-06-29 07:00:00,17.33,50.65,27.48,40.44,52.04,15.07,43.18,25.41,32.21,76.33,8.97,20.15,44.7,63.47,32.57,34.01,11.81,30.12,32.91,57.04,26.0,13.44,14.62,90.1,47.2,15.34,92.72,59.76,50.03,44.64,9.97,31.03,66.87,15.87,12.46,20.29,23.11,31.5,25.41,12.02,13.15,49.67,88.04,20.02,53.02,120.0,70.84,22.22,,31.95,25.8
2021-06-30 07:00:00,17.12,50.65,27.23,39.84,51.35,15.0,42.86,25.32,31.98,77.06,9.25,19.89,44.75,63.41,32.2,33.0,11.75,29.89,32.6,57.04,26.0,13.23,14.84,92.23,49.24,15.23,93.17,59.21,49.5,45.54,10.01,31.09,66.28,15.62,12.51,20.46,22.91,31.4,25.41,11.91,12.94,51.06,88.78,19.74,53.99,121.7,70.37,22.16,,32.8,25.98
2021-07-01 07:00:00,16.98,50.46,27.34,39.64,51.26,14.88,42.4,24.76,32.52,77.06,9.43,20.15,44.65,63.27,33.16,33.92,11.89,30.29,32.79,57.14,25.79,13.1,14.59,94.22,48.8,15.67,94.4,58.97,49.15,45.63,9.89,31.09,66.24,15.62,12.46,20.39,24.11,31.25,25.27,11.85,12.87,50.89,87.38,19.67,53.28,121.5,70.53,22.97,,32.2,25.98
2021-07-02 07:00:00,17.08,50.37,27.4,39.25,51.78,15.11,42.73,24.71,32.56,76.82,9.27,20.41,46.46,65.49,33.31,33.83,12.17,30.57,32.95,57.04,25.86,13.18,14.62,94.55,50.24,15.6,93.1,59.64,49.42,45.18,9.93,30.87,66.16,15.62,12.55,20.98,24.44,31.95,25.93,11.85,13.12,50.8,87.89,19.98,52.84,121.1,70.29,23.52,,31.9,26.2
2021-07-05 07:00:00,17.87,50.27,27.0,39.05,51.09,14.69,42.08,24.62,32.83,76.41,9.18,20.7,47.71,64.88,33.68,33.69,12.34,29.94,32.56,56.86,25.52,13.1,14.54,93.65,53.44,15.41,90.27,58.84,48.89,45.76,9.77,30.18,66.44,15.26,12.98,20.98,23.86,32.6,27.45,11.77,13.6,49.62,87.74,20.06,52.22,121.0,69.83,23.75,,31.7,26.3
2021-07-06 07:00:00,17.92,50.18,27.89,39.18,50.83,14.38,40.97,24.71,33.22,76.01,9.04,20.93,46.71,63.74,33.38,34.7,12.37,29.89,32.52,56.77,25.42,13.75,14.51,92.57,54.62,15.34,89.74,58.23,48.71,46.44,9.65,30.18,65.11,15.04,13.46,20.96,23.94,33.1,27.68,11.53,13.67,50.1,87.82,20.41,51.55,119.9,69.37,23.88,,30.4,26.38
2021-07-07 07:00:00,17.31,49.99,26.19,38.51,48.32,13.95,40.05,23.49,32.33,76.01,8.63,20.02,45.7,61.46,31.09,31.94,11.91,28.57,30.38,56.68,25.08,12.99,14.06,95.88,53.05,14.93,90.12,58.97,46.7,48.02,9.44,28.69,64.17,14.24,14.06,20.78,22.57,31.15,26.74,11.8,13.08,49.4,86.27,19.74,50.66,121.8,69.37,23.3,,30.9,26.0
2021-07-08 07:00:00,17.45,49.99,26.48,38.25,48.67,13.72,41.42,23.97,32.95,75.37,8.53,19.82,45.45,63.0,31.72,32.08,11.98,28.69,30.03,57.14,25.18,13.23,14.26,99.18,56.06,14.79,89.35,58.97,46.52,48.7,9.4,28.74,63.62,14.31,12.9,20.68,22.99,31.3,27.12,11.5,13.46,49.23,86.05,20.33,50.22,121.0,69.06,23.2,,30.5,26.0
2021-07-09 07:00:00,17.17,49.9,26.39,38.25,47.89,13.68,42.14,23.25,34.54,75.61,8.27,19.3,46.2,63.74,31.01,31.11,11.78,28.11,28.81,57.14,25.28,13.18,14.22,101.25,57.56,14.68,85.08,58.05,46.43,49.19,9.2,28.37,63.7,13.95,12.42,20.59,22.78,30.5,27.64,11.18,13.29,48.4,85.46,21.24,49.33,120.2,68.29,22.9,,29.55,25.68
2021-07-12 07:00:00,16.3,47.48,25.59,37.85,45.82,13.17,41.55,22.23,33.88,74.65,7.99,19.43,45.05,61.73,29.53,28.26,11.49,26.85,26.7,56.4,25.04,12.4,14.33,99.1,57.24,14.27,82.1,57.92,44.85,48.47,8.83,28.21,62.53,13.15,11.47,19.94,21.75,29.2,26.69,10.78,12.8,47.71,82.58,20.45,48.88,121.5,67.98,22.32,,28.7,25.45
2021-07-13 07:00:00,15.62,48.69,24.53,37.52,44.43,12.71,40.44,21.54,32.52,75.21,8.13,19.37,43.84,62.4,29.53,28.07,11.16,26.34,26.13,56.21,24.87,12.27,13.79,99.1,57.05,14.12,80.5,55.59,44.94,46.67,8.59,28.11,61.94,13.08,10.78,19.1,21.46,29.0,25.65,10.59,12.34,46.57,81.03,19.74,46.71,120.0,66.82,21.18,,27.85,24.95
2021-07-14 07:00:00,15.48,45.62,24.5,37.52,44.26,12.59,40.12,21.18,31.79,75.61,8.21,18.26,43.99,62.26,29.98,28.35,11.1,26.34,26.85,57.04,25.32,11.93,13.45,96.62,55.64,14.05,80.11,54.06,45.47,46.22,8.71,27.63,63.27,13.29,10.82,19.05,21.58,28.7,25.41,10.64,12.11,45.09,82.73,18.68,47.28,120.5,66.2,20.85,,28.85,24.95
2021-07-15 07:00:00,15.46,42.13,24.76,37.52,43.65,12.32,39.66,21.24,31.44,75.05,8.17,17.71,43.49,61.46,29.98,28.16,10.95,26.82,27.58,56.21,25.18,12.01,13.27,97.45,54.72,14.2,79.43,53.63,45.12,43.56,8.71,27.68,62.49,13.58,11.82,19.99,22.24,28.8,25.13,10.4,11.92,45.53,81.55,18.09,46.08,116.9,66.66,21.41,,28.25,24.29
2021-07-16 07:00:00,15.76,41.9,24.67,38.05,44.87,12.59,39.92,21.21,32.33,74.97,8.49,17.84,44.2,61.19,30.64,29.41,11.03,27.17,27.89,56.68,25.25,12.08,13.34,100.01,53.92,14.38,81.11,56.33,45.2,43.51,8.71,27.73,62.49,13.8,12.81,20.29,22.33,29.1,24.99,10.62,11.9,45.05,81.48,18.01,47.15,115.4,66.59,21.28,,28.3,24.5
2021-07-19 07:00:00,15.55,39.94,24.04,37.65,43.48,12.24,39.21,20.34,31.59,75.21,8.37,17.52,43.39,59.78,31.97,28.35,10.72,26.28,26.51,56.68,26.95,11.71,12.94,103.32,52.16,14.05,79.43,55.16,43.97,43.51,8.47,27.63,61.36,13.44,12.12,19.25,21.46,27.95,24.04,10.29,11.49,43.65,79.41,16.95,46.66,114.7,65.66,20.53,,27.4,24.39
2021-07-20 07:00:00,15.9,37.38,23.52,37.58,43.14,12.48,39.01,19.95,31.59,76.01,8.63,16.9,43.59,60.18,31.46,28.35,10.93,27.08,27.12,56.4,26.07,11.17,12.57,101.66,52.67,13.86,79.04,55.16,43.36,41.8,8.38,27.57,61.16,13.44,11.73,19.45,21.83,28.1,23.43,10.18,11.42,44.0,78.6,16.52,45.91,114.5,66.43,19.87,,26.9,23.98
2021-07-21 07:00:00,16.19,37.61,23.75,37.58,43.22,12.52,39.01,20.28,32.13,74.97,8.78,17.06,44.14,60.45,31.97,28.81,10.93,27.37,28.12,56.4,25.32,11.85,12.89,102.65,53.31,13.83,79.66,55.23,44.33,41.48,8.47,28.11,61.55,13.51,12.12,19.4,21.95,28.4,24.28,10.32,11.59,43.78,80.22,16.91,47.33,114.5,66.36,20.1,,27.75,23.98
2021-07-22 07:00:00,16.14,39.03,23.58,37.52,44.09,12.71,39.53,20.34,33.65,75.21,8.84,17.55,45.0,60.59,32.68,29.22,10.64,27.31,28.08,56.21,26.75,11.54,12.84,101.66,53.88,13.75,80.19,56.15,44.94,42.74,8.55,28.27,61.16,13.62,11.82,20.29,21.95,28.15,24.33,10.35,11.71,43.87,81.85,16.48,47.46,114.2,67.28,19.97,,28.25,24.09
2021-07-23 07:00:00,16.02,40.44,23.81,37.65,44.52,12.94,39.4,20.19,35.82,74.81,8.86,17.55,46.66,60.38,32.34,29.78,10.83,26.91,27.77,56.21,27.64,11.95,12.8,101.0,52.86,13.9,80.04,55.47,44.68,42.38,8.75,28.32,61.71,13.55,11.86,21.07,21.7,29.95,24.14,10.29,11.68,43.48,82.21,16.32,48.35,113.9,69.37,19.87,,28.0,24.05
2021-07-26 07:00:00,15.53,38.75,23.15,37.72,44.0,12.59,39.14,19.48,38.18,76.01,9.1,16.9,47.16,60.18,33.49,29.91,10.64,26.39,26.82,56.4,27.36,11.44,12.46,100.42,51.52,13.71,82.1,55.72,43.89,41.48,8.59,27.73,60.22,13.44,11.47,20.23,21.37,29.3,23.45,10.08,11.58,42.48,81.55,15.73,46.84,114.0,68.9,19.03,,27.2,23.96
2021-07-27 07:00:00,15.72,39.41,23.41,38.51,44.43,12.75,39.14,19.98,37.79,75.29,9.3,17.03,47.66,60.85,33.68,30.83,10.74,26.8,27.66,56.21,27.19,11.39,12.51,104.56,51.84,13.75,81.56,56.39,44.68,41.84,8.91,28.48,62.14,13.62,11.73,20.1,22.12,29.75,23.76,10.18,11.87,42.52,81.7,15.73,47.02,115.5,69.14,19.0,,27.95,23.95
2021-07-28 07:00:00,15.76,38.52,23.24,37.98,44.09,12.55,38.94,19.83,36.9,75.29,9.26,16.41,47.06,60.79,33.23,30.56,10.77,26.97,27.81,59.72,26.78,11.42,12.55,103.65,51.36,13.68,80.19,56.33,44.59,41.03,8.79,28.11,60.97,13.48,11.68,20.07,21.95,29.45,23.76,10.35,12.01,42.26,79.41,16.17,46.88,114.5,67.51,18.6,,27.6,23.88
2021-07-29 07:00:00,16.04,39.03,23.52,37.85,43.83,12.55,39.08,20.46,37.48,75.29,9.61,16.9,47.16,60.45,33.75,30.65,10.92,27.31,28.46,58.98,27.16,11.66,12.8,105.8,52.09,13.6,79.88,56.15,44.76,41.93,8.71,28.21,61.36,13.48,12.03,20.02,22.37,29.4,24.0,10.29,12.11,42.65,80.59,16.07,46.93,114.4,67.75,18.96,,27.9,24.05
2021-07-30 07:00:00,16.96,39.41,23.73,37.78,44.52,12.67,41.1,20.79,37.21,75.21,10.29,17.22,47.61,60.92,34.79,31.11,11.06,27.25,28.81,58.52,28.25,12.39,13.16,112.9,52.76,13.75,79.96,56.94,45.38,43.19,8.79,29.28,62.53,13.58,12.07,20.1,22.78,30.35,24.38,10.48,12.22,43.04,80.22,16.4,47.68,114.5,67.36,19.87,,27.7,24.6
2021-08-02 07:00:00,16.89,39.51,24.64,38.45,45.73,12.79,41.1,20.49,38.38,75.61,10.72,17.16,48.51,63.61,35.75,31.66,11.24,27.43,29.23,57.87,28.15,12.39,13.12,114.06,55.19,13.75,81.56,57.62,45.64,43.24,8.87,29.22,61.67,14.06,12.16,19.78,23.03,30.4,24.28,10.29,12.15,43.0,79.93,16.5,48.71,115.9,67.13,20.04,,27.8,24.7
2021-08-03 07:00:00,16.8,39.6,24.87,38.05,46.25,12.94,42.08,20.43,37.87,75.29,10.82,17.65,48.21,62.87,35.9,31.2,11.39,27.28,28.96,57.87,28.32,12.34,13.25,114.06,54.4,13.75,81.11,58.17,45.29,43.51,8.83,29.01,60.97,13.87,11.99,19.8,23.4,29.8,24.56,10.35,12.06,43.04,82.73,16.52,51.1,116.3,67.59,19.84,,28.45,24.78
2021-08-04 07:00:00,16.89,39.41,24.96,37.72,46.68,13.06,42.4,20.64,38.76,76.41,10.84,17.87,48.31,63.61,35.49,31.39,11.52,27.48,28.88,57.5,28.22,12.36,13.45,114.06,54.68,13.83,83.93,58.11,46.43,44.1,8.91,29.01,61.75,13.8,12.03,19.99,23.73,30.8,24.85,10.29,12.35,43.26,82.58,16.4,51.73,116.2,67.59,19.94,,28.4,24.88
2021-08-05 07:00:00,16.94,39.41,24.96,37.72,46.42,13.02,41.75,20.49,38.84,76.09,11.43,18.07,48.71,63.07,35.6,32.35,11.6,28.06,29.57,56.95,28.12,12.63,13.52,113.15,55.77,14.27,83.7,58.11,46.43,43.51,8.87,28.8,61.36,13.62,12.59,20.29,23.94,31.25,24.9,10.29,12.42,43.35,82.36,16.6,51.1,116.5,67.28,20.14,,28.05,24.96
2021-08-06 07:00:00,16.96,42.04,24.9,37.72,46.68,13.56,43.58,20.91,38.45,76.66,11.79,18.0,48.82,63.54,36.45,32.4,11.62,28.11,29.57,57.14,28.93,12.68,13.57,112.41,56.15,14.2,82.86,58.11,46.78,43.56,9.12,29.17,61.4,13.95,12.64,20.23,23.9,31.15,25.13,10.29,12.56,43.48,84.43,16.62,51.5,117.5,68.29,20.2,,28.45,24.99
2021-08-09 07:00:00,17.29,44.21,24.76,37.78,46.85,13.56,43.58,20.73,38.38,75.45,12.27,17.61,49.07,62.8,36.6,32.54,11.58,28.46,29.84,57.04,28.9,12.51,13.48,116.54,55.74,14.12,82.18,57.92,46.61,43.96,9.12,29.76,61.36,14.09,12.64,20.15,24.94,30.8,24.9,10.24,12.42,43.09,86.56,16.58,50.53,119.7,67.9,19.97,,28.75,25.2
2021-08-10 07:00:00,17.29,43.92,24.96,38.12,47.03,13.64,43.12,20.94,39.54,76.01,13.12,17.68,49.42,65.09,37.75,32.72,11.75,28.91,30.34,56.68,28.93,12.63,13.61,116.95,55.74,14.27,81.72,57.62,47.31,43.64,9.28,29.86,61.28,14.02,12.85,20.23,24.98,31.0,25.04,10.62,12.53,43.22,87.82,16.72,51.1,120.0,69.52,20.04,,29.0,25.34
2021-08-11 07:00:00,17.24,43.08,25.3,38.38,47.37,13.48,43.51,21.03,39.93,75.85,13.79,17.52,49.12,66.43,38.19,32.4,11.7,28.51,29.96,56.21,28.63,12.58,13.61,116.54,57.37,14.42,80.5,57.49,47.49,43.42,9.56,30.34,60.69,15.0,12.85,19.96,24.77,30.85,25.27,10.78,12.98,44.31,86.79,16.68,50.66,118.9,70.6,20.17,,28.5,25.2
2021-08-12 07:00:00,16.89,43.17,24.9,38.45,47.98,14.1,44.95,20.82,38.72,76.01,14.24,17.52,48.21,64.15,37.16,32.4,11.58,28.06,29.5,56.68,28.01,12.32,13.52,114.47,55.99,14.23,79.66,57.31,47.13,43.24,9.4,29.92,60.26,15.54,12.68,19.83,24.4,30.5,25.04,10.59,12.84,43.92,86.49,16.4,50.17,119.0,70.68,20.4,,28.4,25.1
2021-08-13 07:00:00,16.63,42.8,24.67,38.65,47.72,14.57,44.68,20.73,38.03,75.05,13.75,17.42,47.71,63.27,37.19,32.12,11.54,27.88,28.88,56.49,28.52,12.15,13.39,110.75,54.72,14.16,79.35,57.31,46.52,42.83,9.32,29.86,59.83,14.93,12.77,19.72,24.73,29.8,24.66,10.48,12.63,43.52,89.0,16.24,49.86,118.7,69.91,20.72,,28.25,24.92
2021-08-16 07:00:00,16.89,42.7,24.96,38.32,47.46,14.72,44.62,21.24,38.68,75.45,14.7,17.35,48.32,63.81,38.1,34.24,11.67,28.34,29.38,57.04,28.76,12.36,14.06,112.82,55.04,14.34,79.81,56.51,46.26,42.83,9.4,30.82,59.6,15.58,12.72,19.78,25.89,30.4,25.7,10.53,12.89,43.83,89.88,16.48,50.08,118.1,69.99,21.76,,28.9,25.3
2021-08-17 07:00:00,16.98,42.0,25.02,38.25,46.94,14.26,44.49,21.27,39.93,75.45,14.4,17.45,48.02,63.27,36.96,35.44,11.91,29.14,30.57,56.21,28.32,12.87,14.33,111.5,54.43,14.23,79.43,56.51,46.08,43.24,9.36,30.71,59.25,15.98,12.94,20.26,25.76,30.6,25.84,10.37,13.1,44.87,85.16,16.66,51.7,117.4,69.6,21.63,,28.75,25.32
2021-08-18 07:00:00,16.8,42.33,24.67,37.72,47.8,14.3,43.97,20.85,40.93,76.01,14.5,17.35,48.17,62.47,36.81,35.25,11.73,29.14,31.14,56.03,28.73,12.7,14.13,113.15,55.51,14.31,79.27,56.39,45.55,43.24,9.32,32.2,58.23,15.69,12.81,19.83,25.89,30.15,25.27,10.51,13.01,44.66,83.69,16.4,50.1,118.2,70.22,21.21,,28.15,25.26
2021-08-19 07:00:00,16.68,42.89,24.44,37.05,47.72,14.61,44.03,20.67,42.6,79.22,14.13,17.13,48.22,62.13,36.43,35.9,11.75,29.37,31.11,55.94,28.46,12.63,14.02,112.66,55.19,14.31,80.19,54.55,45.47,43.28,9.28,33.64,57.84,16.34,12.72,19.56,26.05,30.05,25.18,10.43,12.84,44.87,82.14,16.13,52.0,120.0,69.91,21.05,,28.1,25.21
2021-08-20 07:00:00,16.58,43.13,24.61,37.45,47.8,14.65,43.77,20.82,42.41,78.02,14.4,16.9,48.06,60.79,36.62,35.9,11.65,29.2,30.91,55.75,28.56,12.36,13.97,112.24,55.04,14.49,80.04,54.06,45.38,42.83,9.28,33.8,57.72,16.42,12.68,19.4,26.3,29.9,25.04,10.29,12.7,44.39,81.85,16.05,51.0,120.0,69.75,20.92,,27.9,25.01
2021-08-23 07:00:00,15.76,42.28,23.41,36.72,45.99,14.03,43.58,20.04,42.6,76.5,15.04,16.31,46.95,59.44,36.77,33.96,11.19,28.06,29.57,55.85,26.92,11.61,13.41,110.34,52.48,14.38,81.11,51.79,43.8,41.03,8.87,32.74,55.89,15.76,12.33,19.29,26.26,28.5,24.0,10.13,12.18,43.57,80.37,15.22,48.85,120.3,67.82,20.33,,26.85,24.29
2021-08-24 07:00:00,15.25,41.86,22.78,35.53,45.47,13.72,43.32,19.89,41.98,76.17,14.68,15.92,46.7,58.64,36.58,32.21,11.14,27.63,29.15,55.38,26.2,11.27,12.96,107.28,51.96,14.27,80.95,52.71,43.27,40.44,8.75,31.3,55.85,15.4,12.03,19.24,26.34,27.85,23.24,10.08,11.84,43.22,79.71,14.4,48.5,122.8,67.2,20.23,,26.35,23.95
2021-08-25 07:00:00,15.25,41.86,22.69,35.86,45.82,13.25,42.73,19.65,42.25,74.97,14.05,15.99,46.9,58.64,36.39,32.4,11.1,27.77,29.84,56.22,26.2,11.32,12.89,112.82,52.48,14.6,81.72,54.31,43.75,40.35,9.16,31.14,57.76,15.26,11.9,19.42,25.68,27.55,23.24,9.97,12.08,43.13,79.56,14.75,47.7,127.0,67.28,20.1,,26.6,24.07
2021-08-26 07:00:00,15.29,41.86,22.75,35.79,46.51,13.56,43.32,19.6,43.41,76.01,14.34,16.38,47.15,58.91,38.86,33.5,11.38,27.83,29.88,56.31,26.34,11.34,12.91,113.4,52.6,14.49,80.72,53.33,43.97,40.58,9.48,33.06,57.8,15.87,12.68,19.32,25.8,27.55,23.31,9.94,12.16,43.13,79.19,14.67,47.3,126.9,67.75,20.2,,26.85,24.31
2021-08-27 07:00:00,14.94,41.67,22.38,35.53,46.33,13.37,43.25,18.7,43.76,81.22,14.56,16.12,46.7,58.5,39.47,34.42,10.93,27.4,29.46,56.03,26.72,11.0,12.64,112.74,52.76,15.12,79.27,52.47,43.45,39.72,9.77,34.92,58.23,16.09,12.16,19.1,25.43,27.3,22.75,9.94,12.03,42.91,78.82,14.28,47.5,126.8,67.59,19.94,,26.8,25.0
2021-08-30 07:00:00,15.2,42.28,22.66,36.32,47.54,14.26,45.08,19.36,44.58,86.9,14.96,16.9,47.2,59.44,39.62,35.25,10.91,27.91,30.49,55.85,27.23,11.32,13.03,114.47,54.08,15.67,79.66,52.9,43.97,39.23,9.93,35.4,58.43,16.56,12.12,19.45,25.89,27.95,23.34,10.35,12.06,43.31,79.41,14.4,47.65,127.0,67.67,20.2,,27.25,24.88
2021-08-31 07:00:00,15.29,44.68,22.72,35.86,49.71,14.3,46.19,19.5,46.13,92.98,14.76,16.83,47.3,60.05,39.92,36.72,10.91,28.46,31.03,55.85,27.36,11.54,12.94,112.41,53.45,15.64,80.5,53.88,43.89,39.0,9.77,36.09,58.62,16.96,12.07,19.51,26.18,28.0,23.38,10.7,12.11,43.52,78.97,14.67,47.55,126.8,67.67,20.23,,27.3,24.15
2021-09-01 07:00:00,15.36,45.34,22.43,36.19,49.53,14.14,45.92,19.36,46.13,88.42,15.15,16.51,47.2,60.05,41.14,37.28,10.72,28.37,30.95,56.22,27.13,11.27,12.71,111.99,53.45,16.23,80.57,53.69,44.85,38.73,10.14,35.88,58.5,16.71,11.9,19.51,25.68,27.5,23.12,10.67,11.94,43.52,80.52,14.24,47.5,126.3,68.6,20.2,,27.9,24.1
2021-09-06 07:00:00,15.15,46.09,22.66,37.05,49.45,15.07,46.64,19.36,45.43,87.62,14.96,16.41,48.17,60.79,40.99,37.74,10.85,29.43,32.83,55.85,28.22,11.22,12.78,110.75,53.5,16.41,81.11,53.2,45.55,39.14,10.38,36.2,58.62,17.36,11.82,19.42,25.56,27.85,23.12,10.97,12.18,43.61,80.3,14.24,47.9,126.0,68.6,20.14,,28.2,24.5
2021-09-07 07:00:00,15.36,45.57,23.07,36.85,48.84,15.23,46.32,19.74,44.81,84.66,14.56,17.13,48.37,60.85,39.77,36.77,10.89,29.77,33.48,55.94,28.08,11.42,13.0,108.44,53.69,16.6,80.57,52.53,45.12,39.32,10.18,35.24,58.93,17.25,11.77,19.45,25.43,28.35,23.81,10.86,12.63,43.92,81.85,14.53,47.75,125.5,68.99,20.79,,28.1,24.55
2021-09-08 07:00:00,15.36,46.09,23.18,36.52,47.89,14.72,45.27,19.8,45.28,82.42,14.2,16.77,47.81,59.78,39.39,36.54,11.01,29.72,33.56,55.76,27.67,11.42,12.98,107.45,53.65,16.04,80.11,52.1,44.33,38.91,9.93,34.6,58.58,16.34,11.73,19.42,26.74,28.1,23.45,10.45,12.79,43.61,81.11,14.65,47.15,124.6,67.82,20.75,,27.45,24.6
2021-09-09 07:00:00,15.22,45.81,22.84,35.86,47.89,14.65,44.95,19.42,45.04,80.98,14.24,16.64,47.66,59.85,39.39,36.77,10.91,30.0,34.67,55.76,27.84,11.34,12.84,109.27,57.26,16.01,79.66,51.61,44.59,40.8,10.05,35.13,58.66,16.24,11.56,19.45,27.38,27.5,23.38,10.27,13.12,43.61,80.3,14.4,46.2,129.0,67.19,20.69,,27.95,24.28
2021-09-10 07:00:00,15.27,45.71,22.95,35.99,48.58,14.92,45.6,19.6,45.74,82.42,14.13,17.03,47.91,59.98,39.24,36.82,10.76,29.89,34.82,55.76,27.81,11.34,12.8,109.43,57.45,16.15,79.43,51.36,44.76,42.38,10.05,35.51,59.36,16.53,11.6,19.48,26.77,27.6,23.53,10.65,13.32,43.48,80.3,14.43,46.0,130.0,68.37,21.31,,28.35,24.68
2021-09-13 07:00:00,15.15,45.62,22.75,35.99,48.41,14.34,45.53,19.39,48.65,82.26,14.4,16.87,47.71,60.32,39.85,36.17,10.58,29.49,34.63,55.76,28.42,11.17,12.75,109.1,60.2,15.93,78.97,50.94,44.85,42.38,9.89,35.08,63.27,15.87,11.56,19.45,26.47,27.3,23.36,11.4,13.39,43.13,79.71,14.28,46.7,129.8,68.68,21.5,,28.3,24.5
2021-09-14 07:00:00,15.01,45.62,22.46,35.92,47.54,14.07,45.34,19.2,50.12,86.42,14.56,16.64,48.06,60.52,39.85,35.25,10.38,29.2,34.06,55.94,28.29,10.96,12.62,112.16,60.1,15.9,78.97,50.02,44.59,41.48,9.77,34.6,66.05,15.58,11.34,19.34,26.17,27.2,23.19,10.93,13.29,42.91,79.93,14.12,46.45,127.8,68.6,21.11,,28.8,24.48
2021-09-15 07:00:00,14.78,45.52,22.38,36.46,46.77,14.07,44.68,18.88,49.93,82.18,14.13,16.64,47.91,62.0,39.47,35.71,10.19,29.77,35.86,55.48,28.18,10.96,12.44,119.76,60.2,15.64,78.74,50.26,44.68,41.44,9.65,34.87,64.87,15.76,11.12,19.32,26.08,26.9,23.05,11.06,13.32,42.83,81.13,13.92,46.2,126.4,68.21,20.88,,28.65,24.4
2021-09-16 07:00:00,14.8,45.15,22.66,36.19,47.46,14.1,45.01,19.2,51.98,81.7,14.17,16.67,48.22,62.33,40.23,35.71,10.28,29.94,36.7,55.38,29.38,10.88,12.53,123.98,59.96,15.9,79.2,50.38,45.47,41.93,9.69,35.03,63.78,15.91,11.47,19.42,26.11,26.95,23.22,10.99,13.6,43.09,80.16,14.28,45.7,126.2,67.97,21.18,,30.3,24.5
2021-09-17 07:00:00,14.92,44.91,23.21,36.19,48.15,14.03,45.01,19.26,55.0,82.1,14.17,16.9,49.23,62.33,40.53,36.03,10.38,29.77,37.01,55.38,29.34,10.98,12.62,123.57,59.71,15.9,79.04,50.2,45.03,41.93,9.89,36.46,62.92,16.16,11.68,19.42,26.56,27.1,23.57,10.68,14.12,42.87,79.19,14.24,44.6,126.1,69.47,21.96,,30.45,24.57
2021-09-20 07:00:00,15.15,44.68,23.12,36.19,47.29,14.03,45.01,19.36,58.84,81.7,14.62,16.9,48.83,61.73,40.23,35.9,10.6,30.0,36.47,55.38,29.0,11.51,12.84,122.74,61.16,15.78,79.04,51.12,45.03,41.48,9.77,35.77,63.31,16.34,11.86,19.51,26.44,27.5,24.38,10.81,14.47,44.0,78.8,15.14,44.45,125.9,70.02,22.42,,30.15,24.99
2021-09-21 07:00:00,15.01,43.92,22.84,36.19,48.24,13.6,44.36,19.0,61.05,81.38,14.01,16.38,47.71,59.44,38.86,34.38,10.46,29.31,35.86,55.38,28.66,11.27,12.66,119.85,60.44,15.82,78.66,50.57,43.89,41.03,9.56,35.13,62.49,15.76,11.68,19.34,25.8,27.05,24.04,10.81,13.98,43.48,77.54,15.54,43.2,124.2,69.86,22.06,,29.15,24.9
2021-09-22 07:00:00,15.01,43.27,22.89,36.26,51.09,13.79,45.49,18.9,64.97,81.46,14.05,16.25,47.41,60.12,38.25,34.24,10.42,29.26,36.09,55.29,29.31,11.13,12.69,123.15,60.87,15.9,78.82,50.08,44.41,41.98,9.65,36.2,62.33,16.6,11.6,19.34,25.62,26.85,24.04,10.71,13.95,43.35,75.98,15.73,43.45,123.7,72.06,21.83,,28.8,24.9
2021-09-23 07:00:00,14.92,44.21,22.89,36.06,51.44,13.95,45.76,19.11,69.19,84.02,14.05,16.48,47.61,61.79,38.63,35.44,10.46,29.72,36.43,55.29,29.0,11.13,12.71,122.74,64.24,15.9,78.66,50.02,44.68,41.98,9.73,36.36,62.84,16.78,11.64,19.34,25.8,27.0,24.23,10.99,14.54,43.74,77.24,15.26,43.7,124.0,72.61,22.03,,28.9,24.84
2021-09-24 07:00:00,15.08,42.84,22.84,35.79,51.35,13.68,45.56,19.11,59.31,84.66,13.89,16.12,47.3,62.33,38.1,34.98,10.46,29.6,35.86,54.73,28.9,11.08,13.0,120.26,64.53,15.67,78.66,49.65,44.68,41.57,9.6,35.82,62.53,16.31,11.86,19.45,25.56,27.2,24.33,11.37,14.57,43.48,78.02,15.22,43.75,125.2,71.82,21.93,,28.95,24.8
2021-09-27 07:00:00,15.2,43.27,23.01,35.59,50.83,13.6,45.76,19.11,59.81,82.42,13.65,15.86,47.46,62.13,37.72,34.52,10.58,29.77,35.47,54.92,28.73,11.08,13.07,118.61,62.12,15.64,78.59,49.95,44.68,42.16,9.69,35.13,62.61,15.87,12.07,19.51,25.35,27.1,24.14,11.27,14.43,43.44,77.34,15.12,43.75,129.7,71.82,22.25,,28.75,24.78
2021-09-28 07:00:00,14.9,42.33,23.15,35.33,50.92,13.56,44.63,18.61,58.92,80.02,13.26,15.5,47.2,64.15,37.23,33.18,10.44,30.17,35.4,54.36,28.59,10.79,12.66,116.29,61.16,15.75,78.36,49.89,45.29,41.93,9.6,34.33,61.9,15.26,11.6,19.37,24.72,26.6,23.55,11.34,14.09,43.26,77.15,14.55,43.5,129.3,70.65,21.83,,28.6,24.47
2021-09-29 07:00:00,14.87,43.03,22.98,35.26,51.0,13.91,45.69,18.58,58.53,79.22,14.03,15.44,47.41,66.09,37.19,33.69,10.46,30.69,35.63,54.27,28.52,10.66,12.71,116.54,61.88,16.3,78.36,49.95,46.08,42.07,10.09,34.87,61.47,15.4,11.47,19.37,24.5,26.55,23.5,11.06,14.36,43.35,76.66,14.38,43.45,129.1,70.8,21.7,,28.55,24.42
2021-09-30 07:00:00,14.82,42.33,22.95,35.59,51.44,13.95,45.49,18.49,58.92,80.74,14.78,15.6,47.66,65.29,38.1,33.6,10.4,30.75,36.16,54.27,28.59,10.62,12.69,119.35,62.12,16.26,77.9,50.14,45.99,44.5,10.14,34.76,61.36,15.62,11.68,19.42,24.6,26.15,23.81,11.09,14.48,42.96,77.15,14.34,44.7,128.8,71.27,21.67,,29.1,24.64
2021-10-01 07:00:00,14.8,42.56,22.64,35.13,50.57,14.57,45.22,18.31,62.37,79.94,15.43,15.37,47.25,69.65,37.91,33.55,10.38,30.75,36.24,54.45,28.39,10.49,12.6,118.19,61.54,16.11,77.9,51.55,45.91,44.86,10.22,35.29,61.16,15.76,11.64,19.4,24.41,25.65,23.53,11.12,14.78,42.78,76.08,13.98,44.2,129.0,71.04,21.41,,29.1,24.57
2021-10-04 07:00:00,14.73,42.33,22.72,35.19,52.39,14.8,46.35,17.8,63.38,79.86,15.41,14.72,48.32,74.35,38.18,34.56,10.15,32.01,37.43,54.27,28.29,10.37,12.39,118.19,60.77,17.08,77.9,52.41,47.57,45.09,10.68,37.21,62.14,15.51,12.2,19.4,23.63,24.8,23.12,11.06,14.85,42.04,75.98,13.73,44.0,132.0,71.59,20.82,,28.6,24.55
2021-10-05 07:00:00,14.78,42.14,22.69,34.73,52.21,14.53,47.81,17.71,60.7,80.02,15.33,14.79,48.72,73.82,37.42,34.88,10.03,32.01,37.31,54.17,28.35,10.28,12.35,118.11,61.06,17.27,80.57,52.41,47.84,44.19,10.68,37.37,62.88,15.4,12.55,19.42,24.6,25.75,23.24,10.96,14.74,41.87,77.34,13.55,44.4,131.7,70.96,20.53,,28.6,24.5
2021-10-06 07:00:00,14.85,41.95,22.95,34.73,53.16,14.88,47.68,17.86,59.27,79.94,15.23,14.75,48.06,76.3,36.96,35.3,10.09,32.23,37.35,53.8,28.9,10.4,12.42,117.78,62.6,17.16,80.8,51.79,47.84,44.37,10.84,38.22,62.53,15.51,,19.56,24.63,25.8,23.86,10.96,14.93,41.65,78.22,13.69,44.5,130.8,70.8,20.43,,29.4,24.53
2021-10-07 07:00:00,14.78,42.98,22.66,35.26,54.03,15.03,47.34,17.77,59.66,80.02,15.81,14.56,48.22,75.9,37.84,35.53,9.95,32.46,37.16,53.99,29.0,10.35,12.57,118.19,61.79,17.47,80.8,52.59,47.84,44.64,10.63,38.49,62.33,15.73,,20.32,24.75,25.75,24.0,10.96,14.69,42.17,78.51,13.67,44.75,130.0,70.25,21.07,,29.55,24.65
2021-10-08 07:00:00,14.8,42.42,22.61,35.46,54.29,14.96,47.34,17.77,59.73,79.94,15.29,14.69,50.5,76.5,39.47,35.39,9.93,32.18,37.01,53.89,29.89,10.3,12.53,120.67,62.36,17.47,79.81,53.33,47.66,44.86,10.51,38.33,63.82,15.8,,20.8,24.9,26.0,24.04,10.81,14.78,42.26,78.51,13.63,44.75,129.0,70.72,21.13,,29.45,24.9
2021-10-11 07:00:00,15.29,42.28,22.95,35.26,53.6,14.96,46.88,18.58,59.15,79.62,15.02,15.14,50.4,75.9,39.24,35.25,10.48,32.81,37.31,53.89,29.89,10.57,12.98,122.74,62.46,17.23,79.88,54.43,48.54,45.99,10.43,37.69,64.48,16.31,13.11,20.78,25.32,26.6,25.04,10.62,14.92,42.87,78.7,14.04,46.0,132.5,71.04,21.6,,30.5,25.4
2021-10-12 07:00:00,15.43,42.33,23.38,35.19,53.94,14.92,46.62,18.88,62.02,79.22,15.33,15.4,50.35,76.91,38.71,35.16,10.5,32.98,37.04,53.99,29.99,10.76,13.14,122.74,63.95,17.23,79.2,54.55,48.63,45.99,10.51,38.86,64.44,16.24,13.18,20.56,25.47,26.8,25.23,10.75,14.99,42.83,79.29,14.36,46.5,132.8,71.75,21.71,,31.0,25.5
2021-10-13 07:00:00,15.43,43.92,23.21,35.46,53.51,14.92,46.48,18.76,63.73,79.94,16.02,15.21,51.52,75.56,38.94,35.26,10.64,32.86,37.39,53.99,29.89,10.64,13.12,121.5,64.63,17.47,79.2,55.66,48.36,46.04,10.59,39.28,64.44,16.05,13.13,21.45,25.23,26.75,25.13,10.75,14.81,42.7,78.7,14.28,46.9,134.1,71.75,21.65,,30.9,25.53
2021-10-14 07:00:00,15.34,43.55,22.92,35.39,52.47,15.5,46.75,18.52,63.49,79.62,17.01,15.44,50.76,76.91,39.47,36.29,10.64,32.86,37.39,53.99,30.3,10.62,12.98,119.02,64.92,17.47,78.66,57.0,47.66,45.99,10.43,39.12,64.44,16.2,12.9,21.36,25.14,26.7,25.04,10.71,14.76,42.35,77.73,14.55,46.6,134.4,71.12,21.68,,30.9,25.44
2021-10-15 07:00:00,15.27,43.17,22.86,35.39,52.3,15.65,46.35,18.55,62.02,79.22,17.33,15.47,50.81,75.9,39.24,36.48,10.6,33.04,38.54,53.99,30.13,10.86,12.96,118.52,64.39,17.31,78.36,57.13,47.66,45.72,10.43,38.97,63.7,16.02,12.55,21.42,25.02,27.2,24.99,10.68,15.12,42.39,77.24,14.51,46.5,134.5,71.27,22.07,,30.85,25.48
2021-10-18 07:00:00,15.29,42.56,22.98,35.39,52.56,15.34,46.02,18.49,62.02,78.42,17.19,15.27,50.76,80.0,39.85,36.29,10.54,33.44,39.3,53.99,30.57,10.81,12.96,119.1,64.0,17.39,78.05,58.23,48.19,45.54,10.34,40.03,63.31,15.69,12.12,21.48,25.14,27.2,25.32,10.62,15.33,42.26,77.24,14.51,46.45,131.6,70.8,22.89,,31.2,25.85
2021-10-19 07:00:00,15.2,42.23,23.27,35.33,53.34,14.96,45.29,18.31,59.77,78.1,17.53,15.4,50.5,78.92,39.62,35.35,10.54,33.21,38.23,53.89,30.91,10.49,12.84,118.77,63.09,17.78,79.43,57.74,48.36,44.82,10.34,40.19,62.57,15.54,12.33,21.3,25.2,26.95,25.04,10.43,15.31,42.04,77.54,14.41,46.35,135.2,71.12,22.68,,30.8,25.79
2021-10-20 07:00:00,15.32,43.27,23.07,35.39,53.42,15.23,45.89,18.22,62.02,78.98,18.34,15.44,50.5,77.51,39.24,35.35,10.48,32.92,37.96,53.99,30.64,10.35,12.84,118.52,63.09,18.01,79.27,60.07,48.19,45.04,10.26,40.14,62.65,15.58,12.29,21.28,24.75,26.75,25.46,10.47,15.4,42.13,77.34,14.55,46.25,136.5,71.2,22.77,,31.1,25.77
2021-10-21 07:00:00,15.15,42.75,22.89,36.92,52.65,15.11,45.69,18.04,63.57,79.62,18.74,15.27,49.99,77.51,38.41,35.35,10.32,33.32,38.23,53.99,31.05,10.42,12.84,118.28,62.6,18.17,78.36,60.01,47.75,45.54,10.18,39.92,61.94,15.44,12.25,21.33,24.44,26.6,25.51,10.4,15.38,41.82,76.66,14.67,46.3,135.9,70.8,22.59,,31.05,25.77
2021-10-22 07:00:00,14.99,43.46,22.78,36.99,52.56,15.5,46.68,17.92,62.99,79.62,18.95,15.24,49.44,76.5,38.1,35.96,10.23,33.09,38.04,53.99,31.15,10.28,12.69,116.95,61.83,18.05,79.35,61.11,47.31,44.64,10.1,40.62,61.16,15.54,12.07,21.19,24.14,26.4,25.04,10.78,15.23,41.39,76.66,14.65,45.9,132.8,71.12,22.24,,31.0,25.5
2021-10-25 07:00:00,14.87,45.62,22.72,36.85,55.76,16.04,47.28,18.07,63.34,78.98,18.42,15.21,48.83,77.38,38.94,37.64,10.15,32.46,37.54,53.71,32.52,10.18,12.62,118.19,62.51,18.4,80.11,61.05,48.1,45.31,10.26,40.93,61.75,15.4,11.94,20.99,23.63,26.25,24.61,10.71,15.02,41.78,77.44,14.51,46.25,133.5,71.2,21.77,,30.75,25.49
2021-10-26 07:00:00,14.66,45.34,22.61,38.12,57.49,16.58,47.08,18.16,61.24,79.22,18.48,15.14,49.18,77.31,38.71,37.04,10.07,32.23,36.62,53.61,31.8,10.4,12.6,116.95,61.64,18.24,79.96,59.95,48.98,45.04,10.26,40.46,61.71,15.58,11.88,20.93,23.48,25.75,24.09,10.56,14.73,41.21,77.05,14.47,46.1,132.6,70.88,21.74,,30.6,25.38
2021-10-27 07:00:00,14.92,47.78,22.92,37.92,56.71,17.44,47.74,18.7,61.01,79.7,18.72,15.27,49.84,81.74,39.09,38.16,10.4,33.15,36.93,53.89,32.79,10.28,12.8,122.24,64.0,18.2,79.81,59.58,48.54,45.99,10.34,40.62,62.49,15.8,11.88,20.93,24.47,26.65,24.47,10.65,15.05,42.04,78.9,14.61,47.5,135.0,71.2,22.39,,31.2,25.47
2021-10-28 07:00:00,14.94,50.23,23.07,39.78,57.14,17.36,47.74,18.82,61.24,81.86,19.53,15.53,49.94,86.24,40.0,38.25,10.44,33.32,37.24,53.89,34.19,10.35,12.91,126.05,63.81,18.44,84.01,59.58,48.54,46.44,10.72,40.93,64.4,16.13,11.92,21.62,25.02,26.7,24.61,10.93,15.4,42.65,79.19,14.75,47.7,134.4,71.9,22.65,,31.5,26.0
2021-10-29 07:00:00,15.48,50.32,23.93,39.84,57.05,17.71,48.14,19.02,59.5,84.02,19.7,15.5,49.74,85.64,40.38,38.25,10.42,33.27,37.08,53.99,34.8,10.45,12.89,125.63,63.52,18.48,85.54,59.15,48.36,47.3,10.68,40.93,64.33,16.27,12.1,21.62,24.78,26.7,24.56,11.18,15.56,42.87,83.07,14.63,48.25,134.0,71.51,22.89,,31.2,25.89
2021-11-01 07:00:00,15.43,49.94,24.16,41.44,56.88,18.17,48.87,19.42,61.01,83.94,20.22,15.31,49.44,85.3,40.15,37.41,10.4,32.69,36.47,55.85,34.19,10.57,12.94,124.06,63.47,18.44,84.7,59.09,48.1,47.16,11.01,39.76,63.7,16.49,12.33,21.3,25.26,27.05,24.8,11.74,15.52,42.78,84.43,14.59,48.0,131.9,71.75,22.51,,31.4,25.78
2021-11-02 07:00:00,15.55,51.73,24.39,40.17,56.02,18.79,48.67,19.54,61.05,84.02,20.18,16.18,49.23,82.55,39.7,39.37,10.44,32.29,35.97,55.76,34.87,10.45,12.84,122.9,62.56,18.24,83.25,59.15,48.1,47.34,10.84,38.86,64.68,16.64,12.51,21.3,25.68,26.8,24.47,12.08,15.3,42.7,82.78,14.73,48.0,132.0,70.72,22.12,,31.2,25.69
2021-11-03 07:00:00,16.0,51.73,25.3,40.51,56.54,19.22,47.94,19.92,60.55,84.02,19.53,17.06,49.08,82.55,39.85,40.5,11.15,32.23,35.4,55.66,34.8,11.1,13.3,122.33,62.6,18.24,82.56,58.78,48.01,47.25,10.72,38.86,67.53,17.25,12.55,21.96,25.9,28.45,25.6,11.89,15.45,43.04,83.07,15.34,47.9,132.0,70.33,22.89,,32.5,25.8
2021-11-04 07:00:00,15.97,49.85,25.39,41.44,55.93,18.13,47.41,19.89,60.86,82.34,18.99,16.83,49.13,81.94,39.09,38.25,11.17,32.58,35.4,55.66,33.1,11.56,13.23,123.57,62.89,17.7,81.18,57.74,46.96,47.34,10.59,38.43,67.45,16.71,13.2,21.85,26.53,28.15,25.6,11.46,15.31,43.04,81.13,15.36,47.75,129.8,69.7,22.62,,31.95,25.8
2021-11-05 07:00:00,15.86,50.98,25.48,41.83,55.76,18.44,48.07,19.65,64.73,82.18,19.9,16.83,49.64,83.02,39.01,38.07,11.05,32.64,36.01,55.57,33.2,11.37,13.05,123.9,64.05,17.97,80.8,58.23,48.28,48.7,10.92,38.06,67.22,17.03,13.63,21.5,26.23,27.75,25.27,11.55,15.28,43.13,80.45,15.12,47.5,130.3,70.25,22.56,,31.9,25.96
2021-11-08 07:00:00,15.79,53.61,25.48,43.1,56.38,19.53,48.54,19.74,65.63,82.42,21.09,16.57,49.99,83.22,40.08,38.81,11.09,32.64,35.86,55.38,33.03,11.56,12.98,126.13,64.05,18.09,80.8,58.72,48.71,49.1,11.05,38.43,67.96,18.05,13.52,21.68,27.16,28.0,25.18,11.96,15.24,42.87,80.65,15.34,47.75,132.0,71.59,22.42,,31.2,25.95
2021-11-09 07:00:00,15.86,53.61,25.33,41.83,58.04,19.68,48.8,19.98,63.73,81.7,20.73,16.67,49.54,83.29,41.67,38.53,11.38,32.98,35.63,55.1,33.51,11.64,13.05,126.38,63.57,18.36,80.11,57.37,48.1,48.83,10.88,39.07,68.0,18.6,13.29,21.53,27.07,28.8,25.18,11.89,15.23,42.96,82.1,15.06,47.7,131.9,71.59,22.12,,30.85,25.93
2021-11-10 07:00:00,15.74,52.96,24.96,42.17,57.08,20.27,49.06,19.83,61.21,81.54,21.45,17.06,49.23,82.41,41.67,39.09,11.54,32.41,34.98,55.01,33.23,11.51,12.98,123.81,63.33,19.02,79.88,56.7,51.17,48.06,11.01,38.38,68.0,19.07,12.81,21.5,27.62,28.75,24.9,11.99,15.23,42.78,81.13,14.99,47.6,131.0,70.8,21.83,,31.05,25.73
2021-11-11 07:00:00,15.74,52.67,24.96,42.03,56.55,21.54,49.33,19.48,60.35,81.62,21.6,17.35,49.74,81.94,41.37,40.03,11.46,31.66,34.02,54.92,34.32,11.27,12.89,124.81,65.49,19.02,82.41,57.43,53.1,49.69,10.97,38.33,68.35,18.89,13.42,21.28,27.5,28.6,24.75,12.7,15.26,43.26,80.45,14.95,47.5,129.4,71.04,21.74,,31.0,25.73
2021-11-12 07:00:00,15.65,52.67,24.84,41.5,55.59,23.02,49.53,19.6,60.28,81.3,21.13,18.33,49.84,81.21,40.45,39.56,11.48,31.38,34.52,54.92,34.26,11.2,12.87,124.06,65.49,18.86,81.72,56.94,52.66,49.6,10.88,38.86,67.96,19.14,13.0,21.28,27.32,28.45,24.9,13.57,15.16,42.83,79.67,15.08,47.4,128.9,70.8,21.71,,30.4,25.89
2021-11-15 07:00:00,15.76,52.3,24.96,41.9,56.46,24.45,48.8,19.86,60.28,83.62,21.37,19.04,49.99,80.53,40.83,38.95,12.01,31.26,34.29,54.92,34.12,11.37,13.07,127.28,67.37,19.02,81.56,56.39,54.24,50.5,11.46,39.39,67.61,19.65,12.89,21.39,28.28,28.4,25.04,14.5,15.3,43.13,82.01,15.34,47.55,128.6,70.41,21.51,,30.55,25.8
2021-11-16 07:00:00,15.67,55.02,24.73,40.84,58.04,23.71,48.01,19.62,61.63,82.42,21.33,18.65,50.5,80.74,42.5,37.83,11.91,30.69,34.02,54.73,33.51,11.51,13.05,128.19,66.94,19.25,79.88,55.84,53.01,49.82,11.88,38.33,66.83,18.96,12.81,21.33,27.71,28.8,24.99,15.15,15.3,42.91,81.91,15.26,47.55,127.9,70.17,21.71,,30.6,25.8
2021-11-17 07:00:00,15.72,55.5,25.13,40.17,57.43,22.86,50.66,19.48,63.38,82.74,20.89,18.33,49.94,79.73,41.9,38.25,11.42,30.12,33.48,54.73,33.1,11.34,12.94,125.63,66.46,18.9,79.5,56.08,54.51,48.78,11.88,38.33,66.71,18.56,12.67,21.13,27.95,28.3,24.75,14.81,15.23,42.74,81.62,15.14,48.5,128.0,70.41,21.42,,30.5,25.57
2021-11-18 07:00:00,15.72,57.38,25.76,40.31,56.73,24.1,50.92,19.48,65.9,81.7,20.38,18.13,50.1,78.59,41.29,38.02,11.82,29.43,32.49,54.45,33.03,11.17,12.94,125.63,68.14,18.75,79.12,55.47,54.77,49.15,12.37,38.17,66.79,19.47,12.67,21.08,29.64,28.15,24.66,15.81,14.99,42.83,81.52,15.08,49.25,128.0,69.78,21.24,,31.2,25.6
2021-11-19 07:00:00,15.9,55.96,26.42,40.31,56.29,25.5,49.93,19.89,67.25,80.9,19.74,18.3,49.64,76.57,40.3,37.5,12.31,28.46,30.57,55.76,32.62,11.37,13.05,123.9,67.9,18.59,78.66,56.64,54.24,48.24,12.25,37.58,66.12,19.98,12.67,20.96,30.7,28.45,25.23,16.8,15.4,42.65,80.74,15.54,48.0,127.9,69.47,21.6,,31.4,25.53
2021-11-22 07:00:00,16.33,53.8,26.51,40.04,53.92,23.4,48.07,20.88,66.63,79.94,18.79,18.82,48.72,71.4,37.72,35.26,13.17,28.17,29.96,57.52,31.73,11.71,13.3,123.9,67.61,17.39,78.43,56.64,51.7,47.3,11.54,35.72,66.36,18.85,13.18,21.73,30.16,29.5,25.89,15.93,16.09,43.09,79.19,16.4,47.5,128.4,67.97,22.09,,30.6,25.65
2021-11-23 07:00:00,16.09,51.73,26.11,39.84,54.71,21.78,46.68,20.64,64.73,81.06,19.51,18.13,49.03,70.86,38.71,35.07,13.17,28.51,30.15,56.22,31.05,11.56,13.25,129.6,69.35,17.35,81.11,56.02,50.03,47.66,11.42,35.51,66.36,18.23,13.1,21.42,31.42,28.95,25.27,15.19,16.85,43.17,80.16,16.6,47.5,132.1,68.13,21.77,,30.5,25.63
2021-11-24 07:00:00,16.63,51.83,26.45,39.84,55.06,21.7,48.14,21.21,65.86,81.22,19.63,19.11,49.94,71.8,39.01,35.49,13.84,28.46,30.0,55.85,32.0,11.9,13.93,132.0,69.35,17.54,82.48,56.08,51.17,47.79,11.59,36.2,66.05,18.52,13.37,22.59,32.87,30.45,26.31,14.91,17.25,46.01,81.33,17.62,47.6,132.4,68.76,22.07,,31.4,26.2
2021-11-25 07:00:00,16.68,52.2,26.62,40.17,56.46,22.01,50.12,21.45,65.24,80.66,19.7,19.6,51.67,70.59,38.94,36.01,13.66,28.26,30.15,56.78,32.28,12.19,14.17,131.42,69.83,17.7,83.86,57.74,51.79,48.24,11.75,35.77,65.66,18.45,13.58,23.56,33.54,31.25,26.45,14.94,17.13,47.05,82.59,17.97,47.4,132.8,69.31,22.59,,31.7,26.47
2021-11-26 07:00:00,16.56,52.39,26.51,40.24,55.68,22.4,49.66,21.24,64.93,80.02,20.18,19.47,51.16,69.85,38.71,35.54,13.54,28.6,31.03,58.92,32.0,11.93,14.04,130.18,70.07,17.7,86.22,59.15,51.35,47.34,11.59,36.04,64.72,18.38,13.58,23.42,33.48,31.45,26.22,15.71,17.03,47.14,82.49,18.21,50.0,131.8,69.78,23.18,,31.4,26.64
2021-11-29 07:00:00,16.09,50.79,25.82,39.71,55.06,22.9,49.66,20.79,62.49,83.94,19.74,18.82,50.2,67.91,38.25,34.6,13.23,28.0,30.26,57.71,31.6,11.47,13.5,128.94,67.76,17.47,84.54,58.23,48.63,45.76,11.3,36.99,62.53,17.65,13.21,23.05,33.48,30.6,25.23,14.88,16.61,45.7,82.39,17.54,52.65,128.9,69.07,22.83,,30.7,26.25
2021-11-30 07:00:00,16.19,51.64,26.19,39.91,55.06,24.18,52.97,21.03,64.35,85.54,20.3,18.85,49.99,68.31,38.86,36.8,13.17,28.6,30.91,55.85,31.94,11.37,13.61,127.2,67.37,17.66,85.46,58.17,49.77,45.22,11.5,38.17,62.53,18.34,13.13,22.88,34.87,30.3,25.08,15.47,16.58,45.31,83.07,17.56,53.45,123.7,69.78,22.83,,30.4,26.25
2021-12-01 07:00:00,15.72,52.02,25.65,40.17,53.92,23.71,54.56,20.37,64.27,82.42,20.89,18.2,50.04,66.83,37.95,36.48,13.05,28.34,30.72,53.99,31.73,11.08,13.3,125.63,67.42,17.39,87.83,57.37,48.36,44.86,11.71,38.06,61.75,18.34,12.73,22.71,33.96,29.9,24.75,15.84,16.7,44.22,82.1,16.91,53.65,122.0,69.62,22.24,,30.4,26.2
2021-12-02 07:00:00,15.76,51.26,26.05,39.51,53.92,23.09,53.1,20.82,64.15,87.3,21.09,18.52,49.89,66.83,38.1,37.22,13.25,28.2,30.49,53.52,32.0,11.13,13.39,126.79,66.84,17.89,89.2,58.17,49.07,44.59,12.12,37.21,62.53,18.6,12.73,22.65,33.72,30.05,24.85,15.4,17.27,43.92,81.03,17.35,54.25,120.9,69.15,22.27,,29.9,26.22
2021-12-03 07:00:00,15.74,50.42,25.53,38.98,53.57,22.47,52.64,20.49,63.69,93.38,19.98,18.33,49.64,66.56,38.25,36.48,13.15,28.14,30.3,53.06,31.97,11.03,13.25,128.52,65.97,17.62,88.97,58.72,48.71,44.23,11.88,37.1,62.14,18.23,12.65,22.68,32.87,29.55,24.66,15.06,16.96,43.92,80.74,17.46,54.8,120.8,69.15,22.04,,29.9,26.18
2021-12-06 07:00:00,15.39,47.5,24.67,38.38,51.2,21.31,52.24,19.98,61.63,95.14,18.91,17.55,48.98,65.15,37.57,34.79,12.72,27.45,28.96,53.24,31.49,10.52,12.87,126.46,64.29,17.16,86.61,59.76,47.22,43.15,11.83,36.41,61.28,17.43,12.35,21.99,31.6,28.4,24.09,14.01,16.54,43.57,78.8,16.83,54.5,120.5,68.05,21.16,,28.65,25.52
2021-12-07 07:00:00,15.46,47.88,25.1,38.18,51.29,20.46,51.45,19.71,63.96,98.42,18.72,16.9,48.72,64.82,36.66,34.6,12.42,27.25,27.93,52.87,30.98,10.2,12.71,126.05,64.29,17.47,86.22,59.95,46.96,42.29,12.29,35.93,60.38,17.07,12.03,22.53,31.73,28.1,23.76,13.38,16.78,43.31,79.48,16.32,53.75,123.0,67.97,21.16,,29.95,25.98
2021-12-08 07:00:00,15.67,48.72,25.42,38.85,51.38,20.77,54.3,19.92,66.67,99.86,19.19,17.52,48.98,66.7,37.19,35.82,12.72,27.43,28.19,52.59,31.36,10.45,12.94,125.63,65.01,17.54,87.06,60.62,48.1,44.41,12.99,36.2,60.03,17.29,12.25,22.59,31.97,28.8,24.0,13.38,17.68,43.31,79.48,16.89,53.5,123.0,67.97,21.36,,30.6,25.98
2021-12-09 07:00:00,15.62,50.42,25.33,38.98,50.94,20.81,57.74,20.22,68.11,105.54,19.39,18.07,49.23,67.17,37.19,35.31,12.6,27.08,27.62,52.96,32.86,10.37,12.89,127.28,65.01,18.63,88.44,60.56,47.75,45.37,12.91,35.93,60.26,17.29,12.3,22.65,32.51,28.9,23.81,13.85,18.0,43.31,79.48,16.72,53.75,123.5,68.44,21.1,,30.5,25.75
2021-12-10 07:00:00,15.76,52.69,25.93,39.11,51.99,21.85,59.59,20.49,70.55,101.62,20.38,17.81,49.23,66.09,37.27,35.54,12.8,27.02,27.39,53.06,33.23,10.59,12.94,127.28,64.96,19.02,88.36,61.17,47.31,44.51,13.53,36.68,60.18,17.29,12.38,22.71,32.51,29.05,24.04,14.01,18.52,44.79,79.29,17.13,53.6,125.0,68.37,21.24,,30.55,25.8
2021-12-13 07:00:00,15.86,52.69,26.28,39.11,52.34,23.17,61.78,20.43,70.55,106.58,20.34,17.65,48.98,66.7,37.31,36.38,12.66,27.0,27.12,52.4,34.12,10.74,12.84,130.1,64.96,19.41,87.06,60.93,47.57,44.78,13.7,37.16,59.91,17.36,12.3,22.82,32.63,29.0,23.81,14.6,18.13,44.44,81.13,17.11,52.25,126.0,68.21,21.19,,30.55,26.22
2021-12-14 07:00:00,15.72,55.91,26.22,39.98,51.73,24.76,59.59,20.29,69.39,114.02,20.61,17.55,48.93,66.43,37.19,36.52,12.44,28.11,28.81,52.4,33.98,11.08,12.89,130.18,65.49,20.18,87.14,60.37,48.1,44.64,14.03,37.42,60.18,17.65,12.17,22.71,32.57,28.8,24.0,15.34,17.75,43.78,80.65,17.11,51.55,126.0,68.29,21.01,,30.45,25.98
2021-12-15 07:00:00,15.74,59.7,26.11,40.51,51.38,26.47,61.84,20.07,67.8,112.02,20.5,17.48,48.88,65.96,38.63,36.33,12.58,27.83,29.5,52.31,33.44,11.08,12.91,133.24,65.49,20.42,87.83,57.62,48.89,43.96,13.9,36.68,59.79,17.98,12.06,22.73,32.09,28.9,24.0,15.4,18.24,43.87,80.55,17.27,51.35,124.3,68.13,20.6,,30.4,25.82
2021-12-16 07:00:00,15.74,63.87,25.82,39.98,51.73,26.23,60.92,20.07,68.22,112.02,20.34,17.48,49.49,67.23,38.48,35.91,12.44,27.54,29.0,52.12,33.3,11.05,12.98,133.99,65.49,20.65,89.35,60.07,48.36,43.96,14.23,36.04,59.68,17.87,12.08,22.68,31.42,28.7,23.86,15.81,18.24,43.92,80.45,17.66,50.75,124.0,68.05,20.54,,30.55,25.67
2021-12-17 07:00:00,15.62,66.24,26.11,40.17,51.29,28.05,61.25,20.38,67.37,104.82,20.14,17.0,49.23,67.17,37.68,36.48,12.31,27.23,28.42,52.03,34.53,10.76,12.8,133.74,65.01,20.73,89.13,60.62,48.36,43.42,14.9,36.14,59.13,18.05,11.92,22.68,31.97,28.7,23.67,16.12,17.82,43.57,83.56,17.54,51.35,123.6,68.13,20.19,,31.55,25.53
2021-12-20 07:00:00,15.62,65.39,25.79,41.44,50.94,29.84,60.59,20.26,66.79,104.74,20.26,17.29,48.98,65.82,37.42,35.77,12.23,27.11,28.04,52.03,34.46,10.64,12.73,134.81,64.82,21.12,88.21,59.46,47.57,43.46,15.1,36.09,58.66,17.72,11.95,22.59,32.94,28.7,23.62,15.9,18.69,43.35,82.78,17.9,51.0,122.5,67.82,20.51,,31.4,25.53
2021-12-21 07:00:00,15.46,66.05,25.62,42.43,50.5,31.89,59.59,20.07,65.24,104.82,21.33,17.45,48.67,65.09,36.66,35.82,12.15,26.88,27.31,51.66,34.6,10.49,12.71,137.96,64.05,21.19,89.35,58.97,46.87,43.01,16.14,36.73,58.5,17.22,11.76,22.48,32.45,28.8,23.48,16.4,18.5,43.48,84.34,17.9,50.4,122.5,67.58,20.25,,31.85,25.5
2021-12-22 07:00:00,15.46,65.39,25.39,41.3,50.5,34.1,61.58,19.8,63.96,104.42,21.88,17.97,48.42,64.88,36.89,37.36,12.11,26.62,27.12,51.57,36.3,10.47,12.64,141.52,65.97,21.7,90.04,59.27,47.22,43.46,16.14,37.47,58.23,17.65,11.58,22.45,31.91,28.6,23.38,17.52,18.45,43.76,85.02,17.38,50.05,123.0,67.74,20.19,,31.9,25.52
2021-12-23 07:00:00,15.32,66.34,25.32,40.24,49.71,32.55,63.57,19.77,63.49,104.02,22.43,18.98,48.22,65.62,36.28,37.22,11.56,25.82,26.89,51.19,36.24,10.28,12.55,144.83,65.4,21.0,89.74,58.41,47.22,43.33,16.01,37.26,57.68,18.12,11.2,22.33,30.76,27.8,23.08,17.95,18.03,44.38,83.66,16.83,50.0,123.9,67.11,19.89,,31.8,25.4
2021-12-24 07:00:00,15.55,63.49,25.68,38.85,49.28,31.77,65.22,20.26,62.02,99.14,22.36,20.28,47.96,65.15,35.52,37.64,11.7,26.71,27.93,51.1,35.76,10.59,12.69,144.83,64.82,20.57,89.8,58.47,47.31,43.01,15.19,39.07,58.15,18.52,11.5,23.65,30.18,28.25,23.22,17.95,18.34,44.16,80.94,17.31,48.45,124.5,67.58,20.16,,31.5,25.35
2021-12-27 07:00:00,15.62,63.02,25.75,39.78,49.63,32.32,66.88,20.53,62.95,94.5,21.96,21.68,48.22,65.02,35.07,36.66,12.05,26.68,27.58,51.1,36.3,10.76,12.8,144.83,65.2,20.8,89.9,58.23,47.49,43.56,15.27,38.86,59.01,18.6,11.95,25.16,30.18,28.45,23.34,18.35,19.44,45.17,81.13,17.31,49.5,125.0,67.89,20.36,,31.5,25.55
2021-12-28 07:00:00,15.83,63.02,25.75,39.84,49.19,34.56,69.59,21.02,63.38,96.66,21.21,23.17,48.17,66.16,35.14,36.48,12.54,26.74,27.77,50.82,36.65,10.59,12.8,144.66,65.4,21.27,89.4,58.23,48.01,43.87,15.89,39.07,58.43,18.52,11.63,25.68,29.94,30.05,23.31,18.88,19.72,45.56,81.81,17.31,49.65,125.9,67.74,20.28,,31.35,25.62
2021-12-29 07:00:00,16.04,63.02,25.79,39.84,49.01,36.97,72.77,21.15,63.11,94.18,21.33,24.37,48.12,66.36,35.07,35.45,12.8,26.51,28.62,50.73,37.4,10.98,13.0,144.08,65.49,21.27,87.8,57.98,47.57,43.56,15.48,38.27,57.96,18.31,11.68,25.74,30.46,30.8,23.45,18.29,19.83,44.89,81.13,17.7,49.0,125.4,67.27,20.66,,31.45,25.69
2021-12-30 07:00:00,15.95,61.6,25.9,39.64,48.75,38.67,71.38,21.12,62.02,92.02,20.14,22.75,47.86,66.09,36.13,35.03,12.7,26.51,28.62,50.64,36.58,10.96,12.96,143.01,65.2,20.49,87.2,57.86,48.1,42.65,15.14,37.79,58.23,19.32,11.58,25.85,31.91,31.05,23.5,18.14,19.34,44.94,80.06,17.7,48.2,126.0,67.27,20.86,,31.15,25.63
2021-12-31 07:00:00,16.21,60.84,27.35,39.78,49.28,37.2,74.69,21.42,62.37,94.02,20.18,22.49,47.91,65.42,35.9,34.98,13.01,26.71,29.0,50.45,35.76,11.17,13.23,142.01,65.44,20.88,91.0,58.66,47.92,44.24,14.81,37.63,62.18,19.58,11.92,26.25,32.03,32.3,23.86,17.7,19.79,44.55,79.97,18.6,48.15,128.3,68.76,21.24,,31.05,25.83
2022-01-04 07:00:00,16.33,62.55,27.56,40.84,50.33,38.44,75.15,21.46,62.8,92.42,20.18,22.42,47.81,68.44,36.17,35.49,12.95,27.02,29.42,50.45,37.12,11.13,13.25,141.52,67.03,21.31,90.5,58.66,49.5,43.78,15.48,37.53,61.55,19.14,12.19,26.25,32.27,32.85,24.19,17.98,20.21,44.66,82.98,18.9,50.75,128.3,68.68,21.33,,31.5,26.24
2022-01-05 07:00:00,16.11,65.2,27.49,39.84,50.42,41.07,71.91,21.61,62.13,92.42,20.42,22.68,47.81,70.79,36.39,36.19,12.74,27.11,29.19,50.26,39.24,10.98,13.14,141.52,67.08,21.35,89.1,58.23,50.12,43.83,16.51,38.33,62.41,19.8,12.11,26.08,32.57,32.8,24.19,18.2,19.97,45.23,83.46,19.21,51.1,125.9,68.37,21.21,,33.3,26.3
2022-01-06 07:00:00,15.95,66.9,28.14,39.11,49.71,43.94,75.09,21.21,61.9,98.42,20.06,22.42,47.71,70.46,36.13,36.8,12.66,26.74,28.19,49.98,38.97,10.71,12.89,133.24,66.84,20.77,90.0,57.56,49.77,43.51,16.39,37.63,62.22,19.0,12.03,25.28,32.03,33.9,23.81,18.26,20.09,44.94,83.56,19.04,53.2,124.4,67.66,20.83,,35.6,26.09
2022-01-07 07:00:00,15.93,71.55,28.62,39.05,49.89,44.87,76.81,21.15,60.92,98.42,19.39,22.42,47.56,73.41,37.0,36.85,12.58,26.45,27.77,50.08,38.9,10.83,13.0,132.0,66.22,20.8,88.6,58.17,49.77,42.92,16.84,37.47,61.24,19.25,12.03,25.05,31.73,32.95,23.67,18.26,19.81,44.94,83.95,18.49,53.2,124.1,67.27,20.63,,37.0,26.05
2022-01-10 07:00:00,15.67,76.48,29.23,39.64,48.92,47.74,76.08,20.66,59.64,91.46,18.79,21.97,47.46,72.21,36.55,36.66,12.48,26.71,27.89,50.26,38.42,10.93,12.96,129.02,65.25,20.42,88.0,57.56,49.94,42.56,17.21,37.26,61.0,20.34,12.0,24.19,31.42,32.95,23.43,18.91,19.6,44.94,84.92,18.21,52.75,123.9,67.91,20.6,,36.5,25.85
2022-01-11 07:00:00,15.5,71.26,28.94,38.58,48.22,44.64,74.49,20.69,56.67,86.26,17.92,22.03,46.8,70.19,35.67,35.54,12.23,26.37,27.54,50.08,37.46,10.62,12.84,127.45,64.77,19.95,85.0,57.31,48.54,42.87,16.06,36.25,60.57,19.9,11.6,23.13,30.58,33.3,23.19,18.07,19.39,45.0,83.27,18.09,51.0,123.8,67.11,20.42,,35.6,25.61
2022-01-12 07:00:00,15.74,75.81,30.57,38.85,47.96,40.84,74.16,21.0,58.51,84.9,17.61,21.97,45.98,73.15,35.33,34.6,12.72,26.48,27.2,50.17,36.85,10.81,13.16,122.32,65.49,20.03,84.5,56.82,49.15,42.69,15.89,35.61,60.53,18.96,11.87,23.45,30.52,34.7,23.81,17.64,20.09,45.0,82.01,18.6,50.75,123.2,66.95,20.8,,36.05,25.52
2022-01-13 07:00:00,16.07,76.57,32.71,39.78,49.01,38.01,75.09,22.22,58.31,84.18,18.2,22.98,47.05,74.56,34.46,35.07,13.25,27.08,28.19,49.89,37.33,11.13,13.9,121.49,65.73,20.18,84.0,56.7,48.71,43.56,15.43,36.04,60.61,18.89,12.25,24.14,30.88,36.2,24.47,16.74,20.56,47.48,81.91,19.08,50.5,123.0,66.87,21.27,,36.25,25.99
2022-01-14 07:00:00,15.69,73.82,32.71,39.52,48.22,35.38,73.5,21.98,57.18,84.82,17.09,22.23,46.75,71.53,33.4,33.95,12.64,26.82,27.96,49.7,36.92,10.74,13.59,120.0,65.01,19.06,83.5,56.39,48.28,42.78,14.73,35.66,60.21,17.72,12.03,23.85,29.88,35.45,23.81,16.23,19.88,46.91,80.45,18.29,49.8,122.3,67.99,20.77,,34.65,25.7
2022-01-17 07:00:00,15.79,73.44,34.09,39.65,48.14,32.94,72.77,22.56,56.95,84.82,16.42,22.07,46.34,73.68,33.24,33.58,12.84,26.62,27.24,49.8,36.51,10.98,13.86,120.66,64.48,18.94,83.0,56.76,49.59,42.65,14.65,35.45,61.32,17.65,12.06,24.46,29.55,35.6,23.86,16.16,19.72,49.5,80.16,18.37,49.6,122.0,67.91,20.6,,34.7,25.7
2022-01-18 07:00:00,15.5,67.28,32.97,38.64,46.64,30.65,67.28,21.88,52.26,84.02,16.58,21.42,45.48,72.54,31.57,30.86,12.19,25.91,26.05,49.61,34.8,10.54,13.68,125.71,63.57,17.7,80.1,54.67,47.75,42.42,13.57,34.55,60.53,16.27,11.71,23.88,27.25,34.5,23.36,14.82,18.8,49.28,77.73,17.66,48.5,124.5,66.71,19.89,,33.2,25.3
2022-01-19 07:00:00,15.62,68.9,33.22,38.64,45.94,28.52,66.88,21.58,53.9,84.02,17.21,21.35,45.27,73.15,32.26,30.49,12.15,25.51,25.74,49.52,35.42,10.45,13.88,125.38,64.53,17.47,80.0,56.39,47.92,42.47,13.32,34.44,60.17,16.16,11.39,23.63,27.32,34.4,23.34,14.39,18.83,49.22,76.08,17.54,47.95,126.3,66.71,19.92,,33.3,25.5
2022-01-20 07:00:00,15.55,71.83,33.88,39.45,46.21,30.15,70.19,21.76,57.65,83.54,17.21,21.45,46.19,72.94,32.18,30.77,12.01,25.31,25.74,51.19,35.83,10.47,13.75,124.96,64.53,18.01,80.2,56.39,47.84,42.87,14.15,35.08,60.8,16.42,11.02,24.13,27.92,33.9,23.34,14.99,18.85,49.22,77.34,17.5,48.15,126.3,66.55,19.92,,34.3,25.21
2022-01-21 07:00:00,15.95,72.59,35.4,39.52,46.38,28.36,73.5,22.41,59.25,82.42,17.21,21.77,45.58,73.08,32.33,31.19,12.23,25.45,25.55,51.01,35.55,10.83,14.56,126.12,64.53,17.97,80.2,55.9,48.45,43.33,14.19,35.08,60.13,16.45,11.39,24.13,27.56,35.25,24.0,15.49,19.16,50.63,77.24,18.09,48.0,123.7,66.55,20.39,,34.0,25.35
2022-01-24 07:00:00,16.37,72.12,35.18,39.31,46.03,29.06,72.7,22.38,57.73,82.34,16.64,22.16,44.92,73.21,31.95,30.4,12.15,24.73,24.71,50.26,34.87,10.79,14.87,124.3,64.14,17.93,80.0,55.29,48.98,44.6,13.66,35.03,58.71,15.98,11.34,24.19,26.77,34.95,24.28,15.02,18.92,52.59,76.76,18.07,48.0,122.0,66.07,20.16,,33.1,25.28
2022-01-25 07:00:00,16.44,72.97,35.54,39.04,45.42,25.57,73.5,22.71,56.24,79.22,16.42,22.68,44.41,73.55,32.68,29.32,12.25,24.79,23.67,50.17,34.32,11.17,14.74,126.62,63.09,17.85,79.8,55.96,47.84,44.24,13.7,34.33,58.79,15.84,11.44,24.56,25.92,34.8,24.61,14.35,18.69,54.0,78.7,18.01,48.85,121.3,64.71,20.48,,33.15,25.26
2022-01-26 07:00:00,16.87,75.81,36.23,40.06,46.73,25.42,74.1,23.45,57.34,79.94,16.74,23.01,44.16,75.9,33.28,29.79,12.84,25.45,24.29,50.26,34.8,11.95,15.28,127.78,63.52,18.13,79.7,55.72,50.21,45.82,13.94,34.81,57.4,16.13,11.9,24.77,26.23,36.5,25.18,14.42,18.95,53.89,78.9,18.88,48.25,121.3,64.32,21.33,,35.25,25.68
2022-01-27 07:00:00,16.61,75.72,35.18,40.67,47.87,22.09,70.85,23.11,54.41,80.82,17.08,22.98,44.0,77.18,32.75,29.37,12.84,24.91,24.13,50.26,34.87,12.63,15.03,121.24,63.71,17.43,80.0,54.49,50.91,46.05,13.57,35.88,58.94,16.13,12.25,24.22,26.89,35.95,24.9,13.68,18.92,53.16,79.48,18.88,48.25,121.8,66.63,21.51,,34.95,25.68
2022-01-28 07:00:00,16.42,75.24,35.54,41.82,47.96,22.32,68.2,22.96,54.22,82.42,17.0,24.54,45.43,75.9,32.83,29.18,12.76,24.51,23.71,50.26,34.67,12.15,15.41,121.82,63.81,17.47,79.9,55.66,50.47,47.18,14.03,36.73,59.3,15.98,12.03,24.16,27.22,36.2,25.04,13.41,19.76,51.75,78.9,19.23,48.5,122.7,67.27,21.54,,35.8,25.75
2022-02-07 07:00:00,16.49,75.81,35.25,42.43,49.1,23.21,66.88,22.96,55.78,83.22,17.36,24.5,45.73,77.91,34.91,30.12,13.01,25.02,24.59,50.73,34.8,12.39,15.55,122.9,65.35,18.24,82.0,56.39,52.66,49.0,14.86,37.16,61.36,16.56,12.41,24.19,28.34,36.3,25.41,13.99,19.9,52.26,80.65,19.08,48.75,130.4,67.11,21.83,,36.85,26.08
2022-02-08 07:00:00,16.89,77.71,35.11,42.16,49.01,22.47,63.57,22.71,58.47,82.02,18.09,23.66,46.59,77.58,36.05,31.14,12.97,26.08,26.13,51.01,34.67,12.34,15.39,122.23,65.88,18.32,80.0,55.96,52.05,48.59,15.02,37.05,61.28,16.78,12.43,24.13,27.86,36.2,25.65,13.95,19.81,51.98,80.16,18.88,46.15,132.7,66.71,22.24,,35.95,26.1
2022-02-09 07:00:00,16.87,78.18,35.47,42.02,49.54,21.89,65.16,22.78,57.92,81.14,18.19,23.14,46.54,76.3,36.81,31.24,13.25,27.65,27.93,50.73,36.51,12.34,15.39,122.9,66.22,18.59,79.8,56.27,53.45,47.59,15.02,37.42,61.28,16.92,12.94,24.0,27.98,36.7,25.93,14.29,19.79,51.69,81.62,19.27,44.35,135.0,66.87,22.3,,35.9,26.3
2022-02-10 07:00:00,16.8,77.52,35.47,41.35,49.1,22.59,64.69,22.65,56.98,83.14,18.41,23.4,46.7,75.77,36.74,31.52,12.9,27.43,28.81,50.26,36.51,12.39,15.41,123.81,66.07,18.75,79.1,56.02,53.28,47.05,15.56,37.1,62.15,16.96,12.86,23.73,27.74,35.25,25.6,14.52,19.53,52.54,79.48,18.92,43.0,134.8,66.55,21.86,,36.7,26.36
2022-02-11 07:00:00,17.05,76.57,35.18,41.14,48.66,21.89,63.7,22.9,57.73,83.06,19.27,23.27,46.9,75.77,36.96,32.27,12.9,27.2,28.73,51.19,36.17,12.73,15.39,125.38,65.49,18.59,78.5,55.29,53.45,48.32,15.48,36.68,63.18,16.82,12.67,23.66,27.59,35.35,25.41,14.12,20.07,51.53,78.22,19.0,41.8,132.9,65.99,21.83,,35.95,26.3
2022-02-14 07:00:00,16.7,75.62,34.53,40.67,48.49,21.39,62.84,22.41,56.91,80.98,19.27,23.92,46.49,79.26,37.72,31.8,12.56,27.2,29.11,51.19,36.1,12.61,15.23,125.46,65.01,18.63,78.4,55.1,54.33,47.68,15.19,36.36,66.47,16.71,12.46,23.45,27.01,35.0,25.13,13.95,20.02,49.95,77.24,18.66,42.0,140.0,65.51,21.39,,34.25,26.08
2022-02-15 07:00:00,16.19,78.18,33.59,39.99,48.14,21.39,63.57,21.61,55.62,81.62,19.23,24.37,46.54,80.33,37.27,31.42,12.11,26.65,28.19,51.1,36.58,12.05,14.83,132.83,64.48,18.51,79.6,55.47,53.01,48.05,15.02,36.41,67.46,16.34,12.19,23.11,27.01,33.9,24.61,14.02,19.18,49.67,78.6,18.37,41.9,140.0,65.11,21.24,,34.0,26.0
2022-02-16 07:00:00,16.28,78.37,33.44,40.67,50.33,22.63,63.3,21.73,56.32,82.26,19.71,24.57,46.95,77.85,37.76,31.8,12.17,26.62,27.93,51.1,36.92,12.02,14.9,132.41,64.63,18.9,79.9,55.59,51.87,48.36,15.39,38.49,67.42,16.78,12.22,23.05,27.25,34.1,24.66,14.89,19.2,49.44,78.22,18.17,41.95,139.5,64.95,21.36,,34.45,26.0
2022-02-17 07:00:00,16.16,80.55,33.37,40.67,50.68,23.99,64.3,21.58,58.39,81.54,19.92,23.72,47.1,79.73,38.94,32.13,12.13,26.77,28.5,51.01,37.46,12.05,14.96,134.9,64.77,18.9,79.0,56.39,53.28,48.95,15.68,38.59,68.17,17.0,12.22,22.99,27.28,34.25,24.8,14.82,19.23,49.33,78.51,18.41,41.75,141.6,64.87,21.3,,34.75,25.95
2022-02-18 07:00:00,16.07,81.4,33.4,41.69,50.85,24.18,63.24,21.46,59.05,87.22,19.96,23.53,46.95,79.73,39.54,31.71,12.07,27.28,28.88,51.01,37.4,11.9,14.9,136.55,64.53,18.79,78.8,56.88,53.01,49.41,15.56,39.28,67.26,16.74,12.06,22.34,27.68,33.8,24.56,15.09,19.25,49.22,78.02,18.64,41.4,149.0,64.56,21.13,,34.35,25.89
2022-02-21 07:00:00,16.14,79.32,32.97,43.11,50.42,25.85,64.23,21.39,59.68,92.82,20.16,23.4,47.71,78.59,39.85,32.45,12.09,27.2,28.88,51.01,37.4,11.66,14.83,135.23,64.96,19.37,78.6,56.02,53.28,48.55,15.48,39.18,67.3,16.89,12.03,22.34,28.04,33.55,24.42,15.66,19.11,49.28,78.22,18.43,41.9,148.6,65.19,21.21,,34.2,25.9
2022-02-22 07:00:00,16.28,77.71,33.37,43.72,50.06,26.74,64.23,21.3,59.87,94.18,19.69,23.33,47.36,79.59,39.77,32.31,12.09,26.68,27.93,50.82,36.99,11.61,15.5,132.25,67.03,18.94,78.5,55.72,55.74,51.27,15.1,38.33,66.86,16.67,11.98,22.25,27.62,33.7,24.42,15.13,19.39,48.94,77.24,18.41,41.65,144.3,64.71,21.07,,34.8,25.9
2022-02-23 07:00:00,16.47,79.79,34.02,44.46,50.77,27.71,65.22,21.58,63.19,97.06,20.56,23.2,47.66,80.94,40.45,33.11,12.19,27.02,28.27,51.19,37.33,11.71,15.73,132.0,67.71,19.02,78.1,55.9,56.53,51.5,15.39,39.92,67.46,17.18,12.06,22.4,27.56,33.95,24.66,15.02,20.18,48.94,78.02,18.82,41.25,149.0,64.32,21.21,,35.45,25.96
2022-02-24 07:00:00,16.23,78.84,33.04,44.4,52.08,27.51,66.55,21.3,63.19,93.46,21.98,22.88,47.46,82.28,40.08,32.55,12.05,26.82,28.42,51.1,36.92,11.51,15.68,134.9,66.31,18.55,77.4,55.23,57.84,51.18,15.23,39.98,67.46,17.22,11.92,22.37,27.8,33.7,24.52,14.92,19.81,48.83,77.24,18.56,41.2,148.2,63.92,21.83,,34.9,25.9
2022-02-25 07:00:00,16.3,80.55,33.08,44.53,52.69,26.74,65.55,21.06,65.68,92.02,22.88,22.88,47.41,82.08,40.0,32.27,12.05,26.54,27.81,50.82,36.71,11.42,15.73,133.24,67.32,18.01,76.5,55.35,55.91,49.91,15.02,40.19,67.3,16.85,11.87,22.31,28.13,33.55,24.23,14.76,19.97,48.32,77.05,18.74,40.45,148.1,63.52,22.77,,34.5,25.8
2022-02-28 07:00:00,16.11,78.66,32.32,43.92,52.17,26.16,66.08,20.78,64.36,91.06,23.36,23.07,47.46,80.33,38.86,32.08,11.97,27.37,29.38,50.54,36.65,11.27,15.68,132.33,66.46,18.17,76.6,53.82,55.74,49.32,14.9,40.56,67.26,16.6,11.71,22.31,28.16,33.35,24.04,14.52,19.86,47.87,76.37,18.72,39.75,144.5,63.12,22.71,,34.2,25.81
2022-03-01 07:00:00,15.95,75.72,32.64,44.06,53.48,26.27,64.3,20.63,65.1,90.26,24.34,22.26,47.71,79.93,39.09,33.53,11.78,27.54,31.26,50.54,37.05,11.08,15.73,130.34,65.97,18.2,76.0,52.35,55.12,48.09,14.65,40.4,67.22,16.85,11.63,22.77,27.98,33.0,23.95,14.86,20.18,48.04,75.98,18.49,39.95,142.5,63.44,22.42,,33.9,25.75
2022-03-02 07:00:00,15.95,74.86,31.92,42.91,52.96,26.35,63.5,20.41,64.75,95.86,24.26,22.29,47.41,81.41,38.71,33.9,11.58,27.11,30.57,50.17,37.33,10.91,15.23,130.76,65.4,18.24,77.8,53.94,56.26,47.64,14.81,40.35,67.5,17.0,11.47,23.23,27.71,32.55,23.67,14.66,20.23,48.15,75.79,18.33,39.6,145.0,63.28,21.95,,33.5,25.6
2022-03-03 07:00:00,15.69,76.29,31.34,42.16,52.34,25.85,62.24,20.01,69.27,95.3,24.86,21.45,47.71,81.88,41.29,33.95,11.52,28.69,32.37,50.26,37.4,11.0,15.01,134.07,65.73,17.85,78.0,54.55,55.65,47.64,14.61,40.46,67.46,17.87,11.42,23.27,27.5,31.9,23.57,14.52,19.74,48.09,76.27,18.09,40.2,145.0,63.12,21.98,,33.1,25.7
2022-03-04 07:00:00,16.09,76.19,31.55,42.91,52.78,26.58,61.84,20.23,71.38,94.42,24.62,22.1,47.61,80.6,43.26,34.37,11.62,29.37,32.49,50.26,37.81,10.98,15.01,134.73,65.78,17.97,79.0,55.47,54.77,48.5,14.57,40.78,66.31,18.23,11.63,23.36,28.64,32.55,23.81,14.92,19.51,48.09,76.27,18.21,39.65,142.8,62.64,22.86,,34.0,25.7
2022-03-07 07:00:00,15.86,74.68,31.05,42.3,52.78,26.62,61.45,19.95,74.11,94.42,26.16,21.68,47.66,84.3,44.02,34.51,11.29,30.06,33.33,50.26,37.05,10.79,14.72,134.4,65.01,18.4,76.9,55.59,56.35,51.1,14.23,39.87,63.87,18.85,11.36,23.39,28.31,32.0,23.43,15.09,18.9,47.76,75.01,17.9,39.5,138.6,62.24,22.48,,33.3,25.6
2022-03-08 07:00:00,15.58,72.5,30.87,41.21,52.17,25.69,60.65,19.92,75.47,92.9,26.97,21.74,48.42,84.5,42.66,35.35,11.25,29.31,32.49,50.08,36.44,10.83,14.42,132.5,64.77,18.55,76.4,54.74,55.3,50.19,14.48,40.08,62.15,18.63,11.47,23.23,29.13,31.65,23.38,15.36,18.69,47.53,74.33,17.86,39.45,137.0,61.12,22.12,,33.0,25.5
2022-03-09 07:00:00,15.46,70.79,30.39,41.89,51.47,24.61,59.53,19.86,73.91,91.62,26.89,22.88,48.98,84.09,42.66,34.23,11.21,28.8,32.14,51.19,35.83,10.74,14.11,132.33,64.58,18.17,76.8,54.55,56.09,51.1,14.4,38.86,64.31,18.12,11.31,23.17,28.7,31.3,23.31,14.79,18.38,46.74,72.87,17.62,39.35,141.7,61.36,21.86,,32.6,25.3
2022-03-10 07:00:00,15.67,70.6,30.47,41.69,50.42,24.41,57.94,20.07,75.63,92.02,26.73,22.55,48.88,80.47,43.79,34.0,11.23,28.69,32.26,51.1,35.62,10.93,14.31,131.01,64.53,18.17,79.5,54.55,54.42,49.96,14.19,38.86,63.51,18.02,11.5,23.23,28.89,32.0,23.53,14.66,18.59,47.08,73.75,17.82,40.3,140.3,62.24,22.04,,32.6,25.5
2022-03-11 07:00:00,15.46,69.94,30.36,41.28,51.12,23.91,57.48,19.89,75.28,91.46,27.58,23.07,48.02,79.26,42.81,33.48,11.17,28.23,31.87,50.82,35.21,10.83,14.29,125.38,64.24,17.7,78.4,54.25,54.16,49.28,13.82,39.71,63.43,17.8,11.42,23.05,28.1,32.45,23.24,14.45,18.45,47.19,73.07,17.5,39.5,139.8,62.72,21.74,,32.5,25.2
2022-03-14 07:00:00,15.39,68.42,30.61,40.87,49.98,23.37,57.61,19.89,74.89,89.62,27.42,23.92,47.2,75.23,42.66,32.27,11.15,27.6,31.26,50.64,34.94,10.69,14.42,117.68,63.95,17.78,77.4,53.82,50.91,47.36,13.41,39.12,61.87,17.07,11.74,23.02,27.07,32.6,23.1,14.05,18.45,47.36,72.58,17.15,39.4,146.3,62.32,21.3,,32.45,25.0
2022-03-15 07:00:00,15.55,68.7,30.61,40.67,48.4,23.64,58.53,19.8,71.38,88.82,25.35,24.11,46.59,72.54,40.0,31.8,11.19,26.74,29.65,50.54,34.73,10.76,14.38,116.77,63.28,17.7,77.2,53.82,49.94,47.0,13.57,38.75,61.51,16.71,11.87,23.05,26.65,33.15,23.15,13.78,18.83,47.31,72.68,17.23,39.3,148.0,61.92,21.68,,32.25,24.7
2022-03-16 07:00:00,15.5,70.51,30.68,41.35,49.36,24.41,58.34,19.86,74.5,87.22,26.16,24.44,46.85,73.88,41.21,32.17,11.17,27.0,29.15,50.64,34.8,11.13,14.6,118.1,63.57,17.78,78.4,53.08,49.59,47.27,13.82,38.59,61.55,17.03,11.74,23.2,26.86,32.95,23.36,13.95,18.87,46.8,72.39,17.5,39.2,147.0,62.32,21.86,,32.15,24.84
2022-03-17 07:00:00,15.58,71.36,32.1,40.67,49.89,24.18,58.34,20.23,74.5,88.82,25.96,24.05,47.05,73.75,40.99,31.99,11.34,26.74,29.04,50.54,35.69,10.93,14.76,117.76,63.57,17.66,78.5,53.02,49.5,47.13,13.61,38.59,61.51,17.14,11.82,23.23,26.86,33.15,23.38,14.25,18.87,46.97,73.65,17.66,39.25,147.0,62.16,21.77,,32.25,25.0
2022-03-18 07:00:00,15.53,72.69,32.35,41.01,49.45,24.41,58.2,20.38,74.3,87.94,25.68,24.18,49.03,73.75,41.37,31.99,11.48,26.82,29.19,50.26,35.55,10.91,14.67,118.1,63.47,17.82,77.1,53.02,49.86,48.14,13.61,38.59,61.87,16.96,11.95,23.27,26.89,33.25,23.34,14.19,18.69,47.93,74.14,17.46,39.75,148.2,61.52,21.54,,33.35,25.0
2022-03-21 07:00:00,15.48,73.54,31.99,40.53,51.38,24.95,57.87,20.23,78.01,88.74,25.63,24.31,48.72,77.24,41.52,32.41,11.54,27.02,30.03,50.73,36.37,10.93,14.56,120.16,64.96,17.97,82.4,55.72,49.86,48.32,13.53,38.59,61.47,17.07,11.84,23.33,26.86,33.45,23.41,14.32,18.83,48.09,75.3,17.62,40.5,146.1,62.24,21.65,,33.3,25.28
2022-03-22 07:00:00,15.67,72.78,31.88,40.6,51.99,26.47,59.13,20.41,83.24,88.34,26.77,24.37,49.23,78.25,42.35,33.11,11.62,26.88,29.77,50.82,36.71,11.37,14.74,124.96,65.49,17.85,86.7,57.0,50.38,50.05,13.66,39.66,61.67,17.32,11.9,23.6,27.07,34.2,23.76,14.42,19.11,48.09,76.27,17.9,41.2,143.3,62.24,22.07,,33.35,25.45
2022-03-23 07:00:00,15.67,72.88,32.21,40.53,52.43,27.09,61.38,20.53,88.58,88.74,28.19,24.15,49.49,77.38,42.12,33.15,11.62,27.17,30.11,50.54,36.71,11.17,14.74,127.28,65.69,18.24,85.7,55.96,50.03,49.92,14.28,40.35,63.91,17.14,12.03,23.54,27.01,34.3,23.71,14.22,19.18,48.15,75.88,17.97,41.2,141.0,61.52,21.74,,33.5,25.7
2022-03-24 07:00:00,15.58,71.74,31.52,41.69,52.34,26.5,62.24,20.2,90.1,90.66,28.76,24.05,49.33,77.24,42.81,33.15,11.54,26.91,29.31,50.26,36.58,11.1,14.58,124.14,65.01,18.4,84.5,57.56,49.77,49.69,14.15,42.42,63.07,17.07,11.87,23.45,26.86,34.05,23.53,14.42,18.8,47.76,74.82,17.7,40.7,144.0,60.8,21.54,,33.1,25.39
2022-03-25 07:00:00,15.55,71.26,31.81,42.09,51.91,26.31,61.38,20.07,87.76,90.26,29.98,24.24,48.98,76.57,42.58,32.64,11.5,26.88,29.5,50.26,36.78,11.0,14.51,122.32,67.61,18.32,85.3,58.17,50.03,49.96,13.9,42.96,63.11,17.43,11.84,23.51,26.56,34.0,23.36,14.89,18.97,47.25,74.14,17.64,40.5,144.0,60.56,21.65,,32.95,25.26
2022-03-28 07:00:00,15.39,69.46,31.52,41.96,51.29,24.84,60.72,19.98,91.66,91.14,30.1,23.98,50.1,75.9,42.96,32.45,11.5,26.82,29.5,50.17,36.51,10.91,14.4,120.74,69.39,17.97,83.5,57.92,49.86,50.51,13.66,43.06,63.15,17.83,11.76,23.39,26.14,33.55,23.22,14.66,18.78,46.69,73.55,17.5,40.6,142.9,60.4,21.51,,32.9,25.22
2022-03-29 07:00:00,15.32,70.98,30.83,41.89,53.92,25.42,64.3,19.71,93.22,89.94,30.34,24.37,53.24,75.9,45.16,32.45,11.29,26.48,29.23,50.08,36.58,10.76,14.42,121.99,71.9,18.2,83.3,57.43,49.68,51.06,13.53,43.49,63.47,18.16,11.76,23.14,25.92,32.35,23.22,14.42,18.92,46.69,74.43,17.76,40.9,142.9,60.32,21.42,,32.75,25.2
2022-03-30 07:00:00,15.43,69.65,32.64,41.35,55.06,25.03,65.75,19.98,90.88,90.02,29.53,24.31,54.46,74.82,45.46,32.55,11.58,26.57,28.92,50.17,36.51,10.93,15.05,120.41,70.74,18.75,82.5,56.21,49.42,51.51,13.49,43.81,63.11,18.09,11.74,23.63,26.11,32.65,23.57,14.32,19.13,46.97,74.14,18.49,41.35,142.5,61.2,21.98,,33.15,25.4
2022-03-31 07:00:00,15.58,70.98,31.88,42.02,54.71,24.1,65.49,20.01,91.85,89.62,28.39,24.24,56.14,75.16,44.63,32.27,11.7,26.31,28.35,50.08,36.37,10.76,14.92,119.42,71.51,19.02,81.0,55.35,48.8,50.65,13.37,44.93,63.51,17.72,11.66,23.51,25.86,32.45,23.48,13.88,19.06,46.46,73.84,18.53,41.15,141.3,64.71,22.01,,33.75,25.4
2022-04-01 07:00:00,15.67,70.13,32.28,44.19,56.46,25.19,66.55,20.35,89.63,90.8,28.72,24.24,56.34,74.49,45.01,32.5,12.01,26.34,27.51,50.08,36.65,10.74,15.1,122.98,75.12,19.06,82.6,57.31,48.8,53.93,13.37,44.93,66.31,17.65,11.87,23.66,25.92,32.25,23.81,13.95,19.41,47.03,74.33,19.06,41.25,141.0,66.07,22.65,,34.05,25.88
2022-04-04 07:00:00,15.81,71.08,32.61,44.19,57.17,25.19,68.67,20.5,88.73,91.54,27.95,24.44,57.61,75.83,45.39,34.14,12.19,26.51,27.7,50.64,36.65,10.88,15.21,128.27,76.42,19.35,87.6,57.43,49.5,54.75,13.53,45.19,66.82,17.94,11.92,23.73,27.22,32.7,23.9,14.02,19.53,47.31,74.82,19.19,41.4,143.5,65.91,23.42,,34.65,26.16
2022-04-05 07:00:00,15.67,72.02,31.77,43.79,56.03,24.8,65.55,20.14,87.37,91.62,26.65,23.85,56.64,77.11,46.6,34.98,12.03,26.57,27.7,50.54,36.03,11.23,14.96,127.28,75.41,18.94,88.0,57.31,49.94,54.66,13.74,44.34,66.7,17.65,11.6,23.66,27.44,32.3,23.38,13.88,19.41,46.8,75.3,18.8,41.55,143.5,65.35,23.0,,34.2,25.96
2022-04-06 07:00:00,15.62,70.89,31.77,43.72,57.34,25.54,62.9,20.04,86.12,89.23,26.37,23.72,57.86,78.25,46.07,34.6,11.93,27.45,28.12,50.45,35.49,11.23,15.1,128.27,78.01,19.59,88.3,57.49,49.42,55.03,13.74,45.25,67.98,17.8,11.5,23.63,27.13,32.6,23.57,13.75,19.34,47.81,74.14,19.04,41.15,141.3,64.87,23.59,,34.15,26.1
2022-04-07 07:00:00,16.02,70.98,32.17,43.65,58.22,25.11,60.06,20.26,87.95,89.23,26.24,23.72,59.33,77.24,44.48,35.35,12.03,27.25,27.81,50.26,35.21,11.23,15.5,128.27,77.1,19.75,86.0,57.31,50.38,54.94,14.03,45.78,67.42,17.58,11.42,23.63,27.4,32.9,23.76,13.65,19.48,47.93,73.94,18.96,40.15,140.5,63.92,24.09,,33.8,26.21
2022-04-08 07:00:00,15.95,71.45,31.34,43.58,57.43,24.68,58.07,19.98,87.56,89.14,26.61,23.69,57.81,76.91,43.11,34.23,11.93,26.94,27.31,50.17,35.14,11.02,15.32,125.38,74.64,19.67,86.4,56.94,50.29,53.38,13.86,43.81,66.34,16.92,11.1,23.39,26.74,31.95,23.34,13.38,19.25,47.19,73.84,18.49,41.2,138.8,63.2,23.5,,33.0,26.0
2022-04-12 07:00:00,15.88,71.08,30.68,42.63,56.03,23.95,57.21,19.77,86.86,88.81,26.81,22.81,56.59,75.56,42.35,32.83,11.54,26.62,26.28,49.98,34.87,10.85,14.99,129.05,73.54,19.39,86.4,56.27,49.33,52.93,13.49,43.97,66.7,16.82,10.8,23.36,26.23,31.45,23.1,13.05,18.9,46.8,72.97,17.94,40.7,140.0,62.16,23.59,,32.45,25.9
2022-04-13 07:00:00,15.88,71.83,30.03,42.16,55.76,22.47,52.64,19.43,90.14,85.34,27.58,22.23,58.42,74.22,42.28,32.5,11.52,26.02,25.67,49.7,34.73,10.77,14.78,128.55,75.61,18.86,87.8,55.78,48.28,53.16,13.08,43.65,65.91,16.31,10.48,23.39,25.83,31.5,22.89,12.84,18.78,46.74,71.32,17.8,41.15,138.5,62.72,23.15,,31.9,25.9
2022-04-14 07:00:00,16.02,72.78,30.03,42.84,56.64,22.63,52.11,19.58,96.42,85.67,29.49,22.23,60.35,75.56,43.42,33.15,11.46,26.08,26.13,49.52,34.6,10.83,14.83,126.57,78.4,19.02,87.8,56.08,48.63,55.44,13.12,44.45,66.7,16.49,10.78,23.57,25.96,31.5,22.84,12.88,18.69,46.63,71.41,17.82,41.1,138.6,62.32,23.83,,32.1,25.9
2022-04-15 07:00:00,15.95,76.76,29.89,43.99,58.57,23.48,49.66,19.31,98.48,84.6,29.73,22.1,59.84,79.26,44.4,34.14,11.21,25.77,26.39,49.8,34.32,10.72,14.58,125.68,77.97,19.43,85.1,54.92,48.89,54.94,12.83,46.63,68.22,16.45,10.67,23.42,25.44,31.0,22.34,12.71,18.36,45.84,70.35,17.6,40.9,137.2,62.0,23.3,,32.4,25.6
2022-04-18 07:00:00,15.76,77.04,28.8,43.72,60.06,22.71,45.82,18.97,97.9,84.52,29.53,21.58,60.2,79.19,44.25,34.79,10.89,25.51,25.44,50.08,33.95,10.53,14.11,125.58,78.01,20.24,83.5,54.0,48.71,56.58,12.46,47.7,69.1,16.49,10.48,23.36,24.17,30.2,21.85,12.14,17.89,45.11,68.79,17.21,40.05,139.0,62.24,22.65,,32.0,25.44
2022-04-19 07:00:00,15.39,76.95,28.43,43.24,61.37,22.2,45.82,18.36,102.23,85.92,31.23,20.86,59.38,78.92,45.08,34.6,10.8,25.14,24.44,49.62,34.94,10.16,13.9,124.58,77.58,20.32,82.8,54.55,47.4,56.49,12.21,47.27,68.3,16.13,10.4,23.23,23.2,29.4,21.47,11.5,17.8,44.16,68.5,17.11,39.9,143.1,62.08,21.98,,31.85,25.3
2022-04-20 07:00:00,15.11,74.01,28.14,42.91,58.66,20.69,44.7,17.99,99.85,85.59,30.99,21.06,57.35,76.3,44.71,33.2,10.68,25.19,23.75,49.43,34.73,9.24,13.54,124.09,76.76,20.4,82.5,53.43,45.91,55.26,11.42,45.39,69.06,15.04,9.87,23.3,21.76,28.2,20.88,10.97,17.33,44.38,66.65,16.85,39.9,144.3,61.28,21.27,,31.05,25.0
2022-04-21 07:00:00,15.25,71.26,28.11,42.63,59.97,17.9,43.11,18.11,98.21,84.85,29.89,21.25,58.83,72.74,43.26,30.82,10.52,25.25,23.44,49.33,34.39,9.11,13.77,124.09,75.85,20.16,81.1,53.68,45.38,55.57,11.21,44.47,68.62,13.95,9.25,23.36,22.24,28.35,20.79,10.73,16.96,44.55,65.1,16.52,39.75,142.2,61.12,21.42,,30.75,24.99
2022-04-22 07:00:00,15.29,73.82,28.36,42.57,59.8,18.52,42.38,18.17,97.51,84.76,29.41,20.8,57.81,75.43,42.5,29.65,10.48,25.22,23.6,49.24,33.81,9.11,13.88,124.09,75.61,19.02,81.2,55.35,44.76,55.16,11.38,44.9,72.46,14.35,9.01,23.51,22.15,29.0,21.14,10.83,16.82,46.46,63.93,16.97,39.5,141.0,61.12,21.83,,31.2,24.99
2022-04-25 07:00:00,15.22,75.62,28.0,41.55,55.68,18.6,38.74,18.02,93.73,84.1,26.81,20.64,56.29,75.43,39.7,28.06,10.36,25.08,23.37,48.96,33.78,9.22,13.75,123.69,74.79,18.25,82.2,53.93,44.24,52.47,11.17,41.72,67.58,14.02,9.04,23.2,21.91,29.0,20.93,10.87,16.68,46.69,63.25,16.72,39.6,138.5,60.96,21.68,,31.35,24.78
2022-04-26 07:00:00,14.66,74.86,27.02,40.8,54.36,17.9,38.87,17.04,87.37,82.62,26.73,19.99,53.29,73.21,39.54,26.65,10.03,23.7,21.76,48.48,32.14,8.76,13.27,123.19,72.67,18.13,82.0,52.51,41.96,49.37,10.76,39.84,67.62,13.44,8.5,22.44,20.85,27.5,19.84,10.43,16.38,45.28,63.16,16.17,39.25,132.6,60.72,21.48,,31.05,23.55
2022-04-27 07:00:00,14.64,74.39,27.2,40.74,53.92,17.94,40.06,17.37,88.93,82.12,26.32,20.05,52.79,74.89,40.99,27.4,10.28,24.56,22.22,48.96,32.48,8.79,13.41,120.91,71.03,18.46,81.3,52.17,42.39,50.65,10.88,40.33,67.5,13.66,8.74,22.77,20.91,28.2,19.94,10.7,16.35,46.13,63.16,16.44,39.0,129.5,60.56,21.39,,31.0,24.0
2022-04-28 07:00:00,14.64,79.22,26.98,42.43,54.54,18.44,40.13,17.46,89.71,82.53,27.54,20.41,54.21,74.09,41.97,27.36,10.38,24.88,22.49,49.05,32.14,8.89,13.48,119.02,71.75,18.3,82.0,52.26,42.48,49.96,10.88,42.59,66.7,13.66,8.9,22.96,20.94,28.2,20.22,10.83,16.31,45.9,63.06,16.54,39.1,129.3,59.84,21.54,,30.55,23.9
2022-04-29 07:00:00,15.34,83.39,27.38,42.16,54.8,18.52,39.4,17.4,95.13,83.61,28.19,19.92,54.36,72.81,41.59,27.36,10.38,24.85,22.1,48.96,32.82,9.08,13.48,117.73,72.24,18.3,82.8,52.26,42.57,49.96,11.05,45.44,66.31,13.8,8.88,22.93,20.67,28.15,20.79,10.87,16.1,46.29,63.16,17.01,40.0,130.8,59.92,21.65,,30.9,23.96
2022-05-04 07:00:00,15.25,82.92,27.35,41.62,56.9,18.44,38.47,17.19,96.3,83.77,26.97,19.82,53.75,73.88,43.42,27.03,10.32,24.79,20.95,48.86,32.35,9.22,13.45,115.95,72.96,19.19,82.3,52.09,43.27,50.19,11.63,45.44,65.51,14.35,9.14,22.62,20.43,27.7,20.62,10.83,15.74,45.56,63.35,17.11,40.0,131.3,59.44,21.57,,30.75,23.99
2022-05-05 07:00:00,15.15,83.2,27.71,41.55,56.9,17.82,39.07,17.13,94.39,82.2,26.57,19.5,53.55,74.56,43.64,26.94,10.28,24.39,20.57,48.86,31.87,9.22,13.21,118.13,72.48,19.02,81.7,51.84,43.45,50.65,12.0,45.44,67.66,14.24,9.14,22.37,19.79,27.05,20.24,10.7,15.98,45.84,66.85,16.52,40.0,130.8,58.48,21.33,,30.4,23.6
2022-05-06 07:00:00,14.92,79.6,27.46,40.67,58.04,16.93,37.01,17.13,93.57,84.19,26.37,19.43,52.79,73.82,43.95,26.37,10.11,24.62,20.19,48.39,31.46,8.76,12.98,117.63,71.71,18.66,81.0,51.42,41.25,50.1,11.96,47.32,67.62,13.95,8.77,21.82,18.55,26.6,19.98,10.33,16.1,45.68,66.85,16.4,40.0,130.0,57.2,20.63,,30.5,23.4
2022-05-09 07:00:00,14.54,75.81,26.77,39.99,55.76,15.81,36.09,16.45,89.32,83.03,25.55,19.37,50.25,73.21,42.12,24.69,9.76,23.99,19.84,48.3,31.25,8.44,12.53,115.35,69.49,18.25,80.5,51.09,40.16,48.59,11.46,46.57,66.7,13.22,8.34,21.58,17.22,25.1,19.56,9.79,15.81,45.23,66.56,15.97,39.6,128.0,57.12,19.92,,29.9,23.19
2022-05-10 07:00:00,14.54,75.91,26.04,38.43,52.61,15.0,33.51,15.53,83.43,80.47,23.4,19.37,50.15,72.61,41.82,23.33,9.87,23.53,19.04,47.07,29.62,8.06,12.19,115.25,67.47,17.65,79.0,51.75,37.74,47.18,11.01,46.62,65.91,12.35,7.89,22.13,16.95,23.9,18.35,9.22,15.7,45.0,67.92,15.22,40.2,129.1,57.44,19.54,,28.35,23.0
2022-05-11 07:00:00,14.82,80.27,26.19,39.54,52.43,15.89,33.37,16.51,83.86,81.79,23.61,20.44,51.72,73.55,43.11,23.24,9.99,23.65,19.35,48.02,29.92,8.11,12.39,114.16,67.9,18.3,80.7,51.84,37.79,48.82,11.17,49.85,66.03,12.28,8.02,22.13,16.98,24.0,18.64,9.52,15.63,45.17,69.18,15.52,40.25,129.0,56.81,19.89,,29.7,22.9
2022-05-12 07:00:00,14.66,80.08,25.97,38.99,51.2,16.62,33.07,16.33,82.49,82.62,23.4,21.09,51.72,72.54,44.71,23.76,9.81,23.27,18.69,48.2,29.68,8.01,12.3,111.88,67.37,18.13,80.0,50.42,37.08,48.91,10.97,51.15,66.54,12.06,7.83,22.07,16.65,23.45,18.42,9.36,15.56,44.94,67.92,15.46,40.0,126.6,55.77,19.37,,28.9,22.55
2022-05-13 07:00:00,14.21,73.92,24.66,37.74,47.96,15.62,30.59,15.44,76.84,80.63,21.25,20.54,50.25,71.53,42.88,21.51,9.5,22.07,17.78,47.64,28.83,7.52,11.81,104.23,65.06,17.32,77.3,48.24,34.23,47.91,10.39,47.86,65.91,11.22,7.33,21.7,16.08,21.95,17.38,8.79,14.95,43.88,66.95,14.81,39.5,127.4,54.17,18.54,,27.3,21.5
2022-05-16 07:00:00,13.46,72.21,24.12,37.32,47.35,15.23,30.06,15.56,76.53,79.31,21.05,21.12,49.49,69.59,41.37,21.28,9.36,21.47,16.97,47.17,27.36,7.44,11.43,98.87,63.81,17.24,75.3,46.74,35.07,46.31,10.14,45.17,64.67,11.08,7.22,21.48,16.68,21.3,16.91,8.52,14.76,42.98,66.17,14.33,39.5,127.0,54.01,17.93,,26.8,21.5
2022-05-17 07:00:00,13.77,67.28,24.99,37.46,44.89,15.5,30.56,16.11,75.16,76.01,19.98,20.77,50.6,67.77,39.24,21.84,9.79,21.87,16.2,47.17,28.59,7.52,11.85,95.79,63.37,17.73,78.3,47.66,36.69,47.54,10.26,43.38,66.11,11.4,6.95,21.51,17.62,20.35,16.46,8.55,15.44,43.31,65.0,14.2,39.0,128.0,55.93,18.19,,27.5,21.79
2022-05-18 07:00:00,13.96,70.98,25.75,38.43,46.03,16.2,32.02,16.73,79.33,77.58,21.34,21.12,50.81,71.47,40.61,22.4,9.93,22.16,16.93,47.45,28.52,8.03,12.39,102.45,64.39,17.73,78.3,48.08,36.95,47.77,10.68,46.04,65.03,11.91,7.43,21.51,18.1,21.75,17.43,9.02,15.93,43.31,65.0,14.36,39.0,127.5,56.33,18.87,,27.65,21.85
2022-05-19 07:00:00,13.6,74.01,25.39,38.09,44.63,15.65,31.78,16.21,84.64,76.34,22.47,20.51,49.59,71.53,39.47,21.65,9.95,21.81,16.43,47.07,28.46,8.17,12.19,109.59,64.29,17.53,78.3,46.07,36.16,47.91,10.76,47.65,65.07,11.73,7.86,21.36,17.52,22.4,17.2,8.75,15.02,43.14,65.78,13.96,39.5,125.8,55.93,18.13,,27.9,21.7
2022-05-20 07:00:00,13.75,73.92,25.32,38.5,45.15,16.12,32.38,16.24,85.42,76.17,23.0,20.15,50.2,71.67,39.39,22.63,10.07,21.64,16.66,47.17,28.46,7.98,12.28,110.88,65.4,18.13,78.5,45.99,36.6,48.36,10.92,48.39,64.19,11.8,7.91,21.48,17.83,22.05,17.22,9.09,15.04,43.03,65.49,13.85,38.95,125.5,55.85,18.16,,27.7,21.8
2022-05-23 07:00:00,13.75,71.93,25.17,38.64,45.51,17.24,32.38,16.08,84.83,76.42,22.96,20.31,49.84,71.0,39.39,22.77,10.05,21.87,17.01,47.92,28.46,8.01,12.21,108.1,65.01,18.13,77.6,44.9,35.99,48.87,10.88,47.34,63.11,11.88,8.15,21.51,17.31,21.75,17.1,9.06,15.0,42.53,65.49,13.8,38.85,125.5,54.89,18.08,,27.85,21.7
2022-05-24 07:00:00,13.51,70.13,24.55,38.85,44.98,16.97,31.19,15.96,88.54,76.17,22.8,20.6,49.84,71.8,39.09,22.59,10.03,21.18,16.28,50.27,27.91,7.85,12.1,109.1,64.05,17.77,77.2,44.48,35.55,49.23,10.63,46.41,61.91,11.62,7.83,21.33,16.98,21.75,16.65,8.62,14.46,42.58,65.0,13.53,38.8,125.3,55.05,17.72,,28.1,21.45
2022-05-25 07:00:00,14.07,71.08,25.46,40.24,46.82,17.82,32.44,16.58,90.45,78.4,23.85,21.12,53.29,72.81,41.59,23.8,10.46,20.01,16.36,52.06,27.98,8.19,12.73,112.67,68.14,18.25,78.9,44.81,36.43,52.65,11.13,49.63,62.15,11.8,8.15,21.02,17.71,22.85,17.31,9.09,14.95,43.31,65.97,13.98,39.05,125.9,57.76,18.49,,29.45,22.0
2022-05-26 07:00:00,14.31,70.51,25.93,41.49,47.26,17.59,33.7,16.73,90.72,76.83,24.3,21.25,54.36,74.69,41.75,24.13,10.52,20.38,16.86,52.72,28.59,8.33,12.75,109.89,67.66,18.21,80.0,45.57,38.01,52.93,11.17,52.78,62.19,12.6,8.29,21.05,18.25,22.75,17.6,9.46,14.93,43.37,67.63,14.06,38.85,125.7,57.44,18.63,,29.75,22.1
2022-05-27 07:00:00,14.92,70.13,25.68,41.62,47.52,17.48,33.04,16.73,86.2,77.58,23.53,22.46,56.85,74.69,42.73,24.41,10.54,20.55,17.78,51.78,29.21,8.22,12.69,111.08,70.74,18.5,79.5,45.82,37.7,55.8,11.26,55.45,61.79,13.15,8.18,21.27,18.4,22.7,17.69,9.42,15.32,43.54,67.72,14.28,39.0,127.0,58.56,18.37,,29.8,22.42
2022-05-30 07:00:00,15.01,69.84,26.0,41.28,47.78,17.32,34.17,16.82,86.59,78.49,23.32,22.75,57.05,75.43,43.42,24.13,10.64,20.53,18.08,54.98,29.07,8.33,12.73,109.2,71.03,18.58,78.7,46.4,38.27,55.94,11.26,58.6,61.87,12.89,8.21,21.27,18.55,23.0,17.95,9.52,15.46,45.56,68.5,14.49,39.25,132.5,58.24,18.54,,29.95,23.8
2022-05-31 07:00:00,14.92,71.74,25.82,41.49,46.91,17.75,36.02,17.16,89.24,77.82,24.5,21.94,56.49,79.06,44.33,23.8,10.64,20.24,17.66,58.75,28.9,8.19,12.62,111.58,69.92,18.98,78.5,46.57,39.41,54.52,11.26,59.1,61.79,12.78,8.1,20.99,18.16,22.8,17.76,9.36,15.44,44.38,69.9,14.46,39.75,132.6,57.84,18.54,,30.3,22.8
2022-06-01 07:00:00,14.92,71.17,25.79,41.49,46.82,17.71,37.61,17.19,91.07,77.58,25.76,21.51,57.3,83.22,44.4,23.76,10.78,19.92,17.7,60.44,28.87,8.17,12.62,114.16,70.79,19.55,78.3,45.99,39.37,53.8,11.75,59.78,61.71,12.75,8.13,20.84,18.07,22.6,17.81,9.29,15.28,45.28,70.3,14.38,39.7,131.5,58.0,18.31,,30.15,22.65
2022-06-02 07:00:00,15.21,71.08,25.53,41.69,48.57,17.51,37.61,17.19,92.64,77.49,25.59,21.19,58.27,82.62,45.39,24.46,10.68,19.64,17.47,59.69,28.63,8.17,12.55,114.16,72.48,19.59,79.9,45.73,38.97,56.99,11.67,60.33,61.51,12.78,8.05,20.81,18.25,22.4,17.48,9.26,14.95,45.45,70.1,14.2,39.6,131.5,57.52,18.16,,30.2,22.61
2022-06-03 07:00:00,15.0,69.56,25.21,41.42,47.78,16.82,38.27,16.94,97.46,76.42,26.32,21.03,57.86,83.96,45.01,24.18,10.6,19.47,17.24,59.78,27.91,7.9,12.35,113.66,74.31,19.19,79.3,45.73,38.88,56.76,11.3,58.79,62.63,12.71,7.86,20.84,17.95,21.7,17.41,8.92,14.95,44.72,69.4,14.01,39.6,128.6,56.97,18.05,,29.95,22.35
2022-06-06 07:00:00,14.97,68.04,25.13,41.62,48.75,16.51,40.19,17.04,104.15,75.84,27.7,20.54,58.88,89.0,46.91,24.13,10.5,19.61,17.16,61.2,27.91,7.95,12.42,116.15,75.37,20.32,77.1,45.4,39.67,58.49,11.75,59.59,63.47,12.75,7.75,20.87,18.07,21.4,17.38,8.82,14.88,45.0,69.5,13.88,39.45,128.1,56.89,18.31,,30.0,22.48
2022-06-07 07:00:00,14.82,67.76,24.81,41.14,49.8,16.12,37.74,16.82,106.61,75.92,27.78,20.44,58.67,87.99,46.68,23.66,10.42,19.21,16.4,60.25,27.57,7.76,12.3,117.04,74.64,21.05,76.5,44.9,41.12,59.32,12.21,60.02,63.87,13.26,7.51,20.68,17.5,20.55,17.1,8.55,14.34,46.13,69.0,13.9,39.25,127.0,56.49,18.02,,29.9,22.35
2022-06-08 07:00:00,15.06,68.61,25.24,41.35,49.8,16.74,38.27,17.25,109.57,77.66,28.19,20.21,59.69,88.59,47.21,25.3,10.7,19.15,16.36,61.2,28.66,8.14,12.66,120.61,76.53,21.7,77.4,44.31,42.04,59.82,13.03,61.88,64.79,13.4,7.81,20.81,17.98,21.6,17.69,8.92,14.48,45.56,69.2,14.33,39.35,127.2,57.04,18.75,,30.5,22.65
2022-06-09 07:00:00,15.18,68.42,25.21,41.62,48.84,16.74,38.01,17.13,107.96,76.83,27.58,20.28,58.83,87.45,45.69,26.37,10.6,19.78,17.2,62.04,28.32,8.22,12.69,119.12,75.13,22.51,77.3,44.73,41.38,59.73,13.16,61.14,63.83,13.22,7.97,20.87,17.89,22.35,17.74,9.26,14.18,44.94,68.7,14.22,39.1,127.8,56.81,18.75,,30.9,22.65
2022-06-10 07:00:00,15.12,70.03,24.88,41.42,49.28,16.39,39.4,16.94,113.47,76.75,27.5,19.99,58.22,85.71,45.39,26.19,10.76,19.61,17.47,61.85,28.32,8.25,12.62,117.63,75.13,22.99,77.5,44.56,40.99,58.36,13.2,60.02,63.23,13.15,7.91,20.56,17.52,22.7,18.38,9.32,14.3,44.44,68.3,14.14,39.1,128.9,56.09,18.63,,30.6,22.53
2022-06-13 07:00:00,14.65,67.28,24.19,40.51,46.82,15.19,37.34,16.33,109.83,76.01,24.54,20.47,55.83,82.01,41.59,23.94,10.44,19.18,16.09,60.72,27.77,7.79,12.08,114.16,71.49,22.95,77.0,43.73,39.1,53.38,13.08,57.86,61.91,12.17,7.54,20.19,16.32,21.6,17.6,8.75,13.64,43.31,67.0,13.43,38.7,126.8,54.65,17.87,,29.4,22.0
2022-06-14 07:00:00,14.33,66.43,23.79,38.85,45.07,14.72,37.68,15.81,107.46,75.51,25.03,20.41,55.28,84.63,40.83,23.38,10.32,18.06,15.13,58.84,27.36,7.55,11.67,109.0,69.94,23.48,77.0,41.8,38.44,52.93,12.99,56.62,60.87,11.77,7.43,20.28,15.53,21.25,17.15,8.42,12.85,43.93,66.0,12.84,38.3,124.8,53.93,17.14,,29.15,21.9
2022-06-15 07:00:00,14.36,65.39,23.57,38.71,45.42,14.57,38.74,15.59,110.25,74.77,25.47,20.41,55.71,86.04,40.83,23.29,10.19,17.69,14.52,60.44,26.61,7.25,11.49,108.2,71.59,23.36,77.0,41.89,38.4,53.84,12.79,56.44,60.99,11.77,7.38,20.9,14.96,21.05,17.08,8.32,12.47,44.04,66.3,11.99,38.45,125.1,53.13,17.25,,29.15,21.5
2022-06-16 07:00:00,14.12,65.39,23.79,38.85,46.91,14.03,37.68,15.47,114.15,75.92,26.37,20.02,57.68,88.59,41.9,22.68,10.4,17.95,13.91,60.16,26.89,6.82,11.45,112.57,76.53,23.96,78.3,42.64,37.22,55.76,12.83,60.09,63.11,11.84,7.27,22.04,14.14,21.25,17.24,8.05,12.71,45.0,66.7,12.21,38.85,127.5,54.57,17.25,,30.5,22.48
2022-06-17 07:00:00,13.97,65.77,23.18,38.85,45.94,13.56,35.89,14.82,117.7,74.52,25.8,20.38,56.94,90.0,42.35,21.51,10.09,17.79,12.87,60.72,26.82,6.61,10.86,116.15,76.53,23.96,78.3,42.06,36.86,55.67,13.53,61.76,62.71,11.55,7.0,22.0,12.99,20.5,16.72,7.51,12.33,44.04,66.0,11.52,38.3,125.1,54.81,16.73,,29.85,21.5
2022-06-20 07:00:00,13.77,64.82,23.07,38.85,45.94,13.37,36.09,14.64,112.03,73.61,25.96,21.16,58.11,88.66,42.81,21.7,10.03,17.41,12.34,59.97,26.75,6.61,10.66,116.64,75.56,23.48,76.9,42.56,36.51,55.53,13.57,61.63,61.79,11.55,7.25,22.0,12.87,20.55,16.63,7.21,12.22,44.72,66.0,11.46,38.3,127.2,55.69,16.43,,29.3,21.33
2022-06-21 07:00:00,13.59,63.02,22.23,37.46,45.77,12.17,33.9,14.46,105.76,73.2,24.09,20.57,57.49,85.5,41.29,21.04,9.79,16.27,11.61,59.6,26.61,6.64,10.32,112.97,73.43,21.86,76.3,42.22,35.55,56.08,12.54,56.74,63.11,10.9,7.17,21.96,12.03,19.6,15.97,6.77,12.24,43.71,65.0,10.3,37.6,128.0,58.96,16.4,,28.35,20.9
2022-06-22 07:00:00,14.0,61.6,22.92,38.36,46.03,12.32,34.56,14.73,101.44,71.38,22.67,20.67,55.58,80.6,39.32,21.04,9.83,16.65,11.57,59.22,26.58,6.82,10.77,113.17,73.24,20.24,76.1,43.48,35.46,54.98,11.63,54.21,62.99,11.11,7.3,22.66,11.83,20.5,16.68,7.08,12.38,43.88,65.0,10.22,37.5,130.0,58.64,16.99,,28.9,20.93
2022-06-23 07:00:00,13.97,61.12,22.49,37.46,46.38,13.06,35.09,15.5,101.44,71.38,21.5,20.77,53.37,79.86,40.23,21.23,9.66,16.54,11.68,58.56,26.27,7.25,10.84,109.2,71.2,20.24,75.3,43.9,36.07,55.27,11.5,52.78,61.87,11.44,7.27,22.66,12.36,21.7,17.2,7.24,12.38,43.14,64.2,10.8,37.1,129.6,57.52,16.75,,28.45,20.89
2022-06-24 07:00:00,14.06,61.12,23.39,37.46,48.66,13.68,35.03,15.65,107.12,71.46,22.19,20.73,53.99,79.06,40.83,21.79,9.79,17.03,12.41,58.37,26.41,7.28,10.91,109.39,71.2,20.6,75.8,44.15,36.25,56.87,11.63,53.9,62.23,11.8,7.38,22.88,12.76,21.8,17.05,7.28,12.45,42.92,63.8,11.01,37.3,129.0,58.24,16.87,,28.4,21.24
2022-06-27 07:00:00,14.15,60.65,23.07,38.5,48.57,13.45,35.76,15.75,107.12,73.2,21.94,20.64,54.05,79.06,40.38,21.84,9.56,17.33,13.02,60.91,26.75,7.25,10.91,112.57,70.23,20.6,78.8,44.23,36.43,59.4,11.67,54.7,62.67,11.8,7.38,23.06,13.26,21.75,16.98,7.55,12.68,42.75,64.9,11.01,37.4,133.0,57.6,17.08,,28.8,21.16
2022-06-28 07:00:00,14.53,60.46,24.63,38.64,49.54,13.87,36.48,16.79,104.07,73.03,20.65,21.81,55.46,78.99,40.23,22.26,10.03,17.3,13.25,61.67,27.09,7.23,11.36,113.37,70.62,20.97,77.5,44.65,37.13,59.53,11.92,55.38,62.83,12.06,7.7,23.36,13.33,22.8,17.46,7.91,13.08,43.31,64.1,11.73,36.9,133.2,58.08,17.81,,29.45,21.5
2022-06-29 07:00:00,14.36,62.17,25.32,40.24,49.19,13.56,37.48,16.58,102.21,72.95,20.69,21.74,55.34,79.26,42.5,21.98,10.07,17.52,13.52,64.21,27.02,7.5,11.31,114.16,71.69,20.72,76.1,44.31,36.69,59.53,11.63,53.96,62.75,12.71,7.62,23.43,13.5,23.3,17.55,7.75,13.22,42.69,64.0,12.52,36.7,132.9,58.08,17.75,,29.15,21.5
2022-06-30 07:00:00,14.36,63.49,25.39,40.03,48.57,13.25,37.21,16.54,102.21,72.95,21.01,21.32,55.28,80.27,41.9,21.7,10.13,17.71,13.64,63.17,26.89,7.31,11.22,113.37,70.82,21.37,76.0,43.81,36.25,59.62,11.83,55.45,62.31,13.55,7.57,23.32,13.26,22.75,17.53,7.68,13.08,42.75,63.8,12.1,36.75,132.4,59.76,17.72,,28.85,21.5
2022-07-01 07:00:00,14.09,63.11,25.9,39.68,47.78,12.75,36.29,16.58,98.56,72.7,20.69,21.06,54.6,77.78,39.85,21.14,9.99,17.11,13.06,61.57,26.95,7.17,11.0,111.18,69.36,20.64,74.9,43.81,35.72,58.94,11.46,53.84,62.19,13.33,7.27,23.25,13.23,22.05,17.12,7.41,12.89,42.19,63.5,12.21,36.7,130.1,59.04,17.22,,28.65,21.3
2022-07-04 07:00:00,14.36,61.12,25.93,40.24,47.52,13.06,36.35,16.67,97.21,73.03,20.56,21.29,54.42,77.62,39.62,21.51,10.11,17.14,13.29,61.1,27.0,7.31,11.11,110.0,67.91,20.81,75.0,44.23,36.16,59.53,11.46,54.46,61.91,13.08,7.38,23.28,13.76,22.95,17.34,7.55,12.99,42.3,62.0,12.9,36.35,130.1,60.56,17.31,,28.95,21.29
2022-07-05 07:00:00,14.41,60.65,27.2,39.82,48.05,13.06,37.74,16.88,89.76,73.28,20.2,21.22,53.99,76.45,39.09,21.23,10.17,16.92,13.68,60.16,27.04,7.58,11.63,108.5,65.68,20.08,74.8,43.64,35.86,56.78,11.26,52.78,61.87,13.04,7.57,23.28,13.6,23.6,18.07,7.45,13.06,42.13,61.5,13.48,36.4,129.5,60.24,17.52,,28.8,21.29
2022-07-06 07:00:00,14.36,59.32,26.77,39.54,47.96,13.29,37.48,16.51,82.39,72.87,18.7,21.12,52.82,68.93,37.27,20.44,10.05,16.84,13.94,57.9,26.66,7.34,11.52,106.2,64.23,18.98,74.0,43.98,35.2,53.2,11.01,49.44,61.11,12.57,7.43,23.25,13.23,23.4,18.14,7.34,12.99,41.57,60.5,13.0,36.05,127.1,59.06,17.34,,28.0,20.9
2022-07-07 07:00:00,14.36,57.24,26.59,39.47,48.75,13.17,39.13,16.45,83.32,72.87,18.21,20.77,52.02,66.58,36.36,19.83,9.87,16.46,13.45,55.45,26.74,7.2,11.43,104.5,62.97,18.78,74.0,43.73,34.93,53.2,10.76,47.09,62.39,12.49,7.33,23.06,12.83,23.15,17.95,7.14,12.92,42.47,61.0,13.45,34.9,129.3,60.3,17.05,,27.0,20.7
2022-07-08 07:00:00,14.3,58.0,26.44,39.47,48.92,14.03,41.32,16.36,86.71,72.78,18.9,20.51,51.65,67.76,36.77,20.2,9.85,17.07,14.06,56.49,27.56,7.28,11.4,104.9,64.42,19.02,74.9,44.15,34.98,53.71,10.88,48.02,62.43,12.89,7.33,23.25,13.63,23.05,17.95,7.51,13.01,42.19,61.3,13.67,35.35,129.3,60.55,17.11,,27.25,20.89
2022-07-11 07:00:00,14.06,56.76,25.5,39.27,48.66,14.69,41.58,15.87,85.02,72.29,19.21,20.28,52.02,66.86,36.66,20.11,9.64,17.14,14.21,55.83,27.19,7.15,11.29,103.9,62.87,18.78,73.8,44.23,35.2,53.75,10.76,47.34,61.95,12.89,7.27,23.28,14.13,22.45,17.62,7.68,12.66,41.34,60.5,13.16,35.0,127.8,61.71,16.73,,26.5,20.8
2022-07-12 07:00:00,14.06,58.47,26.48,38.85,49.54,14.88,42.05,15.96,84.68,72.7,19.27,20.41,51.34,68.31,37.42,20.95,9.58,17.03,14.29,55.45,26.74,7.2,11.36,104.0,62.77,19.11,73.7,44.23,35.5,53.62,10.84,46.97,61.91,13.08,7.3,23.47,14.13,22.8,17.05,7.81,12.5,40.84,60.5,13.21,35.1,127.5,61.05,16.55,,26.45,20.63
2022-07-13 07:00:00,14.3,58.38,26.98,38.85,51.29,14.92,42.31,16.54,85.95,74.27,19.53,20.28,51.65,66.93,37.95,21.84,9.79,17.26,14.33,55.45,26.77,7.58,11.61,103.7,62.19,19.02,73.9,44.15,35.46,53.57,10.97,48.76,62.23,13.29,7.81,23.47,14.1,23.4,17.38,7.85,12.85,41.29,60.5,13.37,35.0,126.1,60.8,16.55,,26.6,20.66
2022-07-14 07:00:00,14.15,60.46,26.77,38.92,50.85,15.07,41.25,16.7,83.83,72.95,20.52,20.21,51.34,68.45,37.53,21.89,9.68,16.95,13.91,57.81,27.64,7.6,11.52,103.0,62.0,19.55,73.7,44.15,35.46,52.97,10.84,47.96,61.91,13.44,8.07,23.17,14.67,23.35,17.15,7.88,12.64,40.95,60.3,13.0,34.9,127.2,60.47,16.49,,26.5,20.7
2022-07-15 07:00:00,14.33,61.12,26.66,38.85,50.77,15.65,42.58,16.88,82.98,72.95,20.81,20.15,51.65,68.24,37.72,22.17,9.76,17.79,14.52,58.84,28.05,7.68,11.58,103.5,61.22,20.08,74.0,44.48,35.24,53.3,11.01,48.76,61.63,13.69,8.15,23.28,14.53,23.75,17.27,8.15,12.85,41.34,60.2,13.37,34.9,126.8,60.3,16.64,,26.3,20.79
2022-07-18 07:00:00,14.18,60.46,26.11,38.92,50.77,15.77,40.52,16.7,82.48,72.7,20.81,20.12,51.96,67.96,37.46,22.31,9.76,17.64,14.1,58.84,27.34,7.71,11.58,103.8,60.93,19.83,73.8,44.73,35.64,52.74,11.09,49.32,61.59,13.4,7.97,23.32,14.3,23.4,17.41,8.12,12.85,41.01,60.0,13.08,34.8,124.8,59.64,16.81,,26.45,20.7
2022-07-19 07:00:00,14.03,60.08,26.0,39.2,50.33,15.27,40.26,16.51,83.32,72.7,20.85,20.08,51.04,70.38,37.34,21.93,9.6,17.11,13.56,57.9,27.19,7.58,11.45,102.5,59.29,20.6,74.7,44.48,36.95,52.06,11.26,50.43,62.67,13.33,7.83,23.36,13.97,23.15,17.15,7.91,12.75,40.56,59.1,13.11,34.5,124.5,60.22,16.52,,26.05,20.54
2022-07-20 07:00:00,14.27,60.27,26.77,39.68,51.38,15.65,41.25,16.79,86.62,73.12,21.36,20.15,52.82,71.83,38.94,22.59,9.76,17.22,14.1,58.18,27.64,7.63,11.56,105.5,61.03,21.82,74.0,44.73,38.27,52.42,11.38,51.98,63.83,13.44,8.05,23.47,14.43,23.5,17.29,8.38,13.32,40.78,59.7,13.27,34.5,125.5,60.8,16.7,,26.25,20.76
2022-07-21 07:00:00,14.59,60.65,26.73,39.89,50.33,15.5,40.92,16.88,86.2,75.84,21.8,20.12,52.82,72.45,38.71,22.54,9.95,17.41,14.37,58.37,27.86,8.01,11.61,106.9,62.48,21.37,74.7,44.56,37.48,52.61,11.21,51.36,66.31,13.44,8.0,23.47,14.43,23.6,17.43,8.25,13.39,41.01,59.7,13.51,34.4,126.9,60.8,16.64,,26.45,20.88
2022-07-22 07:00:00,14.53,63.02,26.77,41.07,50.42,15.38,39.53,16.97,85.86,77.25,21.49,20.12,53.19,75.83,39.77,22.63,9.87,17.26,14.17,61.01,27.71,8.09,11.67,109.0,64.71,20.97,74.5,44.4,37.22,53.11,11.13,51.3,67.06,13.4,8.0,23.54,14.37,23.5,17.9,8.12,13.39,40.89,59.0,14.04,34.25,126.3,60.47,16.73,,26.7,20.94
2022-07-25 07:00:00,14.3,65.29,26.04,40.86,49.54,15.03,38.21,16.64,82.98,77.25,20.04,20.08,53.49,75.55,38.63,21.98,9.7,16.88,13.83,61.95,27.68,7.87,11.52,111.3,63.74,21.05,74.3,43.9,36.69,52.47,11.01,50.56,66.31,13.22,7.73,23.39,14.07,23.3,17.53,7.91,13.03,41.18,59.1,13.8,33.7,125.8,60.22,16.52,,26.3,20.87
2022-07-26 07:00:00,14.21,64.92,26.11,41.28,49.01,15.0,38.21,16.51,83.41,77.66,20.26,19.99,52.88,74.31,38.79,21.65,9.68,16.65,13.56,61.48,27.86,7.95,11.47,110.0,61.9,21.29,73.9,44.15,36.51,51.87,10.97,49.5,67.1,13.08,7.65,23.28,13.83,22.95,17.5,7.95,12.89,41.85,59.3,13.88,33.8,125.9,60.3,16.46,,26.4,20.72
2022-07-27 07:00:00,14.18,64.92,25.86,41.14,50.15,15.31,39.07,16.58,82.14,76.83,20.43,19.6,52.39,72.73,38.56,21.7,9.74,16.27,12.64,61.95,28.24,8.22,11.31,110.0,61.03,21.13,74.5,43.9,36.34,51.46,10.84,48.33,67.02,12.93,7.73,23.28,13.63,23.05,17.29,7.98,12.66,42.19,58.8,13.64,33.4,125.3,59.97,16.29,,26.3,20.6
2022-07-28 07:00:00,14.47,68.14,26.73,41.0,50.5,16.0,39.86,17.31,82.73,76.75,20.78,19.76,52.76,75.69,38.79,22.54,9.99,16.42,13.1,65.15,28.69,8.52,11.61,110.5,61.03,21.57,74.0,44.48,36.86,52.56,11.34,48.82,69.9,13.26,7.94,23.32,14.27,24.65,17.71,8.26,12.99,42.53,59.1,14.04,33.55,127.4,60.14,16.9,,28.1,20.98
2022-07-29 07:00:00,14.47,70.98,27.49,41.56,51.29,15.93,40.19,17.19,81.29,76.42,20.81,19.63,52.39,75.55,39.24,22.63,10.05,16.61,13.33,66.37,28.99,8.44,11.61,112.0,60.45,21.45,74.5,44.73,36.47,52.29,11.34,48.64,73.69,13.29,7.97,23.36,14.47,24.9,17.9,8.26,12.89,42.47,60.5,14.49,33.9,127.4,60.8,16.84,,28.55,21.15
2022-08-01 07:00:00,14.65,72.02,28.29,43.71,52.34,16.2,41.32,17.62,77.06,76.01,20.12,19.82,51.77,75.55,39.85,23.1,10.11,17.3,13.87,67.5,29.14,8.54,11.94,111.0,59.97,21.33,74.7,45.15,36.69,53.89,11.21,47.46,73.5,13.44,8.1,23.43,15.24,25.6,18.33,8.46,12.82,43.31,60.0,14.2,32.55,127.1,60.72,17.08,,29.0,21.1
2022-08-02 07:00:00,14.68,72.02,28.29,43.01,51.99,16.35,41.65,17.77,77.73,76.01,20.65,19.76,52.33,74.8,40.08,23.47,10.21,17.52,14.37,66.18,29.29,8.6,12.1,111.0,60.55,22.02,75.7,45.07,36.29,53.57,11.5,48.89,75.05,13.91,8.26,23.36,15.8,25.5,18.23,8.6,12.99,44.55,62.8,14.41,33.3,127.9,61.29,17.19,,29.0,21.3
2022-08-03 07:00:00,14.68,72.97,28.51,44.33,51.64,16.47,41.32,17.96,76.63,76.5,21.36,20.25,52.39,77.97,40.38,23.24,10.15,18.05,14.98,65.81,29.25,8.6,12.12,110.2,60.26,22.06,76.4,45.15,36.38,53.2,11.5,50.62,76.29,14.02,8.26,23.32,15.84,25.65,18.14,8.46,13.13,44.72,62.7,14.12,33.2,127.5,60.72,17.11,,29.05,21.29
2022-08-04 07:00:00,14.8,72.97,28.76,44.47,52.78,16.62,43.17,17.99,78.07,75.92,21.51,20.15,53.25,77.21,40.23,23.71,10.34,18.13,15.63,65.43,29.37,8.71,12.26,110.2,61.03,21.74,78.5,45.15,37.13,53.34,11.42,50.5,76.01,13.98,8.34,23.32,15.97,25.7,18.35,8.74,13.64,46.41,63.1,14.04,33.2,129.2,60.63,17.58,,29.5,21.5
2022-08-05 07:00:00,14.65,74.39,28.43,44.54,51.55,16.62,42.38,17.86,76.55,76.01,21.01,19.89,53.62,75.9,39.77,23.15,10.11,17.9,15.86,64.87,29.22,8.65,12.15,108.0,61.52,22.02,82.4,45.4,37.13,53.2,11.71,50.25,75.89,13.62,8.15,23.28,16.77,25.25,18.33,8.6,13.64,46.35,62.7,13.8,33.1,129.2,60.63,17.31,,29.1,21.5
2022-08-08 07:00:00,14.65,74.3,28.47,43.91,52.87,16.74,42.71,17.96,78.75,75.92,21.49,19.76,53.12,77.28,39.7,23.66,10.23,18.09,16.05,64.58,29.29,8.68,12.26,105.8,60.93,21.86,82.0,45.4,37.35,54.07,11.79,51.3,75.09,13.73,8.24,23.21,16.94,25.65,18.73,8.7,13.62,46.41,61.9,13.96,32.85,126.9,59.89,17.61,,28.95,21.62
2022-08-09 07:00:00,14.65,74.68,28.43,44.05,51.91,16.66,43.37,17.86,82.14,76.67,21.8,19.73,53.8,77.62,40.3,23.66,10.28,18.39,16.24,65.9,29.03,8.62,12.44,106.1,61.61,21.98,83.6,45.15,37.96,53.89,11.88,51.3,73.5,13.84,8.18,23.1,16.67,25.5,18.73,8.84,13.53,46.13,61.9,13.96,32.7,126.4,59.81,18.08,,28.9,21.7
2022-08-10 07:00:00,14.68,76.38,28.14,44.12,51.38,17.48,42.91,17.71,81.29,76.67,21.4,19.73,53.31,77.42,40.08,23.62,10.28,18.47,16.01,64.49,29.18,8.44,12.37,107.0,62.29,21.74,84.0,45.15,36.95,53.52,11.71,50.56,72.7,13.87,8.13,22.92,16.7,25.3,18.45,8.81,13.41,45.56,62.3,13.85,32.8,126.0,59.97,17.81,,28.9,21.7
2022-08-11 07:00:00,14.71,76.48,28.51,44.19,50.85,18.68,42.38,17.8,80.19,76.67,21.23,19.69,53.37,78.59,40.0,23.76,10.44,18.28,16.32,65.06,29.44,8.46,12.39,107.5,62.19,21.94,84.2,45.4,37.3,53.66,11.71,50.37,73.78,14.06,8.13,23.1,16.84,25.6,18.57,8.81,13.6,46.13,61.9,13.96,33.2,126.0,59.97,17.9,,29.55,21.85
2022-08-12 07:00:00,14.56,77.71,28.43,46.62,51.03,18.52,41.38,17.62,78.41,76.67,20.85,19.5,53.19,79.97,39.39,23.33,10.38,18.2,16.63,64.21,29.25,8.41,12.21,107.2,61.71,21.17,82.0,44.98,37.22,52.65,11.67,50.31,72.9,13.87,8.0,23.06,16.64,25.65,18.33,8.57,13.39,46.07,61.5,13.74,33.1,125.2,59.39,17.55,,29.45,21.6
2022-08-15 07:00:00,14.74,76.95,29.85,46.83,51.29,18.83,42.05,18.08,80.02,76.59,21.36,19.63,54.79,79.49,40.23,23.66,10.72,18.32,16.93,64.3,29.22,8.79,12.44,108.8,62.97,21.49,82.0,45.32,37.22,52.97,11.88,51.86,74.69,14.09,8.5,23.1,16.91,26.35,18.59,8.67,13.69,46.29,62.3,14.09,33.25,125.3,59.48,17.87,,29.7,21.87
2022-08-16 07:00:00,14.62,76.19,29.81,46.83,51.03,19.65,44.63,18.11,80.44,76.09,21.34,19.63,54.97,78.66,40.83,23.29,10.76,18.7,17.32,64.49,29.52,8.71,12.35,109.2,64.91,21.74,83.0,45.57,37.96,52.88,11.79,52.41,75.29,13.91,8.69,23.06,16.7,25.8,18.52,8.6,13.57,46.13,61.8,14.2,33.2,124.3,59.81,17.81,,29.55,21.95
2022-08-17 07:00:00,14.65,77.23,29.45,46.48,50.85,20.77,45.82,18.08,80.02,76.5,21.23,19.53,54.79,79.28,40.76,23.38,10.93,18.66,16.74,64.68,29.52,8.65,12.55,111.7,64.32,21.45,84.9,48.66,38.18,52.93,11.79,52.1,75.37,13.8,8.53,23.1,16.8,25.6,18.59,8.77,13.53,45.96,61.8,14.06,33.9,124.1,59.97,17.9,,29.65,22.04
2022-08-18 07:00:00,14.8,77.14,29.09,45.79,50.42,19.53,44.76,17.9,81.8,76.01,21.12,19.53,55.16,81.35,40.0,23.1,10.97,18.43,16.4,64.11,29.78,8.54,12.55,114.9,63.74,21.01,85.4,49.08,37.52,52.65,11.54,51.98,79.05,13.73,8.42,23.1,17.04,25.65,18.66,8.5,13.46,46.13,61.8,14.04,34.65,124.1,60.8,17.81,,29.75,22.12
2022-08-19 07:00:00,14.74,77.23,29.02,45.37,50.24,19.72,46.95,17.83,81.21,77.25,21.09,19.5,54.42,81.42,40.45,22.87,10.89,18.35,16.36,64.59,29.59,8.49,12.48,113.9,63.36,20.93,84.0,48.83,38.09,52.47,11.54,51.73,78.33,13.55,8.37,22.99,17.01,25.5,18.52,8.46,13.46,46.13,61.1,13.9,34.2,124.0,61.54,18.66,,29.6,22.06
2022-08-22 07:00:00,14.53,81.12,28.54,45.79,50.42,19.76,48.34,17.43,79.43,78.32,20.74,19.76,53.68,80.73,39.62,22.54,10.66,17.98,16.17,64.59,28.99,8.41,12.68,113.8,64.81,20.97,82.8,48.08,37.92,52.93,11.38,51.67,78.05,13.18,8.4,23.83,16.94,25.2,18.47,8.26,13.22,45.84,60.4,13.69,34.0,124.0,61.79,18.54,,29.3,21.94
2022-08-23 07:00:00,14.53,85.2,28.65,45.44,50.06,19.26,48.01,17.28,77.73,77.66,20.43,19.6,53.49,80.94,39.77,22.45,10.5,17.9,16.47,63.64,28.31,8.49,12.57,113.0,65.68,20.93,82.5,47.57,38.71,52.56,11.5,52.35,77.89,13.29,8.42,23.83,16.97,25.0,18.33,8.29,13.08,45.73,59.7,13.37,32.8,123.7,62.7,18.31,,29.0,21.79
2022-08-24 07:00:00,14.59,85.2,28.87,45.44,50.5,19.65,48.34,17.53,81.29,77.66,21.36,19.63,53.99,82.45,39.85,22.68,10.64,17.98,16.7,63.92,28.54,8.54,12.66,114.0,65.1,21.25,82.9,47.57,38.97,54.12,11.79,52.91,76.81,13.26,8.48,23.83,17.17,25.55,18.78,8.36,13.2,46.63,59.8,13.56,32.9,123.7,64.68,18.54,,28.9,21.93
2022-08-25 07:00:00,14.65,88.32,28.65,45.58,50.5,19.68,48.67,17.62,84.34,77.49,22.5,19.5,53.93,82.11,40.15,23.8,10.78,18.2,16.97,63.83,28.76,8.65,12.79,113.4,66.55,21.17,84.9,47.49,38.97,53.98,11.83,52.97,77.01,13.55,8.53,23.76,17.37,25.65,18.75,8.6,13.5,46.24,61.2,13.72,32.95,123.5,64.68,18.98,,29.2,22.2
2022-08-26 07:00:00,14.82,86.24,29.12,45.23,51.2,19.72,47.68,17.74,83.41,77.41,23.34,20.47,54.61,80.38,40.23,23.85,10.89,18.17,16.78,63.64,28.95,8.65,12.93,113.5,70.82,21.13,84.8,47.41,38.8,54.81,12.04,52.91,75.29,13.44,8.64,23.76,17.14,25.8,18.87,8.88,13.5,47.08,61.4,13.72,33.0,123.7,64.52,19.13,,29.35,22.31
2022-08-29 07:00:00,14.47,84.82,28.51,44.47,50.59,18.52,46.22,17.31,82.73,76.42,24.22,20.25,54.12,81.07,39.32,23.33,10.6,17.6,16.09,63.36,28.58,8.38,12.71,113.8,71.69,20.72,82.9,46.57,37.87,53.43,11.75,51.98,75.85,13.04,8.32,23.61,16.3,24.85,18.47,8.43,13.13,46.41,59.8,13.64,32.2,122.8,63.03,18.49,,28.6,22.0
2022-08-30 07:00:00,14.56,86.71,29.34,45.3,50.85,18.52,46.88,17.53,86.2,76.42,24.88,20.15,54.12,82.8,39.24,24.92,10.74,17.64,16.2,63.54,28.58,8.54,12.93,114.8,72.66,20.97,82.7,46.4,38.18,53.66,11.75,53.09,75.49,13.8,8.42,23.69,16.57,25.1,18.49,8.43,13.18,48.38,60.4,13.67,32.05,122.5,63.11,18.78,,28.8,22.05
2022-08-31 07:00:00,14.5,87.18,29.16,45.23,52.17,18.44,47.94,17.5,85.44,75.59,24.44,19.92,54.12,82.11,38.86,25.06,10.89,17.52,16.24,63.64,28.35,8.49,12.95,115.5,71.69,22.14,82.9,46.65,37.26,52.65,11.92,53.78,75.25,13.55,8.34,23.65,16.17,24.9,18.49,8.39,13.15,48.66,61.4,13.37,32.85,121.9,63.11,18.66,,28.4,22.06
2022-09-05 07:00:00,14.5,88.13,29.05,46.76,52.87,18.95,47.81,17.4,86.8,76.01,24.92,20.02,53.93,81.07,39.24,25.58,10.89,18.24,17.05,64.02,28.13,8.6,12.93,115.8,71.59,22.99,82.4,46.32,37.39,52.65,11.79,54.02,75.13,13.33,8.34,23.54,16.24,24.85,18.38,8.39,13.32,47.42,61.8,13.35,32.6,121.5,64.27,18.66,,28.0,22.08
2022-09-06 07:00:00,14.47,86.05,29.41,45.51,52.78,18.79,48.2,17.59,87.64,76.01,24.66,19.86,53.74,81.28,39.09,24.97,10.95,18.32,17.39,63.64,27.79,8.62,12.93,116.6,71.01,23.4,82.4,46.4,37.13,52.65,12.17,54.64,76.17,13.29,8.4,23.5,16.14,25.05,18.42,8.33,13.15,47.25,61.5,13.16,32.4,120.0,65.26,18.66,,28.05,22.06
2022-09-07 07:00:00,14.41,83.87,28.94,44.95,52.17,18.33,47.21,17.43,85.27,76.01,23.65,19.82,53.43,80.04,38.56,25.16,11.11,18.01,17.2,63.64,27.26,8.6,12.87,115.4,70.52,23.23,83.9,46.15,36.38,52.33,12.0,53.4,75.49,13.15,8.32,23.47,16.0,25.45,18.28,8.26,13.03,46.41,61.1,13.45,31.7,119.2,64.27,18.43,,28.25,21.94
2022-09-08 07:00:00,14.33,84.06,27.82,43.57,50.33,17.48,45.69,16.94,82.82,76.01,23.43,19.92,52.87,78.31,37.31,24.41,11.01,17.75,16.74,63.64,26.81,8.41,12.57,115.0,70.04,22.91,86.1,45.65,35.46,51.6,11.75,51.86,77.13,12.86,7.97,23.47,15.37,24.7,17.9,8.02,12.8,45.51,59.8,13.16,31.8,115.0,63.19,17.9,,27.95,21.82
2022-09-09 07:00:00,14.18,87.18,26.91,43.15,49.8,17.75,45.36,16.7,83.41,74.68,23.65,19.99,52.87,78.66,37.57,23.71,10.6,18.01,16.47,64.21,26.7,8.01,12.41,117.0,70.14,23.6,85.3,45.4,35.28,51.78,11.75,52.66,78.09,12.86,7.65,23.43,14.83,24.05,17.81,7.84,12.75,44.61,60.2,12.63,32.2,118.1,63.19,18.08,,27.8,21.57
2022-09-12 07:00:00,14.18,86.24,27.2,44.33,50.24,17.79,46.28,16.73,86.62,77.0,24.22,19.95,53.0,79.63,37.57,24.04,10.76,18.39,17.01,63.83,26.96,8.01,12.44,116.5,73.04,24.69,84.9,44.98,35.99,52.24,11.96,53.53,79.01,13.04,7.78,23.39,15.04,23.9,17.86,7.84,12.66,44.83,61.8,12.71,32.45,118.0,62.95,18.28,,28.8,21.79
2022-09-13 07:00:00,14.06,86.24,27.02,43.36,49.98,17.2,46.35,16.97,87.22,76.83,23.52,20.54,53.06,79.21,37.53,23.47,10.6,18.17,16.55,63.83,27.04,8.03,12.3,116.4,72.07,24.85,84.0,45.4,35.55,52.19,11.83,53.22,78.57,12.82,7.7,23.14,14.73,23.45,17.76,7.78,12.66,44.66,61.5,12.5,32.15,118.0,62.78,18.02,,29.2,21.7
2022-09-14 07:00:00,13.83,86.71,26.48,43.22,49.8,17.67,47.01,16.7,86.12,75.84,23.07,21.48,52.56,78.45,37.8,23.38,10.38,18.01,16.78,63.07,26.92,8.06,12.14,114.0,71.59,25.54,83.9,43.23,34.93,51.64,11.92,53.16,75.89,12.53,7.62,23.06,14.8,23.05,17.48,7.6,12.52,44.72,60.3,12.29,31.85,116.5,61.96,17.78,,28.7,21.6
2022-09-15 07:00:00,13.83,92.78,26.69,44.19,49.98,18.21,48.8,16.76,87.13,75.26,23.82,22.98,52.56,78.8,37.95,24.27,10.52,18.09,17.15,62.69,26.89,8.06,12.2,114.5,72.46,24.61,85.5,43.14,34.93,51.69,12.21,53.59,75.09,12.6,7.65,23.1,14.77,23.35,17.5,7.64,12.78,44.61,60.5,12.36,32.0,116.5,62.12,18.05,,29.0,21.8
2022-09-16 07:00:00,13.83,94.67,26.26,43.71,49.8,18.21,47.74,16.51,85.95,76.01,23.29,23.4,52.19,77.97,37.57,23.76,10.4,17.86,16.6,62.12,26.7,7.95,12.09,112.8,71.4,25.5,86.4,44.73,34.67,53.16,12.21,53.34,75.45,12.42,7.59,23.1,14.5,23.0,17.31,7.53,12.54,45.0,61.1,12.21,32.25,116.0,62.78,18.31,,29.85,21.43
2022-09-19 07:00:00,13.59,96.47,25.71,43.71,49.19,17.4,47.01,16.05,83.32,75.1,22.9,22.88,52.0,77.83,37.19,23.01,10.32,17.6,15.95,61.74,25.91,7.68,11.79,113.5,70.52,25.82,86.8,44.31,34.63,52.15,11.88,52.29,74.89,12.28,7.38,23.1,14.13,22.65,17.01,7.36,12.29,45.11,59.8,11.99,31.65,116.1,62.53,18.19,,29.35,21.24
2022-09-20 07:00:00,13.45,93.82,25.57,42.94,47.78,16.51,45.56,15.96,81.97,75.02,22.15,23.07,52.13,75.9,36.43,22.12,10.15,17.41,15.03,61.74,25.42,7.6,11.55,113.4,69.75,24.69,85.0,43.39,33.62,51.83,11.42,51.92,75.69,12.17,7.19,23.14,13.86,22.3,16.79,7.19,11.87,45.0,59.3,11.83,31.95,116.1,62.95,17.78,,29.15,21.03
2022-09-21 07:00:00,13.39,93.63,25.46,42.8,48.31,17.01,45.76,15.93,81.54,74.44,22.11,23.01,51.82,75.83,36.58,22.26,10.17,17.37,15.03,61.74,25.05,7.6,11.47,113.4,68.78,24.93,84.7,43.23,33.62,52.42,11.34,51.92,75.69,12.2,7.17,23.1,13.9,22.1,16.58,7.43,11.87,44.78,58.9,11.73,31.8,116.0,64.1,17.61,,28.85,20.99
2022-09-22 07:00:00,13.36,92.4,25.61,42.32,48.75,17.32,45.03,15.72,81.29,74.19,22.28,22.78,51.63,76.87,37.31,22.12,10.07,17.48,15.26,60.79,23.92,7.6,11.49,111.5,68.59,25.78,84.6,43.23,33.31,52.42,11.3,52.29,75.65,12.28,7.19,23.03,14.17,21.95,16.37,7.71,11.84,44.21,58.0,11.94,31.65,115.0,63.69,17.4,,28.65,20.85
2022-09-23 07:00:00,13.45,91.83,25.82,41.9,51.73,17.55,46.81,15.72,81.21,74.19,22.59,23.01,51.69,79.0,37.57,22.4,10.11,17.56,15.22,60.6,24.07,7.63,11.55,110.0,67.91,26.19,85.2,43.23,33.05,52.52,11.34,52.48,75.09,12.57,7.19,22.88,14.23,22.0,16.34,7.81,11.87,43.71,57.7,11.94,31.65,114.4,63.86,17.37,,28.65,20.83
2022-09-26 07:00:00,13.18,89.55,24.84,41.62,52.17,16.58,45.36,15.16,78.07,73.12,21.53,23.33,51.01,78.8,36.66,21.65,9.85,17.11,14.62,60.79,23.06,7.31,11.3,109.5,66.07,25.18,84.5,42.39,32.39,51.83,11.01,50.99,75.09,12.31,6.9,22.73,13.56,21.0,15.99,7.95,11.63,43.31,57.0,12.21,31.3,111.9,62.95,16.7,,28.2,20.64
2022-09-27 07:00:00,13.15,88.61,24.7,41.07,51.38,15.96,46.09,14.67,74.43,73.45,21.07,23.33,51.01,78.66,36.28,21.6,9.94,17.03,14.25,60.41,22.46,7.23,11.01,108.6,65.87,26.39,84.9,42.14,31.99,51.64,10.97,49.38,74.45,12.17,6.87,22.4,13.36,20.8,16.01,8.43,11.63,42.75,55.9,12.5,31.1,110.7,61.87,16.43,,27.4,20.29
2022-09-28 07:00:00,13.04,87.75,24.59,40.93,50.42,15.73,44.7,14.58,70.62,73.2,21.07,23.24,50.01,77.42,36.24,21.32,9.82,16.99,14.2,60.32,22.72,7.23,10.95,105.9,64.91,25.91,84.8,42.06,31.07,51.32,10.84,48.89,73.82,11.99,6.84,22.44,13.4,20.6,15.92,8.53,11.56,42.19,54.0,12.42,30.4,110.5,60.3,16.52,,27.1,20.3
2022-09-29 07:00:00,12.98,87.94,24.74,40.79,49.89,16.0,42.05,14.67,68.17,73.2,21.31,23.89,49.82,74.31,36.24,21.14,9.87,16.88,14.25,60.32,23.17,7.17,10.95,104.1,64.42,24.21,85.4,42.81,31.42,51.46,10.84,48.27,74.13,12.02,6.84,22.48,13.5,20.7,15.92,8.22,11.68,42.75,52.5,12.31,29.1,111.1,60.72,16.56,,27.8,20.18
2022-09-30 07:00:00,13.15,85.86,24.59,39.96,47.7,15.19,38.4,14.27,65.71,71.55,21.09,23.66,50.26,77.28,36.51,19.59,9.89,16.39,13.7,59.56,21.97,6.99,10.82,103.2,62.19,23.48,85.5,42.81,29.89,50.91,10.39,47.65,74.49,11.77,6.71,22.44,13.23,20.8,15.68,7.78,11.73,41.79,52.0,11.81,28.2,113.0,60.55,16.08,,28.0,20.0
2022-10-03 07:00:00,13.07,86.05,24.37,40.58,47.35,14.92,38.4,14.12,68.17,72.87,20.61,22.49,49.95,75.21,37.68,19.59,9.77,16.05,13.65,59.46,21.03,7.09,10.76,98.5,60.93,22.79,85.0,42.72,30.15,49.03,10.26,47.59,74.29,11.8,6.71,22.44,13.13,20.4,15.4,8.05,11.73,41.51,50.8,11.73,27.75,111.0,59.89,15.73,,27.9,19.88
2022-10-04 07:00:00,12.86,85.29,23.25,38.57,44.98,14.34,36.68,13.94,64.86,70.88,19.57,22.23,49.14,75.21,37.42,18.61,9.69,15.33,12.96,59.94,20.28,6.77,10.38,95.0,59.38,22.1,82.9,43.06,29.23,46.74,9.85,46.54,75.45,11.3,6.52,22.4,12.76,19.75,14.64,7.71,11.4,40.44,50.7,11.7,28.5,112.9,59.31,15.46,,27.0,18.98
2022-10-05 07:00:00,12.57,86.71,23.21,38.99,44.89,14.26,35.36,13.63,66.3,71.22,19.49,22.59,49.45,75.14,37.91,17.96,9.72,14.65,12.6,61.74,20.95,6.53,10.52,93.3,61.13,22.51,82.6,43.23,29.23,48.16,10.1,47.96,76.29,11.55,6.36,22.0,12.56,19.5,14.67,7.71,11.28,40.5,53.8,11.68,30.45,116.8,59.48,15.37,,27.9,19.13
2022-10-06 07:00:00,12.42,85.29,23.18,39.54,44.63,14.88,35.76,13.66,66.39,71.79,19.57,24.02,49.08,74.86,38.1,17.91,9.69,14.61,12.55,61.74,20.65,6.48,10.36,91.5,60.35,22.91,82.9,42.81,29.4,47.7,10.06,47.96,74.49,11.55,6.31,22.15,12.46,19.35,14.55,7.67,11.31,40.5,54.1,11.38,31.0,115.0,58.98,15.07,,27.5,19.27
2022-10-07 07:00:00,11.66,84.25,22.2,39.27,42.7,14.18,33.51,13.08,59.7,69.4,18.94,24.18,47.4,73.76,37.58,16.55,9.18,13.47,11.4,60.88,19.38,5.91,9.63,86.6,56.09,22.41,80.2,42.31,28.7,48.16,9.52,45.85,74.69,10.9,5.78,21.89,11.43,17.6,13.65,6.98,10.82,39.15,53.8,10.96,30.35,115.0,58.9,14.45,,27.15,18.65
2022-10-10 07:00:00,11.19,83.58,22.09,39.61,44.37,14.07,32.38,12.86,60.97,69.31,19.31,24.18,46.96,75.28,38.55,16.09,8.8,14.08,11.58,60.6,19.9,5.59,9.41,87.0,55.51,23.15,78.0,41.89,29.67,48.57,9.19,48.08,74.33,10.79,5.56,21.56,11.83,17.25,12.73,6.88,10.14,38.08,53.9,10.85,30.45,114.7,59.06,14.01,,27.2,
2022-10-11 07:00:00,10.96,83.58,21.76,39.68,43.84,14.03,31.45,12.74,61.39,68.49,20.08,24.18,46.03,75.28,38.01,15.81,8.67,13.93,12.23,60.32,19.6,5.43,9.36,80.1,55.8,22.53,75.8,41.97,30.11,48.75,9.1,47.52,74.09,10.39,5.37,21.3,11.63,17.0,12.19,6.88,9.34,37.13,52.6,10.53,30.05,111.8,59.06,13.52,,25.6,17.5
2022-10-12 07:00:00,10.96,81.19,22.09,39.2,43.4,13.76,30.26,12.98,63.17,70.88,20.48,24.18,45.6,74.38,37.89,15.74,8.67,14.15,12.5,59.84,19.6,5.43,9.28,82.5,56.96,21.99,78.0,41.8,30.06,48.57,9.02,47.65,74.89,10.17,5.37,21.89,11.56,16.95,12.0,6.83,9.58,36.73,52.9,10.91,30.1,108.9,59.23,14.27,,24.85,17.61
2022-10-13 07:00:00,11.69,81.19,23.54,40.58,43.4,13.83,30.66,13.75,64.61,69.56,20.7,24.57,45.41,74.66,37.74,15.64,8.85,14.84,12.87,58.98,19.98,5.56,9.49,82.0,56.38,21.87,75.9,41.05,29.84,48.39,8.9,47.77,75.89,10.17,5.59,21.96,11.83,17.7,11.95,6.81,9.62,37.41,52.8,10.61,30.5,109.9,60.96,14.27,,25.6,17.7
2022-10-14 07:00:00,12.25,81.57,24.08,41.28,44.54,13.68,31.92,14.09,68.33,70.22,21.25,24.7,46.34,76.04,37.81,16.03,8.9,15.06,13.06,60.79,20.32,5.86,9.9,81.0,58.42,22.28,76.0,41.3,30.06,48.57,9.1,47.96,77.09,10.46,5.88,21.93,12.3,18.1,12.52,6.88,9.83,38.53,53.1,11.17,30.25,109.0,61.54,14.54,,26.0,18.14
2022-10-17 07:00:00,12.3,80.24,23.9,41.62,44.45,13.45,31.68,13.97,70.37,69.07,21.58,24.05,45.97,78.11,37.35,15.93,8.62,14.65,12.96,60.41,19.79,5.96,9.63,80.5,57.74,22.57,76.0,41.47,29.54,48.25,9.23,49.63,75.81,10.06,6.2,21.89,12.03,18.15,12.05,6.74,9.62,38.25,51.5,10.72,29.5,109.0,62.04,14.23,,24.9,17.94
2022-10-18 07:00:00,12.6,83.1,24.26,41.97,45.24,14.14,32.31,14.36,71.89,68.98,21.93,24.05,46.84,78.11,37.7,16.46,8.64,14.91,13.24,59.84,20.13,6.13,9.84,83.2,58.61,23.11,75.1,41.8,29.58,49.44,9.43,50.06,75.81,10.39,6.36,21.85,12.36,18.65,12.24,7.05,9.79,38.25,50.5,10.88,29.3,110.0,63.61,14.41,,25.8,18.14
2022-10-19 07:00:00,12.66,82.14,24.3,42.25,44.98,14.57,31.78,14.33,71.04,71.88,21.45,24.34,47.4,77.97,37.74,16.27,8.75,14.27,12.78,58.89,19.83,6.02,9.63,82.5,57.64,22.82,75.0,41.39,29.67,49.3,9.27,49.75,76.25,10.46,6.12,21.74,12.03,17.85,12.05,6.95,9.67,38.25,50.5,10.93,29.35,109.4,63.44,14.19,,25.85,18.01
2022-10-20 07:00:00,12.6,81.19,24.66,42.25,45.07,14.03,31.52,14.55,69.69,74.35,21.29,24.05,48.83,76.59,37.97,16.03,8.67,14.08,12.6,58.89,19.41,5.88,9.46,80.8,57.16,22.2,75.1,41.3,29.8,49.81,9.14,50.74,76.65,10.39,6.02,21.63,11.93,17.75,11.86,6.78,9.65,39.38,50.0,10.88,29.35,110.0,64.02,14.23,,25.35,17.98
2022-10-21 07:00:00,12.51,80.33,24.05,42.25,44.63,13.68,31.06,14.27,66.9,76.83,20.81,23.98,48.33,77.69,37.85,15.64,8.67,13.85,12.41,58.89,19.15,5.86,9.33,81.0,56.48,21.87,75.0,40.97,29.58,49.72,9.02,50.5,77.89,10.39,5.94,21.63,11.66,17.25,11.74,6.74,9.72,39.77,49.95,10.67,29.25,109.3,64.76,14.1,,25.0,17.83
2022-10-24 07:00:00,12.01,79.85,23.9,42.46,43.05,12.86,28.8,13.5,65.03,74.44,19.93,23.92,46.34,75.14,36.1,14.59,8.46,12.91,11.4,59.18,18.1,5.53,8.9,75.8,53.28,22.24,75.0,40.55,28.26,48.16,8.73,48.95,81.08,10.17,5.72,21.3,10.96,16.35,11.03,6.46,9.41,39.09,47.95,10.22,28.3,108.9,63.77,13.79,,24.65,17.35
2022-10-25 07:00:00,12.22,78.32,23.54,42.39,44.63,12.4,28.08,13.78,65.71,73.45,19.77,25.35,46.34,75.21,33.53,13.91,8.41,13.25,11.45,58.89,16.9,5.37,9.0,75.0,52.31,22.08,75.0,39.13,25.98,48.16,8.52,49.5,76.89,9.77,5.64,21.27,10.72,15.85,10.61,5.98,9.65,39.71,44.7,10.51,28.15,108.0,63.44,14.14,,23.65,17.0
2022-10-26 07:00:00,12.25,78.23,23.57,44.53,44.89,12.17,27.74,14.24,65.46,73.12,20.04,26.0,46.34,74.66,33.73,13.43,8.21,13.17,11.77,59.74,16.86,5.62,9.09,78.0,50.86,22.2,75.3,38.88,24.97,47.7,8.44,49.13,77.33,9.3,5.8,21.6,10.42,15.4,10.3,5.75,9.55,39.71,44.6,10.35,28.05,108.8,63.11,13.88,,23.2,17.4
2022-10-27 07:00:00,12.92,78.13,24.59,46.14,46.47,12.4,28.54,14.7,67.4,72.7,20.26,27.3,47.4,76.73,35.71,13.82,8.46,13.32,12.09,59.84,17.42,5.94,9.46,83.0,52.22,22.16,74.9,37.96,25.63,48.02,8.69,50.37,75.45,9.81,5.96,22.73,10.59,16.05,10.79,5.55,9.81,41.01,44.6,10.56,27.5,108.4,64.85,14.58,,23.75,17.34
2022-10-28 07:00:00,13.21,78.32,25.35,46.66,47.08,12.75,29.86,15.29,68.17,72.7,20.56,27.56,47.46,76.59,36.18,14.49,8.57,13.36,12.32,58.98,17.87,6.23,9.82,83.9,52.7,22.37,74.0,37.88,25.98,48.07,8.77,50.74,76.13,10.1,6.15,22.73,10.96,16.85,11.53,5.87,10.04,41.91,46.3,10.91,27.9,108.8,64.93,14.89,,24.8,17.84
2022-10-31 07:00:00,13.18,78.13,25.28,45.92,46.29,12.24,29.14,15.13,66.13,72.7,19.73,25.35,47.27,76.66,36.34,14.11,8.46,12.11,10.94,58.7,17.27,6.31,9.68,86.0,51.25,21.83,71.9,37.54,25.45,48.35,8.57,50.19,75.29,9.81,6.18,22.73,10.96,16.5,11.72,5.71,9.81,41.34,46.8,10.56,28.2,108.0,64.85,14.63,,24.6,17.58
2022-11-01 07:00:00,13.48,77.85,25.5,47.68,46.82,12.4,28.8,15.62,65.96,71.88,19.75,24.34,47.77,78.31,36.18,14.3,8.7,12.11,11.17,58.89,17.57,6.58,9.95,87.2,50.86,21.78,71.4,36.62,25.89,47.75,8.69,49.44,74.65,9.88,6.39,22.73,11.39,17.25,12.28,5.71,10.33,42.19,46.2,10.85,27.9,108.0,68.15,15.37,,26.3,17.81
2022-11-02 07:00:00,13.15,77.46,24.92,48.85,46.56,12.67,28.6,15.07,64.02,71.05,19.38,23.4,47.27,78.31,36.02,14.11,8.49,11.88,11.4,58.8,17.39,6.5,9.84,87.0,48.73,21.74,70.0,36.87,26.07,47.61,8.61,48.89,73.33,9.81,6.26,22.73,11.39,17.3,12.19,5.7,10.51,41.91,45.5,11.28,27.7,106.8,66.33,15.68,,26.3,17.67
2022-11-03 07:00:00,12.89,76.7,24.52,46.8,46.03,12.98,28.67,14.8,62.75,71.55,18.74,22.75,47.09,77.42,36.8,13.91,8.39,11.69,11.45,59.36,17.31,6.37,9.74,85.4,48.73,21.33,68.2,34.78,25.94,48.07,8.44,47.65,73.1,9.81,6.1,22.7,11.23,17.45,12.21,5.54,10.33,41.29,45.35,11.04,27.55,104.5,66.66,15.55,,26.0,17.55
2022-11-04 07:00:00,12.54,74.5,24.41,45.56,45.59,12.67,27.81,15.04,61.82,70.72,18.72,22.29,46.03,77.28,37.89,13.72,8.16,11.47,10.89,58.89,17.16,6.34,9.68,85.4,46.5,20.58,59.9,31.35,25.67,47.56,8.36,46.66,73.9,9.59,6.15,22.4,10.89,17.25,12.05,5.4,9.95,40.78,44.8,10.77,27.45,102.6,66.91,15.33,,26.05,17.6
2022-11-07 07:00:00,12.3,71.64,24.74,45.05,44.45,11.78,26.09,15.04,60.8,70.22,18.43,21.45,46.03,78.31,37.31,13.1,8.01,11.2,10.3,58.89,15.55,6.23,9.6,88.0,45.1,19.92,55.8,29.18,25.89,45.3,8.23,43.38,73.5,9.37,6.1,22.33,10.36,16.7,12.19,5.07,10.02,41.06,44.0,10.45,27.0,102.0,67.9,15.29,,26.45,17.05
2022-11-08 07:00:00,12.74,71.35,25.39,41.54,44.63,11.24,23.51,14.82,60.46,69.15,18.45,19.5,45.97,79.35,37.5,12.52,7.39,10.37,9.24,58.42,15.92,6.1,9.44,87.8,44.17,19.09,51.9,27.17,25.89,45.2,8.65,43.19,73.58,8.75,6.02,22.66,10.12,16.55,11.76,4.99,9.67,42.19,43.8,9.9,26.65,102.7,68.07,15.2,,25.75,16.7
2022-11-09 07:00:00,12.72,71.92,26.69,41.46,46.21,11.62,23.31,15.26,60.8,69.23,18.94,19.43,46.22,81.07,37.27,13.0,7.65,10.29,9.29,58.89,15.73,6.37,9.49,87.5,45.0,19.54,48.3,25.29,26.63,45.11,9.06,43.56,74.21,9.01,6.07,22.44,10.42,17.05,11.86,5.33,9.81,41.74,45.0,10.03,27.15,102.0,67.9,15.55,,26.15,16.91
2022-11-10 07:00:00,12.25,71.35,26.08,40.51,44.89,10.89,22.05,14.92,59.1,69.15,18.5,16.87,45.84,80.59,35.48,12.72,7.52,9.69,8.46,59.74,14.8,6.13,9.14,87.1,43.55,19.05,44.95,23.54,26.44,45.3,8.94,42.57,74.29,8.72,5.88,22.07,9.89,16.25,11.38,5.22,9.39,41.57,44.1,9.66,27.0,101.7,66.91,15.33,,25.6,16.75
2022-11-11 07:00:00,12.42,70.3,26.48,40.15,43.75,10.58,20.56,14.92,57.16,70.39,17.92,16.25,45.78,80.38,35.25,12.24,7.62,9.57,8.27,58.89,15.25,6.02,9.03,86.6,43.01,19.05,41.85,21.91,25.35,45.2,8.94,42.88,76.65,8.72,5.7,22.04,9.76,16.2,11.31,5.08,9.58,42.47,44.55,9.53,27.4,101.7,66.42,14.98,,25.4,16.38
2022-11-14 07:00:00,12.13,69.25,26.77,38.39,42.96,9.26,17.91,14.95,48.44,68.98,17.17,14.62,45.04,80.04,34.78,11.18,7.5,9.42,7.4,58.22,15.55,5.7,8.63,92.5,41.41,19.09,38.95,20.4,24.71,46.22,8.73,42.82,78.25,8.43,5.37,22.0,9.69,16.1,10.58,4.36,9.23,43.03,44.9,9.37,27.75,102.0,67.74,14.23,,25.35,15.92
2022-11-15 07:00:00,11.98,69.16,25.93,38.32,41.82,8.37,16.69,14.67,45.05,68.57,15.5,13.62,43.54,79.0,32.68,10.41,7.44,9.5,7.31,57.28,15.28,5.48,8.22,89.8,38.27,18.84,36.25,18.98,23.79,45.76,8.4,42.64,77.85,8.03,5.26,21.85,9.52,16.0,10.42,4.06,9.3,42.98,43.85,9.13,28.75,102.0,65.59,13.83,,25.4,15.8
2022-11-16 07:00:00,11.95,71.64,25.9,39.71,41.56,8.91,17.84,15.29,48.18,67.33,16.27,12.67,43.54,80.73,32.29,10.27,7.6,10.1,7.23,57.28,15.58,5.51,8.17,90.9,39.19,18.84,33.75,17.68,23.88,44.84,8.4,42.14,74.29,8.03,5.07,22.04,9.92,16.15,10.44,4.19,9.81,43.88,45.0,9.63,30.45,108.9,65.09,13.79,,26.65,16.2
2022-11-17 07:00:00,12.51,75.46,26.48,40.59,42.57,9.38,18.87,15.84,51.48,68.74,17.26,13.0,44.79,82.8,33.69,10.94,7.93,10.79,7.73,57.28,16.22,5.89,8.6,97.0,41.56,19.34,31.4,16.47,24.2,46.22,8.65,42.7,77.25,8.28,5.35,22.15,10.59,17.25,10.89,4.48,10.04,43.09,47.95,9.98,32.3,102.6,64.68,13.97,,28.4,16.68
2022-11-18 07:00:00,12.57,76.13,26.15,39.93,42.66,9.34,19.53,15.35,50.04,69.15,16.65,12.61,44.79,82.39,33.46,11.66,7.8,11.5,8.27,56.99,16.82,6.21,8.76,97.5,40.93,19.75,29.25,15.34,23.88,47.1,8.48,42.76,74.09,8.24,5.46,22.18,11.09,17.65,11.03,4.79,9.76,43.26,48.8,9.87,33.45,102.4,64.27,13.88,,28.3,16.68
2022-11-21 07:00:00,12.42,73.74,26.48,39.85,42.96,9.96,19.53,15.22,46.83,68.74,16.54,13.13,44.66,79.0,34.16,12.48,7.8,11.54,8.84,56.04,16.97,6.27,8.71,95.2,40.64,20.12,27.25,14.3,23.56,47.61,8.69,43.44,73.5,8.63,5.62,22.11,11.02,17.4,10.91,5.12,9.67,43.03,48.0,10.03,33.35,102.2,64.35,13.83,,27.5,16.7
2022-11-22 07:00:00,12.51,74.22,26.66,40.07,43.14,10.62,20.16,15.29,45.3,68.32,16.43,12.54,44.79,79.28,34.0,13.15,7.75,11.69,9.33,57.94,17.72,6.43,8.9,98.0,40.3,20.42,28.3,13.34,24.43,48.86,8.94,43.63,73.9,8.71,5.75,22.04,11.36,17.85,10.89,5.48,9.9,42.75,48.5,10.08,32.95,102.3,66.25,14.49,,28.0,16.8
2022-11-23 07:00:00,12.28,71.64,27.56,40.22,43.05,10.07,20.39,15.19,45.13,68.16,16.23,12.93,44.16,77.07,34.08,12.43,7.65,11.24,8.73,58.7,16.86,6.34,8.71,92.9,39.62,21.16,25.0,12.42,25.16,48.86,8.9,43.63,73.1,8.71,5.78,21.93,10.99,17.9,10.58,5.75,9.72,41.34,46.0,9.76,31.3,101.1,65.84,13.74,,26.85,16.2
2022-11-24 07:00:00,12.42,71.64,27.85,38.61,42.87,9.45,19.93,15.1,44.2,68.32,16.1,12.51,44.16,75.21,35.87,12.57,7.6,10.9,8.48,58.89,16.6,6.21,8.57,91.5,37.97,21.66,21.95,11.58,25.3,49.23,8.77,43.44,73.1,8.56,5.56,21.78,10.69,18.2,10.49,5.61,9.46,41.63,45.5,9.53,31.05,101.2,67.08,13.44,,27.55,16.1
2022-11-25 07:00:00,12.6,71.64,29.02,40.07,43.96,9.88,20.2,15.84,44.54,67.75,16.56,12.51,44.79,74.17,37.89,13.19,7.62,11.58,9.07,58.7,16.86,6.58,8.76,94.5,37.1,21.16,20.45,10.79,25.85,50.47,8.98,43.69,72.78,9.02,5.72,21.85,11.43,18.95,10.87,5.93,9.51,41.4,47.05,9.71,32.5,102.0,68.32,13.66,,27.7,16.41
2022-11-28 07:00:00,13.04,73.55,29.45,40.88,44.8,10.54,21.59,16.85,45.64,68.57,17.44,12.64,46.34,77.35,37.27,13.63,7.93,12.38,9.7,58.7,18.02,7.02,9.3,97.2,39.14,21.45,21.2,10.03,26.86,50.84,9.35,45.17,71.9,9.64,6.12,22.04,12.2,19.75,11.62,6.34,9.95,43.31,50.2,10.24,33.55,102.6,68.89,14.27,,29.3,17.18
2022-11-29 07:00:00,13.04,75.46,29.74,40.59,44.8,11.12,22.45,16.82,48.77,68.57,17.97,13.52,46.59,78.59,36.8,13.77,8.03,13.21,10.3,58.51,19.26,7.14,9.44,99.0,41.46,21.41,21.85,10.7,27.36,52.23,9.48,45.79,71.86,9.8,6.31,22.11,12.8,19.95,12.09,6.47,10.09,44.89,53.1,10.24,34.7,102.9,68.81,14.41,,30.5,17.34
2022-11-30 07:00:00,13.15,78.32,30.68,43.36,45.79,11.35,23.18,17.19,51.57,71.05,18.19,14.46,46.59,77.28,38.12,14.01,8.03,13.93,10.48,58.51,20.58,7.26,9.49,102.0,43.59,22.57,23.35,11.41,27.22,52.65,9.72,45.79,72.18,10.11,6.31,22.11,12.96,20.2,12.24,6.43,10.51,45.56,54.5,10.75,35.1,103.1,68.56,14.98,,31.0,17.8
2022-12-01 07:00:00,13.39,77.75,30.1,44.53,45.74,11.9,24.43,17.0,54.11,71.79,18.21,14.82,47.15,77.28,37.42,14.54,8.24,14.87,11.03,59.74,22.01,7.54,9.95,102.0,44.17,22.99,24.95,12.21,28.37,52.83,9.85,46.41,72.1,10.81,6.64,22.22,13.13,21.1,13.09,6.65,10.63,45.79,56.2,11.12,34.8,103.3,68.48,15.33,,30.8,18.26
2022-12-02 07:00:00,13.77,77.18,29.96,42.34,45.27,12.01,24.5,17.16,52.5,69.73,18.36,14.07,48.33,77.97,36.8,14.87,8.41,14.72,11.31,59.18,21.86,7.51,10.17,103.9,45.53,22.28,24.05,13.04,28.78,53.39,9.68,48.27,72.22,10.81,6.89,22.33,13.0,20.85,13.7,6.35,10.65,47.81,57.2,11.36,34.4,106.5,69.39,15.33,,31.55,18.5
2022-12-05 07:00:00,14.06,78.52,30.47,42.41,47.24,12.4,25.0,17.56,54.28,70.88,18.94,14.69,49.14,78.38,38.12,15.4,8.75,15.44,12.09,59.84,23.36,8.04,10.44,110.0,47.32,22.82,24.7,13.92,29.51,53.16,9.89,49.5,72.3,10.93,7.26,22.51,13.9,22.3,14.08,6.57,11.21,48.94,58.3,11.81,35.0,108.3,70.71,16.21,,31.65,19.1
2022-12-06 07:00:00,13.92,77.46,29.81,41.39,46.96,11.78,24.04,17.56,56.56,71.05,19.33,14.36,49.08,78.31,38.83,14.87,8.9,15.1,12.14,59.18,23.24,8.47,10.3,105.5,45.72,22.82,21.2,14.26,29.19,53.29,9.56,49.69,71.9,10.73,7.08,22.55,14.0,22.65,13.7,6.06,10.82,47.93,58.3,11.68,34.25,107.7,70.3,16.39,,30.95,18.9
2022-12-07 07:00:00,13.18,76.41,28.65,41.68,45.46,10.97,22.25,17.07,54.19,70.47,19.16,13.32,47.65,76.93,37.97,14.2,8.41,14.49,11.35,58.8,23.21,8.22,9.68,106.0,43.59,22.82,19.4,13.21,27.63,52.14,9.23,48.58,71.86,10.19,6.68,22.44,13.33,20.9,12.83,5.71,10.18,46.13,56.7,10.99,35.6,106.2,69.64,14.98,,30.2,18.11
2022-12-08 07:00:00,13.95,76.8,29.89,43.07,46.3,10.97,22.71,17.74,55.72,71.55,19.6,13.55,49.02,76.52,38.36,14.35,8.54,14.65,11.4,58.6,22.87,8.47,10.01,105.0,45.53,22.7,18.9,14.13,28.37,51.31,9.39,48.58,71.9,10.38,6.83,22.73,13.73,21.7,13.32,5.68,10.47,45.56,57.0,11.57,37.25,107.7,69.39,15.24,,30.1,18.62
2022-12-09 07:00:00,13.59,76.41,28.65,43.15,45.37,11.39,24.3,17.22,54.96,71.05,19.31,14.49,48.52,74.86,37.81,14.63,8.67,14.72,12.09,58.42,22.68,8.84,9.9,101.9,45.14,23.24,17.7,13.84,27.86,51.91,9.35,50.12,71.62,10.42,6.77,22.66,13.9,22.6,13.46,5.75,10.75,44.55,55.6,11.22,35.85,114.4,67.57,15.15,,29.5,18.32
2022-12-12 07:00:00,13.65,77.94,28.94,43.51,45.83,11.62,25.99,17.31,55.63,71.38,19.35,15.5,48.64,74.8,38.05,15.11,8.75,14.8,12.27,61.74,22.53,8.47,9.95,100.0,45.82,23.78,17.8,14.51,28.82,51.68,9.56,49.69,71.86,10.62,6.89,22.66,13.86,22.6,13.49,5.87,10.84,45.28,54.2,11.3,34.0,113.0,67.66,15.37,,29.95,18.32
2022-12-13 07:00:00,13.51,76.41,28.65,41.98,46.67,11.16,25.96,17.31,55.38,70.31,19.38,16.57,48.08,74.17,37.35,14.44,8.57,14.38,11.68,60.6,20.99,8.35,9.74,97.5,44.95,23.15,19.0,12.96,28.91,52.0,9.43,49.5,71.7,10.58,6.71,22.73,13.63,22.6,13.61,5.78,10.75,44.61,53.0,11.01,32.0,112.0,65.59,15.07,,28.0,17.9
2022-12-14 07:00:00,13.74,76.51,28.8,42.05,47.52,11.55,27.08,17.46,58.85,70.64,19.95,17.71,48.21,74.52,37.74,15.16,8.49,14.84,12.14,59.74,21.63,8.41,9.95,98.5,45.82,23.32,19.0,13.17,29.01,52.23,9.56,49.2,71.78,10.66,6.83,22.81,14.03,23.5,14.03,6.18,10.93,44.83,53.7,11.14,31.85,112.3,65.59,15.29,,28.1,18.28
2022-12-15 07:00:00,13.77,76.41,28.91,43.0,46.77,11.47,26.29,17.34,58.34,70.72,19.57,18.78,48.58,74.52,37.5,15.35,8.57,14.87,11.95,58.51,21.37,8.35,10.38,99.0,46.02,23.32,18.6,12.71,28.73,52.23,9.48,48.21,71.82,10.73,6.77,22.88,13.6,23.65,13.96,6.38,11.03,45.39,53.1,11.41,30.8,112.9,65.42,16.04,,28.05,18.3
2022-12-16 07:00:00,13.71,77.56,28.65,43.51,46.39,11.93,26.65,17.34,57.84,70.88,19.35,18.23,48.52,74.45,37.5,15.69,8.9,15.48,12.41,59.46,22.01,8.56,10.33,98.0,46.45,23.57,18.2,12.54,28.55,52.23,9.52,48.89,71.5,10.62,6.92,22.88,13.76,23.2,13.84,6.26,11.0,46.63,51.2,11.2,30.4,113.0,65.09,16.61,,27.9,18.35
2022-12-19 07:00:00,13.62,75.94,29.38,44.02,46.21,12.01,25.82,17.5,58.29,70.88,19.38,18.52,48.7,73.69,37.23,15.5,9.13,16.08,13.24,59.65,20.65,8.35,10.41,95.3,47.27,23.44,18.9,12.46,28.41,51.91,9.52,48.7,71.3,10.73,6.98,23.03,14.6,23.4,14.48,6.32,10.89,45.56,50.2,11.44,29.7,112.9,64.85,16.52,,27.8,18.37
2022-12-20 07:00:00,13.42,76.22,28.29,43.88,45.93,11.24,24.86,17.19,55.8,70.8,19.6,19.27,48.02,72.79,36.18,14.78,8.92,15.21,12.96,58.89,20.5,8.16,9.98,95.0,45.39,22.99,17.6,11.54,27.82,51.77,9.23,47.59,71.72,10.73,6.74,22.99,13.86,22.45,13.82,5.9,10.49,46.13,48.6,11.01,28.9,111.9,65.84,15.77,,27.35,17.94
2022-12-21 07:00:00,13.48,75.94,28.73,43.88,45.18,10.69,23.77,17.19,55.8,70.64,19.6,19.34,48.14,73.14,35.71,14.2,8.67,14.72,13.01,59.74,19.53,7.91,9.68,94.9,45.29,22.41,16.6,11.12,27.4,51.08,9.02,46.47,71.48,11.32,6.61,23.03,13.5,23.8,13.32,5.75,10.47,45.79,48.8,10.72,28.5,112.8,66.58,15.77,,26.7,17.9
2022-12-22 07:00:00,13.48,76.41,28.94,44.24,45.46,10.31,22.71,17.28,54.03,70.55,19.42,19.43,48.21,72.45,36.02,14.01,8.75,14.84,12.41,59.56,20.17,8.19,9.9,95.6,45.24,23.03,15.7,10.7,28.64,50.89,8.98,45.67,72.09,11.86,6.64,23.25,13.06,24.15,13.42,5.67,10.51,45.62,49.65,10.72,28.5,112.7,66.85,16.61,,26.45,17.86
2022-12-23 07:00:00,13.42,76.22,28.65,44.46,45.08,10.38,22.84,17.16,52.97,70.72,19.24,18.39,48.52,71.62,36.26,14.15,8.67,14.31,11.45,59.36,20.28,8.1,9.71,95.2,45.05,24.61,15.9,11.37,28.37,50.38,9.27,47.03,71.72,11.63,6.52,23.32,12.76,23.7,13.18,5.59,10.47,45.68,50.0,10.59,27.95,111.8,65.75,16.43,,26.15,17.73
2022-12-26 07:00:00,13.42,80.14,28.36,44.9,44.9,10.27,23.37,17.0,51.91,70.55,19.0,18.04,48.58,72.17,35.79,13.82,8.77,13.85,10.85,59.56,19.75,8.07,9.6,95.0,44.32,24.07,15.2,11.08,28.55,50.75,9.19,45.73,71.68,11.43,6.37,23.36,12.23,23.55,12.94,5.51,10.33,45.45,49.6,10.51,27.5,111.5,65.25,16.3,,26.05,17.72
2022-12-27 07:00:00,13.24,76.32,29.02,44.9,43.96,10.0,22.28,16.42,51.55,69.81,18.94,17.61,48.21,71.76,35.71,13.67,8.41,13.81,10.8,59.46,19.79,7.73,9.36,95.8,42.43,23.65,14.4,10.53,28.18,50.34,8.81,44.56,71.48,10.89,6.28,23.47,12.16,23.0,12.42,5.47,9.95,45.28,50.2,10.08,27.4,112.9,65.59,15.77,,26.25,17.6
2022-12-28 07:00:00,13.15,76.41,30.76,44.68,44.01,10.31,22.45,16.7,52.26,70.31,19.29,18.3,47.9,71.76,36.49,13.87,8.41,14.0,11.22,61.74,20.99,8.25,9.52,96.0,41.85,23.86,14.6,11.25,29.19,53.39,8.9,44.62,71.52,11.16,6.34,23.69,12.33,23.0,12.49,5.55,10.02,46.13,48.5,10.22,26.75,111.1,65.59,16.3,,27.1,17.5
2022-12-29 07:00:00,13.13,76.03,30.54,45.19,44.29,10.31,22.38,16.88,52.26,70.31,19.02,18.2,47.9,71.69,36.49,13.67,8.36,14.0,11.12,63.45,21.14,8.47,9.52,95.8,41.56,23.9,15.35,12.0,29.23,53.0,8.86,44.56,71.2,11.32,6.28,23.83,12.2,22.95,12.42,5.62,10.07,46.41,48.5,10.19,27.0,112.2,65.75,16.3,,27.15,17.5
2022-12-30 07:00:00,13.01,76.99,30.1,44.24,44.06,10.15,22.35,16.79,52.17,70.14,18.94,18.17,47.83,70.93,35.79,13.53,8.13,13.96,10.99,63.16,21.25,8.41,9.49,96.0,41.66,24.03,14.9,11.54,29.19,55.4,8.9,44.93,71.28,11.28,6.21,24.13,12.1,22.7,12.33,5.48,10.07,46.74,49.0,10.22,26.95,112.9,65.59,15.95,,27.2,17.49
2023-01-03 07:00:00,13.3,80.24,29.89,45.12,44.66,10.69,23.31,17.19,53.5,71.46,19.38,18.2,49.76,72.45,35.95,14.01,8.41,14.57,11.35,62.22,21.18,8.44,9.74,96.0,42.62,24.48,14.7,12.17,30.2,56.08,9.19,45.67,70.31,11.55,6.43,24.53,12.63,23.6,12.97,5.71,10.23,46.46,49.4,10.56,28.4,111.7,66.01,16.3,,28.1,17.7
2023-01-04 07:00:00,13.39,80.24,30.61,45.27,44.9,11.12,23.97,17.74,54.83,71.88,20.1,17.94,50.38,72.79,37.35,14.39,8.57,14.99,11.86,62.22,21.18,8.53,9.87,99.3,42.92,25.31,14.7,12.67,32.25,55.28,9.23,45.48,70.51,11.43,6.52,24.6,13.03,24.1,13.13,5.78,10.44,46.63,49.9,10.83,28.55,112.5,66.68,17.0,,28.75,17.95
2023-01-05 07:00:00,13.48,80.14,29.81,44.97,45.27,10.85,23.61,17.65,54.39,71.88,20.08,18.04,50.7,73.62,36.53,14.59,8.41,15.14,12.14,61.74,21.07,8.44,9.87,100.1,42.62,26.06,14.25,12.83,32.76,55.71,9.72,46.1,74.36,11.12,6.43,24.75,12.93,24.25,13.13,5.69,10.65,47.25,50.0,10.69,28.45,111.0,68.44,16.78,,29.2,18.13
2023-01-06 07:00:00,13.68,79.76,30.79,44.97,45.6,10.93,23.34,17.96,54.03,71.71,19.77,18.39,50.45,73.76,37.11,14.49,8.62,15.21,12.32,61.64,21.44,8.93,10.14,99.5,42.48,24.98,14.4,12.79,32.85,55.22,10.1,46.1,73.99,11.04,6.77,24.82,13.1,25.1,13.42,5.71,10.79,47.7,50.3,11.06,28.05,110.2,68.28,17.31,,29.6,18.24
2023-01-09 07:00:00,13.68,78.8,30.61,45.12,45.46,10.81,22.88,17.86,52.79,71.38,18.89,19.24,50.32,72.86,36.88,14.11,8.59,15.21,12.0,61.64,21.4,9.12,10.01,97.3,41.95,24.15,14.25,12.54,32.67,54.97,9.93,46.29,73.75,10.77,6.64,24.9,12.93,25.0,13.2,5.62,10.72,48.88,50.5,11.49,28.1,109.3,67.86,17.0,,29.6,18.36
2023-01-10 07:00:00,13.74,78.32,30.25,45.34,44.99,11.04,23.77,17.92,51.55,72.54,18.58,19.08,50.57,72.17,37.35,13.87,8.59,15.21,12.14,60.79,21.1,9.03,9.92,96.9,41.27,23.73,14.15,12.12,33.99,54.79,9.72,45.61,73.02,10.81,6.55,24.82,12.86,25.3,13.23,5.7,10.65,50.57,50.4,11.36,27.5,109.5,68.53,16.74,,29.4,18.56
2023-01-11 07:00:00,14.33,78.32,30.61,45.05,45.65,11.12,23.9,17.9,50.93,74.77,18.69,18.52,50.76,72.73,37.39,14.11,8.62,15.55,12.55,59.84,21.29,9.24,9.98,96.3,41.85,24.07,14.9,12.63,35.04,54.6,9.81,45.3,73.71,10.93,6.64,24.86,13.2,25.4,13.23,5.75,10.68,49.11,50.9,11.41,27.75,110.5,68.61,16.74,,29.5,18.3
2023-01-12 07:00:00,14.44,78.13,30.43,44.53,46.21,10.93,23.57,17.92,50.58,73.53,18.5,17.35,50.7,72.59,37.35,14.3,8.62,15.33,12.23,60.32,21.25,9.03,9.95,96.3,41.66,24.15,15.7,12.54,34.13,53.86,10.01,45.17,73.75,10.89,6.55,24.75,13.03,24.95,13.2,5.68,10.56,47.93,51.7,11.65,27.75,110.6,67.44,16.52,,28.9,18.49
2023-01-13 07:00:00,14.53,78.23,30.61,44.39,46.3,11.0,23.31,17.92,51.38,73.36,18.32,16.83,50.51,72.79,37.31,14.49,8.64,15.4,12.46,59.18,20.5,9.18,10.03,95.0,41.32,24.07,15.2,12.42,34.31,54.1,10.01,44.99,75.53,10.89,6.77,24.86,13.26,25.45,13.37,5.7,10.54,48.66,52.0,11.99,27.65,110.1,68.19,17.18,,29.0,18.36
2023-01-16 07:00:00,14.65,78.23,32.42,45.41,45.93,10.81,23.7,18.42,50.84,72.7,18.45,17.58,50.38,72.31,37.19,14.59,8.67,15.63,12.78,59.18,19.94,9.09,10.03,96.0,40.98,23.82,14.35,11.79,34.04,55.22,9.93,44.68,76.95,10.81,6.64,24.82,13.03,25.55,13.27,5.67,10.51,49.78,52.3,11.89,27.5,110.0,67.94,17.27,,28.8,18.38
2023-01-17 07:00:00,14.91,81.19,32.86,48.48,45.6,11.47,25.06,18.82,52.35,73.03,18.5,17.55,51.01,72.24,37.81,15.11,8.8,16.39,13.47,58.89,20.17,9.33,10.49,97.5,42.04,23.82,14.1,11.96,34.27,55.22,10.1,44.0,76.38,10.7,6.86,24.93,13.63,26.55,13.84,5.87,10.75,50.29,52.0,12.15,27.6,110.6,68.11,17.27,,29.85,18.8
2023-01-18 07:00:00,15.06,81.19,33.04,47.09,45.79,11.62,26.29,18.94,52.7,72.7,18.69,17.55,51.88,72.93,38.12,15.4,9.05,16.69,13.88,58.98,20.95,9.4,10.57,99.9,43.79,23.9,14.25,12.0,34.86,55.47,10.18,43.5,77.8,10.93,6.92,24.93,14.03,26.85,13.77,6.02,11.12,51.19,52.9,12.31,28.35,112.3,68.53,17.45,,29.8,19.0
2023-01-19 07:00:00,15.23,81.09,33.59,46.8,46.77,11.51,25.82,19.09,54.03,73.86,18.72,17.94,52.38,72.38,39.84,15.64,9.08,16.54,13.79,59.65,21.03,9.33,10.68,102.0,44.66,24.27,14.2,12.04,34.86,55.16,10.14,43.63,78.21,11.24,6.98,24.93,14.2,27.0,13.84,6.02,11.28,54.0,53.4,12.18,28.7,115.0,68.53,17.36,,30.3,19.4
2023-01-27 07:00:00,15.53,81.38,33.8,47.24,48.26,11.78,26.49,19.18,54.21,77.08,18.91,17.81,53.18,76.04,40.69,16.36,9.18,16.31,13.88,59.84,21.1,9.4,10.87,106.0,45.43,23.9,14.3,11.87,35.41,59.0,10.3,45.67,79.02,11.51,7.01,25.12,14.43,27.4,14.03,6.1,11.59,53.21,53.9,12.47,29.65,118.0,68.86,17.84,,30.5,19.44
2023-01-30 07:00:00,15.44,81.0,32.57,49.8,48.17,12.13,26.49,18.51,52.7,78.4,19.16,17.52,52.5,75.28,40.61,16.51,9.33,16.8,14.43,59.56,21.4,9.27,10.71,105.4,45.34,23.4,14.45,11.83,34.91,58.94,10.43,46.66,78.25,11.43,6.92,25.01,14.5,26.65,13.72,6.28,11.45,52.03,53.5,12.5,29.75,117.1,67.27,17.4,,30.2,19.27
2023-01-31 07:00:00,15.26,81.0,32.71,49.73,47.24,11.9,26.02,18.72,53.77,78.49,19.6,17.06,52.06,74.17,41.63,16.12,9.51,16.73,14.25,58.89,21.14,9.21,10.57,102.0,45.05,23.9,14.4,11.62,34.22,57.76,10.34,46.66,77.32,11.63,6.77,24.82,14.47,27.1,13.89,6.26,11.68,51.69,51.8,12.5,29.25,116.3,66.85,17.18,,30.15,19.2
2023-02-01 07:00:00,15.38,81.48,33.0,48.78,48.45,12.01,26.42,18.82,55.98,79.23,19.53,17.22,52.25,76.31,42.02,16.22,9.94,17.14,14.89,58.7,21.48,9.24,10.79,101.8,45.68,24.19,15.15,12.37,34.5,56.77,10.68,46.72,77.19,12.25,6.89,24.9,14.6,27.3,13.94,6.36,11.87,52.03,50.9,12.95,28.8,116.0,65.42,17.27,,29.7,19.3
2023-02-02 07:00:00,15.0,80.24,31.63,46.0,47.33,11.24,24.83,18.08,54.65,77.74,18.87,16.83,51.26,74.52,41.24,15.07,9.72,16.42,13.79,58.04,20.58,8.65,10.33,97.9,48.34,23.32,14.85,11.87,33.58,54.41,10.01,45.48,77.6,12.52,6.58,24.68,13.63,26.35,13.42,6.1,11.26,51.75,49.2,12.68,28.05,114.9,65.17,16.48,,28.95,18.72
2023-02-03 07:00:00,14.8,81.0,31.77,43.95,47.24,11.16,24.9,18.05,52.97,79.81,19.05,16.83,51.01,73.83,42.48,14.87,9.46,16.31,13.79,57.56,20.28,8.59,10.33,96.7,47.08,22.7,14.95,11.66,34.13,53.3,10.1,45.11,78.13,12.8,6.55,24.53,13.56,27.15,13.32,5.9,11.21,52.31,48.5,12.9,28.0,113.4,64.83,16.34,,29.2,18.7
2023-02-06 07:00:00,14.74,80.71,32.64,43.58,47.33,11.0,24.5,18.36,52.53,80.14,19.2,16.83,50.76,73.83,43.73,14.97,9.43,16.01,13.52,57.18,20.58,8.65,10.22,96.3,45.72,23.32,15.75,11.62,35.5,52.8,10.43,45.11,79.18,12.52,6.49,23.39,13.36,26.4,13.23,6.13,11.31,54.17,48.0,12.79,28.0,110.5,65.17,16.34,,29.5,18.63
2023-02-07 07:00:00,14.71,80.9,32.9,44.61,47.61,10.93,24.8,18.54,51.64,81.62,19.13,16.9,50.94,74.38,43.49,15.11,9.48,16.05,13.56,57.28,21.1,8.78,10.19,96.0,46.5,23.82,15.6,11.58,36.6,52.55,10.55,46.66,79.83,12.06,6.49,23.47,13.6,26.3,13.25,6.22,11.66,53.72,48.0,12.68,28.0,109.6,65.25,16.43,,29.5,18.73
2023-02-08 07:00:00,14.68,81.95,32.82,45.19,46.86,10.81,24.3,18.54,49.96,80.06,19.02,16.44,50.82,74.52,42.09,14.68,9.38,15.97,13.29,56.71,20.47,8.78,10.11,95.5,44.56,23.53,14.9,10.87,35.69,52.06,10.22,45.79,80.44,11.47,6.34,23.65,13.16,25.95,13.2,5.99,11.63,54.11,46.7,12.44,27.3,109.5,64.41,16.08,,28.95,18.75
2023-02-09 07:00:00,14.71,80.9,32.64,44.97,46.77,10.77,24.14,18.54,50.05,79.48,19.18,16.05,50.76,75.07,42.09,14.59,9.41,16.08,13.61,56.61,20.39,8.81,10.11,94.5,44.03,23.53,14.5,10.53,35.23,51.81,10.18,45.67,80.64,11.71,6.31,23.61,13.2,25.7,13.16,6.05,11.75,53.44,46.7,12.42,27.25,109.0,63.9,16.34,,28.95,18.37
2023-02-10 07:00:00,14.5,80.9,32.32,44.61,46.96,10.66,23.87,18.29,49.43,82.53,18.85,16.09,50.51,74.59,41.86,14.39,9.33,15.74,13.42,58.7,20.92,8.96,10.06,92.0,43.06,24.07,14.2,10.24,35.59,51.99,10.18,45.17,79.42,11.63,6.34,23.54,13.1,24.8,12.99,5.93,11.45,53.16,45.75,12.28,27.15,104.0,63.82,16.12,,28.4,18.14
2023-02-13 07:00:00,14.15,81.09,32.21,43.88,46.58,10.23,23.18,17.99,48.72,81.62,19.09,15.08,50.51,74.38,41.24,14.06,9.2,15.44,13.24,58.6,20.65,8.84,9.84,92.9,41.17,24.23,13.2,9.78,34.95,52.24,10.06,44.31,77.76,11.43,6.18,23.47,12.7,24.5,12.71,5.73,11.07,53.66,45.0,11.65,26.8,103.1,63.82,15.55,,28.5,18.12
2023-02-14 07:00:00,14.12,80.81,32.28,45.34,46.21,10.04,22.51,18.05,47.3,81.79,18.94,14.72,50.38,73.83,41.08,13.72,9.28,15.82,13.88,58.8,20.2,8.65,9.82,93.4,41.66,24.56,12.3,9.45,35.04,51.62,9.89,44.0,78.17,11.08,6.12,23.39,12.63,24.85,12.94,5.66,11.03,52.59,44.2,11.54,26.55,103.1,63.65,15.15,,28.5,18.2
2023-02-15 07:00:00,14.44,81.09,32.24,46.44,46.53,10.35,23.57,18.02,48.01,82.45,19.02,14.66,50.94,74.17,40.93,14.06,9.2,15.93,14.11,58.04,20.69,8.65,9.87,93.3,42.14,24.32,11.85,9.45,35.69,51.0,9.97,43.94,77.6,11.36,6.24,23.43,12.93,24.6,13.04,5.79,11.38,52.99,42.7,11.65,26.45,103.0,63.9,15.15,,28.4,17.93
2023-02-16 07:00:00,14.53,81.19,32.64,45.7,47.14,10.38,23.24,18.39,48.1,82.53,19.29,14.36,51.01,75.14,41.24,14.2,9.43,16.2,14.62,57.09,20.88,8.65,9.92,93.4,42.14,24.44,11.5,9.45,36.01,51.25,10.22,44.06,77.19,11.55,6.24,23.47,13.03,24.25,13.18,5.76,11.21,52.88,42.75,11.67,26.85,102.8,64.32,15.51,,28.45,17.97
2023-02-17 07:00:00,14.62,81.28,33.22,45.49,47.89,10.66,23.51,18.36,47.48,82.2,18.98,15.04,50.76,74.45,41.86,14.39,9.41,16.16,14.66,56.8,21.55,9.15,9.95,93.0,41.95,24.73,12.25,9.53,35.96,51.56,10.34,44.24,76.99,11.55,6.31,23.5,13.13,24.9,13.13,5.84,11.26,52.48,43.6,11.92,26.75,102.9,64.24,15.42,,28.65,18.0
2023-02-20 07:00:00,15.12,82.14,34.35,45.19,47.89,11.08,24.63,18.69,48.45,81.13,18.64,15.12,51.63,75.21,42.09,14.83,9.59,16.58,14.89,56.04,21.25,9.27,10.22,94.5,42.92,24.81,12.45,9.78,36.05,52.43,10.51,45.11,78.17,11.82,6.49,23.69,13.86,25.7,13.51,6.15,11.49,53.16,46.3,12.2,27.5,102.8,65.17,16.12,,29.35,18.42
2023-02-21 07:00:00,15.23,82.14,34.31,45.34,48.08,11.28,25.29,18.72,49.07,82.04,18.83,15.94,52.06,75.55,42.17,15.11,9.69,16.88,15.17,56.99,21.63,9.33,10.33,94.8,43.84,24.73,13.3,10.24,37.7,53.23,10.51,45.61,77.32,11.94,6.55,23.76,14.0,26.1,13.68,6.45,11.73,53.38,46.15,12.42,27.35,104.0,65.25,16.21,,29.8,18.66
2023-02-22 07:00:00,14.97,81.19,33.37,45.19,47.89,10.97,24.83,18.23,48.1,82.37,18.06,15.7,51.32,75.9,42.48,14.63,9.69,16.73,15.08,55.38,21.03,9.15,10.01,93.3,43.11,24.07,12.55,9.62,37.15,52.12,10.34,44.86,77.4,11.59,6.34,23.65,13.63,25.5,13.3,6.34,11.49,53.04,44.8,12.03,26.8,102.4,64.49,15.86,,29.35,18.34
2023-02-23 07:00:00,14.94,81.09,33.04,44.53,46.77,10.58,24.17,17.8,47.04,81.46,17.72,15.35,50.82,74.24,41.63,14.2,9.36,16.27,14.53,54.81,20.39,8.93,9.84,91.5,41.66,24.27,11.9,9.28,35.41,51.5,10.1,44.06,76.63,11.28,6.21,23.43,13.16,25.0,13.2,6.1,11.21,52.88,42.85,11.92,26.55,102.2,64.66,15.46,,28.4,18.02
2023-02-24 07:00:00,14.82,80.71,33.04,44.53,46.58,10.58,23.84,17.74,46.42,81.46,17.52,15.31,50.57,74.17,41.24,14.2,9.28,16.27,14.66,54.05,20.2,8.9,9.87,88.8,41.61,24.73,12.1,9.2,35.23,50.94,10.22,43.69,76.83,11.4,6.28,23.39,13.2,25.05,13.2,6.08,11.31,52.88,42.0,12.03,26.45,99.7,63.9,15.55,,26.9,17.97
2023-02-27 07:00:00,14.41,79.76,32.28,43.88,45.69,10.42,23.21,17.31,45.0,80.14,17.38,14.85,50.07,73.48,39.68,13.72,8.92,15.55,13.79,53.19,19.45,8.72,9.46,84.5,40.59,24.23,11.6,8.78,34.31,49.64,10.01,43.07,76.99,11.36,6.09,23.21,12.63,24.2,12.85,5.7,11.03,52.59,40.9,11.76,26.25,98.9,63.82,15.11,,26.6,17.66
2023-02-28 07:00:00,14.5,80.24,32.35,44.24,45.83,10.38,22.91,17.19,44.64,82.45,17.21,14.57,50.2,72.73,38.67,13.72,8.9,15.52,13.7,53.95,19.38,8.69,9.55,82.5,39.91,24.07,11.0,8.74,34.59,48.08,10.14,43.02,77.11,11.51,6.11,23.28,12.53,24.0,12.85,5.69,11.03,52.71,41.95,11.59,26.5,100.0,63.82,15.2,,27.55,17.42
2023-03-01 07:00:00,14.77,80.52,33.11,44.75,46.3,10.38,23.57,17.34,44.56,82.2,16.94,14.38,50.07,73.07,39.29,13.82,9.08,15.82,14.3,53.57,18.93,8.96,9.55,81.8,39.72,24.27,10.6,8.78,35.59,48.21,10.22,42.7,78.0,11.51,6.15,23.54,12.7,25.4,12.92,5.68,11.26,52.54,41.3,11.7,26.65,101.5,64.74,15.42,,27.45,17.7
2023-03-02 07:00:00,14.91,80.43,33.73,45.34,46.25,10.58,24.07,17.4,45.62,81.38,17.11,14.61,50.07,73.0,39.6,14.06,9.18,15.97,14.57,53.67,19.11,9.15,9.57,81.3,39.72,25.64,10.65,8.86,35.87,49.82,10.68,43.2,77.39,11.94,6.21,23.58,12.76,25.7,13.04,5.75,11.31,52.76,41.5,11.79,26.65,101.6,64.66,15.46,,27.0,17.73
2023-03-03 07:00:00,14.82,80.71,33.73,44.61,46.3,10.42,23.7,17.19,45.26,81.71,17.06,14.42,49.76,73.07,39.29,13.96,9.2,15.97,14.85,53.57,19.0,9.06,9.46,79.8,39.33,25.73,10.6,8.78,35.64,50.19,10.63,43.33,77.11,11.86,6.15,23.58,12.6,25.75,12.92,5.7,11.24,52.2,41.2,11.73,26.5,101.7,64.58,15.42,,26.5,17.8
2023-03-06 07:00:00,14.71,80.24,34.09,44.24,45.74,10.54,24.43,17.65,45.18,80.47,16.99,14.49,49.64,72.79,38.48,14.06,9.31,15.78,14.66,53.0,19.45,9.03,9.57,78.0,39.23,25.19,11.05,9.36,35.96,49.51,10.47,42.95,78.17,11.51,6.18,23.72,12.83,25.6,12.97,5.93,11.19,51.86,43.2,11.67,26.65,101.8,64.41,15.42,,27.1,17.89
2023-03-07 07:00:00,14.65,80.71,34.17,44.02,45.83,10.42,24.2,17.8,45.09,79.72,16.79,15.2,49.7,72.79,38.51,13.87,9.48,16.16,14.99,52.34,19.56,9.03,9.52,79.6,38.94,25.69,11.55,9.74,36.1,49.2,10.55,42.7,76.99,11.47,6.15,23.83,13.03,25.3,12.99,5.77,11.12,52.03,43.0,11.65,26.6,101.2,64.07,15.6,,27.0,17.69
2023-03-08 07:00:00,14.65,80.71,34.82,43.95,45.83,10.5,24.4,18.11,44.82,79.48,16.5,16.05,49.45,73.07,39.91,13.91,9.48,16.05,14.94,51.77,19.45,9.06,9.52,81.0,38.31,24.81,11.15,9.91,35.96,49.64,10.59,42.83,75.97,11.59,6.21,23.83,13.23,25.35,12.94,5.72,11.21,51.86,42.35,11.51,26.65,99.0,64.32,15.99,,27.25,17.7
2023-03-09 07:00:00,14.91,80.71,34.82,43.88,46.3,10.77,25.39,18.23,46.15,80.39,16.6,16.29,50.2,74.45,40.3,14.68,9.54,16.31,15.35,51.48,19.75,9.37,9.71,82.0,39.28,25.31,11.2,10.07,36.42,49.64,10.92,42.95,76.21,11.78,6.37,23.94,13.43,27.1,13.16,5.85,11.47,52.54,43.0,11.84,26.8,103.0,64.83,16.12,,27.45,17.97
2023-03-10 07:00:00,14.77,80.24,34.42,43.36,46.02,10.69,25.23,17.96,47.3,80.14,17.01,16.21,50.01,74.04,39.84,14.68,9.43,16.24,15.12,51.2,20.02,9.24,9.63,84.5,38.85,24.98,10.9,9.95,35.69,49.33,10.84,42.89,76.21,11.78,6.31,23.91,13.26,26.85,13.04,5.72,11.42,52.03,43.0,11.7,26.65,102.8,64.91,16.12,,28.05,17.85
2023-03-13 07:00:00,14.62,80.04,34.02,43.36,46.49,10.93,24.93,18.05,46.59,80.22,16.82,16.17,49.39,74.86,39.99,14.44,9.48,16.2,15.26,52.43,20.2,9.33,9.52,85.8,38.75,24.65,11.2,9.87,35.04,50.19,10.88,43.58,76.17,11.55,6.21,23.76,13.33,25.75,12.73,5.7,11.49,51.75,44.8,11.56,26.7,102.2,64.83,17.09,,29.4,17.92
2023-03-14 07:00:00,14.47,79.57,33.62,42.78,46.21,10.77,24.76,17.96,46.42,79.48,16.67,15.86,49.2,74.52,39.53,14.39,9.41,15.97,14.89,53.48,19.98,9.27,9.49,85.0,38.36,24.4,11.15,9.91,35.14,50.38,10.84,43.08,77.39,11.47,6.28,23.76,13.16,25.05,12.64,5.63,11.42,51.3,45.35,11.54,26.6,102.5,64.66,17.27,,29.05,17.89
2023-03-15 07:00:00,14.53,79.57,34.38,43.22,46.3,11.28,25.06,18.17,46.86,79.72,16.45,15.74,50.07,74.52,39.84,14.59,9.54,16.12,15.22,54.05,20.13,9.43,9.65,85.1,38.85,24.61,11.35,10.37,34.59,50.38,11.21,43.2,78.0,11.36,6.34,23.87,13.6,25.5,12.94,5.71,11.73,51.75,46.6,11.87,27.0,104.9,65.0,17.49,,29.4,18.8
2023-03-16 07:00:00,14.5,79.76,34.02,43.07,46.11,11.08,24.86,17.92,46.06,79.23,16.38,15.9,49.76,73.83,39.84,14.49,9.54,15.97,15.17,53.48,19.94,9.3,9.57,84.7,38.75,24.4,11.35,10.2,34.18,50.26,11.09,43.08,79.84,11.36,6.28,23.87,13.8,24.95,12.73,5.66,11.63,51.75,45.8,11.81,27.85,105.6,64.83,17.31,,29.05,18.12
2023-03-17 07:00:00,14.44,78.8,34.09,42.41,46.77,11.12,24.76,17.99,46.5,77.91,16.45,15.94,49.76,73.28,40.3,14.49,9.43,15.93,15.12,53.1,20.09,9.3,9.57,84.0,38.65,24.4,11.5,10.33,33.76,49.95,11.13,43.02,78.21,11.36,6.34,23.76,13.7,25.05,12.8,5.67,11.91,51.24,45.2,11.79,27.0,108.9,64.24,17.4,,29.7,18.06
2023-03-20 07:00:00,14.27,79.09,33.37,42.34,46.77,11.55,24.96,17.77,46.33,78.49,16.38,15.31,49.33,72.17,38.98,14.3,9.26,15.59,15.03,52.91,19.9,9.21,9.52,82.8,38.17,24.32,11.5,10.16,33.26,50.26,11.01,42.64,78.29,11.36,6.28,23.65,13.53,25.05,12.57,5.75,11.82,50.34,44.1,11.79,26.6,107.8,63.06,17.36,,29.5,17.77
2023-03-21 07:00:00,14.3,78.32,33.19,42.34,46.21,11.28,24.66,17.56,45.62,76.5,16.4,14.88,48.95,71.76,39.53,13.96,9.18,15.55,14.89,53.0,19.68,9.15,9.46,83.2,37.59,24.23,11.25,9.78,33.03,50.19,11.01,42.64,77.39,11.28,6.28,23.65,13.36,24.65,12.57,5.68,11.38,50.57,45.5,11.59,26.7,112.9,63.15,17.93,,29.5,17.65
2023-03-22 07:00:00,14.27,78.32,33.51,42.93,46.16,11.43,26.35,17.62,45.53,78.32,16.5,14.96,48.89,71.76,39.45,14.06,9.08,15.59,14.99,52.91,19.9,9.21,9.49,80.6,37.44,24.4,11.25,9.99,32.25,49.33,11.05,42.39,76.95,11.32,6.34,23.65,13.56,25.25,12.57,5.8,11.48,50.57,48.0,11.59,26.45,105.3,62.81,18.68,,29.8,17.84
2023-03-23 07:00:00,14.41,78.23,33.37,42.63,45.83,11.2,26.85,17.62,45.18,77.66,16.48,14.81,48.83,71.07,39.21,13.96,9.05,15.44,14.85,55.95,19.75,9.24,9.44,79.7,36.76,24.49,11.15,10.03,32.8,48.89,10.92,42.14,76.66,11.24,6.52,23.58,13.63,25.15,12.45,5.78,11.48,51.02,48.0,11.48,26.4,106.0,63.32,18.63,,29.45,17.83
2023-03-24 07:00:00,14.56,78.8,33.59,42.41,45.83,11.39,27.15,17.71,45.18,77.58,16.55,15.04,49.02,71.48,39.37,14.44,9.28,15.52,14.89,57.18,20.05,9.71,9.71,79.0,37.01,24.32,11.9,10.37,33.54,49.02,11.01,42.39,76.66,11.24,6.55,23.61,13.8,25.55,12.61,5.87,11.51,51.19,49.85,11.7,26.85,106.2,63.48,18.68,,29.45,18.03
2023-03-27 07:00:00,14.5,78.52,33.48,43.07,45.55,11.43,27.12,17.74,45.26,77.49,16.48,14.96,49.26,71.14,40.15,14.39,9.31,15.82,15.17,56.99,20.17,9.61,9.74,78.2,37.25,24.66,12.7,10.58,33.31,49.02,11.13,42.7,76.58,11.24,6.58,23.28,14.3,25.7,12.61,5.84,11.54,51.19,49.5,11.73,26.9,106.5,63.06,18.99,,29.45,18.2
2023-03-28 07:00:00,14.53,78.8,33.95,42.93,45.83,11.59,26.78,17.8,46.24,78.32,16.5,15.08,49.26,71.83,40.93,14.54,9.33,15.89,15.26,57.66,20.65,9.67,9.9,77.8,38.07,24.71,13.3,10.79,33.17,48.64,11.17,43.08,75.97,11.28,6.68,23.25,14.23,26.0,13.09,5.94,11.51,52.26,49.5,11.92,26.8,106.7,63.32,19.03,,29.65,18.18
2023-03-29 07:00:00,14.41,78.61,33.62,42.93,45.55,11.9,27.48,17.83,45.97,77.08,16.4,14.96,49.33,71.55,40.3,14.25,9.36,15.97,15.49,58.32,20.43,9.55,9.95,78.8,38.12,24.75,12.75,10.41,33.03,48.27,11.09,42.58,76.09,11.28,6.68,23.14,14.1,25.65,13.37,5.9,11.41,52.03,48.05,11.9,26.8,106.4,62.98,18.41,,29.25,18.18
2023-03-30 07:00:00,14.47,78.61,33.8,42.78,45.46,11.78,29.2,17.92,46.86,77.66,16.5,14.96,49.33,71.69,40.23,14.39,9.64,16.01,15.54,57.84,20.43,9.61,10.01,79.6,37.97,24.79,13.15,10.53,34.04,48.89,11.13,42.64,75.89,11.24,6.68,23.06,14.5,26.45,13.46,5.98,11.51,52.43,49.95,12.03,27.45,107.5,63.4,18.55,,31.25,18.29
2023-03-31 07:00:00,14.8,79.18,34.09,42.71,45.51,11.55,30.13,17.92,45.71,76.83,16.4,14.77,49.45,71.21,40.77,14.87,9.89,15.82,15.08,58.04,20.88,9.52,9.95,79.4,37.73,24.75,12.95,10.53,34.77,48.64,11.05,42.45,75.68,11.36,6.61,23.1,14.5,26.35,13.42,5.88,11.56,52.43,51.5,11.95,27.6,106.6,63.4,18.77,,31.0,18.4
2023-04-03 07:00:00,14.88,79.76,33.95,42.85,45.83,11.86,30.49,18.45,46.15,76.83,16.65,15.31,50.32,71.62,41.16,15.31,9.94,15.97,15.08,57.94,22.01,9.77,10.11,78.8,37.97,25.26,13.25,11.08,34.82,48.4,11.09,42.89,75.15,11.4,6.89,23.17,14.8,27.05,13.86,6.13,11.82,52.26,53.7,12.09,29.4,106.0,62.98,18.72,,30.2,19.58
2023-04-04 07:00:00,14.85,79.76,33.48,43.66,46.11,12.21,30.26,18.39,47.66,76.42,17.13,15.39,50.38,71.41,42.02,15.31,9.84,16.05,15.17,57.84,22.16,9.8,10.17,78.6,38.7,25.69,12.9,11.16,34.77,48.15,11.26,43.96,73.97,11.78,7.08,23.21,15.17,26.95,13.94,6.1,11.87,52.26,53.0,12.37,29.35,103.4,62.64,18.9,,29.6,18.62
2023-04-05 07:00:00,14.82,79.47,33.59,44.53,46.11,12.21,32.25,18.48,48.63,76.42,17.13,15.55,50.14,71.0,41.78,15.69,10.05,16.27,15.4,58.04,22.16,9.74,10.19,79.2,38.6,26.55,13.3,11.25,34.91,48.27,11.21,44.71,72.55,11.86,7.17,23.14,15.1,26.9,13.98,6.14,11.79,51.92,52.3,12.28,28.35,102.9,62.89,18.9,,29.55,18.6
2023-04-06 07:00:00,14.91,77.85,33.73,44.75,46.21,12.55,31.78,18.42,48.54,76.59,18.22,15.47,50.7,70.86,41.47,15.74,10.25,16.58,15.72,57.94,21.86,9.67,10.22,78.4,38.75,26.3,13.7,11.66,34.95,48.33,11.13,44.46,72.71,12.13,7.2,23.14,15.37,26.4,14.27,6.53,12.11,51.81,52.2,12.26,28.2,103.4,62.73,18.94,,29.55,18.67
2023-04-07 07:00:00,14.71,77.27,33.37,45.85,45.51,11.93,31.55,18.14,47.48,76.83,17.91,15.12,50.2,70.31,41.0,15.26,10.02,16.35,15.22,59.36,21.55,9.37,10.06,77.9,37.83,25.44,13.5,11.33,34.86,47.9,11.01,43.83,72.46,12.13,7.14,22.99,15.04,26.0,14.03,6.3,12.08,51.24,51.5,12.0,27.5,103.0,62.81,18.55,,29.55,18.5
2023-04-10 07:00:00,14.74,76.51,33.22,47.17,45.83,12.13,31.98,18.23,47.66,76.34,17.57,15.04,50.38,70.17,41.08,15.64,10.07,16.16,15.03,58.42,21.7,9.27,10.28,78.1,39.86,25.44,13.9,11.54,34.77,48.08,11.13,43.96,72.34,12.44,7.38,23.03,15.5,26.5,14.55,6.42,12.18,50.63,51.5,12.06,27.3,103.0,62.81,18.81,,29.3,18.54
2023-04-11 07:00:00,14.68,76.6,32.39,46.73,45.97,11.78,31.98,18.17,46.86,76.42,16.99,15.0,50.07,69.28,41.55,15.59,10.05,15.78,14.62,58.6,21.44,9.18,10.17,78.0,39.72,25.61,14.2,11.41,34.36,49.2,11.09,43.96,71.77,12.44,7.48,22.99,15.1,25.95,14.36,6.16,12.05,50.63,51.7,11.97,26.85,102.3,62.64,18.59,,29.15,18.55
2023-04-12 07:00:00,14.68,76.8,32.5,46.29,46.07,11.9,32.25,18.23,47.74,76.09,17.21,15.59,50.07,69.76,41.47,16.12,10.05,15.82,14.66,58.42,22.57,9.33,10.17,80.2,40.4,26.47,15.15,11.87,34.22,49.02,11.5,44.65,70.96,12.68,7.57,22.99,15.17,26.4,14.62,6.21,12.08,49.84,52.1,12.2,26.75,102.0,62.56,18.55,,29.05,18.57
2023-04-13 07:00:00,14.68,76.51,32.64,46.07,45.46,12.17,31.78,18.11,49.3,76.09,17.16,15.43,50.01,69.62,42.79,15.79,10.05,15.74,14.43,58.7,22.46,9.27,10.14,80.5,40.01,26.08,15.05,11.83,34.36,48.64,11.63,43.96,70.35,12.33,7.57,22.99,14.87,26.55,14.62,6.18,12.13,49.78,51.7,12.12,26.75,100.0,62.56,18.19,,29.05,18.5
2023-04-14 07:00:00,14.71,76.6,32.64,46.0,45.41,12.17,31.06,18.11,51.1,77.25,17.38,15.98,49.82,69.48,42.72,15.4,10.07,15.78,14.39,59.18,22.34,9.52,10.11,79.9,40.11,25.78,14.95,11.71,34.13,48.4,11.3,43.64,69.25,12.1,7.57,22.99,14.73,26.75,14.36,6.11,12.34,50.12,51.5,12.17,26.75,100.1,61.97,18.24,,28.8,18.59
2023-04-17 07:00:00,14.65,76.32,32.71,45.85,45.04,11.62,31.78,17.99,49.38,77.66,16.74,15.51,49.58,68.03,42.25,14.87,9.94,15.82,14.48,59.46,21.93,9.27,9.92,78.2,38.75,25.18,14.8,11.62,33.4,48.95,11.05,42.7,68.03,12.06,7.32,22.99,14.37,26.05,13.91,5.89,12.03,49.78,50.9,11.86,26.5,99.7,61.3,18.15,,29.0,18.29
2023-04-18 07:00:00,14.65,75.94,32.64,45.63,44.9,11.7,33.97,17.99,49.48,77.0,16.7,15.43,49.76,67.48,42.09,14.97,9.89,15.89,14.53,59.18,21.93,8.93,9.95,78.5,39.48,25.22,15.2,11.75,33.76,49.33,11.17,43.08,68.43,12.44,7.29,22.99,14.53,26.1,13.89,5.9,12.08,49.84,51.3,11.8,26.45,100.1,61.38,18.11,,28.6,18.23
2023-04-19 07:00:00,14.53,75.94,32.46,48.63,44.06,11.66,35.62,17.9,50.02,76.92,16.74,15.7,49.64,67.48,41.55,15.02,9.87,15.93,14.53,59.27,21.86,8.78,9.9,79.8,40.01,25.61,15.35,11.87,33.81,48.77,11.21,43.08,69.65,12.37,7.2,22.95,14.6,26.0,13.89,5.93,11.92,49.89,51.2,11.83,26.35,100.1,61.47,18.11,,28.85,18.27
2023-04-20 07:00:00,14.39,75.94,32.35,51.19,44.29,11.39,35.62,17.65,49.11,77.66,16.74,15.55,49.64,67.27,41.94,14.68,9.84,15.82,14.25,60.98,21.44,8.59,9.84,79.1,39.23,25.35,14.6,11.5,33.49,48.7,11.05,42.64,70.63,12.21,7.04,22.88,14.3,25.8,13.7,5.87,11.72,49.95,50.7,11.63,26.35,101.7,61.04,17.45,,28.35,18.09
2023-04-21 07:00:00,14.3,75.84,32.35,54.11,44.24,11.35,36.42,17.65,49.11,81.71,16.65,15.51,49.76,66.79,41.24,14.73,9.79,15.78,14.16,60.7,21.48,8.69,9.87,78.1,39.14,25.74,14.45,11.16,33.81,48.46,10.88,42.64,70.31,12.72,7.08,22.92,14.83,25.8,13.7,5.91,11.95,49.56,50.7,11.69,26.35,99.8,60.54,17.27,,28.3,18.17
2023-04-24 07:00:00,14.33,75.55,32.06,54.55,43.87,11.24,38.94,17.92,47.49,86.42,16.45,15.12,50.14,66.03,41.7,14.68,9.79,15.74,13.84,60.79,21.4,8.56,9.9,76.6,38.07,26.04,14.15,11.04,33.67,47.96,10.76,42.08,69.74,13.38,6.89,22.84,14.63,25.9,14.05,5.98,11.95,49.78,52.0,11.63,26.35,97.5,59.78,17.67,,28.9,18.03
2023-04-25 07:00:00,14.33,75.17,31.84,54.11,43.49,11.28,41.05,17.8,46.86,85.84,16.26,15.04,49.33,64.86,41.86,14.87,9.61,16.08,13.97,60.5,21.63,8.35,9.95,73.9,37.59,26.51,14.35,11.2,33.67,47.77,10.97,42.39,69.74,13.84,6.89,22.81,14.5,25.9,14.1,5.93,11.87,49.78,51.2,11.61,26.4,97.6,60.04,17.4,,28.3,17.96
2023-04-26 07:00:00,14.18,75.17,32.13,56.53,42.93,11.12,38.74,17.68,46.59,88.4,16.07,14.77,48.77,65.0,41.39,14.73,9.64,16.65,14.43,60.32,21.29,8.65,9.92,71.9,37.2,26.04,14.0,10.95,33.76,47.03,10.63,41.38,69.86,13.88,6.8,22.62,14.27,25.4,14.17,5.88,12.0,50.34,49.9,11.61,26.2,96.9,59.7,17.09,,27.8,18.08
2023-04-27 07:00:00,14.33,74.98,31.99,59.96,43.26,11.2,40.39,17.62,47.49,87.33,16.55,14.92,49.02,65.0,41.94,15.16,9.72,16.65,14.53,61.08,21.7,8.84,9.98,72.9,37.44,26.42,14.4,11.5,34.36,47.59,10.76,41.13,70.88,13.42,6.95,22.44,14.33,25.5,14.27,6.1,12.05,50.91,48.7,11.61,25.9,95.9,59.7,17.36,,27.45,17.96
2023-04-28 07:00:00,14.3,75.17,31.99,57.41,42.51,11.31,40.06,17.71,47.4,88.07,16.45,15.08,49.02,64.38,41.94,15.07,9.74,16.5,14.34,60.79,22.38,8.78,10.03,73.2,37.97,27.46,14.6,11.96,34.59,47.77,10.92,42.39,71.2,13.5,6.89,23.43,14.4,25.45,14.15,6.22,12.34,50.91,49.5,11.63,26.05,97.0,59.03,17.53,,27.7,18.2
2023-05-04 07:00:00,14.5,74.6,32.06,60.55,42.79,11.39,39.0,17.56,47.13,93.44,16.33,14.88,48.95,64.03,41.16,15.16,9.66,16.35,14.53,61.93,23.06,8.59,9.98,72.8,37.68,27.46,14.0,11.75,34.5,47.77,11.05,42.64,70.06,12.87,6.95,23.39,14.63,25.3,13.94,6.41,12.34,50.63,49.5,11.63,26.05,98.0,58.86,17.45,,27.75,18.05
2023-05-05 07:00:00,14.5,74.41,31.81,61.28,43.26,11.31,39.46,17.37,46.68,97.65,16.02,14.81,48.89,63.76,39.84,15.11,9.72,16.42,14.53,61.84,22.72,8.59,9.87,73.1,36.91,27.28,13.55,11.45,34.77,47.77,10.88,42.08,68.23,13.03,6.83,23.1,14.57,25.25,13.79,6.33,12.29,50.57,49.5,11.55,25.7,96.8,58.19,17.53,,27.55,18.0
2023-05-08 07:00:00,14.65,74.6,33.0,60.33,43.26,11.31,40.33,17.22,46.77,97.4,16.23,14.85,49.08,64.24,39.37,15.59,9.89,16.46,14.48,61.93,22.79,8.59,9.9,75.2,37.05,27.24,13.5,11.58,34.95,47.46,11.01,42.2,67.94,13.26,6.92,23.21,14.9,25.7,13.89,6.46,12.21,52.43,49.55,11.58,25.45,97.1,59.2,17.31,,27.45,18.0
2023-05-09 07:00:00,14.68,74.6,32.9,59.67,43.35,11.47,39.4,17.34,47.13,95.67,16.16,15.12,49.64,65.34,39.53,15.83,9.89,16.77,14.94,61.84,22.49,8.72,9.92,74.6,37.15,26.85,13.25,11.45,34.91,47.46,11.09,42.26,68.03,12.91,6.95,23.28,15.0,25.9,13.94,6.56,12.29,52.82,49.5,11.61,25.5,96.3,59.7,17.27,,27.65,18.11
2023-05-10 07:00:00,14.62,74.22,32.86,60.7,43.26,11.74,38.67,17.34,46.59,96.23,16.16,15.23,49.51,65.27,39.68,16.17,9.79,16.58,14.8,61.64,22.49,8.75,10.01,75.0,37.78,27.03,13.5,11.5,34.77,47.03,11.09,41.95,67.54,12.91,7.17,23.17,15.17,26.45,13.89,6.62,12.39,52.31,49.4,11.75,25.4,96.8,59.78,17.27,,27.8,18.02
2023-05-11 07:00:00,14.71,74.12,32.82,62.16,43.26,11.93,41.05,17.46,47.76,93.76,16.43,15.35,49.51,64.72,39.45,16.27,9.84,16.61,15.08,61.55,22.64,8.75,10.09,74.3,38.12,27.33,13.95,11.87,34.68,47.03,11.21,42.08,68.84,13.07,7.2,23.06,15.3,26.75,13.94,6.68,12.36,51.81,49.5,11.83,25.35,97.0,59.62,17.49,,28.15,18.08
2023-05-12 07:00:00,14.68,74.03,32.71,60.84,43.03,11.82,43.57,17.43,47.22,93.59,16.33,15.12,50.14,64.03,39.21,16.6,9.89,17.03,15.26,61.64,22.83,8.62,10.09,74.5,37.88,26.9,13.95,11.71,34.54,46.66,11.09,41.89,67.5,12.76,7.14,22.88,15.54,26.85,13.84,6.54,12.26,52.2,51.2,11.75,25.95,97.2,59.2,17.49,,28.3,18.16
2023-05-15 07:00:00,14.82,74.03,33.37,61.79,43.45,12.13,43.24,17.59,47.04,96.32,16.31,15.43,50.88,64.79,39.21,16.31,10.02,17.11,15.17,62.02,22.83,8.75,10.33,75.2,38.17,27.07,14.1,11.87,34.72,46.84,11.13,42.95,67.46,12.91,7.26,22.88,15.77,27.6,14.24,6.6,12.55,52.31,52.5,12.0,27.45,97.7,58.77,17.8,,28.65,18.42
2023-05-16 07:00:00,14.68,74.03,32.71,63.62,42.98,11.86,43.04,17.34,46.68,94.27,16.11,15.16,50.82,64.31,39.21,15.64,9.97,16.88,14.8,61.93,22.42,8.62,10.25,74.2,37.73,27.03,13.7,11.54,34.91,46.72,11.26,42.89,67.21,12.8,7.17,22.62,15.47,27.55,14.22,6.53,12.42,52.37,52.2,12.0,27.4,97.5,58.61,17.53,,28.4,18.39
2023-05-17 07:00:00,14.74,74.12,32.71,63.62,42.47,11.86,43.04,17.25,46.77,94.1,16.09,15.08,51.44,64.17,39.21,15.55,9.99,16.73,14.57,61.93,22.12,8.65,10.17,74.0,37.44,26.81,13.7,11.5,34.86,46.41,11.26,42.7,66.4,13.07,7.2,22.26,15.37,27.5,14.12,6.87,12.42,52.31,53.9,11.92,26.9,99.1,58.61,17.31,,28.35,18.32
2023-05-18 07:00:00,14.71,74.98,32.61,63.26,42.37,11.59,42.51,17.13,45.95,95.04,16.07,14.88,51.63,64.51,39.84,15.45,9.99,16.8,14.43,61.64,22.19,8.69,10.09,73.8,37.49,26.64,13.45,11.16,34.4,46.28,11.21,42.08,66.4,12.83,7.2,22.04,15.47,27.5,14.03,6.96,12.29,54.0,55.8,12.29,26.9,99.5,58.86,17.18,,28.3,18.3
2023-05-19 07:00:00,14.68,74.98,32.61,62.39,42.47,11.86,42.91,17.31,45.77,95.29,15.94,14.92,51.82,65.89,39.99,15.59,9.97,16.73,14.48,61.74,22.23,8.78,10.11,73.2,37.1,27.71,13.35,11.16,34.72,45.79,11.42,42.68,66.11,12.6,7.29,22.04,15.57,27.95,14.05,6.81,12.23,53.38,55.5,12.23,26.7,100.0,58.44,17.09,,28.3,18.3
2023-05-22 07:00:00,14.68,74.31,32.61,60.29,41.62,12.48,42.31,17.31,45.68,94.61,15.48,15.27,51.5,65.96,39.6,15.98,9.94,16.73,14.99,61.74,22.23,8.84,10.22,72.5,37.44,28.79,13.55,11.29,34.72,45.29,11.38,43.76,65.91,12.68,7.38,22.11,15.5,28.5,14.46,6.86,12.44,52.82,55.0,12.32,26.35,99.4,58.02,17.36,,28.15,18.3
2023-05-23 07:00:00,15.0,73.93,32.57,60.68,41.72,12.75,43.97,17.25,46.95,95.12,15.7,15.62,51.32,65.48,38.83,15.93,9.97,16.69,14.99,61.55,22.23,8.84,10.28,72.0,37.59,28.53,13.45,11.5,34.77,45.6,11.5,45.35,65.91,12.95,7.44,22.18,15.57,28.3,14.5,6.93,12.49,52.65,54.5,12.32,26.75,99.7,57.51,17.45,,28.1,18.4
2023-05-24 07:00:00,14.94,73.55,31.92,59.27,42.23,13.37,43.97,17.19,46.68,94.61,15.58,15.47,51.07,64.65,39.37,15.83,9.99,16.58,14.8,61.46,22.01,8.75,10.19,71.9,37.25,28.57,13.65,11.45,34.45,45.11,11.38,45.35,65.13,12.8,7.38,22.07,15.5,28.05,14.43,6.89,12.42,52.2,54.5,12.17,26.4,99.0,56.67,17.36,,27.95,18.25
2023-05-25 07:00:00,14.77,74.03,31.92,62.0,41.76,13.33,43.04,17.07,45.86,100.58,15.26,15.27,51.88,65.41,39.21,16.17,9.94,16.24,14.48,61.17,22.08,8.69,10.06,72.5,37.2,28.31,13.35,11.37,34.4,44.55,11.3,44.63,64.68,12.64,7.26,21.96,15.17,27.5,14.12,6.8,12.29,52.88,55.6,11.95,26.35,98.7,56.76,17.14,,27.75,18.12
2023-05-26 07:00:00,14.77,73.93,31.99,62.08,41.62,13.72,42.91,17.07,46.41,98.02,15.46,15.39,51.88,65.83,38.98,16.7,9.97,16.2,14.34,60.88,22.64,8.78,10.01,72.1,37.2,28.83,13.25,11.37,34.95,44.73,11.34,45.06,64.36,12.48,7.23,22.07,15.17,27.25,14.15,7.02,12.29,52.59,56.4,11.97,26.25,99.0,57.18,17.0,,27.8,18.12
2023-05-29 07:00:00,14.82,74.31,31.88,63.09,41.3,13.68,42.71,17.28,46.95,95.04,15.43,15.98,52.06,65.14,38.9,17.47,10.16,16.24,14.43,60.98,22.57,8.9,10.14,72.2,37.49,28.4,13.25,11.54,34.91,44.92,11.42,44.92,64.11,12.56,7.26,22.29,15.67,27.7,14.27,7.21,12.68,53.44,56.3,12.09,26.45,99.5,56.92,17.14,,27.85,18.23
2023-05-30 07:00:00,14.82,74.69,31.92,62.24,41.53,13.72,43.37,17.28,48.66,96.32,15.58,16.13,52.81,64.86,39.21,17.75,10.16,16.35,14.71,60.7,22.94,8.96,10.19,73.2,38.56,28.83,13.6,12.25,34.95,44.55,11.38,44.63,63.67,12.8,7.26,22.22,15.77,27.95,14.38,7.15,12.73,53.33,56.0,12.14,26.45,99.8,56.67,17.18,,27.9,18.38
2023-05-31 07:00:00,14.88,74.5,31.92,63.64,41.11,14.07,43.64,17.22,49.02,95.46,15.63,16.05,52.38,64.31,39.14,17.71,10.05,16.24,14.57,61.08,22.68,9.06,10.19,73.5,38.22,28.87,13.8,12.37,34.72,44.24,11.46,45.28,64.56,13.14,7.29,22.26,15.7,27.9,14.31,7.36,13.06,52.93,55.0,12.34,26.2,99.4,56.17,17.23,,27.8,18.41
2023-06-01 07:00:00,15.27,74.5,31.92,62.47,41.06,13.68,42.78,17.25,49.57,96.32,15.53,16.44,52.25,64.51,39.76,18.14,10.0,16.2,14.11,60.88,22.38,9.09,10.17,72.2,38.27,28.49,13.95,12.58,34.5,44.11,11.38,44.63,64.77,12.95,7.26,22.44,15.77,28.0,14.31,7.32,13.56,53.21,54.0,12.26,26.1,98.6,55.92,17.09,,27.35,18.45
2023-06-02 07:00:00,15.51,74.5,32.57,61.22,41.44,14.18,42.38,17.65,50.83,96.49,15.7,16.91,52.44,64.03,40.38,18.23,10.27,16.5,14.43,60.88,22.23,9.37,10.74,72.7,39.57,28.62,14.2,12.63,35.23,45.29,11.38,44.63,64.97,13.03,7.51,22.95,16.27,28.8,15.21,7.25,13.92,53.44,53.9,13.08,26.15,98.9,55.75,17.8,,27.35,18.63
2023-06-05 07:00:00,15.55,74.5,32.9,59.9,42.14,14.38,43.5,17.83,54.35,96.23,16.21,16.75,53.0,64.86,41.24,18.14,10.37,16.69,14.71,62.12,22.49,9.46,10.87,74.7,40.3,29.22,14.05,12.67,36.1,46.1,11.67,45.57,65.3,13.07,7.63,23.17,16.44,28.65,15.49,7.1,14.26,55.52,55.1,13.39,26.25,99.0,56.5,17.75,,27.45,18.88
2023-06-06 07:00:00,15.34,74.79,32.64,61.14,42.28,14.07,45.03,17.8,54.17,95.63,16.26,16.44,53.06,66.1,40.93,18.04,10.32,16.54,14.89,61.74,22.46,9.52,11.06,74.6,40.74,28.87,13.65,12.54,36.01,45.54,11.59,45.86,65.21,13.14,7.69,23.21,16.91,28.3,15.45,7.18,13.66,55.69,55.0,13.39,26.6,98.0,56.25,17.62,,27.35,18.77
2023-06-07 07:00:00,15.44,76.22,32.57,61.46,42.23,14.22,44.7,17.92,55.88,95.97,16.26,16.72,53.12,65.89,40.54,18.14,10.32,17.26,15.54,61.64,22.94,9.52,11.11,75.7,40.64,29.04,14.55,13.34,35.69,45.17,11.54,46.0,65.3,13.11,7.75,23.21,16.97,28.8,15.47,7.39,13.66,55.69,55.7,13.42,26.8,97.9,56.08,17.71,,27.45,18.9
2023-06-08 07:00:00,15.37,76.03,32.28,65.12,42.09,14.57,44.36,17.8,55.07,102.28,16.43,16.75,52.81,65.69,39.99,18.52,10.27,17.52,15.54,61.64,23.51,9.33,11.06,76.4,40.69,28.31,15.0,14.05,36.05,45.17,11.75,45.35,65.26,13.11,7.6,23.25,16.97,28.4,15.47,7.44,13.66,57.21,56.0,13.42,26.5,97.9,55.92,17.67,,27.4,19.0
2023-06-09 07:00:00,15.2,76.6,31.95,68.87,41.3,13.76,44.03,17.59,56.97,107.57,16.19,16.33,52.69,64.93,40.07,17.51,10.08,17.33,15.26,61.64,22.98,9.37,10.95,76.9,40.11,27.93,14.7,14.21,35.04,45.17,11.5,44.92,65.59,13.42,7.54,23.1,16.87,28.1,15.35,7.19,13.7,57.38,55.8,13.39,26.3,97.4,55.92,17.27,,27.05,18.8
2023-06-12 07:00:00,15.2,78.32,31.66,72.53,41.62,13.79,47.08,17.46,58.59,110.55,16.4,17.1,52.81,65.14,40.38,17.47,10.05,17.52,15.31,61.84,22.94,9.4,11.03,78.4,41.66,28.14,15.0,14.8,34.95,45.36,11.63,45.42,66.7,13.42,7.57,23.17,16.97,28.2,15.52,7.2,13.52,57.09,55.5,13.42,26.7,96.7,57.18,17.36,,26.9,18.88
2023-06-13 07:00:00,15.16,79.28,32.28,71.75,42.75,13.76,46.42,17.46,58.5,108.08,16.38,17.07,52.81,65.14,40.15,17.66,10.0,17.75,15.91,61.74,23.06,9.43,11.03,78.8,42.04,28.01,15.6,15.26,34.82,46.61,11.63,46.22,66.7,13.38,7.63,23.47,17.17,28.4,15.54,7.24,13.34,57.94,56.7,13.39,27.15,96.9,57.43,17.4,,27.15,19.05
2023-06-14 07:00:00,15.37,78.32,32.42,71.75,42.56,13.68,45.49,17.92,57.42,107.4,16.31,16.87,52.75,66.03,40.07,17.9,10.13,17.75,15.86,61.93,23.32,9.33,11.2,79.4,41.66,27.71,15.85,14.97,35.14,46.3,11.54,45.64,67.23,13.18,7.72,23.25,17.51,28.45,15.8,7.26,13.31,58.5,58.2,13.65,27.35,97.5,57.35,17.71,,27.4,19.24
2023-06-15 07:00:00,15.23,77.18,32.06,70.04,41.95,13.68,44.03,18.02,56.61,107.14,16.11,16.56,52.5,67.48,39.84,17.47,10.05,17.6,15.49,61.46,23.13,9.18,11.01,78.1,41.07,27.67,15.45,14.55,35.41,45.98,11.38,45.06,66.94,13.26,7.75,23.14,17.24,27.9,15.54,7.1,13.13,58.33,57.9,13.28,27.25,97.7,56.67,17.49,,27.3,19.12
2023-06-16 07:00:00,15.51,77.66,32.28,70.97,42.14,13.87,44.3,17.92,57.6,107.06,16.11,16.52,53.62,67.21,39.84,17.8,10.19,18.01,15.63,61.46,23.21,9.27,11.2,77.6,40.98,27.76,15.6,14.88,35.37,46.3,11.38,45.42,66.2,13.26,7.88,23.17,18.18,29.6,15.8,7.13,13.27,59.85,56.9,13.39,27.0,97.6,56.0,17.71,,27.05,19.25
2023-06-19 07:00:00,15.34,77.56,31.81,69.41,41.34,13.64,43.83,17.71,55.88,106.97,16.04,16.21,53.18,66.86,39.53,17.42,10.0,17.79,15.22,61.36,23.06,9.24,10.98,76.5,40.4,27.33,15.0,14.17,34.59,45.55,11.3,46.58,64.56,13.11,7.9,23.17,17.84,29.15,15.38,6.97,13.2,58.56,56.1,13.19,26.9,96.4,56.0,17.31,,26.85,19.07
2023-06-20 07:00:00,15.23,79.09,31.55,69.41,41.16,14.34,43.44,17.92,56.79,110.38,15.99,16.17,53.37,66.58,39.68,18.04,10.05,17.9,15.26,61.17,23.06,9.27,10.9,75.3,41.17,27.07,14.55,14.38,34.31,45.23,11.3,46.0,64.47,13.37,7.94,23.14,18.02,29.25,15.23,7.01,13.24,56.87,55.7,13.28,26.25,96.1,55.41,17.23,,26.75,18.9
2023-06-21 07:00:00,15.23,79.28,31.92,69.26,41.34,14.65,45.09,17.99,57.69,107.14,16.23,16.25,53.74,66.58,40.38,18.71,10.02,18.66,15.77,61.17,23.17,9.46,11.01,76.2,41.37,26.98,14.6,14.63,34.31,45.67,11.38,46.08,64.06,13.5,7.88,23.28,18.2,29.55,15.35,7.13,13.27,56.53,55.3,13.28,26.2,95.8,55.75,17.31,,26.85,19.0
2023-06-22 07:00:00,15.37,79.28,31.95,69.33,41.58,15.03,45.03,18.2,59.95,106.97,16.67,16.56,53.8,66.58,40.85,18.86,10.13,18.88,16.14,60.79,24.07,9.49,11.28,76.5,42.29,27.84,15.0,14.92,34.59,46.61,11.46,45.86,64.15,13.62,7.9,23.43,18.4,30.2,15.66,7.24,13.52,57.38,55.7,13.63,26.4,95.0,56.59,17.49,,27.05,19.25
2023-06-23 07:00:00,15.37,78.23,32.61,69.49,42.18,14.88,46.62,18.14,59.59,106.46,16.72,16.75,53.25,66.45,41.0,18.71,10.13,19.34,16.23,60.6,23.85,9.74,11.26,77.8,41.85,28.01,14.85,14.59,34.59,47.49,11.5,46.15,64.35,13.54,8.0,23.92,18.2,30.65,15.71,7.32,13.45,56.48,56.0,13.77,26.15,94.7,58.44,17.97,,27.1,19.32
2023-06-26 07:00:00,15.8,77.66,32.53,72.92,42.61,14.88,46.81,18.08,59.86,110.38,17.16,16.6,53.37,66.45,41.24,18.81,10.16,19.3,16.28,60.32,23.77,9.61,11.39,79.0,43.11,27.46,15.2,14.59,34.5,47.8,11.38,45.86,64.93,13.45,7.97,23.96,18.09,30.25,15.73,7.2,13.45,56.76,55.8,13.7,26.35,96.0,59.45,18.06,,27.0,19.4
2023-06-27 07:00:00,15.83,78.13,32.24,73.7,42.98,15.0,45.82,18.02,60.49,114.9,17.18,16.44,54.3,66.93,41.94,19.1,10.1,19.53,16.14,59.94,23.81,9.58,11.26,78.0,43.5,27.5,15.35,14.59,35.14,47.8,11.38,45.71,64.56,13.37,7.9,23.96,18.58,29.75,15.78,7.19,13.34,56.81,55.9,13.63,26.5,95.6,59.53,18.02,,27.55,19.5
2023-06-28 07:00:00,15.73,77.85,32.9,72.84,42.84,14.72,47.54,18.54,60.13,114.22,17.47,16.36,54.61,66.86,41.47,19.0,10.1,20.21,16.19,59.94,23.77,9.58,11.53,77.9,43.06,27.63,15.85,14.63,35.18,47.36,11.5,47.09,63.9,13.32,7.94,24.05,18.72,30.0,15.73,7.25,13.31,57.49,56.2,13.63,26.35,95.5,59.62,17.93,,27.65,19.59
2023-06-29 07:00:00,15.73,76.7,33.3,71.28,42.33,14.57,45.89,18.48,59.41,112.34,17.38,16.87,54.18,66.1,41.0,18.62,10.1,20.21,16.05,59.74,23.62,9.55,11.48,76.8,42.53,27.33,15.8,14.34,34.95,47.42,11.42,47.45,63.82,13.41,7.97,24.14,18.51,30.05,15.78,7.21,13.34,57.94,55.4,13.6,26.2,95.2,60.88,18.02,,27.6,19.59
2023-06-30 07:00:00,15.48,76.89,32.5,72.38,41.53,14.3,46.22,18.26,57.96,111.66,17.04,16.56,53.87,65.55,41.08,18.62,10.08,19.83,15.67,59.74,23.13,9.43,11.31,76.2,42.53,26.64,15.25,14.38,34.68,47.05,11.26,47.38,63.49,13.2,7.78,23.96,17.99,29.8,15.49,7.08,13.09,57.26,55.5,13.5,25.95,94.6,60.54,17.62,,27.2,19.45
2023-07-03 07:00:00,15.51,77.66,32.28,73.31,41.81,14.41,46.68,18.17,59.23,114.04,17.67,16.48,53.99,65.2,41.08,19.34,10.08,20.02,15.71,59.46,23.06,9.58,11.28,76.0,42.29,26.04,15.05,14.21,34.86,46.99,11.21,47.59,63.65,13.28,8.06,23.92,18.13,29.95,15.45,7.13,13.16,56.7,55.9,13.46,25.85,95.0,60.04,17.62,,27.2,19.4
2023-07-04 07:00:00,15.48,77.27,32.32,72.06,42.14,14.57,47.01,18.11,58.5,113.79,17.35,16.05,54.12,65.83,41.94,19.48,10.05,19.87,15.71,59.46,22.87,9.58,11.28,75.9,42.29,26.21,14.85,14.21,36.46,46.42,11.13,47.23,63.45,13.32,8.21,23.92,18.4,29.85,15.16,7.2,13.16,57.32,56.8,13.39,25.75,94.7,59.87,17.58,,27.2,19.3
2023-07-05 07:00:00,15.51,77.18,32.46,73.0,42.18,14.8,46.88,18.23,61.21,113.53,17.5,16.05,55.35,65.76,42.33,19.86,10.02,20.59,16.0,59.65,23.28,9.77,11.45,76.3,43.06,26.3,15.1,14.84,37.38,46.86,11.21,48.6,63.65,13.8,8.24,24.05,18.54,30.25,15.31,7.24,13.16,57.66,56.5,13.67,25.8,94.6,59.53,17.89,,27.7,19.5
2023-07-06 07:00:00,15.44,76.51,32.39,72.45,42.65,14.45,46.48,18.17,60.94,112.94,17.38,15.86,54.41,66.58,41.94,19.91,9.94,20.55,15.86,59.65,23.09,9.77,11.39,76.1,42.38,25.95,14.75,14.63,37.52,46.24,11.21,47.81,63.32,13.58,8.15,25.2,18.54,29.9,15.14,7.5,13.13,57.49,55.9,13.6,25.7,94.4,59.45,17.71,,27.6,19.47
2023-07-07 07:00:00,15.27,76.51,32.13,76.98,42.42,14.1,49.0,18.17,62.12,115.58,17.33,15.82,54.62,66.65,43.57,20.44,9.89,20.78,16.28,59.84,22.76,9.95,11.34,76.2,44.08,25.78,14.55,14.46,37.33,45.8,10.97,47.09,63.49,13.45,8.34,25.24,18.37,29.6,15.02,7.53,13.13,59.06,54.9,13.5,25.3,94.4,59.87,17.49,,27.05,19.41
2023-07-10 07:00:00,15.51,76.89,34.06,74.09,42.7,14.45,50.32,18.29,61.66,116.77,17.86,15.9,54.91,67.34,43.57,20.73,9.94,21.16,16.57,59.56,23.02,10.32,11.56,77.9,46.26,26.21,15.1,15.47,38.25,46.24,10.97,47.88,62.21,13.84,8.4,25.33,19.1,29.95,15.16,7.52,13.16,59.01,54.4,13.9,25.6,94.3,61.13,17.75,,27.2,19.58
2023-07-11 07:00:00,15.66,77.85,34.38,73.86,42.84,14.65,51.91,18.78,61.3,115.41,18.01,16.01,54.55,67.62,45.05,20.82,10.0,21.23,16.61,59.46,22.94,10.32,11.76,80.1,47.27,26.47,15.05,15.97,38.48,46.8,11.05,47.74,62.01,13.75,8.46,25.55,19.76,30.35,15.28,7.68,13.42,59.06,53.9,14.08,25.65,94.3,61.72,17.89,,27.65,19.75
2023-07-12 07:00:00,15.59,77.85,34.2,72.92,44.34,14.53,52.31,18.66,61.75,114.9,18.1,15.98,54.77,67.34,44.74,20.73,10.02,20.78,16.57,59.46,23.13,10.35,11.81,80.1,47.76,25.99,14.85,16.26,38.38,46.74,11.09,47.95,62.5,14.48,8.46,25.55,19.86,29.9,15.12,7.62,13.27,58.78,55.3,13.9,25.95,94.0,61.8,17.62,,28.3,19.82
2023-07-13 07:00:00,15.44,77.56,34.46,76.74,44.43,14.96,52.24,18.54,65.36,114.98,18.27,15.94,54.84,68.72,44.74,20.82,10.02,20.81,16.85,59.56,23.88,10.05,11.78,81.9,48.34,26.04,15.15,16.22,38.25,48.86,11.13,48.02,63.32,14.7,8.52,25.51,19.79,30.0,15.12,7.52,13.2,59.06,56.3,13.77,26.0,94.9,62.05,17.58,,28.35,19.8
2023-07-14 07:00:00,15.51,77.94,34.56,74.64,44.15,15.38,52.97,18.54,65.82,112.51,18.1,16.13,56.65,69.34,44.89,20.82,10.16,20.81,17.04,59.65,23.96,10.05,11.95,82.7,47.9,26.94,15.35,16.26,38.06,50.18,11.09,47.81,63.24,14.65,8.55,25.59,19.86,30.2,15.21,7.59,13.2,59.06,56.6,13.87,25.9,97.9,61.72,17.71,,28.3,19.94
2023-07-17 07:00:00,15.48,77.37,34.17,74.4,44.24,15.46,53.83,18.39,65.55,110.72,17.98,16.44,57.3,68.45,44.89,21.4,10.21,21.0,16.99,59.46,24.71,10.08,12.02,81.8,48.29,26.94,15.5,16.64,38.02,50.43,11.09,47.66,63.78,14.74,8.49,25.64,20.28,28.9,15.16,7.69,13.16,59.06,59.0,13.94,26.55,98.8,61.89,18.06,,28.75,20.05
2023-07-18 07:00:00,15.44,76.7,33.88,74.09,44.71,15.15,52.11,18.42,65.46,110.81,18.13,16.56,57.16,69.28,45.28,21.21,10.19,20.7,16.66,59.46,24.86,10.14,11.89,81.3,47.08,26.85,15.25,16.43,37.79,50.3,11.21,47.38,63.41,14.4,8.74,25.81,20.0,28.45,15.26,7.61,13.67,59.06,59.4,14.18,26.55,97.4,61.04,18.59,,28.65,20.05
2023-07-19 07:00:00,15.55,77.08,34.02,79.24,44.15,15.34,51.98,18.45,64.82,118.31,18.2,16.29,57.08,69.21,45.44,21.4,10.44,20.97,16.57,60.32,24.6,10.32,11.92,81.3,47.42,26.98,15.2,16.18,37.38,49.93,11.21,47.38,63.16,14.7,8.8,25.9,20.07,28.6,15.54,7.58,13.78,60.24,59.0,14.14,26.45,97.0,61.38,18.5,,28.35,20.11
2023-07-20 07:00:00,15.48,76.89,33.66,81.73,43.96,15.11,52.97,18.36,66.36,119.33,17.91,15.98,58.82,68.45,44.74,20.92,10.5,21.34,16.66,60.79,24.3,10.17,11.8,80.9,47.95,26.38,14.9,16.26,36.88,49.36,11.01,47.16,63.28,14.87,8.89,25.95,19.79,28.3,15.31,7.4,13.56,59.85,58.5,14.04,26.3,97.8,61.21,18.5,,28.1,20.09
2023-07-21 07:00:00,15.51,76.51,33.91,80.1,44.9,15.81,53.57,18.29,66.72,112.51,18.2,15.74,58.6,68.59,45.05,21.35,10.62,21.5,17.32,61.55,24.67,10.14,11.89,83.0,50.86,26.55,15.2,17.39,37.24,50.49,11.01,47.45,63.0,15.21,8.98,25.95,20.0,28.75,15.26,7.47,13.67,59.06,59.0,14.01,26.15,98.0,61.8,18.9,,28.4,20.29
2023-07-24 07:00:00,15.59,76.22,34.53,80.33,44.76,16.0,52.18,18.48,66.0,109.1,18.25,15.86,58.82,68.93,46.53,21.59,10.68,21.65,17.56,62.12,25.8,10.26,11.95,84.7,52.8,26.42,16.2,17.98,37.42,50.36,11.09,47.66,63.94,14.91,9.22,25.99,20.28,28.9,15.35,7.59,13.56,59.29,59.5,14.52,26.3,98.3,62.22,19.3,,28.65,20.48
2023-07-25 07:00:00,15.8,75.46,34.24,82.98,44.2,15.81,49.6,18.6,65.91,108.08,18.61,16.05,59.47,68.72,46.14,21.4,10.68,21.46,17.7,61.74,25.84,10.32,12.18,84.5,52.8,26.17,16.9,18.19,37.74,50.68,11.09,47.45,65.01,14.74,9.37,25.99,20.21,29.15,15.97,7.67,13.88,61.43,59.2,14.52,26.1,97.1,62.81,19.69,,29.35,20.65
2023-07-26 07:00:00,15.76,74.98,34.85,80.02,44.1,15.73,49.6,18.45,66.63,106.63,18.59,15.9,59.83,68.17,45.59,21.02,10.62,21.53,17.84,60.98,26.29,10.23,12.02,85.2,52.51,26.12,17.2,18.1,37.24,51.3,11.42,49.04,66.53,14.65,9.19,26.08,20.18,28.5,15.85,7.91,13.7,62.03,59.0,14.35,25.95,97.0,63.23,19.3,,29.15,20.6
2023-07-27 07:00:00,15.69,75.36,34.38,80.33,44.06,16.2,48.07,18.36,65.09,106.37,18.54,15.82,61.06,68.17,44.89,20.92,10.96,21.72,17.8,60.79,26.81,10.32,11.99,84.7,53.3,26.12,18.15,18.48,37.24,51.18,11.3,49.11,66.41,14.57,9.15,26.17,20.63,28.45,15.8,8.24,13.6,62.22,59.1,14.25,25.75,97.1,63.74,19.25,,28.95,20.68
2023-07-28 07:00:00,15.73,74.79,34.31,77.21,43.82,16.16,48.73,18.11,65.82,102.2,18.73,15.98,61.06,68.72,45.05,21.26,10.68,21.65,18.27,60.79,28.5,10.29,11.92,86.2,53.69,25.31,18.9,18.6,36.78,51.8,11.26,49.47,65.87,14.52,9.19,26.21,20.77,28.75,15.97,8.4,13.56,61.76,58.9,14.14,25.8,97.8,65.33,19.47,,29.1,20.8
2023-07-31 07:00:00,16.11,77.37,34.42,76.82,45.27,16.51,49.6,18.42,66.36,104.84,19.39,16.56,62.08,70.79,46.99,21.69,10.75,21.38,18.22,61.84,28.16,10.26,12.05,88.2,53.01,25.65,18.85,18.27,37.97,52.62,11.5,49.11,65.67,14.14,9.22,26.39,20.97,29.1,16.34,8.72,13.6,61.89,63.0,14.42,27.55,102.0,65.92,19.6,,29.9,21.2
2023-08-01 07:00:00,16.32,76.41,35.91,77.52,45.27,16.47,47.61,18.91,68.53,105.18,19.39,16.99,62.44,70.59,45.75,21.64,10.9,21.27,18.18,62.02,28.09,10.35,12.34,87.6,52.91,25.26,18.9,18.1,38.61,52.18,11.46,48.6,65.79,13.88,9.26,26.39,20.63,29.7,16.34,8.88,13.88,61.63,66.2,14.45,29.45,103.3,65.59,19.56,,30.3,21.59
2023-08-02 07:00:00,16.25,75.36,35.76,75.65,45.04,16.97,44.3,19.12,67.98,103.48,19.07,17.88,61.35,70.1,44.58,21.11,10.84,21.08,17.89,61.64,27.3,10.51,12.08,86.4,51.35,25.14,18.5,17.98,37.84,50.99,11.34,47.74,65.5,13.67,9.19,26.65,20.24,29.3,16.11,8.48,13.7,60.76,62.9,14.21,29.95,101.4,64.32,19.6,,29.2,21.02
2023-08-03 07:00:00,16.5,74.89,35.65,75.26,44.9,16.89,43.44,19.09,68.16,103.56,19.07,18.08,60.92,69.34,44.35,21.45,10.84,20.81,17.8,61.55,27.0,10.57,12.18,86.6,52.52,25.44,18.6,18.23,37.61,51.37,11.34,47.52,66.41,13.71,9.22,26.74,20.18,29.2,16.09,8.68,13.7,60.76,62.2,14.25,29.75,102.7,64.34,19.38,,29.2,20.98
2023-08-04 07:00:00,17.13,74.79,35.47,71.28,44.48,16.89,43.04,19.03,68.07,103.13,19.39,18.62,61.13,69.62,45.13,21.11,10.72,20.81,17.89,61.26,27.11,10.66,12.21,86.7,52.03,25.48,19.8,18.94,37.15,51.05,11.34,46.94,66.82,13.58,9.66,27.58,20.42,28.95,16.16,9.04,13.7,60.5,63.8,14.31,31.1,102.0,63.38,19.56,,29.1,21.2
2023-08-07 07:00:00,16.88,74.03,35.87,69.8,44.9,17.36,42.78,20.01,67.8,102.11,19.22,18.94,61.13,69.9,46.14,21.88,10.81,21.0,18.18,61.74,27.71,11.41,12.37,88.2,53.69,25.48,20.7,19.02,37.24,51.43,11.42,46.87,66.7,13.88,9.88,26.65,20.8,30.25,16.27,9.63,14.03,60.3,63.7,14.79,32.15,101.9,65.03,20.26,,29.6,21.39
2023-08-08 07:00:00,16.78,73.93,35.87,72.38,45.13,17.13,44.96,20.17,67.89,101.34,19.27,19.09,61.21,69.97,45.83,21.93,10.81,21.12,18.27,62.31,27.04,11.96,12.43,89.4,53.11,26.04,20.7,18.9,37.65,51.68,11.71,47.23,66.74,14.22,9.84,26.78,20.73,30.4,16.3,10.19,13.99,60.56,63.8,14.76,33.75,103.4,65.03,19.96,,31.45,21.5
2023-08-09 07:00:00,16.57,73.55,35.4,72.92,44.66,16.58,44.36,20.01,67.71,102.2,19.27,19.21,61.28,69.97,45.52,21.78,10.75,21.08,18.18,62.22,26.7,11.87,12.27,89.0,52.23,26.12,20.3,18.39,37.7,50.93,11.75,46.87,66.49,14.4,9.73,26.83,20.28,31.2,16.16,9.95,13.78,60.37,62.7,14.48,33.9,103.5,64.68,19.56,,31.3,21.39
2023-08-10 07:00:00,16.39,72.69,35.11,71.75,44.8,16.47,45.22,20.04,68.44,100.58,19.17,19.4,60.27,71.55,44.74,21.35,10.78,21.12,18.18,62.5,26.85,11.75,12.24,87.9,51.84,26.04,21.1,18.39,38.34,50.36,11.59,46.58,66.33,14.4,9.62,26.52,20.04,31.3,16.09,9.87,13.63,60.1,61.6,14.31,34.2,102.8,64.25,19.43,,30.95,21.36
2023-08-11 07:00:00,16.15,71.16,34.02,70.11,44.1,16.24,45.16,19.74,67.71,99.3,19.39,19.01,60.05,70.38,44.04,20.78,10.65,21.0,18.84,62.02,27.56,11.56,12.15,85.0,52.13,25.52,20.95,18.35,37.7,50.43,11.5,45.93,66.04,14.14,9.51,26.78,19.66,32.1,15.97,10.07,13.45,60.03,62.5,14.21,36.3,101.3,63.81,19.38,,30.75,21.36
2023-08-14 07:00:00,16.18,71.06,34.56,69.88,44.15,17.36,45.29,19.89,67.08,99.73,20.26,19.56,60.19,70.31,43.73,20.78,10.59,21.46,19.26,61.93,27.71,11.71,12.18,84.5,53.11,25.69,21.7,19.15,37.33,50.05,11.46,46.44,65.63,13.97,9.48,26.83,20.42,32.0,15.97,10.74,13.49,59.97,61.8,14.18,37.7,101.5,63.81,19.38,,30.7,21.4
2023-08-15 07:00:00,16.32,70.59,34.53,70.5,44.9,17.63,45.03,19.89,68.98,102.2,20.38,19.6,60.99,69.48,43.88,20.97,10.65,21.38,19.6,61.46,27.68,11.71,12.11,83.8,54.67,25.87,21.4,19.1,37.2,49.68,11.71,46.08,64.97,14.1,9.51,25.99,20.28,32.0,16.25,10.9,13.81,59.77,62.5,14.14,36.65,101.9,63.73,19.38,,31.75,21.37
2023-08-16 07:00:00,16.18,69.92,34.53,70.74,44.15,17.36,45.22,20.07,69.43,101.86,20.26,19.79,61.64,69.97,43.73,20.78,10.62,21.19,19.5,60.32,27.07,11.87,12.24,82.4,53.11,25.65,20.9,19.1,37.29,50.18,11.59,45.86,65.59,13.97,9.51,26.04,20.24,32.9,16.7,10.66,13.81,59.37,64.1,14.21,37.8,102.0,63.81,19.91,,32.0,21.59
2023-08-17 07:00:00,16.15,69.54,34.6,69.26,43.87,17.75,44.17,20.2,68.98,99.98,20.14,19.56,63.09,69.69,43.49,20.82,10.65,21.72,19.64,60.5,27.0,11.93,12.11,82.8,53.99,25.35,21.15,19.94,36.92,50.36,11.67,45.79,64.68,13.88,9.44,25.9,21.25,32.8,16.68,10.74,13.81,59.63,62.6,14.28,38.3,101.3,64.68,19.96,,31.4,21.63
2023-08-18 07:00:00,15.94,68.2,34.17,67.77,43.78,16.97,43.37,19.92,68.25,100.58,19.9,19.17,63.59,68.93,42.95,20.44,10.56,21.19,18.84,60.22,26.44,12.12,11.99,82.4,52.72,25.09,20.5,18.94,36.51,50.05,11.63,45.5,65.17,13.67,9.33,25.81,21.11,32.45,16.32,10.22,13.56,59.97,60.8,14.08,35.0,100.1,64.94,19.43,,30.5,21.47
2023-08-21 07:00:00,15.59,66.67,33.98,67.62,42.14,15.89,40.46,19.83,64.73,98.7,19.41,18.23,62.73,68.59,42.72,18.76,10.19,20.1,17.84,59.84,25.87,12.05,11.7,79.8,49.39,23.8,19.1,17.77,34.63,49.74,10.88,44.2,63.53,12.77,8.93,24.76,20.24,32.7,15.57,9.75,13.42,59.9,57.2,13.56,33.05,98.5,64.07,18.5,,29.85,21.0
2023-08-22 07:00:00,15.55,66.29,33.33,66.76,42.51,15.85,39.73,19.68,64.19,98.02,19.68,18.62,62.58,69.69,42.64,18.71,10.13,19.94,17.8,61.74,25.69,12.63,11.67,78.9,49.1,23.8,18.9,17.35,34.82,49.43,10.76,44.27,63.08,12.72,8.9,24.85,21.32,32.15,15.64,10.07,13.42,59.57,56.8,13.56,33.55,98.9,63.55,18.37,,29.45,20.8
2023-08-23 07:00:00,15.66,65.43,33.51,67.07,42.65,16.0,39.53,19.49,65.91,97.17,19.26,18.62,62.8,70.45,42.4,18.81,10.13,20.02,17.66,60.7,25.91,12.47,11.67,78.6,49.59,23.98,19.25,17.73,34.86,49.11,10.72,44.49,62.83,12.6,8.9,24.93,21.63,32.2,16.16,10.38,13.45,59.04,56.9,13.63,34.5,98.5,63.9,18.37,,29.9,20.83
2023-08-24 07:00:00,15.62,64.67,33.44,66.21,42.56,16.2,39.46,19.58,68.16,97.17,18.68,18.47,65.95,70.72,43.18,19.05,10.13,19.91,17.75,60.98,26.51,12.67,11.7,80.0,49.68,23.72,19.95,18.56,34.59,48.93,10.47,44.41,63.74,13.41,8.79,25.07,22.29,31.7,16.04,10.42,13.63,58.57,56.1,13.53,32.9,98.2,65.03,18.06,,29.2,20.7
2023-08-25 07:00:00,15.48,64.0,33.22,68.94,42.56,16.27,42.05,19.49,72.23,98.87,18.79,18.9,66.61,70.66,43.26,19.14,10.1,19.98,17.89,60.7,26.29,12.75,11.6,80.5,50.27,23.72,20.0,18.81,34.68,49.18,10.51,44.41,65.05,14.01,8.79,25.07,22.57,31.5,15.99,10.62,13.6,57.78,55.5,13.46,33.35,97.7,65.38,18.11,,29.25,20.7
2023-08-28 07:00:00,15.51,66.48,33.3,69.8,42.18,16.74,41.98,19.21,75.66,99.3,19.28,19.87,69.02,71.62,43.18,19.43,10.07,20.32,18.27,61.55,26.66,12.75,11.67,80.8,50.76,23.89,20.1,18.85,35.14,49.74,10.51,45.5,64.97,13.75,8.82,24.93,22.71,31.9,16.11,10.5,13.74,58.11,55.3,13.53,33.35,98.5,67.81,17.97,,29.75,20.83
2023-08-29 07:00:00,15.59,68.49,33.44,70.97,42.51,16.82,41.98,19.52,76.2,99.73,19.18,20.03,68.8,72.21,43.96,20.01,10.07,20.55,18.46,63.54,27.04,12.75,11.7,81.4,52.03,23.85,21.05,20.11,35.04,50.62,10.55,45.71,65.5,13.97,9.0,24.98,22.78,31.9,16.18,10.86,13.78,58.77,55.8,13.6,32.95,98.3,67.37,18.41,,29.8,20.93
2023-08-30 07:00:00,15.8,68.58,33.8,70.97,42.28,17.63,41.52,19.71,76.83,99.21,19.1,19.91,71.88,71.49,45.67,20.01,10.1,20.63,18.74,62.5,27.04,12.83,11.8,80.1,53.3,23.8,20.6,20.32,35.64,50.55,10.59,45.5,66.12,13.88,8.97,25.02,23.54,32.5,16.2,11.22,14.1,59.44,55.1,13.7,31.5,98.0,68.16,18.41,,29.9,21.1
2023-08-31 07:00:00,15.87,69.54,34.06,70.58,42.47,17.48,42.38,20.01,79.0,100.92,19.52,20.26,71.36,71.14,48.86,20.97,10.41,21.12,19.12,63.54,27.79,12.83,11.83,81.7,53.21,24.1,20.5,21.28,35.37,50.86,10.59,45.79,66.0,13.92,9.04,24.85,23.44,32.65,16.3,11.26,14.21,59.5,55.9,13.9,32.05,98.0,68.5,18.55,,30.5,21.3
2023-09-05 07:00:00,16.18,68.96,34.6,69.02,42.93,18.13,43.44,20.26,82.25,101.0,19.76,20.57,72.24,71.64,50.18,21.45,10.59,21.16,19.41,63.83,27.79,12.95,12.27,82.4,54.28,24.96,21.7,21.2,36.1,50.8,10.8,46.08,65.96,14.35,9.37,24.85,23.4,33.15,16.6,11.26,14.32,60.23,55.5,14.18,31.95,100.6,69.89,18.77,,30.75,21.49
2023-09-06 07:00:00,16.11,68.1,34.6,73.08,42.79,18.21,44.76,20.1,83.69,104.84,20.12,20.07,72.46,72.78,50.11,21.3,10.62,21.95,20.16,62.6,27.79,12.95,12.27,82.7,54.38,25.31,21.8,21.4,36.23,50.74,10.84,46.65,65.79,14.4,9.3,24.54,23.96,33.05,16.7,10.97,14.25,59.9,57.0,14.08,31.25,101.8,69.54,19.21,,30.55,21.64
2023-09-07 07:00:00,16.25,68.1,34.93,75.42,43.03,18.37,44.89,20.44,83.24,106.37,20.23,20.18,73.78,73.78,50.57,21.93,10.72,22.18,20.64,61.93,27.83,12.99,12.5,83.9,54.57,25.09,22.15,21.78,36.46,53.37,10.88,46.51,66.2,14.27,9.4,24.45,23.72,33.25,17.08,11.34,14.5,60.3,56.6,14.31,31.25,101.9,69.46,19.47,,30.55,21.82
2023-09-08 07:00:00,16.11,69.63,34.49,74.95,43.03,18.13,45.16,20.07,84.78,105.27,21.23,20.53,72.1,73.85,52.13,22.26,10.72,22.06,21.11,62.02,27.41,12.91,12.34,83.5,55.26,25.61,22.25,21.7,36.33,52.93,10.76,46.44,66.53,14.35,9.33,24.45,23.68,32.95,16.96,11.14,14.21,59.44,55.5,14.11,30.3,101.8,69.54,19.3,,30.35,21.65
2023-09-11 07:00:00,16.08,70.2,34.38,75.81,43.4,18.41,44.56,20.1,84.87,104.75,21.93,20.07,72.83,74.0,51.51,22.31,10.81,21.99,21.11,63.16,27.41,12.99,12.34,82.4,54.97,25.91,22.2,21.61,37.15,52.87,10.8,46.51,69.86,14.4,9.3,24.27,23.86,32.7,16.82,11.1,14.14,59.77,54.9,14.18,30.7,101.8,70.41,19.65,,29.9,21.65
2023-09-12 07:00:00,15.97,68.58,34.09,72.92,42.84,18.44,43.83,19.83,83.51,105.1,21.23,19.79,72.39,74.07,50.26,21.78,10.75,21.76,20.68,62.5,26.66,13.07,12.27,81.0,54.57,25.82,20.95,22.07,36.83,52.3,10.72,46.0,70.11,14.14,9.11,24.23,24.86,32.35,16.68,10.97,13.85,59.77,53.5,13.97,30.25,101.9,70.07,19.65,,29.6,21.79
2023-09-13 07:00:00,16.01,68.1,34.35,73.31,43.07,19.06,45.03,20.1,84.42,105.1,21.51,20.26,72.46,76.0,52.05,22.26,10.81,22.25,21.63,62.22,27.19,13.11,12.34,81.4,58.0,25.74,21.1,22.41,37.65,52.8,10.92,46.15,69.82,14.22,9.19,23.96,25.42,32.55,16.75,11.59,13.96,59.77,53.8,14.31,30.7,101.9,69.72,19.87,,29.6,21.9
2023-09-14 07:00:00,16.01,67.72,34.75,72.77,42.65,18.75,44.36,20.66,83.78,103.82,20.99,20.14,71.73,77.14,52.36,21.59,10.87,21.61,20.83,62.22,26.59,13.07,12.34,80.4,57.22,25.49,19.8,21.82,37.24,52.12,10.76,46.0,72.37,14.01,9.19,23.92,25.18,32.45,16.89,11.34,14.07,59.44,52.3,15.0,29.65,100.0,69.46,19.91,,29.25,21.59
2023-09-15 07:00:00,15.97,66.86,34.38,69.1,42.56,18.37,44.96,20.56,83.33,102.2,20.99,20.03,71.58,78.43,50.5,22.07,11.12,21.27,20.83,61.74,26.44,13.19,12.56,80.7,56.24,24.99,19.25,21.99,37.79,51.3,10.8,45.93,70.72,14.14,9.08,23.79,25.04,33.15,16.77,11.34,13.92,59.63,50.5,14.89,28.15,100.2,70.5,19.96,,29.15,21.69
2023-09-18 07:00:00,15.9,66.19,34.09,68.24,42.28,18.06,47.54,20.1,81.98,102.2,20.65,19.87,70.92,80.0,50.57,21.88,11.15,21.27,20.92,62.02,26.17,12.59,12.37,79.7,54.38,24.26,18.9,21.78,37.2,51.37,10.63,45.86,68.34,14.14,8.97,23.79,24.97,33.05,16.53,11.26,13.85,59.57,50.5,14.62,26.8,99.6,69.28,19.82,,28.6,21.35
2023-09-19 07:00:00,15.87,64.95,33.48,68.4,42.0,17.9,47.34,19.8,84.24,101.43,20.73,18.7,72.02,79.36,51.27,21.4,10.93,21.31,21.77,61.74,26.06,12.39,12.24,79.4,54.28,24.99,18.45,21.65,36.6,51.12,10.63,46.15,67.27,14.1,8.82,23.61,25.14,33.6,16.23,11.39,13.78,59.24,50.7,14.35,26.95,99.4,68.5,19.52,,28.15,21.2
2023-09-20 07:00:00,15.83,66.86,33.15,70.5,41.9,17.63,47.68,19.86,88.03,101.43,21.04,18.31,72.97,78.64,52.13,22.17,11.12,21.61,22.01,61.74,26.66,12.35,12.24,79.8,54.97,24.67,18.5,22.57,37.15,51.8,10.63,46.44,66.61,14.27,8.9,23.57,25.7,33.55,16.3,11.47,14.14,58.7,50.9,14.31,26.75,99.6,68.42,19.43,,28.3,21.25
2023-09-21 07:00:00,15.83,67.82,33.4,71.52,41.9,17.94,47.94,19.74,87.58,102.28,20.86,18.39,72.39,77.93,52.23,22.74,11.02,22.03,22.63,61.74,26.74,12.27,12.34,80.1,54.57,24.63,19.15,22.57,37.43,51.8,10.68,47.66,67.27,14.18,8.9,23.44,25.32,33.7,16.3,12.17,14.1,58.44,51.4,14.42,26.9,99.5,67.98,19.3,,28.2,21.44
2023-09-22 07:00:00,15.8,66.39,33.4,70.11,41.25,17.09,46.15,19.49,89.92,102.11,20.23,18.24,71.0,78.03,51.67,21.98,10.87,21.16,21.39,61.64,25.91,11.87,11.99,78.0,52.23,24.08,17.8,21.61,36.78,51.24,10.47,47.01,65.3,13.8,8.68,23.26,23.58,33.0,16.18,11.71,13.67,59.44,49.45,13.94,25.8,98.5,67.98,18.81,,27.95,21.09
2023-09-25 07:00:00,15.69,66.0,33.4,70.19,41.16,16.62,45.69,19.46,89.11,102.2,19.99,18.02,71.44,78.88,51.59,21.5,10.87,20.81,20.45,61.64,25.12,11.47,11.95,75.4,51.84,23.81,17.6,20.61,36.5,50.99,10.26,46.44,65.3,13.54,8.6,22.91,22.99,33.15,16.16,11.06,13.49,59.44,48.75,13.87,25.2,98.5,68.16,18.77,,27.7,21.4
2023-09-26 07:00:00,15.62,64.86,32.86,68.16,40.08,15.5,42.84,18.94,84.6,100.58,19.28,16.87,69.9,77.34,49.83,19.96,10.81,20.28,19.12,61.26,24.03,10.96,11.76,74.9,50.56,22.95,16.5,19.82,35.34,50.05,9.89,45.14,63.0,12.6,8.2,23.48,22.54,32.2,15.59,10.36,13.16,59.37,47.8,13.43,23.38,99.0,67.72,18.24,,27.0,20.78
2023-09-27 07:00:00,15.44,63.23,32.42,67.85,39.66,14.96,42.71,19.03,83.06,99.9,19.31,16.68,69.02,76.74,51.35,19.05,10.75,20.21,18.93,61.17,24.33,10.68,11.8,76.0,50.86,22.27,15.5,19.61,34.73,49.86,9.72,45.5,62.17,12.51,8.06,23.3,22.92,31.8,15.4,10.07,12.88,59.1,45.8,13.36,22.62,99.7,66.51,18.5,,26.45,20.0
2023-09-28 07:00:00,15.44,64.95,32.42,68.09,39.8,15.0,43.79,19.03,84.87,99.73,19.57,16.87,69.02,78.46,54.56,19.05,10.75,20.32,19.36,61.17,24.78,10.84,11.83,77.0,53.5,22.36,16.05,19.77,35.15,49.43,9.77,45.86,61.27,12.51,8.1,23.17,22.85,31.7,16.01,10.03,13.06,58.64,45.5,13.43,22.65,99.5,66.33,18.86,,26.0,20.05
2023-09-29 07:00:00,15.48,66.39,32.46,68.55,39.89,15.19,43.26,19.06,86.22,101.34,19.73,16.59,69.46,78.63,53.92,19.34,10.75,20.32,19.45,61.26,24.82,11.24,11.89,76.5,52.62,22.41,16.15,20.44,35.15,49.68,9.89,46.29,60.28,12.81,8.2,22.2,22.85,31.25,15.92,10.07,13.06,58.64,47.5,13.43,24.08,99.7,66.33,19.12,,27.05,20.24
2023-10-02 07:00:00,15.41,66.58,32.39,68.16,39.8,15.46,42.82,18.63,85.32,101.34,20.02,16.54,68.66,77.6,54.56,19.58,10.78,20.02,19.41,61.26,24.6,11.12,11.92,78.7,51.84,22.54,15.85,20.36,35.29,50.36,9.81,46.36,60.28,12.72,8.13,22.16,22.68,31.1,15.9,9.91,12.91,57.91,46.2,13.36,23.78,99.4,65.64,19.21,,27.1,20.18
2023-10-03 07:00:00,15.37,65.43,31.74,67.7,39.61,15.19,42.11,18.11,84.14,101.77,20.2,16.18,68.44,76.14,52.07,19.34,10.56,19.76,18.65,60.98,24.78,10.88,11.8,77.4,50.37,22.54,15.4,19.98,34.64,49.68,9.72,45.86,60.2,12.6,7.99,22.07,21.98,30.65,15.54,9.66,12.55,57.58,45.25,13.19,23.0,98.3,65.2,19.03,,26.95,20.0
2023-10-04 07:00:00,15.23,65.91,31.16,66.68,39.66,14.88,41.94,17.86,86.22,99.47,21.15,15.76,68.36,74.17,53.03,18.95,10.56,19.3,18.55,60.88,24.04,10.92,11.64,75.0,48.9,22.23,14.9,19.94,33.89,48.8,9.43,45.86,57.73,12.21,7.81,22.03,22.43,30.6,15.42,9.49,12.26,57.31,45.4,13.05,23.15,98.0,64.77,18.72,,27.1,19.82
2023-10-05 07:00:00,15.41,65.91,31.08,68.48,39.75,14.69,43.7,17.9,87.58,100.49,20.96,15.72,68.29,73.57,52.87,19.48,10.59,19.3,18.27,60.88,24.04,10.92,11.67,74.8,48.8,22.41,14.8,19.9,33.8,49.05,9.35,45.86,58.39,12.3,7.84,21.67,22.5,30.35,15.4,9.45,12.19,57.11,45.25,13.02,23.2,97.5,64.6,18.59,,27.4,19.7
2023-10-06 07:00:00,15.37,66.39,30.83,69.18,39.43,14.1,45.47,17.65,86.49,100.15,20.47,15.72,67.92,72.2,52.87,19.53,10.56,19.15,17.99,60.88,24.37,11.0,11.6,72.9,47.43,22.18,14.0,19.56,33.06,48.93,9.31,45.21,57.57,11.95,7.84,21.72,22.88,30.95,15.23,9.74,12.15,56.71,46.15,12.88,23.12,97.0,64.42,18.55,,27.45,19.66
2023-10-09 07:00:00,15.83,66.29,30.68,70.58,39.57,14.26,46.44,17.92,88.93,104.41,21.02,15.99,69.97,74.85,53.11,19.82,10.59,19.38,18.46,61.26,24.37,11.24,11.67,74.0,47.83,22.32,14.45,19.82,33.43,50.3,9.27,44.92,57.4,12.17,7.84,21.72,23.27,31.3,15.19,10.15,12.3,56.71,47.5,12.92,23.02,97.4,64.34,18.86,,27.2,19.75
2023-10-10 07:00:00,16.04,65.81,30.83,70.58,39.99,14.61,46.79,18.14,88.48,105.35,20.96,16.27,71.14,75.63,54.48,19.82,10.81,19.87,18.74,60.79,24.7,11.32,11.83,74.3,48.36,23.27,14.75,20.02,33.75,50.93,9.48,45.71,57.4,12.6,7.99,21.76,23.54,31.65,15.42,10.23,12.26,57.24,48.0,13.29,23.08,97.5,65.12,19.03,,27.3,19.99
2023-10-11 07:00:00,16.01,65.72,30.83,72.92,39.94,14.57,47.94,18.11,87.58,104.58,20.62,16.36,71.73,75.03,53.52,19.86,10.87,19.87,18.65,60.6,24.24,11.36,11.8,73.8,48.22,23.09,14.45,19.61,34.45,50.24,9.64,45.5,56.66,12.47,7.95,21.81,23.61,31.8,15.42,9.99,12.15,57.44,47.8,13.36,22.72,97.6,64.94,19.21,,27.3,20.0
2023-10-12 07:00:00,16.08,65.14,30.76,74.48,40.03,15.0,48.65,18.26,91.19,103.13,20.81,16.36,71.58,74.08,53.68,20.3,10.93,19.91,19.17,60.6,24.78,11.43,11.83,74.1,48.41,22.81,15.15,20.74,34.92,50.8,9.56,45.93,56.66,12.51,8.02,22.03,23.68,31.95,15.52,10.32,12.41,57.71,48.0,13.46,23.65,98.0,65.9,19.3,,27.45,20.11
2023-10-13 07:00:00,15.94,64.09,30.83,72.53,39.85,14.38,48.56,18.17,89.83,102.79,20.78,16.13,70.49,73.74,53.36,20.58,10.87,19.49,18.65,61.26,26.43,11.4,11.8,73.5,48.41,22.59,15.0,21.78,34.31,50.3,9.48,45.35,57.9,12.34,7.88,21.85,23.68,31.6,15.33,10.11,12.51,57.51,47.2,13.29,23.22,104.5,66.25,19.38,,27.5,20.06
2023-10-16 07:00:00,15.94,64.76,30.83,71.13,39.57,14.34,49.18,17.99,90.1,103.13,21.51,16.18,72.39,75.37,53.52,21.06,10.9,19.53,18.7,60.41,26.43,11.36,11.76,72.5,49.59,22.5,15.3,21.82,35.2,50.43,9.52,45.64,59.05,12.38,7.88,22.03,23.34,31.45,15.26,10.48,12.41,57.51,47.0,13.15,23.02,103.9,65.81,19.82,,27.25,20.06
2023-10-17 07:00:00,15.9,63.14,30.61,70.97,39.33,14.02,49.26,17.9,88.39,103.48,21.25,16.27,71.58,74.51,54.4,21.02,10.99,19.26,18.27,60.7,26.39,11.43,11.76,72.3,47.83,22.45,14.75,21.32,34.31,50.11,9.48,45.35,58.88,12.38,7.81,21.94,22.85,30.7,15.21,10.48,12.23,57.44,45.9,13.02,22.58,103.0,66.07,20.0,,27.6,20.08
2023-10-18 07:00:00,15.76,61.61,29.99,70.04,38.91,12.83,45.56,17.68,83.51,102.45,20.2,16.04,69.46,72.97,52.87,20.15,10.9,18.88,17.28,60.03,24.62,11.4,11.6,71.5,45.97,22.14,14.0,20.23,33.66,49.43,9.35,44.56,57.48,12.08,7.73,21.89,22.33,30.3,15.02,9.91,11.97,57.11,45.8,12.81,22.28,105.0,64.94,20.4,,27.1,19.8
2023-10-19 07:00:00,15.55,60.84,29.45,67.38,38.26,12.47,44.14,17.56,82.61,98.79,19.18,15.9,69.02,71.6,53.44,19.67,10.84,18.32,16.38,61.26,24.2,11.4,11.41,68.4,43.72,21.05,13.7,19.73,33.2,48.55,9.27,43.76,56.58,11.78,7.7,21.85,22.05,29.9,14.83,9.78,11.76,57.11,43.45,12.58,21.95,105.5,63.73,19.74,,27.0,19.68
2023-10-20 07:00:00,15.51,61.7,29.38,66.76,38.49,12.87,45.03,18.26,82.16,98.79,19.05,16.27,68.07,71.34,52.15,19.86,10.96,18.43,16.85,61.64,24.95,11.59,11.48,69.0,44.01,20.82,13.8,19.9,33.01,48.37,9.27,43.69,57.57,11.82,7.62,21.94,21.81,30.3,14.83,9.82,11.94,56.65,44.8,12.61,21.68,105.3,62.95,19.47,,27.05,19.65
2023-10-23 07:00:00,15.51,60.75,29.38,67.38,38.35,12.99,45.29,18.05,82.07,97.0,19.05,16.41,68.66,71.42,51.27,19.77,10.96,18.43,17.13,61.64,25.15,11.87,11.48,68.1,43.87,21.14,13.95,19.86,33.38,47.99,9.31,43.91,57.57,12.0,7.62,21.85,21.77,30.1,14.88,9.99,12.08,56.12,45.3,12.58,21.7,105.3,62.51,19.12,,26.5,19.47
2023-10-24 07:00:00,15.51,60.56,30.07,66.68,38.16,12.75,46.7,18.11,81.8,94.53,18.73,16.96,67.63,69.71,49.99,19.67,10.87,18.47,16.95,61.64,25.44,11.87,11.48,67.3,42.64,21.41,13.75,19.9,33.2,47.42,9.27,43.11,57.4,12.0,7.77,22.73,21.63,30.2,15.02,9.95,12.15,57.44,45.0,12.71,21.75,103.8,61.47,18.86,,26.8,19.28
2023-10-25 07:00:00,15.62,60.46,30.18,67.93,38.44,13.03,49.97,18.11,81.71,95.04,18.21,17.1,67.85,69.8,50.39,20.06,10.87,18.62,17.32,61.64,25.52,12.03,11.51,67.5,43.23,21.68,14.25,21.03,33.2,47.8,9.39,43.26,57.32,12.17,7.77,22.86,21.91,30.2,14.93,10.15,12.19,56.98,45.95,12.71,22.65,104.0,61.47,18.72,,27.0,19.32
2023-10-26 07:00:00,15.27,59.22,29.67,67.15,37.88,12.43,47.59,17.53,79.36,93.59,17.53,16.36,65.8,68.6,48.7,19.48,10.75,18.05,16.47,60.6,24.7,11.83,11.25,64.8,41.47,21.37,13.6,19.65,32.68,46.79,9.23,42.9,56.33,12.17,7.59,22.82,20.8,29.2,14.62,9.66,11.97,57.11,41.8,12.34,21.48,102.3,59.56,18.37,,25.9,19.1
2023-10-27 07:00:00,15.23,56.64,30.47,64.97,37.04,12.12,48.38,17.46,77.73,87.79,17.21,16.36,64.41,67.31,50.15,18.71,10.72,17.79,16.71,60.79,24.78,12.19,11.16,62.0,41.57,20.82,13.5,19.77,31.19,46.79,9.1,40.8,54.2,12.04,7.48,22.6,20.7,29.25,14.36,9.54,11.76,56.45,41.5,12.34,20.9,99.8,59.04,18.06,,24.65,18.5
2023-10-30 07:00:00,15.2,56.83,30.39,65.04,37.13,12.04,50.76,17.31,77.01,87.28,16.79,16.31,63.75,66.62,50.07,18.52,10.78,17.98,17.09,60.88,24.28,12.43,11.13,59.2,40.83,21.0,13.8,19.61,31.01,46.54,9.1,40.01,51.89,12.08,7.48,22.56,20.38,28.8,13.82,9.54,11.79,57.11,40.0,12.41,20.78,99.7,59.04,17.75,,24.1,18.44
2023-10-31 07:00:00,15.13,56.36,30.1,63.48,37.04,11.64,47.23,17.19,74.57,90.26,16.11,16.04,62.44,66.11,49.5,17.47,10.78,17.79,16.71,60.98,23.79,12.03,11.03,59.0,39.81,20.82,13.6,18.94,31.01,46.16,9.06,39.72,50.17,11.82,7.48,22.73,19.38,27.55,13.46,9.13,11.61,57.71,39.7,12.27,20.78,100.0,60.34,17.67,,23.7,18.32
2023-11-01 07:00:00,15.2,55.4,29.67,62.78,36.95,11.52,45.38,17.07,72.5,87.37,15.45,15.76,62.51,66.45,49.58,16.7,10.65,18.13,16.76,60.79,23.62,12.03,11.03,59.5,36.87,20.87,13.1,17.56,30.26,45.59,8.86,38.49,47.53,11.57,7.55,22.91,18.86,27.7,13.44,8.8,11.5,58.31,39.0,12.27,20.25,105.0,61.21,17.71,,22.7,18.3
2023-11-02 07:00:00,15.66,56.16,30.21,66.76,37.98,12.32,47.5,17.5,77.55,87.79,16.19,16.27,65.14,67.91,51.35,17.75,10.87,19.38,17.89,61.17,25.03,12.31,11.32,62.8,36.58,21.37,14.0,18.77,31.24,46.79,9.23,39.65,50.5,12.08,7.92,22.91,20.14,29.05,13.98,9.25,12.05,59.1,40.0,12.68,20.75,104.9,61.56,17.97,,23.3,18.66
2023-11-03 07:00:00,15.73,56.64,30.65,69.18,38.12,13.11,50.76,17.46,78.28,89.5,16.95,16.36,65.29,68.34,52.15,17.95,11.33,19.3,18.46,60.7,24.78,12.39,11.38,63.9,38.34,21.59,14.9,19.02,31.19,47.36,9.27,39.86,53.21,12.08,7.95,22.91,20.18,29.2,14.64,9.45,12.01,59.37,40.55,12.88,21.05,106.5,61.56,18.06,,24.4,18.89
2023-11-06 07:00:00,15.69,56.74,30.61,69.8,38.21,13.03,52.71,17.62,80.35,89.41,16.79,16.73,65.07,67.82,53.19,18.04,11.36,19.6,18.93,60.79,24.62,12.51,11.48,64.6,38.14,21.59,14.9,19.19,31.15,48.56,9.31,40.01,54.44,12.3,8.02,22.47,20.35,29.5,14.64,9.37,12.08,59.63,41.4,12.92,21.15,107.9,62.08,18.37,,24.5,19.05
2023-11-07 07:00:00,15.62,56.74,30.47,71.36,38.02,13.35,55.44,17.62,80.98,89.5,17.11,16.54,65.0,68.94,54.4,18.18,11.27,19.83,19.03,60.22,24.57,12.51,11.48,64.0,38.58,21.82,14.85,19.15,31.61,48.62,9.35,40.44,54.94,12.3,8.02,22.33,20.35,29.3,14.62,9.37,12.08,59.3,40.95,12.95,21.08,107.3,61.47,18.59,,24.0,19.0
2023-11-08 07:00:00,16.08,56.93,31.19,73.31,38.35,13.62,56.06,17.96,83.96,90.35,17.37,16.73,67.78,68.6,54.56,18.9,11.61,20.4,19.97,60.32,25.73,12.55,11.73,63.9,38.73,22.09,15.5,19.9,31.85,48.94,9.52,41.52,53.87,12.34,8.24,21.98,21.04,30.1,15.07,9.74,12.62,59.57,41.5,13.22,21.52,113.4,62.08,18.81,,23.85,19.4
2023-11-09 07:00:00,16.08,58.46,31.3,74.17,38.82,14.06,58.0,18.26,85.5,91.12,17.63,16.91,68.29,68.94,56.4,19.38,11.67,20.74,20.35,60.6,27.09,12.67,11.8,64.5,40.44,22.36,16.55,21.28,32.12,49.0,9.77,41.89,54.11,12.6,8.35,21.98,21.95,30.3,15.09,10.23,12.59,59.44,43.05,13.33,22.85,113.0,62.6,19.0,,24.6,19.61
2023-11-10 07:00:00,15.87,57.79,31.12,75.34,38.3,14.06,57.74,18.05,86.04,89.84,17.29,16.82,67.85,68.6,56.08,19.14,11.64,20.51,20.31,61.08,26.68,12.47,11.73,63.4,39.42,23.22,16.95,22.32,31.66,48.44,9.93,42.39,52.47,12.47,8.2,21.63,22.16,30.0,14.88,10.36,12.48,58.11,43.2,13.19,22.6,110.0,61.47,18.4,,24.4,19.4
2023-11-13 07:00:00,15.87,57.5,30.97,75.65,38.16,13.66,56.5,18.14,85.14,89.33,17.19,16.45,67.34,68.17,56.24,18.86,11.67,20.89,20.73,60.7,27.09,12.31,11.57,62.9,39.42,22.91,16.3,22.28,31.29,48.37,10.01,41.89,52.22,12.25,8.2,20.62,21.95,29.6,14.79,10.36,12.44,57.18,42.6,13.19,22.52,109.0,60.78,18.21,,24.2,19.24
2023-11-14 07:00:00,16.08,57.5,31.52,75.96,38.35,13.82,57.56,18.48,85.95,90.09,17.16,17.46,68.36,68.34,57.93,19.0,11.7,20.81,20.73,60.22,26.6,12.75,11.89,62.8,41.18,22.63,16.4,22.83,31.43,49.51,9.93,41.89,52.06,12.25,8.53,20.7,22.36,30.45,15.0,10.44,12.88,57.44,41.9,13.43,22.75,109.1,60.25,18.49,,24.1,19.32
2023-11-15 07:00:00,16.5,60.08,32.03,75.1,38.82,13.98,57.21,18.78,85.77,90.26,17.42,18.11,68.66,69.2,58.81,19.62,11.83,21.04,21.21,60.32,26.89,12.71,11.95,66.9,41.57,23.09,16.75,22.83,31.98,50.14,10.01,42.54,53.04,12.21,8.6,20.93,22.78,30.7,15.21,10.4,12.91,58.24,42.6,13.63,22.8,110.6,62.34,18.63,,24.75,19.77
2023-11-16 07:00:00,16.43,59.7,32.21,75.18,39.0,13.78,55.62,18.6,86.85,89.92,17.84,17.79,68.07,68.6,58.17,19.24,11.76,20.59,20.45,60.12,26.43,12.51,11.83,66.9,40.69,22.63,16.8,22.91,32.26,49.64,9.81,42.1,53.13,12.08,8.42,20.7,22.43,30.2,15.02,10.36,12.69,58.44,41.65,13.39,22.7,109.0,61.9,18.49,,24.05,19.56
2023-11-17 07:00:00,16.43,60.08,31.92,75.1,39.14,14.1,56.59,18.6,86.67,89.92,17.89,17.88,68.44,68.34,57.69,19.88,11.73,20.74,20.83,60.32,26.8,12.59,11.86,67.0,41.57,22.81,16.95,24.16,32.17,50.21,9.89,42.46,53.78,12.25,8.5,20.7,22.64,30.4,15.09,10.81,12.73,58.37,41.75,13.43,22.6,109.5,61.73,18.49,,24.15,19.6
2023-11-20 07:00:00,16.11,58.65,31.81,75.62,38.4,13.62,56.06,18.26,85.05,88.73,17.34,17.05,67.78,67.65,56.56,19.63,11.61,20.36,20.59,60.32,26.18,12.39,11.64,65.0,40.74,22.36,16.35,23.91,31.52,50.4,9.68,41.96,52.3,11.87,8.24,20.4,22.71,29.45,14.76,10.73,12.55,57.78,39.5,13.05,21.4,109.0,60.69,18.4,,23.2,19.3
2023-11-21 07:00:00,16.01,59.12,31.88,78.55,38.35,13.86,58.71,18.32,85.77,89.92,17.53,17.51,67.34,67.82,56.56,19.83,11.61,20.81,21.44,60.5,26.64,12.43,11.64,64.9,40.59,22.45,16.5,24.21,31.61,51.34,9.77,42.03,52.47,11.95,8.24,20.4,22.78,29.6,14.81,10.85,12.55,57.58,39.75,13.19,21.58,106.6,60.6,18.4,,22.95,19.26
2023-11-22 07:00:00,15.97,57.98,31.92,78.47,38.3,14.26,58.89,18.23,88.39,89.84,17.79,17.65,68.14,67.99,56.89,19.73,11.61,20.59,20.92,60.22,26.85,12.47,11.57,65.5,39.95,22.77,17.35,24.08,31.94,51.47,9.68,42.1,52.55,11.91,8.2,20.35,22.88,29.45,14.64,10.85,12.41,57.58,39.6,13.12,21.5,108.3,60.95,18.26,,22.85,19.2
2023-11-23 07:00:00,15.97,57.6,31.92,77.72,38.49,14.41,58.71,18.26,87.58,87.96,17.84,17.97,68.58,67.91,56.56,19.88,11.52,20.7,20.92,60.32,27.05,12.43,11.57,65.5,39.42,22.77,18.3,24.0,31.85,51.91,9.68,42.18,52.55,11.95,8.28,20.26,23.06,29.3,14.79,11.02,12.55,57.64,39.95,13.19,21.3,108.9,60.69,18.26,,23.45,19.3
2023-11-24 07:00:00,15.66,56.16,31.66,74.7,38.02,13.54,55.18,18.17,86.22,87.88,17.21,17.19,67.34,66.54,55.76,19.1,11.36,19.98,19.83,60.41,25.98,12.23,11.48,63.5,37.7,22.18,17.6,22.95,31.29,51.22,9.52,41.52,51.81,11.61,8.02,20.35,22.22,28.4,14.46,10.19,12.3,57.11,39.2,12.88,20.75,107.3,59.82,17.93,,22.6,18.8
2023-11-27 07:00:00,15.51,56.64,31.66,74.62,38.13,13.54,55.36,18.2,86.58,89.07,17.32,17.19,66.9,66.62,55.92,19.34,11.36,20.25,20.02,60.12,26.31,12.19,11.44,62.3,37.7,22.05,18.0,23.12,31.71,50.96,9.48,41.38,52.96,11.52,7.99,20.35,22.22,28.2,14.15,10.23,12.26,57.11,40.0,12.81,21.1,106.9,59.39,17.98,,22.95,18.74
2023-11-28 07:00:00,15.51,56.64,31.89,73.11,37.94,13.39,55.09,17.99,85.14,88.22,17.13,16.87,67.27,66.02,54.8,19.15,11.21,20.21,20.16,60.12,25.9,11.95,11.41,61.8,37.31,21.91,17.45,22.66,31.38,50.33,9.39,41.52,53.37,11.4,7.92,20.31,21.88,28.15,14.15,9.95,12.15,57.04,40.75,12.75,21.25,107.4,59.47,17.98,,22.8,18.75
2023-11-29 07:00:00,15.69,56.93,32.13,73.45,38.27,13.62,55.27,18.14,86.94,88.47,17.21,16.77,67.34,66.88,56.16,19.44,11.36,20.51,20.64,60.5,26.06,12.39,11.41,63.0,38.58,22.05,18.25,22.99,33.34,50.78,9.43,41.74,54.94,11.44,7.95,20.31,22.19,28.25,14.31,10.15,12.23,57.04,41.3,12.88,21.32,107.6,59.73,17.93,,23.35,18.98
2023-11-30 07:00:00,15.66,56.35,32.3,73.53,38.46,13.7,56.06,18.32,87.03,89.24,17.29,17.37,68.58,67.14,56.81,19.93,11.21,20.59,20.83,60.41,26.14,12.43,11.44,62.9,38.24,21.95,18.1,23.24,33.52,51.34,9.48,41.81,54.61,11.44,7.99,20.26,22.33,28.1,14.2,10.23,12.33,56.71,41.35,12.92,21.42,106.8,59.65,17.98,,23.2,18.95
2023-12-01 07:00:00,15.55,56.35,32.3,73.2,38.32,13.58,56.06,18.15,86.13,88.39,17.5,17.0,68.0,66.79,56.56,19.73,11.24,20.51,20.64,59.84,26.27,12.35,11.38,61.8,38.14,21.95,17.95,22.91,33.34,50.96,9.39,41.67,53.62,11.95,7.92,20.18,22.4,27.65,14.1,10.28,12.37,56.45,41.4,12.95,21.1,105.4,59.47,17.89,,22.9,18.89
2023-12-04 07:00:00,15.76,57.9,32.54,77.05,38.56,14.26,58.36,18.25,88.12,88.64,17.92,17.42,68.8,67.82,57.13,20.37,11.49,21.0,21.58,59.84,27.18,12.31,11.54,63.0,39.56,22.0,18.45,23.91,33.34,51.47,9.6,42.03,54.2,12.21,8.13,20.09,23.61,28.35,14.41,10.6,12.59,57.24,41.5,13.09,21.5,107.6,60.34,18.12,,23.25,19.2
2023-12-05 07:00:00,15.76,61.29,32.62,77.72,38.51,14.14,58.09,18.32,89.56,88.99,18.05,17.37,70.12,68.51,57.53,20.37,11.42,20.85,21.39,59.36,27.05,12.31,11.54,62.4,39.22,22.68,18.7,23.95,33.75,51.09,9.64,43.33,53.87,12.12,8.13,20.04,23.4,28.3,14.31,10.56,12.44,57.18,41.5,13.09,21.58,105.9,59.91,18.07,,23.1,19.15
2023-12-06 07:00:00,15.66,65.55,33.03,76.71,38.61,14.41,58.36,18.32,88.48,88.64,17.84,17.42,69.83,68.42,57.13,20.32,11.61,20.89,21.58,58.89,26.72,12.75,11.57,62.3,40.15,22.68,18.35,24.08,33.47,50.78,9.6,42.9,53.7,12.08,8.02,20.0,23.51,28.1,14.41,10.6,12.69,57.11,40.55,13.15,21.5,106.0,59.56,17.98,,23.0,19.09
2023-12-07 07:00:00,15.8,65.55,33.52,77.13,38.41,14.41,59.68,18.6,89.38,88.05,17.97,17.79,69.75,68.17,56.56,20.32,11.61,21.12,21.58,59.36,26.68,12.83,11.7,64.2,40.2,22.72,18.45,24.71,33.34,50.9,9.68,42.9,54.2,11.95,8.2,20.0,23.4,28.95,14.67,10.81,12.69,57.11,40.55,13.29,21.6,106.0,59.73,18.16,,23.2,19.23
2023-12-08 07:00:00,15.83,64.87,34.34,76.96,38.13,14.02,58.71,18.6,88.48,87.79,17.82,17.79,69.61,67.48,56.56,19.93,11.61,21.38,21.92,60.03,26.31,13.15,11.7,66.9,42.06,22.86,17.85,24.12,33.2,50.27,9.81,42.75,54.28,11.82,8.13,20.0,22.92,28.85,14.64,10.93,12.77,56.78,40.1,13.26,21.52,105.7,60.17,18.21,,23.45,19.27
2023-12-11 07:00:00,15.8,63.81,34.5,77.21,38.41,13.94,57.3,18.56,88.75,87.11,17.71,17.69,70.05,67.39,56.97,19.88,11.64,21.04,21.02,60.22,26.27,13.19,11.64,68.0,41.71,22.63,17.75,23.95,33.43,50.71,9.72,43.19,54.36,11.82,8.13,20.0,22.95,28.4,14.64,10.81,12.66,56.65,41.3,13.22,22.18,104.5,61.21,18.12,,23.75,19.32
2023-12-12 07:00:00,15.8,63.23,34.38,76.88,38.61,13.94,57.21,18.53,88.48,86.51,17.92,17.6,70.85,67.22,56.81,20.22,11.61,21.34,20.92,60.12,26.02,13.07,11.64,67.7,41.66,22.45,17.85,23.49,33.24,50.9,9.68,42.68,54.2,11.74,8.17,19.96,22.92,28.1,14.67,10.73,12.59,56.25,41.3,13.15,22.2,104.9,60.86,17.98,,23.8,19.34
2023-12-13 07:00:00,15.83,62.45,34.34,76.63,39.32,14.1,57.21,18.77,88.12,86.43,18.1,18.06,71.29,67.05,56.64,20.07,11.67,21.34,20.87,59.84,26.06,12.95,11.7,67.4,42.64,22.45,17.85,22.87,33.06,51.53,9.6,42.75,54.11,11.7,8.13,20.0,22.88,28.2,14.72,10.89,12.55,56.12,41.65,13.22,22.18,105.0,60.52,17.93,,23.7,19.36
2023-12-14 07:00:00,15.97,61.97,34.18,76.04,38.94,13.82,56.06,18.49,87.39,85.92,17.79,17.65,70.56,66.62,55.76,19.73,11.73,20.85,20.21,59.84,25.9,12.75,11.6,66.5,41.37,22.14,17.25,22.41,32.59,51.03,9.52,42.18,53.37,11.57,7.99,20.0,22.57,27.75,14.57,10.56,12.41,56.12,41.25,13.09,22.02,105.7,59.82,17.84,,23.3,19.26
2023-12-15 07:00:00,16.04,61.29,34.09,75.37,38.51,13.46,55.44,18.43,85.77,85.66,17.55,17.14,70.49,65.94,54.88,19.63,11.76,20.59,20.16,59.84,25.32,12.67,11.6,65.0,40.69,22.14,17.1,22.41,32.36,50.4,9.43,41.89,52.3,11.48,7.95,19.91,22.57,27.45,14.55,10.48,12.3,56.05,40.55,12.98,21.98,105.5,59.56,17.66,,23.05,19.09
2023-12-18 07:00:00,16.01,59.55,33.93,74.79,38.03,13.31,56.77,18.32,85.68,85.58,17.34,16.87,70.41,65.25,54.96,19.44,11.76,20.44,20.02,59.74,25.07,12.63,11.57,63.8,40.05,21.77,16.95,22.16,32.12,50.27,9.35,41.31,51.73,11.44,7.88,19.91,22.33,27.2,14.48,10.81,12.26,55.05,40.2,12.85,21.98,105.0,59.21,17.29,,22.9,19.04
2023-12-19 07:00:00,16.22,59.06,33.93,73.95,37.74,13.19,56.5,18.18,86.08,85.24,17.34,16.82,69.24,64.65,55.2,19.15,11.7,20.59,20.35,59.84,24.99,12.43,11.6,63.5,40.0,21.64,16.8,22.16,31.75,50.33,9.31,41.16,51.4,11.35,7.81,19.91,22.33,26.6,14.46,10.81,12.26,54.12,39.95,12.71,21.65,105.0,58.52,16.92,,22.85,18.84
2023-12-20 07:00:00,16.32,59.84,34.34,77.3,37.79,13.23,57.12,18.25,86.18,85.32,17.34,17.05,69.54,64.74,55.36,19.39,11.7,20.7,20.5,59.74,24.9,12.43,11.6,64.0,41.47,21.55,16.9,22.32,32.12,50.84,9.39,41.02,51.56,11.61,7.84,19.91,22.64,26.95,14.43,10.81,12.26,53.99,39.95,12.81,21.72,105.0,59.21,16.96,,23.1,18.99
2023-12-21 07:00:00,16.32,59.84,34.26,78.22,37.79,13.31,57.21,18.25,85.34,84.81,17.24,16.96,69.61,64.39,55.36,19.49,11.64,20.66,20.73,59.84,24.86,12.39,11.57,64.4,41.76,21.46,16.7,22.16,31.8,53.3,9.39,40.88,51.15,11.52,7.81,19.91,22.43,26.85,14.48,11.1,12.19,53.79,40.45,12.81,21.65,106.2,59.3,16.87,,23.0,18.95
2023-12-22 07:00:00,16.36,59.84,34.71,83.65,37.7,13.31,58.62,18.25,84.87,84.81,17.29,17.0,69.61,64.48,55.12,19.78,11.7,20.7,20.73,59.84,24.95,12.55,11.76,64.2,41.71,21.64,16.9,22.78,31.94,53.11,9.39,40.95,51.07,11.44,7.84,19.96,22.88,27.45,14.55,11.1,12.23,53.86,40.4,12.88,21.68,106.2,59.13,16.96,,23.0,19.0
2023-12-25 07:00:00,16.46,60.03,35.4,88.17,37.79,13.35,58.71,18.46,86.18,85.41,17.29,17.05,70.41,65.77,58.57,19.93,11.83,20.89,21.21,60.32,25.15,12.55,11.83,66.5,42.74,21.73,17.1,23.24,32.31,53.87,9.43,40.8,51.89,11.48,7.88,20.04,22.74,27.8,14.64,10.93,12.33,54.32,41.25,13.05,21.78,107.8,59.65,17.1,,23.4,19.2
2023-12-26 07:00:00,16.43,61.39,35.61,89.09,37.98,13.58,61.71,18.49,88.42,86.34,17.47,16.91,72.17,65.77,59.21,20.03,11.86,21.12,21.06,60.22,25.36,12.63,11.8,66.9,42.2,21.82,17.15,23.33,32.4,54.38,9.43,40.73,51.81,11.52,7.88,20.04,22.85,27.6,14.64,10.93,12.33,54.99,42.2,13.05,21.88,108.2,59.47,17.15,,23.5,19.26
2023-12-27 07:00:00,16.43,61.0,35.32,88.76,38.32,13.54,61.8,18.46,88.42,86.51,17.53,16.96,71.58,65.77,58.17,20.03,11.92,21.19,21.39,60.5,25.4,12.63,11.8,67.9,42.1,21.64,17.0,23.45,32.36,54.25,9.39,40.8,52.06,11.52,7.84,20.04,23.02,27.65,14.72,11.18,12.51,55.25,42.15,13.12,21.98,108.1,59.65,17.19,,23.45,19.35
2023-12-28 07:00:00,16.81,60.71,35.28,91.94,38.03,13.42,61.8,18.6,88.98,86.85,17.55,16.91,71.0,65.51,58.81,20.03,11.95,21.34,21.58,60.79,25.61,12.71,11.86,67.6,42.3,21.73,16.95,23.41,32.31,54.0,9.35,41.02,51.89,11.44,7.88,21.15,23.02,27.8,14.95,11.06,12.51,55.19,43.8,13.39,22.3,108.0,59.91,17.38,,23.7,19.53
2023-12-29 07:00:00,16.92,60.9,35.48,88.59,38.08,13.86,61.36,18.77,88.04,88.64,17.55,17.1,71.0,65.42,58.09,20.81,12.54,21.27,21.58,59.84,25.94,12.75,12.02,68.3,42.35,22.18,17.25,23.37,32.26,54.38,9.35,41.52,52.22,11.7,7.95,21.1,22.99,28.1,15.09,10.97,12.59,55.72,44.1,13.56,22.42,108.0,60.09,17.75,,23.65,19.63
2024-01-02 07:00:00,17.38,61.1,35.65,91.6,38.22,13.94,61.8,18.7,88.51,93.76,17.95,17.28,70.92,65.42,57.93,20.95,12.51,21.31,21.77,61.17,25.98,12.99,12.11,69.3,42.35,22.32,17.3,23.45,32.26,55.14,9.39,42.1,52.88,11.52,8.06,21.23,23.06,28.15,15.23,10.97,12.62,55.52,43.75,13.56,22.48,108.3,59.91,17.75,,23.55,19.68
2024-01-03 07:00:00,17.55,59.74,36.06,91.35,38.13,14.02,63.21,18.94,87.67,96.32,17.87,17.28,70.63,65.17,58.01,21.39,12.35,21.04,21.44,60.32,25.48,12.95,12.24,68.9,42.5,22.45,16.85,23.08,32.5,54.38,9.43,41.74,52.39,11.44,8.17,21.1,22.88,28.5,15.4,10.81,12.59,56.12,43.4,13.7,22.08,107.7,60.35,17.66,,23.3,19.69
2024-01-04 07:00:00,18.01,59.64,36.79,90.77,38.7,13.98,63.12,20.24,92.33,94.61,18.18,17.79,72.02,66.37,58.33,21.25,12.69,21.27,21.63,60.03,25.69,13.43,13.04,69.1,42.84,22.72,17.15,23.58,32.87,54.57,9.6,42.46,52.73,11.48,8.53,21.06,23.75,29.55,15.9,10.97,13.13,57.24,43.7,14.25,22.2,108.0,60.79,18.16,,23.6,20.13
2024-01-05 07:00:00,17.87,59.06,36.75,87.34,38.51,13.82,62.33,20.0,90.28,92.48,17.87,17.74,71.36,66.37,57.45,21.44,12.66,21.12,21.35,60.03,25.81,13.39,13.07,68.3,43.13,22.59,17.05,23.37,32.96,53.75,9.52,41.74,52.56,11.52,8.42,21.06,23.72,29.45,15.78,10.93,13.09,57.24,43.55,14.11,22.1,108.0,60.61,17.98,,23.55,20.03
2024-01-08 07:00:00,18.08,58.87,38.02,89.43,38.65,14.45,62.6,20.45,90.0,92.31,17.87,17.6,71.95,66.71,57.77,21.49,12.82,21.38,21.39,60.22,25.98,13.47,13.29,68.0,43.33,22.54,17.5,23.91,33.1,53.3,9.48,41.74,52.47,11.52,8.53,20.88,23.96,29.65,16.13,11.06,13.13,57.64,43.85,14.31,22.38,107.8,60.44,17.93,,24.1,20.19
2024-01-09 07:00:00,17.8,58.29,38.43,89.43,38.75,14.93,62.77,20.69,88.42,94.61,18.0,17.42,71.22,66.02,58.01,21.15,12.72,21.16,21.21,59.94,26.02,13.31,13.33,67.4,42.25,22.45,17.45,24.21,32.96,54.06,9.48,40.95,52.47,12.04,8.53,20.7,23.86,29.5,16.3,11.39,13.02,58.37,43.3,14.31,22.2,106.7,59.91,17.89,,23.8,20.1
2024-01-10 07:00:00,17.9,57.71,39.08,87.84,39.23,14.69,61.8,21.38,87.95,92.05,17.97,17.65,70.92,65.51,59.13,21.1,12.78,21.0,20.78,59.84,25.44,13.31,13.49,67.5,41.96,23.09,17.2,23.83,32.54,55.01,9.56,40.73,51.88,12.0,8.86,20.7,23.65,29.8,16.39,11.18,13.42,59.44,43.0,14.42,22.02,106.7,59.56,18.26,,23.5,20.16
2024-01-11 07:00:00,18.08,59.64,38.63,89.18,40.43,14.97,60.92,21.62,86.64,92.14,17.84,18.66,69.83,65.25,57.77,21.15,12.88,20.93,20.97,60.13,25.03,13.55,13.45,66.9,42.2,23.68,17.05,23.49,33.01,55.52,9.77,40.51,52.05,11.91,9.0,21.06,23.89,29.95,16.34,11.02,13.7,59.77,43.05,14.52,22.0,106.0,59.91,18.35,,23.65,21.0
2024-01-12 07:00:00,18.39,58.48,38.59,89.18,40.28,14.73,60.48,21.86,86.27,91.63,17.55,18.38,69.97,65.25,57.37,20.71,12.91,20.78,20.92,59.74,24.86,13.27,13.74,66.0,41.66,23.9,16.75,23.16,33.1,54.5,9.72,40.3,51.72,11.87,9.04,20.79,23.61,30.15,16.39,10.73,13.56,59.44,41.9,14.45,21.75,105.8,59.39,18.26,,23.3,20.14
2024-01-15 07:00:00,18.25,58.58,38.43,92.86,40.23,14.65,60.3,21.75,85.99,91.37,17.37,18.34,70.19,65.08,56.73,20.42,12.97,20.78,20.83,60.61,24.86,13.59,13.96,66.1,42.35,23.81,16.6,23.24,32.78,54.0,9.6,40.3,51.8,11.91,9.08,20.66,23.68,30.25,16.44,10.77,13.56,59.83,41.85,14.69,21.75,105.8,59.04,18.3,,23.35,20.3
2024-01-16 07:00:00,17.94,57.71,38.39,90.35,39.32,14.57,60.04,21.55,87.2,90.86,17.32,17.97,70.05,64.91,55.52,20.47,13.0,21.04,21.68,59.84,24.66,13.51,13.71,67.3,43.43,23.49,16.7,23.12,32.4,54.63,9.52,40.37,51.04,11.87,8.86,20.57,23.27,29.9,16.16,10.77,13.42,59.83,42.65,14.65,21.62,105.4,58.95,17.98,,23.1,20.17
2024-01-17 07:00:00,18.11,58.09,38.43,91.85,39.95,14.85,60.39,21.62,87.02,90.35,17.45,18.06,70.27,65.17,56.64,20.95,12.97,21.16,21.77,59.84,25.03,13.87,13.9,67.5,44.6,23.81,16.6,23.54,32.78,56.28,9.56,40.73,51.04,12.21,8.97,20.4,23.96,30.05,16.37,10.89,13.49,60.43,42.85,14.76,21.72,105.4,59.39,18.07,,23.4,20.32
2024-01-18 07:00:00,18.08,58.38,39.12,91.1,39.71,14.65,60.92,21.68,86.74,90.01,17.55,18.02,70.27,64.82,55.92,20.9,12.91,21.08,21.73,59.94,26.1,14.02,13.87,67.0,44.84,23.49,16.6,23.75,32.4,56.72,9.48,40.66,51.13,12.0,8.79,20.4,23.65,30.25,16.34,10.89,13.31,60.56,43.5,14.62,21.75,105.0,59.3,18.07,,23.55,20.24
2024-01-19 07:00:00,18.22,59.26,40.76,91.02,39.71,14.77,61.71,22.37,86.74,90.43,17.58,18.24,70.92,65.77,55.84,21.15,12.94,21.12,21.54,60.32,26.1,14.02,14.12,68.4,45.67,23.45,16.55,23.66,32.54,56.66,9.6,40.73,52.05,11.91,8.86,20.4,23.68,30.3,16.6,10.97,13.45,61.76,43.6,14.83,21.72,105.2,60.0,18.26,,24.2,20.45
2024-01-22 07:00:00,18.46,59.74,41.04,94.78,39.76,14.73,61.1,22.41,85.8,91.2,17.42,18.57,70.85,65.94,55.6,20.95,13.09,21.69,22.06,60.32,25.94,13.98,14.38,68.5,45.28,23.86,17.4,23.49,32.54,55.9,9.64,40.8,51.88,11.74,8.93,20.53,23.61,30.6,16.68,10.77,13.49,62.09,43.45,14.94,21.75,105.8,60.09,18.44,,24.0,20.6
2024-01-23 07:00:00,18.57,60.8,40.72,94.86,39.47,14.85,60.12,22.51,85.34,93.59,17.29,18.47,70.56,65.77,56.48,20.56,13.12,21.57,21.96,60.23,25.81,13.87,14.25,67.8,45.14,23.63,17.35,23.66,32.59,56.84,9.6,41.45,51.38,11.74,8.9,20.53,23.68,30.7,17.01,10.69,13.56,61.36,43.2,14.9,21.7,105.8,59.74,18.4,,23.95,20.56
2024-01-24 07:00:00,18.32,61.0,40.23,93.02,39.23,14.61,60.21,22.23,84.31,92.74,17.32,18.24,70.12,65.51,56.4,20.81,13.06,21.57,21.82,60.03,25.69,13.87,14.12,67.5,44.45,23.49,17.05,23.49,32.54,57.16,9.52,41.16,50.96,11.7,9.0,20.48,23.89,31.25,16.79,10.69,13.38,61.1,42.95,14.76,21.62,105.5,59.48,18.3,,24.3,20.49
2024-01-25 07:00:00,18.18,59.74,40.68,91.85,39.13,14.53,59.86,22.03,83.19,92.48,17.16,18.11,70.05,65.25,56.56,20.51,13.06,21.5,22.06,59.84,25.77,13.91,14.0,66.8,44.21,23.13,16.8,23.33,32.4,56.66,9.48,41.02,50.87,11.74,8.97,20.4,23.75,31.0,16.65,10.65,13.2,60.83,42.5,14.66,21.55,105.0,59.04,18.21,,24.0,20.39
2024-01-26 07:00:00,18.53,60.03,40.02,89.43,39.13,14.53,60.21,22.13,83.19,91.97,17.29,18.11,70.41,65.59,56.56,20.95,13.18,21.57,22.44,59.84,25.9,13.98,14.12,67.0,44.5,23.13,16.9,24.0,32.4,56.78,9.48,40.8,49.78,11.7,8.97,20.35,23.86,30.7,16.77,10.69,13.34,61.1,42.5,14.62,21.5,105.8,59.04,18.26,,23.95,20.46
2024-01-29 07:00:00,18.6,60.8,40.23,88.67,39.71,14.69,61.36,22.47,84.78,91.88,17.84,17.97,70.34,65.77,56.32,22.17,13.22,21.5,22.25,59.94,25.81,14.34,14.31,66.4,44.16,23.22,16.75,24.0,32.4,57.86,9.52,41.02,49.7,11.78,9.08,20.35,23.89,30.65,16.84,11.1,13.27,61.1,42.3,14.66,21.42,106.0,58.86,18.26,,23.75,20.47
2024-01-30 07:00:00,18.39,63.42,39.98,87.84,39.71,14.69,61.1,22.27,84.31,91.8,17.68,17.88,70.19,65.68,56.32,22.76,13.56,21.27,21.92,59.74,25.73,14.42,14.19,66.6,44.45,23.68,16.55,23.79,32.5,58.11,9.64,40.88,48.85,11.87,8.97,20.26,23.72,30.7,16.65,11.26,13.31,60.56,42.3,14.66,21.4,106.0,58.86,18.35,,23.6,20.41
2024-01-31 07:00:00,18.32,63.42,39.9,87.67,39.56,14.89,62.33,22.3,84.87,91.97,17.58,17.83,70.27,65.59,55.92,22.57,13.59,21.27,21.92,59.36,25.77,14.26,14.19,66.6,44.89,23.72,17.05,23.95,32.4,58.3,9.56,41.02,48.77,11.82,8.9,20.35,24.41,30.9,16.65,11.18,13.31,60.17,42.25,14.76,21.4,105.8,59.65,18.21,,23.65,20.42
2024-02-01 07:00:00,18.32,64.39,39.2,90.01,39.66,14.49,60.12,22.03,84.69,90.78,17.42,17.28,73.12,64.91,55.36,23.4,13.52,21.27,21.73,59.45,25.52,14.62,14.0,65.5,45.67,23.4,16.9,23.75,32.36,57.98,9.48,40.73,48.6,11.61,8.53,20.18,24.2,30.15,16.37,11.39,13.02,59.9,41.5,14.59,21.25,105.5,59.3,17.89,,22.7,20.29
2024-02-02 07:00:00,18.46,63.9,38.84,90.1,39.52,14.85,59.86,22.06,85.24,91.2,17.58,17.19,74.81,65.08,55.52,24.32,13.8,21.27,22.06,59.55,25.98,14.5,14.03,65.6,46.36,23.27,17.35,25.25,32.4,58.62,9.43,40.51,48.77,11.57,8.5,20.09,24.62,30.15,16.27,11.43,12.95,60.1,42.1,14.48,21.25,105.7,59.21,17.75,,22.7,20.34
2024-02-05 07:00:00,19.66,62.74,40.39,90.85,40.23,14.81,59.33,23.26,85.34,90.61,17.5,17.37,76.19,64.99,56.0,24.76,14.02,21.42,21.96,59.65,25.61,14.62,14.76,65.7,46.55,23.18,17.1,25.04,32.4,58.11,9.39,40.59,48.35,11.48,8.6,20.31,24.41,30.85,17.01,11.51,13.16,60.17,41.6,14.94,21.1,105.4,59.65,17.98,,22.4,20.74
2024-02-06 07:00:00,19.59,62.94,39.9,91.27,39.61,14.77,59.59,23.64,89.16,90.35,17.71,17.42,76.85,65.08,55.44,24.96,14.24,21.38,22.15,59.74,25.77,14.7,14.76,65.3,46.46,23.13,17.5,25.38,32.31,57.54,9.39,40.88,48.35,11.48,8.6,20.35,24.62,31.1,17.1,11.34,13.24,60.17,41.45,15.36,21.18,105.5,59.65,17.93,,22.05,20.78
2024-02-07 07:00:00,19.8,62.64,40.1,90.01,39.66,14.69,59.33,24.91,91.31,91.63,17.97,17.28,76.85,64.99,56.4,24.81,14.54,21.42,22.1,59.84,25.85,14.54,15.11,65.3,46.02,23.09,17.45,25.25,32.59,57.86,9.43,40.95,48.77,11.48,8.53,20.44,24.55,31.2,17.62,11.14,13.42,60.3,41.85,15.22,21.2,105.3,59.39,18.12,,21.9,20.95
2024-02-15 07:00:00,19.94,62.45,40.27,89.59,39.95,15.4,59.33,24.57,90.56,91.63,18.0,17.69,77.22,65.17,56.48,24.96,14.7,21.87,22.63,60.03,26.06,14.66,15.43,65.7,45.97,23.36,17.65,25.25,33.06,58.3,9.48,42.61,49.53,11.57,8.82,20.53,24.66,31.7,18.4,11.34,13.81,60.23,42.2,15.67,21.4,105.5,59.48,18.63,,22.2,21.13
2024-02-16 07:00:00,19.38,62.64,40.06,88.17,40.95,15.37,59.59,24.22,90.0,91.29,18.03,17.6,76.93,66.02,56.08,26.03,14.6,21.8,22.25,60.23,26.23,14.54,15.37,66.4,45.58,23.4,18.0,25.33,32.92,57.48,9.52,43.19,49.44,11.57,8.79,20.53,24.59,31.4,18.28,11.43,13.74,59.9,42.8,15.64,22.08,105.3,61.49,18.44,,22.7,21.13
2024-02-19 07:00:00,19.45,62.94,41.13,87.59,41.43,15.48,58.98,24.36,91.96,92.82,18.63,17.42,78.32,68.17,57.21,27.55,14.42,22.25,22.39,60.71,26.02,14.3,15.37,69.4,46.16,24.08,17.8,24.92,34.08,57.48,10.01,42.82,48.94,11.74,8.79,20.53,24.45,30.95,18.45,11.34,13.67,60.1,45.65,15.57,23.5,106.0,63.5,18.44,,24.05,21.37
2024-02-20 07:00:00,19.48,62.74,41.04,87.84,41.43,15.44,61.36,24.43,92.15,94.61,18.39,17.42,77.0,68.34,57.77,27.55,14.6,22.21,22.1,61.0,26.27,14.22,15.37,69.7,45.92,24.26,17.65,25.04,33.99,56.78,10.14,42.82,50.2,11.78,8.79,20.35,24.86,31.05,18.42,11.26,13.6,60.7,46.7,15.81,24.68,105.2,63.32,18.26,,25.7,21.44
2024-02-21 07:00:00,19.59,63.9,40.72,88.26,41.0,15.25,61.27,24.84,96.06,95.21,18.55,17.42,78.24,67.39,57.69,27.84,14.67,22.06,21.87,60.9,27.67,14.3,15.43,68.9,45.67,24.08,17.8,25.0,33.66,56.15,9.85,43.62,49.7,11.7,8.71,20.31,24.52,32.0,18.59,11.18,14.07,60.9,46.1,15.81,24.28,104.5,62.89,18.49,,26.25,21.5
2024-02-22 07:00:00,19.48,65.16,40.8,93.69,40.81,15.37,61.54,24.53,95.88,93.42,18.42,17.37,77.59,67.48,57.77,27.64,14.51,21.8,21.58,61.77,27.09,14.26,15.37,69.3,45.28,23.86,17.4,24.79,33.8,56.66,9.85,43.55,49.27,12.04,8.97,20.26,24.27,31.5,19.06,11.18,14.25,60.43,45.45,15.78,23.85,104.7,63.59,18.4,,26.65,21.48
2024-02-23 07:00:00,19.94,63.52,43.5,97.46,41.05,15.33,60.83,25.49,96.44,94.61,18.29,17.56,78.1,67.14,57.69,27.64,14.24,21.84,21.63,61.67,26.93,14.38,15.75,68.9,44.55,23.68,17.25,24.41,33.43,56.84,9.81,43.33,49.02,11.91,8.93,20.44,24.24,31.55,20.01,11.06,14.5,60.7,45.1,15.95,23.98,104.4,63.59,18.72,,26.6,21.64
2024-02-26 07:00:00,19.45,61.77,44.56,99.88,40.47,14.65,58.53,24.6,99.8,92.65,18.1,16.96,79.05,65.85,59.77,28.43,14.14,21.8,21.3,61.58,26.35,13.83,15.33,67.4,43.52,23.27,16.95,23.75,32.82,56.34,9.6,42.54,48.35,11.57,8.64,20.26,24.55,30.75,19.6,10.77,13.92,59.77,43.85,15.43,22.88,104.9,62.71,18.07,,26.5,21.29
2024-02-27 07:00:00,19.45,61.77,44.15,99.55,40.71,14.89,59.42,24.91,104.08,92.91,18.16,16.82,80.15,66.71,60.34,28.72,14.2,23.05,22.06,61.19,27.09,13.95,15.59,68.2,44.21,23.45,17.1,24.25,33.99,56.84,9.77,42.82,47.67,11.57,8.64,20.18,25.32,30.85,19.82,10.89,13.92,60.56,44.2,15.43,22.82,104.8,63.32,18.03,,26.9,21.51
2024-02-28 07:00:00,19.66,62.26,44.8,98.96,40.76,15.01,60.21,25.01,104.83,93.5,18.71,16.91,79.42,67.91,61.22,29.21,14.33,23.43,21.92,61.29,27.13,13.91,15.65,68.4,44.84,23.63,17.2,24.25,34.45,57.41,9.85,44.27,48.6,11.61,8.68,20.22,25.18,31.5,20.01,10.97,14.43,64.68,44.9,15.53,23.2,104.7,63.5,18.4,,27.9,21.76
2024-02-29 07:00:00,19.83,62.55,44.15,98.55,41.48,14.97,59.5,24.91,107.07,93.59,18.52,16.96,80.08,67.31,60.98,28.23,14.45,23.58,21.87,61.1,28.62,13.91,15.65,71.5,45.97,23.45,17.3,24.66,33.89,58.05,9.85,44.92,49.86,11.57,8.75,20.26,26.18,31.8,20.05,10.85,14.61,66.74,44.7,15.71,23.08,104.3,64.11,18.67,,27.65,22.0
2024-03-01 07:00:00,19.66,61.97,44.4,97.71,41.38,15.05,60.92,24.5,107.54,93.67,18.52,16.77,81.54,66.71,65.15,28.57,14.42,23.62,21.87,61.19,29.08,13.75,15.4,71.2,46.26,23.54,17.4,24.46,33.61,60.96,9.72,45.42,49.61,11.48,8.64,20.22,26.18,32.2,19.77,10.93,14.39,65.21,44.2,15.36,22.8,104.3,63.06,18.4,,26.8,21.9
2024-03-04 07:00:00,19.8,64.29,44.56,97.04,41.53,15.25,64.8,25.32,107.72,94.01,18.63,16.91,81.83,67.31,65.47,30.04,14.42,23.77,22.53,61.29,30.31,13.83,15.59,71.1,46.9,24.08,17.7,25.21,33.94,61.08,9.85,45.64,49.7,11.65,8.71,20.26,26.29,32.2,19.94,11.34,14.39,65.08,44.6,15.53,22.88,104.2,63.59,18.3,,27.3,21.98
2024-03-05 07:00:00,19.66,64.29,44.48,97.96,41.62,15.76,64.89,25.01,107.72,93.76,18.79,16.87,81.54,67.91,64.51,29.26,14.51,23.69,22.44,61.29,29.94,14.06,15.72,75.7,48.9,23.95,17.5,24.58,33.52,61.84,9.85,45.79,49.61,11.52,8.64,20.13,26.01,31.95,19.94,11.18,14.14,64.15,44.25,15.5,22.75,104.4,63.85,18.26,,27.2,22.02
2024-03-06 07:00:00,19.76,65.55,44.8,97.79,42.34,15.56,64.27,25.36,105.86,93.25,18.55,16.91,80.81,69.97,64.03,28.96,14.51,23.58,22.25,61.29,29.94,14.74,16.04,77.8,49.2,23.95,17.25,24.16,34.36,61.21,10.01,45.64,52.05,11.57,8.75,20.13,26.25,32.15,20.55,11.1,14.17,64.28,44.55,15.67,23.42,104.5,64.29,18.35,,27.0,22.19
2024-03-07 07:00:00,19.45,66.81,44.48,97.79,43.01,15.13,63.04,24.74,112.76,97.17,18.86,16.68,83.37,69.2,64.43,28.52,14.45,23.73,21.87,61.29,30.36,14.26,15.81,80.8,48.17,23.81,17.0,24.0,34.92,61.27,9.89,45.57,52.47,11.44,8.68,20.04,26.36,31.6,20.45,10.89,13.96,64.68,43.3,15.39,22.92,104.0,63.06,18.12,,26.25,22.05
2024-03-08 07:00:00,19.41,68.74,43.66,97.71,43.64,15.25,62.95,24.6,114.62,96.32,19.0,16.77,82.42,69.97,64.75,29.11,14.3,23.5,21.77,65.54,30.23,14.18,15.62,81.0,48.17,23.99,17.05,24.08,35.29,62.35,9.97,46.65,51.46,11.44,8.71,20.09,26.46,31.5,20.12,10.89,13.92,64.08,43.6,15.43,23.0,104.2,63.76,18.03,,26.35,22.08
2024-03-11 07:00:00,19.03,67.68,42.84,96.04,42.63,14.89,62.42,23.85,113.78,95.72,19.05,16.82,83.08,68.17,63.14,29.65,14.3,23.16,21.25,61.58,30.56,13.71,15.05,81.1,47.24,23.86,16.5,23.49,34.22,63.8,9.77,45.5,50.96,11.31,8.5,20.0,25.8,30.7,19.46,10.73,13.56,63.75,43.0,15.18,22.62,104.1,62.36,17.66,,25.55,21.69
2024-03-12 07:00:00,18.85,66.71,42.6,97.04,41.67,14.69,62.6,23.74,112.39,95.29,18.86,16.73,83.08,67.31,64.11,30.87,14.24,23.01,20.87,61.29,30.56,13.47,14.82,79.4,46.85,23.54,16.25,23.16,34.03,63.1,9.64,45.42,50.54,11.1,8.31,19.91,25.42,30.55,19.51,10.6,13.49,63.02,42.9,15.01,22.3,103.5,61.75,17.33,,25.25,21.55
2024-03-13 07:00:00,19.41,67.49,43.01,100.3,42.15,14.97,66.83,24.12,118.64,96.57,19.65,16.77,85.64,67.91,66.03,32.24,14.33,23.35,21.49,61.58,31.22,13.59,15.21,81.0,47.63,23.54,16.55,23.54,34.55,65.0,9.64,46.36,50.2,10.75,8.42,19.96,26.46,30.85,19.84,10.77,13.7,64.08,43.0,15.5,22.5,103.6,62.01,17.66,,25.9,21.92
2024-03-14 07:00:00,19.38,68.45,43.74,98.8,42.15,15.17,68.6,24.16,122.64,96.15,19.42,16.73,86.74,69.8,65.95,32.38,14.3,23.39,21.49,61.29,31.35,13.63,15.27,81.6,47.92,23.68,16.75,23.83,35.34,65.63,9.68,46.8,50.54,10.71,8.42,19.96,27.09,30.95,19.89,10.93,13.74,63.82,43.8,15.53,23.42,102.9,62.36,17.66,,26.4,21.96
2024-03-15 07:00:00,19.24,66.71,43.17,95.87,42.01,15.29,68.95,24.29,120.69,95.46,19.39,16.82,85.49,71.08,64.59,33.8,14.27,23.24,21.49,61.29,31.68,13.35,15.21,79.2,46.65,23.5,16.8,24.16,35.2,63.86,9.64,46.58,49.53,11.05,8.35,20.0,26.32,30.75,19.68,11.22,13.7,63.09,43.15,15.85,23.0,102.9,62.11,17.38,,25.8,21.82
2024-03-18 07:00:00,19.2,65.94,43.17,95.78,41.58,15.54,68.51,24.02,118.92,101.0,19.26,16.91,84.76,71.08,63.95,34.97,14.24,22.86,21.16,61.1,31.35,13.27,15.17,78.9,46.9,23.4,17.1,24.62,35.2,62.66,9.56,46.22,49.36,11.05,8.35,19.96,26.39,30.7,19.46,11.67,13.7,62.76,43.15,15.95,23.1,103.0,61.22,17.29,,27.55,21.75
2024-03-19 07:00:00,18.99,63.23,42.6,93.86,40.57,16.02,64.01,23.2,113.69,102.71,18.47,17.46,82.71,69.45,62.58,33.12,13.8,23.16,21.58,61.29,30.98,12.95,14.89,79.4,45.38,23.03,16.9,25.0,35.1,61.7,9.43,45.06,48.35,10.84,8.2,19.78,25.7,30.55,19.08,12.08,13.27,62.09,43.05,15.67,23.65,102.0,60.69,17.1,,28.75,21.37
2024-03-20 07:00:00,19.45,63.23,43.41,93.02,40.62,15.66,63.48,23.68,115.37,102.2,18.45,17.19,84.17,69.62,63.06,32.24,14.08,22.78,21.25,61.29,30.48,13.55,15.56,77.8,47.58,23.08,16.65,24.25,35.2,62.59,9.48,44.99,48.1,10.84,8.31,19.87,25.84,31.25,20.05,12.29,13.52,62.49,43.0,16.55,23.5,102.0,60.78,17.24,,26.9,21.8
2024-03-21 07:00:00,19.66,64.0,43.66,94.53,41.1,15.94,64.27,23.95,116.21,100.41,18.66,17.14,85.05,70.22,63.87,32.63,14.76,23.12,21.63,61.19,30.89,13.63,15.78,78.8,47.88,23.08,17.1,25.71,36.04,63.86,9.52,45.57,48.52,10.8,8.39,19.96,26.39,31.5,21.31,12.58,13.6,63.42,43.05,17.11,23.42,103.1,60.69,17.52,,27.15,22.01
2024-03-22 07:00:00,20.32,64.0,46.36,94.53,41.15,16.02,64.36,24.98,116.12,100.49,18.76,17.19,85.12,69.88,63.55,32.92,14.79,23.24,22.2,61.1,31.06,13.63,16.39,80.9,48.32,22.98,17.45,26.34,35.9,62.97,9.56,46.87,48.52,10.75,8.5,19.91,26.7,32.4,21.49,12.5,13.88,64.28,43.5,17.29,23.35,103.0,60.87,17.56,,27.2,22.33
2024-03-25 07:00:00,19.69,64.1,45.38,92.94,41.48,15.94,64.8,24.5,115.28,101.0,18.92,17.1,84.25,69.8,63.87,32.43,14.7,23.43,22.48,61.0,31.47,13.47,16.16,78.5,49.2,22.98,18.2,27.01,35.76,62.53,9.64,47.09,48.6,10.71,8.42,19.74,26.6,31.7,21.92,12.62,13.88,64.35,43.35,17.36,23.7,102.2,60.42,17.7,,26.95,22.22
2024-03-26 07:00:00,19.62,63.32,44.07,91.18,41.24,15.62,64.8,24.29,112.57,99.81,18.89,17.23,84.54,69.37,63.38,33.26,14.94,23.12,22.25,60.61,32.17,13.47,16.1,76.2,47.83,22.94,18.05,27.01,35.38,62.02,9.48,46.58,48.18,10.58,8.39,19.69,26.53,31.0,21.82,12.7,13.85,64.15,42.9,17.11,23.6,102.6,60.16,18.12,,26.45,22.2
2024-03-27 07:00:00,19.69,63.61,43.58,94.03,41.48,15.9,65.77,24.36,112.95,99.55,18.97,17.33,84.39,70.05,64.99,33.12,15.13,23.54,23.34,60.52,32.01,13.55,16.19,76.1,50.27,23.4,18.1,27.26,35.85,62.4,9.6,46.58,48.68,10.92,8.42,19.69,26.74,31.2,21.82,12.91,13.88,63.88,42.9,17.08,23.65,103.1,60.25,18.26,,26.4,22.25
2024-03-28 07:00:00,20.08,63.9,44.07,95.28,41.72,15.94,65.77,24.64,116.58,99.73,19.18,17.23,85.93,69.2,64.91,32.82,14.98,23.35,22.91,60.71,31.88,13.51,16.39,77.7,51.05,23.45,18.3,27.26,35.52,62.21,9.56,46.44,48.43,10.88,8.46,19.56,27.26,32.0,23.01,12.82,14.07,64.02,44.05,17.36,23.98,103.2,60.6,18.3,,26.4,22.54
2024-03-29 07:00:00,20.11,63.42,43.5,94.53,41.58,15.66,65.33,24.53,115.93,100.41,19.13,17.1,85.78,69.62,64.35,32.92,15.01,23.16,22.81,60.52,31.51,13.98,16.29,76.5,50.86,23.45,17.75,26.92,35.2,63.99,9.52,46.65,48.35,10.8,8.42,19.52,27.16,32.6,22.75,13.07,13.85,63.69,43.7,17.53,23.95,103.4,60.6,18.3,,25.95,22.57
2024-04-01 07:00:00,20.01,63.32,43.09,94.36,41.15,15.66,64.8,24.29,114.62,99.21,18.94,17.0,86.08,69.2,64.99,32.58,14.91,22.97,22.53,60.23,31.55,13.98,16.1,74.9,51.44,23.12,17.75,27.76,35.2,63.23,9.48,46.36,48.1,10.71,8.35,19.52,27.22,31.7,22.53,13.24,13.74,63.75,43.15,17.25,24.05,103.1,59.98,18.26,,26.1,22.55
2024-04-02 07:00:00,19.94,63.32,42.84,97.46,40.62,15.58,63.57,24.16,114.34,99.21,18.79,16.87,85.64,70.82,64.35,34.43,14.79,23.01,22.86,60.13,31.43,13.95,15.81,75.0,50.47,23.17,17.4,28.01,35.34,62.97,9.64,46.29,47.93,10.71,8.28,19.47,27.09,30.95,22.68,13.32,13.6,63.22,43.15,17.04,23.95,103.0,59.71,18.12,,25.75,22.4
2024-04-03 07:00:00,19.94,63.23,42.76,97.79,41.15,15.86,64.1,24.02,118.92,99.13,19.63,16.77,85.64,71.51,66.83,34.39,14.76,23.05,22.91,60.23,31.97,13.98,15.81,75.4,50.08,23.17,17.7,27.59,35.48,63.86,9.6,47.01,47.76,10.67,8.28,19.43,27.22,30.8,22.65,13.32,13.56,62.96,43.75,16.9,23.92,103.2,59.63,18.03,,26.05,22.29
2024-04-04 07:00:00,19.69,62.35,42.35,97.29,40.81,15.5,62.68,23.54,114.72,98.79,19.36,16.68,84.76,70.65,64.99,33.6,14.7,22.74,22.39,59.84,31.31,13.83,15.46,74.5,49.59,22.8,17.9,27.8,35.01,62.27,9.48,46.0,47.67,10.62,8.2,19.47,26.53,30.2,22.08,13.77,13.38,63.75,43.2,16.62,23.98,103.1,60.6,18.12,,25.8,22.18
2024-04-05 07:00:00,19.24,61.29,41.62,96.29,40.23,15.21,63.74,23.06,114.25,98.62,18.94,16.5,83.95,71.34,63.87,32.24,14.64,22.52,21.87,59.65,30.89,13.75,15.14,73.2,50.37,21.82,18.7,27.51,35.43,61.83,9.39,45.71,47.59,10.8,8.13,19.38,25.9,29.85,21.68,13.89,13.24,63.49,43.1,16.16,23.98,103.0,60.42,17.98,,25.1,21.9
2024-04-08 07:00:00,19.13,60.71,42.19,96.2,40.23,15.05,62.86,23.5,112.29,98.36,18.63,16.5,83.22,69.45,63.14,31.65,14.82,22.56,21.77,60.71,30.15,13.95,15.17,72.8,49.88,21.4,18.95,27.01,34.87,61.83,9.35,45.28,47.34,10.71,8.13,19.34,25.7,29.45,21.66,13.61,13.42,63.29,43.1,16.02,24.0,102.5,60.25,17.98,,24.85,21.81
2024-04-09 07:00:00,19.17,59.93,43.09,96.04,40.19,14.97,63.12,23.5,109.68,98.02,18.45,16.54,82.86,69.02,63.06,31.6,14.85,22.63,21.73,60.52,29.82,14.78,15.3,73.5,51.93,21.22,18.25,26.92,34.78,61.83,9.39,45.5,46.75,10.67,8.17,19.3,26.04,29.25,21.64,13.4,13.42,63.35,43.2,16.2,23.85,102.4,59.63,17.93,,24.3,21.88
2024-04-10 07:00:00,19.38,60.32,43.17,96.04,40.09,15.09,63.39,23.57,110.43,97.94,18.58,16.68,84.61,69.02,64.11,31.75,14.85,22.78,21.82,60.8,30.4,15.14,15.53,73.9,52.03,21.59,18.35,27.09,34.73,64.24,9.39,45.64,46.75,10.71,8.24,19.38,26.11,29.45,22.11,13.73,13.45,62.82,44.65,16.3,24.32,102.5,59.63,18.44,,24.7,21.97
2024-04-11 07:00:00,19.06,59.06,43.66,95.03,39.8,14.85,61.89,23.13,112.39,98.53,18.21,16.77,84.47,67.99,63.63,31.55,14.82,22.82,22.15,60.71,30.15,15.14,15.21,72.2,51.64,21.12,17.8,26.71,33.99,63.67,9.31,45.42,46.83,10.67,8.17,19.43,25.98,29.1,21.56,14.1,13.24,62.82,44.25,16.06,24.28,102.0,59.27,18.12,,24.1,21.85
2024-04-12 07:00:00,19.66,59.06,44.56,100.64,40.14,14.97,63.12,24.74,112.39,101.86,18.24,16.77,84.83,68.42,66.11,31.5,15.07,22.78,21.96,60.8,30.19,15.58,15.75,72.6,51.44,21.26,17.95,26.96,34.41,66.15,9.35,46.16,47.42,11.14,8.2,19.91,26.25,29.4,22.42,14.22,13.49,63.42,44.8,16.55,24.35,107.4,59.45,18.21,,24.4,22.11
2024-04-15 07:00:00,19.66,59.26,44.56,105.4,40.04,15.01,62.42,24.91,113.69,98.36,18.58,16.77,84.61,69.11,66.03,32.48,15.04,22.67,21.82,60.8,30.23,16.22,15.97,71.9,50.86,21.03,17.7,27.34,34.64,65.52,9.56,46.08,47.17,10.97,8.75,19.91,26.15,29.4,22.42,14.1,13.45,64.08,44.5,16.69,24.1,106.6,59.09,18.3,,24.05,22.17
2024-04-16 07:00:00,19.06,55.19,41.86,100.47,38.32,14.0,59.15,23.37,106.6,97.68,17.32,15.81,82.86,65.94,63.38,29.65,14.6,21.61,20.21,60.42,28.33,15.58,15.24,67.4,48.9,20.56,16.35,24.79,33.8,61.83,9.27,44.98,46.33,10.5,8.46,19.74,24.52,27.8,21.49,13.07,12.8,62.29,42.8,16.13,23.5,107.3,57.59,17.56,,22.65,21.72
2024-04-17 07:00:00,19.13,54.42,41.7,99.05,38.32,13.84,58.62,23.5,106.79,97.68,17.4,15.81,82.78,65.59,65.23,29.99,14.54,21.61,19.88,60.42,28.41,16.02,15.33,68.9,49.29,20.47,16.1,24.46,33.52,61.57,9.19,44.91,46.24,10.02,8.46,19.91,24.66,27.6,21.54,13.36,12.77,61.16,43.05,16.14,23.25,106.1,57.5,17.61,,22.75,21.72
2024-04-19 07:00:00,18.81,51.61,40.47,93.02,37.31,13.07,56.15,22.47,104.83,97.17,16.9,15.49,81.39,65.34,64.83,28.72,14.05,21.46,19.12,60.23,28.0,16.02,14.86,67.9,48.22,20.15,14.95,23.03,32.87,58.97,9.06,44.03,45.4,9.55,8.24,19.6,24.17,28.0,21.09,12.78,12.33,60.37,41.5,15.52,22.0,103.6,57.06,17.1,,21.95,21.06
2024-04-22 07:00:00,18.92,51.22,40.96,89.93,38.37,13.11,55.97,22.23,103.53,95.38,16.79,15.86,81.54,64.82,64.99,28.38,13.99,21.34,19.17,60.23,27.63,16.22,14.7,67.5,48.32,20.1,15.05,22.53,32.78,59.48,8.94,43.74,45.23,9.47,8.28,19.65,24.66,28.15,21.59,12.66,12.66,60.7,41.8,15.45,21.5,104.2,57.85,17.19,,22.6,20.93
2024-04-23 07:00:00,18.92,51.32,41.29,90.35,37.94,13.03,55.53,22.3,103.34,95.29,16.77,16.22,82.93,64.74,64.59,28.23,13.86,21.23,19.12,60.03,27.84,16.42,14.47,67.7,49.2,20.01,14.95,22.41,32.87,59.35,8.86,43.37,45.15,9.47,8.2,19.52,24.52,28.15,22.44,12.58,12.69,60.56,41.4,15.56,21.22,104.0,56.97,17.19,,22.5,20.94
2024-04-24 07:00:00,19.03,50.93,41.21,92.19,37.98,13.27,58.09,22.61,108.47,98.02,16.84,16.54,87.91,64.31,65.23,28.82,13.96,21.91,19.33,59.84,28.83,16.77,14.44,67.5,51.15,20.15,15.4,22.62,32.87,60.24,8.9,44.54,45.32,9.6,8.2,19.52,24.97,28.6,22.23,12.78,12.98,60.5,40.9,15.6,20.98,103.8,56.97,17.33,,22.65,21.3
2024-04-25 07:00:00,18.99,51.61,41.13,92.52,38.03,13.15,57.83,22.65,108.47,97.17,16.77,16.5,93.69,64.22,65.39,29.31,13.99,21.72,19.14,60.03,28.58,16.93,14.41,68.5,52.62,20.01,15.2,22.53,32.82,59.92,8.86,44.18,46.75,9.51,8.17,19.47,24.76,28.65,22.2,13.11,12.98,61.69,40.85,15.52,21.18,103.8,57.41,17.33,,22.6,21.3
2024-04-26 07:00:00,18.95,51.12,40.96,91.27,37.79,13.27,59.59,22.75,112.39,97.42,16.61,16.64,91.79,63.62,69.4,29.75,14.58,21.61,19.14,60.23,29.28,16.65,14.31,68.3,53.79,20.15,15.6,22.57,33.24,60.49,8.77,45.35,46.58,9.43,8.42,19.38,24.55,28.95,22.16,13.4,12.95,61.96,41.05,15.38,22.22,104.0,58.3,17.19,,22.6,21.55
2024-05-02 07:00:00,19.06,52.28,40.63,93.69,38.8,13.59,58.98,22.51,112.85,97.25,17.13,16.5,94.42,63.71,68.04,29.65,14.6,21.5,19.33,60.61,28.91,16.73,14.38,68.0,55.55,20.94,15.05,22.41,33.57,61.19,9.23,47.11,47.76,9.51,8.57,19.43,24.52,28.35,22.18,13.69,12.95,61.43,41.25,15.49,22.2,104.2,58.03,17.19,,22.8,21.55
2024-05-03 07:00:00,19.31,52.77,40.8,97.04,38.99,13.72,59.5,22.54,113.78,97.0,17.29,16.36,93.98,63.97,68.6,29.6,15.1,22.03,19.67,60.8,29.65,16.57,14.54,70.9,55.94,21.03,15.05,22.95,33.71,61.57,9.23,48.36,48.1,9.6,8.6,19.38,24.52,28.05,23.05,13.52,12.91,62.03,41.4,15.71,22.45,106.6,58.47,17.1,,23.65,21.7
2024-05-06 07:00:00,19.45,53.45,41.29,98.04,38.85,13.84,59.59,22.82,115.18,98.02,17.45,16.5,93.4,64.48,68.44,30.53,15.13,22.21,20.01,61.0,29.74,16.38,14.63,71.3,57.51,20.94,15.0,23.37,34.27,61.45,9.31,48.65,48.43,9.81,8.53,19.38,25.04,28.15,23.01,14.26,12.91,61.96,41.2,15.71,22.38,113.4,58.83,17.33,,23.5,21.94
2024-05-07 07:00:00,19.52,53.83,41.7,97.88,39.8,13.88,60.92,22.82,117.14,96.57,17.82,16.68,96.32,65.42,70.2,31.02,15.07,22.86,20.11,61.29,29.9,16.61,14.7,71.5,58.19,20.94,14.85,23.49,36.18,63.1,9.23,48.36,48.77,10.02,8.57,19.43,25.0,28.35,22.84,15.17,12.88,62.49,41.25,15.81,22.68,118.7,60.69,17.42,,23.6,22.08
2024-05-08 07:00:00,19.41,53.06,41.53,97.88,39.8,13.76,60.65,22.65,115.18,97.51,18.05,16.91,95.88,66.54,68.92,31.41,15.01,23.46,20.35,61.77,29.78,16.65,14.47,73.2,58.0,20.84,14.0,23.08,37.62,62.4,9.31,48.87,50.54,9.85,8.79,19.47,24.93,28.35,23.24,15.41,12.84,61.89,41.0,15.63,22.7,117.9,60.25,17.38,,23.35,22.08
2024-05-09 07:00:00,19.52,56.16,41.13,99.47,39.76,14.0,61.89,22.92,122.18,97.17,18.16,16.64,97.2,66.45,69.24,31.94,14.94,23.39,20.45,63.41,30.03,16.34,14.54,73.8,57.9,20.94,14.15,23.08,37.8,62.4,9.31,49.54,49.7,9.81,8.79,19.38,24.93,28.15,23.1,15.21,13.27,62.03,41.75,15.71,23.0,118.9,60.16,17.42,,23.4,22.2
2024-05-10 07:00:00,19.45,56.74,40.68,97.88,39.76,13.72,60.48,22.75,117.61,97.34,17.79,16.45,96.76,65.85,68.6,31.16,14.7,23.2,20.16,62.74,29.86,16.18,14.6,71.9,57.7,20.7,13.9,23.7,37.9,62.53,9.23,48.8,48.94,9.68,8.6,19.38,24.66,28.0,23.05,15.87,13.2,61.56,41.1,15.6,22.85,118.0,59.8,17.33,,23.0,22.12
2024-05-13 07:00:00,19.66,56.16,40.47,99.13,39.47,13.72,60.48,22.54,115.56,99.64,17.79,16.36,96.25,65.25,67.56,31.5,14.67,23.2,20.6,62.54,30.36,16.06,14.66,71.7,57.61,20.7,13.75,23.93,37.71,62.59,9.14,49.9,48.77,9.64,8.53,19.25,24.93,27.7,22.98,15.5,13.24,61.36,40.55,15.63,22.68,119.6,59.18,17.47,,22.6,22.1
2024-05-14 07:00:00,19.59,56.84,40.23,98.88,39.04,13.72,59.95,22.44,116.21,99.55,17.68,16.36,96.4,65.08,66.91,32.09,14.64,23.24,20.6,62.45,30.07,16.06,14.79,71.4,59.66,20.66,13.9,23.7,37.44,62.27,9.14,49.68,48.43,9.81,8.57,19.21,24.93,27.55,22.89,15.37,13.13,60.83,41.25,16.03,24.05,119.0,59.36,17.84,,22.85,22.15
2024-05-15 07:00:00,19.55,57.13,40.02,99.55,38.99,14.0,61.71,22.65,118.36,99.38,18.26,16.41,98.45,64.99,67.16,32.09,14.58,23.73,20.79,62.35,30.36,16.69,14.7,73.3,60.74,20.56,14.4,23.7,37.35,61.7,9.14,49.31,48.85,9.81,8.5,19.16,25.21,27.9,22.75,15.62,13.13,60.63,40.4,15.92,23.38,118.4,59.63,17.79,,22.4,22.32
2024-05-16 07:00:00,19.94,57.03,41.13,101.22,39.28,14.08,61.1,23.13,119.66,99.3,18.52,16.5,100.5,65.59,68.44,32.63,14.98,24.11,21.08,62.93,30.56,17.53,15.02,73.0,59.76,20.89,14.45,24.12,37.59,62.15,9.35,50.64,48.94,9.81,8.6,19.52,25.28,28.65,23.6,15.7,13.27,61.56,40.4,16.14,23.58,117.8,59.98,17.98,,22.8,22.6
2024-05-17 07:00:00,19.94,57.61,40.63,101.13,39.18,14.24,62.6,22.92,119.01,99.73,18.52,16.45,99.54,65.34,68.52,33.36,15.16,23.92,21.23,62.74,30.48,18.57,14.95,76.0,58.98,20.94,14.4,24.25,37.01,63.29,9.35,50.64,49.61,9.77,8.93,19.47,25.42,28.55,23.62,15.78,13.45,61.49,41.2,16.17,23.45,119.4,60.07,17.98,,23.25,22.6
2024-05-20 07:00:00,20.04,60.9,41.45,100.07,40.86,14.36,63.39,23.26,119.19,98.96,18.84,17.19,99.62,65.85,68.6,33.7,15.5,24.33,21.52,63.12,30.77,18.97,15.05,77.3,60.25,20.98,14.6,24.44,37.3,63.42,9.52,50.34,49.53,10.11,8.86,19.43,25.77,28.75,23.86,16.56,13.42,61.76,41.25,16.36,23.78,117.8,59.89,18.35,,23.55,22.8
2024-05-21 07:00:00,19.87,63.03,41.13,98.22,41.1,14.2,65.51,23.4,118.45,98.87,19.21,17.37,99.54,66.54,68.44,32.97,15.38,24.22,21.33,63.22,30.44,18.49,15.05,76.5,59.95,20.84,14.3,23.88,36.72,64.18,9.43,50.55,49.53,10.41,8.64,19.38,25.56,28.45,23.48,16.44,13.34,61.1,40.75,16.36,23.85,114.7,59.01,18.35,,23.25,22.67
2024-05-22 07:00:00,19.83,62.84,41.86,97.69,40.62,14.28,64.63,23.26,118.82,99.3,19.05,17.14,102.25,66.28,69.24,33.16,15.28,24.18,21.62,63.51,30.64,18.97,15.08,76.4,60.25,20.89,14.65,24.86,36.96,62.72,9.6,50.46,49.36,10.37,8.64,19.38,25.94,28.4,23.14,16.44,13.31,60.9,41.65,16.43,23.45,114.2,59.09,18.3,,23.7,22.73
2024-05-23 07:00:00,20.01,62.35,41.04,98.75,42.73,14.16,64.45,22.82,120.22,98.96,19.57,17.0,100.86,68.51,68.6,32.68,15.25,24.57,21.72,63.22,30.52,18.69,14.89,75.8,60.64,21.59,14.6,24.67,38.99,62.4,9.64,52.07,50.28,10.32,8.53,19.34,25.49,28.55,22.72,16.15,13.2,60.76,40.55,16.07,22.95,111.8,59.36,18.01,,23.2,22.55
2024-05-24 07:00:00,21.2,62.35,41.37,98.75,44.07,14.28,64.45,23.26,122.64,100.49,19.34,17.05,101.01,69.88,68.28,34.19,15.28,24.57,21.86,63.22,30.64,19.08,15.18,76.3,60.35,21.54,14.95,24.58,41.02,61.89,9.64,51.98,50.12,10.75,8.57,19.34,25.32,29.25,23.02,16.07,13.24,60.43,40.55,16.39,22.8,111.0,59.27,18.01,,22.9,22.68
2024-05-27 07:00:00,20.96,61.0,40.39,97.6,44.93,13.8,63.3,22.44,118.45,100.24,19.26,17.33,97.72,69.71,67.0,35.12,15.01,24.4,21.38,63.02,29.57,18.73,14.73,74.0,59.17,21.82,14.6,24.02,40.49,60.56,10.01,52.49,49.36,10.67,8.46,19.25,24.66,28.95,22.7,15.82,12.91,60.17,40.05,15.99,22.62,109.4,59.01,17.67,,22.4,22.56
2024-05-28 07:00:00,20.85,60.9,40.23,99.19,45.36,14.0,67.1,22.3,119.38,100.49,19.15,17.42,100.28,70.65,67.4,34.78,14.91,24.32,21.52,63.8,29.94,19.96,14.82,75.5,61.42,21.73,14.6,23.98,40.54,60.43,10.39,53.58,51.38,10.62,8.5,19.07,24.72,29.0,22.87,15.99,12.91,60.23,40.05,16.1,22.65,109.9,59.63,17.72,,22.55,22.54
2024-05-29 07:00:00,20.89,60.8,40.43,97.96,45.22,14.04,66.48,22.1,121.71,102.2,19.47,18.11,101.16,72.45,67.8,36.05,14.91,24.36,21.76,63.41,29.9,21.04,14.76,76.9,60.64,21.59,14.55,23.93,41.41,60.36,10.55,53.58,51.63,10.58,8.53,19.07,24.93,28.9,22.92,16.81,12.91,60.43,40.1,16.21,22.6,109.7,59.63,17.62,,22.5,22.69
2024-05-30 07:00:00,20.64,60.22,39.65,96.55,43.59,14.36,64.98,22.03,117.24,106.29,19.05,18.15,98.81,70.57,67.8,35.41,14.42,23.77,21.18,63.22,29.78,21.12,14.43,77.4,61.42,22.01,14.2,23.38,40.11,59.09,10.68,52.32,50.54,10.37,8.39,18.99,24.34,28.25,22.8,16.4,12.8,59.57,39.5,15.89,22.25,108.4,58.65,17.52,,22.1,22.35
2024-05-31 07:00:00,21.14,59.84,39.49,96.55,44.45,14.2,64.01,22.1,118.45,105.95,19.1,18.8,100.13,70.05,67.64,35.36,14.39,23.98,21.28,63.22,29.9,20.96,14.34,78.4,62.99,21.96,14.6,23.61,39.96,59.73,10.63,52.99,49.95,10.28,8.35,18.94,24.31,28.2,22.89,16.81,12.84,59.1,39.65,15.89,22.3,108.8,58.38,17.57,,22.1,22.5
2024-06-03 07:00:00,20.85,61.48,39.61,96.28,44.35,14.65,64.89,22.51,117.98,105.18,20.2,18.47,100.72,70.05,67.8,34.87,14.82,24.23,21.72,63.41,31.8,20.88,14.86,78.5,62.69,22.33,15.15,24.53,41.02,59.92,11.13,53.33,50.62,10.28,8.53,19.12,24.72,29.75,23.23,16.56,13.24,59.3,39.4,16.21,22.3,109.8,59.01,17.96,,22.45,22.65
2024-06-04 07:00:00,20.72,61.19,39.41,97.87,44.45,14.56,66.57,22.61,117.52,105.61,20.68,18.29,101.96,70.22,68.6,34.92,14.91,24.82,22.98,63.41,31.35,20.68,14.86,78.0,62.79,22.1,15.05,24.3,40.78,60.62,11.71,53.25,51.97,10.37,8.5,19.03,24.93,30.6,23.28,16.77,13.13,59.24,40.2,16.25,22.28,109.0,59.01,17.91,,22.45,22.75
2024-06-05 07:00:00,20.68,63.23,39.41,99.19,46.27,14.61,64.8,22.61,116.68,104.84,20.54,18.34,106.06,70.48,68.36,35.46,14.91,24.57,22.78,63.7,31.26,20.64,14.79,79.4,61.91,21.87,15.0,24.44,41.12,60.68,11.83,53.08,55.25,10.71,8.46,19.12,24.86,30.4,23.26,16.52,13.09,59.44,39.9,16.46,22.38,109.4,61.31,17.82,,22.8,22.83
2024-06-06 07:00:00,20.47,62.94,39.33,99.63,45.84,14.44,64.36,22.44,115.28,103.9,20.57,18.24,103.72,69.88,68.12,34.63,14.79,24.69,23.32,63.7,30.81,21.36,14.73,78.8,61.13,21.49,14.85,24.21,40.98,61.06,11.67,53.33,57.7,10.67,8.79,19.21,24.76,31.1,23.38,16.32,13.24,59.57,39.6,16.32,22.18,109.8,61.13,17.77,,22.8,22.75
2024-06-07 07:00:00,20.6,62.94,39.49,98.05,45.41,14.32,64.18,22.58,114.72,103.99,20.96,18.29,103.94,69.45,68.2,34.39,14.73,24.48,22.98,63.51,30.98,21.2,14.76,78.6,61.42,21.77,14.9,24.02,40.73,60.68,11.71,52.83,58.46,10.5,8.71,19.16,24.76,31.1,24.21,16.44,13.27,59.57,39.3,16.36,22.0,109.2,60.78,17.77,,22.6,22.86
2024-06-10 07:00:00,20.64,62.64,39.69,96.99,45.12,14.36,66.04,23.3,114.16,105.27,20.52,18.29,106.13,69.45,70.45,35.9,14.76,24.52,23.32,63.89,31.22,21.16,14.92,78.0,61.91,21.77,14.85,23.98,40.83,60.3,11.63,53.42,57.78,10.58,8.68,19.12,24.86,31.7,24.11,16.61,13.42,59.24,39.2,16.28,21.95,111.3,60.69,17.72,,22.45,22.95
2024-06-11 07:00:00,20.43,61.77,39.12,96.28,44.55,14.32,67.19,23.3,115.37,105.72,20.81,18.11,107.23,69.97,70.04,35.61,14.82,24.69,23.95,63.32,30.89,21.12,14.79,77.5,62.01,21.77,14.75,23.88,41.99,60.56,11.92,53.42,57.44,10.45,8.57,19.07,24.86,31.35,24.28,16.36,13.34,58.7,38.95,16.72,21.72,109.0,59.8,17.86,,22.25,22.9
2024-06-12 07:00:00,20.51,62.16,39.2,95.49,44.55,14.24,65.33,23.09,114.9,104.31,20.62,17.74,112.48,69.45,68.92,34.97,14.82,24.65,23.85,63.41,31.51,21.08,15.05,78.1,62.5,21.36,14.4,23.93,41.9,61.64,11.75,53.58,56.94,10.32,8.6,19.03,25.42,31.35,24.11,16.36,13.34,59.24,38.85,16.61,21.75,106.3,59.63,18.89,,21.95,23.19
2024-06-13 07:00:00,20.81,62.55,39.53,95.66,44.45,14.4,66.3,23.44,115.37,102.9,20.68,17.79,113.42,69.45,68.84,35.12,14.98,24.73,24.0,62.06,32.5,21.2,15.44,78.8,62.99,21.59,14.55,24.76,41.9,61.96,11.96,54.77,56.69,10.41,8.79,19.12,25.63,31.9,24.16,16.69,13.78,59.17,38.7,16.68,21.75,106.6,59.71,19.28,,22.05,23.3
2024-06-14 07:00:00,20.81,62.55,39.86,95.49,44.31,14.44,66.48,23.3,115.28,102.64,20.57,17.88,112.4,69.11,68.84,34.87,14.98,24.94,24.19,59.94,32.05,22.19,15.64,80.3,62.79,21.59,14.45,24.39,41.17,61.89,11.75,54.18,54.83,10.41,8.79,20.09,25.84,31.9,24.14,16.32,13.78,59.17,38.85,16.64,21.62,106.2,59.63,18.98,,21.85,23.3
2024-06-17 07:00:00,20.56,61.19,38.84,95.31,43.01,14.08,64.18,22.61,114.16,102.11,19.78,17.37,111.38,67.99,68.12,33.12,14.82,24.94,24.44,58.78,31.18,21.99,15.25,78.0,61.42,20.94,14.2,23.7,39.48,61.06,11.71,52.74,54.24,10.2,8.53,20.26,25.18,30.8,23.89,15.7,13.49,58.31,38.5,16.25,21.48,105.4,59.01,18.55,,21.6,23.14
2024-06-18 07:00:00,20.64,60.61,38.47,94.34,43.64,14.13,65.86,22.54,121.25,102.81,19.94,17.56,109.94,67.74,67.48,33.51,14.67,24.73,24.87,58.2,31.68,21.75,15.35,77.3,61.13,21.45,14.25,23.42,39.96,61.7,12.33,53.84,53.91,10.2,8.53,20.35,25.21,31.15,23.92,16.07,13.52,58.77,38.5,16.1,21.48,105.0,58.92,18.59,,21.35,22.99
2024-06-19 07:00:00,20.64,60.71,38.26,95.66,44.07,13.88,68.78,22.34,123.11,102.81,20.49,17.37,112.57,67.57,68.2,33.21,14.67,24.61,25.02,57.72,31.31,21.63,15.28,76.7,62.3,21.31,14.1,23.24,40.15,61.57,12.74,53.75,53.82,10.11,8.5,20.35,25.21,31.2,23.87,16.61,13.52,58.11,38.35,16.07,21.22,104.8,58.47,18.69,,21.2,23.0
2024-06-20 07:00:00,20.77,63.13,37.77,96.99,44.26,13.79,68.69,22.34,123.58,102.2,19.94,17.37,115.03,67.65,67.32,33.21,14.67,24.48,24.73,56.56,31.1,22.15,15.28,76.2,62.11,21.03,13.9,22.91,40.73,62.78,12.7,56.2,52.9,10.24,8.5,20.7,25.21,31.1,24.5,17.43,13.57,57.51,38.0,15.96,20.9,103.9,59.18,19.28,,20.8,23.2
2024-06-21 07:00:00,20.77,62.74,37.98,96.55,43.88,13.67,68.86,22.27,124.98,102.2,19.99,17.33,115.37,67.74,67.8,34.04,14.58,24.44,24.87,57.62,31.14,22.95,15.22,77.5,63.28,20.94,13.85,22.63,41.27,62.66,12.66,56.45,52.9,10.15,8.5,21.15,25.0,31.35,24.31,17.8,13.6,57.58,37.8,15.89,20.82,104.0,59.45,19.32,,20.3,23.1
2024-06-24 07:00:00,20.56,61.97,37.9,95.14,43.68,13.75,67.54,22.2,123.11,101.32,19.68,17.19,114.86,67.22,67.16,33.6,14.36,24.23,24.39,57.33,30.98,23.35,15.12,76.3,62.11,20.84,13.65,23.05,41.41,62.27,12.66,55.02,52.98,10.07,8.42,21.1,24.66,30.75,23.87,17.35,13.42,58.04,38.2,15.74,21.15,103.0,59.01,19.08,,20.5,23.04
2024-06-25 07:00:00,20.22,61.0,37.36,93.55,42.92,13.59,65.07,21.89,117.05,101.32,19.1,16.87,111.13,66.19,67.56,32.92,14.02,24.19,24.58,55.98,30.64,22.95,14.89,74.5,61.32,20.61,13.5,22.77,40.06,61.64,12.58,55.27,52.05,9.9,8.31,19.96,24.2,29.8,23.38,16.36,13.05,57.58,38.05,15.52,21.0,102.0,58.65,18.69,,21.3,22.64
2024-06-26 07:00:00,20.14,63.9,36.63,92.58,42.92,13.55,64.63,21.72,116.86,100.17,19.31,16.87,111.72,65.94,67.8,35.12,14.02,24.32,24.48,55.88,30.56,23.15,14.76,74.5,61.81,20.66,13.55,22.54,41.07,61.38,12.83,54.68,51.21,10.07,8.31,19.34,24.06,29.65,23.38,16.4,13.01,57.31,38.15,15.49,20.85,102.0,58.3,18.59,,21.5,22.64
2024-06-27 07:00:00,20.14,65.55,36.79,92.49,45.46,13.42,64.89,21.55,116.58,100.87,19.89,16.96,113.67,66.71,67.0,35.95,14.36,24.19,24.29,55.4,30.98,23.11,14.73,75.2,62.2,20.66,13.65,22.87,41.12,61.06,12.66,54.77,51.97,10.07,8.31,18.68,24.0,29.5,23.09,16.19,13.01,57.11,37.85,15.42,20.7,102.1,58.12,18.55,,20.95,22.7
2024-06-28 07:00:00,20.05,63.71,36.46,91.87,44.74,13.34,64.36,21.58,115.93,100.7,19.44,17.37,112.57,66.19,67.56,35.22,14.2,24.07,24.05,53.95,30.73,22.95,14.69,76.2,62.2,20.56,13.8,22.63,40.44,60.75,12.41,53.67,51.63,10.28,8.42,18.33,23.93,29.4,22.89,16.11,12.97,57.11,37.75,15.34,20.68,102.1,58.47,18.79,,21.2,22.65
2024-07-01 07:00:00,19.93,62.16,35.89,88.26,44.45,13.17,63.12,21.96,114.34,100.61,19.05,17.1,110.54,66.62,66.59,33.65,14.3,23.73,23.85,53.57,30.56,22.47,14.63,76.2,64.87,20.42,13.4,22.22,40.06,60.68,12.33,53.67,51.3,10.28,8.46,18.37,23.68,29.35,22.5,15.78,12.86,57.24,37.7,15.31,20.7,101.7,58.47,18.55,,21.85,22.65
2024-07-02 07:00:00,20.14,61.87,37.45,89.05,46.08,13.26,64.27,22.2,115.28,100.52,19.52,17.37,111.98,67.14,66.67,33.99,14.94,24.02,24.14,55.01,31.35,23.67,14.89,76.8,65.06,20.66,13.5,22.68,40.01,60.81,12.17,53.84,51.55,10.37,8.64,18.41,23.86,29.75,22.6,15.99,13.05,58.97,38.35,15.52,20.88,101.2,58.74,18.69,,22.0,22.7
2024-07-03 07:00:00,20.39,62.16,38.59,89.05,45.98,13.38,64.36,22.3,117.98,100.43,19.65,17.83,112.57,67.31,66.11,34.29,15.13,24.23,24.48,55.59,31.39,24.11,14.96,76.6,65.46,20.52,13.7,22.73,40.83,60.81,12.7,54.01,51.8,10.45,8.6,18.46,24.03,30.1,22.94,16.11,13.12,58.9,38.2,15.52,20.82,101.2,58.74,18.69,,21.6,22.84
2024-07-04 07:00:00,20.35,61.97,38.75,89.49,45.79,13.38,64.18,22.3,117.8,100.61,19.6,17.79,115.11,68.34,66.43,34.73,15.19,24.19,24.73,55.5,31.35,24.98,14.99,77.8,65.36,20.61,13.65,22.59,42.86,61.13,12.7,55.27,52.31,10.41,8.57,18.5,24.17,29.95,22.94,16.15,13.19,59.57,38.5,15.52,20.85,101.4,59.27,18.94,,21.7,22.89
2024-07-05 07:00:00,20.31,61.97,39.41,88.88,45.26,13.34,63.92,22.54,117.8,100.52,19.78,17.83,118.42,67.99,67.08,34.63,15.19,24.11,24.48,55.11,31.93,26.3,14.89,77.0,64.87,20.52,13.45,22.4,42.96,60.68,12.33,55.53,51.9,10.41,8.57,18.41,24.06,30.15,22.89,16.4,13.12,59.24,38.5,15.34,20.72,101.8,59.8,18.79,,21.4,22.98
2024-07-08 07:00:00,20.35,63.32,39.08,87.46,45.02,13.84,64.18,22.47,120.59,99.73,20.68,17.6,118.33,67.82,67.64,35.66,15.13,24.19,25.07,55.3,31.84,26.14,14.96,77.0,66.44,20.47,13.55,22.13,45.09,61.13,12.46,56.37,50.51,10.41,8.57,18.41,24.34,30.3,22.89,16.61,13.38,58.9,38.4,15.45,20.7,102.0,59.98,18.79,,20.8,22.99
2024-07-09 07:00:00,20.39,64.97,39.24,87.55,45.89,13.63,66.04,22.51,120.78,98.67,20.73,17.51,118.08,67.74,68.52,37.61,15.62,24.32,24.78,55.11,30.98,25.9,15.09,76.5,66.25,20.89,13.4,21.71,45.09,62.91,13.16,59.07,50.94,10.75,8.64,18.41,24.24,30.4,22.89,16.93,13.34,58.7,38.3,15.52,20.48,101.5,60.07,18.94,,20.7,23.5
2024-07-10 07:00:00,20.47,64.68,39.16,87.46,45.55,13.63,65.77,22.54,121.06,98.41,20.54,17.83,116.13,68.34,68.36,37.41,15.69,24.57,25.36,55.3,31.35,25.46,15.38,77.5,65.85,20.89,13.35,21.75,45.52,62.97,12.74,61.01,50.16,10.92,8.68,18.46,24.13,30.45,22.84,17.3,13.34,59.24,38.4,15.63,20.48,101.5,60.07,19.03,,21.05,23.08
2024-07-11 07:00:00,20.35,64.0,38.8,87.11,45.02,13.84,65.24,22.37,118.92,98.67,20.15,17.74,114.77,67.65,67.96,36.93,15.69,24.36,24.87,55.11,33.04,25.34,15.31,77.2,64.77,20.7,13.5,22.54,45.38,62.91,12.79,61.86,49.55,10.84,8.68,18.46,24.41,30.15,22.75,17.43,13.38,59.04,38.7,15.56,20.88,101.2,59.36,19.03,,21.05,23.0
2024-07-12 07:00:00,20.18,63.42,38.59,86.5,44.5,13.67,65.77,22.17,117.98,98.67,19.84,17.65,115.28,68.51,67.64,37.32,15.75,24.11,24.58,54.92,32.21,25.26,15.12,76.1,64.47,20.52,13.5,22.17,45.67,62.21,12.62,60.25,49.2,10.71,8.68,18.46,24.24,30.15,22.41,16.89,13.34,58.84,38.85,15.49,21.4,102.1,59.01,18.69,,21.25,22.9
2024-07-15 07:00:00,20.1,65.36,38.47,86.85,44.16,13.63,65.42,22.1,119.01,99.29,19.97,17.51,114.26,68.08,67.97,38.1,15.72,23.94,24.34,54.92,31.59,25.3,15.12,75.0,64.08,20.56,13.4,21.75,46.44,62.34,12.7,61.01,49.12,10.88,8.71,18.33,24.1,29.95,22.31,17.14,13.34,58.64,38.5,15.49,21.12,104.8,59.27,18.59,,20.95,22.81
2024-07-16 07:00:00,20.31,66.71,39.49,85.26,44.83,14.0,65.86,22.54,117.42,106.16,19.78,17.46,114.01,67.82,67.31,37.85,15.95,23.86,24.0,54.72,31.35,25.46,15.61,75.3,64.37,20.52,13.25,21.57,46.83,63.23,12.87,62.36,48.85,11.44,8.75,18.41,24.31,30.2,22.26,17.26,13.38,58.84,38.05,15.63,20.85,105.5,59.09,18.59,,20.55,22.87
2024-07-17 07:00:00,21.06,66.52,40.88,89.93,45.31,13.84,65.69,23.2,117.24,110.92,19.57,17.51,113.67,67.57,67.15,37.32,16.33,23.82,23.76,54.72,31.39,25.5,16.39,74.3,63.78,20.38,12.75,20.97,45.57,62.21,12.5,63.88,48.85,11.35,8.82,18.41,24.27,31.2,23.58,16.85,13.57,59.77,37.9,16.03,20.5,106.0,58.92,18.89,,20.35,23.1
2024-07-18 07:00:00,20.97,65.84,40.31,87.73,45.02,13.46,63.57,22.96,114.72,104.05,18.84,17.33,111.38,67.39,66.74,35.61,16.27,23.69,23.76,54.63,30.48,25.5,16.29,72.3,64.08,19.91,12.35,19.72,45.96,61.06,11.75,61.26,48.33,11.1,8.72,18.5,23.89,30.6,23.23,15.99,13.34,58.97,37.45,15.78,20.3,105.7,58.47,18.59,,20.15,22.84
2024-07-19 07:00:00,21.14,65.74,40.06,87.73,45.02,13.5,63.3,23.2,114.72,103.87,19.0,17.33,109.6,67.22,66.08,35.22,16.2,23.65,23.56,54.63,30.48,26.3,16.71,71.6,65.36,19.68,12.4,19.58,46.25,61.13,11.79,60.76,48.16,11.14,8.72,18.59,24.45,30.85,23.14,15.99,13.75,58.97,38.2,15.78,20.55,106.0,58.38,18.69,,20.3,23.2
2024-07-22 07:00:00,21.06,65.65,39.82,85.88,43.88,13.17,61.8,23.4,113.13,99.99,18.63,17.19,106.81,66.71,64.43,33.31,16.27,23.48,23.17,54.53,30.15,25.82,16.78,72.6,64.47,19.35,11.9,18.98,45.28,60.81,11.38,59.32,49.2,11.57,8.6,18.68,24.34,30.6,23.19,15.37,14.01,58.64,38.0,15.74,20.5,105.5,58.47,18.55,,20.15,22.8
2024-07-23 07:00:00,20.81,65.74,39.45,85.97,43.06,13.05,60.04,23.13,107.44,99.2,18.47,17.0,108.08,66.28,64.27,32.68,16.33,23.48,22.54,54.53,29.9,25.74,16.52,72.4,64.08,19.12,11.4,18.89,45.67,60.75,11.3,59.07,48.51,11.44,8.53,18.94,24.13,30.3,23.19,15.13,13.86,58.64,37.95,15.52,20.42,106.0,58.74,18.4,,20.4,22.78
2024-07-24 07:00:00,20.39,64.78,38.3,84.2,41.91,12.92,58.71,22.3,104.83,99.47,18.58,16.82,107.32,66.37,64.43,31.94,16.14,23.27,22.44,54.44,29.9,25.3,15.8,72.2,61.12,18.98,11.6,18.84,44.99,60.68,11.01,58.23,47.81,11.22,8.41,19.38,23.54,29.45,22.6,14.8,13.42,58.51,37.85,15.31,20.5,107.9,58.56,18.11,,20.2,22.43
2024-07-25 07:00:00,20.18,67.68,37.98,83.14,41.67,12.72,58.71,21.96,103.53,98.85,18.37,16.87,106.38,66.02,64.02,32.28,16.11,23.02,22.49,54.34,29.74,24.9,15.7,71.4,60.13,18.84,11.4,18.56,45.19,60.36,10.97,59.74,47.81,11.44,8.41,19.3,22.68,29.15,22.31,14.59,13.34,58.24,38.3,15.2,21.3,107.9,58.21,18.01,,20.45,22.31
2024-07-26 07:00:00,20.18,70.68,38.06,83.23,41.38,12.8,59.33,22.06,106.23,98.76,18.58,17.0,108.5,66.19,65.09,33.07,16.27,23.02,22.49,55.98,29.82,24.14,15.87,74.0,60.13,19.08,11.4,18.56,46.59,61.19,11.26,60.34,48.51,11.4,8.41,19.38,22.43,29.1,22.26,14.76,13.34,58.24,37.9,15.16,21.08,107.9,58.65,18.01,,19.85,22.5
2024-07-29 07:00:00,20.31,71.26,38.63,85.17,41.72,12.88,60.04,22.2,106.7,99.47,19.0,17.05,110.7,66.45,65.5,32.72,16.24,23.4,23.03,56.94,29.98,23.91,15.93,74.9,61.51,19.17,11.2,18.7,47.12,61.57,11.34,60.67,48.42,11.4,8.45,19.34,22.61,29.4,22.36,15.37,13.57,58.31,37.9,15.24,20.8,107.9,59.89,18.11,,19.55,22.57
2024-07-30 07:00:00,20.18,71.07,38.71,85.61,41.38,12.76,59.95,22.03,105.39,99.64,18.94,16.91,109.77,66.19,65.25,33.02,16.27,23.48,22.78,56.66,30.03,23.87,15.97,75.3,62.3,19.03,11.4,18.24,46.73,62.34,11.46,60.08,48.33,11.27,8.53,19.34,22.5,29.15,22.36,15.37,13.49,58.64,37.2,15.13,21.1,106.5,60.6,18.21,,18.95,22.58
2024-07-31 07:00:00,20.51,70.68,39.57,85.97,42.25,12.84,59.06,22.17,105.3,100.52,18.84,16.91,109.01,69.02,65.91,32.97,16.91,23.23,22.44,56.46,30.11,23.51,16.23,75.0,63.59,18.7,12.15,18.19,46.25,61.89,11.34,58.73,48.42,11.27,8.49,19.3,22.43,29.25,22.75,15.41,13.75,59.24,37.05,15.31,21.15,106.3,63.79,18.64,,19.1,22.75
2024-08-01 07:00:00,20.56,70.39,39.98,85.79,42.49,12.84,58.98,22.27,104.36,101.23,18.81,16.82,109.94,69.54,65.75,32.48,17.17,23.02,21.38,56.27,29.94,23.67,16.0,74.9,62.9,18.7,11.9,17.68,45.09,63.16,11.26,58.56,50.07,11.1,8.49,19.65,22.29,29.25,22.65,14.92,13.53,60.7,37.0,15.42,21.15,107.0,63.7,18.64,,18.85,22.75
2024-08-02 07:00:00,20.05,67.2,39.04,84.47,41.67,12.22,57.21,21.65,101.19,99.64,18.37,16.59,105.79,67.65,66.74,31.65,16.78,22.73,20.94,55.98,28.91,23.11,15.51,73.2,62.01,18.52,11.5,16.85,45.96,62.97,11.42,59.32,48.24,11.01,8.26,19.91,21.77,28.55,22.89,14.55,13.16,60.03,36.3,15.24,21.1,104.8,63.7,18.25,,18.15,22.32
2024-08-05 07:00:00,19.93,65.84,38.59,84.11,41.34,12.05,55.89,21.24,99.61,100.35,18.21,17.28,104.18,67.31,65.67,31.55,16.72,22.36,20.55,55.59,28.66,23.07,15.35,72.7,61.42,18.56,11.5,16.48,45.33,62.34,11.38,58.06,47.81,10.92,8.15,19.65,21.39,28.4,22.41,14.22,13.01,58.77,35.7,15.09,20.82,104.0,63.08,18.11,,17.85,22.32
2024-08-06 07:00:00,19.76,69.71,38.96,82.17,41.05,11.76,53.68,21.0,98.86,99.38,17.79,16.91,103.33,66.88,63.44,31.02,16.27,22.03,20.35,54.44,29.16,22.43,15.31,73.4,61.42,18.42,11.5,16.25,45.77,60.87,11.46,56.62,47.02,10.88,8.0,19.47,21.53,28.45,22.02,14.3,12.97,58.24,34.8,15.02,20.78,103.0,64.94,18.01,,17.2,22.0
2024-08-07 07:00:00,19.72,69.71,38.75,82.44,40.81,11.85,53.86,21.03,99.7,99.02,18.31,16.91,103.42,68.17,63.44,31.89,16.08,22.03,20.5,54.24,29.49,22.83,15.31,73.5,61.61,18.56,11.8,16.48,46.39,61.38,11.46,56.71,46.94,11.01,8.04,19.38,21.46,28.5,21.82,14.63,13.05,58.24,37.2,15.09,21.75,100.5,65.38,17.91,,18.15,22.09
2024-08-08 07:00:00,19.64,69.62,38.26,81.91,41.15,12.34,55.36,20.9,98.3,99.16,18.5,17.05,103.75,70.65,63.11,32.04,16.4,21.73,20.6,53.37,29.36,22.63,15.31,75.6,62.01,18.52,11.6,16.57,46.64,60.75,11.71,56.79,46.85,11.01,8.0,19.07,21.32,28.6,21.09,14.72,12.75,58.24,38.1,15.16,21.1,100.0,65.92,17.52,,18.0,21.94
2024-08-09 07:00:00,19.72,69.71,38.43,82.88,41.48,12.14,54.3,21.62,99.42,98.88,18.84,16.96,107.57,70.48,64.1,32.04,16.49,21.73,20.45,53.57,29.53,22.95,15.31,75.3,64.87,18.52,11.6,16.39,46.44,60.87,11.59,56.79,47.2,11.05,8.0,19.12,21.95,28.95,20.75,14.55,12.86,58.64,37.8,15.09,21.0,101.0,65.03,17.62,,17.8,22.2
2024-08-12 07:00:00,19.89,70.39,38.71,85.53,41.48,12.34,54.74,21.79,103.06,98.88,19.1,17.42,110.37,71.42,65.75,32.68,16.72,21.73,20.69,53.57,29.53,22.95,15.44,76.2,65.85,18.89,11.4,16.34,48.18,61.7,11.54,58.65,47.37,11.01,8.0,19.25,22.22,29.35,20.7,13.73,12.82,58.7,37.15,15.09,20.6,101.9,65.92,17.67,,17.65,22.26
2024-08-13 07:00:00,19.89,69.62,38.55,86.32,41.77,12.26,54.47,21.86,103.06,97.7,19.05,17.37,110.37,70.57,65.42,32.48,16.78,21.61,20.6,53.28,29.65,23.35,15.48,75.2,66.25,18.89,11.4,16.94,48.18,62.78,11.26,58.23,47.72,11.05,8.0,19.25,22.19,29.5,20.65,13.77,12.97,59.44,36.65,15.16,20.6,103.3,65.92,17.72,,17.7,22.3
2024-08-14 07:00:00,19.89,72.13,39.04,85.44,41.48,12.18,54.47,21.96,103.25,97.7,19.23,17.28,111.47,71.42,65.09,33.02,16.85,21.4,20.26,53.47,29.61,23.27,15.48,77.3,66.05,18.05,11.4,16.94,48.86,62.78,11.13,58.65,49.38,11.05,8.0,19.03,22.12,29.4,20.75,14.14,12.86,59.37,37.4,14.98,20.6,103.2,65.65,17.72,,18.15,22.3
2024-08-15 07:00:00,19.72,69.81,38.8,85.97,41.58,12.18,54.38,21.92,100.63,96.88,19.0,17.0,109.77,70.91,65.75,32.53,17.23,21.19,19.92,53.28,29.49,23.43,15.35,76.7,65.46,17.82,11.25,16.52,47.89,61.89,11.05,58.31,49.2,10.97,7.96,19.12,21.91,29.3,20.65,14.14,12.82,58.97,38.3,15.02,20.58,102.9,66.09,17.62,,18.25,22.3
2024-08-16 07:00:00,20.05,70.49,39.29,90.37,42.15,12.55,56.33,22.3,103.99,96.88,19.49,17.14,111.04,71.25,66.33,34.04,17.39,21.4,19.87,53.47,30.98,24.58,15.7,77.5,68.51,18.05,11.95,17.4,50.02,62.53,11.21,58.99,49.2,11.05,8.07,19.07,22.71,29.45,20.99,14.92,13.01,59.04,38.7,15.31,20.8,106.0,65.65,17.96,,18.45,22.58
2024-08-19 07:00:00,20.18,71.65,39.65,91.26,42.77,12.92,57.48,22.44,103.99,96.88,20.05,17.74,111.38,72.63,69.29,34.14,17.62,21.94,20.6,53.47,30.85,25.34,15.8,79.0,68.71,18.61,12.4,18.24,49.73,66.73,11.38,60.17,50.33,11.31,8.11,19.07,22.92,29.7,21.38,15.13,13.08,59.3,38.8,15.63,20.78,105.9,67.33,18.11,,18.45,22.71
2024-08-20 07:00:00,20.31,71.07,40.23,90.99,43.01,13.09,58.09,22.89,104.46,96.97,20.31,17.65,112.32,73.83,68.63,34.78,17.46,21.82,20.45,53.57,31.43,25.3,15.97,79.1,68.51,18.66,12.8,18.93,49.64,68.95,11.26,59.41,50.94,11.4,8.11,19.07,22.88,29.8,21.48,15.5,13.12,60.3,39.8,15.56,21.1,105.6,67.51,18.16,,19.0,22.86
2024-08-21 07:00:00,20.39,70.1,41.53,92.4,43.3,13.42,58.53,23.47,105.67,97.34,20.18,17.65,113.42,73.31,68.88,34.48,17.52,21.86,20.79,54.44,31.26,25.18,16.16,78.5,69.2,19.08,12.9,19.95,48.38,68.95,11.54,59.66,50.51,11.4,8.15,19.07,22.95,29.95,21.53,15.33,13.27,61.76,39.75,15.49,21.0,105.7,67.42,18.35,,18.9,22.99
2024-08-22 07:00:00,20.51,70.2,41.94,95.05,43.35,13.26,57.21,24.02,105.58,97.79,20.1,17.69,114.01,73.23,68.8,34.78,17.49,21.86,20.74,53.95,31.14,25.3,16.23,79.6,69.2,19.08,13.1,19.95,48.04,70.1,11.42,59.58,50.33,11.22,8.19,20.0,23.09,30.05,22.07,15.33,13.49,61.89,40.15,15.8,21.18,105.3,67.33,18.35,,20.15,23.06
2024-08-23 07:00:00,20.47,71.65,41.53,94.34,44.4,13.09,56.68,23.98,105.39,97.52,19.88,17.37,113.33,73.23,68.22,34.63,17.46,21.69,20.6,54.05,31.02,25.74,16.06,79.0,69.2,18.84,13.35,20.27,47.8,69.72,11.34,59.66,50.07,11.14,8.11,20.45,23.54,30.0,21.92,15.5,13.34,61.63,40.0,15.59,21.0,104.7,66.98,18.5,,19.85,23.07
2024-08-26 07:00:00,20.51,70.49,41.62,94.25,44.45,13.21,57.39,24.02,105.2,97.34,19.88,17.6,113.16,73.14,68.3,35.36,17.49,21.98,20.99,53.76,31.26,25.26,16.16,78.2,69.8,19.03,13.4,20.64,47.8,68.38,11.34,60.42,50.25,11.22,8.19,19.9,23.82,30.2,22.07,15.7,13.49,61.49,40.75,15.63,21.18,105.0,66.45,18.79,,20.1,23.14
2024-08-27 07:00:00,20.47,68.74,41.13,92.58,43.88,13.05,56.77,24.02,103.34,96.88,19.63,17.42,112.4,72.45,67.23,34.29,17.49,21.69,20.4,53.57,32.01,25.26,15.97,76.8,68.81,18.66,13.35,20.41,47.75,66.03,11.17,59.07,49.99,11.01,8.07,19.85,23.54,29.85,22.11,15.54,13.27,61.16,42.3,15.54,22.55,104.8,65.38,18.64,,20.65,23.14
2024-08-28 07:00:00,20.51,68.26,41.13,92.76,43.59,13.17,56.94,23.98,102.97,98.06,19.49,17.28,114.01,72.2,66.98,35.26,17.52,21.61,20.6,53.57,31.06,25.22,16.1,77.9,68.71,18.56,13.5,20.32,48.14,65.84,11.34,58.23,50.6,11.01,8.07,19.45,23.79,29.85,22.55,15.5,13.34,61.03,41.8,15.54,23.05,104.2,65.56,18.59,,20.2,23.14
2024-08-29 07:00:00,20.81,69.23,41.37,91.7,43.78,13.01,56.42,24.26,103.81,97.97,19.44,17.46,113.42,72.11,66.24,35.07,17.78,21.61,20.5,53.47,31.31,25.7,16.42,77.5,68.42,18.52,13.3,20.51,47.99,65.33,11.46,58.23,50.68,10.88,8.11,19.25,23.75,30.9,22.65,15.21,13.38,61.36,41.5,15.59,22.4,104.8,65.56,18.84,,19.75,23.3
2024-08-30 07:00:00,20.72,69.71,40.63,91.7,43.59,12.92,56.59,24.09,107.26,98.25,19.55,17.23,114.35,72.02,66.74,34.97,17.81,21.44,20.45,53.66,31.22,25.3,16.29,77.6,68.81,18.61,13.05,20.37,47.41,65.33,11.26,58.4,50.94,10.8,8.04,19.35,23.61,30.65,22.75,15.21,13.34,61.29,41.65,15.54,22.6,105.5,66.27,18.59,,19.45,23.27
2024-09-04 07:00:00,20.64,69.71,40.43,91.61,43.11,13.01,57.12,24.22,109.4,99.16,19.44,17.1,112.74,72.37,66.24,34.14,17.68,21.19,20.01,53.47,31.72,25.02,16.03,76.0,68.71,18.75,13.0,20.83,46.73,64.75,11.09,57.47,50.25,10.71,8.0,19.2,23.23,30.4,22.65,15.13,13.16,60.5,42.5,15.42,22.15,105.0,66.0,18.3,,19.7,23.26
2024-09-05 07:00:00,20.64,69.71,40.47,92.14,42.97,13.05,56.77,24.36,108.0,99.16,19.55,17.14,112.74,72.71,65.25,34.09,17.49,21.11,19.87,53.76,31.55,24.86,16.1,75.9,67.92,18.84,13.25,20.97,45.86,65.2,11.01,56.96,50.68,10.75,7.96,18.7,23.44,30.15,22.46,15.33,13.19,60.5,44.45,15.54,22.98,105.0,66.8,18.06,,20.35,23.09
2024-09-06 07:00:00,20.56,69.71,40.47,92.05,43.49,12.8,55.97,24.36,106.32,97.97,19.91,17.23,112.66,72.45,64.84,33.8,17.36,21.15,19.43,53.37,31.22,24.86,15.67,76.0,67.04,18.61,13.0,20.23,45.48,63.99,10.88,55.61,49.9,10.75,7.92,18.55,23.2,29.9,22.36,15.0,13.27,60.3,44.0,15.42,22.68,104.8,66.89,17.96,,20.1,23.0
2024-09-09 07:00:00,20.56,69.71,40.51,91.7,42.82,12.8,55.8,24.33,106.14,99.16,19.85,16.96,111.81,73.23,64.18,33.9,17.23,21.82,20.26,53.28,31.51,24.82,15.61,75.9,67.04,18.52,13.4,20.37,45.57,63.61,10.88,56.37,49.55,10.84,7.88,18.1,23.16,29.75,22.26,14.96,13.16,59.9,43.65,15.29,22.25,104.0,66.54,17.96,,20.25,22.89
2024-09-10 07:00:00,20.51,69.71,40.31,95.22,42.15,12.8,55.36,24.4,106.14,98.25,19.77,16.91,111.04,73.05,64.1,34.04,17.1,21.53,20.16,53.37,31.18,24.86,15.77,77.0,67.73,18.56,13.3,20.18,45.43,63.86,10.97,56.12,49.55,10.88,7.92,18.1,23.16,29.75,22.16,14.84,13.38,59.9,43.55,15.29,21.95,104.8,66.89,17.96,,20.3,22.92
2024-09-11 07:00:00,20.26,69.23,39.78,96.11,41.53,12.51,54.83,24.09,105.39,97.79,19.49,16.96,111.3,72.02,63.85,33.75,16.98,21.28,19.87,53.08,30.93,24.7,15.67,75.7,66.94,18.61,12.75,19.86,44.99,63.23,10.8,55.7,48.51,10.84,7.85,17.5,22.64,29.7,21.68,14.59,13.31,59.1,43.15,15.16,21.5,105.8,66.54,17.82,,19.35,23.0
2024-09-12 07:00:00,20.47,69.23,39.82,99.19,41.58,12.51,55.36,24.19,107.16,98.16,19.85,16.96,112.32,72.2,64.1,34.34,17.01,21.28,20.06,53.18,30.89,24.74,15.74,75.8,67.04,18.7,11.85,19.86,44.8,63.74,10.8,55.61,49.2,11.48,7.88,16.5,22.74,29.8,21.82,14.63,13.6,59.83,43.5,15.33,21.62,105.7,66.62,18.11,,19.35,22.72
2024-09-13 07:00:00,20.43,69.13,39.69,98.75,41.53,12.47,55.09,24.02,106.23,97.97,19.8,16.91,113.08,71.68,64.27,33.99,17.04,21.07,19.72,53.08,30.89,24.62,15.67,75.4,66.54,18.61,11.65,20.0,44.46,63.55,10.76,55.7,49.03,11.87,7.88,15.7,22.71,29.95,21.77,14.63,13.53,59.9,43.4,15.33,21.48,105.5,66.27,18.06,,19.4,22.8
2024-09-16 07:00:00,20.51,68.84,39.74,102.01,41.38,12.55,55.09,23.98,107.07,97.79,20.16,17.0,112.74,69.7,63.77,34.39,16.98,21.03,19.53,53.08,31.35,24.54,15.8,74.6,66.05,18.42,11.65,20.0,44.94,64.5,10.72,55.53,49.12,11.61,7.85,15.9,22.68,29.9,22.11,14.63,13.6,59.77,42.9,15.29,21.8,105.2,64.68,18.06,,19.4,22.65
2024-09-17 07:00:00,20.47,69.13,39.82,102.01,41.05,12.59,53.32,23.98,106.14,98.06,19.82,17.14,112.66,68.95,63.52,34.78,17.1,21.03,19.43,53.08,31.8,24.46,15.8,74.5,65.85,18.56,11.35,20.27,43.93,63.61,10.39,54.85,49.2,11.78,7.88,15.7,22.71,29.85,22.16,14.55,13.45,60.1,44.0,15.33,21.6,105.0,65.03,18.16,,19.4,22.82
2024-09-18 07:00:00,20.68,69.13,40.43,101.84,41.29,12.63,54.12,24.91,107.07,98.25,19.93,17.19,114.6,69.23,64.27,35.51,17.2,21.11,19.53,53.08,31.68,24.62,16.03,75.3,67.63,18.94,11.5,20.46,44.12,63.93,10.55,55.7,49.29,11.78,7.88,15.8,23.44,30.6,22.5,14.67,13.64,61.03,45.15,15.46,21.65,105.5,65.47,18.3,,19.75,22.99
2024-09-19 07:00:00,20.77,69.62,40.39,107.22,41.34,12.68,54.65,24.84,107.07,98.06,19.8,17.5,115.11,69.14,64.43,34.97,17.3,21.23,19.82,52.79,31.55,24.58,16.0,74.8,67.53,18.89,11.5,20.92,43.88,63.61,10.59,56.12,49.38,11.61,7.88,16.65,23.54,30.6,22.6,14.72,13.71,60.9,44.4,15.5,21.6,105.2,65.12,18.3,,19.45,23.02
2024-09-20 07:00:00,21.56,70.2,40.8,109.33,41.38,12.76,55.18,25.15,109.96,98.88,20.02,17.35,116.13,69.52,64.92,35.46,17.49,21.69,20.11,52.89,31.59,25.06,16.29,75.7,67.73,18.8,11.5,21.11,44.85,63.48,10.55,56.71,49.99,11.44,7.96,17.3,23.51,31.3,23.09,14.88,13.71,61.1,44.9,15.71,21.82,105.4,65.56,18.59,,19.75,23.3
2024-09-23 07:00:00,21.73,69.33,40.39,112.77,41.96,12.72,54.65,24.91,107.44,98.25,19.99,17.35,115.2,69.04,65.09,34.87,17.46,21.73,20.01,51.93,31.64,25.26,16.55,75.3,67.04,18.66,11.4,20.83,44.51,63.29,10.51,56.54,50.33,11.57,7.96,16.7,23.96,31.3,23.14,14.55,13.86,60.83,44.1,15.75,21.45,105.5,64.85,18.69,,19.55,23.28
2024-09-24 07:00:00,21.56,70.2,40.27,112.95,41.96,12.59,56.59,24.84,107.72,98.06,19.8,17.3,114.18,69.61,65.17,35.46,17.39,21.53,19.72,50.09,31.8,25.26,16.49,74.8,67.82,18.56,11.4,20.88,44.12,63.99,10.47,56.54,50.33,11.52,7.92,16.65,23.69,32.05,22.99,14.43,13.68,60.76,44.25,16.13,21.32,105.2,65.04,18.69,,19.1,23.28
2024-09-25 07:00:00,21.89,70.2,41.21,110.12,41.77,12.92,57.21,25.12,108.75,98.7,20.13,17.45,114.26,69.7,65.42,35.61,17.59,21.98,20.35,49.42,32.79,25.58,16.88,75.8,67.73,18.56,11.45,21.48,44.31,63.55,10.8,57.21,50.25,11.57,8.04,17.0,24.54,32.7,23.33,14.67,13.91,61.76,44.4,16.43,21.45,105.3,64.5,19.03,,19.3,23.49
2024-09-26 07:00:00,22.02,71.17,41.53,112.24,41.96,12.88,57.65,25.01,108.66,98.25,20.27,17.95,114.44,70.27,65.25,36.05,18.26,22.03,20.4,48.74,32.63,25.74,16.91,76.4,68.51,18.84,11.9,21.52,44.51,63.86,10.88,57.55,50.94,11.7,8.26,17.05,24.62,33.2,23.77,14.96,14.79,62.29,44.6,16.6,21.55,105.1,65.14,19.32,,19.4,23.79
2024-09-27 07:00:00,22.06,69.71,42.27,111.89,41.67,13.13,57.56,25.77,108.47,98.61,20.02,19.0,113.93,69.99,65.01,35.8,18.39,21.9,20.69,51.06,32.63,25.94,17.04,76.4,67.63,18.66,11.75,21.48,44.27,63.36,10.97,57.38,51.2,11.4,8.53,17.15,24.67,33.65,23.72,15.09,15.28,62.16,44.6,16.51,21.45,105.3,65.23,19.62,,19.7,23.8
2024-09-30 07:00:00,21.68,69.04,41.04,107.92,41.48,12.88,56.94,25.53,107.82,98.16,19.99,18.9,114.01,69.33,64.68,35.26,18.26,22.15,20.89,50.67,32.21,25.78,16.81,76.6,67.13,18.52,11.15,20.97,43.59,63.1,10.84,56.45,51.2,11.27,8.41,17.05,25.02,33.65,23.72,14.92,15.51,61.43,43.5,16.43,21.3,105.2,65.04,19.62,,19.4,23.68
2024-10-01 07:00:00,21.85,68.65,41.45,105.8,41.62,13.05,56.94,25.46,110.8,98.52,19.93,19.2,115.45,69.42,64.35,35.8,18.16,22.48,21.38,50.19,32.96,25.5,17.04,77.4,67.73,18.56,11.3,21.25,43.49,63.1,10.97,56.71,50.51,11.22,8.49,17.55,25.2,34.4,24.16,15.21,15.46,62.03,44.1,16.89,21.38,105.5,64.77,19.76,,19.55,23.96
2024-10-02 07:00:00,21.81,68.07,41.04,104.92,41.58,12.88,56.24,25.01,108.66,98.34,19.91,19.2,115.2,69.7,64.76,35.75,18.0,22.23,20.99,49.8,32.42,25.34,16.84,76.5,66.94,18.61,11.2,20.74,43.73,63.69,10.92,57.21,50.33,11.18,8.34,17.6,24.71,33.9,24.5,14.92,15.64,61.56,43.45,16.68,21.2,105.3,64.31,19.37,,19.35,23.81
2024-10-03 07:00:00,21.98,68.07,41.53,104.92,41.77,12.84,55.71,25.22,108.28,97.97,19.85,19.75,115.37,69.14,64.27,35.61,18.0,22.19,20.89,49.61,31.93,25.46,17.01,77.3,66.44,18.56,11.1,19.76,43.44,63.5,11.01,57.38,50.25,11.05,8.57,18.0,24.85,34.2,24.55,14.76,16.08,62.36,43.25,16.85,21.22,106.1,64.59,19.91,,19.25,23.94
2024-10-04 07:00:00,21.52,67.29,40.55,102.63,41.24,12.55,54.92,24.81,106.98,97.34,19.66,19.35,114.26,69.42,64.02,34.92,17.81,22.07,20.65,49.42,31.14,25.1,16.62,76.4,65.85,18.42,11.0,19.58,44.02,62.78,10.76,56.54,49.64,11.1,8.34,17.8,24.71,33.8,23.82,14.3,15.73,61.63,41.95,16.39,20.68,105.7,64.59,19.91,,18.65,23.68
2024-10-07 07:00:00,21.48,66.32,40.47,103.25,41.34,12.55,54.65,24.67,106.51,97.97,19.55,19.1,114.35,69.42,63.52,34.39,17.55,22.07,20.74,49.51,31.18,25.5,16.55,76.3,66.15,18.38,11.0,19.53,43.93,62.2,10.84,56.79,49.72,11.18,8.34,17.5,24.54,34.15,23.72,14.3,15.64,61.43,41.8,16.43,20.78,105.5,63.49,19.62,,18.5,23.57
2024-10-08 07:00:00,21.43,66.52,40.35,107.22,41.29,12.92,54.92,24.81,106.42,96.61,19.46,19.05,114.52,69.14,63.11,34.53,17.68,22.57,20.99,49.61,31.26,26.93,16.62,75.4,65.75,18.33,10.9,19.58,43.98,61.56,10.72,55.95,49.55,11.14,8.26,17.2,24.8,34.2,23.97,14.3,16.08,61.1,41.6,16.47,20.52,105.2,62.48,19.62,,18.4,23.53
2024-10-09 07:00:00,21.93,67.0,40.55,107.22,41.43,12.8,55.09,25.12,107.63,97.61,19.55,19.25,115.11,68.67,62.62,34.82,17.52,22.9,20.99,49.13,31.22,26.85,16.71,77.1,64.37,18.28,10.85,19.86,43.3,61.3,10.72,55.36,49.29,11.1,8.23,18.0,24.54,34.3,24.11,14.39,15.73,60.96,42.55,16.35,20.8,105.9,62.85,19.76,,18.5,23.72
2024-10-10 07:00:00,22.14,66.61,40.84,107.3,42.1,12.84,55.27,25.15,110.33,98.06,19.69,19.4,120.37,69.33,63.19,35.31,17.71,23.07,20.94,49.22,31.26,27.29,16.91,80.5,64.47,18.42,10.9,19.81,43.73,62.01,10.84,55.61,50.42,11.01,8.3,17.8,24.71,34.8,24.35,14.39,16.04,61.76,42.9,16.43,20.82,106.0,63.03,20.15,,18.7,23.93
2024-10-11 07:00:00,21.85,66.32,40.76,109.24,42.58,12.76,56.24,24.91,108.75,97.97,19.49,19.1,121.05,69.42,63.44,35.07,17.65,22.86,20.5,49.8,31.35,26.69,16.68,81.1,64.37,18.42,10.85,19.76,43.69,61.56,10.76,55.78,50.68,11.01,8.23,17.7,24.58,33.8,23.97,14.59,15.55,61.03,43.8,16.22,20.98,109.5,62.48,20.15,,19.1,23.84
2024-10-14 07:00:00,21.93,66.32,40.68,108.45,42.63,13.42,57.12,25.01,109.87,97.61,19.6,19.15,119.78,69.33,63.85,35.61,17.65,22.86,20.6,50.0,31.22,26.34,17.01,82.1,64.08,18.52,10.9,19.72,43.25,61.56,10.84,56.2,50.25,10.97,8.26,17.75,24.89,34.2,23.97,13.93,15.73,61.23,46.4,16.26,21.7,109.4,62.39,20.25,,19.6,24.0
2024-10-15 07:00:00,21.89,66.71,41.7,107.57,42.2,13.38,56.94,25.25,108.94,97.61,19.46,18.5,117.49,68.76,63.19,35.61,17.49,22.86,20.5,49.71,30.89,26.1,17.01,81.5,63.88,18.38,10.75,19.53,43.01,61.24,10.72,55.86,50.68,10.97,8.3,17.6,24.8,34.2,23.97,13.69,15.82,61.16,45.5,16.35,21.25,107.4,61.75,20.49,,19.2,23.92
2024-10-16 07:00:00,21.6,66.03,41.29,111.09,42.1,13.13,55.97,25.01,107.91,97.34,19.35,18.9,116.22,68.48,62.12,35.26,17.39,22.73,20.35,49.51,30.44,25.7,16.71,82.3,64.77,18.28,10.5,18.79,41.46,61.24,10.55,55.27,50.33,10.8,8.23,17.3,24.4,33.75,23.67,13.61,15.59,60.96,45.2,16.26,20.9,105.9,62.39,20.35,,18.9,23.75
2024-10-17 07:00:00,21.85,65.94,41.13,116.21,42.15,13.17,56.24,25.08,107.44,97.34,19.1,18.85,116.22,68.1,61.96,35.26,17.36,22.69,20.21,49.32,30.7,25.58,16.88,81.0,64.87,18.14,10.5,19.49,40.93,61.43,10.47,55.02,50.51,10.75,8.23,16.8,24.4,34.6,23.77,13.73,15.95,61.29,45.5,16.39,20.9,105.8,62.2,20.4,,18.85,24.0
2024-10-18 07:00:00,22.14,66.32,41.7,116.3,42.44,13.34,56.5,25.32,107.54,97.34,19.24,19.85,116.81,68.1,60.48,35.9,17.36,22.73,20.35,49.32,30.34,26.1,17.07,81.4,65.16,18.19,10.55,19.63,41.61,61.62,10.51,55.27,50.6,10.75,8.3,17.15,24.67,36.45,24.16,13.56,16.08,61.83,46.0,16.77,21.1,106.5,62.3,20.4,,19.1,24.0
2024-10-21 07:00:00,21.81,65.65,41.04,117.53,42.39,13.09,58.09,24.94,106.98,97.97,19.1,20.8,116.72,67.54,59.32,35.17,17.39,22.53,20.16,49.32,29.84,25.9,16.88,81.2,65.06,18.05,10.4,19.76,40.83,61.43,10.39,54.68,50.16,10.67,8.26,16.75,24.36,36.1,23.87,13.32,15.82,61.96,47.8,16.47,21.45,105.7,62.2,20.2,,19.3,23.93
2024-10-22 07:00:00,21.6,64.39,40.63,119.82,42.1,13.05,59.5,24.46,105.67,96.61,19.08,22.0,115.03,67.73,60.97,34.53,17.36,22.36,20.01,49.71,30.29,25.7,16.71,80.4,65.85,18.05,10.35,19.81,40.83,61.04,10.3,54.09,49.2,10.58,8.19,16.7,24.18,35.9,23.77,13.03,15.82,61.23,48.55,16.22,21.3,105.4,62.11,20.1,,19.15,23.84
2024-10-23 07:00:00,21.35,63.81,39.86,118.15,41.53,13.01,59.24,24.12,104.18,95.61,18.91,21.8,114.26,67.07,60.78,33.07,17.36,22.23,19.92,51.76,30.61,25.5,16.52,80.1,65.36,18.05,10.35,20.13,41.07,60.59,10.26,53.58,49.2,10.58,8.15,16.7,24.0,35.8,23.67,13.07,15.77,60.96,48.35,15.97,22.15,105.0,61.93,20.01,,19.05,23.69
2024-10-24 07:00:00,21.27,63.81,39.94,118.94,41.72,12.92,59.86,24.12,105.39,95.97,19.1,22.1,113.84,67.07,60.78,33.02,17.33,22.23,20.11,50.69,30.98,25.74,16.55,80.6,65.06,17.96,10.35,20.18,40.98,60.72,10.22,53.58,48.77,10.8,8.15,16.65,24.09,35.8,23.58,13.03,15.86,61.29,46.75,15.97,21.55,104.5,63.21,19.91,,18.7,23.63
2024-10-25 07:00:00,20.97,63.71,39.49,117.35,41.72,12.92,59.95,23.88,103.81,95.61,19.08,21.6,114.1,67.25,60.97,32.33,17.3,22.19,20.11,50.39,30.66,25.62,16.16,79.3,65.06,17.91,10.3,20.32,40.49,60.78,10.1,53.92,48.77,10.8,8.04,16.65,23.91,34.0,23.23,12.99,15.37,61.29,44.65,15.8,21.15,104.3,62.85,19.67,,18.3,23.4
2024-10-28 07:00:00,21.02,63.61,39.04,119.65,41.53,12.84,60.48,23.88,103.06,95.97,18.97,21.0,114.44,66.88,60.78,31.94,17.3,22.44,20.31,50.0,30.48,25.82,16.19,77.9,64.67,17.82,10.6,20.13,40.64,61.24,9.93,53.58,48.42,10.8,7.96,16.65,24.0,34.1,23.09,12.95,15.28,61.29,44.25,15.63,20.88,104.2,62.3,19.57,,18.25,23.36
2024-10-29 07:00:00,21.14,64.68,39.61,121.23,41.62,12.97,61.62,23.98,104.83,96.43,19.38,20.15,114.86,66.97,63.39,32.28,17.62,22.61,20.31,50.0,30.66,25.78,16.36,78.2,65.56,17.91,10.6,20.27,40.59,62.2,10.06,54.51,48.51,10.8,8.0,16.7,24.0,34.3,23.23,13.48,15.42,61.49,43.05,15.84,20.85,104.0,61.66,19.76,,18.3,23.39
2024-10-30 07:00:00,21.1,65.26,39.41,121.06,41.48,12.88,59.86,24.02,105.02,96.15,19.35,20.0,115.2,67.16,63.78,32.43,17.59,22.57,20.16,49.9,30.43,26.1,16.39,78.1,65.56,17.96,10.9,19.86,40.64,62.27,10.01,55.02,48.51,10.75,8.0,16.5,23.87,35.2,23.38,13.4,15.33,61.36,43.0,16.18,20.85,104.0,61.66,19.81,,18.3,23.43
2024-10-31 07:00:00,21.27,64.97,39.61,121.5,41.53,12.76,60.65,24.53,104.74,95.79,19.22,20.2,115.28,66.88,63.49,32.24,17.49,22.53,19.82,49.61,30.57,26.26,16.42,77.4,65.56,17.77,10.85,19.67,40.06,61.82,10.1,54.68,48.94,10.71,8.11,16.55,23.65,35.7,23.48,13.44,15.59,63.09,41.55,16.05,20.85,105.0,61.01,19.91,,18.2,23.49
2024-11-01 07:00:00,21.22,64.97,39.33,120.0,41.82,12.72,59.95,24.67,104.36,95.24,19.05,19.95,114.44,66.6,63.87,31.94,17.33,22.36,19.67,49.61,30.52,26.3,16.32,76.4,65.16,17.68,10.65,19.67,39.77,60.78,9.93,54.01,48.85,10.62,8.07,16.95,23.56,35.25,23.38,13.24,15.37,63.02,42.2,16.01,20.8,104.9,60.74,19.86,,17.95,23.38
2024-11-04 07:00:00,20.93,64.78,39.41,117.88,42.53,12.59,59.15,24.67,103.81,95.52,18.8,19.7,114.1,66.31,62.81,31.75,17.1,22.11,19.72,49.81,30.25,26.3,16.13,74.7,64.97,17.59,10.4,19.49,39.38,60.14,9.68,54.09,48.85,10.45,8.0,16.8,23.6,35.35,23.14,12.95,15.19,63.29,41.5,15.84,20.75,104.7,61.01,19.67,,17.85,23.3
2024-11-05 07:00:00,20.81,64.88,39.16,115.5,42.25,12.43,59.33,24.5,103.53,94.61,18.69,19.45,113.59,65.94,62.23,31.6,16.88,22.11,19.63,49.61,30.02,26.18,16.03,73.7,64.67,17.49,10.5,19.76,39.04,60.59,9.6,54.68,48.85,10.24,8.0,16.75,23.51,35.3,23.04,12.74,14.84,61.76,41.8,15.75,20.65,104.1,60.46,19.28,,17.85,23.05
2024-11-06 07:00:00,21.06,66.84,39.37,116.74,42.29,12.51,60.65,24.64,104.18,93.7,18.86,19.55,114.1,66.97,62.71,33.07,16.98,22.61,19.82,49.81,30.34,26.14,16.23,74.4,64.77,17.68,10.5,19.81,39.19,61.24,9.81,54.34,48.77,10.41,8.07,16.95,23.65,35.5,23.43,12.74,15.15,62.03,41.7,15.8,21.0,105.0,60.46,19.42,,18.05,23.33
2024-11-07 07:00:00,21.14,66.65,39.57,117.44,42.39,12.68,62.33,24.81,106.32,94.15,18.88,19.55,116.64,66.88,63.29,33.21,17.04,22.73,20.01,49.32,30.93,26.14,16.29,74.4,64.87,17.68,11.05,20.55,39.33,60.91,9.85,54.6,48.85,10.45,8.15,17.0,23.74,35.8,23.53,13.03,15.15,62.36,41.7,15.8,21.12,105.0,60.65,19.42,,18.3,23.46
2024-11-08 07:00:00,21.06,66.06,39.16,116.38,43.3,12.51,62.33,24.7,105.86,95.79,18.74,19.3,115.96,66.69,63.1,32.82,16.88,22.9,19.92,49.22,30.61,26.02,16.23,73.6,64.47,17.63,10.9,20.23,39.23,60.2,9.85,54.77,48.68,10.45,8.07,16.9,23.51,36.0,23.38,12.82,15.02,62.36,41.35,15.71,20.9,104.6,60.65,19.28,,18.15,23.27
2024-11-11 07:00:00,20.89,66.35,38.84,117.27,43.83,12.43,61.45,24.02,107.63,94.61,18.77,19.0,118.25,66.41,63.78,32.63,16.88,23.07,19.92,49.22,30.48,25.7,16.03,73.7,64.08,17.59,10.75,19.76,38.9,60.01,9.77,54.85,48.59,10.5,8.0,16.8,23.2,35.55,23.09,12.66,14.79,61.63,40.85,15.54,20.58,104.8,60.28,18.94,,18.0,23.05
2024-11-12 07:00:00,20.85,66.84,38.3,117.27,43.83,12.3,62.51,23.92,107.91,94.06,19.05,18.95,117.74,66.41,63.87,32.92,16.65,23.23,19.92,49.32,30.43,25.7,15.87,73.9,62.3,17.68,10.75,19.44,38.27,60.14,9.85,55.7,49.99,10.5,8.04,16.7,23.25,33.9,22.8,12.74,14.48,61.89,41.35,15.54,20.75,105.0,60.19,18.74,,18.2,23.0
2024-11-13 07:00:00,20.81,66.74,38.02,117.47,43.59,12.18,62.51,23.68,108.75,94.15,19.02,18.7,117.06,65.94,63.78,32.19,16.68,22.82,19.58,49.22,30.52,25.42,15.8,73.1,61.42,17.73,10.95,19.58,38.17,60.08,9.72,55.36,49.64,10.5,7.96,16.7,22.85,33.5,22.55,12.45,14.39,61.69,40.7,15.5,20.58,104.4,60.1,18.84,,18.2,22.93
2024-11-14 07:00:00,20.77,67.73,37.81,115.63,43.3,12.1,62.15,23.54,110.15,94.06,19.02,18.65,118.59,66.22,65.52,32.04,16.49,22.57,19.43,49.12,30.52,25.5,15.7,73.2,60.73,17.63,10.95,19.58,38.46,60.4,9.72,55.7,49.46,10.45,7.96,16.75,22.62,33.55,22.46,12.37,14.48,61.43,41.1,15.5,20.65,103.7,59.55,18.69,,18.65,22.93
2024-11-15 07:00:00,20.56,67.63,37.28,113.32,42.63,11.72,59.33,23.06,108.0,93.42,18.99,18.5,115.03,65.37,64.36,31.35,16.24,21.94,18.56,49.12,29.93,25.14,15.51,71.7,60.23,17.35,10.75,19.02,37.98,59.95,9.52,55.02,48.85,10.37,7.85,16.8,21.96,32.85,22.21,11.92,13.99,61.43,40.6,15.42,20.52,103.4,59.46,18.45,,18.5,22.75
2024-11-18 07:00:00,20.56,66.25,37.28,111.48,42.53,11.68,58.71,23.09,105.58,90.97,18.77,18.15,114.1,65.09,63.39,31.11,16.01,21.69,18.17,49.03,29.66,25.42,15.41,71.1,59.05,17.77,10.65,18.93,37.59,59.56,9.43,54.94,49.03,10.32,7.81,16.85,21.87,32.7,22.11,12.45,14.31,61.29,40.8,15.5,20.42,103.0,58.82,18.4,,18.5,22.55
2024-11-19 07:00:00,20.51,66.25,36.96,110.47,43.04,11.68,57.83,23.06,105.87,91.51,18.77,18.0,113.25,65.65,62.52,30.96,15.98,21.65,18.27,48.93,29.61,25.18,15.38,71.4,58.16,17.82,11.1,18.93,37.54,59.49,9.43,54.01,48.77,10.32,7.77,17.0,21.78,32.6,21.97,12.7,14.26,60.83,42.25,15.46,20.35,102.2,58.17,18.3,,18.25,22.5
2024-11-20 07:00:00,20.51,64.68,37.49,111.11,42.84,11.93,58.8,23.33,103.48,90.97,18.83,18.1,112.23,64.43,61.94,30.86,15.98,21.65,18.36,48.93,29.98,25.18,15.44,70.9,57.28,17.82,11.4,19.9,37.54,59.88,9.52,53.84,48.33,10.37,7.81,16.9,21.96,32.75,22.26,13.15,14.53,60.56,43.4,15.42,20.32,102.3,58.45,18.4,,18.15,22.32
2024-11-21 07:00:00,20.77,64.68,37.32,110.56,43.33,11.81,57.92,24.02,102.8,90.79,19.3,18.05,112.74,64.62,62.91,30.86,15.95,21.61,18.27,49.22,29.84,25.26,15.64,71.5,58.06,17.77,11.3,19.72,38.03,60.66,9.48,54.85,48.42,10.41,7.77,16.9,21.91,33.05,22.6,12.99,14.44,60.63,43.7,15.46,20.3,102.2,58.72,18.69,,18.2,22.5
2024-11-22 07:00:00,20.85,64.68,37.45,112.4,43.43,11.85,58.71,24.16,103.19,91.42,19.71,18.05,113.93,66.5,62.62,30.86,16.01,21.86,18.51,48.93,29.66,25.42,15.77,71.6,58.56,17.82,11.25,19.53,38.07,60.72,9.52,55.02,48.77,10.28,7.81,16.9,21.87,33.15,22.94,12.91,14.48,60.63,42.75,15.54,20.42,102.4,59.36,18.79,,18.3,22.57
2024-11-25 07:00:00,20.89,64.68,37.45,110.1,44.21,11.85,58.45,24.09,102.52,91.24,19.74,18.35,113.59,66.22,62.81,30.76,15.95,21.9,18.36,50.2,29.79,25.42,15.67,72.5,58.46,18.28,11.2,19.53,38.17,60.2,10.06,56.79,48.77,10.28,7.81,16.9,21.78,33.15,22.99,12.74,14.44,61.23,42.95,15.71,20.5,102.8,59.18,18.69,,18.35,22.58
2024-11-26 07:00:00,20.97,65.27,37.81,110.84,43.92,11.93,58.62,24.26,103.19,91.24,20.21,18.35,115.2,65.84,62.91,31.16,16.2,22.07,18.51,49.71,30.25,25.46,15.77,73.1,59.25,18.24,11.2,20.18,38.17,60.01,10.34,56.62,49.03,10.41,7.88,16.9,22.14,33.35,23.09,13.28,14.57,61.69,43.3,15.8,20.65,103.3,59.55,18.89,,18.45,22.78
2024-11-27 07:00:00,21.06,64.97,37.98,111.3,43.67,11.93,58.71,24.22,103.95,90.97,20.29,18.75,118.42,65.75,62.91,31.06,16.3,22.03,18.51,49.81,30.16,25.9,15.8,72.9,60.04,18.24,11.5,19.76,38.12,60.2,10.47,56.96,49.29,10.5,7.88,16.95,21.96,33.3,22.99,12.91,14.48,61.89,42.85,15.75,20.52,103.3,59.55,18.69,,18.35,22.77
2024-11-28 07:00:00,21.06,65.27,38.06,114.25,44.41,11.93,58.36,24.29,103.38,93.88,19.8,19.2,118.67,65.94,62.71,31.35,16.43,22.28,18.56,50.59,30.16,26.1,15.8,73.0,59.74,18.24,11.4,19.95,39.23,60.46,10.47,56.71,49.2,10.54,7.85,17.1,21.82,33.6,23.09,13.03,14.66,62.09,42.35,16.05,20.6,102.9,59.55,18.84,,18.25,22.88
2024-11-29 07:00:00,21.06,65.37,38.22,116.55,46.57,11.81,58.27,24.6,105.87,92.79,19.8,18.8,123.25,65.75,63.2,31.06,16.4,22.28,18.51,50.49,30.11,25.9,15.74,73.6,59.64,18.24,11.1,19.67,39.19,60.2,10.39,56.71,48.85,10.71,7.81,17.0,21.91,33.3,22.99,12.91,14.53,61.96,41.3,16.05,20.38,102.4,59.36,18.69,,18.0,22.92
2024-12-02 07:00:00,21.18,65.66,38.51,118.39,48.23,12.14,59.95,24.7,106.06,93.52,19.8,18.6,124.62,65.75,62.91,31.25,16.4,22.61,18.61,50.3,30.11,26.77,15.83,73.5,59.84,18.24,11.1,19.72,38.85,60.85,10.43,57.21,49.55,10.62,7.85,17.05,22.0,33.4,23.09,13.11,14.62,63.15,41.15,16.09,20.48,102.7,59.36,18.79,,18.0,23.05
2024-12-03 07:00:00,21.06,65.37,38.02,114.8,51.37,12.1,59.33,24.67,105.3,94.43,20.05,18.5,124.54,65.56,62.81,31.16,16.81,22.48,18.51,49.81,29.89,27.25,15.77,73.0,59.44,18.24,11.05,19.39,39.28,60.78,10.55,57.8,49.03,10.67,7.85,17.0,21.78,33.15,23.14,12.99,14.39,62.69,41.3,16.09,20.3,102.3,59.18,18.69,,17.85,22.9
2024-12-04 07:00:00,20.93,65.17,37.73,118.3,51.96,11.93,59.15,24.5,105.2,94.97,20.16,18.45,124.88,65.18,62.62,30.56,16.81,22.36,18.17,49.32,29.93,27.45,15.64,72.5,58.95,18.38,10.8,19.44,39.57,60.85,10.47,57.38,50.51,10.71,7.81,16.95,21.6,32.6,22.99,12.82,14.26,62.36,40.85,16.05,20.2,101.5,58.54,18.64,,17.7,22.89
2024-12-05 07:00:00,21.48,66.84,38.26,121.62,52.15,12.1,59.59,25.05,105.39,93.61,20.1,18.7,126.76,65.75,64.16,31.06,17.17,23.19,18.46,49.22,30.75,27.13,16.03,73.7,60.33,18.61,11.0,20.18,39.38,62.4,10.39,57.89,50.51,10.71,7.96,17.2,22.85,34.0,23.58,13.19,14.62,62.82,41.8,16.35,20.5,103.0,59.27,18.98,,17.9,23.36
2024-12-06 07:00:00,21.52,67.14,38.39,117.93,52.45,12.18,60.39,25.15,112.0,93.61,20.88,18.7,129.66,65.84,65.62,32.34,17.3,23.23,18.41,48.93,30.7,27.57,16.03,74.2,61.02,18.75,10.95,20.6,39.43,62.27,10.47,57.8,50.94,10.97,7.96,17.6,23.51,33.95,23.62,13.32,14.66,63.29,42.0,16.39,21.15,103.0,59.36,18.98,,17.9,23.43
2024-12-09 07:00:00,21.43,66.84,38.43,118.02,50.88,12.18,60.74,25.05,111.72,92.79,20.32,19.0,127.61,65.47,65.23,31.85,17.42,23.23,18.56,48.83,31.43,27.57,16.0,73.6,60.73,18.47,10.8,20.74,39.14,62.85,10.39,57.64,50.42,11.1,7.88,17.4,23.47,34.1,23.67,13.32,14.66,63.29,41.9,16.35,21.42,103.5,59.09,19.03,,17.85,23.46
2024-12-10 07:00:00,21.31,67.04,38.71,117.01,52.35,12.1,60.56,25.05,111.62,95.06,20.07,19.2,127.61,65.56,65.13,31.85,18.0,23.48,18.7,51.76,31.34,27.41,15.97,73.3,60.33,18.47,10.85,20.6,39.14,62.98,10.76,57.8,50.77,11.01,7.92,17.45,23.47,34.2,23.58,13.15,14.66,63.29,41.65,16.35,20.95,102.7,59.0,18.94,,17.8,23.4
2024-12-11 07:00:00,21.31,66.84,38.43,116.73,51.96,12.1,60.39,25.12,112.58,100.98,19.96,19.35,129.49,65.18,64.84,31.5,18.27,23.44,18.61,53.62,31.61,27.41,15.9,73.7,59.94,18.56,10.7,20.51,38.99,62.59,10.51,57.04,50.86,11.14,8.15,17.4,23.47,33.9,23.67,13.03,14.66,62.96,41.35,16.39,20.7,103.7,59.18,18.79,,17.65,23.45
2024-12-12 07:00:00,21.31,66.55,38.55,117.93,51.96,12.05,59.86,25.25,111.72,99.16,19.82,20.1,129.66,64.99,64.36,31.75,18.47,23.23,18.41,55.57,31.38,26.89,16.0,72.7,59.64,18.61,10.65,20.41,38.85,63.3,10.39,56.62,50.6,11.18,8.11,17.4,23.51,34.1,23.87,12.95,14.79,62.69,41.15,16.26,20.68,103.5,59.46,19.03,,17.5,23.49
2024-12-13 07:00:00,21.14,66.55,38.26,117.01,53.72,11.89,58.98,25.05,111.04,98.25,19.8,20.0,128.8,64.62,64.55,31.21,18.5,22.82,18.22,56.45,31.29,26.66,15.87,72.0,60.43,18.56,10.55,20.04,38.12,62.66,10.22,56.45,50.25,11.05,8.0,17.4,23.11,34.2,23.92,12.87,14.62,62.16,40.8,16.26,20.45,102.8,59.09,18.79,,17.4,23.32
2024-12-16 07:00:00,21.1,66.84,38.63,116.0,52.06,11.81,58.71,25.18,111.14,97.88,19.66,19.8,128.55,64.62,63.97,31.16,18.31,22.77,18.02,57.62,31.61,26.73,15.87,71.7,60.53,19.08,10.55,20.04,37.74,63.95,10.26,56.37,50.16,11.05,7.92,17.35,23.29,34.1,23.77,12.74,14.57,61.89,41.15,16.35,20.45,102.4,59.73,18.69,,17.45,23.36
2024-12-17 07:00:00,21.1,66.84,38.55,114.71,51.96,11.81,59.42,24.94,111.14,97.97,19.6,19.6,128.46,64.52,63.87,31.01,18.43,22.57,18.02,58.21,32.07,26.54,15.77,71.3,60.13,18.75,10.55,20.04,37.64,63.3,10.3,56.45,50.16,11.05,7.88,17.3,23.25,34.2,23.77,12.66,14.48,61.83,41.4,16.35,20.4,102.2,59.55,18.64,,17.35,23.3
2024-12-18 07:00:00,21.1,66.65,38.43,114.25,51.96,12.26,59.59,24.98,111.62,103.7,19.57,19.65,127.87,64.71,63.39,30.91,18.5,22.77,18.41,58.6,32.02,26.93,15.77,71.4,59.64,18.61,10.6,20.0,38.46,63.11,10.43,57.21,50.16,11.01,7.88,17.25,23.29,34.2,23.67,12.74,14.48,61.96,41.6,16.26,20.42,101.4,59.64,18.59,,17.2,23.35
2024-12-19 07:00:00,20.93,66.35,38.22,115.35,52.25,12.01,58.89,24.84,112.86,101.7,19.71,19.35,127.18,64.62,63.68,30.71,18.2,22.61,18.41,58.5,32.34,26.89,15.67,71.2,59.05,18.66,10.6,19.76,38.7,62.85,10.34,57.55,49.9,10.97,7.85,17.1,23.29,34.0,23.43,12.58,14.35,61.63,40.75,16.13,20.2,100.5,59.09,18.45,,17.25,23.18
2024-12-20 07:00:00,20.81,66.55,38.18,115.9,51.76,11.97,59.68,24.81,111.43,101.34,19.6,19.2,128.55,64.81,63.97,30.76,18.2,22.44,18.41,58.21,32.66,26.73,15.64,70.6,59.94,18.7,10.55,19.58,38.46,62.85,10.34,57.55,49.72,11.01,7.77,16.9,23.34,33.95,23.33,12.5,14.26,61.69,40.45,16.05,20.25,100.9,59.55,18.4,,17.15,23.06
2024-12-23 07:00:00,20.85,66.84,38.57,123.18,52.25,12.01,59.68,24.91,112.38,101.52,19.6,19.65,127.95,65.09,63.49,31.01,18.12,22.53,18.36,58.3,32.66,26.81,15.74,71.0,60.23,18.66,10.6,19.58,38.12,63.11,10.18,57.72,50.6,11.01,7.81,16.95,23.38,35.0,23.43,12.7,14.39,61.63,40.85,16.13,20.42,101.1,59.55,18.64,,17.2,23.18
2024-12-24 07:00:00,20.89,66.84,38.42,126.13,52.35,11.97,59.95,24.84,113.54,101.44,19.85,19.75,128.72,64.71,64.16,30.71,18.04,22.4,18.12,58.11,32.66,26.77,15.67,70.6,60.43,19.21,10.55,19.26,37.59,62.78,10.06,57.38,50.07,11.01,7.81,17.05,23.07,34.75,23.43,12.58,14.35,61.63,40.6,16.09,20.3,101.0,59.27,18.5,,17.1,23.13
2024-12-25 07:00:00,21.39,69.2,39.36,126.68,54.61,12.39,61.83,26.56,114.21,101.92,19.82,19.8,129.06,64.9,64.75,31.06,18.47,22.61,18.46,58.01,32.66,27.57,16.16,71.2,61.42,19.54,10.55,19.07,37.64,63.17,10.14,58.82,50.33,11.05,7.92,17.25,23.78,36.5,24.26,12.82,14.97,62.29,40.75,16.56,20.52,102.0,59.46,18.79,,17.5,23.56
2024-12-26 07:00:00,21.35,68.81,38.92,126.68,52.35,12.26,61.83,26.35,114.01,100.03,19.63,19.55,129.23,65.56,64.84,30.86,18.62,22.65,18.41,57.72,32.61,27.45,16.23,71.3,61.51,19.54,10.55,19.21,37.83,63.24,10.14,58.14,50.53,11.14,7.88,17.3,23.65,37.4,23.92,12.91,14.75,61.63,41.3,16.73,20.5,102.2,59.28,18.79,,17.45,23.52
2024-12-27 07:00:00,21.48,68.61,39.07,124.2,51.57,12.22,62.01,26.63,113.15,99.84,20.05,19.7,127.95,64.99,64.65,30.76,19.24,22.48,18.41,57.82,32.61,28.88,16.49,71.1,60.73,19.54,10.45,19.21,37.44,62.98,10.1,57.72,50.35,11.14,7.88,17.2,23.74,37.4,24.26,12.91,15.15,61.76,41.05,17.11,20.45,101.8,59.18,18.84,,17.25,23.56
2024-12-30 07:00:00,21.43,68.81,38.72,123.83,51.96,12.13,61.74,26.7,112.0,98.14,19.93,19.7,128.72,64.81,64.26,30.27,20.55,22.36,18.27,57.91,32.84,29.62,16.39,70.8,60.33,19.49,10.55,19.49,37.44,63.56,10.06,57.47,50.62,11.14,7.85,16.95,23.91,37.85,24.11,12.7,15.02,61.43,40.6,17.02,20.3,100.8,58.81,18.74,,17.15,23.55
2024-12-31 07:00:00,21.56,69.69,38.32,124.38,51.08,12.05,61.56,26.56,112.29,98.24,19.71,19.3,131.37,64.71,63.87,30.22,20.32,22.28,18.17,58.4,32.88,29.48,16.36,70.8,60.13,19.49,10.35,19.39,37.15,63.17,10.06,57.3,50.44,11.22,7.81,16.85,23.51,37.55,24.01,12.66,14.93,61.36,40.5,16.77,20.3,100.5,58.91,18.74,,17.3,23.54
2025-01-02 07:00:00,21.48,69.59,38.22,123.18,50.98,12.05,63.45,26.28,112.38,98.05,19.63,19.25,130.34,64.52,64.07,30.37,19.66,22.53,18.12,57.62,32.52,29.25,16.58,70.9,60.33,19.73,10.5,19.35,37.15,63.24,10.06,57.3,50.35,11.22,7.85,16.9,23.42,37.2,24.06,12.54,14.84,61.43,40.2,16.85,20.27,100.1,58.91,18.69,,17.45,23.59
2025-01-03 07:00:00,21.35,69.3,38.18,124.38,50.39,12.01,62.64,26.08,112.38,97.86,19.88,18.85,129.15,64.43,64.16,30.32,19.28,22.48,18.07,58.01,31.88,29.16,16.42,70.8,59.84,19.49,10.8,19.3,37.35,63.17,9.93,56.79,50.26,11.05,7.81,16.8,23.07,36.95,23.72,12.45,14.71,61.36,40.05,16.64,20.27,99.9,58.44,18.59,,17.45,23.5
2025-01-06 07:00:00,20.93,69.3,38.72,123.37,48.97,11.92,62.64,25.84,111.14,99.08,19.8,18.45,128.21,64.24,63.68,30.17,18.97,22.23,17.83,58.4,31.97,28.6,16.23,70.2,58.46,19.4,10.6,18.98,37.49,62.53,9.89,55.44,50.26,10.88,7.92,16.75,22.67,36.6,23.23,12.25,14.48,62.03,40.0,16.26,20.25,99.9,58.35,18.4,,17.25,23.19
2025-01-07 07:00:00,20.93,72.74,40.05,125.39,48.33,11.71,62.19,26.08,108.55,97.67,19.46,18.35,129.15,63.96,61.94,29.28,18.93,21.98,17.39,57.42,31.7,28.88,16.27,68.2,56.98,19.21,10.45,18.33,37.4,62.33,9.64,54.85,48.9,10.58,7.85,16.8,22.54,37.05,23.28,11.84,14.44,61.89,40.05,16.43,20.27,99.9,58.17,18.4,,17.15,23.13
2025-01-08 07:00:00,20.89,72.44,39.96,126.22,48.82,11.45,61.66,26.01,108.46,98.14,19.16,18.4,128.04,63.3,61.45,28.79,18.7,21.86,17.54,57.42,30.88,28.88,16.27,68.0,57.28,19.45,10.45,17.91,37.06,62.33,9.72,54.68,48.63,10.54,7.81,17.1,22.05,36.9,23.67,11.88,14.53,61.36,40.05,16.47,20.27,99.5,57.34,18.4,,16.95,23.03
2025-01-09 07:00:00,20.89,72.05,39.61,126.22,48.33,11.58,62.19,26.01,108.36,98.14,19.16,18.45,127.35,63.58,61.45,28.69,17.96,21.9,17.54,57.33,31.11,28.88,16.27,68.1,57.18,19.91,10.45,18.01,38.03,61.95,9.72,54.51,48.72,10.8,7.85,17.3,22.18,36.9,23.43,11.88,14.48,61.23,41.05,16.51,20.5,99.4,57.15,18.4,,17.15,23.1
2025-01-10 07:00:00,20.85,70.97,39.46,124.75,49.12,11.49,63.98,26.21,107.79,97.67,19.05,18.4,127.27,63.58,60.97,28.44,17.23,21.73,17.34,57.42,31.11,28.55,16.12,67.4,57.18,19.77,10.3,17.73,37.78,61.62,10.01,54.68,48.72,11.13,7.81,17.4,21.82,36.55,23.38,11.67,14.44,61.36,40.7,16.56,20.45,99.6,57.15,18.25,,17.05,23.0
2025-01-13 07:00:00,20.77,68.71,38.92,119.77,48.53,11.45,65.06,25.87,105.87,97.2,18.88,18.3,126.76,63.2,59.91,27.85,16.85,21.69,16.91,57.03,31.43,28.6,16.12,65.5,56.88,19.54,9.99,17.45,37.64,61.24,9.85,54.85,49.08,11.13,7.73,17.6,21.6,35.35,23.19,11.43,14.26,61.03,40.0,16.39,20.18,99.2,57.15,18.01,,16.85,22.79
2025-01-14 07:00:00,20.72,69.99,38.77,119.68,49.8,11.49,64.43,26.01,105.87,97.1,19.08,18.4,126.33,63.49,59.81,27.95,16.81,21.65,16.95,57.82,31.34,29.2,16.12,65.3,56.68,19.63,9.54,17.4,38.8,61.69,9.85,55.19,49.17,11.17,7.73,17.45,21.51,35.4,23.14,11.43,14.26,61.03,40.0,16.47,20.1,98.7,57.06,17.86,,16.65,22.7
2025-01-15 07:00:00,20.85,69.69,38.77,116.18,50.68,11.79,64.61,25.46,105.2,97.2,18.97,18.35,125.05,63.49,59.04,27.85,16.69,21.86,17.29,57.33,31.38,29.02,16.12,66.4,57.08,19.45,9.43,17.4,38.94,61.82,9.85,55.19,49.62,11.17,7.73,17.7,21.65,35.45,23.28,11.47,14.31,61.03,40.1,16.73,20.18,99.4,57.52,18.01,,16.5,22.74
2025-01-16 07:00:00,20.93,68.81,39.07,116.92,50.59,11.79,65.33,25.53,106.06,98.05,19.05,18.4,125.48,63.39,60.0,28.35,16.85,22.03,17.25,57.62,31.29,29.62,16.2,66.5,57.18,19.63,9.4,17.68,39.04,61.75,9.93,55.36,49.99,11.22,7.81,17.8,22.4,35.8,23.33,11.67,14.39,61.89,40.65,16.73,20.32,99.3,57.8,18.01,,16.7,22.86
2025-01-17 07:00:00,20.89,68.61,39.07,117.56,51.47,11.71,66.94,25.53,105.39,97.67,19.1,18.35,128.12,63.3,60.0,28.79,17.35,22.07,17.0,57.42,31.29,29.81,16.12,66.4,56.98,19.4,9.33,17.54,38.7,61.62,9.81,56.45,49.62,11.22,7.77,17.9,21.87,35.8,23.77,11.71,14.39,61.76,40.1,16.77,20.27,99.1,57.43,17.96,,16.6,22.93
2025-01-20 07:00:00,20.93,68.32,39.66,117.84,51.37,11.83,66.76,25.87,105.97,98.61,19.1,18.65,128.38,64.24,60.49,28.74,17.81,22.28,17.15,57.52,31.38,29.99,16.46,66.3,57.08,19.31,9.24,17.54,38.7,62.01,9.77,56.54,48.9,11.22,7.77,18.0,21.91,36.35,23.87,11.76,14.62,61.43,40.2,17.06,20.23,99.0,57.43,18.06,,16.85,23.1
2025-01-21 07:00:00,20.97,68.32,39.61,116.73,52.15,11.75,66.22,25.94,105.58,97.48,19.05,18.5,129.23,64.15,60.2,28.59,18.0,22.15,17.05,57.62,31.38,29.9,16.54,66.4,57.37,19.26,9.14,17.4,39.04,62.14,9.68,56.54,49.08,11.22,7.81,18.45,22.05,36.45,23.87,11.71,14.66,61.16,40.15,17.11,20.27,99.3,57.34,18.01,,16.75,23.11
2025-01-22 07:00:00,20.89,67.92,39.36,116.73,51.08,11.62,66.22,25.8,105.68,95.97,18.88,18.25,128.55,63.58,60.0,28.2,17.5,21.98,16.91,57.62,31.25,31.16,16.46,66.2,57.18,18.97,9.1,17.22,38.61,61.95,9.56,55.86,48.81,11.27,7.77,18.75,22.0,36.65,23.82,11.67,14.48,61.1,40.0,17.02,20.25,99.0,57.24,18.01,,16.6,23.06
2025-01-23 07:00:00,21.22,66.84,39.66,115.72,50.39,11.49,65.87,26.21,106.35,95.97,19.33,18.35,133.16,63.3,60.0,28.3,17.7,22.28,16.91,57.42,31.38,33.16,16.69,66.1,58.66,19.07,8.85,17.4,38.41,62.66,9.52,55.61,48.81,11.6,7.85,18.95,22.45,37.55,24.21,11.92,14.57,61.69,39.95,17.32,20.32,99.5,57.52,18.4,,16.5,23.29
2025-01-24 07:00:00,21.31,68.12,39.56,116.83,50.19,11.45,66.05,26.18,107.02,96.73,19.44,18.55,131.88,63.96,61.84,28.54,17.85,22.19,16.95,57.33,31.57,33.63,16.84,68.0,59.25,19.07,9.03,17.77,38.27,63.24,9.52,55.7,48.81,11.6,7.85,18.8,22.45,37.35,24.21,12.54,14.66,61.76,39.8,17.57,20.25,99.8,57.71,18.5,,16.65,23.4
2025-02-03 07:00:00,21.14,68.81,39.46,116.83,50.29,11.53,65.6,26.49,106.73,95.88,19.55,18.5,127.35,63.86,61.55,29.48,17.39,22.15,17.29,57.52,31.38,33.39,16.69,68.4,58.75,18.97,9.01,17.77,38.12,63.62,9.64,55.1,48.54,11.74,8.0,18.7,22.27,36.9,24.06,12.5,14.57,61.36,39.55,17.27,20.15,99.5,57.43,18.3,,16.5,23.35
2025-02-04 07:00:00,21.18,69.3,39.66,114.43,50.39,11.75,68.82,27.28,107.21,95.5,19.63,18.75,125.48,63.39,61.36,29.23,17.58,22.48,17.49,57.62,31.57,33.35,16.95,68.8,59.05,19.07,9.42,17.73,38.9,63.56,9.77,56.03,47.82,11.93,8.04,18.8,22.62,37.8,24.06,12.78,14.75,61.23,39.15,17.32,20.1,98.8,56.23,18.3,,16.4,23.2
2025-02-05 07:00:00,21.22,70.68,39.51,114.8,50.88,11.88,72.77,27.24,107.21,96.54,19.69,18.65,125.9,64.15,61.65,29.33,17.58,22.48,17.54,57.72,32.02,33.63,16.91,68.7,58.95,19.55,9.58,18.61,38.9,63.43,9.85,56.28,47.91,12.07,8.07,18.8,22.62,37.5,24.26,13.03,14.84,61.63,39.45,17.27,20.23,98.7,56.78,18.59,,17.1,23.35
2025-02-06 07:00:00,21.43,71.17,39.56,114.98,50.59,11.79,74.65,27.35,107.21,96.82,19.8,18.9,125.73,64.24,61.65,29.28,17.77,22.44,17.49,57.42,31.7,34.23,17.21,68.1,58.75,19.36,9.48,18.42,38.7,64.53,9.89,56.37,48.0,12.73,8.04,18.8,22.58,37.85,24.84,12.91,15.02,62.03,39.2,17.57,20.27,98.5,56.87,18.69,,16.9,23.4
2025-02-07 07:00:00,21.56,69.89,40.35,114.61,52.35,12.39,75.28,28.27,106.83,97.1,19.66,18.85,125.22,64.05,61.75,29.53,17.81,22.32,17.39,57.62,31.43,34.47,17.25,68.0,58.16,19.45,9.64,18.33,38.61,64.2,10.1,56.88,47.64,12.78,8.07,18.75,22.4,38.1,25.13,12.78,14.93,61.89,39.05,17.53,20.35,98.2,56.51,18.69,,16.9,23.43
2025-02-10 07:00:00,21.85,71.66,40.75,112.59,52.35,12.69,75.72,28.2,105.87,96.63,19.44,19.15,124.2,63.68,60.58,28.99,17.62,22.07,17.1,57.33,31.38,34.28,17.44,69.7,57.47,19.16,9.45,17.82,39.43,63.3,9.93,56.45,47.28,12.73,8.04,18.7,22.36,38.85,25.57,12.54,14.97,61.69,38.75,17.74,20.18,98.0,56.51,18.59,,16.75,23.37
2025-02-11 07:00:00,21.68,70.18,40.3,111.11,52.65,12.61,76.8,28.07,104.24,97.1,19.24,18.95,124.11,63.96,59.71,28.54,17.62,21.73,16.52,57.33,31.02,34.51,17.25,68.9,56.59,19.11,9.37,17.54,39.96,62.26,9.93,56.96,47.1,12.87,8.26,18.95,22.22,38.7,25.48,12.74,15.28,61.29,37.9,17.65,20.05,97.0,56.04,18.64,,16.6,23.34
2025-02-12 07:00:00,21.73,70.28,40.0,110.65,53.92,12.56,76.35,28.0,104.91,97.01,19.49,19.4,124.37,63.58,59.33,28.89,17.58,21.82,16.47,57.62,31.16,35.3,17.29,69.1,56.49,19.36,9.26,17.68,40.11,62.0,9.97,57.72,46.92,12.82,8.19,18.95,22.27,38.85,25.33,12.7,15.19,61.43,38.3,17.49,20.05,97.0,56.32,18.59,,16.6,23.42
2025-02-13 07:00:00,21.52,69.3,39.81,110.38,54.21,12.35,80.65,28.34,103.95,96.25,20.27,19.2,123.77,63.2,59.71,29.18,17.5,21.65,16.42,57.42,30.88,35.26,17.18,69.0,55.21,20.61,9.18,17.54,40.83,62.07,10.14,57.72,46.92,12.73,8.15,19.05,22.14,38.8,25.33,12.66,15.06,61.03,38.9,17.32,20.15,96.2,56.32,18.5,,16.7,23.39
2025-02-14 07:00:00,21.68,69.99,40.4,110.74,54.21,12.39,83.07,28.38,104.91,96.16,20.38,19.3,123.77,63.96,60.29,30.56,17.66,21.9,16.66,57.62,30.88,35.68,17.25,69.4,54.52,20.81,9.34,17.77,41.36,62.46,10.18,57.55,47.28,12.78,8.3,19.5,22.49,39.3,25.52,12.95,15.24,61.23,39.05,17.49,20.25,96.8,56.04,18.64,,16.8,23.5
2025-02-17 07:00:00,21.68,69.1,40.2,111.57,53.92,12.56,83.16,27.9,103.76,95.78,20.57,19.7,123.77,64.43,59.81,30.81,17.7,21.86,16.57,57.42,30.88,35.02,17.18,68.4,54.42,20.71,9.33,17.96,41.7,62.0,10.34,57.21,46.56,12.73,8.41,19.9,22.54,38.5,25.43,12.87,15.11,61.1,39.15,17.36,20.2,97.5,55.95,18.59,,16.7,23.42
2025-02-18 07:00:00,21.73,68.81,40.2,110.1,56.17,12.69,81.28,28.14,103.0,95.31,20.16,19.65,123.26,64.33,59.42,30.42,17.58,22.15,16.86,57.42,30.98,34.88,17.21,67.2,54.22,20.32,9.49,18.14,41.36,61.81,10.26,57.04,46.47,13.01,8.38,19.9,22.49,39.15,25.43,13.07,15.15,61.1,39.2,17.4,20.23,97.8,55.86,18.69,,17.05,23.5
2025-02-19 07:00:00,21.64,70.09,40.45,109.18,56.66,12.52,84.33,28.1,103.48,95.78,20.43,20.45,123.68,64.99,59.52,31.3,17.62,22.15,16.81,56.94,31.07,34.47,17.21,67.7,55.3,20.66,9.47,18.24,41.9,61.68,10.34,60.93,46.38,12.96,8.38,19.8,22.58,39.1,25.48,13.85,15.11,60.9,39.15,17.53,20.25,97.5,56.23,18.59,,17.3,23.48
2025-02-20 07:00:00,21.68,71.17,40.6,110.74,57.25,12.78,83.79,28.17,107.5,96.25,20.71,20.7,123.43,65.28,59.52,32.04,17.66,22.15,17.29,57.13,31.29,34.47,17.25,68.0,55.9,20.66,10.1,18.51,41.94,61.61,10.3,62.02,46.56,12.96,8.41,19.75,22.71,39.05,25.91,14.06,15.33,61.29,40.8,17.44,20.62,97.5,56.23,18.79,,17.45,23.55
2025-02-21 07:00:00,22.02,74.31,40.6,110.65,57.15,12.69,85.13,28.48,106.25,95.88,20.68,20.45,121.98,64.81,60.39,32.04,17.89,22.15,17.1,57.62,31.07,34.23,17.36,68.0,57.47,20.18,10.4,17.96,42.09,61.61,10.3,61.43,47.1,12.82,8.41,19.6,22.58,38.95,25.91,14.14,15.24,61.83,40.7,17.49,20.48,96.9,57.34,19.08,,17.4,23.61
2025-02-24 07:00:00,21.93,74.9,40.94,110.19,57.74,12.01,86.93,28.79,104.91,95.78,20.6,20.7,121.21,64.81,60.1,32.14,18.12,23.57,17.73,57.13,30.61,34.42,17.29,67.7,57.67,20.23,10.3,17.91,41.75,61.74,10.26,64.13,47.28,12.87,8.49,19.65,22.98,39.6,25.96,13.98,15.24,62.09,40.3,17.87,20.32,96.6,59.0,19.03,,17.35,23.8
2025-02-25 07:00:00,21.93,75.59,40.9,110.47,57.55,12.01,85.94,28.89,105.77,95.59,20.93,20.8,119.84,65.28,59.71,32.09,18.12,23.07,17.49,57.03,30.79,34.7,17.66,68.9,57.57,20.57,10.15,18.38,42.19,62.2,10.3,63.54,48.27,12.92,8.49,19.7,23.29,39.7,26.11,14.26,15.24,62.16,41.25,17.74,20.58,96.8,59.09,19.08,,17.5,23.86
2025-02-26 07:00:00,21.81,75.79,40.8,112.77,56.76,11.92,85.4,28.68,106.35,96.25,20.93,21.1,121.04,64.9,59.52,32.44,17.96,23.27,17.63,57.03,30.43,34.65,17.66,68.6,58.26,20.57,10.05,18.1,42.04,62.07,10.18,63.29,47.37,12.92,8.62,19.7,23.2,39.35,25.86,14.1,15.19,61.69,40.9,17.57,20.55,97.1,58.54,18.89,,17.35,23.82
2025-02-27 07:00:00,21.81,75.2,40.85,113.14,58.53,11.83,84.33,28.51,106.83,95.59,20.57,20.85,121.38,64.62,59.33,32.24,17.89,23.69,18.61,57.13,30.43,34.37,17.44,69.3,57.97,20.23,10.2,18.42,41.99,62.2,10.06,63.9,47.19,12.92,8.54,19.5,23.2,38.65,25.72,14.51,15.15,63.35,41.15,17.44,20.6,97.2,58.35,18.84,,17.2,23.81
2025-02-28 07:00:00,21.89,74.61,40.5,111.57,56.66,12.22,84.24,28.55,108.07,96.16,20.54,21.3,120.44,64.71,59.33,33.32,17.89,23.65,18.75,57.13,30.75,34.19,17.36,68.5,57.87,20.28,10.8,18.79,42.28,61.55,10.26,63.48,47.19,13.01,8.45,19.55,23.82,38.7,25.62,14.59,15.02,62.56,41.6,17.65,20.8,97.0,58.35,18.89,,17.65,23.76
2025-03-03 07:00:00,21.77,75.2,40.75,111.48,55.88,12.31,82.54,28.31,110.76,96.06,20.65,22.0,120.7,64.71,59.04,33.18,17.81,23.52,18.56,57.52,30.75,33.77,17.32,68.4,58.26,20.28,10.75,18.79,42.86,61.48,10.39,62.36,46.92,12.92,8.45,19.6,23.82,38.85,25.62,14.63,14.62,62.09,42.55,17.87,21.2,97.0,58.35,18.84,,17.95,23.78
2025-03-04 07:00:00,21.89,74.71,40.45,111.76,55.78,12.35,82.8,28.68,108.74,96.63,20.52,22.35,120.01,65.37,59.62,33.47,17.73,23.36,18.41,57.13,30.88,33.35,17.7,69.1,59.05,20.18,10.5,18.98,43.11,61.42,10.22,62.96,47.01,12.87,8.41,19.45,23.65,39.4,26.84,14.63,14.53,62.03,43.15,17.91,21.25,97.0,58.91,18.69,,17.8,23.84
2025-03-05 07:00:00,22.27,75.1,40.7,116.09,56.17,12.26,82.98,28.99,107.88,96.73,20.46,22.55,119.59,65.28,59.23,33.13,17.96,23.23,18.31,57.13,30.88,34.09,18.08,70.2,59.35,19.99,10.45,18.7,43.06,61.22,10.14,63.65,47.01,13.58,8.49,19.5,23.69,39.7,26.89,14.51,14.57,62.29,43.0,18.08,21.25,96.8,58.72,18.84,,18.05,23.99
2025-03-06 07:00:00,22.06,74.41,40.45,117.47,56.66,12.09,86.03,28.65,106.73,96.25,20.21,22.35,122.49,64.52,59.04,33.52,17.77,23.27,18.41,56.84,30.57,33.58,18.08,69.2,61.02,19.84,10.4,18.51,42.38,61.42,10.01,63.99,46.83,13.62,8.45,19.75,23.96,39.55,26.99,14.3,14.44,62.56,43.6,17.74,21.28,96.8,58.08,18.84,,17.95,24.06
2025-03-07 07:00:00,22.39,74.71,40.7,116.92,56.96,12.35,87.64,29.1,107.21,95.78,20.77,22.2,121.81,64.43,59.52,33.62,18.2,23.4,18.46,56.55,31.07,33.49,18.68,70.0,61.12,19.7,10.75,19.26,42.19,61.16,10.06,63.22,46.92,13.77,8.49,19.65,24.14,39.9,27.18,14.92,14.62,63.29,45.75,17.91,22.65,97.0,58.17,18.94,,18.5,24.18
2025-03-10 07:00:00,22.35,78.83,41.54,114.89,56.27,12.39,84.96,29.3,107.02,95.97,20.49,21.7,120.78,64.24,59.62,33.23,18.43,23.48,18.36,55.67,30.75,33.39,18.68,69.9,61.42,19.7,10.7,19.16,41.61,60.96,10.1,64.76,46.65,14.14,8.49,19.85,24.22,40.3,27.57,14.88,14.62,64.68,45.8,17.91,23.95,97.9,58.17,19.13,,18.45,24.5
2025-03-11 07:00:00,22.1,80.8,40.94,114.61,55.39,12.35,83.34,29.23,105.3,95.78,20.65,21.4,118.22,63.77,59.42,32.98,18.35,23.44,18.51,55.57,30.2,32.51,18.6,68.9,62.3,19.5,10.65,19.07,41.9,60.64,9.97,64.08,46.38,14.14,8.41,19.8,23.74,39.9,27.28,14.72,14.44,64.28,45.55,17.65,23.65,98.0,57.71,19.23,,18.25,24.28
2025-03-12 07:00:00,22.31,80.7,40.94,115.17,54.31,12.35,82.44,29.71,105.39,96.16,20.43,21.35,118.39,64.33,59.13,32.93,18.47,23.48,18.65,55.37,29.98,32.93,18.75,69.7,62.11,19.55,10.65,19.02,41.85,60.64,10.06,64.16,46.47,14.24,8.45,19.9,23.96,40.05,27.52,14.72,14.48,68.16,47.3,17.74,24.12,97.8,57.98,19.28,,18.45,24.43
2025-03-13 07:00:00,22.1,79.62,40.45,113.32,54.51,12.22,81.01,29.3,105.77,95.59,20.27,21.05,117.79,64.81,58.84,33.28,18.27,23.36,18.8,55.18,29.39,33.02,18.52,71.2,61.91,19.5,10.8,19.07,41.46,59.6,10.1,63.48,46.47,14.14,8.41,19.85,24.36,39.7,27.08,14.55,14.39,66.77,49.55,17.4,25.7,97.5,58.08,19.13,,19.2,24.35
2025-03-14 07:00:00,21.89,78.54,39.96,111.39,53.33,12.13,77.16,29.03,104.34,96.06,19.91,20.55,116.34,64.33,58.07,33.18,18.0,23.19,18.36,55.18,29.7,32.98,18.34,71.9,61.42,19.16,11.1,18.98,40.44,59.08,9.93,62.02,47.28,14.14,9.0,19.8,24.18,39.05,26.69,14.55,14.35,66.37,48.9,17.23,26.4,99.8,57.89,19.08,,19.1,24.35
2025-03-17 07:00:00,21.93,80.9,40.1,110.19,53.33,12.35,76.53,29.23,103.48,95.78,19.88,20.55,112.76,64.43,56.71,32.98,18.16,23.44,18.51,55.18,30.16,32.6,18.34,71.4,61.12,19.31,11.3,19.44,40.35,57.39,10.06,61.51,47.01,14.24,9.59,19.9,24.14,39.2,26.74,14.8,14.62,66.87,48.0,17.53,26.35,99.4,58.54,19.86,,18.8,24.37
2025-03-18 07:00:00,22.19,81.0,40.15,111.02,52.45,12.78,75.99,29.44,103.67,95.31,19.91,20.6,112.84,65.84,57.58,33.28,18.12,23.36,18.65,54.79,30.29,33.39,18.3,71.3,61.61,19.84,11.15,19.39,40.59,57.78,10.68,61.68,46.83,14.33,9.84,19.85,24.4,39.1,26.89,14.88,14.57,67.36,48.75,17.49,26.35,99.4,58.26,19.76,,18.8,24.42
2025-03-19 07:00:00,21.98,80.41,39.76,110.74,52.84,12.48,77.07,28.82,104.05,95.69,20.05,20.3,111.48,65.75,57.87,34.85,18.0,22.98,17.78,54.69,29.61,33.81,18.0,69.6,60.53,19.74,10.9,19.02,40.44,58.3,10.92,61.0,46.29,14.52,9.93,19.8,23.87,38.6,26.64,14.59,14.48,66.77,47.9,17.4,26.25,98.3,57.98,19.23,,18.5,24.27
2025-03-20 07:00:00,22.1,79.72,39.46,111.02,52.65,12.39,78.23,28.68,103.48,94.74,19.88,20.0,108.23,65.09,58.07,34.51,18.16,22.86,17.44,54.5,29.75,33.72,18.26,69.1,59.15,19.31,10.9,19.07,40.25,58.63,10.8,61.34,46.11,14.33,10.01,19.85,23.87,39.0,26.84,14.43,14.31,66.57,48.2,17.44,26.6,97.9,57.43,19.18,,18.75,24.17
2025-03-21 07:00:00,21.98,78.64,39.36,111.85,52.35,12.18,78.77,28.58,102.32,95.12,19.88,20.3,110.11,64.62,57.49,34.8,17.85,22.69,17.44,54.69,29.48,33.12,18.38,68.6,59.44,19.26,11.0,18.93,40.06,58.3,10.63,62.02,45.84,14.24,10.14,19.85,23.87,39.0,26.84,14.72,13.51,66.57,48.4,17.32,26.5,97.5,57.06,19.13,,18.5,24.1
2025-03-24 07:00:00,22.02,77.36,39.07,111.39,51.76,12.09,78.5,28.68,102.32,94.55,19.69,20.2,110.37,64.05,57.39,34.11,17.77,22.69,17.39,54.98,29.61,32.42,18.3,68.8,59.44,19.21,10.75,18.61,40.11,58.37,10.55,61.6,45.48,14.24,10.51,19.85,24.14,38.7,27.47,14.72,13.28,66.07,51.4,17.19,28.35,96.8,57.24,19.13,,19.2,24.26
2025-03-25 07:00:00,22.1,77.85,39.26,110.93,51.86,12.18,78.68,29.03,100.5,94.55,19.63,20.35,110.88,63.68,57.0,34.85,17.7,22.82,17.49,55.08,29.79,32.0,18.41,69.0,60.43,19.65,10.45,18.65,40.15,57.52,11.17,62.45,45.29,14.24,10.6,19.9,24.4,38.8,27.47,14.92,13.33,66.17,52.5,17.19,29.6,97.2,56.97,19.18,,20.3,24.38
2025-03-26 07:00:00,22.1,77.26,39.41,110.56,51.66,12.13,78.23,29.13,100.98,94.46,19.8,20.0,107.98,64.24,56.91,34.41,17.77,23.27,17.63,55.28,29.79,31.81,18.3,69.6,60.33,19.7,10.55,18.65,40.15,57.33,10.92,62.88,45.2,14.19,10.47,19.85,24.05,39.2,27.76,15.21,13.19,66.17,52.2,17.06,29.0,97.6,57.15,19.13,,20.15,24.35
2025-03-27 07:00:00,21.89,78.15,39.21,110.38,52.74,12.09,79.13,28.65,100.98,95.22,19.74,19.8,107.98,64.05,56.81,34.66,17.54,23.07,17.59,55.18,29.61,31.3,18.08,70.7,59.94,19.65,10.35,18.28,39.96,56.35,10.84,62.88,44.84,14.05,10.72,19.8,23.65,38.6,27.42,15.82,12.97,65.48,51.7,16.98,29.35,96.7,56.78,18.94,,20.05,24.5
2025-03-28 07:00:00,21.77,78.05,38.82,115.63,53.14,12.01,78.41,28.51,100.7,95.5,19.99,19.65,107.89,63.49,56.71,35.1,17.46,22.9,17.29,54.98,29.57,31.21,18.08,69.6,59.84,19.79,10.4,18.24,39.62,55.18,10.88,62.79,44.84,14.0,10.77,19.7,23.6,38.7,27.08,16.03,12.8,65.28,51.9,16.89,29.15,96.5,56.41,18.89,,19.65,24.15
2025-03-31 07:00:00,21.73,76.28,38.57,114.25,53.43,11.88,76.17,28.44,97.82,94.37,19.57,19.5,105.33,62.92,56.33,34.31,17.12,22.57,16.91,54.98,29.98,31.16,18.08,69.7,58.36,19.55,10.4,18.19,38.36,54.08,10.84,61.08,44.57,14.0,10.6,19.7,23.42,38.75,26.79,15.58,12.88,64.78,51.6,16.77,29.25,95.9,56.87,18.74,,19.45,24.15
2025-04-01 07:00:00,21.77,74.71,38.57,113.05,52.35,11.92,77.07,28.72,96.0,94.37,19.63,19.65,104.31,63.86,55.94,32.29,17.31,22.53,17.25,54.1,29.75,31.21,18.45,67.8,58.06,19.7,10.4,18.14,38.99,54.34,10.8,61.51,44.75,14.24,10.51,19.6,23.34,39.7,27.28,14.96,12.84,64.88,53.5,16.94,30.4,95.2,56.51,18.69,,20.1,23.94
2025-04-02 07:00:00,21.89,75.79,38.82,113.23,52.35,11.96,77.78,29.03,93.89,94.27,19.82,20.1,104.39,63.68,55.94,31.85,17.5,22.82,17.6,53.71,29.57,31.3,18.49,67.0,58.85,19.45,10.5,18.19,39.09,54.73,10.88,61.77,44.62,14.33,10.68,19.6,23.56,39.75,27.42,15.46,12.8,65.57,53.6,17.06,30.6,95.3,56.69,18.84,,20.55,24.15
2025-04-03 07:00:00,21.18,73.13,37.48,109.64,49.9,11.53,73.75,27.93,89.1,93.42,19.1,19.4,100.38,61.6,53.04,29.68,16.92,22.03,16.75,53.62,28.25,30.65,17.77,63.9,55.5,18.87,9.9,17.54,37.93,52.65,10.34,58.94,43.58,14.05,10.26,19.5,22.94,38.5,26.5,14.51,12.44,63.99,51.6,16.51,29.9,94.9,55.03,18.06,,19.6,23.79
2025-04-04 07:00:00,19.89,64.39,35.6,108.07,47.55,10.63,68.38,26.56,82.11,87.67,17.69,18.1,97.22,57.27,47.18,27.26,16.27,20.69,15.4,53.42,25.89,30.69,16.84,58.7,52.74,17.76,9.42,16.06,34.54,47.39,9.6,56.29,40.47,14.14,10.14,19.8,21.2,37.5,25.09,13.65,11.51,59.61,50.6,15.8,29.75,88.4,54.29,16.99,,18.8,22.33
2025-04-08 07:00:00,19.47,59.96,35.11,104.94,44.12,10.2,66.32,26.21,80.48,88.61,17.11,17.5,92.19,53.03,44.86,25.39,15.88,19.99,15.15,53.42,23.89,30.69,16.42,56.8,49.29,17.76,9.1,15.46,33.77,46.23,9.43,55.26,40.2,14.05,9.88,19.3,20.54,36.9,24.35,13.32,11.11,59.41,49.5,15.25,29.0,86.0,52.54,16.74,,18.15,22.3
2025-04-09 07:00:00,19.09,55.83,34.12,105.12,41.17,9.52,62.01,25.39,74.73,85.87,16.39,16.45,92.19,52.75,40.84,23.61,15.15,18.57,13.6,53.71,22.03,30.27,16.05,52.9,48.5,17.23,8.49,14.26,32.03,43.24,9.1,55.95,40.24,14.14,9.63,19.35,19.6,36.0,24.26,12.41,11.06,59.32,48.8,15.29,29.2,82.5,50.97,16.06,,18.35,21.1
2025-04-10 07:00:00,19.47,59.67,34.32,112.4,40.98,9.6,61.66,24.81,74.92,90.4,16.47,16.65,96.11,51.15,43.7,25.24,15.0,18.94,14.15,55.47,23.53,31.39,16.54,53.8,48.75,16.79,8.66,14.9,32.03,43.56,8.77,55.78,42.54,14.76,9.84,20.65,19.56,35.4,24.6,12.62,11.11,55.74,51.8,15.29,30.45,84.6,51.34,16.6,,19.25,22.08
2025-04-11 07:00:00,20.81,60.45,36.49,115.35,43.33,10.2,65.96,26.42,80.1,93.89,17.61,17.8,101.15,54.73,46.45,26.42,16.04,20.24,15.0,55.28,25.16,31.9,17.62,57.5,52.15,17.61,9.26,15.74,34.25,46.55,9.35,57.92,44.75,14.94,10.22,20.8,20.85,37.85,25.91,13.44,11.86,59.51,53.7,15.88,32.55,90.5,53.92,17.18,,19.6,23.4
2025-04-14 07:00:00,21.18,62.71,36.59,116.27,44.12,10.46,66.76,26.49,85.65,92.48,18.72,18.4,102.43,56.33,46.94,26.92,16.42,21.44,14.7,55.18,25.48,31.67,17.66,60.3,55.8,17.81,9.35,15.88,34.2,49.21,9.81,58.17,44.89,15.04,10.26,19.95,21.42,38.5,26.01,14.18,11.82,59.61,57.2,15.88,34.8,85.5,53.46,17.23,,20.35,23.15
2025-04-15 07:00:00,20.64,59.57,36.35,117.75,43.72,10.55,69.54,26.08,87.95,92.2,18.55,18.45,99.87,55.86,45.87,25.63,16.23,21.78,14.4,54.3,24.93,31.58,17.55,60.9,56.78,17.71,9.7,15.78,33.62,47.65,9.85,57.06,44.3,15.09,10.18,19.1,21.34,38.45,25.67,13.93,11.64,60.51,60.5,15.84,37.2,85.4,53.09,16.79,,20.7,23.14
2025-04-16 07:00:00,20.64,56.52,36.0,119.41,44.7,10.42,69.81,26.15,85.56,90.69,18.25,18.35,98.93,55.39,44.28,24.65,16.08,21.65,14.05,54.01,24.53,31.16,17.44,58.8,56.88,17.76,9.63,15.32,32.99,46.23,10.06,56.46,43.76,15.13,10.18,18.7,20.98,38.85,25.77,13.77,11.55,59.91,57.9,15.67,36.0,85.5,52.81,16.55,,21.1,23.05
2025-04-17 07:00:00,20.51,52.98,35.46,124.38,44.56,10.25,70.08,25.63,83.64,89.84,18.02,18.1,95.0,54.92,44.52,24.06,15.96,21.32,13.55,53.62,24.43,32.14,17.25,57.6,55.99,17.57,9.48,15.32,32.8,45.45,9.93,56.03,42.86,15.04,10.22,19.75,20.76,38.5,25.33,14.14,11.64,58.92,56.8,15.54,35.5,88.0,52.26,16.36,,20.6,22.7
2025-04-18 07:00:00,20.68,54.46,35.85,127.61,45.0,10.46,70.53,26.11,84.89,93.14,18.5,19.35,98.16,55.95,47.62,24.45,16.15,21.44,13.9,54.5,24.84,32.18,17.59,59.0,56.78,18.1,9.87,15.55,33.33,47.33,10.01,56.63,43.31,16.03,10.81,19.6,21.29,39.15,25.82,14.22,11.86,59.22,57.0,15.59,35.9,88.8,52.9,16.79,,21.0,23.0
2025-04-21 07:00:00,20.47,54.26,35.6,124.93,44.56,10.38,69.9,25.97,85.08,93.05,18.41,19.25,96.03,55.29,47.08,24.25,16.11,21.19,13.8,55.37,24.57,31.62,17.62,58.5,55.8,18.0,10.3,15.27,33.14,47.72,10.18,59.28,42.95,16.03,11.14,19.35,20.89,41.2,25.62,14.1,12.22,58.52,55.4,15.63,33.7,87.5,52.72,16.6,,20.65,22.89
2025-04-22 07:00:00,20.39,54.06,34.81,124.38,43.04,10.29,70.62,25.49,86.13,92.38,18.33,19.25,94.92,54.73,45.78,23.32,15.73,20.9,13.3,55.96,24.53,31.07,17.36,59.1,56.49,17.42,10.95,15.0,32.7,45.19,10.14,58.43,42.86,15.98,11.23,19.2,20.36,40.65,24.99,14.3,12.04,58.42,58.0,15.63,31.35,84.3,52.26,16.36,,20.6,22.7
2025-04-23 07:00:00,20.56,54.26,35.36,133.04,44.12,10.29,71.51,25.84,88.62,94.37,18.19,18.95,95.34,55.2,47.23,23.27,16.0,21.4,13.35,56.84,24.62,31.48,17.77,59.9,58.46,17.18,11.15,14.72,32.7,45.25,9.93,58.69,43.85,16.03,11.27,19.9,20.4,41.2,25.62,14.59,12.17,59.02,58.5,15.63,30.15,86.0,52.9,16.55,,22.0,22.95
2025-04-24 07:00:00,20.51,56.72,35.06,134.52,45.68,10.46,73.22,25.7,88.62,92.48,18.25,19.1,97.05,54.63,47.42,24.16,16.38,21.4,13.9,55.86,24.93,31.16,17.55,60.0,59.05,17.08,11.55,14.72,33.14,46.36,9.97,59.03,44.53,16.03,10.93,18.9,20.58,40.45,25.43,14.63,12.08,58.22,61.8,15.63,31.35,85.8,52.44,16.5,,23.1,22.95
2025-04-25 07:00:00,20.39,55.34,35.01,132.67,46.37,10.98,76.08,25.73,88.14,92.1,18.19,19.05,95.94,55.1,49.36,23.66,16.42,21.4,13.9,55.67,24.71,30.88,17.81,62.0,59.64,17.03,11.4,14.81,33.33,46.36,9.97,59.8,44.66,16.03,10.89,18.75,20.62,40.5,25.38,14.55,12.08,58.62,62.5,15.5,33.5,91.0,53.83,16.31,,22.85,22.9
2025-04-28 07:00:00,20.1,55.05,34.91,131.38,45.78,11.53,74.83,25.56,87.67,91.91,18.38,19.4,95.94,55.1,49.74,23.66,16.58,21.4,13.9,56.06,24.71,30.65,17.89,62.5,61.12,17.23,11.6,14.53,33.14,46.1,9.89,59.8,46.29,16.03,10.77,18.7,20.58,39.3,25.43,14.55,12.08,57.92,62.1,15.46,34.5,90.0,53.83,16.26,,23.5,22.85
2025-04-29 07:00:00,20.22,55.05,34.37,135.44,45.73,11.41,74.47,25.53,89.01,92.1,18.33,19.35,94.32,55.01,51.68,23.66,16.62,21.4,13.9,55.47,24.39,30.97,17.81,62.5,60.23,17.18,11.8,14.49,32.9,46.16,9.93,59.46,45.84,16.03,10.89,18.8,20.58,39.4,25.91,14.3,12.13,58.12,58.8,15.41,34.0,89.1,53.46,16.26,,23.95,22.9
2025-05-05 07:00:00,20.26,56.52,34.47,133.59,45.98,11.45,72.59,25.73,90.06,93.42,19.05,19.55,93.64,55.29,54.1,24.55,16.62,21.44,14.7,55.96,24.89,30.51,17.81,62.8,60.53,17.71,11.6,14.58,32.66,46.88,10.18,60.48,43.44,16.08,10.72,18.5,20.85,39.65,25.96,14.18,12.22,57.63,61.4,15.41,36.2,89.7,53.18,16.31,,24.9,23.0
2025-05-06 07:00:00,20.22,57.01,34.81,134.52,47.25,11.49,72.77,25.97,90.73,97.39,19.05,19.4,94.75,56.33,53.13,24.8,16.58,21.69,14.8,55.47,24.98,30.23,17.77,62.4,60.33,17.81,12.25,15.14,33.48,47.78,10.26,60.65,43.72,15.89,10.81,18.6,20.89,39.7,26.5,14.51,12.4,57.63,61.7,15.5,35.9,89.7,53.0,16.74,,24.95,23.17
2025-05-07 07:00:00,20.22,56.91,34.52,137.19,48.33,11.32,71.78,25.77,90.06,98.14,19.02,19.15,94.92,57.93,51.87,24.8,16.42,21.23,14.65,55.18,26.25,30.13,17.7,61.8,59.64,18.19,13.05,15.55,32.7,47.59,10.8,60.82,43.67,15.94,10.6,18.55,20.58,39.15,26.4,14.63,12.44,57.13,62.4,15.37,37.0,89.1,53.27,16.55,,24.95,23.17
2025-05-08 07:00:00,20.18,58.98,35.16,133.59,48.18,11.41,71.6,25.8,88.91,100.88,19.05,19.3,97.82,58.12,51.68,26.18,16.5,21.53,14.95,54.79,26.16,31.3,17.7,63.0,59.44,18.29,12.7,15.46,34.64,48.3,10.68,60.14,43.99,16.45,11.02,18.7,20.71,39.6,26.74,15.13,12.57,57.33,63.4,15.5,39.25,90.2,53.37,16.74,,25.6,23.43
2025-05-09 07:00:00,20.43,58.98,35.31,135.44,48.87,11.92,71.51,25.94,89.01,101.44,18.94,19.4,99.36,58.4,51.58,26.82,16.42,21.44,15.05,55.47,26.16,32.88,17.77,63.0,60.13,18.29,12.9,15.88,34.64,49.67,10.72,59.8,44.84,16.41,10.93,18.8,20.71,40.15,27.28,15.09,12.62,57.23,62.8,15.46,40.45,90.0,54.1,16.79,,25.1,23.6
2025-05-12 07:00:00,20.43,60.45,34.91,135.44,47.89,11.62,70.89,26.04,88.53,100.5,18.8,19.35,101.32,58.87,52.16,27.75,16.58,21.44,15.35,54.88,25.98,32.79,17.92,63.3,60.04,18.49,12.6,15.55,34.54,51.03,11.05,60.14,44.66,16.36,11.06,19.15,20.62,40.05,28.69,14.88,13.15,56.93,62.8,15.81,40.1,90.5,54.2,16.99,,25.6,23.89
2025-05-13 07:00:00,20.64,61.93,35.41,139.49,48.82,11.58,73.48,27.04,89.1,101.82,18.99,19.85,102.69,58.97,54.2,28.44,17.04,21.65,15.2,54.88,26.52,32.65,18.38,63.2,62.8,18.15,12.25,15.55,34.83,54.6,10.76,59.46,44.75,16.36,11.23,19.05,21.25,40.4,28.93,14.96,13.3,56.93,62.5,15.9,40.25,91.5,54.47,17.23,85.5,25.5,24.1
2025-05-14 07:00:00,20.85,61.44,37.09,141.43,48.48,11.49,73.84,27.18,90.06,102.01,19.08,19.9,107.81,58.68,54.97,28.3,17.16,22.11,15.65,54.88,26.61,33.25,18.52,63.7,63.39,18.05,12.35,15.55,35.07,56.09,10.84,61.68,44.8,16.41,11.02,18.9,21.51,40.3,29.71,14.96,13.15,58.42,62.0,16.16,41.25,93.0,54.49,18.4,91.4,25.5,24.34
2025-05-15 07:00:00,21.43,61.44,37.29,139.03,49.31,11.83,74.11,27.55,90.54,102.29,19.1,20.15,108.32,58.49,53.91,27.9,17.27,21.82,16.1,54.98,26.71,34.51,19.09,63.5,63.68,18.19,12.4,15.92,34.78,56.48,10.76,61.25,45.66,16.5,11.69,19.5,21.56,41.1,29.42,14.92,13.25,59.41,60.3,16.47,39.95,92.0,54.49,18.8,97.7,24.5,24.42
2025-05-16 07:00:00,21.48,60.16,37.04,137.19,48.82,11.66,74.74,27.31,89.58,101.92,19.16,19.9,106.44,58.4,53.62,27.8,17.19,21.82,16.6,54.69,26.71,35.07,18.86,63.0,63.59,18.39,12.5,15.83,34.93,54.73,10.92,61.68,45.74,16.55,11.48,19.4,21.69,40.75,29.13,14.96,13.11,58.62,59.0,16.38,40.45,90.8,54.3,18.7,104.5,24.55,24.4
2025-05-19 07:00:00,21.48,59.86,36.15,138.52,47.79,12.18,74.65,26.9,87.28,101.44,18.88,19.75,102.86,57.65,52.74,27.66,17.19,21.61,16.65,54.59,26.61,34.0,18.68,62.4,63.49,18.24,12.45,15.65,34.59,53.95,11.05,61.6,45.29,16.5,11.31,19.0,21.07,39.65,29.18,15.29,12.92,57.23,60.6,16.16,42.8,89.5,54.49,18.85,101.0,25.2,24.29
2025-05-20 07:00:00,21.43,60.85,36.0,140.35,48.82,12.73,73.93,27.11,86.23,104.46,18.72,20.15,101.83,57.27,54.2,27.61,17.27,21.48,16.6,54.4,26.43,33.0,18.82,63.1,64.28,18.15,12.15,15.55,34.01,53.63,10.92,62.45,45.02,16.6,11.44,18.85,21.02,39.65,30.3,15.0,12.92,57.03,62.9,16.07,45.75,88.9,53.82,18.55,102.0,25.9,24.6
2025-05-21 07:00:00,21.64,60.16,36.44,140.45,49.9,13.03,73.04,27.72,86.42,103.8,18.72,20.5,102.43,57.36,53.62,27.56,17.5,21.73,16.5,54.1,26.52,33.5,19.16,64.3,63.98,18.15,12.65,15.55,34.45,53.63,11.01,62.71,45.07,17.02,11.44,18.85,21.07,42.25,30.59,15.13,13.11,57.53,67.3,16.16,48.95,88.4,53.53,18.8,101.3,26.3,24.99
2025-05-22 07:00:00,21.52,59.67,35.8,138.52,49.61,13.76,71.69,27.11,85.27,100.69,18.77,21.65,100.38,57.93,52.74,27.31,17.23,21.61,16.8,54.01,26.25,32.6,19.01,64.6,63.88,18.19,13.1,15.55,34.16,52.26,11.38,62.36,44.84,17.02,11.44,18.65,21.25,42.0,30.39,15.33,12.87,57.03,71.0,16.12,49.25,88.6,53.15,18.7,96.5,26.05,25.05
2025-05-23 07:00:00,21.6,58.98,35.6,137.85,49.21,13.42,71.24,26.76,85.08,100.3,18.88,21.9,100.55,59.72,51.58,26.82,17.16,21.53,16.35,54.1,25.8,32.15,18.68,64.3,63.39,17.95,12.85,15.27,33.82,51.94,11.42,60.74,44.84,16.97,11.36,18.8,20.94,41.8,29.81,15.58,12.72,57.13,69.8,16.07,48.15,88.0,53.06,18.35,92.6,26.1,24.82
2025-05-26 07:00:00,21.65,60.75,35.51,142.37,50.39,13.59,72.5,26.94,86.23,100.1,18.99,22.2,100.55,59.81,54.1,28.44,17.42,21.36,16.4,53.91,26.39,32.65,18.6,63.8,64.08,17.76,13.0,15.32,33.67,52.26,11.17,61.51,45.02,16.97,11.65,18.65,20.98,41.75,29.57,16.52,12.77,56.63,73.5,16.07,47.65,87.8,53.34,18.2,90.6,25.65,24.79
2025-05-27 07:00:00,21.6,61.44,36.0,139.29,51.66,13.85,75.64,27.18,88.62,99.5,19.16,22.3,101.92,60.19,57.58,29.09,17.54,21.78,16.7,54.2,27.39,32.6,18.75,64.8,63.98,17.9,13.2,16.34,34.01,52.59,11.46,63.31,44.89,17.02,11.82,18.65,21.34,42.1,30.44,16.61,12.82,56.83,74.7,16.47,47.5,88.8,53.53,18.3,89.8,25.75,24.96
2025-05-28 07:00:00,21.55,61.14,36.54,137.56,51.47,13.72,74.74,27.28,89.1,100.0,18.99,22.3,101.92,60.94,59.52,29.97,17.5,21.57,16.7,54.1,27.25,32.4,18.64,64.5,64.57,18.19,13.35,16.43,34.93,52.52,11.3,62.79,44.84,17.16,11.61,18.65,21.51,41.7,30.01,16.52,12.87,57.23,76.1,16.51,49.15,88.6,53.25,18.3,90.5,26.8,24.92
2025-05-29 07:00:00,21.5,62.71,36.1,135.16,51.27,13.55,74.83,27.11,87.48,99.5,18.94,23.25,101.58,60.47,59.33,29.87,17.39,21.48,16.6,53.71,27.61,32.3,18.56,64.2,63.68,18.05,13.95,16.57,34.4,54.99,11.17,62.11,44.93,17.11,11.9,18.6,21.25,41.4,30.01,16.77,12.82,56.83,76.9,16.29,49.5,87.7,53.06,18.55,90.0,27.7,25.29
2025-05-30 07:00:00,21.35,61.53,36.0,134.0,50.49,13.42,73.75,26.87,86.23,98.5,18.83,23.45,100.89,61.51,58.16,29.09,17.08,22.19,16.95,53.52,27.07,32.15,18.49,63.1,62.99,18.29,14.4,16.29,33.91,55.83,11.13,61.6,44.48,17.16,11.52,18.4,21.29,41.35,30.01,16.52,12.82,56.53,78.3,16.16,49.5,87.7,52.96,18.3,89.2,27.7,25.2
2025-06-02 07:00:00,21.2,60.35,35.46,131.79,50.39,13.89,72.32,26.52,85.56,98.0,18.63,23.4,99.95,61.79,57.58,28.94,16.77,21.36,16.0,53.62,28.52,32.05,18.52,62.5,61.12,18.58,14.9,16.89,34.45,51.68,11.21,63.22,44.53,17.3,11.52,18.55,21.07,42.2,30.15,17.06,12.53,56.14,77.9,15.9,49.9,90.1,52.77,18.15,89.0,27.35,24.8
2025-06-03 07:00:00,21.3,60.06,35.75,134.68,50.78,13.68,73.13,26.59,87.19,97.8,18.97,23.45,100.72,62.07,57.58,29.23,17.0,21.82,16.4,53.81,28.11,32.3,18.6,63.6,61.91,18.58,14.7,17.13,34.69,51.42,11.3,63.31,44.71,17.35,11.82,18.6,22.09,42.0,31.08,16.93,12.68,56.53,77.6,15.98,49.75,91.0,53.53,18.4,88.1,27.0,25.19
2025-06-04 07:00:00,21.35,60.55,35.7,134.87,50.68,13.63,73.75,26.7,88.05,98.7,18.99,24.75,100.89,61.98,57.87,29.43,16.96,21.98,16.65,53.22,28.02,32.2,18.6,64.4,61.91,18.68,14.5,17.45,35.56,51.22,11.59,63.22,45.74,17.44,11.86,18.45,21.96,41.75,30.88,16.81,12.68,56.63,77.6,15.98,49.25,92.5,55.26,18.55,88.0,27.0,25.15
2025-06-05 07:00:00,21.2,60.35,35.51,132.56,50.29,13.81,75.01,26.59,87.86,99.0,18.91,24.75,100.12,61.04,57.49,29.28,16.89,21.69,16.35,56.64,27.98,31.9,18.49,65.8,61.32,18.24,14.4,17.17,35.32,51.16,11.34,66.13,45.29,17.44,11.61,18.4,21.6,41.9,30.78,16.56,12.58,56.43,77.0,15.98,49.05,92.0,54.59,18.4,88.6,27.0,25.16
2025-06-06 07:00:00,21.2,61.34,35.26,132.85,49.51,13.21,73.84,26.39,86.8,99.4,18.83,24.95,99.7,60.1,57.1,29.28,16.81,22.07,16.7,53.13,27.61,31.85,18.3,66.4,60.43,18.19,14.4,16.89,36.57,50.58,11.46,67.67,44.89,17.49,11.61,18.25,21.34,42.45,30.2,16.65,12.58,56.24,76.5,15.85,49.25,91.0,53.92,18.1,88.3,26.85,25.05
2025-06-09 07:00:00,21.05,60.16,34.96,131.12,49.02,12.82,72.59,26.25,86.04,99.0,18.88,24.35,99.78,60.1,55.94,28.25,16.81,21.98,16.35,53.71,27.43,31.5,18.23,65.0,59.84,17.9,14.9,16.85,36.24,49.28,11.21,66.47,44.57,17.44,11.57,18.15,21.07,42.2,29.66,16.93,12.53,56.04,75.9,15.76,48.45,90.0,53.82,17.9,88.4,26.4,25.0
2025-06-10 07:00:00,21.05,59.18,35.06,129.96,48.82,12.56,72.05,26.21,88.34,98.3,19.52,23.7,100.21,59.91,54.1,28.1,16.77,22.36,16.3,51.76,27.21,32.2,18.41,65.5,62.01,17.71,14.5,16.66,35.8,49.73,10.97,67.07,44.44,17.58,11.52,18.35,20.94,44.0,29.71,16.81,12.53,55.84,72.9,15.85,46.45,89.5,53.63,18.2,88.4,26.5,24.79
2025-06-11 07:00:00,21.05,58.39,35.01,130.15,48.48,12.48,73.04,26.08,91.5,98.4,19.44,23.0,100.89,59.63,54.29,28.05,16.62,21.94,16.1,51.76,27.07,31.7,18.23,65.2,61.32,17.57,14.45,16.52,35.5,49.86,10.88,66.72,44.3,17.63,11.65,18.2,20.98,43.3,29.57,16.52,12.72,55.84,72.6,15.76,46.3,89.0,53.15,18.05,88.2,26.5,24.8
2025-06-12 07:00:00,21.15,58.78,35.01,132.46,48.92,12.56,73.84,26.46,89.58,99.2,19.66,23.1,101.33,59.81,55.36,28.4,16.81,22.57,17.1,53.71,27.16,32.0,18.52,66.0,62.6,17.66,14.4,16.39,35.7,51.03,10.84,67.22,44.75,17.87,11.92,18.2,21.2,45.75,30.35,16.61,12.72,55.74,72.4,15.81,45.8,89.3,53.73,18.3,88.2,26.3,25.0
2025-06-13 07:00:00,21.35,58.49,35.85,131.4,48.63,12.18,72.59,27.96,91.02,99.5,19.85,23.1,100.29,62.17,54.68,27.9,16.77,22.28,16.6,52.25,26.93,32.05,18.75,65.4,62.5,17.47,14.3,15.92,37.7,51.55,10.76,66.62,44.57,17.87,11.48,18.1,20.94,45.2,30.69,16.28,12.68,56.73,68.9,16.03,43.0,88.0,53.25,18.4,88.2,25.0,24.89
2025-06-16 07:00:00,21.3,58.58,35.51,132.46,50.68,12.39,73.48,27.66,93.89,98.8,20.43,23.3,103.13,64.9,55.65,27.61,16.85,22.48,16.75,51.17,26.75,31.95,18.9,67.0,63.39,17.57,14.9,15.92,40.3,53.56,10.88,68.89,44.84,17.92,11.44,18.0,21.2,45.5,31.52,15.99,12.72,56.33,68.2,16.07,42.8,87.8,54.11,18.8,94.3,24.65,24.8
2025-06-17 07:00:00,21.45,59.18,35.8,134.96,51.47,12.61,74.2,27.76,94.85,100.4,21.32,23.8,102.7,65.84,55.07,28.49,16.92,22.57,17.15,51.76,27.11,32.5,19.05,67.9,63.59,17.81,15.5,16.66,40.35,53.37,10.92,68.2,45.84,17.96,11.52,18.0,21.29,46.4,31.76,16.36,13.06,57.13,71.1,16.16,45.4,88.1,54.2,19.0,96.0,25.5,25.29
2025-06-18 07:00:00,21.35,58.88,35.65,134.48,51.08,12.65,77.07,27.72,94.85,99.9,21.51,23.75,102.88,67.16,55.26,29.04,17.04,22.65,17.15,52.54,27.43,32.5,18.98,67.9,64.37,17.71,16.2,16.89,40.2,52.65,11.01,69.58,45.2,18.06,11.52,18.0,21.29,47.8,32.49,16.32,12.92,56.93,71.4,16.12,44.5,88.1,54.3,18.95,95.9,24.8,25.1
2025-06-19 07:00:00,21.35,58.58,35.51,136.12,51.17,12.39,77.25,28.17,94.66,100.0,21.71,23.3,100.81,68.1,54.1,30.02,17.08,22.65,17.0,55.18,27.25,32.5,18.9,67.5,63.39,17.86,15.85,16.66,39.9,52.39,10.84,68.59,44.98,18.01,11.65,18.1,21.29,47.45,33.12,16.15,12.87,56.63,73.5,15.9,45.3,89.2,53.92,18.75,95.3,24.9,25.2
2025-06-20 07:00:00,21.75,58.49,36.0,136.21,51.08,12.39,76.71,28.68,93.13,99.6,21.46,23.6,100.64,67.82,54.49,29.53,17.23,22.57,16.85,57.62,27.43,32.55,19.61,67.6,63.68,17.86,15.75,16.85,39.8,52.26,10.8,68.3,44.75,18.06,11.44,18.15,21.65,47.5,33.95,16.07,12.87,56.83,71.5,16.03,44.7,88.8,54.2,18.85,94.2,24.7,
2025-06-23 07:00:00,21.45,59.57,35.6,132.85,50.78,12.31,75.72,28.38,93.32,99.6,21.82,23.35,100.12,69.33,55.36,30.37,17.04,22.48,16.5,57.23,27.16,31.9,19.58,68.0,64.08,18.29,15.2,16.62,41.85,52.26,10.97,67.9,44.62,18.06,11.39,18.1,21.2,47.2,33.12,15.87,12.68,56.53,74.5,15.9,46.4,87.9,53.92,18.5,94.5,25.1,25.25
2025-06-24 07:00:00,21.6,60.45,35.8,134.58,53.04,12.43,75.64,28.68,93.03,100.0,21.13,23.45,100.72,66.31,54.49,29.78,17.12,22.65,16.75,57.33,27.11,32.05,19.8,69.3,64.97,19.07,15.4,16.94,38.9,52.59,10.92,66.72,44.8,18.06,11.44,18.15,21.82,47.2,33.85,16.11,12.77,56.73,77.3,16.03,49.0,88.1,54.01,18.75,95.0,25.3,25.67
2025-06-25 07:00:00,21.45,60.75,35.85,135.16,53.04,12.56,76.35,28.82,93.89,100.0,21.01,24.4,102.79,64.9,54.68,30.91,17.0,22.86,17.1,56.94,27.11,32.3,19.54,70.4,64.28,18.97,15.25,16.8,38.4,52.33,10.92,66.04,45.56,18.1,11.39,18.1,22.05,47.35,33.37,16.28,12.87,56.53,78.9,16.16,48.3,88.3,55.26,18.7,94.9,25.25,25.7
2025-06-26 07:00:00,21.35,61.04,35.55,136.02,52.35,13.03,75.28,28.75,93.7,99.9,21.1,23.4,101.84,64.52,54.0,30.47,16.89,23.15,16.9,56.64,26.89,32.0,19.42,72.0,64.37,18.82,15.25,16.48,37.7,52.85,10.8,66.92,45.84,18.06,11.44,18.15,21.87,47.2,33.56,16.03,12.82,56.43,77.8,16.07,48.5,87.8,54.49,18.55,94.6,24.8,25.7
2025-06-27 07:00:00,21.3,61.93,36.25,133.81,52.25,12.99,76.08,28.92,95.33,99.8,21.21,23.4,101.84,64.62,54.1,30.66,16.89,22.95,16.9,55.76,26.61,32.05,19.58,76.9,65.36,18.68,15.3,16.85,37.6,53.43,10.8,66.82,45.93,18.29,11.61,18.15,22.09,47.1,33.37,16.36,12.82,56.93,77.4,16.03,48.05,87.9,56.02,18.75,94.6,24.8,25.78
2025-06-30 07:00:00,21.3,63.11,35.95,135.44,52.65,12.95,77.88,28.82,98.2,99.8,21.37,23.05,102.88,64.33,56.62,30.51,16.89,22.95,16.8,56.16,26.71,32.4,19.42,77.4,65.36,18.78,15.6,16.8,37.5,54.08,10.84,67.81,45.8,18.62,11.35,18.15,22.36,47.05,33.8,16.81,12.92,56.83,77.0,16.12,48.15,88.8,56.12,18.65,94.6,24.95,25.93
2025-07-01 07:00:00,21.4,63.7,36.44,135.44,53.23,12.95,77.78,28.82,97.92,99.8,21.68,23.05,102.88,63.86,56.62,30.86,17.19,22.9,16.9,56.16,26.93,32.4,19.61,76.7,64.87,18.68,15.3,16.85,37.25,54.15,10.8,67.41,45.08,18.72,11.3,18.15,22.05,46.95,33.66,16.61,12.96,58.42,76.7,16.16,48.25,91.0,55.83,18.6,94.6,24.8,25.99
2025-07-02 07:00:00,21.45,67.63,36.25,136.12,53.33,12.82,75.9,28.89,97.73,100.9,21.71,22.7,102.19,63.11,58.07,31.94,17.35,22.9,17.1,55.86,26.75,32.55,19.73,76.3,64.18,18.58,15.25,16.48,37.1,54.6,10.76,66.82,44.6,18.67,11.35,18.15,22.94,48.1,34.19,16.48,13.01,58.22,76.1,16.12,47.75,90.5,55.45,18.6,94.6,25.35,25.92
2025-07-03 07:00:00,21.6,65.96,36.4,136.31,52.65,13.12,76.35,29.34,99.83,101.8,21.68,23.7,103.13,63.58,58.75,30.22,17.54,23.65,17.55,55.08,26.98,32.5,19.76,76.3,65.66,18.68,15.2,16.8,37.4,54.6,11.09,65.94,44.7,18.76,11.44,18.35,23.38,47.7,34.39,16.85,13.3,58.42,76.8,16.34,47.6,90.4,55.83,18.85,94.1,25.2,26.2
2025-07-04 07:00:00,22.2,65.27,36.3,135.44,53.92,13.08,75.46,29.37,99.07,101.3,21.54,23.6,106.23,62.83,58.75,29.48,17.58,23.25,17.2,54.98,27.34,33.15,19.54,75.0,65.56,18.87,15.45,17.36,37.3,54.28,11.26,66.43,44.7,18.72,11.39,18.5,23.25,47.2,34.1,17.39,13.25,58.42,76.4,16.2,47.2,90.0,55.35,18.85,94.1,25.5,25.94
2025-07-07 07:00:00,22.35,65.27,36.79,135.54,53.82,13.08,76.8,30.47,98.4,101.0,22.04,24.05,107.35,62.83,58.75,29.68,17.96,23.7,17.4,54.69,27.3,33.5,19.88,75.7,65.85,19.02,15.45,17.73,37.3,54.08,11.3,65.74,44.74,18.67,12.13,18.9,23.51,48.5,34.54,18.37,13.53,58.52,76.9,16.51,47.1,90.3,55.73,19.35,94.1,25.6,26.37
2025-07-08 07:00:00,22.4,66.35,37.09,139.87,53.43,13.21,77.25,30.61,98.3,101.6,21.65,23.75,108.21,63.77,60.2,30.12,18.16,24.8,18.0,54.59,27.52,34.0,20.02,76.2,66.35,19.11,15.85,17.73,37.35,53.82,11.21,66.62,44.94,18.72,12.48,19.0,24.14,48.05,34.63,19.52,13.49,59.12,79.5,16.6,47.5,95.0,56.59,19.6,94.1,25.8,26.6
2025-07-09 07:00:00,22.5,67.43,38.03,139.97,53.92,13.25,77.78,31.02,100.22,101.6,21.76,24.2,107.52,64.05,60.6,29.82,19.04,25.1,18.0,54.59,28.16,34.2,20.1,76.5,66.74,19.26,15.8,17.87,37.85,54.15,11.42,67.02,45.8,18.86,12.57,19.1,25.65,48.1,34.68,19.32,14.25,61.4,82.0,16.91,47.5,95.2,57.93,20.15,94.1,26.8,27.0
2025-07-10 07:00:00,22.7,67.92,38.27,138.52,53.23,13.29,77.07,30.88,97.73,101.5,21.6,24.0,107.87,64.9,61.3,30.22,18.81,25.2,17.9,54.59,28.8,33.3,20.02,78.4,67.43,19.26,15.6,18.19,38.35,53.95,11.3,66.92,46.38,18.91,12.57,19.2,25.91,47.9,34.1,19.36,14.35,61.4,86.5,16.91,50.8,96.0,57.93,20.25,97.0,28.5,27.16
2025-07-11 07:00:00,22.75,67.43,38.22,139.77,53.72,13.12,76.08,30.85,99.74,101.3,21.73,24.9,110.19,64.52,60.9,30.02,18.85,26.25,18.05,55.28,28.11,33.5,20.18,77.5,67.13,19.11,15.55,17.77,37.95,54.21,11.3,66.92,46.28,19.0,12.57,19.4,26.67,48.5,34.58,19.89,14.44,62.69,89.6,17.08,54.05,100.0,58.12,20.35,94.5,28.9,27.89
2025-07-14 07:00:00,22.85,67.33,38.92,140.64,53.33,13.38,76.17,30.57,99.83,100.6,21.65,25.6,110.11,64.62,60.3,30.47,18.89,26.45,17.85,55.57,28.52,33.2,20.18,77.1,68.02,19.21,15.55,18.28,37.9,56.87,11.71,67.41,46.38,19.05,12.48,19.35,26.62,48.1,34.19,20.51,14.2,62.49,91.0,17.17,57.75,100.9,58.12,21.2,93.7,29.1,28.17
2025-07-15 07:00:00,22.8,67.43,38.32,138.52,53.72,13.38,76.62,30.78,100.89,101.0,22.43,25.45,110.02,64.52,59.1,30.42,19.08,26.0,18.3,55.08,28.84,33.85,20.32,76.7,70.39,19.11,15.55,18.56,37.7,56.94,11.59,68.3,46.9,19.05,12.66,19.3,28.27,49.2,34.83,20.39,14.39,62.2,88.8,17.17,57.0,100.1,58.51,21.2,93.5,28.6,28.23
2025-07-16 07:00:00,22.55,66.25,37.98,136.6,53.33,13.59,77.25,30.85,98.49,101.4,22.29,25.05,109.33,63.96,58.5,29.87,18.74,26.2,18.1,54.98,28.61,34.15,20.06,75.5,69.01,19.45,15.5,18.7,37.5,57.13,11.5,68.69,46.18,19.09,12.53,19.4,28.36,48.15,34.54,20.02,14.2,61.7,89.5,17.04,59.1,97.5,57.55,21.0,91.6,28.8,28.29
2025-07-17 07:00:00,22.55,67.24,38.37,137.27,53.43,13.98,78.86,30.98,101.75,101.9,22.4,25.0,111.14,63.96,58.3,30.27,18.85,26.35,18.5,55.08,29.45,34.0,20.18,77.3,69.8,19.55,16.4,19.81,37.35,57.46,11.63,68.2,46.71,19.19,12.61,20.0,28.54,48.4,34.68,21.13,14.44,62.3,94.1,17.25,61.65,97.8,57.93,21.3,91.5,29.95,28.7
2025-07-18 07:00:00,22.75,67.92,38.37,137.85,52.35,14.45,79.31,31.26,99.45,102.5,22.34,25.7,110.19,64.52,57.9,30.71,18.89,26.1,18.25,54.98,29.7,34.85,20.44,81.0,70.98,19.6,17.5,20.27,37.6,56.68,11.83,67.71,46.57,20.51,12.66,20.0,28.71,50.5,35.56,20.72,14.63,62.2,98.0,17.25,62.35,96.2,58.41,21.65,91.2,30.3,28.87
2025-07-21 07:00:00,23.1,66.84,38.22,140.74,51.76,14.11,77.78,31.4,99.16,101.5,23.09,25.95,111.24,64.24,57.9,30.86,19.01,27.0,18.55,54.69,29.2,36.0,20.74,79.8,69.99,20.37,17.2,19.3,37.6,56.16,11.83,70.07,46.38,20.6,12.88,19.95,28.54,50.8,35.56,20.47,14.58,62.3,96.4,17.5,61.25,96.3,58.12,22.5,90.3,29.45,28.99
2025-07-22 07:00:00,22.9,67.04,38.87,140.25,51.47,13.72,76.62,31.29,98.49,104.0,23.32,27.15,111.04,63.96,57.4,30.27,19.62,26.45,18.05,53.62,28.45,35.9,20.36,78.4,69.4,20.18,16.95,18.93,37.15,55.83,11.59,68.1,45.94,20.56,12.79,20.05,28.45,49.5,34.54,20.22,14.73,61.8,95.6,17.45,58.75,101.7,57.55,22.6,88.8,30.0,28.89
2025-07-23 07:00:00,23.15,68.71,38.77,139.58,52.15,14.02,78.86,31.46,101.56,103.9,24.42,28.0,111.64,65.28,58.1,30.76,20.59,26.95,19.1,54.5,28.7,36.0,20.7,79.3,69.99,20.23,17.1,19.16,37.5,55.9,11.79,68.89,46.9,21.22,13.01,20.1,29.65,49.7,34.54,21.46,14.82,62.2,95.7,17.85,59.75,108.8,58.98,23.6,88.5,30.0,29.3
2025-07-24 07:00:00,23.5,69.69,39.21,145.26,51.86,14.02,77.43,31.53,102.04,103.6,24.13,27.85,110.94,66.12,58.1,31.7,21.86,26.45,18.95,54.3,28.9,36.0,21.34,77.5,70.0,20.13,17.05,19.07,38.2,56.03,11.71,69.18,47.96,21.78,13.49,20.1,28.76,49.5,34.68,20.8,15.16,63.09,92.5,18.55,58.5,116.4,61.18,23.9,88.2,29.8,29.2
2025-07-25 07:00:00,23.7,69.0,38.67,141.41,51.66,14.15,77.43,31.7,101.18,103.6,24.04,28.2,110.35,65.94,59.0,31.4,21.9,26.3,19.05,54.2,29.0,35.7,21.64,77.2,71.1,20.23,17.1,19.26,38.6,56.29,12.0,68.89,47.09,22.06,13.31,20.95,30.31,49.5,34.29,21.13,15.06,62.1,93.7,18.55,59.0,121.9,60.99,24.15,88.2,29.8,30.0
2025-07-28 07:00:00,23.85,68.71,39.36,139.87,52.06,15.09,76.44,31.57,102.52,103.7,24.1,29.6,110.45,65.37,58.9,31.5,22.55,26.85,19.55,54.01,29.8,36.6,21.56,78.6,71.0,20.18,18.0,20.55,38.2,56.16,12.33,68.89,47.48,23.53,14.06,21.15,31.87,49.3,34.92,22.24,15.73,62.59,96.0,18.9,59.0,129.7,61.09,25.15,88.4,29.8,29.78
2025-07-29 07:00:00,23.95,68.71,39.21,141.22,51.57,15.61,76.17,31.6,103.09,103.5,24.45,29.35,110.45,66.41,58.9,31.55,21.9,26.6,19.65,54.2,29.55,36.75,21.64,78.5,70.2,20.23,17.75,21.2,38.5,55.96,12.62,68.69,47.48,23.81,14.54,21.15,32.18,50.8,34.83,21.79,15.82,62.79,94.7,19.55,58.6,127.9,61.37,25.8,88.0,29.5,29.7
2025-07-30 07:00:00,23.1,68.02,38.37,138.81,49.12,14.45,72.41,32.15,99.55,101.8,23.9,27.45,106.89,64.71,57.5,29.68,20.66,25.75,18.9,53.81,28.05,35.0,20.89,73.5,67.9,19.55,16.75,19.53,37.0,55.51,12.29,66.72,45.85,23.38,14.06,20.25,30.36,50.3,33.71,20.63,15.25,61.5,92.5,19.5,57.0,123.9,60.7,25.25,86.1,28.3,28.8
2025-07-31 07:00:00,23.25,71.76,38.08,137.18,49.31,14.49,73.04,32.6,100.12,102.0,24.45,27.0,105.8,65.56,57.6,30.51,21.32,25.6,19.25,53.81,27.75,34.5,20.85,73.4,67.8,19.7,16.8,19.44,37.1,55.38,12.37,66.43,46.42,23.43,15.02,20.15,30.76,50.7,34.1,20.06,15.35,61.3,91.5,19.7,54.75,122.5,60.7,26.1,84.4,28.4,29.0
2025-08-01 07:00:00,23.05,70.68,37.88,136.79,49.02,14.66,73.84,31.57,98.68,102.7,24.13,27.2,106.29,64.24,58.0,30.07,20.93,25.3,18.95,54.01,28.15,34.5,20.74,72.5,66.7,19.84,17.35,19.3,36.3,58.63,12.21,65.74,46.09,22.82,15.41,20.85,30.94,50.8,33.8,19.73,15.01,60.21,90.6,19.6,54.9,121.2,58.7,25.9,83.0,28.5,28.5
2025-08-04 07:00:00,23.3,69.79,37.83,136.6,49.7,14.71,73.66,31.4,98.88,102.4,24.45,27.2,105.5,64.81,57.6,29.82,21.59,25.45,18.65,53.71,28.35,34.85,20.85,74.0,67.0,21.2,18.45,19.25,36.85,56.42,12.29,65.74,46.14,22.63,16.24,20.25,30.22,50.0,34.44,19.65,15.97,61.0,93.8,19.35,55.6,127.3,58.12,26.4,86.3,29.15,29.3
2025-08-05 07:00:00,24.5,70.28,39.76,136.5,50.0,15.51,74.02,33.45,100.98,103.0,24.36,28.0,107.58,65.37,59.6,30.51,22.44,27.05,19.35,53.91,28.5,36.55,22.28,77.2,69.5,22.07,19.1,20.0,37.1,56.22,12.46,66.62,46.23,23.01,17.2,20.85,31.91,53.5,36.82,20.35,17.06,63.29,98.5,20.1,59.45,131.9,58.79,27.65,86.2,31.0,30.2
2025-08-06 07:00:00,24.4,68.51,39.46,136.5,50.19,15.81,73.93,32.77,102.13,102.8,25.31,27.4,105.11,65.28,59.2,29.97,22.05,27.7,19.35,53.91,28.35,36.1,23.21,76.8,72.4,21.1,18.45,19.5,37.6,56.22,12.33,66.04,46.18,22.96,16.67,20.5,31.38,54.1,37.99,19.98,17.92,62.4,97.6,19.6,60.0,129.5,58.98,27.1,85.4,30.9,30.15
2025-08-07 07:00:00,24.65,70.58,40.05,137.56,50.98,16.4,74.56,32.94,103.76,103.0,26.55,27.9,106.29,65.84,60.7,31.45,22.13,28.55,19.6,53.81,29.9,36.5,23.21,77.8,72.8,21.44,18.6,20.0,37.55,57.07,12.37,66.13,46.04,22.96,16.94,20.2,31.82,55.2,37.9,19.98,18.54,62.49,97.7,19.6,61.0,129.3,59.27,28.95,84.9,30.5,30.5
2025-08-08 07:00:00,24.8,69.69,40.55,136.98,51.47,17.52,75.19,32.94,103.95,102.8,28.4,27.4,106.29,66.78,60.3,30.91,22.13,28.65,19.85,53.71,31.9,35.85,23.25,77.7,72.8,21.34,18.8,21.3,38.5,56.48,12.91,67.02,46.18,23.62,16.89,20.1,33.07,54.4,37.75,20.55,19.16,62.89,95.5,20.5,58.8,127.8,59.08,29.55,84.9,30.25,30.41
2025-08-11 07:00:00,24.7,71.66,40.15,137.18,53.23,18.74,75.64,32.84,103.09,103.5,29.9,28.45,108.37,67.07,61.0,32.24,21.86,28.45,19.9,53.62,33.0,35.8,24.34,82.0,73.7,21.39,19.3,22.75,38.5,56.48,12.74,67.71,46.57,23.57,16.94,20.6,33.56,53.8,37.46,21.13,18.78,62.79,95.0,20.85,59.45,125.0,59.37,29.95,84.8,29.9,30.6
2025-08-12 07:00:00,24.55,70.38,41.49,135.83,52.94,20.02,75.19,33.25,106.25,103.8,28.95,28.15,107.09,67.16,61.5,32.49,22.32,29.1,20.35,54.01,34.2,38.05,24.3,86.0,72.5,22.11,18.75,24.25,38.85,56.81,13.37,67.51,46.57,23.57,16.85,20.55,33.74,54.8,37.02,20.92,18.87,64.38,93.4,20.5,58.4,129.5,59.65,29.8,84.0,29.75,30.7
2025-08-13 07:00:00,24.65,70.77,41.34,135.64,55.98,21.39,75.64,34.04,103.38,103.6,28.95,28.0,106.69,66.78,61.4,32.73,22.71,28.6,20.0,54.5,36.55,40.2,25.8,87.4,72.5,21.82,19.2,24.35,38.95,57.85,13.86,68.2,46.47,23.57,17.11,20.45,33.03,54.4,37.02,21.58,18.59,63.19,93.1,20.1,58.25,127.5,59.37,29.55,84.2,29.65,30.9
2025-08-14 07:00:00,26.2,70.58,42.18,134.1,59.8,22.86,74.92,35.07,102.23,103.6,28.95,28.9,104.71,66.22,61.4,32.34,23.86,28.45,19.8,53.71,36.6,40.55,27.6,86.8,71.9,21.58,19.1,25.0,38.4,57.26,13.86,67.81,46.14,23.57,18.03,20.8,33.6,56.3,38.19,21.79,19.4,65.87,95.5,20.65,59.4,136.3,59.46,30.8,83.3,30.4,31.14
2025-08-15 07:00:00,27.6,69.89,42.13,133.71,63.04,24.42,74.56,34.93,102.23,103.0,28.8,30.25,103.72,67.35,61.5,32.14,24.44,28.8,20.1,53.42,36.2,40.75,29.5,86.2,72.3,21.63,19.05,24.95,39.75,57.13,13.53,67.31,45.99,23.57,18.77,21.9,33.38,56.0,37.94,21.46,19.11,67.07,98.5,20.85,63.0,145.8,59.46,32.8,83.0,31.4,31.8
2025-08-18 07:00:00,27.5,69.3,40.85,131.5,64.21,25.06,74.38,33.9,100.7,102.5,29.8,31.5,101.94,66.97,63.3,31.75,24.06,28.8,20.2,53.52,37.4,40.3,28.6,84.4,71.0,21.68,18.3,25.65,39.35,56.03,13.7,65.84,45.8,23.53,19.19,20.8,32.71,53.9,37.65,20.47,19.64,65.18,94.1,20.5,59.25,145.6,58.6,32.55,82.8,30.2,31.5
2025-08-19 07:00:00,28.7,69.3,41.04,130.83,61.66,25.64,73.39,34.17,99.26,102.6,28.9,31.65,100.46,66.69,64.5,31.8,25.14,28.7,19.9,53.81,37.3,42.85,29.4,86.5,70.0,22.02,18.7,26.7,39.3,55.38,13.86,65.15,45.42,23.48,18.84,20.8,33.16,53.9,38.43,20.96,20.25,64.98,94.5,20.6,60.55,152.3,58.51,34.2,82.7,29.95,31.75
2025-08-20 07:00:00,28.5,69.79,41.39,130.83,60.49,26.33,71.51,35.68,98.01,102.4,28.4,31.15,99.27,66.03,63.0,32.39,25.25,28.25,19.65,53.52,36.8,45.75,28.3,87.4,70.7,21.68,18.1,25.6,38.35,55.58,13.57,65.44,45.22,23.48,18.25,21.6,32.71,54.4,39.84,22.02,20.54,64.18,99.0,21.9,63.0,146.0,58.22,36.55,81.5,30.7,31.99
2025-08-21 07:00:00,29.5,69.5,42.13,129.48,60.19,25.64,71.06,36.16,95.14,102.0,27.9,31.5,101.84,65.47,62.7,32.98,26.18,27.8,18.95,52.74,36.4,48.95,28.7,84.8,71.6,21.05,17.6,24.85,37.4,55.64,13.66,65.54,44.98,23.57,18.6,23.1,33.69,57.8,41.4,21.26,21.02,64.58,99.9,23.4,63.4,146.0,58.22,38.9,81.4,30.5,32.68
2025-08-22 07:00:00,29.4,67.73,44.6,129.38,58.63,24.72,68.82,36.65,95.14,102.8,27.5,30.9,100.55,65.09,64.4,31.01,25.64,27.1,18.7,53.13,35.8,48.4,28.0,83.4,70.6,21.0,16.65,24.9,36.85,55.83,14.07,64.95,44.7,23.34,18.25,23.8,32.71,59.1,40.04,19.93,21.73,66.77,99.0,24.8,63.75,145.0,57.26,38.25,80.9,30.1,32.56
2025-08-25 07:00:00,28.4,66.06,43.42,132.94,58.33,24.27,68.56,35.41,95.24,101.8,27.05,29.2,100.95,65.56,62.5,29.58,25.37,26.75,18.65,52.54,34.5,47.45,27.3,81.8,70.6,21.2,16.35,24.5,36.5,55.51,13.82,64.76,44.12,23.29,17.26,22.55,33.6,56.5,38.63,19.73,20.78,65.38,101.9,24.3,66.3,144.5,56.98,36.0,80.8,30.8,32.2
2025-08-26 07:00:00,27.4,67.82,41.39,133.23,59.7,23.44,68.11,35.14,94.85,101.9,26.9,28.6,98.97,65.47,61.7,28.84,24.9,27.2,18.5,53.03,35.5,45.65,27.6,81.1,73.6,21.1,16.8,24.4,36.4,54.8,13.37,64.36,44.02,23.29,17.17,21.8,34.85,55.0,38.38,20.4,20.06,64.58,105.2,22.75,69.95,144.5,57.45,34.35,80.6,31.7,32.44
2025-08-27 07:00:00,28.6,67.14,44.01,136.7,59.51,23.98,69.18,36.51,96.48,102.5,27.1,28.9,104.02,65.65,66.0,29.18,25.44,27.25,18.8,52.83,37.6,46.0,28.25,82.8,76.6,22.26,17.45,25.8,36.85,56.42,13.94,65.54,44.41,23.29,17.86,21.85,36.63,56.4,39.65,21.21,20.64,68.65,106.9,23.3,67.8,145.1,58.51,34.7,80.2,31.3,32.98
2025-08-28 07:00:00,28.15,66.84,42.77,138.52,59.31,23.1,68.82,35.55,96.77,101.9,27.0,29.25,104.02,65.5,70.0,29.04,25.1,27.5,18.7,52.64,36.15,45.0,27.55,83.3,77.3,21.82,17.0,24.85,36.8,55.83,13.74,65.05,44.74,23.2,18.3,21.65,37.34,56.2,38.58,20.97,20.02,70.15,106.0,22.45,67.0,148.2,58.79,34.2,80.3,30.75,32.8
2025-08-29 07:00:00,28.4,66.65,43.12,139.49,60.0,22.9,69.45,35.62,96.0,101.8,27.2,30.15,103.92,65.0,69.7,28.94,26.06,27.85,18.8,52.64,37.25,45.7,28.2,83.6,78.2,21.92,17.3,25.45,36.5,55.77,13.94,64.76,44.98,23.1,18.55,21.8,39.25,55.8,39.21,21.55,20.4,69.65,104.8,23.0,66.25,146.2,58.6,36.3,80.2,30.75,32.98
2025-09-03 07:00:00,27.75,66.65,43.42,146.8,58.53,23.54,70.26,35.14,94.85,101.9,27.2,30.55,102.24,64.4,69.0,29.28,25.87,29.0,19.6,52.74,38.1,45.6,28.8,85.3,77.6,22.02,17.55,26.25,36.95,56.22,13.9,64.46,44.7,23.15,18.84,21.5,37.92,56.3,39.07,21.64,20.16,68.36,103.7,22.7,64.1,144.0,58.79,35.4,80.3,30.3,32.9
2025-09-04 07:00:00,27.75,66.74,43.47,149.1,59.41,24.42,70.53,35.55,95.33,102.6,26.95,30.4,104.41,64.2,68.9,29.28,25.6,29.9,20.95,53.42,37.6,46.1,28.6,85.3,77.5,22.74,17.6,27.1,37.0,58.04,14.44,64.76,45.27,23.2,18.94,21.65,37.87,56.8,38.92,23.07,20.68,68.56,102.5,23.45,63.0,142.2,59.75,35.0,80.2,30.4,33.27
2025-09-05 07:00:00,28.05,68.22,43.12,145.74,59.9,24.27,71.51,35.41,97.15,102.8,28.1,30.05,104.41,65.2,69.0,30.37,25.87,30.1,21.1,53.52,37.5,46.15,28.65,87.4,78.3,22.07,18.0,27.2,37.2,57.52,14.11,67.41,45.56,23.2,18.84,21.95,38.58,57.1,39.89,23.21,20.83,69.15,103.5,23.25,64.9,145.0,59.27,35.5,80.9,31.2,33.45
2025-09-08 07:00:00,27.6,66.35,41.39,148.62,57.64,22.86,69.72,34.38,94.47,103.0,27.65,28.6,102.83,64.2,68.2,29.87,24.63,29.75,20.8,53.22,36.1,44.6,27.25,83.3,76.8,21.49,17.5,25.15,36.6,56.61,13.49,67.12,45.61,23.01,17.71,21.15,36.98,56.2,38.58,21.88,19.59,67.07,101.0,22.1,64.0,142.6,59.17,33.35,80.5,30.85,32.9
2025-09-09 07:00:00,26.95,66.74,40.55,148.05,55.98,21.88,68.02,34.17,92.46,102.4,26.7,27.25,101.94,63.1,68.3,28.59,24.33,29.25,20.25,53.03,35.15,43.6,27.0,81.3,76.0,20.86,16.45,23.8,35.7,55.7,12.87,65.94,44.89,22.91,17.46,20.2,37.34,54.3,37.65,20.78,18.68,65.77,101.4,21.15,64.8,146.6,58.31,32.55,80.3,30.55,32.28
2025-09-10 07:00:00,26.85,66.74,40.9,145.93,57.06,23.05,68.38,35.27,92.36,102.4,26.65,27.65,101.84,62.5,70.4,28.49,24.4,29.2,20.05,52.93,35.05,42.6,27.55,81.4,76.3,21.15,16.45,23.95,35.85,56.16,12.62,65.84,44.7,22.87,17.56,20.1,38.58,54.9,38.77,20.97,18.83,65.57,102.4,21.2,65.5,145.6,57.93,32.95,80.3,30.6,32.5
2025-09-11 07:00:00,26.55,66.45,40.35,146.6,56.66,23.3,68.11,34.72,92.94,101.8,26.45,27.0,101.84,62.6,68.9,28.4,24.36,29.2,20.0,52.93,35.0,44.65,26.95,82.3,79.4,21.0,15.8,23.55,35.7,56.16,12.62,65.94,44.6,22.82,17.56,20.3,37.87,55.7,37.99,20.5,18.78,65.57,106.0,21.05,68.75,146.0,58.51,32.35,80.5,31.75,34.0
2025-09-12 07:00:00,26.65,66.65,40.8,146.51,57.45,24.7,69.36,35.27,94.09,102.4,26.85,27.55,101.84,62.9,70.0,29.28,24.33,30.1,20.9,52.93,35.5,44.35,27.0,86.9,79.4,21.34,16.25,24.35,36.0,57.59,12.87,65.94,45.46,22.82,17.61,20.25,38.14,55.9,38.09,20.97,18.87,65.77,106.0,21.35,69.05,148.5,60.7,32.3,80.5,31.3,32.9
2025-09-15 07:00:00,26.65,67.82,41.74,145.74,58.14,24.45,73.39,35.41,95.62,102.6,27.4,27.5,102.43,63.3,74.0,29.58,24.36,30.85,21.2,53.42,35.1,44.75,26.85,89.0,79.6,21.39,15.85,24.4,36.05,57.26,13.03,66.92,45.08,22.77,17.71,19.9,37.92,56.0,37.99,21.02,18.97,65.57,104.7,21.65,68.9,146.5,60.7,32.2,80.4,31.1,33.1
2025-09-16 07:00:00,26.6,68.22,42.23,148.62,58.33,24.3,74.38,36.44,97.15,102.6,27.8,27.8,103.72,63.6,74.0,29.73,24.33,30.55,20.85,53.52,35.1,45.15,27.85,89.0,81.4,22.36,16.15,24.45,36.3,58.37,13.12,67.31,46.18,22.82,18.0,20.1,38.23,56.9,39.07,21.36,19.11,66.17,104.7,21.7,68.9,147.1,62.52,32.85,80.3,31.1,33.35
2025-09-17 07:00:00,26.45,68.81,41.93,146.32,59.7,23.15,75.64,36.03,98.68,103.0,27.7,27.5,106.69,64.3,74.5,29.18,24.1,30.25,20.7,53.03,34.4,45.5,27.55,86.9,81.1,22.07,15.9,23.85,36.65,58.76,12.87,67.12,46.18,22.77,17.91,20.2,37.03,56.6,38.43,20.83,18.78,65.38,104.4,21.2,71.95,142.5,63.29,31.95,80.3,30.9,33.35
2025-09-18 07:00:00,26.2,68.51,40.99,144.78,58.82,23.4,74.65,35.41,96.1,102.9,27.1,26.9,105.2,64.1,73.2,28.59,23.86,29.4,19.95,53.22,33.75,45.85,27.1,85.2,78.5,22.26,15.7,23.8,36.15,57.91,12.79,66.33,45.61,22.77,17.95,20.15,36.8,57.3,37.8,20.45,18.54,64.48,108.2,20.85,74.95,142.1,62.43,31.25,80.2,31.5,33.25
2025-09-19 07:00:00,25.8,67.82,40.75,144.97,58.04,24.2,74.38,35.27,95.62,102.5,26.8,26.7,102.73,63.3,73.2,28.69,23.59,29.4,20.0,50.78,34.3,47.15,26.95,84.7,78.9,23.23,16.15,24.1,35.75,57.78,13.03,66.72,45.03,22.72,17.71,20.0,36.67,57.5,37.8,20.5,18.25,64.08,104.2,20.6,76.6,139.8,61.09,30.95,80.0,30.6,33.2
2025-09-22 07:00:00,25.45,67.73,40.55,147.18,56.57,24.2,74.11,34.93,93.32,102.0,26.35,26.4,101.64,62.5,72.9,28.44,23.28,29.25,19.75,50.69,34.65,47.5,26.6,84.0,77.9,23.03,16.2,24.5,35.55,58.24,12.7,67.9,44.55,22.63,17.51,19.85,36.23,55.7,37.41,20.35,18.11,62.79,103.2,20.3,77.1,136.7,60.04,30.4,80.2,29.8,32.99
2025-09-23 07:00:00,25.7,66.35,40.45,146.99,55.78,23.85,73.48,34.31,92.65,102.9,26.2,25.8,98.97,62.0,71.3,28.3,22.59,28.85,19.3,49.9,34.3,47.0,26.55,82.6,78.2,22.21,16.2,24.35,35.2,57.13,12.58,66.62,44.22,22.87,17.31,19.55,35.65,55.7,37.02,20.35,18.3,62.69,99.1,20.05,75.05,136.0,59.75,30.65,80.2,28.8,32.3
2025-09-24 07:00:00,26.0,66.15,40.75,145.45,55.59,24.4,73.39,34.66,92.94,102.0,26.35,26.0,98.48,61.7,71.0,28.2,23.67,29.05,19.4,50.69,34.15,47.5,26.8,83.7,79.2,22.55,16.3,25.0,35.05,57.07,12.5,66.53,44.22,22.68,17.26,20.0,35.78,57.0,37.8,20.69,18.73,62.3,98.4,20.5,76.0,134.0,59.27,31.6,80.1,29.15,32.5
2025-09-25 07:00:00,26.15,66.65,40.7,142.37,55.88,26.1,75.01,34.86,92.84,102.2,26.8,26.5,98.48,62.3,72.3,28.59,24.36,29.3,19.9,51.27,34.35,48.75,27.0,83.6,79.0,23.91,16.35,25.55,35.3,57.0,12.74,66.72,44.36,22.72,17.22,19.8,36.15,57.2,37.94,21.4,18.78,62.99,99.9,20.65,79.0,137.3,59.65,31.85,80.1,29.55,32.79
2025-09-26 07:00:00,25.75,66.74,40.7,142.37,56.08,27.45,74.83,35.41,92.46,101.9,26.8,26.4,98.28,62.4,71.8,28.59,23.94,29.2,19.85,51.56,35.0,48.7,26.7,83.5,79.1,23.61,16.0,25.2,35.3,56.69,12.66,66.92,44.17,22.77,17.12,19.6,35.51,56.9,37.94,21.45,18.54,62.99,101.5,20.15,82.45,136.1,59.08,31.1,80.2,29.45,
2025-09-29 07:00:00,25.8,66.55,40.1,139.49,55.59,27.9,74.38,35.14,91.21,101.9,26.3,25.95,96.79,62.0,69.9,28.3,23.98,28.9,19.55,51.17,34.95,48.5,26.35,82.5,77.9,23.71,15.9,24.9,35.3,56.1,12.5,65.44,43.83,22.72,17.26,19.5,34.82,56.6,37.8,21.12,18.21,62.49,105.3,19.95,87.4,132.5,58.51,31.2,80.1,30.05,32.94
2025-09-30 07:00:00,25.8,65.76,40.1,138.52,55.29,26.9,72.5,35.0,90.06,101.9,25.75,26.25,94.81,61.7,69.8,27.9,23.9,28.6,19.2,50.49,34.9,49.7,26.6,82.0,77.8,23.03,15.75,23.95,34.8,55.7,12.33,64.46,43.74,22.72,16.77,19.5,35.37,57.1,38.05,21.12,18.11,62.49,105.8,20.0,91.5,131.5,58.12,31.25,80.2,32.1,33.1
2025-10-01 07:00:00,25.95,65.76,40.2,138.72,54.41,26.25,72.41,35.62,89.1,102.1,25.3,26.55,93.53,60.9,67.9,27.61,23.98,28.5,19.1,51.27,34.0,51.3,26.6,82.3,78.3,22.6,15.7,23.8,34.45,55.44,12.04,65.15,43.69,22.72,16.87,19.4,35.74,59.8,38.6,22.6,18.63,62.3,104.5,20.35,87.5,129.8,59.75,31.55,80.2,34.3,33.08
2025-10-02 07:00:00,26.2,65.86,40.25,138.91,54.41,26.05,74.29,35.96,89.01,102.0,25.25,26.45,92.44,61.0,67.3,27.66,24.13,28.65,19.1,51.17,33.9,52.9,27.35,82.1,78.5,23.08,15.7,23.75,34.35,55.17,12.04,65.15,43.88,22.72,16.92,19.45,35.51,60.3,39.2,22.07,18.63,62.69,102.0,20.35,87.85,131.5,59.84,31.5,80.3,33.5,33.2
2025-10-03 07:00:00,25.85,65.27,39.71,137.46,53.04,25.4,75.99,35.27,88.62,101.8,24.4,25.75,93.03,60.5,66.6,27.11,23.79,28.1,18.6,51.17,33.0,52.8,26.8,81.2,77.4,24.0,15.45,22.75,34.15,55.17,11.79,64.36,43.93,22.63,16.82,19.35,34.82,58.6,38.65,20.97,18.01,62.0,100.0,19.85,89.65,130.0,59.56,30.2,80.3,33.9,33.0
2025-10-06 07:00:00,26.8,66.06,40.45,137.08,53.43,26.2,75.64,36.16,89.58,102.0,24.65,26.4,94.91,61.1,68.2,27.16,24.52,29.2,19.0,51.56,33.0,53.5,27.5,83.3,78.7,22.7,15.9,23.1,34.15,55.83,11.96,64.17,44.31,22.72,17.26,19.9,36.69,59.8,39.4,21.69,19.02,64.0,103.9,20.6,93.4,134.3,59.94,31.55,83.0,35.0,33.95
2025-10-07 07:00:00,26.9,65.76,40.55,137.56,53.53,26.4,78.5,36.23,89.39,102.0,24.9,26.65,95.31,61.1,68.3,27.51,24.48,29.35,18.95,51.56,33.3,53.7,27.55,83.4,79.5,22.94,15.85,23.35,34.35,56.29,12.12,64.17,44.55,22.77,17.22,19.75,37.7,60.4,40.0,21.69,19.02,64.1,104.6,20.7,91.0,134.8,59.94,31.9,86.6,36.6,34.0
2025-10-08 07:00:00,26.85,66.35,40.45,137.37,53.82,25.75,77.96,36.65,90.54,102.1,24.5,26.2,95.9,61.6,67.5,27.46,24.44,29.4,18.95,51.56,32.9,54.7,27.3,84.4,81.3,22.99,15.7,23.15,34.4,56.76,12.04,64.26,44.5,23.01,17.31,19.45,38.74,60.0,39.4,22.31,18.78,64.9,107.5,20.45,90.45,135.0,60.7,31.65,88.9,36.45,34.19
2025-10-09 07:00:00,26.95,66.06,40.5,138.04,54.12,26.4,78.23,37.74,90.54,102.1,24.35,26.85,94.02,61.4,67.5,28.15,24.56,29.4,19.1,51.56,33.05,52.5,27.4,84.2,81.9,22.89,15.55,23.35,34.4,56.43,12.08,64.46,44.17,23.57,18.2,19.35,37.65,61.0,39.1,22.79,19.11,65.2,115.0,20.4,90.8,133.5,60.7,32.1,92.2,38.8,34.5
2025-10-10 07:00:00,27.2,65.37,41.04,138.81,54.12,27.75,79.58,38.77,90.44,102.2,24.7,27.1,95.51,61.2,69.1,28.1,24.63,29.75,19.15,51.56,33.0,52.2,27.75,84.2,82.0,22.84,16.0,24.0,34.25,56.62,12.17,64.46,44.07,25.22,17.91,19.45,37.83,60.4,39.9,23.55,19.21,64.4,123.0,20.6,96.0,134.5,60.61,32.35,89.8,40.4,34.81
2025-10-13 07:00:00,26.8,65.07,40.7,138.04,53.33,28.65,78.05,38.64,92.36,102.0,24.4,26.65,93.92,60.9,68.5,28.54,25.17,29.25,18.8,50.78,33.0,52.5,27.4,85.8,83.0,22.7,16.2,25.0,34.05,56.29,11.96,63.97,44.07,26.02,17.95,19.45,38.02,61.0,41.5,24.69,18.63,63.8,126.0,20.3,102.7,142.6,61.28,31.85,91.9,43.0,35.35
2025-10-14 07:00:00,26.95,65.17,40.75,138.52,52.55,30.6,77.88,38.64,93.61,102.2,24.4,27.4,93.53,60.9,68.7,28.35,25.79,29.25,19.0,50.88,33.05,53.3,27.7,85.6,85.0,22.45,16.2,25.4,34.3,56.49,12.12,64.76,44.07,25.41,18.0,19.45,39.47,61.3,42.0,25.03,18.87,64.0,131.5,20.4,109.85,152.5,61.56,32.85,91.1,45.2,36.05
2025-10-15 07:00:00,26.65,63.5,40.15,137.08,50.98,30.5,75.72,38.15,93.03,101.8,24.05,27.35,92.14,60.2,71.3,27.66,25.91,28.7,18.6,50.78,34.1,53.3,27.65,83.7,84.7,22.21,15.75,25.85,33.9,57.28,12.04,64.56,43.83,25.18,18.2,19.35,38.06,60.8,41.35,24.03,18.92,63.4,127.6,20.4,107.45,163.1,61.56,34.65,86.8,43.05,35.9
2025-10-16 07:00:00,26.55,64.39,39.75,144.78,50.39,31.2,76.44,38.02,91.21,102.0,23.85,27.05,90.56,59.2,69.5,27.31,25.75,28.8,18.75,50.88,35.0,52.5,27.55,88.2,84.8,22.16,16.45,27.0,33.9,60.78,11.96,63.97,43.74,24.56,18.15,19.15,38.52,60.4,41.25,24.31,18.92,63.0,123.8,20.25,108.8,173.5,61.2,33.9,83.8,43.5,35.8
2025-10-17 07:00:00,26.4,64.78,39.8,154.88,50.88,31.35,76.98,37.46,91.5,102.7,23.95,26.75,90.56,59.2,68.4,27.26,25.87,28.65,18.8,50.98,35.2,51.7,27.8,94.0,85.9,22.16,16.95,26.6,33.75,60.78,12.0,63.18,43.64,24.09,18.0,18.95,38.24,59.3,41.65,24.6,18.87,62.9,122.0,20.15,107.3,179.0,61.2,33.35,82.0,43.55,35.6
2025-10-20 07:00:00,25.65,64.29,39.05,162.57,49.7,30.8,75.99,36.91,90.35,101.9,23.65,26.35,90.86,59.5,68.0,26.92,24.83,28.25,18.35,50.98,34.15,50.8,27.1,88.8,87.9,22.11,15.8,26.5,33.5,59.46,11.79,62.2,43.4,24.04,17.76,18.8,38.11,58.8,40.65,23.41,18.35,62.2,115.0,19.8,102.25,180.0,59.4,31.8,78.5,41.3,35.0
2025-10-21 07:00:00,25.3,62.91,37.5,162.57,48.04,28.25,75.72,34.84,87.28,101.8,23.2,24.45,92.04,58.8,66.3,25.54,24.94,27.0,17.1,50.78,32.2,50.8,26.0,80.0,83.0,21.7,14.9,24.2,33.5,57.75,11.09,60.92,42.68,23.67,17.02,18.6,36.01,55.6,38.45,21.64,17.54,60.7,115.0,18.95,102.45,186.7,58.0,30.65,74.1,39.45,34.8
2025-10-22 07:00:00,25.3,63.89,37.5,171.23,48.72,27.75,76.26,34.9,90.06,107.2,23.5,23.9,97.98,59.0,67.2,26.13,25.1,26.9,16.8,50.78,32.3,50.8,25.65,80.6,84.5,22.75,15.15,24.25,34.5,58.21,11.3,61.21,42.97,23.86,16.77,18.7,35.37,55.7,38.15,21.59,17.54,60.2,113.0,18.9,102.0,181.3,57.3,30.45,79.0,39.4,34.2
2025-10-23 07:00:00,25.2,64.29,37.45,167.29,48.53,28.8,81.55,34.84,88.34,106.0,23.65,23.75,96.3,60.7,69.7,26.37,26.41,27.0,16.8,51.17,34.1,52.5,25.7,80.0,86.8,23.3,14.5,24.65,34.95,61.38,11.3,61.31,43.78,24.33,16.77,18.4,35.23,55.9,38.05,21.78,17.4,60.3,117.1,18.95,107.75,185.1,57.1,30.8,81.9,39.95,34.65
2025-10-24 07:00:00,25.3,64.68,37.1,167.38,48.53,27.55,82.44,34.49,88.91,105.7,23.4,23.0,96.69,60.8,67.5,26.62,25.48,26.7,16.6,50.98,34.0,53.2,25.15,79.5,85.9,23.1,14.5,24.25,34.85,63.16,11.26,61.31,43.64,24.09,16.48,18.15,34.1,55.5,37.0,21.17,17.11,59.9,116.8,18.75,111.45,184.5,58.1,29.9,82.2,39.8,34.49
2025-10-27 07:00:00,25.55,65.56,37.2,167.38,49.61,27.15,81.46,34.46,90.54,106.5,23.85,23.0,98.67,60.2,67.4,27.75,25.4,26.85,16.85,50.78,33.9,52.7,24.65,79.8,85.7,23.3,14.5,23.95,34.8,62.7,11.46,62.49,43.88,24.14,16.23,17.95,33.32,55.3,36.5,21.17,17.2,60.0,116.0,18.75,113.25,183.0,58.4,29.8,82.9,39.75,34.45
2025-10-28 07:00:00,25.4,65.37,37.15,163.82,48.97,25.2,83.61,33.87,91.12,109.5,23.7,22.9,101.15,60.2,66.5,27.21,24.83,26.8,16.85,50.78,33.5,53.4,24.0,79.0,84.4,23.45,13.8,23.0,34.3,62.7,11.5,62.49,43.78,23.95,16.13,17.75,32.82,56.8,36.4,20.93,17.11,60.2,107.0,19.2,110.3,187.5,57.4,29.45,80.9,37.0,34.49
2025-10-29 07:00:00,25.55,65.56,37.9,164.88,49.9,25.75,89.44,34.77,91.02,110.0,24.25,23.5,102.14,61.2,70.0,28.2,26.29,27.55,17.15,50.98,35.3,54.4,24.6,80.6,84.4,24.9,13.9,23.4,34.5,63.09,11.92,63.67,44.12,23.95,16.82,17.95,33.0,58.1,36.9,21.31,17.54,61.0,107.1,19.35,109.5,196.5,57.9,30.3,80.3,37.1,34.67
2025-10-30 07:00:00,25.7,65.96,38.25,164.21,49.8,25.5,91.86,34.46,91.31,108.6,24.2,23.4,102.43,60.8,70.6,28.15,26.48,27.4,17.0,50.78,36.45,54.1,24.4,80.6,84.4,25.35,14.1,23.5,34.8,63.49,11.88,64.07,44.02,24.0,16.72,17.95,32.68,57.3,36.6,21.5,17.5,61.2,105.0,19.25,105.9,201.2,57.9,30.25,80.0,35.95,34.6
2025-10-31 07:00:00,25.5,65.76,38.0,163.53,51.37,25.3,92.75,34.9,92.84,105.6,24.45,23.0,102.83,62.3,70.0,29.09,25.87,27.1,17.05,50.69,36.3,53.7,24.1,80.8,84.0,25.3,13.8,23.4,35.5,62.43,12.12,64.95,44.02,23.95,16.62,17.9,32.14,57.2,36.2,21.07,17.3,60.8,103.8,18.8,101.85,194.2,57.7,29.35,79.0,34.3,34.45
2025-11-03 07:00:00,25.9,65.07,37.8,167.38,53.23,24.5,92.3,34.28,93.32,106.8,24.15,22.4,105.2,62.9,71.0,29.04,24.75,26.9,17.3,53.22,35.45,52.5,24.0,79.8,83.3,24.5,13.65,22.65,35.0,62.43,12.08,65.35,44.74,23.95,16.18,17.75,31.5,55.8,35.5,20.69,17.3,60.3,101.4,18.8,99.75,189.9,58.3,29.05,78.0,33.8,33.78
2025-11-04 07:00:00,26.1,65.86,38.0,167.19,54.12,23.95,89.08,34.56,91.31,104.8,23.7,22.85,103.62,62.2,68.1,28.54,23.98,26.85,17.15,52.64,35.95,52.5,24.35,80.5,82.0,24.35,13.45,22.85,34.5,61.24,11.88,63.97,44.55,24.0,16.18,17.8,31.68,54.8,35.2,20.55,17.45,60.4,102.0,19.1,102.45,189.0,57.9,29.5,75.9,33.5,33.97
2025-11-05 07:00:00,25.9,66.06,38.8,166.42,54.8,23.95,89.62,35.66,91.02,104.5,24.95,22.8,100.95,63.6,67.3,29.09,24.52,26.75,17.2,51.96,35.35,52.2,24.1,81.5,81.5,24.5,13.85,22.7,36.1,60.32,12.33,64.26,44.46,24.09,16.13,17.75,32.36,54.5,34.9,21.07,17.25,61.1,101.7,18.95,104.0,186.5,58.5,29.45,74.6,33.3,33.9
2025-11-06 07:00:00,25.7,68.12,38.9,173.06,54.02,24.1,87.64,35.39,92.46,104.6,24.95,22.45,100.95,63.3,67.7,29.48,23.98,26.5,17.2,50.98,34.95,52.4,24.1,80.1,81.0,24.15,13.75,22.5,35.4,60.25,12.25,64.36,44.41,24.0,16.03,17.5,31.95,53.8,34.5,21.07,17.15,61.3,101.5,18.85,105.75,186.5,58.5,29.2,75.7,32.55,34.35
2025-11-07 07:00:00,25.3,67.24,38.65,173.15,53.33,23.75,81.64,35.39,91.02,105.0,24.75,21.95,100.75,62.9,66.2,28.64,23.25,26.55,17.35,50.88,34.0,52.1,23.75,79.7,80.5,23.75,13.6,22.0,35.0,59.99,12.12,64.36,44.5,23.86,15.64,17.35,31.18,51.9,33.95,20.55,16.95,60.0,98.0,18.6,103.95,180.0,58.4,28.5,73.9,31.85,33.47
2025-11-10 07:00:00,25.2,67.14,38.0,166.42,53.04,23.4,77.96,33.87,89.97,103.9,23.9,21.55,100.16,62.8,63.6,28.3,23.17,26.75,17.15,51.27,32.45,50.9,23.6,78.3,79.3,23.45,13.0,21.4,34.4,58.6,11.92,63.77,44.46,23.76,15.39,17.25,31.77,49.4,33.6,20.12,16.8,59.7,92.0,18.5,102.0,181.0,57.9,28.2,71.7,31.3,32.6
2025-11-11 07:00:00,25.05,65.86,38.15,165.46,53.04,22.8,77.34,33.52,88.91,102.8,23.6,21.2,96.89,62.0,62.0,27.9,22.9,26.9,17.1,50.98,33.05,49.05,23.35,78.9,79.1,23.1,12.5,21.2,34.1,58.8,11.83,63.28,45.32,23.76,15.59,16.9,31.86,49.65,34.0,19.88,16.9,59.6,91.4,18.5,101.95,177.5,59.0,27.8,72.6,31.45,32.46
2025-11-12 07:00:00,25.2,65.86,38.4,167.19,55.19,24.35,79.76,34.21,89.77,104.8,23.65,21.6,99.56,62.0,63.0,28.1,23.21,27.1,17.25,51.27,34.45,48.85,23.8,79.5,80.5,23.75,13.05,22.2,34.05,59.2,11.79,63.48,45.18,23.81,16.08,17.2,32.68,50.6,35.0,20.4,17.3,59.7,95.0,18.65,105.6,177.0,60.0,28.3,73.8,32.85,33.2
2025-11-13 07:00:00,25.2,67.14,38.45,166.71,55.68,25.1,80.38,33.97,95.81,104.5,24.65,21.7,99.66,63.5,63.9,29.1,23.25,27.05,17.2,51.27,35.2,49.1,23.8,79.7,80.5,23.95,13.45,22.1,35.05,60.25,12.29,65.35,45.61,23.81,16.13,17.25,32.41,50.5,35.5,20.4,17.25,60.0,94.9,18.75,107.9,177.8,62.0,28.35,74.2,32.7,33.26
2025-11-14 07:00:00,25.1,66.74,38.5,166.23,56.1,25.75,79.22,33.59,98.68,103.9,24.1,21.65,99.86,63.4,63.1,28.95,23.13,26.95,17.2,51.66,34.95,49.9,23.65,79.3,82.0,24.25,14.15,22.5,34.85,59.73,12.46,65.35,45.61,23.81,16.13,17.1,32.23,48.65,35.35,20.5,17.0,60.4,93.9,18.65,105.65,177.0,63.3,28.2,73.0,32.1,33.19
2025-11-17 07:00:00,25.15,67.73,38.55,167.4,55.8,26.75,80.11,33.83,97.25,104.3,24.45,22.2,100.75,63.8,64.0,29.25,23.52,27.35,17.45,51.76,35.35,50.6,23.95,80.0,82.4,24.45,15.1,23.25,34.7,59.99,12.74,65.74,45.66,23.95,16.38,17.45,32.32,49.05,35.25,20.88,17.2,60.4,96.3,18.7,110.55,179.0,63.3,28.4,72.9,33.05,33.46
2025-11-18 07:00:00,25.4,68.12,38.5,166.0,54.2,26.85,80.3,34.25,95.04,104.4,24.5,22.75,100.06,63.4,64.5,29.15,23.52,27.6,17.5,51.56,35.45,50.5,23.95,80.3,83.2,24.75,16.1,23.35,35.1,59.59,12.66,66.43,45.56,23.95,16.38,17.45,32.77,49.65,35.35,20.83,17.6,60.4,97.0,18.8,110.5,180.2,62.3,28.8,72.7,32.5,33.6
2025-11-19 07:00:00,25.15,66.94,38.45,164.2,55.1,26.65,79.31,34.14,96.0,103.5,25.15,22.6,98.48,62.8,64.0,28.7,24.29,28.35,17.75,51.47,35.45,49.65,23.8,79.6,83.2,24.3,16.15,23.25,34.85,59.13,12.54,67.61,45.27,24.0,16.38,17.35,32.32,50.3,35.4,20.74,17.6,60.1,96.9,19.1,112.5,179.1,61.9,28.75,72.2,32.3,33.6
2025-11-20 07:00:00,25.0,65.66,38.2,163.0,55.7,26.8,77.96,34.08,93.42,103.4,24.7,22.5,98.67,62.3,63.2,28.45,24.6,27.8,17.45,51.47,34.8,50.2,23.7,79.1,82.3,24.45,15.7,22.9,34.85,58.93,12.46,67.02,45.56,23.9,16.43,17.2,31.86,49.8,35.0,20.59,17.3,59.7,98.4,18.9,115.0,190.4,61.6,28.75,72.6,32.45,33.6
2025-11-21 07:00:00,24.85,65.86,37.9,158.9,55.3,26.3,77.25,34.01,92.74,102.9,24.25,22.4,100.16,61.9,63.9,27.95,24.56,27.45,17.2,51.66,35.3,49.7,23.25,78.4,80.4,23.9,15.55,22.75,34.35,57.68,12.58,66.92,45.03,23.9,16.43,17.15,31.5,51.3,34.5,20.9,17.25,59.2,99.3,18.8,115.55,197.1,60.7,28.7,74.5,32.3,33.65
2025-11-24 07:00:00,24.85,65.86,37.95,157.8,54.2,26.55,79.58,34.01,93.32,102.8,23.75,22.45,100.06,62.0,63.5,28.1,24.67,27.55,17.3,51.66,35.15,49.5,23.4,79.0,80.4,24.05,16.1,22.8,34.1,57.81,12.74,65.94,45.08,23.86,16.48,17.4,31.82,51.5,34.4,20.6,17.3,59.3,104.0,18.7,121.95,205.1,63.4,29.2,79.0,34.45,34.0
2025-11-25 07:00:00,24.7,65.56,37.8,159.8,53.2,26.45,79.76,33.83,92.46,103.5,23.4,22.2,99.27,61.4,63.4,28.1,24.75,27.35,17.15,51.86,35.75,49.3,23.3,78.7,79.8,23.95,15.9,22.7,33.95,57.94,12.62,66.43,44.89,23.81,16.48,17.3,31.27,51.0,34.0,20.55,17.25,59.0,104.0,18.55,124.4,219.1,63.2,29.0,83.3,35.4,34.6
2025-11-26 07:00:00,24.4,65.27,37.55,158.9,52.3,27.05,79.22,33.8,91.79,102.8,23.6,22.3,99.17,62.0,63.7,27.8,24.9,27.2,16.95,51.86,35.4,50.0,23.45,78.6,80.2,23.65,15.7,22.6,34.05,57.68,12.58,64.66,44.89,23.81,16.52,17.25,31.04,51.2,33.9,20.75,17.45,58.6,102.9,18.6,123.5,220.0,63.2,29.1,87.2,34.4,34.18
2025-11-27 07:00:00,24.5,65.47,37.7,160.6,52.9,26.8,78.77,34.28,91.98,103.0,23.6,22.75,98.77,63.1,64.3,27.9,25.02,27.3,17.0,51.96,36.2,50.2,23.65,79.8,80.1,23.85,15.55,22.7,34.1,59.53,12.74,65.05,44.84,23.81,16.67,17.45,31.13,50.6,34.2,20.75,17.8,58.5,103.6,18.95,126.55,207.8,63.4,29.5,90.0,34.9,34.2
2025-11-28 07:00:00,24.45,65.47,37.6,158.3,53.0,27.4,78.77,33.87,91.59,103.0,23.55,22.25,98.38,63.8,64.7,27.9,24.67,27.05,16.95,51.66,35.35,50.7,23.5,79.0,80.1,23.7,15.05,22.7,34.05,60.19,13.08,64.95,44.74,23.57,16.57,17.35,30.49,49.55,33.9,20.45,17.4,58.1,103.3,18.8,131.4,206.8,64.5,29.25,95.7,34.25,34.1
2025-12-01 07:00:00,24.35,64.88,37.3,158.9,52.2,26.95,77.8,33.83,91.59,103.7,23.3,22.2,97.7,65.8,64.0,27.6,24.71,26.75,16.8,51.17,35.0,49.0,23.4,79.2,80.1,23.6,15.2,22.55,34.5,60.58,12.7,64.46,47.57,23.57,16.82,17.3,30.22,49.6,33.7,20.45,17.25,58.0,107.3,18.55,139.3,210.7,65.9,29.55,101.6,35.7,34.4
2025-12-02 07:00:00,24.15,65.17,37.05,161.5,52.3,26.6,76.89,34.01,92.74,103.5,23.25,22.4,97.3,66.1,62.8,27.8,24.67,26.65,16.55,51.17,34.25,48.5,23.6,79.5,80.1,23.85,14.9,22.0,34.9,60.45,12.58,63.77,50.26,23.48,16.77,17.25,29.58,49.65,34.3,20.2,17.15,57.8,106.8,18.5,138.75,218.1,65.6,29.25,108.7,34.9,34.4
2025-12-03 07:00:00,24.55,65.17,38.45,159.9,53.4,27.45,77.44,36.22,94.09,103.2,23.4,22.7,97.0,66.2,62.8,27.9,25.06,26.85,16.75,50.69,34.2,49.0,24.6,81.2,85.5,24.05,15.15,22.2,35.35,60.45,12.46,63.18,52.18,23.57,17.12,17.75,29.67,50.9,35.0,20.35,17.65,59.1,107.0,18.9,139.45,218.3,65.2,30.3,106.3,34.85,34.99
2025-12-04 07:00:00,25.0,65.17,38.55,167.3,53.5,27.7,77.62,36.36,93.89,103.9,23.55,22.85,98.5,65.0,63.6,28.3,25.52,27.45,16.95,50.78,35.0,50.0,26.0,81.3,86.2,24.4,15.25,22.7,35.1,60.72,12.66,63.87,50.07,23.62,17.17,17.8,30.22,51.0,35.5,20.8,17.65,59.4,106.2,19.0,135.4,214.1,65.1,30.45,105.5,34.45,35.08
2025-12-05 07:00:00,25.0,64.97,38.45,166.1,53.2,27.4,77.17,36.08,93.8,103.8,23.6,23.45,97.5,65.2,62.5,28.0,25.44,27.35,16.9,50.88,34.6,49.65,25.8,80.6,85.7,24.4,15.05,22.65,34.95,60.72,12.66,63.18,49.2,23.76,17.12,17.7,30.08,50.6,35.5,20.9,17.75,59.2,108.5,19.0,142.8,207.5,64.5,30.3,109.1,34.9,35.2
2025-12-08 07:00:00,24.45,64.88,37.95,160.2,55.6,26.75,79.79,35.53,91.5,105.0,23.25,22.9,97.3,65.4,61.7,27.55,25.4,27.1,16.75,50.88,34.0,48.55,25.55,78.8,85.1,23.9,14.85,22.25,36.3,60.65,12.58,63.38,51.03,23.76,16.62,17.6,30.45,49.25,34.8,20.4,17.45,58.3,110.0,18.7,152.7,207.5,64.5,30.25,110.0,34.05,35.15
2025-12-09 07:00:00,24.25,64.97,37.95,157.9,57.0,26.6,79.16,35.18,91.31,104.5,23.15,22.75,97.0,65.3,59.5,27.15,25.17,26.9,16.55,50.78,33.6,46.4,25.2,78.0,84.5,23.85,14.6,21.95,35.8,59.53,12.37,62.98,53.04,23.57,16.38,17.5,29.4,49.25,34.2,20.1,17.25,58.7,111.4,18.4,163.3,205.0,64.1,29.7,111.0,33.4,35.13
2025-12-10 07:00:00,24.3,64.78,37.9,159.5,55.4,26.5,78.53,35.11,91.88,103.2,22.95,23.0,97.1,64.1,58.9,27.1,25.44,27.0,16.65,51.08,33.6,44.75,25.45,77.4,84.4,23.8,14.5,21.85,35.1,58.47,12.55,62.79,51.22,23.43,16.28,17.55,29.3,48.65,34.15,20.0,17.1,58.6,107.0,18.35,160.0,201.0,64.5,29.1,101.9,32.0,35.1
2025-12-11 07:00:00,24.25,65.76,38.1,169.7,55.3,25.75,76.8,35.04,91.88,103.1,22.9,22.55,96.6,63.9,58.8,27.0,24.87,26.9,16.6,51.17,32.8,45.5,25.3,77.6,83.6,23.7,14.75,21.5,34.8,58.6,12.35,62.39,50.84,23.24,16.23,17.5,29.7,48.6,34.0,20.1,17.05,58.4,103.3,18.35,147.6,196.3,63.5,29.0,92.5,30.7,34.6
2025-12-12 07:00:00,24.1,64.68,37.7,181.5,54.8,25.35,76.62,34.97,90.73,103.6,22.8,22.25,96.0,62.9,58.4,26.8,24.6,26.7,16.45,51.08,32.5,44.85,24.95,76.6,82.3,23.7,14.5,21.2,34.45,60.12,12.15,62.1,50.45,23.2,16.08,17.45,29.4,48.5,33.6,19.85,16.9,57.8,101.0,18.2,147.8,190.5,62.0,28.2,92.0,30.05,34.3
2025-12-15 07:00:00,23.6,64.29,37.15,180.0,53.0,23.6,72.81,34.39,89.1,102.3,22.2,20.85,94.4,62.4,58.8,26.0,23.44,26.4,15.55,50.78,30.6,44.35,24.2,74.3,79.2,23.0,13.55,19.8,33.9,59.99,12.0,61.51,49.4,23.01,15.88,17.25,28.85,47.2,32.3,18.7,16.5,57.3,96.0,17.55,147.0,187.0,62.6,27.5,84.9,29.35,33.85
2025-12-16 07:00:00,24.8,64.19,37.75,182.0,53.6,24.25,72.81,35.25,88.14,103.0,22.5,21.55,95.4,64.3,59.2,26.5,24.75,26.95,16.0,50.98,31.65,44.5,24.75,75.2,82.0,23.0,13.85,20.1,34.55,60.98,12.4,61.8,49.88,23.24,16.13,17.55,30.35,48.2,33.1,19.0,16.8,57.4,95.7,17.7,149.3,191.5,64.4,28.3,84.3,29.6,33.99
2025-12-17 07:00:00,24.15,63.6,38.5,188.8,54.4,24.25,73.63,35.55,77.13,102.0,22.55,21.85,96.3,64.8,59.1,26.65,25.1,26.7,15.95,50.98,32.25,44.8,24.7,75.0,83.0,23.3,13.55,19.55,35.6,61.11,12.4,61.9,49.68,23.2,15.78,17.5,30.1,47.8,33.15,18.75,16.9,57.5,95.3,17.7,146.8,191.6,64.1,28.3,89.9,30.8,33.9
2025-12-18 07:00:00,24.0,61.93,38.3,191.0,54.2,23.8,73.54,34.75,71.76,102.0,22.3,21.7,95.6,63.8,58.7,26.65,26.0,26.55,15.8,51.08,32.25,44.2,24.7,74.4,81.6,24.05,13.45,19.1,35.15,60.72,12.35,61.02,48.63,23.2,16.03,17.45,30.1,48.0,33.1,18.4,16.7,57.5,95.0,17.65,143.0,196.0,64.0,28.3,90.5,30.55,33.77
2025-12-19 07:00:00,24.05,60.75,38.15,184.2,54.1,23.7,73.45,34.6,76.65,101.5,22.5,21.6,95.0,64.0,59.5,26.75,26.0,26.7,15.9,51.56,32.7,46.8,24.7,75.8,83.0,24.4,13.85,19.3,35.2,61.11,12.35,61.61,48.15,23.34,15.98,17.5,30.95,49.0,33.65,18.8,16.85,57.5,101.5,17.7,152.1,199.9,64.0,28.45,95.0,31.8,34.35
2025-12-22 07:00:00,24.45,60.85,38.45,177.0,56.0,24.4,75.26,35.25,71.67,101.4,22.75,22.6,94.3,65.3,60.1,26.8,27.1,27.1,16.1,51.66,33.15,44.45,25.4,76.2,85.0,24.45,13.95,20.55,35.3,62.23,12.75,61.41,48.24,23.34,16.28,17.75,31.5,52.4,35.2,19.2,17.4,58.0,107.4,17.95,158.8,207.0,63.9,29.0,99.0,33.0,35.21
2025-12-23 07:00:00,24.6,60.85,38.8,183.0,57.1,24.8,75.26,35.55,75.21,101.4,22.7,22.75,95.9,66.3,60.5,26.85,28.0,27.2,16.2,51.27,33.2,44.25,25.65,77.3,88.0,24.7,13.9,20.5,36.1,62.43,12.9,61.21,47.86,23.34,16.23,17.7,31.6,56.0,35.35,19.1,17.65,58.1,114.9,18.2,169.9,210.0,64.1,29.4,104.5,35.0,35.74
2025-12-24 07:00:00,24.45,60.16,38.45,184.7,56.0,24.0,75.04,35.3,69.0,101.3,22.45,22.8,94.2,66.1,60.1,26.6,28.0,26.85,15.9,50.78,33.05,43.85,25.55,76.2,88.0,24.3,13.7,20.3,35.65,63.29,12.85,60.92,47.57,23.01,16.92,17.6,31.35,58.8,35.2,19.05,17.6,57.3,122.9,18.2,176.6,206.2,62.9,29.3,105.7,34.75,35.7
2025-12-25 07:00:00,24.6,59.76,38.95,179.0,56.0,23.6,75.04,36.45,67.0,101.8,22.6,22.65,94.8,69.3,60.6,26.25,27.9,26.65,16.1,51.08,32.95,43.3,25.55,77.0,90.0,24.4,13.9,20.15,35.9,63.49,12.9,61.02,47.48,23.01,16.77,17.5,31.6,58.6,35.8,18.95,17.55,57.9,131.3,18.15,174.5,212.9,62.3,29.7,106.6,37.05,36.12
2025-12-26 07:00:00,24.05,59.76,38.8,177.3,55.9,22.95,73.81,35.25,64.0,101.4,22.3,21.95,93.0,70.9,60.2,25.95,28.0,27.7,16.7,50.78,32.05,42.5,25.0,76.0,87.0,24.15,13.5,19.5,35.55,63.29,12.85,60.62,47.19,22.91,16.28,17.4,31.25,57.5,34.35,18.75,17.15,57.4,111.0,17.85,155.2,212.5,62.3,28.85,95.0,32.0,35.5
2025-12-29 07:00:00,24.1,62.62,38.9,178.7,59.8,22.95,72.66,35.35,63.5,102.9,22.95,21.75,94.9,75.4,61.3,26.2,27.7,27.0,16.3,50.78,32.05,42.15,25.0,75.5,87.7,25.0,14.15,19.75,37.0,64.02,13.15,60.52,47.24,23.05,16.13,17.3,30.95,60.4,34.45,18.6,17.15,57.5,117.7,17.75,159.9,211.2,62.2,28.3,97.0,33.95,35.6
2025-12-30 07:00:00,24.2,60.45,39.85,176.4,60.0,22.85,71.71,35.95,65.2,102.8,22.75,21.65,96.6,75.7,62.0,26.9,27.95,26.85,16.2,50.78,31.85,41.95,25.2,76.9,88.5,24.45,14.65,19.6,36.6,64.28,13.1,60.52,47.86,23.29,16.18,17.3,30.8,60.8,34.4,18.45,17.3,58.1,120.6,17.8,163.0,208.2,62.3,29.1,94.0,33.6,35.76
2025-12-31 07:00:00,24.25,60.75,39.55,175.7,59.5,22.1,72.38,35.8,68.8,102.5,22.6,21.75,97.0,75.8,62.0,26.8,29.7,26.6,16.0,50.78,31.6,42.05,25.3,77.2,88.4,24.55,14.05,19.4,36.3,64.68,12.9,60.62,47.57,23.71,16.18,17.45,30.9,60.2,34.9,18.3,17.25,57.9,125.7,17.95,172.0,209.0,62.0,29.0,95.8,33.8,36.1
2026-01-05 07:00:00,24.1,60.55,38.9,176.8,59.0,21.8,72.66,36.1,68.7,102.3,22.9,21.5,95.7,77.4,61.2,26.45,29.5,26.55,15.85,50.78,32.5,42.3,25.75,77.0,88.2,24.9,13.75,19.25,37.0,65.01,12.9,61.02,47.19,23.67,16.18,17.4,30.4,58.3,34.95,18.2,17.2,57.6,132.6,17.9,174.5,209.5,61.5,28.8,100.7,35.85,36.08
2026-01-06 07:00:00,24.1,63.4,38.9,176.4,61.3,21.5,71.04,36.2,66.3,103.0,23.1,21.5,94.8,82.8,61.2,27.55,29.05,26.2,15.55,50.59,32.05,41.85,26.75,77.2,89.3,25.0,13.7,18.9,38.8,65.34,13.15,60.92,46.23,23.38,15.98,17.3,29.8,58.7,36.0,17.85,17.15,57.5,141.8,17.8,176.0,215.5,60.9,28.9,105.8,38.05,36.5
2026-01-07 07:00:00,24.75,67.04,41.4,177.7,65.5,20.45,70.76,37.5,65.5,103.0,23.6,22.0,97.6,88.5,63.1,29.45,29.55,26.75,15.9,50.59,31.85,42.5,26.85,78.4,89.9,25.2,13.45,18.9,41.45,67.97,13.6,61.41,46.85,23.1,16.33,17.35,30.5,55.9,36.5,17.65,17.65,59.9,150.9,18.15,179.5,212.7,61.5,29.75,105.9,39.5,37.0
2026-01-08 07:00:00,25.05,70.48,43.8,177.0,70.0,20.8,70.19,39.5,65.0,103.2,24.1,22.2,98.1,94.6,63.3,30.9,29.2,26.8,16.0,50.49,31.6,42.3,27.15,79.0,89.8,25.95,13.5,19.15,44.0,68.64,14.55,61.41,47.38,23.1,16.82,17.5,31.3,55.2,36.65,17.7,18.15,63.7,150.9,18.2,190.0,211.2,63.4,29.75,102.0,38.5,37.3
2026-01-09 07:00:00,24.95,69.99,46.05,175.5,69.4,19.95,69.9,40.85,63.8,103.2,23.95,22.05,99.9,98.0,63.2,32.0,29.1,26.8,15.9,50.49,30.6,42.5,27.7,78.6,87.5,25.15,13.3,18.5,44.0,69.44,14.8,61.51,47.86,23.1,16.57,17.45,31.05,54.3,37.15,17.1,18.0,68.0,142.8,18.15,180.2,202.7,62.5,29.65,97.0,36.05,37.0
2026-01-12 07:00:00,25.5,72.74,49.25,180.0,70.0,19.35,71.81,43.5,64.3,104.4,24.7,22.15,99.5,102.5,63.6,32.95,28.35,27.6,16.4,50.59,29.85,42.45,28.2,78.8,87.5,24.7,13.05,18.1,45.55,69.3,14.75,60.72,47.45,23.05,16.97,17.75,32.45,54.3,38.0,16.6,18.4,72.7,139.0,18.75,175.4,198.0,62.7,30.2,99.0,35.0,37.0
2026-01-13 07:00:00,25.8,68.81,51.6,176.2,68.0,19.8,74.76,42.35,64.3,104.3,24.65,23.5,101.7,103.7,64.0,34.45,28.45,27.9,16.6,50.4,30.35,42.8,28.3,82.2,88.7,26.05,13.1,18.25,45.35,68.97,14.95,62.39,50.2,23.01,16.97,17.8,33.9,55.2,38.2,16.85,18.5,76.0,134.9,18.75,173.3,196.5,64.9,31.45,98.5,34.45,37.08
2026-01-14 07:00:00,25.15,72.15,54.5,176.9,72.0,19.5,74.09,43.25,64.8,105.0,25.5,24.2,101.1,110.9,63.8,36.35,28.5,27.6,16.45,50.4,30.05,42.2,27.95,82.0,87.3,25.9,13.2,18.3,48.5,68.64,15.2,62.3,53.7,22.96,16.62,17.95,33.55,55.1,37.3,16.6,17.95,78.8,134.9,18.65,171.2,195.2,67.7,30.8,94.9,33.55,37.04
2026-01-15 07:00:00,24.9,77.16,54.0,177.8,73.2,19.3,73.61,41.0,67.9,109.0,24.95,23.35,101.7,107.1,63.9,38.85,29.55,27.9,17.1,50.3,30.3,42.1,27.55,82.5,86.9,26.5,13.1,18.3,51.8,67.97,14.65,61.9,57.1,22.91,16.48,17.95,33.8,57.8,36.6,16.3,17.65,74.9,124.0,18.45,160.2,188.5,72.4,29.4,92.5,31.5,36.66
2026-01-16 07:00:00,25.1,78.15,54.2,175.3,78.0,19.35,74.0,41.55,68.1,106.9,24.5,23.45,105.3,107.2,66.0,38.5,29.5,28.25,17.25,50.3,30.85,42.15,27.7,85.5,87.4,26.9,13.1,18.0,55.4,72.37,14.85,64.46,53.8,22.96,16.57,18.0,33.45,60.6,36.35,16.3,17.7,76.0,126.8,18.45,163.0,187.0,73.0,29.45,95.6,32.5,36.98
2026-01-19 07:00:00,25.15,79.62,52.6,176.0,73.7,19.25,75.14,40.35,66.8,108.0,24.45,23.4,108.7,106.2,64.4,38.4,29.0,28.2,16.95,50.2,29.95,42.1,27.6,82.3,87.4,26.0,13.1,17.8,55.6,76.63,14.5,64.07,52.7,23.05,16.43,18.0,33.2,58.7,36.45,16.1,17.5,73.5,126.9,18.3,164.9,187.0,71.0,29.8,95.4,32.6,37.04
2026-01-20 07:00:00,25.3,82.28,55.3,174.9,75.9,19.1,74.47,40.6,66.0,107.4,24.7,23.4,107.0,110.8,68.2,40.65,29.8,27.95,16.9,50.2,29.65,43.25,28.0,81.4,88.3,26.65,12.95,17.85,59.4,75.96,14.8,62.79,54.3,23.01,16.48,17.95,33.3,60.9,36.6,16.05,17.8,75.0,124.5,18.4,162.0,186.0,75.5,30.95,93.6,32.0,37.2
2026-01-21 07:00:00,25.15,77.75,53.9,165.5,75.4,18.8,72.0,40.55,69.0,104.1,24.7,22.9,106.5,110.0,71.2,39.5,30.0,27.25,16.75,50.4,29.55,45.0,27.5,79.9,85.9,26.5,12.9,17.6,60.6,75.17,14.65,61.8,52.0,22.96,16.28,17.65,32.5,62.1,35.9,15.85,17.45,73.6,126.0,18.05,164.2,183.5,73.0,29.65,93.0,31.75,36.83
2026-01-22 07:00:00,25.05,75.79,56.6,163.0,78.5,19.15,72.85,41.3,73.8,104.8,26.35,22.95,105.8,110.5,70.6,40.8,29.75,27.3,16.7,50.2,30.3,44.0,27.45,80.6,86.6,26.95,13.35,18.5,61.2,74.57,15.2,62.89,52.0,22.82,16.33,17.7,32.55,66.4,36.25,16.15,17.6,75.9,122.9,18.0,161.4,182.1,72.8,29.4,95.0,32.15,37.2
2026-01-23 07:00:00,25.1,72.74,52.8,162.0,75.2,19.45,73.14,40.05,77.9,104.5,25.85,22.95,104.6,106.3,70.1,38.85,29.6,27.15,16.8,50.2,29.55,43.9,27.1,80.2,87.7,26.45,13.0,18.05,57.3,76.63,14.8,62.89,51.3,22.82,16.18,17.7,32.7,66.1,36.9,16.05,17.5,71.0,127.5,17.95,167.7,193.6,70.1,29.3,95.5,33.0,37.04
2026-01-26 07:00:00,25.1,70.18,52.6,159.6,71.1,19.0,74.28,39.15,73.8,103.8,24.6,22.9,101.6,107.8,68.2,39.35,29.4,26.8,16.35,50.0,29.1,43.3,26.85,79.5,85.9,26.4,12.65,17.8,58.4,78.5,14.3,62.2,50.0,22.68,16.13,17.6,32.4,63.8,36.7,15.5,17.25,71.1,124.1,17.9,167.5,189.9,69.3,28.65,95.0,32.5,36.84
2026-01-27 07:00:00,24.8,67.63,52.8,163.9,70.8,18.2,76.28,38.65,68.8,103.6,23.7,21.8,102.5,115.3,65.8,40.6,29.0,26.55,15.95,50.0,27.8,42.55,26.6,77.5,85.8,26.8,12.15,17.3,60.9,78.23,14.2,61.41,49.55,22.68,15.83,17.5,31.4,63.3,35.8,14.8,17.25,71.5,118.0,17.55,160.0,183.5,68.6,28.1,93.8,31.0,36.29
2026-01-28 07:00:00,24.5,67.53,55.9,164.6,70.4,18.45,75.14,39.65,69.4,103.8,23.9,21.35,105.8,122.8,66.1,42.4,28.85,27.1,16.2,50.0,27.4,42.5,26.75,79.5,85.8,26.8,12.0,17.7,64.8,80.7,14.3,61.8,50.3,22.72,15.83,17.55,31.4,65.6,35.3,15.5,17.25,72.9,109.0,17.65,154.5,180.2,69.5,28.3,91.9,30.8,36.4
2026-01-29 07:00:00,24.15,65.86,52.8,162.9,69.3,18.8,73.81,38.9,68.6,104.4,24.05,21.3,107.2,118.5,67.9,40.85,28.6,27.1,16.4,50.0,27.35,42.45,26.95,85.0,89.5,26.5,12.15,17.6,58.8,84.3,13.95,62.0,50.6,22.68,15.78,17.45,31.5,64.4,35.0,15.5,17.1,70.8,107.4,17.6,142.0,172.9,71.1,28.15,92.0,30.0,35.8
2026-01-30 07:00:00,24.1,68.12,54.5,163.0,71.0,18.8,73.9,39.0,71.0,104.8,24.25,21.2,106.4,122.0,70.0,41.8,28.4,27.5,16.5,50.0,28.0,42.6,27.2,85.0,93.4,26.7,13.0,17.95,59.5,84.63,13.85,61.51,51.4,22.68,15.98,17.5,31.6,65.0,35.9,15.7,17.2,71.9,107.4,17.8,141.9,170.5,72.5,28.0,93.2,30.2,36.0
2026-02-02 07:00:00,24.05,70.77,55.2,162.9,74.6,18.75,76.76,39.8,69.2,104.9,24.5,20.8,104.3,116.8,69.0,41.8,28.25,26.8,16.0,52.0,27.6,42.2,27.6,85.5,93.9,26.9,13.4,18.15,60.9,82.36,14.35,61.21,50.9,22.54,15.83,17.15,31.15,64.0,35.75,15.5,17.35,71.5,107.3,17.7,140.0,171.7,72.6,28.0,91.9,29.9,36.53
2026-02-03 07:00:00,23.9,73.53,56.5,161.3,79.8,18.75,80.19,40.3,68.4,104.9,25.45,21.6,105.4,121.9,72.9,43.8,28.0,27.1,16.0,53.0,27.4,42.35,28.1,84.8,94.4,27.4,13.1,18.1,62.7,79.96,14.65,61.8,52.4,22.63,15.74,17.15,31.5,64.5,35.6,15.5,17.35,73.3,102.0,17.7,133.1,170.0,73.6,28.0,89.4,29.1,36.0
2026-02-04 07:00:00,23.8,73.53,54.4,159.1,84.5,18.75,83.14,39.9,70.2,104.3,25.15,21.65,103.5,120.0,75.0,43.0,27.6,28.6,16.8,53.2,27.1,42.2,28.1,84.9,91.9,27.15,12.85,17.85,61.3,80.63,14.75,62.0,53.3,22.58,15.69,17.0,32.5,64.6,34.9,15.55,17.45,72.0,98.0,17.5,129.8,167.0,72.6,27.8,86.8,28.6,36.0
2026-02-05 07:00:00,23.7,70.68,53.3,160.0,82.7,18.85,82.09,39.7,69.3,104.2,25.75,21.6,101.9,116.8,74.3,41.7,27.9,28.35,16.55,52.6,27.2,42.8,27.9,82.9,91.8,27.4,12.7,17.95,60.7,79.96,14.7,61.9,52.2,22.54,15.64,17.0,31.9,65.0,35.1,15.65,17.55,70.8,97.6,17.5,130.1,170.0,72.2,28.05,89.9,29.95,35.69
2026-02-06 07:00:00,23.45,67.63,52.3,157.3,82.0,18.0,79.33,38.35,67.2,103.9,25.1,20.95,100.0,118.8,73.0,40.85,27.5,28.1,16.35,52.8,26.4,41.9,28.1,79.5,89.9,27.4,12.45,17.25,59.6,75.3,14.15,61.41,49.8,22.54,15.64,16.8,31.0,62.4,34.6,15.3,17.1,67.9,101.8,17.15,137.3,166.1,70.7,27.25,87.5,29.25,35.29
2026-02-09 07:00:00,23.35,65.86,51.8,157.4,79.0,17.4,77.61,37.85,67.4,103.6,25.45,21.1,99.4,117.8,72.8,39.7,26.8,27.3,15.8,52.1,26.95,42.3,28.1,79.2,90.0,27.35,12.4,17.3,58.2,75.83,13.8,61.11,49.45,22.44,15.24,16.8,30.35,62.1,35.0,15.0,17.0,66.0,97.9,17.0,133.3,168.5,70.4,27.15,83.5,28.2,35.5
2026-02-10 07:00:00,23.15,64.48,50.5,156.5,79.2,17.3,77.81,37.6,68.9,103.8,25.45,21.45,99.9,119.6,71.5,38.9,26.9,26.95,15.7,51.9,27.6,42.15,28.5,78.4,89.7,27.05,12.45,17.4,58.4,76.23,13.55,60.52,49.65,22.35,15.19,16.75,30.0,60.7,35.0,15.2,17.0,65.5,101.6,17.0,141.5,165.0,70.5,27.3,86.6,29.55,35.2
2026-02-11 07:00:00,23.65,64.09,48.75,157.0,80.0,18.15,78.76,38.25,68.7,103.5,25.55,21.4,99.5,107.4,71.3,36.8,27.95,27.1,15.75,51.9,28.75,42.25,29.5,78.6,91.9,26.9,12.8,18.0,53.6,77.23,13.35,60.82,48.8,22.3,15.49,17.0,31.2,62.9,35.35,16.1,17.35,66.6,104.5,17.1,151.3,168.0,69.9,28.3,86.0,29.45,35.45
2026-02-12 07:00:00,23.85,64.0,48.5,159.3,79.3,18.1,79.04,38.3,68.7,103.5,25.4,22.7,99.2,106.2,74.8,36.2,28.0,27.1,15.8,52.0,28.7,42.2,29.3,78.4,93.9,27.4,13.0,17.95,53.3,79.9,13.45,61.02,49.2,22.3,15.44,17.0,31.5,62.7,35.75,16.7,17.5,65.5,109.3,17.15,160.8,170.0,69.8,28.5,86.2,30.25,35.85
2026-02-13 07:00:00,23.9,63.3,47.7,159.6,77.1,18.45,78.0,38.6,68.8,103.5,25.3,23.2,98.5,103.7,75.0,36.4,28.2,27.15,15.75,52.2,28.4,42.7,28.6,78.3,93.2,27.25,12.95,17.7,52.7,79.96,13.45,61.02,49.0,22.54,15.24,17.0,31.55,62.6,35.5,16.65,17.5,65.1,109.8,17.4,164.1,169.5,69.8,28.3,85.6,30.0,36.0
2026-02-23 07:00:00,24.1,65.0,49.7,161.8,81.3,19.0,81.71,39.0,72.5,104.2,25.8,23.85,96.8,108.7,75.5,38.9,28.5,27.5,16.05,52.2,28.3,42.85,28.85,79.2,93.1,27.7,12.8,17.65,55.6,81.23,13.9,61.31,49.15,22.72,15.59,17.15,31.85,63.7,35.9,16.7,18.05,66.7,111.4,17.5,166.8,175.0,71.3,29.15,85.9,30.1,37.4
2026-02-24 07:00:00,24.1,65.7,49.45,162.5,84.0,18.7,83.61,38.7,75.1,105.0,27.15,24.35,94.0,112.4,80.4,40.3,28.5,28.4,16.4,52.6,28.4,42.95,28.5,80.9,92.2,28.3,12.8,17.55,58.5,81.16,14.0,61.41,49.25,22.77,15.64,17.05,32.8,64.2,35.9,16.6,18.35,66.6,111.0,17.5,163.6,186.6,71.3,29.15,84.2,29.7,36.9
2026-02-25 07:00:00,24.45,69.1,49.95,162.6,87.4,18.65,84.38,39.1,76.9,105.5,27.2,24.55,92.5,117.5,80.4,42.2,28.85,29.7,16.8,52.2,28.35,42.85,29.3,81.6,94.1,28.45,12.9,17.4,59.8,80.83,14.4,62.0,49.9,22.82,15.98,17.0,32.7,67.8,36.45,16.5,18.7,66.5,110.6,17.6,162.0,183.5,73.4,29.5,83.6,29.5,36.48
2026-02-26 07:00:00,24.55,67.3,48.9,162.8,85.5,18.55,82.85,38.75,76.0,104.6,27.05,24.05,92.2,111.0,83.9,42.9,28.55,29.55,16.5,52.2,28.15,43.75,29.1,81.2,94.3,27.9,12.8,17.2,58.6,81.23,14.35,62.6,49.55,22.82,16.08,17.0,32.7,67.3,36.45,16.0,18.8,65.9,112.9,17.6,169.0,179.1,71.4,29.2,84.3,29.85,36.58
2026-02-27 07:00:00,24.6,68.0,49.1,160.5,84.2,18.15,85.8,38.45,74.5,104.8,28.0,24.0,93.5,111.9,85.1,42.3,28.4,29.4,16.35,52.0,28.25,44.3,28.85,80.6,93.9,28.3,12.65,17.0,61.2,81.43,14.95,62.3,49.2,22.82,15.93,17.0,32.95,67.2,36.4,15.9,18.7,66.4,109.5,17.45,178.5,178.5,70.6,29.45,84.1,29.8,36.65
2026-03-02 07:00:00,24.2,67.5,47.4,161.7,85.0,17.2,85.61,37.85,76.8,104.9,29.5,23.35,91.5,115.4,89.5,42.8,27.65,29.25,16.15,51.2,27.45,43.0,28.2,80.7,92.2,29.45,12.0,15.9,61.8,84.56,15.5,65.4,47.85,22.72,15.64,16.8,32.8,70.0,35.8,14.95,18.45,63.9,105.1,17.1,177.8,171.6,69.8,28.7,82.5,28.75,36.22
2026-03-03 07:00:00,24.25,65.5,45.9,161.4,84.7,16.9,84.66,37.3,76.9,103.6,31.5,23.25,90.9,123.4,82.8,45.75,27.1,28.85,15.95,51.0,27.5,42.7,27.85,79.7,91.2,29.3,11.8,15.75,66.1,83.23,16.55,65.3,47.45,22.72,15.49,16.8,33.55,70.2,34.95,14.85,18.2,63.7,99.8,17.05,167.0,170.0,67.3,28.45,80.2,28.0,35.68
2026-03-04 07:00:00,23.6,63.0,45.6,157.1,82.1,16.65,81.04,36.7,73.9,104.4,32.5,23.25,87.0,131.5,82.0,46.5,26.6,27.85,15.6,50.6,27.2,43.1,27.4,77.6,88.8,29.3,11.75,15.6,70.4,80.56,16.85,66.6,46.5,22.72,15.34,16.8,33.7,68.1,33.7,14.5,17.8,63.2,94.9,16.85,161.0,166.0,64.9,27.65,77.5,28.0,34.86
2026-03-05 07:00:00,23.55,61.4,46.1,156.0,81.5,16.65,80.95,37.1,73.1,103.8,31.6,23.3,86.8,126.9,80.3,42.9,26.6,28.15,15.6,50.8,27.45,43.5,27.55,77.5,89.0,28.45,11.6,15.8,69.5,79.83,15.9,65.4,46.45,22.54,15.49,17.0,35.0,68.7,33.1,14.4,17.7,63.7,99.0,17.05,166.4,163.7,65.2,28.1,78.7,28.6,35.14
2026-03-06 07:00:00,23.6,59.5,45.0,153.5,77.4,16.5,77.71,36.3,75.6,103.5,31.5,22.55,84.6,118.6,79.0,41.1,26.2,27.6,15.1,50.8,27.0,42.9,27.15,75.0,84.8,28.2,11.45,15.65,67.0,77.3,15.35,63.9,46.2,22.39,15.39,17.0,33.2,65.4,32.1,14.2,17.25,63.2,96.5,16.9,165.0,158.5,63.0,27.0,78.0,27.0,34.94
2026-03-09 07:00:00,22.65,55.3,41.0,148.1,73.9,15.6,73.81,33.5,77.2,102.6,33.3,20.95,76.7,116.3,74.0,35.15,25.5,26.15,14.05,49.9,24.4,42.05,25.65,70.0,77.0,26.6,10.7,15.0,65.9,72.57,13.95,60.1,44.0,21.64,14.7,16.65,29.45,64.1,29.8,13.1,16.5,59.7,91.1,15.9,156.0,153.0,59.1,25.2,76.1,25.0,33.9
2026-03-10 07:00:00,23.2,55.6,42.8,146.9,74.7,15.5,76.0,35.15,75.9,101.9,32.0,21.5,79.6,107.5,73.8,36.1,25.75,27.1,14.65,50.8,25.35,41.4,26.55,69.8,81.8,26.2,10.8,14.7,58.1,75.77,13.75,60.0,44.75,21.31,14.55,16.55,30.5,65.0,30.8,13.7,16.35,60.9,92.9,16.4,154.8,156.0,62.1,26.0,73.5,25.0,35.0
2026-03-11 07:00:00,23.6,56.9,42.35,146.2,75.5,15.8,76.66,35.6,79.7,102.8,31.85,22.5,81.0,103.0,76.5,35.65,26.0,27.65,14.85,51.4,26.5,41.8,27.0,73.0,86.6,26.4,11.3,15.4,55.2,79.63,13.65,60.8,45.0,21.69,14.65,16.65,30.8,67.4,31.35,14.65,16.7,61.2,95.9,17.2,148.5,160.0,63.7,26.5,78.1,25.6,33.99
2026-03-12 07:00:00,23.25,56.2,41.9,145.0,78.0,16.45,77.61,34.9,82.0,102.2,34.0,23.3,79.2,103.0,78.1,37.85,25.75,27.15,14.8,51.3,25.8,41.6,26.8,74.5,86.5,27.3,11.85,15.4,55.2,79.03,13.75,63.0,44.65,21.64,14.9,16.55,30.1,67.1,31.0,14.85,16.45,60.3,95.9,17.0,149.7,157.9,62.7,26.2,81.3,26.1,34.0
2026-03-13 07:00:00,23.45,55.4,41.25,143.0,74.4,16.95,78.0,34.5,81.7,102.1,35.8,22.9,78.5,101.3,77.6,36.05,25.75,27.2,14.55,51.2,26.7,41.8,26.5,74.7,84.5,27.1,12.65,15.7,54.4,78.23,13.85,64.6,44.65,21.55,14.75,16.55,29.2,67.0,30.3,15.25,16.2,60.1,98.0,17.0,148.0,157.0,63.2,26.0,81.5,26.0,33.15
2026-03-16 07:00:00,23.45,54.7,41.2,140.5,74.4,17.5,79.04,34.5,77.7,102.0,33.3,22.85,79.3,91.1,76.2,34.4,25.65,26.95,14.7,51.2,26.75,42.0,26.5,75.2,82.2,26.7,13.5,15.85,48.1,78.7,13.35,64.8,44.65,21.22,15.09,16.55,29.25,68.9,30.45,15.5,16.2,59.8,102.4,17.0,147.6,156.0,62.9,25.75,78.2,25.9,32.89
2026-03-17 07:00:00,23.85,55.4,41.3,146.4,75.7,17.15,80.95,34.8,75.5,102.0,30.5,23.25,81.3,90.4,76.3,34.1,26.2,27.35,14.7,50.8,26.5,44.1,26.75,75.7,83.8,26.35,14.0,15.6,48.1,79.43,13.4,63.5,45.2,21.07,15.09,16.65,29.45,69.2,30.9,15.1,16.35,60.5,104.4,17.25,150.9,157.0,63.0,26.4,79.0,26.9,33.66
2026-03-18 07:00:00,23.9,54.8,43.0,140.0,76.7,16.75,79.42,35.75,64.0,102.0,30.75,23.55,80.2,92.4,79.9,34.5,26.0,27.15,14.95,50.6,26.25,44.5,26.9,75.8,84.3,26.1,13.5,15.3,48.8,78.43,13.45,64.2,44.85,20.98,15.0,16.8,28.9,68.8,30.8,14.7,16.35,62.0,105.5,17.25,156.0,160.0,62.7,26.15,79.5,26.95,33.7
2026-03-19 07:00:00,23.8,53.9,41.1,134.0,75.5,17.2,79.33,34.8,59.6,102.0,31.7,22.65,77.8,92.4,78.5,33.5,25.7,26.85,14.7,50.5,26.65,43.9,26.5,75.7,82.6,26.1,13.9,15.65,48.1,76.96,13.2,66.5,44.45,20.7,14.95,17.0,27.6,64.7,30.3,15.15,16.1,60.0,103.5,17.0,151.0,158.8,62.0,25.8,81.3,26.1,33.0
2026-03-20 07:00:00,23.5,53.7,41.1,130.5,77.6,16.85,81.23,34.6,58.0,101.9,30.85,22.85,76.5,88.8,78.0,32.4,25.5,26.55,14.65,49.95,26.4,44.0,26.35,75.5,82.1,26.9,14.8,15.4,46.6,76.56,13.55,69.9,44.35,19.94,14.9,16.95,27.3,64.0,30.1,15.2,16.0,59.8,102.0,16.9,148.0,157.5,61.5,25.9,81.6,26.15,32.75
2026-03-23 07:00:00,22.95,52.3,39.45,130.5,76.5,16.3,78.95,33.2,57.5,100.5,29.9,22.0,76.1,83.6,75.9,30.5,24.75,26.2,14.3,49.95,25.6,42.55,25.65,72.8,78.1,25.95,13.8,15.0,42.95,74.63,13.2,69.7,43.2,19.8,14.6,16.85,26.35,62.9,29.55,15.2,15.75,58.3,99.0,16.75,138.0,153.3,61.0,24.9,78.9,25.55,31.8
2026-03-24 07:00:00,23.1,51.8,39.6,125.5,80.3,16.65,77.52,33.95,53.5,100.2,29.75,22.2,75.9,82.7,74.7,29.85,24.9,26.3,14.55,50.1,25.45,41.95,26.0,72.8,76.8,25.9,13.4,15.45,42.1,72.3,13.0,67.5,45.1,19.85,14.55,16.8,26.5,62.0,29.85,15.95,15.95,59.0,99.6,16.9,132.4,153.0,61.8,25.65,80.0,25.65,31.7
2026-03-25 07:00:00,23.8,53.7,39.65,129.5,85.9,17.8,80.76,34.1,55.7,101.0,29.9,22.7,77.0,84.7,77.4,30.5,25.0,26.4,14.6,49.6,26.2,42.3,26.25,73.5,79.5,27.7,14.0,15.5,42.3,73.97,13.4,70.9,45.15,20.41,14.8,16.85,27.25,62.7,30.9,17.0,16.2,59.1,104.2,17.25,132.3,153.5,62.2,26.4,82.5,26.45,32.3
2026-03-26 07:00:00,23.7,54.4,39.7,128.8,85.7,18.6,81.9,34.1,55.0,101.6,31.2,22.75,77.0,83.0,77.8,30.5,25.0,26.35,14.55,49.9,26.1,42.0,26.35,73.2,78.9,28.15,14.5,15.6,41.3,74.3,13.35,72.5,44.65,20.46,15.04,16.75,26.85,62.1,30.7,16.5,16.15,58.6,104.3,17.25,130.9,155.0,62.1,26.5,83.0,26.3,32.3
2026-03-27 07:00:00,23.8,54.6,39.9,128.4,84.0,19.15,81.71,35.0,52.7,101.2,31.85,22.85,76.3,82.6,78.8,32.1,25.35,26.7,14.95,49.4,26.5,42.2,26.2,73.4,81.8,28.0,14.9,16.4,42.4,73.23,13.15,72.5,44.35,21.5,15.24,16.9,27.2,60.7,30.7,16.85,16.3,59.0,103.5,17.2,133.9,157.5,61.9,26.55,83.0,26.05,32.31
2026-03-30 07:00:00,23.8,54.4,39.55,128.0,86.5,18.9,81.52,34.75,51.0,101.1,31.7,23.3,75.2,83.2,79.8,33.4,25.3,27.1,15.1,49.3,26.25,42.1,26.1,75.3,80.8,28.6,14.25,16.85,43.0,71.97,13.25,74.2,44.55,21.5,15.24,16.9,26.9,63.4,30.5,16.9,16.2,58.5,103.6,17.1,132.2,158.5,61.5,26.4,84.3,25.7,32.3
2026-03-31 07:00:00,23.85,54.4,39.8,129.7,85.0,19.1,82.47,34.65,51.5,101.1,31.0,23.9,75.5,81.6,80.8,33.5,25.5,27.25,15.1,49.0,26.4,42.35,26.7,76.4,82.1,28.1,14.35,16.7,41.9,73.3,13.15,71.0,44.65,21.5,15.34,16.95,27.3,62.7,30.75,17.45,16.5,58.9,103.8,17.2,135.0,158.0,61.5,26.9,84.5,25.85,32.48
2026-04-01 07:00:00,23.9,55.0,40.6,132.5,84.8,19.2,83.71,35.3,51.4,102.2,30.05,24.05,76.3,81.3,80.9,33.0,26.0,27.45,15.15,49.95,26.8,42.7,27.1,77.4,83.9,28.25,14.55,16.75,41.85,73.1,13.15,70.5,44.8,21.45,15.44,17.05,28.5,63.7,31.35,17.9,16.75,59.2,110.2,17.4,144.3,166.9,62.2,27.35,86.5,27.55,33.04
2026-04-02 07:00:00,23.7,54.9,40.0,130.9,88.5,18.75,81.61,34.55,54.0,101.5,29.55,23.35,75.2,81.1,76.8,32.65,25.65,27.5,15.15,49.2,26.45,42.6,26.55,76.7,81.8,27.7,14.15,16.2,41.45,72.57,13.1,68.3,44.7,21.03,14.95,16.95,27.95,62.1,30.55,17.3,16.25,58.8,117.9,17.15,142.8,170.0,61.7,26.6,84.2,28.3,33.0
2026-04-03 07:00:00,23.7,54.7,39.75,129.8,85.3,18.9,78.66,34.5,57.4,101.4,29.65,23.1,75.5,80.9,74.0,32.9,25.7,27.4,15.05,49.4,26.3,43.5,26.45,77.1,81.5,27.35,14.75,16.35,41.35,72.5,12.95,67.4,44.75,20.93,14.9,16.95,27.8,62.3,30.5,17.25,16.15,58.5,125.0,17.0,144.9,170.5,61.7,26.4,89.7,28.25,33.0
2026-04-06 07:00:00,23.5,53.3,39.4,127.0,85.1,18.45,77.33,34.05,56.3,101.0,29.0,22.45,74.5,80.3,71.9,31.9,25.7,27.1,14.95,49.05,25.5,46.1,26.0,76.2,79.3,26.25,15.2,16.0,40.2,71.77,12.75,65.6,44.75,20.65,14.8,16.8,27.5,62.1,29.7,16.75,16.1,58.2,120.7,16.85,142.5,163.5,61.0,25.95,84.2,27.0,32.8
2026-04-07 07:00:00,23.4,53.2,39.5,126.1,81.9,17.95,76.19,33.85,54.2,100.1,28.55,22.45,74.5,79.4,72.5,31.85,25.55,27.1,14.8,48.9,25.05,48.55,25.8,75.7,78.8,25.6,14.9,15.7,39.55,70.04,12.65,66.0,44.6,20.6,14.7,16.8,27.5,62.0,29.3,16.6,16.0,58.3,118.0,16.8,146.9,163.5,61.2,26.1,82.0,26.35,32.79
2026-04-08 07:00:00,24.15,55.3,41.45,133.2,83.5,19.1,79.04,35.5,56.3,100.8,28.9,23.2,79.1,80.4,75.1,33.4,26.5,28.05,15.25,48.9,26.4,50.0,26.65,77.8,82.0,26.3,15.75,16.65,40.75,71.3,13.0,67.0,45.55,20.7,15.35,17.0,29.4,66.0,30.7,17.25,16.6,60.3,123.0,17.45,153.4,169.5,62.7,27.75,85.5,27.6,34.96
2026-04-09 07:00:00,24.05,56.3,41.15,133.2,83.0,19.45,80.95,35.3,55.8,100.5,29.45,23.0,79.2,79.9,74.4,33.0,26.25,28.6,15.55,49.0,26.95,49.4,26.7,79.5,82.0,26.2,16.85,17.1,40.5,73.3,13.1,67.3,45.45,20.7,15.5,17.35,29.25,68.8,31.6,17.8,16.45,60.1,127.5,17.4,154.0,167.8,62.1,27.5,84.0,28.05,34.95
2026-04-10 07:00:00,24.2,56.5,41.95,133.7,80.2,19.25,80.38,35.8,54.9,101.0,29.65,24.05,79.0,82.4,74.3,34.1,26.7,28.6,15.65,49.1,26.85,49.85,27.1,78.7,82.2,26.3,17.45,17.05,42.0,73.17,13.2,66.2,45.95,20.6,15.55,17.15,29.15,68.7,32.65,17.4,16.9,61.0,124.0,17.55,154.0,169.5,64.0,27.9,81.3,28.0,34.5
2026-04-13 07:00:00,24.0,55.8,40.75,135.5,77.3,19.8,80.0,35.0,55.4,100.4,29.7,23.5,77.0,82.2,73.8,34.15,26.15,28.15,15.4,48.8,26.6,50.1,26.65,77.6,81.3,26.8,17.5,16.85,41.95,73.97,13.3,67.2,46.0,20.6,15.25,17.15,28.75,68.7,32.15,17.35,16.5,59.5,124.2,18.05,162.0,167.0,62.8,27.2,81.3,28.05,34.35
2026-04-14 07:00:00,24.15,56.0,40.85,143.3,77.1,20.8,80.19,35.15,57.3,101.0,29.5,23.55,77.2,81.6,75.4,33.1,26.45,28.8,16.4,49.2,26.6,49.85,26.8,78.0,82.7,26.7,17.5,16.8,41.2,73.5,13.3,67.0,45.95,20.65,15.15,17.1,29.1,68.2,32.55,17.8,16.7,59.8,128.9,17.9,165.9,169.0,63.5,27.75,81.4,28.05,34.59
2026-04-15 07:00:00,24.2,55.8,41.0,146.0,76.4,20.4,80.38,35.3,56.7,100.0,29.0,23.3,77.0,80.5,75.2,33.15,26.5,28.75,16.6,49.0,26.95,48.7,26.85,78.4,82.0,26.5,18.2,16.85,40.7,74.97,13.25,66.8,46.35,20.65,15.4,17.05,29.15,66.5,32.55,17.7,16.6,60.5,137.9,17.75,177.0,178.4,62.6,27.85,84.0,29.7,34.78
2026-04-16 07:00:00,23.9,55.9,40.6,152.0,74.3,19.5,78.66,35.15,55.0,99.9,28.9,22.8,75.6,80.2,75.1,32.95,26.4,28.2,16.3,48.55,26.65,47.95,26.6,78.8,82.0,26.7,17.5,16.75,40.1,73.3,13.6,65.4,46.2,20.65,15.55,16.9,29.1,65.5,32.1,17.7,16.45,60.1,146.0,17.4,189.3,178.2,61.7,27.9,88.0,30.65,34.98
2026-04-17 07:00:00,23.85,56.5,40.7,151.8,74.1,19.75,79.9,34.9,55.9,99.8,29.45,22.8,78.0,80.4,76.0,34.15,26.5,28.25,16.1,48.4,26.45,47.9,26.6,82.5,86.9,26.5,17.45,16.5,40.45,74.97,13.4,64.8,46.45,20.65,15.5,16.85,29.15,65.2,32.45,17.7,16.4,59.9,146.5,17.45,200.0,178.1,62.7,28.5,86.8,30.0,35.16
2026-04-20 07:00:00,24.0,57.6,40.75,154.0,73.9,19.4,83.5,35.3,54.5,100.0,29.15,22.9,77.0,81.3,75.7,33.75,26.95,28.45,16.3,48.1,26.25,47.8,26.6,80.4,88.5,26.45,17.25,16.3,40.3,76.63,13.35,65.5,45.9,20.65,15.3,16.9,29.2,65.2,32.9,17.35,16.5,60.5,145.1,17.5,191.0,176.8,62.4,28.5,86.8,29.5,35.41
2026-04-21 07:00:00,24.05,57.0,41.3,154.4,72.9,19.4,83.5,35.45,54.4,100.4,28.75,23.4,77.4,80.1,75.3,33.2,27.1,29.45,16.5,48.6,26.15,48.8,26.6,80.9,87.4,26.6,18.1,16.3,40.0,77.03,13.3,66.0,45.7,20.6,15.4,16.85,29.1,68.6,32.85,17.25,16.5,60.6,155.0,17.55,201.9,180.2,62.7,28.25,87.0,30.3,36.0
2026-04-22 07:00:00,23.8,55.9,40.6,153.0,72.3,19.3,81.8,35.1,56.5,100.9,28.6,23.1,75.5,79.8,74.3,32.8,26.7,28.7,16.15,47.9,25.85,47.35,26.4,79.2,86.4,25.9,18.75,16.15,39.6,75.96,13.15,65.2,45.3,20.55,15.25,16.85,28.45,69.2,33.5,17.0,16.35,59.8,154.8,17.35,207.2,176.4,62.3,27.85,85.0,30.5,35.88
2026-04-23 07:00:00,23.9,55.2,43.05,150.8,71.5,19.15,86.7,36.8,54.8,100.0,28.25,23.3,76.0,79.5,75.5,33.45,26.95,28.35,16.05,47.45,25.75,47.4,27.0,79.3,86.8,25.45,19.8,16.35,39.7,76.6,13.1,65.0,48.2,20.5,15.2,16.8,28.5,67.0,33.7,17.25,16.65,63.5,152.7,17.55,218.9,178.0,62.5,28.1,85.2,30.45,36.28
