date,ACB,BCM,BID,BMP,BVH,CII,CTD,CTG,DGC,DHG,DPM,EIB,FPT,GAS,GMD,GVR,HDB,HPG,HSG,KDC,KDH,LPB,MBB,MSN,MWG,NT2,NVL,PDR,PLX,PNJ,POW,REE,SAB,SBT,SHB,SSB,SSI,STB,TCB,TCH,TPB,VCB,VHM,VIB,VIC,VJC,VNM,VPB,VPL,VRE,E1VFVN30
2014-10-06 07:00:00,,,,,,,,,,,,,,,,,,,,,,,,,,,,,,,,,,,,,,,,,,,,,,,,,,,10.4
2014-10-07 07:00:00,,,,,,,,,,,,,,,,,,,,,,,,,,,,,,,,,,,,,,,,,,,,,,,,,,,10.3
2014-10-08 07:00:00,,,,,,,,,,,,,,,,,,,,,,,,,,,,,,,,,,,,,,,,,,,,,,,,,,,10.3
2014-10-09 07:00:00,,,,,,,,,,,,,,,,,,,,,,,,,,,,,,,,,,,,,,,,,,,,,,,,,,,10.1
2014-10-10 07:00:00,,,,,,,,,,,,,,,,,,,,,,,,,,,,,,,,,,,,,,,,,,,,,,,,,,,9.9
2014-10-13 07:00:00,,,,,,,,,,,,,,,,,,,,,,,,,,,,,,,,,,,,,,,,,,,,,,,,,,,9.8
2014-10-14 07:00:00,,,,,,,,,,,,,,,,,,,,,,,,,,,,,,,,,,,,,,,,,,,,,,,,,,,9.8
2014-10-15 07:00:00,,,,,,,,,,,,,,,,,,,,,,,,,,,,,,,,,,,,,,,,,,,,,,,,,,,9.8
2014-10-16 07:00:00,,,,,,,,,,,,,,,,,,,,,,,,,,,,,,,,,,,,,,,,,,,,,,,,,,,9.6
2014-10-17 07:00:00,,,,,,,,,,,,,,,,,,,,,,,,,,,,,,,,,,,,,,,,,,,,,,,,,,,9.6
2014-10-20 07:00:00,,,,,,,,,,,,,,,,,,,,,,,,,,,,,,,,,,,,,,,,,,,,,,,,,,,9.8
2014-10-21 07:00:00,,,,,,,,,,,,,,,,,,,,,,,,,,,,,,,,,,,,,,,,,,,,,,,,,,,9.7
2014-10-22 07:00:00,,,,,,,,,,,,,,,,,,,,,,,,,,,,,,,,,,,,,,,,,,,,,,,,,,,9.8
2014-10-23 07:00:00,,,,,,,,,,,,,,,,,,,,,,,,,,,,,,,,,,,,,,,,,,,,,,,,,,,9.7
2014-10-24 07:00:00,,,,,,,,,,,,,,,,,,,,,,,,,,,,,,,,,,,,,,,,,,,,,,,,,,,9.7
2014-10-27 07:00:00,,,,,,,,,,,,,,,,,,,,,,,,,,,,,,,,,,,,,,,,,,,,,,,,,,,9.6
2014-10-28 07:00:00,,,,,,,,,,,,,,,,,,,,,,,,,,,,,,,,,,,,,,,,,,,,,,,,,,,9.5
2014-10-29 07:00:00,,,,,,,,,,,,,,,,,,,,,,,,,,,,,,,,,,,,,,,,,,,,,,,,,,,9.4
2014-10-30 07:00:00,,,,,,,,,,,,,,,,,,,,,,,,,,,,,,,,,,,,,,,,,,,,,,,,,,,9.6
2014-10-31 07:00:00,,,,,,,,,,,,,,,,,,,,,,,,,,,,,,,,,,,,,,,,,,,,,,,,,,,9.6
2014-11-03 07:00:00,,,,,,,,,,,,,,,,,,,,,,,,,,,,,,,,,,,,,,,,,,,,,,,,,,,9.8
2014-11-04 07:00:00,,,,,,,,,,,,,,,,,,,,,,,,,,,,,,,,,,,,,,,,,,,,,,,,,,,10.0
2014-11-05 07:00:00,,,,,,,,,,,,,,,,,,,,,,,,,,,,,,,,,,,,,,,,,,,,,,,,,,,9.9
2014-11-06 07:00:00,,,,,,,,,,,,,,,,,,,,,,,,,,,,,,,,,,,,,,,,,,,,,,,,,,,9.8
2014-11-07 07:00:00,,,,,,,,,,,,,,,,,,,,,,,,,,,,,,,,,,,,,,,,,,,,,,,,,,,9.8
2014-11-10 07:00:00,,,,,,,,,,,,,,,,,,,,,,,,,,,,,,,,,,,,,,,,,,,,,,,,,,,9.9
2014-11-11 07:00:00,,,,,,,,,,,,,,,,,,,,,,,,,,,,,,,,,,,,,,,,,,,,,,,,,,,9.9
2014-11-12 07:00:00,,,,,,,,,,,,,,,,,,,,,,,,,,,,,,,,,,,,,,,,,,,,,,,,,,,9.9
2014-11-13 07:00:00,,,,,,,,,,,,,,,,,,,,,,,,,,,,,,,,,,,,,,,,,,,,,,,,,,,9.9
2014-11-14 07:00:00,,,,,,,,,,,,,,,,,,,,,,,,,,,,,,,,,,,,,,,,,,,,,,,,,,,9.9
2014-11-17 07:00:00,,,,,,,,,,,,,,,,,,,,,,,,,,,,,,,,,,,,,,,,,,,,,,,,,,,9.9
2014-11-18 07:00:00,,,,,,,,,,,,,,,,,,,,,,,,,,,,,,,,,,,,,,,,,,,,,,,,,,,9.9
2014-11-19 07:00:00,,,,,,,,,,,,,,,,,,,,,,,,,,,,,,,,,,,,,,,,,,,,,,,,,,,9.8
2014-11-20 07:00:00,,,,,,,,,,,,,,,,,,,,,,,,,,,,,,,,,,,,,,,,,,,,,,,,,,,9.8
2014-11-21 07:00:00,,,,,,,,,,,,,,,,,,,,,,,,,,,,,,,,,,,,,,,,,,,,,,,,,,,9.6
2014-11-24 07:00:00,,,,,,,,,,,,,,,,,,,,,,,,,,,,,,,,,,,,,,,,,,,,,,,,,,,9.5
2014-11-25 07:00:00,,,,,,,,,,,,,,,,,,,,,,,,,,,,,,,,,,,,,,,,,,,,,,,,,,,9.5
2014-11-26 07:00:00,,,,,,,,,,,,,,,,,,,,,,,,,,,,,,,,,,,,,,,,,,,,,,,,,,,9.5
2014-11-27 07:00:00,,,,,,,,,,,,,,,,,,,,,,,,,,,,,,,,,,,,,,,,,,,,,,,,,,,9.5
2014-11-28 07:00:00,,,,,,,,,,,,,,,,,,,,,,,,,,,,,,,,,,,,,,,,,,,,,,,,,,,9.5
2014-12-01 07:00:00,,,,,,,,,,,,,,,,,,,,,,,,,,,,,,,,,,,,,,,,,,,,,,,,,,,9.5
2014-12-02 07:00:00,,,,,,,,,,,,,,,,,,,,,,,,,,,,,,,,,,,,,,,,,,,,,,,,,,,9.5
2014-12-03 07:00:00,,,,,,,,,,,,,,,,,,,,,,,,,,,,,,,,,,,,,,,,,,,,,,,,,,,9.5
2014-12-04 07:00:00,,,,,,,,,,,,,,,,,,,,,,,,,,,,,,,,,,,,,,,,,,,,,,,,,,,9.6
2014-12-05 07:00:00,,,,,,,,,,,,,,,,,,,,,,,,,,,,,,,,,,,,,,,,,,,,,,,,,,,9.7
2014-12-08 07:00:00,,,,,,,,,,,,,,,,,,,,,,,,,,,,,,,,,,,,,,,,,,,,,,,,,,,9.5
2014-12-09 07:00:00,,,,,,,,,,,,,,,,,,,,,,,,,,,,,,,,,,,,,,,,,,,,,,,,,,,9.4
2014-12-10 07:00:00,,,,,,,,,,,,,,,,,,,,,,,,,,,,,,,,,,,,,,,,,,,,,,,,,,,9.3
2014-12-11 07:00:00,,,,,,,,,,,,,,,,,,,,,,,,,,,,,,,,,,,,,,,,,,,,,,,,,,,9.4
2014-12-12 07:00:00,,,,,,,,,,,,,,,,,,,,,,,,,,,,,,,,,,,,,,,,,,,,,,,,,,,9.4
2014-12-15 07:00:00,,,,,,,,,,,,,,,,,,,,,,,,,,,,,,,,,,,,,,,,,,,,,,,,,,,9.5
2014-12-16 07:00:00,,,,,,,,,,,,,,,,,,,,,,,,,,,,,,,,,,,,,,,,,,,,,,,,,,,9.2
2014-12-17 07:00:00,,,,,,,,,,,,,,,,,,,,,,,,,,,,,,,,,,,,,,,,,,,,,,,,,,,8.9
2014-12-18 07:00:00,,,,,,,,,,,,,,,,,,,,,,,,,,,,,,,,,,,,,,,,,,,,,,,,,,,9.0
2014-12-19 07:00:00,,,,,,,,,,,,,,,,,,,,,,,,,,,,,,,,,,,,,,,,,,,,,,,,,,,9.0
2014-12-22 07:00:00,,,,,,,,,,,,,,,,,,,,,,,,,,,,,,,,,,,,,,,,,,,,,,,,,,,8.9
2014-12-23 07:00:00,,,,,,,,,,,,,,,,,,,,,,,,,,,,,,,,,,,,,,,,,,,,,,,,,,,9.0
2014-12-24 07:00:00,,,,,,,,,,,,,,,,,,,,,,,,,,,,,,,,,,,,,,,,,,,,,,,,,,,9.1
2014-12-25 07:00:00,,,,,,,,,,,,,,,,,,,,,,,,,,,,,,,,,,,,,,,,,,,,,,,,,,,9.1
2014-12-26 07:00:00,,,,,,,,,,,,,,,,,,,,,,,,,,,,,,,,,,,,,,,,,,,,,,,,,,,9.1
2014-12-29 07:00:00,,,,,,,,,,,,,,,,,,,,,,,,,,,,,,,,,,,,,,,,,,,,,,,,,,,9.0
2014-12-30 07:00:00,,,,,,,,,,,,,,,,,,,,,,,,,,,,,,,,,,,,,,,,,,,,,,,,,,,9.0
2014-12-31 07:00:00,,,,,,,,,,,,,,,,,,,,,,,,,,,,,,,,,,,,,,,,,,,,,,,,,,,9.1
2015-01-05 07:00:00,,,,,,,,,,,,,,,,,,,,,,,,,,,,,,,,,,,,,,,,,,,,,,,,,,,9.3
2015-01-06 07:00:00,,,,,,,,,,,,,,,,,,,,,,,,,,,,,,,,,,,,,,,,,,,,,,,,,,,9.2
2015-01-07 07:00:00,,,,,,,,,,,,,,,,,,,,,,,,,,,,,,,,,,,,,,,,,,,,,,,,,,,9.4
2015-01-08 07:00:00,,,,,,,,,,,,,,,,,,,,,,,,,,,,,,,,,,,,,,,,,,,,,,,,,,,9.3
2015-01-09 07:00:00,,,,,,,,,,,,,,,,,,,,,,,,,,,,,,,,,,,,,,,,,,,,,,,,,,,9.3
2015-01-12 07:00:00,,,,,,,,,,,,,,,,,,,,,,,,,,,,,,,,,,,,,,,,,,,,,,,,,,,9.5
2015-01-13 07:00:00,,,,,,,,,,,,,,,,,,,,,,,,,,,,,,,,,,,,,,,,,,,,,,,,,,,9.5
2015-01-14 07:00:00,,,,,,,,,,,,,,,,,,,,,,,,,,,,,,,,,,,,,,,,,,,,,,,,,,,9.5
2015-01-15 07:00:00,,,,,,,,,,,,,,,,,,,,,,,,,,,,,,,,,,,,,,,,,,,,,,,,,,,9.5
2015-01-16 07:00:00,,,,,,,,,,,,,,,,,,,,,,,,,,,,,,,,,,,,,,,,,,,,,,,,,,,9.5
2015-01-19 07:00:00,,,,,,,,,,,,,,,,,,,,,,,,,,,,,,,,,,,,,,,,,,,,,,,,,,,9.5
2015-01-20 07:00:00,,,,,,,,,,,,,,,,,,,,,,,,,,,,,,,,,,,,,,,,,,,,,,,,,,,9.4
2015-01-21 07:00:00,,,,,,,,,,,,,,,,,,,,,,,,,,,,,,,,,,,,,,,,,,,,,,,,,,,9.4
2015-01-22 07:00:00,,,,,,,,,,,,,,,,,,,,,,,,,,,,,,,,,,,,,,,,,,,,,,,,,,,9.4
2015-01-23 07:00:00,,,,,,,,,,,,,,,,,,,,,,,,,,,,,,,,,,,,,,,,,,,,,,,,,,,9.4
2015-01-26 07:00:00,,,,,,,,,,,,,,,,,,,,,,,,,,,,,,,,,,,,,,,,,,,,,,,,,,,9.5
2015-01-27 07:00:00,,,,,,,,,,,,,,,,,,,,,,,,,,,,,,,,,,,,,,,,,,,,,,,,,,,9.5
2015-01-28 07:00:00,,,,,,,,,,,,,,,,,,,,,,,,,,,,,,,,,,,,,,,,,,,,,,,,,,,9.4
2015-01-29 07:00:00,,,,,,,,,,,,,,,,,,,,,,,,,,,,,,,,,,,,,,,,,,,,,,,,,,,9.4
2015-01-30 07:00:00,,,,,,,,,,,,,,,,,,,,,,,,,,,,,,,,,,,,,,,,,,,,,,,,,,,9.4
2015-02-02 07:00:00,,,,,,,,,,,,,,,,,,,,,,,,,,,,,,,,,,,,,,,,,,,,,,,,,,,9.3
2015-02-03 07:00:00,,,,,,,,,,,,,,,,,,,,,,,,,,,,,,,,,,,,,,,,,,,,,,,,,,,9.3
2015-02-04 07:00:00,,,,,,,,,,,,,,,,,,,,,,,,,,,,,,,,,,,,,,,,,,,,,,,,,,,9.3
2015-02-05 07:00:00,,,,,,,,,,,,,,,,,,,,,,,,,,,,,,,,,,,,,,,,,,,,,,,,,,,9.2
2015-02-06 07:00:00,,,,,,,,,,,,,,,,,,,,,,,,,,,,,,,,,,,,,,,,,,,,,,,,,,,9.2
2015-02-09 07:00:00,,,,,,,,,,,,,,,,,,,,,,,,,,,,,,,,,,,,,,,,,,,,,,,,,,,9.3
2015-02-10 07:00:00,,,,,,,,,,,,,,,,,,,,,,,,,,,,,,,,,,,,,,,,,,,,,,,,,,,9.1
2015-02-11 07:00:00,,,,,,,,,,,,,,,,,,,,,,,,,,,,,,,,,,,,,,,,,,,,,,,,,,,9.2
2015-02-12 07:00:00,,,,,,,,,,,,,,,,,,,,,,,,,,,,,,,,,,,,,,,,,,,,,,,,,,,9.4
2015-02-13 07:00:00,,,,,,,,,,,,,,,,,,,,,,,,,,,,,,,,,,,,,,,,,,,,,,,,,,,9.5
2015-02-24 07:00:00,,,,,,,,,,,,,,,,,,,,,,,,,,,,,,,,,,,,,,,,,,,,,,,,,,,9.4
2015-02-25 07:00:00,,,,,,,,,,,,,,,,,,,,,,,,,,,,,,,,,,,,,,,,,,,,,,,,,,,9.5
2015-02-26 07:00:00,,,,,,,,,,,,,,,,,,,,,,,,,,,,,,,,,,,,,,,,,,,,,,,,,,,9.5
2015-02-27 07:00:00,,,,,,,,,,,,,,,,,,,,,,,,,,,,,,,,,,,,,,,,,,,,,,,,,,,9.5
2015-03-02 07:00:00,,,,,,,,,,,,,,,,,,,,,,,,,,,,,,,,,,,,,,,,,,,,,,,,,,,9.5
2015-03-03 07:00:00,,,,,,,,,,,,,,,,,,,,,,,,,,,,,,,,,,,,,,,,,,,,,,,,,,,9.5
2015-03-04 07:00:00,,,,,,,,,,,,,,,,,,,,,,,,,,,,,,,,,,,,,,,,,,,,,,,,,,,9.6
2015-03-05 07:00:00,,,,,,,,,,,,,,,,,,,,,,,,,,,,,,,,,,,,,,,,,,,,,,,,,,,9.6
2015-03-06 07:00:00,,,,,,,,,,,,,,,,,,,,,,,,,,,,,,,,,,,,,,,,,,,,,,,,,,,9.6
2015-03-09 07:00:00,,,,,,,,,,,,,,,,,,,,,,,,,,,,,,,,,,,,,,,,,,,,,,,,,,,9.5
2015-03-10 07:00:00,,,,,,,,,,,,,,,,,,,,,,,,,,,,,,,,,,,,,,,,,,,,,,,,,,,9.6
2015-03-11 07:00:00,,,,,,,,,,,,,,,,,,,,,,,,,,,,,,,,,,,,,,,,,,,,,,,,,,,9.5
2015-03-12 07:00:00,,,,,,,,,,,,,,,,,,,,,,,,,,,,,,,,,,,,,,,,,,,,,,,,,,,9.5
2015-03-13 07:00:00,,,,,,,,,,,,,,,,,,,,,,,,,,,,,,,,,,,,,,,,,,,,,,,,,,,9.5
2015-03-16 07:00:00,,,,,,,,,,,,,,,,,,,,,,,,,,,,,,,,,,,,,,,,,,,,,,,,,,,9.4
2015-03-17 07:00:00,,,,,,,,,,,,,,,,,,,,,,,,,,,,,,,,,,,,,,,,,,,,,,,,,,,9.4
2015-03-18 07:00:00,,,,,,,,,,,,,,,,,,,,,,,,,,,,,,,,,,,,,,,,,,,,,,,,,,,9.4
2015-03-19 07:00:00,,,,,,,,,,,,,,,,,,,,,,,,,,,,,,,,,,,,,,,,,,,,,,,,,,,9.3
2015-03-20 07:00:00,,,,,,,,,,,,,,,,,,,,,,,,,,,,,,,,,,,,,,,,,,,,,,,,,,,9.3
2015-03-23 07:00:00,,,,,,,,,,,,,,,,,,,,,,,,,,,,,,,,,,,,,,,,,,,,,,,,,,,9.4
2015-03-24 07:00:00,,,,,,,,,,,,,,,,,,,,,,,,,,,,,,,,,,,,,,,,,,,,,,,,,,,9.3
2015-03-25 07:00:00,,,,,,,,,,,,,,,,,,,,,,,,,,,,,,,,,,,,,,,,,,,,,,,,,,,9.2
2015-03-26 07:00:00,,,,,,,,,,,,,,,,,,,,,,,,,,,,,,,,,,,,,,,,,,,,,,,,,,,9.2
2015-03-27 07:00:00,,,,,,,,,,,,,,,,,,,,,,,,,,,,,,,,,,,,,,,,,,,,,,,,,,,9.3
2015-03-30 07:00:00,,,,,,,,,,,,,,,,,,,,,,,,,,,,,,,,,,,,,,,,,,,,,,,,,,,9.0
2015-03-31 07:00:00,,,,,,,,,,,,,,,,,,,,,,,,,,,,,,,,,,,,,,,,,,,,,,,,,,,9.0
2015-04-01 07:00:00,,,,,,,,,,,,,,,,,,,,,,,,,,,,,,,,,,,,,,,,,,,,,,,,,,,8.9
2015-04-02 07:00:00,,,,,,,,,,,,,,,,,,,,,,,,,,,,,,,,,,,,,,,,,,,,,,,,,,,8.7
2015-04-03 07:00:00,,,,,,,,,,,,,,,,,,,,,,,,,,,,,,,,,,,,,,,,,,,,,,,,,,,8.9
2015-04-06 07:00:00,,,,,,,,,,,,,,,,,,,,,,,,,,,,,,,,,,,,,,,,,,,,,,,,,,,8.9
2015-04-07 07:00:00,,,,,,,,,,,,,,,,,,,,,,,,,,,,,,,,,,,,,,,,,,,,,,,,,,,8.9
2015-04-08 07:00:00,,,,,,,,,,,,,,,,,,,,,,,,,,,,,,,,,,,,,,,,,,,,,,,,,,,8.9
2015-04-09 07:00:00,,,,,,,,,,,,,,,,,,,,,,,,,,,,,,,,,,,,,,,,,,,,,,,,,,,8.8
2015-04-10 07:00:00,,,,,,,,,,,,,,,,,,,,,,,,,,,,,,,,,,,,,,,,,,,,,,,,,,,8.9
2015-04-13 07:00:00,,,,,,,,,,,,,,,,,,,,,,,,,,,,,,,,,,,,,,,,,,,,,,,,,,,8.9
2015-04-14 07:00:00,,,,,,,,,,,,,,,,,,,,,,,,,,,,,,,,,,,,,,,,,,,,,,,,,,,8.9
2015-04-15 07:00:00,,,,,,,,,,,,,,,,,,,,,,,,,,,,,,,,,,,,,,,,,,,,,,,,,,,9.0
2015-04-16 07:00:00,,,,,,,,,,,,,,,,,,,,,,,,,,,,,,,,,,,,,,,,,,,,,,,,,,,9.1
2015-04-17 07:00:00,,,,,,,,,,,,,,,,,,,,,,,,,,,,,,,,,,,,,,,,,,,,,,,,,,,9.2
2015-04-20 07:00:00,,,,,,,,,,,,,,,,,,,,,,,,,,,,,,,,,,,,,,,,,,,,,,,,,,,9.1
2015-04-21 07:00:00,,,,,,,,,,,,,,,,,,,,,,,,,,,,,,,,,,,,,,,,,,,,,,,,,,,9.1
2015-04-22 07:00:00,,,,,,,,,,,,,,,,,,,,,,,,,,,,,,,,,,,,,,,,,,,,,,,,,,,9.1
2015-04-23 07:00:00,,,,,,,,,,,,,,,,,,,,,,,,,,,,,,,,,,,,,,,,,,,,,,,,,,,9.1
2015-04-24 07:00:00,,,,,,,,,,,,,,,,,,,,,,,,,,,,,,,,,,,,,,,,,,,,,,,,,,,9.1
2015-04-27 07:00:00,,,,,,,,,,,,,,,,,,,,,,,,,,,,,,,,,,,,,,,,,,,,,,,,,,,9.1
2015-05-04 07:00:00,,,,,,,,,,,,,,,,,,,,,,,,,,,,,,,,,,,,,,,,,,,,,,,,,,,8.9
2015-05-05 07:00:00,,,,,,,,,,,,,,,,,,,,,,,,,,,,,,,,,,,,,,,,,,,,,,,,,,,8.8
2015-05-06 07:00:00,,,,,,,,,,,,,,,,,,,,,,,,,,,,,,,,,,,,,,,,,,,,,,,,,,,8.9
2015-05-07 07:00:00,,,,,,,,,,,,,,,,,,,,,,,,,,,,,,,,,,,,,,,,,,,,,,,,,,,8.9
2015-05-08 07:00:00,,,,,,,,,,,,,,,,,,,,,,,,,,,,,,,,,,,,,,,,,,,,,,,,,,,8.9
2015-05-11 07:00:00,,,,,,,,,,,,,,,,,,,,,,,,,,,,,,,,,,,,,,,,,,,,,,,,,,,8.9
2015-05-12 07:00:00,,,,,,,,,,,,,,,,,,,,,,,,,,,,,,,,,,,,,,,,,,,,,,,,,,,8.8
2015-05-13 07:00:00,,,,,,,,,,,,,,,,,,,,,,,,,,,,,,,,,,,,,,,,,,,,,,,,,,,8.8
2015-05-14 07:00:00,,,,,,,,,,,,,,,,,,,,,,,,,,,,,,,,,,,,,,,,,,,,,,,,,,,8.8
2015-05-15 07:00:00,,,,,,,,,,,,,,,,,,,,,,,,,,,,,,,,,,,,,,,,,,,,,,,,,,,8.7
2015-05-18 07:00:00,,,,,,,,,,,,,,,,,,,,,,,,,,,,,,,,,,,,,,,,,,,,,,,,,,,8.6
2015-05-19 07:00:00,,,,,,,,,,,,,,,,,,,,,,,,,,,,,,,,,,,,,,,,,,,,,,,,,,,8.6
2015-05-20 07:00:00,,,,,,,,,,,,,,,,,,,,,,,,,,,,,,,,,,,,,,,,,,,,,,,,,,,8.6
2015-05-21 07:00:00,,,,,,,,,,,,,,,,,,,,,,,,,,,,,,,,,,,,,,,,,,,,,,,,,,,8.8
2015-05-22 07:00:00,,,,,,,,,,,,,,,,,,,,,,,,,,,,,,,,,,,,,,,,,,,,,,,,,,,8.9
2015-05-25 07:00:00,,,,,,,,,,,,,,,,,,,,,,,,,,,,,,,,,,,,,,,,,,,,,,,,,,,9.0
2015-05-26 07:00:00,,,,,,,,,,,,,,,,,,,,,,,,,,,,,,,,,,,,,,,,,,,,,,,,,,,9.0
2015-05-27 07:00:00,,,,,,,,,,,,,,,,,,,,,,,,,,,,,,,,,,,,,,,,,,,,,,,,,,,9.1
2015-05-28 07:00:00,,,,,,,,,,,,,,,,,,,,,,,,,,,,,,,,,,,,,,,,,,,,,,,,,,,9.1
2015-05-29 07:00:00,,,,,,,,,,,,,,,,,,,,,,,,,,,,,,,,,,,,,,,,,,,,,,,,,,,9.1
2015-06-01 07:00:00,,,,,,,,,,,,,,,,,,,,,,,,,,,,,,,,,,,,,,,,,,,,,,,,,,,9.0
2015-06-02 07:00:00,,,,,,,,,,,,,,,,,,,,,,,,,,,,,,,,,,,,,,,,,,,,,,,,,,,9.1
2015-06-03 07:00:00,,,,,,,,,,,,,,,,,,,,,,,,,,,,,,,,,,,,,,,,,,,,,,,,,,,9.0
2015-06-04 07:00:00,,,,,,,,,,,,,,,,,,,,,,,,,,,,,,,,,,,,,,,,,,,,,,,,,,,9.0
2015-06-05 07:00:00,,,,,,,,,,,,,,,,,,,,,,,,,,,,,,,,,,,,,,,,,,,,,,,,,,,9.0
2015-06-08 07:00:00,,,,,,,,,,,,,,,,,,,,,,,,,,,,,,,,,,,,,,,,,,,,,,,,,,,9.1
2015-06-09 07:00:00,,,,,,,,,,,,,,,,,,,,,,,,,,,,,,,,,,,,,,,,,,,,,,,,,,,9.1
2015-06-10 07:00:00,,,,,,,,,,,,,,,,,,,,,,,,,,,,,,,,,,,,,,,,,,,,,,,,,,,9.0
2015-06-11 07:00:00,,,,,,,,,,,,,,,,,,,,,,,,,,,,,,,,,,,,,,,,,,,,,,,,,,,9.0
2015-06-12 07:00:00,,,,,,,,,,,,,,,,,,,,,,,,,,,,,,,,,,,,,,,,,,,,,,,,,,,9.2
2015-06-15 07:00:00,,,,,,,,,,,,,,,,,,,,,,,,,,,,,,,,,,,,,,,,,,,,,,,,,,,9.2
2015-06-16 07:00:00,,,,,,,,,,,,,,,,,,,,,,,,,,,,,,,,,,,,,,,,,,,,,,,,,,,9.2
2015-06-17 07:00:00,,,,,,,,,,,,,,,,,,,,,,,,,,,,,,,,,,,,,,,,,,,,,,,,,,,9.2
2015-06-18 07:00:00,,,,,,,,,,,,,,,,,,,,,,,,,,,,,,,,,,,,,,,,,,,,,,,,,,,9.2
2015-06-19 07:00:00,,,,,,,,,,,,,,,,,,,,,,,,,,,,,,,,,,,,,,,,,,,,,,,,,,,9.2
2015-06-22 07:00:00,,,,,,,,,,,,,,,,,,,,,,,,,,,,,,,,,,,,,,,,,,,,,,,,,,,9.3
2015-06-23 07:00:00,,,,,,,,,,,,,,,,,,,,,,,,,,,,,,,,,,,,,,,,,,,,,,,,,,,9.4
2015-06-24 07:00:00,,,,,,,,,,,,,,,,,,,,,,,,,,,,,,,,,,,,,,,,,,,,,,,,,,,9.4
2015-06-25 07:00:00,,,,,,,,,,,,,,,,,,,,,,,,,,,,,,,,,,,,,,,,,,,,,,,,,,,9.4
2015-06-26 07:00:00,,,,,,,,,,,,,,,,,,,,,,,,,,,,,,,,,,,,,,,,,,,,,,,,,,,9.4
2015-06-29 07:00:00,,,,,,,,,,,,,,,,,,,,,,,,,,,,,,,,,,,,,,,,,,,,,,,,,,,9.5
2015-06-30 07:00:00,,,,,,,,,,,,,,,,,,,,,,,,,,,,,,,,,,,,,,,,,,,,,,,,,,,9.5
2015-07-01 07:00:00,,,,,,,,,,,,,,,,,,,,,,,,,,,,,,,,,,,,,,,,,,,,,,,,,,,9.6
2015-07-02 07:00:00,,,,,,,,,,,,,,,,,,,,,,,,,,,,,,,,,,,,,,,,,,,,,,,,,,,9.6
2015-07-03 07:00:00,,,,,,,,,,,,,,,,,,,,,,,,,,,,,,,,,,,,,,,,,,,,,,,,,,,9.8
2015-07-06 07:00:00,,,,,,,,,,,,,,,,,,,,,,,,,,,,,,,,,,,,,,,,,,,,,,,,,,,9.8
2015-07-07 07:00:00,,,,,,,,,,,,,,,,,,,,,,,,,,,,,,,,,,,,,,,,,,,,,,,,,,,10.0
2015-07-08 07:00:00,,,,,,,,,,,,,,,,,,,,,,,,,,,,,,,,,,,,,,,,,,,,,,,,,,,9.9
2015-07-09 07:00:00,,,,,,,,,,,,,,,,,,,,,,,,,,,,,,,,,,,,,,,,,,,,,,,,,,,9.9
2015-07-10 07:00:00,,,,,,,,,,,,,,,,,,,,,,,,,,,,,,,,,,,,,,,,,,,,,,,,,,,10.0
2015-07-13 07:00:00,,,,,,,,,,,,,,,,,,,,,,,,,,,,,,,,,,,,,,,,,,,,,,,,,,,10.0
2015-07-14 07:00:00,,,,,,,,,,,,,,,,,,,,,,,,,,,,,,,,,,,,,,,,,,,,,,,,,,,10.0
2015-07-15 07:00:00,,,,,,,,,,,,,,,,,,,,,,,,,,,,,,,,,,,,,,,,,,,,,,,,,,,10.1
2015-07-16 07:00:00,,,,,,,,,,,,,,,,,,,,,,,,,,,,,,,,,,,,,,,,,,,,,,,,,,,10.1
2015-07-17 07:00:00,,,,,,,,,,,,,,,,,,,,,,,,,,,,,,,,,,,,,,,,,,,,,,,,,,,10.1
2015-07-20 07:00:00,,,,,,,,,,,,,,,,,,,,,,,,,,,,,,,,,,,,,,,,,,,,,,,,,,,10.0
2015-07-21 07:00:00,,,,,,,,,,,,,,,,,,,,,,,,,,,,,,,,,,,,,,,,,,,,,,,,,,,10.0
2015-07-22 07:00:00,,,,,,,,,,,,,,,,,,,,,,,,,,,,,,,,,,,,,,,,,,,,,,,,,,,10.0
2015-07-23 07:00:00,,,,,,,,,,,,,,,,,,,,,,,,,,,,,,,,,,,,,,,,,,,,,,,,,,,10.1
2015-07-24 07:00:00,,,,,,,,,,,,,,,,,,,,,,,,,,,,,,,,,,,,,,,,,,,,,,,,,,,10.1
2015-07-27 07:00:00,,,,,,,,,,,,,,,,,,,,,,,,,,,,,,,,,,,,,,,,,,,,,,,,,,,10.2
2015-07-28 07:00:00,,,,,,,,,,,,,,,,,,,,,,,,,,,,,,,,,,,,,,,,,,,,,,,,,,,10.3
2015-07-29 07:00:00,,,,,,,,,,,,,,,,,,,,,,,,,,,,,,,,,,,,,,,,,,,,,,,,,,,10.2
2015-07-30 07:00:00,,,,,,,,,,,,,,,,,,,,,,,,,,,,,,,,,,,,,,,,,,,,,,,,,,,10.3
2015-07-31 07:00:00,,,,,,,,,,,,,,,,,,,,,,,,,,,,,,,,,,,,,,,,,,,,,,,,,,,10.2
2015-08-03 07:00:00,,,,,,,,,,,,,,,,,,,,,,,,,,,,,,,,,,,,,,,,,,,,,,,,,,,10.0
2015-08-04 07:00:00,,,,,,,,,,,,,,,,,,,,,,,,,,,,,,,,,,,,,,,,,,,,,,,,,,,10.0
2015-08-05 07:00:00,,,,,,,,,,,,,,,,,,,,,,,,,,,,,,,,,,,,,,,,,,,,,,,,,,,9.9
2015-08-06 07:00:00,,,,,,,,,,,,,,,,,,,,,,,,,,,,,,,,,,,,,,,,,,,,,,,,,,,10.0
2015-08-07 07:00:00,,,,,,,,,,,,,,,,,,,,,,,,,,,,,,,,,,,,,,,,,,,,,,,,,,,9.9
2015-08-10 07:00:00,,,,,,,,,,,,,,,,,,,,,,,,,,,,,,,,,,,,,,,,,,,,,,,,,,,9.9
2015-08-11 07:00:00,,,,,,,,,,,,,,,,,,,,,,,,,,,,,,,,,,,,,,,,,,,,,,,,,,,10.1
2015-08-12 07:00:00,,,,,,,,,,,,,,,,,,,,,,,,,,,,,,,,,,,,,,,,,,,,,,,,,,,10.1
2015-08-13 07:00:00,,,,,,,,,,,,,,,,,,,,,,,,,,,,,,,,,,,,,,,,,,,,,,,,,,,9.8
2015-08-14 07:00:00,,,,,,,,,,,,,,,,,,,,,,,,,,,,,,,,,,,,,,,,,,,,,,,,,,,9.8
2015-08-17 07:00:00,,,,,,,,,,,,,,,,,,,,,,,,,,,,,,,,,,,,,,,,,,,,,,,,,,,9.7
2015-08-18 07:00:00,,,,,,,,,,,,,,,,,,,,,,,,,,,,,,,,,,,,,,,,,,,,,,,,,,,9.6
2015-08-19 07:00:00,,,,,,,,,,,,,,,,,,,,,,,,,,,,,,,,,,,,,,,,,,,,,,,,,,,9.5
2015-08-20 07:00:00,,,,,,,,,,,,,,,,,,,,,,,,,,,,,,,,,,,,,,,,,,,,,,,,,,,9.5
2015-08-21 07:00:00,,,,,,,,,,,,,,,,,,,,,,,,,,,,,,,,,,,,,,,,,,,,,,,,,,,9.2
2015-08-24 07:00:00,,,,,,,,,,,,,,,,,,,,,,,,,,,,,,,,,,,,,,,,,,,,,,,,,,,8.9
2015-08-25 07:00:00,,,,,,,,,,,,,,,,,,,,,,,,,,,,,,,,,,,,,,,,,,,,,,,,,,,8.8
2015-08-26 07:00:00,,,,,,,,,,,,,,,,,,,,,,,,,,,,,,,,,,,,,,,,,,,,,,,,,,,8.9
2015-08-27 07:00:00,,,,,,,,,,,,,,,,,,,,,,,,,,,,,,,,,,,,,,,,,,,,,,,,,,,9.2
2015-08-28 07:00:00,,,,,,,,,,,,,,,,,,,,,,,,,,,,,,,,,,,,,,,,,,,,,,,,,,,9.3
2015-08-31 07:00:00,,,,,,,,,,,,,,,,,,,,,,,,,,,,,,,,,,,,,,,,,,,,,,,,,,,9.4
2015-09-01 07:00:00,,,,,,,,,,,,,,,,,,,,,,,,,,,,,,,,,,,,,,,,,,,,,,,,,,,9.3
2015-09-03 07:00:00,,,,,,,,,,,,,,,,,,,,,,,,,,,,,,,,,,,,,,,,,,,,,,,,,,,9.1
2015-09-04 07:00:00,,,,,,,,,,,,,,,,,,,,,,,,,,,,,,,,,,,,,,,,,,,,,,,,,,,9.1
2015-09-07 07:00:00,,,,,,,,,,,,,,,,,,,,,,,,,,,,,,,,,,,,,,,,,,,,,,,,,,,9.1
2015-09-08 07:00:00,,,,,,,,,,,,,,,,,,,,,,,,,,,,,,,,,,,,,,,,,,,,,,,,,,,9.1
2015-09-09 07:00:00,,,,,,,,,,,,,,,,,,,,,,,,,,,,,,,,,,,,,,,,,,,,,,,,,,,9.2
2015-09-10 07:00:00,,,,,,,,,,,,,,,,,,,,,,,,,,,,,,,,,,,,,,,,,,,,,,,,,,,9.3
2015-09-11 07:00:00,,,,,,,,,,,,,,,,,,,,,,,,,,,,,,,,,,,,,,,,,,,,,,,,,,,9.2
2015-09-14 07:00:00,,,,,,,,,,,,,,,,,,,,,,,,,,,,,,,,,,,,,,,,,,,,,,,,,,,9.3
2015-09-15 07:00:00,,,,,,,,,,,,,,,,,,,,,,,,,,,,,,,,,,,,,,,,,,,,,,,,,,,9.1
2015-09-16 07:00:00,,,,,,,,,,,,,,,,,,,,,,,,,,,,,,,,,,,,,,,,,,,,,,,,,,,9.1
2015-09-17 07:00:00,,,,,,,,,,,,,,,,,,,,,,,,,,,,,,,,,,,,,,,,,,,,,,,,,,,9.2
2015-09-18 07:00:00,,,,,,,,,,,,,,,,,,,,,,,,,,,,,,,,,,,,,,,,,,,,,,,,,,,9.3
2015-09-21 07:00:00,,,,,,,,,,,,,,,,,,,,,,,,,,,,,,,,,,,,,,,,,,,,,,,,,,,9.2
2015-09-22 07:00:00,,,,,,,,,,,,,,,,,,,,,,,,,,,,,,,,,,,,,,,,,,,,,,,,,,,9.3
2015-09-23 07:00:00,,,,,,,,,,,,,,,,,,,,,,,,,,,,,,,,,,,,,,,,,,,,,,,,,,,9.4
2015-09-24 07:00:00,,,,,,,,,,,,,,,,,,,,,,,,,,,,,,,,,,,,,,,,,,,,,,,,,,,9.3
2015-09-25 07:00:00,,,,,,,,,,,,,,,,,,,,,,,,,,,,,,,,,,,,,,,,,,,,,,,,,,,9.3
2015-09-28 07:00:00,3.06,,,,,,,,,28.48,7.13,7.73,,,10.55,,,3.02,5.64,,4.91,,2.82,37.42,6.82,,,3.44,,,,,,,,,,13.52,,,,,,,,,,,,,9.3
2015-09-29 07:00:00,2.98,,,,,,,,,28.26,7.04,7.67,,,10.45,,,2.97,5.63,,4.89,,2.78,37.42,6.77,,,3.35,,,,,,,,,,13.44,,,,,,,,,,,,,9.2
2015-09-30 07:00:00,3.08,,,,,,,,,28.7,7.06,7.73,,,10.58,,,3.02,5.65,,4.89,,2.84,37.68,6.77,,,3.37,,,,,,,,,,13.52,,,,,,,,,,,,,9.2
2015-10-01 07:00:00,2.78,,,,,,,,,28.92,7.06,7.67,,,10.45,,,3.04,5.7,,4.86,,2.86,37.94,6.77,,,3.37,,,,,,,,,,13.6,,,,,,,,,,,,,9.3
2015-10-02 07:00:00,3.08,,,,,,,,,29.13,7.09,7.67,,,10.52,,,3.07,5.71,,4.89,,2.86,38.19,6.82,,,3.35,,,,,,,,,,13.6,,,,,,,,,,,,,9.2
2015-10-05 07:00:00,3.06,,,,,,,,,29.35,7.2,7.67,,,10.67,,,3.08,5.75,,4.84,,2.86,37.68,6.82,,,3.39,,,,,,,,,,13.52,,,,,,,,,,,,,9.2
2015-10-06 07:00:00,3.13,,,,,,,,,31.11,7.29,7.67,,,11.57,,,3.15,5.89,,4.91,,2.9,37.94,7.05,,,3.32,,,,,,,,,,13.77,,,,,,,,,,,,,9.4
2015-10-07 07:00:00,3.16,,,,,,,,,30.23,7.22,7.54,,,11.29,,,3.14,5.91,,4.91,,2.92,38.19,7.33,,,3.25,,,,,,,,,,14.1,,,,,,,,,,,,,9.4
2015-10-08 07:00:00,3.14,,,,,,,,,29.79,7.27,7.41,,,11.32,,,3.14,5.89,,4.93,,2.84,37.94,7.49,,,3.32,,,,,,,,,,14.43,,,,,,,,,,,,,9.4
2015-10-09 07:00:00,3.24,,,,,,,,,30.23,7.29,7.47,,,11.69,,,3.21,5.99,,4.98,,2.82,38.19,7.49,,,3.3,,,,,,,,,,15.01,,,,,,,,,,,,,9.6
2015-10-12 07:00:00,3.25,,,,,,,,,29.57,7.36,7.47,,,11.88,,,3.24,6.03,,4.95,,2.78,37.94,7.38,,,3.32,,,,,,,,,,14.77,,,,,,,,,,,,,9.6
2015-10-13 07:00:00,3.27,,,,,,,,,29.35,7.36,7.54,,,11.91,,,3.24,6.05,,4.91,,2.78,37.94,7.33,,,3.28,,,,,,,,,,14.93,,,,,,,,,,,,,9.6
2015-10-14 07:00:00,3.25,,,,,,,,,29.35,7.36,7.47,,,11.91,,,3.23,6.07,,4.93,,2.78,37.94,7.49,,,3.23,,,,,,,,,,14.77,,,,,,,,,,,,,9.5
2015-10-15 07:00:00,3.25,,,,,,,,,29.35,7.38,7.47,,,12.0,,,3.23,6.05,,4.95,,2.74,37.94,7.55,,,3.2,,,,,,,,,,14.6,,,,,,,,,,,,,9.5
2015-10-16 07:00:00,3.28,,,,,,,,,29.35,7.31,7.47,,,12.03,,,3.19,6.13,,4.98,,2.76,37.94,7.61,,,3.28,,,,,,,,,,14.0,,,,,,,,,,,,,9.6
2015-10-19 07:00:00,3.22,,,,,,,,,29.57,7.4,7.54,,,11.88,,,3.18,6.2,,4.98,,2.76,38.45,7.77,,,3.23,,,,,,,,,,14.7,,,,,,,,,,,,,9.6
2015-10-20 07:00:00,3.24,,,,,,,,,29.79,7.27,7.54,,,12.0,,,3.13,6.03,,5.0,,2.73,37.68,7.66,,,3.13,,,,,,,,,,14.2,,,,,,,,,,,,,9.6
2015-10-21 07:00:00,3.25,,,,,,,,,29.79,7.31,7.54,,,12.77,,,3.11,6.05,,5.0,,2.67,37.68,7.49,,,3.06,,,,,,,,,,14.1,,,,,,,,,,,,,9.6
2015-10-22 07:00:00,3.24,,,,,,,,,30.01,7.31,7.6,,,12.65,,,3.11,6.05,,5.04,,2.69,37.94,7.44,,,3.09,,,,,,,,,,14.1,,,,,,,,,,,,,9.6
2015-10-23 07:00:00,3.28,,,,,,,,,30.23,7.4,7.6,,,12.87,,,3.16,6.09,,5.04,,2.71,37.94,7.55,,,3.23,,,,,,,,,,14.3,,,,,,,,,,,,,9.7
2015-10-26 07:00:00,3.3,,,,,,,,,29.79,7.38,7.6,,,12.68,,,3.19,6.31,,4.95,,2.69,37.68,7.55,,,3.23,,,,,,,,,,14.1,,,,,,,,,,,,,9.8
2015-10-27 07:00:00,3.27,,,,,,,,,29.79,7.38,7.6,,,12.9,,,3.16,6.31,,4.98,,2.65,37.42,7.49,,,3.16,,,,,,,,,,13.6,,,,,,,,,,,,,9.7
2015-10-28 07:00:00,3.27,,,,,,,,,29.79,7.4,7.6,,,12.99,,,3.14,6.44,,5.07,,2.65,37.42,7.49,,,3.04,,,,,,,,,,13.5,,,,,,,,,,,,,9.7
2015-10-29 07:00:00,3.27,,,,,,,,,30.01,7.4,7.6,,,13.02,,,3.14,6.41,,5.26,,2.63,37.68,7.66,,,2.87,,,,,,,,,,13.1,,,,,,,,,,,,,9.7
2015-10-30 07:00:00,3.28,,,,,,,,,30.89,7.47,7.6,,,12.99,,,3.14,6.44,,5.28,,2.67,37.68,8.17,,,2.9,,,,,,,,,,13.3,,,,,,,,,,,,,9.8
2015-11-02 07:00:00,3.24,,,,,,,,,30.23,7.45,7.54,,,12.96,,,3.1,6.23,,5.23,,2.71,37.68,8.05,,,3.01,,,,,,,,,,13.2,,,,,,,,,,,,,9.7
2015-11-03 07:00:00,3.24,,,,,,,,,30.01,7.45,7.47,,,12.84,,,3.09,6.1,,5.28,,2.69,37.68,7.94,,,3.11,,,,,,,,,,13.2,,,,,,,,,,,,,9.8
2015-11-04 07:00:00,3.24,,,,,,,,,29.79,7.65,7.41,,,13.15,,,3.09,6.27,,5.49,,2.69,37.94,8.17,,,3.06,,,,,,,,,,13.1,,,,,,,,,,,,,9.9
2015-11-05 07:00:00,3.24,,,,,,,,,29.57,7.65,7.41,,,13.08,,,3.1,6.24,,5.49,,2.69,38.19,8.05,,,3.09,,,,,,,,,,12.9,,,,,,,,,,,,,9.9
2015-11-06 07:00:00,3.2,,,,,,,,,29.79,7.68,7.41,,,12.53,,,3.08,6.17,,5.55,,2.67,37.94,8.11,,,3.09,,,,,,,,,,12.9,,,,,,,,,,,,,9.9
2015-11-09 07:00:00,3.24,,,,,,,,,30.23,7.56,7.41,,,12.06,,,3.07,6.12,,5.52,,2.69,37.68,8.05,,,3.01,,,,,,,,,,12.8,,,,,,,,,,,,,9.9
2015-11-10 07:00:00,3.2,,,,,,,,,30.23,7.4,7.41,,,12.16,,,3.04,6.2,,5.52,,2.71,37.42,8.11,,,2.99,,,,,,,,,,12.7,,,,,,,,,,,,,9.8
2015-11-11 07:00:00,3.16,,,,,,,,,30.45,7.4,7.21,,,12.28,,,3.03,6.2,,5.55,,2.71,37.42,8.17,,,3.01,,,,,,,,,,12.7,,,,,,,,,,,,,9.8
2015-11-12 07:00:00,3.16,,,,,,,,,30.23,7.29,7.34,,,12.21,,,2.98,6.16,,5.52,,2.73,37.16,8.28,,,3.01,,,,,,,,,,12.2,,,,,,,,,,,,,9.7
2015-11-13 07:00:00,3.2,,,,,,,,,29.79,7.36,7.34,,,12.47,,,2.99,6.13,,5.57,,2.76,37.16,8.5,,,2.99,,,,,,,,,,12.3,,,,,,,,,,,,,9.8
2015-11-16 07:00:00,3.17,,,,,,,,,30.01,7.38,7.34,,,12.86,,,2.96,6.12,,5.65,,2.78,36.9,8.61,,,3.04,,,,,,,,,,12.5,,,,,,,,,,,,,9.9
2015-11-17 07:00:00,3.17,,,,,,,,,29.79,7.43,7.28,,,12.86,,,2.96,6.14,,5.73,,2.76,37.16,8.67,,,3.16,,,,,,,,,,12.4,,,,,,,,,,,,,9.8
2015-11-18 07:00:00,3.17,,,,,,,,,29.79,7.47,7.28,,,12.8,,,3.0,6.16,,5.68,,2.74,37.42,8.61,,,3.13,,,,,,,,,,12.3,,,,,,,,,,,,,9.8
2015-11-19 07:00:00,3.17,,,,,,,,,30.01,7.38,7.28,,,12.5,,,2.98,6.14,,5.62,,2.76,37.42,8.67,,,3.16,,,,,,,,,,12.2,,,,,,,,,,,,,9.7
2015-11-20 07:00:00,3.17,,,,,,,,,29.79,7.36,7.28,,,12.47,,,2.96,6.16,,5.65,,2.76,37.42,8.73,,,3.32,,,,,,,,,,12.2,,,,,,,,,,,,,9.7
2015-11-23 07:00:00,3.14,,,,,,,,,30.01,7.43,7.08,,,12.34,,,3.0,6.09,,5.68,,2.74,36.9,8.95,,,3.37,,,,,,,,,,12.3,,,,,,,,,,,,,9.7
2015-11-24 07:00:00,2.86,,,,,,,,,29.79,7.36,7.21,,,12.27,,,3.01,6.09,,5.62,,2.71,35.87,9.0,,,3.3,,,,,,,,,,12.3,,,,,,,,,,,,,9.5
2015-11-25 07:00:00,3.06,,,,,,,,,29.35,7.29,7.21,,,12.21,,,2.99,6.02,,5.6,,2.71,35.87,8.95,,,3.25,,,,,,,,,,12.1,,,,,,,,,,,,,9.6
2015-11-26 07:00:00,3.09,,10.74,31.91,45.65,15.02,,,,29.35,7.34,7.21,,21.45,12.34,,,3.12,6.09,,5.57,,2.71,35.87,9.06,10.43,,3.28,,,,,,,,,,11.7,,,,13.64,,,,,45.96,,,,9.7
2015-11-27 07:00:00,3.08,,10.64,31.41,44.44,14.95,,,,29.13,7.2,7.08,,21.25,12.24,,,3.13,5.76,,5.47,,2.71,35.61,8.61,10.39,,3.2,,,,,,,,,,11.5,,,,13.25,,,,,45.96,,,,9.4
2015-11-30 07:00:00,3.01,,10.09,30.41,43.63,14.61,,,,28.92,7.11,6.82,,20.36,11.95,,,3.04,5.75,,5.41,,2.67,35.36,8.33,10.36,,3.16,,,,,,,,,,10.9,,,,12.89,,,,,45.96,,,,9.4
2015-12-01 07:00:00,3.03,,10.14,30.91,42.02,14.68,,,,28.7,7.15,6.76,,20.31,11.88,,,3.03,5.76,,5.47,,2.67,35.61,8.33,10.36,,3.09,,,,,,,,,,10.8,,,,12.62,,,,,45.21,,,,9.4
2015-12-02 07:00:00,3.06,,10.44,30.91,40.4,15.23,,,,29.13,7.04,6.82,,20.21,11.92,,,3.03,5.85,,5.55,,2.69,35.87,8.39,10.36,,3.06,,,,,,,,,,10.8,,,,12.62,,,,,45.21,,,,9.3
2015-12-03 07:00:00,3.08,,10.64,31.41,40.4,15.09,,,,28.7,7.04,6.82,,19.82,11.98,,,3.05,5.87,,5.57,,2.69,36.39,8.45,10.39,,2.99,,,,,,,,,,11.2,,,,12.62,,,,,45.21,,,,9.3
2015-12-04 07:00:00,3.05,,10.44,31.41,39.59,14.95,,,,28.92,7.04,6.76,8.88,19.92,11.95,,,3.01,5.85,,5.55,,2.67,36.65,8.28,10.51,,3.01,,,,,,,,,,11.2,,,,12.65,,,,,45.21,,,,9.3
2015-12-07 07:00:00,3.08,,10.24,31.66,38.79,14.95,,,,28.48,7.09,6.69,8.85,19.52,12.01,,,2.98,5.87,,5.47,,2.65,36.39,8.39,10.59,,3.04,,,,,,,,,,11.0,,,,12.23,,,11.34,,44.84,,,,9.3
2015-12-08 07:00:00,3.05,,10.14,31.41,38.06,14.82,,,,28.48,7.04,6.56,8.77,18.83,12.18,,,2.96,5.85,,5.47,,2.63,36.65,8.28,10.67,,3.04,,,,,,,,,6.4,10.9,,,,12.02,,,11.28,,44.09,,,,9.2
2015-12-09 07:00:00,3.08,,10.34,32.66,42.02,14.68,,,,28.7,7.02,6.56,8.98,19.17,12.7,,,2.98,5.96,,5.47,,2.65,36.65,8.33,10.51,,3.01,,,,,,,,,6.37,10.8,,,,12.38,,,11.28,,45.96,,,,9.3
2015-12-10 07:00:00,3.05,,10.14,32.16,40.81,14.54,,,,27.82,7.0,6.5,8.9,18.88,12.44,,,2.94,5.93,,5.44,,2.63,36.13,8.28,10.51,,3.01,,,,,,,,,6.37,10.9,,,,12.32,,,11.15,,45.59,,,,9.2
2015-12-11 07:00:00,3.05,,10.09,32.16,40.0,14.61,,,,27.82,6.93,6.63,8.88,18.78,12.5,,,2.94,5.96,,5.49,,2.63,36.39,8.22,10.7,,3.01,,,,,,,,,6.32,11.4,,,,12.26,,,11.15,,45.59,,,,9.2
2015-12-14 07:00:00,3.01,,9.99,32.41,39.92,14.54,,,,27.82,7.2,7.41,8.9,18.38,12.63,,,3.06,6.0,,5.49,,2.65,35.87,8.33,10.36,,3.01,,,,,,,,,6.4,11.5,,,,12.38,,,11.09,,45.59,,,,9.2
2015-12-15 07:00:00,3.06,,9.94,32.66,39.92,14.54,,,,27.82,7.15,7.28,8.9,18.73,12.63,,,3.05,5.95,,5.52,,2.65,35.36,8.45,10.39,,3.06,,,,,,,,,6.46,11.4,,,,12.5,,,11.12,,46.33,,,,9.4
2015-12-16 07:00:00,3.03,,10.04,33.16,40.24,14.75,,,,27.82,7.15,7.08,9.07,18.98,12.83,,,3.05,5.93,,5.83,,2.65,35.36,8.56,10.39,,3.06,,,,,,,,,6.46,11.3,,,,13.01,,,11.23,,47.08,,,,9.3
2015-12-17 07:00:00,3.06,,10.64,33.41,40.81,14.75,,7.9,,28.04,7.15,7.28,9.13,18.78,13.12,,,3.03,5.93,,5.91,,2.67,34.84,8.73,10.39,,3.09,,,,,,,,,6.43,11.6,,,,13.1,,,11.28,,47.45,,,,9.3
2015-12-18 07:00:00,3.05,,10.59,33.9,40.4,14.68,,7.86,,28.48,6.95,7.15,9.11,18.58,13.09,,,3.02,5.96,,5.91,,2.67,34.58,8.78,10.16,,3.09,,,,,,,,,6.4,11.5,,,,12.38,,,10.8,,47.45,,,,9.4
2015-12-21 07:00:00,3.01,,10.34,33.16,41.21,14.61,,7.77,,28.48,7.06,7.15,9.0,18.13,12.93,,,2.98,5.93,,5.75,,2.65,35.1,8.67,10.32,,3.13,,,,,,,,,6.34,11.5,,,,12.62,,,11.07,,46.71,,,,9.3
2015-12-22 07:00:00,3.06,,10.34,32.91,40.81,14.54,,7.77,,28.7,7.18,7.15,8.96,18.18,12.89,,,2.96,5.85,,5.55,,2.65,34.84,8.61,10.32,,3.09,,,,,,,,,6.34,11.6,,,,12.71,,,11.17,,46.71,,,,9.2
2015-12-23 07:00:00,3.03,,10.39,32.15,40.81,14.47,,7.69,,28.92,7.11,7.15,8.9,18.23,12.86,,,2.94,5.8,,5.57,,2.63,34.58,8.67,10.24,,3.04,,,,,,,,,6.29,11.6,,,,12.62,,,11.12,,45.96,,,,9.2
2015-12-24 07:00:00,3.03,,10.29,32.15,41.21,14.47,,7.69,8.38,28.7,7.15,7.15,8.9,18.53,13.02,,,2.95,5.76,,5.57,,2.65,35.36,8.73,10.2,,3.06,,,,,,,,,6.26,11.6,,,,12.68,,,11.26,,45.96,,,,9.2
2015-12-25 07:00:00,3.03,,10.24,31.9,41.61,14.61,,7.65,8.4,27.6,7.11,7.08,8.88,18.53,13.19,,,2.94,5.73,,5.62,,2.65,36.9,8.67,10.16,,3.09,,,,,,,,,6.2,11.5,,,,12.68,,,11.34,,45.96,,,,9.3
2015-12-28 07:00:00,3.03,,10.04,32.15,42.02,14.68,,7.65,8.5,28.26,7.03,7.08,8.88,18.23,13.25,,,2.89,5.67,,5.6,,2.63,40.52,8.61,10.08,,3.06,,,,,,,,,6.2,11.6,,,,12.77,,,11.44,,46.33,,,,9.3
2015-12-29 07:00:00,3.01,,10.09,32.66,41.61,14.68,,7.6,8.8,28.48,7.06,6.89,8.96,17.84,13.64,,,2.87,5.67,,5.57,,2.63,40.26,8.84,10.01,,3.06,,,,,,,,,6.15,11.6,,,,12.74,,,11.61,,46.71,,,,9.4
2015-12-30 07:00:00,3.05,,10.39,32.66,43.23,14.82,,7.82,8.97,28.7,7.13,7.02,9.0,17.94,13.61,,,2.9,5.76,,5.57,,2.63,39.74,8.89,10.12,,3.06,,,,,,,,,6.29,12.0,,,,13.19,,,11.88,,47.08,,,,9.4
2015-12-31 07:00:00,3.09,,10.29,32.41,42.83,14.88,,7.82,8.8,28.92,7.11,7.21,8.98,17.94,13.67,,,2.89,5.73,,5.6,,2.63,38.19,8.73,10.24,,3.11,,,,,,,,,6.23,12.3,,,,13.16,,,12.17,,47.08,,,,9.6
2016-01-04 07:00:00,3.11,,10.14,32.15,42.02,14.95,,7.69,8.92,28.7,7.01,7.21,8.9,17.94,13.84,,,2.88,5.78,,5.6,,2.65,38.97,8.73,10.2,,3.13,,,,,,,,,6.12,12.3,,,,12.8,,,12.2,,46.71,,,,9.4
2016-01-05 07:00:00,3.06,,10.04,31.65,42.02,15.5,,7.65,8.97,28.48,7.01,7.21,8.88,17.84,13.8,,,2.85,5.76,,5.57,,2.65,37.68,8.67,10.28,,3.11,,,,,,,,,5.89,12.3,,,,12.74,,,12.63,,46.71,,,,9.4
2016-01-06 07:00:00,3.06,,10.04,31.65,42.42,15.44,,7.69,8.97,28.48,7.08,7.15,8.9,17.89,13.77,,,2.85,5.8,,5.57,,2.65,37.94,8.73,10.36,,3.13,,,,,,,,,5.84,12.4,,,,12.77,,,12.6,,46.33,,,,9.3
2016-01-07 07:00:00,3.01,,9.54,31.4,41.61,15.37,,7.56,8.88,27.82,7.03,7.15,8.75,17.09,13.19,,,2.81,5.69,,5.55,,2.63,38.19,8.39,10.32,,3.13,,,,,,,,,5.67,12.4,,,,12.62,,,12.55,,45.59,,,,9.3
2016-01-08 07:00:00,3.01,,9.19,30.65,40.81,15.09,,7.52,8.8,28.04,6.98,7.08,8.57,17.04,12.86,,,2.75,5.64,,5.49,,2.59,39.23,8.17,10.28,,3.16,,,,,,,,,5.55,12.3,,,,12.53,,,12.69,,45.21,,,,9.1
2016-01-11 07:00:00,3.0,,9.49,30.65,40.81,15.23,,7.48,8.71,28.04,7.01,7.02,8.55,17.24,12.8,,,2.76,5.65,,5.52,,2.59,38.71,8.17,10.28,,3.16,,,,,,,,,5.58,12.3,,,,12.56,,,12.85,,45.21,,,,9.1
2016-01-12 07:00:00,3.01,,9.54,30.14,40.81,15.44,,7.48,8.48,27.82,6.98,7.08,8.51,16.89,12.83,,,2.76,5.65,,5.18,,2.59,38.97,8.17,10.28,,3.13,,,,,,,,,5.64,12.2,,,,12.62,,,12.85,,45.21,,,,9.2
2016-01-13 07:00:00,3.01,,9.49,31.15,41.21,15.44,,7.52,8.44,28.04,7.03,7.21,8.62,17.19,13.02,,,2.75,5.67,16.07,5.44,,2.61,38.71,8.33,10.32,,3.16,,,,,,,,,5.75,12.3,,,,12.71,,,12.74,,45.21,,,,9.2
2016-01-14 07:00:00,3.0,,9.24,31.15,39.03,14.95,,7.35,8.37,27.6,6.91,7.34,8.57,16.99,12.89,,,2.64,5.38,15.37,5.39,,2.57,37.94,8.11,10.28,,3.11,,,,,,,,,5.58,11.8,,,,12.47,,,12.74,,44.84,,,,9.0
2016-01-15 07:00:00,3.01,,8.93,30.9,37.98,15.16,,7.39,8.39,27.6,6.84,7.28,8.57,16.99,12.8,,,2.53,5.35,14.54,5.36,,2.57,36.13,8.11,10.2,,3.11,,,,,,,,,5.58,11.1,,,,12.2,,,12.79,,44.84,,,,9.0
2016-01-18 07:00:00,2.93,,8.33,29.39,35.88,14.68,,6.97,8.09,26.94,6.61,6.95,8.25,15.8,12.11,,,2.39,4.98,13.84,5.23,,2.48,34.84,7.55,9.81,,3.04,,,,,,,,,5.24,10.6,,,,11.41,,,12.15,,42.6,,,,8.6
2016-01-19 07:00:00,2.97,,8.33,29.89,37.01,14.95,,7.09,8.27,26.72,6.71,6.95,8.32,15.76,12.57,,,2.48,5.09,14.54,5.31,,2.5,35.36,7.66,10.08,,3.04,,,,,,,,,5.38,10.8,,,,11.6,,,12.74,,43.34,,,,8.7
2016-01-20 07:00:00,2.97,,8.43,29.89,37.98,15.02,,7.18,8.36,26.94,6.71,6.95,8.36,15.21,12.67,,,2.47,5.0,14.89,5.26,,2.54,35.87,7.77,10.2,,3.04,,,,,,,,,5.38,10.9,,,,11.87,,,12.71,,43.72,,,,8.8
2016-01-21 07:00:00,2.93,,7.93,29.64,37.25,14.95,,6.92,8.62,26.29,6.76,6.82,8.31,14.76,12.67,,,2.48,4.67,14.61,5.23,,2.5,36.9,7.66,10.12,,2.99,,,,,,,,,5.33,10.6,,,,11.75,,,12.77,,42.97,,,,8.7
2016-01-22 07:00:00,2.93,,7.38,28.13,37.17,14.95,,6.71,8.44,27.38,6.76,6.56,8.25,14.96,12.6,,,2.53,4.51,14.61,5.21,,2.5,35.87,7.49,9.97,,3.01,,,,,,,,,5.36,10.6,,,,11.6,,,12.9,,41.85,,,,8.6
2016-01-25 07:00:00,2.97,,7.78,29.64,38.38,15.16,,7.01,8.65,27.6,6.91,6.5,8.38,16.75,12.86,,,2.6,4.64,14.68,5.26,,2.59,36.9,7.77,10.36,,3.06,,,,,,,,,5.61,10.9,,,,12.02,,,12.96,,42.97,,,,8.8
2016-01-26 07:00:00,2.97,,7.78,29.14,39.19,15.16,,7.14,8.64,26.72,6.81,6.56,8.55,16.35,12.86,,,2.63,4.75,15.16,5.23,,2.63,37.16,7.83,10.08,,3.06,,,,,,,,,5.67,11.1,,,,12.11,,,12.77,,42.6,,,,8.8
2016-01-27 07:00:00,2.98,,8.23,28.89,39.84,15.3,,7.39,8.64,27.16,6.88,6.69,8.6,17.94,12.93,,,2.66,4.91,15.16,5.28,,2.67,37.42,7.89,10.12,,3.06,,,,,,,,,5.78,11.2,,,,12.17,,,12.66,,42.97,,,,8.8
2016-01-28 07:00:00,2.97,,8.28,29.39,39.92,15.3,,7.31,8.71,27.16,6.88,6.56,8.53,17.98,12.96,,,2.65,5.04,15.51,5.49,,2.71,37.16,7.83,10.01,,3.06,,,,,,,,,5.72,11.2,,,,12.11,,,12.69,,43.34,,,,9.0
2016-01-29 07:00:00,2.98,,8.23,29.64,39.59,15.3,,7.22,8.72,28.04,6.93,6.56,8.55,18.38,12.7,,,2.65,5.11,15.44,5.44,,2.71,37.16,7.83,10.01,,3.06,,,,,,,,,5.7,11.2,,,,12.11,,,12.74,,42.97,,,,8.9
2016-02-01 07:00:00,2.97,,8.18,29.64,40.4,15.37,,7.26,8.62,28.92,7.11,6.69,8.57,18.58,13.02,,,2.67,5.05,14.96,5.41,,2.71,36.9,7.94,10.16,,3.04,,,,,,,,,5.72,11.2,,,,12.23,,,12.69,,43.34,,,,8.9
2016-02-02 07:00:00,2.97,,8.03,29.64,40.16,15.44,,7.22,8.67,28.48,7.03,6.63,8.6,17.59,12.99,,,2.64,5.0,14.96,5.39,,2.69,36.39,8.0,10.05,,3.04,,,,,,,,,5.67,11.1,,,,12.11,,,12.6,,44.09,,,,9.0
2016-02-03 07:00:00,3.0,,8.03,29.14,39.75,15.3,,7.09,8.62,31.11,7.03,6.63,8.6,17.14,12.76,,,2.63,4.91,14.61,5.39,,2.71,36.39,7.94,10.05,,3.04,,,,,,,,,5.64,10.9,,,,11.81,,,12.42,,44.09,,,,8.8
2016-02-04 07:00:00,3.0,,8.13,30.4,40.16,15.37,,7.22,8.09,31.98,7.21,6.89,8.66,18.68,13.02,,,2.69,5.04,15.58,5.41,,2.71,37.16,8.05,10.08,,3.04,,,,,,,,,5.75,11.0,,,,12.02,,,12.69,,45.59,,,,8.9
2016-02-05 07:00:00,3.0,,8.08,30.4,40.16,15.44,,7.31,8.69,31.98,7.21,6.95,8.66,18.58,13.06,,,2.68,5.09,15.58,5.44,,2.74,37.42,8.05,10.08,,3.06,,,,,,,,,5.78,11.1,,,,11.9,,,12.52,,45.59,,,,9.0
2016-02-15 07:00:00,2.98,,8.08,30.14,39.75,15.3,,7.18,8.8,31.98,7.06,6.69,8.62,18.58,13.06,,,2.6,5.07,15.44,5.44,,2.8,36.65,8.0,10.01,,3.04,,,,,,,,,5.81,10.8,,,,11.84,,,12.28,,45.59,,,,8.8
2016-02-16 07:00:00,3.01,,8.13,30.4,39.84,15.57,,7.26,8.51,32.86,7.11,6.63,8.7,18.98,13.15,,,2.64,5.09,15.24,5.47,,2.8,36.9,8.0,10.12,,3.04,,,,,,,,,5.86,10.9,,,,12.05,,,12.28,,47.45,,,,9.0
2016-02-17 07:00:00,3.01,,8.03,31.65,40.0,15.5,,7.22,8.64,34.61,7.08,6.56,8.85,19.32,13.25,,,2.65,5.15,14.89,5.47,,2.82,36.9,8.05,10.16,,3.04,,,,,,,,,5.89,10.6,,,,11.96,,,12.28,,48.2,,,,9.0
2016-02-18 07:00:00,3.03,,8.08,32.15,40.08,15.57,,7.22,8.62,34.39,7.06,6.5,8.87,20.02,13.15,,,2.68,5.18,14.96,5.49,,2.82,36.9,8.05,10.36,,3.06,,,,,,,,,5.89,10.6,,,,11.99,,,12.34,,47.83,,,,9.0
2016-02-19 07:00:00,3.03,,8.08,31.9,40.16,15.5,,7.31,8.94,34.17,7.01,6.63,8.87,20.21,12.73,,,2.68,5.16,15.1,5.6,,2.82,36.9,8.28,10.36,,3.06,,,,,,,,,5.95,10.8,,,,12.05,,,11.96,,47.83,,,,9.0
2016-02-22 07:00:00,3.01,,8.33,32.15,40.32,15.44,,7.22,9.08,34.39,6.96,6.69,8.88,20.96,12.63,,,2.69,5.16,15.3,5.6,,2.93,36.9,8.33,10.32,,3.06,,,,,,,,,5.95,10.8,,,,12.02,,,12.04,,47.83,,,,9.0
2016-02-23 07:00:00,3.05,,8.48,32.66,41.61,15.44,,7.26,8.99,36.14,7.03,6.69,8.9,21.4,12.7,,,2.72,5.24,15.44,5.57,,2.9,37.94,8.56,10.28,,3.06,,,,,,,,,6.29,10.8,,,,12.23,,,12.2,,48.2,,,,8.5
2016-02-24 07:00:00,2.89,,8.43,32.41,41.21,15.44,,7.22,8.9,36.14,7.03,6.63,8.87,20.81,12.7,,,2.68,5.22,16.0,5.55,,2.84,37.94,8.5,10.2,,3.06,,,,,,,,,6.26,10.8,,,,12.23,,,12.17,,48.2,,,,9.2
2016-02-25 07:00:00,3.13,,9.09,32.41,41.61,15.3,,7.65,8.88,36.36,7.01,6.69,8.87,20.71,12.63,,,2.72,5.27,16.7,5.52,,2.86,37.16,8.5,10.28,,3.06,,,,,,,,,6.29,11.0,,,,12.5,,,12.25,,48.2,,,,9.2
2016-02-26 07:00:00,3.13,,9.14,32.41,41.21,15.3,,7.73,8.97,36.36,7.01,6.82,8.83,20.81,12.63,,,2.73,5.35,16.63,5.52,,2.82,36.9,8.45,10.28,,3.06,,,,9.36,,,,,6.29,11.0,,,,12.41,,,12.06,,47.83,,,,9.2
2016-02-29 07:00:00,3.09,,8.88,32.41,41.61,15.3,,7.56,8.85,38.12,7.01,6.76,8.87,21.11,12.83,,,2.79,5.49,16.49,5.52,,2.76,37.16,8.39,10.28,,3.09,,,,9.25,,,,,6.34,11.0,,,,12.32,,,11.9,,47.83,,,,9.2
2016-03-01 07:00:00,3.11,,8.88,32.41,41.61,15.85,,7.48,8.88,38.77,7.03,6.76,8.87,21.16,12.73,,,2.73,5.55,16.56,5.49,,2.74,37.16,8.39,10.16,,3.09,,,,9.21,,,,,6.34,10.9,,,,12.23,,,11.77,,47.83,,,,9.1
2016-03-02 07:00:00,3.08,,8.98,33.91,42.02,15.78,,7.52,8.88,38.77,7.03,6.82,9.0,21.7,12.7,,,2.68,5.56,16.56,5.47,,2.82,37.16,8.45,10.32,,3.25,,,,9.66,,,,,6.43,10.9,,,,12.32,,,11.93,,48.2,,,,9.2
2016-03-03 07:00:00,3.06,,9.03,34.16,44.44,15.64,,7.56,8.94,38.12,7.23,6.82,9.09,22.15,12.7,,,2.7,5.62,16.63,5.47,,2.82,37.94,8.78,10.59,,3.28,,,,9.47,,,,,6.46,11.0,,,,12.47,,,12.15,,48.95,,,,9.2
2016-03-04 07:00:00,3.06,,9.09,34.16,44.04,15.78,,7.56,8.85,37.46,7.28,6.76,9.05,22.2,12.67,,,2.69,5.64,16.76,5.49,,2.82,38.19,8.73,10.63,,3.28,,,,9.4,,,,,6.43,10.9,,,,12.47,,,12.2,,48.58,,,,9.2
2016-03-07 07:00:00,3.09,,8.98,33.91,44.44,15.71,,7.52,8.92,36.8,7.25,6.76,9.05,23.63,12.7,,,2.75,6.04,16.84,5.49,,2.8,38.19,8.78,10.94,,3.3,,,,9.51,,,,,6.4,10.9,,,,12.53,,,12.28,,48.95,,,,9.2
2016-03-08 07:00:00,3.01,,8.88,33.66,43.63,15.85,,7.43,8.9,35.92,7.18,6.76,8.94,23.78,12.93,,,2.82,6.15,17.25,5.49,,2.78,38.45,8.73,11.05,,3.39,,,,9.44,,,,,6.32,10.9,,,,12.44,,,12.31,,48.58,,,,9.2
2016-03-09 07:00:00,3.03,,8.68,33.66,42.02,16.12,,7.39,8.88,36.58,7.16,6.76,8.9,23.34,12.86,,,2.85,6.05,16.97,5.55,,2.8,38.97,8.73,10.78,,3.37,,,,9.32,,,,,6.29,10.8,,,,12.41,,,12.55,,48.58,,,,9.2
2016-03-10 07:00:00,3.05,,8.73,33.16,42.42,16.06,,7.39,8.8,37.24,7.16,6.76,8.92,23.68,13.02,,,2.84,6.13,17.04,5.68,,2.8,38.19,8.73,10.82,,3.35,,,,9.32,,,,,6.34,10.8,,,,12.32,,,12.52,,48.2,,,,9.2
2016-03-11 07:00:00,3.05,,8.88,33.91,42.83,16.06,,7.39,8.69,37.46,7.13,6.69,9.02,23.63,13.02,,,2.85,6.18,17.18,5.91,,2.8,37.94,8.78,10.98,,3.32,,,,9.36,,,,,6.4,10.8,,,,12.47,,,12.25,,48.58,,,,9.3
2016-03-14 07:00:00,3.03,,8.83,33.91,42.83,16.19,,7.35,8.48,37.24,7.13,6.69,9.07,23.83,13.15,,,2.9,6.33,17.04,5.81,,2.78,38.19,8.84,10.98,,3.32,,,,9.36,,,,,6.37,10.8,,,,12.41,,,12.15,,50.07,,,,9.2
2016-03-15 07:00:00,3.03,,8.73,33.91,42.02,16.33,,7.26,7.99,36.58,7.18,6.69,9.03,22.94,13.02,,,2.97,6.27,16.7,5.94,,2.76,37.68,8.78,10.78,,3.3,,,,9.32,,,,,6.32,10.8,,,,12.47,,,12.09,,50.07,,,,9.2
2016-03-16 07:00:00,3.03,,8.73,33.91,42.42,16.4,,7.31,7.88,36.58,7.18,6.69,9.02,22.99,12.93,,,2.98,6.25,16.49,5.96,,2.76,37.68,8.61,10.94,,3.35,,,,9.28,,,,,6.29,10.7,,,,12.65,,,12.04,,50.44,,,,9.2
2016-03-17 07:00:00,3.01,,8.88,34.16,43.63,16.4,,7.35,8.09,36.36,7.21,6.69,9.03,24.27,12.99,,,2.99,6.36,16.56,6.28,,2.76,37.16,8.5,11.09,,3.3,,,,9.44,,,,,6.26,10.8,,,,12.83,,,12.12,,51.19,,,,9.3
2016-03-18 07:00:00,3.01,,8.68,34.41,42.83,16.19,,7.35,8.32,36.8,7.13,6.76,9.13,23.91,12.96,,,2.97,6.49,16.7,6.17,,2.78,36.9,8.56,11.29,,3.28,,,,9.44,,,,,6.2,10.4,,,,12.68,,,11.9,,51.19,,,,9.3
2016-03-21 07:00:00,2.89,,8.83,36.17,42.83,16.12,,7.35,8.13,36.36,7.13,6.69,9.13,23.29,12.8,,,2.98,6.35,16.7,6.09,,2.76,36.13,8.67,11.33,,3.3,,,,9.36,,,,,6.2,10.6,,,,12.86,,,12.06,,50.44,,,,9.3
2016-03-22 07:00:00,2.97,,8.68,34.67,42.02,16.06,,7.26,7.92,36.14,7.11,6.63,9.07,23.08,12.7,,,2.95,6.42,16.28,5.91,,2.76,35.61,8.61,11.33,,3.37,,,,9.28,,,,,6.09,10.5,,,,12.86,,,12.12,,49.32,,,,9.3
2016-03-23 07:00:00,2.95,,8.68,34.92,42.02,16.12,,7.26,8.04,36.36,7.13,6.63,9.03,23.49,12.67,,,2.91,6.38,16.42,5.99,,2.76,36.13,8.61,11.44,,3.32,,,,9.32,,,,,6.06,10.4,,,,12.86,,,12.04,,49.7,,,,9.3
2016-03-24 07:00:00,2.97,,8.63,35.67,42.42,16.19,,7.18,7.93,37.68,7.13,6.63,9.02,23.34,12.7,,,2.88,6.29,16.49,6.02,,2.74,37.16,8.67,11.48,,3.35,,,,9.36,,,,,6.09,10.3,,,,12.62,,,12.15,,49.7,,,,9.2
2016-03-25 07:00:00,2.95,,8.48,36.68,41.61,16.06,,7.05,7.92,37.02,7.13,6.63,8.87,23.13,12.7,,,2.87,6.15,16.49,5.99,,2.74,37.16,8.73,11.79,,3.35,,,,9.28,,,,,6.03,10.3,,,,12.5,,,12.15,,49.32,,,,9.1
2016-03-28 07:00:00,2.93,,8.58,37.43,42.42,16.33,,7.14,7.97,36.8,7.11,6.63,8.92,23.29,12.7,,,2.91,6.27,16.56,6.02,,2.74,37.94,8.73,12.22,,3.37,,,,9.25,,,,,6.06,10.3,,,,12.8,,,12.39,,49.7,,,,9.2
2016-03-29 07:00:00,2.93,,8.48,37.68,42.02,16.26,,7.05,7.88,37.24,7.11,6.63,8.83,22.51,12.7,,,2.98,6.36,16.35,5.99,,2.74,37.42,8.61,13.38,,3.51,,,,9.21,,,,,5.89,10.1,,,,12.62,,,12.58,,50.07,,,,9.1
2016-03-30 07:00:00,2.79,,8.38,37.68,41.61,16.19,,7.01,7.83,37.68,7.11,6.63,8.79,22.15,12.67,,,2.95,6.36,16.35,5.94,,2.71,37.16,8.56,13.03,,3.49,,,,9.25,,,,,5.92,10.1,,,,12.5,,,12.39,,49.7,,,,9.2
2016-03-31 07:00:00,2.86,,8.38,36.42,40.4,16.26,,6.92,7.84,35.92,7.11,6.69,8.77,21.22,12.67,,,2.94,6.27,16.35,5.96,,2.71,36.9,8.45,12.88,,3.49,,,,9.25,,,,,5.92,10.1,,,,12.32,,,12.52,,50.07,,,,9.1
2016-04-01 07:00:00,2.9,,8.33,35.67,39.59,16.26,,6.88,7.74,36.36,7.11,6.63,8.7,21.17,12.53,,,2.88,6.09,16.28,5.94,,2.65,36.39,8.39,12.33,,3.49,,,,9.1,,,,,5.89,10.1,,,,12.26,,,12.63,,49.7,,,,9.1
2016-04-04 07:00:00,2.86,,8.28,36.17,39.75,16.4,,6.88,7.65,36.8,7.11,6.43,8.7,20.8,12.21,,,2.89,6.25,16.14,5.99,,2.65,35.87,8.39,12.29,,3.49,,,,9.02,,,1.78,,5.92,10.1,,,,12.17,,,12.63,,49.7,,,,9.1
2016-04-05 07:00:00,2.86,,8.28,36.17,39.92,16.47,,6.92,7.92,37.02,7.11,6.43,8.7,20.49,12.21,,,2.91,6.33,16.21,6.04,,2.67,35.87,8.39,12.33,,3.54,,,,8.98,,,1.78,,6.0,10.1,,,,12.23,,,12.55,,50.44,,,,9.0
2016-04-06 07:00:00,2.82,,8.33,37.43,40.4,16.54,,6.92,7.97,37.46,7.11,6.43,8.74,21.63,12.4,,,2.93,6.51,16.21,6.02,,2.69,35.87,8.39,12.57,,3.54,,,,8.98,,,1.78,,6.12,10.1,,,,12.29,,,12.66,,50.44,,,,9.2
2016-04-07 07:00:00,2.86,,8.43,37.68,40.81,16.54,,7.01,8.16,37.46,7.11,6.56,8.83,22.56,12.47,,,3.01,6.85,16.49,6.02,,2.71,36.13,8.45,12.8,,3.51,,,,9.02,,,1.78,,6.15,10.1,,,,12.35,,,12.71,,50.82,,,,9.2
2016-04-08 07:00:00,2.89,,8.43,36.93,40.81,17.16,,7.05,8.18,37.02,7.11,6.63,8.87,22.62,12.47,,,3.0,6.96,16.84,5.99,,2.71,35.61,8.45,12.6,,3.54,,,,8.98,,,1.78,,6.12,10.1,,,,12.41,,,12.66,,52.31,,,,9.3
2016-04-11 07:00:00,2.9,,8.28,37.68,41.21,17.23,,6.97,8.27,39.43,7.08,6.76,8.85,23.24,12.53,,,3.11,7.13,17.74,6.07,,2.71,35.87,8.56,12.53,,3.63,,,,8.98,,,1.81,,6.12,10.0,,,,12.29,,,12.82,,53.43,,,,9.3
2016-04-12 07:00:00,2.9,,8.08,37.43,42.42,17.3,,6.84,8.39,39.87,7.06,6.76,8.85,23.29,12.89,,,3.14,7.2,17.32,6.2,,2.71,36.13,8.5,12.53,,3.66,,,,8.98,,,1.81,,6.15,9.9,,,,12.32,,,13.77,,53.06,,,,9.3
2016-04-13 07:00:00,2.86,,7.78,36.68,42.02,17.16,,6.8,8.27,39.87,7.08,6.63,8.85,23.65,12.76,,,3.09,7.15,17.18,6.2,,2.69,35.61,8.45,13.07,,3.68,,,,8.94,,,1.81,,6.09,9.9,,,,12.56,,,13.63,,53.06,,,,9.3
2016-04-14 07:00:00,2.82,,7.88,36.17,42.02,17.02,,6.84,8.27,39.43,7.13,6.63,8.85,23.55,12.73,,,3.11,7.27,17.04,6.2,,2.71,35.87,8.39,13.07,,3.7,,,,8.94,,,1.78,,6.09,10.1,,,,12.56,,,13.9,,52.69,,,,9.4
2016-04-15 07:00:00,2.82,,7.98,35.92,42.02,17.02,,6.84,8.36,38.99,7.08,6.63,8.79,23.81,12.67,,,3.13,7.27,17.39,6.15,,2.71,35.61,8.33,12.88,,3.73,,,,8.83,,,1.81,,6.09,10.1,,,,12.71,,,14.04,,53.43,,,,9.4
2016-04-19 07:00:00,2.81,,7.83,34.41,41.21,16.81,67.08,6.75,8.18,36.58,7.08,6.63,8.75,22.82,12.44,,,3.09,7.16,17.11,5.91,,2.69,35.1,8.28,12.6,,3.66,,,,8.68,,14.99,1.78,,5.95,10.0,,,,12.68,,,13.42,,51.94,,,,9.2
2016-04-20 07:00:00,2.81,,7.83,32.91,40.81,16.74,70.01,6.71,8.04,36.36,7.16,6.63,8.74,22.98,12.44,,,3.08,7.47,17.18,5.91,,2.71,34.84,8.17,12.6,,3.61,,,,8.64,,15.33,1.75,,5.89,9.9,,,,12.65,,,13.42,,50.44,,,,9.1
2016-04-21 07:00:00,2.78,,7.83,33.66,41.21,16.81,71.27,6.75,8.09,36.8,7.28,6.69,8.77,23.65,12.47,,,3.14,7.84,17.11,5.94,,2.71,34.84,8.17,12.39,,3.58,,,,8.64,,15.33,1.78,,5.95,9.9,,,,12.8,,,13.63,,50.44,,,,9.2
2016-04-22 07:00:00,2.78,,7.88,33.91,42.42,16.95,70.85,6.75,8.09,37.02,7.23,6.69,8.77,24.32,12.57,,,3.15,8.09,17.11,5.99,,2.74,35.61,8.17,11.97,,3.51,,,,8.72,,15.87,1.78,,5.98,10.1,,,,12.89,,,13.9,,51.19,,,,9.3
2016-04-25 07:00:00,2.84,,8.78,34.92,44.85,16.95,71.27,7.22,8.16,37.02,7.23,6.69,8.9,25.0,12.63,,,3.29,8.11,17.32,5.99,,2.78,34.84,8.45,12.14,,3.49,,10.69,,8.98,,16.26,1.81,,6.12,10.1,,,,13.79,,,14.17,,51.94,,,,9.5
2016-04-26 07:00:00,2.84,,8.58,34.67,44.44,16.88,70.85,7.14,8.06,36.58,7.23,6.69,8.85,24.69,12.67,,,3.25,8.03,17.46,5.96,,2.78,35.1,8.56,12.06,,3.44,,11.2,,8.94,,16.12,1.78,,6.17,10.2,,,,13.67,,,14.17,,51.94,,,,9.4
2016-04-27 07:00:00,2.82,,8.43,34.16,46.06,16.81,72.95,7.01,7.97,37.24,7.28,6.76,8.85,25.88,12.86,,,3.24,8.49,18.23,5.94,,2.78,35.36,8.45,12.01,,3.32,,11.71,,8.94,,16.31,1.78,,6.17,10.1,,,,13.79,,,14.04,,51.56,,,,9.5
2016-04-28 07:00:00,2.81,,8.28,34.41,45.25,16.68,72.95,6.84,8.13,37.02,7.23,6.76,8.88,26.13,12.8,,,3.22,8.59,18.23,5.94,,2.78,35.61,8.39,11.93,,3.3,,11.51,,8.91,,16.31,1.78,,6.06,10.1,,,,13.73,,,14.04,,51.56,,,,9.4
2016-04-29 07:00:00,2.79,,8.28,34.67,45.25,16.74,72.11,6.84,7.95,36.8,7.28,6.76,9.0,26.13,13.15,,,3.24,8.75,18.23,5.96,,2.82,35.61,8.39,11.93,,3.32,,11.61,,8.91,,16.07,1.81,,6.03,10.2,,,,13.7,,,14.04,,51.56,,,,9.5
2016-05-04 07:00:00,2.79,,8.53,34.92,47.67,16.95,72.53,6.92,7.8,36.58,7.28,6.76,8.88,25.25,13.28,,,3.39,9.21,18.23,5.99,,2.82,36.13,8.39,12.14,,3.35,,11.61,,8.87,,16.02,1.81,,5.98,10.2,,,,13.58,,,13.77,,51.94,,,,9.5
2016-05-05 07:00:00,2.79,,8.63,35.67,48.08,16.95,71.69,6.97,7.73,37.46,7.4,6.76,8.9,25.88,13.64,,,3.46,9.54,18.5,5.94,,2.84,36.39,8.61,12.06,,3.35,,11.61,,8.87,,16.07,1.81,,6.0,10.2,,,,13.91,,,13.9,,53.06,,,,9.6
2016-05-06 07:00:00,2.81,,8.88,35.92,47.67,17.09,72.11,7.09,7.69,37.46,7.4,6.82,8.85,25.77,13.38,,,3.4,9.43,18.43,5.94,,2.84,36.65,8.9,12.1,,3.37,,11.61,,9.02,,16.26,1.81,,6.0,10.2,,,,14.18,,,14.04,,53.06,,,,9.6
2016-05-09 07:00:00,2.81,,8.88,35.67,46.06,17.09,73.58,7.31,7.71,37.24,7.4,6.82,8.79,25.88,13.45,,,3.4,9.31,18.23,5.89,,2.86,36.9,8.84,12.18,,3.39,,11.51,,8.98,,16.02,1.81,,5.98,10.2,,,,14.42,,,14.04,,53.43,,,,9.5
2016-05-10 07:00:00,2.81,,8.78,35.67,45.65,17.02,73.15,7.22,7.68,36.8,7.35,6.95,8.75,25.62,13.45,,,3.33,8.98,18.09,5.86,,2.82,36.13,8.84,12.27,,3.39,,11.81,,8.91,,14.94,1.81,,5.86,10.2,,,,14.3,,,13.77,,53.06,,,,9.5
2016-05-11 07:00:00,2.81,,9.24,35.67,47.27,17.23,73.58,7.35,7.69,37.24,7.4,7.02,8.81,26.13,13.74,,,3.4,9.25,18.09,5.89,,2.88,36.39,8.84,12.56,,3.44,,12.12,,9.03,,14.84,1.81,,5.67,10.3,,,,14.51,,,14.04,,53.43,,,,9.6
2016-05-12 07:00:00,2.86,,9.24,36.17,48.08,17.64,76.18,7.48,7.73,37.02,7.45,7.08,8.83,26.91,13.8,,,3.41,9.21,18.3,5.94,,2.86,36.9,8.78,12.6,,3.42,,12.12,,9.07,,15.53,1.81,,5.7,10.3,,,,14.42,,,14.44,,53.81,,,,9.0
2016-05-13 07:00:00,2.95,,9.29,35.67,46.87,17.64,75.75,7.43,7.64,37.02,7.35,7.15,8.79,26.91,13.61,,,3.31,8.82,18.09,5.96,,2.86,36.39,8.67,12.52,,3.39,,11.92,,8.99,,15.18,1.87,,5.64,11.2,,,,14.12,,,14.3,,53.81,,,,
2016-05-16 07:00:00,2.95,,9.29,35.67,46.46,17.5,75.32,7.39,7.62,37.02,7.4,7.28,8.79,27.69,13.67,,,3.29,8.69,18.02,5.96,,2.84,36.39,8.61,12.52,,3.44,,12.12,,8.94,,15.04,1.87,,5.64,11.9,,,,14.18,,,14.3,,53.81,,,,9.6
2016-05-17 07:00:00,2.98,,9.39,36.17,47.67,17.5,74.88,7.48,7.57,37.24,7.43,7.28,8.81,29.24,14.0,,,3.33,8.84,18.09,5.99,,2.84,36.65,8.61,12.52,,3.49,,12.02,,8.99,,14.74,1.87,,5.81,11.7,,,,14.39,,,14.71,,54.55,,,,9.7
2016-05-18 07:00:00,2.97,,9.49,36.42,49.69,17.78,74.88,7.56,7.53,37.01,7.43,7.28,8.88,29.76,14.2,,,3.31,9.04,18.16,5.99,,2.84,36.65,8.72,12.43,,3.56,,12.12,,9.12,,14.99,1.9,,5.78,12.6,,,,14.48,,,14.44,,54.18,,,,9.9
2016-05-19 07:00:00,3.01,,9.34,36.29,48.89,17.57,74.45,7.52,7.5,37.01,7.43,7.6,8.87,29.24,14.2,,,3.3,8.92,18.43,5.96,,2.88,36.13,8.72,12.52,,3.54,,12.22,,9.03,,15.09,1.84,,5.78,12.3,,,,14.45,,,14.3,,53.81,,,,9.9
2016-05-20 07:00:00,3.0,,9.14,36.04,48.08,17.5,74.02,7.39,7.5,36.55,7.45,7.73,8.88,29.5,14.59,,,3.3,9.02,18.64,5.94,,2.93,35.61,8.67,12.52,,3.51,,12.32,,9.07,,15.14,1.84,,5.75,11.8,,,,14.18,,,13.9,,54.18,,,,9.8
2016-05-23 07:00:00,2.93,,8.98,36.04,48.08,17.36,73.58,7.26,7.46,35.64,7.5,7.6,8.9,28.98,14.62,,,3.31,8.88,18.5,5.91,,2.92,35.61,8.84,12.64,,3.49,,12.22,,9.03,,15.14,1.84,,5.78,11.7,,,,13.85,,,13.63,,54.18,,,,9.8
2016-05-24 07:00:00,2.93,,8.88,36.29,47.27,17.43,75.32,7.22,7.44,35.41,7.37,7.8,8.88,28.46,14.42,,,3.35,8.81,18.23,5.91,,2.88,35.87,9.29,12.77,,3.49,,12.32,,9.07,,15.04,1.81,,5.78,11.5,,,,13.67,,,13.9,,54.18,,,,9.7
2016-05-25 07:00:00,2.92,,8.98,36.55,48.08,17.43,75.75,7.35,7.44,35.64,7.32,7.8,8.87,29.5,13.87,,,3.36,9.21,18.23,5.94,,2.88,36.13,9.47,13.11,,3.49,,12.12,,9.07,,14.89,1.78,,5.81,11.2,,,,13.82,,,13.9,,53.81,,,,9.9
2016-05-26 07:00:00,2.89,,8.73,35.52,46.87,17.36,75.32,7.18,7.5,35.41,7.32,7.99,8.85,29.24,13.8,,,3.32,9.21,18.3,5.94,,2.88,35.61,9.41,12.9,,3.58,,12.12,,9.07,,15.72,1.78,,5.75,10.9,,,,13.61,,,13.63,,52.69,,,,9.7
2016-05-27 07:00:00,2.9,,8.68,35.26,46.46,17.36,75.32,7.22,7.6,34.95,7.27,8.12,8.84,28.98,14.1,,,3.3,9.29,18.3,5.96,,2.88,35.36,9.35,12.85,,3.56,,12.12,,9.12,,15.68,1.78,,5.72,10.8,,,,13.46,,,13.77,,52.69,,,,9.6
2016-05-30 07:00:00,2.92,,8.88,35.26,46.87,17.36,74.88,7.35,7.59,34.95,7.24,8.06,8.97,28.98,14.1,,,3.34,9.54,18.57,5.99,,2.92,35.36,9.64,12.77,,3.58,,12.22,,9.07,,15.68,1.78,,5.86,11.1,,,,13.64,,,14.04,,52.69,,,,9.7
2016-05-31 07:00:00,2.92,,9.09,35.52,47.27,17.43,74.45,7.48,7.66,34.73,7.11,8.12,8.92,29.5,13.99,,,3.37,10.18,18.57,6.02,,2.92,35.36,9.75,13.11,,3.51,,13.04,,9.03,,15.53,1.78,,6.03,11.0,,,,14.0,,,14.17,,53.06,,,,9.7
2016-06-01 07:00:00,2.92,,9.03,35.26,48.08,17.43,75.32,7.52,7.66,34.04,7.14,8.32,8.92,30.53,13.94,,,3.36,10.47,18.78,6.02,,2.93,35.36,9.69,12.98,,3.47,,13.04,,9.03,,15.33,1.78,,6.0,11.0,,,,13.97,,,14.17,,52.31,,,,9.8
2016-06-02 07:00:00,2.92,,9.14,35.0,48.08,17.5,76.18,7.52,7.51,34.95,7.19,8.12,8.9,30.79,13.99,,,3.43,10.59,18.86,6.04,,2.93,35.36,9.69,13.02,,3.44,,12.93,,8.99,,15.43,1.78,,5.95,11.0,,,,14.0,,,14.3,,52.69,,,,9.8
2016-06-03 07:00:00,2.92,,9.19,34.74,48.08,17.57,76.18,7.52,7.51,35.41,7.21,7.93,8.88,31.31,14.71,,,3.54,10.71,18.78,6.09,,2.92,35.61,9.75,13.11,,3.44,,12.93,,8.99,,15.53,1.78,,6.0,11.0,,,,14.12,,,14.3,,52.31,,,,9.8
2016-06-06 07:00:00,2.93,,9.03,34.22,48.08,17.57,76.61,7.39,7.57,35.18,7.21,7.67,8.79,30.79,14.51,,,3.54,10.3,18.78,6.07,,2.9,35.36,10.09,13.11,,3.42,,13.54,,8.94,,15.38,1.78,,5.92,11.1,,,,14.15,,,14.3,,51.55,,,,9.9
2016-06-07 07:00:00,2.95,,9.03,34.22,48.89,17.57,77.05,7.39,7.53,34.95,7.21,7.67,8.79,31.31,14.4,,,3.56,10.5,19.72,6.04,,2.9,35.1,10.61,13.02,,3.39,,13.54,,8.99,,15.92,1.75,,5.95,11.9,,,,14.33,,,14.44,,51.17,,,,9.9
2016-06-08 07:00:00,2.95,,9.03,34.74,48.89,17.64,76.61,7.43,7.53,35.18,7.29,7.67,8.84,31.31,14.35,,,3.66,10.85,19.51,6.02,,2.92,35.36,10.72,13.02,,3.44,,13.65,,8.99,,16.21,1.78,,6.0,11.7,,,,14.36,,,14.58,,51.93,,,,10.0
2016-06-09 07:00:00,2.97,,9.14,34.74,50.1,17.64,80.51,7.43,7.42,34.73,7.34,7.73,8.86,31.57,14.4,,,3.66,11.23,19.29,6.02,,2.9,35.61,10.43,12.9,,3.44,,13.44,,9.03,,17.54,1.78,,6.03,11.9,,,,14.33,,,14.58,,51.93,,,,10.1
2016-06-10 07:00:00,2.98,,9.34,35.0,50.5,17.78,80.51,7.48,7.51,35.64,7.27,7.34,8.84,31.31,14.56,,,3.68,11.35,19.22,5.99,,2.92,35.61,10.49,13.02,,3.47,,13.34,,9.07,,17.54,1.78,,6.15,11.5,,,,14.45,,,14.58,,51.55,,,,10.1
2016-06-13 07:00:00,2.98,,9.14,34.74,49.69,17.64,78.34,7.43,7.46,37.7,7.24,7.54,8.84,30.27,14.56,,,3.64,11.35,19.29,5.94,,2.9,35.61,10.61,12.85,,3.42,,13.24,,9.25,,16.85,1.78,,6.06,11.4,,,,14.51,,,14.17,,51.17,,,,10.0
2016-06-14 07:00:00,3.0,,9.03,34.74,49.69,17.57,78.34,7.31,7.4,37.24,7.21,7.47,8.81,30.53,14.45,,,3.63,11.61,19.15,5.91,,2.9,35.36,10.63,12.81,,3.39,,13.14,,9.16,,16.07,1.75,,6.0,11.7,,,,14.36,,,14.17,,51.17,,,,9.9
2016-06-15 07:00:00,3.01,,9.03,35.0,49.69,17.57,79.21,7.31,7.35,38.15,7.21,7.41,8.79,30.53,14.51,,,3.77,12.13,19.07,5.94,,2.86,35.1,11.31,12.9,,3.42,,13.14,,9.2,,16.41,1.75,,5.95,11.5,,,,14.33,,,14.3,,51.17,,,,9.9
2016-06-16 07:00:00,3.01,,9.03,36.04,50.1,17.64,84.4,7.31,7.44,39.98,7.21,7.47,8.81,31.05,14.61,,,3.81,12.1,18.78,5.96,,2.88,35.36,11.37,13.06,,3.39,,13.34,,9.16,,16.31,1.75,,5.95,11.6,,,,14.3,,,14.3,,51.93,,,,9.9
2016-06-17 07:00:00,3.01,,8.88,36.04,47.67,17.64,83.54,7.18,7.4,38.84,7.19,7.41,8.81,30.53,14.25,,,3.75,11.29,18.78,5.94,,2.86,35.1,11.2,13.44,,3.42,,13.24,,9.12,,15.92,1.75,,5.78,11.3,,,,14.15,,,14.04,,51.55,,,,9.8
2016-06-20 07:00:00,3.01,,8.93,36.29,48.08,17.71,85.27,7.18,7.4,38.61,7.14,7.67,8.84,31.05,14.1,,,3.78,11.52,19.36,5.96,,2.86,35.36,11.89,13.65,,3.44,,13.34,,8.99,,14.99,1.72,,5.84,11.3,,,,13.91,,,14.04,,51.55,,,,9.9
2016-06-21 07:00:00,3.01,,8.98,37.59,48.48,18.19,85.27,7.18,7.93,39.75,7.16,7.54,9.32,31.31,14.2,,,3.89,11.81,19.87,5.99,,2.86,35.61,12.11,13.78,,3.42,,14.36,,9.07,,15.87,1.75,,5.86,11.2,,,,14.06,,,14.44,,52.31,,,,9.9
2016-06-22 07:00:00,3.01,,8.93,37.33,48.48,17.98,85.27,7.14,7.89,39.75,7.21,7.47,9.27,31.31,14.1,,,3.91,11.69,20.23,5.96,,2.84,35.61,12.11,13.78,,3.39,,14.46,,9.16,,15.82,1.72,,5.84,11.4,,,,13.97,,,14.17,,52.31,,,,9.9
2016-06-23 07:00:00,3.01,,8.93,37.59,48.08,17.92,85.27,7.18,8.16,41.12,7.24,7.54,9.16,31.31,14.04,,,3.96,11.75,20.16,5.94,,2.84,35.36,12.23,13.53,,3.42,,14.46,,9.2,,15.28,1.75,,5.84,11.4,,,,14.06,,,14.17,,52.31,,,,9.9
2016-06-24 07:00:00,2.86,,8.48,35.52,45.65,17.09,80.51,6.8,7.88,39.98,7.01,7.41,8.55,29.5,13.17,,,3.74,11.0,19.07,5.83,,2.71,34.07,12.23,13.36,,3.23,,14.05,,8.72,,14.35,1.67,,5.47,10.7,,,,13.43,,,13.33,,50.03,,,,9.5
2016-06-27 07:00:00,2.92,,8.58,36.55,45.65,17.57,80.94,6.97,8.2,39.98,7.11,7.28,8.79,30.02,13.22,,,3.78,10.97,19.29,5.86,,2.76,34.07,13.14,14.32,,3.25,,14.26,,8.77,,14.94,1.67,,5.58,10.9,,,,13.64,,,14.36,,50.79,,,,9.6
2016-06-28 07:00:00,2.95,,8.63,36.29,47.05,17.78,82.24,7.01,8.49,41.35,7.16,7.34,8.97,30.53,13.53,,,3.86,11.35,19.87,5.96,,2.8,34.07,13.49,14.41,,3.25,,15.07,,8.81,,15.18,1.7,,5.67,11.1,,,,13.76,,,14.3,,51.55,,,,9.7
2016-06-29 07:00:00,2.97,,8.73,37.59,47.87,17.98,83.97,7.09,8.58,43.18,7.19,7.34,8.99,31.31,13.43,,,3.88,11.84,20.01,5.91,,2.84,34.07,13.49,14.37,,3.23,,15.68,,8.9,,15.48,1.72,,5.75,11.3,,,,14.0,,,14.3,,52.69,,,,9.8
2016-06-30 07:00:00,2.98,,8.73,37.59,48.28,18.05,83.54,7.14,8.89,45.46,7.19,7.41,9.14,32.34,13.79,,,3.96,11.99,20.23,5.94,,2.82,34.32,14.06,14.53,,3.28,,15.58,,8.94,,15.28,1.7,,5.78,11.2,,,,14.12,,,14.46,,53.06,,,,9.9
2016-07-01 07:00:00,2.95,,8.68,38.11,48.28,18.05,83.97,7.14,9.1,45.69,7.19,7.41,9.14,32.6,13.53,,,3.98,11.84,20.16,5.91,,2.8,34.32,13.94,14.66,,3.25,,15.07,,8.9,,14.94,1.7,,5.81,11.1,,,,14.12,,,14.96,,53.82,,,,10.0
2016-07-04 07:00:00,2.92,,8.58,38.89,49.1,18.05,84.4,7.18,8.94,46.15,7.21,7.15,9.19,33.9,13.74,,,3.98,12.33,20.09,5.94,,2.82,34.32,13.94,14.74,,3.28,,15.17,,8.9,,15.09,1.72,,5.89,11.2,,,,14.27,,,15.3,,54.2,,,,10.0
2016-07-05 07:00:00,2.9,,8.73,41.22,49.92,17.98,84.84,7.26,8.98,45.01,7.29,7.28,9.23,33.64,13.94,,,4.02,12.65,20.09,5.91,,2.84,34.58,14.06,14.45,,3.39,,15.58,,8.94,,15.18,1.72,,6.29,11.2,,,,14.84,,,15.3,,54.2,,,,10.1
2016-07-06 07:00:00,2.9,,8.88,41.48,50.33,18.61,86.14,7.26,8.9,44.55,7.29,7.28,9.16,33.12,13.74,,,3.99,12.54,19.87,5.94,,2.86,34.32,13.71,14.2,,3.39,,15.38,,8.9,,15.04,1.75,,6.23,11.2,,,,14.99,,,15.14,,53.82,,,,10.1
2016-07-07 07:00:00,2.93,,8.88,42.0,50.33,19.02,88.3,7.22,8.98,45.24,7.37,7.28,9.27,33.38,13.79,,,4.16,13.09,19.94,6.02,,2.86,34.32,14.06,14.41,,3.39,,15.99,,9.03,,15.38,1.75,,6.29,11.2,,,,14.96,,,15.14,,54.2,,,,10.1
2016-07-08 07:00:00,2.93,,8.68,41.74,49.92,18.95,89.6,7.26,8.92,47.52,7.42,7.15,9.49,33.64,13.84,,,4.2,13.12,19.94,6.09,,2.86,34.07,14.74,14.53,,3.28,,16.4,,8.99,,15.82,1.75,,6.32,11.0,,,,15.02,,,15.3,,55.34,,,,10.2
2016-07-11 07:00:00,2.93,,8.78,40.44,48.69,18.12,87.43,7.31,9.09,45.24,7.4,7.15,9.32,32.86,14.15,,,4.06,13.03,20.16,5.96,,2.84,34.07,14.74,14.32,,3.09,,15.79,,8.81,,15.68,1.72,,6.43,11.0,,,,15.32,,,15.14,,54.96,,,,10.2
2016-07-12 07:00:00,2.9,,8.83,39.41,48.28,18.19,87.87,7.39,9.01,44.55,7.4,7.02,9.19,33.12,14.2,,,4.03,12.51,20.16,5.94,,2.84,34.07,14.74,14.2,,2.99,,15.48,,8.9,,15.68,1.72,,6.48,11.0,,,,15.62,,,15.3,,54.58,,,,10.2
2016-07-13 07:00:00,2.93,,8.93,41.22,49.92,18.26,90.03,7.52,9.09,45.46,7.58,7.02,9.32,33.64,14.3,,,4.16,13.18,20.3,5.96,,2.84,34.32,15.54,14.28,,2.92,,15.68,,8.94,,15.77,1.72,,6.65,11.1,,,,16.22,,,15.74,,55.34,,,,10.3
2016-07-14 07:00:00,3.01,,9.34,40.96,50.74,18.12,90.9,7.9,8.67,43.86,7.71,7.28,9.38,33.38,14.04,,,4.03,12.36,20.66,5.94,,2.9,34.32,15.89,14.16,,2.94,,14.66,,9.03,,16.46,1.75,,6.65,11.4,,,,16.82,,,16.05,,54.96,,,,10.3
2016-07-15 07:00:00,3.0,,9.19,41.22,51.15,18.12,90.03,7.94,8.56,41.12,7.66,7.86,9.32,33.12,13.79,,,3.94,11.69,20.81,5.96,,2.9,34.58,15.2,14.07,,2.99,,14.05,,9.03,,16.36,1.75,,6.54,11.6,,,,16.22,,,15.9,,54.96,,,,10.4
2016-07-18 07:00:00,2.93,,9.09,42.78,51.15,18.43,92.2,7.77,8.99,41.35,7.55,7.86,9.23,33.12,13.94,,,4.06,12.19,20.81,5.96,,2.9,35.1,15.66,14.37,,3.01,,13.95,,9.07,,16.31,1.72,,6.6,11.9,,,,15.92,,,16.05,,55.72,,,,10.4
2016-07-19 07:00:00,2.87,,8.93,42.26,50.74,18.36,92.63,7.56,8.99,41.81,7.5,7.67,9.12,32.34,13.89,,,4.11,12.36,20.45,5.96,,2.88,34.84,15.54,14.49,,3.04,,14.46,,8.94,,16.41,1.72,,6.62,11.5,,,,16.52,,,15.14,,56.86,,,,10.5
2016-07-20 07:00:00,2.9,,8.88,42.0,50.33,18.22,93.93,7.52,9.16,42.27,7.5,7.6,9.1,32.34,13.79,,,4.12,12.07,20.23,5.99,,2.86,34.58,15.2,14.41,,3.01,,14.26,,8.94,,16.26,1.72,,6.65,11.1,,,,16.22,,,15.0,,57.61,,,,10.4
2016-07-21 07:00:00,2.9,,8.83,42.26,49.51,18.15,96.96,7.48,9.14,42.27,7.6,7.47,9.08,32.34,13.69,,,4.11,11.23,19.94,5.96,,2.86,34.58,14.51,14.41,,3.04,,13.95,,8.9,,16.07,1.7,,6.48,11.2,,,,15.92,,,14.96,,59.13,,,,10.4
2016-07-22 07:00:00,2.87,,8.68,41.22,46.65,18.01,94.36,7.39,8.77,40.89,7.53,7.02,8.94,30.79,13.33,,,3.91,10.56,19.43,5.94,,2.84,34.07,14.17,14.32,,2.99,,13.85,,8.86,,15.58,1.7,,6.26,11.0,,,,15.62,,,14.88,,57.61,,,,10.2
2016-07-25 07:00:00,2.86,,8.78,40.96,47.87,18.01,96.09,7.43,8.79,40.67,7.63,7.15,8.99,31.31,13.43,,,4.02,10.56,20.23,5.99,,2.84,34.07,14.86,14.45,,3.04,,13.54,,8.86,,16.16,1.7,,6.29,11.0,,,,15.47,,,15.0,,58.37,,,,10.2
2016-07-26 07:00:00,2.84,,8.73,40.7,47.05,17.94,94.36,7.39,8.73,39.98,7.63,7.15,8.92,30.53,13.28,,,4.08,10.44,20.23,5.96,,2.86,33.55,14.86,14.37,,2.97,,12.73,,8.9,,15.97,1.7,,6.2,11.0,,,,15.62,,,14.94,,57.99,,,,
2016-07-27 07:00:00,2.84,,8.73,40.7,47.46,17.94,95.22,7.43,8.79,40.89,7.53,7.34,9.01,30.53,13.17,,,4.25,10.94,20.09,5.99,,2.86,33.29,14.74,14.24,,2.99,,12.73,,8.9,,15.72,1.7,,6.29,11.1,,,,15.77,,,15.0,,59.51,,,,10.2
2016-07-28 07:00:00,2.82,,8.78,41.22,47.87,18.15,96.96,7.56,8.94,41.35,7.58,7.47,9.01,29.5,13.33,,,4.34,11.43,20.59,5.96,,2.86,32.0,14.74,14.32,,2.99,,13.24,,8.9,,15.38,1.67,,6.4,11.0,,,,16.07,,,15.3,,59.89,,,,10.3
2016-07-29 07:00:00,2.82,,8.73,42.0,48.28,18.22,96.09,7.52,8.88,41.35,7.55,7.6,8.97,28.98,13.38,,,4.41,11.43,20.81,5.99,,2.84,33.03,15.2,14.58,,3.01,,13.04,,8.99,,15.68,1.67,,6.46,11.0,,,,16.07,,,15.3,,59.89,,,,
2016-08-01 07:00:00,2.82,,8.73,40.18,47.87,18.15,95.22,7.48,8.77,40.89,7.53,7.47,8.92,30.27,13.38,,,4.36,10.91,20.59,6.07,,2.84,32.78,14.86,14.66,,3.01,,12.63,,8.81,,15.97,1.67,,6.34,11.1,,,,15.92,,,15.14,,58.37,,,,10.2
2016-08-02 07:00:00,2.78,,8.53,38.11,47.46,17.8,93.49,7.26,8.52,40.44,7.45,7.34,8.86,30.02,13.17,,,4.28,10.71,19.94,6.02,,2.82,31.74,14.17,14.62,,2.97,,12.63,,8.59,,15.77,1.61,,6.17,10.9,,,,15.32,,,15.14,,57.61,,,,10.1
2016-08-03 07:00:00,2.74,,8.43,37.33,46.65,17.8,91.76,7.22,8.49,39.75,7.45,7.28,8.84,30.02,12.92,,,4.25,10.79,20.52,5.99,,2.8,31.23,13.94,14.53,,2.97,,12.73,,8.55,,15.72,1.61,,6.17,10.8,,,,14.87,,,14.7,,57.61,,,,9.9
2016-08-04 07:00:00,2.76,,8.48,37.59,46.24,17.8,90.46,7.22,8.56,39.52,7.47,7.21,8.84,30.79,12.66,,,4.27,11.0,20.23,6.02,,2.8,31.23,14.51,14.58,,2.97,,12.83,,8.64,,16.07,1.58,,6.12,10.5,,,,15.17,,,14.24,,58.37,,,,10.0
2016-08-05 07:00:00,2.76,,8.18,36.81,46.65,17.51,87.43,7.22,8.56,39.3,7.42,7.15,8.79,30.79,12.87,,,4.23,10.88,19.94,6.02,,2.78,30.45,14.74,14.45,,2.94,,12.63,,8.42,,15.92,1.56,,5.98,10.5,,,,15.17,,,13.35,,58.75,,,,9.8
2016-08-08 07:00:00,2.76,,8.13,37.33,46.65,17.94,87.0,7.22,8.52,39.52,7.4,7.15,8.88,30.53,13.63,,,4.28,11.2,20.01,6.02,,2.8,30.45,15.09,14.53,,2.94,,12.73,,8.46,,16.02,1.47,,6.0,10.5,,,,15.17,,,12.48,,59.51,,,,9.8
2016-08-09 07:00:00,2.78,,8.23,37.33,46.65,17.8,87.43,7.18,8.62,40.44,7.4,7.08,8.88,31.31,13.48,,,4.28,11.35,20.09,6.04,,2.8,30.45,14.97,14.58,,2.97,,13.14,,8.64,,16.16,1.47,,5.98,10.7,,,,15.47,,,13.35,,60.27,,,,9.9
2016-08-10 07:00:00,2.78,,8.18,38.37,47.46,17.87,89.17,7.22,8.73,41.58,7.42,6.95,8.9,31.57,13.43,,,4.36,11.4,20.16,6.28,,2.8,30.97,14.86,15.12,,2.99,,13.34,,8.68,,16.8,1.47,,6.03,10.7,,,,15.77,,,13.71,,61.4,,,,10.0
2016-08-11 07:00:00,2.79,,8.38,38.89,48.69,17.94,91.33,7.35,8.79,42.27,7.45,6.89,9.01,31.31,13.94,,,4.54,11.81,20.16,6.43,,2.82,30.97,14.97,15.12,,2.99,,13.95,,8.77,,17.05,1.53,,6.15,10.7,,,,16.07,,,14.46,,62.16,,,,10.1
2016-08-12 07:00:00,2.79,,8.43,39.15,48.69,17.87,91.76,7.31,8.86,43.41,7.47,6.89,9.08,32.6,13.99,,,4.58,11.87,20.45,6.64,,2.82,30.71,15.66,15.03,,3.01,,13.85,,8.77,,16.95,1.56,,6.15,10.7,,,,16.07,,,14.58,,63.68,,,,10.3
2016-08-15 07:00:00,2.78,,8.43,38.11,48.69,17.8,91.33,7.31,8.79,43.64,7.4,6.95,9.08,32.6,13.99,,,4.57,11.72,20.59,6.85,,2.8,30.97,15.54,14.99,,2.99,,13.85,,8.86,,16.56,1.56,,6.12,10.7,,,,16.07,,,14.54,,63.3,,,,10.2
2016-08-16 07:00:00,2.78,,8.43,38.11,48.28,17.94,93.06,7.35,8.9,44.32,7.42,6.89,9.1,32.6,14.04,,,4.66,12.01,22.54,6.85,,2.8,30.45,16.23,15.12,,3.01,,14.16,,8.99,,16.61,1.53,,6.2,10.7,,,,16.07,,,14.24,,64.06,,,,10.3
2016-08-17 07:00:00,2.79,,8.38,38.37,47.87,18.08,93.06,7.31,8.88,45.69,7.42,7.02,9.3,32.6,14.76,,,4.72,11.93,23.12,6.83,,2.8,30.19,16.8,15.43,,3.01,,14.66,,8.9,,16.9,1.53,,6.23,10.6,,,,15.62,,,14.1,,64.06,,,,10.4
2016-08-18 07:00:00,2.79,,8.28,41.22,47.87,18.29,96.09,7.31,9.09,45.46,7.47,6.89,9.4,31.83,15.12,,,4.87,12.07,23.77,6.88,,2.8,30.45,17.14,15.47,,3.04,,14.87,,8.81,,16.9,1.53,,6.23,10.6,,,,15.92,,,14.3,,64.81,,,,10.4
2016-08-19 07:00:00,2.78,,8.18,40.44,47.87,18.93,96.96,7.22,9.18,42.95,7.42,6.95,9.27,32.34,14.97,,,4.83,11.87,25.58,6.93,,2.8,34.32,16.8,15.38,,3.01,,14.46,,8.77,,16.9,1.5,,6.12,10.5,,,,15.92,,,14.16,,66.42,,,,10.4
2016-08-22 07:00:00,2.78,,8.23,39.92,48.69,18.79,95.66,7.26,8.96,43.41,7.4,7.08,9.08,33.38,14.76,,,4.81,11.37,24.93,7.01,,2.8,33.55,17.14,15.25,,2.99,,14.26,,8.81,,17.05,1.5,,6.03,10.5,,,,16.07,,,14.01,,65.48,,,,10.4
2016-08-23 07:00:00,2.76,,8.18,40.18,48.28,18.79,93.93,7.26,8.88,42.95,7.4,7.15,9.06,32.6,14.71,,,4.85,11.23,24.35,7.04,,2.8,32.26,16.91,15.12,,2.99,,14.16,,8.77,,17.1,1.5,,6.06,10.5,,,,15.77,,,13.92,,65.02,,,,10.4
2016-08-24 07:00:00,2.78,,8.13,40.18,48.28,18.86,94.79,7.26,8.96,43.64,7.4,7.15,9.14,32.86,14.92,,,4.9,11.72,26.88,6.77,,2.8,31.74,16.69,15.16,,3.01,,13.85,,8.81,,17.19,1.47,,6.06,10.5,,,,16.07,,,14.48,,66.89,,,,10.4
2016-08-25 07:00:00,2.78,,8.08,40.44,47.87,19.07,96.09,7.26,9.09,43.41,7.42,7.21,9.16,31.83,14.51,,,5.01,12.25,27.6,6.72,,2.8,31.23,16.11,15.12,,2.99,,13.54,,8.72,,16.95,1.5,,6.0,10.3,,,,16.07,,,14.34,,66.89,,,,10.4
2016-08-26 07:00:00,2.78,,8.18,40.96,47.87,19.0,97.39,7.31,9.12,43.64,7.42,7.15,9.27,32.09,14.51,,,5.05,12.25,27.38,6.83,,2.8,32.26,16.23,15.12,,2.97,,13.65,,8.81,,17.0,1.53,,6.06,10.4,,,,16.67,,,14.36,,67.36,,,,10.4
2016-08-29 07:00:00,2.82,,8.23,40.7,49.1,19.42,97.82,7.35,9.14,42.72,7.42,7.15,9.32,32.6,14.15,,,4.93,12.07,26.44,6.83,,2.8,33.03,15.66,15.3,,2.97,,13.54,,8.72,,17.19,1.53,,6.03,10.5,,,,17.27,,,14.4,,68.29,,,,10.5
2016-08-30 07:00:00,2.82,,8.18,40.96,49.51,19.42,98.26,7.35,9.2,42.04,7.4,7.21,9.3,32.09,14.1,,,4.86,12.01,26.37,6.83,,2.8,34.07,15.77,15.3,,2.97,,13.54,,8.68,,16.85,1.5,,5.95,10.4,,,,16.52,,,14.24,,70.16,,,,
2016-08-31 07:00:00,2.82,,8.18,40.96,50.33,19.77,102.15,7.35,9.33,42.95,7.4,7.21,9.34,32.86,14.2,,,5.01,12.48,26.44,6.8,,2.8,35.1,16.23,15.56,,3.01,,13.65,,8.68,,16.9,1.5,,5.95,10.4,,,,16.07,,,14.36,,71.57,,,,10.6
2016-09-01 07:00:00,2.84,,8.08,42.0,50.33,19.7,103.88,7.26,9.67,43.64,7.5,7.08,9.62,32.6,14.25,,,5.01,12.48,27.46,6.83,,2.78,34.32,16.23,15.3,,3.01,,14.05,,8.72,,16.95,1.47,,6.0,10.1,,,,15.47,,,14.28,,71.1,,,,
2016-09-05 07:00:00,2.81,,7.98,42.26,49.1,19.99,107.34,7.26,9.69,45.01,7.5,6.76,9.64,32.34,14.04,,,4.98,12.95,27.89,6.85,,2.78,34.32,16.23,15.03,,2.99,,14.16,,8.68,,16.8,1.44,,5.95,10.0,,,,14.96,,,14.28,,70.63,,,,10.6
2016-09-06 07:00:00,2.82,,8.08,42.52,48.69,19.77,109.08,7.22,9.84,44.32,7.47,6.56,9.67,32.6,13.94,,,5.0,12.83,28.18,6.88,,2.78,34.58,16.46,15.03,,3.01,,14.36,,8.68,,16.46,1.44,,5.95,10.0,,,,15.02,,,14.36,,70.16,,,,10.6
2016-09-07 07:00:00,2.81,,7.98,43.55,48.28,19.7,109.51,7.22,9.56,44.09,7.42,6.5,9.51,32.09,14.2,,,4.98,12.45,27.89,6.93,,2.78,34.84,16.0,15.03,,2.99,,14.56,,8.9,,16.7,1.47,,5.95,9.9,,,,15.02,,,14.22,,66.89,,,,10.5
2016-09-08 07:00:00,2.79,,8.03,44.07,48.28,19.84,111.24,7.26,9.76,45.24,7.45,6.5,9.67,32.6,14.2,,,5.18,12.68,27.82,6.96,,2.8,34.58,16.34,15.16,,2.94,,14.77,,8.9,,15.92,1.5,,5.98,9.9,,,,15.02,,,14.28,,67.36,,,,10.5
2016-09-09 07:00:00,2.74,,8.13,44.07,49.1,20.41,114.7,7.31,10.1,47.06,7.42,6.69,9.95,33.38,14.35,,,5.24,12.57,26.88,6.98,,2.8,35.1,15.77,15.21,,3.01,,14.66,,8.81,,16.36,1.44,,6.0,9.7,,,,15.65,,,14.46,,66.89,,,,10.6
2016-09-12 07:00:00,2.76,,8.08,43.04,48.28,20.2,110.81,7.26,10.06,46.06,7.25,6.76,9.82,32.34,14.15,,,5.1,12.22,26.66,6.92,,2.8,34.58,15.34,15.21,,3.01,,13.85,,8.81,,16.56,1.41,,5.99,9.88,,,,15.31,,,14.66,,65.91,,,,10.5
2016-09-13 07:00:00,2.76,,8.08,43.04,49.1,20.34,107.78,7.26,10.1,46.7,7.27,6.69,9.73,32.34,14.02,,,5.11,12.32,26.88,6.88,,2.8,34.89,15.43,15.25,,2.97,,14.01,,8.9,,15.99,1.41,,5.94,9.91,,,,14.9,,,14.7,,65.06,,,,
2016-09-14 07:00:00,2.74,,7.98,43.81,49.92,20.48,108.21,7.09,10.08,47.98,7.31,6.63,9.84,32.55,13.94,,,5.15,12.47,27.09,6.88,,2.79,34.48,15.52,15.3,,2.97,,13.97,,8.81,,16.07,1.39,,5.92,9.9,,,,14.71,,,14.48,,66.51,,,,10.58
2016-09-15 07:00:00,2.71,,7.91,44.85,49.51,20.48,109.51,7.14,10.06,48.43,7.24,6.63,9.73,32.34,13.74,,,5.16,12.44,27.24,6.91,,2.8,33.39,15.13,14.7,,2.94,,13.99,,8.81,,16.21,1.36,,5.86,9.92,,,,14.9,,,14.7,,66.65,,,,10.46
2016-09-16 07:00:00,2.7,,7.83,43.29,47.87,20.34,111.67,7.18,10.16,50.22,7.09,6.89,9.71,32.5,13.81,,,5.23,12.22,26.41,6.93,,2.79,33.09,15.2,14.9,,2.78,,14.05,,8.81,,15.55,1.3,,5.84,9.4,,,,14.49,,,14.95,,64.55,,,,
2016-09-19 07:00:00,2.71,,7.91,44.2,48.69,20.55,110.38,7.2,10.16,51.22,7.21,6.69,9.8,32.71,13.76,,,5.33,11.93,26.41,6.96,,2.79,34.22,14.86,15.16,,2.99,,14.26,,8.88,,14.48,1.33,,5.92,9.6,,,,14.78,,,15.43,,63.52,,,,10.4
2016-09-20 07:00:00,2.7,,7.81,44.2,49.51,20.41,109.12,7.22,10.98,50.26,7.29,6.82,9.89,32.86,13.74,,,5.34,11.68,27.13,7.09,,2.78,34.94,14.97,15.12,,3.04,,14.64,,9.12,,15.04,1.36,,5.98,9.59,,,,15.03,,,15.23,,62.21,,,,10.4
2016-09-21 07:00:00,2.71,,7.93,44.33,49.51,20.27,106.48,7.22,10.85,50.26,7.28,6.76,9.93,33.95,14.04,,,5.35,12.07,27.31,7.09,,2.78,35.72,15.2,15.25,,2.99,,14.66,,9.03,,14.87,1.33,,6.09,9.49,,,,15.31,,,15.65,,64.08,,,,10.53
2016-09-22 07:00:00,2.74,,8.03,44.9,51.96,20.27,107.3,7.22,10.85,48.57,7.33,6.82,9.95,35.09,14.02,,,5.43,12.07,27.84,7.12,,2.78,36.13,15.43,15.62,,3.16,,14.97,,9.16,,14.01,1.33,,6.12,9.45,,,,15.5,,,16.05,,64.17,,,,10.64
2016-09-23 07:00:00,2.73,,7.96,45.37,53.19,20.13,103.93,7.18,10.7,48.89,7.36,6.89,10.24,34.88,14.17,,,5.45,11.93,27.99,7.28,,2.78,35.67,15.5,15.95,,3.11,,15.15,,9.4,,14.45,1.3,,6.09,9.5,,,,15.4,,,16.16,,63.85,,,,
2016-09-26 07:00:00,2.73,,7.93,45.96,53.19,20.16,104.75,7.18,11.02,49.35,7.38,6.76,10.41,34.72,14.45,,,5.36,11.94,28.51,7.28,,2.78,35.92,15.38,15.97,,3.04,,15.28,,9.68,,14.79,1.3,,6.06,9.4,,,,15.34,,,16.05,,65.3,,,,10.77
2016-09-27 07:00:00,2.71,,7.93,46.79,55.65,19.92,106.91,7.16,11.66,49.99,7.4,6.76,10.34,35.24,14.71,,,5.44,11.93,28.66,7.25,,2.78,35.92,15.37,16.08,,3.06,,15.6,,9.68,,14.87,1.27,,6.13,9.4,,,,15.48,,,16.42,,65.48,,,,10.72
2016-09-28 07:00:00,2.73,,8.38,47.42,56.63,20.27,109.08,7.28,12.0,49.8,7.34,6.69,10.41,35.71,14.61,,,5.5,12.0,28.21,7.28,,2.77,34.84,15.43,16.3,,3.04,,15.4,,9.58,,14.94,1.27,,6.22,9.42,,,,15.96,,,16.16,,65.16,,,,10.78
2016-09-29 07:00:00,2.89,,8.41,48.22,56.87,20.48,111.67,7.28,10.93,49.71,7.36,6.63,10.3,37.26,14.66,,,5.49,12.07,28.51,7.28,,2.78,34.99,15.66,16.44,,3.01,,15.38,,9.51,,14.89,1.27,,6.29,9.35,,,,15.73,,,16.39,,65.34,,,,10.84
2016-09-30 07:00:00,2.87,,8.36,49.26,56.87,20.62,111.67,7.2,11.77,49.8,7.36,6.63,10.2,36.74,14.97,,,5.42,12.1,28.29,7.29,,2.79,35.05,15.85,16.57,,3.01,,15.28,,9.29,,14.99,1.27,,6.26,9.3,,,,15.73,,,15.61,,65.48,,,,10.84
2016-10-03 07:00:00,2.9,,8.41,49.78,56.87,20.8,115.14,7.2,12.09,51.27,7.29,6.63,10.13,36.74,14.89,,,5.29,11.87,28.29,7.44,,2.79,35.1,15.84,16.26,,3.03,,15.11,,9.25,,15.04,1.27,,6.3,9.05,,,,15.6,,,15.8,,65.58,,,,10.8
2016-10-04 07:00:00,2.95,,8.46,50.16,55.81,20.62,112.54,7.18,11.56,51.59,7.33,6.63,10.06,36.47,14.4,,,5.12,11.37,27.39,7.44,,2.78,35.41,15.53,16.37,,3.05,,15.17,,9.23,,14.96,1.27,,6.32,9.1,,,,15.65,,,15.72,,65.53,,,,10.7
2016-10-05 07:00:00,3.03,,8.53,49.88,59.08,20.62,111.24,7.31,11.56,50.72,7.28,6.63,10.2,37.05,14.35,,,5.17,11.42,27.61,7.44,,2.78,35.61,15.43,16.44,,3.04,,15.32,,9.25,,14.96,1.27,,6.36,9.1,,7.33,,15.79,,,16.05,,65.67,,,,10.69
2016-10-06 07:00:00,3.05,,8.56,50.16,58.92,20.83,108.73,7.46,11.45,50.81,7.29,6.63,10.08,36.74,14.45,,,5.06,11.17,27.31,7.41,,2.79,35.72,15.41,16.83,,3.04,,15.48,,9.23,,15.09,1.3,,6.3,9.35,,7.84,,15.81,,,15.65,,65.67,,,,10.77
2016-10-07 07:00:00,2.97,,8.51,50.06,56.87,21.04,105.09,7.35,11.49,48.89,7.32,6.66,9.78,36.74,14.2,,,4.81,10.95,27.46,7.41,,2.82,35.36,15.33,16.76,,3.04,,15.24,,9.03,,14.99,1.36,,6.2,9.5,,8.37,,15.65,,,15.58,,65.77,,,,10.64
2016-10-10 07:00:00,3.0,,8.38,49.78,58.02,20.97,103.88,7.26,11.4,49.39,7.34,6.76,9.54,35.17,13.99,,,4.66,10.76,27.61,7.42,,2.8,35.15,15.33,16.61,,3.04,,14.89,,8.99,,14.79,1.36,,6.23,9.33,,8.94,,15.31,,,15.43,,65.53,,,,10.6
2016-10-11 07:00:00,3.0,,8.23,49.52,58.27,20.69,104.44,7.22,10.93,48.02,7.34,6.73,9.44,35.59,13.84,,,4.67,10.59,27.31,7.48,,2.79,35.1,15.2,15.82,,3.06,,14.28,,9.05,,15.02,1.3,,6.23,9.19,,9.55,,15.15,,,15.32,,64.17,,,,10.43
2016-10-12 07:00:00,3.01,,8.38,50.19,57.86,20.9,107.13,7.26,11.13,48.71,7.27,6.66,9.56,36.47,14.25,,,4.82,11.07,27.61,7.47,,2.8,35.1,15.45,16.17,,3.07,,14.56,,9.18,,15.78,1.33,,6.24,9.18,,10.21,,15.5,,,15.47,,65.48,,,,
2016-10-13 07:00:00,3.05,,8.38,50.03,57.28,21.19,107.78,7.24,11.06,49.53,7.33,6.69,9.49,35.95,14.12,,,4.72,10.91,27.54,7.45,,2.8,35.05,15.77,16.13,,3.04,,14.77,,9.2,,16.61,1.36,,6.17,9.2,,10.9,,15.36,,,15.39,,66.0,,,,10.53
2016-10-14 07:00:00,3.06,,8.36,50.68,57.28,21.15,110.03,7.24,11.32,49.8,7.32,6.66,9.58,36.89,14.2,,,4.8,11.0,28.18,7.38,,2.81,35.05,16.87,16.04,,3.04,,14.77,,9.25,,16.04,1.36,,6.27,9.19,,11.41,,15.4,,,15.58,,66.42,,,,10.66
2016-10-17 07:00:00,3.03,,8.48,51.07,54.42,20.87,110.53,7.22,11.34,49.8,7.38,6.73,9.49,35.95,14.12,,,4.73,11.01,27.84,7.44,,2.8,34.43,16.35,15.78,,3.04,,15.07,,9.12,,16.48,1.44,,6.23,9.2,,12.39,,15.07,,,15.69,,66.47,,,,10.59
2016-10-18 07:00:00,3.01,,8.41,51.25,54.42,20.55,107.3,7.2,10.76,49.35,7.5,6.73,9.4,35.54,14.15,,,4.71,10.97,27.76,7.38,,2.82,34.12,16.23,15.65,,3.17,,15.15,,9.05,,16.55,1.44,,6.18,9.21,,13.32,,14.94,,,15.61,,66.37,,,,10.46
2016-10-19 07:00:00,3.05,,8.46,52.63,55.24,20.37,107.88,7.24,10.48,49.12,7.6,6.86,9.51,35.75,14.12,,,4.84,11.23,28.14,7.28,,2.83,34.32,17.15,15.78,,3.23,,15.17,,9.1,,16.8,1.44,,6.23,9.23,,12.43,,15.15,,,15.69,,66.93,,,,10.6
2016-10-20 07:00:00,3.06,,8.78,52.52,54.83,20.37,104.48,7.33,10.27,49.3,7.5,6.76,9.5,35.95,13.94,,,4.86,11.35,28.14,7.22,,2.83,34.07,16.91,15.12,,3.25,,14.66,,9.05,,16.61,1.58,,6.26,9.32,,11.57,,15.19,,,15.8,,67.59,,,,10.6
2016-10-21 07:00:00,3.06,,8.73,51.85,54.83,21.08,100.38,7.28,9.84,46.15,7.32,6.73,9.49,35.48,13.94,,,4.86,11.46,27.76,7.29,,2.82,34.17,17.05,15.21,,3.28,,14.56,,9.01,,16.55,1.56,,6.29,9.22,,10.78,,15.15,,,15.69,,67.4,,,,10.64
2016-10-24 07:00:00,3.01,,8.83,51.33,54.83,20.87,97.21,7.28,9.18,43.45,7.2,6.63,9.43,35.48,13.97,,,4.78,11.37,27.54,7.29,,2.82,32.78,16.63,15.21,,3.11,,14.26,,8.96,,16.42,1.56,,6.23,9.2,,11.84,,14.94,,,15.61,,65.95,,,,
2016-10-25 07:00:00,2.98,,8.63,50.58,54.99,20.73,94.73,7.26,9.33,42.95,7.19,6.63,9.36,34.96,13.84,,,4.66,11.05,27.01,7.26,,2.84,33.09,16.34,14.99,,3.09,,13.75,,8.9,,15.91,1.53,,6.18,9.1,,11.37,,14.65,,,15.54,,65.72,,,,10.4
2016-10-26 07:00:00,3.01,,8.53,50.63,55.07,20.13,100.67,7.2,9.46,43.91,7.19,6.69,9.38,35.28,13.79,,,4.64,10.97,26.52,7.26,,2.83,33.14,16.38,14.9,,3.16,,13.83,,8.96,,16.16,1.47,,6.12,9.02,,10.82,,14.61,,,15.43,,65.91,,,,10.39
2016-10-27 07:00:00,3.01,,8.38,51.72,54.83,20.34,101.02,7.05,9.46,44.55,7.18,6.29,9.4,35.02,13.86,,,4.66,11.08,26.6,7.33,,2.82,33.09,16.56,14.99,,3.14,,13.95,,9.05,,16.2,1.47,,6.12,8.95,,11.67,,14.61,,,15.43,,66.0,,,,
2016-10-28 07:00:00,3.01,,8.41,51.64,54.75,20.34,103.5,7.05,9.54,44.78,7.2,6.37,9.44,35.17,13.94,,,4.7,11.26,27.01,7.29,,2.83,33.03,16.74,15.23,,3.11,,13.97,,9.12,,16.48,1.47,,6.14,8.87,,11.45,,14.86,,,15.65,,66.42,,,,
2016-10-31 07:00:00,3.01,,8.38,49.28,52.37,20.09,105.57,7.14,9.5,45.01,7.19,6.56,9.51,34.39,13.94,,,4.78,11.64,26.79,7.33,,2.83,33.7,16.57,15.3,,3.11,,13.65,,9.23,,16.07,1.53,,6.17,8.76,,11.45,,14.9,,,15.54,,66.42,,,,10.52
2016-11-01 07:00:00,3.01,,8.36,50.81,52.95,20.09,109.15,7.05,9.46,44.32,7.18,6.5,9.47,34.03,13.74,,,4.8,11.59,26.86,7.36,,2.82,33.55,16.34,15.25,,3.2,,13.81,,9.16,,15.59,1.5,,6.15,8.45,,10.74,,14.78,,,15.61,,66.14,,,,10.4
2016-11-02 07:00:00,3.01,,8.38,51.59,52.37,20.27,106.73,7.07,9.2,44.55,7.19,6.43,9.32,34.23,13.58,,,4.69,11.49,26.86,7.36,,2.81,33.29,16.69,15.08,,3.25,,13.85,,9.14,,15.21,1.5,,6.14,8.21,,10.74,,14.65,,,15.54,,66.0,,,,10.38
2016-11-03 07:00:00,2.98,,8.38,50.81,51.15,19.99,100.96,7.05,8.99,44.09,7.16,6.37,9.12,33.14,13.28,,,4.62,11.3,26.41,7.36,,2.79,32.98,16.69,14.9,,3.26,,13.81,,8.72,,15.53,1.44,,5.99,8.23,,10.0,,14.38,,,15.37,,65.81,,,,10.21
2016-11-04 07:00:00,3.0,,8.35,50.32,50.74,19.77,102.86,7.05,9.16,44.37,7.15,6.56,9.19,33.82,13.43,,,4.68,11.49,26.79,7.33,,2.76,33.14,17.26,15.16,,3.39,,13.89,,8.99,,15.34,1.44,,5.96,8.26,,9.31,,14.45,,,15.43,,65.72,,,,10.2
2016-11-07 07:00:00,3.0,,8.35,51.64,51.15,19.99,103.73,7.05,9.16,44.69,7.15,6.5,9.21,33.87,13.43,,,4.72,11.67,26.86,7.29,,2.74,33.19,17.33,15.08,,3.41,,13.95,,8.94,,15.27,1.47,,5.98,8.35,,8.98,,14.51,,,15.54,,65.53,,,,10.3
2016-11-08 07:00:00,3.01,,8.33,52.21,53.03,19.77,104.42,7.03,9.22,44.32,7.19,6.5,9.36,35.02,13.66,,,4.9,12.22,26.71,7.24,,2.76,33.29,17.49,15.14,,3.52,,13.85,,9.01,,15.53,1.47,,6.08,8.39,,8.37,,14.9,,,15.65,,65.62,,,,10.4
2016-11-09 07:00:00,2.86,,7.82,51.1,50.74,19.63,99.52,6.94,8.99,43.18,7.01,6.43,8.99,33.35,13.12,,,4.69,11.58,25.89,6.98,,2.6,32.78,16.8,14.27,,3.29,,13.81,,8.72,,15.08,1.44,,5.76,8.01,,9.17,,14.49,,,15.43,,63.89,,,,10.2
2016-11-10 07:00:00,2.97,,8.3,51.85,51.96,20.13,103.84,6.99,9.31,44.32,7.18,6.5,9.3,34.96,13.58,,,4.93,12.41,26.75,6.98,,2.74,33.19,17.89,14.99,,3.37,,14.46,,8.9,,15.15,1.5,,6.05,8.3,,9.74,,15.05,,,15.65,,65.67,,,,10.2
2016-11-11 07:00:00,3.01,,8.22,51.82,52.37,20.34,102.98,6.99,9.24,44.32,7.15,6.5,9.36,35.43,13.48,,,4.85,12.38,26.71,7.05,,2.74,33.29,17.83,14.99,,3.39,,14.36,,9.03,,15.08,1.5,,6.05,8.24,,9.07,,14.92,,,15.56,,65.72,,,,
2016-11-14 07:00:00,3.01,,8.09,51.1,51.06,20.27,102.74,6.99,9.18,43.41,7.11,6.37,9.32,34.81,13.38,,,4.84,12.45,25.89,7.15,,2.72,31.74,17.94,14.99,,3.38,,13.95,,9.25,,14.64,1.5,,5.92,7.95,,8.56,,14.8,,,15.76,,64.6,,,,10.31
2016-11-15 07:00:00,3.01,,8.09,50.81,51.06,20.8,102.69,6.99,9.2,43.5,7.25,6.04,9.34,34.7,13.45,,,4.9,12.81,25.89,7.12,,2.71,32.16,17.67,15.12,,3.39,,13.89,,9.38,,14.89,1.5,,5.93,7.8,,8.92,,14.8,,,15.63,,64.17,,,,10.25
2016-11-16 07:00:00,3.0,,8.11,50.61,51.31,20.69,101.07,6.97,9.16,43.86,7.32,6.3,9.36,34.96,13.53,,,4.98,12.79,26.26,7.12,,2.69,32.52,17.47,15.08,,3.41,,13.93,,9.42,,14.89,1.5,,5.98,8.01,,9.13,,14.74,,,15.65,,64.22,,,,10.3
2016-11-17 07:00:00,3.01,,8.09,50.55,50.0,20.55,101.19,6.9,9.14,44.46,7.32,6.3,9.32,35.02,13.58,,,4.95,12.57,25.89,7.14,,2.68,32.52,17.49,15.08,,3.44,,14.01,,9.36,,14.76,1.5,,5.93,7.91,,8.96,,14.63,,,15.45,,64.88,,,,
2016-11-18 07:00:00,3.0,,8.03,49.78,49.59,20.55,99.4,6.86,9.14,44.73,7.27,6.11,9.3,34.91,13.48,,,4.9,12.61,25.96,7.08,,2.68,32.57,17.61,14.94,,3.43,,13.95,,9.44,,15.02,1.5,,5.89,7.8,,9.13,,14.67,,,15.54,,64.17,,,,
2016-11-21 07:00:00,3.01,,8.14,50.03,49.35,20.73,100.26,6.9,9.01,44.18,7.27,6.27,9.36,35.02,13.43,,,4.88,13.03,25.66,7.07,,2.66,32.52,17.83,14.9,,3.44,,14.01,,9.6,,14.96,1.5,,5.89,7.88,,9.51,,14.69,,,15.5,,64.5,,,,10.3
2016-11-22 07:00:00,3.01,,8.19,49.65,49.43,20.62,99.23,6.99,9.03,44.09,7.28,6.17,9.4,35.43,13.51,,,4.97,13.38,25.74,7.05,,2.66,32.72,17.84,14.59,,3.39,,14.05,,9.47,,14.7,1.47,,5.93,8.0,,9.51,,14.76,,,15.58,,64.83,,,,10.3
2016-11-23 07:00:00,3.03,,8.51,49.78,50.16,20.8,99.0,7.07,8.99,44.14,7.2,6.15,9.43,35.69,13.58,,,4.94,13.29,25.7,7.05,,2.66,33.03,18.29,14.38,,3.34,,14.22,,9.42,,14.76,1.47,,5.96,8.23,,8.9,,14.9,,,15.63,,64.92,,,,
2016-11-24 07:00:00,3.05,,8.3,49.85,50.74,20.94,98.19,6.92,8.99,44.64,7.2,6.17,9.58,35.43,13.74,,,4.94,13.51,25.96,7.07,,2.64,35.25,18.51,14.4,,3.36,,14.24,,9.4,,14.83,1.47,,5.95,8.1,,8.56,,14.86,,,15.45,,63.85,,,,10.5
2016-11-25 07:00:00,3.03,,8.3,50.06,50.74,20.94,95.76,6.88,8.82,45.46,7.21,6.29,9.6,35.17,13.99,,,4.94,13.61,26.08,6.98,,2.64,35.1,18.29,14.46,,3.26,,14.36,,9.42,,15.27,1.44,,5.9,8.06,,8.07,,14.78,,,15.25,,62.54,,,,10.45
2016-11-28 07:00:00,3.03,,8.22,50.03,48.77,20.69,95.25,6.82,8.64,44.6,7.2,6.24,9.45,35.17,14.04,,,4.81,13.38,24.76,6.94,,2.61,33.03,18.57,14.05,,3.33,,14.05,,9.34,,14.7,1.41,,5.67,7.77,,7.78,,14.63,,,15.1,,60.11,,,,10.24
2016-11-29 07:00:00,3.01,,8.03,50.29,47.38,20.73,95.25,6.82,8.56,41.9,7.05,6.17,9.34,33.61,13.99,,,4.78,13.38,25.14,6.96,,2.61,32.21,18.57,13.59,,3.25,,13.64,,9.34,,14.96,1.39,,5.77,7.45,,7.35,,14.4,,,15.25,,61.04,,,,10.15
2016-11-30 07:00:00,3.01,,8.01,49.78,47.63,20.69,94.78,6.8,8.56,44.09,7.05,6.14,9.38,32.83,13.89,,,4.78,13.53,24.76,7.01,,2.62,32.52,18.51,12.91,,3.07,,13.47,,9.38,,15.21,1.44,,5.86,7.38,,8.31,,14.24,,,14.84,,62.68,,,,10.12
2016-12-01 07:00:00,3.06,,8.06,49.91,48.28,20.76,98.59,6.84,8.77,44.37,6.8,6.04,9.45,35.43,13.94,,,4.96,14.11,25.06,7.05,,2.63,33.09,18.86,13.32,,3.21,,14.26,,9.58,,15.24,1.44,,5.86,7.5,,7.95,,14.57,,,15.25,,63.24,,,,10.26
2016-12-02 07:00:00,3.05,,8.03,50.03,47.87,20.73,96.63,6.86,8.82,44.32,6.57,6.04,9.38,35.17,13.74,,,4.97,14.02,24.91,7.05,,2.63,32.41,18.86,13.45,,3.04,,14.16,,9.53,,15.08,1.44,,5.78,7.52,,7.62,,14.53,,,15.25,,62.77,,,,10.19
2016-12-05 07:00:00,3.05,,7.93,50.27,46.48,20.2,96.05,6.82,8.62,44.14,6.63,5.72,9.32,34.39,13.74,,,5.01,14.17,24.54,7.01,,2.62,32.52,17.94,13.54,,3.18,,14.16,,9.47,,15.4,1.41,,5.67,7.45,,8.07,,14.45,,,15.21,,62.91,,,,10.15
2016-12-06 07:00:00,2.98,,7.66,49.0,46.97,20.02,96.63,6.67,8.67,43.54,6.56,5.59,9.25,33.35,13.79,,,4.82,13.21,24.61,7.01,,2.6,32.62,17.54,13.59,,3.17,,14.22,,9.51,47.47,15.05,1.39,,5.49,7.36,,8.36,,14.07,,,15.04,,62.58,,,,9.99
2016-12-07 07:00:00,2.89,,7.74,48.74,46.24,20.06,96.34,6.63,8.73,43.27,6.53,5.52,9.21,33.87,13.81,,,4.85,13.21,23.56,7.01,,2.61,32.31,17.15,13.59,,3.13,,14.14,,9.51,50.78,15.27,1.39,,5.48,7.4,,8.11,,14.14,,,15.01,,61.65,,,,9.97
2016-12-08 07:00:00,2.93,,7.74,48.61,47.14,20.2,98.02,6.6,8.67,43.41,6.36,5.98,9.23,33.3,13.79,,,4.85,13.44,23.26,6.98,,2.6,32.52,17.54,13.48,,3.18,,14.07,,9.62,54.3,15.08,1.27,,5.49,7.47,,8.56,,14.16,,,15.25,,62.96,,,,10.01
2016-12-09 07:00:00,2.93,,7.74,48.89,47.46,20.41,99.23,6.54,8.56,43.73,6.24,6.17,9.3,33.35,13.74,,,4.85,13.31,23.34,7.01,,2.6,32.57,17.6,13.04,,3.23,,14.11,,9.68,54.3,14.83,1.33,,5.5,7.71,,8.65,,14.4,,,15.14,,63.15,,,,10.02
2016-12-12 07:00:00,2.94,,7.64,48.51,46.97,20.3,102.0,6.29,8.39,41.81,6.26,6.37,9.23,34.39,13.63,,,4.81,13.38,23.71,7.01,,2.61,32.26,17.44,12.75,,3.18,,13.49,,9.47,62.14,14.48,1.33,,5.46,7.54,,8.36,,14.32,,,15.17,,61.98,,,,9.98
2016-12-13 07:00:00,2.89,,7.4,48.53,46.4,20.34,99.23,6.18,8.35,42.04,6.21,6.37,9.14,33.61,13.53,,,4.79,13.29,24.09,7.01,,2.6,31.49,17.27,11.99,,3.2,,13.47,,9.34,66.46,14.32,1.27,,5.46,7.6,,7.85,,14.18,,,15.1,,61.27,,,,9.9
2016-12-14 07:00:00,2.89,,7.43,49.02,46.4,20.37,100.5,6.2,8.37,42.27,6.22,6.4,9.13,33.4,13.51,,,4.82,13.4,24.24,7.01,,2.61,31.59,17.37,11.61,,3.22,,13.64,,9.42,71.1,14.26,1.19,,5.52,7.64,,7.58,,14.18,,,15.28,,60.81,,,,9.85
2016-12-15 07:00:00,2.89,,7.66,49.02,47.38,20.34,101.59,6.24,8.45,42.95,6.29,6.04,9.14,33.3,13.53,,,4.88,13.82,24.61,7.01,,2.61,31.69,17.58,12.1,,3.23,,13.89,,9.6,75.52,14.76,1.33,,5.56,7.85,,7.76,,14.28,,,15.37,,59.36,,,,9.9
2016-12-16 07:00:00,2.93,,7.69,49.28,47.38,20.2,101.82,6.31,8.43,43.18,6.4,5.98,9.14,33.09,13.61,,,4.9,14.08,24.91,6.98,,2.61,31.85,17.43,11.99,,3.27,,14.05,,10.06,71.92,15.46,1.33,,5.58,7.99,,7.89,,14.36,,,15.19,,59.87,,,,
2016-12-19 07:00:00,2.96,,7.74,50.22,48.53,20.34,105.57,6.44,8.45,43.41,6.46,6.01,9.21,33.61,13.76,,,4.91,14.14,25.36,7.03,,2.61,32.62,16.91,12.27,,3.26,,13.95,,10.25,76.24,16.04,1.33,,5.67,8.2,,7.87,,14.49,,,15.65,,60.11,,,,10.06
2016-12-20 07:00:00,2.94,,7.74,50.03,47.87,20.13,104.3,6.48,8.56,43.41,6.38,6.04,9.3,33.09,13.58,,,4.9,14.12,25.14,7.03,,2.62,31.9,17.04,12.23,,3.25,,13.97,,10.3,70.92,16.29,1.36,,5.78,8.31,,7.98,,14.42,,,15.37,,58.14,,,,10.05
2016-12-21 07:00:00,2.98,,7.69,49.26,47.95,20.09,103.26,6.41,8.45,43.18,6.38,6.01,9.28,33.4,13.63,,,4.92,14.23,25.18,7.03,,2.63,31.95,17.6,12.18,,3.17,,14.03,,10.43,66.53,16.55,1.39,,5.76,8.25,,7.85,,14.36,,,15.17,,56.83,,,,10.0
2016-12-22 07:00:00,3.05,,7.66,49.83,48.28,20.09,104.13,6.37,8.45,42.95,6.39,5.98,9.3,34.14,13.53,,,4.99,14.75,24.76,7.03,,2.62,32.78,17.55,12.2,,3.17,,13.85,,10.4,73.0,16.16,1.36,,5.73,8.06,,7.73,,14.42,,,15.19,,57.58,,,,10.04
2016-12-23 07:00:00,3.0,,7.59,49.41,47.95,20.06,104.65,6.35,8.52,43.18,6.36,5.99,9.3,33.49,13.48,,,5.0,14.84,24.76,6.98,,2.62,33.45,17.66,12.23,,3.18,,13.87,,10.38,70.88,15.85,1.33,,5.68,8.1,,7.62,,14.42,,,15.28,,56.88,,,,9.97
2016-12-26 07:00:00,3.01,,7.69,49.26,48.45,20.31,104.94,6.39,8.49,42.95,6.36,5.98,9.3,33.01,13.48,,,5.14,14.98,25.51,6.94,,2.61,33.7,17.71,12.23,,3.16,,13.82,,10.38,69.37,15.59,1.33,,5.73,8.35,,7.53,,14.74,,,15.39,,57.11,,,,10.06
2016-12-27 07:00:00,3.03,,7.59,49.75,48.36,20.24,104.42,6.41,8.35,42.49,6.35,6.04,9.34,30.74,13.48,,,5.13,14.55,25.81,6.94,,2.61,33.34,18.07,12.23,,3.18,,13.7,,10.4,70.5,15.53,1.33,,5.73,8.2,,7.31,,14.9,,,15.43,,57.11,,,,10.07
2016-12-28 07:00:00,3.05,,7.56,49.78,47.71,20.02,102.98,6.41,8.35,42.81,6.31,5.98,9.46,32.19,13.48,,,5.13,14.66,25.96,6.94,,2.63,32.88,18.07,12.05,25.6,3.16,,13.72,,10.71,71.96,15.88,1.33,,5.74,8.6,,7.17,,14.74,,,15.26,,58.47,,,,10.08
2016-12-29 07:00:00,3.01,,7.51,49.65,47.87,20.16,102.23,6.37,8.45,42.95,6.29,6.14,9.47,32.25,13.53,,,5.13,15.01,26.49,6.94,,2.64,32.93,18.0,12.14,24.71,3.16,,13.64,,10.73,70.46,15.78,1.36,,5.82,9.04,,6.79,,14.65,,,15.28,,60.01,,,,10.12
2016-12-30 07:00:00,3.05,,7.51,49.88,47.63,20.2,103.03,6.33,8.45,44.78,6.24,5.85,9.48,32.25,13.63,,,5.13,14.69,27.09,6.94,,2.64,33.03,17.77,12.09,24.92,3.18,,13.7,,10.69,71.37,15.53,1.36,,5.77,9.15,,6.97,,14.65,,,15.28,,58.66,,,,10.17
2017-01-03 07:00:00,3.08,,7.59,49.49,47.22,20.45,104.42,6.48,8.77,44.78,6.21,5.88,9.69,32.36,13.74,,,5.13,14.78,27.01,6.91,,2.69,33.45,17.71,12.12,25.18,3.17,,13.7,,10.75,71.52,15.46,1.36,,5.77,8.79,,7.42,,14.74,,,15.28,,58.75,,,,10.19
2017-01-04 07:00:00,3.31,,8.09,49.62,48.53,21.43,104.48,6.84,8.71,45.01,6.22,6.11,9.78,32.36,13.74,,,5.21,14.84,27.09,6.96,,2.7,33.86,17.84,12.14,25.18,3.17,,13.7,,10.82,71.19,15.94,1.39,,5.87,8.2,,7.49,,15.23,,,15.28,,59.31,,,,10.25
2017-01-05 07:00:00,3.29,,8.03,48.96,48.94,21.32,103.9,6.8,8.45,46.51,6.22,6.04,9.86,32.95,13.74,,,5.23,15.04,26.94,6.73,,2.68,33.97,17.94,12.18,25.18,3.15,,13.85,,10.82,71.56,15.82,1.39,,5.9,8.45,,7.4,,15.25,,,15.39,,59.03,,,,10.29
2017-01-06 07:00:00,3.29,,8.03,48.46,50.0,21.54,102.8,6.84,8.24,45.69,6.15,6.06,9.83,32.63,13.81,,,5.13,14.63,26.45,6.73,,2.68,33.7,17.94,12.18,25.09,3.16,,13.85,,10.91,72.0,15.75,1.39,,5.93,8.55,,7.44,,15.36,,,15.56,,58.94,,,,10.3
2017-01-09 07:00:00,3.5,,8.35,47.39,50.0,22.33,100.09,7.14,8.35,46.15,6.17,6.19,9.82,32.41,13.89,,,5.1,14.57,26.79,6.82,,2.72,33.76,17.89,12.23,25.05,3.17,,14.24,,10.82,74.84,15.72,1.42,,5.99,8.64,,7.67,,15.77,,1.52,15.87,,58.94,,,,10.32
2017-01-10 07:00:00,3.54,,8.43,47.15,49.67,22.76,100.09,7.14,8.35,46.15,6.32,6.07,9.88,32.3,13.99,,,5.13,14.75,26.86,6.87,,2.71,34.24,17.73,12.25,25.13,3.16,,14.32,,10.56,73.56,15.56,1.39,,5.98,8.9,,7.42,,15.87,,1.65,15.74,,58.94,,,,
2017-01-11 07:00:00,3.62,,8.48,48.31,49.51,22.91,101.59,7.18,8.32,47.06,6.35,6.11,10.08,32.41,13.94,,,5.17,14.57,26.64,6.84,,2.72,34.19,18.0,12.27,25.05,3.18,,14.34,,10.54,73.75,15.59,1.42,,5.96,8.96,,7.4,,15.83,,1.63,15.65,,59.03,,,,10.43
2017-01-12 07:00:00,3.71,,8.67,48.49,49.67,22.08,102.69,7.39,8.35,47.52,6.42,6.11,10.03,32.52,14.51,,,5.19,14.84,26.86,6.86,,2.74,33.86,18.29,12.67,25.05,3.17,,14.34,,10.73,76.67,15.59,1.39,,5.99,9.0,,7.31,,15.65,,1.5,15.74,,59.22,,,,10.43
2017-01-13 07:00:00,3.69,,8.54,49.25,50.41,22.33,102.8,7.33,8.43,47.61,6.81,6.18,9.78,32.19,14.58,,,5.13,14.69,27.01,6.87,,2.73,33.76,18.18,12.81,24.96,3.18,,14.28,,10.88,76.89,15.4,1.42,,6.01,8.93,,7.31,,15.5,,1.35,15.78,,59.17,,,,10.4
2017-01-16 07:00:00,3.71,,8.35,48.18,50.08,22.4,102.4,7.3,8.67,47.57,6.82,6.11,9.62,31.17,14.56,,,4.99,13.91,27.76,6.87,,2.7,33.76,18.11,12.76,25.05,3.16,,14.05,,10.86,75.94,15.5,1.42,,6.02,8.7,,7.26,,15.34,,1.35,15.74,,59.12,,,,10.34
2017-01-17 07:00:00,3.81,,8.43,48.44,50.25,22.15,102.11,7.42,8.56,47.52,6.66,6.11,9.62,30.57,14.51,,,4.96,14.08,28.4,6.87,,2.74,33.65,18.0,12.81,25.09,3.18,,14.16,,10.86,75.97,15.43,1.42,,5.99,8.81,,7.13,,15.52,,1.4,15.54,,58.98,,,,10.34
2017-01-18 07:00:00,3.99,,8.7,48.44,49.76,21.83,103.26,7.61,8.41,47.98,6.6,6.12,9.58,30.63,14.45,,,4.94,13.91,27.76,6.87,,2.78,33.7,18.06,12.76,25.05,3.2,,14.2,,10.91,78.6,15.37,1.42,,6.02,9.25,,6.81,,15.85,,1.5,15.47,,58.56,,,,10.34
2017-01-19 07:00:00,3.95,,8.62,48.46,49.35,21.83,103.26,7.57,8.24,48.43,6.6,6.11,9.5,30.79,14.27,,,4.9,13.7,27.76,6.87,,2.75,33.49,18.0,12.74,24.75,3.21,,14.2,,11.15,80.32,15.4,1.39,,5.95,9.3,,6.9,,15.73,,1.53,15.36,,58.89,,,,
2017-01-20 07:00:00,4.01,,8.67,48.49,49.67,21.83,105.63,7.79,8.26,49.44,6.6,6.17,9.57,30.79,14.1,,,4.93,13.73,27.76,6.87,,2.75,33.22,17.95,12.92,24.71,3.21,,14.16,,11.08,81.41,15.27,1.39,,5.95,9.43,,6.81,,15.73,,1.55,15.37,,58.94,,,,
2017-01-23 07:00:00,3.9,,8.77,49.49,49.35,21.97,106.67,7.9,7.85,49.53,6.57,6.16,9.67,30.79,14.12,,,4.99,14.17,27.99,6.86,,2.74,33.22,18.0,12.63,24.66,3.23,,14.16,,10.8,80.5,15.34,1.39,,5.89,9.43,,7.42,,15.71,,1.58,15.32,,59.4,,,,
2017-01-24 07:00:00,3.94,,8.91,50.51,49.43,21.97,106.78,8.01,7.7,48.89,6.6,6.15,9.69,31.6,14.12,,,4.98,14.17,27.46,6.8,,2.74,32.77,18.06,12.99,24.58,3.26,,13.89,,10.86,80.32,15.21,1.39,,5.89,9.55,,7.31,,15.73,,1.63,15.25,,59.87,,,,10.41
2017-01-25 07:00:00,4.02,,8.72,50.53,49.84,22.04,109.03,8.01,7.81,48.89,6.68,6.21,9.77,32.14,14.12,,,4.99,14.28,27.39,6.73,,2.78,32.97,18.11,12.87,24.75,3.33,,14.16,,10.99,80.32,15.08,1.42,,5.93,9.85,,7.22,,15.89,,1.65,15.25,,59.87,,,,10.45
2017-02-02 07:00:00,3.99,,8.8,50.4,50.0,22.19,110.76,8.14,7.81,50.72,6.74,6.23,9.76,32.57,14.38,,,5.01,14.27,27.76,6.87,,2.79,33.42,18.3,12.9,25.77,3.38,,14.26,,11.3,79.95,15.24,1.42,,5.98,9.85,,7.46,,16.1,,1.57,15.54,,60.34,,,,10.44
2017-02-03 07:00:00,4.14,,9.01,50.03,51.15,22.26,109.32,8.06,7.7,50.76,6.74,6.82,9.71,31.98,14.2,,,5.13,14.28,27.69,6.86,,2.8,34.19,19.1,13.1,25.73,3.33,,14.47,,11.26,79.0,15.15,1.42,,6.04,9.96,,7.26,,16.02,,1.57,15.41,,62.44,,,,10.61
2017-02-06 07:00:00,4.09,,8.99,50.27,51.72,22.22,107.88,8.04,7.55,51.59,6.81,6.86,9.67,31.76,14.25,,,5.13,14.23,27.09,6.82,,2.77,34.03,19.04,13.39,25.56,3.33,,14.49,,11.34,77.22,15.08,1.48,,6.04,9.94,,7.28,,15.89,,1.61,15.43,,62.12,,,,10.6
2017-02-07 07:00:00,4.07,,8.96,50.95,51.31,22.29,109.5,8.01,7.38,52.23,6.78,6.73,9.68,32.3,14.3,,,5.25,14.31,27.61,6.77,,2.78,34.27,19.37,13.7,25.26,3.31,,14.73,,11.45,77.76,15.05,1.51,,6.07,9.76,,7.2,,16.04,,1.61,15.5,,61.98,,,,10.65
2017-02-08 07:00:00,4.06,,8.91,51.03,51.31,22.22,109.32,7.88,7.34,52.04,6.84,6.82,9.72,31.92,14.33,,,5.26,14.34,27.99,6.73,,2.78,34.39,19.09,13.39,25.22,3.36,,15.06,,11.6,78.49,14.96,1.51,,6.1,9.76,,7.11,,16.18,,1.59,15.69,,62.44,,,,10.67
2017-02-09 07:00:00,4.09,,8.91,50.58,51.39,22.26,110.13,7.95,7.23,52.5,7.05,6.89,9.73,30.68,14.27,,,5.28,14.34,28.14,6.77,,2.8,34.31,18.89,13.74,25.09,3.38,,14.96,,11.69,75.94,14.83,1.51,,6.12,10.0,,7.22,,16.35,,1.6,15.63,,62.68,,,,10.7
2017-02-10 07:00:00,4.13,,8.88,50.61,51.39,22.15,112.96,7.97,7.23,52.09,7.14,6.82,9.68,31.28,14.27,,,5.27,14.6,28.59,6.84,,2.81,33.78,19.09,13.81,25.09,3.39,,14.96,,11.95,77.03,14.76,1.51,,6.12,10.1,,7.2,,16.27,,1.61,15.45,,62.54,,,,10.72
2017-02-13 07:00:00,4.06,,8.91,50.58,51.88,22.22,113.65,8.12,7.6,52.09,7.16,6.76,9.71,31.76,14.61,,,5.29,14.63,29.15,6.86,,2.83,33.58,19.31,13.97,25.13,3.37,,15.29,,11.95,76.67,15.02,1.48,,6.17,9.9,,7.04,,16.02,,1.6,15.54,,62.4,,,,10.72
2017-02-14 07:00:00,4.04,,8.91,50.66,51.56,22.29,113.65,8.17,7.49,51.95,7.1,6.89,9.82,31.6,14.94,,,5.32,14.89,28.59,6.98,,2.84,33.46,19.66,13.83,25.26,3.36,,15.4,,11.89,77.8,15.05,1.51,,6.23,9.97,,7.51,,15.94,,1.62,15.6,,62.07,,,,10.75
2017-02-15 07:00:00,4.04,,8.91,50.79,51.15,22.29,112.9,8.26,7.64,51.18,7.09,6.79,10.02,31.71,14.92,,,5.32,14.78,28.59,7.01,,2.84,33.46,19.54,13.7,25.26,3.38,,15.4,,11.98,77.69,15.15,1.51,,6.18,9.95,,7.46,,15.98,,1.61,15.65,,62.12,,,,10.8
2017-02-16 07:00:00,3.95,,8.99,50.51,51.88,22.76,115.38,8.41,8.07,50.26,6.98,6.38,9.91,31.76,15.74,,,5.31,14.47,28.74,7.12,,2.89,33.78,19.74,13.9,25.43,3.4,,15.33,,11.78,78.13,15.27,1.51,,6.14,9.96,,7.62,,15.94,,1.65,16.16,,61.56,,,,10.9
2017-02-17 07:00:00,3.92,,8.85,49.77,50.98,23.56,115.38,8.35,8.0,50.72,6.7,6.69,9.82,31.76,15.84,,,5.2,14.14,28.59,7.4,,2.89,33.7,19.51,13.97,25.73,3.42,,15.13,,11.69,78.13,15.15,1.51,,6.14,10.35,,7.62,,15.85,,1.64,16.02,,60.71,,,,10.88
2017-02-20 07:00:00,3.94,,8.72,49.64,50.82,23.42,119.13,8.14,7.75,50.81,6.74,6.73,9.84,31.49,15.79,,,4.94,14.08,28.44,7.26,,2.91,33.54,19.2,13.97,26.03,3.38,,15.54,,11.87,77.84,15.21,1.51,,6.17,10.95,,7.44,,15.69,,1.64,15.91,,60.81,,,,10.8
2017-02-21 07:00:00,3.94,,8.8,49.28,51.15,23.81,119.53,8.1,7.87,50.49,6.8,6.92,9.85,31.82,16.66,,,4.95,14.17,28.78,7.43,,2.9,33.86,19.2,14.15,26.92,3.55,,16.06,,11.87,79.44,15.24,1.54,,6.18,10.8,,7.35,,15.71,,1.64,16.64,,60.48,,,,10.9
2017-02-22 07:00:00,3.85,,8.72,49.14,49.92,23.49,118.9,7.9,7.87,51.86,6.73,6.95,9.93,32.57,16.4,,,4.75,13.99,29.04,7.61,,2.88,34.15,18.91,13.83,28.16,3.51,,15.79,,11.65,80.14,15.24,1.54,,6.17,10.6,,7.15,,15.65,,1.65,16.72,,60.9,,,,10.9
2017-02-23 07:00:00,3.88,,8.64,48.96,49.35,25.62,117.11,7.75,7.81,52.55,6.74,6.89,9.98,33.55,16.3,,,4.76,13.73,29.26,7.54,,2.9,33.9,18.69,14.01,27.69,3.51,,15.5,,11.58,81.78,15.31,1.51,,6.29,10.95,,7.28,,15.54,,1.64,16.53,,60.39,,,,10.86
2017-02-24 07:00:00,3.94,,8.72,48.7,48.61,25.62,116.53,7.84,7.51,52.36,6.8,6.79,9.95,33.33,17.38,,,4.76,13.91,28.44,7.54,,2.89,33.66,18.51,14.15,27.52,3.53,,15.5,,11.54,82.51,15.27,1.51,,6.27,10.3,,7.24,,15.44,,1.65,16.5,,60.57,,,,10.85
2017-02-27 07:00:00,3.95,,8.7,48.7,48.53,25.08,116.53,7.9,7.7,52.18,6.77,6.82,10.06,32.79,17.07,,,4.73,14.07,27.61,7.61,,2.89,32.49,19.2,13.94,27.78,3.49,,15.62,,11.52,81.78,15.21,1.51,,6.21,10.1,,6.86,,15.4,,1.65,16.64,,61.65,,,,10.76
2017-02-28 07:00:00,3.95,,8.67,48.15,48.69,25.44,115.96,8.01,7.68,52.09,6.82,6.69,10.02,32.57,17.38,,,4.75,14.02,27.73,7.61,,2.88,33.09,19.1,13.21,28.38,3.48,,15.5,,11.62,82.18,15.18,1.54,,6.26,10.25,,7.24,,15.48,,1.65,16.53,61.64,61.23,,,,
2017-03-01 07:00:00,3.87,,8.51,48.96,47.46,24.63,114.17,7.86,7.55,51.63,6.87,6.79,9.92,31.71,17.04,,,4.68,13.74,27.76,7.64,,2.86,32.85,18.96,13.21,28.59,3.47,,15.4,,11.16,82.14,15.02,1.57,,6.15,9.9,,7.13,,15.4,,1.67,16.27,65.92,61.13,,,,10.7
2017-03-02 07:00:00,3.87,,8.48,49.22,47.46,24.78,116.42,7.92,7.51,52.13,6.88,6.89,9.93,31.33,17.17,,,4.86,14.04,26.83,7.85,,2.85,32.85,18.97,13.12,29.31,3.44,,15.6,,11.37,80.03,15.18,1.57,,6.11,10.1,,7.15,,15.27,,1.7,16.16,70.49,60.67,,,,10.72
2017-03-03 07:00:00,3.83,,8.35,49.17,47.46,24.56,116.13,7.84,7.62,51.77,6.84,6.92,9.88,31.06,16.76,,,4.87,13.99,27.61,7.96,,2.83,32.85,18.97,13.19,28.93,3.45,,15.6,,11.25,80.68,15.21,1.54,,6.1,10.15,,7.13,,15.27,,1.72,16.27,70.49,60.48,,,,10.69
2017-03-06 07:00:00,3.94,,8.67,48.44,47.87,24.49,113.07,8.1,7.62,52.23,6.96,6.95,9.98,31.44,16.91,,,4.85,13.77,27.39,7.99,,2.87,33.01,18.97,13.23,29.14,3.45,,15.77,,11.46,81.05,15.21,1.51,,6.14,10.7,,7.22,,15.44,,1.71,16.39,75.4,60.57,,,,10.69
2017-03-07 07:00:00,3.9,,8.67,48.44,48.12,24.41,113.07,8.08,7.62,52.59,6.94,6.89,9.96,31.06,17.22,,,4.88,13.89,27.46,8.06,,2.87,32.89,18.86,13.16,29.14,3.23,,15.71,,11.81,81.27,15.21,1.51,,6.14,10.45,,7.2,,15.36,,1.68,16.39,74.26,60.76,,,,10.74
2017-03-08 07:00:00,3.88,,8.62,48.73,48.28,26.28,112.73,7.99,7.62,54.65,6.88,6.86,9.96,31.11,18.09,,,4.88,13.98,27.13,8.09,,2.86,32.97,19.2,13.19,28.38,3.45,,15.77,,12.02,79.73,15.21,1.51,,6.14,10.25,,7.24,,15.44,,1.69,16.16,72.2,60.81,,,,10.78
2017-03-09 07:00:00,4.06,,8.75,48.73,48.28,26.83,111.05,8.12,7.66,54.83,6.91,6.89,9.95,30.68,18.76,,,4.9,13.98,27.09,8.09,,2.9,33.62,19.28,13.28,28.8,3.43,,16.02,,11.94,77.4,15.21,1.51,,6.18,10.45,,7.22,,15.65,,1.68,16.24,73.46,60.99,,,,10.83
2017-03-10 07:00:00,4.06,,8.75,48.59,48.36,27.49,110.82,8.06,7.81,54.83,6.82,7.02,9.99,29.93,18.81,,,4.98,13.92,27.39,8.02,,2.97,33.62,19.27,13.25,28.97,3.44,,16.12,,12.04,77.03,15.21,1.51,,6.3,10.4,,7.2,,15.46,,1.69,16.16,73.51,60.76,,,,10.86
2017-03-13 07:00:00,3.99,,8.62,48.59,47.95,26.83,110.76,7.95,7.72,54.42,6.75,6.95,9.99,29.12,18.91,,,4.97,13.74,27.54,7.99,,2.95,33.62,19.37,13.28,29.87,3.4,,15.87,,12.32,75.35,14.96,1.51,,6.24,10.55,,6.95,,15.34,,1.71,16.24,74.37,60.67,,,,10.84
2017-03-14 07:00:00,3.95,,8.62,48.96,48.12,27.6,114.23,7.88,7.81,55.74,6.8,7.02,9.99,29.55,18.71,,,4.99,13.55,27.54,8.02,,3.0,33.7,19.43,13.3,30.98,3.4,,15.93,,12.64,74.18,15.08,1.51,,6.32,10.45,,6.84,,15.34,,1.71,16.18,73.91,60.71,,,,10.84
2017-03-15 07:00:00,3.88,,8.59,49.51,48.04,27.05,113.53,7.86,7.7,55.97,6.77,7.02,9.94,29.6,18.09,,,4.93,13.26,27.84,8.06,,2.99,35.24,19.73,13.32,31.19,3.26,,15.79,,12.78,77.03,15.08,1.48,,6.26,10.35,,7.06,,15.29,,1.69,15.91,69.06,61.13,,,,10.85
2017-03-16 07:00:00,4.02,,8.59,49.22,48.2,27.12,113.36,7.88,7.68,55.74,6.74,7.02,9.95,29.87,17.94,,,4.95,13.59,27.84,8.06,,2.98,35.24,19.49,13.39,30.98,3.28,,15.66,,12.73,75.03,15.08,1.36,,6.27,10.3,,7.35,,15.29,,1.73,15.87,66.49,62.21,,,,10.3
2017-03-17 07:00:00,4.01,,8.62,48.44,48.12,26.87,114.23,7.97,7.79,55.29,6.75,7.05,10.01,29.71,18.35,,,4.91,13.58,28.06,8.44,,2.98,35.16,19.31,13.52,28.84,3.32,,15.6,,12.78,75.94,14.64,1.48,,6.61,10.3,,7.42,,15.29,,1.73,16.09,64.5,62.49,,,,10.9
2017-03-20 07:00:00,4.07,,8.7,49.25,48.94,27.05,116.53,7.97,7.94,55.84,6.75,7.08,10.04,29.6,18.32,,,4.94,13.59,29.04,8.48,,3.01,35.97,19.55,13.54,28.93,3.48,,15.71,,12.78,75.94,15.12,1.51,,6.76,10.4,,7.89,,15.48,,1.72,15.91,67.63,61.93,,,,10.93
2017-03-21 07:00:00,4.18,,8.88,49.46,49.1,27.12,117.4,8.14,8.49,54.92,6.81,7.28,10.19,29.39,17.94,,,5.04,14.1,29.26,8.37,,3.11,37.27,19.61,13.72,29.23,3.5,,15.73,,12.27,74.77,15.15,1.51,,6.72,10.5,,7.76,,15.56,,1.73,15.06,71.57,62.44,,,,10.31
2017-03-22 07:00:00,4.34,,9.14,50.14,48.45,27.56,116.94,8.12,8.17,55.7,6.75,7.54,10.08,28.63,17.17,,,5.03,13.96,28.81,8.37,,3.17,37.59,19.31,13.61,28.84,3.54,,15.42,,12.18,73.2,15.05,1.51,,6.66,10.65,,7.96,,15.56,,1.73,15.23,70.43,63.29,,,,11.03
2017-03-23 07:00:00,4.28,,9.09,50.27,48.61,27.49,116.07,8.08,8.09,56.2,6.75,7.6,10.04,28.63,17.27,,,5.04,13.92,29.72,8.37,,3.14,38.16,19.18,13.92,28.33,3.64,,15.38,,12.08,73.2,15.02,1.51,,6.64,10.75,,7.93,,15.56,,1.73,15.3,71.17,63.89,,,,11.1
2017-03-24 07:00:00,4.32,,9.2,51.45,49.59,27.49,117.69,8.19,8.22,56.43,6.73,7.67,10.38,28.85,17.63,,,5.08,13.92,30.84,8.37,,3.18,38.24,19.26,14.37,28.5,3.72,,15.38,,12.27,72.69,15.53,1.54,,6.74,11.25,,8.2,,15.63,,1.7,15.48,72.49,65.81,,,,11.27
2017-03-27 07:00:00,4.34,,9.33,52.1,49.18,27.78,118.84,8.28,8.13,57.48,6.71,7.67,10.33,29.01,17.73,,,5.1,14.14,30.92,8.37,,3.18,38.48,18.95,14.15,29.31,3.71,,15.23,,12.13,72.65,15.46,1.72,,6.83,11.4,,8.14,,15.63,,1.73,15.43,73.34,66.19,,,,11.29
2017-03-28 07:00:00,4.28,,9.2,52.97,49.92,28.22,121.72,8.14,8.02,60.36,6.75,7.73,10.34,28.9,17.73,,,5.06,14.29,30.69,8.48,,3.16,37.27,18.86,13.92,29.14,3.7,,15.13,,12.36,72.65,15.53,1.66,,6.86,11.15,,8.07,,15.46,,1.73,15.43,74.2,65.02,,,,11.25
2017-03-29 07:00:00,4.23,,9.04,53.18,50.0,27.82,121.72,8.1,8.0,60.09,6.73,7.67,10.32,28.95,17.63,,,5.09,14.48,30.62,8.78,,3.12,37.19,18.8,13.77,29.1,3.7,,15.21,,12.87,72.29,15.56,1.72,,6.85,11.05,,7.93,,15.38,,1.73,15.43,74.2,65.48,,,,11.25
2017-03-30 07:00:00,4.27,,9.17,53.15,49.26,27.56,120.0,8.12,8.07,60.77,6.66,7.67,10.3,29.17,17.17,,,5.25,14.53,31.29,8.79,,3.15,37.67,18.99,13.97,29.19,3.88,,15.42,,12.76,73.02,15.46,1.72,,6.95,11.2,,7.87,,15.4,,1.74,15.43,73.06,66.33,,,,11.31
2017-03-31 07:00:00,4.25,,9.2,53.41,48.36,27.56,119.42,7.97,8.04,62.69,6.63,7.57,10.28,29.49,17.22,,,5.33,14.6,31.29,8.81,,3.15,37.51,19.1,14.06,29.31,4.11,,15.5,,12.52,73.02,15.53,1.69,,7.0,11.2,,7.87,,15.27,,1.74,15.36,73.06,67.03,,,,11.28
2017-04-03 07:00:00,4.2,,9.07,52.92,47.71,28.08,118.38,7.92,7.81,62.05,6.68,7.47,10.15,29.44,17.43,,,5.45,14.6,30.54,8.83,,3.12,38.72,19.04,13.88,29.4,4.46,,15.29,,12.45,73.02,15.59,1.69,,7.01,11.6,,7.85,,15.03,,1.77,15.25,71.8,67.03,,,,11.33
2017-04-04 07:00:00,4.34,,9.01,51.32,47.79,28.22,116.42,7.95,7.75,61.91,6.68,7.67,10.14,29.17,17.53,,,5.68,14.7,30.62,8.83,,3.17,38.24,18.98,14.15,29.66,4.65,,15.27,,12.52,72.8,15.78,1.75,,7.0,12.3,,7.91,,15.09,,1.81,15.26,71.97,67.17,,,,11.37
2017-04-05 07:00:00,4.37,,9.04,50.53,47.55,27.97,115.21,7.92,7.79,61.0,6.57,7.38,10.18,29.44,17.27,,,5.58,14.99,30.24,8.72,,3.18,37.1,19.03,14.19,29.87,4.65,,15.29,,12.41,73.24,15.88,1.75,,6.79,12.05,,8.0,,15.23,,1.82,15.28,72.2,66.65,,,,11.36
2017-04-07 07:00:00,4.28,,8.88,50.53,47.3,28.0,114.23,7.9,7.81,60.77,6.56,7.47,10.14,29.76,17.07,,,5.52,14.9,30.02,8.62,,3.15,36.62,18.97,14.06,29.78,4.9,,15.27,,12.22,73.75,15.97,1.69,,6.72,11.7,,7.89,,15.15,,1.82,15.25,73.46,66.09,,,,11.29
2017-04-10 07:00:00,4.21,,8.99,50.87,47.46,27.67,116.36,7.92,7.83,60.91,6.6,7.67,10.26,31.01,16.76,,,5.62,15.31,30.16,8.58,,3.15,37.67,18.97,13.97,30.0,5.02,,15.4,,12.32,74.44,16.01,1.75,,6.76,12.8,,8.0,,15.19,,1.83,15.39,73.57,66.37,,,,11.29
2017-04-11 07:00:00,4.13,,8.85,51.97,48.12,27.6,117.98,7.86,7.79,60.82,6.56,7.6,10.24,30.79,17.22,,,5.65,15.28,30.39,8.64,,3.15,37.27,18.99,14.01,30.08,5.76,,15.62,,12.25,75.57,15.66,1.93,,6.97,12.55,,7.98,,15.19,,1.84,15.47,74.71,66.65,,,,11.39
2017-04-12 07:00:00,4.01,,8.88,51.08,47.87,27.05,115.44,7.88,7.79,61.18,6.49,7.54,10.27,30.3,17.07,,,5.58,14.54,30.76,8.69,,3.17,36.46,19.21,14.06,30.0,6.0,,15.75,,12.29,74.11,15.34,1.99,,6.77,12.5,,7.98,,15.17,,1.84,15.43,74.83,67.07,,,,11.37
2017-04-13 07:00:00,4.01,,8.88,51.84,47.87,26.17,115.96,7.86,7.72,60.86,6.39,7.41,10.32,29.7,16.68,,,5.58,14.6,30.92,8.62,,3.16,36.54,19.37,13.92,30.04,6.25,,15.89,,12.32,73.75,15.43,2.02,,6.64,11.9,,8.11,,15.17,,1.88,15.45,76.37,66.93,,,,11.3
2017-04-14 07:00:00,3.92,,8.7,50.79,47.38,25.44,114.23,7.7,7.51,60.77,6.32,7.21,10.04,29.26,16.04,,,5.42,14.33,30.09,8.58,,3.12,36.29,19.11,13.74,29.74,5.84,,15.6,,12.13,73.93,15.15,2.12,,6.46,11.35,,8.07,,14.9,,1.96,15.32,74.77,65.86,,,,11.14
2017-04-17 07:00:00,3.92,,8.67,51.58,46.65,25.59,114.74,7.53,7.55,61.46,6.33,7.15,9.99,29.37,16.09,,,5.4,14.11,29.11,8.65,,3.12,35.65,18.86,13.48,29.74,5.76,,15.4,,11.74,74.48,15.46,2.14,,6.45,11.2,,8.34,,14.69,,1.88,14.97,74.2,65.81,,,,11.0
2017-04-18 07:00:00,3.88,,8.56,51.21,46.65,25.73,113.36,7.5,7.42,60.95,6.26,7.08,9.92,29.53,15.94,,,5.34,14.01,29.11,8.69,,3.07,35.57,18.42,13.41,29.4,5.44,,15.4,,11.6,74.3,15.4,2.08,,6.43,11.05,,8.41,,14.65,,1.94,15.17,73.06,66.42,,,,10.96
2017-04-19 07:00:00,3.95,,8.62,50.66,47.14,26.32,115.38,7.64,7.49,60.77,6.46,6.92,10.04,29.91,16.33,,,5.39,14.24,29.72,8.74,,3.08,36.46,18.63,13.48,29.66,5.89,,15.87,,11.71,73.2,15.4,2.2,,6.57,11.3,,8.43,,14.78,,1.96,15.23,73.0,67.54,,,,11.05
2017-04-20 07:00:00,3.94,,8.54,50.06,46.97,26.28,116.53,7.59,7.49,60.59,6.71,7.15,10.02,29.53,16.56,,,5.41,14.27,29.68,8.78,,3.08,36.38,18.97,13.48,29.91,5.73,,16.95,,11.9,73.02,15.46,2.12,,6.55,11.5,,8.52,,14.65,,1.97,14.88,73.91,67.64,,,,11.04
2017-04-21 07:00:00,3.92,,8.72,48.99,46.81,26.47,117.4,7.55,7.42,60.73,6.56,7.08,10.03,29.31,16.45,,,5.37,14.18,28.96,8.79,,3.1,36.46,18.97,13.48,30.21,5.63,32.36,16.8,,12.04,72.29,15.46,2.17,,6.6,11.05,,8.29,,14.65,,1.99,14.77,74.6,67.45,,,,11.03
2017-04-24 07:00:00,3.92,,8.62,48.18,46.56,26.54,115.96,7.53,7.17,60.77,6.38,6.86,9.98,29.2,16.5,,,5.32,13.86,28.59,8.76,,3.08,36.29,18.97,13.39,30.98,5.68,33.77,17.15,,11.85,73.02,15.37,2.24,,6.49,10.5,,8.54,,14.53,,1.97,14.57,73.86,67.12,,,,10.95
2017-04-25 07:00:00,3.85,,8.56,47.52,46.56,26.61,116.42,7.5,6.55,61.23,6.33,7.31,9.95,29.37,16.4,,,5.27,13.86,28.96,8.62,,3.05,36.62,18.59,13.5,31.02,5.76,31.7,17.77,,11.78,72.65,15.12,2.17,,6.46,10.45,,8.54,,14.47,,1.99,14.7,72.77,66.84,,,,10.92
2017-04-26 07:00:00,3.85,,8.54,48.7,46.65,26.68,117.51,7.53,6.29,61.23,6.45,7.21,9.99,29.31,16.4,,,5.1,13.98,29.11,8.65,,3.07,36.7,18.69,13.48,31.06,6.06,30.32,17.77,,12.11,72.65,15.4,2.2,,6.54,10.95,,8.74,,14.49,,1.99,14.73,73.06,66.65,,,,10.93
2017-04-27 07:00:00,3.94,,8.7,48.67,46.81,26.87,117.74,7.61,6.61,64.33,6.59,7.15,10.08,29.75,16.76,,,5.1,14.23,29.26,8.69,,3.11,36.58,18.75,13.48,30.47,6.15,31.03,17.88,,12.34,72.98,15.4,2.2,,6.57,11.9,,9.06,,14.36,,1.99,14.84,73.11,67.26,,,,11.06
2017-04-28 07:00:00,3.87,,8.62,48.31,46.56,27.09,117.0,7.61,6.5,65.61,6.52,7.28,10.06,29.8,17.2,,,5.18,14.21,29.26,8.65,,3.14,35.81,18.97,13.34,29.95,6.21,32.44,18.08,,12.78,72.29,16.23,2.2,,6.46,11.55,,9.24,,14.38,,2.0,14.84,72.77,68.62,,,,11.1
2017-05-03 07:00:00,4.04,,8.72,48.39,46.89,27.71,116.65,7.68,6.38,65.11,6.54,7.15,10.16,30.02,17.99,,,5.17,14.01,29.26,8.65,,3.26,35.65,18.97,13.3,29.91,5.88,32.36,17.98,,13.1,72.65,17.18,2.17,,6.46,11.5,,9.32,,14.51,,2.01,14.8,72.83,69.27,,,,11.08
2017-05-04 07:00:00,4.11,,8.7,47.65,47.22,27.42,115.09,7.7,6.38,65.14,6.46,7.21,10.26,29.97,18.09,,,5.17,14.21,29.34,8.76,,3.39,35.24,19.31,12.9,29.57,5.93,32.86,18.6,,13.33,72.4,16.71,2.14,,6.58,11.6,,9.32,,14.65,,2.0,14.73,73.0,69.18,,,,11.21
2017-05-05 07:00:00,4.07,,8.67,47.13,47.14,27.2,115.15,7.81,6.57,65.32,6.46,7.15,10.26,29.75,18.2,,,5.19,14.72,29.34,8.81,,3.38,34.92,19.54,12.85,29.61,6.0,33.07,19.01,,13.38,72.58,16.29,2.12,,6.61,11.95,,9.1,,14.86,,2.02,14.73,73.34,69.18,,,,11.23
2017-05-08 07:00:00,4.01,,8.62,47.0,47.05,27.82,115.32,7.79,6.8,64.43,6.5,7.18,10.24,29.86,18.5,,,5.17,14.51,29.26,8.86,,3.38,34.55,19.42,12.99,29.06,6.25,32.79,18.76,,13.47,72.65,15.53,2.05,,6.6,11.7,,8.7,,14.78,,2.04,14.75,73.63,68.47,,,,11.19
2017-05-09 07:00:00,4.01,,8.64,47.13,46.81,28.08,116.36,7.79,6.76,64.25,6.59,7.15,10.32,29.97,18.48,,,5.17,14.48,29.11,9.56,,3.38,34.03,19.44,13.34,28.89,6.67,33.0,19.4,,14.31,71.81,15.85,2.05,,6.8,11.7,,8.81,,14.76,,2.05,14.8,73.4,67.62,,,,11.15
2017-05-10 07:00:00,4.11,,8.77,47.21,46.81,28.0,116.59,7.92,6.66,64.43,6.57,7.25,10.52,30.08,18.25,,,5.32,14.63,30.32,9.56,,3.43,34.35,19.73,13.48,29.1,6.49,33.0,19.01,,14.24,71.74,15.59,1.9,,6.95,11.9,,9.28,,15.09,,2.06,14.84,73.63,67.62,,,,11.27
2017-05-11 07:00:00,4.07,,8.99,47.23,46.81,28.08,115.9,8.01,6.66,64.43,6.66,7.25,10.42,30.02,17.86,,,5.35,14.54,30.09,9.42,,3.46,34.55,19.66,13.74,29.31,6.37,33.14,18.6,,14.0,71.52,15.27,2.02,,6.97,12.2,,8.94,,15.21,,2.06,14.86,74.37,67.9,,,,11.25
2017-05-12 07:00:00,4.07,,8.93,48.05,46.89,28.44,115.84,7.97,6.68,64.15,6.67,7.25,10.5,29.75,17.94,,,5.25,14.61,30.16,9.42,,3.45,34.43,19.66,14.06,29.23,6.42,34.05,18.56,,14.4,71.56,15.97,1.99,,6.91,12.2,,9.1,,15.05,,2.09,14.8,74.26,68.0,,,,11.3
2017-05-15 07:00:00,4.06,,8.83,48.31,46.89,28.44,115.21,7.9,6.7,65.79,6.61,7.18,10.44,29.53,20.48,,,5.24,14.64,30.46,9.53,,3.4,34.27,19.93,13.79,28.8,6.64,33.77,18.85,,14.58,70.83,16.1,1.96,,6.94,12.15,,9.19,,14.96,,2.12,14.8,73.4,67.67,,,,11.34
2017-05-16 07:00:00,4.06,,8.83,48.12,46.48,28.15,115.96,7.84,6.68,66.96,6.63,7.15,10.38,29.8,19.91,,,5.16,14.27,30.46,9.63,,3.39,34.43,20.58,13.72,28.67,6.71,34.26,18.7,,14.4,69.77,15.85,1.99,,7.0,12.3,,9.35,,14.9,,2.29,14.99,72.82,67.72,,,,11.35
2017-05-17 07:00:00,4.16,,8.8,47.81,46.48,28.7,115.96,7.79,6.7,67.8,6.66,7.08,10.33,29.53,19.89,,,5.16,14.15,30.32,9.66,,3.39,35.0,20.42,13.36,28.76,6.37,35.53,18.91,,14.12,68.64,15.91,2.02,,6.97,12.35,,9.97,,14.9,,2.58,15.12,72.48,67.72,,,,11.3
2017-05-18 07:00:00,4.21,,8.8,47.6,46.65,28.74,116.71,7.86,6.63,69.77,6.63,7.08,10.42,29.64,19.78,,,5.07,14.18,30.24,9.53,,3.43,34.84,20.46,13.32,28.72,6.37,35.74,19.1,,14.12,68.93,15.97,2.08,,7.05,12.4,,9.71,,14.94,,2.35,15.08,72.48,68.19,,,,11.37
2017-05-19 07:00:00,4.23,,8.85,47.6,46.65,28.41,115.96,7.97,6.63,69.3,6.67,7.12,10.46,30.08,19.78,,,5.05,14.2,30.43,9.28,,3.57,34.84,20.61,13.3,28.76,6.29,37.5,19.26,,14.26,68.96,15.85,2.05,,7.22,12.35,,9.5,,15.03,,2.3,14.95,72.48,68.75,,,,11.39
2017-05-22 07:00:00,4.3,,9.2,47.13,46.97,27.49,115.38,8.1,6.63,68.83,6.63,7.15,10.61,31.12,20.09,,,5.1,14.45,30.99,9.16,,3.67,34.88,20.97,13.25,29.02,6.25,41.51,19.45,,14.96,69.18,16.48,2.08,,7.6,12.35,,9.3,,15.21,,2.3,14.99,72.54,69.74,,,,11.5
2017-05-23 07:00:00,4.27,,9.59,46.21,47.05,27.45,114.86,8.28,6.63,69.35,6.6,7.31,10.61,31.39,20.3,,,5.14,14.79,31.22,9.35,,3.63,35.4,21.02,13.28,29.19,6.29,42.64,19.39,,15.0,69.73,17.02,2.05,,7.5,12.4,,9.44,,15.4,,2.34,14.99,72.82,70.92,,,,11.61
2017-05-24 07:00:00,4.27,,9.67,45.61,46.81,27.34,115.38,8.19,6.61,71.79,6.5,7.25,10.68,30.95,21.37,,,5.15,14.81,31.14,9.35,,3.63,35.24,21.89,13.32,28.93,6.24,40.46,19.64,,15.14,69.47,17.25,2.05,,7.47,12.4,,9.17,,15.34,,2.19,14.84,72.77,70.78,,,,11.6
2017-05-25 07:00:00,4.37,,10.04,45.37,46.97,28.44,115.84,8.35,6.63,73.52,6.53,7.34,10.88,31.39,21.17,,,5.2,15.02,31.59,9.42,,3.92,34.43,22.56,13.18,28.59,6.18,41.23,19.84,,15.39,69.33,17.95,2.08,,7.75,12.35,,9.44,,15.36,,2.16,14.68,72.02,70.64,,,,11.7
2017-05-26 07:00:00,4.34,,10.04,45.56,47.79,28.81,121.15,8.32,6.66,75.54,6.53,7.34,10.76,31.06,21.25,,,5.17,15.07,32.49,9.39,,3.92,34.51,22.31,12.97,28.59,6.32,40.53,19.93,,15.3,68.64,18.07,2.08,,7.64,12.25,,9.57,,15.19,,2.1,14.7,72.31,70.55,,,,11.77
2017-05-29 07:00:00,4.32,,9.99,47.26,48.28,28.63,122.07,8.48,6.74,79.09,6.55,7.54,10.79,31.06,21.27,,,5.21,16.34,32.49,9.42,,3.95,34.67,21.71,12.99,28.59,6.48,40.81,19.78,,15.32,69.18,18.68,2.08,,7.62,12.4,,9.44,,15.07,,2.19,14.7,72.54,71.44,,,,11.8
2017-05-30 07:00:00,4.34,,9.7,47.15,47.46,28.44,120.0,8.37,6.63,77.7,6.55,7.6,10.84,30.95,20.5,,,5.22,15.88,31.89,9.66,,3.9,34.67,21.32,12.99,28.03,6.4,42.29,19.12,,14.68,69.37,18.84,2.08,,7.29,12.55,,9.41,,14.98,,2.23,14.79,72.82,70.45,,,,11.83
2017-05-31 07:00:00,4.34,,9.59,47.13,46.97,28.52,118.84,8.28,6.66,74.98,6.54,7.54,11.02,30.35,20.35,,,5.21,15.9,31.82,9.53,,3.88,34.51,21.39,12.99,28.03,6.31,42.5,19.64,,14.35,69.04,19.03,2.08,,7.25,12.45,,9.19,,14.82,,2.24,14.77,72.94,70.59,,,,11.61
2017-06-01 07:00:00,4.32,,9.67,47.39,46.89,28.37,122.3,8.26,6.68,75.19,6.66,7.6,11.05,30.24,20.45,,,5.36,16.73,31.78,9.59,,3.89,34.92,21.55,13.01,28.55,6.29,43.06,19.76,,14.72,69.07,19.03,2.14,,7.32,12.45,,9.32,,14.98,,2.19,14.79,73.17,70.83,,,,11.77
2017-06-02 07:00:00,4.25,,9.49,47.65,47.05,28.11,121.44,8.17,6.68,75.54,6.58,7.54,11.05,29.8,20.4,,,5.31,16.39,32.19,9.66,,3.9,35.0,21.85,13.16,28.59,6.32,42.0,19.74,,14.68,69.0,19.73,2.14,,7.3,12.4,,8.94,,14.94,,2.24,14.84,74.89,70.88,,,,11.78
2017-06-05 07:00:00,4.3,,9.73,47.91,47.05,28.55,120.63,8.3,6.7,77.91,6.58,7.47,11.06,29.75,20.81,,,5.31,16.6,32.04,9.87,,3.93,35.48,21.76,13.3,29.1,6.33,41.65,19.68,,14.77,69.37,19.98,2.2,,7.47,12.5,,8.5,,15.05,,2.24,14.79,74.26,71.21,,,,11.83
2017-06-06 07:00:00,4.34,,9.78,48.02,47.05,29.18,120.0,8.28,6.57,78.12,6.57,7.41,11.1,30.08,20.71,,,5.3,16.73,32.75,9.94,,3.94,35.65,21.78,13.51,29.4,6.48,42.78,19.78,,15.23,69.11,19.82,2.17,,7.45,12.75,,8.29,,15.4,,2.24,14.9,74.43,72.53,,,,11.87
2017-06-07 07:00:00,4.39,,10.2,48.15,47.3,28.96,121.15,8.54,6.61,77.98,6.57,7.73,11.29,30.19,20.5,,,5.45,17.12,32.87,9.91,,4.05,35.24,22.01,13.65,29.53,6.52,42.92,20.05,,15.72,69.37,21.45,2.2,,7.6,13.4,,8.38,,15.81,,2.25,14.93,72.82,72.2,,,,12.08
2017-06-08 07:00:00,4.51,,9.99,47.91,47.22,28.81,121.72,8.59,6.61,78.05,6.57,7.67,11.2,29.59,21.17,,,5.55,16.78,33.24,9.77,,4.12,34.88,22.31,13.6,29.31,6.51,42.78,19.97,,15.44,69.55,20.94,2.17,,7.6,13.3,,8.32,,15.65,,2.24,14.95,73.34,72.39,,,,12.04
2017-06-09 07:00:00,4.53,,9.94,48.07,47.14,28.55,120.63,8.59,6.68,86.68,6.58,7.86,11.33,29.91,21.4,,,5.57,16.6,34.59,9.8,,4.13,34.84,22.36,13.48,28.8,6.52,42.92,20.26,,15.56,69.07,21.13,2.17,,7.7,13.7,,8.16,,15.69,,2.24,15.21,72.54,72.43,,,,12.12
2017-06-12 07:00:00,4.51,,9.91,48.1,46.73,28.44,120.0,8.54,6.66,85.98,6.57,7.86,11.43,29.97,21.43,,,5.48,16.01,34.44,9.77,,4.1,34.88,22.19,13.13,28.72,6.53,43.83,19.99,,15.46,69.37,20.87,2.14,,7.72,13.7,,8.25,,15.71,,2.24,15.28,72.42,71.96,,,,12.09
2017-06-13 07:00:00,4.51,,9.99,48.65,46.65,28.37,120.28,8.57,6.66,86.47,6.6,7.9,11.53,30.08,20.96,,,5.47,16.13,33.8,9.77,,4.01,34.67,21.85,13.18,28.72,6.64,44.11,19.64,,15.42,70.28,21.32,2.12,,7.75,13.4,,8.29,,15.73,,2.23,15.52,72.59,71.54,,,,12.09
2017-06-14 07:00:00,4.61,,10.39,49.36,47.14,28.3,121.15,8.85,6.7,86.96,6.69,7.9,11.56,30.79,20.86,,,5.57,16.34,33.8,9.59,,4.12,34.92,21.78,13.65,28.59,6.94,43.55,19.8,,15.6,71.16,21.19,2.17,,7.79,13.9,,8.34,,15.96,,2.23,15.14,72.82,71.82,,,,12.22
2017-06-15 07:00:00,4.6,,10.39,49.31,47.87,28.04,124.26,8.94,6.74,87.72,6.64,7.83,11.55,30.9,20.86,,,5.63,16.21,34.22,9.59,,4.13,35.0,21.99,13.58,28.42,6.9,43.69,19.49,,15.6,73.02,21.06,2.17,,7.78,13.7,,8.25,,16.16,,2.24,15.28,72.54,72.34,,,,12.26
2017-06-16 07:00:00,4.58,,10.39,48.18,47.55,27.86,124.61,8.96,7.04,88.0,6.6,7.8,11.61,31.12,21.02,,,5.81,16.24,34.14,9.66,,4.13,34.27,21.89,13.41,28.46,6.78,43.83,19.93,,16.23,73.02,21.0,2.17,,7.78,13.6,,8.25,,16.25,,2.14,15.58,72.59,72.2,,,,12.3
2017-06-19 07:00:00,4.6,,10.47,48.18,47.95,27.64,124.9,9.03,6.87,87.72,6.6,7.93,11.78,31.61,22.3,,,5.76,16.37,34.97,9.73,,4.16,34.67,21.85,13.53,28.8,6.8,43.83,19.89,,16.3,73.02,21.57,2.2,,7.91,13.95,,8.32,,16.31,,2.23,15.56,72.54,72.25,,,,12.36
2017-06-20 07:00:00,4.65,,10.62,47.7,47.95,27.6,123.46,9.14,6.63,87.03,6.61,7.99,11.79,31.66,22.14,,,5.76,16.47,34.59,9.77,,4.31,34.76,21.92,13.86,28.8,6.94,44.96,19.8,,16.44,68.6,22.46,2.3,,8.12,14.3,,8.34,,16.27,,2.25,15.54,72.25,72.06,,,,12.45
2017-06-21 07:00:00,4.55,,10.49,46.29,47.3,27.49,122.3,8.81,6.7,88.42,6.55,8.45,11.8,31.17,21.94,,,5.75,16.29,34.85,9.75,,4.28,33.78,22.26,13.79,28.72,6.91,45.31,19.97,,16.2,73.75,22.75,2.3,,8.0,14.2,,8.41,,15.73,,2.31,15.41,71.68,71.49,,,,12.35
2017-06-22 07:00:00,4.55,,10.49,45.86,47.3,27.53,123.46,8.83,6.63,87.79,6.58,8.51,12.12,31.01,22.25,,,5.78,16.39,34.93,9.73,,4.46,33.22,22.52,13.86,28.76,7.17,47.49,20.36,,16.81,74.15,22.88,2.24,,8.03,14.2,,8.54,,15.77,,2.26,15.47,70.99,72.1,,,,12.45
2017-06-23 07:00:00,4.46,,10.36,46.38,46.97,26.76,123.05,8.7,6.68,87.37,6.67,8.25,12.1,30.63,22.55,,,5.78,16.71,34.37,9.7,,4.37,33.22,23.32,13.65,28.76,7.43,48.97,20.36,,16.64,74.59,22.69,2.24,,7.94,13.9,,8.56,,15.63,,2.29,15.36,71.22,72.01,,,,12.37
2017-06-26 07:00:00,4.48,,10.47,47.47,47.3,26.28,124.61,8.83,6.66,83.55,6.66,8.22,11.92,31.01,22.86,,,5.79,16.78,34.82,9.77,,4.38,33.26,23.49,13.53,29.1,7.23,50.1,21.36,,16.85,75.21,22.43,2.24,,8.06,13.95,,8.7,,15.79,,2.32,15.45,72.02,71.87,,,,12.37
2017-06-27 07:00:00,4.49,,10.52,47.14,46.89,25.81,125.24,8.85,6.63,81.11,6.67,8.12,11.65,31.17,22.14,,,5.8,16.55,34.37,9.7,,4.44,33.62,23.28,13.58,29.06,7.23,48.41,21.2,,16.67,75.39,22.34,2.27,,7.96,14.2,,8.61,,15.83,,2.29,15.61,71.68,72.34,,,,12.39
2017-06-28 07:00:00,4.46,,10.41,46.76,46.81,25.73,125.76,8.72,6.66,84.94,6.69,8.12,11.7,31.45,21.89,,,5.79,16.47,34.22,9.7,,4.44,33.46,22.82,13.53,28.97,7.13,47.35,21.09,,16.74,73.46,22.24,2.27,,7.92,14.0,,8.34,,15.67,,2.29,15.52,71.45,72.43,,,,12.35
2017-06-29 07:00:00,4.49,,10.65,46.76,46.89,26.03,124.67,8.85,6.66,85.63,6.69,8.03,11.87,31.72,22.09,,,5.81,16.42,34.22,9.7,,4.51,33.95,23.07,13.41,28.76,7.31,47.77,21.15,,17.04,73.78,22.34,2.24,,8.07,13.95,,8.29,,15.69,,2.29,15.54,71.1,73.05,,,,12.4
2017-06-30 07:00:00,4.51,,10.68,46.71,46.97,26.9,124.61,8.9,6.87,85.98,6.74,8.09,11.74,31.95,22.04,,,5.91,16.5,34.52,9.66,,4.6,34.03,23.46,13.41,28.84,7.39,48.55,21.15,,17.06,75.39,21.96,2.27,,8.09,13.45,,8.34,,15.77,,2.24,15.52,71.56,73.05,,,,12.54
2017-07-03 07:00:00,4.53,,10.78,46.19,47.05,27.31,121.78,8.94,6.8,84.94,6.86,8.25,11.87,32.34,21.99,,,6.06,16.86,34.78,9.72,,4.58,33.62,23.62,13.46,28.97,7.43,48.2,21.15,,16.9,74.48,22.31,2.3,,8.2,13.6,,8.43,,15.89,,2.29,15.5,71.5,73.94,,,,12.52
2017-07-04 07:00:00,4.55,,10.68,45.67,47.05,26.83,121.03,8.96,6.8,82.85,6.74,8.22,11.87,32.22,21.94,,,6.23,17.02,34.82,9.72,,4.5,33.38,23.55,13.7,28.84,7.54,47.28,21.26,,16.9,74.84,22.12,2.39,,8.25,12.95,,8.29,,15.94,,2.3,15.25,71.33,73.66,,,,12.49
2017-07-05 07:00:00,4.55,,10.68,45.81,47.14,27.27,123.11,8.96,6.85,83.96,6.83,8.19,11.9,32.72,21.96,,,6.2,16.84,35.79,9.73,,4.44,33.38,23.67,13.65,28.89,7.5,47.35,21.09,,16.99,76.3,22.27,2.39,,8.29,12.9,,8.38,,15.91,,2.29,15.3,71.5,73.57,,,,12.52
2017-07-06 07:00:00,4.58,,10.65,46.29,47.3,27.56,124.03,8.96,6.83,84.38,6.9,8.35,11.94,33.17,22.32,,,6.24,16.91,35.57,9.72,,4.48,33.46,23.51,13.84,28.8,7.5,47.84,20.36,,17.32,75.79,22.37,2.48,,8.44,13.35,,8.47,,16.06,,2.32,15.43,71.79,73.94,,,,12.64
2017-07-07 07:00:00,4.58,,10.65,46.52,47.38,27.42,124.03,8.81,6.68,83.62,6.82,8.32,12.3,33.34,22.04,,,6.24,16.81,34.74,9.84,,4.41,33.46,23.65,13.77,28.55,7.53,48.83,20.39,,17.22,76.16,22.46,2.45,,8.0,13.0,,8.74,,16.02,,2.31,15.43,71.68,72.76,,,,12.6
2017-07-10 07:00:00,4.49,,10.41,45.77,47.46,26.98,122.88,8.32,6.63,80.76,6.76,8.19,12.2,33.17,21.48,,,6.24,16.34,34.37,9.79,,4.25,33.54,23.05,13.32,28.42,7.31,47.98,19.78,,16.53,76.3,22.31,2.36,,7.87,12.8,,8.41,,15.73,,2.3,15.06,71.62,71.35,,,,12.3
2017-07-11 07:00:00,4.48,,10.07,45.34,47.38,26.76,122.19,8.5,6.61,75.19,6.79,8.25,12.05,33.0,21.07,,,6.1,16.01,34.37,9.77,,4.23,33.42,23.16,13.32,28.5,6.86,47.84,19.66,,16.37,76.48,22.18,2.39,,7.73,12.4,,8.43,,15.56,,2.31,15.1,71.39,71.58,,,,12.35
2017-07-12 07:00:00,4.51,,10.2,45.34,47.71,27.34,122.3,8.54,6.66,78.81,6.85,8.19,12.06,33.45,21.43,,,6.2,16.21,34.44,9.82,,4.4,33.46,23.28,13.37,28.5,7.1,48.41,19.8,,16.48,76.67,22.4,2.42,,7.84,12.55,,8.5,,15.67,,2.32,15.43,71.91,72.1,,,,12.39
2017-07-13 07:00:00,4.48,,10.18,43.93,48.28,28.26,122.42,8.54,6.74,79.99,7.04,8.25,12.22,34.61,21.55,,,6.24,16.29,35.01,10.19,,4.35,33.22,23.42,13.44,28.59,7.21,48.55,20.05,,16.76,76.12,22.88,2.42,,7.82,12.4,,8.36,,15.73,,2.31,15.39,72.25,73.61,,,,12.38
2017-07-14 07:00:00,4.48,,10.2,42.51,48.85,28.11,123.34,8.54,6.76,82.15,6.98,8.22,12.4,35.0,21.48,,,6.39,16.39,34.97,9.87,,4.36,33.3,23.51,13.41,28.72,7.13,49.25,20.09,,16.67,77.03,23.23,2.45,,7.88,12.05,,8.41,,15.75,,2.3,15.5,72.54,73.14,,,,12.47
2017-07-17 07:00:00,4.34,,9.96,40.15,47.87,27.49,121.44,8.23,6.76,80.97,6.79,7.8,12.22,34.34,21.12,,,6.16,15.88,34.67,9.87,,4.24,32.32,23.51,13.08,28.67,7.02,48.27,19.91,,16.34,77.4,24.44,2.36,,7.54,11.4,,8.36,,15.6,,2.09,15.36,72.42,71.54,,,,12.25
2017-07-18 07:00:00,4.32,,9.88,38.12,47.46,27.12,121.15,8.23,6.76,80.2,6.77,7.54,12.14,33.67,21.02,,,5.97,15.46,34.14,9.8,,4.13,32.41,23.39,12.87,28.63,6.94,47.98,19.84,,15.93,80.68,23.23,2.3,,7.41,11.5,,8.13,,15.54,,2.16,15.25,72.77,71.25,,,,12.02
2017-07-19 07:00:00,4.37,,10.04,37.31,46.81,25.51,120.28,8.28,6.76,82.15,6.77,7.28,11.94,33.89,21.27,,,6.03,15.2,34.18,9.8,,4.23,33.05,23.39,12.76,28.76,7.04,48.41,19.95,,15.72,82.87,24.15,2.36,,7.41,12.05,,8.13,,15.52,,2.23,15.41,73.22,72.06,,,,12.13
2017-07-20 07:00:00,4.34,,10.04,35.42,46.65,25.44,116.24,8.21,6.76,82.15,6.7,7.28,11.84,33.72,21.17,,,5.84,15.12,34.14,9.77,,4.17,33.22,23.05,12.8,28.5,7.04,47.88,20.07,,15.72,82.51,24.22,2.36,,7.32,11.8,,7.8,,15.36,,2.27,15.36,72.65,71.68,,,,12.01
2017-07-21 07:00:00,4.35,,10.18,34.1,46.56,25.29,112.5,8.23,6.76,79.37,6.69,7.34,11.84,33.34,21.12,,,5.93,15.36,34.4,9.82,,4.19,33.26,22.24,12.94,28.63,7.13,47.88,19.97,,16.2,84.7,24.34,2.36,,7.36,11.7,,7.78,,15.31,,2.27,15.3,71.5,71.35,,,,12.0
2017-07-24 07:00:00,4.25,,10.02,34.1,45.83,24.19,109.5,8.19,6.74,77.14,6.67,7.47,11.79,32.22,19.68,,,5.89,15.12,34.25,9.8,,4.17,33.22,22.36,12.94,28.8,7.11,46.19,19.95,,15.97,81.78,24.88,2.3,,7.3,11.65,,7.78,,15.17,,,15.39,71.16,70.78,,,,11.2
2017-07-25 07:00:00,4.32,,10.25,36.93,46.48,23.9,111.69,8.28,6.68,78.74,6.69,7.54,11.84,32.67,19.66,,,5.96,15.18,33.59,9.77,,4.25,33.42,22.54,12.99,28.8,7.1,44.73,20.16,,16.16,84.99,25.14,2.33,,7.28,11.85,,7.87,,15.27,,2.09,15.36,71.39,71.35,,,,11.91
2017-07-26 07:00:00,4.37,,10.76,38.73,46.81,24.05,113.53,8.46,6.74,79.65,6.74,7.73,11.97,33.84,20.25,,,6.07,15.41,34.1,9.59,,4.52,33.38,22.72,13.3,28.89,7.26,47.15,20.36,,16.74,80.1,25.55,2.39,,7.44,12.5,,7.94,,15.4,,2.24,15.36,71.96,71.68,,,,12.06
2017-07-27 07:00:00,4.37,,10.78,37.31,46.81,23.9,114.0,8.5,6.76,80.48,6.77,7.73,12.22,33.39,20.2,,,6.14,15.43,34.49,9.59,,4.54,33.38,22.84,13.23,28.76,7.37,46.05,20.95,,16.74,83.97,26.03,2.39,,7.51,12.6,,7.99,,15.46,,2.26,15.47,71.85,72.06,,,,12.13
2017-07-28 07:00:00,4.44,,10.89,37.08,46.73,23.75,114.11,8.52,6.74,79.72,6.72,7.77,12.28,33.67,20.25,,,6.12,15.51,34.99,9.73,,4.58,33.58,22.93,13.2,28.38,7.38,45.53,20.99,,16.71,84.37,25.93,2.39,,7.51,12.5,,7.94,,15.44,,2.24,15.43,71.79,72.15,,,,12.19
2017-07-31 07:00:00,4.49,,11.15,36.89,47.95,23.79,116.53,8.72,6.83,79.37,6.72,7.54,12.33,34.17,20.37,,,6.04,14.53,34.6,9.73,,4.82,32.89,23.05,13.32,28.12,7.31,46.05,21.32,,16.76,84.7,24.88,2.42,,7.63,12.7,,7.82,,15.52,,2.28,15.98,71.26,71.96,,,,12.26
2017-08-01 07:00:00,4.55,,11.52,37.03,47.95,23.83,117.69,8.85,6.8,80.76,6.77,7.6,12.35,34.72,20.71,,,6.06,14.06,33.83,9.73,,4.81,33.95,22.84,13.48,28.59,7.35,45.61,21.72,,16.99,86.89,25.74,2.48,,7.67,12.95,,7.8,,15.73,,2.29,16.16,71.67,71.3,,,,12.33
2017-08-02 07:00:00,4.48,,11.44,36.7,47.95,23.94,117.69,8.68,6.78,80.06,6.76,7.67,12.48,34.89,20.58,,,6.11,13.88,32.19,9.77,,4.75,34.19,22.84,13.3,28.55,7.31,45.53,21.51,,16.76,87.8,26.12,2.42,,7.56,12.5,,7.59,,15.65,,2.29,16.13,71.79,71.3,,,,12.3
2017-08-03 07:00:00,4.49,,11.84,36.56,47.54,23.97,119.13,8.9,6.74,79.37,6.72,8.16,12.69,35.11,20.63,,,6.09,13.9,33.05,9.84,,4.7,34.43,22.84,13.3,28.55,7.41,45.97,21.47,,17.36,88.75,24.66,2.42,,7.62,12.3,,7.43,,15.77,,2.28,16.16,71.79,72.2,,,,12.36
2017-08-04 07:00:00,4.48,,11.84,36.37,47.37,24.27,120.0,8.7,6.8,78.25,6.74,8.25,12.7,34.95,20.76,,,6.06,14.16,33.44,9.87,,4.79,34.11,23.39,13.27,28.5,7.58,45.97,21.88,,17.59,87.8,24.44,2.42,,7.69,12.4,,7.68,,15.69,,2.29,16.31,71.9,72.58,,,,12.38
2017-08-07 07:00:00,4.49,,11.74,34.76,47.62,24.41,120.46,8.74,6.85,77.63,6.85,8.25,12.74,34.78,21.3,,,6.05,14.24,33.9,9.8,,4.79,34.59,24.68,13.41,28.25,7.69,46.56,22.34,,17.5,89.45,23.13,2.42,,7.78,12.55,,7.71,,15.73,,2.29,16.27,71.84,72.2,,,,12.47
2017-08-08 07:00:00,4.54,,11.84,35.9,47.29,24.67,121.72,8.7,6.85,76.24,6.76,8.22,12.55,35.56,21.43,,,6.1,14.29,33.75,9.82,,4.77,34.43,24.59,13.27,27.99,7.66,48.98,21.86,,17.08,90.94,21.54,2.45,,7.64,12.2,,7.66,,15.75,,2.27,16.35,71.9,71.63,,,,12.4
2017-08-09 07:00:00,4.46,,11.13,35.8,46.46,24.63,119.76,8.28,6.8,74.49,6.7,8.06,12.34,34.72,20.61,,,6.02,14.22,32.85,9.8,,4.54,34.03,23.97,13.08,27.91,7.53,48.03,21.2,,16.51,88.35,20.05,2.36,,7.41,11.8,,7.71,,15.52,,2.24,15.98,71.5,70.03,,,,12.16
2017-08-10 07:00:00,4.44,,10.58,36.37,46.46,24.93,120.28,8.19,6.95,75.47,6.7,8.06,12.3,34.72,20.55,,,6.02,14.32,33.09,9.84,,4.56,34.03,23.74,12.99,27.31,7.09,47.51,21.32,,16.58,88.53,18.65,2.36,,7.38,11.8,,7.57,,15.5,,2.21,15.8,71.5,70.78,,,,12.14
2017-08-11 07:00:00,4.44,,10.8,36.93,46.46,25.66,119.42,8.19,6.85,75.19,6.69,7.93,12.46,33.95,20.35,,,6.06,14.27,32.81,9.8,,4.59,34.43,24.13,13.04,26.67,6.99,47.07,21.53,,16.6,89.48,17.34,2.36,,7.38,11.85,,7.61,,15.44,,2.24,15.76,71.73,70.78,,,,12.09
2017-08-14 07:00:00,4.44,,10.91,37.08,46.46,25.81,120.17,8.39,6.68,75.54,6.69,7.93,12.61,33.89,20.35,,,6.19,14.42,32.97,9.77,,4.61,34.15,24.31,13.01,25.94,7.37,47.07,21.82,,16.58,89.08,19.22,2.36,,7.39,11.95,,7.47,,15.5,,2.22,15.87,71.73,71.16,,,,12.19
2017-08-15 07:00:00,4.51,,11.07,37.79,46.87,26.61,120.28,8.41,6.8,78.32,6.72,7.86,12.43,33.72,20.55,,,6.33,14.79,32.62,9.84,,4.73,35.24,24.55,13.01,26.03,7.41,48.03,21.92,,16.58,86.52,18.68,2.39,,7.39,11.9,,7.57,,15.44,,2.23,15.61,71.61,70.78,,,,12.22
2017-08-16 07:00:00,4.51,,10.8,38.26,46.46,26.72,120.28,8.35,6.89,77.98,6.82,7.86,12.42,33.61,20.66,,,6.31,14.86,32.43,9.84,,4.63,35.57,24.71,13.04,26.03,7.37,48.03,21.92,,16.44,87.66,17.76,2.36,,7.39,11.7,,7.5,,15.42,,2.23,15.58,71.21,69.63,,,,12.18
2017-08-17 07:00:00,4.49,,10.42,38.68,46.46,26.1,121.15,8.21,7.25,77.28,6.83,7.34,12.4,33.89,20.96,,,6.38,14.66,31.8,9.77,,4.55,35.97,24.34,12.66,26.37,7.35,48.25,21.69,,16.04,91.2,18.3,2.36,,7.26,11.85,,7.59,,15.38,,2.21,15.58,70.98,70.06,6.65,,,12.22
2017-08-18 07:00:00,4.42,,10.26,38.02,46.38,25.66,120.57,8.1,7.25,76.58,6.82,7.6,12.27,33.39,21.02,,,6.32,14.6,30.95,9.73,,4.48,35.65,24.08,12.68,26.33,7.34,48.17,21.48,,15.88,89.81,18.14,2.3,,7.2,11.65,,7.47,,15.38,,2.22,15.58,70.34,70.58,7.49,,,11.4
2017-08-21 07:00:00,4.51,,10.47,37.74,45.38,25.59,120.57,8.19,7.21,76.72,6.82,7.7,12.43,33.84,20.76,,,6.26,14.73,31.8,9.77,,4.56,36.05,24.25,12.68,26.07,7.39,48.98,21.69,,16.2,89.45,18.2,2.33,,7.22,11.6,,7.52,,15.44,,2.19,15.54,71.38,70.97,7.15,,,12.17
2017-08-22 07:00:00,4.56,,10.45,36.84,44.63,24.93,120.57,8.08,7.19,76.1,6.76,7.73,12.32,33.67,20.55,,,6.22,14.76,31.73,9.86,,4.48,36.46,24.22,12.68,25.99,7.33,48.61,21.53,,16.09,88.53,17.95,2.33,,7.08,11.6,,7.47,,15.27,,2.19,15.65,71.44,70.63,7.01,,,12.17
2017-08-23 07:00:00,4.58,,10.39,37.08,44.63,25.11,121.15,8.01,7.06,75.54,6.73,7.64,12.3,33.67,20.55,,,6.24,14.81,31.8,9.84,,4.5,36.46,23.95,12.61,26.11,7.31,48.54,21.38,,16.09,87.98,18.33,2.3,,7.04,11.65,,7.45,,15.19,,2.2,15.72,71.5,70.44,7.2,,,12.12
2017-08-24 07:00:00,4.63,,10.58,36.79,44.39,24.56,121.72,8.08,7.21,76.17,6.74,7.67,12.35,33.89,20.61,,,6.31,14.94,31.65,9.77,,4.53,36.94,23.95,12.5,26.63,7.33,48.69,21.48,,16.2,89.81,18.39,2.3,,7.14,11.7,,7.45,,15.27,,2.21,15.91,71.67,70.58,7.21,,,12.2
2017-08-25 07:00:00,4.81,,10.75,36.37,44.3,24.56,122.3,8.3,7.17,76.37,6.77,7.67,12.43,34.06,20.68,,,6.36,14.99,31.14,9.8,,4.69,37.27,24.11,12.4,26.07,7.37,49.34,21.61,,16.37,89.85,18.39,2.33,,7.19,11.7,,7.57,,15.34,,2.19,16.0,72.08,70.58,7.21,,,12.25
2017-08-28 07:00:00,4.84,,10.66,35.23,44.72,24.89,122.88,8.26,7.25,75.89,6.74,7.7,12.36,34.11,20.81,,,6.42,15.12,31.49,9.8,,4.69,36.7,24.22,12.38,25.9,7.37,49.34,21.65,,16.11,89.45,18.46,2.33,,7.23,11.7,,7.57,,15.36,,2.19,16.2,72.08,70.39,7.23,,,12.35
2017-08-29 07:00:00,4.93,,10.69,34.57,44.72,24.71,122.88,8.26,7.28,75.89,6.72,7.77,12.42,34.5,21.73,,,6.49,15.25,32.04,9.73,,4.73,36.62,24.48,12.33,25.39,7.31,49.71,22.03,,16.07,90.1,18.65,2.36,,7.35,11.6,,7.47,,15.31,,2.18,16.51,69.47,70.25,7.24,,,12.38
2017-08-30 07:00:00,4.97,,10.56,35.0,43.97,24.93,122.81,8.21,7.34,75.96,6.73,7.8,12.44,34.45,21.58,,,6.53,15.2,31.1,9.73,,4.74,36.94,24.64,12.19,25.13,7.31,49.12,22.01,,15.93,90.25,19.98,2.33,,7.32,11.4,,7.47,,15.27,,2.19,16.92,71.67,70.3,7.25,,,12.4
2017-08-31 07:00:00,5.02,,10.56,34.81,44.55,25.29,122.87,8.23,7.42,75.75,6.73,7.8,12.51,34.45,21.53,,,6.6,15.38,31.38,9.73,,4.79,38.0,25.17,12.19,25.09,7.37,48.83,22.32,,15.95,90.21,20.21,2.33,,7.3,11.3,,7.47,,15.25,,1.86,17.82,71.96,70.68,7.27,,,12.52
2017-09-01 07:00:00,4.95,,11.32,34.62,44.88,25.0,122.58,8.39,7.38,75.82,6.79,7.83,12.64,34.95,21.78,,,6.6,15.38,31.65,9.73,,4.8,37.96,25.12,11.77,25.43,7.53,48.54,22.42,,16.25,91.64,19.92,2.36,,7.39,11.5,,7.47,,15.36,,2.15,17.89,72.65,70.97,7.27,,,12.67
2017-09-05 07:00:00,5.02,,11.24,34.62,44.97,24.93,122.28,8.32,7.28,75.19,6.74,7.8,12.63,35.28,21.86,,,6.62,15.33,31.88,9.73,,4.8,38.56,24.89,11.93,24.92,7.52,49.05,22.44,,16.16,92.91,19.28,2.36,,7.34,11.5,,7.43,,15.38,,2.2,18.22,75.26,72.01,7.26,,,12.69
2017-09-06 07:00:00,5.04,,11.16,34.15,45.21,24.34,122.28,8.26,7.23,73.73,6.77,7.73,12.51,35.95,21.73,,,6.71,15.23,32.81,9.73,,4.76,38.81,24.84,12.12,25.05,7.48,48.76,22.28,,16.2,93.46,19.09,2.36,,7.35,11.65,,7.4,,15.63,,2.12,18.0,75.43,71.82,7.31,,,12.68
2017-09-07 07:00:00,5.0,,11.21,33.86,45.13,23.79,122.58,8.3,7.28,72.2,6.76,7.83,12.54,36.11,21.68,,,6.69,14.81,32.7,9.73,,4.79,38.93,24.96,12.0,25.18,7.46,48.98,22.32,,16.18,94.63,19.09,2.36,,7.36,11.65,,7.24,,15.6,,2.2,18.15,75.2,71.2,7.69,,,12.7
2017-09-08 07:00:00,4.91,,11.1,33.72,45.21,23.72,122.76,8.3,7.23,72.82,6.72,7.8,12.48,36.89,21.12,,,6.68,14.73,32.19,9.73,,4.69,40.67,25.01,11.91,25.18,7.48,48.76,22.44,,16.3,99.67,19.25,2.33,,7.36,11.65,,7.24,,15.58,,2.19,18.13,74.68,70.92,7.68,,,12.73
2017-09-11 07:00:00,4.83,,10.91,32.83,45.71,23.75,122.87,8.19,7.23,73.45,6.7,7.7,12.38,36.39,20.81,,,6.69,14.58,32.08,9.59,,4.63,42.94,25.33,11.53,25.26,7.53,49.05,22.63,,16.2,102.84,18.46,2.33,,7.28,11.6,,7.1,,15.6,,2.19,18.11,75.49,70.63,7.43,,,12.81
2017-09-12 07:00:00,4.81,,10.94,32.73,46.63,23.68,122.64,8.21,7.12,73.17,6.63,7.83,12.4,36.34,20.76,,,6.61,14.58,31.73,9.66,,4.62,43.75,25.47,11.63,25.39,7.62,49.05,22.69,,16.23,102.22,18.39,2.3,,7.26,11.45,,7.28,,15.58,,2.2,17.85,77.23,70.39,7.33,,,12.76
2017-09-13 07:00:00,4.88,,11.1,33.96,46.46,23.64,122.34,8.21,7.23,74.15,6.6,7.93,12.64,36.67,21.07,,,6.75,14.79,31.76,9.7,,4.75,43.75,26.02,11.72,25.47,7.62,49.49,22.86,,16.62,101.24,18.46,2.33,,7.3,11.4,,7.31,,15.69,,2.2,17.63,77.29,70.54,7.47,,,12.82
2017-09-14 07:00:00,4.93,,11.07,34.38,46.38,23.57,123.76,8.23,7.23,75.05,6.6,8.06,12.65,37.22,21.37,,,6.92,14.97,32.04,9.75,,4.77,45.04,26.3,11.72,25.35,7.77,50.15,23.22,,16.55,99.12,18.58,2.3,,7.42,11.45,,7.35,,15.69,,2.22,17.47,78.04,70.54,7.51,,,12.88
2017-09-15 07:00:00,4.91,,11.1,35.9,46.38,23.53,125.52,8.26,6.78,75.05,6.64,8.03,12.56,38.34,21.22,,,6.9,14.97,32.04,9.77,,4.71,44.15,26.09,11.77,25.56,7.77,49.64,23.07,,16.44,97.48,18.46,2.3,,7.47,11.5,,7.35,,15.69,,2.2,17.71,79.72,70.35,7.52,,,12.91
2017-09-18 07:00:00,4.93,,11.1,35.85,46.46,23.31,123.17,8.37,6.85,77.62,6.63,8.19,12.56,38.28,21.32,,,7.06,15.28,31.96,9.7,,4.73,44.72,26.04,11.88,26.37,7.87,48.69,23.36,,16.62,97.84,18.42,2.33,,7.53,11.55,,7.33,,15.56,,2.3,17.93,79.14,70.3,7.5,,,13.02
2017-09-19 07:00:00,4.93,,11.16,35.9,46.46,23.02,122.93,8.43,7.02,76.57,6.63,8.12,12.66,38.11,21.37,,,7.15,15.3,31.8,9.62,,4.73,44.88,26.11,11.77,26.41,7.8,45.39,23.51,,16.76,99.3,18.26,2.39,,7.59,11.7,,7.12,,15.44,,2.3,17.95,78.91,70.73,7.43,,,13.03
2017-09-20 07:00:00,4.93,,11.13,37.22,46.46,23.09,123.17,8.52,6.36,76.22,6.66,8.03,12.65,37.26,21.35,,,7.14,15.2,32.66,9.89,,4.71,43.59,26.18,11.84,26.16,7.72,46.71,23.78,,16.71,99.27,17.18,2.39,,7.51,11.65,,7.1,,15.5,,2.31,17.89,79.08,70.54,7.42,,,12.93
2017-09-21 07:00:00,4.91,,11.1,37.31,46.87,23.83,123.58,8.59,6.93,75.16,6.69,8.06,12.76,37.6,21.35,,,7.07,15.2,32.35,9.86,,4.73,41.48,26.27,11.98,26.2,7.8,46.49,23.88,,16.67,96.75,16.29,2.42,,7.48,11.55,,7.21,,15.63,,2.41,17.65,79.25,70.54,7.4,,,12.94
2017-09-22 07:00:00,4.98,,11.24,36.84,47.04,23.83,123.46,8.65,7.0,74.46,6.64,7.99,12.93,38.05,21.27,,,7.08,14.94,32.35,9.86,,4.74,41.24,26.3,12.14,26.11,8.07,47.07,23.76,,16.69,96.75,17.18,2.42,,7.5,11.55,,7.33,,15.56,,2.42,17.74,79.77,70.39,7.35,,,12.93
2017-09-25 07:00:00,5.09,,11.07,36.13,46.63,23.46,122.93,8.57,7.04,74.67,6.63,7.99,12.78,38.34,21.27,,,7.09,14.71,32.43,9.78,,4.71,43.5,26.97,12.17,26.07,8.08,47.22,23.82,,16.64,91.27,16.8,2.39,,7.5,11.45,,7.35,,15.5,,2.47,17.93,85.04,70.16,7.38,,,12.9
2017-09-26 07:00:00,5.28,,11.1,35.94,46.13,23.09,122.58,8.52,7.06,75.09,6.61,8.03,12.69,38.79,21.89,,,7.02,14.68,32.5,9.74,,4.67,43.26,26.97,12.14,26.07,8.08,47.22,23.9,,16.37,93.86,16.71,2.42,,7.48,12.35,,7.43,,15.44,,2.44,17.93,86.42,70.39,7.37,,,12.95
2017-09-27 07:00:00,5.26,,11.02,35.14,45.88,23.39,123.17,8.61,7.15,75.02,6.61,8.06,12.74,38.96,22.19,,,7.09,14.84,33.2,9.64,,4.67,44.23,26.5,12.28,26.07,8.21,47.22,23.36,,16.27,92.37,16.55,2.42,,7.48,12.2,,7.35,,15.54,,2.44,18.3,85.04,70.49,7.37,,,12.9
2017-09-28 07:00:00,5.26,,10.72,36.04,45.63,23.09,122.64,8.47,7.17,74.74,6.63,7.96,12.66,39.58,21.81,,,7.14,14.76,32.66,9.7,,4.63,44.64,26.48,12.38,26.16,8.15,46.78,23.26,,16.0,91.86,16.83,2.42,,7.38,12.2,,7.33,,15.69,,2.47,18.66,86.66,70.49,7.49,,,12.96
2017-09-29 07:00:00,5.28,,10.69,36.37,45.3,23.09,122.34,8.43,7.15,74.53,6.61,7.86,12.72,38.96,22.04,,,7.15,14.68,32.58,9.89,,4.7,44.15,26.69,12.38,26.2,8.15,46.05,23.4,,16.0,94.92,16.55,2.17,,7.38,12.4,,7.45,,15.73,,2.41,18.55,87.06,70.97,7.5,,,12.98
2017-10-02 07:00:00,5.32,,10.69,36.56,44.14,23.09,121.69,8.45,7.23,74.53,6.64,7.93,12.57,38.96,22.53,,,7.32,14.73,31.88,9.91,,4.65,44.15,26.8,12.43,26.24,8.17,45.46,23.57,,16.04,93.46,16.13,2.39,,7.36,12.3,,7.33,,15.84,,2.43,18.7,86.42,70.73,7.45,,,12.96
2017-10-03 07:00:00,5.25,,10.75,36.18,43.8,22.73,119.04,8.38,7.21,74.25,6.66,7.8,12.47,38.56,22.35,,,7.28,14.47,31.34,10.03,,4.59,43.83,26.99,12.36,26.11,8.0,43.63,23.47,,15.86,93.5,15.4,2.36,,7.29,12.0,,7.12,,15.86,,2.44,18.77,84.23,70.39,7.4,,,12.9
2017-10-04 07:00:00,5.32,,10.83,34.9,44.22,22.65,119.69,8.43,7.23,73.9,6.64,7.8,12.51,38.45,22.4,,,7.33,14.6,31.26,10.09,,4.66,43.75,27.13,12.43,26.11,8.05,43.7,23.74,,15.9,93.17,15.34,2.36,,7.32,12.0,,7.33,,15.86,,2.44,18.81,84.23,70.39,7.4,,,12.94
2017-10-05 07:00:00,5.35,,10.83,35.8,44.39,22.65,121.22,8.63,7.32,74.25,6.63,7.77,12.56,38.34,22.04,,,7.35,14.6,31.42,10.32,2.84,4.78,44.56,26.97,12.71,26.11,8.12,44.29,23.28,,15.97,93.1,15.46,2.39,,7.41,12.05,,7.33,,16.37,,2.44,19.1,84.63,70.68,7.42,,,13.05
2017-10-06 07:00:00,5.35,,10.8,35.42,44.39,23.68,119.69,8.59,7.3,73.97,6.61,7.7,12.64,38.11,22.04,,,7.3,14.55,31.49,10.11,2.86,4.78,46.02,26.94,13.13,26.11,8.21,44.95,22.99,,16.0,93.17,15.59,2.39,,7.53,12.05,,7.4,,16.34,,2.45,19.21,84.63,71.01,7.41,,,13.06
2017-10-09 07:00:00,5.49,,10.91,35.09,43.89,23.86,119.16,8.77,7.28,73.48,6.6,7.77,12.72,37.88,22.35,,,7.35,14.58,31.18,10.15,2.9,5.0,45.85,27.1,13.52,26.16,8.17,44.36,23.05,,16.0,93.28,15.4,2.42,,7.59,12.35,,7.45,,16.56,,2.45,18.85,84.39,70.58,7.5,,,13.1
2017-10-10 07:00:00,5.44,,10.88,34.95,43.97,23.79,118.81,8.68,7.3,73.06,6.61,7.6,12.76,37.72,22.42,,,7.46,14.63,30.72,10.28,2.88,5.0,45.77,27.43,13.52,26.11,8.34,44.43,23.01,,15.93,94.7,15.4,2.42,,7.5,12.35,,7.61,,16.58,,2.54,18.63,84.8,70.63,7.52,,,13.11
2017-10-11 07:00:00,5.58,,10.94,35.19,44.22,24.71,119.22,8.63,7.28,73.41,6.61,7.64,12.9,38.17,22.53,,,7.47,14.84,30.72,10.36,2.73,5.01,45.04,28.16,13.66,26.16,8.43,45.24,23.36,,16.11,94.85,15.37,2.45,,7.54,11.6,,7.66,,16.51,,2.56,19.18,84.31,70.63,7.68,,,13.23
2017-10-12 07:00:00,5.56,,10.99,35.61,44.39,24.78,121.69,8.63,7.28,74.04,6.6,7.64,13.08,38.34,22.6,,,7.45,14.68,30.44,10.42,2.65,5.0,45.04,28.21,14.15,26.16,8.47,44.51,22.53,,15.93,95.32,15.15,2.45,,7.46,11.6,,7.66,,16.51,,2.68,19.8,84.55,70.54,7.92,,,13.3
2017-10-13 07:00:00,5.53,,10.94,36.37,45.63,24.52,120.81,8.56,7.23,74.46,6.57,7.51,13.24,38.62,22.45,,,7.37,14.58,29.94,10.65,2.56,5.0,45.61,28.35,14.05,26.2,8.44,44.29,22.03,,15.88,95.32,14.76,2.42,,7.42,11.3,,7.45,,16.49,,2.67,19.98,87.31,70.54,8.04,,,13.28
2017-10-16 07:00:00,5.67,,11.02,36.32,45.71,24.93,122.58,8.7,7.25,73.83,6.54,7.28,13.32,39.01,22.17,,,7.16,14.47,29.86,10.61,2.54,5.0,46.34,28.92,13.95,26.33,8.36,44.21,22.67,,15.97,98.21,15.08,2.42,,7.45,11.35,,7.38,,16.47,,2.68,20.06,87.63,70.82,8.1,,,13.35
2017-10-17 07:00:00,5.72,,11.13,35.8,46.13,25.51,124.64,8.75,7.17,77.9,6.48,7.47,13.32,38.84,22.07,,,7.18,14.32,29.51,10.48,2.69,5.0,45.53,29.15,13.91,26.75,8.36,44.43,22.8,,16.02,97.92,14.96,2.42,,7.46,11.45,,7.54,,16.49,,2.68,20.02,89.49,70.78,8.2,,,13.32
2017-10-18 07:00:00,5.76,,11.62,35.66,46.21,24.01,125.23,8.88,7.25,78.61,6.42,7.51,13.22,38.9,22.3,,,7.24,13.98,29.24,10.36,2.86,5.0,45.45,29.29,13.81,26.71,8.39,45.17,22.86,,16.11,101.13,14.64,2.48,,7.62,11.4,,7.57,,17.15,,2.68,20.17,89.9,71.01,8.32,,,13.46
2017-10-19 07:00:00,5.65,,11.35,36.37,46.54,24.63,124.35,8.86,7.25,78.19,6.42,7.51,13.11,39.18,22.14,,,7.15,14.16,29.98,10.36,2.78,4.89,45.37,29.62,13.76,26.71,8.46,45.83,22.84,,16.07,101.49,14.45,2.45,,7.51,11.35,,7.61,,17.04,,2.71,20.02,89.66,70.78,8.22,,,13.45
2017-10-20 07:00:00,5.53,,11.51,36.6,45.46,24.49,125.52,8.84,7.23,80.08,6.39,7.44,13.08,39.46,21.63,,,6.99,14.03,29.55,10.48,2.75,4.86,45.21,29.34,13.76,26.37,8.52,46.19,22.74,,15.86,98.57,13.65,2.45,,7.45,11.45,,7.57,,17.11,,2.67,20.06,89.74,70.78,8.28,,,13.4
2017-10-23 07:00:00,5.39,,11.35,36.27,44.63,24.08,122.17,8.66,6.91,77.62,6.38,7.38,12.9,38.39,21.27,,,6.95,13.77,29.39,10.44,2.71,4.76,44.23,28.92,13.61,25.99,8.51,45.46,22.17,,15.6,98.61,12.98,2.39,,7.24,11.25,,7.28,,16.83,,2.67,20.2,88.28,70.44,8.2,,,13.32
2017-10-24 07:00:00,4.86,,11.24,35.9,44.47,24.19,121.4,8.61,6.95,75.16,6.34,7.41,12.86,38.05,21.27,,,7.02,13.44,29.39,10.44,2.69,4.78,44.64,28.79,13.81,26.11,8.47,44.58,22.26,,15.21,98.61,13.27,2.39,,7.16,11.2,,7.24,,16.7,,2.67,20.1,87.63,70.35,8.15,,,13.3
2017-10-25 07:00:00,5.44,,11.29,36.18,44.55,24.63,122.93,8.63,6.95,74.32,6.28,7.38,12.9,39.01,21.27,,,7.08,12.92,29.16,10.53,2.84,4.86,44.8,29.62,14.34,25.73,8.6,44.36,22.34,,15.37,100.03,13.36,2.42,,7.16,11.3,,7.38,,16.92,,2.72,20.2,87.55,71.01,8.12,,,13.5
2017-10-26 07:00:00,5.51,,11.07,35.42,44.63,24.19,123.17,8.61,6.93,73.83,6.19,7.38,12.82,38.62,20.91,,,6.96,12.92,28.69,10.5,2.93,4.83,45.37,29.62,14.2,25.64,8.55,44.58,22.28,,15.32,100.4,14.06,2.36,,6.99,11.1,,7.4,,17.0,,2.77,19.47,88.28,71.78,8.16,,,13.47
2017-10-27 07:00:00,5.47,,11.21,35.38,43.97,23.42,123.76,8.59,6.95,74.32,6.2,7.25,12.86,38.28,21.02,,,6.99,12.19,27.92,10.53,2.95,4.87,45.94,29.8,14.49,25.77,8.55,45.24,22.3,,15.28,99.34,13.62,2.36,,7.02,11.1,,7.21,,17.11,,2.71,20.28,88.85,72.35,8.17,,,13.55
2017-10-30 07:00:00,5.49,,11.56,34.95,42.89,23.42,126.82,8.68,7.02,73.48,6.23,7.21,13.06,39.58,20.84,,,6.97,11.72,28.62,10.65,2.91,4.89,47.23,29.73,14.39,25.99,8.52,45.46,22.44,,15.95,101.13,13.24,2.39,,7.0,11.15,,7.38,,17.55,,2.71,20.98,91.27,72.25,8.23,,,13.8
2017-10-31 07:00:00,5.32,,11.73,34.72,41.15,23.35,128.47,8.59,6.89,70.25,6.2,7.21,12.98,40.31,20.73,,,6.88,11.34,28.69,10.63,2.86,4.86,46.18,29.62,14.25,25.9,8.5,44.73,22.36,,15.6,103.36,12.98,2.36,,6.93,11.0,,7.14,,17.51,,2.71,21.2,90.79,71.97,8.18,,,13.72
2017-11-01 07:00:00,5.37,,11.92,34.95,40.98,22.95,129.06,8.56,6.89,65.61,6.1,7.25,13.19,40.59,20.5,,,6.76,11.41,28.38,10.69,2.84,4.89,47.39,29.15,14.59,25.82,8.46,43.99,22.38,,15.46,102.48,12.89,2.14,,6.71,11.05,,7.12,,17.49,,2.68,21.38,90.71,71.97,8.09,,,13.65
2017-11-02 07:00:00,5.23,,11.73,34.86,41.07,22.98,130.83,8.47,6.89,63.22,6.09,7.21,13.03,40.48,19.12,,,6.6,10.79,28.3,10.67,2.86,4.8,48.61,27.45,14.59,25.86,8.44,41.65,21.28,,14.7,103.68,13.24,2.36,,6.87,11.1,,7.17,,17.38,,2.68,21.49,90.3,73.49,7.57,,,13.59
2017-11-03 07:00:00,5.14,,11.73,34.67,40.65,22.98,131.95,8.43,6.89,63.22,6.01,7.15,12.93,40.82,18.45,,,6.6,10.87,28.77,10.69,2.82,4.84,47.8,27.66,14.61,26.2,8.44,41.57,21.59,,14.77,102.62,13.24,2.3,,6.9,11.1,,7.12,,17.25,,2.68,21.68,89.74,73.16,7.61,,,13.71
2017-11-06 07:00:00,5.26,,12.14,35.0,41.48,22.69,132.6,8.59,6.89,67.3,5.91,7.28,13.32,41.61,19.89,,,6.9,11.72,28.69,10.65,2.77,4.89,48.12,29.04,14.59,26.16,8.5,39.23,21.9,,15.23,105.14,12.47,2.33,,6.99,11.1,,7.35,,17.68,,2.73,22.04,91.36,73.97,7.96,,32.14,13.83
2017-11-07 07:00:00,5.39,,12.33,36.27,42.39,22.62,130.77,8.84,6.85,66.74,5.88,7.28,13.32,42.11,19.84,,,6.94,11.62,28.46,10.69,2.75,4.93,48.37,29.02,14.64,26.07,8.5,39.3,22.36,,15.26,104.08,12.41,2.33,,7.02,11.15,,7.43,,17.76,,2.76,22.15,91.36,74.83,7.94,,,13.85
2017-11-08 07:00:00,5.4,,12.38,36.37,42.56,22.69,138.78,8.88,6.91,67.3,5.9,7.25,13.35,42.23,20.04,,,6.95,11.83,28.62,10.69,2.77,5.04,48.28,29.11,14.61,25.18,8.69,40.99,22.46,,15.19,101.38,12.95,2.14,,7.02,11.15,,7.38,,17.85,,2.77,22.96,92.0,75.21,7.89,,,13.98
2017-11-09 07:00:00,5.47,,12.76,36.6,42.73,22.4,135.25,8.95,6.98,67.79,5.96,7.25,13.71,42.73,19.84,,,7.0,11.83,28.23,10.75,2.91,5.07,46.99,29.5,14.54,25.56,8.71,41.35,22.84,,15.28,101.38,12.66,2.36,,7.08,11.1,,7.59,,18.23,,2.73,24.61,93.7,75.92,7.96,,,14.02
2017-11-10 07:00:00,5.53,,12.71,38.26,42.73,22.43,134.84,8.98,7.0,67.09,5.97,7.21,13.66,42.85,19.53,,,6.99,11.78,27.99,10.86,2.95,5.03,47.8,29.41,14.74,25.52,8.74,41.87,22.86,,15.58,100.0,12.86,2.36,,7.1,11.1,,7.57,,18.1,,2.72,23.99,94.92,77.21,7.96,,34.36,14.09
2017-11-13 07:00:00,5.56,,12.87,40.0,43.14,22.73,134.95,9.27,6.95,65.61,6.01,7.15,13.58,43.01,19.89,,,6.88,11.65,28.15,10.94,2.93,4.99,46.99,29.34,14.78,25.9,8.77,39.59,23.07,,15.49,100.76,13.75,2.33,,7.1,11.2,,7.92,,18.18,,2.72,23.99,94.19,82.93,7.77,,36.73,14.08
2017-11-14 07:00:00,5.55,,12.82,41.41,43.8,22.76,138.49,9.34,6.91,66.38,5.97,7.15,14.0,44.26,19.84,,,6.94,11.72,28.23,10.96,2.98,4.91,46.58,29.62,14.93,25.77,8.75,39.67,24.4,,15.28,100.11,13.68,2.33,,7.28,11.15,,8.29,,18.33,,2.75,24.76,93.62,83.41,7.79,,36.73,14.23
2017-11-15 07:00:00,5.65,,13.09,41.6,43.47,23.17,138.49,9.46,6.8,67.58,5.96,7.15,14.13,44.26,20.76,,,7.1,12.22,28.62,10.96,2.98,4.95,45.77,30.77,15.2,25.77,9.01,40.77,24.78,,15.65,98.46,13.43,2.36,,7.36,11.15,,8.48,,18.44,,2.75,24.72,95.57,83.79,7.81,,34.71,14.3
2017-11-16 07:00:00,5.7,,12.93,42.08,42.89,23.53,136.72,9.48,6.83,69.9,5.97,7.25,14.81,44.42,21.43,,,7.3,12.45,29.47,10.98,3.1,4.95,44.64,30.65,15.08,25.86,9.09,41.65,24.61,,16.0,97.84,13.43,2.39,,7.36,11.4,,8.31,,18.44,,2.75,24.98,95.57,85.88,7.87,,33.88,14.49
2017-11-17 07:00:00,5.72,,12.82,41.46,43.31,23.46,135.37,9.41,6.85,69.76,6.07,7.44,14.63,44.37,21.22,,,7.19,12.19,29.2,11.1,3.19,5.04,46.18,30.68,14.98,25.86,9.16,40.77,24.22,,16.09,100.51,13.59,2.39,,7.43,11.65,,8.27,,18.75,,2.77,25.68,96.38,86.84,7.95,,34.32,14.5
2017-11-20 07:00:00,5.69,,12.9,41.65,43.14,23.75,133.78,9.44,6.8,68.84,6.1,7.47,14.63,44.93,21.12,,,7.05,11.93,28.93,11.87,3.17,5.09,46.58,30.74,14.59,25.39,9.16,41.28,24.22,,15.97,100.51,13.62,2.42,,7.46,11.65,,8.43,,18.75,,2.79,26.27,97.19,86.5,7.87,,35.66,14.52
2017-11-21 07:00:00,5.7,,13.09,42.56,43.56,23.75,134.36,9.57,6.5,71.37,6.0,7.47,14.97,45.62,20.91,,,7.1,11.88,28.62,11.97,3.17,5.13,47.88,31.46,14.59,25.35,9.3,42.38,24.51,,16.07,102.41,13.52,2.45,,7.56,11.8,,8.41,,19.11,,2.86,28.1,97.92,89.12,7.8,,38.83,14.89
2017-11-22 07:00:00,5.62,,13.09,43.08,45.96,23.61,135.54,9.73,6.85,72.07,6.04,7.73,14.92,46.53,20.71,,,7.16,11.96,28.69,12.05,3.14,5.17,50.96,31.21,14.49,25.43,9.24,43.99,24.53,,16.44,106.97,13.46,2.42,,7.7,11.75,,8.52,,19.75,,2.95,27.0,100.51,85.79,7.84,,39.94,15.04
2017-11-23 07:00:00,5.91,,13.8,43.42,46.96,23.57,136.13,10.44,6.89,72.71,6.13,8.06,14.97,45.73,20.86,,,7.16,12.01,29.16,11.89,3.27,5.24,51.77,31.34,14.95,25.64,9.14,44.29,25.26,,16.44,109.89,12.92,2.45,,7.76,12.15,,8.69,,19.81,,2.95,27.63,100.43,86.79,7.88,,40.02,15.2
2017-11-24 07:00:00,5.88,,13.64,43.32,46.63,23.39,136.9,10.62,6.91,72.78,6.07,8.03,14.92,45.5,21.17,,,7.24,11.93,29.2,11.93,3.24,5.28,51.04,31.25,15.08,25.47,9.2,43.33,25.24,,17.04,111.35,12.92,2.45,,7.72,12.15,,8.78,,19.88,,3.05,27.37,103.67,86.31,8.0,,40.02,15.03
2017-11-27 07:00:00,5.93,,13.69,43.42,47.87,23.9,136.13,10.6,6.93,73.69,6.07,7.86,15.18,45.73,21.76,,,7.38,12.17,30.09,12.09,3.32,5.28,51.69,30.31,15.17,25.52,9.73,43.63,25.36,,17.78,109.6,12.92,2.51,,7.85,12.25,,8.94,,19.79,,2.98,26.45,103.42,87.27,8.01,,38.83,15.2
2017-11-28 07:00:00,5.93,,13.39,44.23,47.45,24.12,133.72,10.4,6.91,73.06,6.06,7.77,14.97,45.5,21.68,,,7.41,12.3,29.7,12.13,3.44,5.22,53.47,30.26,15.27,25.9,9.67,43.85,25.18,,17.69,109.89,12.63,2.63,,7.88,12.4,,8.64,,20.09,,2.92,27.92,104.31,87.22,8.0,,39.23,15.25
2017-11-29 07:00:00,5.97,,13.58,44.9,47.54,24.01,133.66,10.56,6.95,72.0,6.1,7.8,15.02,44.88,21.81,,,7.39,12.17,29.51,11.97,3.37,5.25,55.9,30.58,15.17,26.41,9.59,43.7,25.26,,17.92,117.92,12.79,2.66,,8.15,12.85,,8.64,,20.3,,2.92,27.96,107.8,87.69,8.02,,38.72,15.34
2017-11-30 07:00:00,6.07,,13.91,45.33,49.69,24.05,133.89,10.99,7.06,74.32,6.25,8.03,15.28,45.16,21.89,,,7.5,12.19,29.47,12.01,3.37,5.43,54.36,30.91,15.66,26.28,9.57,45.39,25.49,,18.29,120.11,12.86,2.81,,8.17,12.95,,8.69,,20.51,,2.83,27.37,109.34,88.12,8.12,,37.92,15.64
2017-12-01 07:00:00,6.11,,13.86,45.19,49.11,24.23,133.19,10.97,7.06,75.16,6.23,8.06,15.1,45.96,21.86,,,7.77,12.3,29.55,12.01,3.27,5.5,53.87,30.88,15.66,26.28,9.48,45.46,25.99,,18.61,118.69,12.73,2.81,,8.23,12.9,,8.78,,20.3,,2.79,27.11,108.12,89.12,8.28,,38.44,15.57
2017-12-04 07:00:00,6.18,,13.91,45.95,50.19,25.37,132.89,11.02,7.3,75.52,6.25,7.96,15.26,46.3,22.09,,,7.83,12.45,29.7,11.97,3.29,5.55,55.74,31.14,16.03,26.24,9.18,47.29,26.32,,18.64,120.48,12.89,2.84,,8.48,13.05,,8.73,,20.43,,2.86,27.37,109.01,93.41,8.3,,38.72,15.73
2017-12-05 07:00:00,6.14,,13.58,43.75,48.12,24.63,132.6,10.74,7.17,74.46,6.28,7.99,14.99,46.3,21.84,,,7.88,13.07,31.26,11.99,3.29,5.39,55.58,30.58,16.49,26.11,9.14,48.03,26.07,,18.2,120.48,13.11,2.75,,8.58,13.0,,8.66,,20.34,,2.87,26.01,105.29,94.37,8.2,,37.96,15.65
2017-12-06 07:00:00,6.05,,13.36,43.04,47.29,24.27,130.24,10.49,7.12,73.13,6.17,7.99,14.65,46.64,21.53,,,7.69,12.89,30.33,11.76,3.27,5.27,53.47,29.75,16.2,26.07,9.17,47.66,25.8,,17.64,115.37,13.56,2.69,,8.26,12.8,,8.78,,19.92,,2.89,25.68,101.24,89.22,8.08,,37.01,15.22
2017-12-07 07:00:00,6.12,,13.39,44.09,49.61,24.56,127.76,10.49,7.28,74.67,6.13,8.19,14.6,47.39,21.73,,,7.88,13.1,30.79,11.76,3.24,5.32,54.52,29.66,16.1,26.07,9.17,46.85,25.57,,17.55,115.0,13.75,2.81,,8.25,12.85,,8.97,,19.75,,2.86,26.08,101.64,88.65,7.98,,36.46,15.28
2017-12-08 07:00:00,6.26,,13.45,42.56,50.28,24.71,125.29,10.44,7.19,74.46,6.16,8.32,14.42,48.07,21.78,,,7.79,12.87,30.87,11.8,3.27,5.31,56.31,29.55,16.3,26.33,9.13,46.63,25.57,,17.36,112.26,13.56,2.84,,8.23,12.85,,9.62,,19.66,,2.92,25.53,102.69,88.65,7.94,,35.19,15.25
2017-12-11 07:00:00,6.14,,13.04,41.12,48.53,24.49,125.52,9.8,7.15,73.9,6.13,7.96,14.0,47.33,21.17,,,7.62,12.19,30.79,11.64,3.34,5.19,57.93,29.11,15.86,26.2,9.01,47.22,25.55,,17.43,106.97,13.05,2.6,,7.91,12.3,,9.99,,18.86,,2.89,26.08,104.48,89.65,7.76,,35.66,15.21
2017-12-12 07:00:00,5.6,,12.19,40.17,45.21,23.97,125.41,9.14,6.63,74.18,6.07,7.67,13.29,46.59,19.99,,,7.2,11.57,29.59,11.31,3.29,4.84,54.6,28.35,15.56,26.03,8.74,44.73,24.4,,16.99,112.45,12.54,2.48,,7.62,11.45,,10.25,,17.59,,2.86,25.35,104.07,90.55,7.25,,34.16,15.0
2017-12-13 07:00:00,5.79,,12.9,41.75,46.46,24.63,128.47,9.55,7.04,76.5,6.13,7.83,14.05,49.27,19.94,,,7.52,12.3,29.94,11.41,3.34,5.03,57.12,28.6,15.49,26.28,8.95,45.39,25.34,,17.71,114.27,13.08,2.57,,7.96,12.0,,11.25,,18.48,,2.89,26.05,107.72,91.75,7.63,,35.98,15.05
2017-12-14 07:00:00,5.9,,12.68,42.51,47.37,24.71,127.88,9.55,6.91,79.03,6.2,7.8,14.26,48.75,20.35,,,7.63,12.19,30.13,11.5,3.34,5.04,57.6,28.58,15.61,26.11,8.97,45.46,25.36,,18.2,112.81,13.05,2.57,,8.02,11.9,,11.35,,18.56,,2.96,26.08,107.31,92.94,7.65,,35.58,15.05
2017-12-15 07:00:00,5.95,,13.01,42.85,46.96,24.85,130.24,9.94,7.02,77.62,6.25,7.99,14.52,48.93,20.71,,,7.76,12.35,29.94,11.64,3.34,5.17,58.09,29.78,15.59,26.28,9.01,47.0,26.14,,18.57,112.08,13.2,2.63,,8.11,12.3,,11.53,,19.11,,3.0,25.75,107.31,92.94,7.69,,35.74,15.3
2017-12-18 07:00:00,6.05,,13.2,42.51,47.7,25.51,133.19,10.12,7.08,79.03,6.34,7.96,14.68,50.18,20.86,,,7.91,12.74,29.9,11.33,3.37,5.25,58.33,30.33,15.59,26.28,9.06,47.66,27.05,,18.91,112.88,13.49,2.66,,8.37,12.6,,11.21,,19.71,,2.92,26.23,112.82,94.56,7.73,,36.38,15.41
2017-12-19 07:00:00,6.09,,13.15,40.74,48.87,25.51,129.65,10.08,6.98,80.43,6.44,7.86,14.37,51.55,20.66,,,8.18,12.68,29.74,11.31,3.39,5.27,60.92,30.21,15.76,26.24,9.13,47.88,27.2,,18.8,105.0,13.4,2.72,,8.46,12.5,,10.46,,20.02,,2.89,26.93,112.57,96.75,7.75,,35.98,15.59
2017-12-20 07:00:00,6.09,,13.12,39.69,49.53,25.48,127.29,9.89,6.95,79.45,6.42,7.8,14.44,51.55,20.5,,,8.19,12.56,29.78,11.39,3.42,5.28,60.84,30.42,15.86,26.16,9.16,49.42,27.39,,19.35,97.66,13.14,2.72,,8.52,12.45,,10.27,,20.04,,2.91,26.6,114.6,95.32,7.9,,36.14,15.61
2017-12-21 07:00:00,6.09,,13.2,39.93,49.28,25.66,127.29,10.12,7.0,79.73,6.41,8.03,14.68,52.52,20.5,,,8.28,12.61,29.55,11.33,3.42,5.38,59.3,29.85,15.86,26.2,9.18,50.74,27.62,,19.31,90.87,13.05,2.72,,8.46,12.3,,10.51,,20.51,,2.92,26.82,112.98,95.8,8.13,,36.3,15.62
2017-12-22 07:00:00,6.04,,12.82,39.55,50.19,24.56,125.58,9.96,7.06,78.33,6.41,7.96,14.71,52.18,20.25,,,8.36,12.3,29.82,11.31,3.42,5.36,58.33,29.75,15.71,26.03,9.25,50.0,27.47,,18.8,91.64,12.92,2.69,,8.35,12.3,,10.51,,20.32,,2.94,26.96,110.96,96.27,8.03,,37.88,15.46
2017-12-25 07:00:00,6.02,,12.93,39.16,51.19,25.07,126.7,10.08,7.02,80.08,6.21,7.96,14.99,53.03,19.78,,,8.3,12.24,29.74,11.56,3.42,5.39,59.14,30.03,15.61,26.03,9.3,50.44,27.39,,18.61,92.0,12.86,2.69,,8.46,12.3,,9.88,,21.48,,2.88,27.85,112.74,95.22,8.02,,37.25,15.57
2017-12-26 07:00:00,6.0,,12.82,38.25,53.68,25.15,127.29,10.17,7.12,79.73,6.19,7.93,14.94,54.11,20.12,,,8.23,12.24,29.66,11.64,3.42,5.33,60.19,30.19,15.61,26.24,9.41,52.72,27.49,,18.64,93.46,12.86,2.69,,8.55,12.35,,9.34,,21.36,,2.93,28.58,114.19,95.13,8.0,,37.09,15.7
2017-12-27 07:00:00,6.09,,13.12,37.63,53.18,25.4,128.53,10.6,7.02,78.89,6.24,7.93,14.81,55.88,20.35,,,8.32,12.43,29.82,11.56,3.39,5.39,60.6,29.85,15.81,26.28,9.41,52.79,27.64,,18.8,92.07,13.02,2.75,,8.49,12.6,,9.83,,21.61,,2.94,28.18,115.0,97.23,8.04,,37.53,15.8
2017-12-28 07:00:00,6.42,,13.31,37.78,53.93,25.37,128.77,10.62,7.0,79.24,6.32,7.93,14.78,55.14,20.35,,,8.51,12.43,29.78,11.27,3.37,5.42,60.36,29.96,15.71,26.67,9.52,52.94,27.76,,18.84,90.98,12.92,2.75,,8.54,12.85,,9.97,,22.2,,2.95,28.44,115.25,97.7,8.1,,37.17,15.85
2017-12-29 07:00:00,6.42,,13.5,40.65,54.17,25.4,131.42,10.88,7.0,81.38,6.44,8.12,14.92,55.48,20.35,,,8.69,12.35,30.02,11.23,3.47,5.5,60.6,30.15,15.76,27.05,9.57,53.52,28.42,,18.98,90.98,12.86,2.78,,8.8,12.8,,9.57,,22.79,,2.95,28.29,117.43,97.46,8.18,,36.62,15.99
2018-01-02 07:00:00,6.46,,13.75,40.17,54.01,25.95,133.48,10.92,7.0,80.31,6.5,8.12,14.97,53.6,20.61,,,8.8,12.74,30.72,11.29,3.47,5.49,62.14,30.19,16.25,27.78,9.6,54.18,28.02,,19.26,91.23,12.98,2.63,,8.86,12.7,,9.92,,22.67,,2.93,28.44,118.81,99.91,8.27,,37.33,16.1
2018-01-03 07:00:00,6.67,,14.46,41.03,55.34,26.98,132.77,11.2,6.85,81.3,6.59,8.25,15.57,54.17,21.27,,,8.96,12.84,32.89,11.35,3.58,5.67,64.81,30.42,16.69,27.95,9.73,54.48,27.7,,19.77,92.11,13.05,2.93,,8.95,13.25,,9.99,,23.05,,2.96,28.88,118.57,101.58,8.7,,37.57,16.43
2018-01-04 07:00:00,6.74,,14.48,40.41,55.25,26.98,126.7,11.29,6.95,80.31,6.7,7.86,15.68,55.88,21.55,,,9.02,13.13,33.59,11.56,3.69,5.66,66.03,30.88,16.44,28.16,9.76,55.28,27.79,,19.86,96.02,13.08,2.93,,9.2,13.35,,9.95,,22.96,,2.96,29.57,119.3,102.06,8.73,,37.17,16.65
2018-01-05 07:00:00,6.74,,14.7,39.45,54.67,27.2,134.07,11.45,6.89,77.47,6.65,8.38,15.68,57.02,21.53,,6.97,9.03,12.97,33.44,11.93,3.72,5.62,66.27,30.61,16.59,28.59,9.81,56.6,27.83,,19.45,96.05,13.68,2.87,,8.86,13.45,,9.95,,22.79,,2.99,29.02,119.7,101.77,8.76,,37.21,16.6
2018-01-08 07:00:00,6.81,,14.95,38.73,54.67,27.34,132.01,11.43,7.06,75.19,6.59,8.51,15.52,56.45,21.84,,7.57,9.0,12.71,33.9,11.89,3.69,5.64,67.73,30.19,16.15,29.02,9.91,57.63,27.85,,19.42,94.56,13.52,2.87,,8.77,13.7,,9.88,,22.41,,3.16,29.06,119.62,99.86,8.86,,36.62,16.57
2018-01-09 07:00:00,6.84,,14.18,39.64,55.67,27.49,131.48,10.99,7.28,76.12,6.58,8.77,15.78,57.25,22.3,,7.43,9.42,13.1,33.83,11.56,4.0,5.76,71.45,29.94,16.39,29.57,9.92,60.49,28.04,,19.82,94.92,14.13,3.02,,9.0,14.6,,10.06,,23.05,,3.21,29.39,117.43,98.9,9.06,,36.77,16.9
2018-01-10 07:00:00,6.91,,14.89,39.69,58.07,27.71,130.24,11.54,7.23,77.11,6.68,9.29,15.99,58.62,22.6,,7.47,9.59,14.03,34.1,11.93,4.2,5.91,70.32,30.19,16.69,30.55,9.95,60.86,28.12,,20.14,94.56,14.45,3.02,,9.17,14.5,,10.27,,24.23,,3.26,29.61,118.41,98.28,9.55,,37.25,17.0
2018-01-11 07:00:00,6.84,,14.81,39.55,57.24,27.93,128.47,11.45,7.23,76.76,6.7,9.42,15.88,57.65,22.63,,7.7,9.55,13.9,33.75,11.89,4.2,5.95,69.43,30.31,16.74,31.15,10.34,61.37,28.46,,19.86,94.67,14.86,3.2,,9.14,15.2,,10.67,,24.19,,3.26,29.43,119.05,100.15,9.52,,38.83,17.03
2018-01-12 07:00:00,6.83,,14.78,39.4,57.41,27.2,126.11,11.66,7.32,76.76,6.64,9.46,15.75,57.02,23.27,,8.14,9.7,14.01,33.44,11.97,4.57,5.93,72.91,29.98,17.05,32.04,10.23,63.06,28.33,,19.61,94.56,14.8,3.3,,9.29,15.5,,10.18,,24.53,,3.45,29.87,123.35,100.24,9.43,,41.29,17.3
2018-01-15 07:00:00,6.72,,14.59,39.45,57.49,27.6,128.65,11.43,7.32,76.47,6.65,9.42,15.62,56.22,22.96,,8.41,9.78,14.01,33.44,11.8,4.63,5.94,72.99,29.96,17.57,32.22,10.3,63.06,28.48,,19.35,90.42,14.38,3.27,,9.44,14.95,,10.09,,24.1,,3.62,31.63,124.72,99.62,9.45,,42.56,17.2
2018-01-16 07:00:00,6.76,,14.86,39.69,58.9,27.31,127.41,11.95,7.23,76.68,6.83,9.46,15.78,58.05,23.01,,8.49,10.16,14.22,32.66,11.76,4.57,6.02,73.24,29.96,17.47,32.43,10.16,65.18,29.28,,19.54,95.18,14.32,3.33,,9.58,14.75,,10.02,,24.87,,3.67,31.23,129.99,99.24,9.39,,42.64,17.3
2018-01-17 07:00:00,6.79,,14.73,39.93,58.07,26.68,125.82,11.54,7.05,74.98,6.93,9.1,15.44,56.97,22.3,,8.16,10.16,13.23,33.44,11.6,4.54,6.05,73.08,29.5,17.03,32.47,10.14,63.2,28.96,,18.98,94.99,13.97,3.4,,9.35,14.3,,9.57,,23.77,,3.86,30.49,128.04,95.79,9.44,,42.8,17.25
2018-01-18 07:00:00,6.72,,14.35,39.45,56.91,26.39,123.58,11.08,6.59,72.56,6.82,9.03,15.07,55.2,21.53,,7.97,10.01,12.61,33.9,11.72,4.51,5.94,70.89,29.04,17.0,32.22,9.84,60.12,28.12,,18.57,93.44,13.72,3.33,,9.1,13.9,,8.94,,23.64,,3.93,29.57,127.23,95.55,9.37,,43.19,16.7
2018-01-19 07:00:00,6.88,,14.51,39.69,59.48,27.2,122.46,11.47,6.87,73.34,6.91,9.68,15.41,56.45,22.14,,8.5,10.54,13.2,34.6,12.09,4.66,6.12,70.89,29.25,17.22,33.45,9.91,63.64,29.8,,18.98,94.07,14.61,3.59,,9.66,14.9,,9.36,,24.65,,3.95,30.86,132.9,98.47,9.67,,46.36,17.35
2018-01-22 07:00:00,6.93,,14.65,40.31,62.55,27.31,121.4,11.63,6.93,72.28,6.91,9.81,15.54,55.88,22.3,,8.46,11.28,13.07,33.51,12.8,4.69,6.15,72.1,29.34,16.64,34.39,9.99,65.99,30.01,,18.98,92.82,14.35,3.62,,10.06,14.85,,9.81,,26.09,,3.75,30.86,143.03,98.66,9.71,,46.36,17.55
2018-01-23 07:00:00,7.05,,,,,,,,6.98,,,,,,,,,,,,,4.75,,,,,,,,,,,,,3.69,,,,,,,,,3.8,,,,,,,
2018-01-24 07:00:00,7.21,,,,,,,,6.98,,,,,,,,,,,,,5.21,,,,,,,,,,,,,3.82,,,,,,,,,3.81,,,,,,,
2018-01-25 07:00:00,7.07,,15.71,42.08,64.71,27.34,116.63,11.86,6.96,70.36,7.05,9.88,15.94,63.29,22.3,,8.6,11.56,13.05,33.67,13.5,5.3,6.26,75.34,29.29,16.0,35.89,10.03,68.04,30.43,,19.47,94.81,13.91,3.82,,10.42,14.85,,9.76,,26.98,,3.74,31.23,161.85,99.14,9.99,,44.38,17.9
2018-01-26 07:00:00,7.25,,17.18,41.36,65.54,27.45,111.97,12.3,6.96,71.43,7.38,9.91,15.83,63.86,21.78,,8.85,11.56,13.07,33.75,13.66,5.27,6.55,77.04,29.32,15.76,35.84,10.26,65.99,29.38,,19.26,93.0,13.97,3.92,,10.58,15.2,,10.02,,28.12,,3.85,31.19,150.65,99.19,10.43,,43.59,17.85
2018-01-29 07:00:00,7.35,,18.0,40.65,67.2,28.04,105.96,12.5,6.93,72.21,7.81,10.2,15.68,65.58,21.43,,8.85,11.66,13.23,33.83,13.74,5.33,7.04,76.32,27.96,15.86,34.48,10.35,66.43,29.59,,19.12,90.38,13.08,4.01,,10.79,15.75,,10.16,,28.67,,3.92,31.3,150.09,98.9,10.45,,43.51,18.0
2018-01-30 07:00:00,7.23,,17.92,40.22,66.37,28.0,111.32,12.5,6.82,70.5,7.63,10.27,15.57,64.15,21.27,,8.73,11.09,13.23,34.21,13.7,5.33,7.02,72.91,28.51,15.86,33.24,10.29,63.64,29.19,,19.17,89.83,12.82,4.18,,10.88,16.25,,10.04,,28.0,,3.88,30.68,148.55,97.18,10.23,,43.19,17.85
2018-01-31 07:00:00,7.28,,18.66,40.65,68.03,27.49,116.1,12.46,6.91,70.43,7.41,9.88,16.46,65.01,22.14,,8.79,11.56,13.07,33.98,14.2,5.43,7.03,73.4,28.58,16.1,33.71,10.46,62.4,30.96,,19.12,90.75,12.89,4.21,,10.45,16.25,,10.04,,28.0,,3.91,31.26,155.6,96.31,10.65,,43.91,17.95
2018-02-01 07:00:00,7.14,,17.95,40.55,63.96,26.94,111.32,12.41,6.93,68.94,7.02,9.88,16.12,67.86,21.78,,8.75,11.47,13.28,33.9,14.18,5.19,6.75,73.32,28.51,16.1,34.09,10.39,64.38,30.85,,19.58,89.86,12.22,3.92,,10.45,15.65,,9.74,,27.83,,3.86,31.23,154.14,96.27,10.43,,42.0,17.6
2018-02-02 07:00:00,7.18,,18.06,40.69,63.3,27.2,109.61,12.5,6.96,67.45,7.11,9.94,15.83,68.43,21.53,,8.65,11.31,13.2,33.9,13.6,5.1,6.75,70.24,29.18,16.15,34.09,10.27,63.35,31.27,,19.49,88.94,12.76,3.98,,10.58,15.55,,9.64,,28.16,,3.82,31.78,152.28,96.51,10.43,,43.11,17.6
2018-02-05 07:00:00,7.0,,17.1,38.4,61.97,26.36,108.08,11.93,6.89,63.96,7.08,9.46,14.94,64.21,21.17,,8.18,10.8,12.45,33.32,13.37,4.63,6.38,68.62,28.12,16.05,34.56,9.87,59.9,30.22,,18.4,87.06,12.31,3.85,,10.01,15.15,,9.34,,26.51,,3.86,29.79,150.09,96.6,10.23,,40.66,16.9
2018-02-06 07:00:00,6.33,,15.93,35.72,57.66,25.26,103.13,11.11,6.39,59.49,6.65,8.81,13.92,59.76,19.78,,7.64,10.06,11.6,31.1,12.49,4.21,5.96,63.84,26.62,15.17,34.43,9.18,55.72,28.5,,17.13,82.01,11.46,3.5,,9.32,14.1,,8.92,,24.7,,3.33,27.74,139.62,90.76,9.65,,37.84,15.73
2018-02-07 07:00:00,6.86,,16.37,38.97,56.41,25.22,104.9,11.5,6.78,64.03,7.12,9.49,14.65,60.84,20.27,,8.08,11.2,12.45,31.49,12.92,4.57,6.36,67.24,27.77,16.03,34.31,9.26,56.9,30.18,,17.59,85.77,10.88,3.82,,9.99,15.6,,8.92,,26.56,,3.75,29.76,141.16,95.88,10.35,,38.91,16.8
2018-02-08 07:00:00,6.93,,17.02,38.73,57.66,24.89,102.54,11.22,6.89,66.45,6.85,9.39,14.39,59.3,19.73,,8.31,11.14,11.91,30.83,13.04,4.67,6.24,66.84,27.08,15.47,34.09,9.33,56.46,30.49,,17.36,83.0,10.37,3.88,,9.69,14.9,,9.22,,26.01,,3.88,29.02,146.03,94.06,10.37,,38.83,16.65
2018-02-09 07:00:00,6.41,,16.34,36.87,56.83,23.46,100.77,10.56,6.8,64.89,6.41,8.9,13.74,55.2,19.22,,8.04,10.76,11.36,30.75,12.51,4.37,6.0,64.41,25.58,14.64,33.71,9.12,52.64,29.17,,16.48,79.68,10.44,3.56,,9.17,14.3,,8.97,,24.74,,3.53,27.37,139.95,89.56,9.87,,36.14,15.68
2018-02-12 07:00:00,7.14,,17.73,39.21,58.9,25.0,108.44,11.63,6.89,68.23,6.48,9.55,14.26,54.29,19.99,,8.53,10.97,11.8,31.73,12.84,4.97,6.51,65.7,25.7,15.13,33.5,9.34,53.6,31.52,,17.32,83.0,10.63,3.98,,9.93,15.2,,9.62,,25.67,,3.92,29.02,150.9,90.52,10.67,,36.06,16.55
2018-02-13 07:00:00,7.37,,19.09,42.65,61.81,25.22,110.79,12.18,6.71,69.93,6.61,9.68,15.12,60.04,20.5,,8.69,11.18,12.11,31.88,12.88,5.11,6.88,68.86,26.27,15.13,33.5,9.84,57.19,32.95,,17.92,85.96,11.14,4.18,,10.36,15.85,,10.09,,26.9,,3.96,30.86,158.2,91.96,11.18,,37.8,17.1
2018-02-21 07:00:00,7.67,22.06,19.42,43.95,62.22,25.66,108.44,12.57,7.0,73.91,6.65,9.72,15.44,62.1,21.02,,8.69,11.31,12.24,32.19,13.0,5.31,6.93,69.35,27.89,15.47,34.14,9.8,57.7,33.49,,17.5,86.32,11.33,4.21,,10.53,15.9,,10.27,,27.28,,4.12,32.07,161.28,92.91,11.52,,38.6,17.33
2018-02-22 07:00:00,7.7,22.06,20.05,42.56,65.96,26.39,104.9,12.6,7.14,73.2,7.02,10.27,15.23,60.44,21.02,,8.6,11.12,12.32,31.88,13.08,5.21,6.84,71.29,27.43,15.15,34.14,9.8,55.72,34.12,,18.06,87.73,11.39,4.11,,10.44,16.0,,10.18,,27.66,,4.05,32.73,155.85,95.36,11.38,,38.83,17.4
2018-02-23 07:00:00,7.7,19.77,19.58,42.7,66.78,26.76,104.31,13.28,7.16,73.56,7.14,10.17,15.31,61.13,21.17,,8.47,11.14,12.94,31.45,13.13,5.24,6.94,71.37,27.45,16.25,34.26,9.8,57.34,34.52,,18.15,87.36,11.71,4.11,,10.56,16.05,,10.48,,28.21,,3.92,33.43,156.33,95.31,11.44,,39.47,17.45
2018-02-26 07:00:00,7.86,17.65,20.4,43.66,70.35,26.57,106.08,13.92,7.09,73.77,7.2,9.81,15.81,63.58,22.25,,8.34,11.79,12.92,31.88,13.43,5.31,7.17,72.83,27.61,16.35,34.95,9.76,62.32,34.75,,18.47,87.43,11.46,4.21,,10.74,16.05,,9.99,,30.19,,4.0,33.8,157.88,95.79,11.64,,41.77,18.0
2018-02-27 07:00:00,7.93,17.65,20.51,43.75,70.52,26.17,106.08,13.88,6.98,73.91,7.15,9.94,15.57,64.21,21.94,,8.18,12.02,12.58,32.5,13.25,5.28,7.09,73.24,27.66,15.52,35.2,9.76,63.42,34.44,,18.43,88.28,11.33,4.18,,10.68,15.9,,9.34,,30.32,,4.01,33.98,158.36,94.83,11.64,,42.64,17.9
2018-02-28 07:00:00,8.04,18.0,20.54,43.99,68.86,25.59,106.08,14.43,6.98,73.98,7.15,9.94,15.46,63.58,21.32,,8.22,11.92,12.53,32.7,13.31,5.21,7.13,72.26,28.46,15.37,35.84,9.55,63.06,34.61,,18.45,86.77,11.14,4.01,,10.65,15.9,,9.29,,30.45,,4.05,33.91,160.31,93.87,11.76,,42.64,17.8
2018-03-01 07:00:00,8.02,18.62,20.46,43.51,68.11,25.51,103.6,14.86,7.02,73.63,6.88,9.94,15.46,63.86,21.53,,8.25,12.32,12.48,32.31,14.1,4.97,7.36,72.35,28.0,15.17,36.35,9.44,63.13,34.42,,17.97,84.81,11.2,4.08,,11.28,15.7,,9.29,,30.02,,4.25,34.28,160.23,93.87,11.8,,42.8,17.9
2018-03-02 07:00:00,7.93,18.17,20.13,42.27,66.37,25.22,101.42,14.56,7.0,73.56,6.65,9.75,15.7,65.01,21.78,,8.25,12.26,12.68,31.88,14.14,5.0,7.33,72.51,27.59,15.17,36.61,9.75,62.54,34.06,,17.82,84.04,11.39,4.01,,11.31,15.45,,9.39,,29.6,,4.18,33.8,160.31,93.39,11.74,,43.11,17.7
2018-03-05 07:00:00,7.72,18.88,19.2,42.13,68.86,25.15,102.84,13.97,7.28,71.07,6.77,9.46,16.04,63.86,22.14,,8.2,11.69,12.11,30.64,15.17,4.9,7.17,73.72,27.5,15.13,34.56,10.27,60.93,34.19,,17.97,83.37,11.2,4.08,,10.84,14.95,,9.9,,28.76,,4.5,34.53,163.88,95.07,11.78,,40.74,17.9
2018-03-06 07:00:00,7.7,18.43,19.34,41.27,68.03,25.07,105.19,14.06,7.28,70.86,6.68,9.42,16.15,64.44,22.17,,8.18,11.22,11.93,30.33,14.94,5.04,7.18,73.32,26.5,14.88,33.75,10.27,60.86,34.31,13.26,18.11,80.97,11.17,4.05,,10.98,15.0,,9.92,,28.63,,4.58,34.53,164.69,95.4,11.94,,41.29,17.7
2018-03-07 07:00:00,7.88,17.98,20.13,40.22,64.71,25.22,104.02,14.27,7.34,68.58,6.93,9.26,16.09,63.58,21.84,,8.06,11.47,12.61,30.64,14.69,5.0,7.17,73.24,26.2,15.08,33.45,10.34,60.86,35.15,11.76,17.97,81.16,11.3,3.92,,11.44,14.95,,9.85,,28.97,,4.76,35.45,167.12,96.31,12.27,,42.8,17.7
2018-03-08 07:00:00,7.9,18.88,20.18,40.88,65.46,25.29,102.54,14.29,7.39,68.58,6.96,9.23,16.04,64.49,21.63,,7.99,11.39,12.71,30.75,14.74,5.07,7.27,73.89,26.32,14.78,33.67,10.34,60.49,35.78,11.6,18.06,81.16,11.3,3.92,,11.5,15.0,,10.11,,29.09,,4.92,35.97,166.72,99.14,12.49,,43.19,17.91
2018-03-09 07:00:00,7.97,16.18,20.18,38.73,67.61,24.93,105.49,14.7,7.48,68.16,6.91,9.23,16.09,63.86,20.39,,8.01,11.6,12.56,30.72,14.32,5.14,7.33,76.07,26.5,14.44,34.09,10.62,61.44,36.41,11.53,18.21,80.94,11.26,3.95,,11.79,15.25,,10.11,,29.43,,5.09,36.74,169.56,99.62,12.69,,43.59,18.15
2018-03-12 07:00:00,8.25,17.53,20.73,37.39,69.61,24.93,103.6,15.11,7.96,68.16,6.85,9.23,16.07,65.01,19.57,,8.06,11.64,12.19,30.72,14.38,5.45,7.45,76.32,26.76,14.22,34.01,10.62,60.42,36.1,11.68,18.64,81.16,10.82,4.01,,11.74,15.45,,10.09,,30.24,,5.0,36.63,169.56,98.66,12.45,,44.22,18.0
2018-03-13 07:00:00,8.42,17.26,20.73,35.86,69.02,24.27,101.07,15.32,7.71,68.3,6.8,9.59,15.54,64.95,19.64,,8.03,11.6,12.04,30.79,14.53,5.45,7.41,75.75,26.62,14.25,33.62,10.84,58.44,35.66,11.68,19.0,79.5,10.6,4.01,,11.74,15.9,,10.04,,29.86,,5.03,36.7,163.07,98.66,12.41,,43.51,17.92
2018-03-14 07:00:00,8.6,16.9,21.22,35.19,68.86,23.75,98.48,16.17,7.5,69.65,6.86,9.65,15.54,65.35,19.8,,8.1,11.69,12.32,31.03,14.57,5.45,7.66,76.15,26.5,14.49,33.54,10.89,59.54,36.12,11.6,19.12,76.73,11.71,4.11,,12.02,16.05,,10.04,,30.7,,5.24,37.66,164.69,100.19,12.79,,42.24,18.1
2018-03-15 07:00:00,8.53,16.18,21.11,36.34,68.69,23.97,94.88,16.03,7.55,70.0,7.02,9.72,15.78,66.15,19.89,,8.41,11.45,12.11,31.1,14.57,5.35,7.64,75.34,26.16,14.66,33.54,10.74,58.88,35.89,11.53,19.46,75.55,12.22,4.18,,11.89,15.9,,10.02,,30.79,,5.62,36.55,165.58,100.48,12.73,,40.82,18.15
2018-03-16 07:00:00,8.69,17.53,22.8,35.86,68.86,23.83,94.59,16.56,7.5,72.85,6.97,9.72,15.62,68.31,19.61,,8.5,11.3,12.17,31.1,14.61,5.45,7.79,74.53,25.58,15.03,33.58,10.57,59.54,36.16,13.18,19.27,77.47,11.71,4.3,,12.08,16.25,,10.13,,31.34,,5.52,36.52,165.42,100.1,12.69,,41.37,18.2
2018-03-19 07:00:00,8.88,18.16,22.47,35.1,68.86,24.12,94.88,16.4,7.34,73.91,6.96,9.49,15.68,72.13,18.94,,8.46,11.56,12.11,30.36,14.61,5.41,7.88,74.53,26.73,15.2,33.67,10.41,61.96,37.78,11.45,18.98,83.0,11.3,4.34,,12.42,16.0,,9.53,,30.87,,5.43,36.81,166.07,100.82,12.75,,41.37,18.4
2018-03-20 07:00:00,9.07,17.17,22.37,35.05,71.43,23.53,95.23,16.4,7.18,73.56,6.85,9.42,15.7,71.85,18.82,,8.41,11.66,12.09,30.33,14.71,5.38,7.83,76.4,26.99,14.78,35.42,10.55,62.69,37.67,11.37,18.79,80.86,11.39,4.3,,12.38,15.9,,9.29,,31.0,,5.32,37.84,165.5,100.1,12.81,,41.61,18.5
2018-03-21 07:00:00,9.17,17.17,23.24,36.53,71.85,23.02,98.42,16.44,7.18,76.05,6.82,9.39,15.96,72.13,19.13,8.47,8.24,11.67,12.09,30.29,15.11,5.52,8.05,80.69,27.66,14.69,34.78,10.61,62.76,37.99,13.18,18.55,81.9,11.61,4.34,,12.45,16.05,,9.43,,31.08,,5.16,38.39,164.69,100.1,13.05,,40.18,18.7
2018-03-22 07:00:00,9.03,17.8,23.59,36.01,74.67,23.17,99.6,16.26,7.16,77.47,6.96,9.42,15.73,73.44,19.38,8.82,8.12,11.84,12.19,30.33,15.21,5.45,7.91,83.04,27.2,15.08,34.73,10.58,63.64,38.2,11.29,18.62,82.27,11.46,4.27,,12.34,15.95,,9.6,,30.45,,5.21,39.68,165.42,100.1,12.91,,40.82,18.9
2018-03-23 07:00:00,8.59,19.78,22.58,34.91,71.02,21.99,95.59,15.5,7.16,74.62,6.82,9.29,15.18,73.27,18.56,8.65,7.81,11.47,11.98,29.94,14.57,5.24,7.6,80.61,26.3,14.98,33.84,10.33,61.52,37.78,10.97,17.77,83.41,10.95,4.05,,11.68,15.4,,9.01,,28.97,,5.04,38.76,164.69,98.23,12.71,,38.99,18.0
2018-03-26 07:00:00,8.8,20.41,22.91,35.19,72.76,22.76,95.18,15.85,7.16,82.44,6.83,9.1,15.34,73.9,18.63,8.82,7.85,11.09,11.78,29.63,14.57,5.28,7.75,81.74,26.5,15.03,33.84,10.37,60.86,37.78,12.32,18.06,86.32,10.91,4.14,,12.02,15.4,,9.41,,29.43,,5.08,39.86,169.56,98.95,12.75,,38.44,18.5
2018-03-27 07:00:00,9.11,18.7,24.06,34.72,76.33,22.4,93.11,16.37,7.16,81.23,6.73,8.94,15.44,71.73,18.88,9.08,8.35,11.11,11.83,29.7,14.65,5.31,7.88,88.31,26.27,15.08,34.02,10.53,58.88,39.24,12.32,18.26,88.57,10.98,4.27,,12.2,15.45,,9.71,,29.86,,5.27,41.48,178.08,100.1,13.01,,39.23,18.9
2018-03-28 07:00:00,9.01,20.23,23.67,34.67,75.5,22.43,89.58,16.08,7.16,79.1,6.71,8.97,15.39,71.56,19.32,9.34,8.49,11.14,11.72,29.9,14.67,5.14,7.77,86.69,26.09,15.03,36.64,10.62,59.1,39.66,10.58,18.26,87.8,10.88,4.21,,12.05,15.3,,9.67,,29.52,,5.15,41.22,178.89,101.06,12.91,,39.86,18.7
2018-03-29 07:00:00,9.0,21.13,23.89,33.23,77.16,22.21,87.51,15.94,7.16,75.97,6.58,9.0,15.44,71.56,19.35,9.86,8.68,11.33,11.75,29.55,14.9,5.17,7.61,87.5,25.77,15.03,36.69,10.66,59.83,40.94,12.32,18.21,88.17,10.79,4.18,,11.91,15.2,,9.46,,29.64,,5.19,41.7,179.7,99.14,13.07,,39.31,18.75
2018-03-30 07:00:00,8.88,21.67,23.27,32.52,75.33,22.4,87.81,15.6,6.84,76.68,6.62,8.9,15.54,72.13,19.23,9.77,8.6,11.39,11.91,28.96,14.69,5.1,7.58,86.52,26.0,14.93,37.19,10.86,59.76,41.34,12.79,18.06,88.2,10.69,4.11,,11.71,15.2,,9.48,,29.69,,5.29,41.88,180.02,96.31,12.97,,39.86,18.7
2018-04-02 07:00:00,9.03,22.48,23.43,32.99,78.81,22.14,90.76,16.08,7.05,78.89,6.64,8.97,15.96,75.1,18.94,10.81,8.69,11.18,12.01,29.32,14.96,5.14,7.66,91.55,25.35,15.03,38.53,10.81,61.08,42.18,12.95,18.16,87.8,11.07,4.18,,12.05,15.55,,9.62,,29.94,,5.23,43.35,181.89,95.07,12.95,,39.51,18.9
2018-04-03 07:00:00,9.36,22.92,24.38,34.24,81.3,21.55,89.58,16.44,6.98,78.6,6.5,9.03,15.94,75.84,18.88,10.81,8.63,10.9,11.69,29.24,14.98,5.17,7.9,90.57,23.74,14.98,39.81,10.78,60.78,42.27,12.63,18.42,84.48,10.85,4.21,,12.42,15.6,,9.78,,31.08,,5.21,44.38,180.1,92.24,13.64,,38.75,18.9
2018-04-04 07:00:00,9.44,23.02,24.44,33.47,83.38,21.55,86.63,16.4,6.98,80.74,6.48,9.42,16.12,73.56,18.97,10.37,8.71,11.09,11.77,29.32,15.13,5.24,8.05,89.12,23.74,15.0,41.82,10.8,60.05,41.28,12.79,18.81,82.27,10.95,4.24,,12.84,15.6,,9.78,,31.08,,5.2,45.19,179.29,92.77,13.66,,39.07,19.0
2018-04-05 07:00:00,9.46,23.02,23.87,32.99,83.79,23.61,87.51,16.26,7.0,80.45,6.48,9.52,16.09,72.19,18.91,9.68,8.83,11.11,11.88,30.33,15.95,5.41,8.04,88.31,24.29,15.22,41.82,10.82,59.54,42.02,12.71,18.81,82.27,10.98,4.21,,12.75,15.55,,9.78,,30.7,,5.15,47.65,176.05,93.78,13.45,,38.99,19.05
2018-04-06 07:00:00,9.61,22.92,23.89,33.76,88.77,24.34,89.58,16.33,7.18,79.6,6.47,9.55,16.41,73.27,18.88,9.51,8.81,11.09,11.8,31.03,16.01,5.59,8.07,85.07,24.15,16.08,41.98,10.94,59.24,40.71,12.55,18.83,83.37,11.04,4.27,,12.8,15.75,,10.09,,31.04,,5.19,47.65,174.51,94.35,13.56,,38.83,19.0
2018-04-09 07:00:00,9.73,22.74,23.67,33.71,87.11,24.01,89.58,16.3,7.14,77.47,6.48,9.55,16.38,72.99,19.16,9.16,8.85,11.37,11.83,31.57,16.01,5.93,7.94,82.63,23.81,15.47,40.7,11.59,60.71,38.72,12.4,18.88,82.64,11.49,4.3,,12.84,16.1,,10.23,,31.08,,5.17,48.86,174.99,94.35,13.66,,42.08,19.16
2018-04-10 07:00:00,9.67,22.74,24.44,33.38,87.53,23.75,89.64,16.97,7.09,77.25,6.5,9.46,16.62,73.84,18.88,9.08,9.36,11.39,11.99,30.4,16.22,6.0,7.92,84.34,23.28,15.17,38.92,11.21,59.61,37.88,12.4,18.95,82.45,11.26,4.37,,13.2,16.0,,10.46,,31.12,,5.24,48.13,174.83,93.39,13.62,,41.69,19.0
2018-04-11 07:00:00,9.42,22.48,24.0,33.47,88.6,23.28,92.23,16.35,7.05,78.18,6.48,9.42,16.49,72.13,18.41,8.99,9.4,11.45,11.4,30.48,16.43,5.83,7.77,79.39,23.0,15.17,39.7,10.97,57.92,39.24,12.08,18.55,83.78,10.91,4.34,,12.78,15.55,,10.41,,29.6,,5.33,45.55,163.8,93.58,13.19,,40.42,18.7
2018-04-12 07:00:00,9.28,22.48,23.78,33.23,83.88,23.24,93.0,16.05,7.02,78.89,6.5,9.39,16.25,71.85,18.0,8.99,9.36,11.35,11.06,30.56,16.55,5.66,7.61,78.58,23.0,15.17,39.92,10.72,56.97,38.62,12.24,18.38,84.11,10.82,4.27,,12.51,15.4,,10.51,,29.6,,5.29,44.6,168.75,93.58,13.11,,40.18,18.3
2018-04-13 07:00:00,9.34,22.66,22.75,33.23,86.45,23.09,90.17,15.64,7.12,78.89,6.35,9.55,16.22,71.85,18.12,9.16,9.38,11.54,10.48,30.79,16.51,5.73,7.3,81.01,23.97,15.39,40.81,10.54,54.99,38.99,12.08,18.38,83.93,11.07,4.27,,12.6,15.35,,10.74,,28.54,,5.27,46.66,170.77,93.63,12.91,,40.26,18.5
2018-04-16 07:00:00,9.21,23.02,21.82,32.8,83.88,23.31,87.34,15.2,7.09,80.17,6.32,9.55,15.94,71.96,18.06,9.08,9.4,11.39,9.94,30.79,16.72,5.59,7.3,83.85,24.2,15.15,40.42,10.38,54.99,38.74,12.08,17.2,83.93,11.1,4.14,,12.29,15.2,,10.86,,27.53,,5.19,45.74,170.94,91.0,12.67,,39.55,18.25
2018-04-17 07:00:00,9.32,22.48,21.66,31.56,85.78,23.39,88.52,15.41,7.16,79.17,6.24,9.91,15.94,70.71,18.25,8.99,9.67,11.18,10.05,31.1,17.21,5.62,7.4,83.85,24.2,15.39,38.92,10.7,53.82,37.88,12.08,18.06,84.11,11.52,4.24,,12.54,15.5,,11.28,,27.7,,5.28,46.84,170.37,86.78,12.85,,39.59,18.3
2018-04-18 07:00:00,9.4,23.02,21.93,30.41,84.62,23.75,86.04,15.37,7.18,79.24,6.15,10.33,16.2,72.48,18.34,9.16,9.67,11.18,10.32,30.33,17.17,5.62,7.43,80.29,23.74,15.42,38.86,10.96,51.91,36.31,11.84,18.3,83.82,11.55,4.14,,12.72,15.5,,11.35,,27.4,,5.24,47.72,169.15,88.27,12.85,,38.04,18.25
2018-04-19 07:00:00,9.11,22.3,20.62,28.74,78.81,23.39,80.74,14.38,7.28,76.38,6.09,10.07,15.88,73.05,18.06,8.99,9.36,10.8,9.87,28.62,16.92,5.45,7.0,75.34,22.59,15.47,37.75,10.74,48.98,34.21,11.45,17.92,78.28,11.36,4.05,,12.4,15.0,,11.44,7.05,25.8,,5.03,44.42,159.82,89.27,12.25,,37.09,17.65
2018-04-20 07:00:00,9.15,22.92,20.18,28.83,78.81,23.17,81.44,14.38,7.32,77.45,6.07,9.88,15.78,73.1,18.0,8.99,9.3,10.65,9.6,28.85,16.55,5.41,7.0,70.32,22.82,15.44,38.59,10.76,48.39,34.63,9.87,17.92,78.28,11.33,4.05,,12.28,14.9,,11.51,7.07,25.67,,4.9,41.84,157.39,88.6,11.88,,36.85,17.4
2018-04-23 07:00:00,8.49,22.48,20.02,27.3,79.64,21.99,82.21,14.29,7.37,76.31,5.8,9.88,14.97,71.11,17.17,8.82,8.9,10.52,9.18,28.38,15.75,5.0,6.75,76.15,24.18,14.88,38.7,10.67,47.37,36.1,10.58,17.39,79.68,11.14,3.82,,11.99,14.4,,11.32,6.71,25.2,,4.76,45.11,159.82,87.17,11.48,,35.66,17.4
2018-04-24 07:00:00,8.34,22.48,19.58,26.3,77.98,22.43,80.86,13.65,7.3,74.67,5.74,9.46,14.68,67.29,16.92,8.65,8.28,10.42,8.83,27.76,15.07,5.07,6.53,72.1,24.43,14.69,38.64,10.57,44.07,35.26,10.82,16.95,79.32,11.14,3.69,,11.46,14.1,,10.97,6.36,24.53,,4.58,43.42,148.71,84.34,10.8,,35.43,16.8
2018-04-26 07:00:00,7.82,22.39,19.37,24.67,77.16,22.51,78.32,12.94,7.39,71.39,5.78,9.42,14.39,68.31,16.29,8.65,8.01,10.06,8.62,26.98,14.86,4.93,6.29,72.18,23.4,15.37,36.8,10.47,42.31,35.05,10.66,16.64,80.05,11.04,3.5,,10.67,13.2,,11.58,6.54,24.53,,4.17,45.15,147.41,86.21,10.7,,35.58,16.5
2018-04-27 07:00:00,7.06,22.48,19.64,24.96,76.33,22.95,78.03,12.76,7.32,69.89,5.75,9.39,14.37,63.58,16.23,8.65,7.99,9.82,8.65,27.53,15.02,5.0,6.29,70.48,23.03,15.27,34.24,10.47,42.23,34.42,9.47,16.76,78.58,11.01,3.46,,10.52,13.3,,11.65,6.5,24.57,,4.23,44.82,148.46,87.17,10.01,,35.98,16.5
2018-05-02 07:00:00,8.01,22.48,18.33,25.49,71.02,22.4,77.85,12.48,7.28,69.32,5.67,9.42,14.86,59.13,16.73,8.65,7.83,10.1,8.27,27.22,14.26,5.0,6.18,74.37,23.61,15.15,32.07,10.25,46.19,35.47,10.58,16.98,78.58,11.46,3.5,,10.64,13.2,,12.42,6.58,24.44,,4.42,44.08,145.71,88.36,10.21,,35.51,16.4
2018-05-03 07:00:00,7.64,22.84,17.05,25.01,68.94,21.85,75.61,11.82,7.32,68.53,5.49,9.39,14.58,55.03,16.35,8.65,7.84,10.12,7.72,26.98,13.62,4.73,6.2,74.13,23.31,14.83,30.18,9.7,46.93,35.01,10.18,16.76,78.32,11.58,3.37,,10.02,12.65,,13.1,6.43,24.06,,4.3,44.82,137.84,88.12,9.79,,35.51,16.09
2018-05-04 07:00:00,8.34,23.1,17.73,24.87,72.26,22.73,76.91,12.96,7.28,69.6,5.54,9.62,15.23,55.08,16.8,8.65,8.18,10.22,7.56,27.29,13.91,4.86,6.64,73.4,23.57,14.78,28.12,10.1,47.29,35.68,10.42,17.0,79.68,11.61,3.5,,10.45,13.35,,13.45,6.54,24.91,,4.63,44.08,141.16,87.98,10.45,,36.14,16.49
2018-05-07 07:00:00,8.42,19.87,17.29,24.63,72.18,22.47,77.73,13.03,7.39,70.1,5.58,9.75,15.34,56.28,16.67,8.65,8.12,10.22,7.58,27.29,13.54,4.9,6.77,73.72,23.61,14.86,28.84,10.22,47.29,36.31,10.74,17.05,81.12,11.46,3.5,,10.42,13.4,,13.57,6.47,25.08,,4.59,45.37,143.19,88.36,10.61,,36.93,16.52
2018-05-08 07:00:00,8.74,18.88,18.77,25.1,75.08,22.43,79.85,13.74,7.37,72.81,5.61,9.85,15.39,58.16,16.83,8.56,8.2,10.46,7.53,27.45,13.87,4.93,6.93,75.42,24.47,14.93,29.79,10.34,48.47,38.43,11.21,17.48,84.85,11.14,3.56,,10.98,13.65,,13.68,6.6,25.8,,4.67,45.26,148.63,88.65,10.98,,36.3,17.1
2018-05-09 07:00:00,8.51,19.96,18.82,25.34,77.57,21.85,78.97,13.53,7.34,71.39,5.6,9.88,15.2,59.02,17.05,8.56,8.02,10.63,7.5,27.41,13.87,4.86,6.83,76.56,24.38,15.17,30.07,10.25,48.98,37.88,11.21,17.36,85.33,11.07,3.5,,10.85,13.45,,13.22,6.56,25.16,,4.63,44.75,151.3,88.12,10.7,,35.74,16.9
2018-05-10 07:00:00,8.11,20.14,17.76,25.1,77.98,21.26,82.27,12.82,7.28,72.81,5.67,9.65,15.18,59.87,16.64,8.47,7.64,10.42,7.8,25.97,14.07,4.73,6.5,74.53,23.26,15.2,30.46,10.15,46.93,37.15,10.82,16.86,81.16,10.98,3.37,,10.42,12.8,,13.08,6.43,23.51,,4.5,44.08,153.25,85.73,10.07,,35.11,16.75
2018-05-11 07:00:00,8.01,21.49,17.18,25.5,76.74,21.26,82.5,12.57,7.32,72.1,5.71,9.62,15.18,58.45,16.48,8.47,7.47,10.33,7.85,26.98,13.99,4.69,6.39,74.94,23.24,14.88,29.79,9.88,45.46,36.58,10.82,16.91,84.18,10.79,3.33,,10.21,12.7,,13.24,6.34,23.05,,4.38,43.72,150.81,84.77,9.85,,35.27,16.48
2018-05-14 07:00:00,8.4,,18.38,26.25,77.82,22.07,85.57,13.33,7.39,73.88,5.78,9.72,15.6,63.41,16.92,8.3,7.7,10.42,7.88,27.37,14.03,4.73,6.65,75.75,23.87,15.35,29.68,10.09,47.0,38.34,10.9,17.17,84.88,11.14,3.4,,10.55,12.95,,13.57,6.38,24.06,,4.37,45.92,154.48,84.29,9.69,,36.3,16.9
2018-05-15 07:00:00,8.49,21.13,18.55,29.39,80.47,22.07,86.92,13.44,7.34,74.88,5.86,9.65,15.96,67.63,17.08,8.39,7.71,10.46,7.88,27.49,14.26,4.79,6.77,77.77,24.31,15.37,29.4,10.04,48.39,38.68,10.9,17.41,89.28,11.2,3.43,,10.76,13.0,,13.73,6.38,24.61,,4.42,48.49,157.33,84.29,9.87,,37.88,17.29
2018-05-16 07:00:00,8.3,19.78,18.08,29.78,79.73,21.63,84.92,13.19,7.32,74.24,5.89,9.62,15.83,66.15,17.3,8.47,7.6,10.22,7.85,27.68,14.45,4.76,6.65,75.02,24.33,15.37,28.12,10.01,50.22,37.98,11.29,17.44,90.01,10.95,3.37,,10.48,13.0,,13.92,6.47,24.1,,4.33,47.02,157.41,80.99,9.73,,36.46,16.9
2018-05-17 07:00:00,8.2,22.48,17.84,29.14,77.9,21.7,84.27,13.19,7.28,73.67,5.87,9.55,15.81,66.15,17.62,8.47,7.68,10.01,7.68,27.45,14.57,4.73,6.58,70.48,24.01,15.47,28.17,9.99,49.86,37.71,11.29,17.34,89.09,10.95,3.27,,10.3,12.75,,13.54,6.49,23.77,64.42,4.26,45.0,151.38,79.02,9.07,,36.3,16.65
2018-05-18 07:00:00,7.93,19.96,16.91,28.39,75.41,21.99,83.09,12.89,7.32,72.46,5.77,9.42,15.39,62.21,17.24,8.56,7.68,9.95,7.63,27.45,14.49,4.41,6.33,70.89,23.75,15.26,28.84,9.83,47.66,36.94,11.37,17.15,89.16,10.85,3.2,,9.81,12.5,,13.54,6.46,23.17,,4.08,44.27,142.58,79.31,9.06,,36.06,16.31
2018-05-21 07:00:00,8.15,19.78,17.18,28.44,74.92,21.99,84.39,13.19,7.3,73.88,5.77,9.55,15.96,61.87,17.17,8.56,7.74,10.08,7.19,27.22,14.49,4.35,6.53,72.1,25.13,14.58,28.4,9.84,48.39,37.82,11.37,17.17,91.3,10.98,3.11,,9.81,12.6,,12.96,6.53,23.55,,4.1,42.03,149.34,79.07,9.37,,35.35,16.4
2018-05-22 07:00:00,7.74,19.78,15.98,28.39,69.69,21.26,83.68,12.37,7.23,68.75,5.49,9.42,15.57,58.28,16.16,8.47,7.31,9.57,6.7,26.59,13.6,3.93,6.18,67.08,24.82,13.7,27.67,9.38,45.02,36.56,10.74,16.11,90.38,10.56,2.88,,9.14,11.75,,12.56,6.34,21.99,68.91,3.96,39.09,140.62,76.63,8.86,,33.6,15.6
2018-05-23 07:00:00,7.76,22.92,15.68,29.14,69.69,21.26,80.09,12.2,7.16,71.39,5.52,9.39,15.57,59.87,16.35,8.21,7.03,9.53,6.23,26.17,13.77,4.0,6.26,67.24,25.06,14.06,27.45,9.39,44.14,36.58,10.82,16.14,88.98,10.4,2.65,,9.14,11.8,,12.52,6.4,21.99,64.13,3.88,36.37,140.7,76.68,8.7,,32.89,15.45
2018-05-24 07:00:00,7.89,,16.07,29.64,70.52,21.26,76.32,12.41,7.14,71.89,5.23,9.39,15.57,61.64,16.29,8.21,6.71,9.78,6.26,25.89,13.87,4.1,6.36,67.24,26.1,14.09,27.73,9.6,45.46,36.98,10.97,16.04,85.96,10.44,2.95,,9.3,11.95,,11.98,6.45,22.41,64.19,3.89,37.18,137.77,79.89,8.79,,34.4,15.58
2018-05-25 07:00:00,7.7,,15.11,29.29,70.93,20.89,71.78,11.95,7.12,71.39,5.14,9.55,15.11,60.04,16.1,8.13,6.55,9.82,6.28,25.74,13.66,4.14,6.22,66.84,25.59,14.06,27.73,9.57,43.63,36.56,10.97,15.66,86.32,9.74,2.88,,9.04,11.65,,12.73,6.41,21.14,66.75,3.85,36.74,130.02,79.5,8.36,,32.14,15.4
2018-05-28 07:00:00,6.95,19.6,14.07,27.94,67.37,20.2,70.95,11.15,7.0,68.53,4.91,9.16,14.06,55.88,15.0,7.61,6.27,9.23,5.9,25.66,12.9,3.79,5.79,62.95,23.8,13.9,28.4,9.28,41.06,34.02,10.42,14.64,84.11,9.07,2.65,,8.41,10.85,,12.49,6.0,19.79,64.71,3.43,37.66,120.97,77.59,7.81,,30.2,14.75
2018-05-29 07:00:00,6.29,19.78,14.07,28.04,67.2,19.79,73.67,11.2,7.07,67.82,4.99,9.29,13.86,52.0,14.65,7.61,6.39,9.23,5.63,25.66,12.38,3.86,5.8,61.17,23.5,13.9,28.12,9.55,41.35,32.15,10.5,14.79,81.9,8.46,2.4,,8.52,10.9,,12.33,6.09,19.79,65.94,3.51,38.98,112.9,77.59,7.49,,31.07,14.52
2018-05-30 07:00:00,7.39,,14.92,29.29,69.19,20.38,78.38,11.7,7.07,70.82,4.99,9.16,14.02,50.92,15.5,7.35,6.67,9.65,5.95,25.74,13.17,4.0,6.05,62.54,23.8,14.19,28.29,9.54,42.89,33.83,10.66,15.22,81.64,8.65,2.85,,8.95,11.4,,12.7,6.29,21.36,65.88,3.64,38.9,116.82,79.07,8.36,,32.97,14.84
2018-05-31 07:00:00,7.37,,14.89,29.64,69.69,20.38,78.97,11.72,7.07,70.67,5.02,9.23,13.9,51.55,15.88,7.52,6.92,10.01,6.27,25.74,13.41,4.07,6.05,64.0,23.8,14.48,28.23,9.6,42.53,33.51,10.74,15.2,82.64,8.94,2.85,,9.07,11.4,,12.52,6.2,21.74,67.1,3.65,40.04,119.91,78.31,8.6,,32.73,15.01
2018-06-01 07:00:00,7.61,19.78,15.71,30.88,71.35,20.38,81.62,12.23,7.16,73.53,5.08,9.39,14.12,52.18,16.07,7.52,7.41,10.63,6.45,25.86,13.46,4.14,6.33,65.62,24.33,14.71,28.45,9.65,44.65,34.67,10.97,15.7,87.14,9.26,2.95,,9.75,11.7,,12.91,6.2,22.79,66.75,3.71,41.88,123.09,79.26,8.88,,34.2,15.54
2018-06-04 07:00:00,7.62,19.51,15.49,30.18,75.25,20.27,85.75,12.39,7.37,75.24,5.19,9.46,14.32,51.89,16.29,7.52,7.76,10.86,7.06,26.13,13.58,4.14,6.4,67.73,25.13,14.45,28.73,9.64,45.17,35.74,10.97,15.9,88.17,9.45,2.69,,9.69,12.0,16.12,13.12,6.19,23.68,67.34,3.71,43.53,132.88,80.94,9.35,,35.43,16.0
2018-06-05 07:00:00,7.97,20.95,16.15,30.03,77.24,20.2,86.34,12.73,7.21,78.17,5.37,9.49,14.58,52.4,17.05,7.26,8.16,11.09,7.66,26.13,13.62,4.31,6.58,68.13,25.24,14.76,28.79,9.86,46.05,36.35,11.05,16.26,88.17,9.93,2.82,,10.01,12.6,15.12,13.12,6.4,24.4,68.21,3.97,43.57,138.99,83.57,9.87,,35.74,16.34
2018-06-06 07:00:00,7.97,18.88,16.26,30.93,77.16,20.45,91.93,12.87,7.16,78.52,5.43,9.88,14.61,56.45,17.49,7.26,8.18,11.09,7.54,26.13,13.68,4.31,6.6,68.46,25.8,14.97,28.84,9.8,47.51,37.19,11.13,16.38,90.01,9.9,3.04,,10.06,12.7,14.33,12.63,6.38,24.36,68.21,3.97,43.24,136.95,83.57,9.77,,35.55,16.35
2018-06-07 07:00:00,8.18,17.98,17.02,31.53,78.4,21.15,94.11,12.96,7.07,76.38,5.55,9.68,14.74,55.31,18.18,7.26,8.2,11.52,7.3,27.06,13.83,4.38,6.75,69.67,27.01,15.36,29.07,10.15,48.39,37.92,11.05,16.52,89.64,9.74,3.01,,10.21,12.95,14.66,12.61,6.36,24.7,65.06,4.02,45.26,142.33,84.63,9.76,,35.66,16.8
2018-06-08 07:00:00,8.17,17.98,16.8,30.68,77.98,20.89,90.52,12.82,7.3,77.45,5.71,9.75,14.67,54.74,18.09,7.18,8.25,11.6,7.18,26.52,13.83,4.31,6.62,69.35,26.87,15.0,29.68,10.13,48.25,38.03,10.74,16.28,89.64,9.96,3.01,,10.12,12.85,15.67,12.82,6.31,24.65,68.5,4.05,44.82,144.7,84.34,9.87,,35.03,16.72
2018-06-11 07:00:00,8.17,18.43,16.91,30.63,78.4,20.86,91.23,12.85,7.05,76.74,5.64,9.75,14.67,54.23,17.62,7.26,8.01,11.47,7.63,26.36,13.58,4.28,6.68,68.86,27.64,15.0,29.34,10.12,48.54,37.82,10.74,16.3,89.35,9.93,2.98,,10.24,12.6,16.25,12.05,6.25,24.74,69.38,4.05,45.0,143.47,85.02,10.37,,35.27,16.72
2018-06-12 07:00:00,7.8,17.98,15.74,29.64,74.67,20.38,91.52,12.16,7.16,72.1,5.48,9.59,14.12,51.89,17.11,7.09,7.45,11.06,7.6,26.2,13.33,4.07,6.32,64.41,27.13,15.0,28.68,9.86,45.61,36.56,10.66,15.8,87.06,9.55,2.88,,9.96,12.35,16.2,11.25,6.16,23.89,68.21,3.94,44.08,140.05,85.74,10.03,,34.87,16.2
2018-06-13 07:00:00,7.91,17.98,15.9,29.54,75.91,20.09,92.58,12.39,7.28,73.17,5.55,9.49,14.21,53.03,17.24,7.18,7.81,11.22,7.6,26.05,13.37,4.17,6.36,66.76,27.94,15.1,28.95,10.01,47.29,35.82,10.66,15.85,86.32,9.36,2.95,,10.24,12.7,16.46,10.58,6.2,24.36,68.56,3.97,44.82,145.51,86.42,10.39,,35.03,16.5
2018-06-14 07:00:00,7.84,18.43,15.44,30.13,72.18,19.79,93.82,12.27,7.32,74.46,5.65,9.49,14.4,53.6,17.4,6.57,7.49,11.29,7.84,26.36,13.27,4.14,6.31,67.32,28.38,15.1,28.4,10.04,48.9,37.51,9.16,15.9,85.99,9.48,2.91,,9.99,12.5,16.3,10.62,6.15,24.53,67.8,3.84,45.92,142.66,86.08,10.07,,35.27,16.31
2018-06-15 07:00:00,7.76,16.18,15.16,30.53,70.93,19.43,94.29,12.04,7.34,73.53,5.56,9.49,14.29,53.6,17.49,6.92,7.3,11.09,7.84,25.27,13.25,4.14,6.24,67.32,28.2,15.31,28.9,9.97,48.17,37.14,10.66,15.73,84.22,9.29,2.88,,9.84,12.35,16.3,10.3,6.15,24.27,67.92,3.86,45.37,140.21,85.74,9.93,,34.79,16.35
2018-06-18 07:00:00,7.66,17.98,14.84,30.78,71.1,19.06,88.99,11.84,7.34,72.46,5.45,9.36,14.02,51.32,16.99,6.22,6.95,10.66,7.6,25.54,13.0,4.0,6.16,66.03,27.45,15.31,28.51,10.12,47.29,35.62,10.58,15.17,85.22,9.23,2.82,,9.56,11.85,15.43,10.44,5.98,23.68,67.63,3.72,45.0,132.06,83.19,9.74,,33.29,16.0
2018-06-19 07:00:00,7.12,17.53,13.86,28.89,66.37,18.33,85.45,11.02,7.28,69.96,5.27,9.16,13.19,47.73,15.82,5.79,6.61,9.95,7.21,25.5,12.38,3.79,5.76,64.0,25.54,14.76,27.78,9.64,43.99,33.13,9.16,14.6,79.65,8.69,2.69,,8.92,11.3,14.64,9.92,5.57,22.84,66.87,3.51,42.98,126.27,79.53,9.19,,31.34,15.0
2018-06-20 07:00:00,7.45,17.08,14.54,29.19,66.37,18.91,86.63,11.5,7.25,71.31,5.32,9.26,13.59,48.75,16.23,6.31,6.56,10.03,7.33,25.43,12.75,3.9,6.04,63.19,26.52,15.05,27.62,9.94,45.09,33.1,8.84,14.86,79.68,9.42,2.75,,9.32,11.6,14.66,9.81,6.0,23.77,62.44,3.59,44.82,127.98,79.86,9.55,,31.62,15.35
2018-06-21 07:00:00,7.35,17.98,14.51,28.84,67.2,18.8,90.87,11.59,7.32,71.24,5.36,9.2,13.62,50.46,16.29,6.57,7.13,10.34,7.45,25.58,12.75,3.93,5.96,64.57,26.52,15.15,27.67,9.99,45.83,32.09,8.6,14.96,81.9,9.42,2.56,,9.35,11.65,14.69,9.83,5.98,23.85,66.46,3.55,44.89,134.59,80.92,10.07,,30.51,15.55
2018-06-22 07:00:00,7.24,17.89,14.21,28.89,65.62,19.06,89.64,11.45,7.25,71.39,5.36,9.1,13.56,49.61,16.16,6.57,7.13,10.29,7.36,25.47,12.8,3.9,5.87,64.08,26.13,15.28,27.73,9.96,45.39,30.83,10.26,14.98,82.08,9.2,2.72,,9.23,11.6,14.74,9.88,6.05,23.47,66.46,3.57,45.11,138.99,81.16,9.97,,30.12,15.5
2018-06-25 07:00:00,7.35,19.6,15.22,29.39,70.68,19.06,91.93,12.0,7.37,73.6,5.55,9.29,13.87,51.89,16.51,6.74,7.37,10.89,7.54,25.7,12.8,3.97,6.19,66.03,27.92,15.44,27.84,10.05,47.33,32.63,10.34,15.24,82.41,9.7,2.78,,9.69,12.05,15.07,10.51,6.09,24.91,66.58,3.61,45.19,140.29,85.98,10.54,,32.34,16.06
2018-06-26 07:00:00,7.41,,14.89,28.94,68.11,18.4,91.34,11.79,7.28,72.81,5.53,9.29,13.69,50.18,16.29,6.74,7.13,10.61,7.42,26.13,12.8,3.9,6.07,65.54,27.41,15.23,27.9,9.97,46.18,31.14,10.1,15.08,81.71,9.67,2.75,,9.49,11.85,14.83,9.95,5.81,24.53,66.52,3.57,44.27,137.77,83.81,10.3,,31.46,15.81
2018-06-27 07:00:00,7.24,19.24,14.62,29.64,68.44,19.06,91.64,11.45,7.21,72.89,5.56,9.33,13.67,51.32,16.23,7.18,7.17,10.48,7.54,26.36,12.8,3.9,6.02,64.81,27.45,15.31,28.01,9.93,46.02,30.58,10.42,15.2,81.71,9.86,2.75,,9.1,11.8,14.72,9.9,5.98,24.53,64.13,3.57,45.19,139.07,84.1,9.9,,31.46,15.8
2018-06-28 07:00:00,6.93,17.98,14.07,29.39,67.78,18.25,88.99,11.02,7.28,71.31,5.52,9.26,13.13,50.73,15.97,7.52,6.83,10.24,7.3,26.28,12.75,3.83,5.8,62.38,26.54,15.1,28.01,9.76,44.64,28.47,10.26,14.93,80.09,9.67,2.69,,8.74,11.4,13.94,9.57,5.98,24.1,62.96,3.53,46.66,135.32,81.41,9.51,,30.2,15.49
2018-06-29 07:00:00,6.85,17.08,14.02,28.89,65.96,17.74,87.46,11.04,7.07,71.74,5.47,9.29,12.82,50.15,15.82,7.61,6.89,10.07,7.3,25.43,12.63,3.83,5.76,62.54,26.52,15.08,28.12,9.8,45.02,27.02,10.18,14.79,79.72,9.77,2.65,,8.64,11.5,13.7,9.95,5.96,24.02,63.26,3.51,46.71,136.38,81.89,9.32,,29.96,15.48
2018-07-02 07:00:00,6.33,17.53,13.28,27.99,63.05,18.51,86.1,10.4,7.16,69.96,5.39,9.16,12.36,49.04,15.19,7.61,6.91,9.81,6.82,25.5,12.38,3.72,5.45,59.55,24.89,14.84,27.84,9.68,43.02,25.53,10.03,14.67,81.42,9.2,2.52,,8.15,11.1,13.7,9.48,5.97,23.43,64.13,3.37,47.11,135.3,81.41,8.8,,29.64,15.11
2018-07-03 07:00:00,5.91,16.18,12.57,27.69,60.98,18.25,83.68,9.85,7.12,69.96,5.36,8.64,12.05,48.4,14.84,6.83,6.81,9.63,6.36,25.5,12.3,3.52,5.16,58.41,23.29,14.89,27.84,9.15,42.33,23.96,9.79,14.26,83.11,9.13,2.36,,7.91,10.35,12.88,9.34,5.75,23.68,60.4,3.18,44.31,129.05,81.41,8.41,,29.4,14.79
2018-07-04 07:00:00,5.89,14.2,11.97,27.79,58.49,18.11,81.62,9.62,7.05,70.1,5.29,9.1,11.89,45.43,14.59,7.26,6.65,9.6,6.15,25.58,12.3,3.52,5.15,57.52,23.17,15.05,27.76,8.83,41.71,23.64,9.47,14.16,82.64,9.16,2.14,,7.72,10.25,11.98,9.55,5.49,23.13,59.52,3.2,43.11,125.14,80.44,8.08,,29.32,14.5
2018-07-05 07:00:00,5.69,13.4,11.62,28.44,58.07,17.92,77.85,9.37,7.05,73.53,5.32,9.07,11.89,43.15,14.52,6.83,6.44,9.5,6.03,25.43,11.56,3.38,4.98,58.17,23.26,15.31,27.67,8.39,40.64,24.59,9.24,14.38,81.16,9.1,2.27,,7.85,9.67,12.75,9.83,5.61,21.99,64.6,3.04,45.77,123.18,79.0,8.1,,28.77,14.5
2018-07-06 07:00:00,5.6,11.6,11.37,28.89,58.32,17.81,77.38,9.3,6.93,74.24,5.27,8.97,12.02,40.82,14.78,7.18,6.26,9.34,5.91,25.27,11.89,3.31,4.98,57.6,23.33,15.26,27.7,7.81,39.87,24.94,9.0,14.45,79.68,9.16,2.07,,8.06,9.7,12.75,9.76,5.61,21.36,65.0,2.98,45.24,124.16,79.0,7.98,,28.57,14.4
2018-07-09 07:00:00,6.33,13.48,12.68,27.99,61.39,18.33,81.5,10.08,7.02,70.67,5.36,9.1,12.3,46.36,15.28,7.35,6.91,9.39,6.21,25.35,12.18,3.48,5.29,59.22,24.2,15.52,27.9,8.02,42.33,26.01,9.0,14.69,80.9,9.36,2.43,,8.46,10.4,13.16,9.95,5.51,22.84,65.59,3.11,46.44,125.92,80.35,8.8,,28.93,14.82
2018-07-10 07:00:00,6.35,13.58,12.76,27.24,59.73,18.58,82.56,10.08,7.12,70.89,5.42,9.1,12.36,46.65,15.12,7.0,6.91,9.42,6.06,25.5,11.97,3.52,5.36,59.87,24.2,15.52,27.95,8.12,42.33,25.85,8.92,14.64,80.31,9.48,2.46,,8.46,10.4,12.99,10.0,5.96,22.46,63.26,3.2,45.55,126.6,80.44,8.86,,28.77,14.82
2018-07-11 07:00:00,5.98,11.6,12.0,25.95,58.57,18.84,81.62,9.55,7.05,70.17,5.37,8.97,11.92,44.38,14.65,7.0,6.47,8.97,5.88,25.66,11.64,3.38,5.05,58.82,23.26,15.62,27.7,7.8,40.1,25.34,8.53,14.38,80.09,9.36,2.3,,7.91,9.85,12.16,9.73,5.89,21.19,62.96,3.1,44.44,125.14,79.96,8.44,,27.74,14.29
2018-07-12 07:00:00,6.16,13.04,12.03,25.65,57.24,19.06,80.21,9.55,7.0,70.1,5.36,8.84,11.89,44.38,14.65,6.92,6.44,8.81,5.74,25.27,11.89,3.41,5.08,58.82,23.31,15.41,27.95,8.04,40.64,25.53,8.45,14.04,80.42,9.32,2.33,,7.91,10.0,11.86,9.73,5.88,21.36,62.96,3.18,44.88,125.14,80.44,8.31,,28.29,14.33
2018-07-13 07:00:00,5.98,13.04,12.71,25.9,59.82,20.16,81.97,10.19,7.0,70.6,5.39,8.97,12.14,46.07,15.0,7.09,6.53,9.03,6.01,25.27,11.99,3.48,5.38,59.55,23.99,15.12,28.06,8.09,41.41,26.16,8.45,14.28,78.95,9.48,2.43,,8.03,10.3,12.28,9.8,5.96,21.99,62.56,3.23,45.33,125.72,79.86,8.7,,28.81,14.41
2018-07-16 07:00:00,6.6,13.13,12.93,26.4,60.98,19.94,83.68,10.35,6.96,72.1,5.5,9.1,12.56,46.77,15.12,6.92,6.58,9.38,6.01,25.66,12.16,3.52,5.53,59.87,24.66,14.94,28.51,8.06,41.17,27.11,8.6,14.55,78.95,9.51,2.49,,8.29,10.45,12.16,9.85,5.87,22.96,61.8,3.28,44.88,127.78,79.86,8.85,,28.89,14.8
2018-07-17 07:00:00,6.54,13.48,12.87,26.2,60.15,19.79,83.68,10.24,7.05,71.74,5.48,8.97,12.53,45.49,15.34,6.74,6.5,9.28,5.97,25.66,12.2,3.52,5.51,59.38,24.59,15.06,28.68,8.04,40.79,28.09,8.6,14.57,78.98,9.58,2.46,,8.2,10.45,12.14,9.68,5.94,22.84,61.8,3.32,44.44,127.39,80.15,8.91,,29.88,14.61
2018-07-18 07:00:00,6.76,13.48,13.58,26.15,60.15,19.43,86.04,11.04,7.05,72.24,5.55,9.1,12.94,46.36,15.72,6.83,6.66,9.58,6.06,25.66,12.32,3.66,5.88,60.11,25.92,15.06,29.01,8.14,42.02,29.16,7.34,14.93,79.32,9.48,2.59,,8.6,10.8,12.9,10.07,5.9,23.6,62.38,3.44,45.55,130.03,80.68,9.66,,32.49,15.05
2018-07-19 07:00:00,6.79,13.48,13.91,26.75,61.06,20.2,87.81,11.13,7.16,72.46,5.66,9.1,13.04,48.58,15.72,6.48,6.95,9.84,6.91,25.74,12.32,3.66,5.91,62.22,26.06,15.23,29.79,8.27,43.71,29.63,9.24,15.92,79.32,9.48,2.43,,8.8,10.9,12.99,10.29,5.92,23.98,62.09,3.61,45.77,132.47,81.41,9.68,,32.65,15.25
2018-07-20 07:00:00,6.68,14.38,13.53,27.19,58.9,20.31,87.81,10.81,7.14,71.39,5.6,9.03,12.74,47.88,15.38,6.83,6.73,9.61,6.85,25.66,12.28,3.62,5.78,63.27,25.85,14.94,30.85,8.22,43.18,29.0,9.95,15.66,73.78,9.36,2.56,,8.6,10.8,12.85,10.53,5.94,23.3,61.86,3.52,46.0,128.07,81.5,9.06,,32.65,14.7
2018-07-23 07:00:00,6.89,14.38,13.53,27.54,60.56,20.16,86.63,10.81,7.5,70.67,5.6,9.0,12.93,48.69,15.47,7.35,6.89,9.71,6.63,25.58,12.36,3.24,6.0,63.68,26.27,14.94,30.51,8.2,43.1,29.95,9.87,15.78,75.07,9.45,2.59,,8.63,11.25,12.57,10.75,5.92,23.89,60.05,3.71,45.91,132.96,81.02,8.96,,32.49,15.53
2018-07-24 07:00:00,6.66,,13.09,27.29,60.73,19.87,84.27,10.6,7.73,70.32,5.68,9.03,12.79,48.05,15.31,7.0,6.73,9.31,6.57,25.66,12.34,3.31,5.83,63.35,25.85,14.94,30.62,8.09,43.33,29.03,9.71,16.16,75.92,9.7,2.33,,8.32,11.4,12.42,10.85,5.54,23.68,60.05,3.59,46.22,131.98,81.55,8.6,,32.73,15.14
2018-07-25 07:00:00,6.56,15.19,12.87,27.29,60.98,18.77,86.34,10.44,7.62,70.67,5.71,8.97,13.04,48.75,15.15,7.0,6.6,9.34,6.57,26.13,12.36,3.35,5.78,64.73,25.71,14.94,31.63,8.02,43.79,29.0,8.53,16.18,75.66,10.25,2.56,,8.12,11.2,11.76,11.19,5.54,23.39,61.45,3.55,46.26,130.71,81.84,8.57,,32.49,15.16
2018-07-26 07:00:00,5.91,13.94,12.68,27.19,60.98,18.07,85.45,10.35,7.5,70.82,5.65,9.16,13.01,48.05,15.09,7.09,6.44,9.39,6.51,25.66,12.36,3.38,5.69,64.81,25.13,14.94,31.79,8.06,42.87,28.21,9.87,15.99,74.59,10.06,2.52,,8.06,11.05,12.05,11.9,5.84,23.05,61.8,3.48,46.4,130.42,81.41,8.41,,31.58,14.9
2018-07-27 07:00:00,6.74,15.37,13.09,27.44,60.81,18.07,85.75,10.51,7.71,70.82,5.71,9.1,13.14,48.63,15.15,7.09,6.54,9.64,6.48,25.82,12.4,3.41,5.9,64.73,25.59,15.03,33.07,8.04,43.1,28.53,9.87,16.28,74.92,10.18,2.59,,8.48,11.2,12.09,11.87,5.84,23.77,61.22,3.52,46.97,132.66,81.21,8.21,,31.07,15.0
2018-07-30 07:00:00,6.87,15.64,13.64,27.74,61.56,18.18,87.22,10.74,7.73,71.75,5.74,9.1,13.35,48.98,15.44,7.0,6.75,9.79,6.63,26.44,12.67,3.41,6.08,64.81,26.5,15.32,33.13,8.41,43.95,29.66,10.26,16.35,75.63,10.5,2.62,,8.55,11.25,12.24,11.36,5.56,23.89,61.22,3.49,46.93,134.52,80.83,8.76,,31.31,15.34
2018-07-31 07:00:00,6.87,13.48,14.1,28.39,62.22,18.18,88.4,10.74,7.73,72.11,5.84,9.1,13.22,50.27,16.61,6.92,6.81,9.69,6.76,26.32,12.42,3.41,6.04,65.62,26.87,15.46,33.24,8.38,44.41,30.04,10.18,16.95,75.26,10.63,2.62,,8.64,11.35,12.28,12.07,5.55,24.02,63.43,3.51,46.71,138.82,80.44,8.76,,31.46,15.36
2018-08-01 07:00:00,6.78,15.19,14.18,28.29,63.88,18.22,90.58,10.53,7.96,71.53,5.87,9.03,12.94,50.79,16.26,6.92,7.05,9.89,6.76,26.28,12.26,3.28,6.01,67.0,26.41,15.46,33.41,8.33,46.64,29.51,10.1,16.55,75.15,10.37,2.56,,8.83,11.3,12.83,12.63,5.54,24.7,63.26,3.52,47.24,138.24,80.25,8.63,,32.1,15.38
2018-08-02 07:00:00,6.7,14.12,13.8,27.59,63.2,18.18,91.64,10.35,8.18,70.74,5.77,9.03,12.85,51.38,15.79,7.0,6.89,9.68,6.51,26.17,12.3,3.14,5.88,67.57,25.96,15.38,33.91,8.09,46.72,29.47,10.03,16.14,74.89,10.18,2.52,,8.68,10.95,12.75,12.97,5.32,24.4,63.31,3.48,47.2,137.55,77.89,8.41,,31.66,15.16
2018-08-03 07:00:00,6.85,13.48,14.35,27.59,63.87,18.55,93.7,10.44,8.18,71.89,5.79,9.03,13.1,53.36,16.16,7.0,6.95,9.63,6.54,26.13,12.3,3.21,6.03,68.21,26.17,15.43,34.02,7.83,47.72,30.01,10.14,16.38,73.6,10.28,2.56,,8.88,11.05,13.23,13.04,5.32,24.57,63.26,3.52,47.46,141.95,77.7,8.67,,31.9,15.4
2018-08-06 07:00:00,6.74,13.58,14.21,27.59,63.87,18.77,92.23,10.35,8.09,72.18,5.82,9.1,13.05,54.23,15.91,7.09,7.03,9.44,6.27,26.44,12.18,3.14,5.97,68.46,25.82,15.52,33.97,7.99,47.56,29.41,10.42,16.14,72.75,10.31,2.56,,8.71,11.0,13.13,13.33,5.27,24.61,63.43,3.52,48.75,143.22,76.83,8.49,,32.97,15.4
2018-08-07 07:00:00,6.74,13.66,14.35,27.29,63.37,18.91,91.11,10.35,8.25,72.54,5.86,9.07,12.9,54.64,15.91,7.09,7.07,9.5,6.21,26.28,12.05,3.14,5.93,70.48,25.59,15.23,34.02,8.06,48.02,29.0,10.34,15.9,71.49,10.34,2.52,,8.71,11.05,12.94,13.33,5.31,24.78,62.38,3.53,48.84,142.93,73.7,8.45,,33.13,15.36
2018-08-08 07:00:00,6.85,12.86,15.0,26.9,64.96,19.02,90.76,10.58,8.52,73.41,5.86,9.03,12.94,55.4,15.91,6.92,7.13,9.58,6.21,26.13,12.05,3.14,6.0,71.7,25.82,15.23,34.69,8.17,48.18,29.32,10.42,15.97,71.94,10.25,2.56,,8.89,11.1,12.94,13.67,5.33,25.8,62.67,3.57,48.26,143.32,73.22,8.54,,33.09,15.4
2018-08-09 07:00:00,7.08,13.04,15.71,26.85,67.23,18.91,89.58,10.99,8.71,72.11,5.84,9.03,13.14,56.04,16.1,7.0,7.21,9.68,6.21,26.76,12.22,3.24,6.08,72.02,26.43,15.4,33.97,7.94,47.72,29.61,10.74,16.33,73.41,10.18,2.59,,9.07,11.2,12.94,13.67,5.43,25.92,62.96,3.61,46.22,144.69,75.14,8.73,,32.38,15.48
2018-08-10 07:00:00,6.99,13.58,15.55,26.65,68.91,18.77,92.46,10.9,8.64,72.18,5.68,8.97,13.19,56.68,16.32,6.92,7.17,9.67,6.18,26.76,12.13,3.24,6.01,71.13,26.5,15.35,35.08,8.06,47.79,30.44,10.66,16.16,75.26,10.06,2.59,,9.03,11.2,12.47,13.82,5.56,25.8,61.8,3.57,44.88,145.67,75.14,8.6,,31.66,15.41
2018-08-13 07:00:00,7.1,13.58,16.15,26.0,68.49,18.77,91.61,11.06,8.64,73.55,5.66,9.03,13.32,56.8,16.2,6.92,7.29,9.73,6.45,26.93,12.01,3.24,6.05,71.21,26.45,15.29,34.8,7.99,48.49,30.18,10.74,16.26,76.03,10.09,2.62,,9.18,11.2,12.66,13.91,5.62,26.3,62.32,3.59,45.06,148.11,74.85,8.63,,31.31,15.5
2018-08-14 07:00:00,7.24,13.58,16.31,26.2,69.33,19.06,93.44,11.59,8.62,76.07,5.65,9.03,13.47,58.32,16.2,6.92,7.21,10.15,6.54,26.8,12.01,3.31,6.26,72.83,26.75,15.23,35.8,7.98,50.1,31.1,10.58,16.42,76.55,10.18,2.78,,9.47,11.6,12.75,13.96,5.76,26.51,62.38,3.67,45.24,148.01,76.01,8.86,,31.82,15.75
2018-08-15 07:00:00,7.12,13.66,15.6,26.85,67.23,19.17,93.13,11.45,8.46,73.91,5.74,9.07,13.5,55.4,15.79,6.92,7.19,9.89,6.42,26.93,12.01,3.24,6.12,74.13,26.94,15.23,35.36,8.25,48.26,31.39,10.1,16.55,76.73,10.56,2.72,,9.14,11.35,12.52,13.72,5.69,25.58,62.44,3.74,45.28,144.69,76.2,8.63,,31.54,15.6
2018-08-16 07:00:00,6.95,13.76,15.27,26.45,65.97,19.02,91.61,11.22,8.48,72.47,5.71,9.07,13.42,52.48,15.72,6.83,7.07,9.8,6.33,26.93,11.97,3.21,5.99,71.78,26.78,15.09,35.91,8.1,46.95,30.91,10.03,16.33,76.47,10.66,2.62,,8.91,11.15,12.26,13.06,5.67,24.91,62.44,3.67,44.48,140.78,74.95,8.47,,31.34,15.35
2018-08-17 07:00:00,7.1,13.66,16.42,26.1,68.58,19.06,91.67,11.91,8.57,71.75,5.74,9.03,13.59,55.63,15.97,6.83,7.11,9.93,6.33,27.13,11.8,3.21,6.14,72.51,27.48,14.97,36.14,8.12,49.26,31.55,8.6,16.52,77.47,11.36,2.69,,9.1,11.2,12.52,13.4,5.77,25.71,63.43,3.73,45.37,146.25,76.35,8.47,,31.54,15.63
2018-08-20 07:00:00,7.05,13.66,16.8,26.1,69.92,18.95,92.04,11.77,8.66,69.22,5.74,9.03,13.64,55.87,15.79,6.74,6.84,9.85,6.09,26.76,11.89,3.21,6.01,72.35,27.48,15.12,35.64,8.1,49.26,31.46,10.26,16.4,77.47,11.46,2.69,,8.92,11.15,12.24,13.65,5.76,25.97,63.43,3.8,45.33,145.67,76.4,8.03,,31.31,15.45
2018-08-21 07:00:00,7.08,13.48,16.91,26.15,69.5,18.84,92.34,11.63,8.84,66.99,5.73,9.1,13.72,56.16,15.88,6.74,6.91,9.83,6.15,25.5,11.8,3.21,6.0,72.91,28.1,14.94,36.25,8.12,49.87,31.74,10.26,16.42,76.95,11.9,2.69,,8.94,11.15,12.4,13.77,5.76,25.8,63.43,3.8,45.33,147.13,77.21,8.08,,31.11,15.54
2018-08-22 07:00:00,7.28,13.48,17.67,26.3,70.59,19.02,92.52,11.93,8.84,69.58,5.74,9.1,13.82,57.21,16.16,6.83,7.03,9.93,6.24,25.62,11.95,3.21,6.12,73.32,28.08,14.94,34.52,8.14,50.41,32.76,8.84,16.59,77.51,12.06,2.72,,9.26,11.4,12.54,13.89,5.78,26.18,63.9,3.78,45.82,147.52,77.99,8.29,,31.54,15.75
2018-08-23 07:00:00,7.28,13.76,17.57,26.65,72.69,18.99,93.38,11.84,8.75,69.08,5.73,9.1,13.94,57.79,16.57,6.92,7.09,10.05,6.21,24.89,11.89,3.21,6.12,73.89,28.1,15.09,35.08,8.31,50.33,32.57,10.34,16.86,77.58,12.03,2.72,,9.23,11.35,12.59,14.13,5.81,26.05,64.13,3.74,46.22,147.13,78.27,8.19,,31.62,15.75
2018-08-24 07:00:00,7.32,13.94,17.78,26.25,74.04,18.91,94.23,11.7,8.64,68.36,5.71,9.07,13.88,58.2,16.51,6.92,7.07,10.03,6.27,23.58,12.05,3.21,6.04,73.4,27.92,15.12,35.52,8.43,50.41,32.73,10.34,17.34,77.47,11.93,2.69,,9.2,11.25,12.52,14.04,5.85,26.13,64.77,3.68,46.13,147.13,78.13,8.15,,32.18,15.73
2018-08-27 07:00:00,7.49,13.76,18.25,26.3,74.12,19.13,97.39,12.07,8.64,67.64,5.65,9.03,13.97,59.49,16.92,6.92,7.11,10.21,6.51,23.66,12.26,3.21,6.18,73.32,28.1,15.17,35.69,8.39,52.33,32.73,10.26,17.48,78.65,12.19,2.69,,9.32,11.35,12.52,13.65,5.89,26.39,64.89,3.72,46.13,148.6,77.07,8.15,,32.02,15.85
2018-08-28 07:00:00,7.49,13.48,18.17,26.5,75.64,19.46,97.7,12.41,8.75,66.7,5.63,9.07,13.93,59.31,16.76,6.74,7.12,10.34,6.45,23.83,12.67,3.21,6.25,73.72,28.45,15.15,35.13,8.35,52.41,32.76,10.42,17.27,80.68,12.06,2.78,,9.49,11.4,12.38,13.14,5.89,26.6,64.42,3.63,46.0,149.48,76.59,8.26,,31.7,15.91
2018-08-29 07:00:00,7.49,13.48,18.3,26.55,75.8,19.21,98.67,12.32,8.78,65.84,5.53,9.07,13.9,59.37,16.64,6.92,7.13,10.5,6.39,23.87,12.69,3.17,6.21,73.72,28.41,15.23,35.36,8.38,51.56,32.79,10.5,17.1,81.16,12.06,2.75,,9.58,11.35,12.33,13.94,5.94,26.68,63.14,3.64,45.77,150.75,75.58,8.21,,31.31,15.86
2018-08-30 07:00:00,7.57,13.48,18.27,26.4,76.48,19.24,98.67,12.32,9.21,65.84,5.48,8.97,13.9,59.49,16.54,6.92,7.35,10.38,6.48,24.07,12.61,3.17,6.21,74.13,28.38,15.15,35.69,8.12,51.33,32.86,10.82,17.17,81.97,12.12,2.75,,9.63,11.3,12.31,13.72,5.94,26.39,62.09,3.63,45.55,150.75,74.9,8.18,,31.31,15.81
2018-08-31 07:00:00,7.51,13.4,18.71,27.0,76.98,19.21,100.74,12.34,9.39,66.56,5.52,8.97,13.94,61.27,16.7,6.92,7.49,10.5,6.48,24.24,12.73,3.17,6.22,76.8,27.92,15.17,35.91,8.17,52.18,32.86,9.47,17.24,82.38,11.96,2.75,,9.69,11.35,12.42,13.14,5.96,26.22,60.63,3.65,45.11,152.02,75.48,8.31,,31.19,15.94
2018-09-04 07:00:00,7.3,13.48,17.57,27.79,75.38,19.06,99.16,11.86,9.32,66.48,5.68,9.03,13.91,60.5,16.51,7.0,7.39,10.34,6.39,24.15,12.94,3.17,6.07,76.15,27.55,15.17,35.47,8.15,51.72,31.87,10.9,16.95,82.49,11.71,2.69,,9.4,11.2,12.31,12.99,5.93,25.75,60.75,3.55,45.33,141.85,75.43,8.37,,30.04,15.73
2018-09-05 07:00:00,7.18,13.4,17.54,27.84,73.54,18.99,98.12,11.77,9.32,65.76,5.58,9.0,13.59,58.6,16.61,6.74,7.24,10.21,6.36,24.07,12.8,3.14,5.93,75.02,26.99,15.06,35.25,8.12,51.03,30.91,10.58,16.64,81.56,11.58,2.65,,9.26,11.05,12.16,13.19,5.87,25.5,61.27,3.45,45.11,145.72,73.31,8.18,,29.17,15.48
2018-09-06 07:00:00,7.24,13.48,17.67,27.64,72.19,18.69,98.91,11.77,9.32,65.62,5.52,8.97,13.39,58.89,16.83,6.74,7.19,10.21,6.27,24.64,12.67,3.1,5.87,75.26,27.06,14.94,35.36,8.02,51.26,30.6,10.66,16.55,80.79,11.93,2.62,,9.38,11.0,11.72,12.97,5.46,25.46,60.98,3.41,43.55,143.74,71.44,7.98,,28.97,15.37
2018-09-07 07:00:00,7.26,13.48,17.73,27.59,72.27,18.69,98.91,11.79,9.21,65.91,5.52,8.97,13.39,58.83,16.92,6.83,7.19,10.24,6.24,24.56,12.71,3.07,5.88,75.83,27.01,15.06,35.19,8.02,51.41,30.6,10.82,16.57,80.86,12.38,2.62,,9.46,11.25,11.76,12.07,5.69,25.42,60.63,3.43,42.71,145.52,71.44,7.95,,28.97,15.39
2018-09-10 07:00:00,6.84,12.59,18.27,27.64,74.38,18.55,98.79,11.95,9.23,65.98,5.56,9.0,13.45,59.73,16.99,6.83,7.26,10.4,6.21,24.64,12.92,3.07,5.92,74.13,27.22,15.12,35.41,8.09,52.18,31.14,11.13,16.59,81.2,12.44,2.65,,9.58,11.35,11.81,11.6,5.82,25.84,60.98,3.52,43.15,145.72,74.54,7.95,,29.32,15.5
2018-09-11 07:00:00,7.26,13.48,18.49,27.69,75.22,18.66,98.61,11.95,9.3,65.98,5.55,8.97,13.45,59.49,16.83,6.83,7.32,10.36,6.3,24.48,13.17,3.07,5.93,72.91,27.31,15.12,35.69,8.15,53.26,30.91,9.79,16.52,81.23,12.44,2.65,,9.53,11.6,11.95,11.34,5.78,26.01,60.46,3.53,43.77,146.32,74.66,7.93,,29.84,15.54
2018-09-12 07:00:00,7.3,13.48,18.96,27.64,79.0,18.66,98.61,12.14,9.28,66.34,5.58,8.97,13.61,61.87,17.05,6.83,7.34,10.48,6.39,24.85,13.54,3.07,5.97,75.02,28.1,15.35,37.03,8.19,54.1,31.87,11.6,16.88,81.27,12.44,2.69,,9.72,11.9,11.81,12.04,5.76,26.43,60.52,3.61,44.93,147.9,77.41,7.98,,29.92,15.8
2018-09-13 07:00:00,7.3,12.23,18.82,27.54,79.08,18.58,99.04,12.16,9.09,66.34,5.6,8.94,13.66,63.47,16.99,6.74,7.36,10.48,6.42,24.89,13.58,2.97,5.97,74.29,28.1,15.63,37.58,8.17,53.49,32.03,11.6,16.86,81.53,12.76,2.69,,9.72,12.05,11.81,11.97,5.78,26.47,60.63,3.57,44.44,146.71,76.59,7.9,,29.72,15.71
2018-09-14 07:00:00,7.41,13.48,18.93,27.64,81.86,18.25,99.22,12.27,9.28,66.63,5.6,8.94,13.78,63.35,17.02,6.83,7.6,10.48,6.69,24.72,13.72,3.1,5.88,74.13,28.29,15.81,37.31,8.22,53.03,32.19,11.53,17.05,81.9,12.73,2.72,,9.75,11.95,11.88,11.77,5.79,26.73,61.39,3.61,44.31,146.91,77.35,7.92,,29.64,15.81
2018-09-17 07:00:00,7.37,13.04,18.66,28.89,78.33,18.69,97.45,12.18,9.34,66.41,5.55,8.97,13.94,63.77,17.28,6.74,7.58,10.38,6.69,24.52,13.58,3.07,5.78,72.02,27.92,15.63,37.03,8.2,53.57,31.68,11.68,16.81,81.71,12.89,2.69,,9.6,11.85,11.88,11.63,5.76,26.6,61.45,3.63,43.95,144.73,78.06,7.92,,29.44,15.7
2018-09-18 07:00:00,7.3,12.59,18.27,28.29,78.16,18.69,97.09,12.02,9.75,66.77,5.61,8.9,13.82,63.77,16.91,6.74,7.47,10.29,6.69,24.36,13.43,3.07,5.7,72.18,27.68,15.58,36.97,8.02,53.95,31.36,10.18,16.67,81.9,12.73,2.65,,9.44,11.65,12.07,11.58,5.66,26.35,60.63,3.59,43.55,144.53,79.17,7.87,,29.17,15.6
2018-09-19 07:00:00,7.41,12.86,19.2,29.19,78.16,18.77,98.79,12.27,9.78,67.85,5.63,8.9,14.16,66.03,17.48,6.74,7.58,10.5,7.27,24.56,13.72,3.1,5.8,73.72,28.1,15.92,36.75,8.14,54.41,31.46,11.76,16.91,81.16,12.95,2.69,,9.81,12.35,12.38,11.19,5.76,26.68,60.05,3.6,43.77,147.21,80.17,7.95,,29.01,15.55
2018-09-20 07:00:00,7.41,13.22,19.01,29.29,79.5,18.84,98.61,12.23,9.64,68.5,5.68,8.97,14.24,66.98,17.95,6.83,7.58,10.53,7.3,24.48,13.83,3.24,5.87,74.13,28.17,16.01,35.64,8.17,54.34,31.49,12.16,17.1,80.61,13.11,2.75,,9.86,12.5,12.57,11.77,5.81,26.77,60.57,3.64,43.64,147.21,79.64,8.18,,29.32,15.89
2018-09-21 07:00:00,7.5,13.22,18.9,29.29,81.1,18.69,98.91,12.6,9.66,68.58,5.77,9.13,14.29,67.99,17.95,6.92,7.56,10.78,7.42,23.13,14.28,3.28,5.92,73.72,28.27,15.61,33.41,8.22,54.26,31.68,10.74,17.22,80.16,13.2,2.82,,10.01,12.6,13.13,11.04,5.81,27.06,59.17,3.65,43.73,146.71,78.99,8.41,,29.88,15.96
2018-09-24 07:00:00,7.61,15.91,19.01,29.98,81.52,18.77,101.65,12.73,9.62,69.37,5.79,9.13,14.48,68.95,18.05,7.0,7.69,10.9,7.33,23.66,14.5,3.45,6.07,75.26,29.31,15.79,35.08,8.48,54.64,32.51,12.4,17.29,80.24,13.3,2.85,,10.1,12.5,13.2,11.12,5.81,27.4,59.17,3.76,43.82,148.1,79.76,8.44,,30.2,16.18
2018-09-25 07:00:00,7.55,16.36,18.87,30.38,79.0,18.91,101.9,12.66,9.62,68.72,5.87,9.03,14.48,70.2,17.95,7.0,7.67,10.83,7.27,23.99,14.48,3.45,6.01,76.07,29.2,15.76,35.69,8.46,56.11,32.22,10.66,17.34,80.35,13.56,2.82,,10.06,12.5,13.13,11.51,5.73,27.23,59.23,3.82,44.08,149.39,79.76,8.37,,30.91,16.16
2018-09-26 07:00:00,7.5,17.08,19.04,30.93,79.84,19.17,101.04,12.66,9.66,69.44,5.94,8.97,14.5,69.66,18.08,7.18,7.58,10.87,7.54,23.26,14.48,3.41,5.99,75.59,29.08,15.76,35.08,8.38,55.41,32.67,12.55,17.39,80.05,13.4,2.82,,10.09,12.6,13.13,11.63,5.72,26.98,59.41,3.76,44.0,149.69,79.81,8.44,,31.31,16.19
2018-09-27 07:00:00,7.48,17.44,18.9,31.68,79.84,19.39,100.5,12.62,9.78,70.81,6.19,9.1,14.56,68.23,18.18,7.09,7.62,10.9,7.63,23.26,14.52,3.48,6.01,74.53,28.89,15.98,35.91,8.44,55.03,32.48,10.74,17.8,80.5,13.56,2.85,,10.12,12.6,13.77,11.65,5.75,26.73,60.05,3.81,43.77,149.59,80.11,8.49,,32.3,16.22
2018-09-28 07:00:00,7.52,17.71,18.93,31.63,81.86,19.5,101.04,12.62,9.78,71.89,6.19,9.07,14.62,68.83,17.98,7.18,7.62,11.01,7.57,23.34,14.94,3.48,6.03,74.13,29.59,15.98,36.47,8.48,54.64,32.76,12.79,17.75,81.16,13.4,2.91,,10.27,12.65,13.7,11.48,5.74,26.64,60.98,3.78,43.6,149.49,80.4,8.72,,32.22,16.28
2018-10-01 07:00:00,7.48,17.53,18.87,31.08,81.35,19.79,99.95,12.27,9.91,69.87,6.27,9.23,14.53,68.89,17.92,7.26,7.69,11.15,7.57,23.34,14.81,3.62,6.03,74.21,29.45,15.79,35.91,8.78,54.57,33.14,12.95,17.48,81.16,13.08,2.91,,10.15,13.7,13.51,11.43,5.79,26.43,60.11,3.88,43.77,146.22,79.64,8.57,,32.3,16.32
2018-10-02 07:00:00,7.32,18.88,18.82,31.23,80.68,19.46,99.52,12.2,9.82,69.95,6.26,9.36,14.31,71.21,17.58,7.69,7.74,10.91,7.54,23.17,14.79,3.62,6.0,73.4,29.48,15.79,35.58,8.67,54.26,33.34,12.95,17.39,81.08,12.82,2.88,,10.1,13.7,13.51,11.14,5.75,26.3,60.52,3.89,44.31,142.75,79.05,8.52,,32.1,16.24
2018-10-03 07:00:00,7.37,19.69,19.75,32.87,80.01,19.21,99.22,12.48,10.07,69.51,6.16,9.36,14.31,71.86,17.58,7.87,7.74,10.87,7.3,22.44,14.96,3.55,6.01,74.94,29.48,15.7,35.19,8.7,54.26,33.37,12.95,17.44,83.0,13.02,2.85,,10.12,13.8,13.77,11.04,5.79,26.43,59.41,3.84,45.24,143.14,79.93,8.44,,32.1,16.24
2018-10-04 07:00:00,7.44,18.88,19.8,33.67,79.0,19.21,99.52,12.62,10.46,67.78,6.16,9.55,14.35,73.17,17.88,8.82,7.56,10.85,7.45,22.44,14.94,3.59,6.09,75.18,29.85,15.82,35.19,8.6,54.41,34.39,12.95,17.53,83.0,13.08,2.88,,10.27,13.8,13.86,11.19,5.83,26.56,59.82,3.84,44.71,141.26,79.58,8.5,,32.81,16.31
2018-10-05 07:00:00,7.46,18.34,19.37,33.17,80.17,19.17,100.31,12.41,10.68,67.64,6.11,9.39,14.4,71.38,18.72,8.47,7.53,10.93,7.54,22.28,15.12,3.55,6.22,73.64,29.43,15.76,35.13,8.54,53.1,33.94,12.47,17.68,81.9,12.92,2.85,,10.3,13.75,14.05,11.19,5.95,26.6,59.52,3.82,43.68,141.16,79.05,8.39,,32.34,15.69
2018-10-08 07:00:00,7.41,16.63,19.04,33.17,77.74,19.06,100.44,12.27,10.75,67.49,5.9,9.13,14.23,69.12,18.85,7.95,7.33,10.89,7.63,21.22,15.03,3.48,6.17,70.97,29.38,15.73,35.08,8.44,51.18,33.65,12.16,17.63,81.12,12.82,2.82,,10.16,13.6,13.75,11.19,5.87,26.38,58.29,3.78,42.84,139.38,77.88,8.24,,31.15,15.97
2018-10-09 07:00:00,7.46,16.63,19.53,33.17,77.82,19.21,100.92,12.18,11.03,65.98,5.94,9.16,14.13,70.14,18.72,8.3,7.43,10.87,7.93,21.66,15.1,3.48,6.05,71.29,29.8,15.95,35.25,8.46,51.56,34.1,11.84,17.73,81.2,12.95,2.82,,10.26,13.4,13.77,11.38,5.83,26.38,58.29,3.78,42.71,139.77,76.59,8.18,,31.15,15.9
2018-10-10 07:00:00,7.44,17.62,19.2,30.88,76.48,19.32,100.5,12.07,10.87,65.98,5.9,9.13,14.13,70.97,18.48,8.56,7.43,10.86,7.57,21.62,14.88,3.41,5.9,68.46,30.08,15.79,35.3,8.57,51.41,34.64,11.92,17.53,81.79,13.24,2.75,,10.11,13.3,14.01,11.38,5.89,26.3,58.29,3.77,42.88,141.95,76.01,8.06,,31.07,15.89
2018-10-11 07:00:00,6.75,16.63,17.95,29.19,71.94,18.14,94.35,11.27,10.46,63.89,5.65,8.74,13.37,66.98,17.35,7.43,6.99,10.42,7.06,20.4,13.91,3.14,5.58,63.68,28.96,15.31,34.97,8.2,48.02,32.57,10.9,16.38,80.57,12.41,2.56,,9.59,12.5,13.09,10.87,5.52,24.63,54.72,3.37,39.95,133.83,72.03,7.58,,29.56,15.0
2018-10-12 07:00:00,6.66,17.26,17.46,27.69,71.18,18.4,93.92,11.04,10.68,62.88,5.65,8.64,13.18,64.25,16.85,7.61,7.05,10.45,6.69,20.28,14.02,3.14,5.51,61.08,28.87,15.13,35.36,8.17,47.72,31.77,10.9,16.23,80.79,12.41,2.49,,9.31,12.3,12.9,10.12,5.51,24.41,55.37,3.44,41.24,137.29,72.96,7.58,,29.01,14.8
2018-10-15 07:00:00,6.88,17.53,17.78,29.88,72.36,18.47,93.74,11.34,10.91,64.9,5.6,8.87,13.59,68.41,17.18,7.95,6.9,10.66,6.72,20.68,14.46,3.24,5.59,63.19,29.08,15.34,37.08,8.25,47.72,32.51,11.6,16.28,81.16,12.7,2.62,,9.53,12.9,13.23,10.46,5.18,25.14,53.19,3.6,41.77,136.8,73.55,7.69,,29.17,15.21
2018-10-16 07:00:00,6.88,17.26,17.78,29.88,74.04,18.47,94.65,11.31,10.91,65.76,5.68,8.84,13.5,68.35,17.31,8.04,6.95,10.7,6.72,20.81,14.46,3.28,5.59,62.79,29.08,15.49,38.7,8.39,48.1,32.54,11.45,16.33,81.89,12.86,2.59,,9.48,13.0,13.3,10.36,5.32,25.23,53.26,3.63,41.86,135.61,73.31,7.67,,29.17,15.32
2018-10-17 07:00:00,6.97,16.63,18.52,30.48,75.13,18.73,95.87,11.56,10.94,65.62,5.81,8.97,13.75,69.48,17.78,7.95,7.33,10.83,6.91,20.89,14.5,3.31,5.66,64.41,29.69,15.61,39.53,8.52,48.56,33.14,11.6,16.67,82.12,13.05,2.65,,9.67,13.45,13.68,9.88,5.36,25.31,54.64,3.63,43.64,136.3,73.96,7.75,,29.72,15.55
2018-10-18 07:00:00,6.86,17.26,18.44,31.28,75.05,18.47,94.96,11.38,10.91,64.9,5.81,8.84,13.72,68.11,17.78,7.95,7.23,10.8,6.88,21.05,14.37,3.28,5.55,64.65,29.38,15.37,39.81,8.48,47.79,32.83,11.37,16.52,82.15,12.86,2.43,,9.58,13.35,13.56,10.36,5.41,24.8,55.01,3.61,43.55,134.82,73.72,7.69,,29.32,15.48
2018-10-19 07:00:00,6.7,17.26,18.44,30.53,76.06,18.25,93.74,11.08,11.05,63.53,5.74,8.77,13.56,65.44,17.78,7.78,7.09,10.72,6.76,20.81,14.35,3.24,5.44,63.6,28.94,15.13,38.48,8.41,46.79,32.35,11.13,16.18,80.97,12.63,2.56,,9.39,13.25,13.27,9.9,5.36,24.41,53.91,3.57,42.88,130.85,72.67,7.54,,29.01,15.17
2018-10-22 07:00:00,6.84,17.98,18.93,29.39,76.81,18.33,92.46,11.2,10.73,63.1,5.79,8.81,13.63,66.63,17.71,7.78,7.19,10.64,6.63,20.73,14.06,3.24,5.54,64.16,29.01,14.4,38.98,8.36,46.49,32.35,9.55,16.28,80.97,12.82,2.59,,9.48,12.95,13.61,10.22,5.42,24.46,54.42,3.65,43.15,126.59,73.67,7.58,,29.72,15.3
2018-10-23 07:00:00,6.55,17.8,18.27,27.64,76.14,17.59,88.81,10.65,10.48,62.73,5.71,8.64,13.15,63.12,16.85,7.78,7.05,10.32,6.18,20.81,13.18,3.14,5.47,60.84,27.45,14.34,38.64,8.31,43.79,31.17,10.9,15.75,81.71,12.63,2.49,,9.02,12.35,12.66,9.71,5.4,23.13,53.48,3.56,42.88,125.6,71.26,7.05,,28.53,14.75
2018-10-24 07:00:00,6.5,17.26,17.78,28.19,75.22,17.37,88.26,10.62,10.68,62.73,5.63,8.64,13.22,60.56,16.81,7.43,6.93,10.4,5.97,20.89,13.36,3.14,5.53,60.11,27.1,14.27,39.03,8.44,42.95,30.6,10.26,15.78,81.89,12.98,2.52,,8.94,12.55,12.52,9.63,5.41,23.77,52.82,3.52,43.33,125.0,71.38,7.2,,28.69,14.7
2018-10-25 07:00:00,6.13,17.8,16.56,27.1,73.2,17.01,85.22,10.12,9.78,60.93,5.52,8.51,12.65,56.57,15.91,7.52,6.73,10.04,5.61,20.4,13.16,3.07,5.34,57.52,25.71,13.97,39.53,8.28,41.1,28.84,10.26,15.03,80.59,12.86,2.4,,8.38,11.95,11.86,9.15,5.35,22.7,49.54,3.37,42.04,120.05,68.57,6.71,,27.1,14.0
2018-10-26 07:00:00,6.28,17.35,16.69,27.74,75.55,16.97,85.22,10.3,9.89,61.08,5.68,8.77,12.9,60.56,17.05,7.35,6.79,10.32,5.95,20.64,13.38,3.14,5.49,61.81,25.13,14.61,40.09,8.57,44.41,29.51,10.74,15.17,81.41,12.79,2.27,,8.71,12.3,12.05,9.78,5.46,22.92,46.48,3.43,42.53,123.52,70.8,6.76,,27.74,14.36
2018-10-29 07:00:00,6.1,17.26,15.71,27.94,77.32,16.57,84.67,10.12,9.73,59.2,5.76,8.64,12.8,56.81,17.78,7.78,6.64,10.24,5.88,20.4,13.45,3.14,5.5,60.52,24.33,14.46,39.03,8.38,43.41,28.71,10.66,15.08,82.15,12.92,2.43,,8.56,11.95,12.05,9.73,5.46,22.49,44.44,3.45,42.22,122.43,69.51,6.52,,27.58,14.3
2018-10-30 07:00:00,6.17,17.08,15.06,27.79,76.9,16.6,84.31,10.08,9.94,60.14,5.73,8.71,12.92,57.23,17.78,7.95,6.54,10.24,5.79,20.16,13.56,3.14,5.55,60.92,24.36,14.27,38.25,8.3,43.02,28.71,10.58,14.64,78.74,13.11,2.36,,8.58,11.9,12.09,9.68,5.51,22.57,43.71,3.45,42.44,123.42,68.69,6.55,,27.34,14.4
2018-10-31 07:00:00,6.35,17.26,15.38,27.94,80.68,16.93,86.44,10.26,10.09,60.36,5.9,8.77,13.06,59.49,18.02,7.95,6.36,10.36,5.57,20.2,13.71,3.17,5.65,63.6,25.15,14.58,38.92,8.38,44.41,29.8,10.74,14.93,80.26,12.89,2.43,,8.8,12.15,12.33,9.63,5.65,23.22,45.39,3.52,42.48,125.6,67.05,6.73,,27.97,14.53
2018-11-01 07:00:00,6.5,17.53,16.53,27.44,82.11,17.19,88.57,10.44,10.59,59.99,5.97,8.84,13.25,60.26,18.35,7.78,6.49,10.45,5.18,20.64,13.84,3.14,5.65,65.78,25.59,14.58,39.03,8.46,44.64,30.28,10.74,14.88,81.04,13.02,2.43,,8.83,12.2,12.33,9.61,5.69,23.47,47.43,3.52,42.22,132.44,65.29,6.66,,28.41,14.57
2018-11-02 07:00:00,6.55,,16.8,27.59,80.26,17.15,88.93,10.51,10.78,60.36,5.95,8.81,13.29,59.19,18.15,7.43,6.53,10.56,4.82,20.77,13.62,3.17,5.66,66.43,25.82,15.0,39.25,8.49,44.95,30.44,10.74,14.93,81.15,13.05,2.46,,8.88,12.2,12.38,9.24,5.32,23.56,51.0,3.51,42.44,132.83,66.93,6.74,,28.46,14.72
2018-11-05 07:00:00,6.57,17.26,17.24,27.64,77.74,17.15,91.31,10.6,10.68,59.56,5.9,8.77,13.34,59.43,18.32,7.69,6.46,10.48,4.96,20.48,13.56,3.17,5.66,67.0,25.47,15.0,38.7,8.52,45.48,30.63,10.74,15.22,81.0,13.11,2.46,,8.94,12.2,12.52,9.56,5.42,23.81,51.73,3.45,42.26,133.23,67.28,6.71,,28.46,14.78
2018-11-06 07:00:00,6.53,17.08,17.37,27.94,77.82,17.85,91.37,10.65,10.73,59.85,6.0,8.84,13.31,60.44,18.42,8.13,6.5,10.5,5.26,20.73,13.56,3.17,5.65,68.05,25.71,15.06,38.7,8.56,46.41,30.85,10.9,15.22,81.41,13.68,2.46,,9.04,12.25,12.64,9.51,5.47,23.9,51.73,3.47,42.4,132.83,67.63,6.81,,29.43,14.87
2018-11-07 07:00:00,6.44,17.53,17.4,28.24,77.82,18.29,91.43,10.46,10.73,59.85,5.97,8.81,13.17,58.95,18.45,7.78,6.44,10.38,5.13,20.6,13.54,3.14,5.61,67.81,25.82,15.09,38.31,8.52,45.18,30.44,10.82,15.08,81.75,13.65,2.43,,8.86,12.15,12.61,9.54,5.48,23.6,51.58,3.54,41.91,129.17,68.92,6.68,,29.19,14.75
2018-11-08 07:00:00,6.5,17.8,17.67,28.39,75.72,18.22,91.91,10.62,10.68,59.85,6.0,8.77,13.26,59.55,18.55,8.04,6.56,10.32,5.16,20.6,13.54,3.14,5.62,68.05,25.2,15.06,37.97,8.56,45.72,30.75,10.97,15.24,83.01,14.19,2.43,,9.05,12.6,12.73,9.78,5.46,23.86,53.19,3.64,42.57,131.35,69.98,6.74,,29.72,14.85
2018-11-09 07:00:00,6.37,17.62,17.27,27.99,79.0,18.18,91.12,10.33,10.57,60.5,5.95,8.77,13.02,56.51,18.38,7.87,6.48,9.97,4.98,20.56,13.49,3.14,5.47,67.0,24.66,15.19,38.14,8.51,43.87,29.96,10.9,15.03,82.86,13.97,2.4,,8.79,12.35,12.45,10.05,5.54,23.26,53.91,3.64,42.22,129.17,68.45,6.63,,29.82,14.6
2018-11-12 07:00:00,6.28,17.35,16.97,27.69,79.84,18.03,88.87,10.12,10.48,60.21,5.9,8.71,13.01,55.62,18.52,7.78,6.32,9.85,4.76,20.48,13.4,3.1,5.38,66.76,24.66,15.19,38.2,8.44,42.87,29.58,10.82,14.84,83.19,14.0,2.36,,8.63,12.05,12.21,9.78,5.53,22.62,54.72,3.6,42.44,127.78,67.4,6.5,,29.14,14.48
2018-11-13 07:00:00,6.21,17.71,16.91,27.49,80.68,17.81,86.74,10.08,10.46,59.13,5.89,8.58,13.02,55.38,18.52,7.87,5.94,9.76,4.78,20.6,13.14,3.07,5.36,64.0,25.01,15.19,38.7,8.39,43.41,29.67,10.74,14.76,86.16,14.19,2.36,,8.69,11.95,12.14,9.44,5.59,22.83,53.26,3.62,41.46,126.39,67.22,6.52,,29.29,14.4
2018-11-14 07:00:00,6.08,17.53,16.37,27.59,81.52,17.96,88.26,9.6,10.44,59.13,6.06,8.58,13.15,52.94,19.42,7.87,5.64,9.35,4.58,20.48,13.18,3.07,5.28,62.38,24.96,15.37,39.25,8.38,42.18,29.38,10.58,14.64,88.24,14.19,2.33,,8.64,11.95,11.88,9.49,5.64,22.62,54.64,3.64,41.51,126.39,67.81,6.39,,29.14,14.35
2018-11-15 07:00:00,6.01,16.9,16.31,27.29,79.0,17.85,88.57,9.62,10.59,58.91,6.08,8.71,13.18,53.6,19.09,8.21,5.45,9.22,4.34,20.52,12.94,3.07,5.32,63.52,24.89,15.43,39.42,8.39,42.18,29.29,10.5,14.62,89.14,13.46,2.33,,8.64,11.85,11.83,9.66,5.63,22.49,54.28,3.62,40.4,125.7,67.34,6.14,,29.09,14.17
2018-11-16 07:00:00,6.1,17.08,17.18,27.39,79.0,18.07,88.51,9.8,10.46,58.84,6.1,8.71,13.36,54.31,19.19,7.87,5.56,9.3,4.4,20.68,13.1,3.07,5.44,64.0,24.89,15.25,38.42,8.44,42.71,29.45,10.66,14.84,89.88,12.6,2.33,,8.69,12.0,12.02,9.76,5.67,22.74,51.36,3.66,39.91,125.6,67.34,6.22,,29.04,14.26
2018-11-19 07:00:00,6.28,,17.46,27.34,78.16,19.24,90.09,10.05,10.14,59.27,6.03,8.64,13.53,56.51,18.99,7.87,5.98,9.32,4.49,20.4,13.12,3.1,5.51,64.49,25.5,15.28,38.42,8.43,43.95,29.8,11.13,15.05,89.88,13.49,2.4,,8.82,12.1,12.14,9.9,5.76,22.79,50.93,3.78,40.04,126.79,67.28,6.84,,29.09,14.43
2018-11-20 07:00:00,6.35,17.62,17.16,27.29,78.16,19.57,91.0,10.37,10.23,59.63,6.06,8.61,13.55,56.57,19.25,7.95,5.94,9.39,4.47,20.4,13.01,3.14,5.49,65.78,25.99,15.4,37.31,8.46,44.64,30.08,11.05,14.88,89.17,13.65,2.4,,8.9,12.15,12.33,9.93,5.78,22.83,52.53,3.72,42.08,127.28,67.52,6.99,,29.19,14.64
2018-11-21 07:00:00,6.28,17.89,16.99,27.39,78.16,19.1,91.31,10.42,10.14,60.21,6.29,8.61,13.5,55.44,19.39,7.95,5.85,9.55,4.52,20.4,12.74,3.1,5.49,64.81,25.81,15.06,37.64,8.49,43.87,29.99,10.82,14.88,88.39,13.65,2.4,,8.82,12.05,12.24,10.17,5.75,22.7,53.33,3.63,42.22,126.39,67.75,6.87,,29.29,14.5
2018-11-22 07:00:00,6.46,17.44,17.35,27.84,78.66,19.43,93.01,10.51,10.48,60.93,6.32,8.61,13.67,55.32,19.32,7.95,5.95,9.5,4.46,20.4,12.92,3.14,5.55,65.62,26.55,15.37,37.64,8.48,44.41,30.5,11.13,15.56,88.76,13.75,2.4,,9.02,12.25,11.64,10.46,5.96,23.43,54.64,3.68,42.88,126.69,69.8,7.04,,30.4,14.65
2018-11-23 07:00:00,6.44,,17.24,27.79,80.59,19.24,92.22,10.28,10.57,60.36,6.31,8.58,13.59,54.79,18.99,8.13,6.0,9.42,4.16,20.32,12.74,3.24,5.5,66.03,26.06,15.19,37.42,8.46,44.33,30.31,11.29,15.53,88.58,13.65,2.36,,8.82,12.25,12.33,10.07,6.07,23.13,55.44,3.63,43.11,125.8,68.81,7.12,,29.92,14.6
2018-11-26 07:00:00,6.33,,17.13,27.84,81.6,19.1,89.48,10.26,10.96,60.36,6.39,8.51,13.42,53.66,18.65,8.21,5.88,9.43,4.22,20.24,12.35,3.21,5.46,65.78,26.06,15.19,37.42,8.46,44.25,30.15,11.37,15.53,89.13,13.65,2.36,,8.75,12.15,12.26,9.97,5.86,23.0,55.01,3.59,43.55,125.7,69.1,6.97,,29.72,14.5
2018-11-27 07:00:00,6.35,,16.91,27.89,80.85,19.17,93.74,10.14,11.0,59.27,6.36,8.58,13.44,53.72,18.78,8.13,5.94,9.44,4.23,20.16,12.22,3.17,5.4,66.35,26.15,15.37,37.75,8.51,44.33,30.05,11.6,15.32,88.42,13.75,2.36,,8.79,12.15,12.26,9.88,5.69,22.79,56.39,3.59,44.66,125.5,72.14,6.78,,29.92,14.73
2018-11-28 07:00:00,5.95,17.98,17.07,27.69,80.68,19.1,94.35,10.21,10.98,59.13,6.56,8.68,13.45,53.84,18.55,8.04,5.94,9.27,4.22,20.03,12.22,3.17,5.41,65.62,26.12,15.31,37.86,8.35,44.33,29.96,11.68,15.46,89.99,13.87,2.33,,8.77,12.1,12.24,9.95,5.54,22.87,56.46,3.57,44.8,125.7,73.78,6.7,,29.82,14.75
2018-11-29 07:00:00,6.55,18.25,17.05,27.64,79.84,19.28,94.96,10.4,11.39,58.91,6.61,8.71,13.56,53.0,18.72,8.04,5.97,9.07,4.0,19.91,13.05,3.21,5.46,65.62,26.21,15.4,38.25,8.38,44.18,29.0,11.53,15.58,93.44,13.68,2.36,,8.93,12.15,12.31,9.88,5.62,23.56,57.12,3.59,45.2,129.76,73.96,6.78,,30.21,14.78
2018-11-30 07:00:00,6.1,18.97,16.69,27.39,79.84,19.06,93.8,10.4,11.41,58.41,6.71,8.71,13.48,53.36,18.38,8.04,5.87,8.81,3.8,19.83,13.1,3.21,5.46,64.41,26.06,15.37,37.42,8.38,44.02,29.1,11.45,15.32,92.32,13.36,2.36,,8.9,12.1,12.28,9.78,5.53,23.47,55.37,3.57,43.33,128.77,73.78,6.7,,29.82,14.7
2018-12-03 07:00:00,6.64,19.6,17.35,27.84,81.35,19.13,94.17,10.76,11.37,59.13,6.89,8.87,13.66,55.44,18.65,8.04,5.97,9.02,4.11,19.83,13.18,3.24,5.69,65.86,26.37,15.43,37.92,8.38,45.1,29.83,11.68,15.56,92.88,12.95,2.43,,9.16,12.3,12.42,9.97,5.65,24.07,56.61,3.63,45.02,129.96,74.95,6.91,,29.82,14.8
2018-12-04 07:00:00,6.84,18.34,18.11,28.09,81.86,19.1,95.51,10.85,11.28,60.21,6.95,8.94,14.15,56.81,18.88,8.04,6.17,9.08,4.35,19.99,13.58,3.35,5.75,66.76,27.2,15.49,37.58,8.39,46.41,30.12,11.84,15.9,92.88,13.14,2.46,,9.24,12.65,12.85,10.02,5.76,24.46,56.83,3.7,45.15,130.55,78.23,7.12,,30.79,15.19
2018-12-05 07:00:00,6.75,19.96,17.89,28.44,81.52,19.13,94.65,10.76,10.94,59.85,6.84,8.94,14.04,56.22,18.88,8.04,6.08,9.08,4.22,19.83,13.32,3.31,5.66,66.84,26.96,15.37,37.31,8.39,45.95,29.86,12.0,15.82,91.94,12.6,2.43,,9.16,12.55,12.9,9.85,5.73,24.2,58.29,3.68,44.88,130.26,77.35,7.14,,31.32,15.1
2018-12-06 07:00:00,6.79,18.52,18.11,28.44,84.71,19.24,94.65,10.88,10.8,60.21,6.56,8.81,13.93,56.04,18.88,8.04,5.96,9.15,4.28,19.79,12.96,3.38,5.79,67.65,27.14,15.37,37.31,8.68,46.1,30.12,12.0,15.85,90.63,12.6,2.43,,9.26,12.55,13.18,9.97,5.83,24.29,58.65,3.7,44.93,129.86,76.07,7.15,,31.57,15.07
2018-12-07 07:00:00,6.79,19.78,18.36,28.9,84.46,19.21,94.96,10.97,10.91,60.57,6.77,9.03,14.1,56.51,19.19,7.95,6.05,9.16,4.46,19.87,13.32,3.41,5.91,68.05,27.27,15.31,37.97,8.77,46.56,30.44,12.08,15.94,91.42,12.73,2.46,,9.32,12.6,13.13,10.02,6.07,24.46,58.29,3.72,45.11,130.75,77.35,7.3,,31.76,15.28
2018-12-10 07:00:00,6.64,20.14,18.14,28.64,84.04,19.06,94.35,10.58,10.98,60.43,6.65,8.97,13.97,57.23,19.32,7.95,6.0,8.93,4.53,20.32,12.83,3.41,5.76,68.13,27.2,15.58,37.81,8.64,46.95,30.85,12.0,15.9,91.0,12.76,2.43,,9.24,12.45,13.09,9.88,6.08,24.24,57.56,3.66,44.93,128.77,78.17,7.28,,30.98,15.2
2018-12-11 07:00:00,6.1,19.78,18.22,29.0,83.62,19.17,94.35,10.56,10.94,59.13,6.71,8.84,13.88,57.11,19.12,7.78,5.98,8.7,4.33,20.24,13.05,3.35,5.75,69.02,27.14,15.49,37.31,8.7,46.64,30.75,11.76,15.75,92.28,12.6,2.2,,9.18,12.45,13.27,9.63,5.98,24.07,58.21,3.68,45.06,127.38,78.17,7.2,,30.98,15.11
2018-12-12 07:00:00,6.73,20.23,18.22,28.79,84.96,19.21,94.96,10.67,11.0,59.49,6.74,8.87,13.93,57.17,19.12,7.87,5.99,8.75,4.38,20.28,13.12,3.35,5.84,69.02,27.3,15.55,37.7,8.7,46.79,30.88,11.92,15.85,93.48,12.7,2.2,,9.23,12.5,13.37,9.63,6.0,24.33,58.07,3.7,45.33,127.78,77.88,7.23,,31.52,15.21
2018-12-13 07:00:00,6.81,20.5,18.71,29.36,84.88,19.35,95.44,10.6,11.0,59.42,6.66,8.87,14.07,57.58,19.29,7.95,6.02,8.94,4.41,19.99,13.4,3.31,5.83,70.32,27.55,15.61,37.53,8.73,46.95,31.36,12.08,15.82,93.7,12.92,2.46,,9.39,12.75,13.56,9.63,6.03,24.67,58.36,3.7,45.24,128.08,78.47,7.3,,31.76,15.3
2018-12-14 07:00:00,6.75,20.68,18.44,29.25,83.54,19.24,97.09,10.12,10.98,59.35,6.71,8.84,13.94,56.81,19.12,7.78,5.95,8.86,4.37,19.99,13.45,3.31,5.7,69.27,27.24,15.67,37.14,8.8,46.1,31.2,12.0,15.58,93.29,13.11,2.43,,9.26,12.7,13.46,9.61,5.98,24.2,57.92,3.66,45.15,126.89,78.7,7.1,,31.28,14.8
2018-12-17 07:00:00,6.57,20.68,18.11,28.64,81.94,19.24,97.27,9.89,10.89,59.35,6.76,9.0,13.59,55.32,18.58,7.78,5.84,8.59,4.22,19.83,13.34,3.28,5.58,66.43,26.37,15.61,36.53,8.65,43.87,30.72,11.68,15.17,92.84,13.05,2.4,,9.02,12.5,12.94,9.68,5.81,23.47,55.74,3.53,45.28,124.41,78.41,6.78,,30.89,14.8
2018-12-18 07:00:00,6.44,18.97,17.73,28.08,78.33,18.91,96.24,9.71,10.48,59.2,6.65,8.94,13.23,54.01,18.12,7.78,5.7,8.13,4.14,19.58,13.38,3.24,5.47,65.05,25.75,15.31,35.64,8.31,43.25,30.12,11.37,15.08,92.13,12.63,2.36,,8.79,12.2,12.61,9.24,5.7,23.17,55.01,3.42,44.44,122.13,76.42,6.58,,30.11,14.51
2018-12-19 07:00:00,6.48,20.23,18.17,26.34,76.48,18.95,95.57,9.14,10.71,58.41,6.68,8.97,13.23,53.84,18.15,7.87,5.64,7.69,4.22,19.66,13.4,3.24,5.49,65.62,26.24,15.43,35.36,8.25,42.71,30.02,11.68,15.17,91.98,12.54,2.36,,8.82,12.2,12.73,9.27,5.67,23.17,55.88,3.44,44.66,123.71,75.54,6.58,,30.21,14.46
2018-12-20 07:00:00,6.5,20.23,18.22,27.87,76.48,19.06,95.26,9.18,10.8,57.83,6.69,9.1,13.29,54.49,18.18,7.95,5.64,7.77,4.21,19.18,13.43,3.24,5.49,65.62,26.27,15.43,35.08,8.35,42.71,29.92,11.37,15.27,92.32,12.54,2.36,,8.83,12.2,12.8,9.41,5.74,23.26,55.95,3.45,44.8,122.92,73.9,6.61,,29.24,14.45
2018-12-21 07:00:00,6.46,20.23,18.22,27.62,77.32,18.88,95.69,9.18,10.68,56.32,6.89,9.07,13.25,54.13,17.98,7.87,5.66,7.77,4.13,19.42,13.58,3.24,5.42,63.68,26.03,15.31,35.36,8.3,42.33,29.8,11.68,15.22,91.12,12.63,2.36,,8.8,12.1,12.61,9.46,5.69,23.04,53.84,3.47,44.44,121.83,71.5,6.53,,28.46,14.3
2018-12-24 07:00:00,6.21,20.23,18.44,27.67,77.32,18.77,96.48,9.3,10.44,56.61,6.97,9.0,13.28,52.94,18.25,7.95,5.62,7.94,3.99,19.26,13.71,3.21,5.37,64.0,26.83,15.28,35.25,8.31,43.33,30.28,10.58,15.08,89.88,13.01,2.36,,8.5,12.15,12.71,9.24,5.67,22.74,54.13,3.49,45.02,122.92,72.03,6.63,,28.31,14.4
2018-12-25 07:00:00,6.24,20.23,17.29,25.88,75.05,18.25,94.96,8.77,10.0,52.71,6.97,8.97,12.96,49.67,17.25,7.78,5.51,7.68,3.8,18.4,13.36,3.1,5.08,63.11,26.09,15.0,35.41,8.06,42.1,29.64,11.21,14.57,90.7,12.79,2.3,,8.15,11.7,12.19,8.61,5.39,21.84,52.68,3.38,44.48,119.95,72.03,6.29,,28.07,14.0
2018-12-26 07:00:00,5.77,20.68,17.76,26.44,75.8,18.36,95.26,8.77,10.16,54.59,7.26,8.97,13.09,49.02,17.38,7.87,5.65,7.89,3.59,18.52,13.71,3.14,5.15,64.0,26.43,15.19,35.19,8.19,42.48,29.77,11.6,14.69,90.97,13.11,2.3,,8.41,11.95,12.26,8.42,5.47,22.53,52.02,3.4,44.88,118.96,71.73,6.35,,28.36,14.1
2018-12-27 07:00:00,6.44,21.22,18.3,26.59,77.32,18.88,96.18,8.86,10.18,54.59,7.26,9.1,13.22,51.04,17.48,8.21,5.75,8.04,3.69,19.3,13.82,3.24,5.13,64.0,26.58,15.56,35.58,8.15,43.1,30.12,11.76,14.88,92.5,13.37,2.33,,8.53,12.0,12.31,8.44,5.66,22.92,53.11,3.42,44.88,118.76,72.73,6.42,,28.27,14.1
2018-12-28 07:00:00,6.44,20.86,18.36,26.8,74.8,18.73,96.54,8.82,10.12,54.44,7.18,9.1,13.22,50.68,17.48,8.3,5.8,8.09,3.92,19.3,13.97,3.27,5.11,62.79,26.24,15.5,35.58,8.1,40.79,29.96,,14.81,92.32,13.37,2.33,,8.41,11.95,12.21,8.08,5.56,22.83,53.48,3.34,42.35,117.27,70.84,6.39,,27.1,14.0
2019-01-02 07:00:00,6.41,20.23,18.25,25.88,74.8,18.69,96.18,8.7,10.0,54.95,7.0,9.1,13.01,51.22,17.48,8.13,5.58,8.17,3.87,18.77,13.69,3.27,5.08,63.35,26.52,15.56,34.97,8.09,41.56,29.57,,14.76,93.18,12.92,2.3,,8.3,11.6,12.09,8.27,5.53,22.92,52.97,3.38,43.33,114.99,71.43,6.32,,27.59,14.06
2019-01-03 07:00:00,5.84,19.78,17.46,25.16,74.29,17.78,96.18,8.27,9.57,53.0,6.77,9.07,12.87,49.97,17.05,8.04,5.56,7.82,3.73,18.16,13.62,3.13,4.86,62.87,25.75,15.59,34.91,7.96,40.41,28.54,,14.4,87.33,12.88,2.23,,8.14,11.1,11.81,7.76,5.49,22.57,52.09,3.32,43.64,114.0,71.78,6.09,,26.71,13.76
2019-01-04 07:00:00,6.13,20.23,16.8,24.63,72.27,18.03,94.96,8.11,9.44,52.42,6.61,9.07,12.8,49.02,16.61,7.95,5.54,7.61,3.57,17.99,13.05,3.09,4.74,61.17,25.44,15.81,33.97,7.94,40.79,27.77,,14.18,88.05,12.62,2.23,,8.04,10.9,10.98,8.05,5.3,22.53,51.66,3.34,43.55,112.31,71.43,5.98,,25.93,13.57
2019-01-07 07:00:00,6.33,17.89,17.46,25.06,73.7,17.89,96.42,8.31,9.8,53.0,6.9,9.1,13.15,50.86,17.15,7.78,5.64,7.73,3.75,18.11,13.32,3.09,4.96,62.54,25.99,15.94,34.02,8.06,42.41,29.12,,14.55,90.26,12.98,2.27,,8.23,11.35,11.86,8.15,5.52,23.34,53.4,3.36,44.4,112.12,74.09,6.24,,27.05,13.96
2019-01-08 07:00:00,6.33,20.23,17.4,25.09,73.96,17.85,96.3,8.15,9.71,53.72,6.84,9.1,13.18,51.34,17.08,7.87,5.54,7.61,3.86,18.16,13.45,3.16,4.92,63.27,26.06,15.97,32.13,7.98,41.02,28.93,,14.45,89.54,13.05,2.27,,8.11,11.3,11.83,8.03,5.55,23.34,53.26,3.36,44.31,113.5,75.98,6.17,,26.71,13.88
2019-01-09 07:00:00,6.33,20.86,17.51,25.11,72.27,17.7,96.18,8.2,9.78,54.08,6.89,9.16,13.25,52.94,17.18,7.95,5.66,7.69,3.9,18.4,13.54,3.16,4.98,63.92,26.06,15.97,29.9,8.04,41.56,29.09,,14.55,89.51,13.18,2.27,,8.12,11.4,11.86,8.08,5.64,23.47,53.91,3.34,44.0,113.6,76.15,6.24,,26.81,14.0
2019-01-10 07:00:00,6.41,18.88,17.73,25.67,74.04,17.81,96.18,8.38,9.89,54.08,6.77,9.42,13.33,53.84,17.25,8.04,5.73,7.82,4.05,18.11,13.47,3.16,5.05,64.0,26.27,16.57,32.29,7.94,41.87,29.28,,14.74,89.62,13.14,2.27,,8.07,11.35,12.16,8.08,5.84,23.56,53.55,3.38,44.44,113.8,77.28,6.24,,28.17,14.0
2019-01-11 07:00:00,6.39,17.98,17.37,25.62,75.22,17.81,96.48,8.56,10.12,54.8,6.81,9.39,13.29,53.6,17.15,8.13,5.73,7.78,3.92,18.24,13.38,3.16,5.03,64.81,26.37,16.85,32.57,8.15,42.33,29.54,,15.03,88.42,13.21,2.27,,8.12,11.3,12.21,8.08,5.9,23.52,54.42,3.36,44.48,114.0,77.75,6.21,,28.61,14.1
2019-01-14 07:00:00,6.37,18.88,17.16,25.47,73.96,17.67,94.96,8.5,10.21,56.24,6.82,9.39,13.28,52.94,17.18,8.13,5.72,7.65,4.03,18.16,13.05,3.13,4.96,65.05,26.06,17.01,31.68,8.2,41.64,29.41,12.08,15.05,89.1,13.5,2.27,,8.15,11.2,12.16,8.13,5.53,23.52,55.81,3.34,44.53,115.78,78.46,6.14,,28.95,14.1
2019-01-15 07:00:00,5.88,19.96,17.32,25.47,74.04,17.59,94.04,8.59,10.0,57.69,6.84,9.23,13.37,53.24,17.38,8.13,5.73,7.73,4.09,18.03,13.12,3.09,4.99,65.14,26.15,17.26,31.68,8.14,42.02,29.28,12.12,15.03,89.13,13.5,2.23,,8.14,11.2,12.21,8.13,5.87,23.64,56.1,3.36,44.62,115.29,79.11,6.19,,29.33,14.15
2019-01-16 07:00:00,6.39,18.88,17.57,25.32,74.63,17.08,90.82,8.52,9.98,58.41,7.06,9.42,13.45,53.72,17.51,8.3,5.72,7.73,4.07,18.03,13.18,3.06,5.08,65.95,26.46,17.39,31.63,8.1,42.64,29.38,12.28,15.32,89.13,13.54,2.27,,8.11,11.3,12.49,8.17,5.9,23.56,57.63,3.36,44.8,114.0,77.92,6.29,,29.82,14.23
2019-01-17 07:00:00,6.39,19.6,17.4,25.16,75.64,17.08,90.21,8.45,9.77,58.05,7.13,9.49,13.28,52.94,16.78,8.21,5.72,7.67,3.97,17.79,13.1,3.06,5.11,64.97,26.43,17.01,31.63,8.06,42.1,28.93,12.2,15.2,87.82,13.57,2.27,,7.95,11.15,12.47,8.15,5.86,23.6,58.14,3.38,44.75,113.5,77.69,6.19,,29.24,14.04
2019-01-18 07:00:00,6.3,18.7,17.27,25.03,75.72,16.9,89.48,8.34,9.77,59.49,7.26,9.52,13.28,52.77,16.98,8.21,5.72,7.73,3.95,17.34,13.01,3.02,5.15,64.97,26.18,17.11,31.63,8.04,41.87,28.67,12.0,15.2,87.78,13.43,2.27,,7.87,11.05,12.52,8.05,5.87,23.47,57.56,3.38,44.84,113.31,78.51,6.24,,28.41,14.04
2019-01-21 07:00:00,6.37,19.33,17.29,24.55,76.48,16.71,90.03,8.38,9.79,59.85,7.27,9.52,13.34,53.24,17.01,8.13,5.76,7.74,3.92,17.38,13.03,3.02,5.33,65.3,25.9,17.58,31.68,8.09,41.79,28.73,11.68,15.41,87.82,13.4,2.27,,7.95,11.25,12.71,8.51,5.9,23.34,58.29,3.36,45.02,113.5,78.1,6.29,,28.17,14.1
2019-01-22 07:00:00,6.46,20.5,17.84,24.55,75.64,16.6,87.04,8.91,10.0,59.85,7.21,9.81,13.39,53.36,17.28,8.13,5.88,7.81,3.89,16.93,13.1,3.06,5.41,64.89,25.96,17.52,31.29,8.04,41.1,29.12,12.12,15.51,87.07,13.5,2.27,,8.07,11.7,12.66,8.51,5.9,23.64,57.99,3.42,45.11,113.8,78.51,6.4,,28.07,14.2
2019-01-23 07:00:00,6.41,19.33,17.51,24.45,75.64,16.57,83.45,8.84,9.89,60.28,7.29,10.4,13.33,53.0,17.25,8.13,5.93,7.78,3.86,16.2,13.16,3.06,5.38,63.19,25.9,17.2,31.46,8.06,40.79,29.02,12.12,15.41,86.92,13.67,2.27,,8.0,11.7,12.54,8.61,5.87,23.52,57.56,3.4,45.33,113.9,78.99,6.37,,27.63,14.14
2019-01-24 07:00:00,6.44,19.33,17.73,24.63,75.64,16.93,79.68,9.11,9.68,60.28,7.21,10.33,13.39,53.42,17.58,7.95,5.88,7.92,3.91,16.16,13.14,3.06,5.44,62.79,25.84,17.39,31.57,8.01,40.87,29.09,12.12,15.51,86.88,13.67,2.27,,8.06,12.0,12.49,8.66,5.96,23.56,56.83,3.42,45.42,114.99,79.28,6.42,,27.93,14.25
2019-01-25 07:00:00,6.46,19.78,17.46,24.55,75.89,16.79,79.44,9.18,9.65,60.21,7.06,9.75,13.37,53.12,17.45,7.95,5.9,7.84,3.91,16.57,13.14,3.06,5.53,63.03,25.81,17.86,31.18,7.99,40.94,29.15,12.08,15.85,86.55,13.71,2.27,,8.07,12.15,12.59,8.64,6.0,23.73,56.46,2.92,45.42,117.37,80.05,6.48,,28.27,14.2
2019-01-28 07:00:00,6.21,20.5,17.35,24.04,77.32,16.64,80.96,9.21,9.49,60.21,7.0,10.27,13.31,53.06,17.48,8.04,5.9,7.85,4.05,16.32,13.16,3.06,5.5,63.43,25.81,18.08,31.63,8.06,41.1,29.73,12.16,15.75,86.51,13.71,2.27,,8.2,12.1,12.31,8.78,5.96,23.77,56.68,3.36,45.6,120.44,80.23,6.35,,28.36,14.2
2019-01-29 07:00:00,6.35,19.69,17.21,23.37,77.4,16.71,82.18,9.21,9.26,60.07,7.02,10.3,13.28,52.05,17.28,8.04,5.91,7.82,4.01,16.24,13.21,3.02,5.46,64.16,25.72,18.02,31.57,8.17,40.87,30.05,12.36,15.63,86.55,13.71,2.27,,8.17,12.05,12.24,8.9,5.86,23.64,58.65,3.32,45.77,119.65,79.99,6.34,,28.27,14.26
2019-01-30 07:00:00,6.44,,17.24,23.32,76.14,16.86,80.96,9.37,9.33,60.28,7.26,10.4,13.4,52.35,17.31,8.39,5.91,7.65,4.01,16.28,13.23,3.09,5.57,64.08,25.93,18.08,31.68,8.3,41.02,30.08,12.87,16.23,86.77,13.67,2.27,,8.22,12.0,12.42,9.07,5.91,24.29,58.58,3.28,45.73,120.64,79.99,6.47,,28.31,14.33
2019-01-31 07:00:00,6.5,19.78,17.18,23.42,77.49,16.86,80.96,8.98,9.54,60.57,7.29,10.66,13.56,52.23,17.25,8.56,5.96,7.32,3.98,16.28,13.21,3.09,5.74,62.95,25.75,18.27,31.35,8.3,41.02,30.21,12.95,16.18,86.92,13.61,2.3,,8.17,12.0,12.42,8.9,5.9,24.33,57.99,3.28,45.55,121.14,78.81,6.53,,28.12,14.26
2019-02-01 07:00:00,6.5,19.96,17.13,23.32,78.41,16.64,80.59,8.93,9.54,60.43,7.19,10.85,13.12,52.35,17.05,8.65,6.0,7.16,3.91,15.18,13.18,3.09,5.7,62.79,25.72,18.27,31.07,8.28,41.17,30.21,12.91,16.04,86.51,13.43,2.3,,8.18,12.2,12.42,9.05,5.9,24.2,57.99,3.3,43.91,122.33,78.51,6.45,,26.76,14.2
2019-02-11 07:00:00,6.57,21.04,17.35,23.5,79.84,17.04,80.59,9.3,9.72,60.86,7.19,11.31,13.5,52.23,17.25,8.21,6.02,7.32,3.91,15.5,13.23,3.09,5.75,64.65,25.9,18.15,31.57,8.48,41.71,30.73,13.14,16.26,86.66,13.71,2.3,,8.28,12.45,12.66,9.49,5.97,24.33,57.99,3.36,44.97,123.91,79.64,6.57,,28.31,14.3
2019-02-12 07:00:00,6.7,17.89,17.48,23.63,79.84,17.08,81.57,9.44,9.68,61.29,7.23,11.57,13.88,53.54,17.58,8.21,6.06,7.63,3.93,15.83,13.27,3.16,5.7,65.46,26.24,18.21,31.9,8.54,42.64,30.86,13.3,16.79,87.45,13.67,2.43,,8.47,12.8,12.73,9.66,6.03,24.76,57.92,2.92,46.22,123.81,80.88,6.89,,28.46,14.6
2019-02-13 07:00:00,6.73,20.32,17.59,24.75,79.42,16.82,81.26,9.5,9.82,61.44,7.32,11.7,13.91,54.49,17.68,8.3,6.16,7.82,4.34,15.99,13.29,3.2,5.76,66.67,26.24,18.24,31.79,8.59,42.87,30.89,13.18,16.81,88.08,13.64,2.46,,8.58,12.95,12.94,9.76,6.01,25.1,57.78,2.92,47.64,123.12,80.4,6.96,,28.9,14.63
2019-02-14 07:00:00,6.68,19.78,17.65,25.57,80.93,16.97,82.05,9.53,10.07,62.73,7.52,11.57,13.99,54.91,18.15,8.39,6.06,8.17,4.52,16.28,13.29,3.2,5.76,68.05,26.52,18.46,32.02,8.57,43.56,31.21,13.18,16.67,88.38,13.74,2.46,,8.55,12.9,12.87,9.73,6.0,25.53,58.36,3.34,48.44,121.93,81.47,6.91,,29.58,14.85
2019-02-15 07:00:00,6.66,20.23,17.51,25.57,79.84,16.79,83.82,9.44,9.96,63.46,7.39,11.37,13.91,55.03,17.95,8.47,5.98,8.17,4.48,16.89,13.25,3.16,5.78,68.54,26.46,18.4,32.02,8.56,43.48,31.08,13.22,16.67,88.8,14.09,2.49,,8.45,12.75,12.8,9.71,5.96,25.36,59.09,3.36,49.77,119.55,82.35,6.81,,29.96,14.8
2019-02-18 07:00:00,6.7,19.87,18.11,25.52,77.49,16.75,84.91,9.53,9.89,65.47,7.31,11.34,13.94,56.51,18.02,8.39,5.97,8.47,4.6,16.73,13.49,3.16,5.79,68.78,26.65,18.46,32.02,8.54,43.87,30.86,13.3,16.95,89.47,14.36,2.46,,8.52,12.95,12.87,10.22,5.97,25.49,58.87,3.4,49.64,118.86,82.82,6.96,,30.01,14.88
2019-02-19 07:00:00,6.7,20.5,17.95,24.91,78.24,16.93,83.27,9.39,9.86,67.78,7.32,11.28,14.0,56.81,18.25,8.47,5.89,8.39,4.52,17.1,13.56,3.13,5.75,68.94,26.71,18.78,32.18,8.54,44.25,31.27,13.34,17.0,89.13,14.12,2.43,,8.56,12.8,12.94,10.63,5.96,25.27,60.11,3.45,50.44,119.45,84.06,6.91,,30.45,15.02
2019-02-20 07:00:00,6.7,21.31,17.81,25.11,79.0,16.71,82.84,9.37,9.77,68.36,7.34,11.34,14.0,56.57,18.18,8.3,5.88,8.39,4.41,17.05,13.45,3.16,5.72,69.51,26.96,18.52,32.18,8.51,43.56,31.47,13.07,16.84,89.51,13.88,2.43,,8.61,12.7,12.97,10.9,5.9,25.23,63.39,3.53,51.19,117.96,84.3,6.81,,30.69,15.0
2019-02-21 07:00:00,6.68,18.16,18.55,25.14,80.01,16.71,82.78,9.3,9.79,67.78,6.9,10.92,14.0,56.93,18.28,8.3,5.82,8.46,4.42,17.01,13.67,3.27,5.76,69.92,27.02,18.15,32.18,8.52,43.79,31.56,12.91,17.03,91.38,13.85,2.43,,8.69,12.8,12.9,11.09,5.89,25.31,64.99,3.65,51.68,116.48,84.42,6.81,,31.03,15.04
2019-02-22 07:00:00,6.66,18.07,18.55,24.8,79.84,16.64,81.69,9.25,9.77,69.3,6.69,10.56,14.04,57.17,18.35,8.39,5.87,8.63,4.48,16.81,13.58,3.24,5.78,71.62,27.02,17.77,32.29,8.54,44.48,31.53,12.59,16.91,92.5,13.74,2.43,,8.75,12.8,12.94,10.97,5.89,25.7,67.54,3.15,51.82,117.96,87.55,6.87,,33.02,14.93
2019-02-25 07:00:00,6.77,18.34,18.38,24.75,79.5,16.6,81.69,9.76,9.89,73.77,6.74,10.92,14.37,58.89,18.35,8.56,5.98,9.07,4.95,16.73,13.56,3.27,5.9,73.32,27.76,17.52,32.57,8.52,45.1,31.98,12.79,17.03,92.13,13.57,2.46,,8.99,12.9,13.09,11.8,5.97,26.68,66.52,3.61,51.5,121.43,87.78,6.99,,32.25,15.4
2019-02-26 07:00:00,6.79,18.43,18.27,24.86,78.16,17.08,82.18,9.62,9.96,78.74,6.68,10.95,14.23,57.7,18.42,8.39,6.03,9.08,5.17,16.32,13.62,3.24,5.79,71.62,27.36,18.27,33.07,8.51,43.87,31.4,12.75,17.2,92.13,13.54,2.43,,8.9,12.7,12.87,11.19,5.9,26.51,65.57,3.57,50.44,122.03,85.6,6.87,,32.34,15.25
2019-02-27 07:00:00,6.77,22.48,18.27,25.57,78.41,17.08,82.54,9.66,10.03,80.76,6.73,11.37,14.2,58.12,18.62,8.47,6.04,9.06,5.22,16.89,13.54,3.24,5.78,72.75,27.24,18.59,33.07,8.46,43.41,31.43,12.83,17.25,92.13,13.71,2.43,,8.93,12.7,12.78,11.97,5.87,26.38,66.66,3.57,51.33,120.94,86.37,6.87,,33.46,15.33
2019-02-28 07:00:00,6.59,22.92,17.73,26.8,78.66,17.04,81.44,9.46,9.77,82.28,6.74,11.24,13.97,58.3,18.38,8.47,5.94,8.91,5.24,16.73,13.54,3.2,5.65,71.7,26.92,18.27,32.02,8.41,43.33,30.98,12.71,16.77,89.88,13.54,2.4,,8.77,12.3,12.47,11.87,5.86,25.91,63.75,3.49,50.26,117.96,83.3,6.71,,32.05,15.0
2019-03-01 07:00:00,6.55,22.48,17.78,26.9,78.41,17.04,81.57,9.46,9.82,83.65,6.73,11.05,13.96,58.54,18.25,8.47,5.94,8.91,5.31,16.57,13.51,3.2,5.66,71.45,26.99,18.15,31.79,8.39,43.48,30.98,12.67,16.77,88.5,13.43,2.4,,8.82,12.45,12.47,11.68,5.87,26.04,63.75,3.51,50.66,115.98,83.47,6.71,,32.25,15.0
2019-03-04 07:00:00,6.64,22.03,18.0,27.16,78.75,16.97,81.69,9.55,10.0,85.09,6.71,11.18,14.1,60.2,18.52,8.47,5.98,9.2,5.73,16.69,13.67,3.24,5.71,72.1,27.08,17.96,32.63,8.44,45.1,31.76,12.99,16.74,89.51,13.61,2.43,,8.94,12.65,12.61,10.92,5.91,26.64,65.28,3.53,51.46,118.66,83.53,6.81,,33.02,15.2
2019-03-05 07:00:00,6.68,22.48,18.11,27.26,79.92,16.79,81.26,9.64,10.24,85.16,6.74,11.28,14.16,60.2,18.52,8.65,6.0,9.27,5.89,16.77,13.97,3.27,5.79,72.35,27.24,17.89,32.57,8.51,45.48,31.98,12.99,16.64,89.92,13.4,2.43,,9.01,12.65,12.61,10.9,5.9,26.77,65.94,3.59,51.95,118.46,83.59,6.92,,32.93,15.22
2019-03-06 07:00:00,6.66,19.33,18.77,27.16,81.77,16.82,80.29,9.66,10.38,85.45,6.83,11.28,14.05,60.38,18.38,8.82,6.04,9.12,5.62,17.54,13.62,3.27,5.78,72.35,27.08,18.05,31.52,8.57,45.72,31.95,13.14,17.2,89.88,12.95,2.43,,9.02,12.6,12.59,11.14,5.9,26.51,66.15,3.53,52.04,118.96,81.76,6.89,,32.83,15.1
2019-03-07 07:00:00,6.73,22.39,18.93,27.21,81.1,17.3,80.29,9.78,10.24,85.81,6.78,11.05,14.1,61.27,18.38,8.65,6.02,9.04,5.55,18.81,13.62,3.27,5.8,72.75,27.17,17.77,31.74,8.59,46.87,31.98,13.18,17.25,90.07,12.95,2.46,,9.02,12.65,12.64,11.0,5.94,26.81,66.96,3.63,52.35,119.85,82.35,6.91,,33.41,15.3
2019-03-08 07:00:00,6.7,19.06,18.49,26.8,79.84,17.15,81.26,9.69,10.14,85.81,6.71,11.05,14.05,59.9,18.25,8.65,5.94,8.86,5.33,19.26,13.32,3.27,5.72,71.7,26.8,17.83,31.74,8.49,46.33,31.69,13.1,16.79,90.26,12.88,2.49,,8.98,12.55,12.4,10.8,5.89,26.6,66.59,3.61,52.48,118.46,80.05,6.81,,33.51,15.12
2019-03-11 07:00:00,6.7,19.42,18.25,26.9,80.17,17.15,84.0,9.62,10.24,85.74,6.73,11.11,14.05,58.83,18.18,8.47,5.96,8.91,5.67,19.46,13.4,3.27,5.71,71.37,26.96,17.48,32.29,8.48,46.02,31.69,12.75,16.94,90.48,12.92,2.49,,8.93,12.45,12.4,11.09,5.86,26.51,65.57,3.59,51.99,118.96,80.58,6.83,,33.27,15.08
2019-03-12 07:00:00,6.73,21.76,18.44,26.95,80.43,17.37,85.34,9.62,10.26,84.58,6.74,11.28,14.15,59.61,18.32,8.56,6.0,8.94,5.68,19.26,13.65,3.31,5.7,71.37,27.24,17.58,33.52,8.6,46.79,32.01,12.79,17.07,91.64,13.16,2.49,,8.98,12.5,12.4,11.19,5.9,26.86,66.23,3.63,52.53,118.86,81.47,6.83,,34.58,15.23
2019-03-13 07:00:00,6.86,19.06,19.2,27.0,80.59,17.45,86.13,10.12,9.72,85.74,6.78,11.47,14.61,60.08,18.52,8.56,6.12,8.99,5.55,18.6,13.6,3.34,5.91,71.7,27.45,18.37,33.97,9.02,47.41,32.11,13.03,17.4,87.97,13.09,2.56,,9.13,12.75,12.71,11.29,6.01,27.63,67.39,3.15,51.99,117.47,81.58,7.07,,35.74,15.35
2019-03-14 07:00:00,6.95,21.04,19.2,27.36,80.51,17.85,86.44,10.24,9.68,85.08,6.74,11.44,14.54,60.44,18.99,8.73,6.08,8.99,5.48,18.52,13.6,3.38,5.91,71.78,27.45,18.27,33.69,9.07,46.95,32.85,12.99,17.43,94.38,12.99,2.56,,9.21,12.75,12.71,11.26,5.96,27.63,67.61,3.44,51.37,116.77,80.7,7.07,,36.62,15.4
2019-03-15 07:00:00,6.95,21.58,19.58,27.11,80.68,17.81,86.44,10.17,9.72,85.38,6.66,11.44,14.46,61.28,18.78,8.82,6.11,8.45,5.43,18.36,13.65,3.38,5.87,69.11,27.39,17.96,33.35,9.07,46.87,33.14,12.87,17.1,92.8,12.92,2.56,,9.21,12.85,12.64,11.04,5.96,28.27,67.39,3.74,52.39,117.27,80.58,7.02,,35.99,15.3
2019-03-18 07:00:00,7.04,21.67,20.13,27.0,79.84,17.78,85.95,10.46,9.77,85.52,6.68,11.15,14.53,61.83,18.78,9.77,6.27,8.1,5.62,18.36,13.71,3.42,5.91,68.7,27.45,17.64,32.85,9.15,47.49,33.14,12.32,16.92,91.79,12.88,2.56,,9.18,12.85,12.66,10.66,5.96,28.48,68.49,3.74,52.93,117.77,81.17,7.12,,36.52,15.39
2019-03-19 07:00:00,6.92,20.86,19.91,26.08,79.59,17.81,86.13,10.51,9.72,85.74,6.59,11.31,14.45,62.19,18.58,9.51,6.3,8.25,5.49,18.2,13.71,2.95,5.93,69.67,27.58,16.67,32.41,9.15,47.56,32.78,12.24,16.64,91.79,12.85,2.56,,9.13,12.7,12.61,10.75,6.0,28.57,68.12,3.63,53.64,117.96,80.64,7.12,,35.94,15.3
2019-03-20 07:00:00,6.81,18.16,19.37,25.83,80.09,17.81,85.22,10.33,9.68,85.74,6.59,11.24,14.31,61.34,18.25,9.25,6.14,8.35,5.45,18.11,13.82,3.31,5.91,68.05,27.3,16.92,32.46,8.96,46.79,32.46,12.04,16.49,91.75,12.75,2.49,,8.93,12.65,12.47,10.92,5.94,28.36,66.3,3.23,52.93,117.07,79.81,7.01,,34.68,15.15
2019-03-21 07:00:00,6.75,21.67,18.98,25.57,80.68,17.96,85.83,10.12,9.79,86.11,6.54,11.24,14.26,60.07,18.12,9.77,6.13,8.47,5.52,17.54,13.76,3.31,5.99,68.3,27.27,17.33,31.74,8.86,44.64,32.3,12.08,16.49,91.98,12.4,2.49,,8.63,12.5,12.33,10.92,5.93,28.48,64.26,3.61,51.99,117.17,80.29,6.84,,33.51,15.11
2019-03-22 07:00:00,6.75,21.22,18.98,25.5,80.34,18.0,85.22,10.1,9.79,85.08,6.58,11.18,14.24,59.88,17.98,10.63,6.1,8.45,5.59,17.46,13.78,3.27,5.97,68.46,26.99,17.08,31.68,8.85,45.33,31.88,12.08,16.44,91.75,12.33,2.46,,8.66,12.45,12.26,11.07,5.98,28.48,64.11,3.61,51.99,116.77,79.99,6.79,,33.8,15.01
2019-03-25 07:00:00,6.64,21.22,18.27,24.45,80.26,17.89,84.0,9.91,9.7,85.96,6.48,11.24,13.97,58.0,17.38,10.29,5.95,8.25,5.48,17.14,13.4,3.24,5.79,66.51,25.99,16.76,31.18,8.83,44.18,31.82,11.72,15.98,91.75,12.16,2.4,,8.41,12.15,12.02,10.7,5.87,27.41,63.75,3.53,51.1,115.88,79.46,6.52,,31.62,14.4
2019-03-26 07:00:00,6.68,21.94,18.66,24.6,79.5,17.74,83.39,10.17,9.7,86.04,6.51,11.18,14.07,58.37,17.51,10.29,5.98,8.3,5.44,17.22,13.54,3.27,5.82,66.59,26.03,16.7,31.4,8.83,44.25,31.85,11.68,15.98,92.58,12.37,2.4,,8.52,12.3,12.0,10.85,5.93,28.06,65.21,3.53,50.22,116.77,80.29,6.58,,31.03,14.73
2019-03-27 07:00:00,6.7,21.58,18.71,24.86,79.67,17.96,85.46,10.21,9.75,86.26,6.53,11.28,14.16,58.91,17.55,10.29,5.95,8.39,5.49,17.14,13.62,3.27,5.83,67.32,26.18,16.89,31.52,8.83,44.64,31.98,11.84,16.06,92.62,12.51,2.43,,8.55,12.3,12.02,10.85,5.91,27.71,65.5,3.55,50.62,116.48,80.46,6.57,,31.76,14.8
2019-03-28 07:00:00,6.7,22.03,18.79,24.55,78.16,18.03,85.83,10.21,9.86,86.33,6.31,11.11,14.15,58.25,17.58,10.37,5.94,8.51,5.49,17.3,13.65,3.27,5.86,68.21,26.09,16.98,31.29,8.85,44.64,31.85,12.04,16.03,92.73,12.51,2.43,,8.52,12.15,12.07,10.83,5.94,28.01,65.57,3.57,50.62,115.49,79.81,6.65,,32.54,14.84
2019-03-29 07:00:00,6.7,22.48,19.42,24.83,79.84,18.03,87.04,10.26,9.82,86.4,6.35,11.15,14.32,59.52,17.58,10.2,5.89,8.46,5.67,17.14,13.93,3.27,5.87,68.3,26.21,17.01,30.96,8.96,45.64,31.79,11.96,16.13,92.5,12.37,2.43,,8.55,12.15,12.07,10.9,6.03,28.61,66.66,3.63,51.5,114.89,79.58,6.57,,32.83,14.7
2019-04-01 07:00:00,6.73,23.1,19.26,24.83,79.0,17.96,85.83,10.14,9.75,86.18,6.36,11.18,14.38,59.76,17.61,9.77,5.84,8.46,5.51,17.26,13.91,3.27,5.86,69.02,26.06,16.92,30.74,9.22,45.95,31.88,11.88,16.01,92.69,12.37,2.43,,8.61,12.2,12.05,10.85,6.0,28.95,66.88,3.65,51.46,113.11,79.7,6.57,,33.7,14.7
2019-04-02 07:00:00,6.73,23.1,18.98,25.09,78.66,18.11,85.77,10.08,9.7,86.18,6.35,10.92,14.48,61.28,17.65,9.86,5.64,8.47,5.51,17.54,14.0,3.27,5.87,69.92,26.09,16.98,30.79,9.18,46.33,31.88,12.08,16.06,92.13,12.37,2.43,,8.66,12.2,12.02,10.92,6.3,28.91,67.03,3.65,51.64,113.5,81.05,6.57,,34.87,14.5
2019-04-03 07:00:00,6.64,22.48,18.79,24.86,77.74,18.25,85.28,9.89,9.68,86.18,6.33,10.92,14.54,60.73,17.61,9.94,5.58,8.46,5.46,17.91,14.02,3.27,5.87,70.48,25.96,16.82,30.85,9.17,46.33,31.79,12.0,15.98,91.9,12.4,2.43,,8.64,12.15,12.0,11.43,6.3,28.48,66.37,3.65,50.88,111.62,81.23,6.43,,34.14,14.84
2019-04-04 07:00:00,6.64,21.58,19.17,24.91,78.16,18.07,85.77,9.94,9.65,86.55,6.18,11.11,14.94,61.4,17.58,10.03,5.64,8.49,5.59,17.83,14.02,3.24,5.92,70.56,25.87,16.89,31.35,9.15,46.64,31.66,12.04,15.98,92.16,12.44,2.43,,8.63,12.2,11.95,11.56,6.37,28.61,66.52,3.66,50.7,111.82,81.47,6.48,,34.29,14.86
2019-04-05 07:00:00,6.68,22.48,18.98,24.91,78.75,17.92,85.46,10.03,9.58,86.55,6.11,11.15,15.0,61.28,17.65,10.46,5.72,8.55,5.6,17.95,13.86,3.24,5.97,71.13,25.62,16.85,31.46,9.17,46.64,32.3,12.04,16.13,92.54,12.54,2.43,,8.63,12.2,12.0,11.19,6.44,29.04,67.1,3.68,50.93,111.42,80.46,6.48,,34.63,14.93
2019-04-08 07:00:00,6.7,21.67,18.98,25.21,78.91,18.07,85.52,10.01,9.3,85.89,6.15,11.18,15.0,63.71,17.85,10.37,5.69,8.57,5.52,17.79,14.06,3.24,5.95,69.51,25.9,17.11,31.74,9.23,47.33,32.2,12.16,16.34,92.88,12.99,2.43,,8.69,12.15,11.86,10.53,6.42,29.08,67.54,3.68,51.02,109.44,80.58,6.39,,34.38,14.93
2019-04-09 07:00:00,6.77,21.58,19.37,25.37,79.08,17.89,79.68,10.14,9.07,86.18,6.15,11.24,14.95,63.4,17.58,10.03,5.63,8.49,5.52,17.71,13.84,3.24,5.96,70.48,25.81,16.89,31.46,9.31,47.56,32.66,12.04,16.39,91.79,12.78,2.43,,8.79,12.2,11.93,10.07,6.41,29.73,67.76,3.7,50.13,106.37,79.7,6.47,,33.41,14.9
2019-04-10 07:00:00,6.7,21.58,19.2,25.21,78.16,17.78,74.14,10.01,8.84,85.96,6.02,11.15,14.78,63.04,17.45,9.86,5.54,8.39,5.46,17.38,13.65,3.24,5.91,69.02,25.5,16.7,31.29,9.17,46.72,32.08,11.84,16.11,89.92,12.54,2.4,,8.66,12.05,11.81,10.61,6.2,29.47,67.25,3.65,49.28,110.03,79.7,6.34,,33.17,14.67
2019-04-11 07:00:00,6.68,21.31,19.07,24.55,78.66,17.67,72.86,10.01,8.93,82.52,6.0,11.31,14.81,63.71,17.51,9.77,5.54,8.45,5.46,17.26,13.6,3.2,5.89,70.24,25.5,16.76,31.52,9.15,46.64,32.11,11.84,16.11,90.33,12.54,2.43,,8.61,12.05,11.81,10.66,6.27,29.0,67.17,3.66,49.68,112.02,79.87,6.39,,33.66,14.76
2019-04-12 07:00:00,6.66,21.13,18.93,24.7,77.57,17.67,74.26,10.01,8.96,84.28,6.0,11.11,14.81,62.92,17.38,9.42,5.45,8.45,5.48,17.14,13.71,3.16,5.89,70.48,25.4,16.7,31.18,9.23,46.41,31.95,11.8,16.08,91.45,12.58,2.4,,8.53,12.05,11.74,10.63,6.33,28.95,67.03,3.63,50.22,111.52,79.64,6.32,,33.32,14.75
2019-04-16 07:00:00,6.61,21.13,18.66,24.45,75.64,16.71,74.38,9.76,8.93,81.41,5.92,11.11,15.02,63.1,17.18,9.68,5.45,8.37,5.22,16.81,13.8,3.13,5.76,69.19,25.25,16.7,30.62,9.2,46.33,31.66,11.76,15.93,90.33,12.54,2.36,,8.41,11.85,11.53,10.24,6.23,28.44,63.97,3.63,48.0,110.73,79.7,6.14,,32.44,14.52
2019-04-17 07:00:00,6.64,,18.98,24.57,75.97,17.45,73.65,9.82,8.93,82.15,5.95,11.15,15.24,63.95,17.35,9.77,5.64,8.35,4.86,16.57,13.78,3.16,5.8,70.48,25.25,17.08,31.01,9.23,47.02,31.72,11.57,16.03,91.42,12.58,2.4,,8.38,11.9,11.64,10.29,6.21,28.7,65.35,3.65,48.88,111.32,79.64,6.24,,32.54,14.6
2019-04-18 07:00:00,6.5,21.13,18.9,23.94,76.31,17.23,73.04,9.57,8.44,81.78,5.8,11.15,15.19,63.89,17.28,9.51,5.52,8.3,4.52,16.52,13.8,3.13,5.77,69.67,25.0,16.7,30.9,9.07,46.02,31.27,11.29,15.8,86.51,12.54,2.4,,8.17,11.75,11.46,10.27,6.18,28.91,64.19,3.63,46.66,112.31,79.64,6.24,,32.44,14.52
2019-04-19 07:00:00,6.57,20.77,18.93,23.53,76.48,17.23,73.23,9.53,8.25,79.95,5.73,11.11,15.3,64.25,17.28,9.6,5.52,8.32,4.64,16.6,13.8,3.13,5.79,69.67,25.25,16.7,31.46,9.07,46.49,31.27,11.01,15.88,88.8,12.44,2.4,,8.2,11.75,11.43,10.24,6.16,29.08,64.84,3.63,48.08,113.6,78.22,6.24,,32.88,14.55
2019-04-22 07:00:00,6.46,20.05,18.52,23.68,75.64,17.04,72.25,9.37,8.49,80.68,5.64,11.11,15.11,64.44,16.71,9.34,5.49,8.32,5.11,16.93,13.78,3.09,5.7,70.89,25.59,16.7,31.74,8.86,46.33,31.21,11.05,15.68,88.57,12.27,2.4,,7.9,11.55,11.17,10.1,6.13,28.7,64.55,3.59,47.55,113.7,76.27,6.19,,32.64,14.38
2019-04-23 07:00:00,6.46,19.24,18.52,23.73,74.8,17.01,72.62,9.39,8.72,80.31,5.64,11.05,15.02,66.44,16.98,9.42,5.54,8.45,5.04,16.89,13.47,3.13,5.72,70.56,25.56,16.7,31.85,8.93,46.56,31.66,11.05,15.73,89.32,12.37,2.4,,7.92,11.55,11.12,10.27,6.08,28.31,64.77,3.55,49.33,113.4,74.8,6.21,,32.83,14.51
2019-04-24 07:00:00,6.55,20.32,18.71,23.88,76.39,17.15,72.74,9.62,8.63,82.22,5.85,11.08,15.21,67.95,17.01,9.51,5.58,8.46,5.08,16.69,13.54,3.13,5.75,70.16,25.65,16.76,32.35,8.99,47.25,32.01,11.13,15.73,89.58,12.44,2.43,,8.0,12.05,11.2,10.24,6.08,28.91,65.35,3.59,49.82,113.4,75.21,6.21,,33.9,14.6
2019-04-25 07:00:00,6.64,21.13,18.82,23.83,75.13,17.01,73.35,9.64,8.65,81.05,5.88,11.05,15.32,67.77,17.11,9.51,5.5,8.75,5.26,16.57,13.49,3.13,5.77,70.56,25.75,16.85,32.02,9.09,47.1,31.85,11.25,15.83,88.57,12.44,2.43,,8.03,11.8,11.41,10.27,6.01,29.0,65.13,3.61,49.77,113.9,75.74,6.21,,33.9,14.62
2019-04-26 07:00:00,6.64,21.13,18.82,23.76,73.45,16.79,72.74,9.62,8.58,82.15,5.88,11.05,15.43,67.95,17.18,9.42,5.54,8.78,5.27,16.57,13.58,3.13,5.77,70.0,25.84,16.98,32.29,9.13,47.18,31.82,11.17,15.9,88.05,12.44,2.2,,8.01,11.85,11.34,10.34,6.01,28.91,65.5,3.61,49.77,114.2,76.33,6.17,,34.0,14.63
2019-05-02 07:00:00,6.59,20.95,18.82,23.88,69.25,16.82,73.04,9.57,8.41,82.88,5.88,11.05,15.7,67.89,17.31,9.42,5.51,8.83,5.24,16.52,13.58,3.09,5.88,70.08,26.46,17.08,32.24,9.23,47.72,32.2,11.53,16.16,89.58,12.4,2.4,,8.09,11.85,11.24,10.22,6.04,28.44,66.23,3.57,50.22,116.0,76.57,6.11,,34.87,14.71
2019-05-03 07:00:00,6.61,21.13,18.66,23.83,64.46,16.86,72.92,9.55,8.49,85.16,5.95,11.05,15.68,67.65,17.31,9.42,5.47,8.94,5.51,16.44,13.58,3.09,5.85,70.73,26.4,17.01,32.35,9.29,47.41,32.98,11.49,16.08,89.77,12.4,2.4,,8.03,11.9,11.17,10.39,6.0,28.31,65.86,3.53,49.82,117.8,76.68,6.06,,34.87,14.73
2019-05-06 07:00:00,6.53,20.68,18.0,23.27,60.0,16.75,72.44,9.32,8.41,85.52,5.85,11.18,15.32,64.74,17.05,9.08,5.39,8.81,5.37,15.38,13.4,2.95,5.76,70.08,25.9,16.73,32.24,9.03,46.56,32.14,11.13,15.7,89.24,12.02,2.33,,7.88,12.05,10.91,10.34,5.93,28.23,64.55,3.49,48.97,116.4,75.56,5.86,,34.0,14.51
2019-05-07 07:00:00,6.48,20.41,17.95,23.07,61.27,16.79,72.56,9.27,8.49,85.08,5.75,11.11,15.51,65.53,17.18,9.16,5.17,8.86,5.36,15.5,13.32,2.98,5.79,70.48,25.9,16.7,31.63,9.05,46.95,32.43,10.97,15.7,89.58,11.89,2.36,,7.84,12.05,10.91,9.93,6.04,27.76,63.9,3.49,49.33,116.0,76.27,5.95,,34.0,14.5
2019-05-08 07:00:00,6.46,19.6,17.65,22.5,62.78,16.82,71.83,9.21,8.44,84.13,5.78,11.05,15.49,64.31,17.08,8.99,5.07,8.75,5.31,15.95,13.14,2.91,5.69,70.48,25.59,16.7,31.46,8.97,46.56,32.2,10.78,15.6,89.88,11.68,2.33,,7.73,11.95,10.7,10.02,6.06,27.67,62.22,3.42,49.5,114.7,75.56,5.86,,33.61,14.38
2019-05-09 07:00:00,6.46,19.69,16.91,22.86,60.51,16.82,71.22,9.18,8.53,82.96,5.8,11.15,15.36,64.56,17.31,8.99,5.16,8.65,5.31,15.95,12.94,2.95,5.61,70.89,25.84,16.76,31.85,9.03,46.56,31.98,10.5,16.03,89.69,11.89,2.36,,7.74,11.85,10.77,10.17,6.08,27.88,60.91,3.44,49.59,114.6,75.56,5.9,,33.9,14.41
2019-05-10 07:00:00,6.44,19.6,17.13,22.66,60.76,16.82,71.22,9.23,8.53,85.08,5.85,11.7,15.41,64.68,17.31,9.08,5.26,8.65,5.3,16.12,12.83,2.95,5.61,70.56,26.06,16.92,32.13,9.03,46.72,32.01,10.54,16.13,91.0,12.02,2.36,,7.77,11.9,10.77,10.07,6.13,27.93,61.05,3.45,49.86,114.0,75.86,5.93,,33.8,14.46
2019-05-13 07:00:00,6.48,19.6,17.46,22.76,61.6,16.79,70.97,9.3,8.34,85.82,5.78,11.54,15.49,64.62,17.38,9.08,5.29,8.49,5.36,16.03,12.9,2.95,5.62,70.24,26.06,16.92,32.18,9.11,46.79,32.24,10.9,16.24,92.88,11.92,2.36,,7.9,11.85,10.91,9.97,6.41,28.1,61.05,3.49,49.64,115.0,76.63,5.96,,34.24,14.5
2019-05-14 07:00:00,6.41,19.78,17.46,22.5,62.86,16.82,69.39,9.27,8.12,85.08,5.78,11.31,15.52,64.19,17.38,9.34,5.31,8.41,5.39,15.99,12.96,2.95,5.66,68.13,26.24,16.85,32.18,9.13,46.79,32.3,11.37,16.34,91.79,12.02,2.36,,7.85,11.8,10.79,10.02,6.44,28.01,61.2,3.49,49.73,115.7,78.04,5.95,,34.68,14.46
2019-05-15 07:00:00,6.46,19.69,17.62,22.91,65.55,16.82,69.7,9.46,8.17,85.08,5.83,11.31,15.84,66.13,17.58,9.68,5.29,8.57,5.47,15.91,13.01,2.95,5.73,70.08,26.61,16.89,32.35,9.19,48.26,32.43,12.2,16.72,94.38,12.06,2.36,,7.93,11.95,10.87,10.12,6.5,28.48,62.07,3.51,50.39,117.0,79.34,6.03,,35.11,14.58
2019-05-16 07:00:00,6.48,19.51,17.7,23.42,65.38,16.86,71.16,9.62,8.47,82.88,5.88,11.37,15.7,66.8,17.38,9.77,5.31,8.57,5.45,15.91,13.27,2.95,5.75,70.48,26.68,17.55,32.57,9.55,49.26,33.07,12.0,16.64,91.75,12.02,2.36,,8.07,11.95,11.17,10.34,6.54,28.61,62.44,3.55,51.24,117.8,79.7,6.11,,35.55,14.76
2019-05-17 07:00:00,6.48,19.51,17.46,23.32,65.47,16.93,71.28,9.62,8.53,84.2,5.8,11.44,15.71,66.86,17.38,9.86,5.3,8.54,5.39,15.58,13.34,2.95,5.69,69.83,26.68,17.58,32.57,9.74,49.56,32.88,12.04,16.59,92.69,12.06,2.36,,8.06,11.95,11.12,10.27,6.61,28.53,62.88,3.51,51.59,117.0,79.99,6.08,,36.0,14.75
2019-05-20 07:00:00,6.46,19.42,17.51,23.01,65.47,16.97,70.61,9.66,8.44,83.98,5.8,11.28,15.78,66.86,18.02,9.77,5.32,8.55,5.36,15.91,13.18,2.95,5.68,70.08,26.89,17.45,32.63,9.62,49.64,32.88,12.16,16.64,94.38,12.2,2.36,,8.11,11.9,11.05,10.22,6.71,28.57,62.51,3.51,51.59,117.6,79.52,6.08,,35.6,14.72
2019-05-21 07:00:00,6.5,19.51,17.78,23.68,66.14,16.97,70.06,9.71,8.31,83.62,5.83,11.96,16.09,67.53,17.98,9.94,5.32,8.7,5.4,15.75,13.27,2.95,5.7,71.29,27.27,17.58,32.85,9.62,50.18,34.13,12.12,16.92,97.48,12.51,2.33,,8.2,11.95,11.27,10.31,6.74,29.0,63.17,3.49,51.68,118.4,78.81,6.14,,35.9,14.9
2019-05-22 07:00:00,6.53,20.5,18.03,23.68,65.64,16.9,70.06,9.73,8.34,84.42,5.8,11.7,16.05,67.04,17.88,10.11,5.32,8.73,5.4,15.71,13.32,2.95,5.73,72.75,27.36,17.67,32.13,9.6,50.49,34.26,12.16,16.72,97.63,12.37,2.3,,8.2,12.0,11.2,10.27,6.75,28.7,62.8,3.51,51.55,118.5,77.87,6.19,,35.75,14.8
2019-05-23 07:00:00,6.5,19.33,17.78,23.42,65.47,16.9,70.0,9.76,8.31,82.88,5.78,11.57,16.03,65.22,17.85,10.03,5.19,8.66,5.4,15.46,13.32,2.95,5.8,72.1,27.45,17.58,31.96,9.66,50.18,34.23,12.08,16.61,97.37,12.3,2.33,,8.12,11.95,11.12,10.24,6.67,28.74,62.73,3.51,51.64,118.6,77.45,6.09,,35.2,14.8
2019-05-24 07:00:00,6.04,20.59,17.73,23.22,63.87,16.86,69.88,9.71,8.28,82.88,6.02,11.57,16.05,64.62,17.98,9.77,5.2,8.53,5.38,15.46,13.58,2.91,5.76,70.64,27.42,17.45,32.18,9.66,50.41,34.62,12.08,16.64,97.41,12.16,2.3,,8.04,11.75,10.96,10.17,6.64,28.31,61.56,3.47,50.79,118.5,76.98,6.04,,34.8,14.69
2019-05-27 07:00:00,6.44,19.78,17.67,23.27,64.12,16.9,69.39,9.62,8.47,85.16,6.08,11.57,15.84,64.62,17.98,9.86,5.24,8.51,5.38,15.42,13.45,2.88,5.73,70.56,27.55,17.14,32.41,9.72,50.56,34.13,12.4,16.49,97.37,12.16,2.3,,8.01,11.75,10.91,10.22,6.69,28.48,61.49,3.44,50.66,119.9,76.68,6.01,,34.85,14.67
2019-05-28 07:00:00,6.41,19.87,17.54,23.55,63.28,17.01,68.78,9.57,8.39,83.47,5.98,11.6,15.87,64.92,17.98,10.11,5.23,8.5,5.55,15.26,13.49,2.88,5.72,70.08,27.61,17.14,32.24,9.68,50.72,34.29,12.47,16.39,97.37,12.23,2.27,,7.92,11.75,10.82,10.22,6.74,28.61,60.84,3.44,50.66,120.4,77.75,6.03,,34.5,14.65
2019-05-29 07:00:00,6.37,20.14,17.43,23.58,63.87,16.86,67.57,9.46,8.31,83.25,6.02,11.5,15.61,65.22,17.92,10.72,5.25,8.5,5.55,15.26,13.54,2.84,5.7,70.08,27.58,17.3,32.41,9.68,51.18,34.13,12.4,16.39,96.96,12.23,2.27,,7.88,11.75,10.75,9.8,6.74,28.78,60.76,3.44,50.66,122.8,77.81,5.96,,34.2,14.64
2019-05-30 07:00:00,6.44,20.23,17.35,24.06,64.71,16.75,67.26,9.39,8.31,83.62,6.03,11.5,15.57,65.53,17.71,10.63,5.31,8.47,5.49,15.54,13.56,2.84,5.69,69.27,27.48,17.14,32.8,9.68,51.73,34.2,12.36,16.44,95.87,12.09,2.27,,7.85,11.7,10.63,10.14,6.81,28.83,60.11,3.42,51.1,122.0,77.63,5.93,,34.5,14.62
2019-05-31 07:00:00,6.37,20.41,17.16,23.99,64.12,16.75,67.57,9.3,8.23,83.62,5.9,11.5,15.64,63.28,17.45,10.03,5.33,8.49,5.38,15.54,13.54,2.84,5.62,69.35,27.14,17.01,33.46,9.58,50.37,33.2,12.04,16.49,97.41,12.23,2.27,,7.85,11.7,10.68,9.88,6.76,28.61,59.01,3.42,50.93,123.6,76.45,5.93,,34.5,14.55
2019-06-03 07:00:00,6.35,20.5,16.69,23.78,63.03,16.13,64.52,9.11,8.07,82.88,5.82,11.34,15.43,60.07,17.18,9.6,5.24,8.33,5.18,15.83,13.54,2.8,5.49,68.86,26.54,16.73,33.24,9.51,48.05,32.36,11.76,15.98,96.25,12.2,2.23,,7.76,11.5,10.16,10.05,6.67,27.41,57.99,3.38,50.22,121.9,75.03,5.7,,33.8,14.1
2019-06-04 07:00:00,6.35,20.23,16.67,23.24,64.63,16.2,64.7,9.11,8.07,82.52,5.82,11.5,15.34,60.67,17.18,9.86,5.21,8.29,5.18,15.58,13.58,2.77,5.48,67.65,26.69,16.79,32.85,9.47,49.09,32.46,12.0,15.93,99.28,12.13,2.23,,7.76,11.55,9.97,10.14,6.67,28.23,57.48,3.38,50.48,120.0,75.56,5.73,,33.8,14.27
2019-06-05 07:00:00,6.35,19.96,17.13,22.43,65.3,16.49,65.13,9.21,8.12,82.0,5.95,11.5,15.43,61.89,17.35,9.86,5.27,8.17,5.16,15.38,13.45,2.8,5.46,68.86,27.29,16.76,33.46,9.53,49.57,33.05,12.24,16.21,100.55,12.09,2.23,,7.85,11.65,10.06,10.14,6.74,28.57,58.5,3.4,51.1,120.8,75.86,5.82,,34.15,14.36
2019-06-06 07:00:00,6.3,19.96,16.86,22.15,64.79,16.6,63.91,9.14,8.07,82.52,5.85,11.5,15.47,60.55,17.21,10.11,5.29,7.7,5.02,15.34,13.49,2.8,5.42,68.54,27.14,16.89,32.91,9.6,48.45,32.7,12.24,16.13,100.37,11.99,2.23,,7.73,11.55,9.87,10.02,6.67,27.84,57.48,3.36,50.84,119.4,75.2,5.7,,33.9,14.18
2019-06-07 07:00:00,6.33,19.78,17.07,23.15,65.22,16.57,64.16,9.3,8.07,82.88,5.92,11.63,15.86,60.55,17.41,10.72,5.25,7.87,5.06,15.34,13.49,2.8,5.49,68.86,27.36,16.92,33.58,9.64,48.93,33.09,12.51,16.24,100.89,12.06,2.23,,7.87,11.6,10.09,10.02,6.75,27.93,58.21,3.36,51.59,121.5,75.44,5.83,,34.3,14.3
2019-06-10 07:00:00,6.35,20.68,17.29,23.83,66.06,16.68,64.22,9.37,8.09,82.22,5.92,11.73,15.89,62.49,17.45,11.07,5.24,7.87,5.07,15.34,13.56,2.8,5.53,69.35,27.86,17.01,33.19,9.76,49.81,33.74,12.67,16.24,103.36,12.06,2.27,,7.93,11.75,10.06,10.12,6.81,28.27,59.31,3.32,52.08,122.5,75.2,5.77,,34.8,14.32
2019-06-11 07:00:00,6.35,21.67,17.24,23.78,65.8,16.75,64.52,9.37,7.85,83.47,5.88,11.76,15.93,61.95,17.38,11.07,5.26,7.82,5.15,15.42,13.68,2.8,5.56,69.67,28.05,17.01,33.63,9.9,49.73,33.61,12.47,16.41,103.36,11.48,2.23,,7.93,11.7,10.13,10.36,6.85,28.48,59.23,3.26,51.99,122.8,74.9,5.85,,35.05,14.43
2019-06-12 07:00:00,6.33,23.38,17.16,23.72,66.39,16.71,64.46,9.27,7.71,82.0,5.77,11.8,15.96,61.58,17.35,11.15,5.26,7.87,5.15,15.42,13.74,2.8,5.56,68.86,28.24,17.01,33.35,9.82,49.49,32.92,12.36,16.34,99.99,11.34,2.23,,7.84,11.65,10.06,10.48,7.03,28.65,57.92,3.22,51.55,122.5,74.72,5.88,,34.95,14.3
2019-06-13 07:00:00,6.33,23.38,17.13,23.75,66.73,16.64,63.49,9.23,7.77,80.09,5.85,11.76,15.78,60.43,17.18,11.67,5.25,7.89,5.14,15.5,13.74,2.8,5.5,68.3,28.15,16.7,32.74,9.64,49.01,32.06,12.2,16.26,101.49,11.65,2.23,,7.79,11.6,9.97,10.22,6.89,28.44,55.81,3.22,51.19,121.1,73.35,5.88,,34.6,14.27
2019-06-14 07:00:00,6.35,22.48,17.18,23.56,66.9,16.57,62.09,9.23,7.71,77.6,5.78,11.8,15.75,61.58,17.35,11.41,5.23,7.91,5.14,15.42,13.8,2.8,5.54,67.73,28.05,16.7,32.85,9.78,49.17,31.8,12.16,16.16,99.96,11.68,2.23,,7.84,11.6,10.01,10.24,7.01,28.83,57.27,3.22,50.79,121.1,73.41,5.93,,34.6,14.26
2019-06-17 07:00:00,6.35,22.21,17.43,23.53,66.39,16.46,59.71,9.32,7.71,76.13,5.6,11.76,15.57,61.34,17.05,11.24,5.22,7.73,5.1,15.42,13.91,2.8,5.57,67.24,27.61,16.82,32.02,9.7,48.93,30.99,12.4,16.01,99.99,11.65,2.23,,7.77,11.45,9.83,10.22,6.81,29.55,56.54,3.26,50.57,119.0,73.35,6.03,,34.0,14.15
2019-06-18 07:00:00,6.37,21.58,17.29,22.97,66.81,16.2,58.8,9.27,7.69,72.91,5.6,11.93,15.52,61.34,17.28,11.41,5.1,7.73,5.07,15.38,13.86,2.8,5.56,66.11,27.67,16.85,31.57,9.74,48.61,30.47,12.43,15.96,99.8,11.61,2.23,,7.73,11.2,9.5,10.34,6.64,29.21,55.59,3.24,50.57,118.0,73.47,5.93,,33.35,13.72
2019-06-19 07:00:00,6.39,21.76,17.43,23.02,66.81,16.35,59.04,9.27,7.69,74.08,5.53,11.89,15.68,62.13,17.31,11.5,4.95,8.03,5.09,15.42,14.03,2.8,5.56,66.43,27.89,17.01,31.68,9.86,49.01,30.73,12.36,16.08,101.56,11.61,2.23,,7.77,11.25,9.45,9.95,6.55,29.73,56.68,3.22,50.88,118.3,73.47,5.93,,33.7,14.14
2019-06-20 07:00:00,6.39,22.3,17.4,23.24,66.81,16.31,59.04,9.25,7.39,73.35,5.51,11.96,15.84,62.49,17.31,11.58,5.23,8.13,5.12,15.18,14.09,2.8,5.57,66.67,28.02,17.04,31.85,9.98,49.25,30.9,12.2,16.16,100.74,11.65,2.23,,7.84,11.3,9.52,9.71,6.58,29.81,56.83,3.22,51.37,119.5,73.53,6.0,,34.0,14.06
2019-06-21 07:00:00,6.53,22.56,17.7,23.07,66.81,16.27,58.86,9.6,7.12,75.47,5.43,11.89,16.05,63.71,17.48,11.24,5.25,8.13,5.12,15.18,14.12,2.84,5.72,66.76,28.65,16.7,31.01,10.12,50.21,31.72,12.08,16.31,102.99,11.61,2.27,,7.93,11.4,9.78,9.71,6.61,30.41,57.19,3.28,50.88,122.4,73.65,6.22,,34.3,14.37
2019-06-24 07:00:00,6.53,22.48,17.67,23.07,65.97,16.2,59.04,9.69,7.47,75.55,5.46,11.83,16.02,61.28,17.38,10.89,5.26,8.03,5.11,15.18,13.86,2.84,5.72,63.35,28.62,16.76,31.74,10.14,49.81,31.59,11.68,16.26,104.11,11.65,2.23,,7.81,11.5,9.75,9.76,6.51,30.41,57.27,3.26,51.1,123.2,73.53,6.24,,34.4,14.41
2019-06-25 07:00:00,6.44,22.39,17.51,22.97,67.15,16.31,59.41,9.64,7.55,75.69,5.46,11.93,15.89,62.68,17.35,10.72,5.26,7.92,5.03,15.34,13.68,2.8,5.68,68.05,28.59,16.98,31.79,10.14,49.41,31.16,11.64,16.03,104.11,11.65,2.23,,7.82,11.6,9.75,10.07,6.35,30.84,57.92,3.24,51.68,123.0,73.53,6.26,,34.25,14.41
2019-06-26 07:00:00,6.44,22.48,17.4,22.97,66.81,16.27,61.48,9.57,7.5,77.01,5.32,11.96,16.35,63.04,17.38,10.89,5.24,7.89,4.98,15.67,13.74,2.8,5.62,67.89,28.78,16.89,32.35,10.12,49.57,31.12,11.68,16.06,103.36,11.68,2.23,,7.82,11.5,9.59,10.14,6.38,30.2,57.34,2.94,51.55,123.8,73.47,6.26,,34.15,14.34
2019-06-27 07:00:00,6.35,21.74,17.46,23.07,67.74,16.24,62.09,9.44,7.58,77.89,4.98,11.93,16.07,59.46,17.38,10.81,5.24,7.77,4.87,15.58,13.71,2.77,5.56,66.43,28.65,16.82,32.85,10.12,49.57,30.9,11.37,16.06,101.86,11.65,2.17,,7.74,11.3,9.54,10.17,6.4,29.73,56.46,3.22,51.06,124.0,73.41,6.11,,33.75,14.22
2019-06-28 07:00:00,6.33,22.2,17.13,23.02,67.48,15.98,61.48,8.93,7.58,73.71,5.0,11.83,15.93,59.16,17.25,10.63,5.13,7.73,4.83,15.58,13.57,2.77,5.5,66.03,28.65,16.79,32.57,10.12,47.65,30.82,11.33,15.88,101.15,11.54,2.17,,7.76,11.25,9.42,10.1,6.38,29.3,55.74,3.2,50.53,124.2,72.57,6.01,,33.5,14.0
2019-07-01 07:00:00,6.44,22.2,17.51,23.02,67.48,15.91,63.3,9.3,7.71,77.16,5.17,12.02,16.28,61.64,17.45,10.81,5.29,7.86,4.95,15.58,13.74,2.8,5.65,67.97,29.44,16.92,33.24,10.3,49.33,31.37,11.76,16.18,103.4,11.65,2.2,,7.84,11.45,9.71,10.19,6.47,30.37,57.78,3.22,51.59,126.0,73.47,6.14,,34.1,14.41
2019-07-02 07:00:00,6.41,21.65,17.48,23.07,67.9,15.84,63.0,9.5,7.88,78.12,5.25,11.93,16.55,62.37,17.51,10.81,5.2,7.77,5.08,15.5,13.74,2.8,5.66,68.54,29.79,16.79,33.41,10.28,50.69,31.76,11.45,16.16,103.03,11.68,2.17,,7.81,11.4,9.8,10.46,6.5,30.11,58.29,3.24,51.46,126.9,74.42,6.27,,34.1,14.45
2019-07-03 07:00:00,6.37,21.83,17.46,23.24,68.07,16.13,62.76,9.46,8.01,77.09,5.19,11.89,16.51,61.95,18.12,11.15,5.18,7.61,4.98,15.34,13.68,2.84,5.64,67.4,29.98,16.92,32.57,10.28,51.09,31.63,11.53,16.28,102.99,11.65,2.17,,7.81,11.35,9.75,10.56,6.51,29.81,58.36,3.24,50.79,127.3,74.54,6.19,,34.1,14.35
2019-07-04 07:00:00,6.41,22.29,17.57,23.51,69.08,16.05,65.01,9.6,8.26,76.72,5.19,11.89,16.6,62.49,18.12,11.15,5.19,7.58,4.91,15.42,13.59,2.84,5.68,68.3,30.1,16.92,32.68,10.3,51.17,31.72,11.6,16.84,102.99,11.65,2.17,,7.82,11.35,9.83,10.46,6.54,29.85,59.67,3.34,51.1,128.1,75.32,6.26,,34.25,14.48
2019-07-05 07:00:00,6.46,22.2,17.78,24.05,68.91,15.98,63.98,9.62,8.23,77.38,5.24,11.93,16.46,62.62,18.05,11.24,5.2,7.63,4.92,15.42,13.51,2.84,5.72,68.21,29.95,17.08,32.68,10.36,51.49,31.85,11.57,16.84,103.36,11.65,2.17,,7.96,11.4,10.01,10.53,6.52,30.84,60.84,3.36,51.46,129.0,75.08,6.3,,34.8,14.56
2019-07-08 07:00:00,6.41,22.11,17.67,24.26,69.33,15.98,62.7,9.5,8.2,77.01,5.2,11.89,16.34,62.01,17.75,11.24,5.12,7.48,4.94,15.34,13.3,2.84,5.66,67.65,29.69,16.95,33.3,10.38,51.09,31.46,11.53,16.77,103.78,11.65,2.17,,7.9,11.3,9.71,10.68,6.47,30.41,60.47,3.36,51.46,127.7,74.07,6.19,,35.4,14.41
2019-07-09 07:00:00,6.44,21.92,17.67,24.18,69.59,15.69,63.12,9.55,8.28,76.64,5.24,11.73,16.35,62.25,17.75,11.33,5.08,7.36,4.95,15.3,13.25,2.84,5.66,67.97,29.63,16.89,32.85,10.36,50.85,31.55,11.45,16.89,103.74,11.82,2.17,,7.85,11.3,9.73,10.71,6.5,30.24,60.11,3.32,51.19,127.7,73.83,6.22,,35.45,14.39
2019-07-10 07:00:00,6.57,22.48,17.67,24.86,70.01,15.76,63.55,9.62,8.34,77.38,5.27,11.83,16.6,63.71,17.78,11.41,5.1,7.34,4.87,15.18,13.25,2.84,5.69,67.89,30.7,16.92,33.46,10.44,51.09,31.33,11.53,17.02,104.86,11.82,2.17,,7.87,11.35,9.78,10.76,6.5,30.8,60.54,3.32,51.77,129.6,74.54,6.27,,36.1,14.54
2019-07-11 07:00:00,6.57,22.84,17.67,24.86,71.1,16.13,65.13,9.66,8.42,77.38,5.27,11.99,16.6,64.44,18.05,11.58,5.14,7.37,4.79,15.26,13.16,2.88,5.69,66.84,30.92,16.82,33.85,10.5,51.33,31.33,11.57,17.15,105.65,11.82,2.17,,7.9,11.4,9.83,10.81,6.5,31.1,60.54,3.32,51.37,130.4,74.66,6.32,,36.1,14.56
2019-07-12 07:00:00,6.66,22.38,18.17,24.8,71.35,16.13,66.23,9.78,8.34,76.64,5.25,11.83,16.6,63.95,17.95,11.58,5.13,7.46,4.8,15.34,13.1,2.88,5.76,66.03,30.64,16.85,33.97,10.44,51.57,31.29,11.6,17.1,107.11,11.89,2.17,,7.9,11.4,9.78,10.81,6.47,31.52,60.03,3.36,51.55,130.2,74.07,6.35,,35.9,14.55
2019-07-15 07:00:00,6.64,23.03,18.14,25.99,69.75,16.02,66.23,9.78,8.28,75.91,5.22,11.7,16.62,63.71,17.92,11.41,5.12,7.39,4.82,15.3,12.75,2.84,5.73,64.33,30.95,16.79,33.41,10.3,51.65,31.59,11.6,17.05,105.61,11.82,2.17,,7.87,11.3,9.8,10.71,6.48,31.57,59.23,3.46,50.57,129.1,73.59,6.32,,35.6,14.48
2019-07-16 07:00:00,6.66,23.67,18.25,27.02,70.17,16.09,66.29,9.85,8.12,75.1,5.2,11.76,16.76,64.01,18.18,11.58,5.15,7.39,4.98,15.38,12.67,2.84,5.81,64.81,31.87,16.79,33.3,10.3,51.33,32.06,11.53,16.82,105.61,11.82,2.17,,7.88,11.3,9.97,10.73,6.58,32.3,59.74,3.61,50.75,129.5,73.77,6.39,,36.3,14.48
2019-07-17 07:00:00,6.7,23.67,18.68,26.64,72.02,15.94,66.71,9.91,7.85,74.8,5.19,11.7,16.67,64.01,18.05,11.5,5.15,7.34,5.05,15.26,12.64,2.8,5.85,64.41,32.03,16.76,33.02,10.3,51.33,31.85,11.41,16.82,105.8,11.82,2.17,,7.9,11.4,9.92,10.78,6.58,32.47,61.13,3.6,51.1,129.5,74.01,6.29,,36.75,14.57
2019-07-18 07:00:00,6.7,24.6,18.66,26.48,72.11,15.87,63.73,9.91,7.85,73.7,5.15,11.24,16.6,64.92,17.92,11.67,5.15,7.18,5.04,15.34,12.7,2.8,5.91,60.76,31.84,16.7,32.18,10.2,51.33,31.42,11.29,16.82,105.24,11.75,2.17,,8.06,11.5,9.83,10.86,6.55,32.38,60.47,3.6,51.02,128.5,74.36,6.24,,36.5,14.48
2019-07-19 07:00:00,6.84,24.87,18.93,26.4,70.51,15.76,67.38,9.98,7.9,73.7,5.15,11.37,16.64,64.19,17.88,11.76,5.19,7.03,5.08,15.3,12.81,2.8,5.99,61.41,32.82,16.6,32.18,10.3,51.33,31.33,11.05,16.59,103.78,11.68,2.17,,8.07,11.55,9.92,10.86,6.47,32.72,60.76,3.67,51.02,128.9,74.42,6.24,,36.8,14.45
2019-07-22 07:00:00,6.81,26.07,19.09,26.42,70.26,15.84,65.62,9.87,8.01,74.88,5.14,11.7,17.01,63.77,17.78,11.76,5.14,6.99,4.98,15.5,12.87,2.8,5.97,62.95,33.2,16.26,32.02,10.3,51.09,31.46,10.97,16.64,103.55,11.54,2.17,,7.87,11.5,9.9,10.61,6.42,33.71,61.05,3.61,51.1,131.0,74.96,6.19,,36.6,14.59
2019-07-23 07:00:00,6.81,25.98,18.93,26.26,70.76,16.02,66.96,9.87,8.42,74.88,5.14,11.6,17.06,64.01,17.78,12.1,5.13,7.17,4.97,15.42,12.75,2.84,5.97,63.19,33.54,16.38,32.02,10.3,51.33,33.01,11.01,16.67,103.81,11.54,2.17,,7.9,11.5,9.92,10.53,6.48,33.62,61.42,3.65,51.77,131.2,74.54,6.17,,36.5,14.59
2019-07-24 07:00:00,6.73,25.79,18.66,26.75,70.51,16.02,66.96,9.73,8.58,74.07,5.08,11.63,17.24,64.68,17.75,12.45,5.14,7.37,4.96,15.46,12.64,2.98,6.1,64.49,33.89,16.22,32.46,10.38,51.65,33.18,11.09,16.89,103.36,11.47,2.2,,7.79,11.35,9.87,10.56,6.47,32.77,62.07,3.63,53.42,131.9,74.78,6.16,,36.95,14.69
2019-07-25 07:00:00,6.84,26.07,18.71,26.26,70.76,15.98,67.38,9.71,8.58,74.43,5.07,11.57,17.2,64.31,17.71,12.71,5.11,7.41,4.96,15.18,12.52,2.95,6.03,64.73,33.61,16.1,32.57,10.38,52.37,33.01,11.13,16.87,103.92,11.36,2.2,,7.68,11.2,9.87,10.58,6.47,32.85,62.29,3.69,53.59,132.7,74.66,6.13,,37.3,14.67
2019-07-26 07:00:00,6.73,26.25,19.09,26.05,71.1,15.98,67.57,9.71,8.44,74.43,5.0,11.37,17.15,65.47,17.75,12.45,5.11,7.73,4.92,15.26,12.58,2.91,5.99,64.73,33.38,15.94,32.35,10.46,52.45,33.61,11.17,16.59,103.81,11.26,2.2,,7.63,11.15,9.8,10.83,6.47,33.2,63.09,3.75,54.04,132.5,74.36,6.06,,37.35,14.73
2019-07-29 07:00:00,6.61,24.69,19.26,26.21,71.01,15.98,67.08,9.53,8.61,74.07,5.03,11.41,17.1,65.28,17.71,12.45,5.13,7.49,4.84,15.26,12.64,2.91,6.02,64.89,32.78,16.07,32.18,10.46,51.41,33.22,11.01,16.46,104.11,11.43,2.17,,7.62,10.9,9.8,10.86,6.47,33.54,63.24,3.69,54.26,133.0,73.47,6.06,,36.3,14.63
2019-07-30 07:00:00,6.58,24.87,19.07,25.86,71.18,15.87,67.87,9.48,8.66,73.4,4.93,11.5,16.92,66.13,17.61,12.62,5.12,7.41,4.8,15.26,12.61,2.88,5.89,64.73,32.72,16.13,32.35,10.5,51.57,33.09,10.9,16.28,104.3,11.47,2.14,,7.38,10.85,9.75,10.91,6.42,34.52,61.2,3.67,54.22,133.4,73.77,6.04,,35.85,14.64
2019-07-31 07:00:00,6.55,25.33,18.93,25.23,70.51,15.84,67.93,9.46,8.55,72.74,4.83,11.44,16.85,65.89,17.28,12.02,5.11,7.34,4.84,15.22,12.7,2.88,5.88,63.68,32.56,15.94,32.07,10.44,51.73,33.05,10.82,16.49,104.49,11.47,2.07,,7.24,10.6,9.71,10.86,6.38,34.09,61.93,3.65,53.42,132.0,73.41,6.01,,35.35,14.52
2019-08-01 07:00:00,6.47,24.87,19.12,25.99,70.26,15.51,67.57,9.3,8.36,71.12,4.88,11.47,17.1,65.41,17.11,12.62,5.12,7.67,4.84,15.1,12.87,2.88,5.91,64.73,33.32,15.94,32.13,10.54,51.89,32.96,10.9,16.61,103.66,11.61,2.1,,7.3,10.5,9.68,11.14,6.37,34.14,64.11,3.67,54.44,131.2,73.59,5.96,,36.8,14.61
2019-08-02 07:00:00,6.35,25.61,19.04,25.86,69.75,15.76,67.2,9.23,8.26,69.94,4.74,11.37,16.97,63.71,16.91,12.62,5.09,7.61,4.8,14.69,13.1,2.84,5.84,64.0,33.76,15.63,32.35,10.71,50.85,33.48,10.9,16.61,104.11,11.61,2.1,,7.21,10.35,9.61,11.26,6.21,33.88,64.19,3.69,54.17,131.5,73.65,6.0,,36.25,14.55
2019-08-05 07:00:00,6.29,28.1,19.34,25.94,65.72,15.65,68.18,9.27,8.5,70.01,4.63,11.37,17.31,63.04,17.21,13.31,5.06,7.58,4.65,14.69,13.1,2.84,5.84,62.22,33.98,15.63,33.13,10.59,50.53,34.7,10.97,16.49,103.85,11.64,2.07,,7.05,10.4,9.59,10.91,6.24,33.02,62.07,3.71,52.44,130.4,72.87,6.17,,35.0,14.5
2019-08-06 07:00:00,5.92,29.48,18.82,25.4,64.71,15.32,67.57,9.14,8.26,70.01,4.56,11.31,17.1,60.67,17.21,13.49,4.84,7.42,4.51,14.36,12.87,2.77,5.75,60.52,33.73,14.81,32.18,10.38,49.01,34.48,10.58,16.08,103.62,11.54,2.04,,6.8,10.2,9.4,10.91,6.24,32.47,60.4,3.69,51.33,128.5,71.2,6.01,,34.45,14.24
2019-08-07 07:00:00,6.24,29.94,18.93,25.56,63.11,15.36,67.02,9.18,8.28,69.28,4.61,11.37,17.36,60.61,17.58,14.01,4.85,7.51,4.53,14.61,13.07,2.8,5.73,59.63,34.71,15.28,32.52,10.44,49.01,36.21,10.54,16.13,102.61,11.4,2.04,,6.68,10.4,9.47,10.96,6.33,32.68,60.69,3.75,52.26,130.3,71.8,6.04,,34.4,14.32
2019-08-08 07:00:00,5.77,29.57,18.9,26.75,63.45,15.25,63.91,9.21,8.17,68.98,4.57,11.18,17.68,60.31,17.55,14.39,4.87,7.63,4.5,14.44,13.3,2.8,5.75,58.98,35.56,15.22,32.63,10.46,49.17,36.78,10.46,16.16,102.65,11.26,2.04,,6.56,10.35,9.45,11.01,6.28,33.45,60.98,3.89,52.44,130.1,71.8,6.03,,34.7,14.37
2019-08-09 07:00:00,6.18,30.12,18.66,27.83,65.55,15.43,64.04,9.32,8.34,70.75,4.68,11.21,17.74,61.34,18.52,14.39,4.94,7.92,4.53,14.48,13.57,2.8,5.79,60.68,35.62,15.28,32.68,10.58,49.65,36.34,10.58,17.1,103.06,11.15,2.07,,6.8,10.35,9.5,11.16,6.33,33.58,61.64,3.93,53.42,130.9,72.15,6.03,,35.45,14.49
2019-08-12 07:00:00,6.29,29.85,18.57,27.56,65.55,15.36,62.09,9.27,8.04,70.75,4.74,11.28,17.98,61.89,18.38,13.86,5.11,7.96,4.55,14.52,13.39,2.8,5.8,61.17,36.16,15.37,33.24,10.58,49.49,36.6,10.5,17.35,102.76,11.08,2.07,,6.89,10.3,9.54,11.29,6.35,33.07,61.42,3.89,53.33,131.9,71.92,6.13,,35.25,14.55
2019-08-13 07:00:00,6.24,27.27,18.96,26.75,64.79,15.29,59.71,9.23,7.96,68.54,4.76,11.18,18.34,60.61,18.05,13.25,5.07,8.03,4.47,14.48,13.51,2.8,5.85,60.68,36.29,15.5,32.91,10.46,49.65,37.26,10.07,17.45,102.84,11.01,2.04,,6.83,10.15,9.52,11.31,6.24,32.51,60.54,3.85,52.44,132.0,70.48,6.16,,34.85,14.53
2019-08-14 07:00:00,6.27,28.19,18.96,27.13,65.22,14.85,60.26,9.39,7.47,69.13,4.71,11.11,18.73,60.98,18.05,13.25,5.09,8.06,4.48,14.69,13.51,2.52,6.02,61.25,37.3,15.56,33.24,10.46,49.97,36.78,10.18,18.11,103.36,11.08,2.04,,6.87,10.15,9.78,11.41,6.3,32.68,61.2,3.92,52.53,131.5,70.9,6.24,,34.7,14.62
2019-08-15 07:00:00,6.15,25.79,18.82,26.64,64.54,15.25,60.87,9.21,7.34,68.39,4.68,10.95,18.58,59.88,17.71,12.99,5.09,7.86,4.41,14.73,13.51,2.7,5.89,60.44,36.86,15.25,33.13,10.12,48.85,36.82,9.95,17.93,103.18,10.84,2.01,,6.67,10.0,9.64,11.06,6.28,31.95,59.73,3.9,51.99,129.0,70.06,6.16,,34.25,14.4
2019-08-16 07:00:00,6.21,28.56,19.04,27.02,64.71,15.32,61.11,9.3,7.52,68.17,4.66,11.31,18.8,61.04,18.52,13.69,5.18,7.89,4.4,14.93,13.62,2.77,6.0,60.92,37.01,15.5,34.24,10.26,49.25,37.3,10.1,18.57,103.36,11.12,2.01,,6.86,10.15,9.87,11.14,6.28,33.32,61.57,4.13,53.15,130.0,71.98,6.24,,35.15,14.7
2019-08-19 07:00:00,6.32,28.83,19.8,27.5,64.54,15.29,61.9,9.39,7.63,68.98,4.68,11.18,18.51,61.28,18.72,13.6,5.19,7.91,4.37,15.34,13.74,2.77,5.95,62.22,36.38,15.5,34.3,10.22,49.97,36.43,10.1,18.64,103.18,11.12,2.01,,6.95,10.2,10.16,11.06,6.28,32.85,61.57,4.23,53.99,130.0,74.3,6.3,,35.25,14.83
2019-08-20 07:00:00,6.38,29.2,19.94,27.29,64.29,15.14,61.9,9.37,7.63,69.28,4.66,11.05,18.94,62.07,18.82,13.6,5.16,7.84,4.36,15.38,13.8,2.77,5.95,61.57,37.23,15.5,34.41,10.4,49.89,36.39,10.18,18.72,103.03,11.19,2.01,,6.97,10.2,10.09,11.11,6.3,32.85,62.08,4.23,53.77,129.5,74.13,6.32,,35.1,14.82
2019-08-21 07:00:00,6.38,30.21,19.91,27.4,64.63,15.21,61.48,9.39,7.61,69.5,4.64,11.08,19.3,62.62,19.12,14.13,5.17,7.86,4.38,15.3,13.8,2.77,5.99,61.25,37.64,15.63,34.8,10.36,49.97,37.08,10.22,18.67,102.8,11.26,1.98,,6.94,10.2,10.11,11.34,6.25,32.85,63.71,4.2,53.77,129.6,73.77,6.32,,35.5,14.81
2019-08-22 07:00:00,6.47,29.2,20.46,27.29,65.55,14.92,60.87,9.44,7.61,69.28,4.61,11.21,19.12,63.1,18.82,14.13,5.21,7.92,4.53,15.14,13.97,2.77,6.08,61.98,37.08,15.56,34.69,10.42,50.05,36.21,10.46,18.62,103.36,11.22,1.94,,7.05,10.25,10.2,11.19,6.31,34.09,64.0,4.18,54.53,130.7,73.95,6.39,,35.75,14.94
2019-08-23 07:00:00,6.47,29.38,20.27,27.18,65.13,14.96,60.44,9.39,7.61,69.2,4.64,11.31,19.02,62.43,18.82,13.95,5.2,7.96,4.72,14.93,13.97,2.77,6.07,62.38,36.29,15.59,34.47,10.4,49.49,35.74,10.42,18.42,103.21,11.26,1.98,,6.98,10.3,10.13,11.26,6.31,33.92,64.15,4.16,55.37,132.2,73.47,6.37,,34.9,14.92
2019-08-26 07:00:00,6.38,29.94,19.97,27.07,64.79,14.55,59.04,9.23,7.58,68.1,4.59,10.92,19.34,61.28,18.65,13.86,5.11,7.82,4.54,14.77,13.91,2.77,6.03,60.92,36.35,15.56,34.08,10.28,48.45,36.21,10.18,18.16,102.28,11.15,1.98,,6.8,10.45,9.9,11.03,6.37,33.2,62.67,4.11,54.84,131.5,71.8,6.39,,34.55,13.91
2019-08-27 07:00:00,6.44,30.21,20.46,26.05,64.71,14.63,59.04,9.25,7.58,68.54,4.57,11.05,19.09,61.58,18.45,13.78,5.2,7.72,4.52,15.18,13.88,2.77,6.24,60.76,35.18,15.69,33.8,10.34,48.45,35.91,10.18,18.42,101.15,11.05,2.01,,6.75,10.45,10.06,11.08,6.38,32.55,63.34,4.11,54.44,131.6,71.08,6.55,,34.5,14.7
2019-08-28 07:00:00,6.41,30.31,20.4,25.78,64.29,14.59,58.92,9.25,7.52,68.54,4.49,10.98,18.84,61.89,18.48,13.78,5.2,7.61,4.48,16.97,13.88,2.77,6.22,60.44,35.44,15.66,33.8,10.32,48.69,35.3,10.18,18.47,101.08,11.01,2.01,,6.73,10.35,10.09,11.11,6.41,32.9,63.41,4.06,54.17,131.6,71.2,6.58,,34.55,14.7
2019-08-29 07:00:00,6.35,30.4,20.37,25.75,63.87,14.37,58.68,9.21,7.52,67.8,4.51,10.92,18.76,62.38,18.62,13.42,5.04,7.58,4.41,18.52,13.86,2.7,6.2,60.6,35.69,15.78,33.8,10.3,48.61,34.91,10.1,18.16,102.05,11.01,2.04,,6.67,10.3,9.97,11.08,6.47,32.77,62.9,4.06,53.82,131.7,71.56,6.55,,34.1,14.68
2019-08-30 07:00:00,6.38,31.78,20.7,25.88,63.87,15.25,57.52,9.25,7.52,67.8,4.57,10.82,19.12,62.38,18.72,13.07,5.11,7.6,4.45,17.87,13.88,2.77,6.23,60.68,36.29,15.94,34.47,10.32,48.93,35.35,10.14,18.36,101.86,11.15,2.01,,6.73,10.3,10.04,11.16,6.57,32.98,64.0,4.06,54.22,131.4,73.29,6.6,,34.2,14.8
2019-09-03 07:00:00,6.32,28.56,21.08,26.29,63.45,15.1,57.1,9.14,7.47,68.17,4.59,10.79,19.16,60.21,18.92,12.28,5.07,7.46,4.5,16.81,13.77,2.73,6.15,59.95,36.92,16.0,34.35,10.38,48.61,35.61,10.14,18.57,101.53,11.43,2.01,,6.68,10.2,10.11,11.34,6.44,32.85,64.3,4.06,54.3,128.6,73.47,6.35,,34.25,14.76
2019-09-04 07:00:00,6.29,26.71,20.73,26.05,63.03,14.81,54.84,9.09,7.31,68.17,4.59,10.82,19.16,61.94,18.78,11.67,5.04,7.41,4.42,16.48,13.8,2.7,6.11,59.95,36.98,15.81,33.97,10.38,47.97,35.35,10.1,18.26,98.68,11.5,1.98,,6.68,10.05,10.04,11.24,6.03,32.94,64.3,4.11,54.08,130.3,73.23,6.45,,33.85,14.7
2019-09-05 07:00:00,6.32,29.29,21.0,26.53,63.62,14.81,56.0,9.14,7.5,68.91,4.57,10.82,19.02,62.32,18.82,12.46,5.0,7.44,4.41,16.97,13.77,2.7,6.1,59.79,36.29,15.78,34.52,10.46,48.61,35.26,10.1,17.91,99.25,11.71,2.01,,6.7,10.1,10.25,11.16,6.3,33.07,65.33,4.11,54.22,129.9,72.87,6.48,,33.9,14.73
2019-09-06 07:00:00,6.27,28.92,20.48,26.61,63.45,14.77,56.61,9.11,7.44,68.54,4.54,10.79,18.91,62.32,18.78,12.2,5.0,7.37,4.37,16.73,13.74,2.66,6.07,59.95,36.35,15.85,33.85,10.46,48.53,34.91,10.1,17.83,99.66,11.68,1.84,,6.67,10.1,10.44,11.06,6.24,32.98,64.89,3.53,53.77,129.0,72.87,6.63,,33.95,14.72
2019-09-09 07:00:00,6.27,28.1,20.59,26.75,62.78,14.74,59.04,9.11,7.42,67.87,4.54,10.79,18.98,62.13,18.58,11.76,5.0,7.3,4.35,16.73,13.71,2.3,6.08,59.71,36.63,15.81,34.13,10.42,48.45,34.52,9.95,17.88,100.08,11.75,1.98,,6.57,10.1,10.23,11.08,6.23,32.98,64.81,3.5,53.82,130.5,73.17,6.52,,34.0,14.7
2019-09-10 07:00:00,6.24,25.79,20.62,25.94,60.59,14.66,58.44,9.02,7.34,66.7,4.49,10.82,19.38,61.39,17.95,11.41,4.92,7.27,4.28,16.65,13.71,2.66,6.08,59.95,36.13,15.78,34.08,10.38,49.57,33.87,9.71,17.71,98.68,11.78,1.98,,6.54,10.0,10.13,11.24,5.96,33.02,64.37,3.48,54.22,132.6,73.65,6.5,,33.7,14.67
2019-09-11 07:00:00,6.24,27.64,20.7,26.21,60.42,14.66,56.91,9.02,7.17,66.18,4.29,10.79,19.3,61.14,17.71,11.49,4.93,7.32,4.23,15.91,13.74,2.66,6.08,61.65,35.56,15.72,34.35,10.34,48.77,33.83,9.55,17.78,98.68,11.78,1.98,,6.51,10.0,10.11,11.66,6.1,33.11,63.26,3.38,53.77,132.2,72.93,6.5,,33.55,14.62
2019-09-12 07:00:00,6.29,27.73,20.73,26.83,60.68,14.88,57.28,9.07,6.88,66.25,4.37,10.79,19.67,61.39,17.88,11.85,5.01,7.63,4.35,15.87,13.8,2.66,6.12,62.22,36.22,15.72,34.19,10.44,49.09,34.48,9.63,18.26,98.3,11.82,1.98,,6.56,10.05,10.25,11.56,6.18,33.62,63.63,3.97,53.9,133.6,72.51,6.53,,33.9,14.71
2019-09-13 07:00:00,6.38,25.79,21.06,27.02,61.6,15.03,57.22,9.18,6.98,66.33,4.4,10.76,20.35,61.45,17.95,11.85,5.06,7.72,4.31,15.91,13.83,2.66,6.19,61.49,37.08,15.69,33.8,10.52,48.85,34.7,9.87,18.72,98.12,12.0,2.01,,6.59,10.1,10.35,11.44,6.21,34.18,63.49,3.97,53.68,137.0,72.57,6.61,,33.75,14.84
2019-09-16 07:00:00,6.44,28.0,21.71,27.02,61.77,15.03,58.13,9.48,7.09,67.06,4.4,10.46,20.5,63.81,18.12,11.76,5.14,7.67,4.26,15.91,13.86,2.7,6.27,61.98,38.69,15.53,34.19,10.52,49.89,35.61,9.99,18.57,98.12,12.35,2.01,,6.78,10.25,10.61,11.46,6.34,34.61,64.22,4.06,54.22,138.2,72.93,6.7,,33.95,15.0
2019-09-17 07:00:00,6.38,27.82,21.49,27.67,61.6,15.03,58.44,9.44,7.12,66.4,4.42,10.59,20.64,64.24,18.05,11.76,5.15,7.72,4.26,16.16,14.78,2.7,6.23,63.03,38.5,15.37,34.19,10.48,49.65,35.39,9.87,18.47,98.38,12.52,2.04,,6.73,10.15,10.61,11.76,6.33,34.48,65.18,3.5,54.22,139.6,73.3,6.68,,34.0,15.06
2019-09-18 07:00:00,6.41,28.28,22.12,27.77,61.6,15.03,58.74,9.46,7.25,66.7,4.44,10.59,20.35,64.37,18.12,12.2,5.16,7.79,4.31,17.3,14.55,2.7,6.36,64.0,38.37,15.37,35.08,10.44,49.01,35.52,9.87,18.64,99.66,12.52,2.04,,6.81,10.15,10.58,11.94,6.33,34.48,66.29,3.99,54.26,137.6,73.9,6.7,,33.95,15.12
2019-09-19 07:00:00,6.44,28.0,22.23,28.42,61.52,14.81,59.04,9.55,7.31,66.92,4.47,10.59,20.32,63.87,18.18,12.11,5.16,7.82,4.3,16.73,14.46,2.7,6.34,64.65,38.4,15.37,34.58,10.44,48.77,35.43,9.99,18.7,98.68,12.49,2.04,,6.76,10.15,10.63,11.89,6.34,34.48,65.11,3.99,53.95,138.2,74.39,6.84,,33.95,15.12
2019-09-20 07:00:00,6.67,28.1,21.71,28.31,60.51,14.88,59.23,9.64,7.36,67.21,4.47,10.76,20.82,63.68,18.15,12.02,5.21,7.77,4.31,16.65,14.55,2.73,6.4,64.08,39.13,14.87,34.3,10.3,48.93,35.87,9.91,18.85,99.81,12.52,2.1,,6.75,10.35,10.84,11.99,6.23,34.69,65.99,4.02,53.06,138.0,74.15,6.91,,33.95,15.22
2019-09-23 07:00:00,6.67,28.92,21.6,27.83,61.1,14.99,59.35,9.62,7.25,66.7,4.47,10.72,20.43,63.81,18.28,11.85,5.2,7.58,4.35,16.65,14.49,2.7,6.4,64.73,38.97,15.06,34.3,10.22,49.01,36.0,9.91,19.28,98.72,12.03,2.1,,6.75,10.35,10.7,11.96,6.18,33.84,65.48,4.02,52.84,137.4,74.51,6.96,,33.65,15.22
2019-09-24 07:00:00,6.67,28.74,21.52,27.61,61.1,14.99,58.86,9.5,7.2,67.06,4.44,10.66,20.17,63.93,18.25,11.76,5.17,7.53,4.33,16.73,14.43,2.7,6.37,63.52,38.5,15.09,33.97,10.28,48.77,35.95,9.87,19.23,99.06,12.56,2.1,,6.73,10.5,10.65,11.96,6.14,33.79,65.55,4.02,52.88,137.5,75.48,6.91,,33.6,15.11
2019-09-25 07:00:00,6.61,28.92,21.22,27.77,60.59,14.99,59.35,9.46,7.15,67.06,4.44,10.66,20.28,63.12,18.48,11.85,5.19,7.49,4.3,17.22,14.61,2.66,6.39,63.68,38.34,14.87,34.08,10.34,48.21,35.39,9.71,19.28,99.06,12.59,2.07,,6.78,10.45,10.58,11.96,6.24,34.01,65.4,4.02,52.88,135.0,76.21,6.92,,33.5,15.1
2019-09-26 07:00:00,6.61,28.65,21.77,28.1,60.34,15.1,60.26,9.57,7.15,67.36,4.44,10.63,20.68,63.19,18.48,11.93,5.22,7.48,4.29,17.14,14.84,2.7,6.44,63.43,39.29,15.0,34.41,10.34,48.05,34.7,9.63,19.84,99.06,12.59,2.1,,6.89,10.55,10.7,11.86,6.24,34.39,64.52,4.04,52.79,135.3,76.82,6.99,,32.75,15.16
2019-09-27 07:00:00,6.7,28.37,21.85,27.29,60.59,15.21,57.12,9.69,7.04,67.8,4.59,10.56,20.75,64.8,18.45,11.76,5.23,7.63,4.29,16.85,14.93,2.7,6.55,63.76,39.76,15.06,34.63,10.36,48.29,35.0,9.75,19.79,99.25,12.52,2.14,,7.14,10.6,10.87,12.12,6.28,34.61,65.11,4.18,52.79,135.5,78.58,7.05,,32.5,15.25
2019-09-30 07:00:00,6.7,25.79,21.49,27.23,61.77,15.69,58.13,9.66,7.17,68.91,4.52,10.69,20.86,65.17,18.25,11.93,5.28,7.56,4.33,16.57,14.72,2.7,6.62,63.6,39.76,15.06,35.02,10.32,48.29,34.7,10.03,19.36,99.25,12.52,2.14,,7.25,10.55,10.94,12.04,6.3,35.08,65.55,4.18,53.15,136.0,78.58,7.17,,33.05,15.36
2019-10-01 07:00:00,6.73,28.37,21.49,27.72,62.86,16.09,58.06,9.64,7.17,68.54,4.52,10.59,20.82,65.17,18.32,11.93,5.49,7.53,4.44,16.4,14.49,2.66,6.62,63.27,39.79,15.12,35.25,10.3,48.21,34.48,10.1,19.28,98.68,12.31,2.1,,7.22,10.45,10.94,11.81,6.3,35.04,65.4,4.16,53.19,136.8,77.55,7.17,,32.55,15.33
2019-10-02 07:00:00,6.79,28.19,21.79,27.56,62.78,16.79,58.38,9.6,7.04,67.8,4.52,10.72,20.68,64.06,18.32,12.11,5.56,7.48,4.58,16.4,14.55,2.62,6.63,62.38,39.51,15.09,35.13,10.34,48.13,34.48,10.03,19.3,98.68,12.38,2.1,,7.27,10.4,11.15,11.91,6.34,34.99,65.26,4.18,52.44,137.0,76.64,7.25,,32.0,15.28
2019-10-03 07:00:00,6.73,27.82,21.68,27.72,61.43,16.53,57.75,9.5,7.04,67.06,4.49,10.66,20.39,63.0,18.22,11.85,5.45,7.39,4.55,16.6,14.49,2.59,6.59,61.9,39.13,15.0,35.08,10.32,47.33,34.61,9.87,19.08,98.68,12.38,2.07,,7.27,10.3,11.03,11.99,6.33,34.52,64.89,4.25,52.04,136.8,76.21,7.22,,31.25,15.19
2019-10-04 07:00:00,6.79,28.1,22.09,28.1,61.18,16.86,57.25,9.44,7.17,67.51,4.56,10.79,20.5,62.38,18.35,12.02,5.43,7.34,4.72,16.89,14.52,2.59,6.59,62.46,38.81,14.96,35.08,10.3,46.45,34.83,9.99,18.97,91.79,12.42,2.1,,7.13,10.4,11.1,11.79,6.3,35.04,65.18,4.3,52.3,137.1,78.03,7.27,,31.85,15.22
2019-10-07 07:00:00,6.7,28.1,21.82,28.64,59.42,17.59,57.25,9.41,7.25,66.7,4.8,10.76,20.07,62.38,18.05,11.85,5.41,7.3,4.78,16.65,14.58,2.59,6.52,61.98,38.18,14.96,34.52,10.3,46.45,34.26,10.14,18.77,96.46,12.38,2.07,,6.97,10.4,10.94,11.84,6.3,35.47,65.03,4.13,51.77,136.4,77.85,7.05,,31.5,15.0
2019-10-08 07:00:00,6.67,27.82,21.87,28.59,59.67,17.81,56.87,9.39,7.04,67.06,4.78,10.79,19.96,61.82,17.78,11.85,5.41,7.32,4.74,16.65,14.58,2.59,6.5,62.06,38.05,14.93,34.52,10.34,46.37,34.26,10.14,18.82,97.36,12.49,2.1,,6.95,10.55,10.94,11.81,6.27,35.47,64.96,3.6,51.73,137.1,78.09,7.07,,31.2,15.11
2019-10-09 07:00:00,6.73,27.82,22.26,28.64,59.5,17.81,56.5,9.53,7.04,66.99,4.88,10.79,20.17,61.88,17.61,11.93,5.44,7.48,4.75,16.65,14.61,2.62,6.58,62.06,38.69,14.93,34.47,10.3,46.21,34.31,10.14,19.18,96.04,12.56,2.1,,7.0,10.85,11.08,11.91,6.33,36.19,64.96,4.2,51.86,136.8,77.0,7.14,,31.2,15.2
2019-10-10 07:00:00,6.84,27.36,22.37,29.45,59.67,17.67,56.37,9.69,7.04,66.77,4.91,10.72,20.39,62.26,17.61,12.02,5.43,7.41,4.78,16.73,14.58,2.59,6.62,62.14,38.72,14.87,34.02,10.28,45.57,34.31,10.1,19.18,96.16,12.52,2.1,,7.02,10.8,11.12,11.91,6.3,36.19,64.59,4.2,51.9,136.8,76.94,7.2,,32.1,15.2
2019-10-11 07:00:00,6.9,27.82,22.2,29.29,60.09,17.59,56.37,9.69,7.04,67.06,4.9,10.66,20.39,62.81,17.71,12.11,5.48,7.37,4.91,16.93,14.32,2.62,6.6,62.22,38.72,14.84,33.97,10.24,45.65,34.31,10.03,19.13,96.04,12.56,2.1,,7.0,10.8,11.12,12.04,6.28,36.15,64.89,4.2,51.86,137.4,77.06,7.2,,32.35,15.1
2019-10-14 07:00:00,6.93,27.64,22.28,28.75,60.51,17.81,56.37,9.78,6.98,67.73,4.91,10.69,20.54,63.06,17.75,12.11,5.58,7.39,4.86,17.05,14.35,2.7,6.69,62.06,38.81,14.24,34.19,10.22,46.93,34.48,10.03,19.2,95.71,12.7,2.14,,7.1,11.1,11.15,12.19,6.3,36.41,64.52,4.25,52.22,139.4,77.67,7.18,,31.55,15.3
2019-10-15 07:00:00,7.02,26.99,22.37,28.42,60.09,17.74,55.74,9.89,6.98,67.65,4.93,10.72,20.75,62.69,17.61,11.93,5.58,7.36,4.75,17.01,14.43,2.7,6.78,62.06,39.29,14.3,34.41,10.16,46.85,34.57,10.07,19.13,96.35,13.16,2.14,,7.12,11.0,11.15,12.17,6.31,36.28,63.26,4.32,52.44,139.4,77.55,7.23,,31.7,15.33
2019-10-16 07:00:00,7.04,27.17,22.45,28.64,60.09,17.81,55.87,9.98,7.01,67.14,5.1,10.69,20.75,62.75,17.65,11.85,5.56,7.34,4.65,17.22,14.49,2.52,6.78,63.03,39.44,14.37,34.19,10.22,46.45,34.52,10.1,18.8,96.38,13.09,2.17,,7.1,11.0,11.48,12.17,6.33,36.71,62.9,4.27,52.3,138.6,77.91,7.31,,31.8,15.35
2019-10-17 07:00:00,6.96,27.27,22.26,28.8,59.92,17.63,55.24,9.98,7.04,67.43,5.03,10.63,20.46,62.38,17.55,11.85,5.52,7.34,4.69,17.71,14.49,2.73,6.72,62.38,38.72,14.37,33.58,10.26,45.97,35.61,10.34,18.52,95.29,12.59,2.14,,7.03,10.9,11.41,12.07,6.34,36.32,62.9,4.2,51.95,138.4,79.06,7.27,,31.55,15.29
2019-10-18 07:00:00,6.93,27.45,21.82,28.75,59.92,17.96,54.61,9.85,7.04,67.73,5.03,10.5,20.46,62.63,17.55,11.85,5.51,7.34,4.59,17.95,14.49,2.7,6.68,61.57,38.59,14.68,33.35,10.26,46.21,35.61,10.46,18.52,94.95,12.98,2.1,,6.97,10.8,11.48,12.19,6.37,36.32,63.56,4.18,51.77,138.2,79.85,7.17,,31.85,15.27
2019-10-21 07:00:00,6.76,27.82,21.44,28.37,59.25,18.18,53.8,9.73,6.85,67.73,4.97,10.63,20.35,62.38,17.55,11.76,5.52,7.3,4.44,17.58,14.52,2.66,6.58,60.52,38.5,14.59,33.35,10.3,45.89,35.13,10.34,18.59,92.28,12.66,2.07,,6.87,10.7,11.15,11.81,6.35,35.81,63.12,4.09,51.55,139.0,80.1,7.09,,31.9,15.22
2019-10-22 07:00:00,6.73,28.28,21.44,28.26,59.0,17.89,51.47,9.73,6.96,67.21,4.71,10.56,20.14,62.81,17.61,11.49,5.52,7.3,4.45,17.26,14.55,2.66,6.59,60.03,38.43,14.55,33.46,10.3,45.89,35.26,10.22,18.29,90.77,12.88,2.1,,6.82,10.9,11.22,11.46,6.34,36.06,63.34,4.09,51.9,140.3,80.34,7.09,,31.9,15.2
2019-10-23 07:00:00,6.79,24.87,21.74,28.64,59.16,17.74,51.98,9.78,6.98,67.43,4.76,10.59,20.24,62.69,17.92,11.58,5.51,7.44,4.68,17.38,14.93,2.66,6.63,60.36,38.53,14.62,33.41,10.3,45.73,35.87,10.18,18.29,94.35,12.91,2.1,,6.87,10.95,11.24,11.46,6.28,36.24,62.67,4.13,51.9,143.0,79.67,7.05,,31.9,15.23
2019-10-24 07:00:00,6.76,27.64,21.68,28.53,59.25,17.7,51.98,9.8,6.85,68.54,4.86,10.59,20.39,63.19,18.12,11.93,5.56,7.53,4.71,17.87,14.9,2.62,6.65,60.92,38.87,14.49,33.63,10.3,45.81,35.91,10.3,18.42,94.58,13.02,2.1,,6.88,10.9,11.22,11.51,6.3,36.45,62.82,4.13,51.77,143.0,80.28,7.09,,32.3,15.29
2019-10-25 07:00:00,6.76,27.45,21.71,28.59,59.42,17.52,51.35,9.8,6.98,67.8,4.78,10.63,20.86,63.31,18.15,12.55,5.69,7.49,4.75,17.83,15.3,2.62,6.65,60.36,40.01,14.59,33.58,10.3,46.05,36.0,10.34,18.62,95.67,13.05,2.1,,7.02,10.85,11.2,11.03,6.31,37.09,62.97,4.16,51.86,144.0,80.46,7.09,,32.4,15.35
2019-10-28 07:00:00,6.81,26.71,22.15,28.59,59.33,17.45,49.9,10.08,7.01,67.8,4.76,10.63,20.9,63.62,18.05,12.46,5.67,7.46,4.8,17.54,15.3,2.62,6.69,60.36,40.2,14.43,32.8,10.34,46.13,36.04,10.34,18.57,96.61,13.05,2.1,,7.02,10.75,11.22,11.01,6.31,37.44,63.04,4.16,51.86,145.0,81.13,7.15,,32.2,15.4
2019-10-29 07:00:00,6.81,27.08,21.82,28.42,59.5,17.19,49.28,10.08,7.01,68.54,4.74,10.66,20.9,63.43,17.98,12.46,5.65,7.61,4.71,17.62,15.3,2.66,6.65,59.95,40.07,14.49,32.85,10.28,46.29,35.82,10.18,18.72,96.99,13.19,2.14,,6.98,10.65,11.12,11.03,6.3,36.96,64.08,3.6,52.17,143.5,81.13,7.1,,32.45,15.39
2019-10-30 07:00:00,6.81,27.64,21.9,28.15,59.42,17.15,49.02,10.08,6.96,66.33,4.76,10.66,20.82,63.12,17.95,12.46,5.68,7.58,4.68,17.71,15.25,2.66,6.63,59.79,39.32,14.4,32.74,10.3,46.53,35.65,10.14,19.13,97.21,13.09,2.14,,6.98,10.65,11.15,11.21,6.28,36.88,64.67,4.13,52.35,144.0,79.55,7.07,,32.65,15.36
2019-10-31 07:00:00,6.96,27.36,21.85,28.69,60.0,17.37,49.46,10.08,6.96,67.87,4.63,10.66,20.9,63.5,17.82,12.11,5.72,7.48,4.74,17.62,15.19,2.7,6.66,59.79,39.32,14.43,32.85,10.34,47.17,35.78,10.26,19.02,98.12,13.16,2.14,,6.93,10.65,11.2,11.41,6.31,37.52,65.4,4.09,52.88,144.2,78.21,7.01,,33.0,15.33
2019-11-01 07:00:00,6.84,27.45,21.98,28.53,60.59,17.41,47.77,10.01,6.9,67.87,4.64,9.98,20.82,63.56,17.78,12.11,5.73,7.51,4.74,17.34,14.96,2.7,6.65,60.36,38.75,14.46,32.68,10.3,46.85,36.0,10.26,19.0,97.93,13.09,2.14,,6.98,10.7,11.15,11.44,6.31,37.48,65.77,4.09,53.1,145.0,79.06,6.92,,33.2,15.37
2019-11-04 07:00:00,6.99,26.99,22.42,28.37,61.85,17.85,46.77,10.24,6.93,68.17,4.63,10.59,21.22,65.23,17.88,11.93,5.77,7.48,4.71,17.58,15.07,2.7,6.68,61.73,39.0,14.46,32.8,10.26,47.65,36.17,10.62,19.15,97.93,12.74,2.14,,7.12,10.85,11.22,11.61,6.31,38.25,69.83,4.11,53.64,144.3,79.31,7.02,,34.6,15.52
2019-11-05 07:00:00,7.1,26.9,22.99,28.37,62.02,17.7,46.64,10.26,6.96,69.28,4.56,10.66,21.47,65.48,18.12,12.02,5.79,7.49,4.71,17.54,15.42,2.7,6.75,61.25,39.6,14.37,32.46,10.24,47.65,36.82,10.82,19.23,97.85,12.66,2.14,,7.18,10.85,11.53,11.74,6.34,38.85,70.64,4.13,53.73,145.3,78.46,7.17,,34.95,15.62
2019-11-06 07:00:00,7.07,26.62,23.02,28.53,62.78,17.59,46.77,10.21,6.98,69.13,4.59,10.79,21.51,65.48,18.09,12.11,5.76,7.56,4.74,17.87,15.54,2.7,6.76,61.49,39.19,14.43,32.52,10.26,47.41,36.74,10.74,19.08,97.59,12.77,2.17,,7.15,10.9,11.64,11.84,6.35,38.85,71.82,4.16,53.77,143.0,78.03,7.18,,35.15,15.66
2019-11-07 07:00:00,7.07,26.71,23.02,28.8,62.19,17.59,47.08,10.14,7.01,68.46,4.66,10.95,21.4,65.23,18.02,12.02,5.72,7.61,4.88,17.79,15.65,2.73,6.81,61.33,39.35,14.43,32.07,10.28,47.09,36.74,10.7,19.15,97.55,12.95,2.17,,7.15,10.85,11.64,11.86,6.35,38.98,73.07,4.18,53.68,142.4,78.15,7.15,,35.0,15.66
2019-11-08 07:00:00,7.1,26.44,23.25,28.59,61.77,17.48,46.77,10.19,7.25,68.69,4.64,11.57,21.4,65.54,17.95,12.11,5.79,7.75,4.89,17.83,15.65,2.73,6.79,62.06,38.94,14.43,32.24,10.34,47.09,36.82,10.66,19.3,97.93,13.16,2.07,,7.25,10.85,11.72,11.79,6.35,38.89,72.26,4.18,53.33,143.0,78.27,7.17,,34.65,15.7
2019-11-11 07:00:00,7.13,22.84,23.19,28.26,61.52,17.59,45.82,10.05,7.25,69.2,4.64,11.63,21.51,64.74,17.73,12.02,5.76,7.79,4.84,17.83,15.51,2.7,6.79,60.36,38.46,14.46,32.13,10.38,47.09,36.69,10.54,19.08,95.74,13.19,2.17,,7.16,10.75,11.83,11.81,6.38,38.98,72.19,4.16,52.84,142.5,78.34,7.09,,34.6,15.62
2019-11-12 07:00:00,7.07,26.34,23.3,28.26,61.35,17.67,44.76,10.03,7.23,68.76,4.64,11.76,21.69,64.55,17.7,12.02,5.77,7.77,4.88,17.79,15.22,2.73,6.78,60.36,38.31,14.49,32.13,10.38,47.25,36.52,10.5,19.02,96.04,13.16,2.17,,7.15,10.75,11.81,11.84,6.38,39.11,71.89,4.16,52.7,142.6,77.3,7.05,,34.65,15.61
2019-11-13 07:00:00,7.13,25.79,23.81,27.99,61.01,17.52,43.94,9.89,7.25,68.46,4.74,11.63,21.87,64.61,17.66,12.11,5.77,7.8,5.14,17.62,15.22,2.84,6.74,60.19,37.55,14.65,31.57,10.22,47.65,36.91,10.58,19.05,94.35,13.23,2.14,,7.1,10.75,11.69,12.32,6.33,38.55,71.23,4.13,52.62,143.2,76.15,6.92,,34.45,15.5
2019-11-14 07:00:00,7.07,25.98,23.75,27.67,61.01,17.23,42.68,9.89,7.25,68.54,4.73,11.83,20.79,65.11,17.59,12.11,5.74,7.75,5.14,17.05,15.1,2.88,6.65,60.27,36.6,14.65,31.85,10.32,47.73,36.6,10.54,18.7,94.35,13.16,2.14,,7.03,10.65,11.55,12.54,6.33,38.63,70.93,4.11,52.79,143.1,76.27,6.84,,34.75,15.4
2019-11-15 07:00:00,7.04,25.61,23.7,27.88,61.94,17.3,42.75,9.85,7.31,70.38,4.74,12.06,20.86,65.79,17.63,12.02,5.62,7.77,5.11,17.05,15.16,2.84,6.6,60.36,36.86,14.65,32.35,10.32,47.97,36.78,10.54,18.7,88.29,13.09,2.1,,6.97,10.65,11.53,12.89,6.3,38.29,70.93,4.11,52.79,142.9,72.87,6.84,,34.95,15.38
2019-11-18 07:00:00,6.93,25.42,23.27,28.1,62.11,17.3,42.81,9.8,7.17,69.64,4.71,11.93,20.64,67.22,17.66,12.02,5.6,7.82,5.16,16.65,15.01,2.84,6.58,60.27,37.08,14.43,32.29,10.32,47.41,36.6,10.66,18.82,95.29,13.09,2.1,,6.92,10.6,11.55,13.25,6.23,37.48,70.56,4.09,52.39,142.9,73.11,6.89,,34.9,15.33
2019-11-19 07:00:00,6.93,25.61,23.19,28.37,61.68,17.56,44.38,9.8,7.15,68.76,4.59,11.93,20.79,66.35,17.63,12.02,5.66,7.82,5.32,16.65,14.9,2.84,6.55,59.87,37.14,14.46,32.24,10.3,47.41,36.04,10.78,18.97,94.54,13.16,2.1,,6.93,10.55,11.55,12.92,6.24,37.69,70.71,4.09,51.9,143.4,73.11,6.87,,35.15,15.31
2019-11-20 07:00:00,6.9,22.11,23.27,29.18,61.26,17.78,44.13,9.76,7.17,68.61,4.63,11.7,20.46,65.17,17.52,12.02,5.64,7.67,5.34,17.14,15.01,2.8,6.56,59.63,36.82,14.4,32.29,10.22,47.65,36.17,10.78,19.13,92.69,13.05,2.1,,6.9,10.35,11.48,12.69,6.27,38.34,70.2,4.09,51.55,144.2,74.87,6.78,,34.7,15.28
2019-11-21 07:00:00,6.35,25.7,23.22,28.69,60.07,17.59,42.68,9.69,7.2,68.32,4.44,10.89,20.21,64.55,17.35,12.28,5.63,7.58,5.34,17.05,15.07,2.77,6.43,57.93,35.81,14.27,31.63,10.26,47.57,35.78,10.66,18.87,90.77,13.02,2.07,,6.74,10.2,11.1,12.87,6.24,37.48,70.12,4.06,50.57,143.4,73.9,6.52,,34.8,15.0
2019-11-22 07:00:00,6.67,25.98,22.46,28.15,59.98,16.93,40.93,9.53,7.23,68.91,4.46,10.76,20.07,63.19,16.92,12.11,5.45,7.58,5.05,16.73,15.19,2.73,6.43,56.63,34.96,14.27,31.63,10.22,46.61,35.13,10.5,18.62,88.14,12.8,2.07,,6.62,10.1,10.77,13.1,6.18,36.49,66.58,4.02,51.24,142.5,73.66,6.48,,33.4,14.8
2019-11-25 07:00:00,6.7,25.98,22.29,28.1,60.41,16.97,40.8,9.57,7.2,67.8,4.46,10.85,20.17,63.56,16.85,12.02,5.46,7.58,4.95,16.52,15.25,2.7,6.46,57.12,34.11,14.3,31.68,10.18,46.77,35.3,10.38,18.39,87.46,12.77,2.04,,6.62,10.1,10.79,13.79,6.1,35.38,67.61,3.99,51.33,141.6,73.23,6.52,,33.5,14.77
2019-11-26 07:00:00,6.79,25.79,22.46,28.15,60.83,17.34,41.87,9.64,7.15,68.76,4.35,10.95,20.54,63.31,17.03,12.02,5.48,7.7,5.01,16.57,15.28,2.73,6.52,57.93,35.56,14.37,31.46,10.18,47.33,35.95,10.46,18.42,86.63,12.77,2.07,,6.6,10.1,11.01,13.56,6.13,36.19,68.79,4.04,51.15,143.0,74.51,6.58,,33.8,14.91
2019-11-27 07:00:00,6.7,24.87,22.63,28.21,60.49,17.08,41.62,9.64,7.2,68.98,4.35,10.98,20.57,63.25,16.92,12.02,5.35,7.77,5.04,16.52,15.28,2.73,6.53,57.44,35.62,14.27,31.46,10.2,46.93,35.69,10.42,18.34,86.63,12.95,2.04,,6.55,10.1,11.03,13.79,6.18,36.54,68.43,4.04,51.15,143.2,74.15,6.6,,33.9,14.9
2019-11-28 07:00:00,6.58,24.04,22.82,27.88,59.55,16.75,40.17,9.37,7.28,68.76,4.39,10.89,20.17,62.19,16.85,11.93,5.15,7.73,5.01,16.48,15.25,2.7,6.43,55.58,34.36,14.15,31.4,10.22,46.29,35.13,10.14,18.06,86.63,12.88,2.01,,6.52,10.05,10.82,14.05,6.1,36.36,67.47,3.97,50.79,143.8,73.11,6.52,,33.4,14.72
2019-11-29 07:00:00,6.58,25.15,22.85,27.88,59.47,16.86,39.36,9.27,7.28,68.69,4.37,10.95,20.17,62.32,16.64,11.93,5.17,7.73,5.05,16.57,15.28,2.7,6.37,55.82,33.64,14.21,31.52,10.14,45.97,34.7,10.03,18.21,85.12,13.02,1.94,,6.54,10.05,10.75,14.48,6.11,36.41,66.95,3.99,50.88,144.6,73.6,6.48,,33.4,14.7
2019-12-02 07:00:00,6.5,24.87,22.23,27.99,58.36,16.75,39.42,9.07,7.17,68.69,4.35,10.82,19.74,59.9,16.57,11.23,5.06,7.87,5.16,16.48,15.28,2.66,6.23,55.9,34.2,14.08,31.13,10.26,45.41,34.7,9.87,18.16,85.12,12.98,1.91,,6.44,10.0,10.68,14.28,6.16,35.55,67.39,3.95,50.57,144.9,71.84,6.35,,34.0,14.58
2019-12-03 07:00:00,6.47,25.24,22.0,27.13,56.66,16.6,38.92,8.93,7.12,68.69,4.3,10.69,19.27,60.21,16.35,10.62,5.01,7.82,5.17,16.23,15.13,2.59,6.14,52.01,33.7,13.99,30.9,10.24,44.76,34.05,9.71,17.91,85.88,12.74,1.91,,6.36,9.75,10.56,14.12,6.13,35.12,65.99,3.41,50.75,145.0,70.5,6.09,,33.5,14.43
2019-12-04 07:00:00,6.5,25.33,22.34,27.67,55.46,16.57,39.11,8.95,7.15,68.98,4.34,10.72,19.52,59.96,16.5,10.62,5.07,8.04,5.29,16.14,15.36,2.62,6.23,48.53,34.27,14.11,30.9,10.5,44.68,34.96,9.71,18.04,85.91,12.88,1.94,,6.37,9.8,10.65,14.81,6.1,34.91,66.8,3.92,50.75,145.0,70.68,6.11,,33.75,14.42
2019-12-05 07:00:00,6.61,26.07,22.37,27.62,56.23,16.53,39.11,9.21,7.28,68.91,4.35,10.72,19.81,60.46,16.39,10.88,5.49,7.94,5.21,16.31,15.51,2.62,6.34,49.01,34.9,14.15,31.29,10.69,45.08,35.52,9.91,18.14,87.01,13.02,1.78,,6.47,9.99,10.91,14.33,6.16,36.24,67.69,3.95,51.33,145.4,71.53,6.3,,34.15,14.64
2019-12-06 07:00:00,6.61,25.7,22.31,27.2,55.38,16.49,39.67,9.18,7.36,68.91,4.34,10.72,19.77,60.21,16.14,10.88,5.47,7.96,5.28,16.27,15.59,2.62,6.33,49.66,34.71,14.15,31.18,10.93,45.08,35.39,9.91,18.24,87.19,13.02,1.94,,6.44,9.99,10.91,14.23,6.13,36.15,67.54,3.9,51.28,144.1,70.62,6.29,,34.2,14.59
2019-12-09 07:00:00,6.55,25.79,22.37,26.21,55.72,16.86,40.3,9.23,7.71,68.98,4.46,10.72,19.88,60.83,16.14,10.88,5.45,8.22,5.33,16.35,15.48,2.62,6.23,48.85,34.71,14.18,31.46,10.97,45.08,35.48,9.91,18.26,88.17,13.05,1.94,,6.42,9.92,10.72,14.07,5.93,36.15,67.47,3.34,51.1,143.2,70.62,6.26,,34.6,14.58
2019-12-10 07:00:00,6.53,25.42,22.43,26.44,56.23,16.53,39.42,9.14,7.74,70.01,4.46,10.76,19.81,60.39,16.07,10.79,5.47,8.3,5.5,16.14,15.45,2.62,6.14,45.85,34.71,14.18,30.68,11.01,43.48,35.52,9.75,18.34,87.8,13.05,1.94,,6.31,9.9,10.53,13.74,5.9,36.41,64.89,3.88,50.48,143.3,71.35,6.19,,34.8,14.49
2019-12-11 07:00:00,6.53,25.42,22.46,26.32,57.51,16.49,38.73,9.02,7.63,69.64,4.4,10.66,19.96,60.39,16.11,10.7,5.45,8.23,5.47,16.14,15.48,2.26,6.14,44.07,34.8,14.15,30.62,11.01,43.48,35.82,9.75,18.52,87.76,13.02,1.91,,6.19,9.95,10.63,14.12,5.9,36.49,65.92,3.9,50.88,143.4,71.23,6.19,,34.65,14.46
2019-12-12 07:00:00,6.61,25.61,22.68,26.21,57.59,16.38,38.73,9.11,7.58,69.79,4.4,10.69,20.5,60.46,16.21,10.7,5.52,8.3,5.51,16.31,15.51,2.52,6.33,45.37,35.56,14.08,30.74,10.93,43.88,36.34,9.79,18.67,87.84,12.95,1.94,,6.26,10.0,10.7,14.94,5.9,36.84,66.36,3.9,51.19,143.9,72.2,6.27,,34.75,14.66
2019-12-13 07:00:00,6.64,25.79,23.13,26.94,57.08,16.57,38.86,9.27,7.44,70.01,4.49,10.76,20.57,60.83,16.42,10.79,5.5,8.2,5.56,16.23,15.62,2.66,6.28,46.18,35.44,14.08,30.62,10.91,44.2,35.95,9.75,18.52,87.84,12.8,1.94,,6.34,10.05,10.87,15.12,5.9,37.48,65.7,3.95,51.06,144.5,71.66,6.4,,33.55,14.69
2019-12-16 07:00:00,6.64,25.52,23.42,26.72,57.94,16.53,38.6,9.3,7.44,69.28,4.52,10.79,20.39,60.77,16.5,10.97,5.45,8.11,5.53,16.14,15.65,2.62,6.23,45.94,35.18,14.08,30.4,10.67,44.44,35.78,9.75,18.26,87.76,12.95,1.98,,6.27,10.0,10.82,14.69,5.9,36.41,63.12,3.92,51.02,142.8,71.47,6.27,,33.4,14.54
2019-12-17 07:00:00,6.58,26.71,23.3,26.44,61.51,16.35,38.86,9.27,7.5,69.05,4.57,10.82,19.92,60.52,16.64,10.88,5.29,7.89,5.32,15.88,15.36,2.62,6.11,45.13,35.69,14.08,30.9,10.93,44.44,35.56,9.75,18.26,87.76,12.95,2.01,,6.16,9.99,10.75,14.81,5.9,36.54,62.38,3.92,50.88,142.3,71.11,6.27,,32.9,14.45
2019-12-18 07:00:00,6.5,25.88,23.19,26.04,61.0,16.53,38.73,9.23,7.28,66.25,4.47,10.89,19.88,59.28,16.5,10.35,5.18,7.75,5.34,15.92,15.16,2.59,6.11,44.56,34.62,13.99,30.68,10.68,44.28,35.04,9.71,18.16,87.57,12.84,1.84,,6.08,9.9,10.68,14.94,5.89,36.54,61.2,3.95,50.88,142.2,71.23,6.26,,31.8,14.32
2019-12-19 07:00:00,6.47,26.25,23.36,26.04,60.92,16.42,38.29,9.16,7.23,67.21,4.39,10.76,20.03,59.34,16.57,10.35,5.14,7.77,5.36,15.37,15.13,2.59,6.02,44.96,34.24,13.96,30.68,10.56,44.12,35.09,9.75,18.14,87.76,12.52,1.98,,5.98,9.9,10.53,14.28,5.9,36.84,60.83,3.95,50.66,142.3,72.02,6.21,,31.85,14.29
2019-12-20 07:00:00,6.5,26.62,23.7,26.21,60.92,16.38,36.41,9.21,7.25,68.54,4.39,10.76,20.17,59.59,16.64,10.35,5.17,7.86,5.41,15.58,15.25,2.59,6.02,44.23,34.77,13.83,30.68,10.43,44.36,35.39,9.75,18.09,87.8,12.31,1.98,,5.98,9.95,10.58,14.3,5.93,37.61,61.94,3.99,50.97,142.1,72.57,6.24,,32.4,14.3
2019-12-23 07:00:00,6.55,27.36,24.12,26.21,61.34,16.2,34.96,9.34,7.17,67.14,4.39,10.82,20.24,59.28,16.89,9.56,5.17,7.91,5.42,15.45,15.42,2.52,6.12,41.8,35.03,13.83,30.85,10.56,44.84,35.87,9.79,18.01,88.29,12.88,1.91,,6.04,10.1,10.82,14.53,5.94,38.08,61.64,3.99,50.79,142.5,71.66,6.27,,32.6,14.36
2019-12-24 07:00:00,6.55,26.9,24.99,26.15,59.13,16.05,33.27,9.34,7.02,66.33,4.46,11.11,20.28,59.34,16.89,8.6,5.22,7.91,5.41,15.8,15.42,2.26,6.02,40.67,34.9,13.58,30.9,10.39,44.92,36.47,9.75,17.91,87.76,12.8,1.81,,6.01,10.1,10.79,15.2,5.94,38.08,60.32,4.02,50.79,142.8,71.66,6.24,,32.5,14.38
2019-12-25 07:00:00,6.53,27.27,24.88,26.15,58.53,16.05,32.96,9.39,7.02,67.14,4.52,10.95,20.39,59.77,16.74,9.13,5.27,7.98,5.38,15.54,15.51,2.62,6.04,44.15,35.12,13.61,30.9,10.43,44.76,36.56,9.59,18.06,87.57,12.88,1.98,,5.99,10.1,10.84,15.35,5.94,38.12,61.05,4.06,50.79,143.2,71.47,6.32,,32.7,14.47
2019-12-26 07:00:00,6.53,27.17,24.94,26.15,57.51,16.13,34.34,9.37,7.02,67.06,4.46,10.95,20.75,59.71,16.64,9.3,5.23,7.92,5.24,16.14,15.45,2.62,6.07,44.48,35.37,13.58,31.24,10.39,44.68,36.86,9.63,17.96,87.01,12.84,1.81,,5.98,10.0,10.82,15.53,5.96,38.12,61.35,4.11,50.84,143.5,71.66,6.35,,32.75,14.49
2019-12-27 07:00:00,6.5,27.17,24.83,25.87,57.85,16.05,33.83,9.32,6.94,67.65,4.46,10.95,20.54,59.65,16.46,9.13,5.24,7.87,5.16,16.01,15.51,2.66,6.05,45.37,35.5,13.61,31.29,10.48,44.52,36.86,9.24,18.01,86.82,12.88,1.78,,5.96,10.0,10.84,15.84,5.97,37.82,61.49,4.09,50.66,143.4,71.04,6.35,,32.9,14.44
2019-12-30 07:00:00,6.53,27.64,25.95,25.59,58.36,15.76,33.02,9.46,6.6,67.8,4.4,10.79,20.82,59.83,16.5,8.86,5.31,8.1,5.21,16.23,15.54,2.73,6.08,46.02,35.72,13.67,31.74,10.81,44.76,37.52,8.96,18.24,84.93,12.91,2.04,,5.98,10.1,11.03,16.12,5.96,38.89,62.23,4.09,50.75,143.5,71.35,6.42,,33.1,14.57
2019-12-31 07:00:00,6.5,27.08,25.9,25.28,58.45,16.13,32.01,9.55,6.86,67.43,4.4,10.95,20.97,58.03,16.35,8.95,5.31,8.04,5.09,16.23,15.51,2.73,6.05,45.29,35.97,13.55,32.35,10.56,44.44,37.12,9.0,18.42,84.37,12.84,1.88,,5.96,10.05,11.08,16.43,5.96,38.94,62.31,4.06,50.7,144.4,71.29,6.45,,33.95,14.58
2020-01-02 07:00:00,6.55,27.36,25.9,25.25,58.45,16.2,32.2,9.55,6.83,67.06,4.37,11.05,20.97,58.16,16.39,9.3,5.38,8.04,5.14,16.57,15.25,2.66,6.05,45.61,35.88,13.61,31.52,10.68,44.36,37.3,9.04,18.32,84.37,12.91,2.1,,5.96,10.0,11.1,16.66,5.96,38.76,62.31,4.06,50.66,146.3,71.35,6.53,,33.8,14.6
2020-01-03 07:00:00,6.61,26.99,26.35,25.31,58.36,16.49,33.46,9.73,6.8,66.92,4.34,11.21,20.75,58.72,16.07,9.92,5.43,8.29,5.28,16.57,15.19,2.7,6.17,46.02,36.35,13.52,31.18,10.48,45.32,37.34,9.2,18.52,84.37,12.91,2.1,,5.99,10.15,11.17,17.04,6.04,38.85,62.38,4.09,50.79,147.5,72.39,6.63,,34.1,14.7
2020-01-06 07:00:00,6.5,26.44,25.84,25.03,57.59,16.64,32.7,9.66,6.69,66.33,4.32,11.11,20.54,59.71,15.72,10.0,5.31,8.22,5.24,16.4,15.07,2.66,6.1,45.85,35.97,13.42,30.85,10.5,45.73,37.21,8.96,18.32,83.8,12.98,2.07,,5.96,10.0,10.89,17.14,5.96,37.81,61.05,4.02,50.84,145.6,71.53,6.5,,33.5,14.57
2020-01-07 07:00:00,6.5,25.98,25.5,24.92,57.42,16.86,32.01,9.82,6.69,65.74,4.27,11.11,20.61,59.77,15.36,9.65,5.27,8.13,5.26,16.44,15.13,2.66,6.07,45.94,35.75,13.39,30.85,9.9,45.16,36.86,8.84,18.47,83.84,13.02,2.07,,5.99,10.0,10.87,17.22,5.97,36.91,61.2,4.02,50.79,145.5,71.96,6.52,,33.6,14.51
2020-01-08 07:00:00,6.35,25.79,25.84,24.75,55.98,15.98,31.58,9.76,6.49,63.31,4.2,11.15,20.54,60.21,14.87,9.39,5.18,7.98,5.14,16.4,14.61,2.62,6.02,45.04,35.59,12.92,30.01,9.75,44.52,36.47,8.29,18.06,83.84,12.91,2.04,,5.79,9.97,10.68,17.42,5.93,37.25,59.73,3.95,50.48,144.0,71.96,6.48,,32.6,14.34
2020-01-09 07:00:00,6.41,25.61,26.86,24.92,55.46,16.05,31.51,10.01,6.44,63.38,4.25,11.18,20.64,58.84,15.08,9.56,5.28,8.13,5.28,16.31,14.55,2.62,6.04,45.77,35.78,12.98,30.07,10.48,44.6,37.12,8.53,18.11,83.24,12.98,2.07,,5.89,10.05,10.79,17.5,5.93,37.9,61.13,3.95,50.75,144.7,72.51,6.6,,33.3,14.51
2020-01-10 07:00:00,6.5,25.33,27.99,25.31,55.38,16.64,29.97,10.3,6.74,63.6,4.32,11.37,20.64,58.97,14.69,9.65,5.46,8.29,5.37,16.27,14.61,2.66,6.15,45.77,36.07,12.59,30.85,10.35,44.6,37.52,8.53,18.09,85.5,13.02,2.14,,5.91,10.15,10.87,17.58,5.98,37.99,60.98,3.95,50.97,145.3,72.51,6.76,,33.55,14.64
2020-01-13 07:00:00,6.55,25.61,27.93,25.31,56.66,17.41,31.1,10.62,6.72,64.12,4.35,11.24,20.61,58.78,15.15,9.74,5.48,8.3,5.26,16.31,14.78,2.73,6.18,45.69,36.0,12.12,30.46,10.21,44.52,38.21,8.68,18.09,87.95,13.05,2.27,,6.01,10.3,10.75,17.73,6.07,38.46,62.31,3.97,50.88,145.9,71.9,6.71,,33.6,14.66
2020-01-14 07:00:00,6.61,26.07,28.15,25.31,55.38,17.37,31.01,10.62,6.8,64.85,4.32,11.21,20.61,58.9,15.01,9.74,5.47,8.34,5.2,16.31,14.72,2.7,6.18,45.85,35.91,12.12,30.46,10.19,44.2,38.34,8.6,18.14,87.38,13.02,2.3,,6.02,10.3,10.82,17.86,6.11,38.5,63.49,4.02,50.79,145.8,71.72,6.73,,33.75,14.67
2020-01-15 07:00:00,6.7,25.79,28.15,25.42,55.64,18.03,30.95,10.65,6.86,65.44,4.3,11.37,20.54,57.79,14.94,9.74,5.48,8.58,5.42,16.31,14.75,2.7,6.24,45.37,35.88,12.25,30.35,10.48,43.8,38.38,8.53,17.98,87.76,13.05,2.3,,6.04,10.2,10.77,18.73,5.98,38.37,63.26,4.04,50.79,145.3,71.78,6.89,,33.2,14.7
2020-01-16 07:00:00,6.73,26.62,28.78,25.48,56.06,18.33,30.57,10.83,6.86,64.12,4.25,11.31,20.61,57.72,14.87,9.48,5.49,8.6,5.61,16.23,14.78,2.7,6.26,45.53,35.94,12.25,30.62,10.43,44.2,38.86,8.6,18.09,87.76,13.05,2.32,,6.08,10.3,10.82,19.93,6.17,38.42,63.34,4.04,50.79,145.8,71.78,7.05,,32.75,14.73
2020-01-17 07:00:00,6.84,25.98,29.96,25.37,55.98,18.62,30.7,11.27,6.88,64.41,4.22,11.37,20.61,57.54,14.87,9.74,5.65,8.58,5.51,16.14,14.9,2.73,6.37,44.56,36.41,12.12,30.68,10.52,44.84,38.9,8.53,18.39,87.76,12.95,2.36,,6.27,10.4,11.01,19.91,6.11,38.68,63.41,4.04,50.84,146.0,72.15,7.07,,32.5,14.84
2020-01-20 07:00:00,6.87,25.98,30.02,25.25,55.46,19.06,33.27,11.34,6.94,63.97,4.23,11.34,20.68,57.66,14.97,10.0,5.56,8.51,5.45,16.14,14.87,2.73,6.36,42.94,36.45,12.12,30.9,10.52,44.6,39.47,8.41,18.44,87.76,12.88,2.32,,6.27,10.5,10.96,20.26,5.69,40.41,63.19,4.04,50.79,147.0,72.51,7.09,,31.85,14.85
2020-01-21 07:00:00,7.02,,30.07,25.2,55.55,18.62,32.83,11.5,6.94,63.38,4.23,11.18,20.07,57.97,14.97,10.09,5.58,8.8,5.53,15.71,14.78,2.8,6.42,43.83,37.36,12.19,30.57,10.52,45.08,39.47,8.6,18.72,87.76,12.95,2.3,,6.29,10.7,11.05,20.31,5.93,40.45,63.41,4.11,50.79,146.5,72.64,7.36,,32.0,14.95
2020-01-22 07:00:00,7.02,26.71,30.35,25.31,55.55,18.4,32.64,11.47,7.0,63.53,4.25,11.18,19.77,58.53,15.12,10.09,5.64,8.91,5.64,16.05,14.96,2.8,6.5,43.18,37.39,12.39,30.9,10.6,45.57,39.21,8.64,18.57,87.04,12.88,2.4,,6.32,10.75,11.31,20.47,6.01,40.23,64.37,4.11,50.75,146.5,74.11,7.53,,32.3,15.0
2020-01-30 07:00:00,6.7,25.06,29.34,24.75,53.25,18.03,33.14,10.99,7.08,65.59,4.23,11.05,19.49,56.48,14.19,9.92,5.54,8.6,5.67,15.8,14.61,2.73,6.17,40.51,35.66,12.59,30.12,10.72,44.36,36.95,8.68,18.16,82.11,12.95,2.4,,5.98,10.2,10.75,20.72,5.98,37.6,63.26,4.02,49.82,140.0,71.17,7.28,,30.7,14.54
2020-01-31 07:00:00,6.61,25.52,29.06,23.9,50.1,17.63,33.27,11.18,6.91,72.3,3.95,11.24,18.8,53.38,13.52,9.48,5.15,8.3,5.41,15.8,14.38,2.62,6.05,40.51,34.87,12.68,30.07,10.6,42.44,36.43,8.29,17.2,76.84,12.98,2.4,,5.7,10.2,10.2,20.78,5.67,37.9,64.22,3.97,50.48,130.2,66.45,7.31,,30.05,14.15
2020-02-03 07:00:00,6.27,21.83,27.03,22.27,46.6,16.79,32.64,10.65,6.6,75.17,3.67,10.82,17.72,50.03,12.6,8.34,5.06,7.82,5.06,15.11,13.91,2.48,5.67,37.75,32.82,11.92,30.35,10.52,39.48,34.52,7.71,16.16,74.28,12.66,2.36,,5.45,9.82,9.61,20.67,5.53,35.87,60.46,3.85,49.9,121.1,61.86,6.92,,27.95,13.37
2020-02-04 07:00:00,6.5,22.66,30.24,23.12,46.94,16.97,31.39,11.61,6.72,71.63,3.78,11.11,18.44,50.9,12.85,8.95,5.32,8.3,5.26,15.37,14.15,2.59,5.86,40.1,33.57,12.39,30.23,10.68,40.04,35.78,7.5,16.89,75.33,12.49,2.6,,5.55,10.1,10.01,20.95,5.81,37.9,62.67,3.92,49.68,125.4,63.76,7.33,,28.7,13.91
2020-02-05 07:00:00,6.61,22.02,30.19,23.62,47.54,17.3,31.7,12.16,6.77,69.28,3.83,11.15,18.8,50.03,13.1,8.95,5.4,8.34,5.29,15.28,14.26,2.72,6.12,39.86,34.08,12.59,29.9,10.1,40.68,35.82,7.48,16.89,73.07,12.17,2.53,,5.58,10.25,10.18,21.08,5.91,38.37,62.97,4.02,50.22,126.8,63.27,7.74,,28.8,14.0
2020-02-06 07:00:00,6.64,24.04,29.9,23.51,48.65,17.3,31.76,12.07,6.77,67.65,3.83,11.05,18.73,50.65,13.24,9.13,5.62,8.37,5.32,15.45,14.2,2.72,6.08,38.48,34.08,12.82,29.4,10.7,41.0,35.82,7.55,16.94,71.3,12.38,2.91,,5.58,10.3,10.16,21.36,5.93,38.37,63.41,4.02,50.13,126.3,64.86,7.67,,28.8,14.05
2020-02-07 07:00:00,6.81,24.78,29.11,23.34,49.93,17.3,33.33,12.2,6.8,68.91,3.93,11.21,19.09,52.76,13.59,9.39,5.86,8.34,5.36,15.58,14.32,2.72,6.23,39.54,34.02,13.25,29.51,10.7,41.4,35.69,7.81,17.12,71.94,12.45,2.79,,5.78,10.95,10.35,21.75,5.9,38.46,64.0,4.06,49.77,127.4,65.9,8.11,,30.8,14.27
2020-02-10 07:00:00,6.76,23.49,27.7,22.84,48.73,17.3,35.78,12.0,6.8,70.82,3.91,11.15,18.84,52.14,13.31,9.21,5.77,8.25,5.26,15.37,14.32,2.76,6.1,39.54,33.38,13.28,29.62,10.66,40.6,35.13,7.62,17.0,73.45,12.38,2.68,,5.55,10.8,10.23,22.03,5.87,38.24,63.26,3.97,50.22,128.8,65.71,8.02,,31.0,14.12
2020-02-11 07:00:00,6.79,23.03,27.7,22.78,48.82,17.3,38.92,12.3,6.83,72.74,3.91,11.18,19.05,53.01,13.45,9.39,5.71,8.08,5.2,15.45,14.38,2.76,6.12,39.86,33.45,13.51,29.51,10.7,41.24,35.35,7.66,17.15,73.07,12.45,2.68,,5.74,10.9,10.32,22.54,5.9,38.42,63.04,3.99,50.22,128.3,65.53,8.0,,30.5,14.2
2020-02-12 07:00:00,6.87,23.95,28.61,22.89,48.9,17.41,38.73,12.46,6.8,72.22,3.98,11.24,19.41,53.13,13.42,9.48,5.75,8.08,5.21,15.37,14.43,2.76,6.2,40.51,33.67,13.81,29.62,10.66,42.28,35.43,7.82,17.5,71.94,13.44,2.83,,5.78,11.4,10.49,22.92,5.96,38.5,63.56,4.02,49.77,128.4,65.65,8.37,,31.25,14.29
2020-02-13 07:00:00,7.25,23.95,28.15,23.12,48.82,16.93,40.11,12.14,6.91,70.75,4.03,11.24,19.41,53.26,13.56,9.3,5.76,8.13,5.12,15.37,14.41,2.37,6.21,40.59,34.05,13.84,29.73,10.68,42.28,35.52,8.17,17.45,72.13,14.63,2.75,,5.79,11.3,10.58,23.08,5.94,38.37,63.04,4.06,49.5,128.4,65.29,8.26,,31.0,14.29
2020-02-14 07:00:00,7.36,23.49,28.21,22.86,48.56,17.15,39.36,12.23,6.86,70.01,4.03,11.18,19.52,54.0,13.66,9.39,5.66,8.04,5.21,15.41,14.03,2.72,6.27,40.06,33.42,13.58,29.68,10.7,42.6,35.65,8.13,17.6,72.55,14.78,2.82,,5.78,11.45,10.82,22.46,5.97,38.46,63.04,4.2,48.88,128.4,65.29,8.67,,31.3,14.38
2020-02-17 07:00:00,7.51,23.95,28.27,22.95,48.05,17.15,39.74,12.09,6.86,69.28,4.05,11.21,19.52,54.19,14.09,9.74,5.65,8.13,5.36,15.28,14.06,2.84,6.34,39.66,33.51,13.65,29.62,10.68,42.2,35.65,8.09,17.66,71.36,14.49,2.83,,5.83,11.5,10.98,22.57,6.1,38.5,63.78,4.25,46.66,128.5,65.41,8.72,,31.2,14.34
2020-02-18 07:00:00,7.59,24.04,29.06,23.34,47.71,16.9,43.31,12.18,6.88,71.85,4.05,11.24,19.63,53.26,14.05,9.74,5.67,8.03,5.36,15.45,14.12,2.88,6.31,39.86,33.76,13.38,29.57,10.68,42.12,35.74,8.13,17.71,68.3,14.78,2.83,,5.74,11.35,11.12,22.57,6.1,38.46,63.12,4.27,46.22,128.4,64.49,8.76,,30.5,14.3
2020-02-19 07:00:00,7.48,23.95,28.89,24.33,47.29,16.82,43.31,12.27,6.94,70.75,4.08,11.21,20.07,52.94,13.95,9.83,5.56,7.96,5.35,15.28,14.15,2.8,6.26,40.18,34.36,13.35,29.51,10.7,42.28,36.3,8.17,17.76,67.14,15.09,2.75,,5.76,11.3,11.08,22.64,6.04,38.46,62.82,4.18,46.0,128.3,64.31,8.96,,29.8,14.3
2020-02-20 07:00:00,7.54,23.95,28.89,24.41,48.05,16.9,42.25,12.2,6.94,70.53,4.12,11.18,20.07,52.88,14.02,10.18,5.6,8.01,5.35,15.45,14.17,2.41,6.28,40.83,34.77,13.35,30.12,10.7,42.52,36.74,8.29,17.81,68.64,15.34,2.72,,5.78,11.2,11.01,22.64,6.06,38.55,63.34,4.2,46.66,128.0,65.1,9.11,,30.3,14.39
2020-02-21 07:00:00,7.19,24.23,27.51,24.64,48.99,16.9,41.49,11.75,6.88,71.12,4.22,10.98,19.77,53.01,14.05,10.0,5.58,8.1,5.41,15.62,14.15,2.56,6.15,41.72,34.65,13.45,29.9,10.68,42.28,36.21,8.41,17.76,69.06,15.34,2.68,,5.76,11.2,10.91,22.49,6.01,38.46,63.41,4.25,47.91,128.4,65.84,9.19,,30.7,14.4
2020-02-24 07:00:00,6.87,23.03,26.12,23.62,46.43,16.13,39.11,11.15,6.69,71.49,4.01,10.72,18.98,51.83,13.1,9.48,5.4,7.82,5.16,15.37,14.03,2.6,5.85,41.32,33.35,12.72,29.62,10.66,40.28,35.22,7.9,17.07,67.95,15.13,2.64,,5.36,10.75,10.16,21.26,5.74,37.16,61.42,4.13,46.88,127.3,64.92,8.73,,29.1,13.92
2020-02-25 07:00:00,6.67,22.11,25.39,22.95,47.29,16.2,36.72,11.15,6.6,72.22,4.0,10.72,18.8,51.21,12.96,9.3,5.34,7.79,5.04,15.37,14.09,2.29,5.78,40.35,33.2,12.59,29.51,10.64,40.12,35.13,7.6,16.79,67.68,15.13,2.72,,5.23,10.7,9.83,19.78,5.59,37.08,59.73,4.06,47.06,125.2,64.92,8.54,,28.8,13.85
2020-02-26 07:00:00,7.02,22.48,26.43,23.12,47.29,16.24,38.6,11.63,6.83,71.49,4.03,11.05,19.16,49.41,12.99,9.92,5.42,7.82,5.1,15.45,14.15,2.25,5.92,39.7,33.29,12.85,29.68,10.68,40.12,35.13,7.66,17.1,67.6,15.34,2.83,,5.25,10.95,10.2,18.6,5.81,36.3,59.21,4.04,46.22,124.8,64.31,9.03,,28.75,13.95
2020-02-27 07:00:00,6.99,22.66,26.21,23.12,46.52,16.13,38.98,11.72,6.83,71.04,4.05,11.05,19.74,48.48,13.17,10.53,5.48,7.82,5.12,15.45,14.17,2.68,5.95,39.54,33.51,13.05,29.57,10.66,40.12,35.91,7.9,17.15,66.45,15.2,3.15,,5.27,11.15,10.49,17.47,5.81,35.82,58.25,4.13,46.26,122.7,63.57,9.07,,28.75,13.92
2020-02-28 07:00:00,6.64,22.29,25.42,22.89,46.43,15.36,38.92,11.45,6.8,70.75,4.01,10.98,19.74,46.61,13.1,10.53,5.39,7.67,5.01,15.24,14.15,2.37,5.92,38.64,32.97,12.88,29.4,10.66,40.2,35.39,7.7,17.17,62.16,15.13,3.38,,5.22,11.35,10.32,16.27,5.96,34.61,57.88,4.18,45.77,121.8,63.08,8.73,,28.05,13.7
2020-03-02 07:00:00,7.04,23.58,25.39,22.67,46.6,15.47,38.92,11.63,6.83,68.46,4.03,11.02,19.81,46.8,13.13,10.35,5.43,7.65,5.0,15.28,14.2,2.72,5.95,38.77,33.42,13.05,29.57,10.68,40.68,35.3,7.72,17.27,62.16,14.88,3.58,,5.2,11.75,10.44,15.94,5.98,35.13,58.25,4.16,45.64,119.4,63.57,8.73,,28.2,13.79
2020-03-03 07:00:00,7.3,23.03,25.78,22.78,46.77,15.54,40.86,11.88,6.83,69.05,4.08,11.21,20.14,49.66,13.45,10.88,5.47,7.68,5.04,15.37,14.23,2.56,6.05,39.29,33.54,13.08,29.68,10.68,40.28,35.39,7.84,17.25,64.84,14.04,4.05,,5.27,12.15,10.63,17.04,6.06,35.52,59.14,4.27,46.44,120.3,64.06,8.83,,28.45,13.95
2020-03-04 07:00:00,7.3,22.66,25.9,23.06,46.86,16.13,43.0,11.91,6.77,67.06,4.15,11.18,19.85,48.29,13.45,10.88,5.49,7.7,5.02,15.45,14.26,2.92,5.99,39.41,33.01,12.98,29.51,10.72,40.2,35.39,7.82,17.11,64.46,14.28,4.25,,5.25,12.1,10.49,17.09,6.06,35.0,58.18,4.25,46.0,119.9,64.0,8.65,,28.1,13.83
2020-03-05 07:00:00,7.33,22.94,26.24,23.37,46.94,16.35,42.06,11.98,6.83,64.34,4.29,10.89,19.74,48.48,13.52,10.88,5.5,7.7,5.11,15.54,14.35,3.35,6.01,39.82,32.97,13.12,29.62,10.77,40.28,35.43,7.97,17.14,64.84,14.35,4.64,,5.43,12.2,10.53,15.97,6.21,35.52,59.06,4.23,46.13,121.4,64.0,8.86,,28.6,13.9
2020-03-06 07:00:00,7.25,22.38,25.67,23.4,46.52,15.62,41.24,11.66,6.8,69.2,4.18,10.95,19.34,47.86,13.45,10.79,5.45,7.67,5.04,15.32,14.2,2.96,5.94,40.59,32.0,13.05,29.51,10.68,39.72,34.78,7.9,16.85,62.16,14.14,4.72,,5.43,12.1,10.3,15.68,6.14,35.44,58.25,4.18,45.82,119.9,63.45,8.86,,28.2,13.76
2020-03-09 07:00:00,6.64,19.44,24.6,21.96,43.71,14.74,40.86,10.99,6.38,65.15,3.95,10.46,18.18,44.75,12.57,,5.16,7.18,4.69,14.51,13.33,2.84,5.6,41.32,30.26,12.35,28.79,10.19,37.04,32.57,7.42,15.86,58.05,13.23,4.41,,5.13,11.4,9.71,14.89,5.81,33.97,55.52,3.57,43.42,112.1,59.41,8.34,,26.55,12.96
2020-03-10 07:00:00,6.61,19.8,23.3,21.54,40.68,14.66,38.79,10.6,6.38,61.32,3.93,10.53,18.18,41.65,12.18,,4.95,7.06,4.43,14.59,13.33,2.56,5.46,42.13,28.46,12.32,28.95,10.14,34.47,30.79,7.1,15.44,57.94,13.02,3.97,,4.92,10.85,9.5,13.87,5.49,32.58,52.35,3.71,40.53,107.8,58.79,8.0,,25.15,12.5
2020-03-11 07:00:00,6.64,20.73,22.26,21.88,38.6,15.1,37.98,10.46,6.41,64.85,3.88,10.33,17.9,39.6,11.86,,4.75,6.94,4.34,14.51,13.16,2.84,5.21,39.86,27.58,12.45,28.84,10.27,32.63,29.75,7.08,15.6,58.32,12.66,3.74,,4.79,10.65,9.12,12.92,5.59,32.15,52.5,3.71,40.48,106.5,60.75,7.88,,24.6,12.39
2020-03-12 07:00:00,6.21,18.98,20.71,20.61,36.17,14.66,35.34,9.89,6.13,61.32,3.74,10.17,17.1,36.87,11.68,,4.51,6.6,4.05,13.82,12.41,2.56,4.93,37.67,25.65,11.89,28.73,10.06,30.47,27.67,6.62,14.82,54.52,12.0,4.25,,4.46,9.93,8.48,12.03,5.55,30.98,52.5,3.55,40.13,99.1,59.41,7.35,,24.2,11.8
2020-03-13 07:00:00,5.92,18.06,19.27,19.32,33.65,14.08,32.89,9.3,5.9,58.22,3.54,10.11,16.34,34.32,10.87,,4.21,6.18,3.77,13.61,11.68,2.6,4.6,37.67,23.89,11.13,28.51,10.23,28.35,25.76,6.17,13.97,52.95,11.19,3.97,,4.19,9.28,7.89,11.21,5.36,28.82,49.4,3.36,37.95,94.0,58.3,6.84,,22.55,11.15
2020-03-16 07:00:00,5.98,18.24,18.37,20.25,32.8,14.48,32.33,9.39,6.32,58.96,3.74,9.98,17.17,34.76,10.97,,4.24,6.53,3.87,13.39,11.59,2.56,4.77,38.48,23.35,11.13,28.45,10.19,29.07,24.85,6.56,14.74,53.33,10.41,4.13,,4.36,9.8,8.13,10.49,5.57,28.74,49.77,3.48,38.48,96.0,59.1,6.83,,22.55,11.5
2020-03-17 07:00:00,5.8,17.96,17.27,19.71,31.1,14.08,30.76,8.88,6.24,56.75,3.64,9.81,16.81,34.88,10.9,8.42,4.02,6.41,3.86,13.56,11.54,2.6,4.58,38.64,22.59,10.8,28.29,10.19,29.23,23.12,6.64,14.74,54.1,9.92,4.09,,4.23,9.56,7.96,11.23,5.57,27.48,49.77,3.01,38.93,97.7,58.18,6.35,,22.05,11.25
2020-03-18 07:00:00,6.03,18.7,19.16,20.42,33.23,14.19,34.34,9.6,6.32,57.48,3.91,10.33,17.48,35.88,11.75,9.17,4.17,6.67,4.05,13.82,12.03,2.29,4.8,39.54,24.3,11.29,27.84,10.27,32.03,24.72,6.8,15.97,52.18,10.45,4.33,,4.49,10.0,8.36,11.54,5.91,29.39,49.77,3.48,38.44,98.0,58.18,6.81,,21.25,11.5
2020-03-19 07:00:00,5.98,17.5,18.48,20.02,31.35,14.37,32.64,9.09,6.15,56.75,3.88,10.14,17.21,34.08,11.61,8.6,3.93,6.51,3.85,13.61,11.71,2.64,4.66,38.93,23.54,11.19,27.9,10.23,32.11,23.42,6.63,15.7,48.73,10.2,4.52,,4.39,9.6,8.1,11.54,5.9,28.52,47.93,3.38,36.93,95.1,54.51,6.55,,20.7,11.12
2020-03-20 07:00:00,6.06,17.13,18.56,20.02,29.56,14.22,32.96,9.0,6.27,56.82,3.98,9.94,17.12,34.76,11.36,8.0,3.91,6.41,3.84,13.35,11.57,2.29,4.64,38.72,23.63,11.29,27.34,10.17,32.11,23.16,6.64,15.73,46.08,9.92,4.49,,4.49,9.74,8.1,10.75,5.91,26.58,47.04,3.41,36.66,97.4,54.51,6.71,,20.4,11.15
2020-03-23 07:00:00,5.57,14.92,17.38,18.7,27.52,13.6,31.45,8.45,6.04,53.5,3.76,9.65,16.05,33.46,10.83,7.46,3.85,5.96,3.6,12.62,10.96,2.25,4.34,37.59,22.66,10.83,27.51,10.23,30.27,22.21,6.21,14.77,44.97,9.64,4.56,,4.26,9.12,7.63,10.0,5.81,24.72,43.8,3.01,34.13,95.8,51.26,6.39,,19.0,10.46
2020-03-24 07:00:00,5.51,14.74,17.32,18.56,27.69,12.9,31.39,8.08,6.04,53.36,3.76,9.81,15.73,33.83,10.62,7.24,3.7,5.74,3.36,12.88,10.67,2.17,4.2,39.13,21.08,10.83,28.62,10.25,28.35,21.82,5.89,14.74,42.78,8.97,4.56,,4.03,8.8,7.56,9.31,5.96,24.46,40.78,3.03,31.77,94.6,51.26,6.06,,17.7,10.35
2020-03-25 07:00:00,5.77,16.4,18.51,19.24,30.84,13.71,33.14,8.61,5.45,56.67,3.93,10.04,16.32,36.12,11.15,7.64,3.79,5.99,3.4,13.18,11.1,2.17,4.38,39.29,21.77,11.0,28.56,10.23,30.83,22.99,6.13,15.14,44.47,8.37,4.68,,4.21,8.9,7.7,8.67,6.11,25.8,39.82,3.2,30.22,96.6,55.18,6.42,,16.9,10.4
2020-03-26 07:00:00,5.69,16.12,18.14,19.35,31.95,13.53,32.01,8.61,5.82,58.96,3.88,9.85,15.98,36.31,11.19,7.5,3.74,5.82,3.25,13.39,11.19,2.33,4.38,39.33,21.46,10.93,28.4,10.27,31.23,23.33,6.0,15.09,46.04,8.16,4.68,,4.26,8.7,7.61,8.7,5.81,26.58,42.18,3.2,33.6,94.6,54.38,6.32,,18.0,10.64
2020-03-27 07:00:00,5.63,15.84,18.28,19.4,32.38,13.53,31.89,8.56,5.68,56.75,3.91,9.42,15.51,35.44,11.04,7.34,3.61,5.44,3.19,13.22,11.19,2.37,4.22,39.29,19.97,10.86,28.4,10.23,30.51,22.16,5.96,14.88,47.96,8.8,4.76,,4.08,8.21,7.37,8.78,5.6,27.01,43.13,3.17,35.33,94.2,56.34,6.13,,18.6,10.55
2020-03-30 07:00:00,5.17,14.28,17.32,18.59,30.12,12.68,29.85,8.11,5.54,56.08,3.84,9.52,14.5,33.83,10.48,6.91,3.37,5.25,3.09,12.62,10.84,2.09,3.96,39.21,18.59,10.6,28.45,10.23,29.61,20.95,5.6,14.11,46.27,8.9,4.41,,3.8,7.64,7.04,8.39,5.22,25.84,41.14,2.89,35.91,93.2,54.51,5.93,,19.0,10.0
2020-03-31 07:00:00,5.02,14.74,16.64,18.62,30.42,13.05,28.22,7.6,5.17,57.85,3.88,9.52,14.5,33.52,9.98,7.02,3.19,5.25,2.89,12.36,10.14,2.13,3.83,39.05,17.77,10.6,28.73,10.14,29.94,19.52,5.41,13.89,46.46,8.48,4.25,,3.66,7.12,6.61,8.32,4.86,25.93,38.34,2.92,35.73,96.0,55.12,5.52,,18.55,9.95
2020-04-01 07:00:00,4.65,15.2,17.38,19.07,31.44,13.27,27.62,7.79,5.2,58.22,3.96,9.1,14.75,33.95,10.51,7.11,3.54,5.74,2.99,12.19,10.43,2.17,3.88,39.54,18.43,10.76,28.79,10.19,30.37,19.99,5.53,14.64,46.27,8.69,4.33,,3.83,7.2,6.78,8.32,4.52,26.58,39.23,2.99,36.0,97.0,55.73,5.21,,18.1,10.1
2020-04-03 07:00:00,5.23,15.94,18.39,19.69,34.51,13.56,28.81,8.47,5.48,58.22,4.17,9.26,15.44,35.69,10.58,7.46,3.76,5.93,3.25,12.1,10.49,2.01,4.15,40.1,19.66,11.0,28.51,10.21,33.15,21.8,5.92,15.2,47.96,8.9,4.6,,4.23,7.9,7.32,8.47,4.6,27.66,40.7,3.06,38.22,99.0,57.57,5.6,,18.9,10.49
2020-04-06 07:00:00,5.51,16.76,19.8,20.59,36.08,13.6,32.01,8.7,5.59,60.14,4.25,9.55,16.45,37.86,10.9,7.68,3.88,6.17,3.49,12.62,10.46,2.01,4.41,43.02,22.06,11.36,28.62,10.23,33.66,23.53,6.16,15.49,48.73,9.04,4.72,,4.56,8.61,7.61,8.65,4.75,28.52,43.21,3.15,40.57,99.0,58.18,5.83,,19.85,10.83
2020-04-07 07:00:00,5.77,17.5,20.31,21.32,38.08,13.6,32.64,8.98,5.96,61.17,4.15,9.75,16.81,38.36,11.33,7.73,3.98,6.29,3.56,13.05,10.67,2.48,4.57,44.64,22.37,11.79,28.29,10.23,32.14,24.37,6.2,15.49,50.65,8.94,5.59,,4.62,9.01,7.94,9.85,4.79,28.87,45.79,3.27,41.33,97.2,58.67,6.08,,21.1,11.3
2020-04-08 07:00:00,5.69,17.5,19.8,21.37,38.17,13.64,32.64,8.75,5.9,60.43,4.13,9.62,16.54,37.74,10.97,7.72,3.97,6.3,3.56,12.96,10.72,2.41,4.48,44.96,22.56,11.86,28.51,10.35,32.05,24.06,6.12,15.49,52.18,9.01,5.74,,4.49,8.8,7.7,9.65,4.68,28.87,47.19,3.24,41.77,97.5,59.1,6.06,,21.3,11.28
2020-04-09 07:00:00,5.77,17.5,21.24,22.5,40.04,13.27,33.4,9.07,6.01,61.54,4.63,9.78,16.81,39.17,11.47,7.98,3.99,6.39,3.71,13.22,11.3,2.48,4.57,47.07,23.03,12.19,28.84,10.31,32.9,24.9,6.87,15.84,53.72,9.25,5.98,,4.95,9.18,7.96,10.49,4.88,29.39,50.73,3.29,41.68,98.6,60.75,6.11,,22.3,11.55
2020-04-10 07:00:00,5.49,17.32,20.71,22.22,38.81,13.27,33.27,8.84,6.18,64.71,4.56,9.52,16.59,40.34,11.33,8.69,3.92,6.3,3.66,12.96,11.3,2.52,4.5,47.23,22.28,12.06,28.62,10.23,33.4,24.86,6.71,15.86,53.72,9.43,5.9,,4.97,8.95,7.87,9.98,4.82,30.08,49.4,3.29,41.64,102.0,60.08,5.93,,23.0,11.48
2020-04-13 07:00:00,5.17,17.04,20.65,21.99,39.11,13.49,33.52,8.82,6.24,65.66,4.64,9.65,16.67,41.9,11.68,8.91,3.83,6.44,3.68,12.88,11.36,2.48,4.51,47.07,22.72,11.92,28.62,10.31,34.04,25.13,6.71,15.92,54.1,9.5,6.22,,4.97,9.01,7.91,9.54,4.88,30.25,49.48,3.27,42.17,112.0,60.2,6.19,,23.7,11.6
2020-04-14 07:00:00,5.69,16.95,20.2,22.1,38.51,13.49,32.01,8.61,6.35,64.12,4.59,9.72,16.99,40.59,11.54,8.77,3.87,6.62,3.82,12.92,11.65,2.48,4.51,46.34,23.16,12.06,28.56,10.31,32.9,25.04,6.99,15.92,54.21,9.57,6.33,,4.87,8.94,7.98,9.67,4.88,29.3,49.03,3.29,42.0,109.5,60.45,6.58,,24.8,11.64
2020-04-15 07:00:00,5.77,17.5,20.71,22.22,39.96,13.6,33.27,8.79,6.35,64.12,4.81,9.68,18.02,40.66,11.75,9.21,3.96,6.87,4.11,13.91,11.83,2.52,4.63,49.18,23.86,12.15,28.51,10.31,33.02,25.61,7.11,16.21,55.06,9.88,6.92,,5.04,9.18,8.13,9.77,4.92,30.12,49.77,3.34,42.17,106.0,60.75,7.01,,25.65,11.82
2020-04-16 07:00:00,5.8,17.78,20.74,22.44,40.21,13.56,35.59,8.88,6.27,64.48,4.71,9.72,17.82,40.84,11.82,9.3,4.04,6.8,4.25,13.99,11.88,2.76,4.66,48.28,23.79,12.25,28.62,10.23,33.61,25.48,7.0,16.32,58.7,9.71,6.88,,5.0,9.5,8.13,9.98,5.05,30.16,49.25,3.36,42.08,110.6,60.57,6.84,,25.35,11.9
2020-04-17 07:00:00,5.92,19.8,20.99,23.79,40.47,14.74,37.66,9.16,6.58,65.0,4.68,9.75,18.15,41.9,12.6,9.39,4.25,6.96,4.25,14.34,11.97,2.8,4.83,49.01,24.45,12.39,28.9,10.31,34.54,26.32,7.11,16.4,63.31,9.32,6.88,,5.14,9.72,8.27,10.11,5.13,30.64,49.77,3.43,39.64,116.0,60.63,6.89,,26.2,11.95
2020-04-20 07:00:00,5.95,20.27,20.85,25.03,40.21,14.48,37.54,9.09,6.86,65.44,4.71,9.81,18.33,41.65,12.6,9.39,4.21,7.08,4.42,14.59,12.06,2.72,4.83,48.12,25.97,12.42,28.51,10.29,34.92,26.37,7.14,16.32,64.5,10.31,6.77,,5.14,9.54,8.27,11.08,5.19,30.6,50.14,3.43,42.17,116.5,61.24,6.78,,25.8,12.17
2020-04-21 07:00:00,5.69,17.78,19.58,24.19,38.85,13.64,36.03,8.59,6.97,66.33,5.02,9.65,17.68,40.03,11.89,8.74,3.95,6.94,4.14,13.91,11.42,2.56,4.55,45.45,24.8,12.39,28.68,10.23,34.46,25.22,7.18,15.6,65.22,10.03,6.18,,4.87,8.97,7.89,10.49,4.85,29.3,48.74,3.31,41.11,113.0,58.67,6.37,,24.4,11.72
2020-04-22 07:00:00,5.6,18.52,18.68,23.68,37.57,13.78,33.96,8.43,6.83,64.19,4.97,9.72,17.61,37.86,11.68,8.42,3.82,6.99,4.05,13.78,11.48,2.52,4.44,44.96,24.33,12.78,28.51,10.14,32.73,24.9,7.22,15.38,61.31,9.5,5.7,,4.78,8.73,7.68,9.82,4.82,29.82,48.08,3.24,40.22,113.8,58.67,6.19,,22.8,11.36
2020-04-23 07:00:00,5.86,19.07,20.37,25.03,40.04,14.11,34.84,8.79,7.19,67.06,5.2,9.94,18.44,40.22,12.42,8.77,4.0,7.34,4.73,14.51,11.74,2.72,4.67,47.15,25.87,13.05,28.68,10.31,34.16,26.15,7.5,15.7,68.56,9.85,6.33,,5.08,9.15,8.01,10.26,4.96,29.73,48.37,3.38,41.2,115.5,58.73,6.48,,23.6,11.92
2020-04-24 07:00:00,5.63,18.42,19.92,25.14,39.53,13.93,34.84,8.7,7.11,67.43,5.03,9.85,18.11,40.16,12.25,8.73,3.97,7.34,4.91,14.25,11.83,2.68,4.63,46.34,25.62,12.95,28.68,10.27,34.25,26.19,7.37,15.65,67.22,9.71,6.3,,4.99,9.04,7.98,10.18,5.02,29.17,47.41,3.36,41.06,114.7,59.71,6.37,,23.5,11.85
2020-04-27 07:00:00,5.77,19.62,19.8,25.48,39.58,14.0,38.6,8.63,7.5,66.7,4.8,9.65,18.26,39.72,12.32,8.86,4.01,7.53,5.02,14.42,11.86,2.64,4.57,47.39,25.62,13.48,28.79,10.23,33.87,25.7,7.62,16.13,67.14,9.64,6.26,,4.99,8.99,8.03,10.46,4.94,28.87,47.19,3.31,40.88,113.0,62.96,6.83,,23.45,12.12
2020-04-28 07:00:00,5.77,21.19,19.47,25.59,38.42,14.41,38.92,8.56,7.39,66.4,4.96,9.65,18.15,38.73,12.39,9.39,3.98,7.32,5.1,14.34,11.86,2.64,4.54,46.99,25.37,13.38,28.95,10.23,32.94,25.26,7.82,15.94,65.22,9.5,5.74,,4.89,8.94,7.96,10.31,4.88,28.18,47.56,3.31,40.66,112.2,61.06,6.68,,22.3,11.85
2020-04-29 07:00:00,5.83,21.46,19.75,26.1,38.85,14.37,39.23,8.75,7.31,68.17,5.01,9.68,18.26,39.1,13.03,9.48,4.05,7.24,5.03,14.42,11.91,2.72,4.61,47.64,24.93,13.58,28.84,10.33,33.49,25.13,8.13,15.97,62.54,9.57,6.18,,4.93,9.0,8.03,10.54,4.88,28.95,46.67,3.36,40.22,112.1,60.63,6.68,,22.6,11.9
2020-05-04 07:00:00,5.8,20.91,19.8,26.15,37.57,14.15,38.29,8.95,7.5,69.28,4.75,9.62,18.0,39.48,12.57,9.3,4.07,7.24,5.07,14.72,12.06,2.72,4.61,46.26,25.05,13.28,29.01,10.89,33.74,24.9,7.75,15.73,59.47,9.71,6.1,,4.85,8.98,8.1,10.41,4.88,28.87,46.9,3.34,39.99,113.9,59.41,6.35,,22.8,11.75
2020-05-05 07:00:00,5.83,19.53,19.86,25.91,37.49,14.11,37.35,9.0,7.5,69.13,4.7,9.55,18.22,39.72,12.5,8.77,4.18,7.34,5.3,14.98,12.12,2.72,4.55,45.69,24.86,13.21,28.95,10.72,33.32,24.68,7.51,15.76,57.9,9.92,5.94,,4.81,8.93,8.2,10.29,4.94,28.87,46.75,3.31,40.8,111.2,60.02,6.52,,23.5,11.78
2020-05-06 07:00:00,5.83,20.54,19.92,26.0,37.91,14.11,38.29,8.95,7.98,68.98,4.75,9.62,18.44,41.4,12.6,9.78,4.19,7.41,5.37,15.8,12.0,2.72,4.57,45.13,24.93,13.25,28.68,10.52,34.5,24.82,7.55,15.97,58.32,9.85,5.82,,4.85,8.93,8.15,11.1,4.99,28.74,46.75,3.34,41.11,111.7,61.06,6.61,,23.55,11.82
2020-05-07 07:00:00,6.01,20.82,20.48,26.03,39.19,14.26,41.43,9.21,8.09,70.38,4.87,9.65,18.94,42.02,12.71,10.35,4.2,7.68,5.48,17.17,12.2,2.76,4.64,46.99,25.72,13.28,28.79,10.64,35.09,25.17,7.86,16.13,61.39,9.85,6.1,,4.93,9.17,8.24,11.16,5.09,29.26,48.81,3.34,41.77,112.2,62.16,6.78,,24.65,12.15
2020-05-08 07:00:00,6.06,21.19,21.19,25.97,40.04,14.44,41.05,9.44,7.98,70.68,4.86,9.78,19.38,42.64,12.85,10.53,4.22,8.06,5.44,17.26,12.29,2.8,4.77,47.72,26.19,13.18,29.51,10.64,35.6,25.66,7.9,16.21,65.22,10.03,6.1,,5.04,9.4,8.36,11.1,5.12,30.16,49.99,3.38,42.71,115.1,63.69,7.01,,25.0,12.32
2020-05-11 07:00:00,6.18,21.37,21.41,25.91,40.9,14.26,41.18,9.57,7.9,70.75,4.82,9.85,19.27,43.45,12.78,10.31,4.36,8.03,5.44,17.43,12.32,2.88,4.8,49.09,26.44,13.28,28.9,10.72,36.82,25.84,7.87,16.24,64.84,10.27,6.65,,5.22,9.54,9.14,11.16,5.13,31.33,52.2,3.43,42.62,117.6,64.12,7.56,,24.8,12.7
2020-05-12 07:00:00,5.66,21.74,21.41,26.44,40.47,14.26,40.86,9.55,8.15,70.37,4.87,9.75,19.38,44.07,13.35,10.57,4.45,8.06,5.42,17.47,12.38,2.96,4.83,50.07,26.03,13.28,29.23,10.85,36.61,26.01,7.9,16.21,66.38,10.17,6.73,,5.27,9.46,9.26,11.67,5.26,32.15,53.09,3.5,42.22,116.6,65.78,7.61,,24.95,12.77
2020-05-13 07:00:00,6.21,20.73,21.33,27.38,41.36,14.74,42.37,9.69,8.2,69.68,5.03,9.23,20.07,44.69,13.38,10.88,4.4,8.03,6.13,17.77,12.72,2.96,4.95,49.01,25.59,13.65,28.68,10.89,37.62,27.48,8.01,16.45,63.69,10.06,6.65,,5.23,9.55,9.35,11.26,5.63,31.11,52.28,3.06,40.66,109.2,67.37,7.51,,24.5,12.72
2020-05-14 07:00:00,6.06,21.46,22.0,27.5,42.17,15.1,43.31,9.78,7.95,69.68,4.94,9.78,20.54,44.19,13.45,10.79,4.56,8.17,6.21,18.11,13.04,2.96,4.98,49.42,25.87,13.98,28.68,11.26,37.83,28.05,8.01,16.82,65.61,10.34,6.65,,5.29,9.79,9.5,11.36,6.08,32.37,51.91,3.53,41.73,112.8,68.9,7.61,,23.9,12.94
2020-05-15 07:00:00,6.06,20.82,21.67,27.06,41.07,14.74,42.06,9.55,8.77,69.99,4.8,9.91,20.22,44.01,13.45,10.53,4.47,8.06,6.11,18.2,12.75,2.88,4.93,50.31,25.87,13.55,29.01,11.47,37.54,27.25,7.88,16.45,66.07,10.34,6.1,,5.31,9.8,9.45,11.59,5.9,32.67,51.98,3.48,42.57,113.8,67.0,7.64,,24.1,12.85
2020-05-18 07:00:00,6.18,20.73,21.44,26.85,40.9,14.88,41.68,9.48,8.71,69.61,4.71,9.94,20.07,44.44,13.56,10.35,4.47,8.27,6.2,18.54,12.58,2.84,4.89,49.74,25.87,13.41,28.73,11.43,37.54,27.25,7.86,16.42,66.11,10.27,5.51,,5.29,9.68,9.4,11.51,5.93,32.76,52.28,3.01,42.44,113.1,66.76,7.71,,24.05,12.87
2020-05-19 07:00:00,6.35,20.91,21.95,27.5,41.32,14.99,42.68,9.98,8.88,69.68,4.8,10.27,20.58,45.99,13.7,10.79,4.61,8.98,6.69,20.52,12.64,2.88,5.02,50.63,27.29,13.48,29.01,11.53,39.05,28.14,8.01,16.66,65.99,10.34,5.66,,5.42,9.86,9.9,11.64,6.1,34.05,53.31,3.55,42.66,114.5,68.78,8.13,,24.6,13.35
2020-05-20 07:00:00,6.35,21.19,21.72,27.32,41.15,14.92,41.87,10.03,8.85,69.99,4.77,10.43,20.56,45.31,13.66,10.79,4.61,8.84,6.62,21.89,12.75,2.92,4.99,50.63,27.04,13.48,28.95,11.37,38.89,28.1,7.97,16.64,66.18,10.45,5.15,,5.42,9.86,9.9,11.41,6.13,33.88,53.68,3.53,42.71,113.5,68.9,7.97,,24.8,13.22
2020-05-21 07:00:00,6.32,21.65,22.26,27.32,42.17,14.74,42.68,10.21,8.96,69.99,4.96,10.59,20.68,45.93,13.7,11.14,4.58,8.99,6.42,23.95,12.75,2.92,5.02,50.88,27.2,13.65,29.01,11.55,39.22,27.92,7.97,16.61,66.38,10.45,4.64,,5.42,10.25,9.85,11.28,6.13,34.4,56.63,3.03,43.06,113.6,69.51,7.87,,26.0,13.4
2020-05-22 07:00:00,6.44,21.56,22.17,27.32,41.83,14.44,42.68,10.37,9.02,69.99,4.93,10.76,20.51,45.68,13.63,10.88,4.72,9.04,6.34,24.3,12.32,2.92,5.0,50.23,26.82,13.55,29.18,11.51,38.97,27.83,7.97,16.61,66.38,10.38,4.52,,5.39,10.2,9.94,11.05,5.96,34.57,55.74,3.57,42.84,113.0,69.51,7.85,,25.5,13.35
2020-05-25 07:00:00,6.44,21.28,22.0,27.18,41.75,14.44,42.37,10.4,8.29,70.37,5.12,10.72,20.24,45.56,13.56,10.88,4.71,9.35,6.69,23.18,12.35,2.96,5.0,49.82,26.57,13.51,29.07,11.47,38.38,28.14,7.9,16.48,66.38,10.41,5.15,,5.46,10.1,9.9,11.72,5.9,34.92,55.15,3.1,42.66,113.1,69.88,7.69,,25.3,13.32
2020-05-26 07:00:00,6.5,23.49,22.43,27.5,41.96,14.55,42.56,10.46,9.22,70.75,5.26,10.92,20.47,45.81,13.88,11.45,4.69,9.41,6.8,25.24,12.58,3.0,5.05,50.15,27.01,13.98,29.23,11.47,39.14,28.32,8.09,16.61,66.95,10.41,5.15,,5.6,10.3,9.92,11.59,5.87,35.0,56.33,3.36,42.84,112.4,70.55,7.84,,26.25,13.45
2020-05-27 07:00:00,6.58,23.58,22.46,28.41,43.03,14.59,43.69,10.26,9.47,70.75,5.24,11.05,20.32,46.43,13.88,11.14,4.69,9.37,6.91,25.02,12.49,3.04,5.03,50.63,26.76,14.18,29.23,11.49,39.56,27.92,8.13,16.79,67.14,10.41,5.27,,5.69,10.0,9.87,11.26,5.93,35.82,55.01,3.76,42.88,113.0,70.43,7.49,,25.5,13.46
2020-05-28 07:00:00,6.58,23.03,22.46,27.91,42.43,14.55,46.77,10.24,10.0,70.6,5.17,10.98,20.32,45.87,13.73,11.01,4.68,9.27,7.04,25.32,12.55,3.04,5.02,50.55,26.66,13.91,29.34,11.54,39.27,27.56,8.09,16.71,66.38,10.41,5.27,,5.66,10.05,9.83,10.75,5.84,35.87,54.86,3.74,42.8,113.0,70.31,7.41,,25.5,13.35
2020-05-29 07:00:00,6.55,23.49,22.46,27.68,42.34,14.08,47.08,10.28,10.26,70.22,5.21,11.05,20.11,45.74,13.73,11.1,4.61,9.3,6.78,25.58,12.61,3.04,4.99,50.39,26.54,13.84,29.68,12.14,38.84,27.52,8.09,16.58,66.76,10.34,5.39,,5.6,10.2,9.78,10.34,5.81,36.52,55.67,3.76,42.93,112.9,69.51,7.48,,26.55,13.2
2020-06-01 07:00:00,6.61,24.41,22.71,27.91,42.68,14.15,47.14,10.4,10.28,70.29,5.21,11.11,20.32,46.3,13.84,11.23,4.8,9.46,6.8,27.73,12.72,3.04,5.02,50.8,26.69,13.91,29.73,12.7,38.93,28.05,8.05,16.66,67.26,10.41,5.39,,5.67,10.35,9.83,10.85,5.9,36.95,57.0,3.24,42.88,112.9,70.49,7.62,,27.65,13.4
2020-06-02 07:00:00,7.16,23.58,22.85,27.91,42.51,14.04,45.13,10.72,10.85,70.37,5.07,11.34,20.32,46.55,13.59,10.97,5.25,9.29,6.83,28.33,12.78,3.16,5.21,51.36,26.92,14.04,29.79,11.82,38.93,28.01,8.21,16.79,68.18,10.41,5.43,,5.73,10.5,9.97,10.8,5.96,37.29,57.29,3.9,42.88,113.2,70.86,7.8,,27.3,13.62
2020-06-03 07:00:00,7.16,23.67,22.85,27.62,42.09,13.64,42.0,10.79,10.54,70.37,5.03,11.44,20.28,47.61,13.56,10.97,5.35,9.16,6.71,28.5,12.75,2.88,5.21,51.53,26.88,13.98,29.62,11.86,39.22,27.96,8.29,16.82,69.06,10.41,5.43,,5.73,10.5,9.99,10.93,5.96,37.55,57.07,3.97,42.44,113.7,70.8,7.8,,27.1,13.61
2020-06-04 07:00:00,7.28,23.95,23.19,28.12,42.39,14.15,42.25,11.04,10.68,70.83,5.08,11.44,20.49,48.41,13.88,11.14,5.51,9.16,6.91,28.37,13.3,3.39,5.24,51.28,26.92,13.98,29.68,11.96,39.56,28.1,8.33,16.87,68.68,10.52,5.98,,5.9,10.6,10.01,11.05,6.21,38.03,56.78,4.11,42.66,113.8,71.66,7.8,,28.3,13.62
2020-06-05 07:00:00,7.19,23.86,23.27,28.56,41.83,13.97,45.2,11.08,11.24,70.52,5.12,11.47,20.39,47.48,13.88,11.06,5.33,9.03,6.86,27.9,13.28,2.96,5.18,50.63,26.85,13.98,30.23,11.82,38.3,28.1,8.25,16.95,68.68,10.48,6.14,,5.92,10.45,9.97,11.23,6.18,37.6,56.48,4.06,42.22,113.6,71.47,7.75,,28.0,13.64
2020-06-08 07:00:00,7.28,24.13,23.98,30.09,42.68,14.0,44.57,11.27,11.58,70.52,5.17,11.5,20.75,48.6,14.51,11.28,5.4,9.41,7.56,27.47,13.54,3.47,5.25,50.88,27.39,14.24,30.23,12.14,39.9,28.41,8.33,17.03,68.68,10.69,6.26,,6.08,10.65,10.18,11.51,6.16,38.2,57.14,4.09,42.31,114.3,72.94,7.95,,28.25,13.84
2020-06-09 07:00:00,7.28,24.41,24.43,29.38,43.37,14.04,44.13,11.08,11.24,70.37,5.17,11.54,20.7,48.41,14.65,11.41,5.4,9.29,7.81,28.59,13.62,3.35,5.25,50.8,27.96,14.21,29.79,12.1,39.98,28.72,8.41,16.98,68.3,11.33,6.33,,6.04,10.65,10.16,11.41,6.1,38.63,57.07,4.11,42.71,116.0,75.39,7.82,,27.8,13.95
2020-06-10 07:00:00,7.28,24.32,23.98,29.97,43.79,14.44,42.37,11.04,11.07,70.9,5.14,11.57,20.49,48.1,14.44,11.54,5.43,9.18,7.49,28.24,13.42,3.55,5.22,50.63,27.48,14.14,29.79,11.89,39.31,28.36,8.64,16.85,68.1,11.08,6.22,,5.88,10.6,10.04,11.33,6.14,38.59,56.7,4.09,42.4,117.4,75.21,7.66,,27.2,13.8
2020-06-11 07:00:00,7.04,24.69,22.85,29.68,41.92,14.3,42.06,10.51,10.26,69.99,4.93,11.6,19.48,45.06,13.77,10.97,5.33,8.79,7.18,27.21,13.33,3.35,5.09,47.39,26.25,13.58,30.12,11.77,37.45,26.81,8.29,16.24,67.91,10.76,6.1,,5.69,11.05,9.87,11.08,5.84,37.6,56.41,3.92,41.33,113.5,74.11,7.53,,26.1,13.38
2020-06-12 07:00:00,6.76,23.67,22.29,28.32,39.62,13.78,41.43,10.12,9.84,66.34,4.8,11.41,19.05,43.51,13.1,10.35,5.07,8.44,6.83,25.8,13.16,3.19,4.98,46.18,25.56,13.25,29.9,11.3,36.19,25.26,7.86,15.7,65.65,10.62,5.51,,5.46,11.0,9.68,10.31,5.47,35.65,54.2,3.85,39.95,109.3,70.19,7.2,,25.0,12.91
2020-06-15 07:00:00,6.7,22.94,22.51,28.38,39.19,13.64,39.42,10.12,10.68,68.62,4.79,11.57,19.43,44.75,13.45,10.75,5.25,8.73,7.35,24.77,13.22,3.43,4.92,44.8,25.84,13.25,30.07,11.21,36.95,25.26,8.25,16.1,63.5,10.31,6.1,,5.52,11.75,9.47,10.77,5.76,35.35,51.61,3.9,39.55,109.0,68.59,7.04,,25.0,12.94
2020-06-16 07:00:00,6.81,23.03,22.85,28.79,40.55,13.78,38.67,10.4,10.68,68.7,4.84,11.6,19.6,45.0,13.52,11.1,5.35,8.84,7.49,24.98,13.39,3.51,4.99,45.77,26.25,13.31,30.79,11.35,37.2,25.48,8.37,16.18,63.69,10.34,6.18,,5.64,11.9,9.59,10.72,5.76,35.61,53.16,3.95,39.95,107.1,69.82,7.14,,25.3,13.14
2020-06-17 07:00:00,6.79,23.58,22.48,29.21,40.9,13.82,39.3,10.49,10.71,68.92,4.89,11.5,19.58,45.06,13.56,10.88,5.31,8.92,7.49,25.37,13.45,3.43,5.02,46.1,26.19,13.45,30.62,10.98,37.37,25.75,8.25,16.24,63.73,10.24,5.7,,5.67,11.55,9.57,10.59,5.83,36.21,55.3,3.97,40.22,107.5,70.68,7.17,,27.1,13.16
2020-06-18 07:00:00,6.76,23.58,22.57,29.21,40.3,13.86,37.48,10.4,10.59,69.23,4.87,11.57,19.54,44.69,13.52,10.62,5.21,8.91,7.88,25.5,13.36,3.39,5.0,45.29,26.16,13.84,31.63,10.46,38.46,25.44,8.13,16.18,63.69,10.2,5.43,,5.62,11.35,9.54,10.36,5.79,36.26,55.6,3.97,40.4,109.0,69.88,7.2,,26.35,13.1
2020-06-19 07:00:00,6.87,24.13,22.96,30.26,40.9,13.89,39.17,10.51,10.68,69.99,4.96,11.63,19.73,45.06,13.66,10.92,5.22,9.3,7.91,25.5,13.59,3.43,5.03,46.18,26.41,13.94,32.57,10.84,38.72,25.75,8.21,16.4,63.81,10.24,5.51,,5.69,11.4,9.54,10.64,5.8,36.73,56.11,3.99,40.44,109.5,70.43,7.28,,26.7,13.31
2020-06-22 07:00:00,6.93,24.32,23.02,31.73,41.32,13.89,40.17,10.65,10.9,70.06,5.08,11.57,19.84,45.31,13.88,10.88,5.18,9.29,8.33,25.58,13.88,3.47,5.08,46.58,26.69,13.91,32.29,11.02,38.04,26.06,8.25,16.56,63.69,10.24,5.7,,5.71,11.65,9.68,10.69,5.81,36.73,56.7,4.06,42.31,108.2,70.31,7.33,,27.4,13.41
2020-06-23 07:00:00,6.9,24.5,22.85,31.97,40.98,13.93,44.82,10.56,10.85,69.23,5.26,11.67,19.79,45.31,14.02,10.84,5.22,9.22,8.16,25.54,13.86,3.47,5.08,46.99,26.92,14.51,32.35,11.44,38.04,26.19,8.21,16.64,62.92,10.41,5.51,,5.9,11.4,9.73,10.72,5.89,36.86,56.11,3.96,41.86,108.2,70.8,7.3,,27.1,13.42
2020-06-24 07:00:00,6.84,24.5,22.68,31.73,40.9,13.82,45.2,10.4,10.76,69.53,5.24,11.63,19.92,44.69,13.88,10.75,5.19,9.23,8.09,25.15,13.8,3.43,5.09,45.77,26.51,14.21,32.02,11.21,38.3,26.41,8.13,16.56,61.39,10.38,5.47,,6.0,11.2,9.64,11.23,5.93,36.34,55.67,4.06,41.77,108.0,71.29,7.23,,26.85,13.3
2020-06-25 07:00:00,6.79,23.95,22.46,31.61,40.38,13.71,42.43,10.26,10.68,68.62,5.17,11.41,19.73,44.38,13.7,10.57,5.05,9.15,7.95,24.9,13.62,3.35,5.03,45.53,26.35,14.04,32.02,11.12,37.79,26.15,8.01,16.4,61.0,10.24,5.35,,5.88,10.95,9.5,11.0,5.84,35.74,54.79,4.02,41.24,107.2,70.61,7.1,,26.3,13.16
2020-06-26 07:00:00,6.81,24.32,22.4,31.85,40.47,13.49,41.43,10.26,10.79,68.85,5.17,11.37,19.77,44.69,13.73,10.44,4.98,9.3,8.5,24.21,13.65,3.39,5.02,45.69,26.32,14.24,33.02,11.16,38.21,26.15,8.01,16.4,61.39,10.24,5.51,,5.9,11.2,9.52,10.69,5.87,35.87,55.3,4.09,40.66,107.5,70.68,7.1,,26.0,13.23
2020-06-29 07:00:00,6.55,21.65,21.67,30.97,38.85,13.05,41.74,9.91,10.82,68.24,4.96,11.21,19.41,43.26,13.13,9.92,4.72,9.04,8.09,23.18,13.22,3.16,4.87,43.67,25.53,13.71,33.85,10.98,37.33,25.26,7.67,16.29,61.58,9.71,5.12,,5.6,10.9,9.26,10.34,5.76,35.05,53.97,4.02,39.55,106.5,68.31,6.79,,25.0,12.82
2020-06-30 07:00:00,6.47,23.95,21.33,30.26,38.34,13.12,42.81,9.8,10.74,68.31,4.86,11.21,19.22,42.21,13.13,9.65,4.72,9.15,7.67,23.87,13.19,3.12,4.82,43.75,25.24,13.91,33.74,11.21,37.11,24.99,7.52,16.32,60.24,9.15,4.8,,5.52,10.6,9.02,10.9,5.84,34.57,54.79,4.02,39.55,106.4,69.43,6.6,,24.8,12.8
2020-07-01 07:00:00,6.58,23.95,21.38,30.56,38.51,13.2,46.45,9.87,10.88,68.47,4.93,11.37,19.39,42.83,13.17,9.7,4.77,9.27,7.88,24.04,13.33,3.16,4.83,43.75,25.5,13.91,33.63,10.49,37.11,25.44,7.63,16.32,59.85,9.36,4.84,,5.64,10.75,9.19,10.34,5.81,34.57,55.52,4.06,39.55,107.1,69.49,6.61,,24.8,12.83
2020-07-02 07:00:00,6.64,24.04,21.84,31.14,39.06,13.27,49.97,10.12,11.07,68.85,4.94,11.18,19.45,43.76,13.31,9.96,4.84,9.44,8.16,24.6,13.28,2.76,4.87,44.96,25.56,14.24,33.69,11.07,37.49,25.7,7.58,16.4,62.35,9.71,5.12,,5.75,11.0,9.21,10.49,5.81,35.0,56.33,4.09,39.77,106.9,70.11,6.91,,25.85,13.04
2020-07-03 07:00:00,6.64,24.32,21.89,31.85,38.34,13.27,50.16,10.21,11.16,68.7,5.03,11.15,19.52,43.63,13.35,10.18,4.91,9.44,8.16,24.47,13.65,3.19,4.89,45.94,25.69,14.37,33.69,11.21,38.13,25.97,7.61,16.48,63.31,9.78,5.04,,5.77,11.0,9.24,10.54,5.84,35.52,56.7,4.13,39.95,107.5,69.99,6.92,,26.2,13.1
2020-07-06 07:00:00,6.64,24.32,22.06,31.85,39.45,13.53,48.96,10.28,11.24,69.23,5.05,11.18,19.6,44.19,13.45,10.27,5.08,9.46,8.26,24.72,13.91,3.23,4.9,46.26,25.81,14.51,34.74,11.16,38.59,26.06,7.64,16.98,68.22,9.82,4.96,,5.79,11.05,9.35,10.67,5.86,35.61,57.07,4.09,40.08,107.2,70.92,6.94,,26.45,13.18
2020-07-07 07:00:00,6.84,23.95,22.71,31.85,40.13,13.34,50.03,10.62,11.32,70.44,5.05,11.31,19.9,44.94,13.52,10.18,5.15,9.54,8.23,24.64,13.91,2.88,4.95,46.18,26.41,14.64,35.64,11.23,38.8,26.32,7.82,16.95,70.21,9.99,4.72,,5.92,11.4,9.54,10.62,5.94,36.0,59.36,4.13,40.44,107.5,71.97,7.05,,27.05,13.44
2020-07-08 07:00:00,6.81,24.23,22.57,31.85,39.92,13.27,49.65,10.67,10.9,70.75,5.01,11.34,20.03,45.0,13.45,10.0,5.09,9.61,7.98,24.64,13.83,3.27,4.96,46.18,26.16,14.57,35.58,11.26,38.8,26.15,7.77,16.87,69.6,9.85,4.88,,5.86,11.35,9.5,10.57,5.94,35.78,58.84,4.13,40.04,107.5,71.66,7.01,,27.05,13.3
2020-07-09 07:00:00,6.9,24.13,22.88,31.44,40.21,13.27,49.59,10.79,10.96,70.75,5.08,11.24,20.24,45.74,13.45,10.22,5.16,9.63,8.09,24.9,13.77,3.35,5.0,46.1,26.35,14.74,35.58,11.44,38.97,26.28,7.78,16.98,74.78,9.96,5.12,,6.0,11.5,9.5,10.7,6.1,36.0,59.21,3.62,40.31,107.3,71.66,7.18,,27.25,13.47
2020-07-10 07:00:00,6.87,24.5,22.99,31.26,40.38,13.27,49.59,10.79,11.1,69.99,5.1,11.24,20.11,46.06,13.52,10.31,5.27,9.51,8.05,26.01,13.8,2.92,5.0,45.37,26.13,14.61,35.19,11.44,38.93,26.41,7.87,16.85,78.27,9.99,5.15,,6.02,11.5,9.66,10.83,6.1,35.48,58.25,4.27,40.44,107.7,71.54,7.35,,26.95,13.43
2020-07-13 07:00:00,6.87,24.13,23.13,31.44,40.47,13.23,48.96,10.97,11.1,69.99,5.14,10.98,20.22,46.12,13.59,10.44,5.23,9.39,8.19,25.93,14.0,3.35,4.99,45.77,26.0,14.64,34.91,11.51,39.01,26.28,7.9,16.93,76.74,10.17,5.08,,6.06,11.45,9.45,11.22,6.1,35.61,58.32,4.27,40.44,107.0,70.92,7.23,,26.5,13.4
2020-07-14 07:00:00,6.84,24.13,22.96,31.44,40.09,13.2,50.28,10.9,11.13,69.2,5.14,10.92,20.45,46.82,13.59,10.53,5.2,9.44,8.19,24.98,14.0,3.16,4.95,45.13,25.94,14.9,34.52,11.44,38.59,25.97,7.86,17.46,73.28,10.06,5.04,,6.08,11.35,9.45,11.14,6.08,35.52,57.88,3.69,40.08,107.0,70.67,7.14,,26.05,13.32
2020-07-15 07:00:00,6.93,24.32,23.3,31.44,40.55,13.2,50.47,11.04,11.1,69.9,5.17,11.02,20.49,46.95,13.66,10.62,5.29,9.66,8.16,25.84,14.06,3.35,5.0,45.13,26.22,15.17,34.69,11.54,39.01,26.46,7.9,17.51,73.47,10.24,5.04,,6.3,11.55,9.59,10.99,6.13,35.95,59.58,4.3,40.22,107.8,71.97,7.33,,26.5,13.55
2020-07-16 07:00:00,6.9,24.41,23.13,31.14,40.47,13.16,52.35,10.85,11.24,70.13,5.15,11.05,20.49,47.01,13.88,10.53,5.27,9.63,7.95,26.01,14.26,2.92,5.03,44.96,26.51,15.23,34.41,11.61,39.31,26.46,7.9,17.49,72.9,10.17,5.0,,6.3,11.45,9.64,11.28,6.08,35.82,59.21,4.44,40.26,107.3,72.1,7.3,,26.75,13.53
2020-07-17 07:00:00,6.93,24.32,23.36,31.73,40.6,13.16,52.16,10.9,11.3,69.97,5.14,11.15,20.36,46.82,13.81,10.44,5.32,9.84,7.98,27.0,14.46,3.39,5.06,45.37,26.51,15.1,34.24,11.54,39.48,26.59,7.9,17.35,73.47,10.41,5.0,,6.3,11.5,9.71,11.41,6.2,35.78,59.28,4.51,40.44,108.0,72.28,7.31,,26.85,13.55
2020-07-20 07:00:00,7.07,24.32,23.02,31.55,40.13,12.83,50.85,10.88,,70.36,5.07,11.18,20.05,46.16,13.66,10.57,5.29,9.65,7.74,26.48,14.26,3.43,5.0,44.56,26.25,15.5,33.97,11.49,39.1,26.32,7.78,17.17,73.09,10.45,5.04,,6.28,11.45,9.66,11.3,6.2,35.31,58.25,3.88,40.08,107.3,71.66,7.4,,26.2,13.42
2020-07-21 07:00:00,6.99,24.41,22.77,30.0,39.7,12.61,50.22,10.74,,70.51,5.07,11.15,20.01,46.1,13.77,10.44,5.25,9.58,7.67,26.06,14.2,2.96,4.99,43.99,26.19,15.27,34.24,11.49,38.42,26.15,7.73,17.25,72.9,10.38,5.0,,6.14,11.4,9.59,11.41,6.06,35.31,57.14,4.6,40.08,107.0,71.11,7.33,,26.15,13.36
2020-07-22 07:00:00,6.99,24.23,22.29,31.43,39.15,13.12,49.59,10.69,,70.43,5.19,11.05,20.03,45.64,13.81,10.27,5.17,9.63,7.81,26.18,14.23,3.43,4.99,43.91,26.1,15.23,34.24,11.49,37.96,25.92,7.67,17.22,72.94,10.38,4.96,,6.12,11.25,9.57,11.56,5.98,35.52,56.78,4.72,39.91,107.4,70.8,7.28,,26.6,13.33
2020-07-23 07:00:00,6.93,24.13,22.37,31.13,38.77,13.05,49.15,10.53,,70.74,5.15,11.02,19.94,45.71,13.63,10.09,5.17,9.54,7.56,26.53,14.29,3.51,4.93,43.42,26.1,15.34,34.69,11.47,38.0,25.97,7.57,17.14,71.82,10.27,4.8,,6.04,11.1,9.5,11.46,5.96,35.48,57.14,4.67,39.77,107.2,70.42,7.2,,27.0,13.27
2020-07-24 07:00:00,6.5,23.03,21.3,29.7,36.47,12.21,46.2,9.98,,69.97,4.87,10.63,19.22,43.95,12.81,9.65,4.91,9.06,7.14,24.98,13.88,3.04,4.77,41.16,24.36,14.45,34.8,10.98,37.07,24.33,7.09,16.93,68.72,9.82,4.33,,5.67,10.6,8.98,10.75,5.81,33.92,54.93,4.41,37.33,102.4,67.63,6.83,,27.0,12.71
2020-07-27 07:00:00,6.03,22.11,20.06,28.14,34.55,12.32,43.0,9.48,,66.9,4.68,10.24,18.46,41.54,12.25,8.99,4.66,8.89,6.78,24.47,13.33,3.04,4.47,39.62,23.26,13.96,34.69,10.77,35.64,23.09,6.84,16.77,64.65,9.53,4.01,,5.4,10.15,8.57,10.12,5.5,32.84,52.28,4.09,36.84,96.6,64.16,6.43,,26.1,12.1
2020-07-28 07:00:00,6.21,22.38,20.31,28.44,34.51,12.46,42.56,9.62,10.12,69.2,4.73,10.14,18.69,41.67,12.25,8.82,4.57,9.03,6.82,24.81,13.19,3.08,4.51,40.1,23.26,14.17,34.74,11.07,35.51,23.04,6.96,16.85,64.46,9.29,3.9,,5.42,10.1,8.5,9.46,5.53,33.06,52.5,4.13,35.51,94.9,64.53,6.43,,25.9,12.2
2020-07-29 07:00:00,6.24,22.2,20.2,28.62,33.74,12.13,41.49,9.34,9.84,69.13,4.66,10.17,18.55,41.22,12.35,8.65,4.54,8.9,6.75,24.3,13.28,3.08,4.47,39.7,22.5,14.17,35.13,11.26,34.63,22.29,6.99,16.82,65.61,9.29,4.05,,5.38,9.95,8.27,9.78,5.59,32.45,53.53,3.97,36.88,94.3,65.46,6.32,,25.3,12.12
2020-07-30 07:00:00,6.27,23.49,20.31,29.1,34.42,12.68,42.37,9.62,9.64,69.2,4.79,10.76,18.88,42.0,12.74,8.82,4.67,9.19,6.87,25.5,13.68,3.16,4.57,40.1,22.97,14.45,35.41,11.3,35.26,22.73,7.14,17.03,64.84,9.29,4.56,,5.53,10.15,8.27,9.91,5.67,33.4,54.56,4.09,37.11,95.1,66.27,6.52,,25.7,12.3
2020-07-31 07:00:00,6.38,22.57,20.31,29.04,33.4,12.5,41.62,9.57,9.41,70.05,4.71,10.5,18.63,41.54,12.78,8.6,4.57,9.02,6.62,24.98,13.25,3.16,4.51,39.78,22.88,14.17,35.52,11.16,34.58,22.07,7.18,17.03,63.69,9.25,4.41,,5.42,9.9,8.57,9.33,5.62,32.84,55.01,4.04,37.24,94.5,66.08,6.42,,25.1,12.2
2020-08-03 07:00:00,6.38,23.58,20.48,29.4,34.42,12.54,41.93,9.69,9.84,69.97,4.84,10.53,18.84,42.45,12.78,8.77,4.7,9.13,6.69,25.41,13.39,3.19,4.57,40.91,23.19,14.2,35.58,11.14,35.43,22.87,7.21,17.25,64.46,9.22,4.52,,5.49,10.05,8.57,10.2,5.84,32.84,56.63,3.74,37.77,94.5,66.82,6.55,,25.15,12.45
2020-08-04 07:00:00,6.73,24.41,21.16,29.94,37.57,12.87,44.82,10.03,10.45,70.43,4.96,10.63,19.56,44.08,13.24,9.08,4.83,9.59,7.14,26.7,13.68,3.31,4.71,43.1,24.14,14.59,35.36,11.35,36.35,23.49,7.34,17.81,64.84,9.74,4.76,,5.71,10.35,8.86,10.46,5.86,34.31,57.37,3.97,38.84,96.0,68.19,6.83,,25.9,12.65
2020-08-05 07:00:00,6.84,26.16,21.21,30.0,37.91,12.94,45.64,10.08,10.42,73.13,5.03,10.76,19.58,44.15,13.56,9.04,4.86,9.63,7.11,27.04,14.03,3.31,4.71,43.1,24.14,14.81,35.19,11.54,37.2,23.53,7.34,17.75,65.84,9.71,4.88,,5.75,10.4,8.83,10.28,5.9,34.74,57.37,4.41,37.68,96.1,68.25,6.81,,25.9,12.77
2020-08-06 07:00:00,6.84,26.62,21.55,30.53,38.47,12.65,47.33,10.24,10.51,73.36,5.03,10.85,19.77,44.54,14.27,9.26,4.97,10.01,7.28,27.26,14.26,3.27,4.76,43.5,24.71,15.12,35.52,11.61,37.16,24.28,7.43,17.99,67.91,9.88,4.92,,5.81,10.5,9.02,10.41,5.89,35.39,57.96,4.46,38.71,100.0,69.55,6.91,,26.1,13.0
2020-08-07 07:00:00,6.79,23.95,21.41,30.53,38.04,12.68,47.58,10.28,10.57,72.28,5.01,10.76,19.82,45.06,14.3,9.21,5.09,10.08,7.42,28.33,14.17,3.27,4.74,43.59,24.61,15.27,35.64,11.49,37.37,24.42,7.37,18.1,69.06,9.92,4.92,,5.77,10.4,9.0,10.51,5.9,35.61,57.96,4.51,38.8,99.2,71.23,6.89,,26.1,13.03
2020-08-10 07:00:00,6.84,26.71,21.5,31.07,38.34,12.72,48.46,10.44,10.7,72.89,5.03,10.76,19.94,45.71,14.16,9.3,5.17,10.22,7.81,29.06,14.2,3.19,4.76,43.91,24.93,15.44,35.64,11.56,37.62,24.46,7.46,18.39,69.02,9.85,4.92,,5.85,10.55,9.12,10.67,5.93,35.39,58.18,4.53,38.84,100.0,71.04,6.96,,26.5,13.17
2020-08-11 07:00:00,6.9,27.82,21.5,30.83,38.51,12.87,47.96,10.44,10.65,73.13,5.01,10.79,19.9,45.38,14.16,9.65,5.22,10.14,7.81,28.16,13.97,3.35,4.77,43.83,24.86,15.16,35.64,11.54,38.08,24.2,7.51,18.1,67.95,9.82,4.64,,5.85,10.5,9.12,10.67,5.93,35.35,57.96,4.6,38.88,99.1,70.73,6.94,,26.3,13.07
2020-08-12 07:00:00,7.28,27.64,21.78,30.83,38.34,12.98,48.02,10.62,10.4,73.2,5.11,10.89,19.86,45.58,14.69,9.65,5.26,10.14,7.74,28.42,13.94,3.39,4.8,43.67,24.93,15.16,35.47,11.56,38.55,24.06,7.57,18.12,68.49,9.78,4.88,,5.89,10.6,9.19,10.57,5.96,35.39,57.81,4.72,38.84,99.7,71.04,6.99,,26.15,13.12
2020-08-13 07:00:00,7.3,27.36,22.17,30.53,38.77,12.94,48.71,10.85,10.44,73.36,5.12,10.85,20.11,46.55,14.62,9.65,5.29,10.22,7.88,28.46,14.0,3.39,4.89,43.75,25.24,15.3,35.52,11.56,39.1,24.28,7.68,18.47,69.33,9.78,4.88,,5.93,10.75,9.26,10.7,6.0,35.44,58.03,4.81,38.88,100.6,71.91,7.07,,26.3,13.23
2020-08-14 07:00:00,7.22,26.9,21.89,30.83,38.98,12.72,49.15,10.65,10.5,73.82,5.16,10.82,20.09,46.75,14.37,9.48,5.37,10.05,7.74,27.73,14.23,3.39,4.9,42.94,25.91,15.3,34.47,11.72,38.93,24.73,7.86,18.47,69.83,9.67,4.76,,5.87,10.65,9.28,10.51,5.97,35.39,58.18,4.74,38.84,100.3,72.1,6.94,,26.65,13.15
2020-08-17 07:00:00,7.28,26.71,21.69,30.77,38.51,12.72,48.84,10.6,10.48,73.28,5.12,10.89,20.11,46.36,14.41,9.39,5.42,10.08,7.7,27.39,14.15,3.39,4.9,42.37,25.53,15.27,34.52,12.17,38.76,24.55,7.74,18.52,69.29,9.67,4.8,,5.79,10.55,9.33,10.36,5.9,35.31,57.81,4.72,38.57,98.8,71.54,6.86,,26.25,13.12
2020-08-18 07:00:00,7.39,27.91,21.67,32.33,37.91,12.87,50.16,10.58,10.52,73.43,5.22,10.82,20.24,46.55,15.08,9.56,5.39,10.14,7.88,28.33,14.2,3.43,4.92,42.37,25.5,15.34,34.97,12.38,38.76,24.37,7.75,18.55,69.06,9.71,4.8,,5.83,10.6,9.45,10.46,5.91,35.31,57.96,4.76,38.31,98.9,71.73,6.94,,26.1,13.17
2020-08-19 07:00:00,7.33,27.73,21.67,32.21,38.0,13.12,49.59,10.6,10.42,73.43,5.25,10.79,20.17,46.75,15.47,9.78,5.36,10.14,8.05,28.54,14.26,3.47,4.92,42.21,25.65,15.3,35.08,12.28,38.72,24.42,7.5,18.74,69.22,9.82,4.84,,5.83,10.7,9.45,10.38,5.93,35.44,58.18,4.86,38.44,99.6,71.29,6.94,,26.2,13.16
2020-08-20 07:00:00,7.5,,21.58,32.15,38.13,13.01,48.96,10.65,10.96,73.13,5.25,10.72,20.26,46.23,15.82,10.09,5.32,10.1,7.91,28.8,14.36,3.47,4.93,42.13,25.5,15.48,34.8,12.24,39.05,24.37,7.86,18.6,68.91,9.78,5.23,,5.83,10.65,9.38,10.41,5.93,35.87,58.84,4.86,38.22,98.8,71.11,6.94,,26.2,13.13
2020-08-21 07:00:00,7.73,,21.67,33.05,38.6,12.98,48.9,10.76,10.99,73.82,5.35,10.85,20.41,46.29,15.89,10.18,5.33,10.12,7.98,30.48,14.45,3.47,4.95,42.13,25.72,15.48,34.69,12.35,39.1,24.73,7.86,18.79,68.91,9.78,5.23,,5.83,10.65,9.5,10.41,6.13,35.7,58.62,4.88,38.17,99.1,71.42,6.97,,26.3,13.17
2020-08-24 07:00:00,7.88,,22.12,34.25,39.23,13.2,49.09,11.18,11.12,75.36,5.81,10.89,20.69,47.01,16.07,10.4,5.39,10.26,8.16,31.34,14.76,3.51,5.06,42.78,26.16,15.94,34.97,12.56,39.56,25.44,7.9,19.0,69.1,9.88,5.15,,5.99,11.1,9.68,10.64,6.33,35.87,58.77,4.93,38.44,99.7,71.97,7.27,,26.65,13.33
2020-08-25 07:00:00,7.8,,22.23,34.01,40.34,13.31,49.72,11.18,12.56,80.58,5.75,10.89,21.0,47.66,16.28,10.31,5.58,10.33,8.12,30.82,14.82,3.59,5.19,43.42,26.66,15.94,34.63,12.56,41.33,26.06,7.9,19.14,70.21,10.1,5.31,,6.08,11.2,9.92,10.51,6.3,36.26,58.69,5.02,39.55,99.2,72.47,7.44,,26.9,13.58
2020-08-26 07:00:00,7.84,,22.17,33.23,40.21,13.27,50.22,11.2,12.79,78.43,5.73,10.92,20.84,47.86,16.21,10.22,5.52,10.18,8.09,31.51,14.98,3.55,5.21,43.18,27.45,15.87,34.35,12.59,42.51,25.97,7.86,19.38,70.67,10.27,5.27,,6.08,11.1,9.92,10.83,6.33,36.04,58.47,5.09,39.99,99.6,72.53,7.43,,26.85,13.6
2020-08-27 07:00:00,7.92,,22.0,34.07,40.21,13.42,49.59,11.27,12.43,79.2,5.88,10.92,20.87,47.21,16.5,10.49,5.56,10.14,8.02,31.95,15.07,3.55,5.16,43.26,27.55,16.01,34.8,13.05,43.36,25.88,7.93,19.3,70.21,10.17,5.23,,6.08,11.15,9.92,11.04,6.24,35.95,57.66,5.18,40.04,99.5,72.6,7.43,,27.1,13.59
2020-08-28 07:00:00,7.99,,22.17,34.13,40.26,13.89,50.04,11.36,12.86,80.35,5.83,10.95,21.58,47.6,16.28,10.57,5.58,10.2,7.95,31.5,15.19,3.59,5.21,43.5,28.4,16.22,34.86,13.64,43.86,26.19,7.97,19.48,69.83,10.17,5.35,,6.14,11.3,10.04,11.04,6.28,36.0,57.73,5.23,39.95,99.8,72.72,7.53,,27.1,13.71
2020-08-31 07:00:00,7.92,30.95,22.88,33.53,41.11,13.56,49.64,11.54,12.5,79.58,5.77,11.18,21.34,47.86,16.0,10.31,5.58,10.18,7.84,31.32,15.04,3.55,5.21,44.07,29.03,15.94,34.91,13.22,43.86,26.59,7.9,19.59,70.25,10.1,5.47,,6.04,11.2,10.04,10.88,6.33,35.78,57.66,5.09,39.99,100.7,74.15,7.58,,26.7,13.74
2020-09-01 07:00:00,7.88,33.12,22.79,33.41,42.26,13.53,48.93,11.72,12.51,79.2,6.07,11.08,21.34,48.05,15.96,10.27,5.6,10.29,7.88,30.34,15.01,3.55,5.21,43.99,29.38,15.87,34.69,13.31,43.95,26.5,7.88,18.76,72.9,10.06,5.43,,6.02,11.15,9.97,10.75,6.41,35.82,57.14,5.09,39.95,103.6,74.58,7.43,,26.8,13.78
2020-09-03 07:00:00,7.88,35.42,23.25,33.83,43.62,13.56,48.66,11.84,12.63,78.82,5.96,11.15,21.58,49.03,16.47,10.57,5.72,10.47,8.26,31.37,15.22,3.59,5.27,44.31,29.35,16.05,34.41,13.62,44.19,26.72,7.93,19.64,73.4,10.13,5.47,,6.14,11.3,10.25,10.96,6.52,36.17,58.03,5.18,41.2,106.5,76.63,7.61,,27.35,14.0
2020-09-04 07:00:00,7.8,36.39,23.27,33.23,42.68,13.45,48.6,11.72,12.69,78.43,5.85,11.02,21.41,48.25,16.43,10.4,5.82,10.37,8.16,30.96,15.38,3.55,5.19,44.07,29.31,16.01,34.8,13.43,43.59,26.59,8.09,19.59,73.51,9.99,5.31,,6.04,11.2,10.25,10.72,6.52,36.65,58.1,5.21,41.46,105.5,76.38,7.54,,27.7,13.93
2020-09-07 07:00:00,7.8,40.44,22.91,32.93,41.79,13.16,48.47,11.45,12.92,76.89,5.94,10.98,20.97,46.88,16.14,10.35,5.78,10.31,8.05,30.92,15.1,3.55,5.15,44.23,28.49,16.05,34.41,14.25,43.68,26.1,7.93,19.48,73.74,9.82,5.39,,6.22,11.2,10.01,10.88,6.47,36.13,58.25,5.23,40.66,105.6,77.5,7.33,,27.7,13.86
2020-09-08 07:00:00,7.73,43.3,22.6,32.63,41.62,13.09,47.42,11.36,12.95,76.89,5.92,10.82,20.97,46.88,16.06,10.53,5.66,10.29,7.98,31.05,14.91,3.51,5.11,44.07,28.56,16.05,34.02,15.55,43.68,25.84,7.87,19.4,72.9,9.78,5.35,,6.22,11.1,9.94,10.78,6.47,35.57,57.66,5.18,40.22,105.4,76.88,7.33,,27.55,13.73
2020-09-09 07:00:00,7.62,40.53,22.63,33.05,41.58,12.98,47.36,11.47,12.95,78.66,5.94,10.85,21.02,46.16,16.14,10.7,5.7,10.24,8.02,31.14,14.82,3.47,5.12,43.83,28.87,16.12,34.63,15.41,43.42,26.06,7.81,19.46,72.13,9.78,5.31,,6.28,11.05,9.9,10.75,6.42,35.22,57.14,5.14,39.73,104.4,75.39,7.31,,27.9,13.69
2020-09-10 07:00:00,7.84,41.13,22.85,33.71,41.07,13.12,47.82,11.59,13.2,78.43,6.22,10.92,21.23,46.82,16.76,10.88,5.76,10.31,8.26,32.04,14.85,3.55,5.18,44.31,29.47,16.22,34.58,15.69,42.99,26.37,7.9,19.72,72.52,9.82,5.47,,6.44,11.2,10.06,10.88,6.52,35.48,57.37,5.21,40.22,105.5,77.19,7.43,,28.3,13.8
2020-09-11 07:00:00,7.77,38.6,22.71,33.29,40.3,13.12,48.01,11.52,13.08,77.66,6.16,10.85,21.12,46.42,17.32,11.01,5.92,10.29,8.26,31.68,14.76,3.55,5.14,43.99,29.28,16.4,34.74,16.35,42.73,26.15,7.86,20.33,72.13,9.78,5.47,,6.38,11.1,9.97,11.01,6.52,35.35,57.14,5.21,39.95,104.5,76.63,7.36,,28.15,13.77
2020-09-14 07:00:00,7.8,37.49,22.82,33.41,40.64,13.16,47.42,11.7,13.22,78.51,6.23,10.76,21.23,46.49,17.32,11.06,5.96,10.31,8.33,31.41,14.98,3.59,5.22,44.56,29.25,16.79,35.02,17.19,42.69,26.41,7.89,20.6,71.75,9.85,5.63,,6.36,11.2,10.06,10.93,6.52,35.74,57.14,5.25,40.53,106.0,76.94,7.46,,28.35,13.87
2020-09-15 07:00:00,7.92,38.69,22.79,34.73,40.9,13.2,47.36,11.63,13.3,78.58,6.31,10.95,21.32,46.49,17.32,10.88,5.92,10.37,8.99,31.5,15.19,3.83,5.25,44.64,29.19,16.86,35.19,17.31,42.13,26.46,7.9,20.55,72.21,9.82,5.66,,6.4,11.25,10.09,10.85,6.48,35.65,56.41,5.28,41.42,106.0,76.94,7.49,,28.45,13.9
2020-09-16 07:00:00,7.92,38.23,22.82,35.32,40.85,13.31,47.36,11.52,13.15,79.2,6.22,10.89,21.62,46.88,17.25,10.92,5.88,10.35,9.03,31.64,15.04,3.83,5.24,44.23,29.16,16.82,35.25,17.1,42.73,26.68,7.93,20.65,72.21,9.78,5.63,,6.42,11.55,10.04,10.8,6.48,35.44,56.48,5.44,41.37,106.0,76.88,7.46,,28.75,13.93
2020-09-17 07:00:00,7.92,38.23,22.74,34.85,40.9,13.49,47.56,11.56,13.08,80.74,6.2,10.85,21.58,46.69,17.25,11.06,5.86,10.39,9.27,31.86,14.88,3.86,5.25,43.75,29.41,16.75,35.13,17.28,42.86,26.5,7.9,20.73,72.21,9.78,5.63,,6.42,11.45,10.04,10.78,6.48,35.44,56.48,5.46,41.33,105.9,76.94,7.44,,28.2,13.91
2020-09-18 07:00:00,8.03,38.27,22.85,35.5,41.41,13.56,47.62,11.63,13.13,81.12,6.22,10.89,21.62,46.62,17.39,11.14,5.86,10.73,9.38,32.62,14.98,3.94,5.28,43.75,29.66,16.61,35.25,17.52,42.99,26.5,7.89,21.24,72.21,10.03,5.66,,6.48,11.45,10.09,10.75,6.48,35.61,56.55,5.49,41.55,105.3,77.06,7.46,,28.2,14.0
2020-09-21 07:00:00,8.1,37.77,22.96,36.52,41.58,13.53,47.82,11.72,13.18,75.89,6.05,10.92,22.14,46.95,17.54,11.14,5.97,10.77,9.69,32.62,15.07,4.06,5.48,44.07,29.88,16.58,35.58,17.82,43.25,26.77,7.9,21.35,72.63,9.96,5.74,,6.64,11.75,10.39,10.83,6.71,35.87,56.85,5.81,41.77,106.0,78.43,7.58,,28.6,14.2
2020-09-22 07:00:00,8.14,37.86,22.82,36.1,41.75,13.38,47.16,11.68,13.1,79.97,5.97,10.98,21.88,46.82,17.28,11.18,6.0,10.69,9.58,32.49,15.1,4.14,5.53,43.83,30.64,16.58,35.41,18.54,43.16,26.77,7.9,21.27,72.52,10.06,5.86,,6.64,11.65,10.42,10.75,6.69,35.78,56.41,5.79,42.04,105.9,79.73,7.53,,28.6,14.18
2020-09-23 07:00:00,8.37,37.86,23.02,36.04,42.34,13.45,47.42,11.86,13.13,80.35,6.12,11.02,21.97,47.01,17.39,11.09,6.11,10.75,9.79,32.85,15.22,4.14,5.56,44.07,31.49,16.72,35.25,18.4,43.16,26.9,7.93,21.27,72.71,10.06,6.02,,6.73,12.5,10.51,10.88,6.72,36.39,56.7,5.86,42.0,106.0,80.1,7.61,,28.7,14.3
2020-09-24 07:00:00,8.25,37.77,23.02,35.86,41.75,13.31,47.42,11.84,12.99,81.2,6.1,11.05,21.71,47.14,17.54,11.04,6.12,10.73,9.76,33.03,15.01,4.1,5.59,44.56,31.55,16.68,35.19,18.5,43.85,27.56,8.05,21.13,71.75,9.99,6.02,,6.71,12.4,10.44,10.8,6.71,36.34,56.85,5.95,41.33,105.5,78.99,7.61,,28.5,14.27
2020-09-25 07:00:00,8.22,35.92,22.88,35.92,41.75,13.2,46.32,11.77,13.26,77.35,6.14,11.08,21.62,47.27,17.5,11.04,6.08,10.73,10.32,33.21,14.98,4.14,5.63,44.15,31.43,16.54,35.13,17.7,43.76,27.34,7.97,21.29,71.75,10.2,5.94,,6.6,12.4,10.51,10.7,6.67,36.95,56.78,5.98,41.24,105.3,79.11,7.54,,28.1,14.22
2020-09-28 07:00:00,8.33,36.11,23.02,35.98,42.0,13.2,44.42,12.09,14.0,79.97,6.23,11.05,21.88,47.01,17.58,11.09,6.18,10.81,10.63,31.14,14.95,4.3,5.72,44.15,31.71,16.61,35.25,18.03,43.85,27.3,7.97,21.4,71.75,10.55,6.02,,6.73,13.6,10.51,10.78,6.67,36.91,56.48,6.19,41.24,105.0,78.99,7.59,,27.55,14.3
2020-09-29 07:00:00,8.37,36.48,22.91,35.32,40.9,13.2,43.71,12.18,13.8,81.05,6.36,11.02,21.71,46.55,17.39,11.14,6.19,11.08,10.6,32.53,14.95,4.42,5.72,43.42,32.66,16.43,35.13,17.91,43.5,26.94,8.01,21.27,70.98,10.17,5.98,,6.79,13.3,10.65,11.14,6.61,36.21,55.37,6.35,40.66,104.0,81.65,7.72,,27.4,14.43
2020-09-30 07:00:00,8.33,36.62,22.85,35.5,40.73,13.16,42.27,12.02,13.54,81.05,6.34,10.95,21.51,46.42,17.32,11.09,6.16,10.98,10.35,32.49,14.88,4.38,5.69,43.42,32.37,16.29,35.13,17.89,42.99,26.86,8.01,21.24,69.87,10.17,5.94,,6.75,12.95,10.53,10.96,6.62,36.21,55.37,6.35,40.66,103.8,82.03,7.64,,27.25,14.3
2020-10-01 07:00:00,8.33,36.62,23.02,36.64,41.49,13.27,44.36,12.16,13.61,80.89,6.55,10.95,21.71,46.55,17.76,11.32,6.34,11.15,10.91,32.58,15.04,4.5,5.73,44.23,32.91,16.4,35.3,17.84,43.42,27.08,8.05,21.4,70.33,10.41,6.02,,6.91,13.65,10.68,10.88,6.67,36.39,56.11,6.47,40.84,104.6,81.57,7.74,,27.6,14.44
2020-10-02 07:00:00,8.4,36.39,21.72,36.64,40.21,13.38,43.71,12.04,13.58,80.66,6.14,10.95,21.19,46.29,17.47,10.91,6.22,10.94,10.35,32.31,14.79,4.5,5.72,43.59,31.49,16.29,35.19,18.03,43.16,25.44,8.13,21.29,70.4,10.9,5.94,,6.91,13.15,10.56,10.72,6.84,34.57,55.3,6.63,40.88,104.3,80.66,7.58,,26.5,14.2
2020-10-05 07:00:00,8.59,36.43,22.68,36.94,40.9,13.89,43.71,12.48,13.82,79.97,6.36,10.95,21.58,46.62,17.91,11.28,6.35,11.3,10.7,32.76,15.01,4.61,5.84,43.83,32.66,16.4,35.13,17.98,43.16,26.94,8.49,21.93,70.79,11.26,6.06,,7.23,13.4,10.51,11.09,7.08,36.04,55.96,6.82,40.88,104.8,80.89,7.79,,27.35,14.32
2020-10-06 07:00:00,8.85,36.71,22.74,36.76,41.07,13.78,42.08,12.46,13.85,79.58,6.33,11.24,21.75,47.14,18.21,11.83,6.34,11.44,10.66,32.76,15.35,4.57,5.91,45.61,32.97,16.61,35.08,18.01,43.07,26.99,8.45,21.82,70.83,11.22,6.06,,7.3,13.7,10.49,11.09,7.05,35.95,56.04,7.1,40.8,103.9,80.51,7.8,,27.4,14.51
2020-10-07 07:00:00,8.74,36.66,22.74,36.01,41.07,13.78,39.47,12.37,13.85,80.05,6.29,11.21,21.71,47.01,17.99,11.69,6.29,11.69,10.8,32.35,15.22,4.54,5.88,46.91,32.82,16.68,34.97,18.05,42.9,26.9,8.33,21.85,71.36,11.12,6.02,,7.23,13.7,10.3,11.12,7.01,35.91,56.11,7.59,40.44,103.0,80.51,7.74,,27.5,14.54
2020-10-08 07:00:00,8.63,36.71,22.46,35.38,42.26,13.89,39.47,12.27,13.79,80.74,6.33,11.08,21.75,48.25,17.8,11.69,6.25,11.65,10.91,32.35,14.98,4.46,5.88,49.09,33.98,16.54,34.91,17.89,42.82,27.08,8.25,21.93,72.13,11.43,5.98,,7.15,13.45,10.09,10.85,6.94,36.21,56.26,6.93,40.66,103.3,80.74,7.56,,27.55,14.52
2020-10-09 07:00:00,8.67,36.66,22.63,35.44,42.0,13.89,39.27,12.46,13.82,79.51,6.42,11.02,21.97,48.25,17.84,12.24,6.3,11.78,10.91,32.31,14.85,4.5,5.86,50.39,34.24,16.58,34.41,18.03,42.77,27.56,8.29,21.96,71.98,11.33,6.06,,7.25,13.45,10.06,10.83,6.95,36.52,56.41,7.63,41.02,104.0,80.59,7.56,,26.5,14.6
2020-10-12 07:00:00,8.74,36.29,22.96,34.5,42.68,13.86,40.25,13.17,13.84,79.43,6.36,11.11,21.88,48.18,17.73,12.47,6.25,11.8,10.87,31.91,14.88,4.54,5.83,53.87,33.61,16.43,34.52,17.98,42.34,27.39,8.13,22.09,72.17,11.22,6.06,,7.21,13.3,10.01,10.99,7.03,36.65,56.78,7.59,41.11,104.2,80.59,7.56,,27.1,14.63
2020-10-13 07:00:00,8.67,35.74,22.91,34.5,45.16,13.75,40.77,13.17,13.74,79.66,6.29,11.11,21.84,48.64,17.47,12.29,6.17,11.74,10.63,31.59,14.64,4.54,5.79,55.09,33.38,16.43,34.35,17.89,42.34,27.48,8.09,21.98,70.21,11.15,6.02,,7.13,13.2,10.01,10.88,6.96,36.95,57.22,7.33,41.51,104.7,80.82,7.58,,27.15,14.61
2020-10-14 07:00:00,8.78,35.47,23.42,33.81,46.01,13.6,39.86,13.74,13.84,77.35,6.18,11.28,21.8,48.77,17.5,12.52,6.15,11.69,10.46,30.78,14.67,4.54,5.81,59.22,33.01,16.29,34.41,17.91,42.3,27.52,7.97,21.72,70.6,11.19,6.02,,7.09,13.35,10.2,10.7,7.03,37.47,57.59,7.1,41.77,104.0,80.74,7.62,,27.2,14.72
2020-10-15 07:00:00,8.97,35.83,23.81,33.44,45.33,13.45,37.84,13.74,13.76,79.51,6.16,11.21,21.92,48.83,17.5,12.33,6.22,12.22,10.49,32.04,14.64,4.65,5.86,63.43,33.76,16.29,34.35,18.17,42.82,28.01,7.97,21.82,72.32,11.15,6.14,,7.34,13.45,10.77,10.93,7.03,37.51,57.14,7.24,40.44,103.5,80.89,7.75,,27.35,14.9
2020-10-16 07:00:00,9.08,35.65,23.58,34.0,44.81,13.38,35.29,13.83,13.54,79.97,6.23,11.11,22.01,48.44,17.25,12.29,6.28,12.18,10.42,31.41,14.64,4.89,5.91,61.17,33.92,16.33,34.3,17.75,42.64,28.36,7.97,21.82,72.32,11.05,6.33,,7.3,13.7,10.68,10.78,7.01,37.81,56.7,7.47,43.06,104.6,80.82,7.79,,27.45,14.5
2020-10-19 07:00:00,9.34,36.39,23.53,33.81,46.94,13.53,35.55,14.61,13.61,78.05,6.23,11.11,22.92,48.12,17.39,12.84,6.33,12.14,10.11,31.73,14.64,4.93,6.01,61.73,33.92,16.29,34.41,17.75,42.39,29.78,7.97,21.93,71.79,11.12,6.26,,7.38,13.75,10.79,10.83,7.06,37.81,56.04,7.8,43.28,104.0,81.19,7.93,,27.2,15.1
2020-10-20 07:00:00,9.38,35.92,23.42,33.56,45.73,13.67,37.7,14.52,13.44,79.2,6.22,11.18,22.7,47.21,17.43,13.39,6.35,12.07,10.18,31.82,14.73,4.77,6.09,64.81,33.5,16.01,34.41,18.19,41.83,29.38,7.97,22.04,70.98,11.4,6.18,,7.27,13.95,10.87,10.72,7.2,37.55,55.89,7.66,42.57,103.5,80.14,7.85,,27.25,15.08
2020-10-21 07:00:00,9.45,35.97,23.78,33.69,44.95,13.56,38.03,14.22,13.3,79.2,6.27,11.21,22.83,47.08,17.39,13.07,6.5,12.2,10.53,31.82,14.79,4.85,6.19,66.43,33.76,16.29,34.47,18.01,41.87,29.56,8.01,22.2,71.02,11.22,6.22,,7.19,14.3,11.2,10.72,7.09,37.12,56.19,7.7,42.97,103.8,80.14,8.06,,27.45,15.18
2020-10-22 07:00:00,9.38,35.97,23.64,33.5,44.09,13.45,36.79,14.11,13.25,78.43,6.22,11.18,22.75,46.82,17.25,12.79,6.43,12.16,10.56,31.86,14.79,4.81,6.14,66.84,33.66,16.12,34.47,17.84,41.74,29.42,8.01,22.22,70.87,11.01,6.14,,7.07,14.2,11.1,10.75,6.95,36.78,56.19,7.73,43.02,103.4,79.46,8.15,,27.55,15.15
2020-10-23 07:00:00,9.57,35.97,24.15,33.62,46.94,13.56,36.92,14.47,13.48,79.2,6.31,11.24,23.14,47.79,17.36,12.93,6.46,12.47,10.73,31.73,14.82,4.85,6.23,68.46,34.52,16.01,34.47,17.66,42.21,30.0,8.05,22.28,70.98,11.11,6.18,,7.19,14.5,11.27,10.75,6.99,37.47,57.37,7.75,44.44,104.0,80.97,8.23,,28.1,15.45
2020-10-26 07:00:00,9.3,36.02,23.13,34.82,46.59,13.17,36.86,13.97,13.64,79.2,6.27,11.24,22.83,46.88,17.36,13.16,6.43,12.91,10.63,31.59,15.13,,6.14,68.62,35.04,15.87,34.3,17.91,42.3,30.18,7.97,22.28,70.98,10.9,6.26,,7.15,14.1,11.03,10.54,6.81,37.16,57.88,7.63,46.62,104.5,83.16,7.92,,27.75,15.62
2020-10-27 07:00:00,9.15,36.02,22.96,34.31,45.47,12.75,36.2,13.85,13.48,78.58,6.22,11.11,22.53,46.82,17.25,12.93,6.32,12.85,10.56,31.32,15.07,,5.98,68.86,35.16,15.66,34.24,17.87,42.39,30.44,7.82,22.14,70.87,10.5,6.18,,6.99,13.3,11.01,10.14,6.64,36.95,57.22,7.61,46.22,104.0,82.48,7.92,,27.0,15.38
2020-10-28 07:00:00,8.89,36.11,22.17,33.56,42.79,12.44,36.2,13.69,13.18,78.2,5.92,11.05,21.92,46.69,16.36,12.33,5.92,12.7,10.39,30.7,14.82,,5.84,68.21,33.6,15.62,34.19,19.2,40.84,29.25,7.63,22.22,70.6,10.5,5.9,,6.71,13.1,10.58,9.75,6.27,36.08,55.74,7.42,43.91,102.5,80.51,7.56,,25.5,14.8
2020-10-29 07:00:00,8.7,36.39,21.69,33.62,42.1,12.24,36.14,13.33,13.08,78.05,5.85,11.02,21.71,46.23,15.91,12.15,5.89,12.6,10.18,30.34,14.76,,5.84,64.81,32.57,15.55,34.13,19.66,40.58,28.98,7.52,21.77,70.06,10.28,5.82,,6.68,13.0,10.3,9.72,6.33,36.08,55.6,7.42,44.44,100.1,79.83,7.49,,25.05,14.78
2020-10-30 07:00:00,8.93,36.39,21.52,33.75,42.75,12.55,36.66,12.92,13.17,77.66,5.92,10.98,21.84,45.58,16.62,12.61,6.06,12.58,10.32,30.6,14.79,,5.88,64.41,32.57,15.87,34.02,18.89,40.49,29.51,7.38,21.88,70.64,10.39,5.9,,6.79,13.05,10.09,9.59,6.35,35.78,55.23,,44.75,99.4,79.61,7.46,,25.05,14.66
2020-11-02 07:00:00,9.0,36.39,21.72,33.69,42.44,12.55,35.68,13.37,13.25,78.43,6.09,11.05,22.14,45.19,16.95,13.12,6.12,12.77,10.46,30.7,15.07,,5.94,66.67,33.5,15.87,34.35,18.85,41.48,30.8,7.42,22.01,67.53,10.42,6.02,,6.87,13.25,10.11,9.46,6.5,35.87,55.6,,46.66,100.5,80.89,7.62,,25.3,14.96
2020-11-03 07:00:00,9.19,36.2,22.0,33.75,44.26,12.63,36.47,13.78,13.46,78.97,6.25,11.08,22.36,45.51,16.95,13.44,6.2,12.85,11.19,30.52,15.07,,6.01,67.4,33.98,15.9,34.35,19.01,41.53,31.29,7.54,22.12,70.6,10.64,6.14,,6.99,13.45,10.23,9.49,6.52,36.6,55.67,,46.4,103.0,80.89,7.74,,25.5,15.0
2020-11-04 07:00:00,9.42,36.34,22.2,33.75,44.43,12.83,36.4,13.78,13.58,78.51,6.22,11.08,22.7,46.1,17.06,13.94,6.43,12.77,11.43,30.78,15.01,,6.08,67.32,33.92,15.83,34.3,19.66,41.61,31.29,7.63,22.25,70.94,11.08,6.18,,7.01,13.5,10.46,9.7,6.62,36.43,55.82,,45.77,105.3,81.19,7.79,,25.65,15.1
2020-11-05 07:00:00,9.34,36.11,22.03,33.5,45.12,12.86,36.47,13.85,13.67,76.28,6.27,11.05,22.49,46.42,17.32,13.71,6.43,12.73,11.29,31.41,15.07,,6.08,67.89,34.14,15.9,34.3,19.24,41.87,31.86,7.7,22.14,70.79,10.9,6.18,,7.01,13.35,10.3,9.8,6.64,36.65,55.82,,46.22,105.4,81.65,7.69,,25.95,15.2
2020-11-06 07:00:00,9.3,36.2,21.92,33.44,44.52,12.83,36.86,13.83,13.76,79.12,6.27,11.02,22.53,46.03,17.17,13.71,6.43,12.7,11.26,31.95,15.26,,5.99,70.48,32.64,15.9,34.3,19.77,41.27,32.39,7.67,22.2,70.64,10.93,6.18,,6.93,13.25,10.16,9.78,6.61,36.3,55.74,,46.44,104.8,81.65,7.59,,25.55,15.11
2020-11-09 07:00:00,9.42,36.29,22.06,33.62,44.95,12.9,37.05,14.04,14.0,78.43,6.38,11.08,22.79,46.23,17.39,13.85,6.48,12.91,11.82,32.13,15.19,4.85,6.03,72.75,33.69,16.01,33.91,19.95,41.53,32.35,7.78,22.2,70.4,11.0,6.3,,7.01,13.4,10.3,9.86,6.68,36.65,56.04,,46.53,105.5,82.03,7.69,,25.6,15.2
2020-11-10 07:00:00,9.49,36.2,22.23,34.38,45.9,12.9,38.16,14.01,14.82,78.58,6.38,11.15,22.92,47.01,18.43,14.04,6.55,13.17,11.95,32.58,15.16,4.67,6.04,76.88,33.82,16.15,34.24,19.92,38.82,32.35,7.89,22.52,69.83,11.33,6.65,,7.15,13.6,10.42,9.78,6.81,36.78,57.07,7.68,46.93,113.4,81.27,7.74,,26.4,15.33
2020-11-11 07:00:00,9.45,36.11,22.09,34.63,45.64,12.9,39.79,13.92,14.85,79.12,6.4,11.08,22.79,47.47,18.5,14.4,6.52,13.1,11.99,32.71,14.85,4.56,6.03,74.53,33.95,16.29,34.02,19.32,41.57,31.73,7.81,22.38,69.71,11.3,6.57,,7.11,13.45,10.39,9.7,6.81,36.69,56.48,7.66,45.77,112.9,80.14,7.64,,26.5,15.29
2020-11-12 07:00:00,9.53,36.06,22.23,34.25,45.9,13.17,39.6,14.01,14.95,79.89,6.33,11.11,22.88,47.6,18.61,15.05,6.62,13.15,12.23,32.31,15.07,4.56,6.09,75.42,34.62,16.4,34.19,19.27,41.66,31.68,7.84,22.68,69.75,11.33,6.61,,7.09,13.6,10.39,9.7,6.81,36.99,56.48,7.63,46.66,112.4,80.66,7.71,,26.5,15.41
2020-11-13 07:00:00,9.87,35.74,22.37,34.25,46.68,13.17,39.92,14.29,15.21,78.82,6.47,11.11,23.14,47.34,19.28,15.32,6.6,13.23,12.3,32.53,15.13,4.57,6.28,72.83,35.36,16.33,34.24,19.6,41.31,32.57,7.86,23.42,70.21,11.62,6.73,,7.09,13.7,10.58,9.72,6.85,37.25,56.92,7.67,47.15,110.5,80.89,7.77,,27.05,15.5
2020-11-16 07:00:00,9.83,35.47,22.51,34.57,46.59,12.94,40.58,14.56,14.72,78.82,6.44,11.02,22.92,47.21,19.32,15.14,6.48,13.42,12.44,32.44,15.01,4.67,6.34,67.97,34.81,16.36,33.91,18.97,41.4,31.95,7.58,23.26,69.75,11.4,6.65,,7.19,13.65,10.77,9.51,6.86,36.73,56.04,7.64,44.44,107.9,80.89,7.82,,26.7,15.35
2020-11-17 07:00:00,9.83,35.37,22.43,34.69,46.42,12.9,40.44,14.66,14.88,78.58,6.42,10.98,22.92,47.47,19.54,15.28,6.57,13.63,12.69,31.86,15.01,4.67,6.38,67.89,35.0,16.36,33.97,18.97,41.4,32.08,7.78,23.21,69.71,11.33,6.65,,7.17,13.6,10.79,9.51,6.85,36.95,56.55,7.68,45.42,110.1,80.89,7.82,,26.85,15.35
2020-11-18 07:00:00,10.09,35.0,22.57,35.88,47.03,13.02,40.84,14.82,15.15,78.66,6.42,11.02,23.22,48.9,20.28,16.43,6.55,14.03,13.07,31.86,15.16,4.65,6.49,67.0,35.32,16.26,33.97,19.22,41.57,32.39,7.9,23.26,69.91,11.48,6.69,,7.4,13.8,10.91,9.72,6.96,37.6,57.0,7.63,45.77,112.1,81.5,8.1,,27.1,15.6
2020-11-19 07:00:00,10.13,35.19,22.63,36.13,47.54,13.06,40.12,14.91,15.24,79.12,6.36,10.98,23.35,52.35,19.61,17.03,6.53,14.49,12.93,31.55,15.22,4.69,6.48,65.62,35.07,16.26,33.85,19.22,41.78,32.57,7.91,23.21,70.6,11.7,6.65,,7.44,14.05,10.96,9.75,6.99,37.77,56.92,7.9,45.77,111.8,82.4,8.11,,27.4,15.6
2020-11-20 07:00:00,10.06,35.0,22.96,36.38,48.93,13.06,39.47,15.09,15.29,78.74,6.34,11.05,23.78,52.68,19.43,17.17,6.55,14.7,12.76,31.77,15.29,4.69,6.43,65.7,35.45,16.15,33.97,19.67,43.5,32.53,8.03,23.37,72.9,12.38,6.69,,7.36,14.05,11.01,10.07,6.96,38.94,57.22,7.9,45.95,113.0,82.48,8.19,,27.55,15.82
2020-11-23 07:00:00,10.13,34.91,22.88,36.7,48.41,13.17,39.86,14.93,15.64,78.89,6.33,11.02,23.61,52.87,19.72,16.89,6.61,14.93,12.2,31.95,16.31,4.75,6.36,66.43,35.39,16.19,34.02,20.62,42.9,32.53,8.07,23.53,72.86,12.6,6.65,,7.34,14.05,10.91,10.41,6.91,39.33,58.47,7.73,45.82,117.9,83.01,7.74,,27.5,15.52
2020-11-24 07:00:00,10.17,34.91,22.79,36.45,46.68,13.33,40.64,14.88,15.46,78.66,6.33,11.05,23.78,52.74,20.02,16.38,6.51,15.27,12.51,32.09,16.0,4.73,6.41,64.81,35.52,16.22,33.97,20.45,42.64,32.79,8.01,24.06,72.36,12.64,6.49,,7.56,14.2,11.05,10.51,7.01,39.24,59.43,7.73,45.82,117.0,82.4,8.23,,27.7,15.93
2020-11-25 07:00:00,10.17,34.73,22.88,36.45,47.54,13.25,40.97,15.07,15.21,78.97,6.42,11.08,23.87,53.85,19.98,16.94,6.48,14.81,12.62,32.13,16.06,4.77,6.44,66.43,35.58,16.36,33.97,20.17,43.16,33.64,8.01,24.22,72.59,13.11,6.53,,7.7,14.35,11.12,10.25,7.12,39.89,61.49,7.81,46.26,118.0,82.48,8.37,,28.1,16.0
2020-11-26 07:00:00,10.13,35.01,23.13,36.26,47.03,13.48,41.49,15.09,15.08,79.51,6.36,11.08,23.7,53.2,19.98,17.44,6.5,14.43,12.44,32.13,16.06,4.79,6.41,66.11,35.84,16.19,33.46,19.72,43.16,33.24,7.98,24.33,74.05,12.97,6.65,,7.66,14.35,11.05,10.64,7.01,40.02,60.54,7.77,46.44,118.0,82.63,8.62,,27.7,15.98
2020-11-27 07:00:00,10.21,39.85,23.73,36.57,47.37,13.33,41.55,15.57,15.29,79.05,6.38,11.11,24.04,53.85,20.24,17.53,6.69,14.72,12.79,31.95,16.25,4.79,6.48,67.08,36.09,16.08,33.63,20.17,43.76,33.68,8.11,24.54,74.17,12.75,6.65,,7.78,14.35,11.12,10.62,7.03,40.28,60.54,7.83,46.57,118.8,82.18,8.7,,27.55,16.18
2020-11-30 07:00:00,10.13,40.03,23.53,38.2,47.54,13.25,41.55,15.34,15.39,78.51,6.33,11.08,23.96,54.37,20.58,17.12,7.1,14.93,12.51,31.68,16.46,4.81,6.74,66.19,37.02,16.05,33.46,20.42,43.68,34.52,8.22,25.39,73.66,13.11,6.61,,7.8,14.5,11.2,10.25,7.44,39.54,60.61,7.76,46.13,117.4,81.65,8.73,,27.4,16.1
2020-12-01 07:00:00,10.06,37.98,23.02,37.51,46.42,13.14,41.16,15.07,15.15,78.89,6.22,11.05,23.7,53.26,20.24,16.66,7.02,14.53,12.34,31.77,16.28,4.83,6.69,65.22,36.22,16.01,33.41,20.07,42.56,33.94,8.06,25.44,73.7,12.82,6.53,,7.64,14.4,11.17,9.88,7.61,39.2,60.09,7.64,45.68,115.0,81.04,8.59,,27.6,16.03
2020-12-02 07:00:00,,37.15,23.36,38.27,47.46,13.17,41.16,15.39,15.6,79.43,6.31,11.02,23.78,53.85,21.43,17.03,7.16,14.77,12.44,31.86,16.43,5.01,6.96,66.43,36.25,16.05,33.46,20.02,42.99,33.94,8.22,25.5,74.63,13.4,6.77,,7.86,15.15,11.62,10.41,7.53,39.54,61.35,8.43,46.31,117.5,82.18,8.93,,28.1,16.3
2020-12-03 07:00:00,,37.05,23.36,38.52,48.41,13.25,39.92,15.43,15.96,79.2,6.34,11.05,23.83,54.37,21.46,17.12,7.11,14.85,12.51,32.04,16.53,5.12,6.96,66.84,36.09,16.36,33.41,20.07,43.25,33.68,8.95,24.59,75.25,13.69,6.77,,8.05,15.45,11.81,10.2,7.48,39.93,62.31,9.11,46.35,118.2,82.25,8.96,,28.4,16.43
2020-12-04 07:00:00,,37.7,23.42,38.64,47.8,13.76,40.32,15.53,15.86,79.2,6.36,11.08,23.96,55.02,21.28,17.26,7.08,15.44,12.72,32.35,16.68,5.03,6.96,67.65,36.32,16.65,33.41,21.57,43.5,34.3,9.04,24.96,75.6,13.55,6.69,,8.13,15.5,11.69,10.2,7.46,39.37,62.01,8.73,46.44,117.9,82.25,9.06,,28.0,16.48
2020-12-07 07:00:00,,37.43,23.61,38.45,47.8,14.03,40.12,15.85,15.77,81.28,6.38,11.08,24.0,55.41,21.32,18.68,7.08,15.5,12.9,34.15,16.71,5.01,6.94,69.27,36.28,16.9,33.41,21.12,43.85,34.48,9.28,24.75,78.31,13.8,6.65,,8.23,15.55,11.72,10.12,7.56,39.5,61.79,8.97,46.71,117.4,82.25,9.09,,27.85,16.51
2020-12-08 07:00:00,,37.24,23.95,38.96,48.76,13.99,41.1,15.71,15.9,80.35,6.46,11.08,24.0,55.67,21.43,18.5,7.13,15.99,13.8,34.15,16.68,5.03,6.94,69.11,36.41,16.72,33.41,21.32,43.5,34.83,9.12,24.75,79.86,13.73,6.73,,8.39,15.5,11.76,10.09,7.6,39.54,62.16,8.98,46.57,117.6,82.4,9.16,,28.05,16.6
2020-12-09 07:00:00,10.43,37.01,24.12,40.21,49.53,14.38,43.77,15.78,16.09,81.05,6.6,11.05,24.3,55.67,21.39,18.5,7.29,16.03,13.84,33.75,16.74,5.05,7.13,68.86,36.44,16.72,33.63,21.57,43.59,34.83,9.2,24.59,77.54,13.73,6.85,,9.02,15.9,11.83,9.88,7.61,40.28,62.08,9.05,46.4,118.3,82.63,9.24,,28.0,16.65
2020-12-10 07:00:00,10.47,37.1,24.66,40.21,48.84,14.26,45.08,15.57,15.93,80.97,6.55,11.08,24.43,54.95,21.61,18.32,7.26,15.65,13.77,34.1,17.05,5.05,7.01,67.73,36.41,16.51,34.86,21.37,44.36,32.6,9.16,24.91,76.8,13.48,6.73,,9.1,15.45,11.95,10.04,7.68,41.66,61.64,8.87,46.62,119.0,83.39,9.12,,28.15,16.72
2020-12-11 07:00:00,10.43,37.24,24.6,40.15,48.41,14.18,44.75,15.55,15.83,80.89,6.36,11.08,24.35,55.15,22.61,18.32,7.24,15.86,13.87,34.1,17.3,5.03,6.96,67.4,36.16,16.72,35.3,20.97,44.45,33.94,9.2,25.18,76.8,13.37,6.69,,9.16,15.5,11.83,9.96,7.63,41.44,61.49,8.83,46.62,119.7,84.52,9.06,,28.1,16.67
2020-12-14 07:00:00,10.54,37.05,25.87,40.21,49.53,14.45,45.6,15.98,16.13,80.89,6.57,11.11,24.61,55.87,23.17,19.33,7.24,16.39,14.5,34.38,17.33,5.1,7.21,67.97,36.7,16.61,35.19,21.47,45.74,34.61,9.48,25.28,78.7,13.66,6.73,,9.75,15.8,12.14,10.12,7.68,41.44,62.67,8.95,46.88,122.7,84.97,9.25,,29.05,17.0
2020-12-15 07:00:00,10.47,37.15,25.87,40.53,50.14,14.45,45.4,15.87,16.11,80.35,6.55,11.08,24.48,55.48,23.31,20.39,7.18,16.2,14.43,34.1,17.08,5.07,7.14,67.97,36.8,16.58,35.86,21.97,46.0,34.03,9.44,25.1,76.99,14.2,6.69,,10.08,15.8,12.26,10.04,7.68,41.7,62.67,8.91,47.42,125.0,83.76,9.14,,29.8,16.92
2020-12-16 07:00:00,10.51,38.36,26.01,40.15,49.97,14.92,46.45,16.08,16.21,80.35,6.64,11.05,24.65,55.41,23.68,21.26,7.21,16.2,14.53,33.93,17.15,5.07,7.18,67.97,36.86,16.75,36.64,21.92,46.0,34.38,9.4,25.02,77.15,14.2,6.69,,10.16,16.25,12.47,10.04,7.7,42.26,63.04,8.97,47.06,124.8,83.69,9.12,,29.85,17.0
2020-12-17 07:00:00,10.52,37.8,26.18,39.77,49.27,14.57,45.53,15.84,16.08,79.51,6.59,10.72,24.22,54.76,23.46,20.99,7.21,15.84,14.43,34.74,16.87,5.16,7.28,67.88,36.32,16.61,36.47,21.72,44.54,33.49,9.48,24.54,71.8,14.13,6.69,,10.0,16.4,13.2,9.93,7.77,41.05,62.31,8.99,46.48,124.5,83.39,9.46,,29.3,17.1
2020-12-18 07:00:00,10.62,37.24,26.18,39.4,48.93,14.76,46.06,15.84,16.15,79.2,6.55,11.05,24.43,54.76,23.46,22.37,7.41,15.94,14.74,35.3,16.96,5.16,7.39,68.62,36.16,16.61,36.64,21.77,44.97,33.85,9.69,24.49,76.18,14.38,6.73,,10.22,16.65,13.46,10.07,8.15,41.49,62.38,9.18,46.44,124.4,83.16,9.77,,29.65,17.1
2020-12-21 07:00:00,10.64,38.03,26.24,39.71,49.19,14.8,46.38,16.03,16.13,79.97,6.7,11.11,24.69,55.08,24.42,24.02,7.83,16.13,14.81,34.97,17.12,5.23,7.7,68.38,36.7,16.75,36.64,21.92,45.74,34.16,9.69,25.02,77.19,14.64,6.81,,11.05,16.9,13.75,10.12,8.89,42.39,63.12,9.33,46.62,124.8,83.31,10.46,,29.95,17.49
2020-12-22 07:00:00,10.73,37.7,26.29,39.65,49.1,14.69,45.86,16.14,15.91,79.2,6.73,12.67,24.69,55.08,24.76,26.32,7.93,16.11,14.92,34.37,17.27,5.31,7.68,67.64,36.92,17.43,36.75,22.92,45.57,34.38,9.6,24.91,76.68,15.04,7.0,,11.56,16.9,13.72,10.09,9.31,42.48,63.71,9.32,46.8,123.4,83.01,10.49,,30.05,17.52
2020-12-23 07:00:00,10.51,37.89,26.18,39.96,49.19,15.03,46.06,15.98,16.2,79.66,6.94,12.67,24.74,55.08,23.13,24.81,7.83,16.57,15.37,34.01,17.67,5.42,7.65,67.72,37.79,17.5,36.97,23.72,45.65,34.83,10.05,25.55,76.37,15.22,6.88,,11.58,16.7,13.46,10.22,9.0,42.22,64.0,9.2,46.84,122.1,83.08,10.1,,30.1,17.6
2020-12-24 07:00:00,9.94,37.7,24.77,38.71,49.27,14.72,45.66,14.96,15.93,79.12,6.51,11.8,24.39,53.39,22.17,23.65,7.34,16.24,14.57,32.25,17.05,5.14,7.38,67.06,36.8,16.33,36.19,23.67,42.56,33.94,9.48,24.91,75.6,14.35,6.69,,10.89,15.8,12.71,10.09,8.53,41.82,62.31,8.94,46.22,121.9,81.65,9.77,,28.6,17.14
2020-12-25 07:00:00,10.21,38.31,25.39,39.21,50.4,15.03,47.36,15.47,16.03,79.82,6.7,11.8,24.48,53.72,23.17,25.36,7.55,16.62,15.09,33.87,17.12,5.23,7.55,67.56,37.05,16.97,36.69,24.22,44.71,34.03,9.65,25.15,75.99,14.38,6.73,,11.24,16.25,13.09,10.28,8.69,42.13,63.12,8.97,46.66,122.8,81.72,10.07,,29.55,17.2
2020-12-28 07:00:00,10.37,38.82,26.41,39.46,53.51,15.15,47.42,15.89,16.1,79.2,6.83,12.09,24.87,54.89,23.31,26.88,7.68,17.25,15.27,33.96,17.49,5.33,7.63,67.31,37.44,17.28,36.97,24.22,45.65,34.52,10.09,25.23,76.18,15.0,6.77,,12.64,16.55,13.94,10.54,9.15,42.39,63.93,9.12,46.84,124.4,81.87,10.43,,30.05,17.56
2020-12-29 07:00:00,10.36,38.45,26.69,39.52,54.63,15.31,48.27,15.84,16.2,79.28,6.86,12.02,24.91,56.0,23.24,26.6,7.68,17.27,15.27,34.01,17.49,5.33,7.63,68.05,37.47,16.86,37.31,24.52,46.51,34.56,10.58,25.18,76.18,15.07,6.69,,12.64,16.6,13.94,10.78,9.1,42.61,64.22,9.16,47.02,124.2,82.1,10.3,,30.25,17.62
2020-12-30 07:00:00,10.41,37.8,27.08,39.4,55.76,16.7,50.43,15.86,17.31,79.58,6.9,11.93,25.12,56.52,23.72,25.86,7.7,17.14,15.13,33.87,17.83,5.33,7.65,67.72,37.44,17.32,36.8,25.07,46.86,35.28,10.83,25.23,77.07,15.04,6.65,,12.6,16.8,14.03,10.83,9.1,42.48,66.36,9.25,47.42,124.5,82.1,10.36,,31.1,17.73
2020-12-31 07:00:00,10.45,37.7,26.97,38.96,55.33,16.43,50.69,15.96,17.08,79.51,6.9,12.32,25.08,56.13,23.5,25.77,7.7,17.12,15.09,33.82,17.95,5.33,7.66,68.05,37.53,17.25,36.75,25.27,46.86,35.9,10.74,25.55,75.6,15.0,6.69,,12.78,16.75,14.12,10.72,9.12,42.26,65.99,9.11,46.88,124.0,82.25,10.36,,31.2,17.72
2021-01-04 07:00:00,10.69,38.12,27.4,39.46,56.71,16.35,49.9,16.21,17.14,79.97,6.96,12.41,25.64,56.71,24.28,27.11,7.8,17.52,15.82,34.01,18.05,5.42,7.71,72.88,38.17,17.5,36.14,25.41,46.94,35.99,11.19,26.19,75.68,15.18,6.69,,13.74,16.9,15.07,10.72,9.41,42.39,66.29,9.19,47.33,124.0,82.4,10.61,,31.4,18.14
2021-01-05 07:00:00,10.62,39.29,27.34,39.96,56.54,16.86,49.71,16.35,17.04,80.43,7.03,12.51,25.86,56.39,24.24,26.78,7.86,17.54,16.52,34.05,18.05,5.44,8.0,72.23,38.27,17.43,35.19,25.56,46.94,35.99,11.32,26.56,76.68,15.18,6.73,,13.45,17.45,15.38,10.72,9.55,43.13,67.47,9.27,47.64,124.6,82.71,11.05,,31.5,18.29
2021-01-06 07:00:00,10.99,40.03,27.28,39.4,57.05,17.05,49.25,16.58,17.28,79.82,6.96,12.48,26.94,58.6,24.5,26.23,8.09,17.79,16.49,34.1,18.23,5.92,8.35,72.15,38.62,17.36,36.03,25.27,47.46,36.17,11.23,26.4,75.6,15.26,6.92,,13.41,17.7,15.57,10.8,9.55,43.26,69.46,9.92,48.4,122.7,83.77,11.14,,33.05,18.55
2021-01-07 07:00:00,11.11,40.78,27.83,38.71,57.49,16.97,48.93,17.84,17.11,81.89,6.96,13.0,26.77,58.08,24.05,25.86,8.47,17.77,16.42,34.37,18.6,5.9,8.43,72.39,38.3,17.43,37.03,25.36,47.46,36.08,11.11,26.51,76.03,15.26,7.0,,13.64,17.85,15.78,11.29,9.62,45.31,68.87,9.72,48.44,123.5,83.77,11.11,,33.0,18.7
2021-01-08 07:00:00,11.18,39.57,27.66,38.71,58.44,17.05,49.32,17.89,17.24,83.04,7.07,13.0,27.07,59.71,24.79,25.68,8.74,17.92,16.52,35.89,18.63,5.96,8.68,75.43,38.65,17.5,40.37,25.22,47.97,36.08,11.23,26.88,76.68,15.26,7.44,,13.64,18.65,16.49,11.4,9.72,45.53,70.27,9.77,48.93,125.1,84.61,11.39,,34.3,18.98
2021-01-11 07:00:00,11.31,46.83,27.48,38.77,57.83,17.13,49.77,17.93,17.51,81.51,7.16,13.0,27.37,60.36,24.87,26.23,8.65,17.92,16.62,35.94,18.79,5.94,8.75,76.41,39.04,17.92,41.2,25.41,48.92,36.71,11.44,27.15,76.92,15.84,7.4,,13.43,19.8,16.63,12.39,9.69,45.35,71.97,9.67,50.13,126.5,85.83,11.42,,35.4,19.43
2021-01-12 07:00:00,11.24,47.02,27.48,38.83,58.0,17.9,51.21,17.7,17.55,80.74,7.12,13.0,27.68,59.9,25.46,26.69,8.58,18.05,16.8,35.94,19.91,5.88,8.58,76.33,39.96,18.13,41.65,25.51,48.83,36.71,11.68,27.15,78.51,16.42,7.2,,13.21,19.5,16.3,12.99,9.45,45.4,76.02,9.58,50.53,130.7,88.05,11.18,,36.2,19.44
2021-01-13 07:00:00,11.14,45.62,27.77,39.58,59.22,18.41,54.47,17.89,17.61,82.28,7.14,13.06,28.5,60.36,26.31,28.07,8.71,18.68,17.32,35.48,20.09,5.96,8.65,76.0,40.35,17.71,41.82,25.46,48.92,36.93,11.56,27.95,79.86,16.34,7.28,,13.57,19.4,16.58,13.01,9.53,45.31,73.44,9.74,49.37,131.1,87.13,11.31,,35.0,19.53
2021-01-14 07:00:00,10.96,46.83,27.54,40.21,58.96,17.98,54.08,17.89,17.58,81.51,7.16,13.78,28.41,59.58,26.05,29.82,8.65,18.45,17.32,35.94,19.97,6.01,8.63,75.18,40.32,17.57,41.7,26.51,48.15,36.53,11.32,28.05,79.48,16.13,7.44,,13.41,19.0,16.46,12.96,9.43,45.0,72.7,9.77,48.88,129.5,85.91,11.57,,35.3,19.38
2021-01-15 07:00:00,11.24,46.46,28.03,39.96,59.56,18.25,54.21,18.26,17.68,81.12,7.2,14.04,28.71,58.93,26.28,29.36,8.79,18.64,17.5,35.94,20.28,6.29,8.86,75.84,40.73,17.57,40.37,27.21,47.54,36.66,11.56,28.05,77.54,16.92,7.48,,14.41,20.5,17.12,14.01,9.66,44.66,73.29,9.98,48.79,130.0,86.29,12.06,,36.4,19.58
2021-01-18 07:00:00,11.22,48.41,27.89,39.65,58.96,18.13,53.62,17.93,17.72,81.2,7.25,13.65,28.63,58.54,25.83,29.32,8.81,18.61,17.77,35.94,20.77,6.4,8.75,77.8,40.38,17.25,39.53,26.96,47.72,37.06,11.68,28.32,76.45,17.29,7.28,,14.65,20.25,16.96,13.88,9.93,44.87,73.44,9.92,48.93,131.2,86.45,11.88,,36.9,19.69
2021-01-19 07:00:00,10.47,46.41,25.96,36.89,55.15,17.01,51.01,16.68,16.91,79.2,6.92,12.97,26.68,54.89,24.05,28.53,8.27,17.46,16.56,34.19,19.44,5.96,8.15,72.56,37.76,16.58,37.31,25.56,45.14,34.88,11.19,26.72,72.5,16.89,6.61,,13.74,19.2,15.92,13.12,9.27,41.87,69.31,9.23,45.6,127.9,81.64,11.05,,34.75,18.41
2021-01-20 07:00:00,9.87,44.97,24.39,36.38,52.39,16.62,48.27,15.7,16.7,78.43,6.47,12.22,26.03,52.22,22.39,27.15,7.83,16.83,15.89,34.56,19.16,5.57,7.65,70.51,37.12,16.29,39.48,25.17,44.71,34.83,10.66,26.62,73.66,16.24,6.06,,12.82,17.95,15.12,12.2,9.0,42.7,69.68,8.64,45.55,126.0,80.88,10.3,,35.0,18.0
2021-01-21 07:00:00,10.64,46.55,25.93,37.01,55.41,17.44,51.08,16.49,17.38,78.58,6.9,12.67,27.37,56.32,23.02,27.89,8.16,17.58,17.32,35.94,20.03,6.01,8.15,73.29,39.29,16.9,40.55,26.16,46.0,35.95,11.36,27.89,74.44,16.78,6.81,,13.41,18.85,16.3,12.82,9.55,42.7,72.11,9.27,45.77,128.8,83.01,11.14,,35.9,18.79
2021-01-22 07:00:00,10.69,47.57,25.88,38.58,55.33,17.9,51.47,17.05,17.72,79.97,7.05,13.0,28.28,56.26,23.61,28.72,8.39,18.32,18.12,38.34,20.4,6.14,8.45,74.61,39.93,16.9,42.24,26.46,46.68,36.93,11.52,28.37,74.78,17.07,6.77,,13.57,19.7,16.91,13.66,9.57,44.44,72.92,9.56,46.66,131.0,82.94,11.65,,36.35,19.26
2021-01-25 07:00:00,10.52,54.0,25.48,39.02,55.33,17.63,51.54,16.96,18.39,79.2,7.08,12.8,28.63,55.08,23.35,29.04,8.32,18.13,18.26,39.63,21.02,6.14,8.4,77.07,40.7,16.79,44.44,27.36,46.34,37.51,11.48,28.64,74.44,16.27,6.57,,13.37,19.35,16.82,13.58,9.41,44.05,72.7,9.5,46.26,133.3,82.4,11.6,,36.6,19.26
2021-01-26 07:00:00,10.32,51.2,23.98,38.83,51.87,16.47,50.88,16.03,17.55,78.43,6.74,12.09,28.32,52.74,23.17,27.8,7.83,17.5,17.43,37.32,21.12,5.85,7.93,74.85,41.63,17.11,44.5,26.61,44.79,37.56,10.74,27.68,72.11,15.15,5.98,,12.84,18.05,15.83,13.01,9.0,43.13,70.05,9.27,44.26,129.5,80.11,10.88,,35.8,18.59
2021-01-27 07:00:00,10.21,52.14,23.3,38.39,49.45,15.96,48.21,15.1,17.21,77.66,6.34,11.44,27.2,51.44,22.57,25.86,7.5,16.62,16.35,36.4,20.77,5.81,7.96,73.95,41.95,17.04,45.06,26.46,43.5,35.32,10.26,26.62,70.68,14.35,6.06,,12.11,17.0,15.42,12.34,8.62,40.91,67.47,9.22,44.22,128.5,78.21,10.3,,34.45,18.07
2021-01-28 07:00:00,9.61,50.27,22.06,35.88,46.68,15.81,45.99,14.1,16.42,72.28,5.93,10.72,25.34,47.86,21.32,24.07,7.08,15.78,15.23,35.76,19.78,5.46,7.46,69.93,39.74,15.97,42.58,25.12,40.58,34.7,9.73,25.71,67.38,13.37,5.55,,11.28,16.05,14.74,11.53,8.08,39.47,64.44,8.75,41.33,121.7,73.32,9.66,,32.05,17.07
2021-01-29 07:00:00,9.19,46.83,20.94,35.76,44.09,14.76,43.06,13.38,15.72,73.82,5.53,10.95,25.51,47.21,19.84,22.41,6.59,15.56,14.25,33.64,18.79,5.12,7.11,66.0,38.08,15.58,42.98,25.66,39.12,33.49,9.08,24.49,62.69,12.46,5.0,,10.57,15.5,13.98,10.78,7.61,37.25,61.94,8.21,41.11,118.0,73.25,9.19,,29.85,16.0
2021-02-01 07:00:00,9.87,48.88,22.18,37.07,46.16,15.34,44.95,14.63,16.38,73.13,5.76,10.95,26.94,48.51,20.54,20.89,7.11,16.07,15.34,33.82,18.48,5.18,7.33,66.41,39.52,16.29,44.55,26.81,41.35,34.83,9.36,25.98,67.07,12.2,5.31,,10.89,16.1,14.9,11.02,8.29,39.65,65.11,8.63,43.91,122.3,77.82,9.77,,30.0,17.31
2021-02-02 07:00:00,9.89,48.41,22.12,37.07,45.21,15.27,42.92,14.73,16.26,74.59,5.66,10.85,27.24,48.7,19.13,19.88,7.16,16.09,14.99,34.24,17.67,5.03,7.33,65.59,38.56,16.19,44.61,26.76,41.44,34.74,9.16,26.48,68.81,11.62,5.19,,10.44,16.0,15.09,10.67,8.31,40.08,64.89,8.71,44.0,125.1,78.05,10.1,,28.7,17.29
2021-02-03 07:00:00,10.21,49.34,22.78,38.27,48.41,16.0,44.36,15.8,16.64,76.12,5.87,11.21,28.58,50.79,20.47,21.54,7.57,17.25,15.89,35.62,19.01,5.38,7.81,70.1,39.71,16.65,44.95,27.86,42.9,36.35,9.69,28.21,69.01,13.04,5.78,,11.38,17.15,16.06,11.32,8.86,42.09,69.68,8.99,46.66,129.0,81.18,10.91,,31.95,18.25
2021-02-04 07:00:00,10.43,49.81,23.47,38.89,50.22,16.24,45.66,15.91,17.11,76.66,6.07,11.21,30.36,51.96,21.09,22.92,7.62,17.48,16.38,36.68,19.38,5.66,7.95,71.74,40.16,16.79,45.51,28.96,43.25,36.17,10.14,28.0,69.4,13.66,5.94,,11.87,17.55,16.34,11.85,8.82,40.91,70.2,9.36,45.33,129.0,81.64,11.57,,32.5,18.58
2021-02-05 07:00:00,10.56,50.27,23.7,38.76,50.57,16.16,45.73,16.14,17.41,76.89,6.14,11.41,31.05,52.87,22.17,23.06,7.68,17.54,16.56,36.49,20.15,5.77,8.03,73.05,40.96,17.0,44.89,29.51,44.11,36.57,10.18,28.0,70.33,13.73,5.98,,12.09,17.6,16.58,11.94,9.07,42.65,72.48,9.5,46.66,130.5,82.86,11.83,,32.45,18.51
2021-02-08 07:00:00,10.21,50.83,22.41,38.25,48.5,15.54,44.36,15.75,18.12,76.12,5.99,11.24,30.1,50.2,21.35,22.04,7.46,16.83,15.68,37.09,18.91,6.07,7.96,68.87,40.25,16.6,42.81,28.21,43.07,35.72,9.69,28.11,66.68,14.16,5.82,,12.03,17.1,16.06,11.32,8.65,40.56,68.2,9.58,44.88,122.0,79.2,11.24,,30.45,18.17
2021-02-09 07:00:00,10.24,49.99,22.78,38.31,49.27,15.58,44.29,15.8,18.12,75.36,6.05,11.31,30.27,50.79,21.76,21.35,7.6,17.02,16.17,38.06,19.1,6.18,7.95,69.77,40.32,16.49,43.37,29.36,43.68,35.72,9.69,28.48,67.46,14.89,5.82,,12.03,17.1,16.39,11.1,8.96,40.56,69.24,9.67,45.11,124.2,80.04,11.53,,30.1,18.35
2021-02-17 07:00:00,10.77,52.14,23.44,38.96,51.87,16.43,45.34,16.65,18.49,76.89,6.07,11.41,32.82,54.37,22.69,23.01,7.86,17.79,17.11,39.17,19.97,6.37,8.35,72.8,41.76,16.63,44.44,30.86,45.65,37.33,10.18,30.34,69.78,16.64,6.14,,13.09,18.2,17.24,11.61,9.31,42.48,71.52,10.09,47.2,129.1,81.87,12.77,,31.65,19.1
2021-02-18 07:00:00,10.81,53.53,23.93,40.13,52.3,17.09,46.97,16.86,19.88,76.97,6.24,11.5,33.12,56.84,23.83,25.27,8.16,18.07,17.32,41.01,20.4,6.33,8.55,74.61,43.55,16.78,44.55,31.41,47.72,38.23,10.42,30.61,70.17,16.34,6.18,,13.31,18.45,17.95,11.77,9.48,42.7,73.74,10.34,47.15,129.0,82.02,13.03,,33.0,18.6
2021-02-19 07:00:00,10.84,54.93,24.59,40.64,52.65,16.89,47.1,16.77,19.88,77.12,6.62,11.67,32.87,57.3,24.02,25.36,8.12,18.13,17.18,40.73,20.77,6.27,8.61,76.74,43.84,16.78,45.06,31.46,47.46,38.4,10.5,31.14,73.27,16.38,6.1,,13.29,18.25,18.05,12.42,9.52,43.17,74.69,10.34,47.55,129.8,81.71,13.07,,34.1,19.49
2021-02-22 07:00:00,11.67,56.32,25.07,40.97,52.3,16.93,47.62,17.1,19.77,77.12,6.6,11.73,32.91,56.71,24.09,25.31,8.34,18.09,17.6,42.99,20.68,6.31,8.78,76.9,43.26,16.93,44.67,31.61,48.23,37.87,10.46,30.24,72.92,15.62,6.18,,13.29,18.55,17.95,12.18,9.6,43.7,76.39,10.51,47.11,130.0,81.87,13.05,,34.0,19.7
2021-02-23 07:00:00,11.8,54.93,24.79,40.51,51.61,16.97,49.45,17.19,19.57,77.2,6.51,11.7,32.26,57.69,24.05,24.94,8.32,18.07,17.77,44.14,20.65,6.27,8.88,75.84,42.56,16.89,45.12,31.31,48.4,37.11,10.38,29.81,71.72,15.98,6.18,,13.27,18.5,18.33,12.18,9.55,43.22,76.68,9.87,47.77,129.3,81.03,12.87,,34.1,19.7
2021-02-24 07:00:00,11.63,54.46,24.44,39.54,51.26,16.58,48.27,17.21,20.25,77.12,6.43,11.63,32.39,56.65,24.05,26.23,8.22,18.22,17.74,43.08,20.28,6.2,8.98,74.2,42.72,16.75,44.72,30.81,48.4,36.71,10.18,29.28,71.72,15.65,6.18,,13.41,18.3,18.38,11.91,9.27,42.04,74.47,10.47,47.11,131.5,80.49,12.87,,33.0,19.48
2021-02-25 07:00:00,11.67,54.0,24.21,39.67,51.0,16.55,47.82,17.21,21.12,77.66,6.41,11.6,32.22,57.43,23.98,26.05,8.09,18.36,17.77,43.4,19.84,6.2,8.96,73.29,42.59,16.6,44.61,30.46,49.26,36.98,10.18,29.81,71.88,15.76,6.14,,13.37,18.2,18.19,11.77,9.34,42.52,74.84,10.51,47.15,131.2,79.5,12.53,,33.35,19.44
2021-02-26 07:00:00,11.97,52.6,24.27,39.93,50.83,16.31,47.69,16.96,21.6,77.12,6.34,11.57,32.39,56.78,23.98,25.59,8.14,18.34,17.71,43.31,19.53,6.2,8.91,72.56,42.59,16.45,44.61,30.51,49.01,37.29,10.09,29.6,71.88,15.26,6.1,,13.25,18.2,18.09,11.53,9.31,42.26,74.03,10.68,47.2,133.5,78.89,12.59,,33.0,19.4
2021-03-01 07:00:00,12.34,53.44,25.02,40.32,51.35,16.58,48.21,17.47,21.7,76.97,6.49,11.7,33.21,58.21,25.02,26.78,8.26,19.27,18.75,44.51,19.78,6.46,9.31,74.03,42.88,16.71,44.55,31.41,50.04,37.56,10.3,30.18,71.72,15.69,6.22,,13.53,18.5,18.57,11.8,9.62,42.78,75.14,11.5,47.86,135.0,80.11,13.05,,33.4,19.72
2021-03-02 07:00:00,12.31,53.44,25.16,41.03,53.16,17.09,48.6,17.65,21.6,77.05,6.74,12.02,33.26,59.25,24.94,26.92,8.45,19.44,19.38,44.7,20.15,6.83,9.35,73.79,43.04,16.71,44.61,31.56,50.3,37.42,10.5,30.18,70.78,16.34,6.3,,14.08,19.05,18.9,12.07,9.74,42.7,74.99,11.97,47.2,135.1,79.35,13.23,,34.3,19.97
2021-03-03 07:00:00,12.27,53.16,25.07,42.07,52.9,17.05,48.21,17.79,21.8,76.97,6.91,12.02,33.47,58.73,24.79,27.15,8.65,19.56,19.31,41.93,20.25,6.87,9.31,73.79,43.45,16.82,44.38,31.71,49.95,37.69,10.38,30.18,71.32,16.38,6.26,,14.06,19.0,18.9,12.02,10.28,42.78,74.69,12.1,47.33,135.5,79.35,13.23,,34.1,19.92
2021-03-04 07:00:00,12.03,54.46,24.27,40.97,51.44,16.89,46.32,17.42,23.25,76.82,7.12,11.76,32.48,57.95,23.54,25.86,8.42,18.93,19.17,43.5,19.41,6.55,8.98,71.74,41.6,16.71,45.06,31.21,48.15,37.06,10.09,29.01,67.61,15.62,6.14,,13.41,18.3,18.23,11.64,9.86,40.56,72.26,11.72,47.37,135.3,78.59,13.03,,34.0,19.57
2021-03-05 07:00:00,11.86,53.07,24.1,40.39,50.57,16.86,45.99,17.42,22.95,76.12,6.99,11.73,32.22,58.93,22.94,25.77,8.35,18.97,19.03,44.23,19.13,6.57,8.95,71.74,41.72,16.63,43.93,30.46,49.44,36.84,10.5,29.01,68.59,15.69,6.1,,13.21,18.15,18.09,11.61,9.59,41.39,72.26,11.47,47.02,135.0,77.59,13.2,,33.1,19.0
2021-03-08 07:00:00,11.84,53.07,24.27,40.13,51.0,17.67,47.3,17.44,23.49,75.66,7.1,11.83,32.61,61.01,23.57,26.51,8.44,19.35,19.48,46.08,19.13,6.76,9.1,71.33,41.82,16.63,44.5,30.51,49.78,37.06,11.44,29.49,68.0,15.91,6.22,,13.55,18.5,18.19,11.85,9.83,41.39,71.38,12.09,46.66,134.2,77.59,13.33,,34.2,19.5
2021-03-09 07:00:00,11.67,53.81,23.81,39.61,50.05,17.51,47.3,17.24,23.45,75.74,7.14,11.8,32.22,59.25,23.02,25.96,8.24,18.95,19.73,46.26,18.73,6.66,9.01,66.65,40.92,16.56,45.17,30.46,48.58,36.93,11.07,28.58,67.41,15.73,6.14,,13.31,18.3,18.05,11.72,9.62,40.56,70.2,12.0,44.44,133.0,76.45,13.2,,33.6,19.33
2021-03-10 07:00:00,11.97,53.07,23.75,39.74,50.57,17.79,50.36,17.21,23.86,75.82,7.31,11.73,32.43,59.25,23.09,26.23,8.35,18.99,19.24,46.17,18.98,6.79,9.05,69.93,40.64,16.75,45.12,31.56,47.8,37.06,10.87,28.74,67.61,16.09,6.14,,13.13,18.4,18.19,12.04,9.69,40.95,72.26,12.03,45.37,133.6,76.15,13.46,,34.0,19.37
2021-03-11 07:00:00,12.29,53.62,24.41,40.0,51.95,18.13,50.36,17.56,23.76,77.66,7.3,11.86,32.91,59.9,23.68,26.92,8.52,19.27,19.55,46.26,19.29,6.9,9.38,71.24,42.08,17.15,46.24,31.96,47.54,37.33,11.15,29.28,68.0,16.2,6.41,,13.53,18.85,18.64,12.23,9.86,41.74,72.92,12.14,46.93,135.2,77.9,13.75,,34.25,19.72
2021-03-12 07:00:00,12.25,53.72,24.73,40.0,51.87,18.1,50.56,17.63,24.16,77.89,7.24,11.89,33.0,59.19,23.54,27.24,8.63,19.44,19.66,45.52,19.26,6.96,9.4,71.49,41.76,17.12,46.07,33.15,47.8,37.33,11.11,29.33,68.98,16.49,6.73,,13.57,19.0,18.78,12.12,9.88,41.17,73.22,12.18,46.66,134.0,77.59,14.25,,34.35,19.9
2021-03-15 07:00:00,12.23,53.72,24.56,40.0,51.87,18.21,50.62,17.54,24.77,77.82,7.16,11.96,32.91,59.32,23.54,27.84,8.66,19.52,19.62,46.17,19.29,7.05,9.41,71.57,41.79,16.97,45.79,33.0,47.46,37.74,11.11,29.17,68.98,17.03,6.96,,13.49,18.9,18.85,12.12,9.92,41.61,72.63,12.25,46.84,133.5,77.9,14.3,,34.3,19.94
2021-03-16 07:00:00,12.4,53.35,24.27,39.61,51.18,17.82,50.88,17.49,24.97,77.66,7.16,11.76,33.12,58.41,23.54,26.88,8.65,19.27,19.52,46.08,19.16,6.92,9.46,71.49,42.11,16.89,45.28,32.7,48.32,37.51,10.83,28.37,69.1,16.78,6.88,,13.17,18.75,18.57,12.23,9.76,41.43,72.33,12.2,46.62,133.0,76.37,14.14,,34.5,19.8
2021-03-17 07:00:00,12.46,53.07,24.07,39.48,51.18,17.82,50.75,17.47,24.97,76.89,7.22,11.83,34.6,58.34,24.28,26.78,8.78,19.37,19.73,46.17,19.35,6.96,9.56,71.33,42.49,16.78,44.83,32.8,49.18,37.56,11.15,28.42,69.88,16.82,7.28,,13.15,19.0,18.75,12.74,9.78,41.39,72.33,12.23,46.22,131.2,76.37,14.3,,34.8,19.91
2021-03-18 07:00:00,12.57,53.07,24.99,39.54,51.78,18.02,50.43,18.68,24.63,77.66,7.53,12.09,34.6,59.58,24.42,27.34,8.81,19.5,19.87,46.26,19.53,7.05,9.68,71.9,40.0,16.56,45.06,33.35,49.44,37.69,11.19,28.69,70.27,16.78,7.4,,13.41,19.6,19.23,12.66,9.93,41.61,72.26,12.68,46.75,133.0,77.06,14.58,,34.8,20.1
2021-03-19 07:00:00,12.64,52.97,25.65,39.28,52.47,18.1,50.56,18.72,23.79,77.05,7.45,12.48,34.34,58.41,24.17,27.52,8.79,19.6,19.94,46.17,19.78,7.03,9.68,70.92,42.24,16.71,44.5,33.45,47.8,37.87,10.91,28.69,69.17,16.64,7.44,,13.45,19.55,19.6,12.39,9.92,41.04,72.11,12.82,46.93,130.5,77.37,14.6,,34.0,20.2
2021-03-22 07:00:00,12.51,51.67,25.53,39.09,53.68,18.6,49.25,18.81,23.35,77.28,7.37,12.45,33.86,58.6,24.94,27.24,8.71,19.65,20.04,46.35,19.84,7.05,9.51,71.74,42.08,16.78,45.06,33.55,48.15,37.83,10.95,29.81,69.25,16.64,7.55,,13.49,19.15,19.44,12.39,9.93,41.56,72.26,12.68,46.44,131.5,76.76,14.43,,34.5,20.05
2021-03-23 07:00:00,12.31,52.32,24.73,38.83,52.82,18.21,49.06,18.68,23.38,77.12,7.33,12.06,33.86,58.54,24.72,26.69,8.58,19.52,19.69,47.0,19.35,7.03,9.43,70.51,41.6,16.63,45.0,33.1,47.97,37.65,10.74,29.33,68.51,16.56,7.2,,13.23,18.75,19.08,12.12,9.69,41.56,72.26,12.09,46.71,130.1,76.07,14.34,,34.0,19.93
2021-03-24 07:00:00,12.03,51.2,24.04,38.63,50.83,18.13,47.62,18.07,22.27,76.28,7.33,11.8,33.08,57.82,24.13,25.73,8.16,18.97,18.89,45.62,18.91,6.92,9.15,69.69,40.99,16.34,44.61,33.76,48.15,37.74,10.26,28.48,68.27,15.76,6.88,9.97,12.6,18.3,18.57,11.69,9.31,41.0,70.79,12.25,46.13,127.5,75.15,14.01,,33.0,19.57
2021-03-25 07:00:00,11.97,51.2,24.07,38.38,51.0,17.75,47.62,18.07,22.51,76.43,7.3,11.89,33.08,57.95,23.98,25.17,8.29,18.85,18.82,45.71,18.54,6.87,9.18,68.87,41.18,16.41,44.67,33.76,47.97,37.78,10.26,28.37,68.0,15.62,7.0,10.66,12.48,18.45,18.52,11.61,9.26,41.17,70.05,12.09,47.6,127.8,75.0,14.04,,32.7,19.49
2021-03-26 07:00:00,11.76,50.83,23.24,36.3,49.27,17.67,46.32,17.56,21.93,75.36,7.18,11.83,32.22,56.0,23.17,23.65,8.09,18.95,18.19,43.73,18.48,6.5,8.93,68.62,40.0,15.9,44.38,32.77,45.57,36.07,9.85,26.46,67.41,14.96,6.73,11.41,11.95,18.3,18.14,11.21,8.89,40.82,69.38,11.8,48.88,128.2,73.7,13.52,,31.2,19.21
2021-03-29 07:00:00,12.16,52.14,24.18,37.86,50.57,18.44,46.58,18.26,22.64,75.97,7.37,12.06,32.91,57.95,24.13,25.22,8.39,19.41,19.03,46.54,18.63,6.87,9.18,69.69,41.34,16.3,44.78,33.48,47.8,38.01,10.34,28.42,67.53,15.76,7.67,11.88,12.6,18.9,18.49,11.67,9.29,40.74,70.12,12.16,49.9,130.5,74.62,14.03,,32.2,19.63
2021-03-30 07:00:00,12.29,52.14,24.27,37.79,51.35,19.72,47.62,18.51,22.95,76.59,7.41,12.25,33.3,57.95,24.28,25.5,8.44,19.39,19.13,48.56,18.79,7.09,9.33,70.02,41.28,16.3,45.0,33.59,47.63,35.66,10.58,28.0,67.41,15.94,8.38,12.99,12.68,19.0,18.64,11.96,9.48,41.0,70.71,12.37,49.77,130.0,75.23,14.4,,32.5,19.75
2021-03-31 07:00:00,12.48,52.32,24.56,37.79,51.09,19.65,47.49,18.58,22.68,76.51,7.41,12.67,33.12,57.95,24.94,25.54,8.58,19.5,19.38,47.55,18.73,7.37,9.38,72.56,41.15,16.27,45.12,33.54,47.37,37.78,10.58,27.89,66.83,15.91,8.85,13.46,12.86,21.25,18.92,12.12,9.57,41.0,71.15,13.18,51.99,129.7,74.77,14.4,,32.6,20.0
2021-04-01 07:00:00,12.49,53.44,24.67,37.79,51.44,19.65,47.3,18.72,22.64,76.35,7.62,13.13,33.69,58.34,24.87,25.54,8.62,19.75,20.01,47.09,18.88,7.48,9.41,75.51,41.12,16.27,45.34,33.87,47.37,37.87,10.58,27.95,69.6,16.02,9.56,13.41,12.9,21.1,19.01,12.34,9.6,41.48,71.6,13.6,51.99,129.7,74.77,14.47,,32.7,20.1
2021-04-02 07:00:00,12.76,53.07,25.27,38.44,52.9,20.11,47.95,19.05,23.12,76.43,7.7,13.13,34.51,58.8,25.46,25.91,8.81,20.44,20.04,47.92,19.35,7.55,9.77,75.67,42.97,16.6,46.07,34.64,48.49,38.78,10.99,28.58,69.84,16.27,10.31,13.71,13.84,21.8,19.46,12.8,9.76,42.22,73.51,13.91,53.99,132.3,77.9,14.94,,33.75,20.73
2021-04-05 07:00:00,12.98,52.14,25.88,38.38,52.47,19.45,46.97,19.28,22.88,76.43,7.58,13.65,34.12,58.21,25.2,25.86,8.99,20.59,19.94,48.38,18.94,7.52,9.95,76.08,42.78,16.56,46.81,35.62,47.8,39.9,10.99,28.37,69.96,16.34,9.56,13.56,13.98,22.6,19.44,12.88,9.78,42.96,74.47,14.33,54.75,132.2,77.98,14.95,,34.0,20.87
2021-04-06 07:00:00,12.81,52.14,25.85,38.44,52.13,19.22,46.64,19.32,23.12,76.35,7.62,14.43,34.21,57.95,25.13,25.68,8.88,20.65,19.87,48.29,18.88,7.57,10.18,74.85,42.52,16.52,47.65,36.89,47.54,39.86,10.87,27.95,68.24,16.13,9.09,13.51,14.02,22.6,19.42,12.96,9.69,43.78,74.69,14.92,55.1,132.2,76.91,14.66,,34.4,20.88
2021-04-07 07:00:00,12.87,52.14,26.02,38.57,53.25,19.37,46.64,19.88,23.62,76.2,7.83,14.62,34.21,57.95,25.31,25.27,8.94,20.57,19.76,47.92,19.04,7.5,10.5,74.44,42.27,16.45,48.55,36.61,47.54,39.59,10.87,27.95,68.78,16.05,9.76,13.61,14.14,22.1,19.75,13.55,9.72,43.74,73.37,14.87,55.86,132.1,76.3,14.99,,34.8,20.92
2021-04-08 07:00:00,12.83,52.14,25.65,39.74,53.6,19.3,46.9,19.79,23.62,76.2,7.76,14.72,34.38,57.88,25.98,25.68,9.1,20.61,20.39,47.92,19.41,7.5,10.35,75.75,42.72,16.45,49.68,37.33,47.8,39.23,11.11,28.0,67.81,16.27,9.76,13.61,14.2,22.0,19.7,13.74,9.93,43.35,73.51,14.05,55.1,132.6,75.84,15.02,,35.1,20.9
2021-04-09 07:00:00,12.83,52.32,25.27,39.8,53.42,19.14,46.77,19.65,23.59,75.36,7.68,14.49,34.55,57.62,25.76,26.14,9.1,20.63,20.56,47.92,19.66,7.55,10.3,75.1,42.49,16.3,49.4,37.22,47.89,39.68,11.15,28.05,68.0,16.24,9.72,13.36,14.22,22.2,19.6,13.47,9.9,42.48,72.26,14.04,54.7,131.4,75.69,15.09,,35.0,20.89
2021-04-12 07:00:00,12.93,52.14,25.3,39.41,53.16,19.14,45.47,19.72,23.32,75.82,7.72,14.59,35.24,56.52,26.09,26.09,8.81,20.93,21.02,45.34,19.72,7.89,10.47,74.93,42.56,16.38,50.75,37.33,47.72,40.8,11.19,28.27,68.24,16.24,9.88,13.36,14.3,22.75,19.65,13.77,9.97,42.43,73.22,14.25,54.84,130.9,75.92,15.48,,34.9,21.0
2021-04-13 07:00:00,12.91,51.86,24.96,39.02,52.13,18.83,44.49,19.51,22.95,75.82,7.6,15.27,34.81,55.8,25.76,25.27,8.97,21.08,20.42,47.46,19.44,7.94,10.32,75.43,42.94,16.34,53.68,37.11,47.2,40.58,11.15,28.21,67.65,15.98,9.91,13.41,14.28,22.6,19.6,13.15,10.14,42.48,75.06,14.56,60.44,131.1,76.07,15.98,,35.3,21.2
2021-04-14 07:00:00,12.81,52.04,24.67,38.96,51.61,18.6,44.42,19.28,22.78,75.36,7.37,14.95,34.38,55.67,25.24,24.76,8.93,20.99,19.94,47.28,19.22,7.72,10.22,76.82,42.72,16.15,53.79,36.72,46.77,40.13,11.03,27.89,67.18,15.84,9.95,13.26,14.22,22.2,19.32,12.88,10.04,42.22,72.19,14.33,61.37,131.0,75.46,15.96,,34.65,21.11
2021-04-15 07:00:00,12.68,48.88,24.67,38.96,51.44,18.25,44.62,19.51,22.98,75.05,7.41,16.22,34.51,55.67,24.87,24.48,8.93,22.09,20.7,47.64,19.22,7.98,10.2,81.98,42.78,16.01,56.38,36.83,46.25,41.26,10.91,27.52,67.02,15.84,9.99,12.62,14.1,22.2,19.32,12.91,9.97,42.17,74.25,14.45,62.17,129.0,75.46,16.16,,34.0,21.2
2021-04-16 07:00:00,12.27,51.67,24.01,39.15,49.71,17.36,44.16,18.95,22.78,74.97,7.26,16.35,34.08,55.67,24.2,22.92,8.65,22.51,21.26,44.83,19.1,8.04,9.95,78.05,42.24,15.53,57.73,37.0,44.71,39.63,10.42,26.62,65.66,15.33,9.64,13.11,13.53,21.8,18.71,12.2,9.5,41.82,72.26,14.19,62.22,128.2,73.55,15.8,,32.8,21.1
2021-04-19 07:00:00,12.31,52.23,23.98,38.96,49.88,17.48,44.23,19.19,22.91,74.59,7.14,17.03,34.38,55.74,24.42,23.1,8.7,23.01,21.85,47.18,19.35,8.22,10.0,81.49,42.4,15.45,60.55,38.92,45.14,41.3,10.54,26.62,64.91,15.62,10.11,13.41,13.74,22.0,18.9,12.2,9.48,41.74,74.69,14.33,62.7,128.0,72.56,15.7,,33.0,21.33
2021-04-20 07:00:00,12.46,52.14,24.64,38.38,51.26,17.51,44.56,19.28,23.59,74.59,7.28,17.16,35.29,56.71,24.42,23.01,8.83,23.56,21.82,46.54,20.56,8.5,10.05,85.35,44.32,15.41,59.76,41.72,45.14,41.93,10.54,27.68,66.05,15.33,10.5,13.56,13.78,22.3,19.27,12.26,9.57,42.91,78.6,14.76,63.55,128.8,73.93,15.96,,34.15,21.87
2021-04-22 07:00:00,12.19,52.14,23.52,37.99,50.14,16.35,43.38,18.19,22.95,74.59,7.14,16.41,34.6,55.87,23.68,21.58,8.58,23.14,20.46,46.35,20.46,8.15,9.75,80.51,44.83,15.38,59.7,41.94,43.85,42.07,10.05,27.25,65.26,14.31,10.7,13.26,12.9,21.0,18.75,11.59,9.34,44.53,76.02,14.98,61.1,130.3,74.01,15.0,,32.2,21.65
2021-04-23 07:00:00,12.04,48.78,23.44,37.4,49.62,15.89,43.25,18.12,22.61,76.12,6.68,16.02,34.47,54.69,23.46,20.99,8.48,23.05,20.28,45.16,20.09,8.15,9.72,78.71,44.96,15.08,59.76,41.72,43.33,41.26,9.89,26.78,65.19,14.27,10.19,12.92,12.82,20.9,18.47,11.48,9.27,43.78,75.21,14.47,59.1,126.5,73.86,15.9,,32.2,21.16
2021-04-26 07:00:00,12.23,51.67,23.24,37.53,49.27,15.69,41.82,18.42,22.84,76.59,7.03,16.44,34.81,53.07,24.35,21.77,8.52,23.14,20.98,47.0,21.33,8.72,9.85,77.89,45.6,15.08,60.21,44.07,42.69,42.16,9.81,27.04,64.29,14.75,10.31,13.04,12.84,22.45,18.64,11.59,9.38,42.65,73.44,14.84,58.22,123.5,73.25,16.75,,31.15,21.2
2021-04-27 07:00:00,12.25,51.2,23.07,37.6,48.84,15.5,40.71,18.26,22.88,75.36,7.06,16.44,34.64,52.22,24.2,20.89,8.48,22.88,21.05,46.45,21.15,8.85,9.75,76.74,44.96,14.9,64.43,44.07,41.78,41.48,9.69,26.83,64.64,14.71,10.46,12.42,12.66,22.3,18.59,11.42,9.31,42.56,72.41,14.64,58.44,126.0,72.48,16.75,,30.55,21.14
2021-04-28 07:00:00,12.53,51.2,23.15,37.99,48.93,15.85,40.32,18.37,23.12,76.66,7.1,16.44,34.64,52.81,24.61,22.18,8.71,23.35,21.5,46.17,21.24,8.67,9.88,79.94,44.48,14.86,66.74,43.21,41.87,42.11,9.85,26.67,65.15,14.71,10.54,12.87,12.88,22.9,18.66,11.69,9.31,42.56,73.74,14.9,57.68,124.7,71.34,17.2,,30.8,21.2
2021-04-29 07:00:00,12.61,50.37,23.3,38.31,49.19,15.73,41.23,18.47,23.49,76.12,7.24,17.22,34.94,53.59,24.94,23.19,8.76,23.73,21.82,46.17,21.67,8.98,10.13,79.53,44.19,14.9,72.66,43.03,42.64,42.83,9.93,26.94,64.56,14.53,10.62,12.92,13.04,23.85,18.87,11.69,9.41,42.7,73.0,15.43,58.08,124.1,69.81,17.66,,31.55,21.7
2021-05-04 07:00:00,12.57,49.34,22.95,37.99,47.63,15.23,40.44,18.6,23.28,76.51,7.06,16.77,34.6,53.39,24.65,22.18,8.68,23.98,21.61,46.26,21.39,8.98,9.88,77.97,44.16,15.23,70.46,42.91,42.13,42.92,9.69,27.68,62.92,14.09,10.35,12.89,12.84,23.15,18.94,11.37,9.31,42.7,70.86,14.92,56.39,123.0,69.81,18.31,,30.5,21.6
2021-05-05 07:00:00,12.98,51.67,23.81,38.25,48.15,15.54,40.58,20.14,25.31,78.97,7.12,17.03,35.76,54.69,25.09,23.01,8.91,24.95,23.35,46.81,22.57,9.17,10.52,78.54,44.54,15.3,73.56,44.13,43.16,43.38,9.89,27.73,62.57,14.38,10.23,12.92,13.39,24.05,20.95,12.12,9.71,43.17,73.15,15.26,59.37,123.4,69.89,19.13,,31.3,22.0
2021-05-06 07:00:00,13.0,50.18,23.64,38.44,48.06,15.62,40.71,19.84,25.14,76.2,7.05,16.77,35.55,54.95,25.5,23.01,9.33,24.74,23.11,46.26,22.48,9.0,10.47,78.38,44.92,15.23,73.9,43.76,42.56,43.28,10.01,28.16,60.42,14.42,10.56,13.01,13.31,24.3,21.28,12.23,9.72,43.13,72.78,15.46,58.22,122.0,68.36,19.65,,31.2,22.36
2021-05-07 07:00:00,12.94,50.37,23.24,37.92,46.77,15.15,38.23,19.65,25.78,76.01,6.82,16.51,35.59,53.39,25.16,22.73,9.27,24.86,24.08,46.54,22.08,8.89,10.42,77.31,44.76,15.01,76.49,43.03,43.07,42.38,9.77,28.74,59.4,14.06,9.95,13.36,13.17,23.8,21.92,11.75,9.66,42.13,71.52,16.1,57.1,118.0,66.23,19.58,,30.8,22.05
2021-05-10 07:00:00,13.21,48.32,23.15,37.47,45.64,14.92,36.86,20.67,26.51,78.02,6.78,16.12,35.89,54.04,24.94,22.14,9.72,25.58,25.58,46.63,22.2,9.37,10.53,79.12,44.0,14.82,72.38,42.84,43.59,42.2,9.73,29.33,58.62,13.76,10.3,13.36,13.13,23.7,22.06,11.59,10.04,41.78,70.86,16.41,57.37,118.0,65.69,19.55,,30.4,22.4
2021-05-11 07:00:00,13.43,49.44,23.98,37.27,48.06,15.62,37.77,20.53,26.36,78.58,6.93,16.05,36.84,55.34,26.42,22.83,9.79,26.08,26.07,46.17,22.45,9.39,10.92,83.21,43.96,14.93,71.48,42.54,45.57,42.38,9.89,29.17,59.01,13.8,10.08,13.71,13.9,24.45,22.2,11.85,10.73,42.48,72.26,16.72,57.99,118.8,69.58,20.04,,31.0,22.81
2021-05-12 07:00:00,13.28,49.53,23.98,37.6,47.98,16.04,38.23,20.37,26.16,77.62,6.91,16.41,36.46,55.41,26.83,23.38,9.63,25.79,25.83,46.54,22.45,9.24,10.83,83.21,43.96,15.05,71.53,42.6,45.4,42.38,10.01,28.74,59.01,14.67,9.95,13.71,13.82,24.8,22.06,11.88,10.59,42.26,71.38,17.12,56.88,118.0,68.67,20.04,,30.8,22.65
2021-05-13 07:00:00,13.39,49.99,24.1,37.86,47.89,16.24,37.64,20.74,26.32,75.29,6.99,16.48,36.33,55.67,26.94,24.39,9.82,25.87,26.07,46.63,22.67,9.48,10.95,84.28,44.32,14.97,72.66,43.21,45.74,42.52,9.93,28.9,58.86,15.07,10.26,13.41,13.98,26.05,22.68,11.85,10.9,42.17,71.45,17.2,56.22,116.8,69.05,20.62,,30.9,22.85
2021-05-14 07:00:00,13.53,49.99,24.27,37.92,47.89,16.0,37.18,21.67,25.89,75.61,7.08,17.42,36.37,54.37,26.42,23.98,9.95,25.66,25.48,46.54,22.73,9.93,10.97,85.1,44.86,14.86,74.69,43.34,46.43,42.2,9.93,29.01,60.18,14.64,11.25,13.61,14.24,26.15,22.75,11.85,10.9,42.09,71.45,17.0,54.75,116.7,68.29,20.79,,30.65,22.9
2021-05-17 07:00:00,13.68,49.44,23.93,37.92,47.03,15.65,36.53,21.56,25.51,76.41,7.18,17.22,36.84,53.52,26.5,23.29,10.05,25.49,24.95,45.66,22.51,9.8,10.95,85.43,45.08,14.79,75.25,42.84,46.34,42.38,9.89,29.28,60.38,14.24,12.25,14.99,14.35,25.85,22.49,12.07,11.11,41.74,73.22,17.09,55.1,114.0,66.53,21.15,,30.7,23.0
2021-05-18 07:00:00,13.47,49.44,23.41,37.85,46.51,15.19,35.16,21.46,25.58,76.33,7.12,16.83,37.28,52.94,27.61,22.73,9.95,26.29,26.49,46.26,22.2,9.69,10.88,85.92,45.02,14.6,77.33,42.29,46.0,42.16,9.73,28.96,59.99,14.24,12.16,15.54,14.18,25.65,22.46,11.96,10.94,41.17,72.92,16.19,53.77,112.1,66.23,21.02,,30.0,22.93
2021-05-19 07:00:00,13.47,49.34,23.3,37.85,45.99,14.96,35.42,21.6,25.2,76.01,6.93,16.77,37.54,53.07,27.57,22.83,9.97,26.71,26.84,46.35,21.7,9.97,11.15,86.17,44.96,14.27,79.42,42.48,46.51,41.8,9.44,28.96,59.6,14.09,12.38,14.6,14.22,27.3,22.86,11.75,11.11,40.87,72.63,16.39,52.48,109.6,66.46,21.18,,29.0,23.1
2021-05-20 07:00:00,13.73,48.69,22.95,37.19,44.95,15.34,33.92,22.32,25.62,76.41,6.97,16.7,39.09,52.28,28.13,22.46,10.12,27.55,26.52,46.35,22.14,10.1,11.43,88.46,45.02,13.83,77.05,42.6,46.0,42.38,9.28,29.06,59.21,13.8,12.55,14.65,14.63,28.1,23.57,11.48,11.37,41.0,73.15,17.03,53.33,108.4,66.38,21.34,,28.8,23.21
2021-05-21 07:00:00,13.99,48.13,24.01,37.19,45.04,15.11,33.92,22.39,26.01,75.61,6.97,16.77,40.22,51.96,27.76,22.55,10.34,27.51,26.1,46.63,22.67,10.13,11.43,91.5,46.4,13.79,76.6,43.52,46.25,44.46,9.2,30.5,58.66,13.87,12.42,15.02,15.65,28.8,23.55,11.61,11.3,41.82,74.1,17.14,53.55,110.5,66.46,21.18,,29.0,23.68
2021-05-24 07:00:00,13.98,49.34,26.11,37.65,46.68,15.31,34.7,22.58,27.13,75.53,7.08,16.83,39.83,52.94,27.76,24.07,10.31,27.34,26.49,46.63,23.19,10.13,11.48,91.0,46.11,13.86,75.47,46.09,47.8,45.76,9.52,30.66,58.74,14.38,12.29,15.09,15.69,28.8,23.81,12.04,11.28,42.04,76.68,17.09,53.77,112.3,68.29,21.24,,30.4,23.84
2021-05-25 07:00:00,13.99,50.74,26.08,37.98,46.85,15.65,37.18,23.74,27.29,76.01,7.24,16.31,40.13,53.46,28.61,24.58,10.28,27.43,26.35,50.5,22.88,10.1,11.6,91.0,46.4,14.05,74.8,46.28,47.8,45.18,9.65,30.87,60.61,14.16,12.42,15.09,16.05,28.9,24.19,12.42,11.61,42.43,76.83,17.0,53.86,112.0,68.67,21.31,,30.6,23.97
2021-05-26 07:00:00,14.28,49.44,26.51,38.51,47.72,15.77,37.05,23.6,27.44,75.21,7.18,17.45,40.52,53.33,28.13,24.48,10.57,28.27,27.71,48.84,22.63,10.39,12.22,91.82,46.24,14.34,74.91,45.66,47.37,45.45,9.48,31.03,60.97,13.87,12.64,16.58,16.46,29.35,24.19,12.31,12.15,43.44,76.54,17.23,53.55,112.2,68.13,21.54,,30.7,24.2
2021-05-27 07:00:00,14.22,49.53,25.85,38.38,44.69,15.46,37.31,23.23,27.13,75.61,7.03,19.5,40.43,52.09,27.2,25.04,10.41,27.85,27.78,49.76,23.01,11.01,12.04,86.66,45.44,14.12,75.7,45.24,46.25,45.54,9.4,31.19,62.53,13.87,12.68,17.34,15.85,29.0,24.0,11.85,11.94,42.7,72.78,17.85,52.88,110.0,68.67,21.54,,30.45,24.1
2021-05-28 07:00:00,14.28,49.34,25.76,38.38,47.72,15.34,37.25,23.27,27.29,75.21,7.06,19.76,40.52,52.41,27.24,25.77,10.41,27.85,28.09,50.68,23.94,11.43,12.09,89.04,45.31,14.05,75.59,46.89,46.25,45.45,9.44,31.03,62.53,13.87,12.64,17.57,16.05,30.0,24.19,11.8,12.06,42.52,76.09,17.85,52.88,110.5,68.97,21.8,,30.0,24.1
2021-05-31 07:00:00,14.63,48.88,27.25,38.12,46.68,15.11,38.16,23.69,27.37,75.21,7.1,19.76,40.95,52.61,27.24,25.86,10.57,29.66,29.21,50.68,23.75,12.36,12.35,89.77,44.32,14.05,75.47,46.28,46.51,45.09,9.32,30.87,60.18,13.98,12.94,18.8,17.07,31.9,24.66,11.85,12.49,42.83,74.55,18.13,51.55,107.0,68.82,21.89,,29.3,24.39
2021-06-01 07:00:00,15.76,45.9,27.54,38.32,46.16,15.11,39.86,24.39,27.44,75.29,7.22,20.99,43.69,54.43,27.46,25.77,11.1,30.92,30.32,48.84,24.19,12.58,12.72,85.84,43.2,13.97,75.81,46.28,46.86,45.09,9.77,30.13,59.4,14.24,13.11,19.3,17.6,32.35,25.04,11.75,12.96,43.0,74.69,19.39,51.55,106.0,68.59,21.89,,29.1,24.69
2021-06-02 07:00:00,15.95,46.55,27.08,38.25,45.9,14.96,39.21,23.97,27.21,75.37,7.1,19.95,42.69,54.69,27.68,24.85,10.93,30.35,29.69,50.41,24.31,12.49,12.55,86.49,43.48,14.01,76.21,45.91,47.03,45.04,9.65,29.6,59.25,14.13,13.03,19.25,17.48,31.2,24.47,11.64,12.67,45.18,75.95,19.67,51.99,106.0,67.9,22.19,,30.0,24.51
2021-06-03 07:00:00,16.73,47.29,27.2,38.18,46.51,15.15,40.25,24.16,27.72,75.21,7.53,19.82,42.34,57.3,29.09,25.36,11.19,30.35,29.97,51.61,24.37,14.09,13.3,84.44,43.84,14.16,78.63,46.65,47.37,45.36,9.73,29.54,59.4,14.56,13.46,19.32,19.1,32.2,24.94,11.94,12.87,46.18,77.13,20.24,51.99,105.8,68.52,22.19,,29.7,24.6
2021-06-04 07:00:00,16.88,47.48,27.54,38.05,47.54,15.27,39.79,24.9,28.49,75.29,7.53,20.67,42.08,55.34,29.01,26.51,11.42,31.09,31.02,52.25,24.12,14.31,13.72,84.44,43.84,14.45,78.63,47.87,46.94,45.27,10.3,30.08,59.6,14.96,13.63,19.84,19.51,31.8,25.51,11.85,12.98,45.35,76.54,20.6,52.66,106.2,67.98,22.35,,30.4,25.2
2021-06-07 07:00:00,15.85,47.48,26.16,37.85,49.45,15.11,39.79,23.69,27.13,75.29,7.49,20.34,40.68,56.0,28.13,27.89,11.1,29.77,31.02,52.8,23.75,13.49,13.02,85.26,43.29,14.42,77.9,49.95,47.29,44.64,10.42,28.74,59.79,15.0,12.98,20.98,18.49,30.0,24.09,11.91,12.63,44.09,77.05,19.36,54.22,107.5,67.98,22.64,,32.6,24.8
2021-06-08 07:00:00,15.08,47.48,25.65,37.65,48.67,14.69,39.92,22.76,27.21,75.21,7.6,19.92,40.48,57.04,28.5,26.92,10.54,28.63,29.45,52.8,23.78,12.68,12.39,85.26,43.42,14.12,75.42,50.2,46.94,43.28,9.81,29.6,60.58,15.18,11.68,20.09,17.88,28.6,23.15,11.8,11.97,43.57,77.42,19.39,52.88,112.3,69.06,22.84,,31.65,24.46
2021-06-09 07:00:00,15.01,46.46,25.25,37.52,47.54,14.1,39.34,22.53,26.75,76.17,7.66,18.91,39.67,56.06,28.13,25.77,10.12,28.06,28.72,53.08,23.56,11.93,12.27,84.44,43.2,14.16,80.19,49.34,45.65,42.74,9.6,29.28,60.97,15.18,11.9,19.87,17.48,28.0,23.15,11.72,11.77,43.22,77.05,19.86,51.99,113.3,68.6,22.84,,30.9,24.0
2021-06-10 07:00:00,16.0,46.74,25.19,37.52,47.72,14.03,39.86,23.0,27.13,75.37,7.68,19.5,40.68,55.67,28.57,25.77,10.6,28.63,29.83,52.53,23.87,13.33,12.59,84.44,43.2,14.16,79.12,49.4,44.88,42.83,9.6,28.42,61.47,14.82,12.77,18.56,18.9,28.8,23.62,11.75,12.2,43.57,76.68,20.06,51.77,111.5,68.44,22.84,,30.8,24.3
2021-06-11 07:00:00,15.86,46.55,24.96,37.85,48.32,14.18,40.64,23.04,27.72,75.21,8.06,19.5,40.83,56.13,29.98,26.14,10.67,29.54,30.08,52.8,24.36,13.18,12.6,84.44,43.23,14.31,79.12,50.38,45.22,42.88,9.69,28.74,62.92,15.47,12.77,19.55,18.86,28.8,23.67,11.72,12.2,43.78,76.54,19.86,51.68,112.8,70.45,22.87,,31.0,24.4
2021-06-14 07:00:00,15.88,48.32,25.62,38.05,50.14,14.3,40.97,24.16,28.06,74.81,8.12,19.53,41.68,57.3,30.72,26.69,11.1,30.23,31.02,53.36,25.08,13.23,12.99,86.08,43.77,14.49,78.74,53.51,46.51,43.74,9.77,29.17,64.13,15.4,12.59,20.29,20.32,30.4,24.56,11.72,12.39,44.13,78.97,20.33,52.48,115.0,70.68,22.81,,31.5,24.95
2021-06-15 07:00:00,15.72,49.34,25.25,38.58,51.61,14.3,40.84,24.06,28.88,75.21,8.06,19.43,41.78,57.62,30.72,27.43,11.1,30.17,31.64,54.56,24.87,12.58,12.9,87.07,44.0,14.75,78.74,55.72,46.43,43.28,9.77,29.81,63.86,14.89,12.12,19.84,21.33,29.8,24.56,11.59,12.29,44.0,81.92,19.98,53.1,115.6,71.14,21.5,,31.95,24.86
2021-06-16 07:00:00,16.19,50.27,25.36,39.78,51.87,14.22,39.86,23.46,30.7,75.53,8.1,18.85,41.53,58.27,31.2,29.36,10.8,29.49,30.65,54.56,24.91,12.03,12.9,85.26,43.68,15.16,78.66,55.16,47.37,42.83,9.77,29.7,64.87,15.26,11.68,19.1,20.28,29.0,23.86,11.91,12.11,44.66,80.44,19.57,52.88,115.8,70.53,21.5,,32.5,24.7
2021-06-17 07:00:00,15.81,49.99,25.59,39.05,51.09,14.38,40.51,22.95,30.82,75.21,8.1,18.43,41.23,58.93,30.72,28.72,10.67,29.14,30.34,52.71,24.7,11.8,12.65,84.44,43.52,15.01,78.05,55.16,47.29,42.65,9.69,29.7,64.68,15.4,11.25,18.51,19.92,28.55,23.38,11.91,12.01,44.44,79.71,18.92,51.99,115.0,70.14,21.18,,32.1,24.29
2021-06-18 07:00:00,16.37,50.55,26.22,40.17,52.73,14.76,40.44,23.69,31.24,76.01,8.37,19.04,41.53,60.23,32.31,30.74,11.03,29.43,31.8,54.0,25.25,12.4,13.5,84.44,44.8,15.05,78.28,53.88,48.32,43.28,9.97,31.73,65.07,16.42,11.77,18.31,20.75,29.5,23.9,11.91,12.27,45.44,80.22,19.67,51.99,115.4,70.6,21.47,,32.05,24.77
2021-06-21 07:00:00,16.26,49.25,25.73,39.51,51.18,15.0,40.71,23.23,31.05,76.01,8.64,19.04,41.78,60.29,31.83,31.2,10.93,29.31,32.18,54.37,25.18,12.36,13.39,86.08,44.99,15.3,79.04,54.92,48.92,43.64,9.93,30.77,66.05,16.2,11.51,19.3,20.26,29.35,23.62,12.29,12.18,46.18,81.85,19.82,52.13,113.8,69.99,21.47,,31.7,24.75
2021-06-22 07:00:00,16.35,49.34,25.76,39.91,51.69,15.23,40.84,23.27,31.48,76.01,8.7,18.91,42.89,60.88,31.9,31.57,10.96,29.31,31.95,54.46,25.39,12.4,13.65,88.05,44.64,15.6,84.85,54.18,50.3,44.28,10.18,30.5,65.3,16.02,11.64,19.25,20.34,29.85,23.76,12.2,12.18,46.4,82.21,19.74,52.04,114.0,69.99,21.34,,31.5,24.7
2021-06-23 07:00:00,16.75,50.27,25.76,39.58,50.14,15.19,41.1,24.11,30.62,76.01,8.52,19.04,42.24,60.42,31.2,30.47,11.18,29.26,31.37,55.02,25.11,12.49,13.85,87.31,46.08,15.34,85.15,52.77,49.42,44.37,9.93,30.13,65.3,15.44,11.64,19.32,20.38,29.75,23.9,11.91,12.3,46.62,80.3,19.86,51.77,114.4,69.29,22.12,,31.4,24.93
2021-06-24 07:00:00,16.7,49.34,25.82,39.18,50.05,14.92,42.47,24.67,30.62,76.25,8.43,18.88,42.14,61.14,31.38,30.6,11.11,28.91,30.88,55.11,24.63,12.66,13.92,86.58,46.01,15.3,82.79,52.59,48.8,44.23,9.81,30.02,66.44,15.47,11.56,19.3,20.59,28.85,23.9,11.8,12.27,46.97,81.11,19.59,51.9,115.0,68.21,22.29,,31.45,24.9
2021-06-25 07:00:00,16.91,49.44,25.65,39.11,49.36,14.76,42.08,24.34,30.51,76.25,8.41,18.52,42.29,61.92,31.31,31.75,11.18,28.51,30.57,55.11,24.63,12.66,13.79,86.08,45.92,15.12,86.68,54.12,48.89,43.74,9.73,29.7,65.85,15.07,11.56,19.3,20.88,28.9,23.81,11.8,12.2,47.44,82.29,19.19,51.86,115.0,68.52,22.12,,31.6,24.91
2021-06-28 07:00:00,17.03,49.44,26.19,39.51,50.48,14.65,42.4,24.99,31.44,76.09,8.72,19.04,42.89,59.71,31.46,31.85,11.65,29.09,32.37,56.21,25.21,12.79,14.19,87.48,45.98,15.19,91.26,56.82,49.77,43.82,9.85,30.02,66.44,15.07,11.77,19.05,22.04,29.45,24.66,11.8,12.39,48.4,82.88,18.88,51.86,114.6,68.75,22.06,,31.5,25.25
2021-06-29 07:00:00,17.1,49.72,26.74,39.38,50.92,14.8,42.21,24.85,31.86,76.01,8.75,19.47,43.34,61.86,31.75,32.77,11.58,29.6,31.91,56.03,25.35,13.1,14.19,88.22,46.4,15.16,90.42,57.31,48.71,44.23,9.81,30.5,66.24,15.26,12.12,20.14,22.2,30.4,24.94,11.8,12.77,48.58,85.39,19.63,51.95,115.3,68.75,21.76,,31.6,25.53
2021-06-30 07:00:00,16.7,49.62,26.88,39.38,50.48,14.76,42.14,24.39,31.51,76.01,8.79,19.53,44.2,61.46,31.75,32.21,11.58,29.43,31.95,55.66,25.52,12.88,14.47,89.36,47.04,15.16,91.65,57.19,48.1,44.5,9.77,30.61,65.66,15.26,12.12,19.55,22.37,30.5,24.85,11.77,12.7,49.67,86.49,19.39,52.44,119.8,69.68,21.83,,31.75,25.6
2021-07-01 07:00:00,16.47,49.72,26.88,39.05,50.14,14.65,41.88,24.11,31.79,76.5,9.12,19.37,44.2,62.13,31.68,32.21,11.52,29.54,32.06,56.21,25.39,12.75,14.27,91.0,48.16,15.16,91.04,56.94,47.4,44.86,9.73,30.5,64.99,15.11,12.16,19.45,22.95,30.45,24.61,11.72,12.51,50.1,86.12,19.19,52.66,119.6,69.83,22.03,,31.65,25.69
2021-07-02 07:00:00,16.89,49.53,26.91,38.91,50.66,14.69,41.75,24.34,32.13,75.29,9.08,19.92,44.65,63.88,32.94,33.13,11.91,29.89,32.41,56.21,25.59,12.92,14.47,93.56,48.32,15.38,89.35,57.62,48.54,44.64,9.77,30.18,64.99,15.26,12.29,19.77,23.61,31.1,25.32,11.69,12.87,49.67,85.9,19.31,52.22,119.8,69.6,22.97,,31.7,25.89
2021-07-05 07:00:00,16.84,49.44,25.93,38.25,49.88,14.22,40.51,23.92,31.98,75.37,8.82,20.15,45.7,61.79,32.6,32.77,11.91,29.09,31.41,55.85,25.11,12.71,14.11,87.61,51.52,15.05,87.29,57.37,47.22,44.55,9.48,29.17,64.68,14.46,12.46,20.29,22.7,30.9,25.41,11.42,13.1,48.32,84.94,19.53,51.06,117.8,68.44,23.3,,29.5,25.8
2021-07-06 07:00:00,16.89,49.34,25.25,38.12,48.32,13.95,39.79,22.53,30.24,75.61,8.27,19.82,43.69,57.63,30.64,31.11,11.36,27.48,29.65,55.94,24.63,12.14,13.39,89.26,49.6,14.79,87.06,57.37,45.38,44.77,9.32,27.95,64.09,13.95,12.9,19.94,21.79,30.35,25.51,10.99,12.65,48.79,81.33,19.74,49.77,117.8,67.2,23.13,,29.5,25.6
2021-07-07 07:00:00,16.47,47.48,25.02,37.85,46.42,13.41,38.55,22.53,30.43,75.29,7.99,19.37,42.69,57.76,29.24,29.45,11.29,27.4,29.08,55.66,23.75,12.1,13.19,87.69,49.6,14.64,88.21,56.76,44.76,44.91,9.12,27.95,62.69,13.22,12.38,19.79,20.92,30.0,25.32,10.53,12.32,46.18,80.74,18.88,48.88,118.7,66.9,22.51,,29.15,25.0
2021-07-08 07:00:00,16.89,49.34,25.79,37.92,47.03,13.06,39.79,23.13,32.17,75.13,8.19,18.98,44.7,60.38,30.72,30.83,11.68,27.83,28.27,53.54,24.5,12.75,13.89,94.22,53.6,14.68,83.86,57.49,45.55,47.25,9.2,28.21,62.96,13.87,12.16,20.04,22.16,30.1,26.27,11.21,12.87,47.49,83.91,19.51,49.11,118.3,67.98,22.58,,29.4,25.3
2021-07-09 07:00:00,15.95,49.81,25.25,37.85,45.9,13.02,40.97,22.17,32.17,74.65,7.91,18.2,44.6,60.65,29.24,29.09,11.39,26.34,26.51,55.75,24.87,12.14,13.75,95.05,54.97,14.34,78.82,57.07,43.71,46.76,8.79,27.63,62.53,13.15,11.21,19.79,21.58,29.0,26.27,10.7,12.46,46.53,82.21,19.9,47.77,117.3,67.13,21.83,,28.0,24.5
2021-07-12 07:00:00,15.36,47.02,23.98,36.39,42.7,12.4,39.14,20.97,31.71,72.01,7.52,17.48,41.98,58.64,27.76,27.06,10.62,25.19,25.28,54.19,23.95,11.67,13.03,90.5,52.8,13.83,76.75,54.37,42.39,44.28,8.18,26.62,60.18,12.24,10.17,18.71,20.28,27.1,24.9,10.02,11.92,44.92,77.2,19.17,45.2,114.4,65.12,20.85,,26.1,23.71
2021-07-13 07:00:00,15.15,44.69,23.84,36.52,42.79,12.01,39.47,20.25,30.66,72.09,7.68,17.87,42.69,59.85,28.75,26.88,10.7,25.51,25.28,54.92,24.46,11.58,13.21,93.56,55.04,13.83,77.9,52.53,43.75,44.46,8.22,27.47,61.0,12.28,10.08,17.96,20.4,28.05,24.94,9.97,11.77,44.48,78.16,18.49,44.0,117.8,65.04,20.14,,27.1,23.89
2021-07-14 07:00:00,14.59,45.29,23.52,36.59,42.36,12.01,38.88,20.19,29.85,73.61,7.74,17.0,42.54,60.92,28.64,26.14,10.48,25.39,25.59,55.29,24.23,11.27,12.75,91.91,52.6,13.86,76.98,53.26,43.97,43.28,8.43,27.09,61.36,12.71,10.3,18.36,20.32,27.0,23.9,10.13,11.39,43.57,79.49,17.46,45.33,111.6,65.12,19.58,,27.85,23.53
2021-07-15 07:00:00,14.71,42.13,24.1,36.59,42.79,12.05,38.68,20.13,29.62,72.01,7.83,17.29,42.54,60.45,28.57,26.55,10.54,25.54,26.09,55.38,24.63,11.54,12.84,93.81,52.16,13.9,78.28,51.86,43.97,42.38,8.38,27.15,60.97,12.42,10.6,18.56,20.71,27.1,24.0,10.18,11.28,43.65,80.0,16.72,44.97,109.2,65.27,19.87,,27.65,23.6
2021-07-16 07:00:00,15.39,39.2,24.39,37.52,43.83,12.32,39.01,20.76,31.32,73.61,8.11,17.42,42.94,60.45,30.05,28.07,10.82,26.62,26.97,55.57,24.81,11.82,13.05,94.89,53.12,14.01,78.05,53.45,44.68,42.92,8.55,27.25,61.75,13.29,11.82,19.27,21.83,28.4,24.38,10.29,11.7,44.0,80.15,17.6,45.37,113.5,65.89,20.95,,27.7,24.16
2021-07-19 07:00:00,14.99,37.89,22.75,36.52,41.49,11.9,38.03,19.32,30.62,73.61,8.03,16.35,42.44,58.23,29.31,26.88,10.18,25.19,25.36,55.29,24.91,11.08,12.21,97.94,50.08,13.79,78.28,52.77,42.57,41.3,8.12,26.88,59.99,12.86,11.08,18.31,20.42,26.7,22.68,9.73,10.92,41.78,76.17,16.42,44.66,111.0,64.89,19.55,,25.85,23.1
2021-07-20 07:00:00,15.01,36.31,22.32,36.52,40.63,11.93,37.97,18.96,30.51,73.69,8.23,16.25,42.14,57.09,30.12,26.69,10.21,25.45,24.9,55.75,25.01,10.43,11.94,97.2,50.08,13.49,77.82,52.71,41.96,39.63,8.18,26.94,60.18,12.6,10.6,17.32,20.21,27.2,22.2,9.48,10.87,40.74,75.95,15.34,44.44,110.0,65.12,19.06,,25.1,22.85
2021-07-21 07:00:00,15.83,35.84,23.24,37.25,42.57,12.24,38.23,19.6,31.59,74.41,8.53,16.7,43.24,58.3,31.31,27.61,10.46,26.68,27.2,55.94,24.98,11.3,12.57,100.84,51.87,13.57,78.59,53.63,43.67,40.58,8.3,27.41,60.97,13.08,11.3,18.9,21.29,27.8,23.43,9.97,11.39,42.83,78.6,16.17,45.33,112.3,65.81,19.65,,26.0,23.51
2021-07-22 07:00:00,15.58,36.31,23.3,37.19,42.7,12.44,38.88,19.62,32.02,73.77,8.57,16.7,43.29,58.7,31.53,27.57,10.44,26.51,27.2,55.85,24.77,11.27,12.39,99.18,51.77,13.6,78.51,53.69,43.89,40.9,8.3,27.73,60.69,12.86,11.51,18.9,21.17,27.65,23.53,10.05,11.32,42.7,78.9,15.73,46.08,112.8,65.89,19.45,,26.75,23.53
2021-07-23 07:00:00,15.48,39.03,23.07,37.19,43.57,12.55,38.29,19.48,33.34,74.17,8.7,16.9,44.55,59.11,31.46,28.49,10.52,26.22,26.74,55.75,26.2,11.22,12.51,98.36,51.52,13.6,78.66,54.31,43.97,41.03,8.47,27.15,60.03,13.18,11.42,20.15,20.96,27.9,23.38,9.97,11.42,42.26,79.34,15.81,46.22,110.8,66.51,19.06,,27.0,23.75
2021-07-26 07:00:00,15.04,37.62,22.66,36.92,42.79,12.28,38.49,19.06,35.7,73.85,8.63,16.25,45.3,58.23,31.01,28.35,10.34,25.56,25.59,55.75,26.24,10.96,12.08,97.28,50.52,13.57,78.2,53.45,43.27,40.53,8.43,26.88,59.79,13.08,11.16,19.18,20.71,28.35,23.01,9.75,11.23,41.69,79.04,15.02,45.82,111.5,67.9,18.41,,26.4,23.3
2021-07-27 07:00:00,15.48,38.56,23.04,37.78,43.48,12.48,38.42,19.42,35.66,74.49,9.06,16.18,46.46,59.44,33.01,29.96,10.51,26.17,26.74,55.75,26.55,11.2,12.3,99.6,50.24,13.57,80.19,55.04,43.89,40.58,8.59,27.52,60.18,13.26,11.42,18.91,21.37,28.7,23.41,10.0,11.49,41.39,79.34,15.26,46.35,113.8,67.59,18.44,,27.3,23.5
2021-07-28 07:00:00,15.5,37.81,22.95,37.19,43.22,12.28,38.36,19.48,35.35,74.73,9.0,16.09,46.05,59.78,32.6,29.73,10.62,26.45,27.12,55.75,26.31,11.17,12.33,102.49,49.95,13.53,79.5,54.43,43.89,40.53,8.63,27.73,60.38,13.18,11.47,19.45,21.46,28.7,23.38,9.97,11.7,41.43,77.86,15.34,46.22,113.3,66.9,18.34,,27.15,23.58
2021-07-29 07:00:00,15.62,38.09,23.3,37.05,43.4,12.4,38.49,19.89,36.09,74.57,9.26,16.05,46.05,59.71,32.53,29.64,10.77,26.8,27.51,57.14,26.07,11.39,12.53,101.66,49.92,13.53,79.2,55.41,43.84,40.67,8.59,27.68,60.42,13.22,11.6,19.45,21.83,29.0,23.62,10.16,11.89,42.26,78.53,15.87,46.44,112.3,66.43,18.57,,27.1,23.73
2021-07-30 07:00:00,16.09,38.66,23.5,37.12,43.57,12.44,39.01,20.34,36.59,74.49,9.69,16.57,46.6,60.12,33.45,30.42,10.87,26.97,28.19,57.14,26.89,11.73,12.8,105.13,51.04,13.49,79.04,55.35,44.59,41.71,8.59,27.89,60.97,13.18,11.73,19.45,22.2,29.25,23.86,10.08,12.01,42.35,78.9,15.97,47.11,112.4,66.36,18.8,,27.3,24.02
2021-08-02 07:00:00,16.58,39.32,24.1,37.19,44.26,12.4,40.38,20.16,36.83,74.49,10.11,16.77,47.21,60.85,33.9,30.37,10.9,26.85,28.19,56.68,27.26,11.9,12.89,108.27,52.32,13.6,78.66,56.15,44.85,42.25,8.67,28.42,60.58,13.4,11.82,18.91,22.37,29.3,23.9,10.1,11.92,42.0,78.97,16.13,47.51,113.0,66.43,19.68,,27.3,24.3
2021-08-03 07:00:00,16.42,39.13,24.16,37.52,45.38,12.59,40.58,19.92,37.02,74.57,10.33,16.77,47.56,61.73,34.64,30.19,11.11,26.77,27.89,56.77,27.33,11.9,12.98,111.58,53.76,13.6,79.5,57.0,44.68,42.79,8.71,28.58,60.69,13.44,11.73,19.34,22.57,29.25,24.0,10.05,11.8,42.26,79.49,16.24,48.44,114.4,66.9,19.61,,27.35,24.34
2021-08-04 07:00:00,16.56,39.03,24.5,37.32,45.56,12.79,41.55,20.31,37.64,75.21,10.51,17.32,47.66,62.33,34.68,30.51,11.36,27.05,28.31,56.21,27.43,12.07,13.27,111.75,53.92,13.68,80.5,56.94,44.76,43.15,8.75,28.69,60.97,13.51,11.82,19.69,23.28,29.65,24.47,10.16,11.99,42.74,80.74,16.2,50.66,115.0,67.2,19.68,,27.9,24.5
2021-08-05 07:00:00,16.56,38.28,24.27,37.19,45.9,12.75,41.1,20.13,38.06,75.21,10.64,17.48,47.66,62.13,34.42,30.37,11.29,27.11,28.42,56.21,27.43,12.15,13.25,111.0,54.08,13.83,82.48,56.76,45.55,42.83,8.71,28.48,60.54,13.4,11.82,19.34,23.24,30.3,24.42,10.08,12.15,42.65,81.03,16.13,50.17,114.5,66.9,19.65,,27.75,24.5
2021-08-06 07:00:00,16.63,38.56,24.44,37.58,45.56,12.94,41.23,20.43,37.91,74.41,11.3,17.52,48.11,61.93,34.75,31.48,11.37,27.65,29.11,56.21,28.05,12.34,13.34,111.17,54.88,13.97,82.02,57.07,46.17,42.88,8.75,28.69,60.61,13.51,12.2,19.72,23.36,30.3,24.47,10.1,12.27,42.74,82.44,16.4,50.35,116.0,66.9,19.74,,27.75,24.7
2021-08-09 07:00:00,16.49,42.33,24.3,37.39,45.9,13.21,42.08,20.34,37.41,75.21,11.55,17.39,48.16,61.12,35.75,31.29,11.29,27.45,28.69,56.21,28.25,12.17,13.12,110.75,54.24,13.97,80.95,57.07,45.64,43.24,8.87,28.48,60.61,13.58,12.33,19.69,23.24,30.1,24.23,10.13,12.1,42.56,83.69,16.18,49.59,116.0,67.2,19.55,,27.95,24.5
2021-08-10 07:00:00,16.98,42.52,24.7,37.52,45.99,13.33,42.21,20.64,37.99,75.29,12.58,17.32,49.02,62.4,36.12,32.03,11.5,28.11,29.5,55.38,28.56,12.27,13.3,114.47,54.91,14.01,79.88,56.51,46.08,43.06,9.08,29.54,60.22,13.84,12.51,19.72,24.44,30.3,24.52,10.21,12.25,42.91,86.27,16.42,50.22,117.5,67.98,19.58,,28.25,24.99
2021-08-11 07:00:00,16.89,41.86,24.61,37.78,46.16,13.14,41.88,20.55,38.61,75.21,12.66,17.29,48.26,63.94,36.6,31.34,11.55,28.03,29.27,54.28,27.23,12.24,13.3,112.9,55.23,14.16,79.04,56.45,46.87,42.97,9.12,29.49,60.26,14.6,12.55,19.18,23.9,30.35,24.52,10.62,12.39,43.17,85.09,16.34,49.33,118.0,69.37,19.71,,28.0,25.08
2021-08-12 07:00:00,16.56,40.44,24.56,38.18,46.85,13.1,42.6,20.55,38.1,75.21,12.86,17.22,46.91,63.47,35.53,30.83,11.42,27.71,28.73,54.65,27.16,12.02,13.3,110.75,54.4,14.01,79.04,56.64,46.52,42.52,9.24,29.44,59.83,14.75,12.38,19.18,23.78,29.6,24.56,10.45,12.6,43.35,84.94,16.13,49.11,116.9,69.75,19.97,,27.9,24.8
2021-08-13 07:00:00,16.09,41.29,23.98,37.98,46.59,13.95,43.71,20.19,36.63,74.01,12.6,16.96,46.71,61.53,34.91,30.88,11.18,27.31,27.85,54.65,27.3,11.68,13.12,108.94,53.56,13.83,78.74,56.02,45.55,41.93,9.04,29.12,59.25,14.24,12.25,19.18,23.9,29.15,24.14,10.16,12.32,42.83,86.42,15.89,49.11,116.5,68.9,20.43,,27.8,24.55
2021-08-16 07:00:00,16.33,41.48,24.1,37.85,46.59,14.22,43.84,20.43,37.99,74.81,14.05,16.96,47.91,61.79,36.7,32.21,11.29,28.03,28.77,55.29,28.32,12.05,13.3,109.27,53.76,14.05,78.97,55.84,44.76,42.38,9.2,29.76,59.17,14.96,12.46,19.18,25.22,29.4,24.61,10.35,12.46,43.13,84.5,15.89,49.15,116.3,68.75,20.82,,28.1,24.9
2021-08-17 07:00:00,16.61,41.57,24.56,37.65,46.33,13.95,43.38,20.7,38.38,74.49,13.89,17.09,47.46,62.06,35.67,34.15,11.58,28.4,29.38,55.48,27.88,12.32,13.97,109.51,53.72,14.12,78.82,55.66,45.29,42.56,9.2,29.76,56.67,15.4,12.64,19.72,25.18,30.0,24.94,10.18,12.8,44.0,81.48,16.32,49.45,116.8,68.83,21.02,,28.0,25.03
2021-08-18 07:00:00,16.56,41.01,24.39,36.92,46.59,13.95,42.79,20.55,39.5,74.81,13.65,17.06,47.61,61.86,36.05,33.92,11.58,28.57,30.34,55.48,27.88,12.44,13.97,110.75,53.95,14.05,78.36,53.76,45.03,42.65,9.16,29.76,56.98,15.29,12.59,19.45,24.94,29.55,24.8,10.16,12.8,43.44,79.56,16.13,48.95,117.1,69.06,20.72,,27.8,25.0
2021-08-19 07:00:00,16.4,41.72,24.18,36.72,47.11,14.03,43.12,20.46,40.74,75.21,13.59,16.77,47.61,60.25,35.71,34.24,11.47,28.86,30.61,55.38,28.08,12.34,13.66,111.17,54.24,14.12,78.05,53.33,44.85,42.38,9.16,32.31,56.74,15.33,12.42,19.24,25.18,29.6,24.61,10.21,12.61,43.48,80.37,15.93,48.35,117.7,69.37,20.56,,27.55,24.8
2021-08-20 07:00:00,15.5,41.39,22.95,36.72,44.87,13.6,42.14,19.18,40.31,76.01,13.65,16.05,46.24,58.57,34.99,33.23,11.1,27.6,28.88,54.65,26.55,11.56,13.27,109.85,52.48,14.16,78.36,51.49,43.45,40.98,8.75,31.41,55.89,15.26,11.68,18.7,25.14,28.0,23.53,9.91,11.84,43.31,79.49,14.87,48.6,117.5,67.2,19.87,,26.7,24.0
2021-08-23 07:00:00,15.01,41.1,22.55,35.53,44.95,13.48,42.4,19.57,40.7,75.21,14.4,15.53,46.19,57.63,35.52,31.48,10.9,27.2,28.73,53.15,25.86,10.98,12.87,104.97,50.56,14.08,79.04,50.14,42.57,39.9,8.59,30.87,54.71,15.07,11.82,18.88,25.6,27.0,23.03,9.86,11.7,42.09,79.04,14.16,47.9,118.2,66.43,19.74,,26.05,23.45
2021-08-24 07:00:00,14.87,41.01,22.32,35.06,44.61,13.02,40.77,19.57,40.7,74.41,13.85,15.6,45.63,57.09,35.56,31.02,10.85,27.2,28.35,53.8,25.59,10.98,12.66,104.97,50.59,13.9,79.04,50.02,42.57,39.77,8.47,29.81,54.64,14.46,11.68,18.78,24.73,26.65,22.86,9.81,11.63,42.04,78.53,13.67,47.55,119.8,66.2,19.68,,25.9,23.66
2021-08-25 07:00:00,14.97,41.1,22.38,34.73,45.04,12.86,41.75,19.0,41.09,74.01,13.08,15.66,46.19,57.76,35.37,31.39,10.98,27.14,28.69,53.99,25.73,11.08,12.55,106.7,51.23,13.94,80.04,52.71,43.01,39.72,8.59,30.24,55.65,14.75,11.68,19.02,25.02,27.1,22.91,9.75,11.63,42.17,78.75,14.18,46.5,123.0,66.43,19.81,,26.05,23.73
2021-08-26 07:00:00,14.92,41.1,21.8,35.33,45.38,13.02,42.21,18.64,41.67,74.09,13.49,15.76,46.29,57.83,36.58,32.35,10.95,27.23,29.04,55.38,25.86,10.98,12.62,109.18,51.71,14.16,79.04,50.81,42.75,38.87,9.12,31.03,57.25,15.18,12.03,18.94,24.73,26.85,22.77,9.81,11.8,42.17,77.42,14.24,46.5,124.3,66.97,19.78,,26.35,23.75
2021-08-27 07:00:00,14.45,40.92,21.69,35.13,44.95,13.02,41.62,18.04,42.25,75.77,13.87,15.7,45.98,57.76,38.18,31.75,10.48,26.77,28.58,55.01,25.86,10.54,12.28,109.18,51.9,14.12,78.43,50.14,42.61,38.33,8.99,33.06,56.94,15.47,11.82,18.48,24.77,26.55,22.2,9.67,11.58,41.82,77.42,13.57,45.75,124.8,66.97,19.48,,26.3,23.42
2021-08-30 07:00:00,14.82,41.43,22.26,35.39,46.33,13.6,43.71,18.76,43.34,84.02,14.36,15.89,46.75,58.57,38.71,34.24,10.78,27.28,29.42,55.01,26.58,10.69,12.62,109.6,53.26,15.16,78.97,51.79,43.36,38.64,9.65,34.33,57.45,15.91,11.9,19.02,25.14,27.2,22.72,10.08,11.75,42.61,78.6,14.08,47.05,124.0,67.2,19.91,,26.7,23.85
2021-08-31 07:00:00,15.01,41.39,22.35,35.59,48.32,13.72,45.01,19.06,44.89,89.22,14.05,16.48,46.7,58.84,38.94,34.38,10.58,27.94,29.96,55.01,26.82,11.2,12.57,109.1,52.97,15.16,78.89,51.06,43.45,38.73,9.56,34.01,57.25,16.2,11.77,19.26,25.27,27.3,22.2,10.08,11.77,42.83,78.31,14.16,46.9,125.0,67.28,20.01,,26.85,24.0
2021-09-01 07:00:00,14.99,44.02,22.18,35.73,48.84,13.48,45.21,18.93,45.24,85.62,14.4,16.25,46.75,59.51,39.01,34.98,10.44,28.0,30.0,55.29,26.68,11.0,12.48,109.93,52.44,15.08,79.5,51.86,43.62,38.28,9.52,34.65,57.84,16.05,11.64,18.97,25.22,27.2,22.77,10.4,11.73,41.82,78.6,14.12,47.05,124.6,67.36,19.78,,27.0,23.9
2021-09-06 07:00:00,14.99,44.58,22.35,36.19,48.67,14.18,45.34,19.06,44.62,83.54,14.48,16.05,46.85,59.91,39.77,36.17,10.46,28.28,30.99,55.2,26.95,10.93,12.48,108.36,53.21,15.93,79.88,52.16,44.59,38.55,10.05,34.87,57.64,16.71,11.38,18.97,24.85,27.1,22.63,10.48,11.89,43.31,78.75,13.96,47.1,124.7,68.13,19.84,,28.0,24.02
2021-09-07 07:00:00,15.11,44.21,22.46,36.46,47.63,14.34,45.21,19.26,43.88,78.42,13.87,15.99,47.46,59.58,38.56,35.57,10.74,28.97,32.26,55.2,27.5,11.13,12.78,107.03,52.97,15.82,79.66,50.87,43.97,38.78,9.81,34.07,58.04,15.98,11.47,18.99,24.77,27.55,23.17,10.43,12.04,43.48,80.0,14.12,46.95,123.8,67.82,19.94,,27.2,24.2
2021-09-08 07:00:00,15.06,44.3,22.66,35.73,46.68,14.1,44.42,19.18,44.07,79.46,13.71,16.41,47.1,58.91,38.1,35.44,10.85,28.86,31.99,54.92,27.19,11.15,12.71,105.8,52.97,15.38,79.43,50.26,43.27,38.68,9.65,33.8,57.96,15.47,11.47,19.15,26.62,27.3,22.96,10.05,12.46,42.17,79.41,14.32,46.0,123.0,67.03,20.2,,27.05,24.07
2021-09-09 07:00:00,14.99,44.21,22.69,35.66,46.68,14.18,44.36,19.24,44.69,79.3,14.01,16.25,47.1,59.17,38.41,35.8,10.64,29.49,33.37,55.01,27.3,11.17,12.62,105.46,53.65,15.78,78.82,50.2,43.45,38.55,9.65,34.23,57.88,15.69,11.38,19.13,26.44,27.1,22.91,9.97,12.41,42.96,78.97,14.24,45.65,124.0,66.79,20.2,,27.05,24.07
2021-09-10 07:00:00,15.13,44.58,22.72,35.79,47.11,14.38,44.82,19.36,44.89,79.46,13.81,16.38,47.41,59.44,38.56,36.08,10.56,29.43,33.86,55.01,27.57,11.13,12.71,107.45,56.39,15.82,78.74,50.2,44.33,40.58,9.81,34.65,58.11,15.91,11.38,19.26,26.35,27.15,23.15,10.65,12.94,42.96,79.27,14.2,45.65,129.2,66.79,20.72,,27.6,24.28
2021-09-13 07:00:00,14.97,44.72,22.38,35.66,47.2,13.68,44.68,19.06,45.74,80.02,13.87,16.48,47.15,59.51,37.84,34.52,10.28,29.03,33.44,55.2,27.67,10.88,12.51,107.53,57.21,15.53,78.43,49.34,44.15,41.12,9.65,34.23,60.77,15.18,11.21,18.99,25.8,26.8,23.1,10.71,12.91,42.74,78.75,14.04,45.8,128.0,67.82,21.08,,27.85,24.24
2021-09-14 07:00:00,14.78,44.72,22.15,35.66,46.51,13.52,44.16,18.7,49.04,81.14,14.09,16.41,47.2,59.65,38.71,34.15,10.11,28.74,33.44,55.1,28.01,10.71,12.44,108.11,58.8,15.16,78.36,49.04,43.97,40.13,9.32,33.8,62.72,15.15,10.86,19.15,25.68,26.65,22.91,10.4,13.0,42.26,78.68,13.9,45.95,125.0,68.05,20.75,,28.2,24.18
2021-09-15 07:00:00,14.61,44.77,22.15,35.73,45.82,13.37,44.03,18.58,49.42,80.9,13.89,16.31,47.36,59.44,38.71,34.47,10.07,28.57,33.21,54.92,27.84,10.59,12.26,111.58,59.14,15.08,78.36,49.22,43.97,39.9,9.36,33.91,61.94,15.4,10.86,19.15,25.32,26.55,22.72,10.84,12.8,42.3,78.41,13.77,45.65,125.3,67.66,20.56,,28.0,24.1
2021-09-16 07:00:00,14.64,44.63,22.41,35.86,46.68,13.83,44.36,18.82,50.12,79.22,13.77,16.38,47.81,61.73,38.86,35.07,10.11,29.37,35.36,54.82,28.18,10.71,12.39,120.01,59.14,15.3,78.36,49.65,44.59,41.03,9.48,34.33,61.94,15.65,11.08,19.05,25.59,26.6,22.96,10.62,13.22,42.48,77.73,13.82,43.9,125.1,67.5,20.92,,28.7,24.0
2021-09-17 07:00:00,14.71,43.55,22.72,35.73,46.33,13.79,44.36,19.0,52.29,76.82,13.45,16.31,48.42,61.59,39.77,34.98,10.28,29.37,35.74,54.54,28.66,10.74,12.46,120.26,58.85,15.45,78.43,49.04,44.5,41.12,9.52,34.6,61.59,15.54,11.38,19.24,25.56,26.7,23.24,10.56,13.36,42.35,77.34,13.84,43.4,124.0,67.82,21.31,,29.2,24.31
2021-09-20 07:00:00,14.94,43.74,22.89,35.73,46.33,13.6,44.03,19.08,56.59,80.34,14.05,16.38,47.76,59.65,38.56,34.42,10.48,29.14,34.48,54.73,28.46,11.05,12.66,118.19,58.46,15.19,78.13,49.04,43.89,40.9,9.52,34.87,61.86,15.54,11.51,19.37,25.83,26.9,23.67,10.59,13.67,42.39,77.63,14.32,43.0,123.5,68.6,21.86,,29.2,24.43
2021-09-21 07:00:00,14.75,41.43,22.49,35.53,45.99,13.25,43.45,18.76,56.01,79.54,13.59,16.05,46.95,57.97,37.57,32.54,10.32,28.74,33.71,54.54,27.98,11.0,12.46,116.54,58.32,15.19,78.13,49.16,43.27,40.22,9.36,34.17,60.97,15.26,11.47,19.18,25.26,26.5,23.5,10.5,13.67,42.7,73.94,14.99,42.5,122.0,68.92,21.67,,27.35,24.1
2021-09-22 07:00:00,14.82,42.33,22.43,35.66,48.41,13.41,44.03,18.67,62.41,80.02,13.71,15.92,47.05,58.84,37.72,33.41,10.23,28.97,35.32,54.64,28.32,10.96,12.48,118.61,59.67,15.38,78.28,49.28,43.54,40.35,9.4,34.6,61.75,15.65,11.34,18.99,25.17,26.55,23.57,10.59,13.6,42.7,73.84,15.22,42.7,121.5,69.55,21.5,,28.0,24.24
2021-09-23 07:00:00,14.78,42.8,22.64,35.79,49.88,13.6,44.89,18.82,60.43,81.46,13.77,15.79,47.2,59.65,37.8,34.06,10.28,29.14,35.24,53.99,28.66,10.83,12.53,118.19,60.92,15.41,78.13,49.22,43.89,41.48,9.56,35.24,61.71,16.05,11.42,19.15,25.26,26.6,23.62,10.75,13.7,42.91,75.79,14.85,43.2,122.0,71.04,21.6,,28.3,24.4
2021-09-24 07:00:00,14.82,42.33,22.64,35.53,49.79,13.48,45.03,18.93,56.98,82.26,13.29,15.6,47.05,60.85,36.43,34.06,10.32,29.03,34.48,53.99,28.49,10.88,12.57,117.2,62.65,15.34,78.2,49.04,43.75,41.21,9.44,34.71,61.83,15.76,11.6,19.32,25.23,26.6,23.76,10.9,14.29,43.26,76.47,14.95,43.15,123.0,71.12,21.73,,28.25,24.46
2021-09-27 07:00:00,14.78,42.04,22.49,35.33,48.84,13.25,44.03,18.58,57.02,78.5,12.74,15.4,46.75,60.45,36.13,32.77,10.4,29.09,33.71,53.43,28.18,10.69,12.62,111.58,60.68,15.19,78.13,49.1,43.97,40.94,9.4,33.0,61.67,14.89,11.42,18.94,24.17,26.5,23.38,10.96,13.84,42.7,75.98,14.36,41.6,125.0,69.78,21.76,,28.1,24.3
2021-09-28 07:00:00,14.73,41.39,22.49,35.19,48.15,13.14,44.03,18.4,57.02,78.66,12.46,14.4,46.44,60.59,35.67,32.17,10.3,28.97,33.37,53.15,27.84,10.45,12.53,110.84,59.67,15.27,78.05,49.1,43.97,40.85,9.32,32.74,61.36,14.75,11.34,19.15,24.05,26.2,23.05,10.78,13.53,42.48,75.2,14.2,42.6,128.0,69.15,21.34,,27.9,24.02
2021-09-29 07:00:00,14.61,41.57,22.55,34.93,49.79,13.45,44.17,18.19,55.47,78.66,12.78,15.21,46.85,64.01,36.55,32.86,10.28,30.12,34.86,53.43,28.08,10.49,12.51,114.06,61.06,15.53,77.44,49.4,44.76,41.57,9.56,34.07,60.22,15.0,11.21,19.21,24.05,25.7,23.1,10.78,13.95,42.48,75.5,13.98,43.0,127.0,69.7,21.37,,28.0,24.24
2021-09-30 07:00:00,14.68,41.57,22.58,35.06,50.48,13.6,44.89,18.22,55.51,79.06,13.99,15.08,47.2,64.21,36.96,33.04,10.28,30.23,35.28,53.52,28.29,10.52,12.51,116.54,61.01,15.84,77.52,49.4,45.2,41.93,9.81,34.17,61.04,15.22,11.25,19.02,24.23,25.7,23.43,10.81,14.22,42.3,75.98,13.84,43.25,126.9,70.41,21.31,,28.35,24.4
2021-10-01 07:00:00,14.59,41.29,22.26,35.0,49.62,13.72,44.36,17.8,57.41,78.42,14.54,14.62,46.95,64.41,36.81,32.67,10.11,30.17,35.28,53.71,28.18,10.15,12.28,115.71,60.68,15.84,77.29,49.71,44.94,43.74,9.77,34.33,60.18,15.29,11.25,19.15,23.69,24.5,23.1,10.84,14.34,41.74,74.82,13.49,43.6,125.5,70.02,20.75,,28.2,24.25
2021-10-04 07:00:00,14.36,41.48,22.09,32.67,50.14,14.41,44.17,17.2,59.31,78.58,14.84,14.23,46.9,69.85,36.96,33.23,9.81,30.86,36.12,53.24,27.88,9.79,12.12,115.8,59.38,16.3,77.29,51.43,46.34,43.74,10.3,35.19,60.26,15.15,11.3,19.15,22.87,24.05,22.82,10.81,14.36,41.13,74.04,13.08,43.55,128.5,70.8,20.1,,28.05,24.19
2021-10-05 07:00:00,14.54,41.72,22.38,34.26,51.35,14.26,46.62,17.38,58.84,78.66,14.6,14.3,47.91,70.86,36.62,34.19,9.79,31.55,36.66,52.22,28.01,9.98,12.19,116.21,60.24,16.85,77.52,51.36,47.05,43.42,10.39,36.89,60.61,15.07,11.9,19.1,23.69,24.4,22.96,10.75,14.4,41.43,75.3,13.14,43.55,129.2,70.41,20.33,,28.25,24.3
2021-10-06 07:00:00,14.59,41.62,22.55,34.6,51.87,14.18,47.01,17.41,57.02,78.82,14.8,14.43,47.56,73.21,36.2,34.56,9.87,31.72,36.66,52.22,28.46,10.23,12.24,116.46,60.87,16.85,79.58,50.51,46.96,43.1,10.51,37.21,61.51,15.15,,19.15,24.11,25.45,23.24,10.81,14.5,41.3,77.34,13.49,44.05,128.0,70.1,19.87,,28.5,24.4
2021-10-07 07:00:00,14.64,41.67,22.46,34.6,52.39,14.57,46.68,17.53,57.29,79.38,14.96,14.3,47.76,73.55,36.43,34.79,9.81,31.78,36.39,52.68,28.7,10.18,12.42,116.54,61.3,16.92,79.5,51.49,46.08,43.74,10.43,37.85,61.47,15.18,,19.29,24.02,24.9,23.62,10.75,14.47,41.39,77.44,13.29,44.15,127.3,69.78,20.48,,29.15,24.53
2021-10-08 07:00:00,14.66,41.86,22.46,35.13,52.56,14.61,46.35,17.59,57.76,78.9,14.48,14.33,47.91,73.55,37.95,34.56,9.81,31.61,36.32,52.96,28.97,10.15,12.42,117.28,61.3,16.92,78.74,52.22,46.96,43.51,10.26,37.1,61.55,15.44,,20.32,24.47,25.3,23.62,10.59,14.47,41.65,77.44,13.37,44.4,127.1,69.7,20.72,,29.15,24.6
2021-10-11 07:00:00,14.82,41.9,22.61,35.13,52.3,14.65,45.95,17.74,58.14,78.26,14.58,14.59,49.89,73.95,38.33,34.61,9.99,31.89,36.39,52.68,29.48,10.25,12.51,118.19,61.4,16.61,79.2,53.26,47.75,44.5,10.1,37.26,63.58,15.54,12.64,20.32,24.78,25.9,24.09,10.5,14.55,42.17,77.24,13.73,44.7,129.0,70.33,20.83,,29.3,24.9
2021-10-12 07:00:00,15.2,41.67,22.98,35.13,52.56,14.61,45.69,18.43,58.84,78.42,14.88,14.98,49.99,74.29,37.95,34.65,10.34,32.52,36.55,53.24,29.41,10.54,12.87,119.85,62.36,16.57,78.59,53.63,47.57,45.09,10.26,37.47,63.31,15.84,12.66,20.37,25.02,26.35,24.85,10.59,14.78,42.26,78.12,14.14,46.0,131.8,70.8,21.27,,30.4,25.3
2021-10-13 07:00:00,15.25,42.04,22.72,35.19,51.87,14.57,46.09,18.4,62.02,78.66,15.08,14.98,49.99,73.88,38.03,34.84,10.42,32.35,36.66,53.52,29.65,10.45,12.89,118.19,63.62,17.08,78.36,53.94,47.22,44.86,10.3,38.54,62.84,15.76,12.77,20.25,24.78,26.2,24.71,10.62,14.64,42.26,77.63,13.96,46.4,132.5,70.72,21.3,,30.35,25.25
2021-10-14 07:00:00,15.11,43.08,22.69,35.19,51.78,14.69,46.02,18.28,61.13,78.5,15.97,14.95,49.94,74.35,38.18,35.17,10.36,32.46,36.78,53.61,29.72,10.52,12.84,117.04,63.57,17.16,77.9,55.35,47.13,45.13,10.26,38.65,62.37,15.76,12.55,21.02,24.56,26.2,24.66,10.59,14.54,41.78,76.56,14.22,45.75,132.5,70.41,21.42,,30.2,25.2
2021-10-15 07:00:00,15.06,42.33,22.66,35.19,51.44,15.03,45.69,18.28,60.9,78.42,16.44,15.14,49.94,74.89,38.41,35.35,10.44,32.64,37.27,53.43,29.79,10.49,12.78,116.54,63.57,16.96,77.75,55.23,46.87,45.27,10.1,38.43,62.61,15.54,11.92,21.25,24.6,26.4,24.71,10.53,14.73,42.04,75.88,14.16,46.0,130.9,70.41,21.63,,30.4,25.21
2021-10-18 07:00:00,15.01,41.95,22.38,35.19,51.0,14.8,45.16,18.07,59.77,77.7,16.42,15.08,50.04,75.43,38.63,35.35,10.42,32.92,38.0,53.24,29.89,10.45,12.78,116.54,62.94,17.08,77.52,55.78,47.13,44.19,10.14,38.33,62.22,15.29,11.88,20.88,24.32,26.85,24.9,10.4,15.11,41.39,76.27,14.16,45.55,129.8,70.1,22.01,,30.45,25.34
2021-10-19 07:00:00,14.97,41.39,22.38,35.06,51.18,14.65,44.96,18.1,58.84,77.78,16.22,15.01,50.04,76.57,38.86,34.79,10.32,32.69,37.54,52.78,30.23,10.3,12.66,116.46,62.17,17.23,77.29,57.0,47.4,44.19,10.14,38.91,60.97,15.22,11.82,20.93,24.66,26.2,24.56,10.28,14.99,41.48,76.27,14.12,45.75,130.0,70.57,22.39,,30.3,25.32
2021-10-20 07:00:00,14.92,41.62,22.55,35.06,51.61,14.72,45.16,17.71,59.04,78.42,17.53,15.11,49.03,74.22,38.03,34.7,10.21,31.95,37.01,53.52,29.68,10.15,12.53,115.71,61.64,17.54,77.52,57.13,46.7,43.82,9.97,39.12,60.61,15.18,12.03,21.05,24.11,25.65,24.8,10.28,15.09,40.95,75.98,14.1,44.95,133.3,69.94,22.15,,30.2,25.0
2021-10-21 07:00:00,14.9,42.14,22.66,35.19,51.61,14.8,45.16,17.83,61.28,78.98,17.75,14.95,49.08,75.23,37.8,34.51,10.03,32.41,37.47,53.34,30.26,10.2,12.57,115.88,61.16,17.62,77.67,58.78,46.96,44.14,9.97,39.39,59.4,15.18,11.9,20.76,23.99,26.0,24.99,10.31,15.12,40.95,75.69,14.32,45.5,131.8,70.02,22.04,,30.6,25.24
2021-10-22 07:00:00,14.75,42.52,22.55,36.19,51.61,14.96,45.42,17.77,61.28,78.42,18.04,14.98,48.78,74.35,37.42,34.7,10.01,32.46,37.39,53.24,30.64,10.11,12.55,115.8,61.21,17.66,77.82,59.21,46.26,44.01,9.93,39.5,60.34,15.11,11.82,20.9,23.6,26.0,24.66,10.31,14.92,40.95,75.79,14.34,45.4,131.6,70.1,21.83,,30.55,25.04
2021-10-25 07:00:00,14.59,44.21,22.49,36.32,53.6,15.42,46.48,17.59,60.47,78.5,17.73,15.05,48.17,75.03,37.34,35.82,9.97,31.55,36.01,52.87,31.19,10.03,12.44,116.04,61.64,17.85,78.66,60.01,46.52,44.28,10.01,40.19,61.16,15.11,11.6,20.7,23.02,25.6,24.0,10.56,14.54,41.0,75.98,14.16,45.6,131.3,70.65,21.54,,30.4,24.91
2021-10-26 07:00:00,14.45,44.58,22.46,36.72,55.33,15.65,46.09,17.8,59.93,78.26,17.45,14.92,47.86,75.5,37.46,36.1,9.91,31.03,35.24,53.06,31.05,10.01,12.44,114.72,61.11,17.93,78.36,58.11,47.66,44.19,10.01,39.12,60.73,15.0,11.45,20.56,22.96,25.2,23.6,10.43,14.43,40.78,76.27,14.04,45.45,130.7,70.25,21.24,,29.4,24.7
2021-10-27 07:00:00,14.61,44.21,22.52,37.58,55.24,16.7,46.68,17.95,60.28,78.5,18.18,15.05,48.98,77.04,38.33,36.71,10.03,32.23,36.35,53.06,31.63,10.13,12.6,115.55,61.64,17.97,78.43,58.11,47.92,44.32,10.14,39.55,60.97,15.44,11.66,20.68,23.51,25.65,24.04,10.47,14.71,41.08,76.66,14.28,45.8,132.3,70.49,21.74,,30.5,25.0
2021-10-28 07:00:00,14.78,47.22,22.78,37.52,55.33,17.01,47.21,18.58,59.58,78.98,18.2,15.21,49.33,80.13,38.71,36.66,10.3,32.81,36.58,53.43,32.69,10.2,12.78,119.02,61.88,18.01,79.2,58.23,47.92,45.54,10.3,40.19,62.61,15.4,11.71,20.79,24.32,26.0,24.33,10.53,15.05,41.87,78.22,14.36,46.8,132.8,71.12,22.27,,30.8,25.44
2021-10-29 07:00:00,14.9,48.82,22.89,38.98,55.84,17.2,47.01,18.73,58.88,80.5,19.19,14.62,49.18,81.61,39.24,36.99,10.3,32.69,35.89,53.71,33.61,10.11,12.71,121.91,63.04,17.93,83.17,58.23,47.49,45.49,10.34,39.82,62.72,15.84,11.73,21.05,24.29,26.2,24.23,10.84,15.21,42.22,78.9,14.4,47.1,132.0,70.96,22.24,,30.7,25.41
2021-11-01 07:00:00,15.2,48.44,23.87,39.71,55.33,17.13,47.14,18.93,59.23,81.7,19.39,14.95,48.52,81.27,38.94,36.48,10.3,31.89,35.13,53.8,33.16,10.25,12.75,119.93,62.12,17.85,83.25,56.76,47.13,45.54,10.68,37.37,62.8,15.84,12.1,20.7,24.47,26.2,24.33,11.18,14.85,42.26,81.62,14.38,47.45,129.9,70.57,22.01,,30.9,25.43
2021-11-02 07:00:00,15.27,48.72,23.87,39.64,55.15,17.75,47.74,19.2,59.93,81.06,19.27,14.98,48.47,80.8,39.09,36.48,10.32,31.61,34.98,53.99,33.23,10.2,12.73,120.18,61.88,17.82,82.25,57.0,47.31,45.45,10.63,37.85,63.31,16.02,12.23,20.82,25.02,26.5,24.33,11.61,15.02,42.39,81.91,14.22,47.45,130.0,69.94,21.92,,30.7,25.5
2021-11-03 07:00:00,15.6,48.72,24.1,39.84,54.89,17.44,46.48,19.39,59.38,80.1,18.2,16.25,48.32,79.59,38.41,36.76,10.44,31.66,34.09,54.36,32.04,10.45,12.8,119.02,61.4,17.54,80.27,57.07,46.52,45.9,10.39,37.79,64.09,16.38,12.31,20.9,25.02,26.5,24.56,11.18,15.12,42.39,80.26,14.75,46.95,128.0,69.31,22.01,,30.8,25.53
2021-11-04 07:00:00,15.69,48.25,24.5,40.51,54.89,17.36,46.75,19.5,59.23,80.1,18.28,16.51,48.57,78.59,38.1,36.76,10.99,31.83,34.09,54.45,31.83,11.03,13.0,119.85,61.64,17.47,79.43,56.39,46.08,45.99,10.34,37.53,65.5,16.24,12.4,21.25,25.2,27.45,24.94,10.99,15.11,42.35,79.48,15.0,47.0,127.4,69.23,22.24,,31.2,25.55
2021-11-05 07:00:00,15.62,49.38,24.82,41.04,54.89,17.94,47.01,19.3,60.66,80.5,18.56,16.38,48.72,78.12,38.33,37.32,10.8,31.89,34.71,54.45,32.45,10.96,12.89,121.66,63.09,17.47,79.12,57.37,46.43,45.9,10.51,37.26,65.69,16.2,12.88,20.88,25.86,27.35,24.9,11.21,14.95,42.26,79.29,14.75,47.0,129.2,69.55,22.21,,31.05,25.61
2021-11-08 07:00:00,15.58,51.07,24.76,41.77,55.33,18.29,47.34,19.18,63.34,80.82,20.14,15.92,49.38,80.06,38.71,37.6,10.78,32.18,35.05,54.27,32.41,11.17,12.8,122.99,63.37,17.78,79.73,56.7,47.66,48.15,10.76,37.85,66.52,17.29,13.22,20.99,26.05,27.3,24.71,11.52,15.12,42.48,79.19,14.71,47.25,129.6,70.41,22.01,,30.75,25.7
2021-11-09 07:00:00,15.65,52.2,24.67,41.24,55.76,18.87,47.74,19.62,61.44,80.9,20.22,16.44,48.72,79.93,40.08,37.74,11.09,32.29,34.98,54.08,32.76,11.34,12.84,122.08,62.6,17.85,78.66,56.33,47.57,47.57,10.63,38.22,66.83,17.8,12.59,21.08,26.47,27.3,24.71,11.49,14.95,42.26,79.67,14.79,46.6,129.3,70.49,21.74,,30.35,25.6
2021-11-10 07:00:00,15.55,50.98,24.3,41.17,55.94,18.83,48.34,19.48,60.08,80.82,20.69,16.7,48.67,79.93,40.83,37.5,11.32,31.61,34.02,54.36,32.69,11.17,12.87,121.42,62.36,18.44,78.66,54.18,48.1,45.09,10.63,37.69,66.83,18.02,12.38,21.08,26.77,28.15,24.38,11.4,14.9,42.17,80.26,14.81,46.8,128.8,70.17,21.48,,30.4,25.54
2021-11-11 07:00:00,15.25,50.7,24.21,41.37,54.89,20.42,48.4,18.88,59.77,79.38,20.81,16.64,48.62,78.85,40.23,37.83,11.09,30.69,32.95,54.17,33.1,10.79,12.62,120.67,62.84,18.32,79.43,54.67,51.52,46.22,10.63,37.32,67.22,18.16,12.73,20.99,26.14,27.7,23.95,11.99,14.81,42.26,79.09,14.43,46.95,127.3,70.17,20.86,,30.3,25.42
2021-11-12 07:00:00,15.32,50.98,24.3,40.57,54.54,21.62,48.4,18.93,59.7,79.7,20.58,17.22,48.67,78.18,39.47,38.16,11.19,30.8,33.33,54.08,33.37,10.81,12.62,121.33,64.48,18.48,80.19,55.59,51.35,46.67,10.63,37.53,67.18,18.31,12.67,20.99,26.62,27.3,24.14,13.57,14.78,42.48,78.51,14.55,46.95,127.5,70.02,21.1,,30.0,25.3
2021-11-15 07:00:00,15.6,51.26,24.1,39.25,54.8,22.24,48.01,19.32,59.89,81.22,20.22,18.13,49.38,77.04,39.85,37.41,11.5,30.52,33.37,54.17,33.54,11.05,12.82,122.49,65.64,18.48,79.12,55.47,51.96,49.15,10.59,37.74,66.44,18.6,12.57,21.1,27.25,27.65,24.52,13.66,15.05,42.35,79.77,15.0,47.0,126.0,69.94,21.16,,30.1,25.6
2021-11-16 07:00:00,15.39,49.94,24.36,38.85,55.06,22.09,46.88,19.3,59.89,81.46,20.5,18.26,49.13,78.12,39.32,36.62,11.38,29.77,32.98,53.8,32.35,10.93,12.84,123.98,65.49,18.48,78.74,54.86,51.61,47.79,11.42,37.63,65.07,18.09,12.57,21.05,26.89,27.7,24.38,14.04,15.12,42.26,80.35,14.89,46.95,125.5,69.55,21.07,,30.0,25.46
2021-11-17 07:00:00,15.39,52.58,24.36,39.58,56.29,22.09,47.68,19.26,61.24,80.98,20.38,17.74,49.74,78.45,41.06,36.48,11.17,29.43,32.56,53.89,32.69,11.13,12.8,124.06,65.59,18.48,78.66,54.86,51.35,47.79,11.46,37.69,66.05,17.76,12.59,20.73,26.95,27.6,24.42,14.19,14.95,42.35,80.45,14.87,47.1,127.0,69.62,21.04,,30.05,25.43
2021-11-18 07:00:00,15.25,55.68,24.9,39.25,55.68,22.55,49.6,19.11,63.96,80.02,18.95,17.42,48.98,76.44,40.38,37.13,11.38,28.4,30.57,53.71,32.48,10.96,12.75,122.33,65.88,18.48,78.2,54.92,53.37,47.79,11.63,37.26,65.73,18.38,12.35,20.7,28.4,27.55,24.28,14.91,14.86,42.26,80.06,14.81,47.25,125.6,69.15,20.77,,30.35,25.39
2021-11-19 07:00:00,15.27,53.14,24.1,39.25,52.43,22.44,47.34,19.26,62.8,79.86,17.88,17.55,48.27,71.13,37.65,34.7,11.66,27.43,28.46,53.89,30.98,10.76,12.62,121.83,65.49,17.31,77.52,54.8,49.94,45.54,11.3,35.13,65.26,18.16,12.33,20.73,27.62,27.0,24.19,14.78,14.83,42.3,77.73,14.81,47.0,126.2,67.58,20.45,,30.0,25.16
2021-11-22 07:00:00,15.48,50.04,25.25,38.51,51.73,21.31,44.43,19.77,63.57,78.58,18.08,18.0,48.22,68.24,36.05,33.3,12.56,27.48,28.73,55.01,29.34,11.25,12.8,121.5,66.46,16.61,77.44,55.47,48.8,46.12,10.8,34.01,64.09,17.47,12.54,20.39,28.95,27.9,24.71,14.84,15.05,42.3,77.44,15.58,46.5,126.0,67.5,21.07,,29.9,25.11
2021-11-23 07:00:00,15.81,49.29,25.36,38.18,52.43,19.84,45.03,20.19,62.95,78.02,18.26,17.55,48.17,68.85,36.58,32.92,12.8,27.83,29.5,55.38,29.34,11.17,13.0,122.82,66.5,16.53,78.05,54.67,48.8,46.22,10.84,33.85,65.38,17.47,12.62,21.02,28.95,28.3,24.75,13.97,16.09,42.78,78.41,15.97,46.75,127.5,67.58,21.19,,29.35,25.45
2021-11-24 07:00:00,15.83,50.32,25.59,39.18,54.19,20.54,46.48,20.4,64.69,79.22,19.01,17.84,48.93,69.18,38.41,34.6,12.99,27.77,28.96,55.29,30.91,11.13,12.96,127.37,68.05,17.04,80.8,55.35,49.68,46.89,11.17,35.56,64.13,17.87,12.7,20.93,31.85,28.35,24.71,13.97,16.51,43.22,79.48,16.32,46.75,130.8,67.97,21.07,,30.1,25.61
2021-11-25 07:00:00,16.4,50.6,25.99,38.65,55.15,20.61,49.0,21.0,64.0,79.06,19.11,18.85,49.89,69.05,38.33,34.98,13.25,27.88,29.11,55.76,31.87,11.64,13.86,128.19,68.62,16.88,81.49,55.66,50.03,46.94,11.26,35.45,64.48,17.91,13.29,22.88,31.91,30.35,25.84,13.48,16.66,45.57,81.13,17.31,46.9,130.9,68.52,21.95,,30.8,26.0
2021-11-26 07:00:00,16.23,50.79,25.25,39.71,53.92,21.0,48.34,20.43,62.6,78.9,19.39,18.65,50.15,68.24,37.49,34.32,12.78,28.06,30.11,56.69,31.56,11.56,13.59,128.28,68.14,17.23,83.32,58.17,49.68,45.76,11.09,35.4,62.53,17.43,13.21,22.88,32.03,30.5,25.46,14.44,16.44,45.31,80.84,17.35,47.6,128.1,68.76,22.42,,30.3,26.2
2021-11-29 07:00:00,15.86,49.76,25.3,38.91,53.48,20.54,47.74,20.1,61.24,80.66,19.23,18.2,49.49,65.56,36.81,33.58,12.4,27.6,29.77,56.31,30.71,11.05,13.25,125.71,66.17,17.0,82.02,57.13,47.4,43.96,10.88,35.19,61.0,17.07,12.89,21.73,31.73,29.8,24.61,14.22,16.09,44.0,79.29,16.91,49.25,124.5,68.52,22.3,,29.8,25.85
2021-11-30 07:00:00,15.58,49.94,25.02,39.11,53.05,22.51,49.73,19.95,61.67,82.42,19.39,17.29,49.23,66.03,37.72,34.89,12.44,27.77,29.73,47.56,31.32,10.86,13.03,123.32,65.93,17.23,82.56,56.7,47.49,43.64,11.09,36.78,60.18,17.47,12.57,22.08,33.24,28.65,24.33,14.41,15.4,43.09,80.65,15.97,51.75,121.6,68.84,21.89,,29.6,25.7
2021-12-01 07:00:00,15.5,49.29,25.07,39.44,52.78,22.32,52.71,19.92,62.91,79.78,19.94,17.61,49.08,65.49,37.42,35.54,12.46,28.0,30.03,52.22,31.36,10.86,12.98,123.15,65.54,17.08,84.39,56.45,47.4,43.87,11.17,37.1,60.42,17.61,12.46,21.85,32.69,28.75,24.33,14.91,15.5,42.83,80.45,16.26,52.0,116.8,68.68,21.68,,29.6,25.75
2021-12-02 07:00:00,15.58,49.38,25.25,38.98,53.13,21.85,49.33,20.25,63.18,81.62,19.68,17.81,49.33,65.82,37.57,35.59,12.84,27.83,30.07,52.4,31.36,10.88,13.12,123.98,65.88,17.27,86.38,57.0,47.66,43.74,11.59,36.68,61.16,17.94,12.54,22.45,32.63,29.3,24.42,14.91,16.63,43.04,79.97,16.79,52.55,119.7,68.68,21.71,,29.65,26.0
2021-12-03 07:00:00,15.27,46.37,24.1,38.51,50.68,20.92,50.32,19.77,61.44,89.62,18.79,17.55,48.47,64.88,37.19,34.14,12.64,27.31,28.73,51.57,31.42,10.47,12.75,124.81,64.29,17.04,84.54,57.68,46.78,42.38,11.21,35.93,61.36,17.18,12.3,22.02,30.52,28.0,23.71,13.88,16.27,42.48,77.92,16.68,52.75,118.3,67.42,20.72,,28.1,25.5
2021-12-06 07:00:00,14.85,44.21,23.9,37.05,48.49,19.49,49.66,18.93,59.89,91.22,17.61,16.35,47.81,61.12,34.91,32.97,11.76,26.05,26.74,49.8,29.34,9.81,12.17,119.85,61.11,16.57,83.25,58.41,44.85,41.12,11.21,34.6,59.25,16.13,11.5,20.62,29.61,26.4,22.98,12.92,15.57,41.56,77.15,15.52,51.8,118.0,67.03,19.95,,27.9,24.9
2021-12-07 07:00:00,15.06,45.71,24.13,36.85,50.42,19.37,50.32,19.39,60.66,92.82,17.84,16.41,47.96,62.8,35.9,33.81,11.84,26.34,26.74,51.57,29.72,9.94,12.46,124.39,63.28,16.77,84.01,58.54,45.73,41.35,11.67,34.87,59.32,16.34,11.76,21.73,30.7,26.9,23.31,12.89,16.11,41.87,77.92,15.93,52.8,118.5,67.11,20.45,,28.15,25.01
2021-12-08 07:00:00,15.27,46.94,24.93,38.18,50.5,19.92,50.99,19.6,64.35,96.66,18.7,16.74,48.22,65.02,36.51,34.28,12.09,26.94,27.16,51.47,30.84,10.15,12.64,124.89,64.05,17.27,85.15,59.76,47.13,42.74,12.46,35.51,59.68,16.74,11.79,21.73,31.3,27.8,23.57,12.95,16.65,42.7,78.6,16.03,51.75,120.1,67.34,20.54,,29.9,25.37
2021-12-09 07:00:00,15.39,47.78,24.99,37.85,50.24,19.68,53.44,19.71,65.55,99.22,18.75,17.35,48.27,65.15,36.81,34.32,12.15,26.8,26.97,52.12,31.19,10.18,12.66,123.98,64.29,17.31,86.68,59.95,46.96,43.37,12.37,35.56,59.56,16.92,12.11,22.31,30.82,28.4,23.55,12.86,17.44,42.39,78.31,16.44,52.0,119.5,67.34,20.77,,29.7,25.39
2021-12-10 07:00:00,15.53,50.6,25.42,38.58,50.77,20.61,57.28,20.07,68.18,96.82,19.35,17.39,48.42,64.62,36.66,34.89,12.46,26.57,26.43,51.66,32.45,10.3,12.73,124.14,64.05,18.48,86.3,59.88,46.52,43.6,12.62,35.93,59.36,16.89,12.14,22.53,31.79,28.4,23.67,13.51,17.58,43.52,78.31,16.81,51.55,122.5,67.42,20.86,,30.1,25.5
2021-12-13 07:00:00,15.62,51.17,25.88,38.58,51.38,23.17,59.92,20.07,68.26,98.42,19.63,17.19,48.52,65.29,36.81,35.17,12.23,26.51,26.47,51.57,32.79,10.42,12.75,127.12,64.53,18.86,84.77,60.01,46.78,44.01,13.2,36.36,59.52,16.96,12.08,22.02,31.6,28.35,23.6,13.66,17.3,43.22,78.6,16.62,50.5,124.0,67.58,20.72,,30.2,25.51
2021-12-14 07:00:00,15.53,54.11,25.93,38.58,50.85,24.76,57.94,19.86,67.25,107.14,19.45,16.83,48.42,64.82,36.66,35.07,12.07,26.45,26.93,50.73,33.03,10.69,12.71,128.69,64.29,18.63,84.85,56.7,46.96,43.42,13.2,36.46,59.4,17.03,11.87,22.48,31.79,28.1,23.55,14.5,17.13,43.17,79.58,16.64,50.8,123.1,67.74,20.54,,30.1,25.48
2021-12-15 07:00:00,15.5,56.1,25.68,39.51,50.42,23.64,58.47,19.77,65.97,106.9,19.98,17.13,48.52,64.75,37.15,35.21,11.93,27.31,28.73,51.47,32.79,10.83,12.71,129.1,64.53,19.48,85.54,55.47,47.4,43.46,13.32,35.13,59.48,17.43,11.87,22.39,31.24,27.7,23.6,14.66,17.27,43.13,79.29,16.74,49.95,122.9,67.82,20.22,,30.05,25.43
2021-12-16 07:00:00,15.48,60.74,25.25,39.51,50.77,24.8,59.59,19.77,66.63,101.14,19.57,16.9,48.47,65.22,37.57,35.26,12.03,27.08,28.19,51.38,32.79,10.76,12.71,125.96,64.34,19.48,87.06,57.8,47.66,42.38,13.24,35.61,58.86,17.47,11.84,22.36,30.52,28.0,23.55,14.91,17.72,42.74,79.38,17.27,49.15,121.1,67.58,19.66,,30.1,25.35
2021-12-17 07:00:00,15.5,61.6,25.3,39.51,50.42,26.81,57.94,19.83,66.28,97.78,19.35,16.74,48.47,65.69,37.19,35.45,11.99,26.68,27.66,51.29,33.1,10.59,12.66,130.1,64.1,20.03,86.99,58.54,47.66,42.87,14.15,35.66,58.62,17.51,11.79,22.1,30.76,28.0,23.53,15.53,17.44,42.04,80.06,17.15,49.4,121.4,67.34,19.78,,30.1,25.42
2021-12-20 07:00:00,15.41,60.65,25.53,40.24,49.1,28.67,58.27,19.89,64.62,98.9,19.59,16.9,48.47,64.48,36.51,35.03,11.86,26.62,27.28,51.1,33.54,10.45,12.57,130.34,63.81,19.8,86.99,58.23,46.17,42.74,13.9,35.56,58.15,17.07,11.68,22.25,31.48,28.15,23.31,15.12,18.08,42.74,80.94,17.07,49.5,120.0,67.27,19.84,,30.8,25.35
2021-12-21 07:00:00,15.39,62.07,25.13,41.17,49.01,30.22,57.41,19.64,61.56,102.82,19.98,17.09,48.27,63.14,36.05,34.7,11.95,26.39,26.51,51.1,33.64,10.35,12.55,132.41,63.62,20.49,87.37,57.98,46.17,42.38,14.86,35.4,58.15,16.82,11.5,22.22,31.73,28.2,23.24,15.03,17.99,42.91,81.13,17.35,49.05,121.5,67.19,19.95,,30.8,25.34
2021-12-22 07:00:00,15.32,62.26,24.64,40.37,49.19,32.39,59.06,19.37,61.9,98.42,21.25,17.35,48.02,63.54,36.13,35.26,11.34,25.82,26.13,50.82,33.92,10.18,12.42,137.54,64.24,20.8,87.45,57.68,46.34,42.65,15.48,36.68,57.64,16.82,11.12,22.16,30.7,27.2,22.82,16.86,17.71,43.09,82.78,16.36,49.1,121.0,67.03,19.72,,31.0,25.26
2021-12-23 07:00:00,15.01,61.6,24.45,38.51,48.14,30.3,59.2,19.06,61.05,98.42,21.13,17.61,47.2,63.47,34.16,35.96,10.85,25.25,25.32,49.8,34.87,9.94,12.21,137.87,63.47,19.8,85.15,56.45,45.47,41.7,14.73,35.98,57.37,17.43,10.7,21.45,29.01,26.9,22.34,16.8,16.68,43.03,80.16,16.03,48.0,120.7,66.4,18.96,,30.9,24.85
2021-12-24 07:00:00,15.11,60.27,25.03,37.65,47.96,29.33,63.57,19.55,60.66,94.5,21.41,19.24,47.1,64.01,34.38,36.29,11.09,25.91,27.01,50.26,34.46,10.03,12.28,139.12,63.81,20.07,87.0,57.68,46.43,42.51,14.28,37.16,57.14,17.94,10.8,21.88,29.25,27.4,22.42,16.52,17.03,43.2,79.87,16.36,47.55,122.8,66.56,19.07,,30.8,24.93
2021-12-27 07:00:00,15.43,60.27,25.39,38.85,48.66,29.45,64.43,20.17,61.67,90.42,20.38,20.28,47.36,64.28,34.42,35.63,11.7,26.08,26.89,50.26,34.19,10.45,12.57,139.12,64.05,19.8,87.8,57.0,46.7,41.97,13.66,37.69,57.53,17.8,11.5,23.62,29.61,27.85,22.91,16.71,18.31,43.82,79.19,16.32,48.25,123.0,67.34,19.95,,30.9,25.25
2021-12-28 07:00:00,15.5,60.94,25.32,38.58,48.66,33.48,66.61,20.5,62.21,92.02,20.61,22.1,47.76,65.15,34.53,35.26,11.68,26.11,26.74,49.89,35.49,10.35,12.64,138.37,64.1,20.49,87.0,57.43,47.13,42.87,14.9,37.9,57.64,17.83,11.44,24.59,29.49,28.05,23.01,17.79,18.69,43.88,80.26,16.64,48.25,122.7,66.95,20.01,,30.65,25.37
2021-12-29 07:00:00,15.81,60.65,25.46,38.58,48.22,35.73,67.87,20.81,61.63,88.82,19.39,22.23,47.51,65.02,34.69,34.42,12.44,26.05,27.31,49.89,35.89,10.59,12.73,140.27,64.58,20.34,85.1,56.76,47.13,42.28,14.77,37.26,57.72,17.76,11.5,24.31,29.07,29.5,23.15,17.7,19.23,44.49,79.38,17.01,47.6,123.4,66.87,20.33,,30.45,25.45
2021-12-30 07:00:00,15.72,59.99,25.53,38.58,48.22,35.65,68.8,20.75,61.12,86.02,19.03,21.9,47.46,65.15,34.95,34.46,12.4,26.17,28.04,49.33,35.49,10.76,12.75,139.86,64.53,20.03,85.7,56.39,47.4,41.97,14.36,37.16,58.04,18.16,11.44,25.16,30.28,29.6,23.15,17.39,18.95,43.71,79.29,17.35,47.5,124.0,66.87,20.45,,30.4,25.5
2021-12-31 07:00:00,15.95,58.76,25.75,39.18,48.4,34.22,70.52,20.81,61.24,90.42,19.59,21.9,47.2,64.55,35.29,34.46,12.31,26.25,28.12,49.52,34.8,10.81,12.84,139.61,64.24,20.26,86.1,57.86,47.13,42.01,14.32,36.78,58.19,18.81,11.52,25.62,31.18,30.5,23.36,16.89,19.16,44.1,79.29,17.42,47.1,125.8,67.03,20.8,,30.1,25.43
2022-01-04 07:00:00,16.07,59.8,27.02,39.05,49.1,37.08,69.59,21.0,62.06,90.02,19.55,21.64,47.36,65.09,35.67,34.6,12.64,26.68,28.65,49.52,35.14,10.86,13.09,139.86,64.96,20.26,88.5,57.68,47.4,43.28,14.65,36.68,59.4,18.7,11.95,25.71,31.36,31.7,23.76,17.02,19.3,43.88,80.16,18.58,47.85,126.0,68.13,21.13,,30.3,25.85
2022-01-05 07:00:00,15.79,62.26,26.77,39.05,49.45,39.91,69.26,21.3,61.12,91.3,19.7,21.87,47.46,68.85,35.83,34.79,12.44,26.8,28.31,49.7,36.85,10.74,12.91,133.24,66.02,20.57,87.8,57.0,48.8,43.15,15.72,37.16,61.75,18.89,11.76,25.31,31.73,31.7,23.76,17.48,19.58,43.88,81.62,18.43,49.75,123.0,67.58,20.83,,31.25,25.98
2022-01-06 07:00:00,15.53,61.6,26.3,38.58,49.01,40.69,69.19,20.78,60.65,93.22,19.31,21.9,47.46,69.12,35.52,35.35,12.21,26.39,27.28,49.43,37.33,10.49,12.69,127.28,65.73,20.26,87.8,56.7,48.45,42.87,15.6,37.05,60.97,18.52,11.6,24.36,31.36,32.4,23.43,17.33,19.3,43.82,81.62,18.21,50.25,122.7,67.03,20.48,,34.1,25.82
2022-01-07 07:00:00,15.62,67.85,27.31,38.71,48.31,41.07,73.7,20.32,59.72,91.54,18.4,21.71,47.25,69.38,35.52,35.73,12.33,26.14,26.97,49.33,38.01,10.47,12.75,127.45,65.25,20.22,86.4,56.57,48.89,42.47,15.93,36.84,60.21,18.63,11.74,23.91,30.94,31.95,23.34,17.7,19.16,43.99,81.91,18.15,51.1,121.8,66.79,20.31,,34.75,25.4
2022-01-10 07:00:00,15.46,66.62,28.14,38.38,47.96,41.77,70.39,20.29,55.82,86.82,17.27,20.83,46.64,68.51,35.29,35.26,12.07,26.05,27.05,49.24,36.58,10.49,12.66,126.62,64.05,19.41,83.9,56.88,48.28,42.19,15.52,36.2,59.82,19.1,11.39,22.93,29.94,31.15,22.98,17.2,18.9,44.16,82.2,17.5,51.1,122.5,66.71,20.04,,34.65,25.5
2022-01-11 07:00:00,15.34,68.99,27.78,38.32,46.29,41.31,69.59,20.1,55.62,80.82,16.62,21.12,45.22,68.51,34.76,34.42,11.82,25.82,26.51,49.33,36.17,10.3,12.57,119.92,63.42,19.29,82.3,56.39,47.4,41.92,15.27,35.13,59.58,18.6,11.26,22.33,29.01,31.7,22.86,17.39,18.69,44.16,80.65,17.42,49.9,122.0,66.71,19.95,,33.95,25.13
2022-01-12 07:00:00,15.27,67.28,28.58,38.25,46.03,40.84,68.86,19.8,56.01,80.98,16.86,21.12,44.92,70.53,33.02,32.78,11.82,25.85,26.28,49.24,34.53,10.18,12.64,119.75,62.6,18.86,82.4,55.16,47.13,42.01,14.36,34.6,59.74,17.43,11.12,21.62,29.07,31.65,22.86,16.37,18.69,43.88,79.09,16.79,49.0,120.8,66.07,19.86,,32.2,24.99
2022-01-13 07:00:00,15.55,70.51,30.83,38.51,47.35,38.01,70.25,20.96,57.02,80.98,17.09,22.23,45.58,70.53,33.4,33.2,12.56,26.45,26.97,48.12,35.96,10.69,13.32,117.19,63.57,18.86,82.2,54.92,47.49,42.24,13.99,35.19,59.78,17.36,11.74,23.31,29.52,34.3,23.71,15.23,19.67,45.11,79.67,18.29,49.25,120.0,66.23,20.51,,33.8,25.53
2022-01-14 07:00:00,15.48,69.27,31.41,38.3,46.91,35.38,69.59,21.24,55.85,80.98,15.91,21.45,46.14,69.52,32.49,32.92,12.31,26.45,27.05,48.77,35.76,10.49,13.18,117.6,64.14,18.24,81.7,54.98,47.13,41.6,13.66,34.87,59.38,16.78,11.55,23.33,29.19,33.75,23.38,14.76,19.44,45.56,79.29,17.7,49.1,121.0,66.07,20.36,,33.0,25.49
2022-01-17 07:00:00,15.36,67.0,31.63,36.47,46.12,32.94,66.88,21.06,52.3,81.62,15.51,20.99,45.17,65.96,30.74,31.1,11.82,25.59,25.28,47.94,33.98,10.45,13.3,113.3,62.6,17.23,78.8,52.59,46.96,42.01,13.66,33.53,58.98,16.31,11.52,22.9,27.38,32.6,22.96,14.86,18.78,46.29,76.86,17.11,47.25,120.0,66.23,19.4,,32.0,25.0
2022-01-18 07:00:00,15.15,62.55,31.48,37.82,44.89,30.65,62.9,21.0,49.14,81.86,15.39,20.28,44.66,69.85,30.32,29.09,11.62,24.62,23.9,48.96,33.51,10.2,13.3,115.45,61.93,16.92,79.1,52.84,46.43,41.78,12.7,33.48,59.42,15.18,11.02,22.47,25.47,32.55,22.91,13.82,18.1,47.25,73.94,16.56,47.05,120.0,65.99,19.37,,31.5,24.7
2022-01-19 07:00:00,15.39,63.97,31.59,37.82,45.07,28.52,64.89,20.72,50.7,82.18,16.82,20.54,44.66,70.86,31.23,29.09,11.7,24.88,25.09,48.96,34.19,10.25,13.34,116.85,62.6,17.08,78.1,53.88,47.13,41.74,12.83,34.07,58.98,15.18,10.35,23.05,26.2,32.7,23.05,13.68,18.03,47.81,74.82,16.99,46.75,122.0,66.07,19.54,,32.5,24.88
2022-01-20 07:00:00,15.34,67.28,30.65,38.7,45.33,26.54,65.55,20.32,56.56,81.78,16.66,20.54,44.82,70.86,31.73,29.74,11.58,24.79,24.44,49.61,34.94,10.13,13.18,122.48,63.62,17.16,78.3,54.31,46.96,42.19,13.08,34.33,57.95,15.98,10.45,23.2,26.86,31.8,22.96,14.09,18.34,46.74,75.2,16.56,47.3,123.6,66.23,19.48,,32.7,24.81
2022-01-21 07:00:00,15.43,68.7,33.73,38.64,45.68,27.2,70.65,21.36,57.34,81.46,16.68,20.8,44.77,70.32,31.88,30.3,11.74,24.68,24.75,48.22,34.32,10.42,13.57,123.47,63.23,17.47,78.6,54.74,46.96,42.83,13.74,34.65,57.4,15.98,11.02,23.14,26.71,33.35,23.1,14.79,18.52,48.43,75.5,17.09,46.65,121.0,65.91,19.69,,33.1,25.09
2022-01-24 07:00:00,15.72,67.28,33.98,38.64,44.72,26.39,68.86,21.7,54.06,79.22,15.77,21.42,43.14,71.74,30.85,28.2,11.7,23.3,23.02,49.52,33.44,10.45,14.26,118.34,62.56,17.51,78.1,51.55,47.66,42.69,12.83,33.32,57.2,15.0,10.99,23.85,25.05,33.0,23.53,14.19,17.38,49.61,74.04,17.31,46.25,117.3,64.71,19.37,,31.0,24.63
2022-01-25 07:00:00,16.11,64.44,33.3,38.3,44.19,24.57,69.53,21.85,53.63,78.02,15.43,21.9,42.64,69.85,30.66,27.31,11.8,23.02,22.6,49.52,32.48,10.62,14.38,116.77,61.45,17.27,77.8,51.67,47.05,43.37,12.5,33.38,56.57,15.0,10.96,23.85,24.72,33.0,24.09,13.48,17.61,50.06,73.55,17.31,46.7,118.5,63.2,19.42,,31.0,24.63
2022-01-26 07:00:00,16.42,71.08,34.89,38.64,44.72,22.86,71.51,22.74,53.94,78.42,16.04,22.42,43.4,73.21,31.88,28.99,12.27,24.88,23.67,49.7,33.92,11.51,14.78,121.65,62.12,17.39,78.3,52.96,47.57,43.92,13.49,34.12,56.61,15.62,11.5,23.73,25.62,34.8,24.56,13.28,18.31,52.09,77.73,18.01,47.25,119.0,63.36,20.42,,33.15,25.3
2022-01-27 07:00:00,16.21,72.02,34.38,40.19,45.86,21.27,66.94,22.53,52.26,78.9,16.27,22.29,43.34,74.02,31.88,28.71,12.44,24.05,22.98,49.89,34.12,11.66,14.67,117.52,62.22,17.08,78.5,52.71,50.03,45.32,13.24,34.17,57.0,15.54,11.71,23.54,25.44,34.75,24.33,12.95,18.31,50.85,77.44,18.21,47.1,119.1,64.0,20.77,,33.6,25.34
2022-01-28 07:00:00,16.14,71.55,34.31,40.47,47.17,19.88,63.3,22.53,51.48,79.62,16.29,22.16,43.6,71.53,31.92,28.57,12.54,23.88,23.21,49.98,33.92,11.68,14.96,118.34,62.46,17.16,78.6,53.63,48.8,45.37,13.41,35.66,58.23,15.51,11.71,23.42,26.11,35.2,24.38,12.51,18.69,50.06,77.92,18.37,47.25,121.1,66.15,20.83,,34.1,25.59
2022-02-07 07:00:00,16.26,73.44,34.24,41.69,48.05,21.74,63.24,22.28,53.83,80.02,16.49,22.75,45.17,75.3,33.28,29.65,12.68,23.93,23.29,49.8,34.32,12.02,15.12,118.34,64.05,17.51,79.5,55.41,49.77,47.0,13.99,36.36,59.18,15.98,12.03,23.79,27.38,35.45,24.94,13.45,19.3,50.34,78.9,18.62,45.6,122.8,66.23,21.3,,35.1,25.78
2022-02-08 07:00:00,16.28,74.01,33.73,40.6,47.96,21.12,59.99,22.13,55.0,79.94,17.04,22.81,45.43,75.63,34.91,30.02,12.6,24.62,24.17,49.89,34.26,11.81,15.01,120.0,64.48,17.7,79.1,54.18,51.0,47.18,14.52,36.14,60.13,16.34,12.19,23.05,27.19,35.35,24.94,13.48,19.3,50.68,78.7,18.33,43.35,130.1,65.51,21.19,,35.0,25.8
2022-02-09 07:00:00,16.65,74.86,34.09,40.33,48.4,19.65,60.85,22.32,56.56,80.18,17.64,22.16,45.98,73.88,35.29,30.68,12.84,26.17,26.43,49.98,34.39,11.9,15.01,120.0,65.49,18.01,78.3,53.94,51.08,46.73,14.65,36.94,59.78,16.49,12.27,22.96,27.38,35.0,25.32,13.58,19.34,50.79,78.9,18.76,42.45,129.8,65.51,21.77,,35.4,26.1
2022-02-10 07:00:00,16.58,75.72,34.82,40.74,48.22,21.39,63.24,22.16,55.62,81.22,17.52,22.68,45.78,73.88,36.05,30.68,12.62,26.74,27.7,49.98,35.55,11.93,14.9,121.57,64.77,18.4,78.0,55.1,52.14,46.1,14.77,36.2,59.89,16.6,12.62,23.11,26.95,34.2,25.08,14.05,19.06,51.19,77.34,18.56,40.85,132.3,65.75,21.21,,35.3,25.93
2022-02-11 07:00:00,16.54,74.86,34.67,40.67,48.05,20.69,62.9,22.59,55.74,80.82,18.33,22.62,46.39,74.56,36.05,30.96,12.68,26.51,27.35,49.98,35.69,12.15,15.19,122.56,65.01,18.24,77.7,54.25,52.05,46.28,14.98,36.14,61.56,16.56,12.51,23.27,27.07,34.45,25.04,13.82,19.06,50.63,77.24,18.58,40.75,129.8,65.43,21.42,,34.6,25.0
2022-02-14 07:00:00,15.95,71.93,32.46,39.86,47.17,19.88,60.92,21.24,55.0,79.62,18.46,23.11,45.88,75.77,35.6,31.05,11.91,26.42,27.81,50.08,35.21,11.71,14.42,122.56,63.57,18.17,76.7,54.06,52.49,47.23,14.65,35.93,61.44,16.31,11.76,22.5,26.35,32.85,24.33,13.45,18.69,48.38,75.88,18.05,40.35,132.0,64.71,20.54,,33.0,25.61
2022-02-15 07:00:00,15.95,74.01,32.21,39.45,47.35,20.38,61.25,21.18,54.96,79.7,18.46,23.76,45.93,76.3,36.66,30.96,11.76,25.99,26.74,50.26,35.76,11.42,14.4,124.14,63.33,18.09,77.5,54.61,51.17,47.05,14.32,35.66,66.07,15.98,11.79,21.82,26.2,32.7,24.23,13.62,18.78,47.14,75.88,17.7,40.9,137.0,64.71,20.66,,32.7,25.35
2022-02-16 07:00:00,15.95,77.14,32.42,39.65,48.05,21.31,61.18,21.21,55.0,80.82,19.02,23.27,46.34,75.9,36.81,31.47,11.86,26.11,27.24,50.26,36.44,11.64,14.54,130.34,63.37,18.48,77.8,54.8,50.64,47.41,14.98,36.46,65.32,16.27,12.0,22.56,26.77,33.1,24.33,13.99,18.85,48.6,77.44,17.86,41.35,137.1,64.16,20.92,,33.75,25.52
2022-02-17 07:00:00,16.0,76.0,32.42,40.06,49.8,22.63,62.9,21.27,55.78,80.66,19.39,22.78,46.19,76.37,37.76,31.56,11.91,26.34,27.74,50.26,36.37,11.66,14.69,130.51,63.52,18.51,77.3,55.35,51.08,48.23,15.02,37.95,66.31,16.56,12.03,22.31,27.07,33.45,24.38,14.52,18.83,48.83,77.44,17.94,41.0,138.3,64.24,20.86,,34.0,25.59
2022-02-18 07:00:00,15.81,78.09,32.42,40.19,49.45,22.16,61.78,21.21,56.75,81.54,19.27,23.2,46.54,77.44,38.33,31.28,11.91,26.37,27.66,50.26,36.85,11.25,14.67,131.42,63.62,18.55,77.6,55.1,52.05,48.55,15.14,37.85,66.03,16.53,11.92,21.58,26.83,33.2,24.33,14.32,18.92,48.6,77.34,18.25,41.0,140.1,64.0,20.95,,33.5,25.61
2022-02-21 07:00:00,15.74,77.9,31.7,41.69,49.8,24.88,62.31,20.75,58.7,88.82,19.55,22.75,46.7,77.58,38.86,31.33,11.76,26.65,28.08,50.26,36.85,11.22,14.35,132.5,63.81,18.79,78.0,54.92,52.49,47.59,15.19,38.06,66.11,16.53,11.79,21.97,27.38,32.8,24.0,15.16,18.73,48.71,77.44,18.15,41.0,146.0,64.63,20.77,,33.45,25.62
2022-02-22 07:00:00,15.76,75.34,32.42,42.7,49.01,24.72,62.57,20.72,57.53,91.22,19.02,22.75,46.7,77.91,37.57,31.42,11.8,26.17,26.85,49.89,35.62,11.27,14.47,129.35,63.76,18.24,77.4,54.37,52.66,47.68,14.48,37.79,63.34,16.27,11.66,21.82,26.89,32.8,23.9,14.42,18.87,47.81,76.18,17.97,40.9,141.2,63.68,20.66,,33.5,25.4
2022-02-23 07:00:00,16.23,77.33,33.0,43.31,49.36,25.65,64.3,21.3,59.72,89.7,19.47,21.45,47.0,78.12,39.39,31.8,12.03,26.48,27.39,50.08,36.44,11.47,15.39,129.52,65.93,18.48,77.4,54.8,54.77,49.45,14.81,38.11,66.54,16.56,11.82,21.58,27.32,33.6,24.28,14.72,19.37,48.26,77.05,18.37,41.0,142.0,63.76,20.83,,34.6,25.73
2022-02-24 07:00:00,15.69,75.81,31.63,43.24,50.24,25.26,61.91,20.32,60.88,88.18,20.22,21.51,45.68,78.79,38.1,30.02,11.42,25.82,26.66,50.17,35.14,10.88,14.96,128.77,65.25,17.23,75.8,53.51,54.42,49.45,14.36,38.33,65.52,16.2,11.39,21.67,26.26,32.0,23.53,13.75,18.83,47.81,74.91,17.7,39.65,143.5,62.72,20.89,,33.15,25.29
2022-02-25 07:00:00,16.09,77.52,32.28,43.24,51.47,25.42,63.04,20.69,63.11,90.02,21.86,21.97,46.75,78.32,38.1,31.8,11.86,26.28,27.2,50.26,36.17,11.17,15.37,130.76,65.49,17.62,74.4,53.39,53.98,48.27,14.69,38.7,66.5,16.49,11.66,22.1,27.07,32.9,23.86,14.39,19.3,47.81,76.08,18.49,39.55,145.1,63.04,21.71,,34.0,25.45
2022-02-28 07:00:00,15.9,74.39,31.7,43.31,51.12,24.95,63.63,20.35,61.82,88.02,22.15,21.12,46.85,78.59,37.12,31.33,11.68,26.37,27.58,50.08,35.89,10.98,15.32,129.1,65.25,17.7,75.0,52.1,54.51,46.73,14.32,38.97,65.95,16.31,11.58,21.51,27.59,32.8,23.71,14.25,19.16,47.48,75.3,18.45,38.5,138.6,62.16,22.01,,33.5,25.43
2022-03-01 07:00:00,15.74,72.88,31.63,42.63,51.91,24.8,63.43,20.35,63.5,89.22,22.96,21.9,46.95,77.98,37.68,31.99,11.56,26.82,29.73,49.43,35.96,10.79,15.26,128.69,65.06,17.7,74.8,50.69,53.54,46.32,13.94,39.66,66.31,16.42,11.47,21.3,27.44,32.65,23.67,14.25,19.58,47.31,75.3,18.17,38.5,139.0,62.48,21.98,,33.3,25.5
2022-03-02 07:00:00,15.43,70.98,30.72,40.67,51.73,25.26,61.25,19.58,62.84,87.22,23.12,20.8,47.05,79.26,37.04,33.06,11.13,26.68,29.8,49.52,36.65,10.45,14.6,128.27,64.53,17.74,75.2,52.1,53.98,45.73,14.28,39.12,66.31,16.56,11.18,22.13,26.92,31.1,23.24,14.09,19.2,47.36,74.82,17.35,38.6,140.3,62.32,21.42,,32.6,25.17
2022-03-03 07:00:00,15.43,73.16,30.47,41.01,51.12,24.99,58.6,19.68,65.14,87.86,23.85,20.83,47.3,79.93,38.03,33.39,11.13,27.08,30.65,49.89,36.71,10.62,14.24,129.68,64.34,17.58,76.2,53.39,53.89,46.28,14.15,38.75,66.74,16.71,11.23,22.5,26.89,31.1,23.22,14.15,19.2,47.64,75.01,17.46,39.15,141.3,62.48,21.42,,32.5,25.22
2022-03-04 07:00:00,15.48,73.82,30.83,42.02,51.2,25.38,58.47,19.89,69.04,92.82,23.69,20.47,47.2,79.26,41.52,33.39,11.42,28.51,31.18,49.89,37.12,10.81,14.69,130.76,64.82,17.78,77.0,52.71,53.63,46.6,14.19,39.71,63.91,17.65,11.34,22.74,27.77,31.5,23.38,14.25,18.92,47.7,75.01,17.86,38.9,139.4,62.16,21.98,,32.35,25.52
2022-03-07 07:00:00,15.55,72.59,30.57,41.08,51.55,25.5,59.59,19.71,70.44,91.62,24.9,20.6,46.8,82.28,41.37,33.39,11.07,28.63,31.64,49.8,36.1,10.52,14.42,130.76,64.53,17.39,75.5,54.06,54.24,48.91,13.99,39.12,61.15,17.94,11.23,22.8,27.65,31.2,23.19,14.59,17.99,47.19,73.65,17.66,38.65,134.0,61.28,21.92,,32.8,25.35
2022-03-08 07:00:00,15.27,69.94,30.03,40.53,51.03,24.02,58.93,19.61,70.6,91.62,24.74,21.32,47.0,80.67,39.92,33.76,11.13,28.31,30.76,49.61,35.55,10.54,13.97,130.34,63.76,17.85,75.1,53.26,53.8,48.14,13.99,38.59,61.19,17.83,11.1,22.9,27.86,30.65,23.05,14.62,17.92,45.84,72.48,17.44,38.55,133.8,60.72,21.57,,32.5,25.08
2022-03-09 07:00:00,15.2,67.76,29.38,39.31,49.45,22.82,56.81,19.46,70.79,89.62,24.82,21.51,48.02,81.07,39.92,33.01,11.01,27.97,30.46,49.33,34.6,10.47,13.63,127.86,63.81,17.54,75.5,53.2,53.8,48.64,13.86,37.85,61.51,17.29,11.07,22.62,27.74,30.5,23.1,14.29,18.13,45.96,71.71,16.87,38.65,136.5,59.92,21.42,,31.6,24.96
2022-03-10 07:00:00,15.43,68.23,29.7,41.14,49.54,23.87,56.28,19.71,72.16,90.9,25.43,22.1,48.02,78.45,41.37,33.2,10.99,28.11,31.14,50.26,35.14,10.76,13.97,124.14,63.86,17.7,76.4,53.26,53.45,48.91,13.74,38.06,61.91,17.4,11.26,22.77,28.16,31.55,23.27,14.42,18.2,46.63,72.39,17.46,39.0,139.0,60.72,21.57,,32.0,25.08
2022-03-11 07:00:00,15.29,68.61,29.7,40.33,49.8,22.9,55.95,19.68,72.51,87.62,26.16,22.42,47.05,75.43,41.37,32.22,10.97,26.82,30.03,50.17,34.67,10.66,13.99,117.93,63.57,17.47,76.5,53.33,50.47,47.27,13.32,38.17,61.39,17.07,11.2,22.74,27.01,31.3,23.01,14.02,18.01,46.69,71.9,17.11,38.9,137.5,61.6,21.24,,31.5,24.74
2022-03-14 07:00:00,15.22,64.54,29.96,39.99,48.22,22.13,55.75,19.52,70.21,86.02,25.07,22.68,45.93,71.2,39.39,30.72,10.99,26.22,29.11,49.89,33.57,10.54,14.06,110.98,62.36,17.35,75.4,52.71,48.98,44.94,12.91,38.17,60.31,16.34,11.23,22.71,25.92,31.85,22.82,13.48,17.99,46.8,71.32,16.91,38.7,138.4,61.44,20.89,,31.0,24.49
2022-03-15 07:00:00,15.34,65.39,29.74,39.58,47.87,22.67,56.61,19.55,67.28,81.62,24.13,23.33,45.58,68.51,37.19,31.05,11.05,26.02,28.12,49.89,33.78,10.59,14.13,112.14,62.12,17.23,75.5,52.47,47.84,44.99,12.95,38.17,60.11,16.2,11.6,22.77,25.98,32.35,22.91,13.55,18.27,45.56,71.61,16.85,38.5,144.5,60.96,21.13,,31.65,24.45
2022-03-16 07:00:00,15.32,68.7,30.1,40.33,48.49,23.64,57.48,19.64,69.7,85.7,25.35,23.4,45.93,71.2,39.7,31.42,11.01,26.45,28.46,49.98,34.09,10.71,14.38,115.86,62.6,17.51,76.2,52.16,48.63,45.86,13.45,37.9,60.19,16.64,11.52,22.8,26.23,32.55,23.05,13.75,18.52,45.73,71.61,17.23,38.6,144.2,61.52,21.6,,31.75,24.64
2022-03-17 07:00:00,15.39,70.03,29.74,39.99,48.92,23.68,57.48,19.77,70.95,86.5,23.81,23.59,46.44,71.2,39.77,31.52,11.11,26.28,28.0,50.08,34.46,10.76,14.51,114.21,62.99,17.51,76.5,52.28,48.8,46.54,13.45,37.95,60.79,16.71,11.6,22.8,26.47,32.65,23.15,13.82,18.5,46.52,71.8,17.38,38.65,144.0,61.04,21.39,,31.95,24.71
2022-03-18 07:00:00,15.39,70.13,31.55,40.13,48.92,23.48,57.54,20.14,72.43,86.18,24.34,23.4,47.2,72.21,40.0,31.71,11.25,26.37,28.08,48.87,34.8,10.79,14.42,113.13,62.99,17.54,75.2,52.1,49.07,46.72,13.28,38.17,60.51,16.71,11.58,23.08,26.41,32.55,23.19,13.88,18.43,46.63,72.1,17.31,38.7,142.7,60.72,21.24,,32.15,24.8
2022-03-21 07:00:00,15.34,72.4,31.41,39.99,49.28,24.02,57.08,19.98,73.91,86.42,25.03,23.17,48.22,73.15,40.61,31.61,11.25,26.57,29.19,49.8,35.01,10.81,14.33,114.87,63.33,17.62,76.6,52.04,48.89,47.22,13.32,38.06,60.75,16.74,11.58,22.8,26.47,32.8,23.19,13.95,18.48,47.25,73.07,17.46,39.15,143.0,60.72,21.19,,32.8,24.9
2022-03-22 07:00:00,15.48,71.45,31.34,40.06,50.85,25.11,56.81,20.14,77.93,86.02,25.23,23.4,48.42,76.24,40.45,32.41,11.48,26.51,28.42,49.98,36.03,10.93,14.51,118.34,64.34,17.54,83.5,55.41,49.59,48.55,13.45,38.27,61.03,17.0,11.76,22.93,26.71,33.35,23.38,14.15,18.62,47.76,74.62,17.66,40.5,140.0,61.36,21.6,,32.95,25.26
2022-03-23 07:00:00,15.55,71.17,31.3,40.06,50.94,26.0,58.14,20.17,84.56,86.26,27.01,23.56,48.72,75.3,40.68,32.45,11.42,26.8,29.08,49.33,35.83,11.0,14.49,120.08,64.82,17.7,83.3,54.98,49.15,47.5,13.7,39.23,61.07,16.78,11.74,23.23,26.71,33.65,23.43,14.02,18.69,47.76,74.91,17.62,40.7,139.2,60.64,21.51,,32.85,25.27
2022-03-24 07:00:00,15.41,70.32,31.19,40.33,51.29,25.88,59.86,19.98,85.81,88.5,27.38,23.53,48.37,75.16,40.08,32.55,11.34,26.54,28.73,49.61,35.96,10.93,14.42,121.32,64.05,18.05,82.4,54.98,49.07,48.05,13.86,39.39,61.91,16.85,11.68,22.96,26.44,33.6,23.29,13.88,18.59,46.97,73.46,17.46,40.2,139.9,60.08,21.33,,32.75,25.15
2022-03-25 07:00:00,15.34,69.94,30.9,41.41,50.85,25.19,60.39,19.71,85.11,88.02,27.58,23.46,48.52,72.54,40.99,32.17,11.4,26.45,28.42,49.8,36.24,10.83,14.33,119.75,64.39,17.85,82.8,57.19,48.89,48.64,13.74,41.84,62.27,17.0,11.68,23.02,26.17,33.6,23.22,14.25,18.64,46.13,73.36,17.5,39.85,142.4,60.0,21.3,,32.6,25.11
2022-03-28 07:00:00,15.15,68.61,30.07,40.94,50.68,23.71,58.93,19.52,87.02,88.5,29.12,23.53,48.32,74.09,40.68,31.61,11.13,26.22,28.58,49.7,35.83,10.52,14.02,118.34,66.89,17.62,82.2,55.72,48.8,49.37,13.12,41.63,61.51,17.14,11.42,22.8,25.26,31.8,22.84,13.95,18.15,46.13,72.29,17.13,39.85,139.5,58.64,21.13,,32.0,24.89
2022-03-29 07:00:00,15.15,68.23,30.1,40.67,51.29,23.95,59.99,19.58,86.2,88.5,29.24,23.72,50.04,73.15,42.81,31.75,11.11,26.22,28.69,49.8,35.96,10.59,14.2,118.76,69.35,17.85,82.1,56.08,49.07,49.73,13.28,42.53,62.03,17.36,11.44,22.44,25.74,31.75,22.98,14.15,18.43,45.9,72.68,17.29,39.9,140.0,58.72,21.27,,32.15,25.0
2022-03-30 07:00:00,15.15,67.76,30.25,40.4,53.31,23.29,63.24,19.55,85.61,88.74,27.66,23.76,53.04,73.28,43.26,31.61,11.25,25.99,27.77,49.52,35.49,10.57,14.33,117.6,67.47,18.17,79.8,54.49,48.28,49.28,13.16,42.21,62.47,17.29,11.36,22.37,25.41,31.5,23.1,13.62,18.59,45.84,72.58,17.62,40.2,139.5,60.0,21.24,,32.4,25.13
2022-03-31 07:00:00,15.29,68.23,31.48,40.67,53.92,23.56,63.37,19.71,88.93,88.82,26.97,23.98,53.09,72.68,43.64,31.61,11.48,25.65,26.51,49.61,35.89,10.52,14.72,117.43,68.62,18.44,79.9,53.94,47.75,49.19,13.12,43.38,62.87,17.25,11.36,23.08,25.38,31.7,23.29,13.52,18.73,46.13,72.97,18.29,40.5,139.5,60.72,21.6,,32.7,25.2
2022-04-01 07:00:00,15.48,68.52,31.48,41.35,53.48,23.33,63.37,19.92,86.98,88.4,27.14,23.85,53.85,71.87,43.26,31.61,11.42,25.48,26.66,49.61,35.14,10.47,14.78,117.93,70.84,18.71,78.7,53.76,47.84,50.14,12.99,43.49,63.55,17.11,11.28,23.08,25.02,31.55,23.34,13.41,18.69,45.62,72.97,18.39,40.45,136.5,64.16,21.71,,33.05,25.2
2022-04-04 07:00:00,15.67,68.8,32.1,43.38,55.68,24.22,64.36,20.17,85.81,90.46,26.04,23.85,55.48,73.82,43.64,32.59,11.82,26.19,27.28,49.89,35.96,10.64,14.87,122.9,74.64,18.66,82.6,56.21,48.54,53.16,13.32,43.92,66.11,17.54,11.6,23.36,26.05,32.15,23.45,13.78,19.2,46.46,73.94,18.72,40.75,139.0,65.11,22.83,,34.05,25.88
2022-04-05 07:00:00,15.46,70.41,31.3,42.84,55.15,23.87,62.71,19.86,83.39,88.48,25.59,23.59,55.32,74.56,44.4,33.67,11.72,26.31,27.28,50.17,35.21,11.02,14.72,124.14,73.68,18.42,84.6,56.45,49.24,53.16,13.41,43.28,66.31,17.4,11.39,23.39,26.74,31.8,23.17,13.65,19.02,46.46,73.84,18.43,40.85,141.5,64.24,22.39,,33.5,25.71
2022-04-06 07:00:00,15.36,69.08,30.94,42.36,55.24,24.06,58.86,19.71,82.3,87.82,24.95,23.4,55.02,76.03,43.87,33.67,11.64,26.34,27.12,49.89,34.67,10.96,14.65,124.22,73.87,18.66,84.8,56.33,48.8,52.7,13.37,43.28,65.15,17.29,10.91,23.39,26.41,31.55,23.01,13.41,18.78,45.96,72.97,18.25,39.75,138.9,63.2,22.21,,33.4,25.68
2022-04-07 07:00:00,15.6,68.8,31.23,43.04,56.46,24.18,56.94,19.86,84.25,87.33,24.46,23.43,56.9,75.16,41.75,33.95,11.78,26.65,26.97,49.61,34.8,10.88,15.1,124.96,73.97,19.35,84.2,56.15,48.98,52.38,13.57,43.12,66.5,16.64,11.02,23.33,26.62,31.75,23.29,13.28,19.02,46.69,72.58,18.37,38.8,137.0,62.72,23.36,,32.65,25.76
2022-04-08 07:00:00,15.79,68.7,30.32,41.69,55.68,23.68,56.75,19.68,83.9,86.91,25.55,22.68,55.07,74.02,41.37,32.55,11.52,26.54,25.17,49.52,34.67,10.75,14.92,122.9,72.24,19.06,83.7,55.72,49.33,51.97,13.41,42.53,64.55,16.42,10.7,22.68,25.98,30.9,23.05,12.74,18.78,46.63,72.39,17.7,40.0,136.5,61.76,22.77,,32.2,25.72
2022-04-12 07:00:00,15.65,68.7,29.34,41.14,52.61,22.09,52.97,19.03,83.27,81.62,25.88,21.97,54.1,71.87,39.54,30.86,11.25,25.79,25.13,48.96,34.19,10.48,14.51,122.99,70.31,18.46,84.7,54.74,47.92,51.1,12.91,42.05,65.23,15.98,10.16,22.5,25.14,30.5,22.63,12.61,17.78,45.9,70.93,17.38,40.15,137.5,61.12,22.89,,31.1,25.33
2022-04-13 07:00:00,15.62,69.27,29.09,41.35,52.17,20.81,49.26,19.15,85.03,83.77,25.76,21.77,55.73,72.47,39.7,30.82,11.21,25.59,24.67,48.77,34.12,10.34,14.51,125.08,72.48,18.46,84.4,55.04,47.31,51.15,12.66,41.31,64.79,15.73,10.13,23.17,24.72,30.7,22.63,12.27,17.78,46.13,70.15,17.07,40.35,137.4,61.28,22.3,,31.2,25.39
2022-04-14 07:00:00,15.76,71.45,29.38,41.82,54.8,21.78,49.66,19.12,91.85,84.35,27.78,21.97,58.47,74.76,42.2,32.17,11.13,25.71,25.32,48.87,33.98,10.59,14.56,123.59,74.64,18.58,84.0,54.86,47.75,53.16,12.87,42.58,64.55,16.2,10.51,22.99,25.32,30.75,22.27,12.54,18.22,45.56,69.96,17.56,40.55,135.0,60.96,22.83,,31.75,25.52
2022-04-15 07:00:00,15.69,72.78,28.29,42.7,54.62,22.09,46.22,18.97,94.86,83.44,28.03,21.58,57.86,75.23,42.2,32.27,10.7,25.28,25.44,49.05,33.71,10.42,14.11,123.19,75.7,18.62,84.1,53.08,47.84,52.56,12.0,43.49,66.31,16.05,10.4,23.2,24.08,30.1,21.54,11.94,17.45,45.11,68.69,17.21,40.3,135.4,60.72,22.12,,31.5,25.16
2022-04-18 07:00:00,15.39,74.01,27.42,42.5,58.31,21.35,43.04,17.92,94.0,82.7,28.19,20.34,57.86,76.71,42.2,33.34,10.44,24.42,23.83,48.96,33.37,9.89,13.59,123.09,76.62,19.23,81.7,52.04,46.43,53.93,11.92,45.57,67.1,15.62,9.89,22.74,22.48,29.0,21.16,11.27,17.29,43.65,66.17,16.6,39.05,135.0,61.04,21.51,,31.25,24.73
2022-04-19 07:00:00,14.82,73.16,27.2,42.09,57.6,20.27,42.38,17.65,95.95,83.44,28.96,20.21,56.85,76.5,42.88,32.73,10.54,24.56,23.02,48.67,33.85,9.27,13.21,118.63,74.64,19.67,81.6,52.59,44.76,54.25,11.17,44.69,66.31,14.96,9.71,23.05,21.15,27.5,20.55,10.5,16.91,43.65,66.46,16.48,38.9,137.2,60.72,20.95,,30.85,24.44
2022-04-20 07:00:00,14.85,72.12,27.46,39.99,56.11,18.87,42.38,17.53,93.61,82.62,28.39,20.34,55.63,71.53,41.75,30.44,10.48,24.68,22.98,48.67,34.05,8.62,13.14,119.62,74.07,19.51,80.6,51.34,44.59,53.61,10.76,43.07,66.7,13.95,9.04,22.96,20.97,27.45,20.34,10.26,16.59,43.71,63.84,16.26,39.0,141.5,60.4,20.66,,30.45,24.18
2022-04-21 07:00:00,14.78,68.9,27.31,39.99,53.48,17.55,40.39,17.43,91.66,83.52,28.47,19.76,56.44,69.18,40.45,28.39,9.83,24.1,21.91,48.39,32.41,8.03,13.12,121.11,74.02,18.21,79.6,51.59,43.97,54.3,10.39,41.94,66.67,13.0,8.42,23.08,20.85,27.1,20.27,9.96,15.93,43.99,62.18,15.18,38.75,136.5,59.92,20.25,,28.55,24.0
2022-04-22 07:00:00,14.87,64.44,27.56,39.99,54.27,16.35,37.74,17.74,89.63,83.44,27.01,19.82,53.8,67.17,39.32,26.56,10.07,24.25,22.22,48.2,32.41,8.65,13.43,121.61,69.88,17.49,80.1,50.75,42.83,51.01,10.72,40.49,63.07,13.55,8.58,23.11,21.15,27.8,20.57,10.2,16.26,44.49,62.09,15.73,38.8,136.6,60.32,20.77,,30.5,24.08
2022-04-25 07:00:00,14.31,67.85,26.0,39.38,51.38,17.24,35.29,16.79,86.36,79.31,25.15,19.24,52.48,70.19,37.0,25.67,9.54,23.33,21.53,47.36,31.19,8.36,12.57,114.95,69.78,16.96,79.0,50.67,40.9,48.82,10.3,38.39,63.27,13.15,8.26,21.82,20.27,26.8,19.39,9.89,15.3,43.31,58.49,15.56,36.35,128.6,58.32,20.1,,28.75,23.07
2022-04-26 07:00:00,14.07,70.32,25.5,37.96,47.87,16.04,35.42,15.65,80.35,79.31,23.4,18.56,49.23,65.89,34.99,23.94,9.26,22.67,20.27,46.13,30.57,7.9,12.17,108.3,66.94,16.19,79.2,49.41,39.15,46.08,9.64,36.07,60.31,12.35,7.89,21.24,18.94,25.65,18.35,9.66,15.14,44.44,57.52,14.65,36.75,124.5,56.65,19.42,,28.4,22.35
2022-04-27 07:00:00,14.21,72.5,26.44,40.13,51.82,16.86,37.74,16.88,82.84,80.55,24.9,19.08,51.01,69.85,38.56,26.0,9.76,23.53,21.22,47.54,31.05,8.57,13.0,110.19,68.86,17.73,79.9,50.5,41.08,46.9,10.51,38.76,64.79,13.0,8.4,22.19,20.36,26.45,19.32,10.2,15.63,43.99,60.92,15.73,37.5,125.0,58.88,20.77,,29.6,23.03
2022-04-28 07:00:00,14.36,74.58,26.62,41.21,52.61,17.63,38.4,17.16,86.12,79.31,25.96,19.17,52.02,72.34,40.76,26.75,10.19,24.33,21.72,48.02,31.87,8.57,13.25,115.65,69.73,17.81,80.6,50.5,41.69,48.46,10.59,40.76,65.19,13.29,8.64,22.62,20.12,27.4,19.68,10.5,15.7,44.72,60.82,16.17,38.15,126.0,58.96,21.04,,29.85,23.46
2022-04-29 07:00:00,14.43,78.66,26.69,41.55,51.99,17.75,36.75,17.04,87.37,81.38,26.45,19.5,52.89,70.53,40.53,26.56,10.19,24.53,21.64,48.39,31.73,8.62,13.21,114.26,69.92,17.77,80.8,50.58,41.6,48.59,10.51,43.07,63.91,13.18,8.64,22.25,20.03,27.4,19.94,10.43,15.51,45.0,61.21,16.22,38.3,126.5,59.12,21.3,,29.85,23.5
2022-05-04 07:00:00,14.9,79.51,26.8,41.08,53.66,17.44,37.21,16.51,92.44,81.79,25.43,19.04,52.84,72.0,40.61,26.23,10.11,24.05,20.19,47.07,31.73,8.87,13.03,112.17,71.51,17.81,80.0,50.5,42.13,48.59,11.13,44.36,63.83,13.66,8.77,22.1,19.34,26.7,19.84,10.43,14.95,44.44,61.7,15.89,38.85,129.0,57.92,21.01,,29.8,23.42
2022-05-05 07:00:00,14.68,74.11,26.84,40.19,54.8,16.35,36.15,16.58,88.73,81.21,25.19,19.08,51.72,73.15,41.67,25.72,9.99,23.76,18.81,47.92,30.4,8.71,12.73,112.57,69.88,18.21,80.1,50.58,41.56,48.59,11.5,43.12,64.39,13.66,8.74,21.97,18.31,25.9,19.56,10.26,15.18,44.78,62.57,15.97,39.25,128.4,57.12,20.39,,29.6,23.15
2022-05-06 07:00:00,14.47,76.1,26.84,39.45,54.8,15.96,35.42,16.58,89.12,80.22,24.86,19.08,50.86,71.53,41.14,25.06,9.79,23.7,17.78,47.26,30.57,8.44,12.62,114.16,70.36,18.01,79.8,50.25,40.2,48.36,11.38,43.61,65.91,13.44,8.29,21.27,17.43,25.4,19.6,9.93,15.53,44.66,64.81,15.93,39.0,126.8,55.53,20.04,,29.6,22.98
2022-05-09 07:00:00,13.93,70.98,24.99,37.62,52.08,14.88,32.98,15.44,83.82,80.47,24.05,17.91,47.71,69.18,39.7,23.33,9.3,22.87,18.54,46.7,29.28,7.87,11.79,110.19,65.69,16.92,78.2,49.16,37.39,45.22,10.72,43.61,63.91,12.53,7.73,20.87,16.23,23.75,18.23,9.26,14.67,43.76,64.52,14.87,38.95,122.5,55.61,18.66,,27.9,22.0
2022-05-10 07:00:00,14.03,66.05,24.3,36.94,49.19,13.95,31.32,14.73,78.05,79.31,22.39,18.33,46.7,67.17,38.79,21.98,9.13,22.16,17.43,46.32,28.32,7.39,11.31,109.39,64.05,16.19,76.6,47.91,35.37,42.66,10.14,42.86,62.71,11.7,7.43,20.59,15.68,22.55,17.69,8.65,14.25,43.37,63.16,14.36,39.05,122.5,55.93,18.28,,27.8,21.66
2022-05-11 07:00:00,14.36,72.02,25.42,38.57,50.59,14.88,32.05,15.47,80.58,80.39,22.55,18.46,49.13,71.2,41.75,22.54,9.68,23.22,18.35,46.7,28.93,7.85,12.03,110.69,66.07,17.53,78.1,50.25,36.34,46.08,10.8,46.57,64.71,11.95,7.78,21.51,16.53,22.8,18.16,9.16,14.86,44.44,66.65,15.06,39.35,126.1,55.53,19.1,,28.2,22.22
2022-05-12 07:00:00,13.84,74.68,24.37,37.81,47.78,14.88,30.56,15.26,76.92,79.39,21.58,20.34,48.22,69.59,42.2,21.42,9.3,21.9,17.47,46.98,28.46,7.47,11.56,103.34,64.72,17.0,74.7,47.66,33.88,46.13,10.18,46.84,64.67,11.22,7.3,21.39,15.59,21.95,17.15,8.69,14.55,43.31,65.1,14.43,38.55,121.5,53.13,18.25,,26.9,21.42
2022-05-13 07:00:00,12.9,69.46,23.07,36.98,44.45,14.22,28.44,14.43,71.53,77.66,20.08,19.5,47.25,67.17,39.47,19.92,8.77,20.47,16.28,46.74,26.82,6.96,10.86,96.19,60.24,16.19,72.5,44.81,32.52,44.12,9.48,43.61,61.47,10.46,6.82,20.59,15.14,20.45,15.97,8.08,13.74,41.06,62.67,13.43,38.6,123.5,52.65,17.02,,25.1,20.73
2022-05-16 07:00:00,12.9,64.63,23.36,36.77,42.0,14.34,28.27,15.04,70.25,74.44,18.68,20.21,47.3,63.81,36.74,20.39,8.97,20.78,15.17,46.32,26.14,7.04,11.04,89.54,58.37,16.84,73.6,44.31,33.62,44.44,9.56,40.59,61.71,10.42,6.5,20.96,16.44,19.05,15.4,7.98,14.11,41.63,62.67,12.5,38.1,123.0,52.49,17.02,,25.5,20.5
2022-05-17 07:00:00,12.9,61.6,23.25,36.07,41.21,14.34,28.47,14.98,67.87,70.31,17.38,18.82,46.95,63.14,34.19,19.64,8.99,20.61,14.29,46.37,26.41,7.04,11.06,85.07,58.75,16.72,74.1,44.31,34.32,44.17,9.6,38.37,61.11,10.64,6.31,21.02,16.26,18.6,15.38,7.98,14.25,41.12,61.5,12.95,37.6,123.6,52.09,16.99,,25.8,20.24
2022-05-18 07:00:00,13.51,65.39,24.81,37.12,44.28,15.5,30.86,16.14,76.06,74.52,20.28,20.21,49.49,67.37,38.79,21.51,9.62,21.67,16.36,46.79,28.01,7.58,11.9,92.82,62.51,17.32,75.0,46.07,36.12,45.81,10.34,43.94,63.51,11.3,7.06,21.21,17.28,20.7,16.7,8.69,15.04,42.19,63.45,13.8,38.0,124.0,55.53,18.02,,26.75,21.36
2022-05-19 07:00:00,13.18,66.43,24.59,36.77,43.09,14.88,30.06,15.84,75.67,73.53,20.28,19.5,48.27,66.83,37.72,20.67,9.48,21.1,15.82,46.79,27.77,7.66,11.72,99.27,62.27,16.92,75.0,44.65,35.28,45.9,10.1,43.5,62.31,11.19,7.33,20.93,16.68,21.25,16.63,8.45,14.37,42.08,63.16,13.37,38.1,122.2,55.13,17.58,,26.5,21.1
2022-05-20 07:00:00,13.42,69.56,24.88,38.02,43.71,15.15,31.39,15.87,82.3,74.93,21.25,19.11,49.23,69.59,37.57,21.46,9.79,21.33,15.71,46.88,28.08,7.76,11.99,106.22,63.57,17.4,77.1,44.23,35.5,47.04,10.51,46.41,62.31,11.55,7.65,21.18,17.16,21.5,16.7,8.65,14.58,42.19,64.13,13.53,38.25,123.0,54.33,17.78,,26.85,21.34
2022-05-23 07:00:00,13.28,67.28,23.94,37.81,43.36,15.89,29.8,15.35,79.96,74.77,21.66,19.34,48.78,69.05,37.57,21.46,9.64,20.78,15.94,46.88,27.36,7.68,11.76,103.24,62.6,17.4,76.0,43.48,35.15,46.77,10.39,44.86,61.51,11.11,7.49,21.11,16.01,20.15,16.46,8.42,13.97,41.4,63.45,13.16,38.1,122.3,52.89,17.14,,26.4,20.98
2022-05-24 07:00:00,13.21,66.34,24.01,37.81,42.92,15.85,29.66,15.35,83.47,74.77,21.7,20.08,48.72,68.91,37.95,21.6,9.72,19.58,15.09,47.64,26.55,7.47,11.79,103.24,62.51,17.4,75.1,42.47,34.32,47.45,10.18,44.86,61.11,11.26,7.38,20.9,15.2,20.1,16.25,8.22,14.11,41.79,63.84,12.82,38.2,123.0,53.13,17.14,,26.6,20.89
2022-05-25 07:00:00,13.51,68.52,24.66,37.53,44.54,16.78,31.12,15.96,87.37,75.68,21.82,20.38,50.1,71.06,39.09,22.35,10.03,18.92,15.13,50.93,27.33,7.85,12.17,106.71,64.53,17.73,76.9,42.98,35.11,47.91,10.63,46.91,61.15,11.48,7.73,20.47,16.92,22.0,16.77,8.59,14.44,42.08,64.42,13.53,38.35,123.4,55.05,17.72,,27.65,21.33
2022-05-26 07:00:00,14.07,67.66,25.39,39.54,45.68,17.01,32.44,16.3,87.37,76.09,22.55,20.86,53.09,71.2,40.61,23.38,10.32,19.78,16.32,51.12,27.98,8.09,12.46,107.21,65.49,17.89,77.1,43.98,36.34,52.11,10.84,50.8,60.91,11.88,8.05,20.65,17.4,22.3,17.27,9.16,14.69,42.75,65.97,13.82,38.4,123.5,56.49,18.22,,28.95,21.9
2022-05-27 07:00:00,14.36,68.23,25.32,40.24,46.73,16.97,32.44,16.39,83.35,76.42,22.39,21.09,53.55,72.88,40.76,23.71,10.32,19.92,16.63,51.12,28.32,8.06,12.42,107.21,67.03,17.97,77.3,44.31,37.3,52.11,10.84,50.74,60.99,12.75,8.02,20.78,17.68,22.1,17.41,9.26,14.72,42.92,66.56,13.82,38.5,124.1,56.49,18.05,,29.0,21.93
2022-05-30 07:00:00,14.78,68.23,25.53,40.31,46.64,16.7,32.74,16.58,82.34,77.25,22.8,21.84,55.42,73.75,41.21,23.76,10.48,20.21,17.51,51.03,28.52,8.09,12.57,108.1,69.06,17.97,77.1,44.23,37.57,54.43,11.05,55.63,60.99,12.64,8.07,20.93,17.83,22.25,17.69,9.29,15.02,42.98,66.85,14.22,38.6,127.3,57.52,18.22,,29.2,22.25
2022-05-31 07:00:00,14.78,68.23,25.39,40.45,45.51,16.7,34.17,16.58,83.66,76.83,22.71,21.32,54.56,73.55,42.35,23.29,10.48,19.75,17.32,55.55,28.39,8.01,12.39,107.21,68.86,18.38,77.7,44.98,37.7,52.02,11.01,55.07,60.67,12.46,7.91,20.68,17.52,22.35,17.55,9.16,15.11,43.88,68.5,14.12,38.85,129.8,57.28,18.08,,29.4,22.22
2022-06-01 07:00:00,14.59,66.34,25.35,41.0,45.59,17.17,36.48,16.88,86.39,75.18,23.89,20.96,55.73,78.59,41.75,23.19,10.44,19.35,17.01,58.94,28.39,7.98,12.42,109.2,69.35,19.02,77.4,44.56,38.53,52.11,11.13,55.82,60.95,12.35,7.91,20.59,17.34,22.0,17.31,8.99,14.72,44.44,69.0,14.01,39.15,129.6,56.97,17.84,,29.55,22.3
2022-06-02 07:00:00,14.85,68.33,25.03,40.93,46.21,16.62,35.82,16.76,89.36,75.84,24.54,20.54,56.39,79.12,43.64,23.33,10.54,18.92,16.4,58.18,27.77,7.85,12.26,112.08,70.07,18.86,78.1,44.48,38.18,54.3,11.17,56.31,60.95,12.38,7.81,20.38,17.4,21.45,17.01,8.75,14.58,44.44,68.6,13.82,38.8,128.0,56.57,17.66,,29.6,22.2
2022-06-03 07:00:00,14.59,67.19,24.66,40.45,47.0,15.89,37.48,16.48,97.46,75.02,25.03,20.18,56.29,79.26,42.96,23.38,10.28,19.04,16.47,58.46,27.5,7.66,12.01,110.69,71.13,18.7,76.0,44.31,37.92,55.3,10.97,55.45,61.11,12.42,7.65,20.62,17.4,20.95,17.03,8.65,14.58,42.98,68.0,13.72,39.0,125.4,55.93,17.69,,29.3,22.1
2022-06-06 07:00:00,14.77,65.39,24.52,41.0,47.26,15.34,37.68,16.7,99.92,74.77,25.19,19.95,56.85,84.3,44.4,23.38,10.19,18.95,16.28,59.78,27.3,7.66,12.12,107.21,74.16,18.94,75.5,44.06,38.8,56.12,10.92,56.37,61.91,12.42,7.51,20.59,17.4,20.5,17.01,8.45,14.16,42.24,68.2,13.69,38.95,125.0,55.93,17.81,,29.5,22.1
2022-06-07 07:00:00,14.24,63.11,24.01,40.24,45.68,14.65,35.42,16.27,95.69,74.77,25.51,19.56,55.12,83.36,44.02,22.63,10.11,18.69,15.32,59.12,27.23,7.47,11.9,112.37,72.22,20.48,75.2,43.56,38.44,55.39,11.34,56.68,62.67,12.46,7.17,20.07,16.47,19.8,16.53,8.25,13.78,43.93,67.8,13.48,38.85,125.5,55.93,17.49,,29.15,21.8
2022-06-08 07:00:00,14.44,67.09,24.41,40.51,48.49,15.93,36.75,16.76,106.69,75.26,26.53,19.56,58.12,86.18,45.54,24.04,10.21,18.75,15.59,59.31,27.57,7.66,12.15,117.04,74.35,20.97,76.0,43.39,41.08,57.86,12.5,59.59,63.07,13.08,7.35,20.53,17.04,20.3,17.08,8.59,13.88,44.33,68.0,13.8,38.8,125.8,56.49,17.75,,29.7,22.33
2022-06-09 07:00:00,14.68,66.9,24.74,40.24,47.96,16.12,37.08,16.88,105.34,75.68,26.65,19.56,57.51,85.44,44.4,25.63,10.48,18.75,16.05,61.1,27.71,8.09,12.39,117.24,73.34,20.81,76.2,43.64,40.81,57.17,12.5,59.72,62.71,13.04,7.78,19.39,17.43,21.7,17.5,8.65,14.02,43.71,67.5,13.96,38.65,125.8,56.09,18.49,,30.0,22.4
2022-06-10 07:00:00,14.74,66.9,24.52,40.58,47.17,15.5,37.08,16.64,106.69,76.09,25.27,19.69,55.83,79.73,41.75,24.32,10.4,19.24,16.59,57.52,27.84,8.01,12.37,114.26,72.7,21.45,76.3,43.56,39.5,55.07,12.29,55.76,62.51,12.49,7.65,20.28,16.83,21.75,17.46,8.79,13.88,43.54,67.2,13.82,38.75,126.0,55.53,18.13,,29.95,22.1
2022-06-13 07:00:00,13.95,64.06,23.18,38.85,43.93,14.41,35.42,15.5,102.46,74.77,23.53,19.5,52.88,76.91,39.09,22.73,9.99,18.15,15.44,56.11,27.23,7.47,11.54,108.2,67.86,20.72,75.9,41.8,36.86,51.24,12.04,52.6,60.59,11.73,7.22,19.42,15.68,20.5,16.98,8.32,12.92,41.68,65.2,12.87,38.1,123.5,52.89,16.87,,28.4,21.36
2022-06-14 07:00:00,13.77,62.74,22.56,36.14,43.4,13.95,33.77,15.16,101.87,73.94,22.11,20.15,52.57,79.33,38.48,21.89,9.83,17.29,14.37,55.45,26.58,6.99,11.27,103.34,66.89,21.45,76.0,40.34,36.82,50.88,12.25,54.08,59.76,11.19,7.06,18.78,14.59,20.35,16.63,8.05,12.15,41.63,64.7,11.99,37.6,123.3,52.25,16.55,,27.15,21.01
2022-06-15 07:00:00,13.54,61.98,22.49,36.49,43.4,13.29,34.83,14.76,103.82,73.94,22.96,19.82,54.11,81.14,39.01,21.56,9.76,16.52,13.37,57.05,25.45,6.64,10.91,103.94,69.8,21.9,75.6,40.47,35.99,50.74,11.75,54.15,59.92,10.97,6.87,19.45,13.69,19.95,16.56,7.58,11.59,42.36,64.7,11.2,37.65,122.9,51.53,16.2,,28.3,20.9
2022-06-16 07:00:00,13.83,63.97,23.21,36.42,45.51,13.56,36.42,15.04,105.93,74.52,24.82,19.82,55.46,82.48,40.61,21.98,9.95,17.12,12.83,58.18,25.97,6.23,11.22,106.22,75.17,22.26,76.4,40.3,36.69,53.66,11.83,56.74,60.91,11.37,7.11,20.86,13.26,20.8,16.82,7.65,12.26,43.03,65.6,11.73,37.9,123.4,51.93,16.99,,28.65,21.15
2022-06-17 07:00:00,13.39,63.49,22.63,36.42,44.45,12.9,35.09,14.15,111.78,71.13,24.38,19.86,54.72,83.62,40.0,20.58,9.74,16.61,12.14,58.84,25.52,6.31,10.46,106.52,73.92,22.1,75.7,40.72,35.64,52.52,12.37,58.23,60.31,11.11,6.63,21.27,12.45,19.8,15.99,7.14,11.68,42.81,63.8,10.96,37.55,122.1,52.09,16.02,,28.5,20.76
2022-06-20 07:00:00,13.36,61.69,21.4,37.12,44.1,12.01,32.98,13.87,105.85,73.28,23.77,20.38,56.14,83.76,40.99,20.3,9.54,16.35,11.3,58.65,25.93,6.34,9.85,110.19,71.3,21.86,75.2,40.8,34.45,53.61,12.41,56.99,60.51,10.68,6.84,21.27,11.6,18.85,15.59,6.65,11.7,42.36,64.7,10.22,37.65,124.7,53.05,15.55,,28.1,20.71
2022-06-21 07:00:00,13.18,59.7,21.0,36.77,44.19,11.2,32.18,13.81,98.65,71.05,22.51,20.12,54.72,77.91,38.25,19.5,9.46,15.52,10.57,56.49,26.0,6.23,9.94,108.4,68.78,20.36,75.2,40.97,33.79,53.38,11.54,53.03,59.52,10.35,6.87,21.34,10.91,18.7,15.49,6.22,11.66,42.3,63.8,9.55,36.9,125.0,54.97,15.73,,27.6,20.44
2022-06-22 07:00:00,13.59,58.56,21.62,36.77,44.54,11.93,33.11,14.33,92.3,70.8,20.97,19.95,51.9,74.69,37.57,20.3,9.62,15.78,10.99,56.49,25.93,6.5,10.21,105.23,67.04,18.94,74.9,42.06,34.32,52.02,10.76,49.38,61.51,10.79,6.92,21.41,11.69,19.6,15.8,6.77,11.98,42.19,63.5,9.66,36.8,127.5,56.41,16.14,,28.1,20.62
2022-06-23 07:00:00,13.51,57.14,21.8,36.49,44.72,12.36,32.98,14.43,93.15,71.05,19.81,20.47,51.46,73.88,37.23,20.39,9.48,16.27,11.26,56.77,25.93,6.72,10.48,105.23,67.62,18.98,74.5,42.81,34.28,52.61,10.43,48.89,60.55,10.82,7.06,22.37,11.96,20.15,16.32,7.04,12.01,42.13,63.0,10.35,36.5,126.3,55.93,16.4,,28.0,20.6
2022-06-24 07:00:00,13.77,58.94,22.56,37.12,46.21,12.83,34.3,15.16,103.48,71.05,21.29,20.18,52.57,76.44,39.47,21.14,9.38,16.42,11.61,56.02,25.86,7.09,10.68,107.71,69.17,19.55,72.0,43.23,35.55,54.72,11.21,52.78,60.79,11.4,7.22,22.11,12.26,21.05,16.77,7.08,12.15,41.96,63.1,10.75,36.0,126.5,56.65,16.52,,27.55,20.79
2022-06-27 07:00:00,13.86,57.33,22.6,36.84,47.78,12.86,34.23,15.16,101.61,71.96,19.94,20.15,52.82,76.57,39.47,21.28,9.38,16.16,11.99,57.62,26.2,6.72,10.64,107.71,68.88,19.51,73.0,43.39,35.64,56.09,11.17,52.29,61.91,11.55,7.25,22.66,12.43,21.15,16.77,7.08,12.15,42.08,63.2,10.72,36.75,128.3,56.17,16.58,,27.65,20.81
2022-06-28 07:00:00,13.89,58.28,22.92,37.67,47.96,13.33,35.09,15.32,99.92,71.55,18.86,20.28,53.62,77.51,38.33,21.7,9.46,16.84,12.76,60.25,26.68,6.39,10.66,109.49,68.78,19.67,74.6,43.31,36.25,58.71,11.38,51.98,61.03,11.62,7.25,22.88,13.0,21.35,16.7,7.55,12.59,42.08,63.5,10.99,36.2,131.5,56.01,16.73,,28.4,21.1
2022-06-29 07:00:00,14.06,59.51,23.94,38.09,47.96,13.02,35.89,16.3,97.38,72.12,19.06,20.8,54.23,76.77,39.16,21.04,9.62,16.73,12.53,61.2,26.61,7.09,10.97,108.2,68.88,19.67,74.7,43.31,35.86,57.33,11.3,52.29,61.31,11.77,7.43,22.73,12.83,22.1,17.1,7.38,12.66,42.36,63.1,11.57,36.15,131.0,56.41,17.31,,28.4,21.1
2022-06-30 07:00:00,14.03,59.23,24.3,38.5,46.03,12.28,35.62,16.02,98.65,72.29,20.4,20.67,53.0,77.58,39.47,21.04,9.79,16.88,12.34,59.88,26.55,7.01,10.91,110.69,68.97,20.08,74.4,42.98,35.2,58.2,11.26,53.28,61.51,12.35,7.22,23.1,12.56,21.5,16.79,7.18,12.68,42.08,62.1,11.41,36.2,129.2,57.68,17.02,,28.0,21.22
2022-07-01 07:00:00,13.77,59.7,23.28,38.16,45.77,11.82,34.83,15.68,93.32,71.96,19.43,20.41,52.14,73.88,38.41,20.34,9.56,16.31,11.8,59.69,25.93,6.64,10.57,108.2,66.65,19.59,73.8,42.72,34.58,56.18,10.76,50.74,60.91,12.75,6.92,23.06,11.99,20.7,16.46,6.91,12.33,41.01,61.4,10.72,36.05,127.3,57.52,16.49,,27.9,20.77
2022-07-04 07:00:00,14.06,59.7,25.32,38.92,46.91,12.67,35.23,16.33,89.93,72.7,19.88,20.83,52.88,74.86,37.95,20.67,9.97,16.65,12.87,58.84,26.74,7.07,10.86,107.1,64.52,20.08,73.4,43.14,35.37,56.41,11.09,52.29,60.91,12.78,7.22,22.95,13.33,22.1,17.03,7.31,12.71,41.57,61.0,12.26,36.1,129.2,58.96,16.93,,28.35,21.05
2022-07-05 07:00:00,14.21,57.81,25.39,38.57,46.21,12.63,35.82,16.3,83.75,71.96,18.8,20.93,52.51,70.38,37.19,20.2,9.97,16.46,12.87,56.49,26.44,7.28,11.04,102.0,62.0,18.78,73.1,43.06,35.11,52.84,10.59,48.95,60.23,12.49,7.27,23.03,13.16,22.35,17.17,7.11,12.64,41.4,60.4,12.79,36.0,125.9,58.32,17.14,,27.95,20.9
2022-07-06 07:00:00,13.83,56.2,25.75,37.67,46.03,12.4,35.96,15.84,77.9,72.21,17.52,19.66,51.34,66.1,34.91,19.5,9.58,16.12,12.79,55.08,25.91,6.99,11.2,100.0,62.0,17.97,73.1,42.64,33.53,51.37,10.59,45.61,59.92,12.1,7.14,22.81,12.63,22.45,17.57,6.91,12.33,38.76,58.4,12.36,33.75,124.5,57.41,16.9,,26.0,20.63
2022-07-07 07:00:00,14.12,55.91,24.88,37.6,46.64,12.79,36.42,15.84,76.46,72.12,17.3,20.34,51.1,63.89,34.91,19.17,9.7,16.2,12.95,53.0,26.21,6.93,11.04,100.0,61.9,17.93,73.1,42.81,33.53,50.45,10.47,45.17,60.47,11.99,7.11,22.59,12.46,22.1,17.48,6.91,12.47,40.33,58.3,12.31,33.25,126.6,57.82,16.7,,26.2,20.5
2022-07-08 07:00:00,14.06,55.44,25.39,39.4,47.87,13.37,39.73,15.81,81.29,72.12,18.46,20.21,51.1,65.55,35.67,19.64,9.66,16.65,13.41,54.79,26.7,7.07,11.24,103.5,62.39,18.62,73.2,43.14,34.06,52.7,10.68,46.47,61.07,12.38,7.22,22.7,12.9,22.35,17.64,7.11,12.61,41.57,59.5,13.27,33.75,127.0,59.89,16.75,,26.6,20.74
2022-07-11 07:00:00,13.77,55.15,23.94,38.02,47.52,14.03,39.73,15.62,79.6,71.79,18.72,19.82,50.91,65.48,35.83,19.5,9.34,16.61,13.25,54.7,26.29,6.93,10.95,101.5,62.0,17.65,73.2,43.31,34.41,51.37,10.22,44.37,61.11,12.42,7.03,22.99,13.3,21.65,16.77,7.38,12.15,40.5,58.4,12.58,33.1,126.0,59.48,16.14,,25.15,20.36
2022-07-12 07:00:00,13.77,56.1,24.81,38.09,47.61,14.1,39.8,15.59,79.6,71.96,18.72,19.92,50.85,65.69,36.28,19.59,9.38,16.61,13.45,54.6,26.29,6.96,10.97,101.5,62.0,18.09,72.9,43.31,34.76,51.46,10.34,43.94,61.03,12.49,7.11,23.14,13.63,21.95,16.84,7.48,12.17,40.33,59.1,12.55,34.0,125.3,59.97,16.11,,25.6,20.4
2022-07-13 07:00:00,13.95,57.71,25.97,38.5,49.1,14.34,40.46,15.81,81.29,70.22,19.15,20.08,50.73,65.83,36.96,21.09,9.54,16.77,13.64,54.98,26.47,7.2,11.31,100.7,59.97,18.58,72.9,43.48,34.89,52.29,10.68,46.72,61.19,12.86,7.3,23.17,13.56,22.6,17.01,7.61,12.17,40.16,59.0,12.74,34.15,124.8,59.81,16.17,,25.8,20.47
2022-07-14 07:00:00,13.95,57.62,25.93,38.5,50.15,14.18,39.66,16.14,80.7,72.12,19.06,19.95,50.54,66.93,36.74,20.95,9.48,16.73,13.18,55.45,26.29,7.31,11.34,101.1,60.35,18.62,73.0,43.39,34.89,51.74,10.63,47.09,61.11,12.89,7.78,22.92,13.6,22.8,16.94,7.55,12.38,40.28,59.2,12.68,34.25,124.0,59.64,16.14,,25.9,20.44
2022-07-15 07:00:00,14.06,58.76,25.97,38.85,49.54,14.8,39.07,16.58,81.12,72.7,20.16,19.89,50.54,66.93,37.19,21.6,9.6,16.92,13.94,57.62,27.26,7.5,11.45,101.0,59.58,19.31,72.8,43.73,34.89,51.37,10.76,47.28,60.95,13.33,7.78,23.03,14.1,22.95,17.05,7.81,12.61,40.56,59.4,12.87,34.3,124.4,59.15,16.46,,25.65,20.55
2022-07-18 07:00:00,14.0,58.76,25.68,38.5,48.57,15.11,38.6,16.51,77.99,72.37,20.44,19.92,50.6,66.58,36.96,21.6,9.58,17.03,13.56,57.34,27.07,7.5,11.45,100.5,58.32,19.11,73.1,43.73,35.11,51.83,10.76,48.02,61.19,13.26,7.7,22.92,13.83,22.55,17.05,7.85,12.68,40.5,59.0,12.87,34.0,123.9,59.06,16.52,,26.0,20.52
2022-07-19 07:00:00,13.95,57.81,25.39,38.5,49.28,14.61,39.07,16.14,78.33,72.04,20.24,19.82,50.54,67.83,36.81,21.18,9.48,16.73,13.25,56.86,26.77,7.34,11.27,101.0,57.64,20.12,73.2,43.73,35.46,50.68,10.92,48.89,61.19,12.93,7.59,23.1,13.43,22.45,16.89,7.65,12.5,39.99,58.6,12.82,34.0,123.0,59.15,16.29,,25.75,20.39
2022-07-20 07:00:00,14.0,58.09,26.08,38.71,50.06,15.11,39.99,16.33,84.68,72.29,20.65,19.79,51.65,70.38,37.34,21.79,9.64,16.88,13.45,57.34,27.15,7.52,11.45,102.0,56.38,20.81,73.1,43.98,37.04,51.0,11.09,50.12,62.63,13.0,7.83,23.28,13.97,22.95,17.1,7.95,12.71,40.28,58.5,13.05,34.1,124.0,60.14,16.49,,26.0,20.6
2022-07-21 07:00:00,14.18,58.94,26.26,38.85,49.71,15.07,38.74,16.6,83.83,73.12,20.96,19.82,51.96,70.03,37.91,22.07,9.79,16.88,13.87,57.81,27.26,7.66,11.49,103.0,59.29,20.48,73.4,43.9,36.86,51.37,10.97,50.12,63.91,13.18,7.81,23.25,14.1,23.0,17.15,7.95,13.1,40.56,58.9,13.27,34.05,125.1,59.64,16.43,,26.0,20.66
2022-07-22 07:00:00,14.27,58.94,25.75,40.03,49.19,15.0,37.94,16.51,82.9,75.76,20.26,19.86,52.33,71.76,38.56,21.98,9.7,16.8,13.87,58.56,27.34,7.74,11.52,103.7,62.19,20.08,73.4,43.56,36.69,52.29,10.8,50.06,64.31,13.18,7.67,23.25,13.97,23.0,17.5,7.91,13.06,40.5,58.5,13.35,33.25,124.5,59.48,16.49,,26.0,20.7
2022-07-25 07:00:00,14.0,63.49,25.24,39.96,47.96,14.69,36.82,16.33,80.87,75.51,19.29,19.73,52.33,72.04,37.95,21.32,9.6,16.5,13.41,60.63,27.26,7.68,11.36,105.7,60.74,20.24,73.3,43.14,35.72,51.74,10.8,49.26,65.11,12.97,7.51,23.14,13.56,22.8,17.36,7.74,12.75,40.5,58.5,13.53,33.25,124.5,59.31,16.23,,25.85,20.6
2022-07-26 07:00:00,14.06,63.49,25.75,40.86,47.7,14.69,36.75,16.27,80.7,75.18,19.4,19.5,52.14,71.76,37.95,21.14,9.58,16.35,12.72,60.54,27.22,7.74,11.31,107.0,60.84,20.52,73.2,43.31,35.81,51.37,10.76,47.22,64.71,12.86,7.54,22.99,13.43,22.7,17.27,7.78,12.61,41.18,58.5,13.53,33.05,125.0,59.31,16.17,,26.0,20.62
2022-07-27 07:00:00,14.03,63.11,25.39,40.45,46.91,14.57,37.15,16.11,80.1,76.67,19.84,19.47,51.9,71.41,37.57,20.95,9.56,15.93,12.34,60.25,27.68,7.82,11.15,108.0,58.22,20.32,73.3,43.23,35.37,50.86,10.63,46.41,66.22,12.75,7.51,23.14,13.23,22.75,17.2,7.71,12.38,41.46,58.5,13.37,33.0,124.6,59.31,16.11,,26.0,20.5
2022-07-28 07:00:00,14.3,64.54,25.9,40.31,49.63,15.5,38.8,16.58,80.95,76.01,20.48,19.43,51.1,72.79,36.05,21.74,9.76,16.08,12.79,61.67,27.98,8.25,11.31,108.0,60.06,21.05,73.5,43.48,36.29,50.91,10.88,48.08,67.58,12.97,7.75,22.07,13.83,23.25,17.38,8.05,12.64,42.08,58.5,13.64,33.0,125.0,59.72,16.31,,26.35,20.75
2022-07-29 07:00:00,14.33,68.42,26.59,40.51,49.8,15.42,39.33,16.7,75.62,75.43,19.62,19.34,51.34,73.69,37.95,22.21,9.85,16.27,12.95,65.53,28.13,8.14,11.49,106.1,59.09,20.89,73.5,43.98,36.07,51.64,11.05,46.54,70.06,13.08,7.81,23.06,14.07,24.3,17.55,8.05,12.43,42.02,58.8,14.04,32.0,125.5,59.81,16.61,,27.6,20.86
2022-08-01 07:00:00,14.36,69.56,27.06,41.56,50.06,15.54,38.07,16.91,70.79,75.43,19.75,19.43,51.1,73.69,38.71,22.26,9.87,16.35,12.95,64.02,28.16,8.17,11.56,106.5,58.12,20.72,74.0,43.56,35.24,52.06,11.01,46.41,72.02,13.0,7.83,23.1,14.27,24.5,17.76,8.09,12.64,41.85,59.0,13.96,32.05,125.7,59.64,16.75,,27.8,20.93
2022-08-02 07:00:00,14.47,69.75,27.71,42.04,51.12,15.89,39.8,17.4,74.77,75.02,20.01,19.5,51.34,72.93,38.94,22.91,10.03,17.18,13.87,64.3,28.46,8.38,11.85,107.1,59.38,21.13,74.0,44.31,35.94,52.47,11.13,46.84,72.7,13.33,8.02,23.06,15.3,24.85,17.97,8.33,12.75,42.75,59.4,14.09,32.25,125.7,60.06,16.87,,28.35,21.08
2022-08-03 07:00:00,14.47,70.22,27.49,41.9,50.85,15.69,39.8,17.37,73.5,75.35,20.1,19.69,51.77,74.52,38.94,22.87,10.03,17.11,13.83,64.58,28.69,8.38,11.81,106.8,59.38,21.53,75.0,44.4,35.72,52.52,11.21,48.33,73.82,13.66,8.02,23.1,15.27,24.75,17.88,8.33,12.75,43.88,61.4,13.85,32.55,125.8,59.89,16.81,,28.3,21.02
2022-08-04 07:00:00,14.59,70.22,27.93,43.01,51.2,16.08,41.58,17.65,75.11,75.26,20.87,19.79,52.2,74.86,38.94,22.91,10.07,17.79,15.02,64.11,29.03,8.52,12.08,106.7,60.16,21.17,76.0,44.48,35.99,52.56,11.21,49.5,71.9,13.62,8.1,23.14,15.37,25.1,18.05,8.43,13.2,44.66,62.0,13.8,32.7,126.1,60.14,17.05,,28.65,21.24
2022-08-05 07:00:00,14.36,72.69,27.93,43.36,50.85,16.08,41.45,17.62,75.87,75.43,20.52,19.53,52.63,73.48,39.16,22.73,9.99,17.52,15.17,64.21,28.88,8.46,11.97,104.1,60.64,21.05,78.4,44.65,36.43,52.7,11.13,49.07,72.54,13.37,8.0,23.06,15.54,24.85,18.09,8.43,13.32,45.62,61.6,13.61,32.6,126.4,59.97,16.99,,28.5,21.25
2022-08-08 07:00:00,14.44,72.5,28.07,43.01,51.12,16.39,41.32,17.71,75.79,75.43,20.89,19.43,52.45,74.52,38.94,23.19,10.07,17.64,15.55,63.83,28.69,8.54,12.08,104.5,60.35,21.21,78.1,44.56,36.6,52.7,11.54,49.82,71.5,13.48,8.05,23.06,16.27,25.1,18.19,8.46,13.25,46.07,61.5,13.69,32.3,125.0,59.56,17.14,,28.7,21.39
2022-08-09 07:00:00,14.47,73.16,28.0,43.08,50.85,16.24,41.12,17.59,78.07,75.35,21.31,19.43,52.7,75.9,39.62,23.33,10.15,17.9,15.63,64.21,28.76,8.3,12.26,104.5,60.93,21.37,81.0,44.56,36.91,53.11,11.54,49.57,71.98,13.48,8.05,22.81,16.27,25.0,18.42,8.46,13.27,44.94,60.9,13.74,32.35,124.8,59.48,17.61,,28.55,21.45
2022-08-10 07:00:00,14.5,73.92,27.85,43.71,50.15,16.27,41.91,17.4,79.17,76.25,20.92,19.5,52.88,75.97,39.39,23.38,10.15,18.01,15.36,64.02,28.76,8.25,12.21,104.7,61.03,21.33,82.3,44.56,36.51,52.97,11.46,49.5,71.42,13.62,8.02,22.66,16.34,24.9,18.28,8.6,13.2,45.06,60.8,13.74,32.35,125.1,59.48,17.58,,28.4,21.54
2022-08-11 07:00:00,14.47,73.92,27.71,43.71,49.71,17.55,40.72,17.43,76.63,76.01,20.52,19.47,52.7,76.8,38.94,22.73,10.3,17.64,15.25,63.64,29.22,8.17,12.06,105.3,60.55,20.97,81.1,44.31,36.43,52.33,11.34,48.27,71.9,13.69,7.89,22.7,15.9,24.8,18.12,8.39,13.2,45.34,61.0,13.53,32.5,125.2,58.4,17.37,,28.5,21.44
2022-08-12 07:00:00,14.41,74.39,27.67,43.71,49.63,17.86,40.33,17.43,75.79,76.01,20.43,19.43,52.7,77.97,38.79,22.91,10.3,17.6,15.44,63.64,28.99,8.22,12.03,105.7,60.26,20.64,78.7,44.31,36.56,51.6,11.34,49.01,72.14,13.69,7.86,22.84,16.07,25.05,18.07,8.33,13.25,45.51,61.1,13.48,32.75,124.0,58.65,17.25,,28.55,21.49
2022-08-15 07:00:00,14.53,74.49,28.51,46.13,50.5,18.1,41.25,17.68,77.9,76.01,20.78,19.5,53.25,77.76,39.32,23.24,10.38,18.01,16.47,62.7,28.99,8.44,12.28,106.5,61.03,21.01,79.0,44.56,36.65,51.69,11.54,49.94,72.34,13.8,7.97,22.92,16.44,25.65,18.35,8.5,13.41,45.96,61.3,13.69,33.05,124.2,58.9,17.61,,29.35,21.65
2022-08-16 07:00:00,14.44,74.86,29.38,45.93,50.42,18.25,41.58,17.86,78.75,75.59,20.92,19.43,54.17,77.28,39.77,23.01,10.6,18.17,16.47,63.46,29.03,8.57,12.24,107.1,62.97,21.25,80.6,44.98,36.78,52.52,11.54,51.73,74.33,13.69,8.42,22.88,16.34,25.35,18.4,8.46,13.43,45.62,61.1,13.85,32.85,123.3,59.23,17.58,,29.1,21.85
2022-08-17 07:00:00,14.56,74.77,29.02,44.89,49.71,18.91,44.36,17.86,78.16,75.68,20.7,19.47,54.11,76.93,39.92,22.91,10.74,18.28,16.05,63.83,29.18,8.52,12.3,108.5,62.97,20.81,82.6,45.32,37.39,52.47,11.5,50.68,73.5,13.51,8.34,22.95,16.37,25.3,18.42,8.46,13.41,45.68,61.3,13.88,33.0,123.3,59.23,17.63,,29.25,21.93
2022-08-18 07:00:00,14.53,74.86,28.73,44.95,49.1,18.87,44.03,17.65,79.09,75.68,20.72,19.43,54.05,77.21,39.47,22.59,10.8,18.2,16.01,63.64,29.48,8.38,12.42,110.6,61.9,20.48,83.0,48.24,37.0,51.83,11.38,50.74,74.33,13.44,8.26,22.88,16.24,25.0,18.4,8.36,13.22,45.68,61.1,13.8,33.6,123.3,59.97,17.58,,29.15,21.8
2022-08-19 07:00:00,14.53,75.34,28.43,44.47,48.84,18.95,44.7,17.31,78.83,76.01,20.56,19.27,53.0,78.94,39.47,22.4,10.7,17.9,15.51,63.92,28.91,8.33,12.39,110.8,61.13,20.64,82.3,47.74,37.13,51.74,11.17,49.63,76.33,12.89,8.24,22.84,16.64,25.05,18.4,8.22,13.22,45.34,59.5,13.64,33.4,123.2,60.22,17.63,,28.65,21.8
2022-08-22 07:00:00,14.41,74.86,27.82,44.12,48.84,18.95,46.35,17.1,77.99,77.16,20.08,19.37,52.82,79.14,38.71,21.84,10.38,17.52,15.48,62.5,28.31,8.22,12.44,111.0,62.48,20.36,80.5,46.57,37.08,51.87,11.17,49.82,76.77,12.82,8.18,22.84,16.44,24.7,18.21,8.02,12.96,45.0,59.1,13.08,33.0,123.2,60.88,18.16,,28.45,21.75
2022-08-23 07:00:00,14.18,81.69,27.71,44.68,49.63,18.64,46.68,16.97,76.21,76.59,19.9,19.37,52.94,79.69,38.56,21.84,10.21,17.48,15.94,59.74,27.75,8.28,12.33,111.0,63.84,20.4,80.5,46.24,36.95,52.06,11.26,51.05,75.89,12.75,8.24,23.54,15.9,24.3,18.12,7.91,12.85,44.94,59.1,13.03,32.4,122.6,60.8,17.9,,28.35,21.59
2022-08-24 07:00:00,14.44,82.45,28.25,44.68,49.71,19.22,47.34,17.28,77.4,76.59,20.48,19.43,53.56,80.73,39.39,22.31,10.48,17.79,16.32,62.88,28.24,8.44,12.52,111.9,64.23,20.89,81.8,46.82,38.36,52.38,11.46,52.04,74.49,13.04,8.37,23.72,16.8,24.8,18.33,8.26,13.06,45.17,59.3,13.32,32.45,123.0,62.62,18.22,,28.55,21.79
2022-08-25 07:00:00,14.5,84.34,28.25,44.05,49.89,19.37,46.22,17.25,80.44,76.83,21.18,19.37,53.49,80.38,39.32,22.63,10.48,17.86,16.36,63.36,28.35,8.49,12.57,111.0,65.2,20.72,82.9,46.07,38.4,53.25,11.59,52.04,74.61,13.08,8.37,23.32,16.94,25.4,18.57,8.33,13.15,45.73,59.8,13.37,32.5,123.0,63.61,18.52,,28.5,21.96
2022-08-26 07:00:00,14.5,82.07,28.51,44.33,49.98,18.75,46.48,17.4,81.54,76.17,22.5,19.47,53.68,79.42,39.32,23.29,10.72,17.79,16.28,63.26,28.5,8.46,12.76,112.0,66.55,20.52,82.7,46.57,38.05,53.39,11.67,51.55,73.61,13.11,8.37,23.47,16.57,25.1,18.66,8.53,13.25,46.13,60.2,13.45,32.5,121.8,62.95,18.37,,28.85,22.1
2022-08-29 07:00:00,14.24,80.83,27.67,43.71,49.19,17.51,44.36,16.94,79.77,75.68,22.72,19.63,52.69,78.8,38.18,22.45,10.32,17.14,15.4,61.74,28.09,8.11,12.39,111.0,68.49,20.24,81.5,44.98,36.6,51.83,11.26,49.94,73.3,12.78,8.07,23.25,15.74,24.05,18.19,8.15,12.66,45.51,58.9,13.08,31.5,119.5,62.29,17.96,,27.85,21.66
2022-08-30 07:00:00,14.39,84.34,28.29,44.12,50.15,17.67,45.82,17.13,83.49,75.26,23.96,19.82,53.49,80.73,38.1,23.38,10.56,17.37,15.71,62.69,28.24,8.33,12.68,112.0,70.62,20.6,81.0,44.73,37.04,52.29,11.38,51.8,74.61,13.15,8.24,23.1,15.97,24.65,18.31,8.19,12.94,46.41,59.5,13.27,31.6,120.1,62.37,18.31,,28.3,21.85
2022-08-31 07:00:00,14.39,84.91,28.73,44.61,50.33,17.59,45.69,17.13,83.49,75.18,23.82,19.63,53.37,80.66,37.95,24.46,10.6,17.22,15.71,62.98,27.79,8.36,12.74,113.8,70.23,20.76,81.2,45.57,36.86,52.01,11.38,51.55,74.09,13.26,8.21,22.73,15.84,24.4,18.26,8.15,12.87,47.25,59.7,13.19,31.85,120.5,62.37,18.28,,27.7,21.83
2022-09-05 07:00:00,14.33,85.57,28.47,45.09,51.38,18.37,46.62,17.13,84.34,75.18,24.0,19.53,53.43,79.83,38.33,24.5,10.62,17.45,16.09,62.6,27.49,8.38,12.74,113.1,70.23,22.26,80.8,45.57,36.78,52.19,11.59,53.03,74.33,13.04,8.26,23.1,15.84,24.6,18.21,8.22,12.96,46.41,61.0,13.03,32.0,119.5,62.37,18.34,,27.55,21.73
2022-09-06 07:00:00,14.33,84.25,28.62,44.75,51.82,18.29,47.01,17.13,85.1,75.26,23.34,19.6,53.37,80.32,38.56,24.08,10.68,17.82,16.82,63.16,27.07,8.41,12.74,114.2,70.14,22.51,80.8,45.4,36.43,52.24,11.63,53.4,75.01,13.04,8.24,23.32,15.7,24.65,18.21,8.22,12.92,46.18,61.0,12.95,31.55,118.1,63.86,18.28,,27.45,21.86
2022-09-07 07:00:00,14.24,79.6,27.42,43.01,49.63,17.09,44.36,16.79,79.85,75.18,22.24,19.5,52.25,77.28,36.89,24.13,10.64,17.41,16.47,63.16,26.47,8.36,12.44,112.0,68.39,22.34,81.7,44.81,35.11,50.91,11.59,51.36,74.01,12.75,7.83,23.17,15.07,24.35,17.74,7.67,12.75,44.89,59.5,13.0,31.25,113.9,62.53,17.78,,27.6,21.63
2022-09-08 07:00:00,14.06,81.97,26.55,42.46,49.1,16.31,44.03,16.48,80.1,74.35,22.19,19.63,52.13,76.31,36.2,23.38,10.4,17.33,15.94,63.26,26.51,7.85,12.3,112.0,68.3,21.94,83.0,44.15,34.85,50.68,11.34,50.31,75.09,12.64,7.49,23.21,14.73,23.9,17.64,7.64,12.57,43.88,59.3,12.52,31.2,113.8,62.12,17.55,,27.4,21.47
2022-09-09 07:00:00,13.92,83.39,26.22,42.32,48.75,16.2,44.1,16.18,80.36,74.35,22.5,19.76,52.44,77.0,36.47,21.74,10.19,17.48,15.44,63.16,26.55,7.6,12.03,114.4,68.59,22.26,83.6,44.48,34.85,51.14,11.34,50.43,76.57,12.31,7.43,23.21,14.23,22.65,17.48,7.5,12.43,43.99,59.5,11.83,31.45,115.0,62.37,17.55,,27.2,21.38
2022-09-12 07:00:00,13.92,84.34,26.69,42.73,49.54,17.09,45.42,16.58,83.41,76.01,23.03,19.76,52.44,78.31,37.12,23.24,10.46,18.01,16.47,63.16,26.74,7.93,12.22,114.5,69.85,23.72,83.7,44.23,35.33,51.32,11.67,52.48,77.41,12.64,7.62,23.1,14.6,23.1,17.69,7.57,12.52,44.33,60.1,12.18,31.9,116.3,62.2,17.84,,27.65,21.63
2022-09-13 07:00:00,13.83,82.92,26.59,42.67,49.28,16.7,45.36,16.6,85.27,74.85,22.77,19.69,52.44,77.83,37.19,22.96,10.4,17.79,15.71,62.69,26.77,7.87,12.17,114.0,71.01,23.88,82.9,43.31,35.11,51.46,11.54,52.17,76.29,12.6,7.59,22.88,14.17,23.0,17.62,7.53,12.5,44.21,60.7,12.21,31.8,117.0,62.12,17.81,,28.35,21.55
2022-09-14 07:00:00,13.68,84.15,26.08,42.32,48.92,16.58,44.56,16.51,83.83,74.6,22.63,19.79,51.94,77.14,36.66,22.77,10.23,17.6,16.37,61.93,26.59,7.76,11.9,112.0,70.33,23.8,82.0,42.22,34.41,51.14,11.5,52.1,73.5,12.28,7.49,22.81,14.03,22.5,17.24,7.36,12.26,43.31,59.7,12.02,31.05,115.3,60.96,17.49,,27.95,21.18
2022-09-15 07:00:00,13.74,85.95,25.86,43.15,49.54,17.44,47.01,16.51,84.76,74.77,23.07,21.64,52.06,76.73,37.61,23.19,10.21,17.75,16.64,61.55,26.36,7.93,11.93,111.0,71.11,23.72,83.5,42.31,34.49,51.23,11.75,52.97,73.1,12.46,7.54,22.84,14.43,22.8,17.29,7.5,12.38,43.93,59.8,12.21,31.4,115.0,61.21,17.78,,28.3,21.38
2022-09-16 07:00:00,13.54,92.4,25.75,42.67,49.01,17.17,46.35,16.08,82.56,74.77,22.59,22.03,51.32,76.24,37.12,23.01,10.19,17.41,15.81,60.98,25.46,7.63,11.76,109.8,69.17,24.37,84.1,42.06,34.23,51.32,11.75,52.04,73.1,12.06,7.27,22.92,14.07,22.45,17.01,7.26,12.29,44.16,59.6,11.86,31.25,115.0,61.46,17.84,,28.2,21.05
2022-09-19 07:00:00,13.3,88.13,24.74,42.32,46.56,16.0,43.3,15.5,79.6,74.44,21.36,22.23,50.94,74.52,35.52,21.42,9.91,16.99,14.71,60.22,25.05,7.34,11.36,111.0,66.94,23.92,84.8,42.56,33.27,51.37,11.09,50.62,73.86,12.02,6.95,22.88,13.3,21.6,16.46,6.88,11.54,43.88,58.4,11.33,31.05,114.5,61.87,17.49,,28.8,20.85
2022-09-20 07:00:00,13.24,86.71,24.88,41.97,46.29,15.93,43.7,15.72,78.07,72.78,20.89,22.72,51.19,74.17,35.71,21.28,9.87,17.11,14.16,60.7,24.71,7.31,11.33,111.8,67.04,23.15,84.0,42.47,32.91,51.37,11.13,50.93,74.21,11.84,6.95,22.81,13.3,21.65,16.49,6.88,11.63,44.21,58.6,11.33,31.3,114.6,62.2,17.31,,28.6,20.78
2022-09-21 07:00:00,13.24,90.03,25.21,41.9,46.56,16.35,44.36,15.65,79.77,73.53,21.62,22.23,51.19,74.73,35.9,21.7,9.93,17.18,14.62,59.84,23.54,7.47,11.33,111.1,67.81,23.8,84.0,42.64,33.09,51.83,11.13,51.42,73.97,11.95,7.06,22.99,13.6,21.75,16.3,7.09,11.68,43.82,58.0,11.54,31.35,114.2,62.45,17.08,,28.3,20.72
2022-09-22 07:00:00,13.18,89.27,24.99,40.93,47.7,16.66,43.64,15.35,78.92,73.2,21.47,22.42,50.94,75.07,36.05,21.56,9.91,17.14,14.43,57.84,22.68,7.39,11.28,108.1,66.17,23.96,83.2,42.47,32.48,52.01,10.92,51.24,74.21,11.91,7.0,22.7,13.5,21.45,16.11,7.29,11.59,43.59,56.6,11.44,29.35,112.7,62.78,16.96,,27.75,20.57
2022-09-23 07:00:00,13.24,88.13,25.03,41.42,49.1,16.74,44.89,15.35,79.17,73.12,21.8,22.52,51.07,76.59,36.89,21.74,9.91,17.18,14.71,59.08,23.13,7.42,11.36,108.3,66.46,24.69,83.8,42.47,32.56,52.06,11.09,51.48,74.17,12.2,7.0,22.62,13.73,21.45,16.09,7.47,11.68,42.64,57.0,11.7,31.0,112.8,63.19,16.84,,28.25,20.57
2022-09-26 07:00:00,12.77,83.49,23.5,39.89,49.63,15.65,44.03,14.27,73.67,71.96,20.28,22.23,49.95,76.59,35.52,20.48,9.5,16.54,13.88,58.98,21.89,6.99,10.76,107.0,63.55,23.8,83.8,41.76,31.33,50.77,10.47,48.14,73.5,11.91,6.55,22.07,12.86,20.25,15.57,7.47,11.07,41.68,55.2,11.12,30.8,110.1,60.88,15.87,,26.65,20.02
2022-09-27 07:00:00,12.95,85.76,23.94,40.03,50.24,15.11,44.36,14.3,69.78,70.31,20.5,23.01,50.07,76.59,35.67,21.14,9.59,16.73,13.88,59.36,21.07,7.04,10.82,106.0,64.71,24.61,84.0,41.72,30.9,50.91,10.55,48.33,73.1,11.88,6.6,22.18,13.03,20.4,15.68,7.98,11.21,41.74,54.1,11.73,30.4,110.0,59.72,15.93,,26.6,20.08
2022-09-28 07:00:00,12.86,84.25,24.19,39.68,47.87,15.0,41.52,14.3,66.05,71.88,20.5,22.75,48.52,71.76,35.07,20.48,9.59,16.35,13.65,58.89,21.63,6.99,10.79,102.1,62.97,23.96,83.0,40.8,30.54,50.68,10.47,45.79,69.9,11.7,6.63,22.15,12.96,20.15,15.68,7.84,10.98,41.51,51.0,11.94,28.75,109.0,58.57,16.12,,26.5,19.8
2022-09-29 07:00:00,12.83,80.27,24.26,39.89,46.91,15.15,38.67,13.87,61.48,71.46,19.51,22.55,47.9,72.45,35.52,19.55,9.74,16.39,13.61,58.89,21.74,6.93,10.71,100.0,61.71,22.3,83.9,42.14,30.15,50.73,10.39,46.41,72.1,11.7,6.63,22.29,12.9,19.7,15.59,7.47,11.31,41.63,50.7,11.73,27.15,109.9,59.64,15.86,,26.95,19.66
2022-09-30 07:00:00,12.8,75.81,23.43,38.16,45.24,14.14,36.02,13.78,58.43,70.22,19.16,22.23,47.83,69.97,35.75,18.24,9.46,15.67,12.78,58.8,20.24,6.53,10.44,98.2,59.77,20.97,83.9,42.06,28.48,47.74,9.89,45.61,71.1,11.37,6.5,22.18,12.23,19.5,15.21,7.09,11.19,40.73,48.0,11.2,26.65,109.9,59.39,15.07,,26.9,19.21
2022-10-03 07:00:00,12.48,79.89,22.89,38.16,43.66,13.95,35.56,13.26,61.98,70.64,19.2,21.64,47.52,73.35,35.6,18.19,9.33,14.95,12.69,58.8,19.6,6.45,10.06,92.2,57.74,21.45,81.0,41.55,28.39,45.68,9.52,45.3,72.3,10.97,6.36,21.78,12.33,19.2,14.29,7.33,10.93,39.54,47.2,11.09,26.5,109.0,58.65,14.76,,26.1,18.74
2022-10-04 07:00:00,12.3,81.5,22.41,37.53,42.26,13.25,33.11,12.58,61.98,69.81,17.88,21.12,48.02,71.41,35.83,17.07,9.33,14.12,12.0,56.52,19.38,6.29,10.01,90.4,58.22,20.97,81.0,41.89,28.09,45.18,9.52,44.62,72.78,10.9,6.15,21.63,11.76,18.6,14.17,7.29,11.1,39.09,48.3,11.25,27.3,109.9,57.82,14.1,,25.4,18.5
2022-10-05 07:00:00,12.19,82.35,22.7,38.02,43.14,13.68,33.9,13.08,63.93,68.65,18.27,21.64,48.77,73.21,37.15,17.4,9.43,14.27,12.14,59.84,20.05,6.31,10.3,91.0,59.09,21.49,81.3,42.56,28.44,45.18,9.72,46.1,74.73,11.26,6.23,21.63,12.16,19.0,14.41,7.5,11.1,39.99,50.9,11.38,28.5,113.6,58.65,14.8,,26.55,18.8
2022-10-06 07:00:00,11.72,81.4,22.49,38.5,42.52,13.95,33.44,13.04,60.63,69.4,18.72,22.29,47.58,73.76,35.67,16.65,9.18,13.62,11.63,60.03,19.3,6.02,9.76,86.0,56.19,21.33,80.1,41.8,28.26,46.78,9.43,45.85,73.9,10.9,5.86,21.56,11.63,17.95,13.84,7.05,10.75,39.32,52.7,10.61,29.05,113.0,57.82,13.97,,26.5,18.5
2022-10-07 07:00:00,10.9,78.52,20.96,38.16,40.86,13.33,31.35,12.25,56.4,68.57,17.5,22.36,46.03,70.38,35.64,15.53,8.67,12.91,10.85,59.84,18.36,5.62,9.11,80.7,52.31,20.12,77.4,39.8,27.47,44.95,8.81,44.24,73.1,10.24,5.51,21.19,10.82,16.75,12.87,6.57,10.44,36.73,50.7,10.24,29.15,113.6,54.93,13.52,,24.9,17.55
2022-10-10 07:00:00,10.66,75.65,20.31,38.85,41.65,13.37,29.8,11.97,56.06,67.83,17.92,22.81,44.85,70.38,36.02,15.01,8.34,13.02,10.57,59.18,18.55,5.22,8.95,77.0,51.34,21.58,74.9,39.51,27.82,44.58,8.52,44.56,72.38,10.32,5.2,21.19,11.06,15.75,11.98,6.47,9.72,36.06,51.8,10.19,28.85,110.0,55.68,12.6,,25.0,
2022-10-11 07:00:00,10.22,78.61,20.67,37.81,41.21,13.1,28.77,11.97,57.92,66.92,19.11,23.14,44.16,72.45,36.57,14.73,8.11,13.13,11.49,58.89,18.1,5.07,8.68,74.9,52.41,20.95,71.1,39.71,28.97,46.55,8.48,45.42,72.74,9.81,5.03,20.39,10.82,15.85,11.34,6.4,9.04,34.88,50.8,9.87,28.35,106.1,57.49,12.6,,23.65,16.78
2022-10-12 07:00:00,10.43,78.61,20.82,37.81,41.34,12.79,26.82,12.22,59.1,66.92,19.29,23.46,44.16,72.52,36.69,14.06,8.18,13.25,12.0,55.28,18.33,5.05,8.73,79.8,53.77,21.0,74.0,39.71,28.79,47.15,8.44,45.79,73.3,9.22,4.89,20.39,10.86,15.9,11.12,6.33,8.55,34.99,50.5,10.24,29.15,105.1,57.91,13.22,,22.0,16.91
2022-10-13 07:00:00,10.84,79.28,22.09,39.4,42.35,12.9,29.27,12.98,62.32,68.98,20.19,23.37,44.48,72.52,36.76,15.26,8.49,14.04,12.32,56.52,19.53,5.37,9.19,78.0,54.73,21.08,72.8,39.63,29.23,47.61,8.69,46.72,72.5,9.81,5.4,21.41,11.36,16.95,11.38,6.6,9.2,35.27,51.0,10.35,29.1,105.2,58.49,13.57,,23.8,17.11
2022-10-14 07:00:00,11.84,79.38,23.65,40.38,43.4,13.29,30.79,13.78,65.2,68.65,20.78,23.98,45.78,74.52,36.96,15.59,8.59,14.61,12.64,59.08,19.56,5.62,9.52,79.0,56.19,21.58,74.0,40.13,29.45,47.97,8.9,47.09,73.5,10.02,5.67,21.52,11.89,17.45,12.05,6.63,9.48,37.86,51.3,10.64,29.2,107.0,60.88,14.1,,25.05,17.81
2022-10-17 07:00:00,11.87,79.18,22.99,39.61,43.31,13.02,30.36,13.44,66.13,67.75,20.48,23.4,45.16,73.97,36.57,15.35,8.24,14.31,12.41,58.7,18.74,5.7,9.25,77.0,55.99,21.25,73.0,39.97,28.7,47.47,8.81,47.34,73.33,9.77,5.8,21.23,11.53,17.3,11.5,6.47,9.06,36.84,49.5,10.3,28.0,106.5,60.88,13.48,,23.9,17.46
2022-10-18 07:00:00,12.36,80.24,23.72,40.93,44.45,13.45,31.45,14.03,67.91,68.57,21.01,23.59,46.03,76.59,37.11,16.07,8.41,14.15,12.69,57.75,19.38,5.88,9.44,79.9,56.77,22.16,74.0,40.89,29.05,48.43,9.1,49.26,74.01,9.99,5.99,21.45,11.83,17.5,11.88,6.73,9.53,37.86,48.35,10.56,28.25,107.4,61.71,14.05,,24.8,17.9
2022-10-19 07:00:00,12.3,81.0,23.5,41.21,44.28,13.79,30.46,13.84,68.67,70.14,20.89,23.46,46.46,74.52,37.11,15.83,8.46,13.89,12.23,57.94,19.15,5.8,9.33,79.9,56.48,22.08,74.0,40.47,29.01,48.62,8.98,48.89,75.29,10.21,5.91,21.45,11.69,16.9,11.62,6.77,9.37,37.86,49.05,10.56,28.25,108.1,62.86,13.83,,24.95,17.73
2022-10-20 07:00:00,12.13,79.28,23.57,41.49,44.1,13.48,30.52,13.9,65.96,71.05,20.3,23.56,46.84,74.66,37.5,15.5,7.93,13.66,12.14,57.94,18.85,5.7,9.28,78.5,56.09,21.16,74.0,40.47,29.05,48.66,8.9,48.82,75.57,10.13,5.8,21.45,11.53,16.9,11.6,6.6,9.34,37.74,48.9,10.56,28.6,108.3,62.62,13.83,,24.6,17.7
2022-10-21 07:00:00,11.87,77.37,23.28,40.65,42.04,12.71,28.67,13.29,61.9,73.45,19.27,23.46,45.97,73.97,35.21,14.49,8.26,12.79,11.49,58.13,17.84,5.37,8.71,74.8,52.7,21.0,73.0,39.71,27.65,46.78,8.4,47.15,75.65,9.66,5.43,20.75,10.82,15.95,10.82,6.23,9.04,38.25,46.5,9.9,27.25,106.5,63.19,13.3,,24.0,17.0
2022-10-24 07:00:00,11.25,76.89,22.02,39.4,41.56,11.86,26.68,12.77,61.39,71.55,18.5,22.26,44.16,73.48,33.3,13.48,8.03,12.26,10.71,56.14,16.67,5.02,8.36,69.6,49.02,21.08,72.9,38.96,25.72,45.91,8.07,47.09,72.3,9.52,5.27,20.42,10.09,14.85,10.06,5.79,8.74,37.01,44.6,9.5,26.45,105.5,61.13,13.04,,22.35,16.33
2022-10-25 07:00:00,11.22,75.08,21.25,41.21,42.22,11.04,25.56,12.86,60.71,71.05,18.27,22.75,44.23,72.86,31.01,12.57,7.85,12.15,10.67,58.32,15.51,4.89,8.38,69.1,47.47,20.58,70.5,37.46,23.96,45.41,7.84,46.1,73.3,9.15,5.16,20.61,9.56,14.05,9.45,5.42,9.02,37.13,41.5,9.55,26.5,106.0,61.21,13.13,,21.4,16.1
2022-10-26 07:00:00,11.84,75.84,22.7,42.49,43.84,11.31,26.55,13.72,63.68,70.22,19.2,24.05,45.22,73.76,33.07,12.76,7.96,12.75,11.22,58.8,15.85,5.4,8.79,73.3,49.02,21.7,73.0,37.29,24.23,46.55,8.24,47.65,74.33,8.57,5.51,21.12,9.82,14.8,9.94,5.2,9.25,38.53,41.75,9.9,26.75,106.0,62.45,13.39,,22.2,16.61
2022-10-27 07:00:00,12.01,76.41,23.07,42.49,44.89,11.62,26.82,13.81,63.68,71.13,19.29,25.02,45.84,73.9,33.07,13.05,7.98,12.79,11.35,56.8,16.52,5.62,8.92,77.0,49.7,21.33,73.1,37.21,24.49,46.92,8.28,48.52,73.3,9.22,5.59,20.64,10.02,15.0,10.16,5.16,9.27,38.98,42.9,9.9,26.25,106.2,62.78,13.26,,22.5,16.71
2022-10-28 07:00:00,12.92,76.89,24.52,45.41,45.33,12.01,28.8,14.73,65.54,71.05,19.6,25.61,46.46,75.21,35.56,13.77,8.31,12.72,11.26,58.22,17.2,5.99,9.41,81.5,51.15,21.58,72.0,36.54,25.19,47.38,8.52,49.38,74.33,9.59,5.83,22.26,10.59,16.1,11.1,5.61,9.65,40.28,44.1,10.45,26.75,106.0,64.19,14.41,,23.55,17.45
2022-10-31 07:00:00,12.69,74.89,24.45,43.58,44.63,11.35,27.18,14.33,62.15,71.05,18.74,24.05,45.84,74.86,35.25,13.34,8.16,11.85,10.48,58.04,16.33,5.99,9.19,82.7,47.95,20.83,67.5,35.95,24.36,46.45,8.16,48.89,72.9,9.41,5.88,22.48,10.16,15.6,11.1,5.34,9.48,40.78,44.1,10.14,27.15,105.5,63.86,13.79,,23.0,17.0
2022-11-01 07:00:00,13.1,76.41,24.66,45.12,45.15,11.93,27.48,14.98,63.25,70.22,19.22,23.4,46.65,75.35,35.91,13.82,8.36,11.2,10.53,57.94,16.75,6.34,9.65,83.8,48.53,21.25,65.6,35.2,25.41,46.96,8.48,47.65,73.18,9.66,6.18,22.59,10.89,16.35,11.81,5.5,9.76,41.23,45.0,10.51,27.0,106.2,64.85,14.54,,24.55,17.5
2022-11-02 07:00:00,12.77,76.03,24.34,45.85,45.59,12.24,27.68,14.64,60.97,70.22,17.92,22.1,46.03,75.0,35.6,13.63,8.29,11.35,10.76,58.04,16.82,6.21,9.63,81.0,45.34,21.08,66.0,33.95,25.59,46.73,8.44,46.41,71.94,9.66,6.02,22.48,11.02,16.75,11.83,5.53,10.07,40.5,44.7,10.67,27.0,100.1,64.68,14.89,,25.1,17.39
2022-11-03 07:00:00,12.51,74.5,23.94,44.97,44.89,12.13,27.18,14.43,60.63,70.72,18.05,21.06,45.84,75.9,35.25,13.24,8.16,11.43,10.94,58.32,17.05,6.07,9.52,79.9,46.6,19.88,64.4,32.52,25.37,45.39,8.28,45.79,72.14,9.52,5.88,22.33,10.79,16.8,11.64,5.37,9.74,40.5,44.35,10.75,27.15,98.0,64.43,15.11,,25.15,17.07
2022-11-04 07:00:00,11.69,70.68,22.89,43.95,43.05,11.74,26.09,13.5,58.68,68.98,17.81,21.19,44.48,74.59,34.62,12.81,7.6,10.98,10.21,58.22,16.11,5.88,8.92,81.0,44.61,19.59,59.9,31.35,25.06,43.86,8.03,43.38,71.5,9.04,5.72,22.18,10.26,16.05,11.36,5.03,9.25,38.76,42.5,10.03,26.05,96.1,64.43,14.58,,24.55,16.55
2022-11-07 07:00:00,11.84,65.81,23.79,41.54,42.87,10.93,24.27,14.15,56.99,68.98,17.92,19.76,45.16,76.93,36.72,11.95,7.32,10.37,9.52,58.22,14.98,5.72,9.17,82.5,41.51,18.55,55.8,29.18,25.02,43.91,8.06,40.59,72.34,8.75,5.72,22.0,9.56,15.5,11.22,4.68,9.34,39.99,42.2,9.76,25.85,96.5,66.09,14.85,,25.25,16.5
2022-11-08 07:00:00,11.81,66.77,23.94,38.68,42.26,10.19,22.58,14.12,58.77,68.24,17.9,18.39,44.41,77.9,36.26,11.71,6.81,9.84,8.85,57.66,14.04,5.59,8.98,81.0,40.01,17.59,51.9,27.17,24.84,43.86,8.04,41.15,73.02,8.24,5.7,21.78,9.22,15.3,10.87,4.69,9.11,40.28,41.25,9.53,24.85,99.5,65.76,14.67,,24.8,16.2
2022-11-09 07:00:00,12.13,68.96,25.42,38.76,44.8,10.85,22.18,14.73,58.94,68.98,18.45,18.13,45.6,78.94,35.25,12.38,7.34,9.8,8.37,56.71,15.1,6.07,9.14,84.5,43.16,18.84,48.3,25.29,25.99,43.96,8.77,42.7,73.14,8.61,5.88,22.0,9.96,15.8,11.43,5.13,9.39,40.84,43.8,9.61,26.1,97.0,66.09,15.02,,24.8,16.5
2022-11-10 07:00:00,11.43,67.82,24.41,37.81,41.95,10.31,20.66,13.97,55.89,66.09,17.22,16.87,42.98,75.9,33.07,11.9,7.09,9.16,8.0,56.8,14.19,5.72,8.55,81.0,41.03,17.76,44.95,23.54,24.71,42.99,8.36,39.73,73.1,8.21,5.48,21.34,9.29,15.15,10.7,4.86,8.88,40.28,42.3,9.1,26.0,99.4,63.61,14.36,,24.55,15.6
2022-11-11 07:00:00,11.98,68.77,25.68,35.17,42.66,9.61,19.24,14.36,51.99,67.25,17.44,15.7,44.79,78.38,34.12,11.08,7.44,9.08,7.45,57.94,14.42,5.72,8.63,82.0,41.66,18.09,41.85,21.91,24.66,44.51,8.52,41.15,74.21,8.17,5.35,21.38,9.22,15.45,10.77,4.52,8.97,41.06,43.75,8.76,26.25,97.6,64.76,14.32,,24.7,15.2
2022-11-14 07:00:00,11.69,66.96,25.32,36.93,41.43,8.95,17.91,13.97,48.44,67.25,16.32,14.62,43.54,76.45,32.68,10.32,7.04,8.97,6.93,56.71,14.87,5.36,8.17,84.1,39.14,18.22,38.95,20.4,23.33,43.96,8.24,40.78,72.7,7.95,5.02,21.38,8.82,14.85,10.06,4.21,8.9,41.68,42.35,8.7,26.55,98.0,62.86,13.39,,24.1,15.51
2022-11-15 07:00:00,11.19,65.81,24.23,37.08,38.84,8.33,16.69,13.66,45.05,64.44,15.21,13.62,40.99,75.21,30.42,9.6,6.96,9.08,6.63,56.04,14.34,5.15,7.65,85.8,36.67,17.68,36.25,18.98,22.56,41.65,7.93,39.48,74.49,7.74,4.74,21.05,8.89,14.85,9.75,3.92,8.57,40.56,42.45,8.6,27.5,99.8,63.19,12.91,,24.5,15.23
2022-11-16 07:00:00,10.49,66.1,22.89,37.08,36.12,7.75,15.53,13.66,41.92,65.76,14.16,12.67,38.13,72.79,28.32,8.92,6.66,8.93,6.3,55.95,13.56,4.79,7.14,84.5,34.15,16.6,33.75,17.68,21.0,41.6,7.37,36.76,72.22,7.2,4.41,21.05,8.72,14.45,9.12,3.65,8.69,39.54,41.5,8.62,28.05,100.1,60.96,12.03,,23.3,14.66
2022-11-17 07:00:00,12.19,70.59,25.75,38.76,41.47,8.76,18.21,15.13,49.71,67.33,16.45,11.8,40.12,79.76,30.89,10.46,7.5,10.45,7.68,55.95,15.21,5.75,8.17,90.2,39.52,18.59,31.4,16.47,23.42,44.79,8.28,41.65,71.7,7.92,5.19,21.85,10.09,16.6,10.49,4.33,9.55,42.47,44.95,9.66,30.25,101.0,62.04,13.52,,26.0,16.21
2022-11-18 07:00:00,12.07,71.73,24.66,38.1,40.33,8.45,17.61,14.43,46.49,67.25,15.46,11.83,43.04,77.28,31.51,10.75,7.34,10.79,7.88,53.29,16.15,5.67,8.11,91.5,38.65,18.17,29.25,15.34,22.1,45.3,7.9,40.84,71.3,7.84,5.16,21.82,10.26,16.45,10.3,4.2,9.41,41.4,46.6,9.5,31.55,100.7,62.53,12.95,,27.3,16.0
2022-11-21 07:00:00,12.07,72.21,25.75,39.2,41.73,9.34,18.54,14.8,43.27,67.66,15.63,11.73,43.23,76.24,32.52,11.9,7.47,11.16,8.37,54.05,16.49,6.01,8.44,93.4,39.38,19.13,27.25,14.3,22.56,46.27,8.36,42.57,71.9,8.32,5.4,21.74,10.66,16.7,10.51,4.92,9.34,42.19,45.75,9.74,31.8,98.1,63.52,13.3,,26.1,16.17
2022-11-22 07:00:00,11.92,68.01,25.1,39.49,41.82,9.76,18.71,14.43,40.73,66.92,15.46,11.05,42.98,75.28,32.52,11.76,7.44,10.94,8.44,56.33,16.52,5.97,8.44,88.5,38.6,19.75,25.35,13.34,22.97,47.24,8.44,42.51,71.94,8.32,5.46,20.35,10.62,16.6,10.32,5.37,9.41,40.78,45.3,9.63,30.5,98.0,63.94,13.3,,26.05,16.02
2022-11-23 07:00:00,11.92,70.01,26.08,38.17,42.22,9.26,19.6,14.61,43.27,67.75,15.59,12.22,43.36,74.52,33.26,11.95,7.44,10.45,7.88,57.94,16.15,6.07,8.49,88.3,38.85,19.92,23.6,12.42,23.97,47.15,8.57,42.39,72.22,8.28,5.54,21.74,10.56,16.9,10.25,5.35,9.3,40.73,44.3,9.5,29.85,96.7,64.68,13.26,,25.9,15.9
2022-11-24 07:00:00,11.95,68.87,26.69,38.03,42.39,8.83,18.74,14.61,42.0,67.33,15.68,11.96,43.17,72.45,32.87,11.85,7.34,10.29,7.77,57.75,15.28,5.9,8.33,88.0,36.52,20.12,21.95,11.58,24.39,47.75,8.52,42.45,71.9,8.28,5.33,21.6,10.19,16.9,10.16,5.33,8.97,40.78,44.2,9.29,30.0,99.0,65.18,12.82,,26.0,15.78
2022-11-25 07:00:00,12.33,69.92,27.71,38.03,42.93,9.38,19.34,15.13,41.75,66.51,16.14,12.09,43.85,71.76,35.4,12.67,7.52,10.86,8.64,57.75,16.11,6.21,8.52,90.0,35.36,20.42,20.45,10.79,25.25,48.9,8.73,43.01,71.86,8.6,5.51,21.67,10.79,18.0,10.49,5.65,9.23,40.95,45.8,9.55,31.3,101.2,66.91,13.35,,27.1,16.2
2022-11-28 07:00:00,12.63,70.4,28.29,39.56,43.78,10.19,20.53,16.02,43.44,67.0,16.69,12.35,44.97,71.76,35.09,13.19,7.65,11.81,9.38,58.13,17.16,6.71,8.87,93.5,37.1,20.87,19.05,10.03,25.62,49.23,8.94,43.32,66.86,9.18,5.83,21.85,11.69,19.05,10.98,6.07,9.37,41.51,47.4,9.76,32.5,101.1,67.49,13.74,,27.55,16.51
2022-11-29 07:00:00,12.72,72.88,28.18,39.34,43.4,10.15,20.53,16.02,46.49,67.58,17.02,12.61,45.41,75.14,35.95,12.95,7.65,12.38,9.33,57.94,18.4,6.74,9.09,95.5,39.23,20.62,21.0,9.36,26.31,50.2,9.1,43.94,69.62,9.41,6.08,21.82,12.03,18.9,11.5,6.06,9.67,42.75,50.4,9.87,32.1,99.3,66.5,13.7,,28.9,16.95
2022-11-30 07:00:00,12.77,75.46,28.65,40.22,43.78,10.69,21.19,16.36,49.54,67.58,17.61,13.84,45.72,75.9,36.57,13.24,7.73,13.02,9.75,58.13,19.15,6.92,9.17,92.9,41.66,20.58,23.0,11.41,26.58,51.4,9.23,44.8,70.34,9.61,6.15,21.89,12.33,19.15,11.79,6.16,9.74,43.31,52.0,10.06,34.0,98.5,67.32,14.01,,29.8,17.3
2022-12-01 07:00:00,12.89,76.51,28.29,42.78,44.52,11.24,21.85,15.96,49.11,69.48,17.15,13.65,46.09,72.45,35.95,13.72,7.98,13.62,10.39,57.75,19.68,6.99,9.44,99.0,41.41,21.62,22.0,11.75,27.45,50.89,9.27,44.68,69.9,10.19,6.24,22.04,12.16,19.5,12.4,6.18,10.09,44.55,53.5,10.59,33.0,100.1,67.41,14.63,,29.55,17.6
2022-12-02 07:00:00,12.98,76.13,28.25,40.95,43.96,10.69,22.12,15.99,48.1,68.98,16.78,13.29,46.03,73.48,35.71,13.91,8.21,13.47,10.25,58.13,20.13,6.89,9.49,98.4,42.04,21.41,22.3,11.79,27.45,51.12,9.1,45.05,70.1,10.19,6.43,22.11,12.1,19.5,12.68,5.87,9.9,44.61,53.0,10.51,32.55,102.9,67.74,14.58,,29.0,17.51
2022-12-05 07:00:00,13.59,76.89,29.41,41.32,45.46,11.7,23.7,17.07,52.42,69.81,17.86,14.07,48.14,76.38,37.0,14.78,8.49,14.76,11.58,58.22,22.31,7.54,10.14,102.5,45.58,21.7,22.15,12.96,28.87,52.69,9.52,48.27,70.74,10.42,6.68,22.33,13.23,21.85,13.61,6.14,10.72,46.41,56.8,11.38,34.0,106.5,69.47,15.37,,31.0,18.56
2022-12-06 07:00:00,13.07,76.41,28.36,40.29,44.9,11.0,22.25,16.48,52.08,69.89,17.5,13.32,47.27,75.21,37.35,13.96,8.36,14.08,11.26,57.94,22.19,7.94,9.57,101.6,42.96,21.37,20.6,12.96,27.45,51.31,9.02,46.72,71.06,10.11,6.46,22.29,13.06,20.75,12.75,5.71,10.09,45.0,54.3,10.83,32.5,105.5,68.15,14.89,,29.35,18.1
2022-12-07 07:00:00,12.74,74.5,27.93,40.22,44.71,10.27,21.22,16.42,51.82,69.56,18.32,12.61,46.53,73.69,37.42,13.43,8.08,13.4,10.48,58.22,21.93,7.82,9.33,100.0,42.14,21.66,19.2,12.08,26.63,49.0,8.9,47.03,70.5,9.68,6.34,22.29,12.63,19.7,12.26,5.32,9.69,43.88,54.2,10.61,34.25,103.2,67.57,13.97,,28.6,17.7
2022-12-08 07:00:00,12.95,73.55,28.14,41.46,44.8,10.46,21.62,16.82,53.26,69.98,18.63,13.0,47.02,73.14,37.35,13.67,8.26,14.0,10.94,58.13,21.7,8.04,9.49,96.0,43.79,21.99,17.9,12.37,26.81,50.24,9.1,47.52,70.7,9.99,6.55,22.44,13.06,20.75,12.52,5.47,9.72,43.31,54.5,10.93,34.95,104.5,66.91,14.45,,28.5,18.04
2022-12-09 07:00:00,13.15,75.46,27.78,42.12,44.29,10.5,23.84,16.6,52.92,69.89,18.72,13.81,47.4,73.14,37.04,13.87,8.41,14.0,11.22,58.04,21.93,7.97,9.6,96.1,43.93,22.08,16.65,13.08,27.31,50.94,9.14,47.03,70.7,10.03,6.49,22.33,13.3,21.9,13.09,5.6,10.18,43.37,53.7,10.93,33.9,105.3,66.09,14.67,,28.05,17.88
2022-12-12 07:00:00,13.18,74.5,27.64,41.39,44.57,10.46,25.49,16.85,53.86,70.22,18.72,15.5,47.52,72.45,36.61,14.2,8.26,14.08,11.08,58.22,20.99,7.91,9.55,96.0,43.59,22.45,17.8,12.96,27.82,50.52,9.23,48.58,71.1,10.27,6.46,22.37,12.76,21.3,12.85,5.59,10.42,43.54,50.5,10.77,31.55,109.6,64.76,14.67,,27.05,17.7
2022-12-13 07:00:00,13.04,74.22,27.6,40.22,44.9,10.58,24.5,16.64,54.02,69.56,18.63,16.57,46.78,72.52,36.88,13.72,8.21,13.81,10.62,59.08,19.53,7.91,9.46,95.8,43.01,22.49,17.05,12.08,28.0,49.92,9.1,47.65,71.1,10.34,6.46,22.48,12.6,21.05,12.75,5.52,10.51,43.82,49.95,10.61,30.05,109.6,63.77,14.45,,27.05,17.47
2022-12-14 07:00:00,13.33,75.36,28.14,41.32,46.02,11.16,26.19,17.1,55.63,69.89,19.18,16.7,47.34,73.48,36.57,14.3,8.36,14.38,11.58,58.22,20.73,8.13,9.74,95.1,44.37,22.49,18.2,12.46,28.09,51.21,9.31,47.9,70.82,10.46,6.61,22.62,13.43,22.7,13.61,5.85,10.56,44.16,51.4,10.93,30.15,109.0,64.02,14.98,,27.2,17.95
2022-12-15 07:00:00,13.48,74.98,28.0,41.32,46.07,11.16,25.16,17.13,57.16,70.14,19.02,17.09,47.52,72.86,36.8,14.68,8.39,14.46,11.49,58.22,20.84,8.01,9.74,95.1,44.71,22.66,17.7,11.79,28.27,51.31,9.31,47.28,71.26,10.46,6.58,22.66,13.33,22.65,13.51,6.08,10.51,44.21,50.7,10.93,30.15,110.5,63.86,15.02,,27.5,18.0
2022-12-16 07:00:00,13.39,75.08,28.04,41.83,45.46,11.04,24.57,17.04,56.73,69.81,18.85,17.61,47.52,73.0,36.57,14.68,8.54,14.34,11.4,58.32,20.65,8.01,10.11,93.5,44.47,23.07,17.3,11.66,27.91,51.35,9.23,47.03,70.74,10.23,6.58,22.66,13.36,22.55,13.51,5.9,10.51,44.38,49.3,10.99,29.2,110.1,64.1,16.12,,26.2,18.01
2022-12-19 07:00:00,13.33,74.69,28.14,42.78,45.08,11.16,24.63,16.91,55.36,70.22,18.96,17.74,47.65,72.59,36.18,14.68,8.85,15.14,12.5,58.04,20.05,8.13,9.92,92.5,45.68,22.82,17.5,11.5,27.82,51.31,9.14,47.71,69.9,10.27,6.71,22.77,13.6,22.4,13.72,5.83,10.51,44.44,48.2,11.01,28.25,110.0,63.61,15.82,,26.25,17.99
2022-12-20 07:00:00,13.01,73.64,27.2,42.49,43.49,10.38,22.91,16.33,52.17,69.89,18.3,17.94,46.9,71.48,34.7,13.67,8.34,14.19,11.77,57.66,18.7,7.6,9.41,92.1,42.82,21.49,16.3,10.74,26.86,50.61,8.77,45.17,69.7,9.99,6.31,22.59,12.93,21.25,12.87,5.47,9.93,44.44,46.3,10.37,27.55,109.0,63.52,14.89,,25.65,17.27
2022-12-21 07:00:00,13.07,74.22,27.89,43.15,44.43,9.69,21.39,16.58,51.38,70.55,18.85,18.36,47.09,71.41,34.78,12.95,8.41,13.7,11.72,57.94,18.59,7.54,9.25,93.0,42.96,21.66,15.2,10.03,26.58,50.15,8.61,44.56,69.9,10.54,6.21,22.84,12.33,22.3,12.42,5.22,10.02,44.27,46.6,9.98,27.4,110.5,65.67,14.98,,25.6,17.27
2022-12-22 07:00:00,13.33,74.31,28.11,43.44,44.48,9.76,21.19,16.88,51.73,69.98,18.74,18.1,47.27,69.83,35.4,13.53,8.52,14.15,11.4,58.04,18.93,7.88,9.57,93.0,43.88,21.95,14.2,10.03,26.9,49.46,8.65,44.56,71.04,11.32,6.4,22.99,12.43,23.1,12.87,5.31,10.09,44.61,48.55,10.35,27.5,109.1,64.74,15.82,,25.6,17.46
2022-12-23 07:00:00,13.07,74.69,28.29,43.88,44.43,10.04,22.38,16.76,51.82,69.65,18.8,17.48,47.4,70.03,35.71,13.58,8.54,13.7,10.85,58.51,19.6,7.91,9.52,91.4,44.13,23.03,15.1,10.83,27.5,49.0,8.77,44.56,70.91,11.08,6.34,23.1,12.2,22.9,12.73,5.44,10.21,44.49,48.2,10.3,26.95,107.6,64.07,15.95,,25.55,17.41
2022-12-26 07:00:00,12.95,74.5,28.11,43.29,42.56,9.45,21.52,15.96,48.63,68.57,18.08,16.96,47.52,70.45,34.7,12.81,8.24,12.94,10.11,58.8,18.51,7.48,9.09,91.5,41.27,23.07,14.05,10.16,27.63,49.55,8.52,43.19,70.1,10.7,5.92,23.03,11.39,21.9,12.14,5.14,9.62,44.38,47.0,9.71,26.25,107.7,63.82,15.15,,24.55,17.0
2022-12-27 07:00:00,12.89,74.5,28.07,41.83,42.56,9.49,21.39,15.96,47.83,69.56,18.23,16.77,47.27,70.24,34.39,12.81,8.26,12.94,9.93,58.6,18.81,7.36,9.06,91.2,40.2,22.66,13.1,9.82,27.18,49.69,8.57,42.82,69.5,10.42,5.88,23.14,11.36,21.85,12.0,5.11,9.6,44.38,45.15,9.71,26.05,107.4,63.9,15.11,,24.75,16.87
2022-12-28 07:00:00,12.86,74.98,28.73,42.05,43.03,9.84,21.82,16.14,50.14,69.48,18.74,17.55,47.27,70.52,35.44,13.48,8.16,13.59,10.85,59.08,19.79,7.7,9.22,91.1,40.59,22.99,13.8,10.79,28.05,50.01,8.73,43.94,69.54,10.66,6.15,23.25,11.89,22.05,12.16,5.39,9.65,44.72,46.5,9.9,26.05,106.2,64.41,15.42,,25.6,17.03
2022-12-29 07:00:00,12.77,74.98,29.02,43.88,43.49,9.92,21.59,16.51,50.93,69.98,18.76,17.55,47.4,70.79,35.09,13.24,8.11,13.51,10.53,61.55,20.05,8.1,9.36,92.5,40.78,23.24,14.05,11.2,28.69,51.77,8.69,43.94,70.06,10.93,6.09,23.58,11.76,22.35,12.16,5.39,9.9,45.28,47.4,9.95,26.25,108.8,64.74,15.68,,26.5,17.23
2022-12-30 07:00:00,12.77,74.6,28.0,43.8,43.59,10.0,21.78,16.42,50.76,66.09,18.72,17.22,47.27,70.03,35.01,13.19,7.98,13.55,10.57,61.36,19.9,8.07,9.25,93.0,40.74,23.32,14.0,10.74,28.78,53.0,8.73,44.06,67.63,11.04,6.09,23.8,11.76,22.2,12.21,5.23,9.83,45.0,47.55,10.03,26.5,108.5,63.99,15.51,,26.15,17.11
2023-01-03 07:00:00,12.86,75.94,28.33,43.51,43.49,10.04,21.78,16.73,51.38,70.14,18.72,17.78,47.77,70.31,35.32,13.24,8.11,13.78,10.71,60.88,19.98,8.1,9.3,93.0,41.17,23.49,13.85,11.54,29.14,54.79,8.77,44.12,68.16,11.08,6.12,24.13,11.89,22.5,12.16,5.38,9.83,45.11,47.0,10.06,26.7,109.1,64.07,15.68,,26.35,17.24
2023-01-04 07:00:00,13.21,78.71,29.31,44.46,44.43,10.66,23.31,17.13,53.06,70.64,19.18,17.61,49.33,71.76,35.79,13.87,8.34,14.61,11.49,61.46,20.69,8.35,9.71,95.0,41.75,23.9,14.0,12.12,29.88,54.6,9.02,44.68,68.48,10.89,6.34,24.35,12.66,23.3,12.87,5.62,10.11,46.01,49.0,10.51,27.95,109.0,66.09,16.3,,28.1,17.77
2023-01-05 07:00:00,13.27,78.99,29.2,44.46,44.76,10.5,23.18,17.34,53.32,71.63,19.51,17.61,49.89,72.1,35.79,14.2,8.31,14.49,11.35,61.26,20.77,8.28,9.63,98.0,41.95,24.65,13.5,12.08,31.8,54.73,9.06,44.99,69.5,10.85,6.28,24.49,12.5,23.4,12.83,5.56,10.21,46.41,49.0,10.53,27.9,109.8,66.43,16.34,,28.0,17.9
2023-01-06 07:00:00,13.24,78.32,29.45,43.8,44.8,10.42,22.38,17.22,51.73,70.72,18.67,17.81,49.89,72.17,36.22,13.53,8.34,14.53,11.54,60.5,20.8,8.38,9.74,95.0,41.8,23.28,13.6,12.04,32.12,54.72,9.6,45.17,70.59,10.58,6.34,24.57,12.63,24.1,12.9,5.52,10.42,47.19,49.5,10.61,27.45,107.6,66.93,16.56,,28.35,17.98
2023-01-09 07:00:00,13.45,77.75,29.63,43.88,44.76,10.5,22.35,17.62,51.02,70.22,18.47,18.52,49.7,71.76,36.41,13.58,8.44,14.76,11.49,60.79,20.92,8.81,9.84,95.5,40.69,23.07,13.7,11.79,31.75,53.98,9.43,44.86,71.24,10.54,6.46,24.68,12.6,24.2,13.04,5.51,10.42,47.7,49.7,11.04,27.5,108.1,66.93,16.56,,29.0,18.04
2023-01-10 07:00:00,13.45,77.37,29.56,44.9,44.43,10.35,22.02,17.53,49.78,71.38,18.25,18.26,49.89,71.14,36.65,13.43,8.41,14.53,11.08,58.6,20.65,8.81,9.79,93.6,40.59,23.11,13.8,11.66,32.12,54.16,9.39,44.56,71.36,10.54,6.4,24.57,12.33,24.15,12.9,5.4,10.42,48.49,49.75,11.06,26.8,108.0,67.77,16.34,,28.45,18.0
2023-01-11 07:00:00,13.74,77.18,29.67,44.17,44.9,10.77,23.41,17.56,49.96,72.54,18.34,17.03,50.01,71.83,36.96,13.82,8.46,15.06,11.91,58.22,20.99,8.93,9.84,94.3,40.98,23.03,14.05,11.87,33.49,53.86,9.6,44.43,72.94,10.73,6.46,24.64,12.73,24.7,12.9,5.6,10.44,47.87,49.8,11.25,27.05,108.9,66.76,16.26,,28.5,18.08
2023-01-12 07:00:00,14.18,76.89,29.74,43.88,45.46,10.62,22.84,17.65,49.52,72.54,17.88,16.18,49.89,71.9,36.8,13.91,8.46,15.06,11.91,58.22,20.13,8.87,9.82,93.0,40.74,23.49,14.7,12.12,33.49,53.11,9.56,44.37,72.53,10.7,6.46,24.6,12.76,24.55,13.04,5.56,10.4,47.14,51.0,11.22,27.25,108.5,66.68,16.21,,28.0,18.05
2023-01-13 07:00:00,14.15,77.08,30.18,43.8,45.69,10.62,23.04,17.43,50.05,71.96,18.01,16.18,49.76,72.04,36.72,13.96,8.46,15.06,12.04,58.6,19.38,8.96,9.87,93.4,40.74,23.65,14.25,11.66,33.4,53.42,9.72,44.37,72.86,10.66,6.52,24.64,12.76,24.95,13.13,5.55,10.37,47.93,51.1,11.62,27.2,107.7,67.35,16.34,,28.25,18.16
2023-01-16 07:00:00,14.15,77.18,30.43,43.88,45.04,10.54,22.88,17.74,49.96,72.04,18.05,16.74,49.58,71.07,36.57,13.87,8.52,15.1,11.91,57.47,19.68,8.9,9.84,93.7,40.4,23.36,13.65,11.25,33.4,53.61,9.72,43.87,75.41,10.46,6.55,24.6,12.76,25.0,13.06,5.55,10.28,48.38,51.3,11.7,26.7,107.3,66.76,16.92,,27.95,18.11
2023-01-17 07:00:00,14.62,77.85,32.35,46.87,45.04,10.77,23.64,18.48,49.96,72.29,18.1,17.22,50.38,70.72,36.8,14.68,8.67,15.48,12.73,57.75,19.71,9.06,10.06,93.3,40.88,23.15,13.7,11.41,33.54,54.29,9.81,42.7,73.87,10.5,6.64,24.79,13.03,25.5,13.39,5.58,10.33,49.11,49.55,11.81,26.75,107.0,66.76,17.05,,27.95,18.35
2023-01-18 07:00:00,14.71,79.85,32.5,46.44,45.08,11.28,25.2,18.66,52.0,71.22,18.45,17.06,50.88,71.9,37.31,14.92,8.8,16.31,13.38,58.51,20.05,9.18,10.38,96.1,41.9,23.57,14.0,11.66,34.13,54.23,9.97,42.14,75.78,10.62,6.8,24.75,13.56,26.55,13.65,5.79,10.77,50.29,50.9,12.1,27.5,109.1,67.86,17.09,,29.0,18.8
2023-01-19 07:00:00,14.91,79.85,32.61,46.07,45.22,11.24,24.57,18.51,52.53,72.29,18.47,17.06,51.57,71.41,38.09,15.26,8.87,15.78,13.29,58.7,20.73,9.18,10.49,95.3,43.35,23.61,13.95,11.62,34.4,54.35,9.93,42.88,75.25,10.77,6.77,24.75,13.63,26.5,13.63,5.87,10.86,49.22,51.5,11.97,28.0,112.0,67.27,17.09,,29.0,18.95
2023-01-27 07:00:00,15.18,79.28,32.28,46.44,46.72,11.31,25.82,18.54,51.82,74.35,18.63,17.52,52.25,72.52,39.76,15.79,9.0,15.78,13.15,58.42,20.62,9.15,10.63,101.9,44.47,22.82,13.85,11.45,34.77,55.59,10.06,43.94,75.29,11.2,6.86,24.9,13.93,26.65,13.7,5.95,11.21,51.47,51.9,12.26,28.8,114.5,66.93,17.09,,29.7,19.21
2023-01-30 07:00:00,14.88,80.14,31.92,46.8,46.96,11.35,25.82,18.23,51.73,77.25,18.52,16.77,52.06,73.55,39.68,15.83,9.03,16.16,13.56,58.22,20.5,8.96,10.41,102.0,43.98,22.66,13.65,11.25,33.9,57.14,10.01,44.86,76.79,10.93,6.71,24.75,13.83,25.85,13.49,5.98,11.12,50.51,51.5,12.23,28.75,113.0,66.76,16.96,,29.3,19.0
2023-01-31 07:00:00,14.65,79.95,31.59,46.95,46.39,11.51,24.2,18.11,51.46,77.0,19.05,16.7,50.82,72.86,39.99,15.26,9.2,16.42,13.65,57.47,20.84,8.84,10.14,100.1,43.93,22.66,14.05,11.41,33.49,55.78,10.14,45.54,75.57,11.32,6.58,24.64,13.93,25.15,13.25,5.98,10.96,49.39,50.4,11.99,28.25,112.0,64.66,16.78,,29.25,18.72
2023-02-01 07:00:00,14.71,80.04,30.9,44.68,46.39,11.08,24.2,17.5,53.15,77.33,18.34,16.61,50.88,73.14,39.99,14.92,9.54,15.89,13.29,56.99,19.56,8.53,10.22,95.1,44.27,22.24,14.3,11.58,32.94,53.36,9.89,45.05,75.61,11.67,6.49,24.6,13.43,25.4,13.23,6.01,10.89,50.12,48.0,12.42,27.4,111.0,64.66,15.95,,28.0,18.51
2023-02-02 07:00:00,14.53,79.28,30.54,43.51,45.74,10.38,23.84,17.62,51.91,77.25,18.56,16.41,50.57,73.42,39.84,14.39,9.36,15.97,13.29,55.95,19.9,8.38,10.03,95.0,44.85,22.32,14.05,11.29,33.03,52.8,9.81,44.24,75.41,11.74,6.4,24.46,13.3,25.4,13.04,5.75,10.98,49.84,47.7,12.36,27.55,112.0,64.49,15.99,,28.05,18.47
2023-02-03 07:00:00,14.3,80.24,31.3,43.51,45.93,10.73,24.2,17.83,51.38,77.41,18.76,16.44,49.82,72.59,40.07,14.44,9.08,15.89,13.24,55.85,19.86,8.47,10.06,93.6,46.31,21.99,14.3,11.2,33.03,50.94,9.81,43.63,75.29,11.98,6.4,23.32,13.1,26.05,12.8,5.72,11.0,50.12,47.5,12.5,27.5,109.1,63.82,15.9,,28.6,18.44
2023-02-06 07:00:00,14.15,80.14,31.12,42.27,46.02,10.66,24.24,17.53,50.67,78.15,18.89,16.57,49.58,71.9,40.93,14.59,9.2,15.55,12.96,55.85,20.05,8.38,10.01,93.5,44.27,22.24,14.6,11.2,33.86,51.25,9.89,43.81,77.03,12.1,6.37,23.17,12.96,25.6,12.78,5.83,11.1,51.47,47.1,12.5,27.15,107.5,63.82,15.82,,28.3,18.28
2023-02-07 07:00:00,14.3,80.24,31.7,43.07,46.02,10.42,23.84,17.9,49.16,79.72,18.65,16.25,50.07,72.45,41.7,14.2,9.18,14.91,12.46,55.38,20.43,8.38,9.92,93.3,44.27,23.2,14.55,10.7,35.55,51.19,9.97,45.05,77.48,11.32,6.21,23.17,12.73,25.55,12.94,5.87,11.24,51.75,46.05,12.15,26.8,108.0,63.99,15.82,,28.55,18.3
2023-02-08 07:00:00,14.39,79.66,31.84,43.51,45.93,10.35,23.44,17.92,47.92,78.57,18.47,15.89,50.14,73.28,40.54,13.96,9.03,14.95,12.0,55.38,20.05,8.38,9.87,93.5,43.11,23.11,13.9,10.07,34.04,50.94,9.93,44.8,76.59,11.04,6.15,23.36,12.5,25.0,12.94,5.74,11.4,51.81,44.45,12.15,26.5,108.0,63.65,15.73,,28.45,18.21
2023-02-09 07:00:00,14.36,79.57,31.92,44.32,46.07,10.58,23.84,18.05,48.72,77.82,18.76,15.86,50.2,74.04,40.54,14.2,9.08,15.59,13.01,55.09,20.2,8.53,9.92,91.8,42.62,22.99,14.0,10.07,34.18,51.25,9.93,44.86,77.8,11.32,6.21,23.43,12.9,24.2,12.9,5.87,11.33,52.31,45.3,12.17,26.2,101.9,63.06,15.77,,28.15,18.12
2023-02-10 07:00:00,14.18,79.76,31.16,43.88,45.88,10.38,23.04,17.86,48.54,79.31,18.45,14.92,50.07,73.21,40.93,14.01,9.13,15.25,12.78,55.57,20.32,8.53,9.9,89.5,40.78,23.24,13.7,9.95,34.13,51.31,9.89,44.24,76.67,11.32,6.18,23.36,12.6,23.65,12.71,5.77,11.0,52.2,45.0,11.59,26.3,99.4,63.06,15.42,,27.8,17.88
2023-02-13 07:00:00,13.95,77.08,31.16,43.22,45.37,9.73,21.85,17.68,46.06,79.56,18.47,13.88,49.76,72.66,39.45,13.24,8.9,14.95,12.5,56.23,19.34,8.47,9.6,90.1,40.2,23.32,12.8,9.41,33.86,51.19,9.56,42.76,75.53,10.62,5.98,23.25,12.13,23.35,12.45,5.43,10.63,51.75,43.4,11.09,26.25,101.0,62.31,14.63,,27.55,17.48
2023-02-14 07:00:00,13.95,78.9,31.41,43.44,45.65,9.76,21.72,17.62,46.15,80.55,18.72,13.88,49.89,72.86,40.23,13.39,9.0,15.33,13.19,56.61,19.68,8.41,9.63,91.6,41.07,23.78,11.95,8.78,34.04,50.44,9.72,43.38,75.82,10.81,6.04,23.17,12.36,24.05,12.52,5.53,10.89,51.3,42.2,11.26,25.4,101.0,62.56,14.71,,27.4,17.59
2023-02-15 07:00:00,13.92,79.57,31.3,44.75,45.83,9.8,21.85,17.56,46.68,80.96,18.8,13.49,49.95,72.93,40.15,13.48,8.98,15.33,13.52,56.33,19.98,8.38,9.6,92.0,41.17,23.65,11.15,8.36,34.5,50.5,9.72,43.38,76.18,10.89,6.06,23.25,12.56,22.95,12.57,5.47,10.96,51.3,41.6,11.23,25.45,101.1,62.56,14.71,,27.6,17.6
2023-02-16 07:00:00,14.3,79.95,31.92,44.75,46.11,10.19,22.74,17.77,46.95,81.13,18.88,13.55,50.2,73.42,40.23,13.91,9.05,15.59,13.79,55.57,20.43,8.56,9.76,92.1,41.46,23.86,11.25,8.99,35.46,50.75,9.97,43.69,76.18,11.28,6.13,23.32,12.8,23.45,12.85,5.6,11.05,51.86,42.0,11.48,25.7,101.0,63.57,15.07,,27.7,17.75
2023-02-17 07:00:00,14.39,80.24,32.61,44.46,46.72,10.35,22.98,18.05,46.68,81.05,18.44,14.57,50.38,73.62,40.54,14.01,9.23,15.89,14.11,55.19,20.88,8.65,9.79,91.1,41.51,23.69,11.2,9.11,35.32,50.82,10.1,43.75,75.61,11.36,6.15,23.32,12.83,24.35,12.99,5.71,11.07,51.75,42.5,11.65,26.1,101.2,63.32,15.15,,28.0,17.85
2023-02-20 07:00:00,14.44,80.71,33.22,44.24,47.24,10.5,23.34,18.23,46.77,79.31,18.2,14.77,50.63,74.04,40.54,14.15,9.33,15.89,14.3,55.0,20.92,8.96,9.79,91.4,41.41,24.11,11.8,9.16,35.04,51.31,10.22,44.18,76.38,11.47,6.21,23.43,12.96,24.2,13.09,5.75,11.12,52.31,43.4,11.87,26.5,101.7,63.48,15.07,,28.15,17.9
2023-02-21 07:00:00,14.94,81.0,33.55,44.46,47.14,10.97,24.63,18.32,48.01,81.05,18.2,15.16,51.38,74.73,41.47,14.73,9.48,16.35,14.53,54.9,21.07,9.06,10.06,93.2,43.01,23.82,12.75,9.74,36.14,52.18,10.3,44.86,76.02,11.67,6.37,23.58,13.66,25.35,13.39,6.18,11.35,52.88,45.1,12.09,26.85,102.3,64.49,15.68,,29.15,18.37
2023-02-22 07:00:00,14.56,79.47,32.64,44.32,46.77,10.46,24.17,17.74,46.95,80.22,17.52,15.2,50.88,73.76,41.55,13.96,9.43,16.05,13.79,53.48,20.13,8.72,9.87,91.0,41.66,23.49,12.0,9.16,34.95,51.5,9.93,44.18,75.78,11.28,6.21,23.39,12.9,24.7,12.99,6.06,11.0,52.03,42.6,11.65,26.2,100.8,63.48,15.37,,28.1,18.01
2023-02-23 07:00:00,14.21,78.99,31.7,43.73,45.83,10.07,22.91,17.37,44.91,80.3,16.74,14.85,50.14,72.31,39.84,13.63,8.98,15.44,13.33,53.0,19.34,8.56,9.57,87.0,40.69,23.11,11.2,8.74,34.31,50.26,9.85,43.07,74.97,10.89,6.1,23.06,12.56,24.05,12.75,5.72,10.89,51.3,40.6,11.48,25.55,97.9,62.56,15.07,,26.5,17.5
2023-02-24 07:00:00,14.39,78.9,32.21,43.88,45.74,10.19,23.18,17.34,44.73,80.14,17.01,14.88,50.01,72.45,40.07,13.72,8.92,15.63,13.79,52.34,19.3,8.72,9.57,84.9,40.3,24.07,11.4,8.82,34.36,49.39,9.93,43.01,74.97,11.16,6.12,22.88,12.7,24.3,12.83,5.76,10.98,50.63,40.9,11.65,25.85,96.0,62.64,15.11,,26.3,17.48
2023-02-27 07:00:00,14.12,77.37,31.63,43.29,44.99,9.96,22.05,16.85,43.49,79.06,16.91,14.1,49.7,71.07,37.89,13.39,8.62,15.1,13.24,50.63,18.85,8.53,9.33,79.9,39.23,23.53,10.75,8.44,33.81,47.22,9.81,41.83,75.01,10.89,6.02,22.88,12.2,23.6,12.57,5.55,10.77,51.58,39.4,11.4,25.7,94.0,62.22,14.58,,25.55,17.05
2023-02-28 07:00:00,14.21,78.9,31.95,43.73,45.08,10.0,22.18,16.82,43.05,78.82,16.38,13.95,49.45,71.35,37.85,13.29,8.67,15.06,13.15,52.15,18.48,8.56,9.28,80.0,38.6,23.65,10.6,8.34,33.99,47.28,9.93,42.26,75.17,11.04,6.01,23.1,12.16,23.6,12.52,5.52,10.89,52.09,40.4,11.34,26.0,97.0,63.15,14.89,,26.1,17.17
2023-03-01 07:00:00,14.18,78.23,31.77,43.44,45.08,9.84,22.25,16.64,43.76,79.97,16.57,13.75,48.95,71.21,37.81,13.34,8.49,14.99,13.19,51.96,18.36,8.53,9.19,79.7,38.02,23.65,10.05,8.31,34.13,47.22,9.89,41.7,75.21,11.2,5.96,23.14,12.13,23.6,12.31,5.47,10.79,51.86,39.8,11.26,25.8,97.8,63.06,14.71,,26.2,17.06
2023-03-02 07:00:00,14.65,79.66,32.93,44.46,45.83,10.23,23.18,17.04,44.73,80.3,16.89,14.03,49.64,72.17,38.9,13.67,8.95,15.59,14.11,52.34,18.55,8.75,9.38,79.0,38.75,24.19,10.25,8.61,32.89,48.4,10.22,42.7,76.21,11.47,6.09,23.36,12.46,25.2,12.75,5.61,11.12,51.64,40.45,11.59,26.15,98.1,63.99,15.2,,26.2,17.44
2023-03-03 07:00:00,14.36,77.85,32.82,43.73,45.32,10.07,23.04,16.85,44.2,80.14,16.6,13.99,48.83,70.93,38.2,13.53,8.87,15.4,14.07,51.96,18.02,8.75,9.28,76.0,38.17,24.56,10.15,8.44,34.86,48.77,10.22,42.14,75.44,11.28,6.02,23.17,12.33,25.0,12.54,5.58,10.93,51.13,40.55,11.45,26.1,98.0,63.06,14.89,,25.7,17.27
2023-03-06 07:00:00,14.24,79.18,32.86,43.51,44.9,10.23,23.51,17.1,44.38,78.9,16.57,14.1,48.58,71.48,37.97,13.63,8.92,15.44,13.88,51.48,18.48,8.81,9.36,74.4,38.17,24.4,11.0,9.2,35.41,48.58,10.22,42.08,75.36,11.08,6.1,23.47,12.53,24.7,12.61,5.67,10.96,51.19,41.5,11.42,26.05,96.3,63.06,15.02,,26.15,17.3
2023-03-07 07:00:00,14.24,79.47,33.0,43.44,45.04,10.23,23.64,17.4,44.02,77.82,16.36,14.34,49.02,71.69,38.09,13.67,9.13,15.55,14.25,51.29,19.34,8.81,9.38,75.2,37.97,24.65,10.8,9.2,35.64,47.9,10.34,42.08,75.44,11.2,6.1,23.58,12.56,24.85,12.78,5.63,10.93,51.24,42.1,11.4,26.2,97.1,63.48,15.24,,26.4,17.39
2023-03-08 07:00:00,14.21,78.9,33.3,43.15,45.04,10.15,23.51,17.46,43.85,78.98,16.26,15.2,48.83,71.55,38.12,13.58,9.18,15.74,14.62,50.82,18.02,8.81,9.3,77.8,37.44,24.07,10.55,9.2,35.32,47.77,10.3,41.82,75.11,11.2,6.05,23.5,12.7,24.85,12.66,5.58,10.89,51.02,41.3,11.29,26.1,97.2,63.06,15.15,,26.4,17.34
2023-03-09 07:00:00,14.59,79.38,34.13,43.51,45.6,10.5,23.57,17.96,44.73,79.31,16.43,15.9,49.26,72.66,39.68,13.96,9.28,16.05,14.94,50.82,19.38,9.09,9.52,80.1,38.31,24.77,10.85,9.74,35.18,49.02,10.47,42.58,75.93,11.55,6.18,23.61,13.2,25.45,12.85,5.71,11.17,51.58,42.25,11.54,26.3,100.0,64.07,15.86,,26.95,17.7
2023-03-10 07:00:00,14.5,78.61,34.06,43.07,45.46,10.46,24.5,17.62,45.35,79.48,16.5,15.66,49.14,72.79,39.21,14.3,9.2,15.89,14.53,50.44,19.41,9.09,9.52,80.5,38.17,24.32,10.6,9.7,34.77,48.58,10.63,42.51,75.24,11.43,6.21,23.54,13.0,25.95,12.75,5.61,11.17,51.47,42.0,11.48,26.25,98.6,63.99,15.77,,26.9,17.67
2023-03-13 07:00:00,14.27,78.71,33.55,42.78,45.27,10.38,24.43,17.56,45.44,79.39,16.53,15.66,48.58,73.07,38.98,14.15,9.23,15.82,14.62,50.82,19.45,9.09,9.38,83.8,38.17,24.27,10.6,9.41,34.31,49.39,10.59,42.58,75.76,11.24,6.09,23.54,12.83,25.0,12.54,5.55,11.05,51.08,42.75,11.42,26.25,99.1,64.41,16.39,,27.85,17.7
2023-03-14 07:00:00,14.03,78.52,32.46,42.27,45.55,10.42,23.84,17.4,45.18,78.49,16.02,15.04,48.83,72.79,38.59,13.72,9.2,15.29,14.11,52.15,19.08,9.06,9.3,82.5,37.1,23.73,10.65,9.49,33.81,49.7,10.51,42.45,76.17,10.89,6.1,23.36,12.7,24.1,12.42,5.47,11.14,50.91,44.1,11.17,26.3,99.8,63.57,16.83,,28.25,17.59
2023-03-15 07:00:00,14.33,79.28,32.97,42.49,45.65,10.81,24.37,17.83,45.88,78.9,16.16,15.35,49.2,73.55,39.21,13.96,9.31,15.59,14.57,52.53,18.96,9.15,9.46,83.6,38.17,24.19,10.9,9.87,33.86,49.76,10.68,42.64,77.03,11.04,6.21,23.72,13.03,24.9,12.66,5.59,11.35,51.24,44.95,11.42,26.5,102.6,64.32,17.23,,28.2,17.84
2023-03-16 07:00:00,14.15,77.94,33.4,40.95,45.37,10.81,24.43,17.5,45.26,77.74,16.02,15.2,48.77,71.9,38.9,14.06,8.98,15.52,14.71,52.15,19.6,9.18,9.41,82.0,37.59,24.03,11.05,9.87,33.21,49.02,10.88,42.08,76.17,11.08,6.21,23.47,13.46,24.5,12.45,5.55,11.38,50.34,44.25,11.54,26.5,99.6,63.82,16.87,,28.45,17.77
2023-03-17 07:00:00,14.27,77.56,33.37,41.1,45.32,10.89,24.3,17.68,45.71,77.08,16.09,15.23,48.89,71.55,38.28,14.2,9.13,15.44,14.76,50.25,19.71,9.18,9.44,82.7,37.64,23.82,11.15,9.95,31.93,48.4,10.92,42.45,77.07,11.12,6.21,23.5,13.4,24.55,12.57,5.56,11.52,50.06,43.35,11.59,26.2,102.0,62.64,17.05,,28.95,17.79
2023-03-20 07:00:00,14.06,76.89,32.64,41.83,45.74,10.97,24.27,17.19,44.82,75.18,16.04,14.57,48.27,71.0,38.55,13.67,8.98,15.14,14.43,50.15,18.74,8.93,9.36,79.4,36.86,23.65,11.05,9.74,32.35,49.02,10.59,41.89,75.81,10.85,6.1,23.1,13.03,24.2,12.4,5.59,11.2,47.87,42.55,11.4,25.7,103.1,62.31,17.0,,28.05,17.4
2023-03-21 07:00:00,13.97,76.89,32.5,41.98,45.55,11.0,24.1,17.19,43.85,76.17,16.11,14.18,47.96,70.79,38.83,13.53,8.85,15.02,14.34,50.34,19.0,8.93,9.3,79.0,36.33,23.78,10.9,9.49,31.61,48.7,10.63,40.94,75.72,10.85,6.13,23.03,12.93,24.15,12.33,5.57,11.12,48.04,43.0,11.31,25.8,101.6,62.39,17.18,,28.15,17.37
2023-03-22 07:00:00,14.09,76.89,32.97,42.19,45.6,10.93,24.8,17.31,44.82,76.5,16.33,14.49,48.27,70.86,38.83,13.87,8.87,15.25,14.57,51.29,19.49,9.09,9.38,78.2,36.76,24.03,11.05,9.74,31.61,48.46,10.84,42.01,74.75,11.08,6.21,23.17,13.26,24.6,12.38,5.68,11.25,48.71,45.6,11.45,26.05,102.1,62.56,18.02,,28.85,17.68
2023-03-23 07:00:00,14.03,76.89,32.86,41.76,45.37,10.93,25.49,17.25,44.38,77.16,16.21,14.53,48.27,70.38,38.59,13.72,8.92,15.18,14.34,51.1,19.49,9.09,9.36,78.5,36.33,24.06,10.9,9.78,31.57,48.4,10.72,41.57,75.03,11.04,6.15,23.14,13.13,24.5,12.21,5.64,11.25,49.11,46.85,11.31,26.05,102.6,62.22,18.33,,29.0,17.61
2023-03-24 07:00:00,14.36,77.66,33.0,41.9,44.9,11.2,26.02,17.37,44.64,76.25,16.36,14.81,48.52,70.45,38.67,14.01,9.03,15.37,14.62,55.85,19.6,9.27,9.52,77.7,36.42,24.06,11.1,9.87,32.85,48.46,10.8,42.01,75.36,11.12,6.4,23.14,13.63,25.05,12.42,5.76,11.35,50.01,48.0,11.51,26.25,104.6,62.89,18.37,,29.2,17.85
2023-03-27 07:00:00,14.27,77.37,32.64,42.05,45.13,11.2,26.12,17.37,44.73,76.5,16.33,14.77,48.83,70.38,38.75,14.2,9.13,15.4,14.53,56.14,19.9,9.52,9.57,76.2,36.67,24.02,12.1,10.28,32.67,48.33,10.84,42.08,75.6,11.08,6.4,23.03,13.66,24.95,12.45,5.64,11.35,49.5,48.4,11.59,26.4,103.9,62.47,18.5,,28.65,17.85
2023-03-28 07:00:00,14.33,77.66,33.37,42.49,45.37,11.31,26.16,17.65,45.18,76.25,16.26,14.77,48.21,70.66,40.07,14.2,9.15,15.67,14.94,56.8,19.9,9.46,9.74,76.8,36.91,24.28,12.6,10.33,32.67,47.84,10.97,42.08,75.44,11.12,6.52,22.99,13.86,25.3,12.61,5.83,11.33,50.68,47.0,11.73,26.6,104.5,62.56,18.11,,29.05,18.0
2023-03-29 07:00:00,14.27,76.89,33.04,42.49,45.04,11.24,26.19,17.68,45.26,76.83,16.23,14.69,48.89,70.79,39.29,14.01,9.2,15.67,14.89,57.28,20.09,9.43,9.79,76.8,37.49,24.4,12.4,10.16,32.67,47.22,10.97,41.95,74.99,11.04,6.55,22.88,13.86,25.15,12.99,5.75,11.28,50.91,47.1,11.7,26.45,104.0,62.56,18.15,,28.75,17.98
2023-03-30 07:00:00,14.39,77.66,33.51,42.41,45.18,11.47,27.41,17.68,45.35,76.5,16.31,14.69,49.02,70.66,39.68,14.11,9.33,15.71,14.89,56.99,20.28,9.46,9.87,78.5,36.96,24.58,12.6,10.24,33.31,47.65,10.8,42.08,75.11,10.97,6.52,22.84,14.0,25.4,13.09,5.84,11.35,51.75,48.1,11.84,26.7,104.2,62.73,18.24,,29.3,18.18
2023-03-31 07:00:00,14.44,77.94,33.4,42.05,45.27,11.24,28.84,17.62,45.0,76.25,16.09,14.61,49.14,70.24,39.91,14.06,9.54,15.4,14.34,57.56,20.28,9.4,9.82,77.8,37.05,24.49,12.65,10.24,34.18,48.02,10.8,42.08,74.75,11.04,6.49,22.84,13.93,25.85,13.13,5.82,11.46,50.91,49.6,11.79,26.8,104.5,62.56,18.33,,29.55,18.25
2023-04-03 07:00:00,14.65,78.13,33.22,42.49,45.46,11.47,29.14,18.05,45.53,76.59,16.26,14.77,49.2,70.38,40.07,14.97,9.69,15.78,14.76,57.28,20.88,9.52,9.95,76.8,37.49,24.66,12.7,10.53,33.86,47.46,10.84,42.58,73.73,11.2,6.58,22.92,14.63,26.5,13.56,5.92,11.54,51.3,52.0,11.95,27.8,102.6,62.39,18.41,,29.5,18.47
2023-04-04 07:00:00,14.68,78.04,33.15,42.85,45.6,11.9,29.4,18.14,46.06,76.01,16.55,15.2,49.76,70.24,40.69,15.07,9.72,15.86,14.89,57.28,21.55,9.55,10.06,76.9,37.83,24.92,12.65,10.79,34.36,47.34,10.92,42.83,72.42,11.47,6.8,22.95,14.57,26.5,13.72,6.02,11.64,51.53,51.0,12.01,28.4,102.0,62.39,18.5,,29.05,18.52
2023-04-05 07:00:00,14.68,77.56,32.86,43.58,45.65,11.86,30.59,18.02,47.39,76.01,16.77,15.16,49.58,70.24,41.16,15.16,9.79,15.86,14.99,56.99,21.67,9.58,10.06,77.6,38.27,25.39,12.75,10.91,34.54,47.53,11.01,42.7,71.49,11.59,6.95,22.88,14.77,25.9,13.79,6.02,11.56,51.24,50.6,12.15,27.5,101.0,62.31,18.63,,29.2,18.48
2023-04-06 07:00:00,14.59,76.89,32.86,43.88,45.37,11.82,30.59,18.14,47.04,75.43,17.04,15.0,49.95,69.97,40.3,14.97,9.97,16.2,15.08,57.09,21.03,9.3,10.01,77.0,37.83,25.35,13.05,11.12,34.18,47.65,10.88,43.52,71.9,11.67,6.92,22.88,14.6,25.65,13.86,6.17,11.72,51.3,51.2,11.92,27.25,101.5,62.47,18.41,,29.3,18.5
2023-04-07 07:00:00,14.59,76.41,33.0,44.61,45.22,11.62,30.46,17.99,46.5,75.59,17.23,14.88,49.76,69.69,40.3,14.87,9.79,15.97,14.66,57.18,20.99,9.09,9.92,76.9,37.3,24.96,13.1,10.99,34.13,47.34,10.8,43.33,71.73,11.82,6.74,22.81,14.53,25.5,13.89,6.15,11.85,50.34,50.3,11.8,26.7,101.5,62.47,18.19,,28.5,18.29
2023-04-10 07:00:00,14.56,75.55,32.42,45.41,45.32,11.62,30.79,17.99,46.59,75.35,16.5,14.85,49.82,68.65,40.3,15.26,9.94,15.59,14.34,57.66,21.03,9.03,10.06,77.1,37.97,24.96,13.25,11.04,34.04,47.53,10.8,43.02,71.69,12.06,7.08,22.84,14.87,25.85,13.98,6.14,11.82,50.06,49.8,11.8,26.65,101.2,62.56,18.24,,28.9,18.35
2023-04-11 07:00:00,14.47,75.74,32.03,45.49,45.41,11.43,30.82,17.92,46.15,75.43,16.6,14.81,49.82,68.65,40.61,15.07,9.84,15.59,14.2,57.66,20.99,8.99,9.98,77.2,38.94,24.96,12.65,10.62,33.67,48.08,10.92,43.2,71.28,12.13,7.17,22.77,14.57,25.6,13.98,5.95,11.74,49.61,49.3,11.8,26.4,101.0,62.31,18.24,,28.85,18.13
2023-04-12 07:00:00,14.53,75.65,32.06,45.78,45.37,11.62,31.65,18.05,46.77,75.59,16.82,15.0,49.7,68.72,41.0,15.64,9.97,15.63,14.3,57.84,21.4,9.18,10.03,77.9,39.23,25.61,14.5,11.2,33.67,48.33,11.09,43.52,69.53,12.29,7.38,22.81,14.67,25.8,14.22,6.08,11.87,49.5,51.0,11.97,26.3,99.3,62.22,18.19,,28.5,18.4
2023-04-13 07:00:00,14.56,75.84,32.21,45.19,45.27,11.62,30.46,17.86,47.04,75.51,16.89,15.23,49.33,68.79,41.16,15.31,9.84,15.4,13.79,58.04,21.89,9.12,10.01,79.2,39.38,25.61,14.3,11.45,33.86,47.71,11.13,43.14,68.64,11.98,7.38,22.81,14.47,26.05,14.27,6.06,11.98,49.39,50.3,11.92,26.35,98.2,61.8,17.8,,28.2,18.33
2023-04-14 07:00:00,14.56,75.74,32.24,45.41,44.9,11.55,30.36,17.86,49.02,76.5,16.65,15.27,49.33,67.69,41.78,14.68,9.94,15.52,13.97,58.13,21.4,9.15,9.9,78.1,38.75,24.92,14.15,11.2,33.4,47.96,10.84,42.7,68.03,11.74,7.23,22.81,14.17,25.7,13.65,5.83,12.03,49.61,49.7,11.8,26.35,98.1,61.21,17.93,,28.45,18.23
2023-04-17 07:00:00,14.53,75.08,32.21,45.49,44.15,11.24,30.36,17.68,47.67,76.92,16.5,15.31,49.14,67.0,41.63,14.59,9.84,15.59,14.11,58.8,21.4,8.75,9.82,77.2,38.31,24.75,14.3,11.04,32.99,48.15,10.88,42.39,66.8,11.67,7.11,22.84,14.13,25.65,13.58,5.83,11.82,49.39,50.0,11.72,26.2,98.0,60.29,17.89,,27.9,18.1
2023-04-18 07:00:00,14.5,75.08,32.13,45.34,43.87,11.28,31.85,17.8,48.03,76.92,16.5,15.04,49.26,66.72,40.85,14.68,9.74,15.74,14.34,58.51,21.48,8.56,9.76,77.8,38.7,24.79,14.35,11.33,33.12,48.27,11.01,42.45,67.05,11.98,7.04,22.81,14.13,25.8,13.65,5.79,11.72,49.22,50.5,11.69,26.2,98.8,60.37,17.71,,28.25,18.13
2023-04-19 07:00:00,14.3,75.08,32.06,45.34,43.17,11.28,34.1,17.59,48.21,75.59,16.5,15.16,49.33,65.62,40.85,14.39,9.72,15.74,14.07,58.8,21.37,8.44,9.79,78.0,38.75,25.26,14.55,11.29,33.31,48.15,10.84,42.33,67.7,11.98,6.98,22.81,14.2,25.5,13.7,5.77,11.59,49.5,50.0,11.58,26.15,98.6,60.54,17.36,,27.8,18.02
2023-04-20 07:00:00,14.18,75.27,32.03,49.73,43.4,11.24,34.56,17.43,48.3,75.84,16.55,15.39,49.26,65.96,41.0,14.25,9.69,15.71,14.02,58.98,21.25,8.44,9.76,77.7,38.65,25.18,14.3,11.04,33.26,47.77,10.84,42.2,69.45,11.9,6.92,22.73,14.07,25.5,13.49,5.79,11.54,49.5,49.85,11.55,26.1,99.1,60.37,16.96,,27.95,17.97
2023-04-21 07:00:00,14.21,75.17,32.06,50.82,43.45,11.08,34.83,17.5,46.95,81.71,16.31,15.0,49.33,65.69,40.77,14.49,9.59,15.67,13.56,58.42,21.07,8.44,9.76,76.2,38.07,25.18,13.55,10.7,33.31,47.53,10.47,41.76,69.45,12.29,6.83,22.73,14.27,25.5,13.56,5.79,11.61,49.16,49.9,11.44,26.05,97.5,59.53,17.05,,27.6,17.87
2023-04-24 07:00:00,14.12,74.79,31.7,53.24,43.35,11.0,37.08,17.31,46.32,83.94,16.09,14.73,49.14,64.24,40.77,14.35,9.51,15.55,13.24,59.18,20.8,8.22,9.74,73.3,37.05,25.22,13.2,10.53,33.44,47.46,10.55,41.13,69.45,12.8,6.71,22.62,14.33,25.45,13.53,5.82,11.66,48.94,50.2,11.44,26.1,95.9,59.03,17.05,,28.0,17.78
2023-04-25 07:00:00,14.12,74.03,31.3,52.43,42.65,11.0,36.42,17.5,46.04,84.35,16.02,14.65,48.7,63.48,40.77,14.44,9.33,15.67,13.52,59.27,21.18,8.1,9.82,71.1,36.33,25.91,13.7,10.79,33.31,46.84,10.59,40.82,68.84,13.18,6.71,22.59,14.0,24.9,13.7,5.84,11.72,49.22,49.85,11.32,25.9,95.0,58.69,16.96,,27.4,17.7
2023-04-26 07:00:00,14.03,74.31,31.34,52.43,42.09,10.69,37.48,17.16,45.95,83.52,15.6,14.49,48.27,63.2,40.85,14.39,9.33,15.82,13.61,59.08,20.73,8.04,9.79,70.5,36.47,25.65,13.5,10.66,33.31,45.91,10.43,40.25,69.57,13.07,6.61,22.26,13.83,24.65,13.63,5.83,11.66,49.44,48.0,11.35,25.85,94.8,58.86,16.83,,26.85,17.6
2023-04-27 07:00:00,14.12,74.22,31.55,57.19,41.95,11.0,37.81,17.4,46.5,85.92,15.82,14.69,48.58,63.62,40.93,14.73,9.51,16.35,14.02,59.74,21.25,8.5,9.9,71.3,36.96,25.87,13.8,10.87,33.86,46.35,10.59,40.25,69.04,12.99,6.8,22.18,14.1,25.15,14.1,5.9,11.9,49.73,46.85,11.49,25.25,95.0,58.44,17.05,,27.0,17.75
2023-04-28 07:00:00,14.15,74.41,31.55,56.45,41.95,11.08,38.74,17.5,46.41,86.42,16.31,14.73,48.21,63.69,40.93,14.87,9.59,16.2,14.02,60.32,21.59,8.65,9.92,72.3,37.39,26.08,14.15,11.41,34.13,46.53,10.8,41.26,70.06,13.11,6.8,22.44,14.2,25.15,13.94,6.05,11.92,49.95,47.4,11.49,25.3,95.5,58.61,17.18,,27.1,17.8
2023-05-04 07:00:00,14.24,74.03,31.41,56.97,42.0,11.12,37.48,17.31,45.95,86.83,15.92,14.57,48.27,63.2,39.45,14.78,9.54,16.05,14.11,59.36,22.31,8.44,9.82,70.6,36.72,26.77,13.5,11.41,34.04,47.15,10.76,41.95,67.66,12.33,6.77,22.99,14.23,24.95,13.65,6.26,12.16,49.78,48.2,11.46,25.55,95.5,57.51,17.18,,27.2,17.7
2023-05-05 07:00:00,14.36,73.36,31.52,58.87,42.33,11.04,37.41,17.07,46.04,93.44,15.82,14.53,48.64,63.2,38.9,14.83,9.51,16.05,14.07,60.41,22.46,8.38,9.79,70.5,36.47,26.77,13.15,11.2,34.31,47.15,10.72,41.51,67.33,12.48,6.74,22.92,14.33,24.85,13.44,6.19,11.95,49.61,48.6,11.44,25.3,95.5,57.68,17.14,,27.1,17.68
2023-05-08 07:00:00,14.41,73.45,31.59,58.87,42.84,11.08,39.0,17.1,46.22,94.18,15.82,14.57,48.77,63.62,38.83,14.92,9.72,16.24,14.2,60.7,22.42,8.44,9.82,73.1,36.62,26.55,12.95,11.25,34.59,47.03,10.84,41.7,67.54,12.83,6.77,23.06,14.43,25.0,13.56,6.24,11.95,50.51,48.6,11.44,25.25,95.6,58.02,17.09,,27.15,17.75
2023-05-09 07:00:00,14.53,73.45,32.42,57.41,42.98,11.24,38.01,17.19,46.41,92.61,15.99,14.77,48.89,64.51,38.98,15.5,9.72,16.35,14.39,60.5,22.08,8.47,9.84,73.4,36.67,26.47,12.95,11.12,34.59,46.78,10.97,41.7,67.21,12.6,6.86,23.03,14.73,25.6,13.72,6.33,12.05,51.92,48.75,11.46,25.2,95.4,59.28,17.09,,27.35,17.86
2023-05-10 07:00:00,14.53,73.55,32.28,58.5,42.84,11.35,38.01,17.16,46.14,92.91,15.97,14.92,49.14,64.03,39.14,15.59,9.69,16.39,14.53,60.88,22.16,8.56,9.87,73.6,36.72,26.68,13.1,11.2,34.31,46.6,10.97,41.57,67.25,12.68,6.89,23.03,14.87,25.75,13.75,6.38,12.08,51.53,48.9,11.46,25.2,95.4,59.28,17.14,,27.45,17.89
2023-05-11 07:00:00,14.53,73.55,32.5,59.82,42.65,11.66,38.21,17.34,46.32,90.95,16.02,15.04,49.14,63.62,38.51,15.98,9.74,16.35,14.62,60.79,22.38,8.1,9.98,73.3,37.35,26.47,13.45,11.37,34.4,46.41,11.01,41.7,66.8,12.8,7.08,22.88,14.97,26.3,13.75,6.52,12.13,51.19,48.95,11.63,25.15,95.9,58.86,17.27,,27.85,17.96
2023-05-12 07:00:00,14.53,73.45,32.32,59.82,42.14,11.62,41.05,17.28,46.59,92.31,16.07,14.96,49.02,63.48,38.16,15.88,9.79,16.35,14.76,61.08,22.38,8.47,9.95,73.3,37.01,26.04,13.7,11.5,34.22,46.16,10.92,41.45,66.36,12.56,7.01,22.66,14.9,26.35,13.7,6.44,12.11,51.08,48.9,11.58,25.25,95.7,58.44,17.23,,27.75,17.9
2023-05-15 07:00:00,14.62,73.64,32.57,60.11,42.51,11.62,41.25,17.25,46.5,92.22,16.02,15.08,50.26,63.62,38.48,15.5,9.89,16.73,14.62,61.26,22.31,8.56,10.11,74.1,37.64,26.47,13.5,11.54,34.31,46.53,10.97,41.57,66.8,12.6,7.08,22.59,15.3,26.9,13.89,6.4,12.18,51.3,51.5,11.66,27.0,96.4,58.02,17.4,,28.3,18.17
2023-05-16 07:00:00,14.59,73.64,32.46,60.48,42.28,11.59,41.78,17.16,45.95,92.99,15.8,15.0,50.26,63.62,38.86,15.11,9.89,16.58,14.43,61.08,21.93,8.5,10.11,73.2,37.01,26.51,13.4,11.29,34.54,46.22,11.09,42.26,66.31,12.52,7.01,22.26,15.27,27.0,14.05,6.39,12.23,51.36,51.5,11.78,26.4,97.0,58.02,17.27,,28.0,18.17
2023-05-17 07:00:00,14.56,73.55,32.5,62.16,42.14,11.43,41.85,16.88,45.86,91.8,15.82,14.69,50.45,63.34,38.59,15.21,9.92,16.46,14.25,61.08,21.37,8.5,9.98,73.0,36.76,26.3,13.3,11.2,34.31,46.04,11.01,41.82,66.03,12.6,6.98,22.04,14.97,26.9,13.82,6.44,12.05,51.92,52.2,11.8,26.25,97.5,57.85,16.92,,27.9,18.03
2023-05-18 07:00:00,14.56,73.74,32.28,61.28,41.9,11.39,41.72,16.88,45.5,93.42,15.87,14.69,50.63,63.34,38.9,15.16,9.87,16.5,14.2,61.26,21.44,8.5,9.98,72.7,36.91,26.34,13.2,10.91,34.08,45.6,11.01,41.76,65.82,12.48,7.08,21.82,15.0,27.0,13.82,6.74,12.08,51.86,53.5,11.78,26.5,97.8,57.6,16.92,,27.6,18.04
2023-05-19 07:00:00,14.5,73.64,32.13,58.57,41.44,11.43,41.32,16.97,45.14,93.76,15.6,14.73,50.88,64.24,39.14,15.21,9.82,16.39,14.16,60.98,21.82,8.56,10.03,71.6,36.62,26.64,13.05,10.95,34.27,44.98,11.09,41.96,65.21,12.25,7.04,21.85,15.14,27.2,13.82,6.51,12.03,52.09,53.5,12.06,26.05,98.2,57.68,16.92,,27.7,18.04
2023-05-22 07:00:00,14.59,73.36,32.21,57.71,40.97,11.7,41.45,17.16,45.14,93.42,15.09,14.77,51.01,64.86,38.48,15.59,9.84,16.46,14.34,60.6,21.93,8.65,10.09,71.4,36.86,27.5,13.25,11.08,34.4,44.67,11.17,42.61,65.26,12.52,7.2,21.93,15.27,27.8,14.03,6.67,12.18,51.86,53.5,12.14,25.95,97.5,57.35,17.0,,27.85,18.19
2023-05-23 07:00:00,14.65,73.26,31.81,59.19,40.97,12.32,42.38,17.0,45.41,93.59,15.34,15.2,50.63,64.24,38.51,15.59,9.87,16.35,14.57,60.03,21.82,8.69,10.11,70.2,37.01,27.84,13.1,11.08,34.27,44.73,11.3,44.12,64.44,12.68,7.2,21.93,15.24,27.7,14.17,6.75,12.29,51.81,53.0,12.0,26.1,98.0,56.34,17.18,,27.65,18.01
2023-05-24 07:00:00,14.62,72.78,31.55,57.87,41.58,12.44,42.91,16.94,45.77,93.33,15.19,15.2,50.45,63.82,38.59,15.45,9.89,16.12,14.34,60.22,21.82,8.59,10.03,70.0,36.72,28.06,13.25,11.33,34.13,44.3,11.17,44.49,64.56,12.41,7.23,21.89,15.17,27.3,14.05,6.75,12.18,51.69,53.3,11.92,26.15,97.9,55.58,17.09,,27.5,18.12
2023-05-25 07:00:00,14.59,72.88,31.52,57.24,41.16,12.86,42.38,16.91,45.32,94.18,15.07,14.96,50.38,63.82,38.75,15.4,9.87,16.05,14.16,60.12,21.74,8.56,9.98,70.8,36.62,27.8,13.15,11.12,33.86,44.05,11.13,43.98,63.54,12.41,7.08,21.74,15.0,26.85,13.98,6.69,12.08,51.41,54.0,11.83,26.1,96.7,55.5,16.92,,27.5,17.98
2023-05-26 07:00:00,14.62,73.36,31.48,59.97,40.69,12.98,41.85,16.88,45.32,91.12,15.19,15.04,51.19,64.51,38.59,16.17,9.89,15.78,13.97,60.03,22.16,8.56,9.95,71.4,36.81,27.93,12.75,11.16,34.18,44.24,11.17,44.12,63.14,12.29,7.11,21.93,15.04,26.85,14.01,6.73,12.13,51.75,54.6,11.83,26.0,97.4,56.42,16.83,,27.6,18.04
2023-05-29 07:00:00,14.65,73.45,31.48,60.6,40.69,13.33,42.05,17.07,45.41,92.48,15.22,15.23,51.57,64.51,38.63,16.36,10.0,16.05,14.11,60.32,22.42,8.75,10.01,71.4,36.96,28.06,12.95,11.2,34.5,44.11,11.21,44.05,63.22,12.41,7.14,22.04,15.2,27.3,14.08,7.04,12.29,51.75,55.0,11.92,26.0,98.1,56.42,16.92,,27.7,18.06
2023-05-30 07:00:00,14.65,74.12,31.63,60.83,40.88,13.17,41.65,17.13,46.68,92.91,15.22,15.62,51.57,64.03,38.71,17.13,10.0,16.08,14.34,60.03,22.46,8.84,10.09,71.6,37.64,28.01,13.15,11.45,34.63,43.99,11.21,44.05,63.26,12.48,7.17,21.96,15.44,27.4,14.17,6.94,12.39,51.98,54.6,12.03,26.15,98.0,55.92,17.05,,27.65,18.2
2023-05-31 07:00:00,14.65,73.74,31.59,61.3,40.69,13.56,42.38,17.07,48.12,93.33,15.43,15.66,51.69,64.03,38.83,17.27,9.86,16.01,13.97,60.6,22.27,8.9,10.06,72.0,37.73,28.23,13.4,11.96,34.27,43.93,11.21,43.91,63.54,12.76,7.2,22.04,15.37,27.55,14.12,6.98,12.57,52.37,53.5,12.09,26.0,97.5,55.58,16.96,,27.1,18.2
2023-06-01 07:00:00,14.92,73.83,31.66,61.07,40.59,13.33,41.72,17.1,48.39,92.91,15.29,15.82,51.69,63.48,38.9,17.37,9.73,15.93,13.74,60.22,21.93,8.93,10.03,71.5,37.49,28.14,13.5,12.17,34.27,43.49,11.21,44.05,63.71,12.64,7.17,22.26,15.4,27.65,14.05,7.13,12.96,52.43,53.0,12.09,25.8,97.0,55.5,16.92,,26.75,18.2
2023-06-02 07:00:00,15.06,73.83,31.92,59.04,41.06,13.48,41.98,17.19,49.38,95.46,15.34,16.33,51.69,63.48,39.68,17.85,10.02,16.24,14.02,60.32,21.93,9.15,10.3,71.8,37.97,28.19,13.75,12.25,34.31,43.68,11.26,44.05,64.2,12.72,7.32,22.48,15.84,28.15,14.5,6.97,13.35,52.48,53.0,12.43,25.95,96.5,55.08,17.23,,26.9,18.33
2023-06-05 07:00:00,15.2,73.83,32.42,58.1,41.58,13.79,42.38,17.59,50.56,93.76,15.8,15.98,52.13,63.89,39.76,17.47,10.19,16.35,14.34,60.6,22.04,9.3,10.68,72.8,39.52,28.31,13.45,12.21,35.23,45.29,11.3,44.2,64.81,12.72,7.44,22.99,15.97,28.05,15.07,6.98,13.48,53.55,53.3,13.05,26.0,96.4,55.66,17.4,,27.1,18.5
2023-06-06 07:00:00,15.23,74.03,32.13,58.8,41.67,13.64,42.51,17.56,52.91,94.87,15.87,15.94,52.69,65.07,40.15,17.37,10.16,16.31,14.43,60.98,22.27,9.33,10.71,73.5,39.77,28.44,13.4,12.12,35.46,44.92,11.38,44.92,64.89,12.91,7.51,22.99,15.97,27.75,15.0,6.98,13.25,54.28,53.9,13.11,26.1,96.6,55.5,17.36,,27.1,18.64
2023-06-07 07:00:00,15.3,73.83,32.17,60.52,41.62,13.87,43.24,17.65,53.81,94.61,15.97,16.21,52.44,64.72,39.6,17.71,10.19,16.65,15.08,60.98,22.38,9.27,10.95,73.5,39.77,28.01,13.65,12.54,35.09,44.61,11.38,44.99,65.01,12.95,7.54,22.99,16.64,28.15,15.21,7.16,13.35,54.56,54.5,13.22,26.3,96.6,55.5,17.4,,27.2,18.81
2023-06-08 07:00:00,15.16,75.65,31.7,61.38,41.25,13.6,43.11,17.53,53.27,95.63,15.97,16.21,51.94,64.38,38.86,17.27,10.05,17.18,15.03,61.08,22.83,9.03,10.82,74.3,39.33,27.88,14.2,13.5,35.04,44.67,11.38,44.78,64.97,12.76,7.41,22.95,16.24,27.6,15.0,7.15,13.27,54.56,55.1,12.97,26.2,96.1,55.08,17.18,,26.9,18.76
2023-06-09 07:00:00,14.95,75.08,31.26,64.42,40.83,13.21,42.71,17.25,53.09,100.49,15.87,15.66,52.06,64.31,38.98,16.89,9.89,17.03,14.94,60.88,22.46,8.99,10.82,74.2,39.23,27.24,14.15,13.42,34.68,44.73,11.34,44.2,64.97,12.8,7.35,22.92,16.2,27.25,14.93,7.01,13.34,55.69,54.8,12.91,26.1,96.0,55.08,17.0,,26.6,18.64
2023-06-12 07:00:00,14.99,76.41,31.19,68.63,40.88,13.17,43.7,17.1,56.52,105.1,16.04,16.36,52.0,64.1,39.84,16.99,9.86,17.03,14.8,61.17,22.19,9.21,10.82,76.6,40.2,27.46,14.2,14.05,34.45,44.67,11.38,44.49,65.01,13.07,7.41,22.92,16.5,27.5,15.07,7.04,13.16,55.18,54.4,13.0,26.25,95.1,55.5,17.05,,26.45,18.71
2023-06-13 07:00:00,15.02,76.51,31.66,69.49,41.9,13.25,44.89,17.31,55.8,102.28,16.07,16.64,52.44,64.58,39.68,17.32,9.89,17.33,15.08,61.26,22.61,9.24,10.9,77.9,41.27,27.5,14.45,14.59,34.5,45.48,11.38,44.92,66.04,12.99,7.51,23.1,16.77,27.95,15.31,7.11,13.09,56.08,55.1,13.17,26.65,95.8,56.76,17.09,,26.7,18.89
2023-06-14 07:00:00,15.16,76.8,31.92,68.63,41.62,13.17,43.44,17.46,55.52,104.84,16.02,16.4,52.31,64.93,39.29,17.18,9.94,17.48,15.45,60.98,22.98,9.18,10.95,77.8,40.74,27.07,15.2,14.13,34.82,45.55,11.38,44.92,66.04,12.99,7.54,23.03,16.94,27.8,15.38,7.09,13.09,57.09,56.7,13.22,26.9,96.2,56.42,17.23,,27.15,19.05
2023-06-15 07:00:00,15.13,76.41,31.7,67.07,41.3,13.14,43.04,17.62,55.34,103.56,15.8,16.17,52.0,65.34,38.98,17.08,9.94,17.41,15.03,60.5,22.94,9.03,10.9,76.7,40.15,27.15,15.05,14.09,34.77,45.36,11.21,44.34,65.38,12.99,7.57,22.99,17.01,27.6,15.31,6.97,13.02,57.15,55.8,13.11,26.65,96.8,55.66,17.23,,26.85,19.0
2023-06-16 07:00:00,15.16,76.41,31.66,68.63,41.2,13.45,43.3,17.5,55.43,105.27,15.8,16.13,51.88,65.89,39.21,17.08,10.0,17.52,15.17,60.03,22.83,9.06,10.92,75.4,39.86,27.07,14.8,14.05,34.04,45.42,11.17,44.63,63.74,12.83,7.63,22.92,17.41,28.0,15.35,6.9,13.09,58.05,55.0,13.11,26.3,95.5,55.5,17.18,,26.5,19.0
2023-06-19 07:00:00,15.16,76.41,31.41,67.54,40.83,13.37,41.58,17.53,54.8,103.99,15.82,15.98,52.56,65.69,38.98,16.99,9.86,17.64,14.94,60.6,22.61,9.09,10.84,74.5,39.82,26.9,14.0,13.25,34.04,44.55,11.17,45.14,64.1,12.91,7.69,23.03,17.44,28.75,15.09,6.86,13.06,57.21,54.8,13.05,26.05,95.4,55.16,16.96,,26.55,18.79
2023-06-20 07:00:00,15.09,76.99,31.3,66.21,40.69,13.25,42.24,17.53,55.25,105.61,15.87,15.94,52.69,65.41,39.06,17.27,9.78,17.64,14.94,59.94,22.68,9.12,10.78,74.3,40.3,26.47,14.0,13.42,33.86,44.42,11.13,45.5,63.82,13.11,7.75,23.03,17.33,28.7,15.09,6.87,13.09,56.14,54.5,13.11,25.95,94.8,55.08,16.96,,26.55,18.81
2023-06-21 07:00:00,15.13,78.32,31.41,67.46,40.83,14.22,43.04,17.71,56.7,104.84,15.97,16.09,53.12,65.76,39.53,17.9,9.89,17.79,15.12,59.46,22.91,9.18,10.9,74.6,40.88,26.64,14.25,14.3,34.04,44.8,11.21,45.42,63.49,13.24,7.75,23.06,17.78,29.1,15.16,6.99,13.16,56.08,54.3,13.19,25.85,93.6,55.08,17.09,,26.65,18.9
2023-06-22 07:00:00,15.2,77.18,31.48,67.85,41.06,14.41,44.23,17.92,57.33,103.99,16.11,16.33,52.69,65.89,40.23,18.42,10.0,18.43,15.63,59.36,22.98,9.37,11.03,75.8,41.03,26.9,14.5,14.46,34.36,45.8,11.26,45.28,63.65,13.45,7.81,23.28,17.92,29.5,15.4,7.13,13.27,56.19,54.7,13.46,26.0,93.8,55.75,17.27,,26.8,19.0
2023-06-23 07:00:00,15.16,76.8,31.7,67.85,41.39,14.41,44.03,17.9,58.5,104.07,16.43,16.36,52.75,65.55,40.23,18.18,9.97,18.73,15.86,59.65,23.58,9.43,11.12,75.7,41.37,27.37,14.3,14.09,34.13,46.42,11.3,45.42,63.49,13.37,7.81,23.44,17.88,30.0,15.38,7.12,13.24,55.97,55.1,13.5,25.95,93.5,56.34,17.31,,26.85,19.19
2023-06-26 07:00:00,15.44,76.51,31.84,67.85,41.72,14.07,45.03,17.74,57.6,104.5,16.67,15.9,52.62,65.62,40.23,17.75,10.0,18.7,15.62,59.18,23.28,9.27,11.06,77.0,41.27,26.81,14.45,13.88,33.9,46.49,11.21,45.06,64.15,13.02,7.78,23.66,17.54,29.25,15.38,6.97,13.16,55.74,54.8,13.36,25.95,94.3,57.43,17.58,,26.5,19.1
2023-06-27 07:00:00,15.59,76.89,31.92,71.52,42.28,14.57,45.16,17.8,58.41,106.8,16.91,16.09,53.49,66.24,40.54,18.66,10.02,19.0,15.71,59.36,23.36,9.43,11.09,76.9,42.38,27.11,14.85,14.09,34.5,46.61,11.21,45.14,63.49,13.2,7.78,23.83,17.92,29.45,15.54,7.06,13.16,56.08,55.4,13.39,26.1,94.5,58.52,17.71,,26.75,19.35
2023-06-28 07:00:00,15.51,76.13,32.03,71.52,42.14,14.22,45.69,18.02,59.04,110.81,16.99,16.09,54.12,65.83,41.0,18.38,10.0,19.6,15.81,59.36,23.43,9.43,11.15,76.7,41.85,27.15,15.15,14.09,34.68,46.61,11.3,45.5,63.57,13.11,7.81,23.96,18.34,29.55,15.47,7.1,13.2,56.14,55.0,13.39,26.0,94.7,58.61,17.67,,27.15,19.4
2023-06-29 07:00:00,15.37,75.65,32.28,69.41,41.44,14.03,45.16,18.11,56.88,109.53,16.91,16.29,53.8,65.27,40.23,18.18,9.84,19.53,15.53,58.89,22.98,9.37,11.26,75.4,41.37,26.64,15.0,13.8,34.31,46.3,11.21,46.08,63.32,13.15,7.75,23.92,17.68,29.3,15.42,7.05,13.06,56.87,54.9,13.43,25.9,93.8,58.94,17.53,,27.0,19.3
2023-06-30 07:00:00,15.3,75.65,31.45,68.94,41.2,14.07,44.76,18.02,56.7,109.1,16.82,16.21,53.49,64.17,40.15,18.09,9.84,19.41,15.43,58.8,22.64,9.33,11.17,75.2,41.17,25.69,14.85,13.75,34.18,46.17,11.05,46.08,63.12,12.98,7.69,23.83,17.64,29.3,15.28,7.02,12.98,56.25,54.3,13.39,25.5,93.8,59.53,17.4,,26.8,19.21
2023-07-03 07:00:00,15.41,75.46,31.7,71.75,41.34,14.1,45.36,17.92,57.6,109.53,17.25,16.01,53.49,64.58,40.38,18.66,9.92,19.6,15.53,58.8,22.76,9.4,11.15,75.2,41.46,25.52,14.5,13.92,34.22,46.05,11.01,47.09,63.12,12.98,7.72,23.79,17.81,29.45,15.12,7.03,13.02,56.14,55.0,13.33,25.55,94.1,59.11,17.4,,26.85,19.2
2023-07-04 07:00:00,15.37,75.94,31.74,70.5,41.58,14.34,45.56,17.83,57.51,110.38,17.08,15.82,53.62,64.93,41.0,19.14,9.92,19.6,15.43,58.89,22.72,9.4,11.15,75.3,41.32,25.39,14.35,13.75,34.63,46.05,10.97,46.58,63.08,13.15,8.0,23.79,17.74,29.3,15.05,7.05,13.06,56.19,55.5,13.29,25.55,94.1,58.94,17.4,,26.95,19.2
2023-07-05 07:00:00,15.41,76.13,31.95,71.36,41.9,14.38,46.02,18.02,58.68,111.49,17.23,15.74,54.12,65.07,41.55,19.29,9.92,19.87,15.62,58.89,22.79,9.55,11.26,75.5,42.0,25.91,14.7,14.13,36.46,46.11,11.09,46.94,63.16,13.32,8.09,23.88,18.2,29.65,15.09,7.15,13.06,56.42,55.3,13.39,25.45,93.9,58.52,17.53,,27.1,19.3
2023-07-06 07:00:00,15.2,75.46,31.63,70.97,41.9,13.64,45.29,17.71,59.77,109.95,16.91,15.55,53.54,65.34,41.08,19.14,9.73,20.06,15.34,58.89,22.61,9.49,11.17,75.5,41.51,25.35,14.2,14.05,36.46,45.42,10.88,46.87,63.08,13.24,7.9,24.05,17.92,29.1,14.74,7.17,12.98,56.53,54.5,13.33,25.2,93.7,58.69,17.23,,26.9,19.2
2023-07-07 07:00:00,15.09,75.65,31.7,71.67,41.9,13.64,45.49,17.83,60.67,111.23,16.94,15.27,53.68,65.76,41.39,19.58,9.76,20.06,15.38,58.89,22.31,9.55,11.15,75.2,41.7,25.18,14.25,13.84,36.69,44.92,10.68,46.51,62.05,13.2,8.03,25.07,17.81,29.0,14.79,7.33,12.95,56.48,54.0,13.29,25.0,93.8,59.2,17.18,,26.8,19.16
2023-07-10 07:00:00,15.23,76.22,32.06,72.77,42.37,14.14,49.0,18.11,60.85,112.6,17.33,15.74,54.19,66.52,42.95,20.2,9.81,20.7,16.19,58.89,22.64,9.95,11.39,75.4,44.37,25.35,14.5,14.55,37.06,45.23,10.84,47.09,61.68,13.41,8.28,25.2,18.51,29.5,14.97,7.37,12.98,57.54,53.6,13.5,25.1,92.9,59.87,17.45,,26.85,19.41
2023-07-11 07:00:00,15.41,76.51,33.73,71.83,42.42,14.22,50.06,18.39,59.77,113.96,17.67,15.82,54.26,66.93,43.49,20.39,9.86,20.63,16.38,58.98,22.76,10.01,11.51,78.1,45.87,25.82,14.65,15.3,37.74,46.11,10.88,47.01,61.68,13.41,8.3,25.29,19.03,29.85,15.09,7.47,13.13,57.26,53.6,13.77,25.4,93.1,60.29,17.45,,27.0,19.6
2023-07-12 07:00:00,15.3,76.41,33.48,72.14,42.61,14.18,50.92,18.29,59.86,112.51,17.64,15.82,54.19,66.38,44.12,20.34,9.92,20.17,16.28,58.6,22.87,9.71,11.59,79.0,46.69,25.65,14.45,15.26,37.61,46.17,10.88,46.94,61.68,13.58,8.28,25.2,19.2,29.3,14.93,7.4,13.09,57.77,53.9,13.6,25.4,93.4,61.04,17.31,,27.45,19.6
2023-07-13 07:00:00,15.3,76.8,33.77,72.61,43.82,14.45,50.99,18.32,61.57,112.51,17.96,15.74,54.55,66.65,44.04,20.54,9.92,20.36,16.52,58.8,22.98,9.86,11.59,79.5,47.61,25.74,14.6,15.84,37.65,46.36,10.97,47.09,62.17,14.4,8.4,25.24,19.45,29.65,14.95,7.43,13.06,58.33,55.3,13.63,25.6,93.9,61.3,17.31,,28.05,19.62
2023-07-14 07:00:00,15.3,76.6,33.4,72.92,43.31,14.96,51.18,18.05,63.83,110.04,17.67,15.66,55.06,67.96,44.04,20.49,9.97,20.47,16.57,58.8,23.28,9.64,11.73,80.7,46.98,26.04,14.9,15.51,37.1,48.74,10.92,47.16,62.95,14.18,8.3,25.37,19.41,27.9,14.97,7.43,13.02,58.5,55.8,13.63,25.5,95.1,60.62,17.27,,27.6,19.7
2023-07-17 07:00:00,15.37,76.32,33.51,73.39,43.45,15.03,51.45,18.14,64.28,108.25,17.72,15.94,56.79,67.69,43.96,20.58,10.1,20.59,16.57,58.89,23.81,9.67,11.8,80.5,47.13,26.64,15.1,15.89,36.92,49.05,10.97,47.16,62.91,14.27,8.4,25.46,19.83,28.0,15.02,7.55,13.06,58.61,56.5,13.8,25.7,97.2,60.71,17.67,,28.0,19.88
2023-07-18 07:00:00,15.34,75.94,33.51,73.7,43.96,14.84,51.45,18.23,63.83,108.25,17.81,16.13,56.5,67.96,44.27,20.82,10.1,20.47,16.28,58.98,24.11,9.89,11.76,80.2,46.26,26.51,14.85,15.93,37.1,49.43,11.01,46.94,62.75,14.1,8.49,25.59,19.76,27.9,15.02,7.49,13.13,58.67,58.0,13.8,26.3,96.3,60.71,17.89,,28.3,19.95
2023-07-19 07:00:00,15.41,76.22,33.26,72.45,43.73,14.96,51.32,18.11,63.65,110.64,17.81,15.9,56.65,68.24,44.12,20.82,10.31,20.47,16.28,59.18,24.07,9.98,11.73,80.5,46.45,26.38,14.65,15.72,36.69,49.11,11.01,46.8,62.83,14.18,8.67,25.77,19.76,28.2,15.23,7.33,13.45,58.84,58.2,13.97,26.05,96.2,60.88,18.19,,27.85,20.03
2023-07-20 07:00:00,15.37,75.94,33.26,79.24,43.54,14.8,51.38,18.14,64.28,116.77,17.79,15.43,56.79,67.27,44.19,20.2,10.41,20.66,16.33,60.32,23.77,9.98,11.67,79.1,46.89,26.08,14.6,15.55,36.23,48.8,10.84,46.36,62.79,14.48,8.64,25.73,19.17,27.6,15.02,7.32,13.27,58.28,57.3,13.87,25.8,96.3,60.79,18.06,,27.7,19.97
2023-07-21 07:00:00,15.37,75.55,33.44,76.9,43.82,15.11,52.31,18.11,65.73,110.72,17.84,15.51,57.59,67.69,44.43,20.49,10.38,21.27,16.61,60.79,24.07,9.95,11.73,79.5,47.42,25.99,14.7,16.14,36.28,49.24,10.84,46.44,62.67,14.7,8.83,25.73,19.34,27.8,15.05,7.38,13.42,58.5,57.3,13.84,25.8,96.5,60.96,18.33,,27.95,20.01
2023-07-24 07:00:00,15.41,75.36,33.95,77.21,44.06,15.62,48.8,18.26,64.64,104.41,18.01,15.62,58.31,67.9,44.74,21.02,10.56,21.19,17.13,60.32,24.71,10.01,11.83,83.2,50.37,25.78,15.4,17.47,36.88,49.36,10.92,46.8,63.04,14.61,9.08,25.73,19.72,28.45,15.19,7.47,13.31,58.78,58.1,13.94,25.9,96.7,61.63,18.77,,28.25,20.3
2023-07-25 07:00:00,15.44,74.5,33.88,78.77,43.54,15.31,47.01,18.32,64.55,105.69,18.1,15.7,58.6,67.96,45.13,20.92,10.53,21.19,17.18,60.22,24.82,10.11,11.92,83.0,51.25,25.69,16.05,17.64,36.6,49.43,10.92,46.87,63.82,14.4,9.11,25.86,19.79,28.4,15.45,7.57,13.42,59.97,58.2,14.28,25.75,95.5,61.47,19.21,,28.15,20.39
2023-07-26 07:00:00,15.59,74.6,34.2,78.77,43.59,15.34,47.21,18.23,64.73,105.69,18.35,15.62,58.67,67.76,44.19,20.63,10.53,21.31,17.37,60.12,25.38,10.11,11.89,83.2,50.37,25.61,16.05,17.39,36.78,50.11,10.92,47.09,64.93,14.44,9.08,25.95,19.72,28.2,15.68,7.61,13.49,61.03,58.3,14.14,25.5,96.1,62.47,18.99,,28.75,20.5
2023-07-27 07:00:00,15.48,74.41,33.84,74.87,43.4,15.46,45.03,17.99,63.74,100.75,18.1,15.55,59.9,67.69,43.96,20.58,10.56,21.27,17.28,60.12,26.14,10.08,11.8,84.0,51.05,24.02,17.2,17.81,36.33,50.18,11.01,48.17,65.59,14.18,8.97,25.99,20.07,27.9,15.45,7.85,13.27,61.43,57.5,13.97,25.4,96.3,62.89,18.94,,28.3,20.5
2023-07-28 07:00:00,15.48,74.31,33.66,75.88,43.35,15.19,44.76,17.99,64.19,98.45,18.2,15.62,60.12,67.62,44.35,20.68,10.59,21.31,17.61,60.12,26.66,10.08,11.83,84.0,52.03,24.92,17.65,18.1,36.42,50.8,11.01,48.02,64.56,14.35,8.97,25.99,20.38,28.1,15.59,8.05,13.31,60.96,57.4,13.97,25.45,96.2,63.57,19.03,,28.55,20.55
2023-07-31 07:00:00,15.76,74.03,33.88,74.32,44.06,15.62,46.75,18.17,65.0,99.73,19.05,15.98,61.06,69.07,45.13,21.11,10.62,20.7,17.51,60.6,26.92,10.11,11.92,86.8,51.44,25.09,17.7,17.77,36.88,51.49,11.21,48.02,64.39,13.62,9.08,25.68,20.38,28.5,16.06,8.2,13.42,60.83,61.0,14.18,27.3,97.3,64.91,19.3,,29.3,20.93
2023-08-01 07:00:00,15.97,75.08,34.24,75.49,44.2,15.73,44.3,18.48,64.46,101.43,19.0,16.4,61.13,69.48,44.43,21.06,10.75,20.81,17.61,60.79,26.96,10.14,12.02,86.4,50.56,24.96,17.8,17.43,37.38,50.68,11.09,47.3,64.97,13.45,9.11,25.73,20.0,28.9,16.06,8.32,13.52,60.56,62.8,14.04,29.0,100.7,63.9,19.08,,29.1,21.0
2023-08-02 07:00:00,16.01,74.22,34.93,74.25,43.87,16.12,41.72,18.72,66.54,101.34,18.78,16.6,60.41,68.93,43.8,20.82,10.72,20.63,17.37,60.79,26.55,10.2,11.95,85.1,50.47,24.92,17.7,17.22,37.38,50.11,11.09,46.87,64.84,13.41,9.08,26.3,19.86,28.8,15.94,8.24,13.49,60.43,61.9,13.97,29.05,99.2,63.32,19.12,,28.8,20.83
2023-08-03 07:00:00,16.15,73.74,35.11,69.8,44.15,16.43,41.85,18.85,66.27,102.03,18.73,17.53,59.98,68.72,43.73,20.82,10.62,20.06,17.32,60.88,26.47,10.39,11.99,85.2,50.27,25.09,18.05,17.52,36.69,50.3,11.13,46.65,65.38,13.41,9.11,26.52,19.66,28.6,15.83,8.32,13.27,60.1,60.1,14.04,29.0,99.8,63.03,19.03,,28.35,20.69
2023-08-04 07:00:00,16.32,73.64,34.96,67.77,44.01,16.43,42.31,18.82,66.72,101.77,18.78,17.61,60.27,68.59,43.88,20.78,10.59,20.28,17.51,60.5,26.51,10.48,11.99,85.7,51.15,25.18,19.05,17.98,36.6,50.18,11.09,46.22,65.59,13.37,9.19,25.55,19.79,28.5,15.8,8.64,13.31,59.83,60.6,14.04,29.5,99.9,62.51,19.03,,28.5,20.7
2023-08-07 07:00:00,16.57,73.07,35.14,68.4,44.1,16.82,41.85,19.18,66.54,100.58,18.83,18.16,60.27,68.93,45.05,21.11,10.65,20.66,17.8,61.08,26.77,10.69,12.15,86.0,52.13,25.22,19.8,18.39,36.88,50.43,11.21,46.44,65.63,13.45,9.66,25.64,20.42,29.05,16.06,9.27,13.67,59.77,61.6,14.31,31.2,100.0,62.77,19.65,,28.8,21.0
2023-08-08 07:00:00,16.36,73.17,35.22,69.88,44.43,16.51,41.91,19.83,66.45,99.55,18.9,18.51,60.63,69.41,44.74,21.45,10.68,20.55,17.66,61.46,26.4,11.53,12.21,87.9,52.23,25.22,20.05,18.39,37.2,50.62,11.38,46.8,66.04,13.92,9.62,25.9,20.14,29.75,16.04,9.59,13.67,59.83,62.5,14.42,31.8,100.7,64.16,19.56,,29.7,21.27
2023-08-09 07:00:00,16.25,72.59,34.85,71.28,44.24,16.24,43.04,19.68,66.72,99.81,18.9,18.51,60.05,69.41,44.66,21.26,10.59,20.47,17.47,60.88,26.44,11.62,12.11,87.8,50.86,25.65,19.75,17.89,37.15,50.24,11.46,46.36,65.92,14.05,9.51,25.99,19.83,29.65,15.97,9.51,13.52,59.83,60.6,14.21,32.85,101.5,63.21,19.12,,30.7,21.11
2023-08-10 07:00:00,16.08,70.68,33.73,69.26,43.96,15.93,43.37,19.4,66.63,98.87,18.88,18.78,59.47,70.03,43.8,20.58,10.59,20.66,17.75,61.17,26.21,11.44,12.05,83.0,50.56,25.44,19.9,17.77,37.33,49.36,11.38,45.42,65.79,14.05,9.37,25.81,19.52,30.55,15.83,9.39,13.31,58.77,60.6,13.97,33.05,100.6,63.29,18.99,,29.95,21.06
2023-08-11 07:00:00,15.87,68.68,33.08,68.01,43.45,15.65,43.97,19.21,65.64,98.02,18.98,18.7,58.96,69.48,42.79,19.67,10.47,20.55,17.66,60.88,26.17,11.37,11.89,82.5,49.88,25.01,20.05,17.64,36.6,49.43,11.21,45.21,65.17,13.58,9.22,26.08,19.2,30.55,15.64,9.27,13.16,58.77,59.8,13.87,36.05,99.9,62.86,18.99,,29.55,20.96
2023-08-14 07:00:00,16.01,69.73,33.84,68.4,43.63,16.39,44.43,19.46,65.82,98.19,19.41,18.82,59.33,69.34,42.95,20.3,10.5,20.93,18.89,60.12,27.3,11.5,11.95,82.2,51.44,25.31,21.05,18.56,36.97,49.49,11.3,45.64,64.97,13.71,9.33,25.24,19.52,31.5,15.8,10.22,13.34,59.1,60.8,13.97,35.75,99.6,62.95,19.21,,30.2,21.21
2023-08-15 07:00:00,16.04,68.87,33.98,69.26,43.78,17.09,43.83,19.68,66.18,98.87,19.95,19.17,58.96,69.07,43.1,20.58,10.5,21.08,18.84,60.12,27.0,11.62,11.99,81.4,52.81,25.44,20.6,18.69,36.78,48.99,11.3,45.5,64.43,13.75,9.37,25.37,19.9,31.45,15.99,10.26,13.38,58.77,60.9,14.01,35.35,99.5,63.12,19.08,,29.9,21.02
2023-08-16 07:00:00,16.01,68.58,34.02,68.87,43.78,16.97,43.37,19.58,67.89,99.9,19.9,18.98,60.19,69.0,43.34,20.49,10.5,20.93,19.12,58.98,26.55,11.62,11.99,81.2,51.84,25.26,20.3,18.35,36.65,49.18,11.38,45.57,64.56,13.67,9.33,25.33,19.76,31.2,16.04,10.19,13.56,58.9,62.3,13.94,37.7,100.2,62.95,19.08,,31.3,21.29
2023-08-17 07:00:00,15.94,68.1,34.17,66.6,43.49,17.05,43.37,19.8,67.98,98.02,19.9,19.25,61.5,68.72,42.72,20.39,10.5,21.19,18.93,59.18,26.29,11.71,12.02,81.4,52.23,25.05,20.5,19.1,36.37,48.8,11.42,45.28,63.94,13.71,9.33,25.37,20.18,32.25,16.39,10.22,13.56,58.84,61.0,14.01,35.95,99.5,63.29,19.52,,30.6,21.42
2023-08-18 07:00:00,15.37,64.95,31.99,65.51,41.34,15.89,40.39,18.85,63.56,97.17,18.69,17.92,60.99,67.34,40.61,19.05,9.97,19.83,17.61,56.52,24.82,11.13,11.41,77.8,49.1,23.37,19.25,17.81,34.18,47.55,10.8,43.69,62.79,12.77,8.71,24.1,19.45,30.3,15.33,9.55,12.98,59.1,56.8,13.29,33.45,96.0,62.6,18.15,,28.6,19.96
2023-08-21 07:00:00,15.34,64.47,32.28,65.67,41.11,15.23,38.74,18.78,62.3,97.34,18.88,17.53,61.86,67.69,39.84,18.09,9.88,19.6,16.99,57.18,24.56,11.37,11.38,78.3,47.68,23.24,18.05,16.76,33.99,48.18,10.51,43.33,62.5,12.17,8.53,23.44,19.79,31.3,15.16,9.04,13.02,59.24,55.7,13.22,31.65,96.0,63.12,17.97,,28.65,20.3
2023-08-22 07:00:00,15.16,62.85,32.28,64.5,41.53,14.76,36.75,18.97,60.49,96.32,18.21,17.46,60.05,68.31,41.31,17.47,9.79,19.0,16.57,58.89,24.93,11.63,11.32,76.3,46.31,23.24,17.3,15.97,33.86,48.24,10.18,43.26,61.68,12.0,8.53,23.66,19.34,30.5,15.07,9.19,13.13,58.31,54.5,12.98,31.4,96.0,61.73,17.67,,28.1,19.98
2023-08-23 07:00:00,15.34,63.33,32.93,64.73,42.04,15.46,38.47,19.06,64.37,96.66,18.45,18.16,61.28,69.21,41.78,18.38,9.91,19.41,17.32,59.65,24.63,12.19,11.48,77.0,48.12,23.59,18.55,17.31,33.76,48.24,10.22,43.91,61.68,12.38,8.64,23.13,20.94,30.75,15.68,10.07,13.24,57.18,54.4,13.29,32.5,96.0,62.16,17.84,,28.7,20.33
2023-08-24 07:00:00,15.34,63.04,32.9,64.42,42.14,15.38,38.47,19.09,65.18,96.4,18.29,18.23,62.29,70.31,41.94,18.38,9.91,19.38,17.09,59.84,25.16,12.23,11.48,77.3,48.61,23.46,18.55,17.52,34.22,48.36,10.22,43.91,63.0,12.77,8.64,23.79,20.94,30.9,15.78,10.03,13.24,57.11,54.4,13.36,31.3,96.3,63.38,17.75,,28.7,20.0
2023-08-25 07:00:00,15.34,63.14,32.68,65.12,41.95,15.89,39.27,19.06,67.62,96.91,18.39,18.39,65.22,69.69,42.09,18.81,9.94,19.64,17.56,59.74,25.8,12.43,11.54,79.2,48.9,23.5,19.3,18.23,34.36,48.36,10.3,44.05,63.61,13.45,8.68,24.1,21.98,30.95,15.78,10.3,13.42,57.11,54.0,13.33,31.65,96.4,64.51,17.62,,28.7,20.54
2023-08-28 07:00:00,15.41,63.62,32.86,67.85,41.76,16.31,40.79,19.03,72.32,98.62,18.58,18.78,66.61,70.24,42.48,18.86,9.97,19.68,17.66,60.32,26.02,12.51,11.51,79.5,49.29,23.46,19.35,18.23,34.31,48.99,10.34,44.56,64.1,13.45,8.68,24.19,22.29,30.95,15.87,10.19,13.56,57.24,54.2,13.36,32.25,96.8,65.12,17.71,,28.85,20.6
2023-08-29 07:00:00,15.41,66.58,32.9,68.71,41.9,16.35,40.92,19.18,74.12,98.19,18.68,19.44,67.92,71.06,43.42,19.53,9.94,20.21,17.89,60.79,26.47,12.59,11.57,79.8,50.37,23.55,20.1,18.9,34.77,49.74,10.34,44.92,64.1,13.62,8.79,24.27,22.02,31.35,15.94,10.3,13.6,57.71,54.4,13.43,31.6,96.5,66.16,17.84,,29.2,20.75
2023-08-30 07:00:00,15.48,65.91,33.22,69.02,41.95,16.66,39.99,19.31,74.94,98.02,18.76,19.44,68.14,70.64,43.96,19.38,10.01,20.25,18.03,61.17,26.66,12.67,11.64,79.3,51.74,23.59,19.5,19.44,35.04,49.99,10.43,44.92,65.26,13.67,8.86,24.36,22.29,31.8,16.01,10.78,13.7,58.77,54.1,13.5,30.3,96.4,66.42,18.15,,29.3,20.88
2023-08-31 07:00:00,15.76,67.53,33.59,68.63,42.14,17.2,40.79,19.74,75.39,99.3,18.97,19.72,70.34,70.49,45.91,19.91,10.07,20.66,18.65,61.17,27.11,12.59,11.73,79.5,52.33,23.67,20.0,20.23,35.14,50.36,10.51,45.21,64.97,13.67,8.9,24.19,23.13,32.35,16.11,10.89,13.96,58.64,54.7,13.63,31.0,96.1,66.94,18.24,,29.7,21.09
2023-09-05 07:00:00,15.9,67.82,34.09,68.16,42.37,17.51,42.18,19.95,78.19,99.73,19.47,19.83,70.85,70.56,48.16,20.97,10.34,20.63,18.7,61.74,27.04,12.75,11.83,81.3,52.23,24.06,20.8,20.44,35.69,50.18,10.59,45.57,65.17,13.97,9.08,24.23,22.78,32.4,16.42,10.65,14.14,59.17,54.4,13.97,30.85,97.4,67.81,18.46,,30.1,21.2
2023-09-06 07:00:00,15.87,66.86,34.2,68.63,42.42,17.44,42.84,19.8,80.8,99.98,19.78,19.64,70.49,71.28,49.02,20.78,10.47,20.74,18.55,61.36,26.96,12.79,12.05,80.8,52.62,24.75,21.0,20.48,35.87,50.3,10.63,45.93,65.09,14.14,9.15,23.79,22.88,32.15,16.46,10.44,13.81,59.57,55.4,13.94,30.4,99.5,69.02,18.41,,30.0,21.29
2023-09-07 07:00:00,15.97,67.05,34.24,73.15,42.56,17.75,43.5,20.04,80.35,103.65,19.73,19.87,71.44,71.92,49.56,21.3,10.59,21.57,20.21,61.08,27.3,12.83,12.21,82.0,53.11,24.53,21.5,21.2,35.91,50.99,10.68,45.86,65.5,13.88,9.22,24.01,23.13,32.65,16.58,10.97,14.1,59.44,54.9,14.04,30.4,100.2,68.24,19.12,,30.2,21.55
2023-09-08 07:00:00,15.94,66.96,34.06,73.08,42.61,17.67,43.44,19.83,80.8,102.54,20.73,19.87,71.0,73.07,49.02,21.26,10.56,21.5,20.31,61.26,27.11,12.79,12.18,81.8,53.3,24.75,21.4,21.15,35.87,52.12,10.63,45.86,65.79,14.01,9.22,24.05,23.2,32.5,16.7,10.89,13.99,59.17,54.0,14.01,29.55,100.3,68.68,19.12,,29.6,21.5
2023-09-11 07:00:00,15.62,67.82,33.37,72.53,42.56,17.86,42.58,19.52,81.34,98.02,21.23,19.48,69.75,72.28,49.02,20.87,10.56,21.0,20.16,61.74,26.14,12.79,11.95,79.6,52.62,25.39,20.5,20.65,36.14,50.99,10.51,45.86,66.45,13.8,8.93,23.7,23.2,31.55,16.27,10.6,13.63,58.44,52.5,13.77,29.55,99.0,67.37,18.94,,28.7,21.1
2023-09-12 07:00:00,15.59,67.05,33.66,70.82,42.47,17.71,42.58,19.49,81.98,102.11,20.75,19.36,71.29,72.28,49.02,20.78,10.5,20.97,19.79,61.55,26.1,12.87,11.95,79.3,52.81,25.35,19.65,20.19,36.33,51.37,10.51,45.5,69.0,13.71,8.86,23.52,23.27,31.35,16.25,10.48,13.56,59.04,52.0,13.7,29.55,99.2,67.98,19.12,,28.8,21.14
2023-09-13 07:00:00,15.76,66.96,33.73,70.97,42.56,18.29,43.37,19.61,81.8,102.54,20.36,19.72,71.29,73.42,49.02,21.3,10.65,21.38,20.45,61.26,26.44,12.95,12.05,79.9,54.28,25.31,19.5,21.61,36.6,51.87,10.68,45.71,68.46,13.88,8.93,23.44,24.66,31.85,16.46,11.02,13.67,59.04,52.1,13.9,29.55,99.0,68.33,19.43,,28.9,21.33
2023-09-14 07:00:00,15.73,66.0,33.91,68.79,41.95,17.98,43.04,20.1,81.34,100.58,20.44,19.68,69.9,74.71,49.64,21.06,10.68,21.0,19.88,61.17,25.84,12.67,12.11,78.3,55.85,24.72,18.6,20.99,36.6,50.8,10.55,45.35,69.16,13.58,8.93,23.17,24.24,31.8,16.49,10.73,13.7,58.51,49.0,14.48,27.75,97.0,68.07,19.38,,28.6,21.2
2023-09-15 07:00:00,15.76,65.43,33.95,67.07,42.0,17.79,43.17,20.04,81.71,100.49,20.47,19.75,69.75,75.85,49.17,21.02,10.81,20.89,19.88,60.88,25.99,12.55,12.18,78.4,54.18,24.08,18.65,20.74,36.69,50.49,10.55,45.42,68.34,13.8,8.86,23.22,24.31,32.1,16.49,10.89,13.74,58.84,49.4,14.55,26.6,98.7,68.59,19.56,,28.4,21.24
2023-09-18 07:00:00,15.66,63.9,32.86,67.31,41.62,17.55,44.76,19.52,79.72,100.66,20.05,18.47,70.05,77.21,49.17,20.68,10.81,20.59,20.26,61.36,25.8,12.27,12.11,78.1,52.91,23.77,18.05,21.32,35.73,50.36,10.43,45.06,66.12,13.71,8.75,23.17,24.24,32.3,16.06,10.89,13.56,58.64,48.7,14.18,26.2,98.0,68.33,19.3,,27.6,20.91
2023-09-19 07:00:00,15.62,63.04,32.64,67.46,40.92,16.66,46.09,19.37,80.62,100.15,19.94,17.73,70.19,76.93,49.64,20.82,10.72,20.81,20.26,61.08,25.35,12.03,12.05,78.0,51.84,23.77,17.05,20.57,35.96,50.24,10.34,44.92,64.56,13.75,8.68,22.95,24.45,32.65,15.97,11.02,13.52,57.11,49.0,14.04,25.75,97.8,67.2,19.03,,27.35,20.87
2023-09-20 07:00:00,15.62,63.71,32.71,67.07,41.11,16.82,46.35,19.49,84.14,100.58,20.6,17.88,72.1,77.5,50.57,21.3,10.87,21.23,21.63,61.26,25.54,12.15,12.08,78.7,53.4,24.22,16.6,21.24,36.42,50.55,10.51,45.79,64.97,14.01,8.75,23.04,25.07,33.2,15.99,11.22,13.6,57.38,49.5,14.08,25.85,98.4,67.72,18.99,,27.5,21.04
2023-09-21 07:00:00,15.69,65.91,32.71,70.19,41.48,17.36,46.75,19.46,84.5,100.58,20.33,17.85,70.49,76.14,51.11,22.12,10.84,21.31,21.68,61.26,26.06,11.95,12.02,78.5,53.01,23.9,18.0,21.82,36.87,50.74,10.47,46.51,65.79,13.88,8.71,23.0,24.13,32.35,16.06,11.47,13.74,57.64,50.0,14.04,26.1,98.2,67.11,19.08,,27.85,20.98
2023-09-22 07:00:00,15.51,64.38,32.06,68.01,40.22,16.24,43.57,19.03,82.52,99.73,19.42,17.23,67.78,76.14,50.31,20.97,10.56,20.25,20.4,60.6,24.63,11.2,11.67,75.4,50.17,23.36,16.95,20.44,35.38,49.99,10.06,45.71,63.49,13.15,8.35,22.47,22.47,31.35,15.78,11.1,13.24,57.11,47.85,13.63,24.9,96.5,65.81,18.37,,27.1,20.32
2023-09-25 07:00:00,15.44,64.19,32.57,66.29,39.47,15.23,42.18,18.29,82.34,98.87,18.68,16.77,69.02,76.31,48.22,19.53,10.65,19.45,18.98,60.6,23.13,10.84,11.54,70.3,48.8,22.63,16.2,19.06,34.92,49.74,9.77,44.63,62.5,12.3,7.99,22.33,21.08,31.4,15.47,10.36,12.98,58.64,46.0,12.98,23.25,96.1,66.59,17.97,,26.6,20.1
2023-09-26 07:00:00,15.34,62.95,32.06,65.12,39.0,14.41,41.25,18.26,81.26,98.02,18.63,16.08,68.14,76.14,47.9,18.18,10.56,19.57,17.99,60.32,23.36,10.52,11.54,70.3,49.39,22.18,15.15,18.35,34.55,49.11,9.64,44.56,61.68,12.17,7.84,22.33,21.04,31.35,15.31,9.66,12.77,57.71,45.0,13.05,22.28,96.9,65.98,17.84,,25.8,19.85
2023-09-27 07:00:00,15.27,61.13,32.1,65.9,39.19,13.83,40.06,18.42,77.64,98.45,18.68,15.72,66.17,73.74,48.46,17.8,10.56,19.79,17.7,59.94,23.54,10.36,11.57,72.6,49.1,21.73,14.5,18.02,33.52,48.8,9.52,44.63,60.78,11.82,7.7,22.51,21.46,30.55,15.23,9.04,12.55,57.78,43.85,12.92,22.02,97.8,64.94,17.89,,25.5,19.67
2023-09-28 07:00:00,15.23,62.18,32.1,67.07,39.43,14.34,42.38,17.71,81.17,98.87,19.26,15.81,66.9,76.23,50.95,18.62,10.44,19.83,18.37,59.18,23.66,10.6,11.6,73.1,51.35,21.82,15.3,19.06,34.27,48.99,9.52,44.92,59.54,12.21,7.88,21.98,22.02,30.45,15.05,9.62,12.44,57.51,44.05,13.05,22.05,95.9,64.94,18.11,,25.15,19.72
2023-09-29 07:00:00,15.3,64.0,32.06,66.99,39.43,14.69,41.67,18.45,83.87,99.13,19.28,16.18,67.92,76.74,51.83,18.71,10.62,19.87,18.79,60.7,24.52,10.92,11.8,75.2,51.44,21.95,15.55,19.77,34.59,49.11,9.6,45.57,59.54,12.55,7.99,21.85,22.09,30.65,15.64,9.54,12.84,57.84,45.0,13.15,22.58,98.5,64.42,18.59,,25.6,20.0
2023-10-02 07:00:00,15.23,65.05,31.77,67.31,39.38,14.96,42.2,17.16,83.78,100.58,19.63,16.13,67.34,76.23,52.23,18.71,10.56,19.68,18.84,60.6,24.22,10.88,11.73,76.0,50.66,22.32,15.3,19.9,34.69,49.11,9.6,45.71,59.7,12.6,7.99,21.85,22.02,30.6,15.59,9.54,12.62,57.44,45.2,13.15,23.25,97.2,64.42,18.86,,25.95,19.98
2023-10-03 07:00:00,15.16,64.09,30.14,65.2,39.1,14.3,39.73,17.65,81.17,98.96,19.36,15.4,66.97,73.74,49.74,18.23,10.34,18.7,17.7,60.7,23.54,10.44,11.48,74.0,47.24,21.77,14.35,18.9,33.52,48.49,9.27,44.63,57.81,12.04,7.55,21.67,20.9,29.05,15.07,9.08,12.05,56.98,44.05,12.75,21.92,96.0,64.16,18.24,,26.2,19.43
2023-10-04 07:00:00,15.09,63.52,29.74,64.89,38.82,13.91,39.73,17.56,80.35,98.02,19.57,15.17,66.83,73.57,49.02,18.04,10.41,18.17,17.04,60.7,23.29,10.36,11.44,72.8,46.95,21.73,13.9,17.98,32.73,48.24,9.19,44.56,56.99,11.78,7.55,21.54,20.59,28.85,15.12,8.76,11.9,56.65,43.25,12.68,22.02,96.3,63.73,18.06,,25.9,19.3
2023-10-05 07:00:00,15.16,64.38,30.14,66.06,39.19,13.95,41.94,17.25,83.96,98.11,20.26,15.26,67.05,72.2,51.11,18.86,10.41,18.81,17.37,60.12,23.29,10.76,11.48,72.8,45.97,21.86,13.8,18.77,32.03,48.61,9.02,44.78,57.16,11.7,7.62,21.19,21.88,29.85,15.02,8.96,11.9,56.12,44.25,12.61,22.4,95.5,63.12,18.33,,26.7,19.4
2023-10-06 07:00:00,15.13,64.57,29.89,67.23,38.82,13.33,42.91,17.1,83.15,98.45,19.63,15.17,66.61,71.17,50.79,18.66,10.41,18.66,16.95,60.03,22.47,10.84,11.44,71.0,45.28,21.86,13.5,18.27,31.98,48.49,9.02,44.56,56.17,11.61,7.62,21.45,21.67,29.65,14.93,9.17,11.9,55.45,44.55,12.54,22.5,94.0,63.03,18.24,,26.75,19.3
2023-10-09 07:00:00,15.23,65.33,30.32,68.63,39.14,13.87,45.29,17.59,85.86,100.24,19.97,15.63,67.48,73.31,52.15,19.24,10.44,18.88,17.7,60.03,23.58,10.96,11.48,72.1,46.6,21.91,13.9,19.1,33.01,48.86,9.1,44.56,56.58,11.95,7.73,21.19,22.5,30.6,15.07,9.78,12.05,55.78,46.05,12.64,22.6,95.6,63.9,18.28,,26.85,19.58
2023-10-10 07:00:00,15.8,65.24,30.39,69.1,39.52,14.34,45.03,17.92,85.77,103.22,20.18,15.95,69.83,73.23,53.11,19.24,10.56,19.38,18.27,60.32,23.95,11.2,11.7,73.2,47.34,22.45,14.2,19.4,33.47,49.61,9.31,44.92,55.92,12.25,7.84,21.54,22.71,31.25,15.23,9.82,12.08,56.18,46.9,12.95,22.45,96.0,64.25,18.77,,26.95,19.78
2023-10-11 07:00:00,15.83,64.57,30.28,70.35,39.66,14.3,45.12,17.83,85.5,101.43,20.15,16.04,70.19,73.31,51.43,19.24,10.65,19.53,18.13,60.22,23.71,11.24,11.67,72.2,47.53,22.45,14.1,19.02,33.61,49.93,9.39,44.85,55.76,12.12,7.84,21.59,22.61,31.15,15.26,9.7,12.01,56.91,46.85,13.12,22.5,96.5,64.25,18.86,,26.9,19.8
2023-10-12 07:00:00,15.8,64.09,30.39,71.52,39.8,14.41,46.97,18.02,87.21,101.86,20.31,16.04,70.27,72.88,52.39,19.91,10.75,19.38,18.37,60.12,24.12,11.32,11.7,73.0,47.14,22.36,14.6,19.73,34.03,50.05,9.43,45.35,56.09,12.25,7.88,21.72,23.2,31.3,15.35,9.91,12.08,56.78,47.35,13.33,22.9,96.9,64.68,19.03,,27.05,19.95
2023-10-13 07:00:00,15.8,63.23,30.54,69.41,39.29,13.78,46.88,17.8,87.3,101.43,20.23,15.9,69.75,72.37,51.91,19.77,10.68,18.96,18.03,60.22,24.7,11.2,11.64,71.6,47.39,22.23,14.4,19.82,33.99,49.61,9.27,44.92,56.09,12.08,7.77,21.23,22.92,31.0,15.12,9.7,12.23,56.78,46.5,13.02,22.78,96.6,65.12,18.86,,27.0,19.78
2023-10-16 07:00:00,15.73,62.76,29.92,69.49,38.63,13.74,47.5,17.68,87.12,101.43,20.65,15.81,70.49,74.17,52.47,20.44,10.72,18.92,17.8,59.94,25.94,11.16,11.6,71.6,47.53,22.14,14.5,20.9,34.27,49.68,9.31,44.78,57.65,12.17,7.7,21.32,22.16,30.2,15.02,9.95,12.08,56.85,45.55,12.85,22.5,101.2,64.86,19.12,,26.7,19.75
2023-10-17 07:00:00,15.76,61.32,29.96,69.26,38.86,12.79,45.2,17.56,81.44,101.09,20.05,15.81,68.14,73.05,51.43,19.38,10.81,18.77,17.04,59.84,24.45,11.16,11.54,71.0,45.28,22.14,13.75,20.02,33.52,49.49,9.31,44.49,57.48,12.0,7.7,21.72,21.84,30.0,15.0,9.54,11.9,56.78,44.5,12.71,22.0,101.8,64.94,19.56,,26.55,19.79
2023-10-18 07:00:00,15.48,58.93,29.02,67.07,37.88,11.92,42.29,17.22,78.37,97.17,18.79,15.49,66.61,69.88,50.55,18.71,10.72,17.56,15.86,59.46,23.13,11.08,11.22,67.5,42.69,20.96,12.8,18.69,32.08,47.24,9.02,42.25,55.51,11.18,7.44,21.67,20.7,29.35,14.64,9.08,11.5,56.45,43.0,12.47,20.75,102.2,62.86,19.16,,25.9,19.1
2023-10-19 07:00:00,15.3,59.22,28.8,65.98,37.6,11.8,42.2,17.19,79.99,98.02,18.63,15.53,67.34,70.22,51.35,18.9,10.72,17.75,15.24,59.84,23.54,11.16,11.22,65.9,42.06,20.64,12.8,18.14,32.5,47.49,9.06,42.97,55.76,11.52,7.44,21.32,20.7,28.95,14.48,9.21,11.58,55.85,42.5,12.27,21.2,104.0,61.56,18.9,,25.8,19.1
2023-10-20 07:00:00,15.3,59.22,28.69,64.97,37.55,11.92,42.11,17.13,77.55,97.17,18.26,15.67,65.95,68.6,48.46,18.66,10.75,17.67,16.05,60.22,23.54,11.2,11.16,65.9,42.06,20.23,13.0,18.65,32.03,47.42,9.06,42.61,55.92,11.48,7.37,21.5,20.21,28.85,14.43,9.29,11.61,54.92,41.7,12.34,20.92,103.6,60.95,18.9,,25.85,18.9
2023-10-23 07:00:00,15.23,59.22,29.09,64.97,37.7,12.36,42.38,17.68,78.1,93.76,18.37,16.18,66.46,68.94,49.02,18.76,10.62,17.94,16.42,57.09,24.53,11.55,11.29,65.8,41.66,20.55,13.35,19.06,32.59,46.98,9.06,42.61,55.76,11.61,7.44,21.63,21.11,29.4,14.41,9.62,11.79,54.79,44.0,12.3,21.3,99.9,60.86,18.24,,25.95,18.92
2023-10-24 07:00:00,15.3,59.22,29.12,65.51,37.7,12.16,44.01,17.83,79.0,93.08,17.87,16.18,66.46,68.6,48.7,18.9,10.65,17.9,16.33,60.5,24.62,11.67,11.32,64.9,40.83,20.64,13.3,19.1,32.68,46.79,9.06,42.61,55.68,11.74,7.52,21.89,21.15,29.75,14.67,9.54,11.87,55.72,44.0,12.37,21.45,101.9,60.86,18.37,,26.0,18.9
2023-10-25 07:00:00,15.37,59.51,29.56,66.6,38.12,12.47,47.14,17.77,79.9,92.57,17.68,16.64,66.53,68.94,48.78,19.67,10.68,18.2,16.8,60.12,24.95,11.75,11.35,66.0,42.06,21.23,13.8,20.07,32.82,46.98,9.23,42.61,56.33,11.87,7.62,22.64,21.39,29.55,14.74,9.91,11.97,56.18,44.75,12.47,21.92,100.6,59.91,18.41,,26.45,19.1
2023-10-26 07:00:00,14.71,56.26,28.29,63.64,36.29,11.64,45.2,16.91,75.03,86.17,16.45,15.63,62.95,64.74,46.05,18.33,10.22,17.11,15.71,59.27,23.58,11.08,10.87,61.4,39.61,20.28,12.9,18.9,30.63,45.53,8.9,40.44,54.28,11.48,7.25,22.33,19.9,27.7,13.79,9.29,11.29,55.45,41.8,11.79,20.8,99.0,57.22,17.23,,24.6,18.18
2023-10-27 07:00:00,14.88,53.97,29.16,62.7,36.48,11.17,45.29,17.04,73.22,86.17,16.03,15.63,63.17,64.82,46.86,17.56,10.41,17.3,15.38,59.84,23.95,11.47,10.93,57.2,40.49,20.37,12.15,17.98,29.98,45.91,8.9,38.64,51.07,11.78,7.3,22.25,19.97,28.15,13.75,8.67,11.47,55.65,38.9,11.93,19.35,97.2,57.82,17.53,,22.9,18.09
2023-10-30 07:00:00,14.95,54.54,29.74,63.25,36.48,11.25,46.0,16.97,73.58,83.53,16.01,15.9,62.22,65.59,48.54,17.27,10.56,17.41,16.28,60.41,23.62,11.51,10.84,56.0,39.61,20.55,12.95,18.69,30.59,45.91,8.98,39.43,50.0,11.82,7.37,22.33,19.1,27.0,13.27,8.96,11.54,55.45,37.75,12.0,19.88,97.0,58.26,17.45,,22.1,18.14
2023-10-31 07:00:00,14.92,54.06,29.16,60.83,36.39,11.01,44.14,16.94,70.96,85.24,14.9,15.49,60.75,65.17,47.34,16.17,10.5,17.33,15.9,60.12,23.17,11.55,10.81,56.0,36.87,20.51,12.8,17.52,29.33,45.21,8.77,37.7,46.63,11.14,7.33,22.16,17.81,26.55,12.85,8.34,11.4,56.38,38.0,11.96,20.23,97.4,58.69,17.23,,22.2,17.8
2023-11-01 07:00:00,14.99,53.97,28.8,61.14,36.11,10.89,42.6,16.76,69.07,84.47,14.93,15.26,60.46,65.42,47.42,15.79,10.53,17.37,15.95,60.12,22.47,11.71,10.9,57.0,34.33,20.33,12.6,16.3,29.14,44.96,8.73,36.61,45.15,10.75,7.33,22.69,17.88,27.1,12.97,8.14,11.25,57.18,36.75,12.0,19.73,99.0,58.95,17.45,,21.6,17.82
2023-11-02 07:00:00,15.16,54.16,29.45,64.42,36.57,11.64,45.03,16.94,73.13,86.0,15.48,15.81,62.87,65.94,49.66,16.84,10.59,18.24,16.9,60.12,23.46,12.03,11.03,59.8,32.86,20.69,13.1,17.56,30.36,45.65,8.94,37.99,47.62,11.48,7.52,22.69,19.1,27.9,13.46,8.8,11.58,57.51,37.7,12.27,19.82,101.4,60.6,17.49,,22.45,18.18
2023-11-03 07:00:00,15.48,54.83,30.1,66.68,37.6,12.43,48.2,17.19,76.56,87.88,16.42,16.08,63.68,67.14,50.95,17.47,10.84,18.73,17.66,59.84,24.12,12.11,11.09,61.7,36.19,21.09,14.35,18.23,30.73,46.66,9.1,38.28,50.5,11.82,7.77,21.41,19.66,28.4,13.96,9.21,11.58,58.51,39.95,12.64,20.62,104.8,60.6,17.45,,23.2,18.65
2023-11-06 07:00:00,15.51,55.11,30.18,68.63,37.79,12.71,51.03,17.4,77.28,87.79,16.45,16.27,64.26,66.88,51.27,17.51,11.18,19.07,18.32,59.84,24.24,12.15,11.19,63.0,36.77,21.23,14.25,18.73,30.82,46.79,9.19,38.78,52.55,11.95,7.77,21.76,20.0,28.6,14.31,9.08,11.68,58.77,40.6,12.75,20.82,105.6,60.86,17.8,,23.7,18.83
2023-11-07 07:00:00,15.51,55.4,30.1,68.63,37.7,12.67,51.03,17.37,78.1,87.79,16.27,16.13,64.34,67.31,52.23,17.42,11.12,19.26,18.55,59.56,24.04,12.23,11.29,62.0,36.68,21.28,14.45,18.56,30.73,47.68,9.19,39.58,53.37,11.91,7.88,21.45,19.66,28.9,14.38,9.13,11.87,58.64,40.0,12.64,20.62,105.1,60.6,18.24,,23.05,18.8
2023-11-08 07:00:00,15.48,54.64,30.14,71.6,37.41,12.71,53.15,17.34,79.18,88.3,16.37,15.95,64.41,66.88,53.03,17.61,11.08,19.38,18.55,59.84,24.08,12.27,11.29,60.5,35.89,21.5,14.4,18.48,30.68,47.3,9.19,39.65,51.48,11.87,7.81,21.23,19.66,28.75,14.27,9.13,11.9,58.37,39.2,12.71,20.8,104.1,60.6,18.15,,22.85,18.7
2023-11-09 07:00:00,15.83,56.36,30.9,72.69,38.35,13.46,54.3,17.92,83.42,89.84,17.19,16.64,67.19,67.74,55.12,18.81,11.55,20.13,19.69,59.84,25.44,12.43,11.64,62.7,39.02,22.0,15.75,20.23,31.61,48.18,9.43,40.8,52.3,12.3,8.13,21.59,21.22,29.65,14.79,9.82,12.3,58.37,41.45,13.09,22.0,108.4,61.38,18.49,,23.95,19.4
2023-11-10 07:00:00,15.62,56.83,30.54,72.53,37.98,13.27,53.59,17.77,82.88,88.82,16.9,16.31,66.83,67.31,54.72,18.52,11.36,19.94,19.41,59.56,25.73,12.19,11.44,61.7,38.14,22.45,15.95,21.32,31.05,47.87,9.6,40.95,51.24,12.17,8.02,20.97,21.22,29.25,14.5,9.7,12.19,57.11,42.3,12.92,22.2,105.5,60.43,18.07,,23.85,19.05
2023-11-13 07:00:00,15.59,56.55,30.43,74.32,37.79,13.11,54.03,17.92,82.79,88.9,16.74,16.08,66.24,67.39,54.24,18.38,11.36,20.06,19.55,59.27,25.85,12.19,11.38,61.0,38.19,22.23,15.5,21.36,30.91,47.99,9.77,41.16,50.25,12.0,7.95,20.22,21.39,29.0,14.48,9.91,12.19,56.71,41.3,12.88,22.22,106.1,59.56,17.61,,23.45,18.96
2023-11-14 07:00:00,15.76,56.64,30.65,73.39,37.84,13.5,55.0,18.17,83.78,88.22,16.9,16.36,66.83,67.31,55.52,18.57,11.46,20.21,19.93,59.65,26.06,12.27,11.57,61.6,39.9,22.05,15.8,21.65,31.01,48.18,9.68,41.02,50.74,11.82,8.06,20.04,21.77,29.5,14.6,10.03,12.44,56.71,40.75,13.09,22.25,106.5,59.21,17.84,,23.5,19.15
2023-11-15 07:00:00,16.11,57.6,31.34,73.23,38.16,13.42,53.68,18.48,84.87,88.99,17.08,17.42,67.34,68.25,56.81,19.05,11.67,20.44,20.31,59.46,26.23,12.47,11.76,63.5,40.44,22.32,16.2,21.91,31.47,49.32,9.72,41.81,51.89,11.91,8.31,20.4,22.16,29.8,14.88,9.99,12.55,57.44,41.35,13.36,22.45,107.6,60.78,18.3,,24.1,19.52
2023-11-16 07:00:00,16.22,58.55,31.52,74.01,38.26,13.39,53.94,18.36,84.05,88.73,17.05,17.33,67.05,67.74,56.89,18.95,11.58,20.28,19.93,59.65,25.98,12.39,11.7,65.4,39.81,22.36,16.1,21.74,31.66,49.19,9.64,41.6,51.98,11.87,8.28,20.26,21.77,29.75,14.88,9.95,12.44,57.58,40.8,13.22,22.42,107.0,60.69,18.26,,23.65,19.38
2023-11-17 07:00:00,15.83,57.88,30.87,72.77,38.21,13.42,53.94,18.08,83.51,88.22,17.21,17.05,66.31,67.14,56.16,18.66,11.27,19.91,19.88,59.65,25.73,12.23,11.41,63.4,39.76,22.09,15.85,23.08,31.19,49.26,9.6,41.6,52.14,11.74,8.06,19.87,21.6,29.05,14.5,10.23,12.19,56.78,38.5,13.02,21.08,104.0,60.08,17.56,,22.5,18.95
2023-11-20 07:00:00,15.55,57.5,30.47,74.45,37.79,13.19,53.68,17.86,82.43,85.58,17.0,16.59,65.22,66.54,55.36,18.56,11.21,19.76,19.79,59.84,25.36,12.11,11.32,62.7,39.27,21.91,15.7,22.99,30.91,49.51,9.48,41.16,51.4,11.65,7.92,19.65,21.29,28.7,14.38,10.11,12.01,56.45,38.3,12.78,20.45,103.5,59.91,17.42,,22.55,18.75
2023-11-21 07:00:00,15.8,57.5,31.19,74.7,38.12,13.5,55.27,18.05,84.42,86.94,17.29,17.0,66.39,67.14,55.36,19.39,11.42,20.4,20.64,59.74,26.02,12.27,11.44,63.6,39.71,22.18,16.15,23.29,31.19,50.27,9.6,41.31,51.73,11.74,8.1,19.87,22.43,29.1,14.55,10.56,12.26,56.98,38.9,12.98,21.02,104.6,59.82,18.03,,22.5,19.0
2023-11-22 07:00:00,15.69,56.83,31.48,76.96,37.88,13.9,56.59,18.02,85.95,87.11,17.42,17.05,67.27,67.22,55.76,19.34,11.39,20.36,20.5,59.36,26.31,12.31,11.44,63.6,38.44,22.45,16.2,23.41,31.47,50.96,9.52,41.52,51.89,11.74,8.1,19.91,22.43,28.75,14.48,10.52,12.26,56.78,38.85,12.85,20.92,105.0,59.91,17.93,,22.5,18.93
2023-11-23 07:00:00,15.59,56.26,31.19,72.03,37.88,13.31,54.21,17.92,83.87,87.54,17.05,16.91,66.46,66.02,55.76,18.85,11.15,19.57,19.41,59.65,25.85,11.95,11.41,63.3,36.48,22.23,17.0,22.24,31.38,50.9,9.48,41.52,49.67,11.57,7.95,19.96,21.46,28.2,14.36,9.95,12.26,56.78,39.0,12.81,20.65,105.0,59.65,17.7,,22.6,18.8
2023-11-24 07:00:00,15.3,54.44,30.76,71.94,37.23,12.59,51.21,17.62,82.43,87.2,16.58,16.5,66.02,65.17,53.36,18.32,11.15,19.34,18.84,59.84,24.95,11.99,11.22,60.6,36.33,21.59,16.75,21.65,30.73,50.27,9.27,40.95,49.76,11.14,7.73,19.65,21.32,27.5,13.91,9.54,12.08,56.45,38.05,12.64,20.3,104.1,58.69,17.56,,22.0,18.45
2023-11-27 07:00:00,15.34,55.02,31.05,73.11,37.17,13.07,52.97,17.86,84.87,87.45,16.95,16.82,65.95,65.59,53.76,18.85,11.02,19.83,19.45,59.56,25.52,11.79,11.19,60.9,37.17,21.55,17.35,22.24,31.1,50.27,9.35,41.02,51.32,11.22,7.77,19.91,21.53,27.4,13.84,9.78,12.01,56.51,39.1,12.58,20.65,101.0,58.95,17.7,,22.55,18.6
2023-11-28 07:00:00,15.23,55.29,31.23,70.35,37.22,12.83,52.71,17.71,83.15,85.15,16.74,16.41,65.8,64.99,53.6,18.46,10.99,19.72,19.08,59.84,25.07,11.55,11.13,59.9,36.53,21.46,16.8,21.45,30.77,49.57,9.23,41.02,52.14,11.1,7.7,19.91,20.97,26.85,13.61,9.49,11.9,56.31,39.65,12.47,20.8,105.4,58.6,17.61,,22.35,18.45
2023-11-29 07:00:00,15.44,55.67,31.8,72.53,37.84,13.39,54.47,17.92,85.59,86.68,16.98,16.59,66.68,65.68,54.16,19.1,11.08,20.17,20.02,59.94,25.69,11.95,11.29,61.5,37.31,21.82,17.5,22.53,31.52,49.95,9.35,41.31,52.8,11.31,7.84,19.96,21.74,27.8,13.98,9.91,12.05,56.51,40.75,12.71,21.15,105.4,59.21,17.79,,22.8,18.77
2023-11-30 07:00:00,15.41,55.58,31.72,72.36,37.36,13.39,54.65,17.94,85.32,87.88,17.0,16.64,66.83,65.59,55.68,19.34,11.05,20.1,20.26,56.9,25.77,12.11,11.32,60.5,37.65,21.59,17.7,22.57,32.68,50.33,9.27,41.24,53.46,11.22,7.84,19.91,21.74,27.5,13.94,9.99,12.08,56.25,40.6,12.68,20.88,102.0,58.52,17.66,,22.1,18.72
2023-12-01 07:00:00,15.27,55.38,31.76,72.61,37.7,13.31,54.65,17.84,84.14,87.79,17.19,16.54,66.83,65.68,55.44,19.34,11.02,20.02,20.07,56.9,25.73,12.11,11.29,60.8,37.21,21.59,17.4,22.2,32.4,50.58,9.27,41.09,52.72,11.27,7.77,19.74,21.7,27.05,13.86,9.99,12.15,55.85,40.4,12.71,20.92,102.0,58.78,17.61,,22.45,18.6
2023-12-04 07:00:00,15.44,55.77,32.17,73.28,38.08,13.54,55.71,18.01,86.4,87.62,17.42,16.77,67.78,66.62,55.76,19.83,11.18,20.47,20.83,57.75,26.23,12.15,11.35,61.5,37.95,21.73,17.95,22.87,32.78,50.65,9.35,41.38,52.8,11.95,7.88,19.78,22.61,27.55,14.08,10.19,12.33,56.31,40.85,12.95,21.05,104.0,59.39,17.79,,22.65,18.83
2023-12-05 07:00:00,15.48,58.09,32.21,75.54,37.98,13.82,56.77,18.18,87.58,87.62,17.55,17.0,68.58,67.48,55.76,19.98,11.21,20.55,20.97,57.37,26.43,12.11,11.44,61.4,38.83,22.09,18.15,23.37,32.82,50.58,9.48,42.25,52.63,11.82,7.95,19.82,23.02,27.8,14.12,10.28,12.3,56.31,40.5,12.95,21.3,103.8,59.04,17.7,,22.8,18.95
2023-12-06 07:00:00,15.44,62.55,32.21,75.37,38.08,13.94,56.68,18.18,87.3,87.62,17.63,17.0,68.88,67.65,55.76,20.03,11.39,20.59,20.92,58.04,26.35,12.23,11.48,61.4,39.07,22.32,18.05,23.16,32.92,50.21,9.48,42.32,52.63,11.82,7.95,19.87,23.09,27.7,14.17,10.32,12.3,56.45,39.65,13.02,21.25,104.4,59.13,17.7,,22.7,18.96
2023-12-07 07:00:00,15.59,61.29,32.7,74.45,37.74,13.7,56.06,18.22,85.86,86.77,17.45,17.19,67.92,66.45,54.96,19.49,11.3,20.4,20.35,58.22,25.77,12.59,11.51,62.1,38.63,22.09,17.3,22.78,32.4,49.64,9.48,41.6,53.46,11.61,7.95,19.82,22.26,28.05,14.31,10.28,12.44,56.45,39.4,13.02,20.95,102.5,58.6,17.7,,22.65,18.92
2023-12-08 07:00:00,15.66,62.35,33.19,75.29,37.65,13.62,56.5,18.32,86.85,80.97,17.58,17.37,68.44,66.45,54.96,19.54,11.49,20.81,20.83,59.08,26.02,12.75,11.57,63.5,39.51,22.32,17.4,23.37,32.68,49.38,9.56,41.6,53.54,11.57,7.95,19.82,22.43,28.2,14.46,10.4,12.55,56.45,39.45,13.12,21.28,103.8,59.04,17.84,,22.7,19.14
2023-12-11 07:00:00,15.62,61.87,33.81,75.87,37.89,13.66,55.71,18.32,87.3,85.24,17.53,17.28,69.24,66.71,56.24,19.54,11.42,20.66,20.45,59.65,25.73,12.87,11.51,66.7,40.98,22.32,17.35,23.16,32.78,49.7,9.56,42.39,53.54,11.57,7.99,19.82,22.29,27.85,14.48,10.52,12.51,55.85,40.1,13.02,21.62,101.8,60.69,17.75,,23.45,19.19
2023-12-12 07:00:00,15.66,62.06,33.69,75.79,38.32,13.78,55.97,18.32,87.48,85.41,17.71,17.28,69.75,66.79,55.92,19.88,11.49,20.81,20.54,59.18,25.73,12.75,11.54,65.7,41.18,22.05,17.6,22.62,32.68,50.46,9.52,42.1,53.37,11.61,8.06,19.82,22.57,27.8,14.53,10.52,12.44,55.78,40.75,12.98,22.0,102.1,59.91,17.75,,23.4,19.2
2023-12-13 07:00:00,15.66,61.48,33.19,75.46,38.41,13.54,55.09,18.32,86.58,85.15,17.63,17.46,69.68,65.85,55.28,19.49,11.52,20.66,19.88,58.6,25.73,12.51,11.51,65.7,40.64,21.95,17.0,21.91,32.31,50.71,9.43,41.52,52.63,11.44,7.92,19.82,22.22,27.45,14.41,10.36,12.26,55.58,40.65,12.98,21.6,103.2,59.13,17.66,,22.95,19.1
2023-12-14 07:00:00,15.66,61.0,33.77,74.87,38.46,13.35,54.65,18.15,85.41,85.24,17.37,16.96,69.68,65.77,54.4,19.34,11.58,20.47,19.79,58.98,24.82,12.47,11.48,64.8,40.49,21.73,16.25,21.74,31.75,50.27,9.31,41.24,51.81,11.35,7.84,19.82,22.16,27.1,14.43,10.19,12.15,55.78,40.25,12.88,21.72,104.8,59.21,17.52,,22.7,19.05
2023-12-15 07:00:00,15.83,60.03,33.73,74.54,37.84,13.23,54.12,18.08,84.24,85.15,17.19,16.77,69.54,65.17,53.84,19.2,11.61,20.25,19.55,58.89,24.86,12.47,11.48,63.0,39.61,21.82,15.8,21.57,31.94,49.83,9.27,40.8,51.65,11.31,7.81,19.74,22.02,27.05,14.36,10.19,12.15,54.59,39.85,12.81,21.52,103.0,59.13,17.24,,22.55,18.96
2023-12-18 07:00:00,15.9,57.8,33.11,73.7,37.36,12.91,54.38,17.88,83.24,85.24,17.05,16.45,68.58,64.74,53.84,19.0,11.24,20.13,19.64,58.89,24.53,12.31,11.44,62.6,38.63,21.59,16.4,21.74,31.57,49.64,9.19,40.44,50.41,11.27,7.73,19.74,21.98,26.3,14.2,10.36,12.08,54.12,39.85,12.61,21.52,102.0,58.17,16.68,,22.55,18.73
2023-12-19 07:00:00,16.01,56.84,33.15,72.95,37.36,12.83,55.44,17.81,84.5,83.96,17.11,16.45,68.51,63.62,54.56,18.76,11.21,20.1,19.69,59.36,24.62,12.11,11.44,61.8,38.34,21.23,16.2,21.28,31.24,49.45,9.19,40.44,50.58,11.14,7.7,19.74,21.77,25.85,14.08,10.4,12.08,53.19,39.3,12.54,21.15,103.7,57.56,16.64,,22.55,18.57
2023-12-20 07:00:00,16.18,58.38,33.36,73.95,37.41,13.11,56.15,17.98,85.06,84.13,17.16,16.82,68.88,64.14,54.4,19.05,11.36,20.51,20.16,59.18,24.62,12.19,11.51,62.5,39.61,21.28,16.6,21.99,31.61,49.83,9.27,40.37,50.91,11.31,7.73,19.74,22.19,26.45,14.24,10.65,12.15,53.46,39.5,12.68,21.42,103.1,58.17,16.68,,22.7,18.79
2023-12-21 07:00:00,16.18,58.38,33.44,76.96,37.55,13.11,55.71,18.01,84.03,83.87,17.13,16.68,68.8,63.79,54.56,19.2,11.33,20.4,20.12,59.18,24.33,12.15,11.48,63.0,40.93,21.05,16.5,21.78,31.66,50.84,9.31,40.08,50.58,11.31,7.73,19.78,22.22,26.5,14.24,10.69,12.05,53.33,39.65,12.68,21.4,103.9,58.87,16.64,,22.7,18.8
2023-12-22 07:00:00,16.29,58.87,33.85,77.63,37.27,13.07,56.5,18.08,83.85,83.87,17.05,16.77,69.1,63.71,54.56,19.44,11.46,20.47,20.26,59.18,24.7,12.23,11.54,63.0,41.08,21.19,16.5,22.16,31.43,52.61,9.23,40.3,50.58,11.31,7.73,19.74,22.36,26.3,14.38,10.65,12.08,53.39,40.0,12.68,21.38,105.1,58.6,16.68,,22.7,18.85
2023-12-25 07:00:00,16.29,59.06,34.34,83.65,37.27,13.11,57.3,18.18,84.13,84.81,17.05,16.77,69.39,64.05,54.96,19.59,11.64,20.55,20.5,59.36,24.82,12.27,11.67,63.2,41.42,21.09,16.55,22.16,31.52,52.99,9.27,40.22,50.5,11.35,7.77,19.82,22.29,27.25,14.46,10.77,12.19,53.59,40.3,12.78,21.5,106.5,58.69,16.87,,22.85,18.95
2023-12-26 07:00:00,16.32,59.45,34.91,86.16,37.5,13.35,58.18,18.39,85.9,85.66,17.24,16.64,70.56,64.91,57.37,19.73,11.7,20.74,20.68,59.36,24.86,12.47,11.67,65.6,41.42,21.32,16.8,22.99,32.08,52.99,9.27,40.3,51.24,11.4,7.77,19.87,22.57,27.15,14.53,10.77,12.23,54.45,41.3,12.95,21.68,107.5,59.04,16.87,,23.15,19.16
2023-12-27 07:00:00,16.29,60.03,34.99,86.58,37.84,13.31,61.01,18.36,87.39,85.92,17.37,16.73,70.92,65.25,57.29,19.73,11.83,21.0,20.97,59.56,25.19,12.47,11.7,66.0,41.62,21.32,16.75,23.12,31.98,53.87,9.23,40.37,51.07,11.35,7.77,19.96,22.78,27.35,14.57,10.85,12.26,54.79,41.85,13.02,21.8,107.5,59.04,16.96,,23.2,19.24
2023-12-28 07:00:00,16.36,59.84,34.91,88.76,37.84,13.27,60.12,18.36,87.2,85.66,17.4,16.73,70.49,64.82,57.45,19.68,11.73,20.93,21.21,59.65,25.28,12.47,11.7,66.6,41.86,21.28,16.7,22.95,31.75,53.49,9.23,40.66,51.15,11.31,7.77,19.87,22.68,27.35,14.6,10.85,12.37,54.72,42.05,13.09,21.8,106.4,59.04,17.05,,23.25,19.16
2023-12-29 07:00:00,16.71,60.13,34.58,86.16,37.84,13.39,60.39,18.6,87.39,86.17,17.4,16.87,70.34,64.74,56.56,19.98,11.83,21.04,21.35,59.65,25.32,12.51,11.83,67.0,41.71,21.73,16.7,23.12,32.03,53.24,9.27,40.73,51.56,11.31,7.84,20.88,22.74,27.6,14.88,10.77,12.44,53.33,43.2,13.36,22.22,107.0,59.13,17.29,,23.3,19.43
2024-01-02 07:00:00,16.81,59.93,34.91,86.42,37.84,13.54,59.5,18.56,87.02,88.64,17.42,16.91,70.05,64.74,56.73,20.42,12.17,20.78,20.97,59.65,25.28,12.59,11.89,67.3,41.22,21.82,16.7,22.57,32.12,54.0,9.27,41.24,52.06,11.27,7.88,20.44,22.57,27.75,15.02,10.65,12.44,54.59,42.55,13.39,22.0,106.8,59.39,17.42,,23.05,19.5
2024-01-03 07:00:00,17.02,58.68,35.16,89.51,37.84,13.5,59.77,18.56,86.92,93.76,17.68,16.91,69.83,64.65,57.13,20.32,12.23,20.74,20.87,59.56,25.23,12.75,11.92,67.7,41.08,22.23,16.65,22.41,32.03,53.94,9.27,41.24,51.98,11.31,7.95,20.53,22.43,27.6,15.05,10.6,12.33,54.99,42.55,13.43,21.75,105.4,59.48,17.24,,22.9,19.38
2024-01-04 07:00:00,17.62,58.87,35.65,87.34,38.08,13.7,61.62,18.91,87.86,92.48,17.79,17.28,70.41,65.17,57.05,20.9,12.32,20.97,21.25,59.56,25.4,12.91,12.21,68.1,42.06,22.45,16.85,22.87,32.5,53.49,9.43,41.52,52.39,11.4,8.17,20.31,22.92,28.5,15.38,10.73,12.55,55.78,43.25,13.67,21.9,105.4,60.35,17.52,,23.25,19.69
2024-01-05 07:00:00,17.59,58.09,35.73,85.41,38.18,13.5,61.36,19.7,88.51,90.61,17.5,17.33,70.63,66.02,56.89,20.95,12.48,20.85,20.97,59.65,25.52,13.11,12.82,66.6,42.06,22.18,16.8,22.95,32.68,52.54,9.35,41.38,51.88,11.35,8.24,20.62,23.34,28.85,15.59,10.73,12.8,56.91,43.05,13.9,21.95,106.2,59.91,17.66,,23.1,19.9
2024-01-08 07:00:00,17.69,58.09,36.51,86.42,38.27,13.86,61.18,19.93,87.67,91.2,17.63,17.23,71.07,65.59,56.89,21.0,12.63,21.08,21.06,59.65,25.69,13.19,13.01,66.6,42.25,22.32,17.0,23.2,32.59,52.8,9.35,41.02,52.14,11.4,8.39,20.53,23.61,29.0,15.75,10.85,12.84,57.31,42.9,14.11,22.05,106.2,59.65,17.7,,23.35,19.9
2024-01-09 07:00:00,17.52,57.51,37.65,86.33,38.13,14.57,61.1,20.11,86.92,91.63,17.4,17.1,70.71,65.08,57.21,20.51,12.6,20.81,20.64,59.65,25.4,12.99,13.07,66.0,41.47,22.27,17.0,23.54,32.26,53.37,9.39,40.44,51.8,11.4,8.39,20.4,23.54,29.1,15.97,10.93,12.77,57.64,42.65,14.18,21.95,105.2,59.48,17.66,,23.35,19.86
2024-01-10 07:00:00,17.55,57.03,37.61,86.67,38.46,14.18,59.06,20.48,85.34,91.37,17.55,17.1,69.17,64.74,57.05,20.61,12.6,20.63,20.16,59.56,24.78,13.07,13.17,66.1,40.98,22.54,16.8,23.08,32.22,54.06,9.39,40.15,51.04,11.65,8.42,20.4,23.16,29.1,16.18,10.85,12.8,57.91,42.1,14.18,21.6,104.3,58.95,17.66,,23.2,19.99
2024-01-11 07:00:00,17.66,56.93,37.77,87.17,38.7,14.38,59.15,20.86,85.43,90.35,17.53,17.79,69.32,64.74,56.81,20.66,12.75,20.74,20.64,59.45,24.82,13.11,13.07,66.0,41.27,22.95,16.75,22.99,32.45,54.0,9.43,40.15,51.21,11.65,8.71,20.44,23.34,29.2,15.97,10.69,13.24,58.84,42.0,14.28,21.7,104.7,59.04,18.07,,23.3,20.02
2024-01-12 07:00:00,17.59,57.22,36.83,87.0,39.52,14.26,58.71,21.0,85.06,90.95,17.11,17.83,68.88,64.31,55.76,19.83,12.66,20.47,20.35,59.16,24.57,12.87,13.01,64.8,40.88,23.18,16.05,22.62,32.36,53.37,9.39,39.72,50.96,11.57,8.6,20.48,23.16,29.1,15.85,10.36,13.09,58.04,40.9,14.18,21.35,103.9,58.6,17.84,,22.9,19.85
2024-01-15 07:00:00,17.76,57.32,37.65,89.09,39.28,14.1,57.83,21.27,85.34,90.95,17.16,17.69,69.46,64.74,55.52,19.93,12.75,20.51,20.45,59.26,24.66,13.23,13.64,65.2,41.32,23.18,16.3,22.57,32.26,53.43,9.43,39.79,50.87,11.57,8.82,20.48,22.92,29.7,16.2,10.48,13.2,59.04,41.4,14.38,21.52,104.2,58.6,17.89,,22.95,20.05
2024-01-16 07:00:00,17.59,57.03,37.65,88.59,38.89,14.02,58.27,21.14,85.06,89.67,17.11,17.56,69.32,64.31,54.48,20.03,12.84,20.47,20.31,59.16,24.12,13.19,13.49,65.3,41.86,23.13,16.15,22.24,32.22,53.37,9.39,39.65,50.62,11.7,8.68,20.09,22.74,29.6,15.97,10.48,13.13,59.04,41.45,14.35,21.42,104.3,58.34,17.75,,22.85,19.95
2024-01-17 07:00:00,17.8,57.32,37.85,89.51,38.99,14.49,59.5,21.27,85.52,88.64,17.32,17.69,69.54,64.39,55.28,20.42,12.69,20.93,21.25,59.45,24.45,13.31,13.58,66.3,43.33,23.31,16.1,23.03,32.17,54.57,9.43,39.94,50.71,11.91,8.71,20.13,23.23,29.7,16.06,10.69,13.24,59.1,41.9,14.59,21.48,103.9,58.6,17.79,,23.05,20.07
2024-01-18 07:00:00,17.8,57.51,38.14,89.93,39.28,14.34,59.42,21.2,85.52,89.16,17.4,17.74,69.68,64.48,54.96,20.47,12.78,20.89,21.21,59.36,24.95,13.51,13.58,66.4,43.62,23.09,16.25,23.12,32.08,55.96,9.39,40.15,50.87,11.65,8.68,20.18,23.37,29.65,16.09,10.69,13.13,59.77,42.05,14.45,21.5,103.7,58.86,17.84,,23.2,20.12
2024-01-19 07:00:00,18.01,58.38,38.59,89.68,39.42,14.41,60.21,21.58,85.62,89.84,17.32,17.83,70.05,64.65,55.2,20.61,12.82,20.89,21.16,59.55,25.9,13.79,13.84,66.7,44.31,23.22,16.25,23.08,32.31,55.26,9.48,40.08,51.21,11.61,8.75,20.22,23.2,29.95,16.3,10.65,13.27,60.03,43.0,14.66,21.58,104.3,58.95,18.07,,23.6,20.33
2024-01-22 07:00:00,18.11,58.58,39.82,89.93,39.42,14.3,58.89,21.92,84.31,89.75,17.21,18.15,70.12,65.34,55.12,20.37,12.84,21.08,21.35,59.55,25.44,13.63,14.03,67.0,44.16,23.18,16.2,22.78,32.31,55.2,9.48,40.37,51.21,11.57,8.79,20.31,23.2,30.15,16.39,10.52,13.31,61.1,42.8,14.66,21.58,104.9,59.48,18.21,,23.7,20.4
2024-01-23 07:00:00,18.29,59.35,39.78,92.52,38.99,14.49,59.24,21.89,83.19,90.43,17.05,17.97,69.83,65.17,55.28,20.32,12.84,21.38,21.58,59.26,25.52,13.71,13.96,66.5,44.26,23.22,16.9,23.2,32.31,55.64,9.43,40.44,50.79,11.57,8.75,20.18,23.37,30.25,16.72,10.56,13.34,60.03,42.3,14.66,21.45,103.5,59.13,18.16,,23.55,20.4
2024-01-24 07:00:00,18.04,59.55,39.61,90.35,38.89,14.38,59.15,21.89,83.29,91.2,17.11,17.92,69.46,64.91,55.84,20.37,12.88,21.38,21.58,59.45,25.52,13.67,13.9,66.2,43.38,23.0,16.65,23.08,32.22,56.4,9.39,40.66,50.62,11.61,8.75,20.09,23.4,30.4,16.65,10.56,13.16,60.37,42.3,14.59,21.45,103.8,58.78,18.07,,23.7,20.35
2024-01-25 07:00:00,17.97,58.87,39.57,85.33,38.89,14.34,58.89,21.68,81.89,91.97,16.92,17.88,69.39,64.65,55.76,20.32,12.91,21.19,21.44,59.45,25.36,13.75,13.84,66.1,43.13,22.91,16.5,23.03,32.12,56.02,9.39,40.3,49.53,11.61,8.86,20.13,23.51,30.3,16.49,10.48,13.09,60.23,42.05,14.41,21.4,104.5,58.51,18.07,,23.75,20.29
2024-01-26 07:00:00,18.15,59.26,39.57,85.33,38.99,14.38,59.5,21.92,81.89,90.86,16.98,17.83,69.75,64.48,56.0,20.47,13.0,21.38,21.92,59.45,25.65,13.87,13.96,65.8,43.77,22.91,16.6,23.2,32.12,56.46,9.43,40.44,47.93,11.61,8.9,20.18,23.58,30.2,16.53,10.52,13.09,60.7,42.0,14.48,21.32,104.5,58.6,18.16,,23.55,20.3
2024-01-29 07:00:00,18.22,59.74,39.65,86.67,38.99,14.41,59.59,21.96,83.01,90.86,17.4,17.65,69.75,64.57,55.84,21.1,13.12,21.19,21.58,59.26,25.61,13.83,14.03,65.5,43.52,22.91,16.35,23.58,32.12,56.59,9.43,40.51,48.26,11.61,8.93,20.18,23.51,30.3,16.63,10.69,13.09,60.37,41.8,14.52,21.2,105.3,58.51,18.07,,23.3,20.18
2024-01-30 07:00:00,18.18,59.74,39.41,86.42,39.23,14.41,60.3,21.99,83.38,90.35,17.47,17.56,69.83,65.25,55.76,21.73,13.22,21.08,21.39,59.36,25.44,14.06,13.93,65.6,43.52,22.91,16.3,23.16,32.26,57.6,9.43,40.44,48.18,11.57,8.86,20.09,23.48,30.3,16.39,10.93,13.09,59.83,41.7,14.45,21.25,105.5,58.51,18.16,,23.1,20.34
2024-01-31 07:00:00,17.94,61.77,38.84,85.83,38.8,14.34,59.5,21.48,83.1,90.35,17.19,17.23,69.9,64.65,54.0,21.49,13.28,21.0,21.39,58.88,25.44,14.02,13.8,64.4,43.67,23.18,16.6,23.41,32.17,57.29,9.39,40.22,47.42,11.48,8.35,19.74,23.75,29.8,16.25,10.77,12.84,58.77,41.5,14.41,21.05,103.6,58.51,17.7,,22.45,20.11
2024-02-01 07:00:00,18.04,62.26,38.55,86.5,38.89,14.34,59.33,21.58,83.75,87.88,17.05,17.1,70.05,64.57,54.64,21.93,13.4,20.97,21.44,58.97,25.11,14.06,13.77,64.4,44.01,22.95,16.6,23.37,32.12,57.35,9.35,39.94,47.5,11.44,8.35,19.82,23.89,29.7,16.06,10.81,12.84,58.44,41.1,14.34,21.02,104.0,58.78,17.66,,22.45,20.1
2024-02-02 07:00:00,18.15,62.45,38.18,88.34,39.13,14.45,58.8,21.65,84.22,90.35,17.32,16.96,73.27,64.48,54.56,23.69,13.46,20.97,21.58,58.78,25.19,14.18,13.87,65.0,45.09,22.95,16.65,23.75,32.17,57.86,9.35,39.72,48.01,11.4,8.24,19.56,24.17,29.75,16.06,11.14,12.62,59.17,41.15,14.2,21.02,104.4,58.6,17.38,,22.3,20.2
2024-02-05 07:00:00,18.36,61.48,38.47,87.84,39.32,14.57,57.21,21.79,84.41,89.75,17.26,16.96,74.58,64.39,54.96,23.74,13.71,21.12,21.68,58.97,25.19,14.1,13.87,64.7,45.77,22.91,16.75,24.71,32.12,56.72,9.31,39.86,47.93,11.35,8.28,19.69,23.96,29.85,16.25,11.14,12.62,59.37,41.1,14.24,20.9,103.8,58.78,17.42,,21.7,20.23
2024-02-06 07:00:00,19.41,61.19,39.24,88.92,39.28,14.57,55.62,23.23,84.5,89.75,17.45,17.14,75.32,64.65,54.8,24.23,13.96,21.19,21.87,59.36,25.44,14.34,14.63,64.7,45.77,22.91,17.0,24.83,32.17,56.91,9.31,40.08,47.84,11.31,8.39,20.04,24.24,30.7,16.82,11.02,13.06,59.17,41.0,14.94,20.95,104.5,59.13,17.75,,21.6,20.67
2024-02-07 07:00:00,19.55,61.48,39.74,88.67,39.32,14.49,58.45,23.61,89.35,90.35,17.58,17.05,76.05,64.74,55.44,24.37,14.17,21.23,21.87,59.36,25.61,14.26,14.73,64.6,45.43,22.86,17.05,24.87,32.22,57.29,9.35,40.66,48.1,11.35,8.39,20.0,24.24,30.75,16.91,10.97,13.06,59.3,41.0,15.01,21.0,104.3,58.78,17.84,,21.6,20.69
2024-02-15 07:00:00,19.1,61.19,39.61,86.92,39.47,14.61,58.45,24.02,88.79,90.86,17.79,17.19,75.98,64.91,55.52,24.18,14.36,21.38,22.06,59.45,25.77,14.46,15.02,64.9,44.84,23.09,17.3,24.66,32.5,56.91,9.39,40.88,48.77,11.44,8.5,20.13,24.31,31.0,17.69,11.02,13.42,59.17,41.8,15.36,21.1,104.0,58.78,18.12,,21.85,20.95
2024-02-16 07:00:00,19.17,61.48,39.49,87.17,39.76,15.09,58.53,23.78,88.14,90.35,17.76,17.23,75.98,64.91,55.52,24.27,14.33,21.65,21.96,59.74,25.9,14.18,15.11,65.1,44.79,23.27,17.5,24.71,32.59,56.97,9.43,42.1,48.68,11.44,8.6,20.26,24.24,30.75,17.9,11.18,13.56,59.44,41.95,15.32,21.25,104.4,59.04,18.21,,22.05,20.98
2024-02-19 07:00:00,19.1,61.0,39.45,86.16,40.67,15.13,58.27,23.68,88.79,90.43,17.84,17.1,76.85,66.02,56.24,26.18,14.17,21.53,21.68,59.94,25.56,14.06,15.05,66.5,45.14,23.36,17.4,24.33,32.92,56.09,9.52,42.18,48.18,11.52,8.6,20.13,23.89,30.45,18.16,11.1,13.45,59.3,42.9,15.25,22.15,104.4,61.84,18.16,,22.6,21.1
2024-02-20 07:00:00,19.2,61.68,40.39,86.75,40.86,15.05,58.36,23.81,89.26,92.14,18.16,17.1,76.12,67.05,56.32,25.74,14.2,21.99,21.77,60.42,25.81,14.1,15.08,68.2,44.99,23.95,17.3,24.37,33.52,55.77,9.81,42.25,48.85,11.57,8.57,20.04,24.48,30.55,18.19,11.1,13.45,59.37,45.85,15.36,23.95,104.3,62.36,18.03,,24.7,21.28
2024-02-21 07:00:00,19.24,61.48,39.98,87.0,40.47,14.93,60.12,24.05,92.99,93.33,18.18,17.1,75.76,66.45,56.89,27.06,14.33,21.72,21.39,60.52,26.18,14.1,15.11,67.7,44.99,23.63,17.3,24.5,33.2,55.39,9.72,42.25,48.77,11.52,8.57,19.91,24.1,30.85,18.23,11.02,13.38,60.1,44.8,15.57,23.55,103.2,62.1,18.12,,25.0,21.3
2024-02-22 07:00:00,19.31,63.03,40.47,88.67,40.38,15.01,60.56,24.19,93.92,92.91,18.1,17.14,76.56,66.45,56.64,27.11,14.14,21.61,21.35,60.52,26.76,14.06,15.21,67.8,44.21,23.58,17.1,24.29,33.2,55.64,9.72,42.97,48.77,11.52,8.68,19.96,24.0,31.0,18.4,10.93,13.85,59.44,44.8,15.57,23.5,103.2,62.19,18.12,,25.75,21.33
2024-02-23 07:00:00,19.17,61.29,40.31,92.61,40.09,14.45,58.09,24.02,92.89,92.05,17.58,16.87,75.61,65.51,55.76,26.18,13.9,21.5,20.97,60.8,26.14,13.63,15.14,66.6,42.98,23.09,16.6,23.33,32.68,55.45,9.52,42.25,47.93,11.48,8.6,20.09,23.65,30.65,18.9,10.56,13.78,59.04,43.25,15.36,22.6,103.4,62.1,18.03,,25.25,21.11
2024-02-26 07:00:00,19.03,60.71,42.52,95.78,40.14,14.34,57.39,24.09,93.27,91.2,17.5,16.54,75.76,64.99,55.76,26.67,13.86,21.42,20.92,60.71,25.9,13.67,15.08,66.1,42.1,23.0,16.55,23.16,32.5,55.26,9.48,41.89,47.5,11.35,8.5,20.0,23.65,30.15,18.99,10.52,13.67,59.04,43.1,15.18,22.15,103.9,61.84,17.75,,25.35,21.07
2024-02-27 07:00:00,19.2,60.9,43.33,96.12,40.33,14.65,57.83,24.33,101.19,92.05,17.95,16.5,78.61,65.34,59.21,27.99,13.93,21.8,21.3,60.42,26.18,13.71,15.21,66.7,43.43,23.18,16.75,23.62,32.87,55.96,9.56,42.1,47.0,11.4,8.5,19.87,24.38,30.35,19.37,10.65,13.6,59.17,43.3,15.25,22.18,103.5,62.19,17.75,,25.55,21.3
2024-02-28 07:00:00,19.34,60.9,42.76,94.61,40.38,14.65,58.8,24.46,102.78,92.05,18.13,16.68,77.81,66.62,59.37,27.79,14.02,22.82,21.49,61.0,26.6,13.79,15.4,67.7,43.77,23.27,16.85,23.7,33.43,56.59,9.72,42.75,47.59,11.44,8.57,19.91,24.76,30.75,19.63,10.69,13.78,60.03,44.0,15.32,22.62,103.3,62.54,17.93,,26.3,21.51
2024-02-29 07:00:00,19.45,61.19,43.33,94.61,40.91,14.57,58.36,24.16,102.22,92.05,18.16,16.59,78.83,66.19,59.37,27.5,14.3,23.09,21.39,60.61,26.72,13.63,15.27,69.1,44.99,23.13,16.9,23.83,33.24,56.66,9.64,44.05,48.77,11.31,8.53,19.96,25.21,31.1,19.53,10.65,14.21,64.62,43.4,15.29,22.5,103.1,62.63,18.16,,26.4,21.7
2024-03-01 07:00:00,19.34,61.1,42.84,95.37,40.91,14.65,58.98,24.02,104.74,92.05,18.13,16.59,79.86,66.28,60.34,27.35,14.17,23.2,21.44,60.61,28.5,13.55,15.17,70.0,45.09,23.18,17.05,24.12,33.24,57.1,9.6,44.2,48.94,11.35,8.53,19.96,25.7,31.7,19.49,10.69,14.1,63.02,43.3,15.11,22.42,103.2,62.28,18.16,,25.85,21.74
2024-03-04 07:00:00,19.24,61.77,42.92,95.2,40.95,14.97,63.12,24.12,104.18,92.57,18.34,16.73,81.1,66.62,63.79,28.77,14.27,23.24,21.87,61.0,28.99,13.59,15.14,69.9,45.58,23.58,17.3,24.5,33.47,60.01,9.72,44.63,49.02,11.44,8.57,20.0,25.7,31.65,19.53,10.93,14.07,63.49,43.8,15.15,22.58,103.3,62.63,18.12,,26.2,21.81
2024-03-05 07:00:00,19.34,62.55,43.25,94.78,41.1,15.17,62.77,24.53,103.99,92.22,18.42,16.68,80.44,66.71,63.46,28.67,14.2,23.24,21.96,60.71,29.41,13.75,15.37,70.9,46.46,23.68,17.1,24.04,33.2,60.45,9.72,44.7,48.77,11.44,8.5,19.96,25.45,31.55,19.56,11.02,13.92,63.22,43.3,15.29,22.5,103.5,62.71,18.07,,26.4,21.83
2024-03-06 07:00:00,19.34,62.94,43.74,95.2,41.1,14.97,61.98,24.46,102.41,92.22,18.21,16.59,79.34,68.08,62.18,28.13,14.17,23.09,21.44,61.0,29.08,14.18,15.53,75.7,47.24,23.54,16.75,23.58,33.57,59.44,9.77,44.92,49.78,11.35,8.53,19.87,25.49,31.35,19.75,10.73,13.78,63.15,43.05,15.32,22.6,103.2,62.8,17.84,,25.7,21.91
2024-03-07 07:00:00,19.24,64.1,43.5,95.12,41.43,14.93,61.98,24.33,103.53,92.82,18.21,16.5,79.2,68.25,62.58,27.99,14.27,23.16,21.54,60.61,29.49,14.1,15.53,76.4,47.04,23.45,16.7,23.54,33.8,59.94,9.72,44.92,50.79,11.31,8.53,19.87,25.59,31.15,20.03,10.69,13.81,63.42,42.85,15.25,22.68,103.3,62.36,17.93,,25.75,21.88
2024-03-08 07:00:00,18.95,67.1,40.55,94.45,42.44,14.73,60.83,23.68,110.05,93.93,18.5,16.27,80.15,68.17,62.74,27.84,14.05,22.9,21.16,61.19,29.49,13.59,15.05,78.0,45.97,23.54,16.45,23.41,34.17,60.45,9.68,45.35,50.12,11.22,8.5,19.78,25.56,30.6,19.37,10.56,13.42,63.15,42.55,15.11,22.4,103.1,61.23,17.52,,25.4,21.64
2024-03-11 07:00:00,18.71,64.58,41.29,94.11,41.38,14.45,60.56,23.26,109.4,93.76,18.52,16.27,80.51,66.71,60.82,28.33,14.05,22.56,20.73,60.9,29.94,13.15,14.54,76.6,45.23,23.49,16.0,22.83,33.43,61.08,9.52,44.34,49.7,10.97,8.24,19.6,25.14,30.1,18.85,10.44,13.27,62.49,42.5,14.94,22.18,103.0,61.23,17.15,,24.5,20.18
2024-03-12 07:00:00,18.67,64.1,41.29,94.45,41.19,14.45,60.92,23.3,109.78,93.76,18.6,16.54,80.51,66.62,61.78,28.82,13.86,22.56,20.68,60.8,30.03,13.15,14.51,77.2,45.04,23.18,16.0,22.74,33.47,61.65,9.52,44.49,49.7,10.62,8.17,19.6,25.04,30.1,18.94,10.4,13.31,62.42,42.35,14.87,22.02,102.0,61.23,17.1,,24.45,21.25
2024-03-13 07:00:00,18.78,65.84,42.35,97.12,41.43,14.65,62.86,23.47,111.45,94.87,18.63,16.5,81.98,66.88,63.22,31.06,13.96,22.78,20.68,60.13,30.27,13.39,14.73,78.9,45.77,23.27,16.25,22.99,33.99,62.16,9.52,44.99,49.36,10.37,8.2,19.65,25.21,30.15,19.34,10.52,13.31,62.62,42.5,14.9,22.05,102.0,61.23,17.19,,24.95,21.4
2024-03-14 07:00:00,18.99,65.65,42.02,95.53,41.72,14.93,66.83,23.47,118.54,95.46,19.0,16.45,84.69,68.08,64.35,31.06,14.05,22.9,20.92,60.03,30.81,13.35,14.92,78.7,46.07,23.31,16.35,23.29,34.5,63.17,9.56,46.0,49.44,10.45,8.28,19.69,26.25,30.4,19.49,10.65,13.42,62.82,42.8,15.15,22.5,101.0,61.49,17.24,,25.55,21.65
2024-03-15 07:00:00,18.95,65.16,41.7,94.36,41.15,14.85,66.57,23.3,117.52,93.93,18.79,16.41,83.81,69.2,63.63,31.65,13.99,22.71,20.87,60.03,30.6,13.15,14.76,76.8,45.53,23.22,16.4,23.41,34.69,62.15,9.43,45.5,48.35,10.67,8.24,19.69,25.77,30.2,19.08,10.73,13.31,62.36,42.4,15.22,22.2,100.5,60.87,17.15,,25.1,21.4
2024-03-18 07:00:00,18.74,61.0,40.8,89.51,39.76,14.69,63.21,22.2,110.24,96.32,17.84,16.27,81.32,68.51,59.93,31.45,13.77,21.95,19.79,58.97,28.58,12.59,14.28,73.9,44.65,22.56,16.15,22.62,33.47,59.03,9.27,43.76,47.25,10.54,7.99,19.6,24.72,29.7,18.61,11.02,12.77,61.43,41.3,15.25,21.95,100.5,59.89,16.59,,25.0,21.0
2024-03-19 07:00:00,18.78,62.26,41.7,91.69,40.14,15.5,61.89,22.61,109.12,100.15,18.13,16.82,81.32,68.34,60.98,31.16,13.31,22.25,20.35,60.52,30.11,12.75,14.63,77.2,44.35,22.47,16.5,24.0,33.85,60.11,9.27,44.2,47.67,10.58,8.1,19.47,25.11,29.9,18.71,11.63,13.13,61.43,41.85,15.36,22.8,100.0,60.07,16.73,,26.7,21.15
2024-03-20 07:00:00,18.81,61.77,41.29,91.18,40.04,15.29,61.98,22.65,110.61,98.87,18.24,16.82,81.32,68.25,61.22,31.45,13.46,22.52,20.92,60.52,29.9,12.87,14.73,76.5,44.6,22.8,16.35,23.7,34.45,60.49,9.31,44.12,47.5,10.54,8.06,19.52,25.18,30.15,18.92,11.55,12.95,61.43,42.2,15.43,22.9,100.1,59.8,16.82,,26.1,21.22
2024-03-21 07:00:00,19.34,63.13,43.17,92.94,40.67,15.45,62.86,23.37,111.45,98.87,18.45,16.59,83.88,69.02,62.26,31.85,13.93,22.78,21.11,60.61,30.19,13.35,15.37,77.6,46.95,22.61,16.6,24.04,34.59,62.4,9.43,44.85,48.1,10.62,8.24,19.65,26.04,31.1,20.12,12.08,13.34,62.42,42.55,16.58,22.95,101.2,60.16,17.15,,26.35,21.8
2024-03-22 07:00:00,19.59,63.03,43.58,92.86,40.57,15.5,62.95,24.02,113.13,98.53,18.45,16.73,83.81,68.94,62.34,31.99,14.6,22.86,21.49,60.23,30.44,13.39,15.84,78.3,46.95,22.61,16.95,25.79,35.2,61.7,9.39,45.64,48.1,10.58,8.31,19.69,26.11,31.55,20.81,12.13,13.45,63.22,42.6,16.69,23.02,101.5,60.07,17.24,,26.45,22.01
2024-03-25 07:00:00,19.31,62.74,43.09,90.93,40.62,15.41,63.12,23.68,110.52,98.62,18.37,16.82,83.3,68.68,62.26,30.87,14.42,22.74,21.68,56.56,30.31,13.19,15.68,75.4,47.24,22.8,17.15,26.09,34.64,61.06,9.43,45.64,47.84,10.54,8.31,19.47,25.9,30.8,20.86,12.04,13.49,62.49,42.4,16.58,23.08,100.7,59.45,17.24,,25.95,21.84
2024-03-26 07:00:00,19.2,62.74,43.33,90.26,40.86,15.29,63.66,23.78,110.24,98.7,18.16,16.82,83.15,68.6,62.34,31.11,14.45,22.78,21.58,59.94,30.15,13.15,15.68,74.0,46.75,22.66,17.6,26.0,34.55,61.0,9.35,45.71,47.67,10.41,8.28,19.38,25.8,30.75,21.02,12.0,13.63,63.62,42.45,16.73,23.3,100.2,59.63,17.47,,25.0,21.88
2024-03-27 07:00:00,19.38,62.84,42.92,91.18,40.91,15.62,64.54,23.88,110.99,98.53,18.76,17.0,83.52,68.68,62.9,32.24,14.79,23.16,22.63,59.65,31.43,13.35,15.94,74.1,47.48,22.94,17.6,26.42,35.01,61.38,9.48,46.0,47.93,10.58,8.31,19.38,26.32,30.65,21.31,12.58,13.7,63.49,42.5,16.8,23.35,101.0,59.8,17.89,,25.9,22.05
2024-03-28 07:00:00,19.8,63.03,42.92,94.28,41.38,15.58,63.83,24.22,113.32,99.04,18.71,16.96,84.39,68.51,63.46,32.24,14.82,23.05,22.48,59.74,31.31,13.39,16.07,75.7,49.29,23.17,17.55,26.76,34.87,61.64,9.43,46.0,47.93,10.67,8.35,19.34,26.95,30.8,22.53,12.45,13.7,63.49,42.6,16.8,23.45,101.7,59.89,18.03,,25.65,22.1
2024-03-29 07:00:00,19.76,62.84,42.52,92.02,40.86,15.41,63.92,24.12,113.78,99.13,18.79,16.87,84.91,68.77,63.63,32.14,14.7,22.9,22.39,59.07,30.98,13.47,16.04,74.2,49.68,23.08,17.2,26.42,34.64,62.34,9.39,45.93,47.76,10.58,8.28,19.34,26.74,31.6,22.46,12.41,13.7,63.02,42.85,16.83,23.65,102.4,59.8,17.98,,25.5,22.33
2024-04-01 07:00:00,19.73,62.06,42.27,91.27,40.57,15.33,62.6,23.85,112.01,97.17,18.52,16.68,84.32,68.42,63.38,31.89,14.6,22.67,22.06,59.16,31.02,13.71,15.75,72.6,49.59,22.7,17.3,26.34,34.59,62.08,9.39,45.21,47.67,10.54,8.24,19.21,26.29,31.05,22.13,12.78,13.45,62.89,42.65,16.8,23.68,102.0,59.36,17.98,,25.65,22.17
2024-04-02 07:00:00,19.59,61.68,42.11,93.27,40.14,15.29,62.6,23.4,110.52,98.11,18.37,16.59,84.47,68.51,63.46,31.99,14.51,22.56,22.06,59.26,30.89,13.59,15.43,73.3,48.85,22.7,17.05,27.09,34.45,61.96,9.35,45.5,47.42,10.54,8.17,19.12,26.39,29.6,22.2,12.82,13.2,62.36,42.2,16.51,23.25,101.4,59.09,17.47,,25.35,22.0
2024-04-03 07:00:00,19.59,62.26,41.7,94.95,40.23,15.41,62.42,23.26,113.78,98.11,18.84,16.59,84.25,70.14,63.87,33.46,14.42,22.67,22.34,58.97,31.14,13.75,15.43,73.2,48.8,22.75,17.2,26.76,34.92,61.7,9.39,45.86,47.17,10.54,8.13,19.03,26.39,30.1,22.11,12.87,13.31,62.29,42.9,16.48,23.6,100.9,59.09,17.79,,25.5,21.92
2024-04-04 07:00:00,19.34,61.48,41.7,94.19,40.23,15.13,61.8,22.99,112.85,98.02,18.94,16.45,83.44,69.54,63.63,32.33,14.42,22.37,21.96,59.16,30.6,13.59,15.17,73.0,47.92,21.96,17.4,26.17,34.5,61.45,9.31,45.35,47.34,10.41,8.13,19.16,26.15,29.65,21.71,12.66,13.2,62.69,42.75,16.27,23.62,102.0,59.09,17.75,,25.25,21.87
2024-04-05 07:00:00,19.03,60.61,41.04,93.69,39.95,14.93,61.62,22.72,111.55,97.25,18.58,16.31,82.42,68.94,62.58,30.77,14.33,22.14,21.39,59.07,30.11,13.43,14.86,71.9,48.36,21.4,17.2,26.34,34.45,61.26,9.27,45.21,47.25,10.37,8.06,19.07,25.56,29.15,21.33,13.24,13.06,62.56,42.4,15.85,23.65,101.3,59.98,17.56,,24.7,21.62
2024-04-08 07:00:00,18.92,60.03,40.88,93.11,39.71,14.81,61.71,22.61,107.72,97.17,18.21,16.27,82.42,68.42,61.78,30.58,14.39,22.18,21.3,59.36,29.41,13.63,14.76,71.7,48.71,20.52,18.1,26.5,34.5,60.75,9.23,44.63,46.58,10.58,8.02,19.03,25.45,28.95,21.21,13.32,13.06,62.56,42.4,15.81,23.68,100.5,59.27,17.66,,23.6,21.55
2024-04-09 07:00:00,18.99,59.06,41.53,93.44,39.56,14.73,61.62,23.02,108.19,96.32,18.16,16.27,82.34,68.17,62.1,30.87,14.64,22.37,21.44,59.84,29.2,13.83,14.92,72.2,48.71,20.52,17.8,26.21,34.31,60.68,9.27,45.14,46.24,10.54,8.02,19.03,25.49,28.7,21.35,12.82,13.09,62.56,42.9,15.88,23.5,101.1,59.18,17.7,,23.65,21.64
2024-04-10 07:00:00,19.03,59.26,42.43,94.28,39.76,14.85,61.98,23.09,108.66,97.34,18.21,16.45,82.93,67.91,62.82,30.87,14.58,22.44,21.44,59.84,29.74,14.9,15.17,72.5,50.56,21.08,17.75,26.38,34.03,61.83,9.27,45.21,46.41,10.62,8.13,19.07,25.66,29.1,21.54,13.19,13.24,62.49,43.45,16.06,23.82,101.0,59.18,17.84,,24.2,21.79
2024-04-11 07:00:00,18.88,58.38,41.94,93.44,39.52,14.69,61.36,22.82,108.84,97.51,18.0,16.31,82.93,67.39,62.18,30.43,14.51,22.29,21.21,59.94,29.24,14.58,14.92,71.5,50.08,20.89,17.4,26.0,33.61,62.97,9.27,44.78,46.33,10.5,8.06,19.12,25.38,28.75,21.23,12.95,13.06,62.09,43.75,15.85,23.88,100.8,58.92,17.84,,23.8,21.61
2024-04-12 07:00:00,18.95,57.8,43.17,94.19,39.56,14.81,61.36,23.09,110.8,97.0,18.05,16.59,83.66,67.57,63.79,30.92,14.6,22.59,21.54,60.03,29.86,14.66,15.14,71.7,50.47,20.98,17.7,26.5,33.85,64.06,9.27,45.5,46.66,10.62,8.06,19.38,25.73,28.9,21.31,13.85,13.16,62.29,44.3,16.02,24.08,101.0,59.01,17.93,,23.95,21.8
2024-04-15 07:00:00,18.85,55.0,40.63,96.2,37.84,13.96,58.27,22.92,103.53,97.59,17.0,15.63,81.61,63.62,61.78,29.11,14.39,21.27,20.16,60.03,28.0,14.5,14.66,66.9,48.41,20.47,16.5,24.87,32.4,61.38,9.23,44.62,45.9,10.37,8.17,19.38,24.27,27.5,20.88,13.07,12.62,61.1,42.2,15.74,23.0,104.8,57.5,17.01,,22.5,21.34
2024-04-16 07:00:00,18.78,53.06,40.43,95.37,37.55,13.15,56.5,22.51,100.73,92.91,16.79,15.26,81.61,64.31,61.46,28.62,14.2,21.08,19.08,59.36,27.26,14.9,14.7,64.6,47.63,19.82,15.5,23.33,32.73,58.78,8.94,43.81,44.64,9.68,8.17,18.33,23.68,27.2,20.88,12.33,12.26,60.1,40.75,15.43,22.32,104.0,55.82,17.1,,21.9,21.01
2024-04-17 07:00:00,18.78,52.58,39.24,94.61,36.93,13.23,56.5,22.41,103.62,95.46,17.05,15.44,81.68,64.39,63.3,27.99,13.83,21.12,18.93,59.36,28.08,15.26,14.73,65.5,47.88,20.15,15.05,23.41,32.78,58.58,8.98,44.03,45.48,9.68,8.06,19.25,23.89,26.8,21.09,12.62,12.26,59.44,41.55,15.52,22.25,101.9,56.88,16.78,,21.85,20.92
2024-04-19 07:00:00,18.57,49.09,38.51,88.09,36.59,12.54,53.86,21.44,99.8,94.7,16.29,14.94,79.78,64.05,62.9,26.86,13.52,20.81,18.37,59.45,26.43,14.9,14.41,65.9,46.99,19.54,14.2,21.82,32.17,56.74,8.77,42.34,43.8,9.17,8.06,18.94,22.95,26.15,20.48,12.0,11.83,59.57,40.3,15.13,21.3,102.0,56.08,16.59,,21.05,20.52
2024-04-22 07:00:00,18.74,50.06,39.9,88.09,36.93,12.78,54.21,21.75,100.82,94.61,16.48,15.26,79.71,64.22,63.79,27.55,13.71,21.08,18.74,59.84,26.85,15.7,14.38,66.7,47.09,19.4,14.65,21.91,32.17,58.14,8.77,42.71,44.64,9.25,8.1,19.16,23.58,27.1,21.21,12.29,12.12,59.9,40.65,15.24,20.85,102.1,56.7,16.87,,21.5,20.7
2024-04-23 07:00:00,18.64,48.8,39.65,88.09,37.27,12.54,54.74,21.38,100.73,94.61,16.35,15.67,80.44,63.45,62.34,26.42,13.34,20.78,18.46,59.16,27.26,16.06,13.87,64.5,47.58,19.68,14.4,21.15,32.17,57.82,8.61,42.71,44.05,9.21,7.88,18.94,23.82,27.55,21.49,11.88,12.37,59.24,40.2,15.02,20.5,101.0,55.99,16.64,,21.6,20.56
2024-04-24 07:00:00,18.74,49.28,40.35,89.59,37.41,12.74,55.71,21.75,102.97,95.46,16.53,15.9,82.86,63.71,62.98,27.21,13.71,21.0,18.75,59.45,27.8,16.34,14.0,65.2,48.76,19.82,14.6,21.49,32.54,58.2,8.65,43.08,44.72,9.25,8.02,19.3,24.24,27.8,21.92,12.04,12.62,59.83,40.25,15.24,20.55,102.6,56.26,17.01,,22.05,20.75
2024-04-25 07:00:00,18.78,50.54,40.31,89.93,37.55,12.95,56.24,22.13,106.7,96.32,16.4,16.13,89.22,63.45,64.27,28.48,13.74,21.42,18.85,59.45,27.88,16.42,14.12,66.2,50.27,19.82,14.95,22.16,32.5,59.16,8.69,43.52,45.15,9.34,8.06,19.03,24.38,28.2,21.64,12.7,12.77,60.1,40.4,15.2,20.65,101.5,56.61,16.96,,22.1,21.09
2024-04-26 07:00:00,18.67,50.35,40.14,88.67,37.27,12.91,58.27,22.06,106.79,96.91,16.35,16.27,89.44,63.02,64.83,28.38,13.8,21.23,18.7,59.74,28.04,15.9,14.03,67.1,51.84,19.82,14.95,21.82,32.59,58.84,8.65,43.52,45.57,9.3,8.1,18.94,24.1,28.1,21.56,12.82,12.73,60.56,40.3,15.09,20.95,101.9,57.14,16.92,,22.0,21.07
2024-05-02 07:00:00,18.81,50.83,39.94,91.69,37.79,13.27,58.09,21.96,109.12,96.32,16.58,16.22,90.4,62.59,66.83,28.57,14.42,21.23,18.8,59.84,28.08,16.34,14.15,67.1,53.5,19.91,14.7,21.65,32.82,59.92,8.73,44.76,45.9,9.38,8.31,19.07,23.82,27.5,21.9,13.28,12.73,60.5,40.35,15.16,21.8,102.2,57.5,16.92,,22.35,21.3
2024-05-03 07:00:00,19.03,51.8,40.06,93.69,38.27,13.43,58.09,22.06,110.43,96.66,16.84,16.18,91.93,63.36,66.19,28.67,14.6,21.46,19.29,60.32,28.62,15.94,14.22,68.1,53.79,20.56,14.55,22.07,33.38,60.62,9.02,47.11,47.67,9.47,8.39,19.12,24.03,27.5,22.39,13.19,12.62,60.96,40.85,15.31,22.0,103.1,58.03,16.96,,22.75,21.54
2024-05-06 07:00:00,19.2,52.19,40.31,96.12,38.32,13.47,58.45,22.2,111.36,92.91,17.05,16.18,91.13,63.88,67.16,28.82,14.73,21.8,19.53,60.61,29.32,16.1,14.38,70.1,54.57,20.56,14.6,22.57,33.89,60.62,9.06,47.77,47.59,9.64,8.42,19.12,24.27,27.65,22.63,13.32,12.69,61.56,40.85,15.42,21.92,106.2,58.03,17.01,,23.0,21.58
2024-05-07 07:00:00,19.31,52.87,40.88,95.78,38.85,13.67,59.42,22.51,114.25,95.46,17.42,16.31,93.1,64.05,66.83,30.09,14.73,22.14,19.72,60.61,29.45,16.1,14.44,70.5,56.24,20.61,14.45,22.91,34.27,60.75,9.1,47.55,47.59,9.77,8.42,19.21,24.59,28.1,22.53,14.47,12.69,61.69,40.9,15.56,22.25,114.0,58.38,17.15,,22.85,21.9
2024-05-08 07:00:00,19.17,51.9,40.72,96.45,39.09,13.47,59.42,22.2,112.29,95.72,17.32,16.36,94.64,64.48,67.0,29.79,14.73,22.52,19.53,60.9,29.2,16.18,14.22,70.2,56.92,20.47,13.6,22.28,35.48,61.57,9.06,47.48,48.01,9.55,8.35,19.16,24.38,27.85,22.34,14.59,12.66,61.16,40.5,15.42,22.15,115.6,59.45,17.1,,22.85,21.84
2024-05-09 07:00:00,19.31,52.67,40.47,97.04,38.89,13.51,59.77,22.27,116.12,96.32,17.71,16.31,95.15,65.25,67.64,30.87,14.54,22.74,19.82,61.77,29.36,15.86,14.25,70.6,57.12,20.52,13.7,22.41,36.55,61.06,9.14,48.29,48.43,9.6,8.53,19.16,24.34,27.8,22.58,14.76,12.77,61.29,40.85,15.45,22.52,116.0,59.01,17.1,,22.85,21.94
2024-05-10 07:00:00,19.27,54.7,40.02,97.04,38.85,13.47,59.33,22.34,114.53,96.74,17.53,16.13,94.57,64.22,66.91,30.48,14.45,22.67,19.67,61.77,29.32,15.94,14.35,70.6,56.14,20.33,13.45,23.0,36.97,61.32,9.06,47.7,48.26,9.51,8.42,19.12,24.31,27.6,22.63,14.92,12.98,60.9,40.35,15.49,22.25,115.8,58.56,17.01,,22.3,21.89
2024-05-13 07:00:00,19.41,54.03,39.65,97.46,38.75,13.51,59.15,22.13,111.92,97.94,17.4,16.18,94.27,64.31,65.39,30.58,14.36,22.78,20.11,62.06,29.82,15.82,14.41,70.3,56.73,20.38,13.55,23.38,37.06,61.45,9.06,48.36,47.76,9.55,8.42,19.03,24.48,27.2,22.68,14.63,12.91,60.1,39.7,15.38,22.18,115.5,57.94,17.05,,22.1,21.88
2024-05-14 07:00:00,19.41,54.51,39.29,97.12,38.41,13.55,58.98,22.13,113.04,98.53,17.42,16.18,94.86,64.22,65.55,31.36,14.39,22.78,20.21,61.96,29.61,15.82,14.47,70.1,56.73,20.38,13.65,23.19,36.09,60.75,9.06,48.73,47.93,9.64,8.39,19.03,24.55,27.2,22.6,14.92,12.91,60.1,40.15,15.45,23.02,116.6,58.38,17.47,,22.15,21.96
2024-05-15 07:00:00,19.45,56.35,39.53,96.7,38.65,13.55,59.33,22.13,115.46,98.87,17.71,16.18,96.1,64.22,65.95,31.55,14.39,22.9,20.31,61.77,29.61,16.02,14.54,71.9,58.68,20.24,13.7,23.24,36.28,61.0,9.02,48.73,48.18,9.72,8.39,18.99,24.66,27.3,22.56,15.04,12.91,60.3,40.05,15.71,23.0,116.6,59.09,17.61,,22.15,22.09
2024-05-16 07:00:00,19.52,56.25,40.1,99.63,38.94,13.84,59.77,22.34,117.14,98.45,18.13,16.22,98.23,65.08,66.91,31.75,14.54,23.8,20.84,62.06,30.07,16.53,14.66,72.0,58.39,20.33,14.15,23.7,36.86,61.51,9.1,48.95,48.43,9.72,8.46,19.03,25.04,28.1,22.86,15.25,12.98,60.76,40.15,15.96,23.1,116.0,59.36,17.66,,22.45,22.3
2024-05-17 07:00:00,19.8,56.25,40.23,99.46,38.85,13.84,60.39,22.58,117.05,98.19,18.29,16.27,97.86,64.74,67.48,31.55,14.85,23.58,20.69,62.16,30.19,17.69,14.76,72.4,57.7,20.7,14.1,23.7,36.19,61.7,9.23,49.9,48.43,9.68,8.6,19.12,24.97,28.3,23.45,15.25,13.16,60.9,40.2,16.03,23.12,116.7,59.18,17.79,,22.5,22.5
2024-05-20 07:00:00,19.8,58.68,40.47,97.52,39.23,14.08,62.42,22.68,116.21,98.02,18.34,16.41,97.35,65.17,67.32,32.72,15.04,23.92,21.18,62.16,30.27,18.17,14.92,75.7,58.19,20.75,14.25,23.88,36.77,61.96,9.31,49.24,48.68,9.81,8.57,19.21,25.35,28.2,23.41,15.62,13.27,60.96,40.45,16.17,23.18,114.6,58.83,18.03,,22.85,22.57
2024-05-21 07:00:00,19.55,61.1,40.39,96.11,40.0,13.8,61.89,22.89,114.72,98.53,18.26,16.96,97.72,65.17,66.67,32.14,15.07,23.8,20.89,62.06,29.94,18.01,14.82,74.9,58.68,20.56,14.0,23.42,35.8,62.34,9.27,49.54,48.43,10.02,8.5,19.16,25.21,27.85,22.92,15.37,13.13,60.23,40.05,16.03,23.22,111.0,58.3,18.12,,22.7,22.42
2024-05-22 07:00:00,19.59,60.61,40.68,96.63,39.85,13.96,63.12,22.44,115.18,97.94,18.76,16.73,99.62,65.59,67.0,31.85,15.04,23.58,20.99,62.25,30.07,18.13,14.79,73.8,58.29,20.52,14.25,23.65,36.19,61.38,9.27,49.7,48.43,10.11,8.46,19.12,25.28,27.95,22.58,15.78,13.06,60.23,40.2,16.03,22.75,109.1,58.3,17.77,,23.1,22.34
2024-05-23 07:00:00,19.66,60.52,40.39,96.11,39.8,13.84,62.86,22.37,116.4,98.45,18.79,16.68,98.81,65.51,67.0,31.65,14.82,23.82,21.23,62.45,30.03,18.25,14.66,73.2,58.68,20.56,14.2,24.02,36.38,61.13,9.35,49.45,48.43,10.07,8.39,19.07,24.9,27.7,22.33,15.74,13.02,60.1,40.1,15.89,22.38,109.0,58.3,17.67,,22.75,22.3
2024-05-24 07:00:00,19.83,58.87,39.65,96.11,41.91,13.63,61.1,22.17,116.58,99.04,18.31,16.41,95.59,66.71,65.39,32.04,14.82,23.73,20.65,62.16,28.91,17.69,14.43,73.1,57.61,20.75,14.2,23.38,38.94,59.92,9.31,50.29,48.68,10.2,8.35,19.03,24.17,28.3,22.31,15.0,12.69,59.77,39.75,15.74,22.08,108.0,58.21,17.52,,22.05,22.25
2024-05-27 07:00:00,20.53,58.58,39.69,96.55,42.73,13.63,61.45,22.03,115.84,99.73,18.58,16.45,95.59,66.97,66.19,32.77,14.64,23.86,20.79,62.45,28.91,18.45,14.56,72.7,57.9,21.08,14.3,23.47,39.19,59.48,9.43,51.05,48.85,10.45,8.35,19.03,24.17,28.35,22.41,15.09,12.66,59.57,39.75,15.78,22.22,107.7,58.3,17.48,,22.2,22.2
2024-05-28 07:00:00,20.57,60.03,39.74,97.43,43.92,13.84,62.95,21.75,117.05,99.55,18.89,17.05,97.42,69.45,66.35,34.14,14.54,23.98,21.28,62.45,29.49,18.77,14.56,73.8,58.78,21.31,14.35,23.56,39.77,59.86,10.14,52.32,49.19,10.41,8.39,18.85,24.41,28.6,22.55,15.7,12.77,59.63,39.75,15.89,22.22,108.5,58.56,17.52,,22.3,22.34
2024-05-29 07:00:00,20.53,59.55,39.74,96.19,43.59,13.76,64.54,21.72,117.05,100.49,18.92,17.1,98.67,69.54,65.79,33.99,14.48,23.82,21.13,62.35,29.49,19.92,14.53,75.0,59.17,21.03,14.15,23.47,39.91,59.35,10.18,52.15,50.79,10.41,8.35,18.77,24.38,28.25,22.6,15.82,12.77,59.63,39.45,15.81,22.12,107.3,58.47,17.48,,22.1,22.32
2024-05-30 07:00:00,20.25,58.19,38.75,95.49,42.44,13.63,62.6,21.51,114.25,103.13,18.66,17.74,96.54,68.68,65.79,33.26,14.08,23.32,20.74,62.64,28.95,20.32,14.14,74.1,57.9,21.08,14.05,22.82,39.04,58.2,10.26,51.56,49.1,9.98,8.24,18.77,23.82,27.6,22.33,15.74,12.62,58.77,39.0,15.6,21.58,107.0,58.03,17.23,,21.6,21.96
2024-05-31 07:00:00,20.6,58.68,38.51,95.31,42.97,13.92,62.95,21.82,115.56,103.99,18.79,18.06,97.93,68.68,66.83,34.34,14.27,23.36,20.84,62.74,29.53,20.44,14.17,76.6,61.03,21.31,14.15,23.14,39.48,58.9,10.39,51.9,49.1,10.07,8.28,18.77,24.03,27.8,22.55,16.19,12.66,57.91,38.85,15.71,21.65,107.1,57.85,17.43,,21.65,22.09
2024-06-03 07:00:00,20.56,59.45,38.59,95.31,43.11,14.04,64.1,21.99,113.32,102.28,18.97,18.06,98.59,68.94,66.59,34.19,14.39,23.98,21.33,62.64,29.94,20.48,14.3,76.8,61.81,21.49,14.65,23.47,39.86,58.97,10.47,52.66,49.44,10.11,8.31,18.85,24.31,28.1,22.94,16.15,12.77,58.44,39.1,15.78,21.9,107.3,58.21,17.57,,21.95,22.4
2024-06-04 07:00:00,20.43,60.22,38.88,95.58,43.3,14.32,64.45,22.27,115.28,102.71,20.2,17.92,100.86,68.85,66.75,34.14,14.7,24.15,21.76,62.35,30.93,20.36,14.66,77.1,61.71,21.49,14.75,23.88,40.01,59.48,11.05,52.57,50.12,10.15,8.39,18.85,24.55,29.85,22.89,16.28,12.98,58.64,39.4,16.07,22.0,107.9,58.47,17.67,,22.05,22.58
2024-06-05 07:00:00,20.31,60.22,38.96,97.16,43.97,14.24,63.83,22.23,114.44,103.22,20.2,17.92,102.25,69.11,67.4,34.29,14.64,24.23,22.35,63.12,30.6,20.04,14.47,77.5,60.25,21.17,14.7,23.79,40.15,59.86,11.38,52.57,52.05,10.2,8.35,18.9,24.59,29.6,22.99,16.11,12.95,58.84,39.3,16.17,22.05,108.0,58.65,17.62,,22.15,22.6
2024-06-06 07:00:00,20.31,61.58,39.0,97.25,44.55,14.04,63.21,22.2,112.39,103.13,19.94,17.79,101.59,68.77,65.87,33.8,14.51,24.07,22.44,62.93,30.03,20.4,14.53,77.5,60.25,21.12,14.6,23.61,39.48,59.79,11.21,52.32,54.92,10.41,8.35,18.99,24.45,29.65,22.99,15.78,12.95,58.97,39.0,16.1,21.85,107.8,59.54,17.48,,22.2,22.6
2024-06-07 07:00:00,20.31,61.39,39.0,96.11,44.02,14.08,63.3,22.41,112.48,103.22,20.2,17.97,102.84,68.85,66.51,33.99,14.54,24.23,22.59,62.74,30.11,20.64,14.53,77.0,60.44,21.26,14.7,23.65,39.91,59.6,11.3,51.9,55.25,10.37,8.53,18.94,24.52,30.7,23.72,15.82,13.06,58.77,39.0,16.1,21.6,108.0,59.8,17.48,,22.2,22.68
2024-06-10 07:00:00,20.31,61.29,38.88,95.75,44.31,14.16,64.27,22.58,112.85,103.56,20.15,17.83,104.67,68.85,67.4,34.43,14.6,24.27,22.78,62.74,30.56,20.76,14.66,76.8,60.64,21.4,14.65,23.51,40.15,59.79,11.21,52.32,56.35,10.32,8.46,18.94,24.55,31.05,23.55,16.15,13.13,58.37,38.85,16.03,21.7,108.6,59.54,17.52,,22.05,22.75
2024-06-11 07:00:00,20.14,60.52,38.59,95.4,43.4,14.0,65.07,22.75,113.32,103.61,20.33,17.37,104.74,68.85,68.28,34.43,14.51,24.19,23.37,62.54,30.27,20.48,14.63,75.7,60.44,21.26,14.2,23.33,40.73,59.92,11.3,52.32,56.18,10.15,8.42,18.81,24.48,30.7,23.94,15.87,13.09,57.84,38.15,16.32,21.28,105.4,58.83,17.57,,21.65,22.7
2024-06-12 07:00:00,19.97,60.32,38.43,94.34,43.3,14.0,64.45,22.54,113.5,102.64,20.23,17.28,108.33,68.68,67.64,34.24,14.45,24.15,23.12,62.74,30.64,20.24,14.6,76.0,60.64,21.17,14.15,23.42,41.12,59.92,11.46,52.32,55.93,10.15,8.42,18.72,24.86,30.9,23.87,15.78,13.09,57.78,37.7,16.36,21.25,104.5,58.74,17.67,,21.6,22.75
2024-06-13 07:00:00,20.39,61.58,39.16,94.34,43.54,14.2,64.71,22.99,113.88,101.58,20.31,17.51,110.2,68.77,67.96,34.48,14.76,24.4,23.56,59.65,31.39,20.8,15.09,78.0,61.71,21.26,14.35,23.93,40.78,61.26,11.54,53.75,55.17,10.24,8.53,18.99,25.25,31.25,24.01,16.15,13.31,58.7,38.1,16.46,21.45,105.3,59.18,18.74,,21.6,23.13
2024-06-14 07:00:00,20.56,60.8,38.84,94.34,42.63,14.0,64.1,22.51,113.5,101.4,19.31,17.0,109.35,67.74,66.59,32.24,14.79,24.23,22.88,58.01,30.98,21.24,15.05,78.0,61.62,20.61,14.15,23.7,39.19,60.94,11.38,51.9,52.73,10.15,8.5,19.03,25.07,30.55,23.92,15.62,13.45,58.11,38.05,16.25,21.0,104.0,58.65,18.21,,21.45,23.15
2024-06-17 07:00:00,20.26,59.74,38.02,93.28,42.25,13.84,63.57,22.17,112.2,101.05,19.26,16.91,108.92,66.54,66.59,32.24,14.39,24.15,22.83,57.43,30.73,21.44,14.96,76.2,59.66,20.52,14.0,23.14,38.61,60.11,11.21,51.81,52.73,10.02,8.39,19.43,24.83,30.25,23.62,15.21,13.27,57.84,37.9,15.92,21.0,104.0,58.47,17.96,,21.1,22.79
2024-06-18 07:00:00,20.39,59.84,38.02,93.02,42.63,13.88,63.83,22.2,112.85,101.49,19.57,17.0,108.5,66.88,67.08,32.72,14.51,24.48,24.29,57.23,30.81,21.28,15.15,76.2,59.76,20.94,14.05,23.05,38.99,61.06,11.59,51.98,53.23,10.02,8.42,19.82,24.9,30.55,23.48,15.5,13.34,57.84,38.2,15.92,21.05,104.1,58.38,18.11,,21.1,22.85
2024-06-19 07:00:00,20.26,59.84,37.49,94.34,43.3,13.67,65.07,21.92,119.1,101.32,19.65,16.91,107.32,66.79,66.91,32.63,14.39,24.36,24.24,56.17,30.69,21.2,15.02,74.9,60.25,20.84,13.8,22.68,39.23,60.75,12.37,52.91,52.05,9.94,8.35,20.0,24.86,30.45,23.45,15.78,13.27,57.44,37.75,15.81,20.72,102.0,57.68,17.91,,20.65,22.66
2024-06-20 07:00:00,20.39,60.61,37.08,95.4,43.11,13.5,66.92,21.96,119.66,101.32,19.36,16.96,111.72,66.88,66.67,32.63,14.39,24.11,23.85,55.59,30.56,21.48,15.09,75.1,61.13,20.56,13.45,22.13,39.28,61.38,12.29,53.58,51.04,10.02,8.35,20.22,24.59,30.0,23.87,16.24,13.34,56.85,37.55,15.78,20.68,102.3,57.76,18.5,,20.05,22.88
2024-06-21 07:00:00,20.47,61.39,37.24,94.78,43.2,13.42,67.01,22.06,121.81,101.4,19.57,17.0,112.99,66.79,66.83,33.21,14.3,24.15,24.05,55.79,30.48,21.6,15.05,75.5,61.03,20.7,13.4,22.22,39.48,62.15,12.17,54.43,51.8,9.94,8.39,20.62,24.66,30.45,23.58,17.1,13.38,56.78,37.45,15.74,20.58,101.9,58.47,18.84,,19.85,22.94
2024-06-24 07:00:00,19.97,59.45,36.79,92.58,41.48,13.38,63.74,21.65,116.12,99.55,18.63,16.59,111.89,65.51,65.71,32.24,13.8,23.52,23.12,52.89,29.32,21.91,14.69,73.7,60.15,20.19,13.2,22.22,39.43,60.3,11.92,52.32,51.13,9.77,8.2,19.78,23.75,29.4,22.99,16.07,12.9,56.78,37.1,15.38,20.55,100.9,57.85,18.35,,19.9,22.49
2024-06-25 07:00:00,19.97,59.16,35.61,92.31,42.25,13.34,63.74,21.58,114.72,99.64,18.58,16.64,109.01,65.42,65.63,32.24,13.77,23.73,23.27,55.3,29.9,22.23,14.66,73.6,60.25,20.24,13.25,22.26,39.38,61.06,12.17,53.67,49.95,9.77,8.24,18.63,23.89,29.25,22.8,15.7,12.9,56.78,37.2,15.27,20.58,100.9,58.03,18.35,,20.05,22.33
2024-06-26 07:00:00,19.72,59.93,35.97,90.82,42.15,13.26,63.83,21.31,113.78,99.55,18.79,16.64,109.69,65.25,65.79,32.82,13.9,23.82,23.8,54.82,29.9,22.55,14.56,73.1,59.95,20.24,13.3,22.17,39.43,60.17,12.41,53.08,50.37,9.9,8.2,18.24,23.34,28.95,22.94,15.82,12.82,56.58,37.5,15.27,20.58,101.1,57.68,18.06,,20.75,22.26
2024-06-27 07:00:00,19.89,63.13,36.06,90.82,42.49,13.26,63.92,21.38,114.81,99.64,19.26,16.73,110.88,65.59,66.19,34.48,13.9,23.9,23.71,53.08,29.98,22.15,14.6,73.6,60.64,20.19,13.15,21.99,39.96,59.67,12.21,53.33,50.45,9.94,8.2,17.62,23.68,29.1,22.75,15.78,12.86,56.58,37.35,15.24,20.5,100.7,57.68,18.21,,20.35,22.36
2024-06-28 07:00:00,19.85,60.8,35.36,88.17,43.4,12.92,61.8,21.27,111.92,99.64,18.79,16.73,110.54,65.59,66.19,32.72,14.02,23.57,22.83,52.41,30.11,21.91,14.47,74.5,60.73,20.19,13.3,21.89,39.28,59.48,11.96,52.83,50.54,9.94,8.2,17.8,23.44,28.8,21.92,15.29,12.68,56.45,37.3,15.16,20.45,100.7,57.85,18.11,,20.4,22.22
2024-07-01 07:00:00,19.72,61.1,35.16,85.97,43.83,12.92,61.89,21.17,112.01,99.82,18.73,16.82,108.92,65.68,65.63,32.82,14.08,23.36,23.12,52.22,30.15,21.99,14.43,74.7,61.12,20.1,13.15,21.85,38.94,59.48,11.92,52.15,50.71,9.98,8.28,17.97,23.23,28.8,22.07,15.37,12.71,56.58,37.1,15.09,20.52,99.7,57.85,18.01,,20.6,22.15
2024-07-02 07:00:00,19.8,60.9,36.02,86.14,44.64,13.09,62.95,21.89,112.39,99.82,19.1,16.91,108.08,66.54,65.39,33.36,14.3,23.52,23.61,53.18,30.4,22.27,14.63,76.0,63.78,20.38,13.25,22.17,39.48,59.79,11.92,53.16,51.13,10.2,8.5,18.02,23.54,29.25,22.07,15.66,12.86,57.24,37.55,15.31,20.65,99.7,58.3,18.3,,21.6,22.41
2024-07-03 07:00:00,20.01,61.19,37.24,86.5,44.83,13.26,63.57,21.99,114.62,99.99,19.1,17.42,110.28,66.88,65.31,33.6,14.94,23.9,24.14,54.72,31.02,23.71,14.73,75.8,64.18,20.28,13.4,22.4,39.86,59.86,12.04,53.16,51.38,10.24,8.5,18.11,23.86,29.55,22.31,15.78,12.94,58.31,37.7,15.38,20.62,100.1,58.47,18.25,,20.95,22.61
2024-07-04 07:00:00,20.01,61.19,38.26,88.17,44.74,13.21,63.57,21.99,115.56,99.99,19.13,17.51,111.98,67.05,65.79,33.36,15.01,23.82,23.95,54.72,31.02,23.83,14.73,76.5,63.98,20.42,13.35,22.17,40.44,60.11,12.17,53.75,51.38,10.28,8.46,18.24,23.82,29.6,22.7,15.74,13.01,58.44,37.8,15.27,20.65,100.4,58.74,18.55,,21.1,22.75
2024-07-05 07:00:00,20.05,61.19,38.51,87.38,44.45,13.13,63.12,22.03,115.56,99.55,19.44,17.51,115.37,67.22,65.79,33.8,14.94,23.82,23.95,54.53,31.14,24.66,14.73,76.3,64.08,20.38,13.15,21.89,42.38,59.92,12.08,54.01,50.51,10.15,8.46,18.24,23.72,29.6,22.6,15.91,12.94,58.44,37.95,15.16,20.55,100.5,58.83,18.5,,20.7,22.7
2024-07-08 07:00:00,20.14,61.97,38.22,85.97,43.11,13.5,63.3,22.17,116.49,98.41,19.84,17.28,116.55,67.31,65.95,34.29,14.94,23.86,24.24,54.44,30.69,25.34,14.73,75.7,64.67,20.28,13.2,21.34,42.57,60.17,12.08,55.36,48.51,10.2,8.46,18.06,23.89,29.75,22.5,16.11,13.12,57.91,37.8,15.27,20.18,101.0,59.36,18.5,,20.3,22.83
2024-07-09 07:00:00,20.1,62.94,38.35,86.5,44.16,13.46,64.1,22.23,118.26,98.23,20.18,17.33,115.28,67.22,66.67,36.29,15.01,23.94,24.19,54.44,30.48,25.22,14.76,75.5,65.36,20.33,13.25,21.34,44.31,60.49,12.5,55.53,48.51,10.28,8.5,18.11,23.82,29.95,22.65,16.4,13.12,57.58,37.8,15.34,20.08,100.6,59.54,18.5,,20.2,22.77
2024-07-10 07:00:00,20.26,63.23,38.35,86.41,44.64,13.34,64.45,22.23,116.86,96.91,19.91,17.56,113.59,67.31,67.4,36.14,15.32,24.11,24.44,54.44,30.77,24.86,15.09,76.4,64.28,20.56,13.1,21.38,44.51,62.15,12.41,58.31,49.12,10.71,8.57,18.24,23.86,29.85,22.5,16.4,13.05,58.44,37.95,15.42,20.3,100.7,59.18,18.69,,20.55,22.86
2024-07-11 07:00:00,20.18,62.64,38.26,85.79,44.16,13.42,64.63,22.1,116.86,96.65,19.52,17.51,112.32,67.05,67.16,35.8,15.41,24.02,24.0,54.15,31.43,24.46,15.05,75.8,63.68,20.42,13.15,21.48,44.6,61.76,12.46,59.91,48.94,10.58,8.57,18.33,23.93,29.85,22.21,16.69,13.16,58.51,38.1,15.38,20.35,100.7,58.74,18.55,,20.65,22.81
2024-07-12 07:00:00,19.89,62.55,37.81,85.88,43.59,13.42,64.45,21.89,116.4,98.14,19.52,17.1,112.06,66.62,66.75,35.85,15.4,23.69,23.56,53.95,31.22,24.62,14.92,74.6,63.19,20.33,13.25,21.57,44.6,61.45,12.41,59.32,48.51,10.54,8.57,18.28,23.93,29.7,22.21,16.52,13.19,58.17,38.3,15.34,20.82,100.7,58.56,18.45,,20.65,22.65
2024-07-15 07:00:00,19.97,63.13,37.85,84.82,43.59,13.46,63.92,21.96,116.58,98.23,19.63,17.33,112.15,67.14,66.9,36.73,15.5,23.48,23.71,54.24,30.81,24.7,14.96,74.2,63.19,20.33,13.05,21.43,45.04,61.64,12.29,59.41,48.51,10.58,8.6,18.15,23.82,29.6,22.02,16.77,13.05,58.11,37.8,15.31,20.65,102.4,58.65,18.21,,20.35,22.68
2024-07-16 07:00:00,20.01,64.58,38.02,84.73,44.26,13.63,64.54,22.03,115.46,100.26,19.42,17.23,112.15,67.14,66.74,36.93,15.66,23.65,23.56,54.24,30.81,24.86,15.02,73.8,63.19,20.28,12.5,20.55,45.57,61.76,12.33,60.34,48.42,10.88,8.6,18.15,23.86,29.75,21.97,16.73,13.12,58.17,37.65,15.38,20.35,103.8,58.56,18.3,,20.15,22.71
2024-07-17 07:00:00,20.22,62.06,38.88,86.41,42.44,13.17,61.62,22.34,112.29,103.61,18.1,17.05,110.11,66.11,62.45,34.73,15.82,22.98,22.25,54.15,29.32,24.46,15.35,71.0,61.32,19.54,11.95,19.3,42.43,59.54,11.5,58.23,46.76,10.5,8.57,18.19,23.58,29.95,22.21,15.62,13.12,58.11,36.8,15.45,20.08,103.2,58.12,18.3,,19.75,22.64
2024-07-18 07:00:00,20.47,63.23,39.12,86.94,43.2,13.26,61.8,22.47,112.57,99.38,18.42,17.0,108.33,66.71,64.76,33.99,15.82,23.36,22.44,54.05,29.57,24.94,15.7,70.2,62.5,19.54,12.0,18.98,43.54,59.67,11.42,58.73,46.59,10.71,8.57,18.15,23.48,29.95,22.7,15.25,13.12,58.37,36.7,15.49,20.08,103.2,58.03,18.16,,19.6,22.56
2024-07-19 07:00:00,20.6,64.68,38.84,85.7,43.83,13.17,61.18,22.47,113.13,99.99,18.5,17.05,106.81,66.62,63.94,33.65,15.88,23.48,22.98,54.34,29.78,25.46,16.16,70.7,63.78,19.17,11.85,18.42,44.6,60.36,10.97,59.32,47.29,10.88,8.49,18.33,23.96,30.15,22.5,15.29,13.27,58.11,37.55,15.45,20.15,104.5,57.68,18.3,,19.85,22.67
2024-07-22 07:00:00,20.6,64.0,38.59,83.94,42.2,12.84,58.98,22.75,105.58,96.91,18.16,16.77,104.43,65.68,62.78,31.85,15.82,23.11,22.01,54.15,29.32,24.42,16.06,70.4,62.9,18.89,11.1,18.01,43.98,59.67,10.84,57.8,47.64,10.97,8.41,18.37,23.72,29.9,22.41,14.35,13.57,57.97,37.3,15.34,20.1,104.5,57.76,18.16,,19.6,22.57
2024-07-23 07:00:00,20.05,64.58,36.38,82.0,41.67,12.63,57.83,21.99,99.8,96.91,18.13,16.45,105.79,65.85,62.95,29.89,15.95,23.15,21.86,53.76,29.16,24.82,15.51,70.1,61.12,18.84,11.1,18.01,43.73,59.54,10.59,57.47,47.64,10.92,8.34,18.55,23.51,29.0,22.41,14.14,12.82,58.11,37.35,15.24,20.2,104.6,58.03,17.72,,19.95,22.41
2024-07-24 07:00:00,19.89,62.74,36.79,81.73,40.33,12.3,56.68,21.75,99.33,97.26,17.84,16.41,105.11,65.42,61.55,29.4,15.82,22.57,21.47,53.95,28.83,24.7,15.41,70.2,57.77,18.66,11.0,17.5,42.67,58.84,10.51,55.7,46.94,10.8,8.3,18.85,22.19,28.6,22.26,13.98,12.97,58.04,37.4,15.06,20.23,105.5,58.12,17.72,,19.8,22.15
2024-07-25 07:00:00,19.89,63.61,37.2,81.91,40.38,12.51,57.83,21.55,101.38,97.62,18.05,16.68,105.2,65.51,63.36,31.31,15.85,22.73,22.01,53.95,29.24,24.22,15.31,70.8,58.85,18.61,11.15,18.1,43.98,59.86,10.51,57.72,46.76,10.92,8.34,18.63,22.09,28.6,21.97,14.26,13.12,57.91,37.55,15.02,20.42,106.5,57.85,17.82,,19.7,22.12
2024-07-26 07:00:00,20.05,66.9,37.49,82.17,40.91,12.63,58.45,21.65,103.53,97.88,18.34,16.73,105.45,65.59,63.77,32.14,16.04,22.77,22.2,53.76,29.61,23.07,15.54,71.0,59.54,18.52,10.9,18.24,44.85,60.36,10.76,59.41,47.46,11.18,8.34,19.03,22.16,28.75,22.02,14.39,13.19,57.91,37.5,15.02,20.62,106.5,57.94,17.82,,19.2,22.25
2024-07-29 07:00:00,20.1,69.33,37.9,83.59,41.34,12.68,59.33,22.03,105.11,98.23,18.58,16.77,109.35,66.02,64.84,32.33,16.11,22.98,22.54,55.98,29.65,23.27,15.7,73.7,60.23,18.7,11.0,18.05,45.77,61.06,11.05,59.32,47.81,11.1,8.34,19.07,22.36,28.8,22.16,14.72,13.31,57.97,37.1,15.09,20.38,106.1,58.38,17.91,,18.95,22.42
2024-07-30 07:00:00,20.01,69.52,38.02,83.76,41.0,12.59,57.92,21.82,102.59,98.41,18.55,16.73,107.65,65.85,64.68,31.75,16.11,23.23,22.15,56.27,29.61,23.23,15.54,73.8,61.02,18.56,10.6,17.13,45.04,61.06,11.09,57.8,47.64,10.97,8.34,19.12,22.16,28.8,22.02,14.8,13.19,57.97,36.7,14.8,20.5,104.5,59.27,17.82,,18.55,22.36
2024-07-31 07:00:00,20.14,69.91,38.35,83.94,41.15,12.68,57.39,21.82,103.53,99.11,18.45,16.73,107.32,66.37,64.68,32.09,16.3,22.57,20.69,55.5,29.74,23.19,15.77,74.1,62.6,18.52,11.7,17.27,44.31,61.26,11.01,57.21,47.64,11.05,8.38,19.03,22.02,28.85,22.36,14.67,13.34,58.11,36.65,14.84,20.78,105.1,60.69,18.11,,18.55,22.5
2024-08-01 07:00:00,20.01,65.74,38.26,82.97,40.91,12.05,56.5,21.48,98.21,99.11,17.95,16.41,105.2,67.48,64.51,30.23,16.52,22.15,20.06,55.4,28.58,22.63,15.15,70.8,60.63,18.01,11.1,16.39,43.83,60.81,10.68,55.7,47.9,10.67,8.23,19.03,20.84,28.05,21.97,13.85,12.97,59.24,36.0,14.91,20.75,104.1,62.11,17.96,,17.8,22.15
2024-08-02 07:00:00,19.76,63.32,38.02,82.35,40.47,11.93,53.86,20.76,95.13,98.23,17.84,16.31,102.57,66.71,62.86,29.99,16.01,22.07,19.82,54.92,28.08,22.43,14.99,71.0,59.84,17.87,11.05,15.69,43.35,60.81,10.68,55.53,47.46,10.58,8.07,18.85,20.66,27.95,21.97,13.52,12.86,58.9,34.6,14.77,20.4,101.8,62.02,17.86,,17.75,21.9
2024-08-05 07:00:00,19.34,62.94,36.79,79.44,39.8,11.27,52.35,20.59,93.36,97.79,17.16,16.31,99.52,65.51,62.29,29.4,15.62,21.48,19.43,54.44,27.67,21.16,14.86,70.2,59.44,17.96,10.8,15.51,43.64,59.48,10.8,55.19,45.28,10.28,7.77,18.55,20.56,27.0,21.72,13.36,12.45,57.71,34.0,14.59,20.2,98.2,60.69,17.48,,16.8,21.37
2024-08-06 07:00:00,19.43,64.29,37.49,80.23,39.76,11.27,51.38,20.55,93.27,97.79,17.16,16.41,101.55,65.59,61.88,29.7,15.66,21.53,19.43,53.57,28.25,21.67,14.99,70.5,59.74,18.01,11.0,15.46,44.07,59.73,11.01,55.02,45.37,10.54,7.81,18.99,20.59,27.3,21.48,13.44,12.49,57.58,34.0,14.69,20.27,99.9,62.02,17.62,,16.7,21.55
2024-08-07 07:00:00,19.47,67.1,37.61,81.12,40.19,11.6,52.71,20.62,96.53,97.79,17.66,16.64,101.89,66.54,62.29,30.58,15.59,21.61,19.92,53.18,28.99,22.35,15.12,72.2,60.63,18.19,11.3,15.74,44.75,59.86,11.13,55.53,45.89,10.71,7.92,19.03,21.01,27.9,21.19,14.02,12.6,57.78,36.6,14.8,20.88,98.2,64.14,17.52,,17.65,21.77
2024-08-08 07:00:00,19.43,67.29,37.36,81.12,40.28,11.68,52.88,20.62,95.6,96.52,18.05,16.68,102.48,67.65,62.12,30.92,15.78,21.28,19.87,52.22,29.03,22.39,14.99,72.7,61.02,18.24,11.3,15.74,45.48,59.92,11.21,55.44,45.98,10.75,7.85,18.68,20.77,28.0,20.21,13.65,12.49,57.91,36.95,14.84,20.82,97.0,63.97,17.04,,17.45,21.6
2024-08-09 07:00:00,19.47,68.26,37.9,82.0,40.38,11.93,53.86,20.83,97.09,97.61,18.37,16.82,103.42,69.37,62.78,31.5,16.11,21.4,20.11,52.22,29.03,22.51,15.12,74.5,61.61,18.33,11.25,15.78,45.48,60.11,11.3,56.2,46.42,10.84,7.88,18.85,21.04,28.2,20.46,12.99,12.6,58.04,36.8,14.95,20.6,99.0,64.23,17.33,,17.35,21.82
2024-08-12 07:00:00,19.47,68.74,38.02,82.79,41.0,12.01,54.03,21.41,97.37,97.61,18.79,16.87,106.98,69.62,63.85,31.65,16.2,21.4,20.26,52.7,29.2,22.55,15.22,74.3,64.67,18.33,11.15,15.92,47.12,60.62,11.26,56.54,46.5,10.84,7.88,18.99,21.67,28.6,20.46,13.07,12.6,57.97,36.35,14.91,20.3,98.9,64.5,17.33,,17.25,22.02
2024-08-13 07:00:00,19.64,67.87,38.02,84.56,40.81,12.01,53.59,21.51,99.89,97.15,18.71,17.05,108.5,69.54,64.51,31.99,16.33,20.98,19.82,52.41,29.24,22.75,15.25,73.8,64.57,17.96,11.15,15.97,47.17,61.38,10.8,56.54,46.85,10.88,7.92,18.77,21.7,29.15,20.36,12.99,12.71,58.17,35.85,14.84,20.32,100.0,64.41,17.48,,17.35,22.07
2024-08-14 07:00:00,19.68,68.55,38.26,84.38,40.91,11.93,53.68,21.68,100.26,95.97,18.89,16.91,109.77,70.14,64.02,32.14,16.56,21.07,19.77,52.31,29.16,22.79,15.25,74.9,64.87,17.35,11.1,16.29,47.17,61.7,10.97,56.96,47.29,10.84,7.92,18.9,21.74,29.2,20.36,13.52,12.75,58.31,36.0,14.87,20.38,101.2,64.94,17.52,,17.5,22.16
2024-08-15 07:00:00,19.6,68.45,38.14,84.47,40.91,11.81,53.59,21.58,97.0,95.97,18.71,16.68,108.67,69.62,64.27,31.85,16.65,20.98,19.04,52.31,28.91,22.87,15.15,75.0,64.37,17.49,11.05,15.97,47.22,60.43,10.8,56.88,48.51,10.8,7.81,18.85,21.39,28.75,20.41,13.85,12.68,58.17,37.15,14.87,20.4,101.6,65.3,17.48,,17.8,22.08
2024-08-16 07:00:00,19.64,68.55,38.22,85.35,40.95,11.89,54.03,21.82,98.02,95.97,18.89,16.82,109.43,69.45,65.09,32.19,16.68,20.82,19.04,52.12,29.24,23.55,15.22,75.2,64.97,17.59,11.25,16.2,47.46,61.13,10.84,57.04,48.33,10.75,7.88,18.85,21.63,28.95,20.51,14.02,12.71,58.44,38.0,14.98,20.45,102.0,64.85,17.52,,17.9,22.15
2024-08-19 07:00:00,20.01,70.1,38.92,89.23,41.67,12.63,56.06,22.2,102.59,95.7,19.52,16.96,110.2,70.82,65.83,33.7,17.26,21.4,19.87,52.7,30.52,24.66,15.61,77.1,67.63,17.87,12.0,17.73,48.77,62.78,11.17,58.73,48.85,10.97,8.0,18.85,22.5,29.35,20.85,14.72,12.86,58.64,38.2,15.31,20.52,104.2,65.38,17.91,,18.2,22.56
2024-08-20 07:00:00,20.05,69.71,39.37,89.49,42.2,12.55,56.86,22.37,102.78,95.97,19.97,17.37,110.79,72.45,67.4,33.65,17.17,21.48,19.92,52.6,30.52,24.86,15.67,77.5,67.33,18.28,12.0,17.73,47.85,67.55,11.01,58.48,49.9,11.14,8.04,18.94,22.43,29.5,21.24,14.59,12.97,59.04,38.5,15.38,20.5,103.9,66.71,17.91,,18.25,22.69
2024-08-21 07:00:00,20.1,69.23,40.1,90.02,42.44,12.88,56.86,22.65,103.62,96.88,19.99,17.42,110.7,72.37,67.81,33.8,17.17,21.48,20.31,53.08,30.64,24.58,15.67,77.1,67.92,18.42,12.5,19.12,46.93,68.06,11.09,58.65,49.81,11.14,8.04,18.85,22.54,29.4,20.99,14.92,12.97,60.03,38.9,15.31,20.75,103.9,66.54,17.96,,18.65,22.65
2024-08-22 07:00:00,20.31,69.33,40.8,91.7,42.34,12.97,56.15,23.54,104.36,96.97,19.6,17.33,113.16,72.28,67.81,33.9,17.2,21.4,20.01,53.37,30.73,24.78,15.9,77.3,68.12,18.75,12.5,19.16,47.31,68.76,11.21,58.73,49.29,11.01,8.07,18.99,22.71,29.8,21.43,15.0,13.27,61.16,39.5,15.54,20.78,103.8,65.21,18.11,,18.9,22.95
2024-08-23 07:00:00,20.26,69.23,40.96,92.76,42.68,12.84,55.89,23.44,103.62,96.15,19.57,17.19,112.23,72.54,67.15,33.8,17.26,21.15,19.82,53.28,30.6,25.02,15.83,77.4,68.32,18.66,12.55,19.35,47.02,68.38,11.17,58.65,49.29,10.92,8.04,19.65,22.74,29.65,21.63,15.0,13.12,60.1,39.35,15.46,20.75,103.8,65.92,18.21,,19.4,22.91
2024-08-26 07:00:00,20.39,68.65,40.96,91.96,43.73,13.01,56.24,23.61,103.53,96.52,19.33,17.23,111.47,71.94,66.74,34.24,17.26,21.61,20.31,53.28,30.73,24.9,15.83,76.2,68.61,18.42,13.1,19.9,46.98,65.26,11.09,58.56,49.38,10.84,8.04,19.7,23.34,29.75,21.82,15.13,13.19,60.83,39.85,15.5,20.82,104.0,64.94,18.3,,19.6,22.5
2024-08-27 07:00:00,20.39,66.9,40.14,91.34,43.11,12.84,56.15,23.5,101.57,96.7,19.33,17.19,110.54,71.17,65.91,33.9,17.33,21.4,20.16,53.08,30.98,24.86,15.83,75.6,66.84,18.42,13.05,20.04,46.93,63.99,10.97,57.72,49.38,10.8,8.0,19.35,23.2,29.6,21.87,15.09,13.12,60.37,40.35,15.46,21.05,103.9,64.32,18.45,,19.75,22.95
2024-08-28 07:00:00,20.39,67.0,40.47,90.9,43.16,12.72,56.06,23.68,101.66,96.88,19.22,17.14,112.66,71.42,66.0,34.24,17.33,21.36,20.01,53.08,30.36,24.82,15.87,76.8,67.73,18.24,12.85,19.21,47.6,64.37,11.09,57.55,49.64,10.8,8.0,19.1,23.02,29.55,22.02,14.8,13.12,60.5,40.6,15.37,22.2,103.4,64.85,18.4,,19.5,23.03
2024-08-29 07:00:00,20.51,67.0,40.31,90.02,43.11,12.8,55.89,23.68,101.94,97.34,19.16,16.73,112.06,71.51,65.91,34.48,17.39,21.32,20.21,53.18,30.73,25.1,16.06,76.8,67.63,18.24,12.95,19.76,47.17,64.24,11.21,57.72,49.99,10.67,8.0,19.05,23.44,29.65,22.41,14.96,13.16,60.43,40.7,15.46,22.02,103.3,65.03,18.4,,19.15,23.13
2024-08-30 07:00:00,20.6,68.65,39.98,90.02,43.01,12.72,56.06,23.78,103.81,97.34,19.27,16.91,112.74,71.42,66.0,34.43,17.55,21.23,20.16,53.08,30.81,24.82,16.16,76.5,67.73,18.33,12.75,19.53,46.98,64.44,11.13,57.8,49.99,10.67,8.0,19.0,23.37,30.35,22.41,14.84,13.19,60.76,41.1,15.46,22.1,104.7,65.03,18.45,,19.2,23.16
2024-09-04 07:00:00,20.43,68.07,39.37,90.02,42.73,12.55,55.27,23.64,105.02,97.15,19.1,16.91,111.47,71.08,64.51,32.63,17.26,20.9,19.63,53.08,30.85,24.58,15.87,75.2,67.23,18.19,12.65,19.58,45.38,63.67,10.92,56.54,49.64,10.5,7.85,18.5,22.92,29.95,22.26,14.8,12.97,59.97,41.0,15.21,21.65,103.0,64.76,18.01,,18.85,22.85
2024-09-05 07:00:00,20.43,68.36,39.74,89.4,42.63,12.68,55.62,23.74,105.39,97.52,19.1,16.96,109.94,71.42,63.19,33.07,17.17,20.82,19.24,52.99,30.93,24.18,15.57,74.1,66.64,18.56,12.8,20.0,44.07,63.67,10.68,54.94,49.38,10.54,7.85,18.4,22.85,29.4,22.11,14.8,13.01,59.83,42.7,15.33,22.2,103.0,65.65,17.82,,19.65,22.81
2024-09-06 07:00:00,20.43,68.55,39.78,89.32,42.73,12.59,55.0,23.74,104.36,97.34,19.19,16.73,110.45,71.85,63.61,32.87,17.17,20.61,19.04,52.79,30.85,24.5,15.48,74.0,65.85,18.38,12.65,19.76,44.17,63.04,10.59,53.84,49.38,10.54,7.81,18.0,22.78,29.5,22.07,14.67,13.01,59.63,43.25,15.29,22.3,102.9,66.27,17.72,,19.4,22.79
2024-09-09 07:00:00,20.31,68.55,39.98,90.37,41.96,12.59,54.56,24.02,104.27,96.97,19.33,16.77,110.28,71.77,63.52,33.21,16.81,21.07,19.53,52.7,30.98,24.54,15.48,75.1,66.25,18.33,12.9,19.72,44.7,62.59,10.68,55.36,48.42,10.58,7.81,17.75,22.82,29.5,22.02,14.67,13.01,59.24,43.0,15.08,21.72,102.1,65.74,17.77,,19.85,22.74
2024-09-10 07:00:00,20.14,68.36,39.61,90.64,41.29,12.43,53.68,23.88,104.36,97.34,19.33,16.77,109.86,71.6,63.61,33.12,16.78,20.94,19.38,52.7,30.56,24.46,15.41,75.2,66.54,18.33,12.7,19.35,44.6,62.91,10.72,54.77,48.16,10.67,7.77,17.0,22.22,29.15,21.63,14.35,13.12,59.1,42.15,15.08,21.3,103.3,65.83,17.62,,19.05,22.58
2024-09-11 07:00:00,20.14,68.55,39.24,93.2,41.1,12.22,53.68,23.64,103.99,96.88,19.1,16.73,110.03,71.17,63.36,32.82,16.68,20.86,19.38,52.5,30.23,24.38,15.31,74.8,66.15,18.14,11.85,19.07,44.27,62.66,10.59,54.77,47.9,10.62,7.77,16.0,22.12,29.1,21.38,14.06,13.12,58.44,41.75,15.04,21.05,103.9,65.47,17.57,,18.6,22.45
2024-09-12 07:00:00,20.22,68.45,39.53,95.93,41.0,12.39,54.74,23.81,104.83,97.15,19.38,16.82,111.04,71.51,63.52,33.51,16.81,20.9,19.58,52.7,30.6,24.46,15.61,74.9,66.25,18.47,11.3,19.39,43.93,63.16,10.68,54.94,48.16,10.75,7.81,15.05,22.4,29.55,21.58,14.22,13.27,58.7,43.1,15.12,21.28,104.8,65.92,17.77,,19.0,22.65
2024-09-13 07:00:00,20.26,68.45,39.41,95.66,40.71,12.3,53.86,23.78,104.92,96.88,19.44,16.82,111.89,69.89,63.52,33.6,16.81,20.82,19.33,52.5,30.56,24.26,15.54,74.2,65.56,18.33,11.4,19.44,43.54,63.16,10.59,55.27,48.33,11.18,7.81,15.2,22.29,29.55,21.58,14.26,13.38,59.17,42.7,15.21,21.25,103.8,64.59,17.82,,18.85,22.57
2024-09-16 07:00:00,20.18,67.29,39.04,98.57,40.52,12.3,50.59,23.68,104.55,96.88,19.77,16.82,111.13,68.39,62.95,33.8,16.75,20.69,19.04,52.5,30.73,24.07,15.54,72.8,65.06,18.24,11.2,19.16,43.54,63.29,10.14,54.6,48.51,11.35,7.77,15.2,22.26,29.55,21.63,14.26,13.27,58.97,41.75,15.12,21.02,103.4,63.7,17.77,,18.9,22.4
2024-09-17 07:00:00,20.14,67.39,38.84,99.63,40.67,12.26,52.09,23.57,104.36,97.06,19.6,16.87,111.21,68.1,62.78,33.95,16.72,20.65,18.95,52.5,31.06,24.07,15.51,72.8,64.57,18.24,10.65,19.02,42.77,63.1,10.14,54.09,48.51,11.35,7.73,15.25,22.26,29.45,21.58,14.1,13.27,58.84,41.7,15.12,21.02,103.6,63.52,17.82,,18.9,22.39
2024-09-18 07:00:00,20.35,68.45,39.65,99.63,40.95,12.47,53.24,23.88,105.86,97.25,19.63,17.05,112.66,68.67,63.69,34.73,17.01,20.9,19.33,52.31,31.31,24.26,15.74,74.4,65.85,18.61,11.25,20.09,43.3,63.29,10.3,54.85,48.85,11.48,7.81,15.6,22.78,29.8,22.11,14.39,13.38,59.57,43.9,15.29,21.32,104.2,64.68,18.01,,19.15,22.72
2024-09-19 07:00:00,20.56,68.65,39.9,99.63,41.05,12.55,53.68,24.43,105.48,97.34,19.49,17.05,113.84,68.67,64.1,34.39,17.1,20.98,19.63,52.22,31.18,24.26,15.87,74.0,66.74,18.61,11.3,20.13,43.11,62.66,10.39,55.53,48.94,11.27,7.81,15.75,23.3,30.3,22.31,14.51,13.53,60.37,43.75,15.42,21.35,104.6,64.68,18.16,,19.2,22.9
2024-09-20 07:00:00,20.81,69.04,40.1,107.48,40.86,12.59,54.3,24.67,107.35,97.79,19.57,17.1,114.44,68.76,64.35,34.68,17.26,21.19,19.72,51.35,31.22,24.62,16.0,74.6,67.04,18.56,11.3,20.37,43.88,62.78,10.34,56.12,49.2,11.14,7.85,16.45,23.2,30.6,22.7,14.47,13.38,60.17,43.7,15.5,21.15,104.3,64.41,18.3,,19.4,23.02
2024-09-23 07:00:00,21.39,68.45,39.82,104.92,41.0,12.51,54.03,24.46,106.42,97.79,19.6,16.95,113.08,68.67,64.1,34.48,17.23,21.4,19.53,50.09,31.1,24.82,16.16,74.4,65.85,18.38,11.2,20.23,43.64,62.66,10.34,56.2,49.72,11.35,7.85,15.95,23.51,30.8,22.75,14.26,13.55,60.37,43.15,15.59,21.18,104.5,64.32,18.4,,19.0,23.07
2024-09-24 07:00:00,21.22,68.74,39.65,109.77,41.43,12.47,54.3,24.46,106.7,97.79,19.63,17.05,113.33,68.76,64.59,34.58,17.23,21.36,19.43,48.02,31.31,24.86,16.16,74.0,66.54,18.38,11.2,20.41,43.54,63.04,10.34,56.03,49.81,11.31,7.85,15.9,23.47,30.8,22.7,14.26,13.46,60.37,43.45,15.42,21.18,104.5,64.22,18.45,,18.9,23.07
2024-09-25 07:00:00,21.56,69.52,40.35,108.27,41.43,12.59,56.42,24.7,107.63,97.79,19.71,17.3,113.25,69.23,64.43,35.12,17.36,21.69,19.82,48.36,31.88,25.22,16.52,75.1,67.04,18.42,11.25,20.97,43.78,62.97,10.43,56.2,49.9,11.31,7.92,16.55,23.74,31.85,22.99,14.43,13.73,60.56,43.8,16.01,21.2,104.2,63.76,18.69,,19.05,23.28
2024-09-26 07:00:00,21.73,69.62,40.76,108.36,41.34,12.72,56.42,24.33,106.79,97.34,19.85,17.5,113.5,69.52,64.76,35.26,17.49,21.69,20.01,47.87,32.05,25.3,16.62,75.7,67.33,18.52,11.5,20.97,43.83,63.16,10.72,56.88,50.07,11.31,8.0,16.65,24.31,32.6,23.04,14.63,13.82,61.43,44.1,16.26,21.3,104.2,63.76,18.84,,19.15,23.46
2024-09-27 07:00:00,21.64,68.94,40.88,108.36,41.38,12.84,56.5,25.01,106.88,97.43,19.77,18.0,113.16,69.23,64.1,35.07,18.07,21.57,20.21,48.55,32.05,25.34,16.68,75.2,65.85,18.42,11.5,20.92,43.44,62.72,10.76,56.2,50.42,11.14,8.23,16.85,24.36,32.8,23.43,14.8,14.75,61.43,43.0,16.22,21.22,104.0,64.77,19.08,,19.15,23.56
2024-09-30 07:00:00,21.48,67.78,40.55,104.22,41.05,12.72,56.24,25.15,106.6,97.43,19.69,18.55,112.74,68.76,63.11,34.78,17.84,21.78,20.5,49.22,31.88,25.3,16.58,75.6,65.95,18.38,10.75,20.64,43.06,62.66,10.68,55.86,50.25,11.01,8.26,16.85,24.22,33.2,23.33,14.59,14.97,61.1,42.55,16.22,21.0,104.3,64.22,19.13,,19.1,23.55
2024-10-01 07:00:00,21.52,67.78,40.63,103.16,40.91,12.84,56.15,24.94,107.72,97.34,19.69,18.75,114.18,68.76,63.77,35.07,17.91,22.19,20.69,49.13,32.09,25.14,16.71,75.8,66.84,18.42,11.1,20.78,42.96,62.59,10.8,56.2,50.16,11.01,8.34,17.0,24.71,33.4,23.53,14.84,15.06,61.1,42.9,16.26,21.02,104.8,64.22,19.32,,19.1,23.7
2024-10-02 07:00:00,21.39,67.29,40.55,101.84,41.24,12.72,55.0,24.67,107.16,97.34,19.66,18.7,114.1,68.67,63.61,35.07,17.65,21.9,20.55,49.13,31.88,25.06,16.62,76.0,66.05,18.33,11.0,19.63,43.15,62.78,10.8,56.03,49.46,10.97,8.23,17.2,24.45,33.4,23.72,14.67,15.15,60.96,42.85,16.51,21.02,103.8,63.76,19.08,,19.1,23.58
2024-10-03 07:00:00,21.48,65.84,40.47,102.19,41.0,12.43,54.3,24.64,106.79,97.34,19.3,19.3,113.59,68.29,63.36,34.34,17.68,21.73,20.16,48.84,30.69,24.9,16.55,76.0,64.87,18.28,10.8,18.98,42.81,62.66,10.59,56.2,49.46,10.88,8.23,17.5,24.31,33.55,23.72,14.1,15.42,61.36,41.6,16.26,20.68,104.6,64.04,19.28,,18.6,23.55
2024-10-04 07:00:00,21.22,65.65,40.19,101.84,40.95,12.43,54.3,24.43,105.67,96.88,19.38,18.65,113.16,68.29,63.28,34.09,17.55,21.73,20.16,48.64,30.77,24.74,16.36,75.5,65.26,18.14,10.85,19.21,43.01,61.56,10.59,55.95,49.29,10.88,8.23,17.45,24.27,33.1,23.43,14.14,15.28,61.29,41.15,16.18,20.45,104.8,62.66,19.42,,18.25,23.38
2024-10-07 07:00:00,21.18,65.36,40.06,99.54,41.05,12.39,54.12,24.36,105.11,96.43,19.3,18.8,113.25,68.39,62.62,33.75,17.17,21.82,20.35,48.84,30.73,25.22,16.29,74.5,64.97,18.24,10.75,19.07,43.3,61.43,10.55,55.53,49.2,10.92,8.15,17.1,24.22,33.35,23.38,14.06,15.33,60.96,40.9,16.22,20.42,104.0,61.47,19.18,,18.15,23.25
2024-10-08 07:00:00,21.18,65.74,39.9,100.34,41.05,12.55,54.21,24.4,105.39,95.97,19.1,18.8,113.25,68.39,62.04,33.99,17.14,21.94,20.26,48.84,30.73,25.34,16.36,74.6,64.08,18.19,10.5,19.12,43.2,60.98,10.51,55.19,48.85,10.97,8.11,16.95,24.31,33.55,23.58,14.06,15.59,60.43,40.7,16.22,20.3,104.0,61.56,19.32,,18.15,23.31
2024-10-09 07:00:00,21.35,65.94,39.9,105.19,41.05,12.68,54.3,24.5,106.04,96.7,19.27,18.85,113.84,68.1,62.04,34.43,17.3,22.53,20.65,48.74,30.98,26.58,16.45,75.1,62.7,18.19,10.7,19.49,42.91,60.85,10.55,55.1,48.68,10.88,8.15,16.95,24.09,33.6,23.67,14.18,15.46,60.37,41.6,16.18,20.5,104.1,62.11,19.47,,18.25,23.43
2024-10-10 07:00:00,21.77,66.13,40.39,104.66,41.43,12.68,54.56,24.74,107.35,97.25,19.33,18.85,115.11,68.29,62.37,34.82,17.42,22.69,20.31,48.84,30.98,26.46,16.62,77.9,63.19,18.24,10.75,19.02,42.91,60.78,10.63,55.19,49.2,10.88,8.15,17.5,24.31,33.6,23.92,14.22,15.46,60.56,42.15,16.13,20.65,104.6,62.02,19.76,,18.45,23.71
2024-10-11 07:00:00,21.64,65.55,40.31,104.31,42.01,12.63,54.65,24.57,107.35,96.88,19.33,18.85,118.33,68.95,63.11,34.43,17.42,22.48,20.26,49.22,30.89,26.14,16.52,79.5,62.6,18.19,10.7,19.26,43.15,61.17,10.43,55.19,49.99,10.88,8.11,17.5,24.31,33.4,23.62,14.3,15.33,60.56,42.3,16.05,20.68,106.0,61.84,19.81,,18.35,23.7
2024-10-14 07:00:00,21.68,65.65,40.39,107.13,42.06,12.76,55.8,24.74,107.72,96.88,19.3,17.85,116.22,68.48,62.62,34.78,17.36,22.53,20.31,49.32,30.64,25.78,16.62,80.1,62.7,18.28,10.55,19.26,42.96,60.91,10.59,55.44,49.72,10.8,8.15,17.4,24.45,33.6,23.72,13.44,15.42,60.63,45.1,16.05,21.08,106.0,61.47,19.86,,19.05,23.77
2024-10-15 07:00:00,21.56,65.65,40.47,105.1,41.77,13.01,55.8,24.77,107.44,96.97,19.13,18.2,115.79,68.2,62.21,34.78,17.33,22.61,20.16,49.12,30.31,25.66,16.71,80.2,62.8,18.24,10.45,18.51,41.12,60.72,10.34,55.02,49.72,10.67,8.15,17.1,24.22,33.6,23.53,12.74,15.46,60.63,44.6,16.09,20.78,105.3,61.11,19.96,,18.8,23.68
2024-10-16 07:00:00,21.39,65.36,40.72,107.22,41.58,12.72,55.36,24.64,106.23,96.97,18.83,18.2,115.28,67.82,61.79,34.78,17.14,22.57,19.92,49.12,29.82,25.3,16.55,80.0,63.39,17.68,10.2,18.1,40.25,60.85,10.34,54.51,49.72,10.62,8.11,16.7,24.05,33.15,23.48,13.28,15.42,60.63,44.45,16.09,20.72,103.8,61.2,20.1,,18.65,23.61
2024-10-17 07:00:00,21.52,64.87,40.51,110.3,41.67,12.8,55.0,24.74,106.14,96.61,18.77,18.55,114.86,67.07,60.06,34.53,17.1,22.28,19.67,48.93,29.57,25.26,16.52,79.3,64.28,17.96,10.05,18.05,40.4,61.04,10.26,54.68,49.55,10.54,8.11,16.2,23.96,33.25,23.48,13.03,15.37,60.9,44.8,16.01,20.72,104.2,61.66,20.15,,18.6,23.56
2024-10-18 07:00:00,21.68,65.36,41.13,111.62,41.91,13.05,55.71,24.88,106.32,96.7,18.99,18.8,115.79,67.44,59.16,34.97,17.14,22.44,20.01,48.93,29.79,25.58,16.75,80.3,64.28,18.05,10.35,19.3,40.93,61.24,10.34,54.68,49.9,10.62,8.23,16.7,24.31,34.7,23.77,13.28,15.77,61.1,45.15,16.39,20.85,104.4,61.75,20.01,,18.75,23.8
2024-10-21 07:00:00,21.56,64.39,40.59,112.86,41.91,12.84,55.97,24.36,105.39,95.97,18.88,19.35,114.86,67.16,57.92,34.39,17.26,22.23,19.82,48.93,29.43,25.58,16.65,79.7,63.98,17.77,10.25,19.07,40.15,60.98,10.26,54.01,49.2,10.54,8.15,16.45,23.91,35.25,23.48,12.74,15.55,61.1,45.5,16.18,20.92,104.3,61.56,19.86,,18.75,23.7
2024-10-22 07:00:00,21.22,62.94,39.82,113.83,41.19,12.63,57.03,23.88,103.15,95.7,18.74,20.8,112.74,67.07,59.33,31.99,17.17,22.07,19.53,49.12,29.29,24.94,16.39,78.5,64.57,17.73,10.15,18.98,40.01,59.75,9.97,53.16,48.68,10.32,8.07,16.45,23.74,34.9,23.38,12.74,15.24,60.7,47.4,15.71,21.1,104.2,61.56,19.76,,18.55,23.5
2024-10-23 07:00:00,21.02,62.94,39.24,112.15,41.29,12.68,58.53,23.85,102.41,95.15,18.74,21.05,112.4,66.6,59.81,32.28,17.1,21.94,19.63,49.81,29.93,25.18,16.39,78.3,64.18,17.82,10.1,19.21,40.54,60.08,10.06,53.08,48.42,10.45,8.04,16.45,23.74,34.65,23.14,12.7,15.28,60.56,46.5,15.54,21.35,103.9,61.56,19.76,,18.6,23.45
2024-10-24 07:00:00,20.89,63.23,39.24,115.68,41.48,12.63,58.0,23.37,103.06,95.43,18.83,21.25,113.42,66.78,59.71,31.94,17.1,21.94,19.67,49.81,30.2,25.34,16.1,78.5,63.98,17.77,10.15,19.72,40.4,60.27,10.01,53.16,48.51,10.58,8.0,16.4,23.82,33.4,22.94,12.78,15.15,60.7,43.85,15.63,21.02,103.6,61.66,19.47,,18.15,23.29
2024-10-25 07:00:00,20.77,63.23,38.84,114.45,41.48,12.63,58.36,23.68,101.75,94.7,18.86,20.85,113.25,66.78,60.0,31.45,17.14,22.03,19.72,49.81,30.11,25.26,16.0,77.2,64.08,17.73,10.1,19.76,40.11,60.59,9.85,53.16,48.07,10.67,7.88,16.35,23.74,33.3,22.8,12.74,15.11,60.9,43.5,15.42,20.78,103.4,62.2,19.47,,18.1,23.16
2024-10-28 07:00:00,20.68,63.13,38.67,114.97,41.19,12.72,59.33,23.71,101.66,95.06,18.8,19.8,113.25,66.6,60.2,31.36,17.04,22.07,19.92,49.42,30.07,25.5,16.06,76.3,63.98,17.68,10.25,19.81,39.43,59.75,9.81,53.08,48.16,10.62,7.88,16.4,23.69,33.3,22.84,12.78,15.15,60.76,42.5,15.37,20.72,102.9,61.11,19.37,,18.1,23.13
2024-10-29 07:00:00,20.97,63.32,38.84,117.71,41.38,12.72,59.24,23.81,102.59,95.06,18.97,19.55,114.26,66.6,60.39,31.89,17.17,22.23,20.01,49.42,30.11,25.66,16.19,77.3,64.47,17.77,10.35,19.16,40.15,61.3,9.89,53.33,48.07,10.67,7.92,16.45,23.74,33.8,23.09,12.99,15.19,61.1,42.55,15.46,20.65,103.2,61.2,19.62,,18.1,23.25
2024-10-30 07:00:00,20.85,64.29,38.96,118.77,41.0,12.59,58.27,23.68,103.53,95.34,19.1,19.65,114.6,66.5,62.52,31.85,17.39,22.32,19.72,49.22,30.2,25.78,16.1,76.8,64.77,17.73,10.35,19.35,40.01,61.5,9.89,54.6,47.98,10.62,7.92,16.25,23.29,33.95,23.14,13.19,15.11,60.83,40.85,15.88,20.4,103.0,60.74,19.62,,18.05,23.23
2024-10-31 07:00:00,20.93,64.0,38.96,118.41,41.19,12.59,59.24,23.88,103.53,95.06,18.99,19.8,114.69,66.41,62.13,31.89,17.3,22.32,19.63,49.32,30.25,25.9,16.16,76.0,64.67,17.63,10.5,19.3,39.67,61.11,9.89,52.83,48.07,10.5,7.92,16.25,23.38,34.6,23.23,13.15,15.15,60.76,40.45,15.88,20.52,103.5,59.82,19.62,,17.85,23.25
2024-11-01 07:00:00,20.81,64.1,38.88,117.8,41.19,12.51,58.27,24.36,103.15,94.79,18.72,19.65,113.25,65.94,62.13,31.31,17.07,22.03,19.33,49.12,30.11,26.06,16.03,74.2,64.57,17.54,10.35,19.21,39.28,58.98,9.6,52.32,48.16,10.37,7.96,16.35,23.16,34.95,23.09,12.91,15.15,62.09,41.3,15.8,20.55,103.5,60.1,19.52,,17.7,23.14
2024-11-04 07:00:00,20.6,63.3,38.88,113.83,41.77,12.3,58.36,24.26,102.59,94.06,18.38,18.65,112.48,65.84,60.78,30.72,16.75,21.78,19.33,48.78,29.57,25.74,15.9,73.1,63.78,17.12,10.2,19.07,38.61,59.17,9.48,52.32,48.33,10.07,7.88,16.4,23.02,34.65,22.8,12.37,14.66,61.36,40.55,15.59,20.52,103.4,60.1,19.08,,17.55,22.6
2024-11-05 07:00:00,20.68,64.09,38.71,114.53,41.19,12.3,58.71,24.05,102.78,93.42,18.44,18.75,112.15,65.37,61.36,30.92,16.65,21.82,19.38,48.39,29.66,25.82,15.9,73.0,63.88,17.26,10.25,19.26,38.41,59.75,9.48,53.42,48.24,10.07,7.88,16.35,23.25,34.85,22.84,12.41,14.66,61.1,41.25,15.59,20.52,102.6,60.01,19.03,,17.6,22.99
2024-11-06 07:00:00,20.72,64.68,38.92,115.68,42.01,12.34,59.06,24.09,102.97,92.79,18.55,19.0,112.74,65.84,61.75,31.65,16.75,22.11,19.53,48.73,29.79,25.78,15.97,73.3,64.08,17.31,10.3,19.44,38.85,60.14,9.6,53.5,48.33,10.11,8.0,16.65,23.29,34.8,22.99,12.58,14.71,61.63,41.3,15.67,20.7,103.1,59.82,19.18,,17.8,23.0
2024-11-07 07:00:00,20.81,65.86,38.92,114.62,41.82,12.47,60.39,24.43,104.08,93.24,18.66,19.15,113.76,66.03,62.42,32.33,16.85,22.44,19.67,48.83,30.34,25.9,16.16,73.3,63.88,17.54,10.45,19.63,38.94,59.95,9.68,53.75,48.42,10.28,8.0,16.65,23.42,35.4,23.23,12.7,14.88,61.89,41.3,15.63,20.85,104.1,60.1,19.08,,18.05,23.22
2024-11-08 07:00:00,20.68,65.47,38.43,114.62,42.06,12.34,61.01,23.88,104.36,93.61,18.5,18.75,114.52,65.94,62.42,32.09,16.65,22.48,19.58,48.78,30.2,25.58,15.9,72.2,63.59,17.35,10.65,19.67,38.7,59.75,9.64,54.26,48.07,10.28,7.96,16.5,23.16,35.0,22.84,12.54,14.71,61.23,40.0,15.42,20.5,103.5,60.1,18.79,,17.75,22.91
2024-11-11 07:00:00,20.6,64.88,37.94,115.5,43.25,12.18,60.12,23.23,104.36,92.79,18.47,18.45,115.28,65.94,61.94,31.94,16.3,22.44,19.43,48.78,30.07,25.26,15.61,71.3,62.01,17.21,10.5,19.16,37.83,59.3,9.56,54.01,48.07,10.15,7.88,16.4,22.71,33.4,22.46,12.33,14.22,61.03,39.25,15.25,20.32,103.4,59.27,18.45,,17.6,22.7
2024-11-12 07:00:00,20.6,65.96,37.85,115.94,43.3,12.1,61.18,23.47,106.42,92.88,18.74,18.5,115.2,65.75,62.71,32.14,16.27,22.73,19.53,48.83,29.98,25.14,15.7,72.4,59.94,16.94,10.5,19.16,37.83,59.43,9.68,54.94,48.24,10.37,7.92,16.45,22.71,33.25,22.31,12.41,14.26,61.03,40.3,15.33,20.25,103.1,59.36,18.4,,17.85,22.7
2024-11-13 07:00:00,20.56,65.76,37.49,113.97,42.49,11.97,61.27,23.3,106.6,92.97,18.61,18.15,115.37,64.05,62.71,31.6,16.4,22.36,19.24,48.73,30.02,25.02,15.54,71.9,59.44,17.35,10.55,19.02,37.35,59.82,9.56,54.68,49.03,10.24,7.88,16.35,22.45,32.4,22.11,12.17,13.95,61.03,40.15,15.33,20.25,103.0,59.27,18.25,,17.95,22.6
2024-11-14 07:00:00,20.51,66.15,37.2,112.4,42.49,11.68,58.53,23.06,107.26,93.24,18.77,18.25,115.28,64.99,63.2,30.91,16.2,21.9,18.46,48.78,29.98,24.98,15.51,71.4,59.84,17.31,10.65,18.98,37.44,59.95,9.48,54.85,48.77,10.28,7.81,16.4,21.91,32.5,22.16,11.92,13.99,61.03,40.3,15.29,20.3,102.1,59.27,18.3,,18.1,22.55
2024-11-15 07:00:00,20.31,66.45,36.55,109.55,41.86,11.47,57.48,22.51,105.48,89.6,18.66,18.0,112.4,64.62,63.0,30.37,15.82,21.57,17.78,48.73,28.98,24.66,15.31,70.6,58.95,17.03,10.4,18.24,37.15,58.78,9.31,54.51,48.33,10.2,7.73,16.55,21.16,32.2,21.82,11.51,13.77,60.83,40.0,15.29,20.27,101.5,58.36,18.21,,18.05,22.27
2024-11-18 07:00:00,20.14,64.58,36.34,105.95,41.77,11.47,55.8,22.44,102.59,89.7,18.41,17.45,112.32,64.33,61.36,29.87,15.59,21.23,17.68,47.71,28.93,24.82,15.05,69.3,56.29,17.03,10.45,18.1,36.14,58.46,9.27,53.67,48.16,10.11,7.66,16.4,21.16,31.9,21.63,11.63,13.82,60.37,39.6,15.16,20.18,101.0,57.9,17.96,,18.1,21.96
2024-11-19 07:00:00,20.31,62.91,36.46,107.06,41.86,11.52,55.89,22.65,102.04,90.7,18.55,17.6,110.11,63.96,59.62,29.92,15.72,21.19,17.83,47.76,28.75,24.86,15.09,70.0,56.68,17.63,10.55,18.42,36.77,58.59,9.27,52.99,47.9,10.11,7.66,16.5,21.16,31.75,21.63,12.37,14.04,59.77,40.9,15.25,20.18,100.3,57.72,18.01,,17.9,22.03
2024-11-20 07:00:00,20.18,62.03,36.38,106.41,42.25,11.47,55.8,22.68,99.26,90.06,18.27,17.6,107.4,63.58,59.62,29.58,15.62,21.03,17.63,48.39,28.61,24.78,15.09,69.1,55.21,17.35,11.0,18.38,36.77,58.72,9.23,52.15,47.64,10.15,7.66,16.55,21.11,31.3,21.68,12.29,13.95,59.7,41.75,15.21,20.08,100.1,57.62,17.91,,17.75,21.88
2024-11-21 07:00:00,20.26,63.7,36.87,108.44,42.55,11.68,56.77,23.06,101.56,89.7,18.61,17.8,111.04,63.86,60.58,30.17,15.69,21.28,17.97,48.59,29.39,25.06,15.25,70.1,55.7,17.68,11.1,19.3,37.11,59.43,9.35,53.84,47.98,10.15,7.7,16.55,21.38,32.25,22.02,12.7,14.26,59.9,42.85,15.29,20.15,100.2,58.08,18.11,,17.95,22.12
2024-11-22 07:00:00,20.6,63.7,37.0,109.64,42.65,11.68,57.21,23.81,101.46,90.6,19.22,17.85,112.32,64.62,61.75,30.42,15.85,21.53,18.17,48.44,29.16,25.22,15.57,70.8,57.57,17.63,11.0,19.07,37.64,59.56,9.35,54.26,48.16,10.11,7.73,16.7,21.56,32.6,22.55,12.5,14.31,60.17,41.6,15.37,20.15,101.0,58.54,18.55,,18.1,22.45
2024-11-25 07:00:00,20.72,63.89,37.2,108.26,43.33,11.72,57.56,23.81,101.27,90.06,19.49,17.85,112.91,65.28,61.65,30.37,15.85,21.69,18.17,48.73,29.52,25.3,15.57,71.0,57.77,17.73,10.75,19.12,37.74,59.75,9.43,54.18,48.33,10.11,7.77,16.7,21.51,32.65,22.8,12.54,14.26,60.37,41.45,15.37,20.23,101.5,58.82,18.55,,18.1,22.48
2024-11-26 07:00:00,20.77,64.29,37.2,108.35,43.38,11.81,57.83,23.95,102.23,90.33,19.66,18.15,112.99,65.37,61.84,30.56,15.85,21.82,18.22,48.83,29.61,25.3,15.64,72.1,58.16,18.1,10.8,19.39,37.54,59.69,10.1,56.03,48.42,10.15,7.81,16.75,21.78,32.95,22.84,12.58,14.35,60.7,42.4,15.63,20.5,102.4,59.0,18.55,,18.2,22.58
2024-11-27 07:00:00,20.85,64.19,37.65,109.64,43.09,11.76,57.48,23.98,102.23,90.6,19.52,18.2,114.6,64.99,62.23,30.71,16.08,21.73,18.22,48.93,29.89,25.42,15.57,72.4,58.66,17.96,11.1,19.44,37.78,59.82,10.06,55.95,48.85,10.28,7.81,16.75,21.56,32.8,22.75,12.7,14.31,61.29,41.9,15.59,20.38,102.1,59.09,18.5,,18.05,22.65
2024-11-28 07:00:00,20.85,64.68,37.69,109.55,43.53,11.72,57.39,23.98,102.42,90.42,19.41,18.45,117.23,65.28,61.75,30.86,16.04,21.9,18.36,49.71,29.89,25.5,15.64,72.2,58.85,18.05,11.0,19.49,37.83,59.88,10.3,56.2,48.33,10.37,7.77,16.8,21.56,32.95,22.8,12.74,14.39,61.43,41.1,15.67,20.35,101.8,59.09,18.55,,17.9,22.68
2024-11-29 07:00:00,20.89,64.39,37.49,114.25,43.53,11.64,57.3,24.19,103.38,91.42,19.38,18.5,117.83,65.18,62.13,30.76,16.17,21.9,18.31,49.9,29.7,25.54,15.61,72.2,58.06,18.05,10.95,19.35,38.7,59.88,10.26,56.37,48.07,10.45,7.77,16.8,21.51,32.8,22.75,12.7,14.39,61.43,40.75,15.84,20.25,100.4,58.91,18.5,,17.8,22.7
2024-12-02 07:00:00,20.93,64.58,38.02,114.25,47.06,11.72,57.56,24.5,104.05,91.88,19.3,18.35,120.87,64.99,61.94,30.91,16.24,22.28,18.36,49.51,29.48,25.78,15.67,72.5,59.05,18.01,10.9,19.21,38.17,60.01,10.14,56.2,48.77,10.45,7.77,16.85,21.6,32.85,22.8,12.7,14.31,62.36,40.75,15.92,20.15,101.3,58.82,18.59,,17.7,22.8
2024-12-03 07:00:00,20.85,64.68,37.65,113.32,47.65,11.89,58.71,24.33,104.34,92.88,19.6,18.35,120.95,64.71,61.94,30.47,16.46,22.15,18.12,48.83,29.61,26.58,15.61,72.4,58.75,17.96,10.7,19.16,38.17,60.4,10.1,56.12,48.59,10.5,7.73,16.75,21.56,32.6,22.84,12.74,14.22,61.49,40.5,15.8,20.12,101.0,58.54,18.5,,17.7,22.76
2024-12-04 07:00:00,20.77,64.09,36.91,113.42,49.9,11.76,58.09,24.22,103.38,92.79,19.57,18.35,121.89,64.52,61.75,29.92,16.59,22.19,17.68,48.49,29.66,26.54,15.51,71.4,57.18,18.05,10.5,18.79,38.75,60.33,10.14,56.71,48.77,10.54,7.73,16.75,21.34,32.15,22.8,12.54,14.04,61.43,40.1,15.84,19.9,100.4,57.99,18.45,,17.2,22.72
2024-12-05 07:00:00,20.85,64.09,37.04,115.9,50.39,11.64,58.09,24.05,102.04,90.97,19.71,18.0,122.57,64.52,62.42,29.68,16.65,21.98,17.05,48.49,29.75,26.66,15.51,71.8,57.28,18.24,10.5,18.75,38.7,60.91,10.14,56.71,49.55,10.5,7.7,16.8,21.02,32.25,22.75,12.41,13.99,61.76,40.2,15.88,20.15,100.9,57.9,18.3,,17.35,22.66
2024-12-06 07:00:00,21.31,65.96,37.94,116.09,50.29,11.93,59.33,24.88,105.58,92.42,20.13,18.55,126.33,64.99,63.29,30.91,17.07,22.9,18.07,48.73,30.34,26.85,15.87,73.2,59.64,18.14,10.65,20.18,38.8,61.75,10.26,57.21,49.9,10.67,7.81,17.0,22.94,33.6,23.33,12.91,14.44,62.36,41.2,16.22,20.38,101.9,58.72,18.79,,17.65,23.1
2024-12-09 07:00:00,21.18,65.96,38.1,114.61,49.9,12.05,59.24,24.74,110.28,91.79,19.96,18.6,124.71,65.18,64.55,31.55,17.17,22.9,18.07,48.73,30.61,27.13,15.8,73.1,59.94,18.05,10.6,20.27,38.7,62.33,10.22,56.96,49.81,10.88,7.81,17.0,23.11,33.6,23.33,12.82,14.44,62.36,41.4,16.22,20.92,101.5,58.63,18.69,,17.7,23.24
2024-12-10 07:00:00,21.18,66.15,38.22,114.52,50.39,11.97,59.59,24.77,109.22,93.88,19.74,19.0,125.48,64.99,64.07,31.25,17.33,22.98,18.41,48.78,31.11,27.13,15.8,72.7,59.64,18.19,10.6,20.23,38.8,62.14,10.39,56.88,49.99,10.88,7.85,17.25,23.11,33.5,23.38,12.91,14.53,62.76,40.95,16.26,20.6,101.9,58.54,18.69,,17.5,23.3
2024-12-11 07:00:00,21.06,65.66,38.02,114.98,50.39,11.93,59.42,24.84,111.14,95.61,19.63,19.0,127.78,64.62,63.78,30.81,17.96,22.98,18.27,51.17,31.11,26.73,15.7,72.2,59.05,18.24,10.5,20.09,38.56,62.08,10.22,56.12,50.16,10.75,7.88,17.1,23.07,33.5,23.38,12.78,14.39,61.89,40.8,16.13,20.45,101.8,58.54,18.55,,17.35,23.25
2024-12-12 07:00:00,21.1,65.56,38.1,114.98,50.68,11.89,58.71,24.84,110.47,96.52,19.6,19.25,127.35,64.52,63.0,31.16,18.24,22.77,18.22,53.13,31.11,26.38,15.83,72.1,59.05,18.33,10.5,19.95,38.12,62.08,10.18,55.7,50.07,10.97,7.96,17.15,23.11,33.65,23.53,12.78,14.44,62.09,40.75,16.13,20.45,102.0,58.82,18.64,,17.3,23.3
2024-12-13 07:00:00,20.97,65.56,37.94,115.44,51.17,11.68,58.27,24.77,109.61,97.34,19.52,19.7,127.52,64.24,63.58,30.91,18.0,22.57,17.88,54.79,30.98,26.22,15.77,71.0,58.75,18.33,10.45,19.76,37.44,62.33,10.1,55.61,49.81,10.88,7.88,17.1,22.85,33.55,23.48,12.62,14.44,61.69,40.5,16.09,20.3,101.8,58.72,18.59,,17.2,23.13
2024-12-16 07:00:00,20.93,65.47,38.18,113.79,51.17,11.68,58.18,24.84,109.7,97.34,19.41,19.25,127.61,64.15,63.2,30.61,18.12,22.36,17.78,56.25,31.2,26.34,15.64,70.9,59.35,18.24,10.4,19.67,37.4,62.91,10.14,55.7,49.81,10.84,7.81,17.1,22.89,33.85,23.48,12.5,14.35,61.69,40.55,16.22,20.3,101.1,58.82,18.5,,17.2,23.16
2024-12-17 07:00:00,20.93,66.25,38.1,112.4,51.08,11.72,58.8,24.74,110.09,97.7,19.35,19.3,126.07,64.05,62.71,30.66,18.24,22.36,17.68,57.13,31.43,26.26,15.67,71.0,59.35,18.28,10.45,19.72,37.4,62.91,10.14,55.7,49.64,10.84,7.81,16.95,22.98,33.85,23.53,12.45,14.35,61.63,40.8,16.22,20.27,100.8,59.09,18.45,,17.1,23.18
2024-12-18 07:00:00,20.97,66.06,38.18,112.31,50.68,11.81,58.89,24.57,110.66,98.16,19.24,19.5,126.33,64.33,62.81,30.61,18.24,22.44,17.88,57.62,31.57,26.54,15.67,71.0,59.05,18.33,10.45,19.67,37.44,62.59,10.18,56.03,49.9,10.88,7.81,17.1,22.94,33.85,23.48,12.54,14.31,61.76,40.9,16.09,20.27,100.5,59.27,18.45,,17.1,23.18
2024-12-19 07:00:00,20.64,65.37,37.94,112.59,50.59,11.85,57.92,24.43,109.42,100.7,19.27,19.1,125.65,64.05,62.71,30.32,17.89,22.32,18.07,57.62,31.34,26.34,15.51,70.3,58.56,18.19,10.45,19.16,37.44,62.2,10.18,56.37,49.12,10.8,7.7,16.5,22.62,33.55,23.14,12.25,14.17,61.23,40.2,15.97,20.05,98.0,58.54,18.11,,16.95,22.9
2024-12-20 07:00:00,20.68,65.17,37.9,114.43,50.1,11.85,58.36,24.5,110.47,99.61,19.41,18.95,126.59,64.43,62.62,30.42,17.85,22.23,18.22,57.52,32.2,26.34,15.51,70.0,58.75,18.42,10.1,19.3,37.4,62.46,10.1,56.71,49.12,10.84,7.7,16.5,23.02,33.5,23.19,12.33,14.13,61.29,40.2,15.92,20.12,99.2,58.63,18.16,,17.0,22.95
2024-12-23 07:00:00,20.72,66.35,38.08,115.63,50.39,11.89,59.24,24.77,110.66,99.7,19.38,19.1,126.93,64.52,62.81,30.27,17.93,22.28,18.02,57.62,32.29,26.5,15.64,70.3,59.64,18.42,10.3,19.26,37.49,62.53,10.01,57.21,49.38,10.88,7.7,16.6,22.98,34.1,23.19,12.41,14.22,61.36,40.4,15.97,20.25,99.5,58.91,18.4,,17.0,23.0
2024-12-24 07:00:00,20.72,66.15,37.63,123.18,51.08,11.81,59.15,24.64,111.62,100.97,19.46,19.45,127.52,64.24,62.91,30.22,17.77,22.15,17.78,57.23,31.93,26.38,15.54,69.9,59.84,18.56,10.25,18.56,37.01,61.95,9.81,56.88,49.64,10.88,7.7,16.75,22.67,34.35,23.19,12.21,14.22,61.1,40.1,15.92,20.18,99.8,58.72,18.25,,16.9,23.0
2024-12-25 07:00:00,20.85,66.55,37.68,121.43,51.86,11.93,59.41,24.84,111.14,99.27,19.55,19.35,128.38,64.33,63.58,30.42,18.04,22.28,18.02,56.94,32.11,26.73,15.61,70.2,60.43,19.17,10.3,18.75,37.2,62.59,9.89,56.96,49.81,10.88,7.73,16.85,23.02,34.75,23.33,12.25,14.26,61.23,40.35,16.05,20.27,100.5,59.0,18.3,,17.05,23.13
2024-12-26 07:00:00,21.22,67.63,38.37,123.09,51.47,12.13,61.12,26.08,112.67,99.18,19.49,19.2,127.27,64.52,63.87,30.42,18.27,22.36,18.22,55.18,32.25,27.01,15.93,70.5,59.64,19.26,10.4,18.84,37.2,62.66,9.97,57.38,49.81,10.97,7.77,16.9,23.42,36.35,23.67,12.62,14.53,61.1,40.65,16.3,20.32,101.0,58.91,18.55,,17.15,23.4
2024-12-27 07:00:00,21.31,67.63,38.67,120.23,50.88,12.01,60.94,26.08,111.52,98.14,19.41,19.25,126.93,64.52,64.07,30.27,18.58,22.32,18.17,56.74,32.29,27.2,16.29,70.4,59.54,19.31,10.2,18.89,37.01,62.59,9.93,57.13,49.72,11.01,7.81,16.9,23.38,36.9,23.82,12.62,14.71,61.23,40.35,16.68,20.27,101.0,58.81,18.59,,17.0,23.45
2024-12-30 07:00:00,21.18,67.04,37.83,121.62,50.59,11.96,60.67,26.32,111.24,97.2,19.63,19.15,126.76,64.24,63.58,30.12,18.81,22.19,18.02,56.84,32.25,28.92,16.16,70.0,59.64,19.17,10.25,18.98,36.96,62.72,9.89,56.54,49.81,10.97,7.77,16.7,23.51,36.8,23.72,12.45,14.66,61.1,40.3,16.68,20.15,99.7,58.44,18.59,,17.0,23.4
2024-12-31 07:00:00,21.18,67.53,37.14,120.79,49.7,11.92,61.03,25.94,111.24,97.2,19.38,18.9,128.29,64.15,63.1,29.92,19.47,22.15,17.93,57.03,32.11,29.06,16.16,70.0,59.64,19.26,10.25,19.16,36.28,62.91,9.93,56.2,50.08,10.97,7.73,16.6,23.16,36.9,23.72,12.41,14.66,60.56,40.0,16.64,20.15,99.4,58.44,18.55,,17.05,23.45
2025-01-02 07:00:00,21.22,68.61,37.48,120.6,49.8,11.96,61.66,25.8,111.52,97.2,19.44,18.65,128.12,64.05,62.52,30.02,18.85,22.23,17.93,57.03,31.57,28.74,16.32,70.0,59.44,19.35,10.3,19.02,36.72,62.91,9.89,56.37,49.72,11.01,7.77,16.45,23.02,36.6,23.67,12.41,14.57,60.76,39.95,16.56,20.15,99.0,58.26,18.45,,17.2,23.32
2025-01-03 07:00:00,20.97,68.61,37.78,121.62,48.77,11.83,61.12,25.53,110.66,97.2,19.52,18.25,127.18,64.05,63.29,29.87,18.7,22.15,17.68,57.03,31.52,28.22,16.1,69.6,57.77,19.31,10.4,18.84,36.86,62.08,9.72,54.85,49.62,10.75,7.73,16.5,22.54,36.1,22.99,12.17,14.39,61.03,39.75,16.18,20.08,98.9,58.08,18.25,,17.15,23.15
2025-01-06 07:00:00,20.68,67.82,37.78,119.87,47.55,11.62,61.12,25.42,107.4,96.25,19.16,17.9,126.67,63.39,61.75,28.99,18.62,21.69,17.15,56.74,31.47,27.95,15.9,67.2,56.19,19.12,10.3,18.05,36.91,62.01,9.52,53.92,48.36,10.37,7.77,16.6,22.09,36.05,22.89,11.59,14.22,61.03,39.75,16.09,20.15,99.0,57.71,18.21,,17.0,23.0
2025-01-07 07:00:00,20.72,68.61,38.62,120.42,47.11,11.32,60.85,25.49,107.4,96.91,18.94,18.05,127.61,63.02,60.68,27.61,18.58,21.69,17.0,56.84,30.75,28.18,15.9,66.5,55.6,18.8,10.2,17.22,36.67,61.04,9.48,53.75,48.45,10.24,7.77,16.55,21.78,36.35,22.94,11.51,14.26,61.29,39.85,16.13,20.1,98.5,56.87,18.21,,16.8,22.95
2025-01-08 07:00:00,20.72,71.26,39.21,122.63,47.3,11.28,60.58,25.56,107.6,97.2,18.86,18.1,126.42,62.73,60.0,27.16,17.93,21.61,17.15,56.94,30.43,28.41,16.09,66.6,55.7,18.7,10.2,17.27,36.09,60.85,9.48,53.92,48.36,10.32,7.73,16.6,21.74,36.5,23.04,11.43,14.35,60.76,39.7,16.22,20.15,98.4,56.51,18.16,,16.8,22.84
2025-01-09 07:00:00,20.77,70.28,38.92,123.92,47.84,11.36,60.76,25.56,107.5,96.54,18.88,18.25,126.33,62.92,60.39,28.2,17.19,21.57,17.15,56.74,30.75,28.46,16.09,66.8,56.68,19.45,10.25,17.54,37.06,61.37,9.6,53.84,48.27,10.45,7.73,16.9,21.69,36.4,23.14,11.59,14.26,60.9,40.0,16.39,20.25,98.7,56.6,18.16,,16.8,22.86
2025-01-10 07:00:00,20.64,65.37,38.67,119.77,47.65,11.28,61.56,25.53,105.39,96.73,18.55,18.1,125.65,62.83,59.71,27.61,16.65,21.28,16.66,56.74,30.75,27.99,15.86,65.5,56.09,19.21,9.92,16.71,36.77,60.53,9.64,53.92,48.36,10.89,7.7,16.95,20.89,35.2,22.8,11.1,14.08,60.7,39.9,16.3,20.2,98.2,56.6,17.96,,16.65,22.65
2025-01-13 07:00:00,20.47,67.14,37.98,117.38,47.99,11.23,61.56,24.84,103.95,96.25,18.44,17.9,123.51,62.36,59.04,27.21,16.35,21.19,16.57,56.55,30.48,27.67,15.71,64.4,55.7,19.26,9.4,16.52,37.11,60.33,9.68,53.84,48.09,10.89,7.62,17.05,20.94,34.7,22.55,10.93,13.95,60.5,38.7,16.18,19.85,98.1,56.41,17.77,,16.5,22.45
2025-01-14 07:00:00,20.47,68.22,38.47,114.25,48.53,11.32,63.27,25.32,104.24,96.25,18.83,18.1,123.86,62.64,58.07,27.36,16.27,21.48,16.61,56.25,30.88,28.6,15.86,63.7,55.8,19.31,8.95,16.99,37.78,60.91,9.64,54.51,48.72,11.03,7.66,17.15,21.25,34.9,22.89,11.22,14.08,60.56,39.4,16.3,19.9,97.9,56.6,17.57,,16.1,22.45
2025-01-15 07:00:00,20.6,68.02,38.18,113.42,49.41,11.36,63.36,25.12,104.24,96.35,18.8,18.1,123.6,62.92,57.97,27.46,16.31,21.57,16.61,56.74,31.02,28.64,15.98,64.0,55.99,19.31,9.19,17.08,38.32,60.4,9.64,54.68,49.08,11.03,7.66,17.1,21.34,35.1,23.04,11.3,14.13,60.7,39.8,16.39,20.0,98.3,56.97,17.72,,16.1,22.59
2025-01-16 07:00:00,20.64,67.24,38.62,115.26,49.12,11.58,63.72,24.98,104.53,96.63,18.88,18.2,123.94,62.73,58.16,27.9,16.54,21.69,16.81,57.03,30.66,29.02,16.01,65.3,56.19,19.26,9.15,17.13,38.46,60.72,9.72,54.68,48.54,11.03,7.66,17.3,21.6,35.05,22.99,11.3,14.22,60.96,40.0,16.56,20.05,97.2,56.97,17.72,,16.35,22.61
2025-01-17 07:00:00,20.72,67.53,38.62,115.9,50.0,11.58,65.06,25.12,104.43,96.82,18.88,18.15,124.62,62.73,59.04,28.0,16.5,21.73,16.76,56.94,30.88,29.16,16.01,65.7,56.39,19.11,9.15,17.22,38.32,61.24,9.68,55.27,48.0,11.08,7.7,17.6,21.56,35.15,23.14,11.3,14.22,61.23,39.85,16.6,20.12,98.0,57.24,17.82,,16.45,22.6
2025-01-20 07:00:00,20.72,67.43,38.97,115.17,50.59,11.62,64.79,25.49,105.1,97.01,18.91,18.3,126.5,62.92,59.91,28.25,16.96,22.03,16.95,56.64,31.16,29.48,16.12,65.5,56.49,19.07,9.01,17.22,38.46,61.43,9.6,55.19,48.36,11.03,7.7,17.65,21.65,35.75,23.62,11.51,14.39,60.83,39.9,16.77,20.12,98.1,56.87,17.86,,16.5,22.93
2025-01-21 07:00:00,20.77,67.04,39.07,115.17,50.49,11.53,65.33,25.42,104.34,95.4,18.8,18.1,127.18,63.2,59.13,28.0,17.23,21.82,16.71,56.74,31.07,29.53,16.31,65.4,56.39,18.87,9.04,17.03,38.12,60.66,9.39,55.7,48.27,11.08,7.73,17.95,21.69,35.9,23.53,11.47,14.39,60.63,39.8,16.85,20.15,98.1,56.87,17.77,,16.5,22.86
2025-01-22 07:00:00,20.72,66.25,39.02,115.17,49.7,11.36,65.15,25.56,104.43,93.42,18.55,17.75,127.35,62.83,59.13,27.61,16.96,21.78,16.61,56.84,30.93,29.76,16.31,65.2,56.59,18.78,8.68,16.76,37.88,61.69,9.35,55.1,48.36,11.13,7.7,18.35,21.69,36.15,23.53,11.51,14.31,60.56,39.5,16.81,20.05,98.3,56.87,17.77,,16.3,22.9
2025-01-23 07:00:00,20.81,66.15,39.02,113.32,49.51,11.36,64.61,25.6,104.72,94.37,18.63,17.9,128.04,62.83,59.23,27.61,16.89,21.78,16.57,56.94,31.02,31.3,16.35,65.2,56.49,18.82,8.68,16.89,37.69,62.08,9.39,55.1,48.36,11.17,7.7,18.6,21.74,36.45,23.62,11.59,14.31,60.63,39.25,16.85,20.12,98.6,56.87,17.91,,16.2,23.0
2025-01-24 07:00:00,21.06,66.25,39.31,113.88,49.31,11.36,65.15,25.91,105.58,95.31,19.05,18.0,130.94,62.92,59.62,28.2,17.31,22.03,16.71,56.74,31.29,32.84,16.54,65.4,57.77,18.87,8.81,17.36,37.83,62.72,9.39,54.85,48.45,11.32,7.77,18.1,22.22,36.9,24.01,11.84,14.48,61.16,39.4,17.19,20.1,98.3,57.06,18.3,,16.3,23.18
2025-02-03 07:00:00,20.81,67.24,38.67,113.32,49.61,11.36,63.36,25.94,105.3,91.06,19.05,18.2,124.02,63.02,60.29,28.4,17.04,21.86,16.86,57.03,31.11,32.46,16.46,67.0,57.67,18.82,8.88,17.31,37.59,62.98,9.52,54.51,47.46,11.5,7.85,17.6,22.0,36.3,23.62,12.21,14.31,60.83,38.85,16.26,19.95,97.9,55.86,18.01,,16.15,22.9
2025-02-04 07:00:00,20.93,68.51,38.72,112.77,49.7,11.49,64.52,26.11,105.77,94.46,19.35,18.25,124.02,63.02,60.58,28.89,17.27,22.03,17.15,57.23,31.2,32.28,16.58,68.1,58.16,18.73,8.93,17.22,38.12,63.17,9.56,55.19,47.28,11.6,7.92,18.1,22.05,36.65,23.67,12.41,14.35,60.9,38.55,17.02,19.92,97.9,55.4,18.06,,16.2,23.01
2025-02-05 07:00:00,21.06,69.0,39.11,113.97,49.7,11.66,69.63,26.83,105.87,95.31,19.44,18.45,124.45,63.49,60.87,28.89,17.39,22.28,17.34,56.94,31.61,32.79,16.73,67.3,58.26,19.07,9.4,17.77,38.41,63.17,9.72,55.7,47.55,11.93,7.92,18.5,22.27,37.0,23.92,12.74,14.62,61.1,38.85,17.15,20.02,97.5,55.77,18.25,,16.35,23.15
2025-02-06 07:00:00,21.22,69.59,39.16,113.79,49.8,11.58,71.51,26.9,105.97,95.31,19.46,18.55,124.28,63.58,60.97,28.74,17.46,22.28,17.2,57.03,31.07,33.44,16.91,67.2,57.87,19.16,9.32,18.01,38.32,63.43,9.72,55.7,47.55,12.07,7.92,18.35,22.27,37.3,24.16,12.58,14.66,61.56,38.8,17.23,20.02,97.3,55.86,18.45,,16.7,23.24
2025-02-07 07:00:00,21.22,68.81,39.36,113.32,50.1,11.96,73.04,26.94,105.58,96.16,19.3,18.45,124.45,63.39,60.58,28.69,17.62,22.15,17.2,56.94,31.02,33.72,16.8,67.2,56.98,19.21,9.4,18.01,38.41,63.11,9.77,55.86,47.19,12.59,7.96,18.2,22.18,37.2,24.55,12.54,14.62,61.43,38.75,17.11,20.12,97.5,55.95,18.4,,16.6,23.25
2025-02-10 07:00:00,21.31,68.81,39.66,109.55,50.59,12.35,72.14,27.48,103.09,95.31,19.05,18.45,121.21,63.02,59.62,28.4,17.35,21.15,16.42,56.94,30.88,33.49,16.84,67.8,56.59,18.92,9.23,17.4,38.32,61.68,9.77,56.03,46.92,12.54,7.96,18.1,21.91,37.2,24.79,12.37,14.53,61.03,37.8,17.11,20.0,96.7,55.95,18.25,,16.55,23.15
2025-02-11 07:00:00,21.48,68.81,39.66,108.72,51.57,12.31,73.66,27.55,101.85,95.31,19.05,18.75,119.59,62.64,58.45,28.25,17.35,21.19,16.13,56.74,30.66,33.91,17.14,68.1,55.6,18.87,9.15,17.31,39.09,61.35,9.77,56.28,46.47,12.73,8.0,18.45,21.91,38.15,25.09,12.41,14.88,60.9,37.6,17.32,19.92,95.1,55.49,18.3,,16.3,23.2
2025-02-12 07:00:00,21.43,68.81,39.46,109.82,51.47,12.31,74.92,27.72,103.0,95.78,19.22,19.0,123.17,63.11,58.65,28.35,17.39,21.53,16.13,57.03,30.66,34.51,17.02,68.3,55.6,19.07,9.16,17.36,39.77,61.42,9.77,56.96,46.65,12.54,8.07,18.7,22.0,38.3,25.04,12.5,14.93,60.76,37.8,17.23,19.95,96.1,55.86,18.3,,16.4,23.32
2025-02-13 07:00:00,21.35,68.51,39.46,109.82,53.04,12.09,76.17,27.66,102.9,94.65,19.33,19.05,121.81,62.73,58.65,28.35,17.35,21.53,16.18,56.84,30.25,34.51,16.95,68.3,54.02,19.36,9.01,17.22,39.62,61.42,9.81,56.96,46.65,12.4,8.04,18.65,21.96,38.4,24.89,12.45,14.88,60.7,37.9,17.19,19.92,95.5,55.77,18.3,,16.4,23.21
2025-02-14 07:00:00,21.48,68.91,39.71,109.27,52.65,12.18,79.85,27.79,103.09,94.74,20.02,19.05,122.57,63.11,59.13,29.33,17.54,21.65,16.23,57.03,30.57,34.65,17.1,67.8,53.04,20.37,9.06,17.54,40.64,61.68,10.01,56.88,46.47,12.54,8.19,19.15,22.14,38.25,25.23,12.7,15.02,60.76,38.75,17.23,20.1,96.2,55.67,18.5,,16.55,23.35
2025-02-17 07:00:00,21.52,68.61,39.71,109.27,52.55,12.18,79.22,27.55,102.04,94.65,20.07,18.95,122.4,63.58,59.23,30.02,17.42,21.69,16.42,57.13,30.57,34.56,16.95,66.2,53.33,20.32,9.18,17.68,40.54,60.96,10.01,56.28,46.02,12.59,8.19,19.25,22.05,38.1,25.04,12.62,14.93,60.76,38.7,17.19,20.02,96.4,55.4,18.35,,16.4,23.32
2025-02-18 07:00:00,21.52,68.12,39.61,108.44,52.15,12.35,78.23,27.48,102.13,94.37,19.93,19.4,122.15,63.77,58.55,29.92,17.42,21.9,16.52,56.94,30.66,34.0,16.95,66.0,53.04,19.99,9.19,17.68,40.54,60.77,10.1,56.2,46.02,12.59,8.3,19.6,22.22,38.15,24.99,12.66,14.93,60.7,38.85,17.19,19.95,96.7,55.4,18.25,,16.45,23.27
2025-02-19 07:00:00,21.48,68.32,39.96,108.44,55.39,12.31,81.19,27.76,102.52,95.12,19.99,19.5,122.15,63.96,58.65,30.42,17.42,21.98,16.61,56.74,30.61,33.81,17.02,66.6,53.63,20.13,9.35,17.77,41.41,60.77,10.14,56.96,46.11,12.82,8.26,19.5,22.27,38.5,25.13,12.95,14.97,60.63,38.8,17.23,20.02,96.6,55.67,18.45,,16.8,23.32
2025-02-20 07:00:00,21.52,69.59,40.2,108.81,55.39,12.48,81.1,27.76,103.57,95.31,20.24,20.15,122.06,64.52,58.94,30.96,17.54,22.07,16.86,56.55,30.88,33.77,17.14,67.5,54.91,20.08,9.48,17.96,41.51,61.03,10.1,60.84,46.29,12.64,8.3,19.3,22.45,38.55,25.38,13.81,15.06,60.9,39.15,17.36,20.2,96.8,55.95,18.5,,17.25,23.48
2025-02-21 07:00:00,21.68,71.26,40.2,109.18,55.1,12.35,81.28,27.79,104.53,95.31,20.43,20.1,120.78,64.24,59.42,31.3,17.58,21.98,16.86,56.55,30.52,33.81,17.1,67.2,55.8,19.94,10.05,17.68,41.32,61.09,10.1,59.83,46.38,12.54,8.3,19.3,22.36,38.3,25.72,13.69,15.02,61.16,40.25,17.32,20.32,96.2,55.95,18.55,,17.1,23.5
2025-02-24 07:00:00,21.77,73.04,40.25,108.63,55.78,11.58,84.24,28.38,103.48,95.31,20.16,20.1,119.08,63.86,59.42,31.45,17.66,22.94,17.29,56.74,30.34,33.67,17.1,66.8,56.49,19.89,9.93,17.59,41.27,61.29,10.14,60.25,46.74,12.59,8.34,19.15,22.45,38.7,25.62,13.61,15.02,61.56,39.95,17.32,20.18,95.7,56.87,18.69,,17.1,23.57
2025-02-25 07:00:00,21.73,73.23,40.55,109.09,55.68,11.75,82.71,28.41,104.24,94.37,20.32,20.55,117.96,64.33,58.75,31.4,17.77,22.65,17.15,56.55,30.29,34.28,17.29,67.8,56.59,20.13,9.88,17.91,41.61,61.48,10.1,62.36,47.01,12.54,8.34,19.4,22.89,39.25,25.67,13.85,15.02,61.43,40.3,17.49,20.32,96.0,57.8,18.74,,17.25,23.66
2025-02-26 07:00:00,21.68,74.51,40.5,109.18,55.88,11.75,82.98,28.2,104.91,95.31,20.54,20.6,118.56,64.43,58.84,31.75,17.77,22.94,17.39,56.64,29.98,34.09,17.4,68.0,56.98,20.18,9.9,17.73,41.61,61.55,9.97,61.86,46.92,12.68,8.45,19.3,22.76,38.55,25.62,13.81,15.02,61.23,40.5,17.4,20.4,96.0,58.08,18.74,,17.0,23.67
2025-02-27 07:00:00,21.6,73.23,40.45,111.21,56.47,11.71,81.55,28.03,105.1,95.4,20.21,20.5,120.1,63.96,58.84,31.45,17.62,22.98,17.29,56.45,30.07,33.81,17.21,68.2,57.37,19.99,9.98,17.73,41.46,61.48,9.85,62.02,46.74,12.64,8.4,19.05,22.76,38.1,25.33,13.98,14.93,62.42,40.6,17.27,20.38,96.3,57.43,18.55,,16.9,23.58
2025-02-28 07:00:00,21.56,73.43,40.25,109.92,55.49,11.83,80.92,28.14,106.16,95.31,20.27,20.6,118.65,64.05,58.65,31.9,17.58,23.27,18.31,56.55,30.34,33.58,17.21,67.5,56.98,19.79,10.25,18.19,41.56,60.7,9.97,61.6,46.47,12.68,8.39,19.05,23.29,38.25,25.38,14.22,14.84,61.96,40.85,17.27,20.35,96.0,57.43,18.59,,17.2,23.55
2025-03-03 07:00:00,21.56,73.72,40.4,109.64,55.1,12.13,79.76,28.03,106.83,95.59,20.32,21.2,119.76,64.15,58.65,32.54,17.62,23.32,18.12,56.84,30.43,33.16,17.21,67.7,56.98,19.89,10.35,18.42,41.85,60.9,10.14,61.51,46.47,12.78,8.34,19.1,23.25,38.35,25.38,14.26,14.31,61.76,41.2,17.57,20.6,96.0,57.52,18.59,,17.35,23.67
2025-03-04 07:00:00,21.56,73.53,39.96,110.19,54.61,12.09,80.03,28.0,106.83,95.88,20.18,21.05,118.9,64.33,58.75,32.44,17.54,23.02,18.02,56.25,30.43,32.74,17.14,67.4,57.57,19.89,10.2,18.38,42.28,60.96,10.01,61.25,46.47,12.59,8.29,19.15,23.2,38.5,25.33,14.1,14.31,61.56,42.05,17.61,20.9,96.1,58.08,18.45,,17.55,23.61
2025-03-05 07:00:00,21.85,73.82,40.0,111.11,55.0,11.96,81.28,28.24,105.3,95.78,20.1,22.0,118.73,64.43,58.07,32.54,17.66,22.94,17.78,56.16,30.43,33.07,17.48,68.2,58.46,19.65,10.2,18.1,42.33,60.38,9.89,61.85,46.56,12.82,8.39,19.3,23.2,38.8,26.6,14.06,14.31,61.76,42.05,17.74,21.0,96.1,57.89,18.5,,17.6,23.83
2025-03-06 07:00:00,21.85,73.62,40.1,115.17,55.49,11.92,82.18,28.27,104.72,95.5,19.96,20.5,119.08,64.15,58.07,32.54,17.62,22.98,17.78,55.96,30.2,33.07,17.62,68.2,58.75,19.5,10.15,18.1,41.32,60.7,9.89,62.54,46.29,13.2,8.39,19.4,23.29,38.75,26.64,14.02,14.26,61.89,42.85,17.44,21.02,96.2,57.43,18.55,,17.65,23.88
2025-03-07 07:00:00,22.02,73.72,40.25,114.25,55.59,12.09,84.24,28.58,105.97,95.31,20.18,21.5,120.44,63.77,58.55,33.03,17.73,23.11,18.17,55.67,30.48,32.98,18.08,68.4,60.43,19.5,10.4,18.61,41.17,60.44,9.93,62.45,46.11,13.39,8.39,19.3,23.82,39.4,26.74,14.26,14.39,62.09,43.3,17.57,21.12,96.0,57.61,18.64,,17.8,24.05
2025-03-10 07:00:00,22.06,73.62,40.75,111.85,54.8,12.09,81.82,28.89,105.77,94.84,20.21,21.0,118.82,63.3,58.65,32.68,18.12,23.27,18.07,53.91,30.07,32.42,18.34,68.7,60.53,19.36,10.4,18.7,40.83,60.57,9.97,62.19,46.02,13.72,8.4,19.65,23.56,39.2,26.99,14.55,14.39,63.82,44.7,17.65,22.9,96.4,57.71,18.79,,18.2,24.15
2025-03-11 07:00:00,21.81,78.24,40.3,110.93,53.43,12.01,80.56,28.68,104.34,94.84,20.21,20.7,116.94,63.11,58.45,31.85,17.96,22.98,17.83,54.5,29.43,31.76,18.11,68.1,60.53,19.31,10.2,18.47,41.02,60.25,9.85,63.14,45.93,13.72,8.34,19.45,23.42,39.4,26.74,14.3,14.26,63.49,44.2,17.49,23.25,96.8,57.34,18.69,,17.7,24.07
2025-03-12 07:00:00,21.89,78.54,40.4,112.86,53.53,12.13,79.76,29.03,104.43,95.31,20.18,20.95,116.0,63.49,58.16,32.34,18.16,23.15,18.22,54.59,28.93,31.9,18.45,68.7,61.02,19.26,10.45,18.56,41.22,59.08,9.93,62.96,46.02,13.96,8.39,19.55,23.6,39.3,27.08,14.39,14.31,65.18,45.4,17.32,23.68,97.1,57.43,18.98,,18.15,24.2
2025-03-13 07:00:00,21.81,77.26,39.66,110.56,52.94,11.96,75.81,28.92,104.34,94.84,19.71,20.3,116.17,63.86,57.68,32.29,17.81,23.07,18.12,54.2,29.07,32.51,18.15,68.7,60.33,19.11,10.4,18.33,40.35,58.43,9.85,61.68,46.02,13.96,8.36,19.55,23.51,38.95,26.55,14.1,14.26,64.78,46.55,17.02,23.75,96.5,57.15,18.69,,18.25,24.2
2025-03-14 07:00:00,21.64,77.36,39.61,108.81,52.25,11.92,74.38,28.68,102.32,94.55,19.69,20.15,111.65,63.39,56.23,32.49,17.77,22.94,18.07,54.2,29.02,32.56,18.11,70.4,60.33,18.92,10.35,18.19,39.67,56.48,9.77,60.4,46.2,13.96,8.45,19.6,23.82,38.35,26.4,14.02,14.22,64.98,47.7,17.06,25.7,96.7,57.34,18.69,,18.7,24.15
2025-03-17 07:00:00,21.73,76.87,39.71,108.81,50.59,12.05,73.39,28.96,102.23,94.93,19.57,20.15,110.62,63.77,55.55,32.39,17.85,23.11,18.12,54.3,29.07,32.09,18.08,70.3,60.53,18.92,11.05,18.65,39.53,55.77,9.93,60.23,46.38,14.0,9.17,19.65,23.87,38.5,26.45,14.35,14.26,65.57,46.8,17.19,25.4,98.7,57.61,19.08,,18.6,24.24
2025-03-18 07:00:00,21.93,79.42,39.56,110.38,51.86,12.35,74.38,28.79,102.61,94.46,19.77,20.2,110.97,64.15,56.33,32.49,17.89,22.98,17.78,53.91,29.61,32.04,17.92,69.6,60.53,19.11,10.8,18.89,40.11,57.07,10.1,60.31,46.11,14.14,9.34,19.6,23.82,38.4,26.6,14.47,14.39,66.37,46.8,17.19,25.55,97.5,57.71,19.28,,18.4,24.26
2025-03-19 07:00:00,21.77,78.93,39.11,109.55,51.76,12.18,74.56,28.41,101.85,94.65,19.74,19.9,105.42,64.62,56.52,32.83,17.73,22.57,17.2,54.01,29.07,32.98,17.77,68.5,58.16,19.21,10.7,18.79,39.77,57.2,10.59,59.54,45.84,14.19,9.59,19.55,23.56,37.9,26.45,14.22,14.22,66.07,46.25,17.15,24.6,97.3,57.15,18.89,,18.1,24.0
2025-03-20 07:00:00,21.85,76.18,39.11,109.45,51.76,12.05,75.01,28.14,100.7,94.65,19.66,19.75,106.27,64.15,56.62,33.52,17.7,22.53,17.1,53.71,28.98,33.12,17.92,68.2,58.16,18.97,10.75,18.56,39.62,57.46,10.47,60.06,45.56,13.86,9.67,19.65,23.47,38.1,26.4,14.06,13.33,65.77,46.95,17.19,25.35,96.2,56.6,18.89,,18.3,23.83
2025-03-21 07:00:00,21.81,76.77,39.02,110.38,51.47,12.01,77.43,28.17,99.93,94.37,19.6,19.9,106.7,63.77,56.81,33.87,17.7,22.53,17.15,53.81,29.16,32.42,18.15,67.5,58.56,19.07,10.75,18.65,39.62,57.65,10.3,60.82,45.38,13.96,9.8,19.55,23.56,38.35,26.6,14.22,12.97,65.57,47.1,17.15,25.5,95.9,56.51,18.89,,18.15,24.01
2025-03-24 07:00:00,21.77,75.39,38.57,110.19,50.59,11.92,76.89,28.2,98.97,94.37,19.44,19.9,108.66,63.11,56.23,33.23,17.39,22.4,17.0,54.2,29.02,31.39,17.96,67.8,58.66,19.07,10.15,17.64,39.57,57.33,10.26,60.31,45.02,14.05,9.76,19.5,23.56,37.9,26.5,14.3,12.84,65.08,48.35,16.51,26.35,95.6,56.41,18.74,,18.4,23.96
2025-03-25 07:00:00,21.85,76.18,38.77,109.73,51.17,12.01,77.25,28.62,99.64,94.37,19.44,19.8,107.98,63.2,56.33,33.42,17.46,22.57,17.2,54.3,29.34,31.48,18.11,68.1,59.05,19.11,10.3,18.24,39.57,56.48,10.47,61.17,44.71,13.96,10.14,19.5,23.91,38.35,27.13,14.43,12.93,65.77,51.1,16.81,28.3,95.9,56.51,18.94,,19.1,24.26
2025-03-26 07:00:00,21.81,76.28,38.97,109.27,50.68,12.01,76.8,28.55,99.26,94.18,19.44,19.3,104.73,63.3,56.33,33.77,17.42,22.61,17.29,54.5,29.07,31.16,18.0,68.3,59.64,19.36,10.25,18.1,39.67,56.22,10.63,61.68,44.57,13.77,10.22,19.55,23.47,38.45,27.08,14.63,12.84,65.38,50.2,16.85,27.85,96.2,56.51,18.79,,19.75,24.13
2025-03-27 07:00:00,21.68,76.08,38.67,109.27,50.98,11.96,77.7,28.31,99.45,94.37,19.49,19.35,103.37,63.2,56.13,34.01,17.35,22.86,17.2,54.59,29.25,30.74,17.92,68.5,59.15,19.36,10.2,17.96,39.48,55.12,10.59,61.6,44.62,13.81,10.3,19.4,23.38,38.15,27.03,14.72,12.62,65.08,50.5,16.81,28.3,95.9,56.41,18.74,,19.6,24.06
2025-03-28 07:00:00,21.6,76.28,38.62,110.1,51.86,11.83,75.81,28.24,98.2,94.37,19.57,19.25,105.84,62.92,56.13,34.31,17.16,22.57,16.81,54.3,29.34,30.74,17.85,68.3,58.06,19.4,10.25,17.82,38.51,53.24,10.59,60.65,44.39,13.67,10.51,19.4,23.16,37.95,26.74,15.33,12.62,64.38,50.7,16.68,28.45,95.2,55.58,18.69,,19.35,23.93
2025-03-31 07:00:00,21.56,73.53,38.08,109.92,52.15,11.66,74.38,28.07,92.74,93.8,19.22,19.0,103.28,62.17,55.07,31.94,16.96,22.28,16.71,53.52,29.34,30.55,17.85,66.8,57.28,19.31,10.2,17.68,37.78,53.24,10.47,60.14,44.12,13.48,10.26,19.35,23.11,37.95,26.5,14.67,12.62,63.59,51.0,16.56,28.65,94.7,55.95,18.5,,19.05,23.71
2025-04-01 07:00:00,21.64,73.72,38.27,109.92,51.37,11.75,75.72,28.17,93.03,94.18,19.35,19.35,101.4,62.83,54.97,31.16,17.0,22.28,16.76,52.74,28.93,30.93,18.0,65.6,56.88,19.26,10.3,17.82,38.41,53.63,10.63,60.82,44.08,13.81,10.22,19.35,22.94,38.3,26.69,14.72,12.66,63.59,51.5,16.77,29.1,94.4,55.67,18.5,,19.25,23.77
2025-04-02 07:00:00,21.64,73.23,38.27,111.48,50.98,11.83,76.53,28.62,92.17,93.99,19.52,19.7,103.11,63.11,53.71,31.25,17.19,22.57,17.35,52.44,29.02,30.83,18.26,66.0,57.18,19.31,10.25,17.91,38.7,53.56,10.59,60.57,44.3,14.05,10.43,19.2,23.2,39.25,27.13,14.96,12.62,64.18,52.6,16.85,29.75,94.5,55.86,18.59,,19.9,23.81
2025-04-03 07:00:00,20.18,69.2,35.6,104.11,47.55,11.11,71.51,26.8,86.61,88.33,18.19,18.45,96.88,58.87,50.71,29.28,16.11,21.11,16.2,52.15,27.02,28.69,16.99,61.4,53.92,18.0,9.58,16.8,36.19,49.86,9.89,56.55,41.37,13.44,9.84,18.55,21.87,36.55,25.28,14.02,11.82,59.91,49.3,15.71,28.1,88.4,51.98,17.38,,18.75,22.33
2025-04-04 07:00:00,18.8,64.39,33.18,97.2,44.26,10.33,66.58,24.94,80.58,83.61,16.94,17.25,90.14,54.82,47.18,27.26,15.04,19.65,15.1,51.76,25.16,27.01,15.82,57.2,50.18,16.79,8.91,15.65,33.67,46.42,9.23,52.61,38.48,13.2,9.17,18.85,20.36,34.1,23.53,13.07,11.02,55.84,46.1,14.7,26.7,82.4,49.67,16.21,,17.45,21.1
2025-04-08 07:00:00,18.51,59.96,33.13,98.31,41.17,9.65,61.92,24.7,75.31,83.04,16.34,16.75,89.71,51.43,43.89,25.39,14.92,19.07,14.2,52.05,23.66,28.55,15.68,54.0,48.45,16.55,8.47,14.95,32.17,43.82,8.81,52.36,38.26,13.39,9.46,18.15,19.65,34.8,23.33,12.66,10.57,55.44,46.8,14.7,27.15,80.3,50.32,15.82,,17.5,20.77
2025-04-09 07:00:00,17.34,55.83,30.86,92.32,38.33,9.0,57.62,23.2,70.04,82.1,15.2,15.6,83.48,47.85,40.84,23.61,13.88,17.74,13.25,51.37,22.03,27.95,14.59,50.3,45.1,15.49,7.88,13.93,29.95,40.77,8.21,48.85,37.44,13.2,8.92,18.1,18.31,32.4,21.72,11.8,9.86,51.67,45.6,13.77,26.05,77.1,47.46,14.75,,16.5,19.8
2025-04-10 07:00:00,19.47,59.67,34.32,111.39,40.98,9.6,61.66,24.81,74.92,90.4,16.47,16.65,96.11,51.15,43.7,25.24,15.0,18.94,14.15,53.32,23.53,31.39,16.54,53.8,48.75,16.79,8.66,14.9,32.03,43.56,8.77,55.78,42.5,14.43,9.84,20.0,19.56,35.4,24.6,12.62,11.11,55.74,51.8,15.29,30.45,84.6,51.34,16.6,,19.25,22.08
2025-04-11 07:00:00,20.01,55.54,35.16,109.92,41.86,9.6,61.39,25.08,76.74,90.4,16.97,16.9,97.56,52.56,41.71,23.51,15.34,19.57,14.0,53.32,22.07,29.81,16.8,53.1,49.88,17.13,8.93,13.93,32.37,46.29,9.1,55.18,42.54,14.43,9.67,19.55,19.91,35.4,24.94,12.41,11.33,57.63,51.0,15.37,29.85,84.6,51.34,16.36,,18.85,22.1
2025-04-14 07:00:00,20.56,59.47,35.6,113.05,43.33,10.08,65.24,25.97,83.36,90.59,17.66,17.65,97.31,55.2,44.37,25.44,16.15,20.61,14.15,53.62,23.98,31.39,17.36,56.9,53.53,17.37,9.15,15.23,33.28,47.39,9.48,56.89,43.8,14.66,10.05,19.1,20.8,37.55,25.43,13.19,11.51,58.32,53.7,15.67,33.0,83.6,52.17,16.79,,19.25,22.99
2025-04-15 07:00:00,20.14,55.34,35.6,112.96,42.11,10.08,64.97,25.53,83.45,89.74,18.0,17.8,97.05,54.73,41.76,24.06,15.81,20.86,13.7,53.13,24.12,30.32,17.18,58.1,54.32,17.28,9.16,15.0,32.51,45.45,9.48,54.84,43.13,13.91,9.84,18.1,20.62,37.1,25.13,13.24,11.33,57.92,57.2,15.5,35.0,82.4,51.98,16.4,,19.95,22.8
2025-04-16 07:00:00,20.18,52.59,35.31,112.86,42.69,10.08,68.47,25.53,83.55,89.93,17.89,17.95,92.1,53.79,41.62,23.17,15.77,20.86,13.55,53.32,23.8,30.41,17.06,56.4,54.81,17.42,9.25,14.9,31.93,44.28,9.68,55.18,42.72,14.8,9.88,18.15,20.45,38.05,25.09,13.28,11.33,58.62,55.0,15.37,33.7,83.2,51.7,16.26,,20.15,22.49
2025-04-17 07:00:00,20.14,48.95,34.57,117.01,43.14,10.03,67.84,25.15,82.01,88.7,17.72,17.8,89.54,53.69,42.0,23.02,15.69,20.65,13.05,52.83,23.62,30.51,16.95,55.0,54.81,17.08,9.1,14.77,31.69,43.95,9.72,54.92,42.36,14.85,9.93,18.9,20.27,37.95,24.89,13.32,11.42,57.73,54.8,15.12,33.6,83.2,50.6,15.92,,20.1,22.4
2025-04-18 07:00:00,20.43,52.88,35.46,119.13,44.12,10.25,68.47,25.7,83.16,90.4,18.0,18.15,94.32,54.92,45.49,24.16,16.04,21.19,13.55,53.22,24.3,31.35,17.29,57.9,55.4,17.61,9.44,15.04,32.9,45.64,9.89,55.61,42.59,14.99,10.22,19.25,20.67,38.5,25.33,13.73,11.64,57.73,53.3,15.33,33.05,86.5,52.26,16.21,,19.55,22.67
2025-04-21 07:00:00,20.14,52.1,34.71,118.94,42.74,10.16,68.2,25.18,82.97,91.54,18.05,18.65,93.89,54.44,45.49,23.27,15.73,20.78,13.3,54.2,24.03,30.74,17.1,56.9,54.52,17.42,9.72,14.86,32.41,45.12,9.93,54.75,42.5,15.75,10.81,18.8,20.31,37.85,24.94,13.69,11.91,57.73,53.4,15.46,30.75,84.0,52.17,16.26,,20.05,22.48
2025-04-22 07:00:00,18.93,50.52,32.44,116.09,40.19,9.52,64.88,23.78,78.08,89.65,17.0,17.5,88.77,51.15,42.97,21.74,14.76,19.49,12.4,53.32,22.85,28.64,16.16,54.1,51.26,16.21,9.96,14.16,30.43,42.01,9.35,54.41,40.6,15.37,10.35,18.25,18.93,37.65,23.33,12.99,11.55,54.35,52.4,14.58,29.0,80.1,49.77,15.14,,19.3,21.55
2025-04-23 07:00:00,20.18,50.82,34.61,124.38,43.14,9.99,69.63,25.39,85.08,90.59,17.86,18.6,91.93,54.07,45.49,21.39,15.69,21.11,12.65,54.59,23.71,31.02,17.32,58.9,57.37,16.6,10.8,13.93,32.07,44.15,9.77,57.32,42.77,15.84,10.77,18.5,20.09,40.15,24.5,13.93,11.95,57.63,57.0,15.5,29.15,84.8,52.07,16.26,,20.7,22.5
2025-04-24 07:00:00,20.18,54.06,34.52,130.0,43.23,10.16,71.15,25.29,86.8,89.65,17.94,18.45,94.41,53.97,45.49,22.97,15.96,20.98,13.35,54.59,24.39,30.74,17.29,58.3,57.57,16.65,10.75,14.26,32.51,44.8,9.81,58.17,44.03,15.89,10.56,18.45,20.14,39.5,25.04,14.06,11.86,57.63,57.6,15.41,29.3,84.3,51.89,16.21,,21.8,21.6
2025-04-25 07:00:00,19.97,53.67,34.61,129.08,45.19,10.33,72.32,25.42,85.94,91.54,17.97,18.75,94.06,54.16,47.62,23.22,16.11,21.03,13.35,54.98,24.07,29.85,17.48,59.9,58.56,16.74,10.75,14.4,32.56,45.19,9.77,58.43,44.12,15.84,10.56,18.1,20.27,39.15,24.74,14.22,11.91,57.13,60.1,15.19,32.0,84.3,52.17,16.01,,22.3,22.59
2025-04-28 07:00:00,19.93,53.96,34.02,127.61,44.8,11.23,73.66,25.18,86.13,91.16,18.02,18.9,93.21,54.73,48.68,22.82,16.27,21.11,13.4,54.98,24.12,29.9,17.66,61.0,58.75,16.84,10.9,14.21,32.56,45.45,9.68,59.03,44.44,15.84,10.43,18.2,20.27,38.75,25.13,13.85,11.91,57.13,58.5,15.24,33.35,87.4,53.09,16.06,,22.55,22.7
2025-04-29 07:00:00,20.01,53.96,33.97,130.55,44.61,11.19,72.5,25.18,86.9,91.54,18.05,18.95,93.13,54.82,49.36,22.97,16.35,21.15,13.55,54.79,23.94,30.32,17.66,61.8,59.64,16.94,11.25,14.16,32.7,45.71,9.68,58.6,43.4,15.89,10.47,18.4,20.4,38.9,25.33,13.89,12.0,56.93,57.0,15.24,31.9,86.0,52.81,16.06,,22.2,22.82
2025-05-05 07:00:00,20.05,54.56,33.92,130.83,44.66,11.06,69.63,25.42,87.0,91.72,18.22,18.85,91.25,54.44,51.29,23.66,16.31,21.11,13.8,54.79,23.94,29.81,17.59,61.6,59.15,16.99,11.25,14.12,32.12,45.64,9.77,58.17,42.54,15.84,10.39,18.2,20.45,38.95,25.48,13.89,12.04,56.63,58.5,15.24,34.0,86.0,52.54,16.06,,23.45,22.82
2025-05-06 07:00:00,20.05,55.05,34.17,132.58,45.1,11.06,71.69,25.53,89.1,93.42,18.55,18.85,92.7,55.2,50.33,23.96,16.31,21.19,14.35,54.4,24.62,29.58,17.62,61.8,59.25,17.57,11.5,14.58,32.61,46.03,10.06,59.63,43.08,15.6,10.51,18.25,20.54,38.85,25.72,14.06,12.0,56.63,60.5,15.37,34.7,88.1,52.54,16.21,,24.4,22.95
2025-05-07 07:00:00,20.01,55.34,34.22,132.03,46.17,11.02,69.81,25.49,87.95,96.63,18.61,18.9,92.96,56.14,50.33,23.86,16.11,21.11,14.25,54.5,24.62,29.53,17.4,60.9,58.26,17.42,12.15,14.86,31.93,46.94,10.1,59.46,43.31,15.75,10.39,18.35,20.22,38.55,25.91,14.06,12.26,56.63,60.1,15.24,35.2,88.1,52.54,16.36,,24.55,23.0
2025-05-08 07:00:00,20.01,56.13,34.32,131.38,47.06,11.11,69.81,25.53,87.38,97.67,18.61,18.95,93.04,57.18,50.23,24.75,16.15,21.07,14.55,54.4,25.52,30.51,17.4,60.7,58.06,17.95,12.2,15.09,32.12,46.74,10.47,59.54,43.4,15.89,10.51,18.4,20.22,38.75,26.16,14.47,12.4,56.53,61.5,15.19,37.1,87.4,52.81,16.5,,24.65,22.8
2025-05-09 07:00:00,20.14,57.8,34.71,131.75,47.2,11.41,70.26,25.66,87.67,99.46,18.72,19.1,96.88,57.27,50.81,25.93,16.27,21.23,14.6,54.4,25.8,31.02,17.55,62.2,59.25,17.95,12.05,15.27,33.86,48.17,10.47,58.77,44.08,16.12,10.64,18.5,20.36,39.3,26.55,14.39,12.44,56.24,61.6,15.28,37.75,88.5,53.27,16.45,,24.7,23.3
2025-05-12 07:00:00,20.18,58.19,34.61,133.59,46.91,11.28,70.08,25.7,87.38,97.95,18.58,19.0,99.61,57.46,51.2,26.37,16.31,20.61,14.8,54.2,25.48,32.37,17.51,62.0,59.25,18.0,12.15,15.18,34.01,49.34,10.59,58.6,44.21,16.12,10.72,18.6,20.31,39.75,26.89,14.3,12.53,55.84,61.8,15.41,38.5,89.0,53.55,16.5,,24.85,23.5
2025-05-13 07:00:00,20.43,60.45,34.91,134.98,47.84,11.28,70.71,26.15,87.38,100.03,18.74,19.3,101.24,58.21,52.55,27.85,16.65,21.32,14.85,54.3,25.71,32.14,18.0,62.1,60.13,17.95,11.8,15.27,34.4,51.61,10.59,58.69,44.39,16.12,10.93,18.7,20.76,39.6,28.4,14.55,12.87,56.24,60.9,15.68,38.35,89.4,53.83,16.99,85.5,24.75,23.95
2025-05-14 07:00:00,20.6,59.57,35.51,137.28,47.55,11.28,72.32,26.83,87.57,101.07,18.66,19.5,102.43,58.02,53.91,27.46,16.85,21.53,14.75,54.4,26.25,32.42,18.26,62.2,62.7,17.9,12.0,15.0,34.45,53.3,10.55,58.86,44.3,16.17,10.85,18.6,20.71,39.7,28.54,14.8,12.96,56.83,60.4,15.81,39.2,89.5,53.63,17.28,91.4,24.35,24.0
2025-05-15 07:00:00,20.97,59.76,36.74,137.28,47.84,11.32,71.87,26.94,88.72,99.18,18.8,19.6,105.5,57.84,52.65,27.06,16.92,21.53,15.5,54.4,26.34,33.35,18.45,62.4,62.11,17.81,11.95,15.41,34.25,54.54,10.51,60.57,44.66,16.17,10.81,18.75,21.2,40.05,28.79,14.47,12.92,58.32,57.1,16.07,38.6,89.9,53.73,18.25,97.7,23.0,24.2
2025-05-16 07:00:00,21.27,58.78,36.15,134.79,47.3,11.36,72.59,26.76,87.76,100.41,18.74,19.45,103.2,57.84,52.16,27.31,16.92,21.48,15.75,54.1,26.07,34.0,18.49,61.7,62.6,17.71,11.95,15.27,34.4,52.59,10.59,60.48,45.29,16.31,11.23,18.95,21.07,39.8,28.5,14.51,12.92,57.13,57.4,15.98,39.35,89.7,53.73,18.05,93.3,23.6,24.19
2025-05-19 07:00:00,21.14,58.88,35.7,134.68,47.2,11.32,72.77,26.46,85.65,100.88,18.52,19.25,99.53,57.18,51.49,26.82,16.69,21.28,16.1,54.01,25.71,32.65,18.26,61.4,62.2,17.95,12.0,15.09,33.91,51.87,10.63,60.23,44.75,16.31,11.1,18.65,20.76,38.95,28.35,14.72,12.77,56.63,58.1,15.81,40.0,88.0,53.53,17.8,96.4,24.25,24.0
2025-05-20 07:00:00,21.22,59.08,35.46,135.64,46.96,12.22,72.86,26.56,84.98,101.82,18.52,19.3,99.7,56.52,52.16,26.62,16.96,21.32,16.3,53.52,26.16,32.1,18.38,61.5,62.4,17.9,11.5,15.23,33.62,52.59,10.63,60.4,44.62,16.36,11.14,18.5,20.71,39.0,28.74,14.72,12.72,56.43,59.6,15.81,44.25,86.8,53.34,18.15,95.1,24.7,24.25
2025-05-21 07:00:00,21.39,59.08,35.6,134.68,48.82,12.18,69.9,26.97,84.98,100.03,18.38,20.0,99.87,56.71,52.07,26.77,17.12,21.36,16.0,53.13,25.93,32.5,18.64,63.1,62.7,17.81,11.85,15.04,33.72,52.0,10.76,61.0,44.66,16.45,11.1,18.6,20.67,39.5,29.91,14.72,12.82,56.63,65.3,15.94,44.95,87.2,52.96,18.25,95.7,25.35,24.53
2025-05-22 07:00:00,21.31,58.68,35.46,129.87,48.18,12.99,69.9,26.52,84.41,99.27,18.41,20.15,98.67,56.89,51.29,26.47,17.0,21.28,16.2,53.13,25.57,31.85,18.38,63.2,62.7,17.81,12.5,15.14,33.53,50.96,10.88,59.71,44.57,16.69,11.14,18.5,20.67,41.0,29.52,14.84,12.63,56.53,66.8,15.9,45.9,87.0,52.58,18.2,92.0,25.1,24.68
2025-05-23 07:00:00,21.45,57.01,35.11,132.37,48.28,12.91,69.99,26.49,84.12,98.6,18.41,21.3,99.02,57.55,50.62,26.28,16.96,21.28,16.0,53.13,25.3,31.85,18.41,62.7,62.4,17.52,12.45,14.77,32.99,50.64,11.01,59.88,44.48,16.64,11.19,18.5,20.67,40.8,29.03,14.84,12.53,56.33,67.3,15.94,45.9,86.6,52.67,18.1,90.3,25.15,24.64
2025-05-26 07:00:00,21.1,56.23,34.61,136.89,48.33,12.69,69.99,26.08,83.64,99.1,18.27,21.3,98.16,57.93,50.91,26.13,17.08,20.86,15.75,52.64,24.93,31.3,18.0,61.5,61.51,17.32,12.2,14.49,32.27,50.64,10.72,59.03,43.94,16.64,11.19,18.25,20.27,40.3,28.74,15.0,12.39,55.64,65.7,15.72,43.5,86.2,52.58,17.3,84.0,24.5,24.29
2025-05-27 07:00:00,21.4,60.06,35.41,136.6,50.19,13.29,72.05,26.76,85.94,98.6,18.69,21.7,100.21,59.25,54.2,28.69,17.35,21.28,16.2,52.54,26.39,32.1,18.49,63.5,62.6,17.71,12.7,15.41,33.53,51.94,11.09,61.51,44.57,16.78,11.27,18.45,20.89,41.1,29.57,16.15,12.39,56.33,71.2,16.07,45.75,87.3,52.87,18.05,87.2,25.25,24.75
2025-05-28 07:00:00,21.35,59.86,35.65,134.39,50.1,13.12,73.48,26.83,86.52,98.9,18.72,21.75,100.3,60.28,57.87,28.84,17.16,21.28,16.35,53.22,26.75,31.9,18.41,63.5,63.09,17.81,12.7,15.92,33.91,51.22,10.97,61.51,44.44,16.78,11.4,18.45,20.94,41.05,29.47,15.95,12.68,56.43,72.8,16.16,46.5,87.5,52.67,18.0,86.5,25.35,23.03
2025-05-29 07:00:00,21.3,60.94,35.7,133.04,50.39,13.16,73.57,26.7,85.75,98.8,18.61,21.8,99.95,60.0,57.58,28.94,17.0,21.23,16.3,53.22,26.71,31.95,18.34,62.9,62.5,17.86,13.2,15.83,33.67,53.63,10.97,60.74,44.44,16.92,11.44,18.4,20.89,40.75,29.52,15.99,12.72,56.33,74.1,16.07,48.05,87.2,52.67,18.0,87.6,26.8,24.7
2025-05-30 07:00:00,21.1,59.47,35.41,131.79,49.51,12.95,70.89,26.21,84.31,97.5,18.44,22.55,99.44,60.28,56.33,28.2,16.73,21.36,16.2,52.54,26.39,31.6,18.26,62.0,61.22,17.9,14.0,15.69,33.38,53.11,10.84,60.48,43.94,16.97,11.19,18.25,20.8,40.55,29.66,16.11,12.58,56.04,76.1,15.72,48.15,86.6,52.39,17.9,88.0,27.0,24.8
2025-06-02 07:00:00,21.0,58.49,35.11,129.87,48.82,13.29,70.44,26.04,84.31,96.6,18.25,22.45,98.67,60.38,56.42,28.15,16.5,21.11,15.35,52.54,26.71,31.4,18.11,61.7,59.15,17.9,14.15,15.83,33.57,49.99,10.8,60.48,43.8,16.97,11.23,18.2,20.76,40.5,29.42,16.28,12.15,55.74,74.5,15.63,47.1,86.5,52.1,17.8,87.0,26.25,24.7
2025-06-03 07:00:00,21.15,58.98,35.41,130.35,49.61,13.29,71.78,26.35,85.37,97.2,18.55,23.1,99.27,61.51,56.62,28.84,16.65,21.44,16.05,52.83,27.61,31.95,18.49,62.3,60.13,18.29,14.1,16.71,34.45,50.45,11.05,62.36,44.39,17.16,11.44,18.3,21.42,41.55,30.1,16.48,12.53,56.04,76.1,15.81,47.5,89.0,52.29,18.0,87.0,26.1,24.85
2025-06-04 07:00:00,21.1,59.47,35.26,132.56,49.7,13.29,72.41,26.39,86.23,97.3,18.72,23.05,99.44,60.94,56.62,28.64,16.77,21.61,16.15,52.74,27.57,31.75,18.38,63.0,60.23,18.19,13.9,16.89,34.59,50.45,11.17,61.6,44.71,17.21,11.61,18.25,21.47,41.0,30.39,16.4,12.49,56.14,76.1,15.85,48.2,89.3,53.06,18.2,87.1,26.2,25.0
2025-06-05 07:00:00,21.0,58.88,35.06,130.54,48.97,13.33,72.95,26.08,85.94,98.3,18.72,24.15,99.44,59.81,56.04,28.69,16.62,21.4,16.0,52.44,27.25,31.6,18.3,63.9,60.13,17.9,13.95,16.76,34.78,50.51,11.05,61.68,44.66,17.21,11.48,18.1,21.25,41.0,30.25,16.03,12.49,55.94,75.6,15.81,48.15,91.0,53.82,18.05,87.5,26.4,25.0
2025-06-06 07:00:00,21.0,59.86,34.81,130.54,48.53,12.65,71.96,26.11,85.37,98.0,18.61,23.9,98.16,59.15,55.65,27.9,16.54,21.57,16.2,52.25,26.71,31.2,18.11,64.7,59.54,17.81,14.1,16.39,35.07,49.15,11.09,66.13,44.26,17.3,11.4,18.0,20.98,41.1,29.52,16.15,12.44,55.74,75.0,15.68,48.2,88.8,52.67,17.8,87.5,26.4,24.88
2025-06-09 07:00:00,20.9,58.49,34.61,128.04,47.65,12.39,70.8,26.01,84.41,97.8,18.55,23.1,98.16,59.15,53.04,26.97,16.54,21.61,16.0,50.78,26.89,30.7,18.08,63.5,59.05,17.57,14.2,16.39,35.36,48.17,10.84,65.02,44.08,17.26,11.26,18.0,20.76,41.6,28.98,16.36,12.39,55.54,70.7,15.63,45.15,88.0,52.87,17.65,87.5,25.55,24.65
2025-06-10 07:00:00,20.9,58.09,34.81,128.04,47.65,12.22,70.8,25.97,84.5,97.8,18.69,21.6,98.76,59.06,53.13,27.36,16.5,21.82,15.8,50.69,26.8,31.3,18.08,64.1,59.74,17.52,14.2,16.11,35.3,48.37,10.8,65.02,44.03,17.3,11.3,18.05,20.71,42.0,29.08,16.28,12.39,55.54,68.5,15.68,43.0,88.1,52.67,17.85,87.4,24.95,24.65
2025-06-11 07:00:00,20.9,57.31,34.61,128.61,47.84,12.26,70.8,25.77,87.0,97.9,19.1,22.4,99.1,58.78,53.42,27.21,16.46,21.65,15.6,48.1,26.39,31.4,18.11,64.1,60.63,17.32,13.55,15.97,34.95,49.15,10.68,64.56,44.08,17.49,11.35,17.95,20.76,42.6,29.18,16.15,12.44,55.34,70.9,15.59,45.0,87.6,52.67,17.9,88.0,25.45,24.54
2025-06-12 07:00:00,20.95,57.8,34.71,128.42,48.33,12.26,72.5,26.01,88.53,97.0,19.22,22.65,100.29,58.97,54.2,27.61,16.54,21.78,16.15,50.78,26.61,31.5,18.23,65.2,61.22,17.42,13.9,16.06,35.2,50.06,10.72,65.84,44.3,17.58,11.48,17.95,20.94,43.2,29.47,16.28,12.58,55.34,68.6,15.68,42.35,87.7,53.06,18.05,86.0,25.2,24.8
2025-06-13 07:00:00,20.9,56.52,34.61,129.87,48.14,11.79,70.89,26.18,87.19,98.8,19.35,22.45,98.92,60.0,53.23,26.62,16.46,21.9,16.1,50.69,26.16,31.4,18.3,64.3,60.92,17.03,13.65,15.27,36.1,50.12,10.47,64.95,44.12,17.54,11.17,17.7,20.49,44.25,29.71,15.46,12.49,55.24,66.3,15.68,40.8,86.8,52.77,17.9,87.0,23.8,24.4
2025-06-16 07:00:00,20.95,57.6,35.06,130.73,48.33,11.96,71.6,27.38,89.2,98.5,20.05,22.6,99.0,61.89,54.0,26.82,16.54,21.94,16.25,50.69,26.3,31.55,18.6,65.4,61.71,17.32,14.2,15.23,38.65,50.51,10.63,65.15,44.21,17.73,11.22,17.75,20.54,44.55,30.15,15.62,12.53,55.84,66.4,15.72,41.3,86.8,52.96,18.15,87.8,24.1,24.59
2025-06-17 07:00:00,21.15,57.9,35.46,131.79,50.1,12.26,73.22,27.31,92.65,98.8,19.91,23.25,101.76,64.24,53.81,27.66,16.73,22.28,16.7,50.78,26.71,31.8,18.64,66.2,62.9,17.47,14.9,15.83,38.95,52.33,10.68,67.02,44.71,17.73,11.39,17.75,21.02,45.5,31.22,15.91,12.72,56.43,67.0,15.9,42.15,87.1,53.63,18.6,93.9,24.45,24.8
2025-06-18 07:00:00,21.15,57.8,35.21,132.46,50.49,12.26,73.75,27.42,92.65,99.1,20.96,23.0,100.21,65.18,53.71,28.35,16.81,22.32,16.7,51.27,27.02,31.9,18.68,66.6,62.7,17.37,15.45,16.34,39.0,51.48,10.76,67.31,44.66,17.82,11.39,17.75,20.98,45.7,31.37,15.91,12.72,56.14,69.2,15.81,43.45,87.4,53.53,18.5,94.2,24.4,24.92
2025-06-19 07:00:00,21.15,57.41,35.11,133.14,50.29,12.22,75.9,27.48,92.26,99.3,21.1,22.7,99.6,66.03,52.94,28.59,16.85,22.32,16.55,51.86,26.98,31.8,18.71,66.1,62.2,17.71,15.3,16.25,38.25,51.61,10.63,67.31,44.39,17.73,11.35,17.75,20.89,46.7,31.95,15.82,12.72,56.14,71.0,15.76,43.8,87.0,53.25,18.5,90.0,24.4,25.03
2025-06-20 07:00:00,21.3,57.41,35.41,133.52,49.61,12.13,74.83,27.9,91.98,99.2,21.18,23.1,99.69,65.28,53.04,28.69,16.92,22.36,16.5,54.2,27.07,31.9,18.86,66.8,62.8,17.66,15.1,16.52,38.65,51.61,10.68,67.31,44.48,17.92,11.3,18.0,21.2,46.15,33.03,15.66,12.68,56.14,70.2,15.76,43.35,87.7,53.44,18.45,93.1,24.25,
2025-06-23 07:00:00,21.25,57.21,35.16,130.63,49.02,11.92,73.57,27.83,91.02,99.0,20.88,22.9,98.57,67.44,53.52,28.05,16.85,22.15,16.25,56.25,26.71,31.35,19.12,66.2,62.3,17.57,14.9,16.25,40.0,51.03,10.76,66.13,44.3,17.68,11.26,18.0,20.94,46.15,32.54,15.62,12.53,56.14,69.1,15.76,42.55,86.9,53.34,18.25,91.3,23.8,24.9
2025-06-24 07:00:00,21.3,59.27,35.31,131.12,50.49,12.26,74.2,28.38,91.98,99.5,20.77,22.95,100.12,64.15,53.42,29.04,16.89,22.44,16.5,56.06,26.84,31.7,19.42,68.3,63.98,18.49,14.95,16.57,37.8,51.94,10.76,65.25,44.53,17.87,11.3,17.95,21.34,46.15,32.83,15.74,12.63,56.24,74.1,15.85,46.85,87.3,53.63,18.45,93.4,24.8,25.16
2025-06-25 07:00:00,21.25,60.16,35.46,132.17,51.66,12.26,74.2,28.48,92.26,99.4,20.77,23.35,100.72,63.58,53.33,29.28,16.81,22.44,16.75,55.86,26.66,31.6,19.2,69.1,63.59,18.68,14.9,16.39,37.1,51.61,10.72,65.44,44.53,17.87,11.22,17.9,21.51,46.45,32.93,15.87,12.63,56.24,76.3,15.94,47.25,87.1,53.92,18.4,94.0,24.65,25.4
2025-06-26 07:00:00,21.15,60.16,35.21,132.94,51.37,12.22,73.93,28.34,92.46,99.1,20.74,22.9,100.38,63.58,53.23,29.82,16.65,22.75,16.55,55.67,26.07,31.5,19.12,70.2,63.29,18.49,14.8,16.2,36.85,51.61,10.68,65.74,45.38,17.82,11.26,17.9,21.47,46.2,32.93,15.82,12.68,56.04,75.7,15.85,47.5,87.1,53.82,18.35,93.7,24.5,25.4
2025-06-27 07:00:00,21.15,60.75,35.31,132.75,51.08,12.69,75.1,28.51,92.26,99.4,20.88,22.9,100.64,63.68,53.42,29.92,16.65,22.75,16.55,54.79,26.21,31.65,19.27,72.0,63.68,18.49,15.0,16.34,36.95,52.52,10.63,65.94,45.38,17.82,11.26,17.95,21.74,46.35,32.98,16.03,12.68,56.04,74.0,15.85,46.2,87.1,53.82,18.45,92.5,24.35,25.41
2025-06-30 07:00:00,21.15,62.03,35.8,133.62,50.98,12.65,75.54,28.51,96.19,99.2,20.99,22.85,101.24,63.39,54.0,29.73,16.77,22.7,16.45,55.18,26.21,31.95,19.27,76.0,64.47,18.53,15.1,16.43,37.0,53.37,10.72,66.23,44.98,18.1,11.26,18.05,21.96,46.35,33.12,16.07,12.77,56.53,76.0,15.9,47.55,87.5,55.35,18.5,94.0,24.55,25.65
2025-07-01 07:00:00,21.25,61.73,35.85,133.33,50.68,12.56,75.72,28.51,95.33,99.5,21.1,22.5,101.76,62.55,55.07,29.97,16.81,22.6,16.55,55.37,26.34,32.05,19.35,74.9,63.39,18.29,14.95,16.2,36.9,53.24,10.63,66.04,44.6,18.43,11.13,18.0,21.65,46.45,33.17,16.19,12.82,56.73,74.8,15.98,46.75,88.2,54.68,18.4,93.6,24.45,25.58
2025-07-02 07:00:00,21.25,62.91,35.9,133.42,52.25,12.52,75.01,28.68,95.52,99.5,21.21,22.4,101.24,62.36,55.55,30.66,17.0,22.55,16.45,54.3,26.48,32.15,19.5,74.6,63.39,18.34,14.95,16.2,36.85,53.82,10.63,65.15,44.22,18.48,11.17,18.0,21.65,47.0,33.56,16.24,12.87,57.33,74.7,15.98,47.15,89.9,54.78,18.35,93.3,24.6,25.58
2025-07-03 07:00:00,21.3,62.42,35.75,134.1,51.47,12.69,73.66,28.68,96.29,100.7,21.15,22.55,101.41,62.36,56.52,28.84,17.12,23.0,16.85,54.4,26.52,32.2,19.46,74.1,63.78,18.29,14.9,16.25,37.0,53.37,10.76,64.85,44.36,18.58,11.22,18.05,22.36,46.4,33.9,16.28,12.92,57.33,75.2,16.07,46.95,87.3,54.78,18.5,93.5,24.75,25.81
2025-07-04 07:00:00,21.45,63.4,35.9,133.42,51.37,12.82,74.2,28.96,97.44,100.1,21.18,23.15,101.93,62.36,57.68,28.69,17.27,23.1,16.85,54.3,26.71,32.5,19.39,73.7,64.57,18.39,14.95,16.57,37.0,53.56,10.92,65.44,44.41,18.48,11.26,18.25,22.76,46.2,33.76,16.36,13.11,57.43,75.2,16.07,45.75,88.5,54.78,18.6,93.2,25.05,25.8
2025-07-07 07:00:00,21.9,63.89,36.25,133.04,52.74,12.91,75.28,29.47,96.29,100.5,21.4,23.35,105.89,62.55,57.78,29.13,17.42,23.4,16.95,54.01,26.98,32.75,19.58,74.3,64.87,18.73,15.05,16.89,37.0,53.24,11.05,65.25,44.41,18.48,11.35,18.5,23.16,47.1,34.19,17.3,13.11,57.83,75.3,16.2,45.5,88.7,55.16,18.9,93.5,25.1,25.91
2025-07-08 07:00:00,22.1,65.17,36.59,134.77,52.74,12.99,75.28,30.23,96.86,100.9,21.37,23.05,106.75,62.83,58.07,29.38,17.93,23.55,17.35,53.71,26.8,33.25,19.76,74.6,65.06,18.78,15.25,17.22,37.1,53.43,11.01,65.64,44.55,18.48,12.18,18.7,23.34,47.2,34.19,18.41,13.25,58.22,76.8,16.42,46.45,89.5,55.35,19.05,93.4,25.35,26.2
2025-07-09 07:00:00,22.25,65.86,37.09,137.56,52.74,12.99,76.08,30.4,97.82,101.0,21.37,23.7,105.29,63.68,59.6,29.38,18.12,24.6,17.45,53.91,27.57,33.05,19.8,75.4,65.85,19.02,15.4,17.31,37.35,53.3,11.09,65.94,44.98,18.58,12.18,18.85,24.22,47.35,33.8,18.7,13.39,59.02,79.3,16.55,46.5,94.0,56.5,19.7,93.7,25.75,26.47
2025-07-10 07:00:00,22.4,66.84,37.63,136.5,52.06,13.03,75.54,30.4,96.77,101.0,21.4,23.7,106.32,63.68,60.2,29.33,18.54,24.55,17.55,54.1,27.98,33.0,19.8,75.9,66.35,19.02,15.3,17.59,37.45,53.24,11.13,66.23,45.75,18.58,12.18,19.0,25.42,47.25,33.76,18.87,14.01,60.61,81.7,16.69,48.0,93.7,57.07,19.9,93.5,27.0,26.76
2025-07-11 07:00:00,22.5,66.65,37.73,135.16,52.65,12.82,74.74,30.57,97.34,100.5,21.35,23.5,107.27,63.68,60.0,29.58,18.47,25.05,17.45,54.3,27.52,32.95,19.84,76.1,66.35,18.78,15.1,17.31,37.6,53.43,11.05,65.64,45.56,18.76,12.31,19.05,25.74,47.35,33.9,18.7,14.06,61.1,86.7,16.73,51.95,95.7,57.17,19.9,92.3,28.05,27.15
2025-07-14 07:00:00,22.35,64.88,37.88,137.18,52.45,12.61,73.93,29.99,97.44,100.1,21.37,24.8,107.61,63.96,58.5,29.23,18.54,25.55,17.45,54.3,27.07,32.65,19.8,74.6,65.46,18.87,14.5,16.85,37.3,54.28,11.34,65.74,45.7,18.81,12.18,19.05,25.78,47.2,33.41,18.99,13.87,60.61,86.1,16.73,55.5,98.2,56.69,20.2,92.3,27.95,26.1
2025-07-15 07:00:00,22.45,65.86,37.68,136.5,52.45,13.03,74.83,30.26,98.11,100.2,21.6,24.6,108.47,63.77,57.9,29.68,18.62,25.5,17.75,54.5,28.2,32.85,19.95,74.5,68.32,18.68,15.1,17.96,37.3,56.29,11.34,67.02,45.99,18.81,12.31,19.1,26.36,47.7,33.9,19.69,14.06,61.0,87.0,16.99,55.5,97.5,57.45,20.75,91.5,28.05,27.7
2025-07-16 07:00:00,22.3,65.56,37.43,135.25,52.25,12.95,74.74,30.13,97.25,100.5,22.0,24.25,107.7,63.3,57.2,29.43,18.58,25.4,17.9,54.3,28.16,33.55,19.84,74.0,67.53,18.73,15.05,17.87,37.05,55.38,11.3,67.51,45.7,18.86,12.26,19.2,26.94,47.25,33.71,19.44,14.01,60.71,86.7,16.91,55.05,95.5,56.98,20.5,90.4,27.95,27.64
2025-07-17 07:00:00,22.4,65.86,37.73,134.96,52.35,13.42,76.08,30.61,98.49,100.7,22.09,24.55,108.47,63.11,56.7,29.48,18.62,25.9,18.0,54.4,28.5,33.65,19.91,75.6,68.61,19.11,15.45,18.51,37.05,56.03,11.3,66.72,45.9,18.86,12.35,19.3,27.87,47.6,34.19,19.81,14.11,61.4,88.3,17.0,59.05,94.3,57.17,20.75,88.8,28.5,28.05
2025-07-18 07:00:00,22.4,66.15,37.58,136.12,51.37,13.89,76.98,30.57,98.01,101.0,22.03,24.55,108.47,63.49,56.6,29.73,18.58,25.75,17.75,54.3,28.95,33.4,19.95,76.5,68.71,19.11,16.8,18.98,37.15,55.83,11.3,66.72,46.04,19.24,12.31,19.65,28.0,47.4,34.15,19.89,14.15,61.4,94.1,17.0,58.75,93.0,57.36,20.8,89.8,29.05,28.43
2025-07-21 07:00:00,22.65,65.56,37.63,138.62,50.68,13.46,75.72,30.68,97.82,101.0,22.32,25.1,109.16,63.3,56.4,30.02,18.74,26.1,18.0,53.52,28.1,34.7,20.18,77.5,68.22,19.84,16.5,18.47,37.1,55.18,11.54,67.51,45.75,20.27,12.44,19.6,27.38,49.15,34.44,19.77,14.35,60.91,91.1,17.05,55.35,93.9,57.36,21.35,88.9,28.8,28.62
2025-07-22 07:00:00,22.6,65.07,37.58,137.56,50.59,13.25,75.28,30.68,97.44,102.3,23.06,25.0,107.58,63.2,56.1,29.68,18.77,26.0,17.85,52.83,28.05,35.05,19.99,76.6,68.02,19.65,16.4,18.28,36.9,54.6,11.38,67.02,45.56,20.27,12.57,19.5,27.16,48.7,34.0,19.48,14.15,60.51,90.0,17.25,56.1,95.5,56.88,21.8,88.0,28.5,28.3
2025-07-23 07:00:00,22.9,66.45,38.13,138.23,51.27,13.59,76.26,30.74,98.59,102.5,23.32,26.75,110.15,63.68,57.2,30.17,19.78,26.4,18.3,53.03,28.3,35.25,20.32,77.2,69.01,19.79,16.7,18.65,37.0,55.44,11.5,67.41,45.56,20.6,12.66,19.75,28.36,48.5,34.0,20.14,14.54,61.4,92.2,17.4,57.5,107.5,57.55,22.5,87.9,29.25,28.84
2025-07-24 07:00:00,23.1,67.82,38.27,139.39,50.98,13.59,75.99,31.02,99.93,103.2,23.64,26.6,109.66,64.99,57.3,30.61,20.7,25.9,18.5,53.32,28.4,35.1,20.66,75.4,68.8,19.7,16.55,18.61,37.3,55.25,11.46,68.2,46.71,21.26,12.74,19.8,27.87,48.5,34.05,20.18,14.68,61.5,87.9,17.95,54.85,109.4,59.37,23.15,87.2,28.45,28.8
2025-07-25 07:00:00,23.45,68.12,38.32,139.49,50.88,13.89,75.46,31.19,99.74,103.0,23.58,27.0,109.36,64.71,58.2,30.76,21.13,25.9,18.6,53.52,28.6,35.2,21.3,75.5,69.2,19.84,16.6,18.7,38.0,55.83,11.63,67.81,46.85,21.55,13.1,19.95,28.45,48.8,34.05,20.51,14.77,61.5,90.2,18.2,56.55,112.2,60.32,23.4,87.4,29.1,28.9
2025-07-28 07:00:00,23.5,67.33,38.47,136.98,50.88,14.32,75.28,31.16,99.93,103.0,23.76,27.9,109.36,64.33,57.9,30.61,21.51,26.0,18.7,53.42,28.95,35.2,21.26,75.9,69.6,19.84,17.35,19.49,37.7,55.77,11.79,67.9,46.9,22.11,13.23,20.5,30.62,48.35,34.29,21.17,14.87,61.7,92.0,18.5,57.05,124.0,60.23,24.0,87.5,29.1,29.14
2025-07-29 07:00:00,22.75,65.56,36.99,137.56,48.63,14.06,70.53,30.06,97.25,101.5,22.81,27.3,104.91,64.05,56.1,29.09,20.43,25.35,18.0,53.32,27.5,34.3,20.14,72.2,66.4,19.31,16.3,19.12,36.5,54.73,12.0,65.44,45.42,22.87,13.14,19.9,29.6,48.0,33.03,20.22,14.58,60.61,92.1,18.5,56.5,118.2,60.04,23.55,86.0,28.0,28.8
2025-07-30 07:00:00,22.7,65.96,36.89,135.16,48.23,13.89,70.35,30.09,96.77,100.8,23.04,25.75,104.22,63.3,55.6,28.54,19.85,25.1,18.0,52.64,27.1,33.8,20.14,71.0,66.1,19.02,15.95,18.65,36.2,54.41,11.79,65.64,45.42,22.77,13.44,19.1,29.07,48.1,32.83,19.32,14.58,60.01,89.0,18.65,54.05,117.5,60.04,23.5,85.0,27.0,27.94
2025-07-31 07:00:00,22.7,68.42,37.09,135.16,48.09,13.63,71.24,30.92,97.25,101.0,23.44,25.35,102.73,63.68,56.0,29.23,20.01,24.75,18.6,52.64,26.8,33.35,20.21,70.8,65.2,19.11,16.05,18.42,36.15,54.41,11.92,64.76,45.56,22.58,14.49,19.5,29.42,49.25,32.93,18.78,14.73,59.71,88.2,19.25,52.5,115.0,57.74,25.55,80.1,27.55,28.2
2025-08-01 07:00:00,22.8,68.32,36.69,135.16,48.28,13.85,72.32,30.3,97.34,101.1,23.32,26.0,100.46,63.39,55.7,29.18,20.36,24.8,18.2,52.64,27.15,33.45,20.29,71.1,65.2,19.45,16.65,18.65,35.65,54.28,11.71,63.77,45.75,21.69,14.88,19.6,29.42,49.1,33.17,18.91,14.63,59.32,87.8,18.4,52.0,117.0,57.36,25.0,81.9,27.75,28.0
2025-08-04 07:00:00,22.8,67.73,36.79,135.35,48.97,14.06,72.59,29.92,97.34,101.2,24.07,25.75,103.72,63.58,56.0,29.18,20.74,24.95,18.1,53.03,27.65,33.8,20.29,71.8,65.2,20.37,17.3,18.75,36.0,54.54,11.75,64.26,45.7,22.16,15.19,19.15,28.8,48.5,33.12,18.58,14.77,59.61,88.5,18.75,52.5,116.2,57.17,25.25,82.5,28.3,28.16
2025-08-05 07:00:00,23.3,66.84,37.78,135.16,48.82,14.63,69.45,31.29,97.34,101.0,23.61,25.3,103.92,63.49,56.5,28.4,20.82,25.45,18.3,52.93,27.5,34.7,20.74,73.5,66.0,20.52,17.5,18.0,36.2,55.51,11.59,64.56,45.46,22.49,15.28,19.5,28.89,49.65,34.88,18.74,16.06,60.81,92.0,18.0,57.3,120.0,57.36,25.6,83.8,29.0,28.94
2025-08-06 07:00:00,23.7,67.24,38.52,134.68,48.82,15.02,71.87,31.94,98.68,101.2,23.87,26.8,103.42,63.86,58.3,29.38,21.59,26.65,18.85,53.13,27.95,35.5,22.65,75.2,68.5,20.66,17.65,19.0,36.7,55.51,11.96,65.15,45.42,22.63,16.02,19.7,30.58,52.2,36.24,19.15,16.97,61.5,93.2,19.3,57.5,125.3,57.74,26.3,83.8,29.85,29.39
2025-08-07 07:00:00,24.1,68.61,39.07,134.77,50.1,15.42,73.22,32.22,101.18,102.3,26.55,26.95,103.82,64.62,59.0,30.32,21.55,27.0,18.9,53.32,28.5,35.25,22.76,75.8,71.6,20.86,18.05,19.6,37.0,55.96,12.04,65.15,45.61,22.63,16.11,19.6,30.89,52.9,36.82,19.61,17.16,60.91,94.4,19.25,57.5,125.8,58.12,27.4,84.0,29.2,29.3
2025-08-08 07:00:00,24.0,68.32,38.92,135.25,50.49,17.03,73.48,32.12,101.08,102.0,28.4,26.4,103.72,64.99,58.4,29.92,21.51,27.6,19.2,53.22,30.35,35.0,22.76,75.6,70.5,20.71,18.0,19.75,37.1,55.64,12.37,65.25,45.66,22.91,16.15,19.8,31.2,52.5,36.43,19.48,18.21,61.2,93.0,19.75,56.6,121.5,57.93,28.0,84.0,29.2,30.0
2025-08-11 07:00:00,24.25,68.32,39.16,135.16,51.08,18.4,74.11,32.36,101.75,102.6,27.8,26.7,104.22,66.03,58.9,30.22,21.51,27.8,19.45,53.22,32.0,35.1,23.02,77.8,71.7,20.9,18.55,22.2,37.65,55.83,12.46,66.82,46.04,23.29,16.24,20.0,31.38,52.7,36.63,20.43,17.97,61.7,93.1,20.25,57.5,121.5,58.22,29.0,83.5,29.3,30.35
2025-08-12 07:00:00,24.1,68.81,40.0,134.19,51.47,18.25,73.75,32.25,101.85,102.9,28.2,27.3,105.5,65.94,59.1,31.45,21.51,28.15,19.7,53.42,31.85,35.45,23.74,82.3,71.0,21.29,18.2,22.2,37.65,56.16,12.41,66.43,46.23,23.34,16.41,20.1,32.36,53.0,36.24,20.02,18.06,62.3,91.9,19.75,57.25,122.7,58.7,29.2,82.9,29.35,30.52
2025-08-13 07:00:00,24.15,68.81,39.86,133.71,52.84,21.34,74.11,32.36,100.7,102.1,28.5,26.8,103.82,65.28,59.5,31.55,21.94,27.85,19.3,53.62,35.0,38.5,24.7,82.1,70.0,21.15,18.15,23.2,37.5,56.42,13.37,66.62,45.9,23.05,16.5,19.85,31.65,52.9,35.95,20.8,17.68,61.6,91.0,19.55,57.0,123.1,58.12,28.0,83.0,28.65,30.44
2025-08-14 07:00:00,24.7,68.71,40.7,132.17,58.33,21.73,73.57,34.04,100.22,102.4,28.15,27.5,102.63,65.18,60.3,31.45,22.51,28.0,19.4,53.22,35.45,39.6,27.6,83.8,70.1,21.0,18.4,23.75,37.55,56.09,13.32,66.43,45.8,23.34,17.02,19.95,32.09,53.7,36.78,21.05,18.25,62.89,92.3,19.95,57.6,128.0,58.31,29.2,82.5,29.1,30.65
2025-08-15 07:00:00,26.35,67.82,40.25,130.35,58.53,22.32,72.14,33.49,98.78,102.0,28.05,28.25,100.26,65.37,58.8,30.81,23.44,27.85,19.3,53.03,34.75,38.6,27.7,82.7,69.8,20.86,18.0,23.7,37.7,55.83,13.12,65.44,45.46,23.24,17.63,20.55,32.22,53.0,36.63,20.1,18.3,63.79,92.2,20.1,58.95,133.9,58.31,30.9,82.3,29.55,31.14
2025-08-18 07:00:00,26.35,68.22,40.15,129.96,58.63,23.49,72.32,33.08,98.2,101.1,28.0,30.0,98.97,65.56,59.2,30.86,23.13,28.2,19.65,53.03,35.05,38.95,27.65,83.0,69.2,21.0,17.6,23.6,38.45,54.8,13.16,64.95,45.22,23.24,18.55,20.25,31.69,52.2,36.68,19.73,18.35,63.59,92.0,20.0,58.0,140.0,57.93,31.6,81.6,29.3,31.0
2025-08-19 07:00:00,27.0,68.42,40.25,129.58,59.8,23.88,70.8,33.52,97.63,102.1,28.2,30.45,98.97,65.75,62.8,31.11,23.63,28.1,19.5,52.74,36.35,40.2,27.9,83.2,68.0,21.49,17.5,25.1,38.35,54.93,13.41,63.97,45.13,23.2,18.15,20.3,31.56,52.3,37.12,19.98,19.21,63.79,92.2,20.1,58.25,144.3,57.74,32.7,81.5,29.2,31.33
2025-08-20 07:00:00,26.9,67.43,39.16,127.46,57.06,23.88,70.35,33.69,93.89,101.8,26.55,29.15,96.5,63.58,58.6,30.71,23.86,27.05,18.3,52.54,34.3,41.0,26.85,81.0,68.1,20.42,16.9,23.95,36.65,54.86,12.62,63.58,44.65,23.15,17.26,20.4,30.67,51.7,37.9,20.5,18.87,61.8,92.7,20.35,58.95,136.5,56.98,33.7,78.0,29.4,31.2
2025-08-21 07:00:00,28.0,67.73,40.45,126.02,57.15,23.54,68.91,35.0,91.4,101.5,27.15,30.5,96.69,64.05,61.0,31.21,24.67,27.3,18.35,52.05,35.0,46.6,27.75,83.3,69.2,20.52,16.7,23.75,36.7,54.93,13.12,64.46,44.41,23.2,18.05,21.6,32.09,54.7,39.94,20.35,19.68,62.89,97.0,23.15,61.0,140.1,56.98,36.7,80.0,29.5,31.85
2025-08-22 07:00:00,27.65,65.37,41.49,125.25,55.29,22.81,65.96,34.24,91.12,100.6,26.25,28.95,97.78,64.05,61.0,29.09,24.29,26.0,18.1,51.86,33.6,45.6,26.9,79.7,68.4,20.13,15.8,22.15,35.85,54.73,12.91,62.98,43.83,23.05,17.02,21.9,31.42,54.6,37.65,18.97,19.59,63.29,95.3,22.05,61.0,138.0,55.92,35.95,78.9,28.65,31.7
2025-08-25 07:00:00,25.95,63.89,40.55,129.87,56.17,22.22,66.4,33.49,92.65,100.7,26.0,26.95,97.78,64.52,60.3,27.95,23.56,25.85,17.9,51.76,32.9,45.0,25.8,78.3,68.6,20.66,15.9,23.0,35.75,54.21,12.87,62.89,43.64,22.82,16.03,20.7,31.87,51.7,36.34,18.83,19.16,62.99,96.5,21.95,61.75,140.0,56.12,33.45,78.9,29.4,31.3
2025-08-26 07:00:00,26.1,62.91,40.1,131.79,56.08,20.7,66.4,33.28,92.07,101.0,26.05,26.55,96.89,64.71,60.0,27.85,23.86,26.1,18.0,51.76,33.45,43.8,26.1,78.2,68.6,20.52,16.0,22.9,35.9,53.82,12.91,62.98,43.59,22.63,15.98,20.2,32.14,52.4,36.0,19.16,18.4,62.49,97.0,21.65,64.5,141.2,55.92,32.75,79.9,29.85,31.0
2025-08-27 07:00:00,27.55,65.86,41.39,132.85,57.94,22.12,68.11,34.86,93.03,101.0,26.6,27.95,100.16,64.71,61.8,28.59,24.71,26.75,18.3,52.15,35.15,43.8,27.4,81.2,74.6,20.95,16.8,24.3,36.15,55.12,13.12,63.97,43.98,23.01,17.31,21.1,35.65,54.1,37.9,20.02,19.11,64.58,102.1,22.35,66.0,141.8,56.88,32.5,79.5,30.55,32.44
2025-08-28 07:00:00,27.1,65.47,41.79,135.54,57.64,21.83,68.02,34.59,94.85,101.2,26.65,27.85,101.74,64.7,66.2,28.64,24.48,26.85,18.3,52.15,35.1,43.2,26.7,81.9,74.5,21.29,16.45,23.95,36.1,55.25,13.45,64.36,44.12,22.63,17.22,20.8,35.69,54.4,37.8,20.07,19.21,68.26,101.8,21.95,65.0,144.0,58.03,32.6,79.7,30.0,32.45
2025-08-29 07:00:00,27.5,65.37,42.03,137.85,56.37,21.97,68.11,34.93,94.09,101.2,26.7,29.3,100.55,63.8,68.4,28.59,25.21,27.05,18.3,52.15,35.6,44.25,27.2,82.2,76.6,21.24,16.75,24.5,36.05,55.44,13.53,63.97,44.65,22.49,17.81,21.2,37.52,54.3,38.58,20.88,19.68,68.06,102.5,22.15,64.05,142.9,57.65,33.65,79.7,30.0,32.55
2025-09-03 07:00:00,27.2,65.27,41.59,137.56,56.96,22.17,69.09,34.59,93.22,101.7,26.4,29.45,98.97,63.4,66.9,28.59,25.44,27.25,18.4,52.25,36.55,44.0,27.5,82.9,75.7,21.39,16.95,23.8,36.3,55.25,13.57,63.77,44.36,22.91,18.25,21.05,36.36,55.2,38.43,20.88,19.73,66.57,101.0,22.1,62.25,140.0,57.65,34.35,79.7,29.9,32.51
2025-09-04 07:00:00,27.4,66.25,42.68,144.97,57.25,23.15,69.81,34.59,93.32,101.8,26.65,29.3,102.14,63.8,67.1,28.89,25.1,28.35,19.55,52.25,36.55,44.6,28.1,82.0,73.9,21.87,17.15,26.0,36.5,56.03,13.78,63.97,44.46,23.01,18.55,21.2,36.58,55.7,38.38,21.88,20.06,66.47,99.2,22.75,61.5,139.5,58.79,33.8,79.7,29.9,32.55
2025-09-05 07:00:00,27.15,66.35,41.49,141.89,57.35,22.71,69.45,34.52,93.8,102.0,27.15,28.75,102.34,63.6,65.6,29.28,24.6,28.8,20.25,53.03,35.45,44.45,27.4,83.0,75.0,21.44,17.3,25.05,36.6,56.61,13.37,64.85,45.18,23.1,17.66,21.0,36.0,54.8,38.48,21.88,19.64,67.07,100.0,22.25,62.5,140.0,58.22,33.5,80.1,30.15,32.8
2025-09-08 07:00:00,26.55,65.27,40.2,144.2,55.78,21.14,67.21,33.66,91.88,102.1,26.45,26.75,100.85,62.6,66.2,28.4,23.52,28.65,20.0,52.64,34.3,42.8,26.7,80.0,74.0,20.61,16.2,23.4,35.5,55.06,12.58,65.54,44.84,22.77,16.97,19.95,35.65,53.9,37.02,20.45,18.44,64.88,98.8,21.0,62.5,139.2,57.93,31.2,79.4,30.25,32.0
2025-09-09 07:00:00,26.45,64.48,39.91,144.58,54.9,20.51,66.49,33.52,91.31,102.1,26.05,26.4,99.96,61.6,66.4,28.0,23.56,28.2,19.1,52.44,34.6,41.55,26.3,79.8,73.7,20.42,15.85,22.95,35.15,54.86,12.37,64.66,44.31,22.72,16.97,19.6,34.94,53.1,36.87,19.97,18.16,64.08,98.8,20.6,62.05,141.9,57.45,31.35,79.1,30.1,31.55
2025-09-10 07:00:00,26.45,65.47,40.1,142.85,55.68,21.44,66.94,34.04,91.59,101.5,26.15,26.85,100.06,61.7,67.3,27.85,23.86,28.4,19.25,52.25,34.5,41.25,26.8,80.0,74.5,20.71,15.55,23.1,35.25,55.25,12.41,64.85,44.26,22.68,17.12,19.75,37.03,53.4,37.6,20.16,18.21,64.38,99.7,20.7,63.5,141.8,57.07,31.8,79.7,30.05,31.9
2025-09-11 07:00:00,25.8,63.89,39.41,142.95,54.7,21.09,66.49,33.52,90.06,101.0,25.75,25.95,99.46,61.3,66.9,27.61,23.52,28.0,18.6,52.35,33.3,40.4,26.05,79.1,74.0,20.37,15.1,22.4,34.85,55.32,12.17,64.07,43.83,22.63,16.92,19.2,35.38,52.6,36.73,19.59,17.54,63.79,100.1,20.1,64.55,140.5,56.78,30.45,79.5,30.25,31.45
2025-09-12 07:00:00,26.2,65.47,40.35,144.29,56.37,23.45,67.75,34.59,91.98,101.1,26.3,27.0,100.06,61.7,68.3,28.4,23.94,29.15,20.2,52.35,34.7,43.2,26.6,81.6,77.8,20.95,15.75,23.45,35.25,55.9,12.58,64.95,44.41,22.49,17.22,19.6,36.94,55.1,37.51,20.31,18.44,64.58,103.0,20.9,67.05,144.5,58.31,31.55,79.8,30.6,32.4
2025-09-15 07:00:00,26.1,65.76,40.6,144.1,56.57,23.45,68.91,34.28,93.51,101.8,26.65,26.85,100.46,62.6,69.2,28.94,23.94,30.1,20.55,52.74,34.6,43.55,26.55,86.3,78.1,21.15,15.4,23.6,35.6,56.68,12.74,65.94,44.74,22.58,17.07,19.6,36.85,54.5,37.56,20.64,18.54,65.08,102.5,21.1,67.4,143.5,60.04,30.95,79.6,30.55,32.7
2025-09-16 07:00:00,26.2,66.45,41.54,145.74,57.06,22.85,72.77,35.55,95.33,102.0,27.4,27.35,100.95,62.7,72.5,29.04,23.82,29.75,20.2,52.25,34.2,44.0,27.05,86.8,78.9,21.39,15.65,23.4,35.8,57.07,12.66,66.04,44.7,22.58,17.51,19.65,36.98,55.9,38.24,20.64,18.59,65.18,102.7,21.0,66.95,142.0,60.42,31.5,79.6,30.6,33.0
2025-09-17 07:00:00,26.05,67.24,40.55,144.39,56.96,22.0,73.39,35.27,95.52,102.6,26.9,26.8,102.93,62.8,72.6,28.49,23.82,29.2,19.65,50.88,33.5,44.5,27.0,84.2,78.0,21.44,15.5,23.3,36.0,56.55,12.58,65.84,45.37,22.63,17.61,19.8,36.0,55.5,37.51,20.26,18.4,64.38,101.2,20.6,66.7,140.4,61.95,31.0,79.7,30.2,32.9
2025-09-18 07:00:00,25.55,66.94,40.1,142.95,57.35,22.1,72.95,34.72,94.09,102.0,26.45,26.35,101.94,62.9,70.6,28.2,23.28,28.6,19.5,49.81,33.05,45.05,26.6,83.5,76.7,21.34,15.0,22.9,35.55,56.81,12.54,65.35,44.79,22.54,17.41,19.55,35.83,55.8,37.21,19.93,17.82,63.19,102.5,20.25,70.75,139.2,60.7,30.3,79.9,30.05,32.64
2025-09-19 07:00:00,25.3,66.84,39.36,142.95,56.76,22.95,73.13,34.52,92.65,101.7,25.8,26.1,99.46,62.5,71.4,28.2,23.13,28.8,19.3,49.61,33.3,45.1,26.5,83.3,77.4,22.07,15.1,23.4,35.3,57.07,12.62,65.35,44.12,22.54,17.36,19.6,35.87,55.2,37.12,19.73,17.73,62.59,99.8,20.1,71.5,135.0,59.27,30.0,79.6,29.45,32.2
2025-09-22 07:00:00,25.05,65.76,39.16,142.37,55.1,23.1,71.24,33.66,91.31,101.7,25.85,25.0,98.57,61.2,70.2,27.85,22.36,28.3,18.7,48.93,33.1,46.0,26.1,81.0,76.0,21.78,15.55,23.5,34.85,56.48,12.33,64.46,43.64,22.44,16.92,19.3,34.85,53.6,36.34,19.59,17.35,61.4,94.6,19.5,71.95,131.0,58.7,29.3,79.2,28.4,31.8
2025-09-23 07:00:00,25.15,65.47,40.05,144.39,54.9,22.8,71.87,33.9,91.5,101.9,25.85,24.95,96.5,61.2,69.1,27.7,22.13,28.45,18.9,48.68,33.4,45.55,26.15,81.5,76.3,21.73,15.65,23.5,34.75,55.96,12.37,65.74,43.78,22.49,16.72,19.2,35.03,54.5,36.53,19.88,17.87,61.8,96.5,19.7,72.8,132.7,58.79,29.6,79.4,28.3,32.0
2025-09-24 07:00:00,25.25,64.97,39.76,137.56,53.92,22.35,72.23,33.83,91.02,101.2,25.85,25.0,96.4,61.1,69.2,27.61,21.78,28.25,18.75,48.83,33.35,46.0,25.9,81.1,77.1,21.73,15.65,23.3,34.6,56.16,12.21,64.85,43.64,22.44,16.13,19.0,34.27,54.5,36.19,19.73,17.78,61.4,95.3,19.5,72.8,130.4,58.31,29.55,79.5,27.85,31.73
2025-09-25 07:00:00,25.65,65.86,40.35,139.87,55.0,25.05,73.39,34.38,91.98,101.4,26.3,25.95,96.89,61.8,70.8,28.2,23.82,28.75,19.4,50.0,33.55,47.45,26.4,82.2,78.1,22.94,15.9,24.75,35.05,55.96,12.54,65.54,43.88,22.49,16.67,19.45,35.55,56.0,37.56,20.69,18.44,62.3,96.1,20.0,73.45,133.9,58.79,30.9,79.5,28.8,32.25
2025-09-26 07:00:00,25.45,65.56,40.1,138.04,55.19,26.4,72.95,34.28,91.4,101.6,26.25,25.7,96.4,61.5,69.8,28.1,23.25,28.55,19.3,50.49,33.65,47.95,26.25,82.0,77.9,22.89,15.6,24.5,34.8,55.77,12.37,65.05,43.78,22.44,16.67,19.3,34.64,55.9,37.41,20.83,17.92,62.49,98.5,19.75,78.0,132.5,58.41,30.4,79.8,28.8,
2025-09-29 07:00:00,25.35,65.47,39.66,135.93,54.51,26.5,72.14,34.59,90.06,101.0,26.0,25.4,94.52,61.4,68.5,27.85,22.98,28.4,19.05,50.0,34.0,47.35,26.1,81.3,76.6,22.84,15.55,23.85,34.65,55.04,12.17,63.97,43.5,22.44,16.57,19.05,33.91,55.4,37.41,20.55,17.78,62.0,97.6,19.65,80.5,128.4,57.55,30.05,79.6,28.8,32.4
2025-09-30 07:00:00,25.45,64.88,39.16,136.89,53.63,24.95,69.9,34.31,87.38,101.0,24.85,25.35,91.84,60.4,66.6,27.06,23.25,27.9,18.5,49.61,33.55,47.65,26.05,80.5,76.2,22.07,15.0,22.8,34.0,54.84,11.79,63.08,43.3,22.54,16.18,19.05,34.0,56.0,37.5,20.07,17.54,61.4,102.1,19.6,86.75,128.8,57.36,30.3,79.8,30.3,32.52
2025-10-01 07:00:00,25.55,64.97,39.36,137.95,53.82,25.45,69.99,34.59,87.95,101.5,24.95,26.05,90.46,60.5,66.2,27.36,23.67,28.1,18.85,48.05,33.35,49.7,26.15,81.1,77.2,22.11,15.25,23.3,34.15,55.04,11.88,64.46,43.35,22.49,16.52,19.1,35.05,56.7,37.8,20.83,17.92,61.6,100.8,19.9,83.9,128.0,57.55,30.85,79.8,32.5,32.7
2025-10-02 07:00:00,25.7,65.07,39.56,135.73,53.04,24.6,72.14,35.14,87.95,101.7,23.85,25.55,91.05,60.3,66.0,26.77,23.59,28.05,18.5,48.44,32.95,51.1,26.45,81.0,76.9,22.26,15.4,22.85,34.0,54.84,11.75,64.07,43.54,22.49,16.48,19.2,34.37,58.0,38.4,20.97,17.92,61.7,98.6,19.7,84.4,127.4,58.51,30.15,79.7,31.75,32.8
2025-10-03 07:00:00,25.5,63.7,39.36,135.64,51.86,24.2,72.77,34.52,87.57,101.5,23.85,25.2,91.15,60.0,65.5,26.28,23.28,27.35,18.05,50.3,31.45,51.4,26.4,79.4,75.4,21.73,15.1,21.6,33.3,54.78,11.54,63.48,43.54,22.44,16.48,19.0,33.91,57.0,38.05,20.4,17.68,61.4,96.0,19.65,85.55,127.6,58.51,29.5,79.8,30.6,32.6
2025-10-06 07:00:00,25.9,64.88,39.61,135.93,52.45,24.65,74.11,35.0,88.24,101.7,24.1,25.4,92.54,60.2,66.4,26.52,23.4,28.1,18.15,50.49,31.7,50.7,26.65,81.0,77.2,22.16,15.25,21.8,33.7,54.78,11.67,63.38,43.83,22.58,16.48,19.1,35.05,57.1,38.5,20.55,17.92,62.8,100.5,19.95,88.25,129.5,59.08,30.0,80.0,33.3,32.9
2025-10-07 07:00:00,26.45,65.07,40.0,135.93,52.25,25.05,74.47,35.41,88.82,101.3,24.05,25.65,94.22,60.6,66.5,26.92,24.02,29.0,18.5,50.98,32.25,51.7,26.85,82.5,77.5,22.4,15.4,22.75,33.9,55.63,11.83,63.58,44.02,22.58,16.82,19.2,36.97,58.5,38.95,21.07,18.44,63.3,102.2,20.15,89.0,131.7,58.7,30.9,81.2,35.0,33.71
2025-10-08 07:00:00,26.6,65.07,39.81,136.41,52.74,24.65,76.53,35.68,88.24,101.7,24.0,25.65,93.53,60.9,66.3,26.92,23.9,28.75,18.5,50.98,31.7,52.0,26.85,82.6,78.5,22.16,15.1,22.05,33.9,55.44,11.79,63.48,44.07,22.72,16.87,19.2,36.97,58.5,38.45,20.78,18.21,63.6,101.2,20.05,87.6,132.3,58.98,30.7,85.7,34.15,33.58
2025-10-09 07:00:00,26.6,65.07,39.96,137.08,53.33,25.45,76.17,36.1,89.2,102.0,24.05,26.2,92.54,60.6,66.0,26.77,24.06,28.85,18.7,51.17,32.0,50.9,26.85,82.7,80.5,22.21,15.25,22.7,33.85,55.5,11.75,63.48,43.69,22.96,17.07,19.05,36.97,59.7,38.55,22.07,18.49,63.8,108.1,20.05,88.15,131.1,59.84,31.1,86.1,36.1,33.8
2025-10-10 07:00:00,26.8,64.88,40.45,138.04,52.94,26.2,76.26,37.67,89.58,101.1,24.15,26.6,92.83,60.6,67.1,27.61,24.44,28.9,18.9,50.88,32.25,50.8,27.2,83.0,80.6,22.45,15.45,23.45,33.95,55.77,12.04,63.58,43.69,23.62,17.51,19.05,37.01,59.2,39.0,22.5,18.63,63.6,116.0,20.3,89.25,132.0,59.65,31.7,86.4,37.5,34.24
2025-10-13 07:00:00,26.4,64.29,40.3,136.7,51.37,26.0,76.62,37.47,89.1,101.1,23.95,26.25,92.74,60.1,67.1,27.46,24.17,28.85,18.45,49.81,31.95,50.5,27.0,83.6,81.0,22.21,15.25,23.1,33.55,55.5,11.75,63.58,43.5,25.08,17.41,19.0,36.47,59.3,39.25,23.17,18.35,62.8,122.1,19.95,96.95,130.0,59.08,31.25,87.6,40.35,34.72
2025-10-14 07:00:00,26.25,63.7,39.6,136.12,50.68,28.95,74.83,37.6,91.98,102.0,23.9,26.5,91.45,60.0,66.9,27.41,24.75,28.3,18.35,50.1,31.8,51.5,27.05,82.5,82.4,21.68,15.45,24.55,33.5,55.9,11.83,63.77,43.54,24.89,17.46,19.1,37.38,60.1,40.55,23.55,18.16,62.9,124.5,20.0,103.45,143.6,60.51,31.9,86.0,42.7,35.36
2025-10-15 07:00:00,26.15,61.93,39.35,134.96,49.51,28.9,74.38,37.39,90.64,101.3,23.35,26.7,88.58,58.8,63.4,26.87,25.06,28.2,18.1,49.9,31.2,51.6,27.1,82.5,83.0,21.53,15.45,24.7,33.55,55.77,11.79,63.58,43.4,24.14,17.66,19.0,37.24,60.0,40.55,22.98,18.3,62.5,122.6,19.9,103.0,152.8,60.8,32.75,82.5,41.05,35.3
2025-10-16 07:00:00,26.15,62.71,39.2,139.49,48.04,29.75,74.65,36.98,90.06,101.2,23.25,26.5,88.68,58.5,67.5,26.72,25.37,28.0,18.2,50.3,34.0,50.6,27.15,84.8,83.0,21.68,15.7,25.85,33.4,56.89,11.79,62.39,43.26,23.86,17.71,18.6,37.51,58.5,40.8,23.21,18.59,62.5,120.4,20.0,102.95,161.2,60.2,33.2,81.6,41.0,35.48
2025-10-17 07:00:00,25.75,62.91,39.05,145.26,49.12,29.75,74.38,36.08,89.3,101.4,23.15,25.8,87.19,58.5,67.0,26.72,25.06,28.0,18.2,50.3,33.85,49.5,27.1,88.0,83.8,21.63,16.05,25.8,33.45,58.8,11.71,61.9,43.06,23.62,17.51,18.45,37.1,58.1,40.45,23.36,18.3,61.8,114.6,19.7,99.95,169.0,58.8,31.9,79.0,40.8,34.71
2025-10-20 07:00:00,24.6,61.44,36.5,150.07,46.17,28.25,69.9,33.73,83.36,100.4,22.1,24.0,86.1,57.0,63.3,24.89,23.32,26.05,17.0,49.81,31.55,47.5,25.25,81.9,79.8,21.0,15.45,24.2,32.5,55.37,10.92,58.95,42.2,23.57,16.62,17.4,34.6,54.9,37.85,21.74,17.11,58.6,108.0,18.35,95.0,165.6,55.0,29.75,73.5,38.15,34.0
2025-10-21 07:00:00,24.85,61.14,36.55,151.99,46.37,26.5,70.8,33.8,84.22,101.0,22.2,22.35,87.59,56.0,63.4,24.16,23.44,26.0,16.2,49.81,30.0,48.5,24.8,76.2,80.5,21.1,14.4,22.9,32.8,55.3,10.68,59.24,42.2,22.63,15.88,17.45,33.68,53.0,36.5,20.26,16.2,59.3,106.9,18.2,96.85,174.5,56.1,28.35,69.0,36.55,32.94
2025-10-22 07:00:00,24.65,61.73,36.5,163.15,47.45,25.8,73.75,33.52,85.46,102.0,22.9,22.7,94.02,57.2,65.3,25.19,24.44,26.15,16.25,49.9,31.05,48.1,24.8,77.4,81.6,21.5,13.55,22.9,33.4,56.56,11.05,59.84,42.44,23.43,16.18,17.65,33.91,53.5,36.4,20.45,16.73,58.5,104.0,18.4,96.5,177.1,55.7,29.4,73.8,36.35,32.95
2025-10-23 07:00:00,24.95,62.91,36.85,158.72,48.14,27.5,76.35,34.28,86.23,105.1,23.1,23.1,93.03,59.5,66.7,25.73,24.98,26.5,16.4,49.61,32.2,49.7,25.2,77.6,84.6,22.65,14.05,23.6,34.25,57.61,11.13,60.72,42.73,23.86,16.38,17.8,34.19,54.7,36.8,20.97,16.97,58.9,111.2,18.5,100.0,180.1,56.3,30.0,77.6,37.6,33.95
2025-10-24 07:00:00,24.8,63.01,36.2,158.72,47.3,26.7,78.86,33.18,86.8,103.6,22.85,22.0,93.72,59.6,65.9,25.63,24.67,26.1,16.05,50.3,32.65,51.1,24.35,75.7,82.8,22.25,14.1,23.15,34.25,59.4,10.88,60.23,43.16,23.67,15.88,17.65,32.54,53.6,36.05,20.35,16.63,58.8,112.5,18.3,107.55,173.5,56.1,29.0,79.5,38.1,33.8
2025-10-27 07:00:00,24.95,63.99,36.5,159.69,47.79,24.85,78.14,33.59,88.62,103.5,22.95,22.0,95.31,59.3,65.3,26.72,23.98,26.25,16.4,50.3,32.5,51.3,23.8,77.4,81.0,22.75,13.8,22.05,34.15,61.71,11.13,61.31,43.35,23.76,15.78,17.55,31.5,53.5,35.05,20.16,16.73,59.2,106.5,18.45,107.0,170.0,57.0,28.3,81.0,36.1,33.89
2025-10-28 07:00:00,25.05,63.4,36.6,159.69,48.33,23.55,76.44,33.0,88.62,106.5,23.3,22.25,97.58,59.1,64.0,26.37,23.56,26.15,16.5,50.1,31.4,51.9,23.15,76.2,80.4,22.6,12.9,20.7,33.85,60.58,11.17,61.31,43.5,23.57,15.69,17.05,31.63,53.6,34.0,19.78,16.63,59.1,99.1,18.4,99.55,174.3,56.8,28.05,77.5,33.6,33.25
2025-10-29 07:00:00,25.3,64.78,37.3,159.78,48.87,25.0,84.33,33.9,89.39,107.0,23.85,22.95,100.06,60.0,65.6,27.06,24.94,26.9,16.85,50.49,33.6,52.7,24.05,78.5,83.0,23.4,13.25,22.85,34.0,60.58,11.42,62.0,43.59,23.57,16.03,17.4,32.45,56.5,35.65,20.88,17.06,59.8,102.7,19.0,105.95,189.0,57.1,29.45,77.0,35.05,34.0
2025-10-30 07:00:00,25.0,65.27,37.6,161.9,49.12,24.35,88.0,33.94,89.3,105.2,23.85,22.65,100.55,59.7,68.8,27.21,25.6,26.9,16.6,50.39,34.5,51.2,23.85,79.3,83.5,24.9,13.6,22.85,34.4,62.04,11.59,63.08,43.54,23.71,16.33,17.55,31.72,56.4,35.6,20.4,17.15,60.3,100.8,18.75,100.75,192.6,57.0,28.95,77.5,34.1,33.9
2025-10-31 07:00:00,25.05,64.88,37.4,160.46,49.7,24.05,88.36,33.87,89.68,104.0,23.95,22.05,99.96,59.8,68.1,27.75,24.67,26.7,16.65,49.61,34.9,50.7,23.6,79.0,82.0,24.05,13.6,22.55,34.55,60.85,11.88,63.97,43.74,23.76,16.23,17.45,31.27,55.5,35.1,20.55,16.65,59.6,99.2,18.55,95.5,184.5,57.1,28.65,77.1,32.9,33.51
2025-11-03 07:00:00,25.3,63.7,37.1,163.34,49.9,22.4,88.72,33.52,91.5,104.3,23.2,21.5,102.43,61.5,67.7,27.95,23.52,26.05,16.65,49.81,34.0,50.2,23.1,77.0,81.0,23.5,12.9,21.0,34.3,61.31,11.79,63.97,43.88,23.71,15.74,17.3,29.63,52.3,33.6,19.21,16.65,59.3,97.8,18.35,93.0,183.1,57.3,27.6,75.5,31.35,33.1
2025-11-04 07:00:00,25.4,63.7,36.9,162.09,50.68,21.25,82.54,33.07,87.19,102.5,22.6,21.15,100.65,60.1,64.1,26.97,22.55,25.95,16.35,50.78,32.25,51.0,23.2,74.4,78.5,23.05,12.5,20.5,33.75,58.08,11.34,62.49,43.64,23.67,15.14,17.2,29.26,51.7,33.45,18.4,16.55,59.1,98.4,18.1,98.05,182.8,56.3,27.25,73.0,31.35,32.79
2025-11-05 07:00:00,25.55,65.17,37.6,162.76,52.55,23.0,82.71,34.21,89.49,102.9,23.7,22.25,98.57,60.6,65.6,28.05,23.75,26.25,16.85,50.88,34.25,51.0,23.8,79.1,80.1,23.5,13.45,21.85,34.3,59.4,11.67,63.58,44.07,23.67,15.88,17.35,31.68,53.2,34.05,20.12,16.85,59.9,99.5,18.7,99.25,183.0,57.1,28.8,73.7,32.2,33.2
2025-11-06 07:00:00,25.3,65.86,38.35,164.5,52.15,22.9,81.55,34.63,90.35,103.6,24.4,21.65,98.38,61.7,66.1,28.3,23.17,26.1,16.8,50.2,34.0,50.7,23.6,78.8,78.8,23.4,13.5,21.85,34.7,59.07,12.0,63.58,44.02,23.67,15.64,17.2,31.04,51.9,33.5,20.26,16.75,60.2,97.6,18.55,101.9,180.9,57.6,28.4,73.8,31.8,33.01
2025-11-07 07:00:00,24.85,65.56,37.45,162.09,50.78,22.8,75.9,33.49,88.82,103.1,23.5,21.4,98.48,61.0,63.0,27.41,22.55,26.0,16.8,49.9,32.5,49.3,23.15,76.8,75.5,23.0,12.95,20.85,34.0,57.75,11.63,63.18,44.02,23.57,15.0,16.9,29.95,48.35,33.0,19.35,16.35,59.0,92.0,18.2,99.85,172.9,57.5,27.3,71.3,30.2,32.4
2025-11-10 07:00:00,24.7,64.88,37.3,160.17,50.98,22.25,74.83,32.94,87.67,102.6,23.3,20.65,95.21,61.0,61.0,27.36,22.59,26.1,16.7,50.1,31.6,48.3,23.05,76.0,76.3,22.9,12.3,20.7,33.9,57.42,11.59,62.49,44.12,23.53,14.9,16.85,29.86,48.35,32.95,19.26,16.45,58.8,86.9,18.25,96.65,175.3,57.0,27.4,70.2,29.8,32.12
2025-11-11 07:00:00,24.8,63.5,37.6,160.17,52.06,21.7,75.46,32.48,87.19,101.6,23.05,20.2,95.11,60.9,59.5,27.31,22.4,26.45,16.65,49.81,32.1,47.4,23.0,76.4,77.5,22.3,12.05,20.5,33.7,57.35,11.59,62.49,44.02,23.57,14.95,16.6,30.72,47.45,33.35,19.31,16.45,58.8,86.9,18.2,99.35,170.5,57.0,27.4,70.5,29.75,32.01
2025-11-12 07:00:00,24.8,64.68,37.8,161.13,52.06,23.0,76.26,33.25,87.95,102.0,23.3,20.85,95.51,60.6,61.4,27.56,22.59,26.65,16.95,50.2,33.0,47.35,23.2,78.3,77.9,22.7,12.25,21.1,33.75,58.21,11.63,62.69,44.7,23.57,15.34,16.6,31.72,48.85,33.6,19.73,16.75,59.0,90.1,18.25,99.8,170.3,58.5,27.5,71.7,31.1,32.18
2025-11-13 07:00:00,25.0,64.97,38.0,164.02,54.02,24.2,78.23,33.45,90.25,102.5,23.75,21.35,97.68,61.4,62.1,28.2,22.9,26.55,16.9,50.2,33.85,48.0,23.5,78.9,79.5,23.4,13.2,21.65,34.0,58.67,11.79,63.58,44.94,23.62,15.83,16.9,31.72,48.55,34.6,20.02,16.95,59.2,91.6,18.55,104.6,174.2,59.7,27.75,72.5,31.8,32.85
2025-11-14 07:00:00,24.9,65.47,38.2,163.73,54.5,24.3,77.88,33.21,93.89,103.1,23.75,21.05,97.19,62.5,62.1,28.3,22.74,26.5,16.95,50.49,34.15,48.6,23.3,77.6,79.2,23.5,13.35,21.75,34.4,58.87,12.12,64.66,45.13,23.62,15.88,16.9,31.54,47.4,34.7,19.93,16.8,59.4,90.5,18.45,104.05,173.3,61.6,27.6,71.7,31.55,32.8
2025-11-17 07:00:00,24.95,66.35,38.3,163.5,54.0,25.55,78.23,33.42,93.89,103.2,23.85,21.3,99.56,62.0,62.5,28.5,22.98,27.05,17.05,50.78,34.65,49.3,23.6,78.3,81.2,23.9,14.6,22.25,34.4,59.2,12.33,64.85,45.18,23.81,15.88,16.9,31.77,47.9,34.7,20.35,16.9,59.9,94.0,18.4,106.0,174.5,61.8,27.85,71.8,32.05,33.16
2025-11-18 07:00:00,25.05,66.55,38.25,163.9,53.3,26.1,78.5,33.76,93.42,103.3,23.95,22.15,97.78,62.1,63.1,28.25,23.13,27.15,17.2,50.59,34.4,48.95,23.7,78.5,81.9,24.0,15.3,22.8,34.55,58.74,12.37,64.76,44.89,23.71,16.08,17.05,32.09,48.5,34.95,20.4,17.1,59.8,94.0,18.6,107.75,177.0,60.5,28.15,71.8,32.05,33.26
2025-11-19 07:00:00,24.85,64.97,38.1,163.0,54.1,26.05,77.34,33.7,92.36,102.7,24.15,22.3,96.99,62.0,62.7,27.65,23.13,27.45,17.1,50.88,34.3,48.55,23.4,78.5,81.6,23.95,15.4,22.15,34.4,58.8,12.29,66.23,44.98,23.71,16.13,17.0,31.31,49.05,34.75,20.12,17.15,59.3,95.3,18.65,109.5,176.1,60.5,28.1,71.8,31.55,33.25
2025-11-20 07:00:00,24.8,64.48,37.9,153.8,54.2,25.1,76.71,33.63,91.98,102.4,24.1,22.05,97.09,61.7,62.5,27.55,24.06,27.15,17.05,50.98,34.3,49.3,23.3,78.5,80.8,23.9,14.95,22.1,34.3,57.28,12.25,66.43,45.03,23.71,16.03,17.0,31.13,49.1,34.6,20.21,17.0,59.2,96.0,18.65,110.0,177.2,60.5,28.0,71.8,31.7,33.25
2025-11-21 07:00:00,24.6,63.5,37.4,156.2,53.0,25.3,75.54,33.38,91.12,102.0,23.5,21.75,96.79,61.0,61.9,27.45,23.9,26.9,16.9,51.08,34.1,48.5,23.0,77.2,78.1,23.4,14.9,22.25,33.8,57.09,12.25,65.74,44.6,23.67,16.13,16.8,31.04,48.9,33.5,20.25,16.85,58.7,96.1,18.45,111.0,188.6,59.7,28.0,70.9,31.5,33.0
2025-11-24 07:00:00,24.6,64.88,37.6,156.4,53.1,25.65,77.43,33.7,91.79,102.6,23.15,22.0,98.57,61.0,62.9,27.7,23.94,27.1,16.9,50.78,34.85,48.55,23.05,77.7,79.2,23.65,15.5,22.3,33.75,57.48,12.37,64.95,44.26,23.67,16.23,16.95,31.27,50.0,33.9,20.2,17.0,58.7,98.7,18.5,114.65,193.0,60.1,28.4,74.0,32.25,33.55
2025-11-25 07:00:00,24.1,64.39,37.0,154.6,51.9,25.2,77.52,33.28,89.77,102.5,22.95,21.05,97.98,60.8,62.0,27.0,24.1,26.9,16.65,51.08,34.15,48.5,22.8,77.0,78.5,23.3,15.2,21.6,33.45,57.42,12.25,63.97,44.22,23.57,16.13,16.9,29.72,49.75,33.45,19.8,16.85,58.2,101.2,18.3,120.0,203.5,61.9,28.1,77.9,33.3,33.7
2025-11-26 07:00:00,24.15,63.89,37.05,155.6,51.6,25.4,77.88,33.11,89.87,102.4,23.15,21.2,97.88,60.7,62.5,27.15,24.36,26.85,16.7,50.78,34.35,49.15,22.85,77.3,78.5,23.3,15.3,21.75,33.55,57.22,12.33,63.48,44.5,23.67,16.13,17.0,30.04,49.95,33.5,20.05,16.9,57.8,100.1,18.3,118.75,206.9,62.3,28.2,80.6,33.35,33.8
2025-11-27 07:00:00,24.3,64.29,37.3,156.2,52.0,25.95,77.07,33.73,90.83,102.2,23.3,22.2,97.09,61.5,63.1,27.5,24.36,26.9,16.85,51.08,34.8,49.2,23.3,78.4,79.5,23.3,14.8,22.1,33.7,57.61,12.54,63.97,44.46,23.57,16.38,17.15,30.22,49.3,33.7,20.2,17.3,57.9,101.3,18.55,122.7,193.3,62.0,28.8,87.3,33.65,33.86
2025-11-28 07:00:00,24.25,63.89,37.1,156.4,52.0,26.0,76.62,33.32,90.25,102.6,23.1,21.85,96.1,62.5,63.4,27.25,24.25,26.55,16.6,50.78,34.5,48.2,23.25,77.4,79.2,23.3,14.1,21.95,33.7,58.6,12.62,64.07,44.41,22.68,16.38,17.1,29.67,48.6,33.3,19.95,17.0,57.4,101.3,18.45,124.1,196.8,62.2,28.7,88.0,33.15,33.77
2025-12-01 07:00:00,24.0,64.29,36.95,157.9,51.5,26.1,76.44,33.45,90.16,102.5,23.1,21.7,96.1,63.4,62.7,26.7,24.25,26.5,16.5,50.49,34.15,47.9,23.2,77.7,79.5,23.35,14.6,21.9,33.9,58.41,12.33,63.58,44.65,23.24,16.48,17.05,29.17,48.65,33.2,20.05,17.0,57.5,103.0,18.35,133.0,200.7,64.3,28.85,96.2,34.4,33.9
2025-12-02 07:00:00,23.85,63.5,36.65,157.2,50.4,25.6,73.45,33.45,90.25,102.6,22.9,21.65,95.4,64.8,61.9,26.4,23.86,26.2,16.25,50.1,33.05,47.3,23.0,78.0,79.3,23.4,14.25,21.05,34.2,58.8,12.17,62.0,46.85,23.34,16.57,17.05,28.9,49.0,33.15,19.6,16.85,57.2,103.6,18.25,131.5,201.6,64.5,28.7,103.0,33.6,34.0
2025-12-03 07:00:00,24.0,64.39,37.0,157.4,51.8,26.45,76.17,34.21,92.26,102.9,23.1,22.2,96.0,64.3,62.3,27.45,24.48,26.45,16.55,50.0,33.6,48.0,23.55,78.9,80.2,23.55,14.8,21.6,34.55,59.53,12.29,62.3,49.78,23.38,16.67,17.25,29.31,49.2,34.25,19.95,17.15,57.8,104.8,18.45,134.6,212.2,64.0,29.0,99.5,33.85,34.41
2025-12-04 07:00:00,24.5,64.39,38.05,160.6,52.7,27.1,76.17,35.73,92.46,103.2,23.3,22.5,96.6,64.1,62.1,27.7,24.98,26.9,16.75,50.1,34.2,48.85,24.8,79.9,84.6,23.95,14.95,22.2,34.55,59.59,12.33,62.69,48.44,23.43,16.97,17.5,29.63,49.95,34.8,20.3,17.35,58.7,104.2,18.8,131.0,206.0,63.4,29.9,98.8,33.8,34.8
2025-12-05 07:00:00,24.35,64.39,37.8,160.1,51.9,26.2,76.17,35.39,91.02,103.0,23.2,22.5,96.1,64.0,61.0,27.2,25.02,27.0,16.6,50.3,33.95,48.1,25.1,78.2,84.1,23.85,14.65,22.1,34.3,59.13,12.41,62.69,47.76,23.34,16.52,17.35,29.35,49.2,34.7,20.2,17.25,58.2,104.8,18.6,139.4,200.0,63.4,29.8,101.0,33.75,34.85
2025-12-08 07:00:00,24.2,63.99,37.45,155.4,52.0,25.8,77.07,34.97,89.87,103.6,23.05,22.3,95.5,63.6,59.1,26.8,24.98,26.75,16.45,50.3,33.2,46.05,24.85,77.9,83.5,23.4,14.4,21.6,34.4,59.0,12.25,62.3,47.67,23.48,16.33,17.35,29.4,48.7,34.15,19.95,17.15,57.8,106.0,18.35,149.1,200.9,63.2,29.55,104.0,32.8,34.88
2025-12-09 07:00:00,24.0,63.99,37.1,156.0,54.2,25.55,76.35,34.52,89.77,102.5,22.55,21.85,94.4,63.6,57.9,26.55,24.29,26.4,16.15,50.0,32.3,43.6,24.35,76.6,82.5,23.45,14.1,21.1,34.9,57.61,12.0,61.61,51.12,23.29,15.88,17.1,28.4,48.05,33.5,19.3,16.7,57.3,104.7,18.15,153.0,200.0,62.5,28.4,101.5,31.3,34.5
2025-12-10 07:00:00,24.05,64.19,37.45,157.1,53.1,25.4,76.17,34.63,91.02,102.4,22.65,22.45,95.6,63.4,57.8,26.75,24.36,26.6,16.4,50.0,32.5,43.8,24.6,76.6,82.5,23.5,14.15,21.2,34.5,57.94,12.2,61.51,49.3,23.15,16.03,17.2,28.9,48.4,33.7,19.7,16.9,57.8,100.2,18.15,148.8,193.6,62.3,28.5,95.8,30.0,34.3
2025-12-11 07:00:00,23.95,64.09,37.6,158.2,53.4,25.05,75.8,34.56,90.44,102.6,22.5,22.15,95.6,62.5,58.0,26.6,24.36,26.5,16.35,50.3,32.5,44.25,24.7,76.0,82.3,23.5,14.3,20.9,34.35,58.01,12.05,61.7,49.4,22.96,15.88,17.2,28.95,47.7,33.4,19.65,16.75,57.6,101.1,18.1,138.4,187.9,61.5,28.15,89.1,29.5,34.0
2025-12-12 07:00:00,23.5,63.11,37.0,171.1,52.0,23.4,71.72,34.21,88.05,102.0,22.0,20.7,93.5,61.3,57.4,25.1,23.28,26.0,15.4,50.0,30.5,43.2,24.0,73.1,78.5,22.5,13.35,19.7,33.5,58.08,11.5,61.31,47.91,22.77,15.78,17.0,28.0,46.0,32.0,18.6,16.35,56.8,94.1,17.3,140.0,179.8,60.2,26.55,84.7,27.45,33.0
2025-12-15 07:00:00,23.45,63.5,36.9,171.1,51.6,22.3,71.45,33.9,88.24,101.8,21.6,20.1,93.5,61.0,56.9,25.25,23.05,26.05,15.2,49.71,29.4,42.5,23.65,73.0,77.6,22.65,13.2,18.9,33.6,59.2,11.6,61.11,47.96,22.82,15.44,17.0,28.05,45.95,31.5,17.65,16.25,56.7,91.1,17.15,140.0,183.0,60.3,26.6,78.8,27.45,32.95
2025-12-16 07:00:00,23.45,59.76,36.85,176.1,51.0,22.2,69.64,33.9,82.88,101.9,21.55,19.8,92.0,62.1,57.3,25.6,23.02,26.25,15.2,50.2,29.45,42.75,23.5,73.0,77.5,22.35,13.0,18.45,33.3,59.59,11.85,59.54,46.14,22.68,15.44,17.05,28.0,46.5,30.5,17.0,15.9,56.0,90.5,17.0,140.4,181.8,61.7,26.8,76.5,28.15,32.77
2025-12-17 07:00:00,23.9,61.73,37.45,175.3,53.0,23.45,72.54,34.35,77.13,101.0,22.15,21.25,94.4,62.9,58.2,26.2,24.44,26.4,15.7,50.3,31.35,43.3,24.35,74.0,80.8,22.8,13.25,18.9,34.3,60.12,12.15,60.92,48.05,22.87,15.49,17.2,29.6,47.1,32.55,18.35,16.5,56.7,92.7,17.5,142.6,185.1,62.9,27.8,84.4,28.95,33.58
2025-12-18 07:00:00,23.8,58.98,37.9,182.7,53.2,23.3,72.18,33.95,71.76,101.0,22.1,21.3,93.9,62.4,58.2,26.2,24.75,26.25,15.6,50.39,31.5,42.85,24.25,73.5,80.5,23.25,13.05,18.7,34.6,60.12,12.15,60.52,47.76,22.96,15.44,17.1,29.35,46.9,32.5,18.05,16.45,56.7,93.5,17.45,139.7,182.9,62.9,27.7,84.8,29.55,33.35
2025-12-19 07:00:00,23.85,60.16,37.6,172.5,52.3,23.15,71.72,34.05,66.78,101.0,22.0,21.25,93.6,63.0,58.0,26.45,25.45,26.4,15.6,50.49,31.85,43.5,24.5,74.0,81.3,23.85,13.25,18.8,34.65,59.99,12.2,60.62,47.57,22.87,15.69,17.3,29.85,47.7,33.1,18.1,16.65,56.7,95.1,17.5,142.0,191.8,63.0,28.0,88.0,30.2,33.7
2025-12-22 07:00:00,23.9,60.06,37.65,172.5,53.7,23.65,71.9,34.3,66.97,101.0,22.4,21.25,93.5,64.2,59.2,26.45,25.75,26.6,15.8,50.69,32.55,43.2,24.65,75.5,82.7,24.0,13.65,19.4,34.9,60.32,12.2,60.52,47.43,23.01,15.88,17.35,30.55,48.6,33.75,18.55,16.8,57.3,102.2,17.6,151.8,197.6,63.1,28.1,94.6,31.0,34.05
2025-12-23 07:00:00,23.95,60.06,37.9,175.3,54.8,23.55,72.09,34.65,68.03,101.2,22.2,22.25,93.6,64.6,59.5,26.25,26.95,26.65,15.8,50.59,32.55,41.25,24.9,75.6,84.9,24.05,13.4,19.75,34.9,61.11,12.55,60.42,46.9,22.91,15.93,17.4,30.65,54.2,34.75,18.65,16.95,57.0,107.6,17.7,163.0,202.3,62.3,28.55,98.1,32.4,35.27
2025-12-24 07:00:00,23.95,59.27,37.8,176.0,54.5,23.15,73.9,34.7,64.5,101.0,22.1,22.25,93.1,64.4,58.9,25.9,27.4,26.5,15.75,50.3,32.6,42.0,24.95,75.1,87.0,23.9,13.25,19.7,35.15,61.38,12.6,59.93,46.81,22.72,16.08,17.2,30.4,56.6,34.3,18.55,17.1,56.9,114.5,17.6,164.0,199.0,61.5,28.4,95.8,33.2,35.15
2025-12-25 07:00:00,24.0,59.27,38.35,174.0,54.6,22.5,73.81,35.0,63.5,101.1,22.15,22.0,93.0,65.5,59.4,25.65,26.95,26.25,15.8,49.51,32.15,42.0,25.0,76.0,86.0,24.1,13.3,19.5,35.05,62.96,12.6,59.93,46.23,22.82,16.28,17.2,30.5,55.9,34.0,18.45,17.0,57.0,114.3,17.8,158.0,195.8,61.3,28.75,99.0,32.25,35.2
2025-12-26 07:00:00,23.65,57.5,38.0,174.2,52.8,21.5,71.42,34.25,60.1,100.0,21.75,21.0,91.0,68.0,58.5,25.2,26.8,26.65,16.0,49.81,30.65,41.5,24.2,73.1,82.6,23.85,12.65,18.55,34.7,60.72,12.45,60.03,46.14,21.73,15.69,17.1,29.75,53.1,33.05,18.0,16.6,56.6,106.3,17.2,147.0,205.0,61.2,27.35,92.1,30.0,33.95
2025-12-29 07:00:00,23.8,57.8,38.6,176.2,55.5,22.25,71.23,34.9,58.2,101.4,22.2,21.3,92.5,70.2,59.4,25.6,27.15,26.65,15.9,50.1,31.7,41.45,24.7,74.6,86.1,24.2,13.55,19.3,35.6,62.83,12.85,59.93,46.61,22.77,15.98,17.1,30.4,58.1,33.8,18.25,16.9,57.1,111.0,17.55,155.0,206.7,61.4,27.8,91.6,31.3,34.84
2025-12-30 07:00:00,23.9,58.49,38.65,173.0,58.2,21.9,66.38,35.2,61.6,102.2,22.4,21.3,94.3,73.8,61.0,26.15,27.0,26.5,15.9,50.3,31.2,41.6,24.85,75.5,86.6,24.1,13.9,19.15,35.7,63.16,12.75,60.03,46.42,23.05,15.93,17.1,30.3,58.5,33.75,18.15,16.95,57.2,113.0,17.6,151.6,199.6,61.7,27.9,89.7,32.0,34.96
2025-12-31 07:00:00,23.9,59.47,38.9,174.0,56.8,20.9,69.42,35.4,66.1,101.6,22.25,21.3,95.2,72.4,61.0,26.2,27.75,26.35,15.7,50.2,31.1,41.45,24.95,76.1,87.6,24.3,13.35,18.8,35.3,63.22,12.7,60.03,47.0,23.05,15.98,17.05,30.2,58.0,34.25,17.9,17.1,57.3,115.8,17.7,158.8,201.7,61.2,28.55,88.0,32.2,35.3
2026-01-05 07:00:00,23.85,59.47,37.9,172.8,56.2,20.9,69.9,34.55,65.0,101.5,22.2,20.5,93.2,72.8,60.3,25.5,28.0,25.7,15.4,50.2,30.85,39.9,24.0,75.0,85.8,24.15,13.2,18.5,35.35,63.69,12.5,59.84,46.09,23.29,15.69,17.05,28.8,56.0,33.8,17.5,16.55,57.0,125.2,17.55,166.8,203.7,60.0,27.55,96.0,33.8,35.5
2026-01-06 07:00:00,23.75,59.57,37.8,172.8,57.3,19.85,69.04,34.8,62.7,102.0,22.65,20.6,93.6,77.8,60.3,25.85,28.1,25.35,15.15,49.81,31.45,40.55,25.0,75.9,86.8,24.35,13.3,18.1,36.3,64.28,12.65,59.84,45.22,23.1,15.59,17.0,28.65,56.7,34.2,17.0,16.55,56.6,136.5,17.4,171.4,205.2,60.3,27.65,101.1,35.7,35.75
2026-01-07 07:00:00,24.1,61.44,39.5,173.1,63.0,19.5,69.04,36.35,63.2,101.4,22.8,21.4,94.0,85.2,60.2,28.5,28.35,25.95,15.45,46.73,31.05,41.65,26.45,76.7,88.3,24.6,13.05,18.3,38.85,64.94,12.85,60.23,45.66,22.72,15.98,17.15,29.75,52.8,35.95,17.0,17.1,57.5,141.0,17.8,168.6,207.9,60.5,29.1,98.0,36.6,36.2
2026-01-08 07:00:00,24.5,66.84,40.9,173.0,66.0,19.6,69.04,37.1,62.7,102.7,23.4,21.45,96.5,90.0,61.9,29.6,28.5,26.4,15.75,48.83,30.2,41.4,26.5,77.7,86.2,24.7,13.1,18.45,40.0,67.32,13.85,60.52,46.33,22.63,16.18,17.2,30.2,53.1,35.5,17.1,17.3,59.7,139.1,17.9,176.6,199.5,61.1,29.0,94.1,35.9,36.5
2026-01-09 07:00:00,24.5,66.35,43.7,173.5,66.6,18.35,68.85,38.7,62.6,102.9,23.45,21.3,96.0,89.8,62.0,30.3,27.5,26.2,15.6,49.22,28.5,40.95,26.7,76.5,85.6,24.05,12.5,17.25,41.5,67.97,14.05,60.03,46.61,22.96,16.28,17.25,30.3,51.5,36.2,15.95,17.5,65.4,132.6,17.85,172.6,190.0,61.0,28.2,91.9,34.5,36.45
2026-01-12 07:00:00,24.65,67.82,47.0,173.2,64.1,17.45,68.95,41.35,62.6,103.0,23.85,20.95,98.0,94.5,62.4,31.0,27.25,26.35,15.6,49.61,28.25,41.3,27.55,75.9,85.0,24.35,12.2,16.6,41.55,66.1,13.8,60.03,46.15,22.91,16.18,17.3,30.45,51.1,36.45,15.5,17.55,69.6,130.2,17.85,163.7,188.0,61.1,28.15,87.9,32.55,36.38
2026-01-13 07:00:00,24.9,65.86,48.6,174.0,64.8,18.9,71.52,40.0,62.9,102.6,23.75,21.9,97.9,96.0,62.6,31.55,28.0,27.0,16.15,49.65,29.9,41.3,27.45,79.3,86.2,24.45,12.75,17.85,42.3,66.9,13.9,61.02,47.05,22.63,16.43,17.5,32.65,53.7,37.15,16.45,17.85,71.8,125.7,18.45,158.0,190.2,62.8,30.3,93.1,32.35,36.7
2026-01-14 07:00:00,24.5,67.73,50.2,173.2,67.2,18.55,72.0,40.65,62.9,103.8,24.2,22.95,97.8,100.0,62.6,33.7,27.55,27.0,16.1,49.6,28.75,41.25,26.85,78.6,85.1,25.35,12.7,17.5,47.0,66.97,14.4,61.11,51.3,22.58,16.33,17.55,32.2,53.8,36.0,15.95,17.5,73.1,124.7,18.05,159.0,186.0,63.4,29.2,90.9,31.45,36.2
2026-01-15 07:00:00,24.55,72.74,50.7,174.0,67.3,18.45,71.42,39.6,63.8,104.6,24.3,22.4,98.4,102.3,63.0,35.8,26.8,27.25,16.3,49.7,28.65,41.0,26.8,79.8,84.0,25.7,12.75,17.3,47.0,66.3,14.1,61.11,52.7,22.68,16.03,17.65,32.35,53.7,35.3,15.7,17.3,71.9,117.5,18.2,150.9,177.5,69.5,28.75,89.2,29.8,35.75
2026-01-16 07:00:00,24.65,73.72,50.4,173.5,73.5,18.6,71.42,39.5,66.0,105.0,24.0,22.7,99.5,99.8,63.1,35.55,28.45,27.3,16.65,49.7,29.65,41.2,27.05,79.9,83.8,25.8,12.8,17.35,50.0,67.64,14.2,61.31,51.8,22.77,16.13,17.8,32.0,57.9,35.6,15.75,17.35,72.0,121.1,18.15,153.0,179.6,69.1,28.85,92.1,31.6,36.32
2026-01-19 07:00:00,24.75,74.12,50.5,169.2,70.2,18.4,72.76,39.55,65.1,105.6,24.0,22.7,105.5,98.1,63.6,35.95,28.2,27.65,16.6,49.75,29.3,41.35,27.15,80.2,85.5,25.35,12.8,17.4,51.5,71.3,14.15,62.0,50.2,22.82,16.08,17.8,32.45,57.6,35.8,15.75,17.3,71.6,120.5,18.15,159.0,182.2,68.3,28.9,91.5,31.15,36.66
2026-01-20 07:00:00,25.0,75.79,52.2,163.1,70.8,18.5,71.61,39.65,64.3,104.5,24.15,22.85,104.0,104.0,63.7,37.6,28.75,27.1,16.6,49.5,28.95,41.35,27.1,79.1,86.0,25.65,12.75,17.3,57.5,73.77,14.25,61.7,51.5,22.87,16.13,17.65,32.25,58.1,35.65,15.55,17.4,72.1,119.7,18.05,154.6,181.3,71.1,29.7,91.2,31.0,36.65
2026-01-21 07:00:00,24.75,74.71,51.1,157.5,71.3,17.75,70.47,39.0,64.0,102.9,24.1,22.15,101.1,101.0,68.5,36.5,28.3,26.65,16.15,49.55,28.5,42.5,26.9,78.5,84.4,25.6,12.5,16.85,55.4,72.3,14.1,61.02,50.2,22.63,16.03,17.25,31.4,57.2,35.0,15.0,17.1,71.7,120.3,17.7,158.9,178.1,70.0,29.0,90.0,31.0,36.3
2026-01-22 07:00:00,24.8,72.25,51.6,159.6,73.0,17.9,70.95,39.85,70.2,103.4,24.8,22.25,103.5,104.7,68.7,38.5,29.05,26.85,16.3,49.8,28.1,42.9,26.9,79.1,85.0,25.95,12.3,17.0,56.3,71.77,14.65,61.7,50.5,22.63,16.08,17.3,31.7,63.0,35.65,15.1,17.2,70.6,118.5,17.8,157.0,179.1,70.0,29.05,92.0,31.0,36.6
2026-01-23 07:00:00,24.9,68.12,50.7,157.9,72.1,18.6,71.04,38.85,71.5,103.3,24.4,22.4,101.0,99.2,66.6,36.6,28.65,26.75,16.35,49.8,28.7,41.9,26.65,79.0,85.8,25.95,12.5,17.65,53.0,72.57,13.9,61.8,48.9,22.58,16.03,17.4,31.8,62.6,35.95,15.35,17.2,68.5,121.1,17.75,162.5,179.9,67.2,28.5,92.2,31.85,36.72
2026-01-26 07:00:00,24.65,66.84,50.8,155.0,67.6,17.8,71.14,38.05,68.8,102.5,22.85,21.3,98.0,100.5,64.0,36.65,28.3,26.15,15.75,49.5,27.5,41.5,26.0,76.0,83.9,25.7,11.85,16.85,54.2,75.17,13.75,60.72,48.3,22.49,15.44,17.2,30.8,61.6,35.65,14.55,16.8,68.7,116.1,17.35,159.6,182.0,67.4,27.6,92.1,30.75,35.91
2026-01-27 07:00:00,24.45,63.5,49.5,155.1,66.9,17.25,72.95,38.1,66.1,102.2,23.05,21.0,99.1,109.0,63.3,38.4,27.8,26.2,15.6,49.5,26.55,41.9,26.1,76.7,84.0,25.9,11.4,16.85,56.5,76.9,13.6,60.82,48.25,22.44,15.44,17.2,30.85,61.0,34.75,14.4,17.0,68.1,110.6,17.35,150.1,178.8,66.1,27.7,91.0,29.2,35.73
2026-01-28 07:00:00,23.85,64.48,51.4,159.0,67.4,16.9,72.47,38.3,67.0,103.4,23.4,20.7,102.3,115.0,64.9,38.2,28.35,26.55,15.9,49.5,25.9,41.75,26.2,77.1,84.3,26.0,11.4,16.75,57.2,75.96,13.8,60.72,48.75,22.54,15.59,17.25,30.5,61.9,34.35,14.05,16.85,69.4,102.9,17.35,140.5,166.6,67.2,27.65,85.6,28.75,35.35
2026-01-29 07:00:00,23.75,63.99,51.0,158.0,66.6,18.05,70.95,38.1,66.1,103.0,23.4,20.85,103.7,111.3,65.2,37.9,27.8,26.8,16.15,49.6,26.5,41.5,26.3,80.2,85.3,25.95,11.9,17.15,56.4,79.3,13.35,60.82,49.0,22.21,15.59,17.25,30.95,62.6,34.15,14.9,16.7,68.6,104.1,17.4,138.5,161.0,67.9,27.65,88.2,29.05,35.36
2026-01-30 07:00:00,23.8,65.76,51.9,157.5,68.5,18.2,72.0,37.8,68.2,103.5,23.85,20.7,103.9,115.8,67.0,39.65,27.8,26.75,16.1,49.65,26.85,41.5,26.6,83.3,89.8,26.15,12.15,17.35,57.7,80.96,13.5,60.82,49.9,21.73,15.59,17.15,31.1,62.7,34.8,15.15,16.65,69.6,104.0,17.45,135.9,159.4,70.5,27.55,90.9,29.5,35.84
2026-02-02 07:00:00,23.7,67.33,52.1,158.8,69.8,18.05,74.57,38.7,66.6,103.5,23.9,20.4,101.6,110.0,66.6,39.65,27.25,26.25,15.6,49.9,26.5,40.75,26.95,82.2,90.5,26.2,12.6,17.65,56.8,78.76,13.7,60.03,49.2,22.3,15.49,16.75,30.6,62.0,34.75,14.9,17.0,69.3,98.6,17.4,130.7,160.3,70.3,27.25,86.8,28.1,35.15
2026-02-03 07:00:00,23.7,68.81,54.0,159.0,73.0,18.15,75.42,39.3,67.3,104.1,24.5,20.75,102.9,113.1,69.2,41.0,27.35,26.65,15.7,51.7,26.5,41.5,27.5,83.3,91.5,26.55,12.75,17.65,59.5,75.63,14.3,60.52,50.3,22.39,15.49,16.85,30.9,62.7,34.7,15.25,16.95,71.3,95.5,17.35,125.3,164.8,71.3,27.5,84.9,28.1,35.79
2026-02-04 07:00:00,23.55,70.28,52.6,157.5,79.0,18.1,80.47,39.15,67.7,103.3,24.6,21.3,101.5,114.3,72.7,40.5,27.2,26.85,15.9,52.2,26.45,41.7,27.55,82.5,90.6,26.5,12.55,17.45,58.7,79.3,14.25,61.02,51.6,22.35,15.44,16.85,31.35,62.6,34.35,15.2,17.1,70.5,90.8,17.3,121.6,161.2,70.8,27.25,80.7,27.1,35.0
2026-02-05 07:00:00,23.45,67.73,51.5,156.5,79.1,18.1,79.81,38.6,67.5,103.1,25.0,21.0,99.0,112.0,71.1,40.0,27.25,27.55,16.15,52.0,26.6,41.0,27.05,79.4,90.2,26.6,12.35,17.25,57.4,76.23,14.2,61.11,50.0,22.35,15.44,16.8,31.0,62.3,34.75,15.3,17.1,68.4,91.2,17.15,118.9,162.2,69.1,27.4,83.7,28.05,35.06
2026-02-06 07:00:00,23.0,64.39,50.7,155.5,75.2,17.1,76.09,37.4,65.2,102.2,24.15,20.5,96.7,109.5,70.2,38.85,26.5,26.8,15.6,51.6,25.4,40.4,26.45,77.7,86.0,26.1,12.0,16.8,54.3,72.03,13.5,60.33,48.7,22.25,15.14,16.55,29.9,60.8,34.1,14.7,16.75,64.9,95.1,16.7,128.0,161.4,68.2,26.8,83.0,28.0,34.35
2026-02-09 07:00:00,22.9,62.91,50.6,155.2,76.0,16.95,74.95,36.8,65.7,102.6,24.4,20.5,97.9,114.5,69.4,38.6,26.25,26.7,15.4,51.5,25.75,41.7,27.4,78.0,88.5,26.65,12.1,16.85,56.5,73.3,13.4,60.33,48.9,22.3,14.85,16.55,29.6,60.3,34.5,14.45,16.75,64.2,93.1,16.7,129.5,164.5,69.3,26.65,81.1,27.45,34.44
2026-02-10 07:00:00,22.85,62.52,47.1,154.0,72.0,16.9,75.71,36.65,67.0,102.0,24.6,20.0,97.3,107.7,68.7,35.95,26.0,26.4,15.4,51.5,26.55,41.3,27.5,75.6,87.8,26.2,12.2,17.05,53.3,69.97,12.8,59.54,47.75,22.21,14.75,16.5,29.5,59.0,34.45,14.8,16.65,62.6,94.0,16.5,132.3,161.5,68.1,26.35,81.5,27.9,34.6
2026-02-11 07:00:00,23.05,63.3,46.1,155.0,73.5,17.1,76.19,37.3,68.0,103.0,24.8,20.5,97.4,102.0,69.9,35.2,26.65,26.5,15.45,51.3,27.6,41.65,28.05,76.9,89.3,26.4,12.3,17.2,50.5,73.97,13.0,59.54,48.05,21.97,14.95,16.6,30.1,59.3,34.6,15.05,16.8,63.5,102.4,16.65,147.0,161.2,68.4,26.8,83.4,28.8,34.76
2026-02-12 07:00:00,23.55,62.1,47.35,157.0,76.3,17.7,77.61,37.75,67.6,103.2,25.0,21.9,98.4,101.0,71.4,35.3,27.65,26.75,15.45,51.4,27.95,41.65,28.3,78.0,91.1,26.85,12.65,17.6,51.6,75.3,13.2,60.52,48.5,22.06,15.04,16.65,31.05,61.1,35.2,15.85,17.15,64.2,102.1,16.95,152.0,165.7,69.0,28.15,83.8,29.2,35.49
2026-02-13 07:00:00,23.7,62.3,46.8,158.0,74.0,17.65,76.28,37.7,67.3,103.2,24.95,22.3,96.3,99.7,73.5,35.1,27.7,26.8,15.5,51.6,28.0,41.05,28.3,77.7,91.5,26.9,12.65,17.4,50.7,76.9,13.2,60.62,48.4,22.21,15.04,16.75,30.9,61.1,35.2,16.1,17.1,64.0,105.3,17.05,152.0,165.5,68.6,27.9,83.1,29.1,35.36
2026-02-23 07:00:00,23.85,63.6,47.15,158.9,76.8,18.1,77.33,38.55,68.8,103.3,25.15,22.55,93.1,104.9,74.0,37.0,28.05,27.1,15.65,51.7,27.45,42.35,28.3,78.3,91.1,27.25,12.6,17.3,53.3,79.5,13.55,60.82,48.6,22.49,15.19,16.95,31.3,62.5,35.45,16.2,17.4,64.6,108.0,17.3,159.2,169.2,69.8,28.3,84.3,29.4,35.96
2026-02-24 07:00:00,24.0,64.0,48.45,160.0,82.0,18.3,81.14,38.05,70.0,103.8,25.5,23.3,92.5,107.1,75.3,39.05,27.75,27.35,15.8,51.9,27.75,42.1,28.15,78.6,90.5,27.5,12.65,17.3,56.7,79.16,13.7,60.92,48.65,22.58,15.34,16.9,31.25,63.0,35.75,16.3,17.65,64.9,107.1,17.25,159.0,170.7,70.2,28.55,83.5,29.35,35.95
2026-02-25 07:00:00,24.05,64.5,48.5,160.5,79.5,18.1,82.66,38.2,73.5,104.6,26.6,23.6,89.0,108.0,79.1,39.5,28.2,28.4,16.35,51.7,27.6,42.05,28.3,80.3,92.0,27.75,12.6,17.0,57.0,74.7,13.95,61.31,48.8,22.63,15.29,16.8,31.8,63.4,35.7,15.9,18.05,64.7,106.4,17.2,155.0,177.0,70.4,28.8,80.1,28.55,36.15
2026-02-26 07:00:00,24.25,65.8,47.75,159.4,81.9,18.1,81.71,38.05,73.5,104.3,26.35,23.3,89.9,105.5,79.5,40.05,27.95,28.8,16.1,51.6,27.8,42.2,28.45,79.9,92.5,26.95,12.5,16.85,56.0,77.96,13.95,61.7,48.8,22.63,15.78,16.75,32.0,65.6,36.0,15.5,18.15,65.0,105.6,17.35,157.0,173.7,69.6,28.85,79.6,28.55,36.2
2026-02-27 07:00:00,24.2,66.1,47.5,158.0,80.0,17.2,82.0,38.05,72.0,104.3,26.7,23.4,90.3,105.5,80.8,39.8,27.95,28.8,16.05,51.3,27.2,42.75,28.5,79.0,92.6,27.5,12.2,16.2,57.5,79.7,14.3,61.5,48.35,22.63,15.64,16.75,32.1,65.5,35.85,15.2,18.25,64.8,104.6,17.3,168.0,175.2,68.0,28.75,80.5,29.05,36.0
2026-03-02 07:00:00,23.9,64.5,45.2,155.5,79.5,16.45,81.42,36.85,71.9,103.1,29.0,22.7,89.3,112.5,81.0,37.5,26.95,28.05,15.55,50.7,26.15,41.9,27.6,77.3,90.0,27.2,11.6,15.3,60.0,79.96,14.6,60.5,47.0,22.49,15.0,16.55,31.3,64.1,34.65,14.5,17.8,62.9,100.5,16.8,166.0,168.2,66.5,27.95,80.1,27.8,35.51
2026-03-03 07:00:00,23.5,62.6,43.5,157.1,81.3,16.0,81.52,35.9,73.6,103.1,29.6,22.5,87.0,111.0,80.0,41.2,26.3,27.6,15.45,50.3,27.0,41.5,27.0,77.0,86.9,28.3,11.5,15.05,58.9,79.63,15.45,63.9,45.3,22.54,15.14,16.5,32.0,67.0,33.6,14.3,17.55,61.4,93.5,16.7,155.5,164.1,63.4,27.3,75.7,26.05,34.6
2026-03-04 07:00:00,23.1,58.5,43.4,150.3,75.9,15.35,76.76,35.45,70.1,102.5,29.35,21.85,84.2,121.8,76.1,42.8,25.7,26.8,14.5,49.7,25.5,41.5,26.35,74.0,83.8,26.9,10.9,14.6,66.0,76.56,15.4,63.0,45.2,22.25,14.8,16.4,31.5,65.3,31.8,13.45,16.6,61.7,87.0,16.45,150.6,155.8,62.0,26.5,73.9,25.35,33.75
2026-03-05 07:00:00,23.2,59.0,44.4,151.5,76.0,16.0,76.66,36.2,71.0,102.8,29.6,22.35,84.4,119.7,77.1,40.55,25.95,27.1,15.0,50.0,26.5,42.0,27.0,75.3,85.2,27.4,11.1,15.3,64.7,75.3,15.0,63.5,45.65,22.16,14.95,16.5,33.5,64.9,32.2,13.9,17.05,62.5,93.3,16.8,157.2,156.0,63.0,26.95,75.0,27.0,34.5
2026-03-06 07:00:00,23.2,58.5,43.0,150.1,74.0,16.15,75.71,35.65,71.1,102.7,30.5,22.0,81.5,112.0,75.9,37.75,25.6,26.85,14.75,49.95,25.65,41.85,26.65,73.2,81.7,27.2,11.1,15.3,60.8,73.7,14.5,61.0,45.55,21.69,14.75,16.65,31.5,62.6,31.35,13.7,16.85,61.6,93.0,16.7,156.0,152.2,62.2,26.65,74.9,26.25,33.9
2026-03-09 07:00:00,21.7,54.5,40.55,140.5,71.3,15.15,71.61,33.2,70.0,98.0,29.9,20.55,75.9,104.3,72.6,35.15,24.1,25.35,13.8,47.2,23.95,39.5,24.85,68.2,77.0,25.75,10.5,14.55,57.7,70.97,13.55,57.7,42.45,20.65,14.16,15.95,29.3,59.4,29.25,12.85,15.7,57.3,88.4,15.55,145.6,145.5,58.1,24.8,71.4,24.45,31.93
2026-03-10 07:00:00,22.0,53.8,39.5,140.5,70.9,14.55,71.61,33.6,73.2,100.0,30.0,20.6,76.4,97.0,70.2,32.7,24.6,26.15,13.9,48.6,24.0,39.5,25.6,66.1,77.4,25.2,10.0,13.7,53.7,72.43,12.75,58.6,43.1,21.12,13.96,16.2,29.0,62.6,29.75,12.95,15.7,58.8,88.3,15.95,141.0,150.7,59.5,24.8,67.0,23.5,32.41
2026-03-11 07:00:00,23.0,54.0,41.3,140.5,70.5,14.85,74.09,34.7,76.0,101.3,29.9,21.1,78.3,93.2,70.7,33.35,24.95,26.95,14.25,50.0,24.9,39.8,26.45,69.1,80.5,25.5,10.55,14.25,51.4,74.3,13.0,59.5,44.05,21.12,14.21,16.25,29.4,64.5,29.95,13.8,16.0,60.0,89.2,16.2,143.0,152.8,61.6,25.4,72.0,23.9,32.69
2026-03-12 07:00:00,22.6,54.8,40.65,142.1,72.3,15.7,74.38,34.25,76.2,100.8,32.35,22.05,77.5,98.7,75.3,35.1,25.1,26.65,14.35,50.3,25.05,40.6,26.0,71.8,83.1,26.15,10.95,14.85,52.0,76.63,13.2,59.0,43.7,21.36,14.26,16.3,28.9,65.1,29.9,14.25,15.95,59.5,93.5,16.6,142.9,152.8,61.3,25.5,76.1,24.8,32.8
2026-03-13 07:00:00,22.8,53.7,39.95,138.3,71.3,15.9,73.71,33.95,76.5,101.0,32.5,22.3,76.3,91.8,75.1,33.3,25.2,26.5,14.25,50.5,25.15,40.9,25.8,72.7,82.0,26.4,11.9,14.9,48.4,76.56,13.2,62.6,43.65,21.12,14.4,16.35,28.2,64.9,29.65,14.3,15.85,58.9,93.9,16.55,141.2,152.6,61.6,25.0,77.3,25.25,32.5
2026-03-16 07:00:00,23.25,53.2,40.0,137.5,71.9,16.65,76.57,34.0,72.2,101.1,30.9,22.0,77.1,85.4,72.7,32.5,25.2,26.55,14.35,50.4,25.9,40.9,26.1,73.4,80.4,25.7,13.1,15.4,45.05,76.1,12.95,62.0,44.1,20.98,14.5,16.35,28.3,65.6,30.0,14.75,15.95,58.6,96.9,16.75,141.4,152.6,61.7,25.4,75.9,25.1,32.47
2026-03-17 07:00:00,23.5,54.1,40.35,140.0,72.9,16.3,78.47,34.4,68.8,101.5,28.75,22.5,79.1,86.0,73.6,33.2,25.65,26.9,14.5,50.2,26.1,42.2,26.25,73.8,81.5,25.55,13.3,15.15,45.35,76.9,13.1,62.5,44.35,20.89,14.85,16.55,28.65,67.0,30.1,14.5,16.1,59.4,100.8,17.0,145.0,154.0,61.5,25.7,76.0,25.9,33.0
2026-03-18 07:00:00,23.55,53.7,41.0,136.0,72.4,16.0,76.38,34.6,64.0,101.4,28.85,22.5,78.1,86.4,76.3,32.95,25.25,26.65,14.6,50.1,25.8,43.3,25.75,74.0,82.4,25.45,12.8,14.8,45.2,75.63,13.0,62.0,43.9,20.74,14.7,16.6,27.7,62.9,30.15,14.25,15.9,60.0,101.5,16.85,146.0,155.2,61.6,25.4,76.4,26.1,33.18
2026-03-19 07:00:00,23.25,52.8,40.1,127.5,73.2,16.1,76.09,34.3,59.6,100.7,29.75,22.2,76.6,87.4,76.1,32.05,25.25,26.35,14.5,50.0,25.55,41.5,25.9,73.5,81.4,25.4,12.8,14.9,45.6,74.7,12.9,62.7,43.6,19.99,14.55,16.6,26.6,62.1,29.9,14.2,15.75,59.0,100.5,16.6,145.0,155.0,60.8,24.95,76.2,25.35,32.6
2026-03-20 07:00:00,23.0,52.7,39.6,128.1,73.9,16.3,77.42,33.6,55.5,100.3,28.7,22.25,73.6,82.0,75.1,30.7,24.9,25.9,14.2,49.0,25.5,41.05,25.95,71.3,79.7,25.7,13.45,15.1,42.8,75.03,12.8,65.1,42.6,19.33,14.6,16.75,26.65,62.7,29.85,14.55,15.8,58.0,97.0,16.7,135.0,151.3,60.0,25.05,78.6,24.8,31.83
2026-03-23 07:00:00,22.45,49.75,38.1,121.2,72.6,15.4,74.76,32.0,51.7,99.0,28.0,21.0,71.6,78.5,71.9,28.6,23.8,25.25,13.65,48.65,23.85,40.95,24.85,70.6,74.2,24.65,12.55,14.1,40.05,70.83,12.4,64.0,42.2,19.14,14.11,16.35,25.2,60.0,28.9,14.25,15.1,56.5,93.0,16.2,125.6,151.1,59.2,23.9,73.5,24.5,30.85
2026-03-24 07:00:00,22.75,50.9,38.5,123.0,75.4,16.05,75.71,33.1,51.7,99.8,28.45,21.55,74.1,78.8,73.2,28.6,24.25,25.85,14.2,48.05,24.35,40.95,25.4,71.7,75.0,25.0,12.7,14.45,38.5,70.77,12.45,65.3,43.25,19.57,14.21,16.6,25.85,60.5,29.15,15.15,15.35,58.0,96.5,16.4,122.8,146.7,60.9,24.25,76.1,25.15,31.1
2026-03-25 07:00:00,23.15,51.8,38.9,126.0,80.6,16.8,77.71,33.7,52.5,100.0,28.7,22.15,75.6,81.2,74.4,29.35,24.5,26.1,14.35,48.05,25.15,41.45,25.85,72.2,76.8,25.8,13.2,14.9,40.4,72.17,12.8,66.3,44.4,19.75,14.3,16.65,26.3,61.1,30.05,16.0,15.8,58.0,99.2,16.7,126.0,150.0,61.4,25.55,79.0,25.4,31.45
2026-03-26 07:00:00,23.3,52.8,38.9,124.1,81.5,18.0,79.61,33.45,51.7,99.9,28.5,22.25,74.2,79.8,74.0,29.65,24.5,25.9,14.3,49.0,25.35,41.45,25.7,71.8,77.4,27.1,13.55,15.15,39.7,68.83,13.05,70.9,43.6,20.23,14.55,16.6,26.35,60.3,30.15,15.85,15.9,57.5,101.1,16.9,125.9,150.9,61.0,25.85,80.5,25.55,31.5
2026-03-27 07:00:00,23.3,52.8,38.9,124.3,81.0,18.05,80.19,33.6,51.6,100.4,30.65,22.3,74.0,79.9,76.6,30.0,24.55,25.85,14.5,48.9,25.3,41.7,25.6,72.2,78.2,27.25,13.95,15.2,40.0,67.1,12.9,70.3,43.75,20.23,14.85,16.65,26.35,59.7,30.05,15.85,15.9,57.9,100.2,16.85,128.6,153.3,60.9,25.9,80.0,25.3,31.7
2026-03-30 07:00:00,23.3,53.1,38.95,124.7,81.4,18.2,79.71,33.9,48.25,100.0,30.8,22.1,73.5,80.4,76.7,31.15,24.55,25.95,14.5,48.55,25.65,41.2,25.65,71.8,78.6,27.25,13.85,16.2,41.4,70.04,12.85,70.0,42.05,21.12,14.8,16.6,26.0,58.1,29.75,16.1,15.85,57.8,100.2,16.8,127.5,152.0,60.2,25.55,80.0,25.0,31.48
2026-03-31 07:00:00,23.45,53.1,39.1,127.0,81.7,18.5,80.0,34.1,49.5,100.6,29.3,23.0,74.4,78.1,77.9,31.7,25.0,26.8,14.8,48.1,25.75,41.5,25.95,75.0,80.5,27.5,13.85,16.25,40.35,71.37,12.95,68.4,44.15,21.22,15.04,16.75,26.55,61.2,30.4,16.35,16.0,58.0,102.0,16.9,130.0,156.0,60.5,26.25,82.3,25.45,32.1
2026-04-01 07:00:00,23.7,53.9,39.7,129.5,81.9,18.35,80.19,34.65,50.2,101.0,28.8,23.35,75.0,79.6,76.7,32.3,25.6,27.1,14.85,48.55,26.25,41.95,26.5,75.9,81.8,27.55,13.9,16.2,40.5,71.9,12.95,67.4,44.35,21.03,15.0,16.9,27.6,62.2,30.8,17.0,16.3,58.5,110.2,17.1,139.3,156.2,61.0,26.8,83.4,26.7,32.72
2026-04-02 07:00:00,23.3,53.6,39.4,128.4,81.5,18.1,78.09,34.1,49.6,100.3,28.65,22.85,74.2,78.7,72.0,31.8,25.25,26.75,14.75,48.8,26.0,41.45,25.9,75.3,80.0,26.9,13.75,15.85,40.05,70.77,12.75,66.0,44.1,20.74,14.55,16.75,27.35,60.7,30.1,16.8,15.95,58.1,116.1,16.85,137.8,161.2,60.8,26.0,81.0,27.2,32.7
2026-04-03 07:00:00,23.25,53.2,39.05,125.9,78.0,17.8,75.61,33.8,55.0,100.6,28.8,22.15,73.9,79.6,69.9,31.5,25.15,26.6,14.8,48.7,25.3,41.8,25.95,74.8,79.2,26.0,13.9,15.9,40.2,71.17,12.6,64.4,44.1,20.51,14.4,16.7,27.0,60.6,29.75,16.5,15.95,57.7,117.8,16.65,139.3,161.1,60.0,25.75,83.2,26.35,32.5
2026-04-06 07:00:00,23.2,52.4,38.65,124.9,81.2,17.4,74.57,33.55,53.0,99.9,27.6,21.8,73.5,78.1,70.4,30.85,25.25,26.6,14.65,46.0,24.7,43.35,25.6,74.5,77.6,25.2,14.35,15.15,38.9,69.7,12.4,64.1,44.05,20.37,14.5,16.65,26.85,59.6,29.0,15.45,15.85,57.7,116.0,16.55,139.0,159.0,60.0,25.5,80.0,25.65,32.32
2026-04-07 07:00:00,23.15,52.0,39.0,123.6,77.8,17.4,74.85,33.5,52.5,99.6,27.75,21.8,73.8,75.8,70.2,30.5,25.05,26.75,14.5,47.6,24.2,46.4,25.45,74.3,76.6,25.0,14.0,15.3,38.55,66.64,12.35,64.4,43.9,20.41,14.45,16.65,26.75,61.0,28.35,15.75,15.55,57.7,113.5,16.55,139.9,159.5,60.3,25.5,78.8,25.5,32.42
2026-04-08 07:00:00,23.55,53.6,40.05,126.5,79.7,18.1,76.95,34.3,54.8,100.0,27.9,22.6,75.1,78.3,72.7,32.05,25.55,27.4,14.9,47.8,25.5,47.45,26.1,76.3,79.9,25.5,14.9,15.9,38.95,68.44,12.65,65.7,44.5,20.46,14.85,16.85,28.5,63.1,29.5,16.45,16.15,58.8,117.6,16.9,147.1,164.7,61.7,26.65,82.0,26.5,33.41
2026-04-09 07:00:00,23.75,54.3,40.5,129.3,79.5,18.4,77.33,34.8,52.9,100.0,28.4,22.6,78.1,78.1,73.2,32.35,25.9,27.65,15.0,48.35,25.95,47.25,26.35,76.8,80.7,25.6,15.9,16.3,39.5,71.1,12.75,65.4,44.85,20.46,15.05,17.05,28.75,65.5,30.6,16.9,16.25,59.3,121.9,17.05,149.2,165.0,61.4,27.05,80.0,27.2,33.88
2026-04-10 07:00:00,23.85,55.3,40.65,130.2,75.3,18.45,78.0,35.0,51.7,100.0,28.4,22.65,77.3,78.2,72.6,32.7,26.15,28.0,15.3,48.6,26.15,48.0,26.65,77.5,81.0,25.75,16.6,16.4,39.55,72.1,13.0,65.1,45.15,20.41,15.2,16.9,28.6,66.1,31.05,16.65,16.3,59.6,120.6,17.2,151.5,166.0,62.5,27.3,79.5,27.05,34.11
2026-04-13 07:00:00,23.55,54.5,40.25,130.5,75.1,18.7,77.61,34.55,53.1,99.7,29.3,22.75,75.9,80.6,71.0,32.6,25.75,27.8,15.0,48.25,25.9,47.85,26.25,76.4,79.8,26.3,16.55,16.25,40.5,72.5,12.95,66.1,45.25,20.41,14.95,16.95,28.1,66.0,31.5,16.75,16.1,59.0,118.2,17.3,149.3,161.3,62.2,26.8,79.1,26.9,33.67
2026-04-14 07:00:00,23.8,55.0,40.25,135.7,75.1,19.65,78.95,34.8,54.0,99.2,28.65,22.95,76.0,79.1,73.4,32.35,26.05,27.95,15.35,48.5,26.15,48.0,26.5,77.0,81.4,26.3,16.7,16.25,40.1,72.23,13.0,65.9,45.05,20.41,14.8,16.9,28.45,66.1,31.85,17.15,16.4,59.1,122.9,17.6,161.9,165.4,62.0,27.1,79.7,27.6,34.29
2026-04-15 07:00:00,23.8,54.6,40.3,142.8,73.9,19.4,78.28,34.85,54.6,99.4,28.3,22.7,75.0,79.1,73.8,31.9,26.15,28.05,16.1,47.05,26.3,47.7,26.6,77.0,80.0,26.1,17.4,16.4,39.65,72.63,13.05,64.5,45.15,20.41,14.95,16.8,28.7,64.3,31.85,17.0,16.35,59.6,129.3,17.35,166.2,166.8,61.2,27.25,79.7,28.25,34.48
2026-04-16 07:00:00,23.6,54.4,40.15,140.6,70.9,18.7,77.9,34.5,54.0,99.3,28.25,22.25,74.0,78.1,73.5,32.15,26.1,27.75,15.65,47.9,26.1,47.05,26.2,76.7,80.2,25.8,16.65,16.1,38.9,71.43,13.2,64.0,45.3,20.41,15.1,16.6,28.55,63.5,31.8,16.8,16.2,59.3,137.0,17.1,178.9,171.4,61.1,27.0,83.9,29.0,34.68
2026-04-17 07:00:00,23.65,55.0,40.1,145.4,72.4,19.0,78.5,34.55,54.2,99.3,28.5,22.3,74.9,78.1,74.2,32.25,26.05,27.9,15.85,47.45,26.05,46.0,26.3,78.3,82.5,25.95,16.85,16.15,38.95,72.17,13.2,64.0,45.3,20.45,15.25,16.55,28.55,63.9,32.0,17.1,16.2,59.4,135.5,17.1,187.5,172.2,61.3,27.65,81.8,28.55,34.9
2026-04-20 07:00:00,23.75,55.5,40.25,147.0,71.9,18.9,79.3,34.9,52.5,99.4,28.5,22.45,76.1,79.0,74.0,32.85,26.2,28.05,16.0,47.3,25.9,46.0,26.35,79.3,86.4,26.0,16.85,16.05,39.3,74.3,13.1,64.0,45.35,20.45,15.15,16.65,28.6,64.1,32.35,16.95,16.25,59.5,131.5,17.3,178.1,173.2,61.3,28.05,81.1,28.15,35.1
2026-04-21 07:00:00,23.75,55.6,40.4,151.0,71.2,18.5,81.3,34.85,52.5,99.5,28.2,22.55,75.1,78.5,73.9,32.45,26.65,28.5,16.0,44.75,25.6,46.2,26.3,78.8,85.6,25.8,17.2,15.85,39.3,74.23,13.1,64.5,45.15,20.05,15.15,16.65,28.3,66.9,32.5,16.6,16.25,59.6,145.8,17.2,192.4,175.0,61.5,27.55,83.6,29.2,35.4
2026-04-22 07:00:00,23.55,54.4,40.2,148.2,70.6,18.6,80.7,34.8,53.6,99.1,27.9,22.65,74.1,78.1,73.2,32.2,26.25,28.05,15.85,45.3,25.45,46.15,26.1,78.1,84.8,25.35,17.7,15.8,39.0,72.63,13.0,64.3,44.8,20.15,15.05,16.6,28.1,66.5,32.9,16.6,16.15,59.2,141.3,17.15,191.2,173.0,61.5,27.4,80.8,28.7,35.1
2026-04-23 07:00:00,23.5,53.8,40.25,144.0,67.3,18.1,80.7,34.8,53.1,99.3,26.65,22.1,74.1,75.9,73.5,32.1,26.35,27.6,15.5,46.2,25.2,46.45,26.15,77.1,84.3,24.1,18.85,15.8,38.0,71.1,12.55,62.0,44.85,20.35,14.8,16.6,27.55,65.2,32.9,16.4,16.25,59.6,146.2,17.1,209.1,172.4,61.0,27.4,82.0,29.05,35.0
