date,E1VFVN30
2014-10-07 07:00:00,-0.009615384615384581
2014-10-08 07:00:00,0.0
2014-10-09 07:00:00,-0.009708737864077777
2014-10-10 07:00:00,-0.02941176470588225
2014-10-13 07:00:00,0.0
2014-10-14 07:00:00,0.0
2014-10-15 07:00:00,0.0
2014-10-16 07:00:00,-0.030303030303030387
2014-10-17 07:00:00,0.01041666666666674
2014-10-20 07:00:00,0.01030927835051565
2014-10-21 07:00:00,0.010204081632652962
2014-10-22 07:00:00,-0.010101010101010055
2014-10-23 07:00:00,0.0
2014-10-24 07:00:00,-0.010204081632653184
2014-10-27 07:00:00,-0.010309278350515427
2014-10-28 07:00:00,-0.01041666666666663
2014-10-29 07:00:00,0.03157894736842115
2014-10-30 07:00:00,-0.010204081632653184
2014-10-31 07:00:00,0.020618556701031077
2014-11-03 07:00:00,0.02020202020202011
2014-11-04 07:00:00,0.0
2014-11-05 07:00:00,-0.00990099009900991
2014-11-06 07:00:00,-0.019999999999999907
2014-11-07 07:00:00,0.0
2014-11-10 07:00:00,0.010204081632652962
2014-11-11 07:00:00,0.010101010101010166
2014-11-12 07:00:00,-0.010000000000000009
2014-11-13 07:00:00,0.010101010101010166
2014-11-14 07:00:00,-0.010000000000000009
2014-11-17 07:00:00,0.0
2014-11-18 07:00:00,0.0
2014-11-19 07:00:00,-0.010101010101010055
2014-11-20 07:00:00,0.010204081632652962
2014-11-21 07:00:00,-0.030303030303030387
2014-11-24 07:00:00,-0.01041666666666663
2014-11-25 07:00:00,0.021052631578947212
2014-11-26 07:00:00,-0.020618556701030855
2014-11-27 07:00:00,0.0
2014-11-28 07:00:00,0.0
2014-12-01 07:00:00,0.021052631578947212
2014-12-02 07:00:00,-0.020618556701030855
2014-12-03 07:00:00,0.010526315789473717
2014-12-04 07:00:00,0.01041666666666674
2014-12-05 07:00:00,0.0
2014-12-08 07:00:00,-0.010309278350515427
2014-12-09 07:00:00,-0.02083333333333326
2014-12-10 07:00:00,0.010638297872340496
2014-12-11 07:00:00,0.0
2014-12-12 07:00:00,0.0
2014-12-15 07:00:00,0.0
2014-12-16 07:00:00,-0.021052631578947323
2014-12-17 07:00:00,-0.043010752688172116
2014-12-18 07:00:00,0.011235955056179803
2014-12-19 07:00:00,0.0
2014-12-22 07:00:00,0.022222222222222143
2014-12-23 07:00:00,-0.010869565217391242
2014-12-24 07:00:00,0.0
2014-12-25 07:00:00,0.0
2014-12-26 07:00:00,0.01098901098901095
2014-12-29 07:00:00,0.0
2014-12-30 07:00:00,0.010869565217391353
2014-12-31 07:00:00,0.010752688172043001
2015-01-05 07:00:00,0.0
2015-01-06 07:00:00,0.0
2015-01-07 07:00:00,0.0
2015-01-08 07:00:00,-0.010638297872340385
2015-01-09 07:00:00,0.021505376344086002
2015-01-12 07:00:00,0.010526315789473717
2015-01-13 07:00:00,0.0
2015-01-14 07:00:00,0.0
2015-01-15 07:00:00,-0.01041666666666663
2015-01-16 07:00:00,0.0
2015-01-19 07:00:00,0.0
2015-01-20 07:00:00,-0.010526315789473606
2015-01-21 07:00:00,0.0
2015-01-22 07:00:00,0.0
2015-01-23 07:00:00,0.010638297872340496
2015-01-26 07:00:00,0.0
2015-01-27 07:00:00,0.0
2015-01-28 07:00:00,0.0
2015-01-29 07:00:00,0.0
2015-01-30 07:00:00,0.0
2015-02-02 07:00:00,-0.021052631578947323
2015-02-03 07:00:00,0.0
2015-02-04 07:00:00,0.0
2015-02-05 07:00:00,-0.010752688172043112
2015-02-06 07:00:00,0.0
2015-02-09 07:00:00,0.010869565217391353
2015-02-10 07:00:00,-0.010752688172043112
2015-02-11 07:00:00,0.010869565217391353
2015-02-12 07:00:00,0.010752688172043001
2015-02-13 07:00:00,0.010638297872340496
2015-02-24 07:00:00,0.0
2015-02-25 07:00:00,0.010526315789473717
2015-02-26 07:00:00,-0.01041666666666663
2015-02-27 07:00:00,0.0
2015-03-02 07:00:00,0.0
2015-03-03 07:00:00,0.010526315789473717
2015-03-04 07:00:00,0.0
2015-03-05 07:00:00,0.0
2015-03-06 07:00:00,0.01041666666666674
2015-03-09 07:00:00,-0.010309278350515427
2015-03-10 07:00:00,0.0
2015-03-11 07:00:00,-0.01041666666666663
2015-03-12 07:00:00,0.0
2015-03-13 07:00:00,0.0
2015-03-16 07:00:00,-0.010526315789473606
2015-03-17 07:00:00,0.0
2015-03-18 07:00:00,0.0
2015-03-19 07:00:00,-0.010638297872340385
2015-03-20 07:00:00,0.0
2015-03-23 07:00:00,0.010752688172043001
2015-03-24 07:00:00,-0.010638297872340385
2015-03-25 07:00:00,-0.010752688172043112
2015-03-26 07:00:00,0.0
2015-03-27 07:00:00,0.010869565217391353
2015-03-30 07:00:00,-0.032258064516129115
2015-03-31 07:00:00,0.022222222222222143
2015-04-01 07:00:00,-0.032608695652173836
2015-04-02 07:00:00,0.011235955056179803
2015-04-03 07:00:00,0.0
2015-04-06 07:00:00,-0.011111111111111072
2015-04-07 07:00:00,0.011235955056179803
2015-04-08 07:00:00,-0.011111111111111072
2015-04-09 07:00:00,0.011235955056179803
2015-04-10 07:00:00,0.011111111111111072
2015-04-13 07:00:00,-0.01098901098901095
2015-04-14 07:00:00,0.0
2015-04-15 07:00:00,0.011111111111111072
2015-04-16 07:00:00,0.01098901098901095
2015-04-17 07:00:00,0.010869565217391353
2015-04-20 07:00:00,-0.010752688172043112
2015-04-21 07:00:00,-0.010869565217391242
2015-04-22 07:00:00,0.0
2015-04-23 07:00:00,0.0
2015-04-24 07:00:00,0.0
2015-04-27 07:00:00,0.0
2015-05-04 07:00:00,-0.01098901098901095
2015-05-05 07:00:00,-0.011111111111111072
2015-05-06 07:00:00,0.0
2015-05-07 07:00:00,0.011235955056179803
2015-05-08 07:00:00,-0.011111111111111072
2015-05-11 07:00:00,0.011235955056179803
2015-05-12 07:00:00,-0.022222222222222143
2015-05-13 07:00:00,0.0
2015-05-14 07:00:00,0.011363636363636243
2015-05-15 07:00:00,-0.022471910112359716
2015-05-18 07:00:00,0.0
2015-05-19 07:00:00,0.0
2015-05-20 07:00:00,0.011494252873563315
2015-05-21 07:00:00,0.0
2015-05-22 07:00:00,0.03409090909090895
2015-05-25 07:00:00,-0.01098901098901095
2015-05-26 07:00:00,0.011111111111111072
2015-05-27 07:00:00,0.0
2015-05-28 07:00:00,0.0
2015-05-29 07:00:00,0.0
2015-06-01 07:00:00,0.0
2015-06-02 07:00:00,0.0
2015-06-03 07:00:00,-0.01098901098901095
2015-06-04 07:00:00,0.0
2015-06-05 07:00:00,0.011111111111111072
2015-06-08 07:00:00,0.0
2015-06-09 07:00:00,0.0
2015-06-10 07:00:00,-0.01098901098901095
2015-06-11 07:00:00,0.022222222222222143
2015-06-12 07:00:00,0.0
2015-06-15 07:00:00,0.010869565217391353
2015-06-16 07:00:00,0.0
2015-06-17 07:00:00,-0.010752688172043112
2015-06-18 07:00:00,0.0
2015-06-19 07:00:00,0.010869565217391353
2015-06-22 07:00:00,0.010752688172043001
2015-06-23 07:00:00,0.0
2015-06-24 07:00:00,0.0
2015-06-25 07:00:00,0.0
2015-06-26 07:00:00,0.010638297872340496
2015-06-29 07:00:00,0.010526315789473717
2015-06-30 07:00:00,0.01041666666666674
2015-07-01 07:00:00,-0.010309278350515427
2015-07-02 07:00:00,0.01041666666666674
2015-07-03 07:00:00,0.01030927835051565
2015-07-06 07:00:00,0.030612244897959107
2015-07-07 07:00:00,-0.00990099009900991
2015-07-08 07:00:00,0.0
2015-07-09 07:00:00,0.0
2015-07-10 07:00:00,0.010000000000000009
2015-07-13 07:00:00,-0.00990099009900991
2015-07-14 07:00:00,0.010000000000000009
2015-07-15 07:00:00,0.0
2015-07-16 07:00:00,0.0
2015-07-17 07:00:00,0.0
2015-07-20 07:00:00,-0.00990099009900991
2015-07-21 07:00:00,0.0
2015-07-22 07:00:00,0.010000000000000009
2015-07-23 07:00:00,0.0
2015-07-24 07:00:00,0.0
2015-07-27 07:00:00,0.00990099009900991
2015-07-28 07:00:00,0.009803921568627638
2015-07-29 07:00:00,0.0
2015-07-30 07:00:00,0.0
2015-07-31 07:00:00,0.0
2015-08-03 07:00:00,-0.019417475728155442
2015-08-04 07:00:00,-0.00990099009900991
2015-08-05 07:00:00,0.0
2015-08-06 07:00:00,0.0
2015-08-07 07:00:00,0.0
2015-08-10 07:00:00,0.020000000000000018
2015-08-11 07:00:00,0.0
2015-08-12 07:00:00,-0.009803921568627416
2015-08-13 07:00:00,-0.01980198019801971
2015-08-14 07:00:00,0.0
2015-08-17 07:00:00,-0.020202020202020332
2015-08-18 07:00:00,-0.010309278350515427
2015-08-19 07:00:00,-0.01041666666666663
2015-08-20 07:00:00,0.0
2015-08-21 07:00:00,-0.021052631578947323
2015-08-24 07:00:00,-0.043010752688172116
2015-08-25 07:00:00,0.0
2015-08-26 07:00:00,0.022471910112359383
2015-08-27 07:00:00,0.021978021978022122
2015-08-28 07:00:00,0.06451612903225801
2015-08-31 07:00:00,-0.0505050505050505
2015-09-01 07:00:00,-0.010638297872340385
2015-09-03 07:00:00,-0.021505376344086113
2015-09-04 07:00:00,0.0
2015-09-07 07:00:00,0.0
2015-09-08 07:00:00,0.021978021978022122
2015-09-09 07:00:00,0.0
2015-09-10 07:00:00,0.0
2015-09-11 07:00:00,-0.010752688172043112
2015-09-14 07:00:00,0.010869565217391353
2015-09-15 07:00:00,-0.021505376344086113
2015-09-16 07:00:00,0.0
2015-09-17 07:00:00,0.01098901098901095
2015-09-18 07:00:00,0.010869565217391353
2015-09-21 07:00:00,0.010752688172043001
2015-09-22 07:00:00,0.0
2015-09-23 07:00:00,0.0
2015-09-24 07:00:00,-0.010638297872340385
2015-09-25 07:00:00,0.0
2015-09-28 07:00:00,0.0
2015-09-29 07:00:00,-0.010752688172043112
2015-09-30 07:00:00,0.03260869565217406
2015-10-01 07:00:00,-0.021052631578947323
2015-10-02 07:00:00,0.0
2015-10-05 07:00:00,0.0
2015-10-06 07:00:00,0.010752688172043001
2015-10-07 07:00:00,0.0
2015-10-08 07:00:00,0.02127659574468077
2015-10-09 07:00:00,0.0
2015-10-12 07:00:00,0.01041666666666674
2015-10-13 07:00:00,-0.010309278350515427
2015-10-14 07:00:00,-0.01041666666666663
2015-10-15 07:00:00,0.0
2015-10-16 07:00:00,0.010526315789473717
2015-10-19 07:00:00,0.01041666666666674
2015-10-20 07:00:00,-0.010309278350515427
2015-10-21 07:00:00,0.01041666666666674
2015-10-22 07:00:00,0.0
2015-10-23 07:00:00,0.01030927835051565
2015-10-26 07:00:00,0.0
2015-10-27 07:00:00,-0.010204081632653184
2015-10-28 07:00:00,0.0
2015-10-29 07:00:00,0.01030927835051565
2015-10-30 07:00:00,0.0
2015-11-02 07:00:00,-0.010204081632653184
2015-11-03 07:00:00,0.020618556701031077
2015-11-04 07:00:00,0.0
2015-11-05 07:00:00,0.0
2015-11-06 07:00:00,0.0
2015-11-09 07:00:00,0.0
2015-11-10 07:00:00,0.0
2015-11-11 07:00:00,-0.010101010101010055
2015-11-12 07:00:00,-0.010204081632653184
2015-11-13 07:00:00,0.01030927835051565
2015-11-16 07:00:00,0.010204081632652962
2015-11-17 07:00:00,-0.010101010101010055
2015-11-18 07:00:00,0.0
2015-11-19 07:00:00,-0.010204081632653184
2015-11-20 07:00:00,0.0
2015-11-23 07:00:00,0.0
2015-11-24 07:00:00,-0.020618556701030855
2015-11-25 07:00:00,0.021052631578947212
2015-11-26 07:00:00,0.0
2015-11-27 07:00:00,-0.030927835051546282
2015-11-30 07:00:00,0.0
2015-12-01 07:00:00,0.0
2015-12-02 07:00:00,-0.010638297872340385
2015-12-03 07:00:00,0.010752688172043001
2015-12-04 07:00:00,-0.010638297872340385
2015-12-07 07:00:00,0.0
2015-12-08 07:00:00,0.0
2015-12-09 07:00:00,0.0
2015-12-10 07:00:00,0.0
2015-12-11 07:00:00,-0.010752688172043112
2015-12-14 07:00:00,0.0
2015-12-15 07:00:00,0.021739130434782705
2015-12-16 07:00:00,0.0
2015-12-17 07:00:00,0.0
2015-12-18 07:00:00,0.0
2015-12-21 07:00:00,-0.010638297872340385
2015-12-22 07:00:00,0.0
2015-12-23 07:00:00,-0.010752688172043112
2015-12-24 07:00:00,0.0
2015-12-25 07:00:00,0.010869565217391353
2015-12-28 07:00:00,0.0
2015-12-29 07:00:00,0.021505376344086002
2015-12-30 07:00:00,0.010526315789473717
2015-12-31 07:00:00,0.0
2016-01-04 07:00:00,-0.02083333333333326
2016-01-05 07:00:00,0.0
2016-01-06 07:00:00,-0.010638297872340385
2016-01-07 07:00:00,0.0
2016-01-08 07:00:00,-0.021505376344086113
2016-01-11 07:00:00,0.01098901098901095
2016-01-12 07:00:00,0.0
2016-01-13 07:00:00,0.0
2016-01-14 07:00:00,-0.010869565217391242
2016-01-15 07:00:00,-0.01098901098901095
2016-01-18 07:00:00,-0.03333333333333344
2016-01-19 07:00:00,0.0
2016-01-20 07:00:00,0.011494252873563315
2016-01-21 07:00:00,-0.011363636363636576
2016-01-22 07:00:00,0.0
2016-01-25 07:00:00,0.02298850574712663
2016-01-26 07:00:00,-0.011235955056179692
2016-01-27 07:00:00,0.022727272727272707
2016-01-28 07:00:00,0.0
2016-01-29 07:00:00,-0.011111111111111072
2016-02-01 07:00:00,0.011235955056179803
2016-02-02 07:00:00,0.0
2016-02-03 07:00:00,-0.022222222222222143
2016-02-04 07:00:00,0.011363636363636243
2016-02-05 07:00:00,0.011235955056179803
2016-02-15 07:00:00,-0.011111111111111072
2016-02-16 07:00:00,0.011235955056179803
2016-02-17 07:00:00,0.0
2016-02-18 07:00:00,0.0
2016-02-19 07:00:00,0.0
2016-02-22 07:00:00,0.011111111111111072
2016-02-23 07:00:00,0.0
2016-02-24 07:00:00,0.01098901098901095
2016-02-25 07:00:00,0.0
2016-02-26 07:00:00,0.0
2016-02-29 07:00:00,0.0
2016-03-01 07:00:00,0.0
2016-03-02 07:00:00,0.0
2016-03-03 07:00:00,0.010869565217391353
2016-03-04 07:00:00,-0.010752688172043112
2016-03-07 07:00:00,0.0
2016-03-08 07:00:00,0.0
2016-03-09 07:00:00,0.0
2016-03-10 07:00:00,0.0
2016-03-11 07:00:00,0.010869565217391353
2016-03-14 07:00:00,0.010752688172043001
2016-03-15 07:00:00,-0.021276595744680993
2016-03-16 07:00:00,0.010869565217391353
2016-03-17 07:00:00,0.0
2016-03-18 07:00:00,0.0
2016-03-21 07:00:00,0.0
2016-03-22 07:00:00,0.0
2016-03-23 07:00:00,0.0
2016-03-24 07:00:00,-0.010752688172043112
2016-03-25 07:00:00,0.0
2016-03-28 07:00:00,0.0
2016-03-29 07:00:00,-0.010869565217391242
2016-03-30 07:00:00,0.01098901098901095
2016-03-31 07:00:00,-0.010869565217391242
2016-04-01 07:00:00,0.0
2016-04-04 07:00:00,0.0
2016-04-05 07:00:00,-0.01098901098901095
2016-04-06 07:00:00,0.022222222222222143
2016-04-07 07:00:00,0.0
2016-04-08 07:00:00,0.010869565217391353
2016-04-11 07:00:00,0.0
2016-04-12 07:00:00,0.0
2016-04-13 07:00:00,0.0
2016-04-14 07:00:00,0.010752688172043001
2016-04-15 07:00:00,0.0
2016-04-19 07:00:00,-0.021276595744680993
2016-04-20 07:00:00,0.0
2016-04-21 07:00:00,0.010869565217391353
2016-04-22 07:00:00,0.010752688172043001
2016-04-25 07:00:00,0.010638297872340496
2016-04-26 07:00:00,0.0
2016-04-27 07:00:00,0.0
2016-04-28 07:00:00,-0.010526315789473606
2016-04-29 07:00:00,0.010638297872340496
2016-05-04 07:00:00,0.0
2016-05-05 07:00:00,0.010526315789473717
2016-05-06 07:00:00,0.0
2016-05-09 07:00:00,0.0
2016-05-10 07:00:00,-0.01041666666666663
2016-05-11 07:00:00,0.010526315789473717
2016-05-12 07:00:00,0.01041666666666674
2016-05-17 07:00:00,0.01030927835051565
2016-05-18 07:00:00,0.010204081632652962
2016-05-19 07:00:00,0.0
2016-05-20 07:00:00,0.0
2016-05-23 07:00:00,-0.010101010101010055
2016-05-24 07:00:00,-0.010204081632653184
2016-05-25 07:00:00,0.020618556701031077
2016-05-26 07:00:00,-0.020202020202020332
2016-05-27 07:00:00,0.0
2016-05-30 07:00:00,0.01030927835051565
2016-05-31 07:00:00,0.0
2016-06-01 07:00:00,0.0
2016-06-02 07:00:00,0.0
2016-06-03 07:00:00,0.010204081632652962
2016-06-06 07:00:00,0.0
2016-06-07 07:00:00,0.0
2016-06-08 07:00:00,0.010101010101010166
2016-06-09 07:00:00,0.010000000000000009
2016-06-10 07:00:00,0.0
2016-06-13 07:00:00,-0.00990099009900991
2016-06-14 07:00:00,-0.010000000000000009
2016-06-15 07:00:00,0.0
2016-06-16 07:00:00,0.0
2016-06-17 07:00:00,-0.010101010101010055
2016-06-20 07:00:00,0.010204081632652962
2016-06-21 07:00:00,0.0
2016-06-22 07:00:00,0.0
2016-06-23 07:00:00,0.0
2016-06-24 07:00:00,-0.020202020202020332
2016-06-27 07:00:00,0.0
2016-06-28 07:00:00,0.0
2016-06-29 07:00:00,0.01030927835051565
2016-06-30 07:00:00,0.010204081632652962
2016-07-01 07:00:00,0.02020202020202011
2016-07-04 07:00:00,-0.00990099009900991
2016-07-05 07:00:00,0.010000000000000009
2016-07-06 07:00:00,0.0
2016-07-07 07:00:00,0.00990099009900991
2016-07-08 07:00:00,0.0
2016-07-11 07:00:00,0.0
2016-07-12 07:00:00,0.0
2016-07-13 07:00:00,0.019607843137255054
2016-07-14 07:00:00,-0.009615384615384581
2016-07-15 07:00:00,0.01941747572815533
2016-07-18 07:00:00,-0.00952380952380949
2016-07-19 07:00:00,0.009615384615384581
2016-07-20 07:00:00,0.0
2016-07-21 07:00:00,-0.00952380952380949
2016-07-22 07:00:00,-0.019230769230769384
2016-07-25 07:00:00,0.0
2016-07-28 07:00:00,0.009803921568627638
2016-08-02 07:00:00,-0.009803921568627416
2016-08-03 07:00:00,-0.00990099009900991
2016-08-04 07:00:00,0.0
2016-08-05 07:00:00,-0.019999999999999907
2016-08-08 07:00:00,0.0
2016-08-09 07:00:00,0.010204081632652962
2016-08-10 07:00:00,0.010101010101010166
2016-08-11 07:00:00,0.010000000000000009
2016-08-12 07:00:00,0.01980198019801982
2016-08-15 07:00:00,-0.009708737864077777
2016-08-16 07:00:00,0.009803921568627638
2016-08-17 07:00:00,0.009708737864077666
2016-08-18 07:00:00,0.0
2016-08-19 07:00:00,0.0
2016-08-22 07:00:00,0.0
2016-08-23 07:00:00,0.0
2016-08-24 07:00:00,0.0
2016-08-25 07:00:00,0.0
2016-08-26 07:00:00,0.009615384615384581
2016-08-29 07:00:00,0.00952380952380949
2016-09-06 07:00:00,0.0
2016-09-07 07:00:00,-0.009433962264150941
2016-09-08 07:00:00,0.00952380952380949
2016-09-09 07:00:00,0.0
2016-09-12 07:00:00,-0.009433962264150941
2016-09-15 07:00:00,-0.011342155009451682
2016-09-20 07:00:00,0.0
2016-09-21 07:00:00,0.019230769230769162
2016-09-22 07:00:00,0.014150943396226356
2016-09-27 07:00:00,-0.006487488415199083
2016-09-28 07:00:00,0.014925373134328401
2016-09-29 07:00:00,-0.003676470588235392
2016-09-30 07:00:00,0.0018450184501843658
2016-10-03 07:00:00,-0.0055248618784529135
2016-10-04 07:00:00,-0.009259259259259411
2016-10-05 07:00:00,0.0
2016-10-06 07:00:00,0.006542056074766434
2016-10-07 07:00:00,-0.01207056638811499
2016-10-10 07:00:00,-0.00375939849624074
2016-10-11 07:00:00,-0.0037735849056602655
2016-10-14 07:00:00,0.005660377358490676
2016-10-17 07:00:00,-0.0065666041275798115
2016-10-18 07:00:00,0.0047214353163362865
2016-10-19 07:00:00,-0.00375939849624074
2016-10-20 07:00:00,0.0
2016-10-21 07:00:00,0.0037735849056603765
2016-10-26 07:00:00,-0.00574162679425827
2016-11-01 07:00:00,-0.011406844106463754
2016-11-02 07:00:00,-0.0019230769230769162
2016-11-03 07:00:00,-0.016377649325626242
2016-11-04 07:00:00,-0.0009794319294810228
2016-11-07 07:00:00,0.009803921568627638
2016-11-08 07:00:00,0.009708737864077666
2016-11-09 07:00:00,-0.019230769230769384
2016-11-10 07:00:00,0.01078431372549038
2016-11-15 07:00:00,0.0
2016-11-16 07:00:00,-0.0009699321047526022
2016-11-22 07:00:00,0.0
2016-11-25 07:00:00,-0.004761904761904856
2016-11-28 07:00:00,-0.020095693779904167
2016-11-29 07:00:00,-0.005859375
2016-11-30 07:00:00,-0.004911591355599154
2016-12-01 07:00:00,0.012833168805528095
2016-12-02 07:00:00,-0.006822612085770063
2016-12-05 07:00:00,-0.003925417075564153
2016-12-06 07:00:00,-0.015763546798029604
2016-12-07 07:00:00,-0.002002002002001957
2016-12-08 07:00:00,0.004012036108324901
2016-12-09 07:00:00,0.003996003996004083
2016-12-12 07:00:00,-0.006965174129353269
2016-12-13 07:00:00,-0.008016032064128265
2016-12-14 07:00:00,-0.005050505050505083
2016-12-15 07:00:00,0.005076142131979822
2016-12-20 07:00:00,-0.0059347181008900796
2016-12-21 07:00:00,0.0
2016-12-22 07:00:00,-0.0009950248756220859
2016-12-23 07:00:00,-0.003984063745019806
2016-12-26 07:00:00,0.006000000000000005
2016-12-27 07:00:00,0.0029821073558646827
2016-12-28 07:00:00,-0.0009910802775024985
2016-12-29 07:00:00,0.003968253968253954
2016-12-30 07:00:00,0.004940711462450675
2017-01-03 07:00:00,0.001966568338249708
2017-01-04 07:00:00,0.0058881256133465065
2017-01-05 07:00:00,0.0039024390243902474
2017-01-06 07:00:00,0.005830903790087438
2017-01-09 07:00:00,0.0019323671497584183
2017-01-12 07:00:00,0.0
2017-01-13 07:00:00,-0.0019175455417065335
2017-01-16 07:00:00,-0.00672430355427478
2017-01-17 07:00:00,0.0
2017-01-18 07:00:00,0.0019342359767891004
2017-01-25 07:00:00,0.003842459173871271
2017-02-02 07:00:00,0.006698564593301537
2017-02-03 07:00:00,0.008555133079847899
2017-02-06 07:00:00,-0.0009425070688029447
2017-02-07 07:00:00,0.004716981132075526
2017-02-08 07:00:00,0.001877934272300319
2017-02-09 07:00:00,0.002811621368322248
2017-02-10 07:00:00,0.002803738317757043
2017-02-13 07:00:00,0.002795899347623365
2017-02-14 07:00:00,0.0
2017-02-15 07:00:00,0.0074349442379182396
2017-02-16 07:00:00,0.005535055350553542
2017-02-17 07:00:00,-0.0009174311926605228
2017-02-20 07:00:00,-0.008264462809917328
2017-02-21 07:00:00,0.011111111111111072
2017-02-22 07:00:00,-0.001831501831501825
2017-02-23 07:00:00,-0.003669724770642313
2017-02-24 07:00:00,0.0009208103130755596
2017-02-27 07:00:00,-0.004599816007359592
2017-03-02 07:00:00,0.0018691588785046953
2017-03-03 07:00:00,-0.002798507462686728
2017-03-06 07:00:00,0.00467726847521055
2017-03-07 07:00:00,0.0009310986964619072
2017-03-08 07:00:00,0.0037209302325580396
2017-03-09 07:00:00,0.003707136237256714
2017-03-10 07:00:00,0.0027700831024930483
2017-03-13 07:00:00,0.0
2017-03-14 07:00:00,0.002762430939226679
2017-03-15 07:00:00,-0.0036730945821855654
2017-03-16 07:00:00,0.0
2017-03-17 07:00:00,0.004608294930875667
2017-03-20 07:00:00,0.00917431192660545
2017-03-21 07:00:00,0.0027272727272726893
2017-03-22 07:00:00,0.004533091568449832
2017-03-23 07:00:00,0.00902527075812265
2017-03-24 07:00:00,0.012522361359570633
2017-03-27 07:00:00,-0.0026501766784453595
2017-03-28 07:00:00,-0.003542958370239102
2017-03-29 07:00:00,0.006222222222222351
2017-03-30 07:00:00,0.0
2017-03-31 07:00:00,-0.0017667844522968323
2017-04-03 07:00:00,0.003539823008849474
2017-04-04 07:00:00,0.002645502645502562
2017-04-05 07:00:00,-0.0008795074758135568
2017-04-07 07:00:00,-0.0061619718309859906
2017-04-10 07:00:00,0.009743135518157864
2017-04-11 07:00:00,-0.0008771929824561431
2017-04-12 07:00:00,-0.0008779631255486642
2017-04-13 07:00:00,-0.0035149384885765356
2017-04-14 07:00:00,-0.017636684303350858
2017-04-17 07:00:00,-0.012567324955116699
2017-04-18 07:00:00,-0.0036363636363635488
2017-04-19 07:00:00,0.010948905109488871
2017-04-20 07:00:00,-0.0036101083032491488
2017-04-21 07:00:00,-0.0009057971014492239
2017-04-24 07:00:00,-0.0072529465095194645
2017-04-25 07:00:00,-0.002739726027397249
2017-04-26 07:00:00,0.0064102564102563875
2017-04-27 07:00:00,0.01364877161055511
2017-04-28 07:00:00,0.0
2017-05-03 07:00:00,0.0035906642728904536
2017-05-04 07:00:00,0.0026833631484795006
2017-05-05 07:00:00,0.001784121320249632
2017-05-08 07:00:00,-0.003561887800534347
2017-05-09 07:00:00,0.0044682752457552155
2017-05-10 07:00:00,0.009786476868327343
2017-05-11 07:00:00,-0.002643171806167355
2017-05-12 07:00:00,-0.0017667844522968323
2017-05-15 07:00:00,0.00619469026548658
2017-05-16 07:00:00,0.0035180299032542273
2017-05-17 07:00:00,-0.00262927256792278
2017-05-18 07:00:00,0.0017574692442881013
2017-05-19 07:00:00,0.0052631578947368585
2017-05-22 07:00:00,0.012216404886561838
2017-05-23 07:00:00,0.0008620689655172153
2017-05-24 07:00:00,0.014642549526270532
2017-05-25 07:00:00,-0.006791171477079749
2017-05-26 07:00:00,0.005982905982905962
2017-05-29 07:00:00,0.00679694137638065
2017-05-30 07:00:00,-0.0016877637130801038
2017-05-31 07:00:00,-0.018596787827557137
2017-06-01 07:00:00,0.015503875968992276
2017-06-02 07:00:00,-0.0008481764206954567
2017-06-05 07:00:00,0.005093378607809784
2017-06-06 07:00:00,0.005912162162162282
2017-06-07 07:00:00,0.015952980688497043
2017-06-08 07:00:00,-0.0049586776859504855
2017-06-09 07:00:00,0.007475083056478482
2017-06-12 07:00:00,-0.0032976092333059093
2017-06-13 07:00:00,0.00413564929693977
2017-06-14 07:00:00,0.008237232289950658
2017-06-15 07:00:00,0.0016339869281045694
2017-06-16 07:00:00,0.0032626427406199365
2017-06-19 07:00:00,0.005691056910569037
2017-06-20 07:00:00,0.007275666936136016
2017-06-21 07:00:00,-0.007223113964687111
2017-06-22 07:00:00,0.006467259498787348
2017-06-23 07:00:00,-0.006425702811244993
2017-06-26 07:00:00,0.006467259498787348
2017-06-27 07:00:00,-0.004819277108433662
2017-06-28 07:00:00,-0.002421307506053405
2017-06-29 07:00:00,0.010517799352750767
2017-06-30 07:00:00,0.005604483586869602
2017-07-03 07:00:00,0.005573248407643394
2017-07-04 07:00:00,-0.004750593824228044
2017-07-05 07:00:00,0.06603023070803493
2017-07-06 07:00:00,-0.05597014925373134
2017-07-07 07:00:00,-0.0039525691699605625
2017-07-10 07:00:00,-0.023809523809523725
2017-07-11 07:00:00,0.006504065040650486
2017-07-12 07:00:00,0.004846526655896577
2017-07-13 07:00:00,0.0
2017-07-14 07:00:00,0.002411575562700996
2017-07-17 07:00:00,-0.016038492381716174
2017-07-18 07:00:00,-0.02037489812550941
2017-07-19 07:00:00,0.009983361064891838
2017-07-20 07:00:00,-0.0024711696869852418
2017-07-21 07:00:00,-0.005780346820809301
2017-07-24 07:00:00,-0.0008305647840531893
2017-07-25 07:00:00,-0.0024937655860348684
2017-07-26 07:00:00,0.011666666666666714
2017-07-27 07:00:00,0.0
2017-07-28 07:00:00,0.010708401976935678
2017-07-31 07:00:00,0.006519967400163029
2017-08-01 07:00:00,0.007287449392712642
2017-08-02 07:00:00,-0.000803858520900258
2017-08-03 07:00:00,-0.005631536604987941
2017-08-04 07:00:00,0.0016181229773464256
2017-08-07 07:00:00,0.008885298869143687
2017-08-08 07:00:00,-0.0048038430744595795
2017-08-09 07:00:00,-0.01045856798069178
2017-08-10 07:00:00,-0.008130081300813163
2017-08-11 07:00:00,-0.0008196721311475308
2017-08-14 07:00:00,0.004922067268252617
2017-08-15 07:00:00,-0.002448979591836653
2017-08-16 07:00:00,0.004091653027823217
2017-08-17 07:00:00,-0.004074979625101838
2017-08-18 07:00:00,0.0
2017-08-21 07:00:00,-0.00327332242225864
2017-08-22 07:00:00,-0.0008210180623973162
2017-08-23 07:00:00,-0.0041084634346755244
2017-08-24 07:00:00,0.014026402640264113
2017-08-25 07:00:00,-0.0024410089503661414
2017-08-28 07:00:00,0.01060358890701485
2017-08-29 07:00:00,0.0
2017-08-30 07:00:00,0.005649717514124353
2017-08-31 07:00:00,0.013643659711075395
2017-09-01 07:00:00,0.004750593824227822
2017-09-05 07:00:00,0.0031520882584712417
2017-09-06 07:00:00,0.0015710919088767206
2017-09-07 07:00:00,0.005490196078431486
2017-09-08 07:00:00,-0.0015600624024960652
2017-09-11 07:00:00,0.0015624999999999112
2017-09-12 07:00:00,-0.0007800312012480326
2017-09-13 07:00:00,0.0007806401249024209
2017-09-14 07:00:00,0.01716068642745694
2017-09-15 07:00:00,-0.0015337423312883347
2017-09-18 07:00:00,0.003072196620583778
2017-09-19 07:00:00,0.004594180704440953
2017-09-20 07:00:00,-0.0060975609756097615
2017-09-21 07:00:00,-0.006134969325153228
2017-09-22 07:00:00,-0.0007716049382717749
2017-09-25 07:00:00,0.0038610038610038533
2017-09-26 07:00:00,0.0
2017-09-27 07:00:00,-0.0038461538461539435
2017-09-28 07:00:00,0.008494208494208566
2017-09-29 07:00:00,-0.004594180704441064
2017-10-02 07:00:00,-0.003076923076922977
2017-10-03 07:00:00,-0.00462962962962965
2017-10-04 07:00:00,0.011627906976744207
2017-10-05 07:00:00,0.0045977011494251485
2017-10-06 07:00:00,0.0030511060259343914
2017-10-09 07:00:00,0.0038022813688212143
2017-10-10 07:00:00,0.0037878787878788955
2017-10-11 07:00:00,0.004528301886792541
2017-10-12 07:00:00,0.0067618332081142984
2017-10-13 07:00:00,0.0014925373134329067
2017-10-16 07:00:00,0.0
2017-10-17 07:00:00,0.0029806259314457684
2017-10-18 07:00:00,0.0
2017-10-19 07:00:00,0.0014858841010401136
2017-10-20 07:00:00,-0.005934718100890191
2017-10-23 07:00:00,-0.003731343283582156
2017-10-24 07:00:00,0.004494382022471877
2017-10-25 07:00:00,0.01118568232662187
2017-10-26 07:00:00,-0.002949852507374673
2017-10-27 07:00:00,0.01479289940828421
2017-10-30 07:00:00,0.008746355685131046
2017-10-31 07:00:00,-0.00433526011560692
2017-11-01 07:00:00,-0.002177068214804012
2017-11-02 07:00:00,-0.002909090909090861
2017-11-03 07:00:00,0.0
2017-11-06 07:00:00,0.01094091903719896
2017-11-07 07:00:00,0.00721500721500723
2017-11-08 07:00:00,0.012177650429799458
2017-11-09 07:00:00,-0.007784854918612916
2017-11-10 07:00:00,0.009272467902995851
2017-11-13 07:00:00,0.004946996466431042
2017-11-14 07:00:00,0.007735583684950642
2017-11-15 07:00:00,0.016748080949057886
2017-11-16 07:00:00,0.0027453671928618917
2017-11-17 07:00:00,0.002737850787132068
2017-11-20 07:00:00,0.011604095563140016
2017-11-21 07:00:00,0.0161943319838056
2017-11-22 07:00:00,0.012616201859229736
2017-11-23 07:00:00,0.003278688524590123
2017-11-24 07:00:00,0.0006535947712418277
2017-11-27 07:00:00,-0.0006531678641410466
2017-11-28 07:00:00,0.002614379084967311
2017-11-29 07:00:00,0.009778357235984414
2017-11-30 07:00:00,0.009683666881859176
2017-12-01 07:00:00,0.005754475703324768
2017-12-04 07:00:00,0.016528925619834656
2017-12-05 07:00:00,-0.021263289555972453
2017-12-06 07:00:00,-0.023642172523961724
2017-12-07 07:00:00,0.009162303664921545
2017-12-08 07:00:00,0.0006485084306095956
2017-12-11 07:00:00,-0.006480881399870353
2017-12-12 07:00:00,-0.003261578604044413
2017-12-13 07:00:00,-0.00981675392670145
2017-12-14 07:00:00,0.01520158625247836
2017-12-15 07:00:00,0.004557291666666741
2017-12-18 07:00:00,0.018146467919637255
2017-12-19 07:00:00,0.0019096117122852085
2017-12-20 07:00:00,0.0
2017-12-21 07:00:00,-0.001905972045743276
2017-12-22 07:00:00,-0.003819223424570417
2017-12-25 07:00:00,0.005111821086261958
2017-12-26 07:00:00,0.0076287349014620975
2017-12-27 07:00:00,0.0006309148264984632
2017-12-28 07:00:00,0.01134930643127352
2017-12-29 07:00:00,0.008728179551122262
2018-01-02 07:00:00,0.014215080346106301
2018-01-03 07:00:00,0.014625228519195455
2018-01-04 07:00:00,0.006006006006006093
2018-01-05 07:00:00,-0.002388059701492473
2018-01-08 07:00:00,0.016157989228007263
2018-01-09 07:00:00,0.010600706713780994
2018-01-10 07:00:00,-0.004079254079254135
2018-01-11 07:00:00,0.015213575190169859
2018-01-12 07:00:00,0.0057636887608067955
2018-01-15 07:00:00,0.008595988538682153
2018-01-16 07:00:00,-0.001136363636363824
2018-01-17 07:00:00,-0.018771331058020424
2018-01-18 07:00:00,0.0
2018-01-19 07:00:00,0.01739130434782621
2018-01-22 07:00:00,0.017094017094017033
2018-01-26 07:00:00,-0.018918918918918948
2018-01-29 07:00:00,-0.00771349862258941
2018-01-30 07:00:00,-0.0005552470849529145
2018-01-31 07:00:00,0.0
2018-02-01 07:00:00,-0.011111111111111072
2018-02-02 07:00:00,0.00561797752808979
2018-02-05 07:00:00,-0.055307262569832316
2018-02-06 07:00:00,-0.027794204612655138
2018-02-07 07:00:00,0.03041362530413627
2018-02-08 07:00:00,-0.017119244391971877
2018-02-09 07:00:00,-0.018018018018017834
2018-02-12 07:00:00,0.039755351681957096
2018-02-13 07:00:00,0.01941176470588224
2018-02-21 07:00:00,0.019619157530294418
2018-02-22 07:00:00,-0.012450481041313077
2018-02-23 07:00:00,0.025787965616045794
2018-02-26 07:00:00,0.005586592178770999
2018-02-27 07:00:00,0.0
2018-02-28 07:00:00,0.0
2018-03-01 07:00:00,0.008333333333333304
2018-03-02 07:00:00,0.0049586776859504855
2018-03-05 07:00:00,-0.018640350877192957
2018-03-06 07:00:00,0.0
2018-03-07 07:00:00,-0.011173184357541888
2018-03-08 07:00:00,0.02259887005649719
2018-03-09 07:00:00,0.003867403314917084
2018-03-12 07:00:00,-0.009356081452944531
2018-03-13 07:00:00,0.005555555555555536
2018-03-14 07:00:00,0.011049723756906049
2018-03-15 07:00:00,-0.004918032786885185
2018-03-16 07:00:00,0.0049423393739702615
2018-03-19 07:00:00,0.013661202185792254
2018-03-20 07:00:00,0.005390835579514697
2018-03-21 07:00:00,0.006970509383378065
2018-03-22 07:00:00,0.006922257720979763
2018-03-23 07:00:00,-0.011105235325224783
2018-03-26 07:00:00,0.0032085561497328108
2018-03-27 07:00:00,0.010127931769722709
2018-03-28 07:00:00,-0.0026385224274406704
2018-03-29 07:00:00,-0.007936507936507908
2018-03-30 07:00:00,0.006933333333333236
2018-04-02 07:00:00,0.011652542372881491
2018-04-03 07:00:00,-0.007329842931937169
2018-04-04 07:00:00,0.007383966244725704
2018-04-05 07:00:00,0.005235602094240788
2018-04-06 07:00:00,-0.01041666666666663
2018-04-09 07:00:00,0.015789473684210575
2018-04-10 07:00:00,-0.012953367875647714
2018-04-11 07:00:00,-0.018372703412073532
2018-04-12 07:00:00,0.0010695187165774556
2018-04-13 07:00:00,-0.0064102564102562765
2018-04-16 07:00:00,-0.005376344086021612
2018-04-17 07:00:00,0.002702702702702675
2018-04-18 07:00:00,-0.013477088948787075
2018-04-19 07:00:00,-0.005464480874317057
2018-04-20 07:00:00,-0.0219780219780219
2018-04-23 07:00:00,-0.022471910112359716
2018-04-24 07:00:00,-0.005747126436781436
2018-04-26 07:00:00,-0.034682080924855585
2018-04-27 07:00:00,-0.0059880239520956335
2018-05-02 07:00:00,-0.012048192771084487
2018-05-03 07:00:00,0.005487804878048674
2018-05-04 07:00:00,0.0018192844147968401
2018-05-07 07:00:00,0.041162227602905554
2018-05-08 07:00:00,-0.0017441860465114978
2018-05-09 07:00:00,-0.004076878276062956
2018-05-10 07:00:00,-0.005847953216374324
2018-05-11 07:00:00,-0.0117647058823529
2018-05-14 07:00:00,0.029166666666666563
2018-05-15 07:00:00,0.0005783689994216523
2018-05-16 07:00:00,-0.017919075144508856
2018-05-17 07:00:00,-0.020011771630370823
2018-05-18 07:00:00,0.0030030030030030463
2018-05-21 07:00:00,-0.017964071856287456
2018-05-22 07:00:00,-0.04695121951219494
2018-05-23 07:00:00,0.017274472168905985
2018-05-24 07:00:00,-0.018867924528301883
2018-05-25 07:00:00,-0.012820512820512775
2018-05-28 07:00:00,-0.038961038961038974
2018-05-29 07:00:00,0.020270270270270174
2018-05-30 07:00:00,-0.0066225165562913135
2018-05-31 07:00:00,0.053333333333333455
2018-06-01 07:00:00,0.015189873417721378
2018-06-04 07:00:00,0.018703241895261957
2018-06-05 07:00:00,0.006731946144430845
2018-06-06 07:00:00,0.017021276595744705
2018-06-07 07:00:00,0.004184100418409997
2018-06-08 07:00:00,-0.0011904761904761862
2018-06-11 07:00:00,0.004767580452920139
2018-06-12 07:00:00,-0.015421115065243018
2018-06-13 07:00:00,0.009036144578313143
2018-06-14 07:00:00,-0.026268656716417982
2018-06-15 07:00:00,0.014101778050275904
2018-06-18 07:00:00,-0.03264812575574361
2018-06-19 07:00:00,-0.055625000000000036
2018-06-20 07:00:00,0.058901389808074134
2018-06-21 07:00:00,-0.02749999999999997
2018-06-22 07:00:00,0.027634961439588768
2018-06-25 07:00:00,0.009380863039399667
2018-06-26 07:00:00,-0.013011152416356975
2018-06-27 07:00:00,-0.008160703075957287
2018-06-28 07:00:00,-0.019620253164556956
2018-06-29 07:00:00,0.0258231116849581
2018-07-02 07:00:00,-0.03524229074889873
2018-07-03 07:00:00,-0.03457273320287013
2018-07-04 07:00:00,0.012837837837837762
2018-07-05 07:00:00,-0.031354236157438375
2018-07-06 07:00:00,0.026170798898071723
2018-07-09 07:00:00,-0.005369127516778538
2018-07-10 07:00:00,0.0
2018-07-11 07:00:00,-0.02429149797570851
2018-07-12 07:00:00,0.003457814661134151
2018-07-13 07:00:00,0.023432115782219043
2018-07-16 07:00:00,0.0033670033670034627
2018-07-17 07:00:00,0.003355704697986406
2018-07-18 07:00:00,0.030100334448160515
2018-07-19 07:00:00,0.0006493506493505663
2018-07-20 07:00:00,0.0077871512005189825
2018-07-23 07:00:00,0.004507405022537103
2018-07-24 07:00:00,-0.02564102564102566
2018-07-25 07:00:00,-0.002631578947368318
2018-07-26 07:00:00,-0.009894459102902431
2018-07-27 07:00:00,0.013324450366422491
2018-07-30 07:00:00,0.013149243918474607
2018-07-31 07:00:00,0.009085009733938998
2018-08-01 07:00:00,0.0
2018-08-02 07:00:00,-0.009646302250803873
2018-08-03 07:00:00,0.0051948051948051965
2018-08-06 07:00:00,-0.0051679586563307955
2018-08-07 07:00:00,0.0
2018-08-08 07:00:00,0.009740259740259827
2018-08-09 07:00:00,0.0
2018-08-10 07:00:00,0.0
2018-08-13 07:00:00,0.019292604501607746
2018-08-14 07:00:00,-0.0006309148264984632
2018-08-15 07:00:00,-0.015151515151515138
2018-08-16 07:00:00,-0.0032051282051280827
2018-08-17 07:00:00,0.00836012861736335
2018-08-20 07:00:00,-0.014668367346938771
2018-08-21 07:00:00,0.012944983818770295
2018-08-22 07:00:00,0.006389776357827559
2018-08-23 07:00:00,0.004444444444444473
2018-08-24 07:00:00,-0.0006321112515802474
2018-08-27 07:00:00,0.005692599620493288
2018-08-28 07:00:00,0.005660377358490454
2018-08-29 07:00:00,-0.0006253908692932519
2018-08-30 07:00:00,0.0
2018-08-31 07:00:00,-0.001877346683354264
2018-09-04 07:00:00,-0.00940438871473348
2018-09-05 07:00:00,-0.01898734177215189
2018-09-06 07:00:00,-0.006451612903225823
2018-09-07 07:00:00,0.010389610389610393
2018-09-10 07:00:00,-0.003856041131105381
2018-09-11 07:00:00,0.01806451612903226
2018-09-12 07:00:00,0.004435994930291454
2018-09-13 07:00:00,-0.008832807570977819
2018-09-14 07:00:00,0.024824952259707267
2018-09-17 07:00:00,-0.024844720496894568
2018-09-18 07:00:00,0.0031847133757962887
2018-09-19 07:00:00,0.00952380952380949
2018-09-20 07:00:00,0.0037735849056603765
2018-09-21 07:00:00,0.015037593984962294
2018-09-24 07:00:00,0.0006172839506173311
2018-09-25 07:00:00,0.0006169031462059937
2018-09-26 07:00:00,0.0012330456226881115
2018-09-27 07:00:00,0.0030788177339902134
2018-09-28 07:00:00,0.0049109883364029105
2018-10-01 07:00:00,0.004886988393402403
2018-10-02 07:00:00,-0.009118541033434568
2018-10-03 07:00:00,0.0030674846625766694
2018-10-04 07:00:00,-0.0024464831804282827
2018-10-05 07:00:00,-0.011036174126302867
2018-10-08 07:00:00,-0.008059516429014146
2018-10-09 07:00:00,-0.0024999999999999467
2018-10-10 07:00:00,-0.0031328320802005427
2018-10-11 07:00:00,-0.047768698931489606
2018-10-12 07:00:00,0.029042904290428995
2018-10-15 07:00:00,-0.02437459910198836
2018-10-16 07:00:00,0.014464168310322156
2018-10-17 07:00:00,0.009721322099805585
2018-10-18 07:00:00,-0.006418485237483895
2018-10-19 07:00:00,-0.0051679586563307955
2018-10-22 07:00:00,-0.00649350649350644
2018-10-23 07:00:00,-0.018300653594771288
2018-10-24 07:00:00,-0.02130492676431428
2018-10-25 07:00:00,-0.006802721088435382
2018-10-26 07:00:00,-0.005479452054794498
2018-10-29 07:00:00,-0.00688705234159781
2018-10-30 07:00:00,0.0
2018-10-31 07:00:00,0.04160887656033285
2018-11-01 07:00:00,-0.029960053262316877
2018-11-02 07:00:00,0.030885380919698058
2018-11-05 07:00:00,0.0
2018-11-06 07:00:00,-0.009320905459387352
2018-11-07 07:00:00,-0.005376344086021501
2018-11-08 07:00:00,0.0033783783783782884
2018-11-09 07:00:00,-0.01683501683501687
2018-11-12 07:00:00,0.0
2018-11-13 07:00:00,-0.008904109589040976
2018-11-14 07:00:00,-0.007601935038009766
2018-11-15 07:00:00,-0.013231197771587655
2018-11-16 07:00:00,0.016937191249117856
2018-11-19 07:00:00,0.036086051353226845
2018-11-20 07:00:00,-0.015405224380442117
2018-11-21 07:00:00,0.006802721088435382
2018-11-22 07:00:00,0.0006756756756756133
2018-11-23 07:00:00,-0.014179608372721142
2018-11-26 07:00:00,0.007534246575342518
2018-11-27 07:00:00,0.002719238613188235
2018-11-28 07:00:00,0.0020338983050847137
2018-11-29 07:00:00,0.0
2018-11-30 07:00:00,-0.004059539918809141
2018-12-03 07:00:00,0.03125
2018-12-04 07:00:00,0.021080368906455815
2018-12-05 07:00:00,-0.014838709677419404
2018-12-06 07:00:00,-0.008513425016371867
2018-12-07 07:00:00,0.010568031704095038
2018-12-10 07:00:00,-0.0065359477124183885
2018-12-11 07:00:00,-0.003289473684210509
2018-12-12 07:00:00,0.013201320132013139
2018-12-13 07:00:00,0.006514657980456029
2018-12-14 07:00:00,-0.00711974110032354
2018-12-17 07:00:00,-0.03520208604954367
2018-12-18 07:00:00,-0.015540540540540548
2018-12-19 07:00:00,-0.0013726835964309458
2018-12-20 07:00:00,-0.0013745704467355013
2018-12-21 07:00:00,-0.002064693737095613
2018-12-24 07:00:00,-0.006896551724137945
2018-12-25 07:00:00,-0.018749999999999933
2018-12-26 07:00:00,-0.002123142250530896
2018-12-27 07:00:00,0.015602836879432758
2018-12-28 07:00:00,-0.0006983240223463749
2019-01-02 07:00:00,-0.014675052410901501
2019-01-03 07:00:00,-0.012056737588652444
2019-01-04 07:00:00,-0.000717875089734421
2019-01-07 07:00:00,0.004310344827586299
2019-01-08 07:00:00,0.008583690987124415
2019-01-09 07:00:00,-0.007092198581560294
2019-01-10 07:00:00,0.014285714285714235
2019-01-11 07:00:00,-0.0021126760563380254
2019-01-14 07:00:00,-0.0014114326040931546
2019-01-15 07:00:00,0.007067137809187329
2019-01-16 07:00:00,0.00070175438596487
2019-01-17 07:00:00,-0.015427769985974837
2019-01-18 07:00:00,0.0007122507122507837
2019-01-21 07:00:00,0.024199288256227636
2019-01-22 07:00:00,-0.013203613620569876
2019-01-23 07:00:00,0.005633802816901401
2019-01-24 07:00:00,-0.0007002801120448154
2019-01-25 07:00:00,-0.004905395935529078
2019-01-28 07:00:00,0.007746478873239537
2019-01-29 07:00:00,0.01327742837176804
2019-01-30 07:00:00,-0.0055172413793103114
2019-01-31 07:00:00,-0.01109570041608876
2019-02-01 07:00:00,-0.004207573632538653
2019-02-11 07:00:00,0.03450704225352119
2019-02-12 07:00:00,0.0074880871341049815
2019-02-13 07:00:00,0.006756756756756799
2019-02-14 07:00:00,0.003355704697986406
2019-02-15 07:00:00,-0.0033444816053510573
2019-02-18 07:00:00,0.0026845637583892135
2019-02-19 07:00:00,0.0053547523427042165
2019-02-20 07:00:00,0.008655126498002819
2019-02-21 07:00:00,0.001980198019801982
2019-02-22 07:00:00,0.01449275362318847
2019-02-25 07:00:00,0.009740259740259827
2019-02-26 07:00:00,-0.011575562700964714
2019-02-27 07:00:00,0.00455432661027988
2019-02-28 07:00:00,-0.02849740932642486
2019-03-01 07:00:00,0.013333333333333197
2019-03-04 07:00:00,0.012500000000000178
2019-03-05 07:00:00,-0.005847953216374213
2019-03-06 07:00:00,0.0
2019-03-07 07:00:00,0.006535947712418277
2019-03-08 07:00:00,-0.011688311688311637
2019-03-11 07:00:00,-0.0013140604467806183
2019-03-12 07:00:00,0.00657894736842124
2019-03-13 07:00:00,0.010457516339869244
2019-03-14 07:00:00,0.001293661060802087
2019-03-15 07:00:00,-0.008397932816537557
2019-03-18 07:00:00,0.003908794788273662
2019-03-19 07:00:00,-0.007138221933809197
2019-03-20 07:00:00,-0.0039215686274509665
2019-03-21 07:00:00,-0.00853018372703418
2019-03-22 07:00:00,0.019192587690271434
2019-03-25 07:00:00,-0.04350649350649349
2019-03-26 07:00:00,0.018329938900203624
2019-03-27 07:00:00,-0.009333333333333416
2019-03-28 07:00:00,0.0020188425302827273
2019-03-29 07:00:00,-0.012760241773002057
2019-04-01 07:00:00,0.01632653061224487
2019-04-02 07:00:00,0.002008032128514081
2019-04-03 07:00:00,0.002004008016031955
2019-04-04 07:00:00,-0.0033333333333334103
2019-04-05 07:00:00,0.0020066889632108786
2019-04-08 07:00:00,0.001335113484646211
2019-04-09 07:00:00,-0.006666666666666599
2019-04-10 07:00:00,-0.006711409395973145
2019-04-11 07:00:00,0.0006756756756756133
2019-04-12 07:00:00,0.0
2019-04-16 07:00:00,-0.008777852802160702
2019-04-17 07:00:00,0.004768392370572139
2019-04-18 07:00:00,-0.009491525423728886
2019-04-19 07:00:00,0.002737850787132068
2019-04-22 07:00:00,-0.00546075085324238
2019-04-23 07:00:00,-0.0034317089910775866
2019-04-24 07:00:00,0.019283746556473913
2019-04-25 07:00:00,-0.011486486486486536
2019-04-26 07:00:00,0.0061517429938482415
2019-05-02 07:00:00,0.0
2019-05-03 07:00:00,0.012228260869565188
2019-05-06 07:00:00,-0.025503355704698083
2019-05-07 07:00:00,-0.0013774104683195176
2019-05-08 07:00:00,-0.0027586206896551557
2019-05-09 07:00:00,0.0
2019-05-10 07:00:00,0.0
2019-05-13 07:00:00,0.0027662517289073207
2019-05-14 07:00:00,0.0041379310344829
2019-05-15 07:00:00,0.014423076923076872
2019-05-16 07:00:00,0.003385240352065111
2019-05-17 07:00:00,-0.003373819163292935
2019-05-20 07:00:00,0.011509817197020933
2019-05-21 07:00:00,0.0026773761713521083
2019-05-22 07:00:00,-0.012016021361815787
2019-05-23 07:00:00,0.002702702702702675
2019-05-24 07:00:00,-0.003369272237196852
2019-05-27 07:00:00,-0.0027045300878971723
2019-05-28 07:00:00,0.004067796610169427
2019-05-29 07:00:00,-0.00742741390952073
2019-05-30 07:00:00,0.0054421768707482165
2019-05-31 07:00:00,-0.01556156968876854
2019-06-03 07:00:00,-0.030927835051546504
2019-06-04 07:00:00,0.020567375886524797
2019-06-05 07:00:00,-0.001389854065323215
2019-06-06 07:00:00,-0.011134307585246916
2019-06-07 07:00:00,0.011963406052075909
2019-06-10 07:00:00,-0.00417246175243402
2019-06-11 07:00:00,0.011871508379888374
2019-06-12 07:00:00,-0.013112491373360902
2019-06-13 07:00:00,0.0
2019-06-14 07:00:00,0.013986013986013957
2019-06-17 07:00:00,-0.02137931034482765
2019-06-18 07:00:00,-0.00986610288935863
2019-06-19 07:00:00,0.010676156583629748
2019-06-20 07:00:00,0.014084507042253502
2019-06-21 07:00:00,0.000694444444444331
2019-06-24 07:00:00,0.002775850104094424
2019-06-25 07:00:00,-0.0020761245674739692
2019-06-26 07:00:00,-0.00554785020804438
2019-06-27 07:00:00,-0.008368200836819994
2019-06-28 07:00:00,-0.0007032348804500987
2019-07-01 07:00:00,0.02392681210415204
2019-07-02 07:00:00,0.0
2019-07-03 07:00:00,-0.013745704467354014
2019-07-04 07:00:00,0.01672473867595814
2019-07-05 07:00:00,0.0006854009595613775
2019-07-08 07:00:00,-0.006164383561643838
2019-07-09 07:00:00,-0.006202618883528577
2019-07-10 07:00:00,0.009708737864077666
2019-07-11 07:00:00,0.0027472527472527375
2019-07-12 07:00:00,-0.003424657534246478
2019-07-15 07:00:00,-0.004810996563573866
2019-07-16 07:00:00,0.005524861878453136
2019-07-17 07:00:00,0.0006868131868131844
2019-07-18 07:00:00,-0.005490734385724116
2019-07-19 07:00:00,0.00552104899930983
2019-07-22 07:00:00,0.0013726835964309458
2019-07-23 07:00:00,0.006168608636052175
2019-07-24 07:00:00,0.0034059945504087974
2019-07-25 07:00:00,0.004073319755600657
2019-07-26 07:00:00,-0.0027045300878971723
2019-07-29 07:00:00,-0.0013559322033898091
2019-07-30 07:00:00,-0.006109979633401208
2019-07-31 07:00:00,0.004781420765027411
2019-08-01 07:00:00,-0.0020394289598912874
2019-08-02 07:00:00,-0.0013623978201634523
2019-08-05 07:00:00,-0.010914051841746208
2019-08-06 07:00:00,-0.013793103448275779
2019-08-07 07:00:00,0.004895104895104696
2019-08-08 07:00:00,0.009046624913013224
2019-08-09 07:00:00,0.0041379310344829
2019-08-12 07:00:00,0.004120879120879106
2019-08-13 07:00:00,-0.002735978112175075
2019-08-14 07:00:00,0.00274348422496562
2019-08-15 07:00:00,0.006839945280437965
2019-08-16 07:00:00,0.009510869565217295
2019-08-19 07:00:00,-0.0006729475100941684
2019-08-20 07:00:00,0.0
2019-08-21 07:00:00,0.0060606060606061
2019-08-22 07:00:00,0.002008032128514081
2019-08-23 07:00:00,-0.0013360053440214514
2019-08-26 07:00:00,-0.006688963210702337
2019-08-27 07:00:00,-0.010101010101010166
2019-08-28 07:00:00,0.0
2019-08-29 07:00:00,0.0020408163265306367
2019-08-30 07:00:00,0.010183299389002087
2019-09-03 07:00:00,-0.006720430107526987
2019-09-04 07:00:00,-0.002029769959404515
2019-09-05 07:00:00,-0.0013559322033898091
2019-09-06 07:00:00,0.0013577732518668117
2019-09-09 07:00:00,-0.003389830508474634
2019-09-10 07:00:00,-0.0006802721088434716
2019-09-11 07:00:00,0.000680735194009463
2019-09-12 07:00:00,0.007482993197279075
2019-09-13 07:00:00,0.006076975016880537
2019-09-16 07:00:00,0.010738255033557076
2019-09-17 07:00:00,0.003984063745019917
2019-09-18 07:00:00,0.001984126984126977
2019-09-19 07:00:00,0.003960396039603964
2019-09-20 07:00:00,0.0032873109796185407
2019-09-23 07:00:00,-0.002621231979030081
2019-09-24 07:00:00,-0.003942181340341633
2019-09-25 07:00:00,0.0
2019-09-26 07:00:00,0.0026385224274405594
2019-09-27 07:00:00,0.013157894736842257
2019-09-30 07:00:00,0.003896103896103842
2019-10-01 07:00:00,0.002587322121604174
2019-10-02 07:00:00,-0.014193548387096855
2019-10-03 07:00:00,0.007853403141361293
2019-10-04 07:00:00,-0.011688311688311637
2019-10-07 07:00:00,0.005256241787122251
2019-10-08 07:00:00,-0.0065359477124183885
2019-10-09 07:00:00,0.0019736842105264607
2019-10-10 07:00:00,0.0
2019-10-11 07:00:00,0.004596191726854881
2019-10-14 07:00:00,0.013071895424836555
2019-10-15 07:00:00,-0.006451612903225823
2019-10-16 07:00:00,0.0
2019-10-17 07:00:00,-0.0071428571428572285
2019-10-18 07:00:00,0.0006540222367561466
2019-10-21 07:00:00,-0.002614379084967422
2019-10-22 07:00:00,-0.001965923984272533
2019-10-23 07:00:00,0.004596191726854881
2019-10-24 07:00:00,0.0032679738562091387
2019-10-25 07:00:00,0.0032573289902280145
2019-10-28 07:00:00,0.0032467532467532756
2019-10-29 07:00:00,-0.0025889967637540146
2019-10-30 07:00:00,0.005840363400389403
2019-10-31 07:00:00,-0.007741935483870921
2019-11-01 07:00:00,0.007802340702210531
2019-11-04 07:00:00,0.00774193548387081
2019-11-05 07:00:00,0.003201024327784907
2019-11-06 07:00:00,0.0031908104658584513
2019-11-07 07:00:00,0.0006361323155215093
2019-11-08 07:00:00,-0.00190718372536558
2019-11-11 07:00:00,-0.0019108280254777066
2019-11-12 07:00:00,-0.0012763241863432695
2019-11-13 07:00:00,-0.009584664536741228
2019-11-14 07:00:00,-0.003225806451612967
2019-11-15 07:00:00,-0.0012944983818770073
2019-11-18 07:00:00,-0.006480881399870353
2019-11-19 07:00:00,0.004566210045662045
2019-11-20 07:00:00,-0.00649350649350644
2019-11-21 07:00:00,-0.019607843137254943
2019-11-22 07:00:00,-0.008666666666666711
2019-11-25 07:00:00,0.0026899798251514007
2019-11-26 07:00:00,0.0046948356807512415
2019-11-27 07:00:00,-0.005340453938584733
2019-11-28 07:00:00,-0.010738255033557076
2019-11-29 07:00:00,0.0006784260515604323
2019-12-02 07:00:00,-0.006779661016949157
2019-12-03 07:00:00,-0.010238907849829393
2019-12-04 07:00:00,0.01724137931034475
2019-12-05 07:00:00,-0.007457627118644061
2019-12-06 07:00:00,0.002049180327868827
2019-12-09 07:00:00,-0.0006816632583503957
2019-12-10 07:00:00,-0.009549795361528002
2019-12-11 07:00:00,0.019283746556473913
2019-12-12 07:00:00,-0.004729729729729737
2019-12-13 07:00:00,0.004752206381534396
2019-12-16 07:00:00,-0.016216216216216273
2019-12-17 07:00:00,-0.005494505494505475
2019-12-18 07:00:00,-0.008977900552486262
2019-12-19 07:00:00,-0.0034843205574912606
2019-12-20 07:00:00,0.00419580419580412
2019-12-23 07:00:00,0.0055710306406684396
2019-12-24 07:00:00,0.0041551246537396835
2019-12-25 07:00:00,0.0
2019-12-26 07:00:00,0.0
2019-12-27 07:00:00,0.0075862068965517615
2019-12-30 07:00:00,0.003422313483915085
2019-12-31 07:00:00,0.006821282401091366
2020-01-02 07:00:00,0.0013550135501354532
2020-01-03 07:00:00,-0.005412719891745632
2020-01-06 07:00:00,-0.006802721088435382
2020-01-07 07:00:00,-0.001369863013698569
2020-01-08 07:00:00,-0.010288065843621408
2020-01-09 07:00:00,0.011781011781011763
2020-01-10 07:00:00,0.008219178082191858
2020-01-13 07:00:00,-0.0013586956521740579
2020-01-14 07:00:00,0.0027210884353741083
2020-01-15 07:00:00,-0.0006784260515603213
2020-01-16 07:00:00,0.008146639511201537
2020-01-17 07:00:00,0.004040404040404066
2020-01-20 07:00:00,0.0006706908115359234
2020-01-21 07:00:00,0.05898123324396787
2020-01-22 07:00:00,-0.044303797468354444
2020-01-30 07:00:00,-0.0331125827814569
2020-01-31 07:00:00,-0.03082191780821908
2020-02-03 07:00:00,-0.01272084805653706
2020-02-04 07:00:00,0.00501073729420165
2020-02-05 07:00:00,-0.002849002849002802
2020-02-06 07:00:00,0.02499999999999991
2020-02-07 07:00:00,0.0034843205574912606
2020-02-10 07:00:00,-0.01041666666666674
2020-02-11 07:00:00,0.00070175438596487
2020-02-12 07:00:00,0.014025245441795287
2020-02-13 07:00:00,0.015214384508990264
2020-02-14 07:00:00,-0.017029972752043543
2020-02-17 07:00:00,-0.002772002772002735
2020-02-18 07:00:00,-0.002779708130646319
2020-02-19 07:00:00,-0.0027874564459929863
2020-02-20 07:00:00,0.0062893081761006275
2020-02-21 07:00:00,0.002083333333333215
2020-02-24 07:00:00,-0.022176022176022214
2020-02-25 07:00:00,-0.0014174344436569397
2020-02-26 07:00:00,-0.002838892831795503
2020-02-27 07:00:00,0.004982206405693912
2020-02-28 07:00:00,-0.018413597733710985
2020-03-02 07:00:00,0.009379509379509487
2020-03-03 07:00:00,0.006433166547533897
2020-03-04 07:00:00,-0.014914772727272818
2020-03-05 07:00:00,0.005767844268204758
2020-03-06 07:00:00,-0.01003584229390675
2020-03-09 07:00:00,-0.05720492396813914
2020-03-10 07:00:00,-0.001536098310291778
2020-03-11 07:00:00,-0.0346153846153846
2020-03-12 07:00:00,-0.05976095617529875
2020-03-13 07:00:00,0.016949152542372836
2020-03-16 07:00:00,-0.03916666666666668
2020-03-17 07:00:00,0.008673026886383495
2020-03-18 07:00:00,-0.010318142734307867
2020-03-19 07:00:00,-0.0312771503040834
2020-03-20 07:00:00,0.008071748878923701
2020-03-23 07:00:00,-0.06583629893238441
2020-03-24 07:00:00,-0.00952380952380949
2020-03-25 07:00:00,0.043269230769230616
2020-03-26 07:00:00,-0.01382488479262678
2020-03-27 07:00:00,-0.002803738317756932
2020-03-30 07:00:00,-0.0534208059981256
2020-03-31 07:00:00,0.06435643564356441
2020-04-01 07:00:00,-0.034418604651162754
2020-04-03 07:00:00,0.03179190751445082
2020-04-06 07:00:00,0.04761904761904767
2020-04-07 07:00:00,0.024955436720142554
2020-04-08 07:00:00,0.004347826086956497
2020-04-09 07:00:00,0.011255411255411074
2020-04-10 07:00:00,-0.015410958904109595
2020-04-13 07:00:00,0.026086956521739202
2020-04-14 07:00:00,0.0016949152542371504
2020-04-15 07:00:00,0.02368866328257191
2020-04-16 07:00:00,-0.012396694214876103
2020-04-17 07:00:00,0.025104602510460206
2020-04-20 07:00:00,0.004081632653061273
2020-04-21 07:00:00,-0.039024390243902474
2020-04-22 07:00:00,0.0076142131979695105
2020-04-23 07:00:00,0.0033585222502099388
2020-04-24 07:00:00,0.008368200836820217
2020-04-27 07:00:00,0.00663900414937757
2020-04-28 07:00:00,-0.015663643858202958
2020-04-29 07:00:00,0.005025125628140836
2020-05-04 07:00:00,-0.008333333333333304
2020-05-05 07:00:00,-0.003361344537815225
2020-05-06 07:00:00,0.026981450252951067
2020-05-07 07:00:00,0.013957307060755264
2020-05-08 07:00:00,0.028340080971659853
2020-05-11 07:00:00,0.019685039370078705
2020-05-12 07:00:00,0.01158301158301156
2020-05-13 07:00:00,-0.004580152671755711
2020-05-14 07:00:00,-0.006901840490797562
2020-05-15 07:00:00,-0.001544401544401497
2020-05-18 07:00:00,0.010827532869296164
2020-05-19 07:00:00,0.025248661055853105
2020-05-20 07:00:00,0.003731343283581934
2020-05-21 07:00:00,0.018587360594795488
2020-05-22 07:00:00,-0.020437956204379493
2020-05-25 07:00:00,-0.0014903129657227732
2020-05-26 07:00:00,0.013432835820895495
2020-05-27 07:00:00,-0.008836524300441795
2020-05-28 07:00:00,-0.0022288261515602814
2020-05-29 07:00:00,0.0029784065524944836
2020-06-01 07:00:00,0.01633259094283579
2020-06-02 07:00:00,-0.0051132213294375894
2020-06-03 07:00:00,0.0007342143906021725
2020-06-04 07:00:00,0.005135730007336692
2020-06-05 07:00:00,0.0036496350364965124
2020-06-08 07:00:00,0.018181818181818077
2020-06-09 07:00:00,-0.0028571428571427804
2020-06-10 07:00:00,0.012893982808023008
2020-06-11 07:00:00,-0.034653465346534684
2020-06-12 07:00:00,-0.0073260073260073
2020-06-15 07:00:00,-0.040590405904059046
2020-06-16 07:00:00,0.02230769230769214
2020-06-17 07:00:00,0.008276899924755554
2020-06-18 07:00:00,-0.003731343283582156
2020-06-19 07:00:00,0.011235955056179803
2020-06-22 07:00:00,0.0037037037037037646
2020-06-23 07:00:00,-0.0007380073800739018
2020-06-24 07:00:00,-0.010339734121122546
2020-06-25 07:00:00,-0.004477611940298498
2020-06-26 07:00:00,0.0007496251874061777
2020-06-29 07:00:00,-0.03970037453183517
2020-06-30 07:00:00,0.03744149765990645
2020-07-01 07:00:00,0.0
2020-07-02 07:00:00,-0.009022556390977488
2020-07-03 07:00:00,0.00834597875569032
2020-07-06 07:00:00,0.015801354401805856
2020-07-07 07:00:00,-0.001481481481481417
2020-07-08 07:00:00,-0.0029673590504452063
2020-07-09 07:00:00,0.019345238095238138
2020-07-10 07:00:00,-0.0007299270072992359
2020-07-13 07:00:00,-0.013878743608473298
2020-07-14 07:00:00,0.0
2020-07-15 07:00:00,0.014814814814814836
2020-07-16 07:00:00,-0.007299270072992692
2020-07-17 07:00:00,0.0
2020-07-20 07:00:00,-0.00955882352941173
2020-07-21 07:00:00,0.00222717149220486
2020-07-22 07:00:00,-0.007407407407407418
2020-07-23 07:00:00,-0.008955223880597107
2020-07-24 07:00:00,-0.02108433734939752
2020-07-27 07:00:00,-0.05769230769230771
2020-07-28 07:00:00,0.02857142857142847
2020-07-29 07:00:00,-0.0174603174603174
2020-07-30 07:00:00,0.00646203554119551
2020-07-31 07:00:00,-0.0048154093097914075
2020-08-03 07:00:00,0.01774193548387082
2020-08-04 07:00:00,0.022187004754358197
2020-08-05 07:00:00,0.01317829457364339
2020-08-06 07:00:00,0.028309104820198883
2020-08-07 07:00:00,-0.017857142857142905
2020-08-10 07:00:00,0.006818181818181834
2020-08-11 07:00:00,-0.012039127163280594
2020-08-12 07:00:00,0.012947448591013044
2020-08-13 07:00:00,0.0015037593984961184
2020-08-14 07:00:00,-0.0015015015015015232
2020-08-17 07:00:00,-0.0022556390977443996
2020-08-18 07:00:00,0.0007535795026374359
2020-08-19 07:00:00,0.001506024096385561
2020-08-20 07:00:00,-0.003759398496240629
2020-08-21 07:00:00,0.004528301886792541
2020-08-24 07:00:00,0.020285499624342673
2020-08-25 07:00:00,0.014727540500736325
2020-08-26 07:00:00,-0.007256894049346818
2020-08-27 07:00:00,0.005116959064327409
2020-08-28 07:00:00,0.0072727272727273196
2020-08-31 07:00:00,-0.0043321299638989785
2020-09-01 07:00:00,0.013778100072516342
2020-09-03 07:00:00,0.010014306151645114
2020-09-04 07:00:00,-0.0021246458923512845
2020-09-07 07:00:00,-0.0063875088715400485
2020-09-08 07:00:00,-0.002142857142857113
2020-09-09 07:00:00,-0.012168933428775897
2020-09-10 07:00:00,0.0021739130434781373
2020-09-11 07:00:00,0.002892263195950706
2020-09-14 07:00:00,0.005767844268204758
2020-09-15 07:00:00,0.0014336917562725038
2020-09-16 07:00:00,0.0021474588403722628
2020-09-17 07:00:00,0.0
2020-09-18 07:00:00,0.014285714285714235
2020-09-21 07:00:00,0.005633802816901401
2020-09-22 07:00:00,0.0014005602240896309
2020-09-23 07:00:00,0.005594405594405494
2020-09-24 07:00:00,-0.0055632823365785455
2020-09-25 07:00:00,0.0
2020-09-28 07:00:00,0.013286713286713159
2020-09-29 07:00:00,0.002760524499654915
2020-09-30 07:00:00,-0.0006882312456985007
2020-10-01 07:00:00,0.0020661157024794985
2020-10-02 07:00:00,-0.003436426116838587
2020-10-05 07:00:00,0.0027586206896550447
2020-10-06 07:00:00,0.004814305364511773
2020-10-07 07:00:00,0.003422313483915085
2020-10-08 07:00:00,-0.004092769440654842
2020-10-09 07:00:00,0.00205479452054802
2020-10-12 07:00:00,0.004784688995215225
2020-10-13 07:00:00,0.0
2020-10-14 07:00:00,0.017006802721088343
2020-10-15 07:00:00,0.008026755852842848
2020-10-16 07:00:00,0.001990710019907027
2020-10-19 07:00:00,0.0026490066225166586
2020-10-20 07:00:00,0.010568031704095038
2020-10-21 07:00:00,0.0
2020-10-22 07:00:00,0.009803921568627416
2020-10-23 07:00:00,0.011003236245954673
2020-10-26 07:00:00,0.00768245838668391
2020-10-27 07:00:00,-0.02096569250317659
2020-10-28 07:00:00,-0.039584685269305586
2020-10-29 07:00:00,-0.0006756756756758353
2020-10-30 07:00:00,0.007437457741717557
2020-11-02 07:00:00,0.00402684563758382
2020-11-03 07:00:00,0.014705882352941124
2020-11-04 07:00:00,0.0032938076416337836
2020-11-05 07:00:00,-0.001969796454366457
2020-11-06 07:00:00,0.0
2020-11-09 07:00:00,0.008552631578947478
2020-11-10 07:00:00,0.01108936725375087
2020-11-11 07:00:00,-0.00903225806451613
2020-11-12 07:00:00,0.0032552083333334814
2020-11-13 07:00:00,0.01881894873458778
2020-11-16 07:00:00,-0.022292993630573243
2020-11-17 07:00:00,0.011074918566775338
2020-11-18 07:00:00,0.011597938144329856
2020-11-19 07:00:00,0.007643312101910826
2020-11-20 07:00:00,0.00821744627054355
2020-11-23 07:00:00,0.0
2020-11-24 07:00:00,0.006269592476489061
2020-11-25 07:00:00,0.008099688473520272
2020-11-26 07:00:00,0.0012360939431397266
2020-11-27 07:00:00,0.0024691358024691024
2020-11-30 07:00:00,0.001847290640394128
2020-12-01 07:00:00,0.003073140749846326
2020-12-02 07:00:00,0.007965686274509665
2020-12-03 07:00:00,0.012158054711246091
2020-12-04 07:00:00,-0.0030030030030028243
2020-12-07 07:00:00,0.004216867469879482
2020-12-08 07:00:00,-0.0023995200959809893
2020-12-09 07:00:00,0.01743836440168378
2020-12-10 07:00:00,-0.011820330969267268
2020-12-11 07:00:00,0.011961722488038395
2020-12-14 07:00:00,0.011229314420803549
2020-12-15 07:00:00,-0.006428988895382792
2020-12-16 07:00:00,0.01764705882352935
2020-12-17 07:00:00,-0.011560693641618491
2020-12-18 07:00:00,0.028654970760233933
2020-12-21 07:00:00,0.006253553155201708
2020-12-22 07:00:00,-0.0005649717514123465
2020-12-23 07:00:00,-0.005087620124364034
2020-12-24 07:00:00,-0.005681818181818232
2020-12-25 07:00:00,0.017142857142857126
2020-12-28 07:00:00,-0.0050561797752809445
2020-12-29 07:00:00,0.004517221908526103
2020-12-30 07:00:00,-0.003372681281618828
2020-12-31 07:00:00,0.015228426395939021
2021-01-04 07:00:00,0.018333333333333313
2021-01-05 07:00:00,0.00981996726677603
2021-01-06 07:00:00,0.010264721772015095
2021-01-07 07:00:00,0.01497326203208571
2021-01-08 07:00:00,0.01264488935721797
2021-01-11 07:00:00,0.0171696149843914
2021-01-12 07:00:00,0.01278772378516635
2021-01-13 07:00:00,-0.010606060606060619
2021-01-14 07:00:00,-0.0005104645227157478
2021-01-15 07:00:00,0.011235955056179803
2021-01-18 07:00:00,-0.005555555555555536
2021-01-19 07:00:00,-0.05027932960893866
2021-01-20 07:00:00,0.008021390374331583
2021-01-21 07:00:00,0.023872679045092715
2021-01-22 07:00:00,0.004663212435233044
2021-01-25 07:00:00,-0.001547189272821048
2021-01-26 07:00:00,-0.03409090909090906
2021-01-27 07:00:00,-0.018716577540106805
2021-01-28 07:00:00,-0.0697547683923706
2021-01-29 07:00:00,0.025190392501464487
2021-02-01 07:00:00,-0.010857142857142899
2021-02-02 07:00:00,0.05141536683997683
2021-02-03 07:00:00,0.03571428571428581
2021-02-04 07:00:00,-0.0053050397877985045
2021-02-05 07:00:00,0.03946666666666654
2021-02-08 07:00:00,-0.04617752693689059
2021-02-09 07:00:00,0.047337278106508895
2021-02-17 07:00:00,0.006676938880328942
2021-02-18 07:00:00,0.008163265306122547
2021-02-19 07:00:00,0.0045546558704452345
2021-02-22 07:00:00,-0.002015113350126052
2021-02-23 07:00:00,0.004543160020191728
2021-02-24 07:00:00,-0.017587939698492372
2021-02-25 07:00:00,0.008695652173912993
2021-02-26 07:00:00,-0.001014198782961384
2021-03-01 07:00:00,0.016751269035533145
2021-03-02 07:00:00,0.0
2021-03-03 07:00:00,0.0014977533699449541
2021-03-04 07:00:00,0.001994017946161719
2021-03-05 07:00:00,-0.017910447761194215
2021-03-08 07:00:00,-0.00405268490374866
2021-03-09 07:00:00,-0.0005086469989827869
2021-03-10 07:00:00,0.003562340966921207
2021-03-11 07:00:00,0.014198782961460488
2021-03-12 07:00:00,-0.0039999999999998925
2021-03-15 07:00:00,0.00401606425702794
2021-03-16 07:00:00,-0.000500000000000056
2021-03-17 07:00:00,0.002001000500250205
2021-03-18 07:00:00,0.01248127808287558
2021-03-19 07:00:00,-0.0039447731755425375
2021-03-22 07:00:00,0.000990099009900991
2021-03-23 07:00:00,-0.013353115727002929
2021-03-24 07:00:00,-0.01253132832080206
2021-03-25 07:00:00,-0.0050761421319796
2021-03-26 07:00:00,0.0025510204081631294
2021-03-29 07:00:00,0.012213740458015376
2021-03-30 07:00:00,0.005530417295123158
2021-03-31 07:00:00,0.0050000000000001155
2021-04-01 07:00:00,0.02487562189054726
2021-04-02 07:00:00,0.011650485436893065
2021-04-05 07:00:00,0.01055662188099804
2021-04-06 07:00:00,-0.0009496676163343043
2021-04-07 07:00:00,0.0033269961977187013
2021-04-08 07:00:00,-0.00994789199431556
2021-04-09 07:00:00,0.004784688995215447
2021-04-12 07:00:00,0.02238095238095239
2021-04-13 07:00:00,-0.01257568700512346
2021-04-14 07:00:00,-0.004245283018867951
2021-04-15 07:00:00,0.02273803884414982
2021-04-16 07:00:00,-0.004168596572487249
2021-04-19 07:00:00,0.022325581395348904
2021-04-20 07:00:00,0.018198362147406666
2021-04-22 07:00:00,-0.030831099195710365
2021-04-23 07:00:00,0.01429230059935449
2021-04-26 07:00:00,-0.033636363636363575
2021-04-27 07:00:00,0.00940733772342428
2021-04-28 07:00:00,0.007921714818266423
2021-04-29 07:00:00,0.01710587147480358
2021-05-04 07:00:00,0.009090909090909038
2021-05-05 07:00:00,0.013513513513513598
2021-05-06 07:00:00,-0.004444444444444473
2021-05-07 07:00:00,0.0
2021-05-10 07:00:00,0.026339285714285676
2021-05-11 07:00:00,0.010439321444106309
2021-05-12 07:00:00,-0.0060266896254843605
2021-05-13 07:00:00,-0.0038977912516240387
2021-05-14 07:00:00,0.0
2021-05-17 07:00:00,0.0
2021-05-18 07:00:00,0.004347826086956497
2021-05-19 07:00:00,0.004761904761904745
2021-05-20 07:00:00,0.0228349849202929
2021-05-21 07:00:00,0.004212299915754114
2021-05-24 07:00:00,0.06963087248322153
2021-05-25 07:00:00,-0.050980392156862786
2021-05-26 07:00:00,0.007024793388429762
2021-05-27 07:00:00,-0.0004103405826837436
2021-05-28 07:00:00,0.0049261083743843415
2021-05-31 07:00:00,0.008578431372548989
2021-06-01 07:00:00,0.011340623734305222
2021-06-02 07:00:00,-0.015218261914297093
2021-06-03 07:00:00,0.027246848312322047
2021-06-04 07:00:00,-0.0007917656373714888
2021-06-07 07:00:00,-0.012678288431061668
2021-06-08 07:00:00,-0.018459069020866803
2021-06-09 07:00:00,0.005723630417007408
2021-06-10 07:00:00,-0.004065040650406582
2021-06-11 07:00:00,0.01959183673469389
2021-06-14 07:00:00,0.0048038430744596905
2021-06-15 07:00:00,-0.0019920318725099584
2021-06-16 07:00:00,-0.010778443113772407
2021-06-17 07:00:00,-0.00040355125100899336
2021-06-18 07:00:00,0.005248284214775856
2021-06-21 07:00:00,-0.004016064257028051
2021-06-22 07:00:00,0.012499999999999956
2021-06-23 07:00:00,-0.00039824771007557214
2021-06-24 07:00:00,-0.007968127490039945
2021-06-25 07:00:00,0.014457831325301429
2021-06-28 07:00:00,0.013460015835312644
2021-06-29 07:00:00,0.0078125
2021-06-30 07:00:00,0.0015503875968991832
2021-07-01 07:00:00,0.0019349845201239724
2021-07-02 07:00:00,0.011973735032831057
2021-07-05 07:00:00,-0.007633587786259555
2021-07-06 07:00:00,-0.01538461538461533
2021-07-07 07:00:00,0.015625
2021-07-08 07:00:00,-0.02692307692307694
2021-07-09 07:00:00,0.007509881422924858
2021-07-12 07:00:00,-0.029030992546096424
2021-07-13 07:00:00,0.008080808080808133
2021-07-14 07:00:00,-0.03366733466933869
2021-07-15 07:00:00,0.005806719203649946
2021-07-16 07:00:00,0.010309278350515427
2021-07-19 07:00:00,-0.048979591836734615
2021-07-20 07:00:00,0.029184549356223055
2021-07-21 07:00:00,-0.015846538782318564
2021-07-22 07:00:00,0.016949152542372836
2021-07-23 07:00:00,-0.007499999999999951
2021-07-26 07:00:00,0.005877413937867448
2021-07-27 07:00:00,-0.0033388981636061077
2021-07-28 07:00:00,-0.00335008375209378
2021-07-29 07:00:00,0.010504201680672232
2021-07-30 07:00:00,0.022869022869022926
2021-08-02 07:00:00,0.00406504065040636
2021-08-03 07:00:00,0.0
2021-08-04 07:00:00,-0.0080971659919028
2021-08-05 07:00:00,0.009795918367346834
2021-08-06 07:00:00,0.007275666936136016
2021-08-09 07:00:00,0.01123595505617958
2021-08-10 07:00:00,-0.0003968253968252844
2021-08-11 07:00:00,-0.0035728463676062416
2021-08-12 07:00:00,-0.010756972111553909
2021-08-13 07:00:00,-0.00040273862263384697
2021-08-16 07:00:00,0.01933924254633368
2021-08-17 07:00:00,-0.0015810276679841806
2021-08-18 07:00:00,-0.0035629453681710332
2021-08-19 07:00:00,-0.0063567739372268894
2021-08-20 07:00:00,-0.03638544582167136
2021-08-23 07:00:00,-0.016597510373444035
2021-08-24 07:00:00,0.010548523206751037
2021-08-25 07:00:00,0.0041753653444676075
2021-08-26 07:00:00,-0.002494802494802606
2021-08-27 07:00:00,-0.007919966652771948
2021-08-30 07:00:00,0.008403361344537785
2021-08-31 07:00:00,0.004166666666666652
2021-09-01 07:00:00,-0.0020746887966804906
2021-09-06 07:00:00,0.014553014553014387
2021-09-07 07:00:00,0.006147540983606703
2021-09-08 07:00:00,-0.012219959266802527
2021-09-09 07:00:00,0.0012371134020618957
2021-09-10 07:00:00,0.008649093904447902
2021-09-13 07:00:00,-0.007758268681094194
2021-09-14 07:00:00,-0.004115226337448652
2021-09-15 07:00:00,0.008264462809917328
2021-09-16 07:00:00,0.0
2021-09-17 07:00:00,0.006557377049180246
2021-09-20 07:00:00,0.017508143322475522
2021-09-21 07:00:00,-0.0056022408963584125
2021-09-22 07:00:00,-0.014084507042253613
2021-09-23 07:00:00,0.013877551020408108
2021-09-24 07:00:00,-0.009661835748792202
2021-09-27 07:00:00,-0.006504065040650375
2021-09-28 07:00:00,-0.005319148936170359
2021-09-29 07:00:00,0.0037021801727683545
2021-09-30 07:00:00,0.006147540983606703
2021-10-01 07:00:00,0.0008146639511201759
2021-10-04 07:00:00,-0.0008140008140008481
2021-10-05 07:00:00,-0.0020366598778004397
2021-10-06 07:00:00,0.001224489795918382
2021-10-07 07:00:00,0.002853648593558855
2021-10-08 07:00:00,0.012195121951219301
2021-10-11 07:00:00,0.02008032128514059
2021-10-12 07:00:00,0.0019685039370078705
2021-10-13 07:00:00,-0.0019646365422396617
2021-10-14 07:00:00,-0.007874015748031482
2021-10-15 07:00:00,0.005555555555555536
2021-10-18 07:00:00,0.02012628255722193
2021-10-19 07:00:00,-0.006576402321083252
2021-10-20 07:00:00,0.003504672897196359
2021-10-21 07:00:00,-0.012417539774932096
2021-10-22 07:00:00,0.0019646365422396617
2021-10-25 07:00:00,-0.019607843137254943
2021-10-26 07:00:00,0.01519999999999988
2021-10-27 07:00:00,0.0031520882584712417
2021-10-28 07:00:00,0.01846032992930091
2021-10-29 07:00:00,-0.008484381025838705
2021-11-01 07:00:00,-0.000777907429015956
2021-11-02 07:00:00,0.0
2021-11-03 07:00:00,0.0003892565200467324
2021-11-04 07:00:00,-0.0019455252918287869
2021-11-05 07:00:00,0.01208576998050681
2021-11-08 07:00:00,-0.00038520801232666546
2021-11-09 07:00:00,-0.010019267822735989
2021-11-10 07:00:00,0.0007785130400934648
2021-11-11 07:00:00,-0.000777907429015956
2021-11-12 07:00:00,0.007785130400934204
2021-11-15 07:00:00,-0.0034762456546929554
2021-11-16 07:00:00,-0.011627906976744207
2021-11-17 07:00:00,0.0007843137254901489
2021-11-18 07:00:00,-0.004702194357366851
2021-11-19 07:00:00,0.003937007874015741
2021-11-22 07:00:00,-0.009803921568627416
2021-11-23 07:00:00,0.013861386138613874
2021-11-24 07:00:00,0.0234375
2021-11-25 07:00:00,0.0
2021-11-26 07:00:00,0.005343511450381699
2021-11-29 07:00:00,-0.005315110098709219
2021-11-30 07:00:00,-0.015267175572518998
2021-12-01 07:00:00,0.015503875968992276
2021-12-02 07:00:00,-0.0007633587786259888
2021-12-03 07:00:00,-0.025974025974025983
2021-12-06 07:00:00,-0.019215686274509758
2021-12-07 07:00:00,0.038784486205517776
2021-12-08 07:00:00,-0.018475750577367167
2021-12-09 07:00:00,0.009803921568627416
2021-12-10 07:00:00,-0.005825242718446533
2021-12-13 07:00:00,0.015625
2021-12-14 07:00:00,-0.019230769230769273
2021-12-15 07:00:00,0.007843137254901933
2021-12-16 07:00:00,-0.013618677042801508
2021-12-17 07:00:00,0.00591715976331364
2021-12-20 07:00:00,0.0
2021-12-21 07:00:00,-0.005490196078431375
2021-12-22 07:00:00,0.001577287066246047
2021-12-23 07:00:00,-0.006299212598425252
2021-12-24 07:00:00,0.0023771790808242432
2021-12-27 07:00:00,0.007905138339920903
2021-12-28 07:00:00,-0.0039215686274510775
2021-12-29 07:00:00,0.003937007874015741
2021-12-30 07:00:00,0.0039215686274509665
2021-12-31 07:00:00,0.008984374999999822
2022-01-04 07:00:00,0.01432442895857533
2022-01-05 07:00:00,-0.008015267175572549
2022-01-06 07:00:00,-0.0065409772989610815
2022-01-07 07:00:00,0.0011618900077459138
2022-01-10 07:00:00,-0.010444874274661675
2022-01-11 07:00:00,-0.0070367474589523304
2022-01-12 07:00:00,-0.007480314960629841
2022-01-13 07:00:00,0.023800079333597735
2022-01-14 07:00:00,-0.006199147617202638
2022-01-17 07:00:00,-0.025341130604288442
2022-01-18 07:00:00,0.011600000000000055
2022-01-19 07:00:00,-0.003558718861209953
2022-01-20 07:00:00,-0.009920634920634885
2022-01-21 07:00:00,0.006412825651302523
2022-01-24 07:00:00,-0.005575467941059342
2022-01-25 07:00:00,0.008410092110532563
2022-01-26 07:00:00,0.012708498808578161
2022-01-27 07:00:00,0.0031372549019608176
2022-01-28 07:00:00,0.006254886630179923
2022-02-07 07:00:00,0.006604506604506621
2022-02-08 07:00:00,0.0073330760324199495
2022-02-09 07:00:00,0.00766283524904221
2022-02-10 07:00:00,-0.004942965779467623
2022-02-11 07:00:00,-0.0034390523500192893
2022-02-14 07:00:00,-0.0030674846625766694
2022-02-15 07:00:00,-0.011923076923076925
2022-02-16 07:00:00,0.008563643441027669
2022-02-17 07:00:00,0.0015438054805094747
2022-02-18 07:00:00,-0.0077071290944122905
2022-02-21 07:00:00,0.005825242718446644
2022-02-22 07:00:00,0.0
2022-02-23 07:00:00,-0.004633204633204491
2022-02-24 07:00:00,-0.014740108611326685
2022-02-25 07:00:00,0.003937007874015741
2022-02-28 07:00:00,0.0117647058823529
2022-03-01 07:00:00,-0.007751937984496138
2022-03-02 07:00:00,-0.007812500000000111
2022-03-03 07:00:00,0.011023622047244164
2022-03-04 07:00:00,0.0007788161993769194
2022-03-07 07:00:00,-0.0038910505836574627
2022-03-08 07:00:00,-0.01171875
2022-03-09 07:00:00,-0.011857707509881465
2022-03-10 07:00:00,0.006000000000000005
2022-03-11 07:00:00,-0.006361829025844923
2022-03-14 07:00:00,-0.019607843137254832
2022-03-15 07:00:00,0.008163265306122325
2022-03-16 07:00:00,0.005668016194332104
2022-03-17 07:00:00,0.0008051529790660261
2022-03-18 07:00:00,0.005631536604987941
2022-03-21 07:00:00,0.011200000000000099
2022-03-22 07:00:00,0.005142405063291111
2022-03-23 07:00:00,-0.005509641873278293
2022-03-24 07:00:00,-0.00474871388998821
2022-03-25 07:00:00,0.0011928429423460063
2022-03-28 07:00:00,-0.0019857029388403724
2022-03-29 07:00:00,0.0003979307600479043
2022-03-30 07:00:00,0.0003977724741446309
2022-03-31 07:00:00,0.0059642147117298094
2022-04-01 07:00:00,0.02292490118577062
2022-04-04 07:00:00,0.008500772797527034
2022-04-05 07:00:00,-0.00766283524904221
2022-04-06 07:00:00,-0.0038610038610037423
2022-04-07 07:00:00,-0.0015503875968991832
2022-04-08 07:00:00,0.004658385093167627
2022-04-12 07:00:00,0.0007727975270479526
2022-04-13 07:00:00,0.0
2022-04-14 07:00:00,-0.014671814671814665
2022-04-15 07:00:00,-0.0007836990595611049
2022-04-18 07:00:00,-0.007843137254901933
2022-04-19 07:00:00,-0.013833992094861691
2022-04-20 07:00:00,-0.006012024048096087
2022-04-21 07:00:00,0.007661290322580561
2022-04-22 07:00:00,-0.0076030412164864725
2022-04-25 07:00:00,-0.06935483870967751
2022-04-26 07:00:00,0.020363951473137076
2022-04-27 07:00:00,0.019108280254777066
2022-04-28 07:00:00,-0.004583333333333273
2022-04-29 07:00:00,0.0029300962745919534
2022-05-04 07:00:00,-0.019198664440734592
2022-05-05 07:00:00,0.0021276595744681437
2022-05-06 07:00:00,-0.023779193205944904
2022-05-09 07:00:00,-0.04306220095693769
2022-05-10 07:00:00,0.045454545454545414
2022-05-11 07:00:00,-0.008695652173912993
2022-05-12 07:00:00,-0.05833333333333346
2022-05-13 07:00:00,0.0013972985561248041
2022-05-16 07:00:00,-0.037209302325581395
2022-05-17 07:00:00,0.05265700483091784
2022-05-18 07:00:00,0.0004589261128959965
2022-05-19 07:00:00,-0.005504587155963359
2022-05-20 07:00:00,0.0
2022-05-23 07:00:00,-0.01291512915129156
2022-05-24 07:00:00,-0.0037383177570092796
2022-05-25 07:00:00,0.031894934333958735
2022-05-26 07:00:00,-0.0031818181818181746
2022-05-27 07:00:00,0.020975832193342425
2022-05-30 07:00:00,0.00937918713711472
2022-05-31 07:00:00,-0.013274336283185861
2022-06-01 07:00:00,0.015695067264573925
2022-06-02 07:00:00,-0.015452538631346435
2022-06-03 07:00:00,-0.008968609865470767
2022-06-06 07:00:00,0.011312217194570096
2022-06-07 07:00:00,0.0
2022-06-08 07:00:00,0.0022371364653241965
2022-06-09 07:00:00,0.0022321428571427937
2022-06-10 07:00:00,-0.0022271714922049712
2022-06-13 07:00:00,-0.02946428571428572
2022-06-14 07:00:00,0.007359705611775569
2022-06-15 07:00:00,-0.04063926940639251
2022-06-16 07:00:00,0.04236078058067583
2022-06-17 07:00:00,-0.022831050228310557
2022-06-20 07:00:00,-0.03224299065420555
2022-06-21 07:00:00,-0.005311443746982114
2022-06-22 07:00:00,0.014563106796116276
2022-06-23 07:00:00,-0.0071770334928229484
2022-06-24 07:00:00,0.001927710843373509
2022-06-27 07:00:00,0.015392015392015512
2022-06-28 07:00:00,0.016106110847939448
2022-06-29 07:00:00,0.0
2022-06-30 07:00:00,-0.004662004662004615
2022-07-01 07:00:00,-0.0023419203747072626
2022-07-04 07:00:00,-0.00187793427230043
2022-07-05 07:00:00,-0.016933207902163794
2022-07-06 07:00:00,-0.011483253588516651
2022-07-07 07:00:00,0.0019361084220717029
2022-07-08 07:00:00,0.009178743961352653
2022-07-11 07:00:00,-0.024892292963140217
2022-07-12 07:00:00,0.011291114383897849
2022-07-13 07:00:00,0.0014563106796114944
2022-07-14 07:00:00,0.002908385845855621
2022-07-15 07:00:00,-0.002899951667472367
2022-07-18 07:00:00,-0.005332040717401787
2022-07-19 07:00:00,-0.0009746588693957392
2022-07-20 07:00:00,0.009756097560975618
2022-07-21 07:00:00,0.004347826086956497
2022-07-22 07:00:00,0.00481000481000482
2022-07-25 07:00:00,-0.0081378650071805
2022-07-26 07:00:00,-0.0014478764478763617
2022-07-27 07:00:00,-0.004349927501208328
2022-07-28 07:00:00,0.01553398058252431
2022-07-29 07:00:00,0.001434034416825991
2022-08-01 07:00:00,0.007159904534606243
2022-08-02 07:00:00,0.009478672985781866
2022-08-03 07:00:00,-0.0046948356807512415
2022-08-04 07:00:00,0.014150943396226356
2022-08-05 07:00:00,-0.006046511627906925
2022-08-08 07:00:00,0.002807674309780017
2022-08-09 07:00:00,0.011665888940737279
2022-08-10 07:00:00,-0.005073800738007339
2022-08-11 07:00:00,0.004636068613815603
2022-08-12 07:00:00,-0.0032302722658053007
2022-08-15 07:00:00,0.012037037037036846
2022-08-16 07:00:00,0.0018298261665141702
2022-08-17 07:00:00,0.006392694063926951
2022-08-18 07:00:00,-0.005444646098003547
2022-08-19 07:00:00,-0.005474452554744547
2022-08-22 07:00:00,0.0
2022-08-23 07:00:00,-0.0004587155963303724
2022-08-24 07:00:00,0.0055071133547499596
2022-08-25 07:00:00,0.013235965312642595
2022-08-26 07:00:00,-0.003603603603603567
2022-08-29 07:00:00,-0.01401446654611227
2022-08-30 07:00:00,0.008711600183402224
2022-08-31 07:00:00,0.0027272727272726893
2022-09-05 07:00:00,0.0
2022-09-06 07:00:00,-0.00498640072529466
2022-09-07 07:00:00,-0.006833712984054552
2022-09-08 07:00:00,-0.014220183486238658
2022-09-09 07:00:00,0.00232666356444855
2022-09-12 07:00:00,0.00742804085422466
2022-09-13 07:00:00,-0.003225806451612967
2022-09-14 07:00:00,-0.01109570041608865
2022-09-15 07:00:00,0.0009350163627863672
2022-09-16 07:00:00,-0.01681457262961228
2022-09-19 07:00:00,-0.004750593824228044
2022-09-20 07:00:00,-0.0009546539379474694
2022-09-21 07:00:00,-0.010033444816053505
2022-09-22 07:00:00,0.004826254826254983
2022-09-23 07:00:00,0.0
2022-09-26 07:00:00,-0.026416906820365016
2022-09-27 07:00:00,-0.0019733596447951696
2022-09-28 07:00:00,-0.002965892239248591
2022-09-29 07:00:00,-0.013386217154189528
2022-09-30 07:00:00,0.0010050251256283893
2022-10-03 07:00:00,-0.05622489959839361
2022-10-04 07:00:00,-0.015957446808510634
2022-10-05 07:00:00,0.025945945945945903
2022-10-06 07:00:00,-0.013698630136986356
2022-10-07 07:00:00,-0.056623931623931534
2022-10-12 07:00:00,0.04033214709371302
2022-10-13 07:00:00,0.009122006841505215
2022-10-14 07:00:00,0.016949152542372836
2022-10-17 07:00:00,-0.01388888888888884
2022-10-18 07:00:00,0.011267605633802802
2022-10-19 07:00:00,0.003342618384401197
2022-10-20 07:00:00,-0.0049972237645752315
2022-10-21 07:00:00,-0.04631696428571441
2022-10-24 07:00:00,-0.03452311293153887
2022-10-25 07:00:00,0.006666666666666599
2022-10-26 07:00:00,0.004214328717639937
2022-10-27 07:00:00,0.03956834532374098
2022-10-28 07:00:00,0.009227220299884653
2022-10-31 07:00:00,0.004571428571428449
2022-11-01 07:00:00,-0.0034129692832763903
2022-11-02 07:00:00,-0.00742009132420085
2022-11-03 07:00:00,0.0017251293847038163
2022-11-04 07:00:00,-0.02812858783008043
2022-11-07 07:00:00,-0.022445363260484297
2022-11-08 07:00:00,0.0006042296072505948
2022-11-09 07:00:00,-0.0012077294685990392
2022-11-10 07:00:00,-0.056831922611849994
2022-11-11 07:00:00,-0.02564102564102566
2022-11-14 07:00:00,0.03947368421052633
2022-11-15 07:00:00,-0.03164556962025311
2022-11-16 07:00:00,0.05555555555555536
2022-11-17 07:00:00,0.02229102167182684
2022-11-18 07:00:00,0.008479709267110724
2022-11-21 07:00:00,-0.021621621621621623
2022-11-22 07:00:00,-0.010435850214855602
2022-11-23 07:00:00,-0.003722084367245748
2022-11-24 07:00:00,-0.002490660024906499
2022-11-25 07:00:00,0.02434456928838946
2022-11-28 07:00:00,0.026812918951858666
2022-11-29 07:00:00,0.02908011869436189
2022-11-30 07:00:00,0.026528258362168433
2022-12-01 07:00:00,0.016853932584269593
2022-12-02 07:00:00,0.022099447513812098
2022-12-05 07:00:00,0.021081081081081088
2022-12-06 07:00:00,-0.04182106934886176
2022-12-07 07:00:00,-0.005524861878453136
2022-12-08 07:00:00,0.005555555555555536
2022-12-09 07:00:00,0.004419889502762286
2022-12-12 07:00:00,-0.020902090209020896
2022-12-13 07:00:00,0.00561797752808979
2022-12-14 07:00:00,0.003351955307262733
2022-12-15 07:00:00,0.018930957683741534
2022-12-16 07:00:00,-0.006557377049180357
2022-12-19 07:00:00,-0.010451045104510559
2022-12-20 07:00:00,-0.022234574763757564
2022-12-21 07:00:00,-0.00909607731665718
2022-12-22 07:00:00,0.015490533562822595
2022-12-23 07:00:00,0.0
2022-12-26 07:00:00,-0.03050847457627115
2022-12-27 07:00:00,0.019813519813519864
2022-12-28 07:00:00,-0.005714285714285783
2022-12-29 07:00:00,-0.009770114942528663
2022-12-30 07:00:00,0.005803830528148479
2023-01-03 07:00:00,0.021350259665320337
2023-01-04 07:00:00,0.011299435028248483
2023-01-05 07:00:00,0.009497206703910743
2023-01-06 07:00:00,-0.004980630879911407
2023-01-09 07:00:00,0.0038932146829810943
2023-01-10 07:00:00,0.001108033240997175
2023-01-11 07:00:00,0.0005534034311012181
2023-01-12 07:00:00,0.0027654867256636795
2023-01-13 07:00:00,0.012686155543298439
2023-01-16 07:00:00,-0.005991285403050051
2023-01-17 07:00:00,0.02904109589041104
2023-01-18 07:00:00,0.011714589989350266
2023-01-19 07:00:00,0.021052631578947212
2023-01-27 07:00:00,-0.009793814432989545
2023-01-30 07:00:00,-0.010931806350858997
2023-01-31 07:00:00,0.010526315789473717
2023-02-01 07:00:00,-0.03541666666666665
2023-02-02 07:00:00,0.0016198704103671524
2023-02-03 07:00:00,-0.0032345013477089735
2023-02-06 07:00:00,0.0037858301784747805
2023-02-07 07:00:00,-0.0037715517241379004
2023-02-08 07:00:00,-0.005949161709031925
2023-02-09 07:00:00,-0.014145810663764857
2023-02-10 07:00:00,0.0
2023-02-13 07:00:00,-0.018211920529801473
2023-02-14 07:00:00,-0.00786958965711082
2023-02-15 07:00:00,0.005099150141643083
2023-02-16 07:00:00,0.010146561443066693
2023-02-17 07:00:00,-0.0033482142857144126
2023-02-20 07:00:00,0.025755879059350617
2023-02-21 07:00:00,0.004366812227074135
2023-02-22 07:00:00,-0.021195652173912838
2023-02-23 07:00:00,-0.0016657412548585215
2023-02-24 07:00:00,-0.014460511679644128
2023-02-27 07:00:00,-0.028216704288939076
2023-02-28 07:00:00,0.004645760743321903
2023-03-01 07:00:00,0.01387283236994219
2023-03-02 07:00:00,0.006271379703534752
2023-03-03 07:00:00,-0.02152974504249283
2023-03-06 07:00:00,0.0017371163867980766
2023-03-07 07:00:00,0.00867052023121384
2023-03-08 07:00:00,0.014326647564469885
2023-03-09 07:00:00,0.012994350282485856
2023-03-10 07:00:00,-0.004461795872838681
2023-03-13 07:00:00,0.0011204481792717047
2023-03-14 07:00:00,-0.012870733072188001
2023-03-15 07:00:00,0.027210884353741527
2023-03-16 07:00:00,-0.019315673289183266
2023-03-17 07:00:00,0.0016882386043894915
2023-03-20 07:00:00,-0.022471910112359716
2023-03-21 07:00:00,0.011494252873563315
2023-03-22 07:00:00,0.013636363636363447
2023-03-23 07:00:00,-0.003923766816143481
2023-03-24 07:00:00,0.011254924029262758
2023-03-27 07:00:00,0.0005564830272677401
2023-03-28 07:00:00,0.011123470522803158
2023-03-29 07:00:00,-0.008250825082508184
2023-03-30 07:00:00,0.010537992235163385
2023-03-31 07:00:00,0.009879253567508295
2023-04-03 07:00:00,0.00923913043478275
2023-04-04 07:00:00,0.002692514808831481
2023-04-05 07:00:00,-0.0010741138560687036
2023-04-06 07:00:00,-0.005376344086021612
2023-04-07 07:00:00,-0.006486486486486531
2023-04-10 07:00:00,0.0
2023-04-11 07:00:00,0.009249183895538637
2023-04-12 07:00:00,-0.0032345013477089735
2023-04-13 07:00:00,-0.008112493239588847
2023-04-14 07:00:00,-0.0021810250817884125
2023-04-17 07:00:00,-0.005464480874317057
2023-04-18 07:00:00,-0.0016483516483515315
2023-04-19 07:00:00,-0.005503577325261522
2023-04-20 07:00:00,-0.0005534034311013292
2023-04-21 07:00:00,-0.009413067552602294
2023-04-24 07:00:00,0.0005589714924538747
2023-04-25 07:00:00,-0.011173184357541888
2023-04-26 07:00:00,0.01242937853107362
2023-04-27 07:00:00,-0.0078125
2023-04-28 07:00:00,0.023622047244094446
2023-05-04 07:00:00,-0.014835164835164782
2023-05-05 07:00:00,0.003904071388733943
2023-05-08 07:00:00,0.0
2023-05-09 07:00:00,0.0
2023-05-10 07:00:00,0.0011111111111110628
2023-05-11 07:00:00,-0.0016648168701443034
2023-05-12 07:00:00,0.009449694274597187
2023-05-15 07:00:00,0.004405286343612147
2023-05-16 07:00:00,-0.0005482456140349923
2023-05-17 07:00:00,-0.010970927043335132
2023-05-18 07:00:00,0.014975041597337757
2023-05-19 07:00:00,-0.005464480874317057
2023-05-22 07:00:00,0.004395604395604602
2023-05-23 07:00:00,-0.014770240700218817
2023-05-24 07:00:00,0.0061077179344808386
2023-05-25 07:00:00,-0.0016556291390729116
2023-05-26 07:00:00,-0.002211166390270858
2023-05-29 07:00:00,0.008310249307479145
2023-05-30 07:00:00,0.0027472527472527375
2023-05-31 07:00:00,0.008767123287671152
2023-06-01 07:00:00,-0.011406844106463976
2023-06-02 07:00:00,0.023626373626373542
2023-06-05 07:00:00,-0.006977992485238782
2023-06-06 07:00:00,0.00756756756756749
2023-06-07 07:00:00,0.00965665236051505
2023-06-08 07:00:00,-0.0031880977683315104
2023-06-09 07:00:00,-0.0010660980810236476
2023-06-12 07:00:00,0.007470651013874008
2023-06-13 07:00:00,0.007944915254237461
2023-06-14 07:00:00,0.0036784025223330907
2023-06-15 07:00:00,-0.005235602094240899
2023-06-16 07:00:00,0.0
2023-06-19 07:00:00,-0.0057894736842104555
2023-06-20 07:00:00,-0.000529380624669229
2023-06-21 07:00:00,0.00370762711864403
2023-06-22 07:00:00,0.009498680738786236
2023-06-23 07:00:00,0.008363826450601186
2023-06-26 07:00:00,0.003628823224468558
2023-06-27 07:00:00,0.0010330578512396382
2023-06-28 07:00:00,0.010835913312693624
2023-06-29 07:00:00,-0.014803471158754467
2023-06-30 07:00:00,0.002590673575129543
2023-07-03 07:00:00,-0.007751937984496249
2023-07-04 07:00:00,0.005208333333333481
2023-07-05 07:00:00,0.008290155440414448
2023-07-06 07:00:00,-0.0030832476875644055
2023-07-07 07:00:00,0.0005154639175257714
2023-07-10 07:00:00,0.006697578567748552
2023-07-11 07:00:00,0.003070624360286711
2023-07-12 07:00:00,0.0
2023-07-13 07:00:00,0.010204081632652962
2023-07-14 07:00:00,0.003030303030302939
2023-07-17 07:00:00,0.007049345417925457
2023-07-18 07:00:00,0.0015000000000000568
2023-07-19 07:00:00,0.003994008986520026
2023-07-20 07:00:00,-0.00497265042267514
2023-07-21 07:00:00,0.011994002998500619
2023-07-24 07:00:00,0.006913580246913575
2023-07-25 07:00:00,0.0053948013732221245
2023-07-26 07:00:00,0.0024390243902439046
2023-07-27 07:00:00,-0.0009732360097323145
2023-07-28 07:00:00,0.010716025328787016
2023-07-31 07:00:00,0.02168674698795181
2023-08-01 07:00:00,-0.008490566037735792
2023-08-02 07:00:00,-0.0057088487155091405
2023-08-03 07:00:00,-0.009569377990430561
2023-08-04 07:00:00,0.021256038647343045
2023-08-07 07:00:00,0.01182592242194902
2023-08-08 07:00:00,-0.00046750818139329464
2023-08-09 07:00:00,-0.005144995322731494
2023-08-10 07:00:00,-0.00799247766807698
2023-08-11 07:00:00,0.005213270142180093
2023-08-14 07:00:00,0.0
2023-08-15 07:00:00,0.003771805752003754
2023-08-16 07:00:00,0.006106153123532243
2023-08-17 07:00:00,0.0018674136321195078
2023-08-18 07:00:00,-0.049394221808015004
2023-08-21 07:00:00,0.002450980392156854
2023-08-22 07:00:00,0.004889975550122383
2023-08-23 07:00:00,-0.005352798053527952
2023-08-24 07:00:00,0.009784735812133016
2023-08-25 07:00:00,-0.00387596899224818
2023-08-28 07:00:00,0.011673151750972943
2023-08-29 07:00:00,0.004807692307692291
2023-08-30 07:00:00,0.008612440191387627
2023-08-31 07:00:00,0.00569259962049351
2023-09-05 07:00:00,0.008490566037735903
2023-09-06 07:00:00,0.012160898035547207
2023-09-07 07:00:00,-0.0032347504621071943
2023-09-08 07:00:00,-0.0013908205841447474
2023-09-11 07:00:00,-0.02042711234911787
2023-09-12 07:00:00,0.032701421800947816
2023-09-13 07:00:00,-0.014226709499770451
2023-09-14 07:00:00,-0.011638733705772841
2023-09-15 07:00:00,0.005181347150259086
2023-09-18 07:00:00,-0.012652296157450782
2023-09-19 07:00:00,0.006169909824394804
2023-09-20 07:00:00,0.002358490566037874
2023-09-21 07:00:00,-0.009882352941176564
2023-09-22 07:00:00,-0.016159695817490438
2023-09-25 07:00:00,-0.006763285024154575
2023-09-26 07:00:00,-0.027723735408560324
2023-09-27 07:00:00,0.0005002501250626068
2023-09-28 07:00:00,0.0
2023-09-29 07:00:00,0.007000000000000117
2023-10-02 07:00:00,-0.004468718967229335
2023-10-03 07:00:00,-0.02493765586034913
2023-10-04 07:00:00,0.006649616368286315
2023-10-05 07:00:00,-0.009654471544715548
2023-10-06 07:00:00,0.008209338122113996
2023-10-09 07:00:00,0.0050890585241731845
2023-10-10 07:00:00,0.009113924050632827
2023-10-11 07:00:00,0.0010035122930256435
2023-10-12 07:00:00,0.0025062656641603454
2023-10-13 07:00:00,0.0029999999999998916
2023-10-16 07:00:00,-0.015453639082751658
2023-10-17 07:00:00,0.0025316455696202667
2023-10-18 07:00:00,-0.015656565656565813
2023-10-19 07:00:00,0.009748589020010412
2023-10-20 07:00:00,-0.013719512195121908
2023-10-23 07:00:00,-0.012364760432766575
2023-10-24 07:00:00,-0.007824726134585402
2023-10-25 07:00:00,0.004206098843323014
2023-10-26 07:00:00,-0.036125654450261835
2023-10-27 07:00:00,-0.004888647474198815
2023-10-30 07:00:00,0.0
2023-10-31 07:00:00,-0.0010917030567685337
2023-11-01 07:00:00,0.0
2023-11-02 07:00:00,0.01967213114754096
2023-11-03 07:00:00,0.009110396570203516
2023-11-06 07:00:00,0.011683483802443106
2023-11-07 07:00:00,-0.00892388451443582
2023-11-08 07:00:00,0.02754237288135597
2023-11-09 07:00:00,0.0005154639175257714
2023-11-10 07:00:00,-0.018547140649149862
2023-11-13 07:00:00,0.0
2023-11-14 07:00:00,0.013123359580052396
2023-11-15 07:00:00,0.013471502590673534
2023-11-16 07:00:00,-0.004089979550102152
2023-11-17 07:00:00,-0.01848049281314168
2023-11-20 07:00:00,-0.0020920502092051096
2023-11-21 07:00:00,0.0010482180293502896
2023-11-22 07:00:00,0.0010471204188482464
2023-11-23 07:00:00,-0.01673640167364021
2023-11-24 07:00:00,-0.00638297872340432
2023-11-27 07:00:00,0.0010706638115631772
2023-11-28 07:00:00,0.002673796791443861
2023-11-29 07:00:00,0.0074666666666667325
2023-11-30 07:00:00,-0.002117522498676472
2023-12-01 07:00:00,-0.003713527851458953
2023-12-04 07:00:00,0.022364217252396124
2023-12-05 07:00:00,-0.012499999999999956
2023-12-06 07:00:00,0.005801687763713037
2023-12-07 07:00:00,0.007341373885684455
2023-12-08 07:00:00,0.0010411244143675447
2023-12-11 07:00:00,0.0031201248049921304
2023-12-12 07:00:00,0.0005184033177814129
2023-12-13 07:00:00,-0.01036269430051806
2023-12-14 07:00:00,-0.0010471204188483574
2023-12-15 07:00:00,-0.004192872117400381
2023-12-18 07:00:00,-0.01210526315789473
2023-12-19 07:00:00,0.0037293553542887548
2023-12-20 07:00:00,0.00424628450106157
2023-12-21 07:00:00,0.001585623678646897
2023-12-22 07:00:00,0.0
2023-12-25 07:00:00,0.013192612137203241
2023-12-26 07:00:00,0.002083333333333215
2023-12-27 07:00:00,0.0015592515592515177
2023-12-28 07:00:00,0.008303061754021845
2023-12-29 07:00:00,0.0
2024-01-02 07:00:00,0.00514668039114774
2024-01-03 07:00:00,0.008192524321556593
2024-01-04 07:00:00,0.013204672422549413
2024-01-05 07:00:00,0.004010025062656686
2024-01-08 07:00:00,0.0024962556165750716
2024-01-09 07:00:00,-0.0019920318725099584
2024-01-10 07:00:00,0.0
2024-01-11 07:00:00,0.0004990019960080527
2024-01-12 07:00:00,0.0024937655860348684
2024-01-15 07:00:00,-0.0014925373134329067
2024-01-16 07:00:00,0.004982561036372735
2024-01-17 07:00:00,-0.0024789291026277027
2024-01-18 07:00:00,0.005467196819085363
2024-01-19 07:00:00,0.006920415224913601
2024-01-22 07:00:00,0.007363770250368162
2024-01-23 07:00:00,-0.0038986354775827348
2024-01-24 07:00:00,-0.00391389432485334
2024-01-25 07:00:00,-0.0029469548133594925
2024-01-26 07:00:00,0.004926108374384119
2024-01-29 07:00:00,-0.0019607843137254832
2024-01-30 07:00:00,0.0014734774066798018
2024-01-31 07:00:00,-0.009808729769494762
2024-02-01 07:00:00,0.004952947003467045
2024-02-02 07:00:00,-0.0029571217348446366
2024-02-05 07:00:00,0.021749876421156777
2024-02-06 07:00:00,0.0
2024-02-07 07:00:00,0.013546202225447335
2024-02-15 07:00:00,0.0009546539379474694
2024-02-16 07:00:00,0.006199332379589917
2024-02-19 07:00:00,0.012796208530805764
2024-02-20 07:00:00,0.0032756200280767978
2024-02-21 07:00:00,0.0013992537313431974
2024-02-22 07:00:00,-0.0023288309268745255
2024-02-23 07:00:00,-0.011671335200746924
2024-02-26 07:00:00,0.005668398677373565
2024-02-27 07:00:00,0.010333489901362292
2024-02-28 07:00:00,0.011622501162250165
2024-02-29 07:00:00,0.004136029411764719
2024-03-01 07:00:00,0.0009153318077803618
2024-03-04 07:00:00,0.0032007315957933713
2024-03-05 07:00:00,0.0031905195989061497
2024-03-06 07:00:00,-0.004543389368468986
2024-03-07 07:00:00,0.0031948881789136685
2024-03-08 07:00:00,-0.0131938125568698
2024-03-11 07:00:00,-0.006454587367450415
2024-03-12 07:00:00,-0.006960556844547661
2024-03-13 07:00:00,0.02242990654205612
2024-03-14 07:00:00,-0.003656307129798808
2024-03-15 07:00:00,-0.002293577981651418
2024-03-18 07:00:00,-0.016091954022988575
2024-03-19 07:00:00,-0.0065420560747662115
2024-03-20 07:00:00,0.022107243650046904
2024-03-21 07:00:00,0.006902899217671399
2024-03-22 07:00:00,0.01188299817184646
2024-03-25 07:00:00,-0.009033423667569984
2024-03-26 07:00:00,0.006381039197812077
2024-03-27 07:00:00,0.0009057971014494459
2024-03-28 07:00:00,0.014932126696832526
2024-03-29 07:00:00,0.006241640659830683
2024-04-01 07:00:00,-0.008418254319893737
2024-04-02 07:00:00,-0.008042895442359255
2024-04-03 07:00:00,-0.0009009009009008917
2024-04-04 07:00:00,-0.012623985572587926
2024-04-05 07:00:00,-0.004109589041095929
2024-04-08 07:00:00,-0.005502063273727487
2024-04-09 07:00:00,0.008759797141539849
2024-04-10 07:00:00,-0.001828153564899404
2024-04-11 07:00:00,0.0
2024-04-12 07:00:00,0.011904761904762085
2024-04-15 07:00:00,-0.017194570135746767
2024-04-16 07:00:00,0.0
2024-04-17 07:00:00,-0.03038674033149169
2024-04-19 07:00:00,-0.01851851851851838
2024-04-22 07:00:00,0.012578616352201255
2024-04-23 07:00:00,-0.008600095556617338
2024-04-24 07:00:00,0.025060240963855396
2024-04-25 07:00:00,0.0014104372355430161
2024-04-26 07:00:00,0.011737089201877993
2024-05-02 07:00:00,0.0
2024-05-03 07:00:00,0.0013921113689094877
2024-05-06 07:00:00,0.016682113067655324
2024-05-07 07:00:00,0.006381039197812077
2024-05-08 07:00:00,0.0
2024-05-09 07:00:00,0.00045289855072461194
2024-05-10 07:00:00,-0.004526935264825727
2024-05-13 07:00:00,-0.0027285129604365244
2024-05-14 07:00:00,0.00729594163246694
2024-05-15 07:00:00,0.004979628791308199
2024-05-16 07:00:00,0.016666666666666607
2024-05-17 07:00:00,0.0
2024-05-20 07:00:00,0.004430660168365241
2024-05-21 07:00:00,-0.0026466696074107787
2024-05-22 07:00:00,-0.0048651039363113435
2024-05-23 07:00:00,0.0022222222222223476
2024-05-24 07:00:00,-0.0022172949002217113
2024-05-27 07:00:00,-0.0048888888888888316
2024-05-28 07:00:00,0.006699419383653371
2024-05-29 07:00:00,-0.008429458740017659
2024-05-30 07:00:00,-0.004921700223713743
2024-05-31 07:00:00,0.011690647482014427
2024-06-03 07:00:00,0.0057777777777776596
2024-06-04 07:00:00,-0.00044189129474137
2024-06-05 07:00:00,0.0008841732979663064
2024-06-06 07:00:00,0.0
2024-06-07 07:00:00,0.007067137809187329
2024-06-10 07:00:00,0.0008771929824560321
2024-06-11 07:00:00,-0.0008764241893075564
2024-06-12 07:00:00,0.01403508771929829
2024-06-13 07:00:00,0.007785467128027745
2024-06-14 07:00:00,-0.006437768240343478
2024-06-17 07:00:00,-0.013390928725701912
2024-06-18 07:00:00,0.002189141856392407
2024-06-19 07:00:00,0.001310615989515096
2024-06-20 07:00:00,0.00741710296684106
2024-06-21 07:00:00,-0.002165439584235651
2024-06-24 07:00:00,-0.01692708333333337
2024-06-25 07:00:00,-0.0004415011037526284
2024-06-26 07:00:00,-0.007950530035335635
2024-06-27 07:00:00,0.0
2024-06-28 07:00:00,-0.00267141585040076
2024-07-01 07:00:00,0.01116071428571419
2024-07-02 07:00:00,-0.002207505518763697
2024-07-03 07:00:00,0.00929203539822998
2024-07-04 07:00:00,0.002630425252082569
2024-07-05 07:00:00,0.004809794490598929
2024-07-08 07:00:00,-0.0017406440382941035
2024-07-09 07:00:00,0.0030514385353095363
2024-07-10 07:00:00,-0.006084311169056944
2024-07-11 07:00:00,-0.0026235242675995973
2024-07-12 07:00:00,-0.0004384042086803541
2024-07-15 07:00:00,-0.002192982456140413
2024-07-16 07:00:00,0.00043956043956061563
2024-07-17 07:00:00,-0.0017574692442883233
2024-07-18 07:00:00,0.003961267605633756
2024-07-19 07:00:00,-0.0013152126260410624
2024-07-22 07:00:00,-0.0026338893766463256
2024-07-23 07:00:00,-0.01276408450704225
2024-07-24 07:00:00,-0.005349977708426268
2024-07-25 07:00:00,-0.0022411474675032572
2024-07-26 07:00:00,0.007187780772686336
2024-07-29 07:00:00,0.003568242640499486
2024-07-30 07:00:00,0.003555555555555534
2024-07-31 07:00:00,0.0075287865367583695
2024-08-01 07:00:00,-0.019340659340659427
2024-08-02 07:00:00,0.00044822949350065144
2024-08-05 07:00:00,-0.026881720430107614
2024-08-06 07:00:00,0.012891344383057168
2024-08-07 07:00:00,-0.0009090909090908594
2024-08-08 07:00:00,-0.006824385805277666
2024-08-09 07:00:00,0.016949152542372836
2024-08-12 07:00:00,0.0022522522522523403
2024-08-13 07:00:00,-0.0022471910112359383
2024-08-14 07:00:00,0.0022522522522523403
2024-08-15 07:00:00,-0.004494382022471988
2024-08-16 07:00:00,0.019413092550790045
2024-08-19 07:00:00,0.004871567759078932
2024-08-20 07:00:00,0.004407227853679974
2024-08-21 07:00:00,0.00877577885037284
2024-08-22 07:00:00,0.0017398869073510514
2024-08-23 07:00:00,0.0017368649587494733
2024-08-26 07:00:00,-0.000866926744690022
2024-08-27 07:00:00,0.0017353579175705125
2024-08-28 07:00:00,0.0012992637505413462
2024-08-29 07:00:00,0.0025951557093424338
2024-08-30 07:00:00,0.0038826574633303856
2024-09-04 07:00:00,-0.01203266007735282
2024-09-05 07:00:00,-0.004349717268377518
2024-09-06 07:00:00,0.001310615989515096
2024-09-09 07:00:00,-0.003054101221640515
2024-09-10 07:00:00,-0.004376367614879695
2024-09-11 07:00:00,-0.0017582417582416854
2024-09-12 07:00:00,0.0004403346543371267
2024-09-13 07:00:00,-0.0048415492957746276
2024-09-16 07:00:00,-0.003095975232198178
2024-09-17 07:00:00,0.012422360248447228
2024-09-18 07:00:00,0.005258545135845782
2024-09-19 07:00:00,0.0026155187445509043
2024-09-20 07:00:00,0.008695652173912993
2024-09-23 07:00:00,-0.00387931034482758
2024-09-24 07:00:00,0.007356122890523675
2024-09-25 07:00:00,0.0077319587628865705
2024-09-26 07:00:00,0.010230179028132946
2024-09-27 07:00:00,-0.0008438818565400519
2024-09-30 07:00:00,-0.0012668918918918859
2024-10-01 07:00:00,0.006765327695560153
2024-10-02 07:00:00,-0.0012599748005038824
2024-10-03 07:00:00,-0.004205214465937801
2024-10-04 07:00:00,-0.01266891891891897
2024-10-07 07:00:00,0.0012831479897348341
2024-10-08 07:00:00,0.003844510892780928
2024-10-09 07:00:00,0.009361702127659521
2024-10-10 07:00:00,0.00337268128161905
2024-10-11 07:00:00,0.0012605042016806678
2024-10-14 07:00:00,-0.0025178346621904657
2024-10-15 07:00:00,-0.0021034917963820288
2024-10-16 07:00:00,-0.000843170320404707
2024-10-17 07:00:00,0.0033755274261604296
2024-10-18 07:00:00,0.006307821698906535
2024-10-21 07:00:00,-0.009611366485582917
2024-10-22 07:00:00,-0.0008438818565400519
2024-10-23 07:00:00,-0.0025337837837837718
2024-10-24 07:00:00,-0.013971210838272685
2024-10-25 07:00:00,0.0008587376556461468
2024-10-28 07:00:00,-0.005577005577005578
2024-10-29 07:00:00,0.00560828300258831
2024-10-30 07:00:00,0.001716001716001836
2024-10-31 07:00:00,0.003426124197002167
2024-11-01 07:00:00,-0.008536064874092975
2024-11-04 07:00:00,-0.00990099009900991
2024-11-05 07:00:00,0.0
2024-11-06 07:00:00,0.014347826086956506
2024-11-07 07:00:00,-0.002571795970852886
2024-11-08 07:00:00,-0.009883970777825546
2024-11-11 07:00:00,-0.0017361111111110494
2024-11-12 07:00:00,-0.004347826086956608
2024-11-13 07:00:00,0.0013100436681223737
2024-11-14 07:00:00,-0.007849978194505058
2024-11-15 07:00:00,-0.01758241758241752
2024-11-18 07:00:00,0.005816554809843444
2024-11-19 07:00:00,-0.010231316725978656
2024-11-20 07:00:00,-0.005393258426966363
2024-11-21 07:00:00,0.01671938544961593
2024-11-22 07:00:00,0.0
2024-11-25 07:00:00,0.003555555555555534
2024-11-26 07:00:00,0.00620017714791854
2024-11-27 07:00:00,0.00044014084507049134
2024-11-28 07:00:00,-0.0013198416190057793
2024-11-29 07:00:00,0.0096916299559473
2024-12-02 07:00:00,-0.003490401396160636
2024-12-03 07:00:00,0.002189141856392407
2024-12-04 07:00:00,-0.004805591961555278
2024-12-05 07:00:00,0.025021949078138706
2024-12-06 07:00:00,0.0
2024-12-09 07:00:00,0.0
2024-12-10 07:00:00,0.0004282655246252709
2024-12-11 07:00:00,0.0012842465753424293
2024-12-12 07:00:00,0.001282599401453588
2024-12-13 07:00:00,-0.004696840307429673
2024-12-16 07:00:00,-0.001716001716001725
2024-12-17 07:00:00,-0.0021486892995272733
2024-12-18 07:00:00,0.0055986218776917784
2024-12-19 07:00:00,-0.012847965738758016
2024-12-20 07:00:00,0.0004338394793925726
2024-12-23 07:00:00,0.0030355594102342565
2024-12-24 07:00:00,-0.0017293558149589217
2024-12-25 07:00:00,0.015158077089649336
2024-12-26 07:00:00,0.00042662116040936837
2024-12-27 07:00:00,0.004690831556503072
2024-12-30 07:00:00,-0.0038200339558573937
2024-12-31 07:00:00,0.0004260758414997845
2025-01-02 07:00:00,0.0008517887563883608
2025-01-03 07:00:00,-0.013617021276595809
2025-01-06 07:00:00,-0.006471095772217383
2025-01-07 07:00:00,-0.00043421623968742384
2025-01-08 07:00:00,-0.0004344048653344146
2025-01-09 07:00:00,-0.0004345936549327023
2025-01-10 07:00:00,-0.013913043478260834
2025-01-13 07:00:00,0.0008818342151675207
2025-01-14 07:00:00,-0.004405286343612258
2025-01-15 07:00:00,0.00619469026548658
2025-01-16 07:00:00,0.0013192612137202797
2025-01-17 07:00:00,0.007026789635485198
2025-01-20 07:00:00,0.0030527692978630228
2025-01-21 07:00:00,0.002608695652173809
2025-01-22 07:00:00,-0.006938421509106729
2025-01-23 07:00:00,0.017030567685589526
2025-01-24 07:00:00,0.00472305710605414
2025-02-03 07:00:00,-0.017948717948717885
2025-02-04 07:00:00,0.009573542210617791
2025-02-05 07:00:00,0.002586206896551868
2025-02-06 07:00:00,0.0038693035253654084
2025-02-07 07:00:00,0.0029978586723768963
2025-02-10 07:00:00,-0.005123825789923209
2025-02-11 07:00:00,0.0017167381974247942
2025-02-12 07:00:00,0.00042844901456740025
2025-02-13 07:00:00,0.0008565310492505418
2025-02-14 07:00:00,0.001711596063328935
2025-02-17 07:00:00,-0.0029901751388295983
2025-02-18 07:00:00,0.0025706940874035134
2025-02-19 07:00:00,0.0034188034188034067
2025-02-20 07:00:00,0.0025553662691650825
2025-02-21 07:00:00,0.002548853016142827
2025-02-24 07:00:00,0.008474576271186418
2025-02-25 07:00:00,-0.001680672268907557
2025-02-26 07:00:00,0.0012626262626260765
2025-02-27 07:00:00,-0.0012610340479192184
2025-02-28 07:00:00,-0.0008417508417509767
2025-03-03 07:00:00,0.0008424599831509116
2025-03-04 07:00:00,0.002946127946127808
2025-03-05 07:00:00,0.0020981955518255546
2025-03-06 07:00:00,0.007537688442211143
2025-03-07 07:00:00,0.0037406483790523026
2025-03-10 07:00:00,0.006211180124223725
2025-03-11 07:00:00,-0.0008230452674896638
2025-03-12 07:00:00,0.0016474464579900872
2025-03-13 07:00:00,-0.00328947368421062
2025-03-14 07:00:00,0.0
2025-03-17 07:00:00,0.004950495049504955
2025-03-18 07:00:00,-0.002873563218390829
2025-03-19 07:00:00,-0.007410456978180324
2025-03-20 07:00:00,-0.00041476565740350413
2025-03-21 07:00:00,-0.0024896265560166997
2025-03-24 07:00:00,0.009151414309484185
2025-03-25 07:00:00,0.002885408079142504
2025-03-26 07:00:00,-0.0036991368680641123
2025-03-27 07:00:00,-0.003712871287128716
2025-03-28 07:00:00,0.0
2025-03-31 07:00:00,-0.013664596273291862
2025-04-01 07:00:00,-0.0004198152812763256
2025-04-02 07:00:00,0.007979840403191885
2025-04-03 07:00:00,-0.06958333333333344
2025-04-04 07:00:00,0.0
2025-04-08 07:00:00,-0.06986117330944908
2025-04-09 07:00:00,-0.006259027443427989
2025-04-10 07:00:00,0.06976744186046502
2025-04-11 07:00:00,0.03260869565217406
2025-04-14 07:00:00,0.014912280701754321
2025-04-15 07:00:00,-0.014693171996542742
2025-04-16 07:00:00,-0.013157894736842146
2025-04-17 07:00:00,0.0040000000000000036
2025-04-18 07:00:00,0.007525453740593324
2025-04-21 07:00:00,-0.005272407732864748
2025-04-22 07:00:00,-0.008392226148409954
2025-04-23 07:00:00,0.006681514476614803
2025-04-24 07:00:00,0.0022123893805308104
2025-04-25 07:00:00,0.0066225165562914245
2025-04-28 07:00:00,0.002192982456140413
2025-04-29 07:00:00,0.0017505470459517891
2025-05-05 07:00:00,-0.003058103975535187
2025-05-06 07:00:00,0.007887817703768674
2025-05-07 07:00:00,0.00521739130434784
2025-05-08 07:00:00,0.007785467128027745
2025-05-09 07:00:00,0.008583690987124415
2025-05-12 07:00:00,0.014893617021276562
2025-05-13 07:00:00,0.0062893081761006275
2025-05-14 07:00:00,0.010000000000000009
2025-05-15 07:00:00,0.007425742574257654
2025-05-16 07:00:00,-0.007780507780507873
2025-05-19 07:00:00,0.0
2025-05-20 07:00:00,0.011968633924886563
2025-05-21 07:00:00,0.009380097879282179
2025-05-22 07:00:00,-0.0028282828282828465
2025-05-23 07:00:00,0.002836304700162051
2025-05-26 07:00:00,-0.002020202020202033
2025-05-27 07:00:00,0.0024291497975710286
2025-05-28 07:00:00,-0.0024232633279483995
2025-05-29 07:00:00,0.023886639676113264
2025-05-30 07:00:00,-0.019375247133254225
2025-06-02 07:00:00,-0.0012096774193548487
2025-06-03 07:00:00,0.00928542591844983
2025-06-04 07:00:00,0.0048000000000001375
2025-06-05 07:00:00,-0.004777070063694322
2025-06-06 07:00:00,-0.0040000000000000036
2025-06-09 07:00:00,-0.0060240963855421326
2025-06-10 07:00:00,0.00040404040404040664
2025-06-11 07:00:00,-0.003634894991922488
2025-06-12 07:00:00,0.009323064450749818
2025-06-13 07:00:00,-0.008835341365461824
2025-06-16 07:00:00,0.004051863857374549
2025-06-17 07:00:00,0.010895883777239712
2025-06-18 07:00:00,-0.0007984031936127955
2025-06-19 07:00:00,0.0
2025-06-24 07:00:00,0.015127388535031816
2025-06-25 07:00:00,-0.0039215686274510775
2025-06-26 07:00:00,0.0019685039370078705
2025-06-27 07:00:00,0.010609037328094262
2025-06-30 07:00:00,0.005443234836703059
2025-07-01 07:00:00,-0.010827532869296275
2025-07-02 07:00:00,0.00899139953088346
2025-07-03 07:00:00,0.0015497869043008539
2025-07-04 07:00:00,0.0
2025-07-07 07:00:00,0.01740812379110257
2025-07-08 07:00:00,0.006463878326996131
2025-07-09 07:00:00,0.010955799017756007
2025-07-10 07:00:00,0.014947683109117982
2025-07-11 07:00:00,0.023932253313696528
2025-07-14 07:00:00,-0.00035958288385462556
2025-07-15 07:00:00,-0.0021582733812950394
2025-07-16 07:00:00,0.008291276135544257
2025-07-17 07:00:00,0.01573114050768676
2025-07-18 07:00:00,0.007039774727208625
2025-07-21 07:00:00,0.0013981125480599932
2025-07-22 07:00:00,0.006980802792321272
2025-07-23 07:00:00,0.0017331022530329143
2025-07-24 07:00:00,0.0
2025-07-25 07:00:00,0.00795847750865053
2025-07-28 07:00:00,0.019567456230690006
2025-07-29 07:00:00,-0.030303030303030276
2025-07-30 07:00:00,-0.0003472222222222765
2025-07-31 07:00:00,-0.010420284821118453
2025-08-01 07:00:00,-0.006669006669006605
2025-08-04 07:00:00,0.035335689045936425
2025-08-05 07:00:00,0.017064846416382284
2025-08-06 07:00:00,0.010738255033557076
2025-08-07 07:00:00,0.010956175298804771
2025-08-08 07:00:00,-0.0016420361247947435
2025-08-11 07:00:00,0.0006578947368423016
2025-08-12 07:00:00,0.007560815253122799
2025-08-13 07:00:00,0.004893964110930016
2025-08-14 07:00:00,0.01103896103896096
2025-08-15 07:00:00,0.01156069364161838
2025-08-18 07:00:00,-0.0031746031746032743
2025-08-19 07:00:00,0.0066878980891720285
2025-08-20 07:00:00,0.010756089844985661
2025-08-21 07:00:00,0.022848200312989064
2025-08-22 07:00:00,-0.016217870257038025
2025-08-25 07:00:00,-0.01244167962674958
2025-08-26 07:00:00,0.021732283464566793
2025-08-27 07:00:00,0.009864364981504226
2025-08-28 07:00:00,0.0012210012210012167
2025-08-29 07:00:00,0.0030487804878049918
2025-09-03 07:00:00,-0.0006079027355622157
2025-09-04 07:00:00,0.011861313868613221
2025-09-05 07:00:00,-0.01112113014728
2025-09-08 07:00:00,-0.018844984802431575
2025-09-09 07:00:00,0.0
2025-09-10 07:00:00,0.0030978934324659146
2025-09-11 07:00:00,0.012970969734403814
2025-09-12 07:00:00,0.002134146341463472
2025-09-15 07:00:00,0.006693033160937167
2025-09-16 07:00:00,0.001813236627379755
2025-09-17 07:00:00,0.002413273001508287
2025-09-18 07:00:00,-0.009930785434847933
2025-09-19 07:00:00,0.0027355623100304705
2025-09-22 07:00:00,-0.023946650500151545
2025-09-23 07:00:00,-0.0009316770186336143
2025-09-24 07:00:00,0.010258004351880512
2025-09-25 07:00:00,0.005538461538461492
2025-09-30 07:00:00,0.00884146341463432
2025-10-01 07:00:00,-0.0027198549410699657
2025-10-02 07:00:00,-0.0060606060606061
2025-10-03 07:00:00,0.0024390243902441266
2025-10-06 07:00:00,0.032542579075425904
2025-10-07 07:00:00,-0.0020618556701030855
2025-10-08 07:00:00,0.0047225501770955525
2025-10-09 07:00:00,0.004700352526439522
2025-10-10 07:00:00,0.01783625730994154
2025-10-13 07:00:00,0.015512783682849696
2025-10-14 07:00:00,0.003960396039603964
2025-10-15 07:00:00,-0.005353620738236309
2025-10-16 07:00:00,0.008498583569405138
2025-10-17 07:00:00,-0.01966292134831471
2025-10-20 07:00:00,-0.025787965616045794
2025-10-21 07:00:00,-0.005882352941176561
2025-10-22 07:00:00,0.00591715976331364
2025-10-23 07:00:00,0.015294117647058902
2025-10-24 07:00:00,-0.004924681344148363
2025-10-27 07:00:00,-0.013100436681222738
2025-10-28 07:00:00,0.014749262536873253
2025-10-29 07:00:00,0.0043604651162789665
2025-10-30 07:00:00,-0.003762662807525241
2025-10-31 07:00:00,-0.008425334108076665
2025-11-03 07:00:00,-0.02724875476120714
2025-11-04 07:00:00,0.02319277108433715
2025-11-05 07:00:00,-0.019723285251692757
2025-11-06 07:00:00,-0.003603603603603567
2025-11-07 07:00:00,-0.023508137432188048
2025-11-10 07:00:00,-0.0064814814814815325
2025-11-11 07:00:00,0.004349176762969975
2025-11-12 07:00:00,0.02536343952984854
2025-11-13 07:00:00,-0.009049773755656076
2025-11-14 07:00:00,0.004566210045662045
2025-11-17 07:00:00,0.0115151515151517
2025-11-18 07:00:00,0.005092869982024961
2025-11-19 07:00:00,-0.00894187779433675
2025-11-20 07:00:00,0.0015037593984961184
2025-11-21 07:00:00,0.009009009009009139
2025-11-24 07:00:00,0.005059523809523903
2025-11-25 07:00:00,0.0032573289902280145
2025-11-26 07:00:00,0.005017709563164052
2025-11-27 07:00:00,-0.002936857562408024
2025-11-28 07:00:00,-0.005301914580265077
2025-12-01 07:00:00,0.009771986970684043
2025-12-02 07:00:00,0.008797653958944274
2025-12-03 07:00:00,0.015988372093023395
2025-12-04 07:00:00,0.0014306151645206988
2025-12-05 07:00:00,-0.0002857142857142225
2025-12-08 07:00:00,0.0017147756501856293
2025-12-09 07:00:00,0.0017118402282454426
2025-12-10 07:00:00,-0.02022215892908008
2025-12-11 07:00:00,-0.0034883720930232176
2025-12-12 07:00:00,-0.02683780630105026
2025-12-15 07:00:00,-0.0005995203836929308
2025-12-16 07:00:00,0.016196760647870345
2025-12-17 07:00:00,-0.008264462809917439
2025-12-18 07:00:00,0.0029761904761904656
2025-12-19 07:00:00,0.008902077151335286
2025-12-22 07:00:00,0.03499999999999992
2025-12-23 07:00:00,0.013924410343847837
2025-12-24 07:00:00,0.0
2025-12-25 07:00:00,-0.013452914798206206
2025-12-26 07:00:00,0.00823863636363642
2025-12-29 07:00:00,-0.002535925612848766
2025-12-30 07:00:00,0.01016949152542379
2025-12-31 07:00:00,0.009228187919463338
2026-01-05 07:00:00,-0.0024937655860349794
2026-01-06 07:00:00,0.01388888888888884
2026-01-07 07:00:00,0.013698630136986356
2026-01-08 07:00:00,-0.0013513513513512265
2026-01-09 07:00:00,-0.0002706359945874315
2026-01-12 07:00:00,-0.0010828370330264736
2026-01-13 07:00:00,0.003523035230352356
2026-01-14 07:00:00,-0.008911693221712036
2026-01-15 07:00:00,-0.010899182561308063
2026-01-16 07:00:00,0.015702479338842945
2026-01-19 07:00:00,0.003525901817195587
2026-01-20 07:00:00,-0.005405405405405461
2026-01-21 07:00:00,0.0
2026-01-22 07:00:00,0.0
2026-01-23 07:00:00,0.0013586956521740579
2026-01-26 07:00:00,-0.016282225237449155
2026-01-27 07:00:00,-0.0096551724137931
2026-01-28 07:00:00,-0.004735376044568307
2026-01-29 07:00:00,0.0019591379792891495
2026-01-30 07:00:00,0.0030726256983240052
2026-02-02 07:00:00,0.017265385686438428
2026-02-03 07:00:00,-0.015329865863673797
2026-02-04 07:00:00,-0.007506255212677115
2026-02-05 07:00:00,-0.011484593837535084
2026-02-06 07:00:00,-0.009067724567866309
2026-02-09 07:00:00,-0.012010294538175592
2026-02-10 07:00:00,0.006078147612156304
2026-02-11 07:00:00,0.019562715765247374
2026-02-12 07:00:00,0.011568848758465089
2026-02-13 07:00:00,0.004184100418409997
2026-02-23 07:00:00,0.002777777777777768
2026-02-24 07:00:00,0.0016620498614956514
2026-02-25 07:00:00,0.0011061946902657382
2026-02-26 07:00:00,0.009392265193369997
2026-02-27 07:00:00,-0.003831417624521105
2026-03-02 07:00:00,-0.019230769230769162
2026-03-03 07:00:00,-0.023249299719888095
2026-03-04 07:00:00,-0.008029825064525209
2026-03-05 07:00:00,0.008673026886383273
2026-03-06 07:00:00,-0.022642591000286538
2026-03-09 07:00:00,-0.0381231671554253
2026-03-10 07:00:00,0.03323170731707337
2026-03-11 07:00:00,0.0029507229271172886
2026-03-12 07:00:00,-0.032068255369226306
2026-03-13 07:00:00,-0.00030395136778105236
2026-03-16 07:00:00,-0.0003040437823046416
2026-03-17 07:00:00,0.010644768856447495
2026-03-18 07:00:00,0.0006018657839301778
2026-03-19 07:00:00,-0.013533834586466287
2026-03-20 07:00:00,-0.02499999999999991
2026-03-23 07:00:00,-0.026266416510318913
2026-03-24 07:00:00,0.006101477199742966
2026-03-25 07:00:00,0.0268113629109481
2026-03-26 07:00:00,-0.011501398818775321
2026-03-27 07:00:00,0.016037735849056656
2026-03-30 07:00:00,-0.009594552770040288
2026-03-31 07:00:00,0.013749999999999929
2026-04-01 07:00:00,0.014796547472256671
2026-04-02 07:00:00,-0.0006075334143378353
2026-04-03 07:00:00,-0.006079027355622935
2026-04-06 07:00:00,-0.009174311926605672
2026-04-07 07:00:00,0.008950617283950635
2026-04-08 07:00:00,0.06944019577852556
2026-04-09 07:00:00,-0.024599542334096114
2026-04-10 07:00:00,0.0029325513196480912
2026-04-13 07:00:00,-0.004385964912280826
2026-04-14 07:00:00,0.0096916299559473
2026-04-15 07:00:00,0.0075625363583478045
2026-04-16 07:00:00,0.007505773672055405
2026-04-17 07:00:00,0.002865329512893977
2026-04-20 07:00:00,0.009428571428571342
2026-04-21 07:00:00,0.002830455703368262
2026-04-22 07:00:00,0.0019757267852102967
2026-04-23 07:00:00,0.013239436619718381
