date,ACB,BCM,BID,BMP,BVH,CII,CTD,CTG,DGC,DHG,DPM,EIB,FPT,GAS,GMD,GVR,HDB,HPG,HSG,KDC,KDH,LPB,MBB,MSN,MWG,NT2,NVL,PDR,PLX,PNJ,POW,REE,SAB,SBT,SHB,SSB,SSI,STB,TCB,TCH,TPB,VCB,VHM,VIB,VIC,VJC,VNM,VPB,VPL,VRE
2014-10-10,,,,,,,,,,,,,,,,,,,,,,,,,,,,,,,,,,,,,,,,,,,,,,,,,,
2014-10-17,,,,,,,,,,,,,,,,,,,,,,,,,,,,,,,,,,,,,,,,,,,,,,,,,,
2014-10-24,,,,,,,,,,,,,,,,,,,,,,,,,,,,,,,,,,,,,,,,,,,,,,,,,,
2014-10-31,,,,,,,,,,,,,,,,,,,,,,,,,,,,,,,,,,,,,,,,,,,,,,,,,,
2014-11-07,,,,,,,,,,,,,,,,,,,,,,,,,,,,,,,,,,,,,,,,,,,,,,,,,,
2014-11-14,,,,,,,,,,,,,,,,,,,,,,,,,,,,,,,,,,,,,,,,,,,,,,,,,,
2014-11-21,,,,,,,,,,,,,,,,,,,,,,,,,,,,,,,,,,,,,,,,,,,,,,,,,,
2014-11-28,,,,,,,,,,,,,,,,,,,,,,,,,,,,,,,,,,,,,,,,,,,,,,,,,,
2014-12-05,,,,,,,,,,,,,,,,,,,,,,,,,,,,,,,,,,,,,,,,,,,,,,,,,,
2014-12-12,,,,,,,,,,,,,,,,,,,,,,,,,,,,,,,,,,,,,,,,,,,,,,,,,,
2014-12-19,,,,,,,,,,,,,,,,,,,,,,,,,,,,,,,,,,,,,,,,,,,,,,,,,,
2014-12-26,,,,,,,,,,,,,,,,,,,,,,,,,,,,,,,,,,,,,,,,,,,,,,,,,,
2015-01-02,,,,,,,,,,,,,,,,,,,,,,,,,,,,,,,,,,,,,,,,,,,,,,,,,,
2015-01-09,,,,,,,,,,,,,,,,,,,,,,,,,,,,,,,,,,,,,,,,,,,,,,,,,,
2015-01-16,,,,,,,,,,,,,,,,,,,,,,,,,,,,,,,,,,,,,,,,,,,,,,,,,,
2015-01-23,,,,,,,,,,,,,,,,,,,,,,,,,,,,,,,,,,,,,,,,,,,,,,,,,,
2015-01-30,,,,,,,,,,,,,,,,,,,,,,,,,,,,,,,,,,,,,,,,,,,,,,,,,,
2015-02-06,,,,,,,,,,,,,,,,,,,,,,,,,,,,,,,,,,,,,,,,,,,,,,,,,,
2015-02-13,,,,,,,,,,,,,,,,,,,,,,,,,,,,,,,,,,,,,,,,,,,,,,,,,,
2015-02-20,,,,,,,,,,,,,,,,,,,,,,,,,,,,,,,,,,,,,,,,,,,,,,,,,,
2015-02-27,,,,,,,,,,,,,,,,,,,,,,,,,,,,,,,,,,,,,,,,,,,,,,,,,,
2015-03-06,,,,,,,,,,,,,,,,,,,,,,,,,,,,,,,,,,,,,,,,,,,,,,,,,,
2015-03-13,,,,,,,,,,,,,,,,,,,,,,,,,,,,,,,,,,,,,,,,,,,,,,,,,,
2015-03-20,,,,,,,,,,,,,,,,,,,,,,,,,,,,,,,,,,,,,,,,,,,,,,,,,,
2015-03-27,,,,,,,,,,,,,,,,,,,,,,,,,,,,,,,,,,,,,,,,,,,,,,,,,,
2015-04-03,,,,,,,,,,,,,,,,,,,,,,,,,,,,,,,,,,,,,,,,,,,,,,,,,,
2015-04-10,,,,,,,,,,,,,,,,,,,,,,,,,,,,,,,,,,,,,,,,,,,,,,,,,,
2015-04-17,,,,,,,,,,,,,,,,,,,,,,,,,,,,,,,,,,,,,,,,,,,,,,,,,,
2015-04-24,,,,,,,,,,,,,,,,,,,,,,,,,,,,,,,,,,,,,,,,,,,,,,,,,,
2015-05-01,,,,,,,,,,,,,,,,,,,,,,,,,,,,,,,,,,,,,,,,,,,,,,,,,,
2015-05-08,,,,,,,,,,,,,,,,,,,,,,,,,,,,,,,,,,,,,,,,,,,,,,,,,,
2015-05-15,,,,,,,,,,,,,,,,,,,,,,,,,,,,,,,,,,,,,,,,,,,,,,,,,,
2015-05-22,,,,,,,,,,,,,,,,,,,,,,,,,,,,,,,,,,,,,,,,,,,,,,,,,,
2015-05-29,,,,,,,,,,,,,,,,,,,,,,,,,,,,,,,,,,,,,,,,,,,,,,,,,,
2015-06-05,,,,,,,,,,,,,,,,,,,,,,,,,,,,,,,,,,,,,,,,,,,,,,,,,,
2015-06-12,,,,,,,,,,,,,,,,,,,,,,,,,,,,,,,,,,,,,,,,,,,,,,,,,,
2015-06-19,,,,,,,,,,,,,,,,,,,,,,,,,,,,,,,,,,,,,,,,,,,,,,,,,,
2015-06-26,,,,,,,,,,,,,,,,,,,,,,,,,,,,,,,,,,,,,,,,,,,,,,,,,,
2015-07-03,,,,,,,,,,,,,,,,,,,,,,,,,,,,,,,,,,,,,,,,,,,,,,,,,,
2015-07-10,,,,,,,,,,,,,,,,,,,,,,,,,,,,,,,,,,,,,,,,,,,,,,,,,,
2015-07-17,,,,,,,,,,,,,,,,,,,,,,,,,,,,,,,,,,,,,,,,,,,,,,,,,,
2015-07-24,,,,,,,,,,,,,,,,,,,,,,,,,,,,,,,,,,,,,,,,,,,,,,,,,,
2015-07-31,,,,,,,,,,,,,,,,,,,,,,,,,,,,,,,,,,,,,,,,,,,,,,,,,,
2015-08-07,,,,,,,,,,,,,,,,,,,,,,,,,,,,,,,,,,,,,,,,,,,,,,,,,,
2015-08-14,,,,,,,,,,,,,,,,,,,,,,,,,,,,,,,,,,,,,,,,,,,,,,,,,,
2015-08-21,,,,,,,,,,,,,,,,,,,,,,,,,,,,,,,,,,,,,,,,,,,,,,,,,,
2015-08-28,,,,,,,,,,,,,,,,,,,,,,,,,,,,,,,,,,,,,,,,,,,,,,,,,,
2015-09-04,,,,,,,,,,,,,,,,,,,,,,,,,,,,,,,,,,,,,,,,,,,,,,,,,,
2015-09-11,,,,,,,,,,,,,,,,,,,,,,,,,,,,,,,,,,,,,,,,,,,,,,,,,,
2015-09-18,,,,,,,,,,,,,,,,,,,,,,,,,,,,,,,,,,,,,,,,,,,,,,,,,,
2015-09-25,,,,,,,,,,,,,,,,,,,,,,,,,,,,,,,,,,,,,,,,,,,,,,,,,,
2015-10-02,3.08,,,,,,,,,29.57,7.09,7.8,,,10.52,,,3.07,5.74,,4.91,,2.9,38.45,6.88,,,3.39,,,,,,,,,,13.77,,,,,,,,,,,,
2015-10-09,3.25,,,,,,,,,30.67,7.38,7.47,,,11.75,,,3.24,6.02,,5.04,,2.86,38.45,7.83,,,3.39,,,,,,,,,,15.1,,,,,,,,,,,,
2015-10-16,3.32,,,,,,,,,29.57,7.49,7.54,,,12.06,,,3.25,6.13,,4.98,,2.76,38.19,7.66,,,3.32,,,,,,,,,,14.5,,,,,,,,,,,,
2015-10-23,3.3,,,,,,,,,30.23,7.45,7.73,,,12.87,,,3.2,6.12,,5.07,,2.71,38.19,7.55,,,3.28,,,,,,,,,,14.5,,,,,,,,,,,,
2015-10-30,3.28,,,,,,,,,31.11,7.47,7.67,,,13.05,,,3.15,6.51,,5.28,,2.67,37.68,8.17,,,2.92,,,,,,,,,,13.6,,,,,,,,,,,,
2015-11-06,3.27,,,,,,,,,29.79,7.77,7.41,,,13.15,,,3.1,6.23,,5.6,,2.69,38.19,8.33,,,3.16,,,,,,,,,,12.9,,,,,,,,,,,,
2015-11-13,3.22,,,,,,,,,30.45,7.45,7.41,,,12.47,,,3.01,6.19,,5.57,,2.76,37.42,8.5,,,3.06,,,,,,,,,,12.3,,,,,,,,,,,,
2015-11-20,3.19,,,,,,,,,30.23,7.38,7.28,,,12.53,,,2.97,6.2,,5.68,,2.76,37.42,8.73,,,3.32,,,,,,,,,,12.2,,,,,,,,,,,,
2015-11-27,3.13,,10.89,31.91,46.46,15.16,,,,29.35,7.34,7.21,,21.5,12.37,,,3.18,6.09,,5.6,,2.73,35.87,9.06,10.43,,3.32,,,,,,,,,,11.7,,,,13.55,,,,,45.96,,,
2015-12-04,3.08,,10.59,31.66,40.4,15.09,,,,29.35,7.04,6.89,9.03,19.97,12.05,,,3.06,5.98,,5.6,,2.69,36.9,8.39,10.63,,3.09,,,,,,,,,,11.5,,,,12.89,,,,,45.96,,,
2015-12-11,3.09,,10.14,32.16,40.81,14.75,,,,27.82,7.0,6.63,8.88,18.88,12.6,,,2.95,6.0,,5.49,,2.63,36.9,8.28,10.74,,3.06,,,,,,,,,6.34,11.5,,,,12.38,,,11.15,,45.96,,,
2015-12-18,3.09,,10.59,33.9,42.83,14.68,,7.94,,29.13,7.24,7.21,9.16,18.78,13.09,,,3.04,5.96,,6.02,,2.69,34.84,8.78,10.43,,3.13,,,,,,,,,6.43,11.5,,,,13.07,,,11.31,,47.83,,,
2015-12-25,3.03,,10.29,32.15,41.61,14.61,,7.73,8.4,27.6,7.15,7.21,8.94,18.63,13.32,,,2.95,5.73,,5.65,,2.65,36.9,8.84,10.28,,3.09,,,,,,,,,6.26,11.6,,,,12.71,,,11.42,,46.33,,,
2016-01-01,3.09,,10.39,32.66,43.23,14.88,,7.94,8.97,28.92,7.18,7.54,9.0,18.13,13.8,,,2.93,5.8,,5.62,,2.65,39.49,8.89,10.24,,3.11,,,,,,,,,6.34,12.6,,,,13.37,,,12.28,,47.45,,,
2016-01-08,3.01,,9.69,31.15,41.21,15.37,,7.65,8.83,28.48,7.11,7.15,8.72,17.14,13.19,,,2.77,5.69,,5.57,,2.61,39.23,8.45,10.28,,3.2,,,,,,,,,5.7,12.6,,,,12.71,,,12.82,,45.96,,,
2016-01-15,3.01,,9.29,31.4,39.59,15.16,,7.52,8.58,28.04,6.98,7.34,8.6,17.14,13.02,,,2.65,5.47,15.44,5.44,,2.59,38.71,8.22,10.39,,3.13,,,,,,,,,5.7,11.8,,,,12.56,,,12.98,,45.59,,,
2016-01-22,2.97,,7.93,29.89,38.06,15.23,,6.97,8.7,27.6,6.76,6.89,8.38,15.06,12.7,,,2.56,4.75,14.75,5.26,,2.52,36.9,7.72,10.16,,3.01,,,,,,,,,5.47,10.8,,,,12.02,,,12.9,,43.34,,,
2016-01-29,3.0,,8.28,29.64,40.0,15.44,,7.31,8.74,28.04,6.96,6.63,8.62,18.58,12.86,,,2.67,5.22,15.65,5.49,,2.74,37.42,7.83,10.08,,3.09,,,,,,,,,5.75,11.3,,,,12.17,,,12.96,,43.34,,,
2016-02-05,3.0,,8.13,30.4,40.16,15.44,,7.31,8.69,31.98,7.25,6.95,8.7,18.83,13.06,,,2.7,5.18,15.65,5.47,,2.74,37.94,8.11,10.08,,3.06,,,,,,,,,5.81,11.2,,,,11.9,,,12.52,,45.59,,,
2016-02-12,,,,,,,,,,,,,,,,,,,,,,,,,,,,,,,,,,,,,,,,,,,,,,,,,,
2016-02-19,3.08,,8.13,32.15,40.16,15.64,,7.35,8.93,34.61,7.06,6.69,8.94,20.21,13.12,,,2.68,5.2,15.16,5.6,,2.86,37.42,8.39,10.43,,3.09,,,,,,,,,5.98,10.8,,,,12.2,,,12.39,,48.58,,,
2016-02-26,3.14,,9.29,32.66,42.02,15.3,,7.77,8.97,36.58,7.03,6.89,8.88,21.06,12.7,,,2.74,5.35,16.7,5.52,,2.86,37.68,8.5,10.36,,3.06,,,,9.55,,,,,6.34,11.1,,,,12.62,,,12.31,,48.58,,,
2016-03-04,3.08,,9.14,34.67,44.44,15.85,,7.65,8.9,37.68,7.28,6.82,9.05,22.29,12.76,,,2.71,5.67,16.97,5.49,,2.84,38.97,8.78,10.67,,3.32,,,,9.47,,,,,6.48,11.0,,,,12.5,,,12.25,,48.95,,,
2016-03-11,3.05,,8.98,34.16,43.23,16.12,,7.48,8.79,38.12,7.18,6.89,9.02,23.93,13.09,,,2.87,6.2,17.18,5.91,,2.84,38.19,8.84,11.01,,3.35,,,,9.36,,,,,6.46,10.9,,,,12.56,,,12.55,,48.58,,,
2016-03-18,3.01,,8.88,34.67,43.63,16.54,,7.39,8.32,37.68,7.25,6.76,9.14,24.63,13.06,,,3.01,6.51,16.7,6.23,,2.78,37.42,8.61,11.29,,3.39,,,,9.47,,,,,6.29,10.8,,,,12.8,,,12.15,,51.19,,,
2016-03-25,3.01,,8.63,37.68,42.42,16.12,,7.18,8.0,37.24,7.16,6.69,8.98,23.24,12.7,,,2.88,6.33,16.49,6.07,,2.74,38.19,8.78,11.79,,3.39,,,,9.36,,,,,6.15,10.4,,,,12.62,,,12.15,,50.07,,,
2016-04-01,2.93,,8.43,35.92,40.4,16.26,,6.97,7.88,36.36,7.13,6.69,8.77,21.22,12.67,,,2.95,6.27,16.56,5.99,,2.71,36.65,8.5,12.8,,3.54,,,,9.25,,,,,5.95,10.3,,,,12.32,,,12.74,,50.07,,,
2016-04-08,2.9,,8.48,37.68,40.81,17.36,,7.14,8.26,37.46,7.16,6.69,8.87,23.55,12.53,,,3.01,6.96,16.97,6.07,,2.74,36.13,8.5,12.84,,3.58,,,,9.1,,,1.81,,6.15,10.2,,,,12.47,,,12.74,,52.69,,,
2016-04-15,2.9,,8.13,36.17,42.02,17.09,,6.84,8.42,39.87,7.13,6.69,8.87,23.81,12.76,,,3.16,7.29,17.39,6.17,,2.73,36.13,8.33,13.11,,3.75,,,,8.98,,,1.84,,6.15,10.2,,,,12.77,,,14.17,,53.43,,,
2016-04-22,2.78,,7.93,34.41,42.42,17.09,72.95,6.8,8.18,37.68,7.28,6.69,8.81,24.32,12.57,,,3.16,8.18,17.18,6.02,,2.76,35.87,8.17,12.39,,3.63,,,,8.79,,15.97,1.78,,5.98,10.1,,,,12.89,,,13.9,,51.19,,,
2016-04-29,2.81,,8.28,34.67,45.65,16.74,72.95,6.84,8.13,37.46,7.28,6.89,9.02,26.65,13.22,,,3.24,8.75,18.23,5.96,,2.82,35.61,8.39,11.93,,3.32,,11.61,,8.98,,16.36,1.81,,6.12,10.3,,,,13.7,,,14.17,,51.56,,,
2016-05-06,2.84,,8.88,36.93,48.08,17.36,72.11,7.09,7.73,37.46,7.4,6.89,8.9,25.88,13.64,,,3.47,9.43,18.57,5.99,,2.86,36.65,8.9,12.1,,3.37,,11.81,,9.06,,16.26,1.81,,6.0,10.2,,,,14.24,,,14.04,,53.43,,,
2016-05-13,2.98,,9.34,36.17,47.67,17.78,76.61,7.52,7.68,37.02,7.48,7.15,8.85,27.17,13.8,,,3.39,9.15,18.3,5.99,,2.86,37.16,8.9,12.77,,3.42,,12.02,,9.12,,15.33,1.87,,5.72,11.3,,,,14.42,,,14.58,,54.18,,,
2016-05-20,3.01,,9.34,36.29,49.29,17.57,74.45,7.52,7.5,37.24,7.48,7.73,8.88,30.27,14.65,,,3.32,9.17,18.64,5.99,,2.95,36.13,8.67,12.52,,3.56,,12.42,,9.16,,15.14,1.84,,5.78,12.2,,,,14.6,,,14.44,,54.55,,,
2016-05-27,2.9,,8.78,35.26,46.87,17.36,75.32,7.26,7.64,34.95,7.32,8.25,8.86,29.24,14.35,,,3.31,9.29,18.3,6.02,,2.9,36.13,9.41,12.9,,3.58,,12.32,,9.16,,15.87,1.78,,5.72,11.1,,,,13.64,,,13.77,,53.06,,,
2016-06-03,2.93,,9.29,35.52,48.48,17.64,76.61,7.6,7.55,35.64,7.21,8.12,8.94,31.83,14.71,,,3.57,10.88,18.93,6.12,,2.95,35.61,9.75,13.11,,3.49,,12.93,,9.03,,15.63,1.78,,6.06,11.2,,,,14.12,,,14.44,,53.06,,,
2016-06-10,2.98,,9.39,35.0,50.91,17.85,80.94,7.48,7.53,35.64,7.34,7.34,8.84,31.57,14.56,,,3.69,11.35,19.43,6.02,,2.93,35.87,10.61,13.19,,3.49,,13.34,,9.12,,17.68,1.81,,6.17,12.1,,,,14.45,,,14.71,,52.31,,,
2016-06-17,3.01,,9.03,36.29,50.1,17.85,84.84,7.35,7.48,40.21,7.27,7.6,8.84,30.53,14.56,,,3.8,11.93,18.78,5.96,,2.88,35.61,11.54,13.86,,3.47,,13.24,,9.16,,16.95,1.78,,5.92,11.5,,,,14.21,,,14.3,,51.93,,,
2016-06-24,3.01,,8.98,38.11,48.89,18.26,86.14,7.26,8.63,42.95,7.24,7.54,9.12,31.83,14.15,,,4.0,11.81,20.38,5.99,,2.88,35.61,13.14,13.69,,3.42,,14.97,,9.29,,15.48,1.78,,5.92,11.5,,,,14.39,,,14.17,,53.06,,,
2016-07-01,2.97,,8.73,38.37,48.28,18.12,83.97,7.14,9.1,47.06,7.19,7.41,9.19,32.6,13.58,,,3.99,11.9,20.23,5.96,,2.82,34.32,14.06,14.91,,3.25,,15.07,,8.99,,15.23,1.72,,5.86,11.3,,,,14.21,,,15.14,,54.2,,,
2016-07-08,2.97,,8.93,42.26,51.56,19.29,90.9,7.39,8.94,47.98,7.47,7.34,9.49,34.16,13.89,,,4.31,13.56,19.94,6.09,,2.9,34.32,14.97,14.62,,3.49,,16.6,,9.07,,15.87,1.81,,6.37,11.2,,,,15.32,,,15.6,,56.1,,,
2016-07-15,3.06,,9.29,42.0,51.15,18.12,93.06,8.03,8.56,44.55,7.76,8.06,9.38,33.64,14.04,,,4.02,12.22,20.88,5.96,,2.92,35.1,16.0,14.16,,3.01,,14.16,,9.12,,16.36,1.78,,6.65,11.6,,,,16.82,,,16.2,,55.34,,,
2016-07-22,2.9,,8.83,43.29,49.1,18.08,97.39,7.56,9.01,42.49,7.63,7.34,9.08,32.09,13.69,,,4.11,11.2,19.87,5.99,,2.88,34.84,14.63,14.53,,3.09,,14.26,,8.94,,15.97,1.72,,6.43,11.3,,,,16.52,,,15.14,,60.27,,,
2016-07-29,2.82,,8.78,42.52,48.69,18.29,97.39,7.6,8.9,42.49,7.63,7.73,9.03,29.24,13.48,,,4.47,11.49,21.02,5.99,,2.88,33.29,15.2,14.62,,3.04,,13.24,,9.16,,15.77,1.7,,6.51,11.0,,,,16.37,,,15.74,,60.65,,,
2016-08-05,2.78,,8.38,37.07,46.65,17.87,89.6,7.22,8.69,39.75,7.5,7.15,8.84,30.79,12.87,,,4.26,10.91,20.23,6.04,,2.78,31.74,14.74,14.45,,2.99,,12.73,,8.55,,16.07,1.58,,6.12,10.6,,,,15.77,,,13.95,,59.13,,,
2016-08-12,2.82,,8.58,39.92,49.92,18.01,93.93,7.48,8.99,44.78,7.53,6.95,9.19,33.12,14.25,,,4.71,12.28,20.59,6.67,,2.86,31.49,16.34,15.34,,3.04,,14.26,,8.9,,17.29,1.58,,6.2,10.9,,,,16.67,,,14.84,,65.19,,,
2016-08-19,2.79,,8.38,40.96,48.28,19.07,99.12,7.31,9.41,45.69,7.53,6.95,9.47,32.86,15.17,,,4.9,12.22,25.58,6.96,,2.82,34.58,17.03,15.47,,3.04,,14.97,,8.86,,16.95,1.56,,6.26,10.6,,,,15.92,,,14.52,,67.82,,,
2016-08-26,2.78,,8.23,40.96,48.69,19.21,98.26,7.31,9.18,44.55,7.42,7.15,9.27,32.6,14.61,,,5.11,12.39,28.1,6.85,,2.82,32.26,16.23,15.21,,2.97,,13.65,,8.86,,17.14,1.53,,6.06,10.5,,,,16.82,,,14.4,,67.36,,,
2016-09-02,2.86,,8.23,42.52,50.74,20.2,105.61,7.31,9.84,44.32,7.55,7.21,9.67,33.12,14.61,,,5.09,12.57,27.89,6.83,,2.8,35.1,16.57,15.6,,3.04,,14.36,,8.77,,17.19,1.5,,6.06,10.5,,,,16.37,,,14.46,,72.97,,,
2016-09-09,2.74,,8.13,44.07,49.51,20.55,114.7,7.35,10.1,47.52,7.47,6.69,10.06,33.64,14.51,,,5.33,12.8,27.89,7.01,,2.82,35.36,16.46,15.47,,3.01,,14.97,,8.9,,16.9,1.5,,6.03,10.0,,,,15.73,,,14.54,,69.23,,,
2016-09-16,2.71,,7.98,43.29,49.43,20.34,112.54,7.22,10.16,50.26,7.24,6.95,9.73,32.6,13.84,,,5.25,12.42,27.24,6.98,,2.8,33.09,15.31,15.34,,2.99,,14.26,,8.81,,16.61,1.39,,5.86,10.05,,,,14.9,,,14.95,,66.89,,,
2016-09-23,2.73,,8.06,45.37,53.93,20.27,107.78,7.22,10.91,49.85,7.37,6.95,10.25,35.04,14.17,,,5.49,12.01,28.21,7.38,,2.79,36.34,15.77,16.04,,3.16,,15.17,,9.42,,14.45,1.33,,6.17,9.52,,,,15.52,,,16.2,,63.99,,,
2016-09-30,2.9,,8.38,50.68,57.28,20.66,112.11,7.26,11.77,50.49,7.4,6.63,10.37,38.14,15.22,,,5.47,12.17,28.66,7.33,,2.8,35.1,15.99,16.87,,3.01,,15.48,,9.55,,15.18,1.3,,6.29,9.36,,,,15.85,,,16.35,,65.48,,,
2016-10-07,3.06,,8.63,50.32,60.15,21.19,109.08,7.48,11.6,51.36,7.34,6.66,10.09,37.41,14.35,,,5.1,11.32,28.36,7.47,,2.84,36.03,15.52,16.92,,3.04,,15.64,,9.23,,15.18,1.44,,6.34,9.61,,8.37,,15.91,,,15.8,,66.42,,,
2016-10-14,3.08,,8.38,51.2,57.28,21.29,111.67,7.31,11.32,50.72,7.37,6.66,9.6,37.1,14.33,,,4.87,11.0,28.44,7.45,,2.81,35.1,16.96,16.17,,3.04,,14.81,,9.27,,16.1,1.41,,6.27,9.19,,11.61,,15.44,,,15.74,,66.42,,,
2016-10-21,3.09,,8.73,51.9,54.83,21.54,105.28,7.37,10.31,48.98,7.45,6.82,9.51,35.69,13.94,,,4.88,11.64,28.81,7.5,,2.84,34.32,17.26,15.21,,3.28,,14.97,,9.05,,16.74,1.61,,6.43,9.27,,10.78,,15.19,,,15.91,,67.82,,,
2016-10-28,3.03,,8.43,52.06,54.83,20.62,103.5,7.18,9.54,44.78,7.21,6.4,9.45,35.17,13.94,,,4.7,11.29,27.16,7.36,,2.83,33.29,16.74,15.34,,3.18,,14.16,,9.14,,16.93,1.5,,6.14,9.0,,11.45,,15.03,,,15.72,,66.65,,,
2016-11-04,3.01,,8.4,50.32,51.15,20.06,103.96,7.09,9.29,44.37,7.15,6.66,9.19,34.23,13.58,,,4.69,11.49,27.13,7.4,,2.77,33.7,17.49,15.21,,3.44,,14.16,,9.03,,15.75,1.47,,6.04,8.26,,9.31,,14.57,,,15.43,,66.14,,,
2016-11-11,3.03,,8.3,51.85,53.19,20.52,104.42,7.05,9.44,44.69,7.21,6.5,9.38,35.43,13.58,,,4.9,12.39,26.75,7.08,,2.76,33.55,18.0,15.08,,3.49,,14.5,,9.07,,15.37,1.56,,6.05,8.39,,9.17,,15.11,,,15.72,,65.95,,,
2016-11-18,3.01,,8.11,50.81,50.08,20.55,101.59,6.9,9.18,45.69,7.33,6.31,9.3,34.91,13.74,,,4.95,12.63,26.26,7.15,,2.69,32.67,17.61,15.12,,3.48,,14.05,,9.51,,15.08,1.53,,5.95,7.99,,9.13,,14.69,,,15.8,,64.6,,,
2016-11-25,3.03,,8.46,50.06,50.74,21.04,98.65,7.01,8.99,45.97,7.24,6.3,9.71,35.43,14.1,,,4.99,13.82,26.64,7.05,,2.67,35.98,18.54,14.66,,3.36,,14.57,,9.47,,15.46,1.47,,5.95,8.22,,8.64,,14.9,,,15.54,,63.94,,,
2016-12-02,3.13,,8.11,50.48,48.61,20.87,98.36,6.9,8.99,44.78,6.8,6.04,9.45,35.95,13.99,,,4.98,14.17,25.55,7.1,,2.64,33.45,19.05,13.59,,3.18,,14.26,,9.68,,15.21,1.44,,5.86,7.55,,7.62,,14.57,,,15.25,,63.15,,,
2016-12-09,2.94,,7.82,49.49,47.55,20.48,99.23,6.6,8.58,44.28,6.38,6.24,9.3,34.13,13.79,,,4.86,13.51,23.34,7.05,,2.64,32.93,17.71,13.37,,3.23,,14.2,,9.75,54.3,15.53,1.41,,5.52,7.91,,8.65,,14.4,,,15.43,,63.38,,,
2016-12-16,2.96,,7.69,49.28,47.46,20.59,102.11,6.35,8.52,43.32,6.43,6.17,9.18,33.82,13.61,,,4.9,14.08,25.14,6.98,,2.61,32.05,17.49,12.1,,3.28,,14.16,,10.16,81.38,15.46,1.33,,5.58,8.0,,7.91,,14.49,,,15.43,,59.87,,,
2016-12-23,3.05,,7.72,50.29,48.28,20.13,105.86,6.39,8.77,43.41,6.43,6.04,9.37,34.3,13.58,,,5.05,15.04,24.76,7.08,,2.63,33.81,17.73,12.27,,3.22,,13.95,,10.51,73.0,16.16,1.36,,5.71,8.14,,7.78,,14.47,,,15.28,,57.58,,,
2016-12-30,3.1,,7.53,50.48,47.95,20.27,103.78,6.37,8.45,45.19,6.33,6.02,9.54,32.25,13.74,,,5.13,14.69,27.16,6.94,,2.67,33.03,17.93,12.23,25.6,3.18,,13.74,,10.75,72.29,15.97,1.39,,5.78,9.3,,6.99,,14.67,,,15.28,,60.15,,,
2017-01-06,3.33,,8.03,48.99,50.0,21.54,104.94,6.88,8.37,46.74,6.25,6.06,9.89,33.22,13.81,,,5.25,15.71,27.16,6.8,,2.7,33.86,18.02,12.18,25.18,3.18,,13.85,,11.02,72.25,15.97,1.39,,5.93,8.55,,7.55,,15.4,,,15.58,,59.26,,,
2017-01-13,3.73,,8.72,49.75,51.15,22.33,102.92,7.48,8.43,47.98,6.82,6.18,10.08,32.68,14.58,,,5.17,14.78,27.01,6.91,,2.76,33.86,18.29,12.85,25.09,3.2,,14.34,,10.99,76.92,15.78,1.45,,6.02,9.06,,7.51,,15.56,,1.45,15.82,,59.4,,,
2017-01-20,4.01,,8.72,49.22,49.76,22.19,105.63,7.81,8.3,50.26,6.6,6.21,9.58,31.01,14.35,,,4.93,13.73,27.76,6.87,,2.78,33.65,17.95,12.92,24.79,3.21,,14.24,,11.23,81.41,15.4,1.39,,5.96,9.55,,6.81,,15.81,,1.55,15.48,,58.94,,,
2017-01-27,4.07,,8.99,50.87,49.84,22.26,109.03,8.19,7.87,49.35,6.68,6.23,9.82,32.41,14.3,,,4.99,14.4,27.76,6.84,,2.8,33.42,18.17,13.03,24.75,3.33,,14.16,,10.99,81.05,15.46,1.42,,5.96,9.85,,7.33,,16.1,,1.65,15.39,,59.87,,,
2017-02-03,4.14,,9.09,50.03,51.23,22.62,111.69,8.28,7.81,51.86,6.77,7.02,9.78,32.68,14.43,,,5.24,14.37,28.14,6.87,,2.82,34.19,19.31,13.12,25.94,3.38,,14.49,,11.41,79.37,15.27,1.42,,6.11,10.0,,7.33,,16.35,,1.57,15.61,,63.1,,,
2017-02-10,4.13,,8.91,51.03,51.56,22.55,112.96,7.99,7.23,52.77,7.2,6.95,9.73,31.33,14.27,,,5.28,14.81,28.81,6.84,,2.83,34.43,19.09,13.88,25.18,3.4,,14.98,,12.08,77.03,15.08,1.54,,6.14,10.3,,7.22,,16.41,,1.61,15.65,,62.72,,,
2017-02-17,3.94,,8.93,50.53,51.88,23.78,115.96,8.5,8.04,51.86,6.95,6.79,9.89,32.09,15.89,,,5.29,14.41,29.04,7.4,,2.9,34.03,19.77,14.06,25.77,3.42,,15.33,,11.78,78.49,15.34,1.54,,6.17,10.35,,7.73,,16.02,,1.64,16.2,,61.74,,,
2017-02-24,3.95,,8.72,49.17,49.26,26.99,118.26,7.97,7.51,53.0,6.85,6.89,10.06,34.03,17.58,,,4.81,13.92,29.64,7.68,,2.89,34.03,18.74,14.46,28.08,3.54,,15.6,,11.63,83.24,15.4,1.54,,6.38,11.0,,7.26,,15.65,,1.66,16.62,,60.81,,,
2017-03-03,3.92,,8.51,49.22,47.46,24.93,116.71,7.95,7.75,52.09,6.85,6.95,9.94,31.33,17.17,,,4.99,14.07,28.21,8.09,,2.85,33.13,19.09,13.36,29.36,3.45,,15.6,,11.41,81.41,15.27,1.57,,6.2,10.2,,7.2,,15.4,,1.72,16.33,75.4,60.67,,,
2017-03-10,4.06,,8.93,48.8,48.36,27.86,111.28,8.14,8.13,55.97,6.94,7.02,10.02,30.57,19.17,,,4.99,14.04,27.39,8.02,,3.0,33.9,19.31,13.32,29.02,3.5,,16.26,,12.04,78.86,15.27,1.54,,6.4,10.45,,7.24,,15.69,,1.69,16.18,74.54,61.04,,,
2017-03-17,4.07,,8.64,48.44,48.28,27.31,115.26,7.97,7.79,56.89,6.82,7.08,10.04,29.98,18.91,,,4.98,13.68,28.1,8.44,,2.98,35.24,19.54,13.59,30.59,3.32,,15.66,,12.96,77.73,15.21,1.51,,6.68,10.35,,7.44,,15.36,,1.73,16.24,65.98,62.72,,,
2017-03-24,4.34,,9.33,51.82,49.84,27.49,117.69,8.23,8.28,57.57,6.77,7.93,10.61,28.85,18.04,,,5.11,13.98,31.52,8.37,,3.18,38.89,19.37,14.55,28.5,3.77,,15.4,,12.55,73.75,15.53,1.57,,6.79,11.6,,8.38,,15.94,,1.7,15.54,72.49,65.86,,,
2017-03-31,4.32,,9.38,53.41,49.76,27.71,120.86,8.17,8.11,63.42,6.66,7.6,10.3,29.71,17.27,,,5.33,14.84,31.82,8.83,,3.21,37.51,19.1,14.37,29.36,4.11,,15.68,,12.73,73.75,15.72,1.78,,7.05,11.4,,8.07,,15.4,,1.77,15.47,74.14,67.68,,,
2017-04-07,4.39,,9.04,50.56,47.63,28.0,115.38,7.95,7.83,61.68,6.57,7.47,10.14,29.87,17.27,,,5.57,14.9,30.39,8.72,,3.16,37.19,19.09,14.23,30.04,5.07,,15.29,,12.36,74.11,16.07,1.75,,6.79,11.7,,8.02,,15.15,,1.85,15.28,73.68,66.28,,,
2017-04-14,4.01,,8.83,51.84,47.71,26.17,115.96,7.79,7.75,61.14,6.39,7.54,10.3,30.08,16.4,,,5.56,14.6,30.76,8.69,,3.19,36.62,19.43,14.06,30.12,6.32,,16.18,,12.41,75.54,15.46,2.24,,6.58,11.7,,8.14,,15.19,,2.01,15.5,76.65,66.7,,,
2017-04-21,3.95,,8.85,50.27,46.97,26.72,118.26,7.7,7.49,61.0,6.66,7.15,10.1,29.48,16.45,,,5.41,14.21,29.83,8.79,,3.12,37.02,18.97,13.57,30.25,5.66,36.45,17.07,,12.04,73.02,15.56,2.2,,6.72,11.7,,8.59,,14.65,,1.99,14.77,75.28,67.78,,,
2017-04-28,3.94,,8.62,48.31,46.65,27.09,118.78,7.66,6.57,66.48,6.56,7.47,10.15,30.41,17.22,,,5.19,14.41,29.9,8.72,,3.14,36.46,19.07,13.52,30.94,6.37,32.44,18.27,,12.87,72.98,16.26,2.27,,6.52,12.05,,9.26,,14.4,,2.01,14.88,73.86,68.76,,,
2017-05-05,4.14,,8.88,47.47,47.3,27.27,115.26,7.84,6.57,66.49,6.47,7.41,10.28,29.8,18.3,,,5.19,14.73,29.86,8.9,,3.38,35.32,19.66,12.99,29.7,6.05,33.14,19.2,,13.38,72.58,17.18,2.17,,6.67,12.15,,9.48,,15.03,,2.03,14.8,74.31,69.6,,,
2017-05-12,4.11,,8.99,48.05,47.05,29.18,116.01,7.97,6.68,64.53,6.75,7.25,10.52,30.24,17.94,,,5.36,14.69,30.24,9.42,,3.49,34.51,19.83,14.08,29.44,6.42,34.19,18.6,,14.47,71.56,16.36,2.05,,7.08,12.2,,9.15,,15.21,,2.12,14.84,74.54,68.19,,,
2017-05-19,4.27,,8.91,48.15,46.73,28.96,117.11,7.97,6.72,70.57,6.85,7.15,10.48,30.08,19.78,,,5.1,14.38,30.43,9.42,,3.57,35.24,20.63,13.52,28.8,6.34,37.85,19.26,,14.26,69.37,15.85,2.08,,7.29,12.45,,9.62,,15.07,,2.41,15.17,72.82,68.89,,,
2017-05-26,4.37,,10.04,45.56,47.79,29.25,121.67,8.37,6.7,77.28,6.54,7.44,10.92,31.23,21.78,,,5.21,15.13,33.32,9.49,,3.92,34.51,22.47,13.18,28.72,6.32,40.95,19.93,,15.49,70.68,18.11,2.14,,7.76,12.4,,9.62,,15.34,,2.19,14.73,72.31,70.55,,,
2017-06-02,4.32,,9.67,48.94,47.79,28.44,123.17,8.28,6.72,75.54,6.66,7.54,11.18,30.52,20.66,,,5.39,16.76,32.57,9.7,,3.96,35.57,22.36,13.51,28.76,6.37,42.71,20.01,,14.86,69.37,19.79,2.2,,7.36,12.65,,9.28,,15.03,,2.32,14.9,75.12,71.25,,,
2017-06-09,4.53,,10.1,48.41,47.55,29.21,121.26,8.65,6.68,86.89,6.64,8.06,11.33,30.35,21.48,,,5.59,16.91,34.59,9.94,,4.14,34.84,22.59,13.51,29.48,6.59,42.92,20.32,,15.56,69.07,21.38,2.2,,7.73,13.8,,8.47,,15.77,,2.24,15.21,73.8,72.62,,,
2017-06-16,4.6,,10.41,49.55,47.71,28.74,126.92,8.96,7.12,88.0,6.67,7.9,11.66,31.12,21.02,,,6.0,16.29,34.29,9.7,,4.14,35.04,22.13,13.56,28.59,6.94,43.9,20.11,,16.25,73.02,21.0,2.2,,7.79,13.7,,8.32,,16.49,,2.25,15.74,74.43,73.14,,,
2017-06-23,4.53,,10.41,46.43,47.3,27.64,124.61,8.81,6.68,89.05,6.67,8.25,12.17,31.17,22.76,,,5.84,16.78,34.97,9.73,,4.44,33.7,23.74,13.77,28.84,7.53,49.04,20.47,,16.71,74.66,22.91,2.24,,8.12,14.2,,8.61,,15.75,,2.32,15.36,71.27,72.15,,,
2017-06-30,4.55,,10.68,47.18,47.14,27.12,126.34,8.94,6.95,86.54,6.74,8.19,11.92,32.0,22.48,,,5.95,16.5,34.52,9.66,,4.6,34.67,23.49,13.41,29.02,7.39,49.18,21.2,,17.13,75.39,22.34,2.27,,8.13,14.1,,8.36,,15.85,,2.29,15.65,72.77,73.05,,,
2017-07-07,4.61,,10.73,46.95,47.46,27.93,125.19,8.99,6.83,84.87,6.95,8.38,12.35,33.72,22.37,,,6.35,17.22,35.64,9.84,,4.49,33.46,23.65,13.91,28.8,7.56,49.74,20.55,,17.39,76.67,22.46,2.57,,8.43,13.45,,9.01,,16.35,,2.34,15.67,72.08,74.46,,,
2017-07-14,4.53,,10.41,44.16,49.35,28.15,124.03,8.72,6.76,82.71,7.04,8.35,12.52,35.28,21.63,,,6.43,16.42,35.08,10.12,,4.41,33.46,23.62,13.46,28.8,7.22,49.81,20.22,,17.13,77.22,23.23,2.48,,7.9,12.35,,8.45,,15.81,,2.31,15.65,72.77,73.76,,,
2017-07-21,4.39,,10.41,35.9,46.89,25.95,117.98,8.41,6.76,82.5,6.74,7.34,12.05,35.0,21.48,,,5.98,15.62,34.74,9.84,,4.29,33.38,23.16,12.94,28.72,7.13,48.03,20.32,,16.25,84.7,24.44,2.42,,7.59,11.8,,7.85,,15.56,,2.27,15.47,72.25,71.35,,,
2017-07-28,4.44,,11.02,37.36,46.73,23.97,114.8,8.54,6.8,80.76,6.74,7.8,12.35,33.67,20.25,,,6.12,15.51,35.73,9.77,,4.58,33.7,22.93,13.2,28.8,7.42,45.97,20.99,,17.13,85.8,26.22,2.42,,7.53,12.6,,8.03,,15.46,,2.27,15.54,71.79,72.2,,,
2017-08-04,4.49,,12.11,36.42,47.54,24.27,120.0,8.94,6.85,79.09,6.79,8.45,12.89,35.45,20.76,,,6.1,14.27,34.6,9.94,,4.91,34.11,23.51,13.32,28.59,7.58,46.05,21.88,,17.82,89.74,25.36,2.48,,7.73,12.5,,7.68,,15.85,,2.31,16.39,72.36,72.67,,,
2017-08-11,4.47,,11.07,37.31,46.63,26.03,121.15,8.26,6.85,76.58,6.74,8.09,12.56,34.84,20.71,,,6.06,14.32,33.12,9.87,,4.62,34.43,24.2,13.04,27.44,6.99,47.66,21.76,,16.67,90.91,17.37,2.39,,7.45,11.95,,7.75,,15.5,,2.24,15.87,71.79,71.25,,,
2017-08-18,4.42,,10.36,38.73,46.63,25.66,121.15,8.19,7.28,77.91,6.83,7.67,12.4,33.39,21.17,,,6.35,14.63,31.26,9.86,,4.52,35.65,24.34,12.8,26.41,7.42,48.25,21.59,,15.97,89.81,18.46,2.36,,7.23,11.85,,7.47,,15.44,,2.22,15.7,71.03,70.58,7.65,,
2017-08-25,4.81,,10.86,36.93,44.39,24.56,122.3,8.39,7.28,77.14,6.79,7.8,12.51,34.11,20.76,,,6.39,15.05,31.73,9.84,,4.71,37.27,24.31,12.76,26.71,7.39,49.56,21.9,,16.37,90.54,19.22,2.36,,7.25,11.75,,7.59,,15.34,,2.23,16.0,72.36,70.78,7.23,,
2017-09-01,5.04,,11.46,34.95,44.88,25.51,123.29,8.43,7.45,76.44,6.83,7.9,12.72,34.95,21.94,,,6.64,15.51,31.65,9.77,,4.93,38.48,25.24,12.19,25.69,7.56,48.98,22.51,,16.25,91.64,20.36,2.42,,7.39,11.65,,7.54,,15.48,,2.15,17.89,72.65,70.97,7.27,,
2017-09-08,5.02,,11.37,34.34,45.21,24.05,122.76,8.37,7.32,74.36,6.74,7.9,12.56,36.89,21.68,,,6.73,14.86,32.66,9.75,,4.79,40.91,25.01,12.12,25.56,7.48,48.98,22.53,,16.51,100.03,19.41,2.39,,7.41,11.75,,7.31,,15.73,,2.19,18.37,75.55,71.01,7.75,,
2017-09-15,4.95,,11.26,36.13,46.46,23.57,125.64,8.3,7.23,75.82,6.72,8.03,12.64,38.9,21.5,,,6.92,14.99,32.15,9.77,,4.77,45.61,26.3,11.79,25.73,7.82,50.08,23.26,,16.53,97.48,19.06,2.33,,7.51,11.7,,7.43,,15.85,,2.22,17.71,80.47,70.49,7.54,,
2017-09-22,4.98,,11.29,37.31,47.21,24.16,123.46,8.76,7.06,75.23,6.74,8.06,12.98,38.05,21.43,,,7.1,15.25,32.66,9.91,,4.79,41.24,26.3,12.28,26.33,8.13,47.07,23.97,,16.69,98.9,17.18,2.48,,7.53,11.65,,7.33,,15.67,,2.42,18.08,79.86,70.54,7.43,,
2017-09-29,5.32,,10.72,36.51,45.63,23.39,122.4,8.47,7.19,74.53,6.69,7.99,12.8,39.58,22.04,,,7.15,14.79,32.66,9.91,,4.71,45.37,26.73,12.47,26.24,8.17,46.85,23.51,,16.09,97.11,17.18,2.17,,7.38,12.6,,7.5,,15.75,,2.47,18.55,87.87,71.01,7.5,,
2017-10-06,5.35,,10.83,35.9,44.39,23.68,121.4,8.59,7.34,74.11,6.64,7.8,12.64,38.34,22.04,,,7.36,14.58,31.61,10.4,2.99,4.78,46.83,27.03,13.27,26.2,8.25,45.02,23.24,,16.18,95.62,16.23,2.42,,7.56,12.1,,7.4,,16.37,,2.48,19.36,85.04,71.3,7.46,,
2017-10-13,5.6,,11.02,36.75,46.04,24.89,121.99,8.63,7.34,75.8,6.6,7.77,13.4,38.62,22.63,,,7.48,14.68,30.52,10.69,2.65,5.0,46.42,28.35,14.15,26.28,8.48,44.43,22.72,,15.88,97.11,15.15,2.45,,7.45,11.35,,7.64,,16.49,,2.67,20.02,87.71,70.54,8.04,,
2017-10-20,5.69,,11.51,37.36,46.54,24.93,125.52,8.91,7.28,80.36,6.45,7.57,13.16,39.46,22.17,,,7.16,14.27,30.05,10.57,2.82,4.89,45.37,30.72,13.81,26.84,8.63,46.41,23.05,,16.16,100.62,14.38,2.48,,7.51,11.55,,7.66,,17.15,,2.7,20.2,90.46,70.82,8.28,,
2017-10-27,5.53,,11.29,35.9,45.21,24.19,123.76,8.59,6.95,74.46,6.22,7.25,12.93,38.67,21.12,,,7.02,13.28,28.62,10.69,2.97,4.87,46.26,29.98,14.49,25.9,8.58,45.46,22.3,,15.37,102.95,14.32,2.39,,7.05,11.3,,7.43,,17.17,,2.79,20.5,88.85,72.44,8.18,,
2017-11-03,5.23,,11.89,35.66,40.73,23.24,133.19,8.47,7.0,63.22,6.09,7.15,13.08,40.93,19.68,,,6.63,10.89,29.0,10.71,2.88,4.87,48.69,27.66,14.64,26.37,8.47,41.65,21.61,,14.82,104.23,13.27,2.39,,6.9,11.35,,7.31,,17.38,,2.71,22.01,90.55,74.3,7.63,,
2017-11-10,5.53,,12.71,38.54,42.73,22.51,135.54,9.07,7.02,68.35,6.01,7.25,13.74,43.3,19.89,,,7.05,11.83,28.62,11.12,2.97,5.07,48.69,29.73,14.74,25.77,8.79,42.53,22.86,,15.72,101.53,13.05,2.39,,7.13,11.1,,7.68,,18.18,,2.72,24.91,95.49,77.35,7.99,,34.36
2017-11-17,5.83,,13.2,42.75,43.31,23.83,137.9,9.66,6.85,72.92,6.2,7.6,14.97,45.04,21.53,,,7.32,12.5,29.94,11.19,3.29,5.09,46.91,31.11,15.13,25.99,9.25,41.79,25.13,,16.44,102.59,13.81,2.39,,7.57,12.0,,8.83,,18.95,,2.77,25.79,97.59,87.31,8.02,,34.87
2017-11-24,6.0,,13.8,43.99,47.29,23.75,138.49,10.67,6.91,73.41,6.16,8.16,15.05,46.19,21.32,,,7.24,11.93,29.55,11.97,3.29,5.35,51.69,31.41,15.27,25.64,9.2,44.36,25.45,,17.13,113.18,12.95,2.45,,7.82,12.25,,8.9,,20.09,,3.16,28.1,105.29,86.5,8.11,,40.82
2017-12-01,6.14,,13.96,45.43,49.45,24.45,133.95,11.13,7.12,76.92,6.28,8.12,15.23,46.19,22.04,,,7.81,12.4,29.63,12.18,3.39,5.54,54.28,31.02,15.83,26.41,9.57,45.46,25.99,,18.7,120.11,12.73,2.84,,8.26,13.05,,8.85,,20.55,,2.86,27.37,109.58,89.12,8.38,,38.99
2017-12-08,6.35,,13.66,43.9,50.28,25.15,127.47,10.62,7.38,75.8,6.16,8.45,14.65,48.75,21.84,,,7.94,13.18,31.26,11.93,3.29,5.37,56.63,29.66,16.49,26.37,9.16,47.44,25.57,,17.64,115.37,13.81,2.87,,8.34,12.95,,9.62,,20.13,,2.96,26.23,103.59,88.65,7.98,,36.3
2017-12-15,6.0,,13.2,43.28,47.29,24.96,130.3,9.94,7.06,79.03,6.29,8.03,14.65,48.93,20.86,,,7.76,12.35,30.29,11.66,3.39,5.2,58.33,29.96,15.69,26.28,9.03,47.51,26.3,,18.8,112.81,13.3,2.66,,8.25,12.5,,11.58,,19.16,,3.0,25.97,107.31,95.8,7.73,,35.74
2017-12-22,6.09,,13.04,40.41,50.44,26.03,128.47,9.96,7.12,79.73,6.56,8.03,14.76,52.8,20.5,,,8.41,12.66,29.86,11.43,3.45,5.4,60.27,29.75,16.27,26.03,9.28,51.1,27.7,,19.21,93.83,13.05,2.72,,8.43,12.3,,10.51,,20.38,,2.95,27.08,113.22,96.75,8.12,,38.2
2017-12-29,6.49,,13.66,40.65,56.25,25.55,131.42,11.18,7.04,82.8,6.47,8.16,14.97,56.51,20.45,,,8.71,12.45,30.48,11.27,3.53,5.57,60.6,30.17,15.81,27.14,9.6,54.18,28.52,,19.08,92.66,13.05,2.81,,8.91,13.0,,9.6,,22.84,,2.98,28.51,117.43,97.46,8.22,,37.09
2018-01-05,6.84,,15.0,40.98,56.25,27.56,135.54,11.68,7.06,80.74,6.8,8.38,15.96,58.5,21.68,,7.45,9.12,13.36,34.45,12.18,3.8,5.71,66.84,31.11,17.08,28.76,9.81,57.41,28.12,,20.0,97.84,13.72,2.99,,9.26,13.7,,10.13,,23.3,,2.99,29.76,120.67,102.49,9.04,,37.41
2018-01-12,7.02,,14.86,39.59,57.41,27.86,130.24,11.72,7.36,76.97,6.64,9.52,15.75,57.31,23.32,,8.68,9.87,14.22,33.83,11.97,4.78,5.95,75.34,30.01,17.66,32.3,10.41,63.57,28.65,,19.68,95.18,14.8,3.5,,9.6,15.5,,10.53,,24.53,,3.45,31.37,125.94,100.53,9.49,,43.59
2018-01-19,6.95,,14.84,39.93,60.15,27.2,123.76,11.68,6.93,73.34,7.02,9.68,15.44,56.97,22.55,,8.5,10.61,13.33,34.6,12.22,4.66,6.24,74.53,29.85,17.47,33.67,10.03,64.16,30.83,,19.21,95.1,14.89,3.59,,9.72,15.1,,9.48,,24.78,,3.99,31.23,132.98,98.85,9.67,,46.52
2018-01-26,7.37,,17.73,42.51,65.96,27.56,117.27,12.55,7.0,71.78,7.54,10.04,16.22,67.74,22.63,,9.13,11.75,13.13,34.21,15.04,5.39,6.62,78.83,29.85,15.76,36.01,10.27,68.85,30.6,,19.49,95.18,14.48,3.98,,10.94,15.6,,10.11,,29.35,,3.86,31.59,173.13,99.19,10.57,,45.17
2018-02-02,7.19,,18.17,40.88,66.2,27.2,114.33,12.64,7.05,69.29,7.31,10.04,16.12,69.68,22.04,,8.79,11.56,13.41,34.21,14.4,5.26,6.77,74.53,29.85,16.35,34.14,10.39,63.79,31.27,,19.77,90.38,12.82,4.01,,10.67,15.8,,9.71,,28.54,,3.9,31.78,154.95,96.51,10.53,,43.51
2018-02-09,6.41,,16.37,37.78,57.66,24.19,101.36,10.58,6.84,67.52,6.41,8.9,13.74,55.2,19.48,,8.37,10.76,11.6,30.79,12.51,4.47,6.02,65.62,26.5,15.17,33.92,9.26,53.52,29.38,,16.48,83.0,10.44,3.56,,9.17,14.4,,9.01,,24.74,,3.87,27.92,143.6,91.0,9.87,,36.3
2018-02-16,7.46,,19.86,43.47,62.14,25.66,112.5,12.37,6.84,70.15,6.76,9.75,15.23,60.04,20.5,,8.97,11.18,12.17,32.66,12.96,5.24,6.88,68.86,26.27,15.56,33.5,9.87,57.92,33.54,,18.1,86.32,11.33,4.3,,10.36,16.0,,10.23,,27.19,,3.96,31.23,159.82,91.96,11.46,,37.96
2018-02-23,7.76,22.24,20.18,42.7,67.2,26.9,106.08,13.46,7.16,74.06,7.32,10.27,15.31,62.15,21.27,,8.6,11.18,12.94,32.39,13.17,5.28,6.97,72.1,27.54,16.25,34.26,9.81,57.48,34.63,,18.33,89.64,11.77,4.14,,10.64,16.3,,10.48,,28.33,,3.98,33.43,158.2,97.22,11.56,,39.63
2018-03-02,8.07,19.42,20.18,43.04,66.37,25.29,103.13,14.61,7.05,74.62,6.77,9.94,15.83,65.01,21.84,,8.31,12.34,12.71,32.97,14.14,5.14,7.35,73.72,27.89,15.61,37.68,9.79,63.06,34.19,,17.85,84.59,11.52,4.08,,11.44,15.5,,9.41,,29.6,,4.24,33.8,161.85,93.87,11.78,,43.11
2018-03-09,7.98,18.88,20.46,41.12,69.27,25.95,107.26,14.79,7.48,68.94,7.15,9.26,16.41,65.46,22.42,,8.04,11.75,12.79,31.03,14.78,5.14,7.43,76.96,26.73,14.78,34.09,10.67,62.62,36.73,13.5,18.21,81.9,11.33,3.95,,11.92,15.5,,10.23,,29.81,,5.13,37.91,169.96,100.1,13.29,,44.54
2018-03-16,8.74,18.79,23.07,36.72,69.69,24.78,97.24,16.95,7.8,73.13,7.06,9.81,15.86,69.0,19.89,,8.54,11.43,12.43,31.88,14.82,5.48,7.94,76.32,26.73,15.3,33.58,10.76,59.54,36.2,13.18,19.8,80.79,12.09,4.3,,12.11,16.4,,10.2,,31.51,,5.69,36.52,166.96,101.06,12.87,,42.0
2018-03-23,9.07,20.05,23.73,34.91,73.84,22.65,95.59,15.89,7.16,74.62,6.86,9.42,15.44,73.84,18.82,9.16,8.02,11.47,12.09,30.33,14.59,5.45,7.72,80.61,26.5,15.08,34.99,10.53,62.32,37.99,12.63,17.97,84.88,10.95,4.27,,11.99,15.5,,9.43,,28.97,,5.24,38.79,164.69,98.71,12.73,,39.79
2018-03-30,8.88,21.67,23.89,32.76,77.16,22.47,87.81,16.03,7.14,76.68,6.7,9.1,15.6,72.42,19.48,10.72,8.79,11.6,11.96,29.9,15.07,5.24,7.79,88.31,26.04,15.03,37.19,10.89,60.78,41.55,12.87,18.21,88.2,10.79,4.18,,12.0,15.3,,9.78,,30.02,,5.48,42.28,180.1,99.14,13.13,,40.26
2018-04-06,9.63,23.38,24.11,33.95,88.94,24.93,89.58,16.53,7.23,81.52,6.53,9.55,16.8,74.13,18.94,10.2,8.87,11.12,11.93,31.34,16.3,5.59,8.14,88.71,24.29,16.83,42.87,10.94,60.12,41.76,12.79,18.86,83.37,11.07,4.3,,12.88,15.75,,10.11,,31.12,,5.25,47.76,177.26,94.45,13.62,,38.83
2018-04-13,9.65,23.2,24.27,34.38,88.44,23.57,93.11,16.49,7.12,80.31,6.53,9.62,16.72,75.27,18.31,9.51,9.47,11.75,11.14,31.42,17.34,5.86,7.75,82.63,24.2,15.61,40.81,10.92,58.66,39.66,12.32,18.79,84.52,11.14,4.4,,13.03,15.75,,10.88,,30.15,,5.44,47.02,171.18,94.35,13.45,,41.45
2018-04-20,9.27,22.92,21.0,29.84,80.31,23.17,81.44,14.75,7.39,77.81,6.07,10.33,15.96,73.1,18.06,9.16,9.36,10.8,9.92,29.24,16.72,5.45,7.17,73.32,23.05,15.71,38.59,10.82,48.98,34.63,11.45,17.92,78.28,11.42,4.08,,12.45,15.2,,11.51,7.27,25.88,,5.03,44.42,159.82,89.56,12.25,,37.09
2018-04-27,7.06,22.48,19.86,24.96,78.81,22.95,78.2,12.94,7.32,71.39,5.83,9.46,14.39,66.15,16.42,8.82,8.02,10.14,8.65,27.84,15.07,5.0,6.29,70.73,23.5,15.56,34.52,10.47,42.31,34.73,10.9,16.86,80.61,11.1,3.5,,10.52,13.35,,11.7,6.64,24.61,,4.23,45.08,154.14,87.36,10.39,,36.62
2018-05-04,8.4,23.1,18.6,25.82,74.67,23.24,76.91,13.37,7.39,69.6,5.54,9.91,15.31,55.88,16.86,8.65,8.41,10.39,7.72,27.99,14.01,4.86,6.73,74.53,23.73,15.22,29.23,10.25,48.39,35.68,10.42,17.39,80.79,11.74,3.59,,10.88,13.7,,13.45,6.75,25.46,,4.74,44.67,146.84,88.51,10.57,,36.85
2018-05-11,8.18,21.49,17.84,25.65,79.23,21.63,83.09,12.78,7.37,74.24,5.77,9.65,15.18,59.87,16.64,8.65,7.64,10.35,7.9,27.92,14.1,4.76,6.47,76.15,23.24,15.37,30.96,10.15,46.93,37.04,10.9,17.1,86.32,10.95,3.43,,10.42,12.9,,13.29,6.54,23.89,,4.41,44.12,155.78,86.21,9.99,,35.27
2018-05-18,8.28,20.05,18.0,29.39,78.81,21.99,84.57,13.51,7.34,72.46,5.87,9.68,15.86,66.15,17.62,8.65,7.81,10.08,7.77,27.92,14.65,4.79,6.62,71.29,23.96,15.57,29.29,9.99,49.27,38.13,11.45,17.34,90.57,11.01,3.3,,10.42,12.85,,13.68,6.51,24.06,64.42,4.29,44.82,152.44,79.5,9.37,,37.17
2018-05-25,7.91,22.92,16.28,29.78,73.01,21.33,76.32,12.6,7.25,72.1,5.28,9.65,15.76,62.72,16.54,8.3,6.78,9.93,6.42,26.36,13.66,4.17,6.45,68.05,26.43,14.17,28.17,9.67,46.19,37.4,11.05,16.04,87.36,10.5,2.91,,9.34,12.0,,12.89,6.49,22.58,66.93,3.9,38.24,139.8,79.98,8.86,,34.71
2018-06-01,7.72,21.13,15.82,31.63,71.76,20.67,84.51,12.27,7.16,73.53,5.16,9.52,14.21,52.46,16.1,7.61,7.55,10.71,6.45,25.86,13.68,4.21,6.38,66.43,24.66,14.76,28.45,9.7,46.12,34.67,10.97,15.92,89.64,9.26,3.01,,9.81,11.7,,13.03,6.34,22.88,67.1,3.71,42.4,123.09,79.5,8.96,,34.63
2018-06-08,8.18,20.68,17.02,31.38,78.23,21.26,92.52,12.82,7.37,78.52,5.8,9.75,14.8,56.74,18.09,7.35,8.5,11.75,7.3,27.06,13.89,4.38,6.71,70.73,26.99,15.21,30.35,10.31,48.98,38.24,11.05,16.57,90.38,10.12,3.04,,10.18,13.0,15.9,12.94,6.4,24.65,69.96,4.1,45.26,146.0,84.34,9.87,,35.58
2018-06-15,7.88,18.88,15.27,30.78,72.18,20.23,94.29,12.14,7.34,74.24,5.66,9.55,14.3,53.6,17.87,7.0,7.49,11.27,7.96,26.44,13.41,4.17,6.24,67.97,28.62,15.31,29.23,10.04,48.69,37.51,10.74,15.94,85.96,9.39,2.91,,9.96,12.4,16.61,11.21,6.24,24.32,68.62,3.89,46.29,142.58,86.03,10.07,,34.87
2018-06-22,7.35,17.98,14.21,28.99,65.62,19.57,90.17,11.45,7.32,71.39,5.39,9.23,13.69,49.67,16.42,6.66,7.23,10.34,7.48,25.89,12.94,3.97,5.94,65.62,26.52,15.31,27.84,9.97,45.83,31.84,10.26,15.12,83.37,9.39,2.75,,9.29,11.6,14.97,9.97,6.05,23.72,67.04,3.6,45.88,141.84,81.16,10.0,,30.12
2018-06-29,6.99,19.42,14.18,29.64,65.96,18.03,89.99,11.27,7.28,73.17,5.48,9.36,13.13,50.91,16.1,7.87,6.99,10.29,7.42,25.43,12.88,3.86,5.85,62.54,26.75,15.15,28.23,9.86,45.41,28.06,10.34,15.12,80.94,9.93,2.69,,8.77,11.6,14.33,9.95,6.09,24.49,65.88,3.55,46.71,136.87,81.89,9.61,,30.51
2018-07-06,5.6,12.59,11.67,29.64,58.32,18.69,77.38,9.39,6.93,75.1,5.34,9.1,12.05,42.57,14.87,7.18,6.5,9.56,6.03,25.35,12.18,3.41,5.04,58.17,23.73,15.36,27.76,7.81,40.79,25.38,9.47,14.6,81.16,9.23,2.07,,8.23,9.8,13.23,9.95,5.61,21.61,65.0,3.14,46.26,127.09,79.0,8.21,,28.85
2018-07-13,6.39,13.04,12.82,25.9,60.4,20.67,82.21,10.26,7.05,71.53,5.39,9.1,12.2,46.07,15.0,7.18,6.54,9.07,6.01,25.27,12.01,3.52,5.44,59.95,24.29,15.52,28.29,8.12,41.56,26.16,8.53,14.28,80.42,9.61,2.43,,8.22,10.35,12.47,9.8,6.02,22.54,62.56,3.24,46.31,128.07,81.07,8.7,,28.93
2018-07-20,6.83,14.38,13.86,27.34,63.47,20.75,88.69,10.99,7.14,72.81,5.65,9.1,13.07,48.98,15.79,6.83,6.93,9.76,7.06,26.01,12.49,3.72,5.88,64.49,26.52,15.32,31.07,8.36,43.56,29.0,10.26,15.8,79.32,9.61,2.62,,8.75,10.95,12.99,10.61,5.98,23.89,62.38,3.6,46.0,137.36,82.27,9.58,,33.29
2018-07-27,6.76,15.64,13.15,27.69,62.22,18.33,86.34,10.67,7.71,70.82,5.79,9.16,13.25,49.28,15.15,7.09,6.65,9.75,6.51,26.75,12.42,3.41,5.95,65.46,25.59,15.17,33.46,8.09,43.1,28.69,10.03,16.33,74.92,10.44,2.59,,8.55,11.3,12.19,12.14,5.87,23.98,61.8,3.52,47.55,134.91,82.37,8.54,,32.18
2018-08-03,6.91,15.01,14.51,28.14,64.63,18.55,94.29,10.6,8.3,71.89,5.87,9.03,13.28,53.36,16.29,7.0,6.98,9.95,6.66,26.13,12.38,3.24,6.09,68.94,26.52,15.52,34.19,8.15,47.72,30.58,10.26,16.86,75.07,10.37,2.56,,9.1,11.25,13.51,13.14,5.32,25.16,63.66,3.56,47.64,143.71,79.33,8.8,,32.18
2018-08-10,7.1,13.84,15.6,27.05,68.91,18.91,93.0,10.95,8.98,72.83,5.84,9.1,13.22,57.27,16.61,6.92,7.21,9.67,6.24,27.3,12.26,3.28,6.07,71.86,26.61,15.52,35.08,8.15,48.41,30.53,10.97,16.18,76.73,10.18,2.62,,9.07,11.25,12.94,13.84,5.64,25.8,63.55,3.65,46.22,146.84,75.63,8.76,,32.38
2018-08-17,7.1,14.12,16.69,26.45,68.58,19.28,93.38,12.23,8.64,73.55,5.84,9.1,13.66,56.57,16.13,6.83,7.27,10.05,6.57,27.66,12.13,3.21,6.28,73.56,27.8,15.29,36.3,8.14,49.95,32.35,10.42,16.86,78.21,11.58,2.72,,9.29,11.55,12.52,13.4,5.83,25.84,66.46,3.74,45.37,146.45,76.59,8.7,,31.7
2018-08-24,7.37,14.56,17.78,26.65,75.64,19.06,94.35,11.93,8.64,69.01,5.73,9.16,14.04,58.2,16.61,6.92,7.11,10.08,6.33,24.56,12.13,3.28,6.17,73.89,28.24,15.15,35.58,8.6,50.41,32.83,10.5,17.48,77.84,12.06,2.72,,9.36,11.35,12.64,14.3,5.88,26.47,65.41,3.77,46.48,147.82,78.66,8.23,,32.38
2018-08-31,7.66,13.48,18.98,27.0,76.98,19.72,101.71,12.62,9.46,67.64,5.52,9.1,13.96,62.46,16.83,7.18,7.56,10.56,6.63,24.48,12.77,3.24,6.35,77.45,28.78,15.43,36.19,8.25,53.1,33.75,11.29,17.48,83.37,12.12,2.78,,9.76,11.55,12.42,13.82,5.99,26.98,62.61,3.67,45.91,153.59,75.63,8.31,,31.62
2018-09-07,7.26,13.48,17.73,27.59,72.27,18.84,99.83,11.82,9.32,66.12,5.52,9.0,13.44,59.01,17.17,6.92,7.23,10.24,6.3,24.56,12.71,3.1,5.9,76.4,27.01,15.06,36.03,8.02,51.49,30.6,10.82,16.57,81.16,12.47,2.65,,9.47,11.3,11.81,12.8,5.71,25.42,60.63,3.43,42.71,145.72,71.44,7.98,,28.97
2018-09-14,7.41,13.48,19.26,27.84,83.2,18.69,99.22,12.32,9.32,67.28,5.66,9.0,13.78,63.71,17.05,6.83,7.64,10.56,6.88,25.09,13.97,3.14,5.99,74.86,28.38,16.21,38.14,8.3,53.41,32.35,11.53,17.1,81.9,12.92,2.75,,9.75,12.1,11.9,12.24,5.81,26.73,61.68,3.63,44.57,147.11,77.35,7.98,,29.88
2018-09-21,7.52,13.48,19.47,29.78,82.36,18.91,99.83,12.64,9.68,69.95,5.86,9.29,14.56,68.77,18.32,6.92,7.7,10.87,7.54,24.85,14.9,3.31,5.96,74.94,28.36,16.04,36.03,8.22,55.11,31.68,13.03,17.44,80.61,13.3,2.82,,10.12,12.65,13.23,11.87,5.82,27.49,60.98,3.65,43.77,148.69,79.64,8.47,,29.88
2018-09-28,7.55,17.89,19.04,31.88,83.2,19.5,102.57,12.69,9.78,72.83,6.19,9.13,14.7,70.2,18.38,7.18,7.64,11.03,7.63,23.34,14.99,3.55,6.04,75.67,29.9,16.04,37.03,8.52,55.41,32.76,12.79,17.92,81.53,13.56,2.91,,10.33,12.7,13.94,11.75,5.76,26.94,61.51,3.82,43.82,151.27,81.1,8.72,,32.49
2018-10-05,7.55,19.33,19.86,33.67,80.68,19.46,100.31,12.69,10.75,67.78,6.15,9.52,14.53,72.52,18.78,9.08,7.67,10.98,7.6,22.72,15.27,3.62,6.3,75.99,30.01,15.88,35.64,8.7,54.64,34.42,13.03,17.77,82.27,13.05,2.95,,10.43,13.8,14.22,11.31,6.0,26.77,60.63,3.89,44.4,142.25,79.64,8.6,,32.81
2018-10-12,6.79,17.53,18.0,27.69,71.18,18.69,94.96,11.08,10.73,62.88,5.66,8.77,13.44,66.98,16.98,7.61,7.09,10.45,6.85,20.81,14.02,3.14,5.51,61.08,28.87,15.19,35.52,8.19,47.72,31.77,11.13,16.38,81.9,12.44,2.56,,9.51,12.4,13.16,10.22,5.51,24.41,55.74,3.53,41.33,139.57,74.37,7.64,,29.48
2018-10-19,6.86,17.62,18.55,30.53,76.31,18.4,94.35,11.22,11.37,64.54,5.81,8.97,13.59,65.44,17.82,7.87,7.23,10.8,6.88,20.89,14.41,3.28,5.46,64.08,29.2,15.34,40.37,8.48,47.79,32.51,11.37,16.21,81.71,12.76,2.62,,9.45,13.3,13.42,10.41,5.41,24.41,54.35,3.64,42.88,134.32,73.26,7.66,,29.13
2018-10-26,6.46,17.35,17.46,27.74,78.07,17.45,88.87,10.72,9.91,62.01,5.74,8.94,13.12,61.87,17.05,7.35,6.82,10.42,6.0,21.13,13.4,3.14,5.57,62.38,26.75,14.61,41.2,8.67,45.33,30.88,10.82,15.66,82.97,13.11,2.27,,8.96,12.75,12.71,9.97,5.46,23.94,49.91,3.49,42.75,126.39,71.38,7.04,,28.77
2018-11-02,6.55,17.53,16.91,27.59,83.12,17.15,88.93,10.53,11.25,60.43,5.97,8.84,13.39,60.26,18.55,8.04,6.53,10.61,5.1,21.09,13.89,3.17,5.7,67.0,26.27,15.16,39.53,8.52,45.02,30.6,10.74,14.93,81.71,13.08,2.46,,8.93,12.35,12.57,9.71,5.72,23.56,51.0,3.56,42.48,132.83,66.93,6.83,,28.46
2018-11-09,6.53,17.89,17.57,28.39,79.0,18.18,91.37,10.49,10.68,61.29,5.97,8.77,13.22,59.25,18.85,8.47,6.54,10.24,5.24,20.6,13.56,3.17,5.63,68.05,25.59,15.19,38.42,8.56,45.79,30.6,11.29,15.17,83.94,13.97,2.46,,9.01,12.55,12.68,10.05,5.61,23.64,54.28,3.76,42.22,132.44,69.1,6.73,,30.11
2018-11-16,6.1,17.08,17.18,27.64,79.84,18.33,89.48,9.89,10.66,59.35,6.13,8.77,13.44,55.03,19.19,8.04,5.6,9.42,4.4,20.81,13.12,3.1,5.44,65.54,25.13,15.58,40.15,8.46,43.1,29.64,10.66,14.93,90.99,13.36,2.33,,8.79,12.1,12.05,9.8,5.67,23.13,54.28,3.66,40.75,127.28,68.51,6.22,,29.48
2018-11-23,6.55,17.53,17.35,27.89,80.59,19.28,93.19,10.46,10.57,61.44,6.36,8.71,13.63,55.32,19.29,8.21,6.1,9.5,4.49,20.52,12.96,3.31,5.57,66.43,26.61,15.37,37.7,8.52,44.64,30.75,11.68,15.66,89.51,13.68,2.43,,9.05,12.3,12.52,10.41,6.23,23.43,56.1,3.68,43.91,127.38,70.21,7.23,,30.55
2018-11-30,6.1,19.78,16.69,27.49,79.84,19.1,95.57,10.42,11.6,58.7,6.82,8.81,13.56,53.66,18.72,8.13,5.99,9.02,3.99,19.83,13.14,3.24,5.46,65.62,26.24,15.37,38.53,8.51,44.18,29.1,11.6,15.44,93.44,13.75,2.36,,8.93,12.15,12.4,9.9,5.69,23.52,57.34,3.65,44.88,130.36,73.78,6.74,,30.3
2018-12-07,6.86,19.78,18.44,29.1,84.46,19.35,95.57,11.02,10.91,60.57,7.03,9.33,14.1,56.51,19.19,8.04,6.06,9.26,4.52,20.03,13.34,3.45,5.92,68.05,27.27,15.31,37.97,8.81,46.56,30.44,12.16,16.06,92.13,12.73,2.46,,9.32,12.65,13.32,10.1,6.24,24.59,59.31,3.72,45.37,131.05,77.35,7.3,,31.86
2018-12-14,6.81,20.68,18.66,29.25,84.12,19.43,97.39,10.53,11.07,59.71,6.73,8.84,14.1,57.88,19.42,7.87,6.04,9.0,4.44,20.2,13.51,3.35,5.8,70.81,27.55,15.88,37.58,8.86,46.95,31.58,12.16,15.92,93.74,13.52,2.46,,9.29,12.9,13.46,9.63,6.07,24.63,58.5,3.74,45.42,128.17,79.05,7.31,,31.76
2018-12-21,6.55,20.77,18.44,27.87,79.42,18.91,95.69,9.21,10.8,56.32,6.94,9.1,13.25,54.73,18.18,7.87,5.72,7.77,4.22,19.79,13.78,3.28,5.47,65.46,26.37,15.4,35.64,8.46,42.95,29.8,11.84,15.32,91.75,12.63,2.46,,8.85,12.15,12.75,9.66,5.73,23.34,55.95,3.57,44.66,123.12,72.96,6.55,,29.24
2018-12-28,6.55,21.13,18.44,27.11,77.74,19.06,97.51,8.93,10.23,55.09,7.27,9.26,13.29,51.46,17.65,8.82,5.84,8.17,3.95,19.75,14.15,3.27,5.23,64.33,26.8,15.66,35.64,8.19,43.25,30.44,11.84,14.93,93.93,13.6,2.33,,8.53,12.0,12.42,8.64,5.67,23.04,53.77,3.44,45.91,117.96,73.2,6.52,,28.36
2019-01-04,6.21,20.23,17.18,25.01,74.96,18.25,97.09,8.27,9.66,53.0,6.74,9.07,12.84,49.85,17.05,7.95,5.6,7.8,3.69,18.77,13.65,3.16,4.83,62.38,25.75,15.88,34.8,8.02,40.79,28.12,,14.4,92.13,12.88,2.27,,8.22,11.0,11.81,8.13,5.53,22.83,52.46,3.34,44.44,114.0,72.32,6.16,,26.71
2019-01-11,6.44,18.88,17.73,26.03,75.97,18.22,97.39,8.61,10.14,56.61,6.95,9.55,13.4,54.37,17.31,8.13,5.74,7.9,4.14,18.6,13.51,3.2,5.08,65.05,26.68,16.89,32.57,8.38,42.64,29.73,,15.17,89.88,13.21,2.27,,8.12,11.45,12.21,8.15,5.96,23.64,54.57,3.4,44.88,114.0,77.75,6.29,,28.61
2019-01-18,6.44,18.7,17.43,25.11,75.72,17.45,90.21,8.52,9.77,59.56,7.32,9.55,13.31,53.24,17.11,8.47,5.74,7.77,3.99,17.95,13.12,3.06,5.21,64.97,26.43,17.11,31.63,8.22,42.1,29.09,12.24,15.22,87.82,13.61,2.3,,7.96,11.25,12.66,8.2,5.87,23.64,58.58,3.45,45.11,114.69,78.51,6.29,,29.14
2019-01-25,6.61,19.78,17.84,24.73,75.89,17.56,80.04,9.34,9.98,60.21,7.27,10.4,13.4,53.18,17.45,8.04,5.94,7.96,3.92,16.93,13.21,3.09,5.57,63.19,25.93,17.86,31.79,8.06,40.94,29.15,12.16,15.85,86.88,13.88,2.33,,8.07,12.2,12.73,8.68,6.04,23.77,57.19,3.38,45.68,117.37,80.29,6.55,,28.31
2019-02-01,6.53,21.04,17.16,24.04,80.68,16.86,82.05,8.93,9.54,61.29,7.26,10.92,13.66,52.53,17.25,8.65,6.04,7.39,3.98,16.32,13.23,3.13,5.72,63.19,25.96,18.4,31.52,8.3,41.25,30.69,12.91,16.23,87.26,13.67,2.3,,8.18,12.3,12.52,9.15,5.93,24.41,58.29,3.34,46.13,122.43,80.17,6.58,,28.36
2019-02-08,,,,,,,,,,,,,,,,,,,,,,,,,,,,,,,,,,,,,,,,,,,,,,,,,,
2019-02-15,6.68,20.23,17.65,25.78,81.52,16.97,84.0,9.48,10.26,63.46,7.52,11.57,13.99,55.2,18.15,8.56,6.1,8.22,4.51,17.18,13.29,3.24,5.8,69.51,26.58,18.4,32.24,8.64,43.64,31.27,13.38,16.86,89.69,14.36,2.56,,8.53,12.9,12.85,9.85,6.06,25.7,59.74,3.38,50.22,122.33,82.65,6.91,,30.26
2019-02-22,6.7,21.22,18.66,25.32,80.68,16.9,82.66,9.34,9.79,69.3,7.06,10.56,14.16,57.46,18.45,8.47,5.9,8.66,4.5,17.01,13.71,3.31,5.8,72.83,27.2,18.15,32.52,8.56,44.48,31.53,12.99,16.98,92.88,13.95,2.46,,8.85,12.8,12.99,11.34,5.91,25.79,69.21,3.68,52.44,117.96,87.96,6.89,,33.32
2019-03-01,6.61,22.48,17.78,27.21,79.42,17.45,81.57,9.6,9.82,83.65,6.87,11.34,14.08,59.19,18.38,8.47,5.94,8.91,5.31,16.57,13.54,3.24,5.69,72.1,27.17,18.15,31.79,8.41,43.87,30.98,12.71,16.84,88.5,13.57,2.4,,8.82,12.5,12.57,11.82,5.89,26.13,64.48,3.53,50.66,117.96,84.95,6.74,,32.49
2019-03-08,6.75,22.66,18.79,27.11,80.26,17.3,82.48,9.76,10.28,85.95,6.74,11.05,14.13,60.74,18.55,8.73,6.03,8.89,5.43,19.42,13.6,3.34,5.78,72.18,26.99,18.24,31.74,8.62,46.49,31.82,13.26,17.15,90.97,12.88,2.56,,9.01,12.7,12.54,11.0,5.94,26.73,67.03,3.66,52.88,119.45,82.06,6.87,,33.56
2019-03-15,7.01,21.58,19.75,27.77,80.68,18.0,87.84,10.21,9.77,85.6,6.78,11.44,14.64,61.89,19.05,8.99,6.12,8.73,5.65,18.52,13.65,3.42,5.91,71.78,27.61,18.52,34.52,9.31,47.1,33.49,13.1,17.5,95.5,12.92,2.56,,9.32,13.0,12.71,11.46,6.03,28.78,68.49,3.78,53.02,117.27,80.99,7.05,,36.81
2019-03-22,6.75,22.74,19.31,25.57,80.34,18.18,86.44,10.24,9.82,87.28,6.61,11.24,14.26,60.61,18.18,10.81,6.14,8.51,5.7,18.64,13.84,3.34,6.03,68.78,27.27,17.08,31.85,8.86,46.1,32.3,12.12,16.61,91.75,12.54,2.49,,8.72,12.6,12.35,11.17,6.01,28.61,64.92,3.63,51.99,117.57,80.29,6.92,,34.29
2019-03-29,6.73,22.84,19.42,24.88,80.68,18.14,88.87,10.42,9.96,86.55,6.36,11.18,14.42,60.01,17.58,10.37,5.94,8.63,5.78,17.62,14.19,3.31,5.9,68.86,26.24,17.01,31.35,8.96,45.79,32.01,12.16,16.24,94.34,12.61,2.46,,8.63,12.2,12.07,11.0,6.04,28.7,68.49,3.66,51.5,116.38,79.81,6.71,,33.07
2019-04-05,6.7,22.48,19.26,25.06,79.0,18.03,85.46,10.12,9.65,88.02,6.21,11.15,15.11,61.46,17.65,10.55,5.76,8.59,5.65,18.32,14.04,3.27,6.03,71.13,25.62,16.89,31.46,9.18,46.79,32.75,12.16,16.16,92.54,12.58,2.46,,8.63,12.3,12.05,11.6,6.47,29.04,67.39,3.72,51.24,112.21,81.47,6.52,,34.82
2019-04-12,6.7,22.12,19.15,24.7,79.0,17.89,74.26,10.03,8.96,85.45,6.07,11.11,14.81,63.4,17.38,9.86,5.54,8.47,5.51,17.34,13.8,3.24,5.96,71.13,25.59,16.98,31.57,9.3,46.56,31.95,11.84,16.13,92.69,12.64,2.43,,8.61,12.05,11.81,10.75,6.47,29.38,68.05,3.65,51.1,112.12,80.05,6.37,,33.32
2019-04-19,6.61,21.22,18.98,23.94,76.48,17.56,73.29,9.69,8.25,81.78,5.8,11.18,15.4,64.92,17.28,9.68,5.56,8.32,4.64,16.97,13.93,3.16,5.83,69.67,25.28,16.95,31.46,9.18,46.64,31.27,11.37,15.96,91.0,12.58,2.43,,8.33,11.8,11.57,10.29,6.23,29.08,64.84,3.66,48.88,114.0,79.99,6.32,,33.17
2019-04-26,6.66,21.49,18.82,23.81,75.13,16.93,73.65,9.64,8.63,82.15,5.92,11.05,15.46,68.08,17.25,9.6,5.6,8.81,5.29,16.57,13.62,3.16,5.8,70.48,25.9,17.01,32.29,9.23,47.18,31.92,11.21,15.9,88.76,12.54,2.2,,8.09,11.85,11.36,10.34,6.01,29.04,65.72,3.63,49.77,114.5,76.63,6.21,,34.0
2019-05-03,6.61,21.13,18.82,23.88,64.46,17.04,73.04,9.57,8.51,85.82,5.98,11.21,15.78,68.14,17.38,9.51,5.56,9.02,5.54,16.57,13.58,3.13,5.91,71.86,26.68,17.14,32.57,9.33,48.1,33.1,11.57,16.24,91.27,12.58,2.43,,8.03,11.9,11.27,10.44,6.06,28.61,66.88,3.59,50.53,118.3,77.33,6.14,,35.4
2019-05-10,6.46,19.6,17.18,22.86,61.35,17.08,71.22,9.25,8.55,85.82,5.93,11.76,15.49,64.68,17.31,9.25,5.31,8.78,5.36,16.12,13.14,2.95,5.66,70.56,26.09,17.01,32.13,9.05,47.02,32.3,10.78,16.24,92.5,12.09,2.4,,7.81,12.0,10.87,10.22,6.2,28.06,62.37,3.47,50.04,115.5,75.86,5.98,,34.29
2019-05-17,6.5,19.78,17.84,23.63,65.47,16.93,72.74,9.66,8.64,84.2,5.88,11.7,15.96,67.35,17.51,9.86,5.4,8.57,5.47,15.87,13.36,2.98,5.75,69.83,26.68,17.58,32.57,9.94,49.87,33.1,12.08,16.69,95.46,12.06,2.4,,8.07,11.95,11.2,10.31,6.62,28.61,63.39,3.55,51.99,118.0,80.58,6.13,,36.0
2019-05-24,6.04,20.59,18.06,23.68,65.55,16.86,70.12,9.78,8.53,84.35,6.11,11.67,16.14,64.92,18.02,10.2,5.23,8.62,5.45,15.54,13.58,2.95,5.84,72.91,27.52,17.64,32.41,9.82,51.18,34.97,12.24,16.77,97.41,12.37,2.36,,8.18,11.9,11.12,10.34,6.67,28.83,63.17,3.51,51.33,118.8,77.33,6.06,,35.25
2019-05-31,6.44,20.68,17.27,24.19,64.12,17.01,68.18,9.5,8.39,84.72,6.07,11.7,15.82,64.62,17.78,10.63,5.4,8.49,5.44,15.58,13.6,2.88,5.69,69.35,27.64,17.01,33.69,9.76,51.65,34.13,12.4,16.72,98.64,12.23,2.33,,7.93,11.75,10.84,10.19,6.82,28.91,60.62,3.44,51.46,124.0,77.57,5.98,,35.0
2019-06-07,6.33,19.78,17.07,23.15,65.22,16.64,64.22,9.34,8.07,82.88,5.98,11.63,15.89,61.28,17.58,10.72,5.3,7.92,5.08,15.5,13.49,2.84,5.49,69.27,27.36,17.01,33.63,9.66,50.05,33.22,12.51,16.24,102.65,12.2,2.27,,7.87,11.6,10.09,10.07,6.79,28.48,58.65,3.36,51.82,121.5,75.44,5.86,,34.6
2019-06-14,6.35,23.55,17.29,23.88,66.9,16.6,62.39,9.27,7.74,77.75,5.92,11.86,15.82,61.58,17.38,11.93,5.3,7.92,5.14,15.5,13.8,2.8,5.56,68.86,28.34,17.01,32.85,9.78,49.57,32.06,12.16,16.24,99.96,11.82,2.23,,7.84,11.65,10.01,10.24,7.2,28.91,57.41,3.24,51.55,121.1,73.47,5.95,,34.6
2019-06-21,6.57,22.92,17.84,23.61,67.4,16.38,59.04,9.71,7.5,75.77,5.54,12.09,16.14,64.01,17.51,11.67,5.33,8.23,5.12,15.42,14.26,2.84,5.75,66.84,28.65,16.7,31.74,10.12,50.45,31.85,12.16,16.36,104.11,11.75,2.3,,7.93,11.45,9.83,9.78,6.69,30.41,57.19,3.3,50.88,123.2,74.96,6.29,,34.3
2019-06-28,6.35,22.57,17.46,23.24,67.48,16.42,62.21,9.48,7.61,80.17,5.1,11.93,16.1,61.89,17.65,10.89,5.26,7.77,4.9,15.83,14.15,2.77,5.58,67.24,28.78,16.95,33.19,10.2,49.89,30.9,11.41,16.06,102.24,11.54,2.2,,7.84,11.35,9.61,10.22,6.51,29.81,55.81,3.22,51.1,124.2,73.47,6.09,,33.75
2019-07-05,6.5,23.21,17.81,24.05,69.75,16.27,65.13,9.69,8.44,79.15,5.31,12.12,16.6,62.98,18.12,11.24,5.25,7.68,4.98,15.5,13.71,2.84,5.72,68.78,30.04,17.23,33.3,10.36,51.73,32.15,11.72,16.92,104.49,11.68,2.2,,8.06,11.45,10.13,10.56,6.61,31.05,61.35,3.4,51.55,129.5,75.38,6.34,,34.8
2019-07-12,6.73,22.94,18.27,24.8,71.35,16.42,66.9,9.89,8.42,78.78,5.27,12.06,16.71,65.04,18.05,11.84,5.17,7.48,4.8,15.34,13.22,2.88,5.79,66.84,30.92,16.95,34.24,10.61,51.89,31.33,11.76,17.17,107.11,11.96,2.23,,7.98,11.5,9.97,11.03,6.52,31.7,60.54,3.36,51.95,131.4,74.78,6.42,,36.55
2019-07-19,7.1,24.87,19.09,26.75,72.19,15.87,67.87,10.05,8.01,73.7,5.19,11.57,16.65,65.22,18.05,11.84,5.22,7.24,5.08,15.5,12.87,2.84,6.04,61.57,32.97,16.73,32.29,10.3,51.41,31.5,11.37,17.05,106.73,11.71,2.2,,8.11,11.55,10.06,11.01,6.67,32.51,60.47,3.67,51.1,130.1,74.66,6.29,,36.7
2019-07-26,6.87,26.71,19.09,26.75,71.1,16.13,68.78,9.78,8.53,75.24,5.07,11.37,17.2,65.53,17.78,12.79,5.17,7.79,4.98,15.5,12.58,2.98,6.04,65.46,34.08,15.94,32.57,10.48,52.61,33.83,11.29,16.87,106.55,11.47,2.23,,7.7,11.2,9.85,11.01,6.51,33.28,63.75,3.77,54.53,132.5,74.84,6.11,,37.5
2019-08-02,6.5,26.25,19.09,26.32,70.76,15.84,67.57,9.25,8.44,71.04,4.86,11.5,17.05,64.31,17.05,12.79,5.13,7.65,4.84,15.1,13.28,2.88,5.84,64.0,33.92,15.94,32.96,10.81,51.33,33.61,11.01,16.64,104.19,11.75,2.14,,7.27,10.4,9.64,11.34,6.37,34.14,64.55,3.71,54.22,132.0,73.77,6.06,,36.4
2019-08-09,6.18,30.12,19.09,28.48,66.9,15.91,65.13,9.37,8.5,71.49,4.73,11.47,17.84,61.4,18.85,14.65,4.95,8.06,4.53,14.52,13.62,2.84,5.85,60.68,35.78,15.28,32.68,10.61,49.81,36.74,10.7,17.25,103.62,11.4,2.07,,6.84,10.45,9.54,11.16,6.4,33.71,62.67,3.93,54.22,131.2,72.21,6.06,,34.7
2019-08-16,6.32,29.02,19.09,27.29,65.55,15.4,62.09,9.41,7.61,70.38,4.71,11.5,19.16,61.16,18.68,13.78,5.21,8.01,4.48,14.93,13.62,2.77,6.02,60.92,38.12,15.5,34.52,10.34,49.25,37.86,10.1,18.75,105.24,11.15,2.04,,6.9,10.3,9.92,11.34,6.35,33.32,61.64,4.16,53.15,130.0,72.27,6.29,,35.4
2019-08-23,6.55,29.48,20.62,27.34,66.22,14.96,60.87,9.44,7.66,69.64,4.64,11.44,19.2,63.71,18.82,14.39,5.23,8.01,4.77,15.1,14.0,2.77,6.12,63.43,37.08,15.88,34.63,10.46,50.37,36.13,10.5,18.67,103.55,11.36,1.98,,7.08,10.4,10.2,11.29,6.31,34.27,64.89,4.16,56.04,132.3,74.13,6.48,,35.75
2019-08-30,6.44,32.15,20.84,25.94,64.71,15.76,59.04,9.25,7.58,67.87,4.57,10.82,19.16,62.38,18.88,13.6,5.18,7.63,4.47,18.93,13.91,2.77,6.3,60.76,36.29,15.94,34.47,10.42,49.01,35.56,10.22,18.44,102.05,11.19,2.04,,6.73,10.35,10.11,11.16,6.57,32.94,64.0,4.09,54.88,132.4,71.68,6.61,,34.7
2019-09-06,6.35,29.48,21.0,26.61,63.87,14.77,56.61,9.14,7.52,68.91,4.59,10.79,19.12,63.0,18.82,12.64,5.05,7.51,4.45,17.22,13.8,2.73,6.1,60.36,36.67,15.94,34.24,10.5,49.01,35.39,10.22,18.04,99.66,11.82,2.04,,6.67,10.2,10.56,11.16,6.35,33.41,65.62,4.13,54.22,130.4,72.87,6.65,,34.1
2019-09-13,6.44,28.74,21.19,27.29,62.69,15.03,57.28,9.23,6.98,66.33,4.42,10.92,20.43,61.45,18.12,12.02,5.08,7.75,4.37,15.91,13.83,2.66,6.23,61.73,37.08,15.78,34.24,10.58,48.85,34.91,9.87,18.87,98.38,12.03,2.01,,6.6,10.15,10.35,11.56,6.27,34.18,64.44,3.99,54.26,137.0,72.99,6.68,,34.1
2019-09-20,6.79,28.1,22.26,28.69,61.6,15.1,59.65,9.73,7.58,67.43,4.47,10.79,20.86,64.43,18.18,12.11,5.22,7.91,4.31,16.73,14.67,2.77,6.4,64.89,39.73,15.41,35.36,10.48,48.93,35.87,10.07,18.85,99.92,12.56,2.14,,6.89,10.6,10.87,12.32,6.44,34.91,66.66,4.04,53.95,139.0,75.12,6.99,,34.2
2019-09-27,7.22,29.02,21.98,28.1,60.93,15.21,61.14,9.69,7.17,67.8,4.63,10.63,20.82,64.8,18.65,12.02,5.25,7.67,4.29,17.18,15.01,2.73,6.58,64.0,39.92,15.15,34.8,10.38,48.37,35.0,9.87,20.14,100.94,12.66,2.14,,7.19,10.7,10.91,12.24,6.38,34.82,65.4,4.23,52.88,136.1,78.94,7.1,,32.8
2019-10-04,6.81,28.74,22.53,28.1,62.86,16.93,59.13,9.64,7.25,67.51,4.56,11.15,20.79,63.31,18.52,12.11,5.51,7.44,4.74,17.14,14.67,2.62,6.69,63.19,39.7,15.12,35.08,10.38,47.65,35.04,9.99,19.68,98.72,12.49,2.14,,7.53,10.5,11.27,12.01,6.35,35.12,65.99,4.34,52.44,137.4,78.4,7.41,,32.1
2019-10-11,6.93,27.82,22.37,29.61,60.09,17.67,56.5,9.69,7.09,67.06,4.91,11.02,20.5,62.81,17.88,12.28,5.49,7.44,4.91,17.26,14.61,2.62,6.63,62.62,39.03,15.0,34.13,10.34,45.65,34.31,10.22,19.23,96.04,12.66,2.14,,7.05,10.8,11.15,12.07,6.35,36.19,65.33,4.23,52.22,137.5,77.12,7.28,,32.5
2019-10-18,7.07,27.54,22.26,29.07,59.92,17.96,54.99,10.03,7.06,67.73,5.03,10.72,20.54,63.19,17.71,12.02,5.54,7.42,4.71,18.48,14.49,2.8,6.76,62.38,38.91,14.68,33.63,10.34,46.45,36.21,10.46,18.52,96.23,13.16,2.17,,7.03,10.95,11.53,12.39,6.42,36.62,63.78,4.2,51.99,138.5,79.85,7.33,,31.85
2019-10-25,6.81,27.82,21.82,28.59,59.42,18.03,52.29,9.85,6.98,68.91,4.86,10.63,21.08,63.93,18.32,12.9,5.77,7.58,4.79,18.11,15.36,2.7,6.68,61.25,40.33,14.68,33.91,10.34,46.29,36.34,10.42,18.62,95.67,13.16,2.1,,7.03,10.95,11.29,11.51,6.38,37.22,63.41,4.16,51.99,144.0,80.52,7.14,,32.8
2019-11-01,6.84,27.64,22.09,28.8,60.59,17.52,49.53,10.03,6.98,67.87,4.64,10.63,20.97,63.56,17.78,12.28,5.81,7.55,4.74,17.71,15.16,2.73,6.69,60.36,39.32,14.52,33.13,10.34,47.25,36.13,10.38,19.02,97.93,13.19,2.14,,7.03,10.8,11.2,11.49,6.37,37.56,65.92,4.09,53.33,145.1,79.06,6.99,,33.2
2019-11-08,7.19,26.71,23.58,28.96,62.53,17.59,47.52,10.26,7.36,69.28,4.73,11.57,21.62,66.41,18.05,12.11,5.8,7.82,4.94,17.83,15.88,2.77,6.85,62.54,39.57,14.49,32.35,10.34,47.09,36.99,10.82,19.58,98.68,13.37,2.2,,7.35,10.9,11.72,11.94,6.37,39.11,73.37,4.2,54.04,143.2,78.4,7.17,,35.5
2019-11-15,7.04,25.98,24.06,27.88,62.2,17.3,43.31,9.89,7.31,71.34,4.81,12.09,21.08,66.1,17.7,12.2,5.74,7.8,5.19,17.34,15.36,2.91,6.68,60.92,36.92,14.74,32.68,10.38,48.13,36.78,10.62,18.7,94.92,13.23,2.14,,7.06,10.8,11.67,12.89,6.37,38.55,71.67,4.13,52.97,143.5,76.51,6.86,,35.2
2019-11-22,6.93,26.16,23.42,28.8,60.49,18.18,43.06,9.8,7.28,69.28,4.46,11.31,20.35,65.3,17.35,12.37,5.64,7.65,5.45,17.05,15.19,2.77,6.58,58.82,36.29,14.43,31.85,10.3,47.65,36.08,10.78,19.02,92.28,13.12,2.1,,6.8,10.3,10.89,13.13,6.18,36.62,68.94,4.09,51.64,143.0,73.78,6.58,,34.8
2019-11-29,6.61,25.61,22.85,27.88,59.72,16.86,40.17,9.39,7.31,69.28,4.39,11.21,20.24,62.94,16.89,12.02,5.17,7.79,5.08,17.08,15.36,2.73,6.44,56.31,34.39,14.33,31.68,10.34,46.61,35.17,10.18,18.21,86.63,13.16,2.01,,6.55,10.15,10.87,14.48,6.18,36.66,67.54,4.02,51.42,144.6,74.08,6.5,,33.6
2019-12-06,6.64,25.88,22.4,27.56,56.4,16.53,39.99,9.18,7.36,69.05,4.35,10.76,19.88,60.83,16.32,10.88,5.51,7.96,5.3,16.53,15.65,2.7,6.34,49.82,34.9,14.18,31.18,11.01,45.57,35.56,9.95,18.29,87.31,13.09,1.98,,6.49,10.0,10.98,14.3,6.16,36.32,67.84,3.92,51.55,145.3,71.59,6.3,,34.5
2019-12-13,6.64,25.79,23.13,27.11,57.94,16.75,39.55,9.27,7.58,70.23,4.52,10.89,20.68,61.45,16.42,10.97,5.54,8.34,5.64,16.48,15.65,2.66,6.37,47.8,35.81,14.18,30.9,11.09,44.28,36.43,9.83,18.72,88.85,13.02,1.94,,6.44,10.15,10.96,15.5,5.93,37.74,67.25,3.95,51.46,145.2,72.45,6.43,,35.0
2019-12-20,6.53,26.62,23.7,26.55,60.92,16.49,38.17,9.23,7.53,69.13,4.39,10.76,20.24,60.27,16.85,10.35,5.19,7.91,5.41,15.84,15.28,2.59,6.02,45.04,34.96,14.05,30.68,10.56,44.36,35.52,9.87,18.26,88.1,12.7,2.01,,6.01,9.98,10.58,14.33,5.93,37.69,61.94,3.99,51.46,142.6,72.87,6.26,,32.7
2019-12-27,6.53,27.45,24.94,26.38,57.85,16.13,34.65,9.46,7.02,67.8,4.52,11.11,20.75,60.02,16.64,9.3,5.25,7.92,5.27,16.48,15.57,2.66,6.07,45.77,35.66,13.67,31.29,10.56,44.68,37.12,9.67,18.11,87.91,13.05,1.98,,5.99,10.1,10.89,15.86,6.03,38.25,62.08,4.09,51.28,143.5,71.66,6.42,,33.0
2020-01-03,6.64,26.99,26.72,25.4,59.13,16.57,33.65,9.96,6.94,67.8,4.39,11.44,21.29,58.72,16.42,9.92,5.5,8.34,5.44,16.83,15.36,2.73,6.24,46.34,36.92,13.64,31.9,10.79,45.32,38.12,9.4,18.75,84.37,13.09,2.17,,6.11,10.25,11.29,17.04,6.04,39.54,62.6,4.11,51.1,148.0,72.39,6.71,,34.3
2020-01-10,6.5,25.7,28.01,25.59,56.23,16.79,31.45,10.3,6.77,64.85,4.32,11.37,20.79,59.28,15.4,9.65,5.46,8.3,5.41,16.31,14.81,2.66,6.15,46.18,36.16,13.12,30.85,10.77,45.0,37.52,8.64,18.11,85.5,13.16,2.14,,5.94,10.15,10.87,17.58,5.98,38.33,61.42,3.99,51.1,146.2,72.64,6.76,,34.0
2020-01-17,6.93,26.53,30.52,25.65,56.32,18.62,30.7,11.54,6.88,64.41,4.25,11.37,20.97,57.91,15.01,9.83,5.68,8.72,5.65,16.48,14.96,2.73,6.42,45.45,36.41,12.32,30.9,10.6,44.84,39.03,8.72,18.39,87.87,13.02,2.43,,6.34,10.45,11.05,19.96,6.28,38.68,63.56,4.09,51.06,146.0,72.39,7.15,,33.15
2020-01-24,7.1,26.71,30.47,25.31,55.64,18.99,32.64,11.59,7.0,64.85,4.32,11.37,19.88,58.9,15.15,10.35,5.73,8.91,5.67,16.4,14.96,2.88,6.56,43.91,37.74,12.42,31.07,10.77,45.57,39.47,8.68,19.02,87.76,12.98,2.4,,6.36,10.9,11.46,20.47,6.01,40.62,64.44,4.16,51.06,147.0,74.11,7.66,,32.5
2020-01-31,6.79,26.81,29.51,24.47,53.76,18.33,33.27,11.27,7.17,73.33,4.23,11.67,19.52,56.54,14.23,10.0,5.52,8.61,5.75,15.84,14.78,2.73,6.12,40.51,35.66,13.12,30.57,10.77,44.6,37.73,8.76,18.01,79.85,13.12,2.43,,5.98,10.3,10.7,20.8,5.98,38.03,64.52,4.04,51.06,139.7,71.29,7.33,,30.95
2020-02-07,6.93,24.78,29.73,23.62,50.78,17.59,33.52,12.6,6.8,70.68,3.98,11.5,19.16,53.32,13.88,9.65,5.92,8.68,5.48,15.67,14.43,2.8,6.33,40.35,34.49,13.25,29.79,10.83,41.88,36.43,7.93,17.25,72.32,12.56,2.99,,5.84,11.0,10.56,21.75,5.97,38.81,64.08,4.11,50.66,127.6,65.96,8.18,,31.05
2020-02-14,7.36,24.13,28.27,23.12,48.99,17.3,39.67,12.53,6.91,71.26,4.08,11.24,19.56,54.31,13.81,9.56,5.79,8.13,5.23,15.58,14.38,2.76,6.28,40.67,33.76,13.94,30.23,10.81,42.68,35.78,8.33,17.63,74.01,14.84,2.83,,5.81,11.55,10.91,23.23,5.97,38.46,63.04,4.23,49.9,129.2,65.65,8.8,,31.45
2020-02-21,7.19,24.32,28.94,24.69,48.99,17.23,42.06,12.27,6.97,71.12,4.3,11.24,20.21,53.38,14.3,10.35,5.62,8.18,5.57,15.62,14.23,2.8,6.31,41.72,34.9,13.58,30.35,10.81,42.76,36.95,8.6,17.91,69.06,15.48,2.75,,5.81,11.25,11.05,22.52,6.06,38.68,63.78,4.25,48.26,128.5,65.84,9.29,,30.7
2020-02-28,6.64,22.38,25.95,23.23,46.86,16.27,39.48,11.68,6.83,72.59,4.1,11.08,19.88,46.61,13.13,10.79,5.46,7.77,5.1,15.37,14.15,2.76,5.96,40.26,33.45,13.18,29.68,10.72,40.2,35.56,7.82,17.2,66.11,15.3,3.46,,5.33,11.35,10.39,17.47,6.04,34.61,57.88,4.25,46.66,122.0,64.49,9.04,,28.5
2020-03-06,7.36,23.12,25.67,23.57,46.86,16.64,41.74,11.82,6.86,69.35,4.29,11.31,19.6,48.41,13.52,11.14,5.52,7.7,5.08,15.58,14.35,3.43,5.96,41.16,32.94,13.05,29.79,10.79,40.2,35.35,8.01,17.09,64.84,14.67,5.08,,5.53,12.1,10.49,16.12,6.21,35.87,58.99,4.3,46.66,122.9,64.0,8.93,,28.7
2020-03-13,6.21,19.25,19.27,19.32,33.65,14.52,32.96,9.39,5.9,58.22,3.71,10.11,16.38,34.32,10.87,,4.21,6.22,3.78,13.74,12.46,2.76,4.61,37.67,23.89,11.59,29.07,10.27,28.35,25.76,6.17,13.97,52.95,11.19,4.21,,4.19,9.3,7.89,11.21,5.36,28.82,49.4,3.5,38.22,99.5,58.3,6.84,,22.55
2020-03-20,6.7,18.98,18.96,20.5,31.61,14.52,33.58,9.34,6.3,57.12,4.1,10.17,17.42,35.38,11.96,8.6,4.1,6.63,3.94,13.74,12.17,2.72,4.7,39.7,23.92,11.82,28.4,10.43,32.83,23.42,6.71,15.86,48.73,10.52,4.6,,4.62,9.81,8.24,10.75,5.91,28.52,50.51,3.43,39.42,98.0,54.51,6.78,,21.9
2020-03-27,5.69,16.58,18.68,20.25,34.08,14.04,33.77,8.72,5.9,60.87,3.96,9.88,16.05,36.43,11.33,7.55,3.86,5.82,3.3,13.39,11.25,2.37,4.39,39.45,20.6,11.16,28.95,10.35,31.23,23.46,5.96,15.06,47.96,8.83,4.92,,4.29,8.75,7.63,8.78,5.62,27.35,44.24,3.17,36.44,96.5,56.96,6.39,,19.4
2020-04-03,5.23,16.12,18.39,19.69,34.51,13.71,28.81,8.52,5.62,58.22,4.25,9.65,15.54,37.24,10.58,7.55,3.78,5.94,3.38,12.1,10.78,2.41,4.16,40.18,19.85,11.0,28.84,10.31,33.91,21.94,5.98,15.25,49.69,8.94,5.08,,4.26,7.99,7.32,8.52,4.6,28.09,41.44,3.08,38.22,99.2,57.88,5.62,,19.4
2020-04-10,5.49,17.96,21.05,22.98,40.04,13.27,33.9,9.07,6.32,64.85,4.69,9.78,16.85,40.97,11.75,8.73,3.99,6.37,3.7,13.31,11.65,2.56,4.6,47.8,22.59,12.29,28.95,10.37,33.82,25.7,6.88,15.89,55.33,9.6,6.41,,5.08,9.15,7.89,10.08,4.94,30.68,50.51,3.36,42.66,102.0,61.24,6.06,,23.7
2020-04-17,5.92,19.8,21.36,23.79,41.75,14.74,38.29,9.39,6.6,65.59,4.81,9.88,18.51,41.9,12.67,9.7,4.3,6.98,4.32,14.68,11.97,2.88,4.86,49.42,24.58,12.75,29.01,10.35,35.09,26.5,7.18,16.4,64.27,10.13,6.88,,5.16,9.9,8.41,10.18,5.13,30.9,49.77,3.43,42.35,116.0,61.24,7.17,,26.5
2020-04-24,5.83,19.25,20.57,25.34,40.47,14.11,35.47,8.79,7.28,68.91,5.15,9.85,18.4,40.84,12.46,8.86,4.08,7.48,5.06,14.68,11.88,2.76,4.66,46.83,26.35,13.08,29.23,10.35,34.58,26.41,7.5,15.65,69.29,9.78,6.3,,5.06,9.15,8.08,10.49,5.12,29.9,49.11,3.38,41.33,116.5,60.82,6.48,,24.4
2020-05-01,5.86,22.11,20.09,26.55,39.36,14.55,39.36,9.16,7.42,68.76,5.03,9.75,18.36,39.35,13.17,9.78,4.09,7.41,5.12,14.85,12.15,2.76,4.64,47.64,25.78,13.61,29.62,11.1,33.99,25.22,8.33,15.97,62.54,9.67,6.3,,4.97,9.1,8.13,10.85,4.94,29.39,46.9,3.38,40.84,115.5,60.63,6.68,,23.1
2020-05-08,6.15,22.02,21.41,26.03,40.04,14.7,42.18,9.48,8.06,72.22,4.89,9.78,19.38,42.64,12.92,10.97,4.22,8.2,5.52,17.51,12.32,2.84,4.77,47.8,26.19,13.38,29.57,10.81,35.6,25.7,8.05,16.42,65.22,10.03,6.33,,5.04,9.4,8.36,11.23,5.16,30.25,50.14,3.38,42.84,115.2,64.0,7.01,,25.0
2020-05-15,6.21,21.19,22.46,27.5,42.51,15.1,43.31,9.87,8.94,70.14,4.93,9.94,20.45,45.25,13.91,10.79,4.56,8.25,6.34,18.46,13.22,2.96,5.06,52.25,26.25,13.91,29.34,11.59,38.72,28.27,8.01,17.01,66.07,10.38,6.77,,5.48,10.2,9.73,11.82,5.98,33.02,52.35,3.55,42.66,114.0,69.21,7.74,,24.4
2020-05-22,6.5,21.65,22.4,27.62,42.34,14.7,43.63,10.44,9.08,71.21,4.94,10.85,20.75,46.49,13.81,11.14,4.75,9.08,6.44,24.3,12.78,3.0,5.09,51.44,27.45,13.71,29.79,11.65,39.56,28.18,8.01,16.82,67.53,10.48,4.72,,5.42,10.3,10.2,11.41,6.23,35.09,56.78,3.6,43.55,114.8,70.06,8.05,,26.0
2020-05-29,6.61,24.41,22.79,28.09,42.77,14.55,47.08,10.28,10.4,70.6,5.26,11.05,20.32,46.24,13.95,11.14,4.67,9.41,7.11,25.67,12.61,3.12,5.03,50.88,26.69,13.94,30.07,12.14,39.48,27.7,8.21,16.74,67.07,10.45,5.55,,5.66,10.2,9.85,10.49,5.84,36.73,55.74,3.78,43.11,113.3,69.51,7.53,,26.9
2020-06-05,7.33,23.95,23.58,28.91,42.47,14.19,45.2,11.22,11.35,70.83,5.12,11.57,20.49,47.79,14.05,11.14,5.43,9.13,6.9,28.8,13.36,3.43,5.22,51.04,26.98,13.98,30.35,12.05,39.81,28.18,8.25,17.03,68.68,10.62,6.26,,6.0,10.7,10.04,11.36,6.21,38.5,56.85,4.13,42.66,114.1,72.15,7.79,,28.4
2020-06-12,6.93,24.32,22.29,28.32,41.58,13.78,42.06,10.12,10.12,66.34,4.84,11.41,19.05,43.51,13.1,10.53,5.07,8.44,6.83,26.18,13.28,3.35,4.98,46.18,25.94,13.25,30.18,11.68,36.19,25.26,7.9,15.7,66.76,10.62,5.9,,5.58,11.2,9.73,10.31,5.47,35.65,54.2,3.85,39.99,112.0,72.27,7.2,,25.3
2020-06-19,6.87,24.13,23.25,30.5,40.9,14.0,39.3,10.6,10.68,69.99,4.96,11.63,19.73,45.43,13.66,10.92,5.22,9.3,8.02,25.5,13.59,3.43,5.06,46.66,26.51,14.14,32.85,11.12,39.81,25.75,8.25,16.45,63.81,10.52,5.51,,5.73,11.55,9.54,10.8,5.87,36.73,56.11,3.99,40.44,111.0,70.55,7.3,,27.5
2020-06-26,6.87,24.6,23.08,32.32,40.9,13.82,42.81,10.53,10.79,68.85,5.4,11.54,19.82,45.0,13.98,10.62,5.15,9.44,8.78,25.58,13.8,3.43,5.08,45.94,26.51,14.47,33.02,11.16,38.8,26.77,8.21,16.56,61.39,10.31,5.63,,6.08,11.6,9.68,11.1,5.87,36.34,56.04,4.16,41.55,108.2,71.41,7.28,,26.6
2020-07-03,6.7,24.6,22.15,32.26,39.7,13.27,53.42,10.24,11.16,69.61,5.03,11.37,19.69,44.32,13.38,10.18,4.94,9.54,8.19,24.9,13.65,3.23,4.92,46.34,25.81,14.37,34.08,11.21,38.38,26.01,7.61,16.58,64.46,9.78,5.12,,5.85,11.15,9.33,10.54,5.9,35.65,56.78,4.16,40.4,107.5,70.11,6.92,,26.2
2020-07-10,7.02,24.69,23.25,31.91,40.47,13.38,49.9,10.99,11.27,71.51,5.1,11.37,20.36,46.55,13.66,10.35,5.31,9.65,8.12,26.36,13.86,3.43,5.06,46.5,26.47,14.8,35.91,11.44,39.14,26.63,7.87,17.06,78.65,10.2,5.23,,6.02,11.7,9.85,10.96,6.1,36.04,59.36,4.39,40.44,108.1,71.97,7.4,,27.35
2020-07-17,6.96,24.5,23.36,32.03,40.9,13.16,52.42,10.99,11.38,71.66,5.23,11.21,20.54,47.01,13.91,10.49,5.32,9.89,8.02,27.08,14.7,3.39,5.09,45.94,26.73,15.23,34.58,11.54,39.52,26.72,7.97,17.62,75.58,10.62,5.08,,6.32,11.6,9.78,11.54,6.2,36.13,60.09,4.58,40.66,109.0,72.41,7.33,,27.0
2020-07-24,7.02,24.41,22.48,31.43,39.02,13.01,49.72,10.56,,70.2,5.19,11.24,20.07,46.29,13.77,10.13,5.21,9.65,7.53,27.13,14.38,3.55,4.95,43.5,26.1,15.02,35.08,11.51,38.63,26.15,7.59,17.83,71.36,10.41,4.84,,6.04,11.15,9.59,11.28,6.01,35.48,57.51,4.74,39.95,107.5,70.86,7.28,,27.9
2020-07-31,6.55,22.57,20.31,29.4,33.65,12.5,42.37,9.62,9.7,71.2,4.75,10.66,18.63,42.0,12.92,8.6,4.57,9.02,6.71,25.67,13.8,3.19,4.57,39.78,22.88,14.17,35.52,11.77,35.26,22.16,7.2,17.03,64.84,9.43,4.56,,5.45,9.9,8.6,9.96,5.62,32.84,55.01,4.09,37.33,95.0,66.39,6.48,,25.3
2020-08-07,6.9,25.79,21.58,30.53,38.77,12.76,48.21,10.35,10.57,74.36,5.03,10.76,19.82,45.25,14.34,9.26,5.15,10.1,7.53,29.1,14.35,3.31,4.76,43.75,24.96,15.3,35.8,11.56,37.62,24.64,7.45,18.1,69.83,10.03,5.0,,5.83,10.55,9.12,10.59,6.01,35.87,58.77,4.67,38.93,101.0,71.35,6.99,,26.4
2020-08-14,7.36,27.54,22.2,31.13,40.0,12.94,49.59,10.83,10.53,74.97,5.29,10.92,20.36,46.88,14.8,9.65,5.41,10.31,7.91,28.84,14.23,3.43,4.92,44.07,26.0,15.51,35.69,11.77,38.97,24.82,7.9,18.68,70.21,9.88,5.0,,6.02,10.85,9.35,10.78,5.98,35.87,58.18,4.86,39.11,101.6,72.35,7.09,,26.85
2020-08-21,7.8,28.0,21.67,33.11,38.6,13.05,49.09,10.76,11.06,74.2,5.35,10.89,20.43,46.36,15.96,10.27,5.33,10.14,8.02,30.48,14.45,3.51,4.96,42.13,25.81,15.51,34.8,12.35,39.1,24.82,7.93,18.87,69.06,9.85,5.27,,5.87,10.7,9.5,10.54,6.13,35.87,58.99,4.88,38.22,99.7,71.66,7.02,,26.45
2020-08-28,8.1,,22.29,34.13,40.64,14.0,50.82,11.4,12.92,80.74,5.96,11.02,21.71,48.18,16.46,10.84,5.58,10.31,8.19,32.31,15.19,3.63,5.24,43.67,28.43,16.29,34.86,13.69,44.54,26.37,7.97,19.48,71.17,10.31,5.35,,6.2,11.4,10.06,11.22,6.35,36.13,58.25,5.3,40.57,99.8,73.09,7.59,,27.2
2020-09-04,7.88,37.86,23.3,33.23,43.03,13.49,48.6,11.72,12.82,80.74,5.88,11.05,21.41,48.25,16.51,10.44,5.88,10.37,8.19,31.41,15.38,3.63,5.19,44.07,29.38,16.01,35.19,13.45,43.85,26.63,8.13,19.7,73.67,10.1,5.55,,6.1,11.25,10.25,10.72,6.61,36.73,58.4,5.37,42.0,105.5,76.75,7.56,,27.7
2020-09-11,7.84,40.53,22.85,33.53,40.3,13.12,48.08,11.52,13.18,77.66,6.2,10.92,21.19,46.69,17.39,11.14,5.94,10.33,8.26,32.13,14.85,3.59,5.18,44.23,29.63,16.58,34.97,16.39,43.07,26.41,7.9,20.76,72.52,9.88,5.47,,6.44,11.15,10.04,11.09,6.58,35.48,57.59,5.23,39.99,106.0,77.06,7.4,,28.4
2020-09-18,8.07,38.41,22.91,35.92,41.45,13.71,47.75,11.68,13.13,82.58,6.22,10.92,21.67,47.01,17.39,11.19,5.86,10.75,9.38,33.21,14.98,3.98,5.3,43.75,29.72,16.9,35.3,17.56,42.99,26.5,7.93,21.4,72.21,10.06,5.66,,6.5,11.45,10.11,10.8,6.51,35.61,56.78,5.49,42.22,105.3,77.31,7.46,,28.25
2020-09-25,8.33,37.86,23.13,36.4,42.0,13.34,47.62,11.95,13.26,77.35,6.2,11.18,21.92,47.86,17.8,11.14,6.15,10.85,10.46,33.84,15.16,4.18,5.73,44.56,31.9,16.68,35.41,18.73,44.28,27.7,8.13,21.56,71.82,10.2,6.06,,6.75,12.45,10.61,10.83,6.75,37.21,56.85,5.98,42.0,105.8,79.3,7.66,,28.6
2020-10-02,8.4,37.31,23.13,37.06,41.83,13.45,44.75,12.41,13.74,80.66,6.59,11.05,21.97,47.14,17.87,11.37,6.43,11.38,11.08,33.07,15.1,4.69,5.79,44.48,33.13,16.43,35.52,18.57,43.5,27.39,8.17,22.25,70.56,11.26,6.06,,7.27,13.75,10.82,11.06,7.06,36.65,56.78,6.77,41.11,105.5,82.78,7.87,,27.8
2020-10-09,8.7,36.85,22.74,35.76,42.3,13.93,40.51,12.46,13.94,79.51,6.53,11.18,22.06,48.83,17.99,12.33,6.34,11.86,11.05,32.76,15.04,4.54,5.89,51.44,34.71,16.72,34.41,18.08,42.82,27.92,8.37,22.06,72.52,11.54,6.06,,7.32,13.6,10.16,11.04,6.98,36.52,56.48,7.7,41.02,104.0,80.89,7.64,,27.65
2020-10-16,9.19,35.65,23.84,34.5,45.92,13.53,37.84,13.97,13.77,80.28,6.31,11.44,22.14,48.83,17.43,12.52,6.33,12.28,10.53,32.49,14.82,5.09,5.93,65.62,34.55,16.43,34.74,18.15,42.64,28.8,8.05,22.25,73.09,11.12,6.41,,7.36,13.85,10.82,11.01,7.02,38.24,57.44,7.47,43.6,105.8,81.27,7.84,,27.8
2020-10-23,9.68,36.75,24.49,33.62,47.29,13.64,37.84,14.75,13.58,79.89,6.33,11.41,23.44,48.05,17.36,13.16,6.51,12.54,10.8,31.95,14.85,4.89,6.34,68.94,34.88,16.29,34.8,18.1,42.73,30.36,8.21,22.52,71.17,11.19,6.22,,7.36,14.8,11.38,10.78,7.15,37.55,57.51,7.84,44.53,105.0,81.27,8.34,,28.3
2020-10-30,9.04,36.85,22.0,34.19,43.91,12.86,37.44,13.42,13.23,77.66,5.99,11.21,22.23,46.88,16.69,12.79,6.22,12.96,10.46,30.87,14.88,,5.98,66.59,33.02,16.05,34.41,19.66,41.44,29.91,7.7,21.88,70.9,10.57,5.98,,6.95,13.5,10.44,9.88,6.5,36.13,56.78,7.49,45.11,102.1,80.89,7.69,,26.0
2020-11-06,9.34,36.48,22.26,33.62,45.12,12.9,37.64,13.88,13.82,79.2,6.34,11.08,22.66,46.49,17.32,13.71,6.53,12.75,11.33,32.13,15.5,,6.11,71.13,34.24,16.12,34.63,20.47,41.91,32.57,7.71,22.25,70.98,11.15,6.22,,7.01,13.5,10.35,9.91,6.64,36.78,55.82,,47.11,105.7,82.55,7.72,,26.1
2020-11-13,9.91,36.11,22.4,34.31,46.68,13.25,40.38,14.29,15.31,79.89,6.51,11.15,23.27,47.6,19.61,15.55,6.69,13.25,12.34,32.62,15.29,4.57,6.28,75.1,35.52,16.47,34.52,19.82,41.53,32.57,7.88,23.58,70.21,11.8,6.88,,7.15,13.7,10.58,9.83,6.91,37.42,56.92,7.73,47.46,112.2,80.89,7.8,,27.05
2020-11-20,10.24,35.19,22.96,36.76,49.45,13.21,39.86,15.27,15.31,79.12,6.4,11.05,23.83,53.07,19.84,17.76,6.55,14.85,13.14,31.95,15.35,4.73,6.49,66.19,35.87,16.29,34.35,19.77,43.76,32.79,8.06,23.37,72.9,12.57,6.77,,7.5,14.25,11.1,10.07,7.01,39.33,57.51,7.98,46.44,113.0,83.08,8.29,,27.9
2020-11-27,10.32,39.94,24.15,36.57,47.46,13.45,41.88,15.66,15.31,79.51,6.42,11.21,24.17,54.37,20.43,17.76,6.8,14.72,13.03,32.22,16.31,4.85,6.51,67.81,36.16,16.26,33.97,20.27,44.19,33.77,8.11,24.67,74.82,12.93,6.73,,7.78,14.6,11.15,10.85,7.05,40.62,60.98,7.86,47.11,120.2,83.08,8.85,,27.9
2020-12-04,10.21,38.73,23.47,38.89,48.93,13.95,40.84,15.57,15.93,79.2,6.4,11.18,23.96,55.34,21.76,17.49,7.11,15.59,13.1,32.35,16.77,5.12,7.01,68.05,36.6,16.65,33.58,21.72,43.76,34.34,9.16,25.28,75.6,13.8,6.81,,8.21,15.7,11.74,10.36,7.51,40.28,62.67,8.99,47.02,118.2,82.78,9.19,,28.4
2020-12-11,10.54,37.7,24.77,40.53,49.01,14.26,45.99,15.76,15.93,80.97,6.57,11.08,24.48,55.74,22.65,18.5,7.28,15.99,14.05,34.46,17.55,5.07,7.06,67.97,36.41,16.97,35.47,21.37,45.14,33.94,9.28,25.18,76.8,13.48,6.73,,9.27,15.7,11.95,10.09,7.67,42.0,61.64,8.91,46.62,119.8,84.67,9.17,,28.2
2020-12-18,10.67,38.17,26.35,39.77,49.27,14.8,46.64,15.93,16.2,79.2,6.62,11.11,24.43,54.76,23.68,22.92,7.42,16.03,14.78,35.34,16.99,5.2,7.51,68.62,36.32,16.61,36.86,21.92,44.97,33.85,9.77,24.49,76.76,14.53,6.73,,10.32,16.8,13.46,10.12,8.29,41.49,62.45,9.27,46.53,124.4,83.54,9.84,,29.75
2020-12-25,10.24,39.57,25.67,39.52,50.92,15.46,48.14,15.84,16.06,80.12,6.71,12.22,24.65,54.56,23.17,25.77,7.59,16.83,15.47,34.51,17.49,5.27,7.61,68.05,37.12,16.97,36.75,24.72,45.4,34.16,9.85,25.15,76.96,14.89,6.81,,11.38,16.5,13.2,10.46,8.86,42.26,63.56,8.99,46.97,123.0,82.25,10.1,,29.9
2021-01-01,10.47,37.7,27.11,39.33,56.19,16.58,51.54,16.0,17.28,79.66,6.96,12.67,25.12,56.65,24.05,26.51,7.73,17.21,15.09,34.1,17.98,5.36,7.7,68.05,37.53,17.36,37.19,25.41,46.94,36.04,10.87,25.55,77.54,15.22,6.69,,12.8,17.0,14.15,10.88,9.27,42.65,67.25,9.22,48.22,124.5,82.4,10.36,,31.5
2021-01-08,11.24,40.96,28.29,38.77,58.61,17.28,49.71,18.35,17.68,83.28,7.14,13.03,27.24,60.36,25.46,26.23,8.88,18.05,16.73,35.99,18.98,6.03,8.75,76.25,38.65,17.64,40.37,25.56,48.23,36.62,11.56,27.41,76.68,15.4,7.51,,14.18,18.8,16.53,11.5,9.86,47.05,70.42,9.84,48.93,125.1,85.07,11.52,,34.3
2021-01-15,11.26,48.5,28.29,40.96,60.68,18.44,54.8,18.35,17.89,83.74,7.31,14.04,28.97,60.55,26.5,29.91,8.81,18.64,17.5,36.22,20.46,6.29,8.98,76.25,40.96,17.71,41.82,27.66,48.32,36.66,11.56,28.48,79.48,16.92,7.55,,14.55,20.5,17.15,14.17,9.69,45.66,74.25,9.98,49.5,131.2,86.6,12.1,,36.7
2021-01-22,10.84,47.57,26.68,38.71,57.05,18.06,52.19,17.16,17.89,81.05,7.12,13.19,28.41,56.97,24.2,29.36,8.42,18.64,18.3,38.34,20.46,6.18,8.58,75.43,40.0,17.28,42.92,26.61,47.29,37.06,11.68,28.53,75.21,17.51,7.0,,13.94,20.0,17.22,13.9,9.79,44.87,73.29,9.64,46.71,131.6,84.08,11.83,,36.6
2021-01-29,9.19,46.83,20.94,35.76,44.09,14.76,43.06,13.38,16.42,73.82,5.53,11.05,25.51,47.86,19.84,22.41,6.59,15.56,14.25,33.64,18.79,5.12,7.11,66.0,39.52,15.58,43.09,25.91,39.12,33.49,9.08,24.49,65.91,12.46,5.0,,10.57,15.5,13.98,10.78,7.61,37.25,61.94,8.21,41.11,119.0,73.25,9.19,,29.85
2021-02-05,10.58,52.14,23.81,38.89,51.0,16.51,45.86,16.24,17.45,77.2,6.18,11.57,31.57,53.52,22.32,23.42,7.7,17.65,16.73,37.05,20.28,5.77,8.08,73.38,41.12,17.3,46.19,29.51,44.11,37.02,10.26,28.48,70.56,13.87,6.06,,12.11,17.65,16.68,12.07,9.07,43.09,72.92,9.53,46.66,130.8,82.86,11.92,,32.6
2021-02-12,10.32,52.04,23.24,38.83,49.62,16.2,44.75,16.0,18.39,75.36,6.07,11.37,30.88,51.76,21.87,22.0,7.7,17.21,16.45,38.24,19.22,6.18,8.01,70.51,40.96,16.63,44.21,30.21,44.28,36.84,10.01,28.74,67.46,15.04,5.9,,12.52,17.5,16.63,11.42,9.14,42.26,70.71,9.67,46.22,125.3,80.34,11.89,,31.2
2021-02-19,10.88,55.86,24.67,40.84,52.73,17.24,47.3,16.86,20.08,77.28,6.64,11.7,33.43,57.3,24.05,25.86,8.19,18.22,17.18,41.28,20.77,6.29,8.65,76.74,44.19,16.86,45.9,31.96,47.8,38.85,10.5,31.14,74.05,16.71,6.18,,13.29,18.4,18.05,12.45,9.59,43.22,75.21,10.34,47.82,131.5,82.25,13.13,,34.4
2021-02-26,11.97,53.07,24.56,39.93,50.92,16.39,47.95,17.07,21.6,77.59,6.45,11.57,32.43,56.78,23.98,25.59,8.16,18.38,17.71,44.23,19.72,6.24,8.95,72.64,42.72,16.49,44.78,30.91,49.01,37.91,10.18,29.65,72.11,15.33,6.22,,13.29,18.25,18.09,11.69,9.34,42.39,74.69,10.68,47.2,134.5,79.04,12.61,,33.2
2021-03-05,12.04,54.18,24.53,40.84,51.69,17.01,47.36,17.7,23.62,76.89,7.18,12.09,32.65,60.03,23.76,26.05,8.55,19.2,19.27,44.97,19.66,6.61,9.05,72.15,42.33,16.89,45.74,31.21,49.95,37.02,10.54,29.54,69.56,15.98,6.22,,13.41,18.35,18.38,11.75,9.76,42.3,72.56,11.8,47.51,136.4,78.66,13.33,,34.2
2021-03-12,12.38,54.93,24.96,40.06,52.56,18.6,50.88,17.82,24.23,78.43,7.41,11.96,33.3,60.55,23.98,27.43,8.65,19.6,19.9,46.91,19.57,6.98,9.48,72.15,42.56,17.37,46.52,33.3,48.32,37.6,11.32,29.54,69.45,16.49,6.81,,13.8,19.4,19.08,12.34,9.92,41.95,73.74,12.18,47.06,135.5,78.59,14.37,,34.35
2021-03-19,12.74,53.9,25.82,39.74,52.47,18.21,50.88,18.74,24.8,78.05,7.53,12.48,34.6,58.93,24.42,27.89,8.91,19.6,20.01,46.63,20.03,7.03,9.68,72.97,42.56,16.71,45.51,33.85,48.75,37.87,11.15,28.8,70.34,16.78,7.67,,13.45,19.6,19.6,12.72,10.04,42.3,73.0,12.86,46.93,134.4,77.98,14.73,,34.9
2021-03-26,12.01,50.83,24.07,38.38,51.18,18.21,47.36,18.26,22.71,76.89,7.33,12.35,32.95,58.14,23.98,24.85,8.32,19.14,18.96,47.0,18.98,6.9,9.11,70.1,41.12,16.34,44.89,34.03,48.06,37.83,10.18,28.42,67.88,15.62,7.0,11.41,12.46,18.75,18.49,11.69,9.26,41.39,71.15,12.11,48.88,128.3,74.77,14.09,,32.5
2021-04-02,12.83,54.0,25.48,38.44,53.16,20.54,48.6,19.28,23.62,77.28,7.87,13.23,34.77,59.45,26.13,26.42,8.83,20.53,20.42,49.67,19.44,7.55,9.88,76.25,43.48,16.67,46.47,34.8,48.66,38.78,11.19,28.74,69.96,16.71,10.58,13.71,14.18,21.9,19.65,13.15,9.86,42.48,73.74,14.02,55.06,133.8,78.21,15.12,,34.2
2021-04-09,12.87,53.44,25.65,39.87,53.6,19.37,47.03,19.74,23.59,76.2,7.83,14.82,34.55,57.95,25.91,26.14,9.19,20.74,20.6,48.84,19.84,7.59,10.38,76.08,42.88,16.38,49.62,37.66,48.06,39.72,11.27,28.11,68.31,16.38,9.91,13.36,14.26,22.2,19.7,13.79,10.02,43.35,73.15,14.25,55.46,133.5,76.22,15.22,,35.2
2021-04-16,12.68,52.23,24.59,39.28,51.0,18.29,45.01,19.7,23.28,75.12,7.35,16.77,34.51,56.0,25.24,24.39,8.88,22.76,22.03,48.38,19.26,8.09,10.15,81.82,42.24,15.97,57.73,37.05,46.94,41.26,10.83,27.47,66.83,15.8,10.23,13.36,14.08,22.2,19.27,12.88,9.83,42.39,74.62,14.56,62.62,131.7,75.23,16.13,,33.8
2021-04-23,12.16,48.78,23.52,38.25,50.14,16.35,43.38,18.33,22.68,76.89,7.18,16.22,34.6,55.8,23.68,21.45,8.58,23.35,20.63,47.37,20.46,8.24,9.75,80.51,45.44,15.3,60.44,41.94,43.85,42.34,10.05,26.78,65.58,14.31,10.82,13.61,13.0,21.3,18.78,11.59,9.52,44.87,76.39,14.9,61.68,130.4,74.77,16.05,,32.5
2021-04-30,12.68,52.14,23.3,38.44,49.62,15.96,41.62,18.58,23.62,76.89,7.33,17.22,34.94,54.04,24.94,23.93,8.76,23.77,22.03,47.0,21.77,9.0,10.18,81.33,44.64,15.16,73.22,43.89,43.42,43.24,10.09,27.15,66.36,14.86,10.74,12.92,13.04,24.25,18.92,11.96,9.5,43.13,74.77,15.43,58.44,126.0,71.49,18.08,,31.9
2021-05-07,12.94,52.14,23.3,38.44,48.15,15.73,40.64,19.77,26.2,79.22,7.03,16.9,35.76,54.69,25.65,23.29,9.27,24.9,24.08,47.18,22.54,9.02,10.45,77.97,45.12,15.3,76.6,43.89,43.5,43.28,9.93,29.28,60.93,14.38,10.65,13.61,13.21,24.25,22.11,12.18,9.66,43.09,72.63,16.44,58.66,121.0,67.9,20.04,,31.3
2021-05-14,13.66,50.74,24.56,38.25,48.32,16.27,37.7,21.83,26.75,75.61,7.18,17.61,36.46,55.41,27.39,24.39,10.05,26.08,26.14,47.18,22.94,10.08,11.15,85.1,44.96,15.16,74.91,43.52,46.6,42.43,10.05,29.28,60.26,15.0,11.38,14.1,14.37,26.6,23.1,11.96,11.01,42.43,71.52,17.2,56.22,117.0,69.51,21.24,,31.1
2021-05-21,14.03,49.34,24.1,37.58,45.56,15.34,33.92,22.72,26.05,76.01,6.99,16.9,40.78,52.09,28.72,22.73,10.44,27.81,26.14,47.0,22.7,10.21,11.48,92.23,47.0,14.01,77.9,44.38,46.68,44.64,9.32,31.09,59.01,14.09,12.55,15.71,15.85,29.25,23.62,11.8,11.42,41.95,74.84,17.4,54.66,110.7,67.07,21.76,,29.5
2021-05-28,14.33,49.34,26.16,38.45,48.5,15.5,37.84,23.51,27.72,76.01,7.1,20.47,40.65,52.81,28.13,25.77,10.51,28.23,28.54,52.34,24.34,11.62,12.22,90.18,45.56,14.2,76.38,47.38,46.86,45.45,9.48,31.3,62.53,14.02,12.9,18.31,16.22,30.4,24.42,11.85,12.15,43.13,77.42,17.99,53.37,113.0,69.43,21.86,,30.7
2021-06-04,16.88,48.41,27.94,38.25,47.54,15.73,40.51,24.95,29.07,75.69,7.66,20.8,42.69,57.17,29.68,26.6,11.72,31.2,31.05,52.99,24.56,14.61,13.75,85.67,44.48,15.05,80.49,48.12,47.63,45.27,10.58,30.61,60.85,15.62,14.02,21.48,19.83,32.2,25.89,12.04,13.15,46.4,78.9,21.05,52.66,106.2,68.9,22.58,,30.5
2021-06-11,16.14,46.74,25.25,37.85,48.41,14.3,40.84,23.23,28.18,75.61,8.26,19.69,40.93,56.65,29.98,26.51,10.7,29.83,30.32,54.0,24.5,13.49,12.75,84.53,43.26,14.34,79.43,51.0,45.57,42.88,9.69,29.01,62.92,16.13,12.77,20.44,18.9,29.1,23.86,11.75,12.29,44.05,76.68,20.45,51.99,113.9,71.22,23.13,,31.1
2021-06-18,16.51,51.48,26.54,40.91,53.6,14.8,40.77,23.88,31.67,76.01,8.39,19.04,41.73,61.01,32.34,31.25,11.13,29.72,32.18,55.29,25.25,13.01,13.69,86.41,44.96,15.23,78.66,56.15,48.58,44.55,10.26,32.42,65.26,16.71,11.77,18.8,21.33,29.9,24.09,12.02,12.39,45.53,81.11,20.06,52.44,116.1,70.6,21.47,,33.25
2021-06-25,16.98,50.27,25.88,39.18,50.14,14.92,42.73,24.71,30.78,76.82,8.52,18.88,42.54,62.51,31.38,32.03,11.24,29.03,31.14,56.21,24.7,12.94,14.02,87.15,46.08,15.45,86.68,54.49,49.15,44.19,9.89,30.29,67.18,15.54,11.68,19.7,20.92,29.0,24.09,11.99,12.34,48.23,83.25,19.67,52.08,115.5,68.52,22.32,,32.1
2021-07-02,17.03,49.72,27.25,38.98,51.44,14.8,42.4,24.48,32.25,76.82,9.16,20.08,44.85,63.94,33.31,33.5,11.91,30.35,32.95,56.49,25.73,13.1,14.62,94.22,48.32,15.49,93.1,58.78,49.33,45.18,9.85,30.87,66.16,15.58,12.33,20.24,23.98,31.1,25.6,11.83,13.01,50.71,86.42,19.47,52.48,121.0,70.29,23.39,,31.85
2021-07-09,16.89,49.81,25.93,38.18,47.37,13.56,41.1,22.89,32.33,74.89,8.11,18.85,45.0,61.59,30.64,30.47,11.49,27.77,28.12,56.58,25.11,12.79,13.9,97.53,55.07,14.68,85.08,57.86,45.47,46.94,9.2,27.73,63.7,13.87,12.16,20.44,22.24,30.0,26.5,11.15,12.94,47.92,83.84,20.22,49.24,120.2,68.21,22.38,,29.45
2021-07-16,15.55,39.2,24.56,37.58,44.09,12.4,39.79,21.21,31.4,74.97,8.17,17.84,43.14,60.45,30.35,28.07,11.03,26.74,27.58,56.68,24.91,12.06,13.3,95.46,53.79,14.23,79.43,53.45,44.76,43.28,8.71,27.52,62.49,13.58,11.82,19.94,22.24,28.9,24.85,10.35,11.87,44.66,81.33,17.9,45.37,114.8,66.05,21.18,,28.15
2021-07-23,15.9,39.88,23.47,37.45,43.74,12.67,39.4,19.86,33.53,74.17,8.74,16.93,44.9,59.98,32.2,28.62,10.54,26.8,27.54,56.21,26.78,11.22,12.66,100.09,52.19,13.79,80.04,55.16,44.41,42.34,8.47,28.11,60.97,13.4,11.77,21.07,21.46,28.3,23.9,10.24,11.52,43.26,81.11,16.28,47.2,113.9,67.05,19.78,,27.8
2021-07-30,16.09,39.13,23.7,37.65,43.57,12.48,39.01,20.37,37.21,74.49,9.73,16.8,46.96,60.45,33.45,30.65,10.93,26.97,28.27,57.23,27.02,11.73,12.84,105.8,51.68,13.53,79.2,55.66,44.94,41.75,8.67,28.27,62.3,13.29,11.77,19.96,22.37,29.4,23.95,10.18,12.11,42.39,79.63,15.97,47.55,114.5,67.05,18.9,,27.5
2021-08-06,16.94,39.41,24.64,37.72,46.25,12.94,41.75,20.58,38.38,76.66,11.47,18.0,48.61,63.0,35.05,32.08,11.58,27.83,29.57,57.04,28.15,12.68,13.52,111.66,55.35,14.12,82.48,57.37,46.34,43.01,8.79,28.69,61.4,13.58,12.51,20.15,23.69,31.0,24.8,10.21,12.49,43.48,82.58,16.6,51.1,116.8,67.13,20.04,,28.0
2021-08-13,16.51,42.33,24.47,38.51,47.72,14.41,44.42,20.61,37.91,75.05,12.66,17.22,46.76,63.2,35.79,31.39,11.42,27.71,28.73,56.21,27.54,12.02,13.3,109.51,54.24,14.12,79.04,56.7,46.17,42.83,9.2,29.76,59.83,14.67,12.55,19.72,24.02,29.6,24.56,10.45,12.32,43.52,87.01,16.13,49.55,118.7,69.83,20.53,,28.0
2021-08-20,16.56,42.8,24.44,37.05,47.54,14.61,43.32,20.55,42.29,78.02,13.85,16.83,47.96,60.45,36.05,35.53,11.45,29.09,30.8,55.75,28.25,12.24,13.97,111.83,55.04,14.27,80.04,54.0,45.38,42.38,9.24,32.52,57.72,16.16,12.64,19.4,25.97,29.8,24.94,10.24,12.7,44.09,81.85,16.05,50.0,119.0,69.75,20.88,,27.9
2021-08-27,14.87,41.67,22.09,35.53,45.04,13.17,42.01,18.4,43.03,75.77,13.97,15.7,46.19,57.97,38.71,32.21,10.89,27.2,28.88,55.85,25.93,10.93,12.51,109.18,51.9,14.27,79.04,51.18,42.61,38.91,9.16,33.06,57.57,15.47,12.16,19.07,24.94,27.0,22.58,9.81,11.65,41.82,78.16,14.0,46.5,126.1,67.51,19.61,,26.45
2021-09-03,15.01,44.21,22.26,35.86,49.53,13.68,45.92,19.06,45.7,88.1,14.44,16.48,46.75,59.91,39.09,34.98,10.56,28.06,30.0,55.85,26.92,11.03,12.57,110.92,53.12,15.12,79.73,53.69,43.71,38.55,9.56,34.76,58.5,16.2,11.86,19.45,25.39,27.2,22.77,10.48,11.77,43.31,79.93,14.16,47.05,125.5,67.51,19.94,,27.1
2021-09-10,15.25,45.62,22.95,35.79,47.46,14.76,45.01,19.48,45.12,82.42,14.09,16.54,47.41,59.44,39.16,36.82,10.72,29.77,34.48,55.38,27.77,11.32,12.8,108.69,57.31,16.12,78.89,50.45,44.68,40.85,9.81,35.13,58.11,16.2,11.47,19.45,26.59,27.5,23.53,10.65,13.15,43.48,79.63,14.41,45.9,129.5,66.95,20.72,,27.6
2021-09-17,14.82,44.68,22.72,36.19,46.77,13.95,44.36,19.02,53.07,79.38,13.83,16.31,48.47,61.93,40.53,35.44,10.28,29.43,36.01,55.38,29.21,10.74,12.62,122.33,59.52,15.82,78.74,50.08,45.03,41.93,9.69,34.6,62.53,15.73,11.47,19.32,25.71,26.9,23.24,10.56,13.43,42.48,77.83,13.86,44.0,126.0,67.89,21.34,,30.2
2021-09-24,14.92,42.84,22.66,35.79,50.14,13.64,45.03,19.0,58.14,83.7,13.79,16.09,47.3,61.46,37.95,34.38,10.38,29.2,35.47,54.54,28.66,11.0,12.62,119.85,63.66,15.53,78.59,49.4,44.33,41.57,9.6,35.66,62.41,16.2,11.68,19.42,25.38,26.7,23.95,10.99,14.43,43.35,77.05,14.95,43.55,123.6,71.51,21.83,,28.9
2021-10-01,14.78,42.52,22.55,35.13,50.14,13.79,44.96,18.22,57.41,79.94,14.56,15.34,47.15,64.48,37.42,32.9,10.34,30.29,35.32,54.17,28.35,10.49,12.57,117.37,61.16,16.07,77.67,50.08,45.03,43.74,9.77,34.65,61.16,15.4,11.6,19.37,24.29,25.65,23.43,10.9,14.48,42.39,76.08,13.9,44.0,127.5,70.17,21.37,,29.1
2021-10-08,14.73,42.33,22.46,35.39,53.6,14.61,46.88,17.68,57.76,78.9,15.11,14.33,48.22,75.09,37.95,35.25,9.87,31.95,36.58,53.06,28.97,10.2,12.46,117.37,61.4,17.47,79.58,52.35,47.66,43.92,10.51,38.33,61.98,15.58,12.12,20.34,24.6,25.6,23.67,10.75,14.78,42.09,77.54,13.61,44.5,128.8,69.86,20.98,,29.35
2021-10-15,15.25,43.17,22.69,35.33,51.95,15.38,46.35,18.4,60.9,79.22,16.8,15.34,50.45,75.23,39.01,36.1,10.58,32.81,37.27,53.99,29.86,10.52,12.96,117.53,64.29,17.16,78.13,57.0,47.66,45.49,10.34,38.59,62.61,15.98,12.55,21.28,24.9,26.5,24.99,10.65,14.74,42.17,76.66,14.32,46.25,134.4,70.72,21.68,,30.7
2021-10-22,14.97,42.52,22.66,36.99,51.87,14.96,45.95,17.86,62.95,79.46,18.95,15.24,49.23,75.5,38.03,34.74,10.19,32.86,38.04,53.89,30.71,10.25,12.69,116.21,61.79,18.05,77.9,59.21,46.96,44.59,9.97,39.87,60.38,15.29,11.94,21.19,23.99,26.4,24.99,10.37,15.14,41.39,75.98,14.53,45.5,131.9,70.33,22.15,,30.6
2021-10-29,14.94,50.32,22.95,39.58,56.97,17.24,47.68,18.88,59.5,81.3,19.35,15.08,49.74,83.29,39.92,37.88,10.42,33.21,37.01,53.89,33.92,10.25,12.84,123.98,63.33,18.4,83.47,58.41,48.1,45.63,10.63,40.51,64.33,16.27,11.86,21.59,24.69,26.6,24.52,10.9,15.37,42.39,78.9,14.61,47.1,133.0,71.2,22.71,,31.0
2021-11-05,15.86,49.38,25.25,41.57,55.07,18.06,47.41,19.62,61.48,82.1,18.87,16.51,48.83,79.26,38.79,37.6,11.03,32.23,35.32,55.01,32.69,11.17,13.05,122.33,64.05,17.54,79.43,57.43,46.43,46.89,10.51,37.26,65.69,16.49,13.18,21.5,26.17,27.5,25.27,11.24,15.26,42.48,79.87,15.1,47.25,129.6,69.62,22.3,,31.9
2021-11-12,15.48,51.36,24.3,41.44,55.24,22.05,49.26,19.02,59.93,80.02,20.93,17.35,48.83,80.06,40.23,39.28,11.29,30.86,33.33,54.17,33.98,10.83,12.62,121.42,65.49,18.67,80.95,56.39,52.58,47.12,10.63,37.69,67.22,18.81,12.73,21.19,26.83,27.45,24.28,13.57,14.92,42.83,79.29,14.91,47.4,128.2,70.72,21.42,,30.4
2021-11-19,15.34,55.5,25.56,39.58,56.03,24.8,49.66,19.3,65.7,80.82,18.99,17.61,49.49,76.44,40.23,37.32,11.68,28.4,30.49,54.27,32.52,11.0,12.71,123.15,67.42,18.59,78.36,54.92,54.24,47.97,12.25,37.32,65.73,19.61,12.41,20.96,30.22,27.7,24.47,16.74,14.85,42.35,80.55,14.87,47.3,126.5,69.15,20.83,,31.1
2021-11-26,16.49,52.39,26.45,40.17,55.68,22.16,49.33,21.09,64.54,79.62,19.7,19.17,50.81,69.79,38.71,35.45,13.37,28.23,30.11,56.96,32.0,11.9,14.02,128.94,69.73,17.66,83.4,58.17,50.91,46.89,11.54,35.66,64.72,18.12,13.37,23.16,33.06,30.7,26.03,15.4,16.99,46.49,81.52,17.6,47.95,131.8,68.84,22.54,,30.8
2021-12-03,15.67,49.76,25.53,38.98,53.57,22.32,51.78,20.49,63.57,92.82,19.82,17.78,49.64,66.56,37.95,35.87,13.01,27.94,30.3,52.96,31.73,10.96,13.21,125.63,65.64,17.47,88.97,58.54,48.71,44.23,11.75,37.1,62.14,18.23,12.59,22.62,32.69,29.4,24.56,15.03,16.92,43.22,80.26,16.76,54.55,120.4,68.84,21.89,,29.7
2021-12-10,15.58,52.69,25.42,39.11,50.85,20.69,58.27,20.25,68.22,99.22,19.39,17.42,48.93,66.09,37.04,34.89,12.48,26.94,27.31,52.68,32.79,10.4,12.91,126.46,64.1,18.63,88.21,60.56,47.22,44.01,12.74,35.93,59.6,17.14,12.3,22.71,32.45,28.85,23.86,13.97,17.72,44.0,78.99,16.97,53.5,123.6,67.97,20.98,,30.2
2021-12-17,15.55,63.78,25.76,39.91,50.85,27.9,61.25,19.95,67.1,104.1,19.61,17.0,48.52,66.56,37.42,35.54,12.19,27.11,28.42,51.66,33.3,10.74,12.75,132.16,64.34,20.26,87.9,59.88,48.19,43.06,14.48,35.66,59.01,17.8,11.92,22.65,30.82,28.65,23.62,15.75,17.79,43.57,80.06,17.48,50.0,122.9,68.05,19.89,,30.15
2021-12-24,15.25,63.49,25.03,37.65,48.4,31.0,64.56,19.61,62.02,98.34,21.96,20.05,47.46,64.68,35.07,36.57,11.19,25.94,27.58,50.92,35.49,10.03,12.28,141.52,64.34,20.26,89.8,58.23,46.87,42.83,15.02,37.47,57.25,17.94,10.8,22.08,29.73,27.4,22.42,17.2,17.1,43.2,80.35,16.4,48.25,123.9,66.56,19.19,,31.0
2021-12-31,15.95,60.46,25.82,39.18,48.4,36.35,70.52,20.87,61.86,94.02,20.18,22.1,47.61,65.42,35.75,34.79,12.48,26.34,28.27,50.08,35.76,10.93,12.94,140.52,64.67,20.65,86.3,57.98,47.49,42.47,14.44,37.21,58.19,19.18,11.55,25.68,31.97,30.7,23.38,17.48,19.16,44.44,79.67,17.42,47.6,126.0,67.19,20.83,,30.55
2022-01-07,15.9,67.85,28.04,39.05,49.54,41.62,75.68,20.87,60.77,98.42,19.27,21.9,47.25,70.19,35.52,36.01,12.44,26.39,27.28,49.89,38.9,10.54,12.78,129.02,66.22,20.3,88.2,57.43,49.07,42.92,15.93,37.47,61.24,18.81,12.0,25.05,31.24,32.7,23.57,18.2,19.55,44.78,83.07,18.27,53.2,123.8,67.03,20.6,,35.95
2022-01-14,15.65,69.27,31.41,38.3,46.91,35.38,69.86,21.49,55.85,80.98,17.01,21.84,46.54,69.85,33.32,32.92,12.36,26.62,27.2,49.52,36.17,10.64,13.3,117.6,65.01,18.32,82.1,55.47,47.4,41.6,13.66,34.87,59.38,17.03,11.55,23.76,29.28,33.8,23.62,14.76,19.48,46.07,79.67,17.97,49.1,121.9,66.39,20.69,,33.0
2022-01-21,15.46,72.02,34.13,39.52,45.77,27.9,71.84,21.55,59.09,81.62,17.21,21.25,45.17,72.54,32.22,30.86,11.82,25.19,25.55,48.22,35.55,10.45,13.61,126.12,64.53,17.85,80.2,55.16,47.49,42.87,14.07,34.65,60.13,16.24,11.2,24.13,27.32,33.6,23.15,15.29,18.52,48.88,77.15,17.11,47.95,123.6,66.31,19.95,,33.65
2022-01-28,16.37,72.5,34.53,40.47,47.26,20.89,67.94,22.59,51.52,79.62,16.71,23.07,43.65,75.16,32.26,28.71,12.6,24.19,23.44,50.26,34.12,11.85,15.01,118.43,63.23,17.16,79.5,53.76,50.03,45.37,13.57,35.93,58.9,15.98,11.71,23.94,26.17,35.2,24.52,13.41,18.76,51.19,78.12,18.6,47.55,121.5,66.31,20.92,,34.1
2022-02-04,,,,,,,,,,,,,,,,,,,,,,,,,,,,,,,,,,,,,,,,,,,,,,,,,,
2022-02-11,16.56,76.38,34.96,41.01,48.49,21.62,63.04,22.62,55.78,83.06,18.44,22.65,46.59,75.56,36.24,30.96,12.8,26.68,27.62,50.17,36.03,12.15,15.21,124.14,65.01,18.51,78.5,55.1,53.37,46.73,15.31,36.2,62.19,16.64,12.57,23.66,27.19,34.75,25.27,13.95,19.16,51.36,77.73,18.6,41.5,132.8,65.91,21.6,,35.95
2022-02-18,16.0,79.22,32.97,40.53,49.8,22.16,62.24,21.27,57.3,81.54,19.35,23.46,46.85,78.25,38.71,31.56,11.99,26.45,27.74,50.92,37.12,11.71,14.83,132.41,63.62,18.59,78.2,56.7,52.4,48.55,15.23,37.85,66.5,16.6,12.0,22.31,26.89,33.6,24.42,14.42,18.92,48.6,77.73,18.33,41.25,140.1,64.0,21.07,,34.0
2022-02-25,16.19,78.28,32.35,43.24,51.73,26.74,64.3,20.93,63.58,90.1,22.31,21.97,46.9,80.67,39.47,31.99,11.91,26.39,27.81,50.73,36.17,11.3,15.53,133.24,65.93,17.82,76.5,54.25,55.38,49.45,14.9,39.12,66.98,16.64,11.76,22.19,27.19,33.1,24.09,14.49,19.48,47.98,76.76,18.53,40.45,148.1,63.12,21.89,,34.4
2022-03-04,15.67,74.39,31.05,42.7,51.29,25.42,59.59,20.04,70.99,94.42,23.93,20.9,47.36,80.6,42.73,34.04,11.62,29.2,32.49,50.26,37.46,10.83,14.87,132.0,65.73,17.78,78.9,53.94,54.59,46.6,14.23,40.78,66.31,18.16,11.39,23.14,27.8,31.85,23.5,14.32,19.2,47.93,75.79,18.05,39.5,142.5,62.64,22.01,,32.65
2022-03-11,15.39,69.75,29.7,40.33,50.06,23.87,56.28,19.71,72.94,91.46,26.57,22.62,47.96,79.26,41.75,33.2,10.99,28.17,31.41,50.64,35.08,10.81,13.99,123.31,64.24,17.7,78.0,53.94,53.8,48.82,13.57,38.38,63.43,17.69,11.31,22.96,27.92,31.4,23.24,14.32,18.08,47.08,73.07,17.11,39.4,138.5,61.68,21.51,,31.7
2022-03-18,15.48,70.98,31.7,41.01,49.19,23.68,57.94,20.2,73.13,87.22,24.74,23.95,47.2,72.54,40.53,31.99,11.36,26.45,28.42,50.26,35.21,10.86,14.65,115.03,62.99,17.62,76.8,52.9,49.5,46.72,13.49,38.22,61.79,16.89,11.82,23.27,26.56,32.8,23.22,14.02,18.64,46.74,72.58,17.4,39.15,144.2,61.2,21.45,,32.45
2022-03-25,15.43,70.69,31.3,41.41,51.73,25.57,60.92,19.95,86.2,89.86,28.11,23.46,48.78,76.5,42.35,32.64,11.46,26.65,28.81,50.26,36.44,10.98,14.44,121.65,64.87,18.17,82.8,57.49,49.15,48.82,13.9,42.58,63.11,17.0,11.82,23.39,26.44,33.6,23.34,14.35,18.97,47.25,73.65,17.58,40.3,144.0,60.4,21.33,,32.8
2022-04-01,15.5,69.65,31.55,41.55,53.48,23.64,63.96,19.95,87.76,89.64,27.18,23.92,54.26,72.41,43.64,31.89,11.46,25.77,26.66,50.08,35.76,10.54,14.87,119.17,71.03,18.71,80.1,54.67,48.28,50.19,13.08,43.65,64.11,17.14,11.28,23.27,25.38,31.65,23.41,13.48,18.76,46.18,73.36,18.49,40.7,140.5,64.71,21.77,,33.4
2022-04-08,15.81,68.7,31.19,43.18,56.38,24.41,56.88,19.95,86.9,87.16,26.28,23.14,57.51,76.44,42.88,34.14,11.82,26.77,27.31,50.08,35.08,10.96,15.21,125.38,74.64,19.67,83.8,56.7,49.68,52.52,13.78,43.65,64.55,16.74,10.96,23.36,26.59,31.9,23.34,13.38,19.11,47.19,72.97,18.49,40.0,137.0,62.72,23.36,,32.55
2022-04-15,15.86,72.78,29.45,43.11,54.71,22.36,49.33,19.31,96.34,84.1,29.29,22.1,58.42,75.56,42.5,32.31,11.13,25.77,25.47,49.33,34.32,10.69,14.56,125.28,75.85,18.66,84.2,54.74,48.1,53.34,12.79,43.49,66.31,16.24,10.54,23.42,25.26,30.7,22.34,12.54,18.27,45.68,70.25,17.5,40.75,136.9,61.12,23.06,,31.85
2022-04-22,14.87,69.18,28.0,42.43,58.74,18.52,42.38,18.08,97.51,83.44,29.41,20.02,57.1,70.59,41.82,29.09,10.26,25.19,23.21,48.67,32.41,9.03,13.66,122.1,75.41,18.66,80.5,52.84,44.33,55.16,11.17,43.34,67.74,13.91,8.85,23.36,22.06,28.1,20.79,10.6,16.38,44.49,62.86,16.52,38.85,136.6,60.48,21.24,,30.75
2022-04-29,14.54,78.84,26.73,42.02,51.99,17.82,38.4,17.1,88.15,82.53,26.49,19.92,53.29,71.87,40.61,26.56,10.34,24.56,21.68,48.86,32.07,8.71,13.23,116.15,69.92,17.77,81.9,51.75,41.87,48.59,10.59,43.07,65.67,13.22,8.72,22.9,20.24,27.55,19.98,10.43,15.7,45.79,61.31,16.32,38.75,128.5,59.44,21.42,,30.0
2022-05-06,14.64,78.75,27.09,39.99,55.15,16.47,36.62,16.76,89.32,80.22,25.11,19.34,51.92,71.53,41.14,25.91,9.91,23.7,17.78,47.54,31.19,8.65,12.84,114.16,70.55,18.21,81.0,51.09,40.81,49.28,11.42,44.04,66.31,13.69,8.64,21.54,18.13,26.0,19.7,10.06,15.7,44.83,65.1,16.13,39.25,130.0,57.04,20.54,,29.6
2022-05-13,14.03,73.92,24.52,37.46,47.61,15.5,30.13,15.35,76.06,80.14,20.4,20.44,48.78,70.06,42.5,21.42,9.34,21.84,17.24,47.64,28.83,7.47,11.72,102.35,64.72,17.32,75.0,47.32,33.88,47.32,10.22,46.36,65.51,11.22,7.33,21.51,15.71,21.5,17.15,8.45,14.95,43.31,66.95,14.33,39.5,124.5,53.53,18.31,,26.75
2022-05-20,13.42,71.64,24.95,38.09,43.84,15.15,31.75,16.02,83.82,74.93,21.46,20.15,49.59,70.86,38.71,21.84,9.91,21.59,16.05,47.07,28.32,7.95,12.08,109.0,63.81,17.57,77.9,45.07,35.64,47.91,10.72,47.65,63.23,11.62,7.75,21.3,17.4,21.75,16.91,8.69,14.9,42.24,65.2,13.69,38.95,125.4,55.13,17.96,,27.4
2022-05-27,14.45,69.65,25.46,41.49,47.08,17.05,32.81,16.58,85.81,76.42,23.04,21.12,53.6,72.88,40.91,23.8,10.4,20.04,16.78,51.4,28.32,8.17,12.48,108.01,67.03,17.97,78.0,44.98,37.44,52.47,10.92,51.36,61.15,12.86,8.1,21.02,17.71,22.5,17.43,9.36,14.76,43.14,67.04,13.93,38.7,125.0,56.97,18.25,,29.2
2022-06-03,14.94,68.33,25.17,41.28,47.43,16.66,37.68,16.82,97.46,76.42,25.35,20.99,56.59,79.26,43.64,24.13,10.56,19.07,16.66,59.03,27.91,7.85,12.28,113.66,71.13,18.86,79.0,45.32,38.27,56.35,11.17,57.24,61.11,12.64,7.81,20.78,17.4,21.5,17.17,8.79,14.83,44.1,68.6,13.96,39.05,128.5,56.73,17.72,,29.5
2022-06-10,14.77,66.9,24.7,41.42,47.78,15.89,37.08,16.88,106.69,76.67,26.81,19.76,57.56,84.97,44.02,25.44,10.52,19.35,16.78,61.57,27.94,8.11,12.39,114.26,74.64,22.51,76.9,44.31,40.55,58.36,12.87,58.85,62.71,13.0,7.73,20.53,17.28,21.8,17.48,8.85,13.97,43.76,67.2,13.85,38.9,127.3,55.93,18.37,,30.6
2022-06-17,13.77,63.78,23.18,38.78,45.15,13.56,35.09,14.73,112.62,74.52,24.62,19.89,55.52,83.96,40.23,21.14,9.95,17.75,12.41,59.69,26.2,6.45,10.66,107.21,76.53,22.42,77.3,41.89,35.64,52.52,12.41,58.97,61.07,11.26,6.95,21.89,12.6,20.5,16.56,7.31,12.15,43.31,64.8,11.52,37.9,125.0,53.45,16.61,,28.8
2022-06-24,13.89,61.12,22.63,37.39,46.38,13.14,34.43,15.5,105.42,71.13,21.9,20.73,52.94,78.45,40.3,21.37,9.79,16.54,11.72,56.02,25.86,7.23,10.91,107.71,71.2,20.4,72.0,43.73,35.86,55.31,11.63,53.53,60.79,11.44,7.27,22.66,12.3,21.3,16.98,7.11,12.38,42.86,63.3,10.99,36.75,128.3,56.73,16.61,,28.1
2022-07-01,13.97,62.36,23.87,38.23,45.77,12.17,35.42,16.08,98.23,72.54,20.2,20.51,53.49,77.11,39.39,21.04,9.74,16.88,12.34,60.25,26.55,6.93,10.7,111.08,69.36,20.0,74.9,42.89,35.11,58.71,11.3,53.59,62.19,12.97,7.22,23.25,12.46,21.4,16.82,7.18,12.68,41.91,62.2,11.41,36.6,129.0,57.76,17.08,,28.55
2022-07-08,14.18,56.86,26.4,39.4,48.4,13.48,40.72,16.27,84.51,72.78,18.46,20.21,51.59,67.27,36.09,20.01,9.81,16.65,13.48,55.55,26.77,7.15,11.4,103.5,62.68,19.02,74.0,43.9,34.58,53.71,10.72,46.47,61.07,12.57,7.33,22.99,12.9,23.0,17.93,7.18,12.85,42.13,61.3,13.51,35.0,129.3,60.3,17.02,,27.0
2022-07-15,14.21,60.84,26.19,38.85,50.77,14.96,41.12,16.7,82.65,72.7,20.77,19.99,51.65,68.17,37.57,21.74,9.66,16.92,14.02,58.84,27.79,7.52,11.49,101.9,60.84,19.51,74.0,44.15,35.24,53.3,10.97,47.9,61.51,13.58,7.83,23.14,14.43,23.4,17.05,7.85,12.61,40.56,59.5,12.98,34.55,126.8,59.81,16.49,,26.0
2022-07-22,14.44,58.94,26.77,40.03,49.98,15.07,39.0,16.94,85.19,76.01,21.23,20.02,53.12,71.76,38.71,22.17,9.81,17.18,14.02,58.75,27.64,8.01,11.54,105.1,62.87,20.85,74.5,43.73,36.86,52.29,11.09,50.74,65.51,13.22,7.86,23.43,14.23,23.3,17.62,8.05,13.22,40.56,58.9,13.51,34.05,126.3,60.47,16.61,,26.35
2022-07-29,14.39,69.08,26.62,40.51,49.98,15.65,39.73,17.04,80.95,76.01,20.7,19.56,52.33,74.52,38.33,22.59,10.05,16.35,13.14,65.81,28.65,8.44,11.58,111.0,60.45,21.37,74.0,44.48,36.47,52.19,11.21,48.58,70.06,13.29,7.94,23.32,14.23,24.65,17.71,8.15,12.89,42.41,58.9,14.06,33.9,127.4,60.06,16.73,,28.4
2022-08-05,14.65,74.39,28.43,43.36,51.2,16.12,42.18,17.74,76.55,76.01,20.81,19.89,52.94,74.38,39.47,23.01,10.11,17.71,15.25,64.77,29.22,8.65,12.12,107.9,60.93,21.09,78.5,45.15,36.51,53.2,11.21,49.2,72.74,13.58,8.07,23.25,15.6,25.1,18.14,8.6,13.5,46.13,62.7,13.8,32.95,129.2,60.55,17.25,,28.5
2022-08-12,14.47,75.34,27.78,43.91,49.71,17.86,40.59,17.53,77.06,76.01,20.7,19.43,52.7,77.97,39.09,22.91,10.36,17.64,15.55,64.02,29.14,8.25,12.08,106.7,60.93,21.05,81.1,44.65,36.56,52.33,11.42,49.5,72.5,13.8,7.89,22.99,16.27,25.05,18.19,8.43,13.39,45.84,61.4,13.74,32.9,124.8,58.65,17.4,,28.55
2022-08-19,14.74,75.81,28.69,45.16,49.45,19.14,44.89,17.59,80.44,76.01,20.94,19.43,54.11,79.28,39.85,22.73,10.76,18.24,16.17,64.59,29.52,8.44,12.48,112.0,62.48,20.81,83.1,48.58,37.22,52.06,11.42,51.36,76.33,13.4,8.29,22.99,16.77,25.25,18.45,8.36,13.46,45.34,61.0,13.74,34.0,123.9,60.63,17.72,,29.1
2022-08-26,14.71,86.14,28.51,44.75,50.33,19.41,47.61,17.74,83.41,76.17,22.9,19.47,53.74,80.38,40.15,23.85,10.89,18.17,16.78,63.54,28.5,8.65,12.84,113.5,66.55,21.05,83.8,46.99,38.53,53.66,11.75,52.91,74.81,13.4,8.58,23.72,17.04,25.7,18.71,8.67,13.48,46.13,61.0,13.64,33.0,123.7,64.27,18.9,,29.2
2022-09-02,14.39,86.14,28.87,45.23,50.33,17.67,45.95,17.37,85.36,75.43,24.09,19.76,53.37,81.28,38.1,24.92,10.66,17.41,15.74,63.36,28.31,8.46,12.79,113.8,70.23,21.05,82.3,45.99,36.86,52.47,11.38,51.8,75.01,13.44,8.21,23.1,15.84,24.55,18.31,8.26,13.03,48.38,59.9,13.27,32.0,121.0,62.7,18.46,,28.1
2022-09-09,14.18,83.39,26.62,42.67,49.1,16.66,44.7,16.54,81.71,74.68,23.16,19.92,52.62,77.9,36.93,23.57,10.6,17.67,15.97,64.21,26.66,7.98,12.41,115.5,69.75,22.38,85.2,44.73,35.11,51.78,11.38,50.74,76.89,12.71,7.62,23.43,14.7,24.0,17.81,7.78,12.75,44.16,59.8,12.6,31.6,115.0,62.7,17.75,,27.8
2022-09-16,13.77,92.4,26.11,43.64,49.63,17.82,47.74,16.33,84.68,74.77,23.16,23.04,52.06,76.59,37.57,23.76,10.32,17.71,16.41,62.12,26.7,7.93,12.03,111.8,71.11,24.37,85.5,42.81,34.49,51.37,11.96,53.34,75.45,12.42,7.54,23.03,14.37,22.95,17.2,7.53,12.38,44.61,60.0,12.15,31.6,116.0,61.71,17.84,,28.85
2022-09-23,13.27,91.83,25.82,41.83,49.19,17.13,45.03,15.59,81.21,73.12,22.15,23.01,51.69,76.87,37.34,22.4,9.99,17.45,14.99,60.6,23.96,7.58,11.47,109.0,67.91,25.91,84.6,42.89,32.96,52.52,11.34,52.48,75.09,12.24,7.14,22.77,14.03,21.8,16.27,7.74,11.84,43.43,57.5,11.78,31.5,114.0,63.61,17.22,,28.25
2022-09-30,12.89,78.66,23.79,39.27,46.91,14.92,37.81,13.9,60.04,71.46,19.84,23.4,47.9,70.38,35.79,18.99,9.46,16.27,13.56,59.56,21.59,6.88,10.65,98.2,61.71,21.61,84.9,42.39,29.58,50.91,10.34,45.67,71.1,11.66,6.66,22.33,12.8,19.6,15.59,7.47,11.45,41.18,50.0,11.73,26.65,110.0,59.39,16.04,,26.9
2022-10-07,11.46,80.9,22.12,38.36,42.61,13.91,33.51,13.08,57.67,69.4,18.94,22.68,47.4,73.76,36.57,16.55,8.95,13.36,11.12,60.88,18.78,5.91,9.49,84.8,54.73,21.49,80.1,42.06,28.26,46.32,9.27,44.74,73.1,10.9,5.64,21.85,11.39,17.6,13.65,6.95,10.77,39.15,53.6,10.56,30.25,114.0,57.25,14.1,,26.2
2022-10-14,12.01,81.19,23.94,40.58,43.93,13.41,31.52,14.03,65.88,70.22,21.09,24.7,46.28,74.59,37.74,15.93,8.8,14.95,12.96,59.27,20.28,5.75,9.68,81.0,56.19,22.03,75.0,41.05,29.93,48.25,9.02,47.09,77.09,10.42,5.7,21.93,12.03,18.1,12.52,6.86,9.79,38.53,53.0,11.17,30.25,108.6,61.13,14.54,,26.0
2022-10-21,12.51,80.33,24.05,42.25,44.63,13.64,31.06,14.27,66.9,74.52,20.7,23.63,48.33,76.52,37.85,15.64,8.67,13.85,12.41,58.8,19.08,5.86,9.33,81.0,56.48,21.41,75.0,40.8,29.58,49.72,9.02,50.12,76.49,10.39,5.83,21.49,11.63,17.1,11.74,6.74,9.62,38.93,49.95,10.67,29.25,109.0,64.02,14.1,,24.9
2022-10-28,13.13,78.04,24.88,46.14,46.91,12.4,28.8,14.92,67.74,72.7,20.56,27.3,47.46,75.97,35.71,14.06,8.49,13.17,12.23,58.51,17.57,6.1,9.63,83.0,51.83,22.32,73.5,37.88,25.89,47.89,8.69,50.12,75.89,9.84,6.1,22.73,10.82,16.45,11.15,5.65,9.9,40.78,44.5,10.67,27.7,108.8,64.85,14.63,,24.0
2022-11-04,12.51,74.5,23.94,44.83,45.51,12.67,27.81,14.36,61.82,70.72,18.41,22.29,46.03,76.87,35.91,13.43,8.01,11.35,10.8,58.89,17.16,6.23,9.38,84.0,46.06,19.75,59.9,31.35,25.67,47.56,8.36,46.66,72.7,9.48,5.94,22.33,10.86,17.05,11.81,5.37,9.81,40.22,44.8,10.61,27.45,100.1,66.0,15.11,,25.5
2022-11-11,12.13,70.01,26.11,40.15,43.05,10.46,19.86,14.58,57.16,70.39,17.83,15.7,45.47,78.38,34.2,12.14,7.44,9.31,8.09,57.94,14.42,5.91,8.79,82.0,42.04,18.09,41.85,21.91,25.07,45.2,8.77,42.64,75.09,8.32,5.62,21.38,9.56,15.6,11.1,5.02,9.58,41.06,43.95,9.45,26.5,97.6,65.18,14.67,,25.1
2022-11-18,12.19,76.13,25.86,39.93,41.65,8.52,18.61,15.07,49.96,68.32,16.62,12.61,43.6,82.18,31.51,11.04,7.8,11.05,8.09,55.57,16.22,5.97,8.38,97.1,39.72,18.84,29.25,15.34,23.42,46.22,8.36,42.08,74.05,8.14,5.37,22.15,10.52,16.95,10.79,4.58,9.62,42.69,47.95,9.79,33.45,102.1,63.61,13.22,,28.0
2022-11-25,12.6,71.64,27.85,38.1,43.49,9.53,19.6,15.29,43.36,66.92,16.29,12.32,43.92,73.83,35.79,12.95,7.62,11.05,8.92,58.42,16.15,6.34,8.55,90.0,36.38,20.79,20.45,10.79,25.25,49.23,8.9,43.32,72.1,8.75,5.6,21.67,10.96,18.5,10.56,5.78,9.44,41.12,46.0,9.66,31.5,101.7,67.16,13.48,,27.6
2022-12-02,13.18,77.18,28.29,41.9,44.06,11.08,23.18,16.14,49.11,69.73,17.17,13.58,46.46,73.48,35.71,14.39,8.21,13.62,10.34,58.8,20.43,7.05,9.63,99.0,42.04,21.41,23.35,13.04,28.27,52.0,9.14,46.04,70.1,10.34,6.52,22.22,12.1,19.8,12.75,6.0,10.04,44.94,53.5,10.53,32.55,103.0,67.99,14.8,,29.1
2022-12-09,13.33,76.41,28.22,42.85,45.37,10.85,24.3,17.07,54.53,70.22,19.13,13.84,47.46,74.45,37.54,14.15,8.67,14.31,11.45,58.32,22.68,8.47,9.84,99.0,44.56,22.24,16.65,13.75,27.86,51.91,9.35,47.9,71.62,10.15,6.64,22.62,13.83,22.5,13.44,5.75,10.37,44.1,55.4,11.14,35.25,107.0,66.91,15.11,,28.85
2022-12-16,13.48,75.08,28.04,42.71,45.46,11.04,24.57,17.04,56.73,69.81,18.85,18.1,47.9,73.35,36.57,14.68,8.54,14.53,11.49,58.89,21.1,8.04,10.11,98.0,45.29,23.07,17.3,11.71,28.37,51.35,9.27,47.03,71.5,10.34,6.61,22.81,13.36,22.85,13.7,5.9,10.63,44.72,50.3,10.99,30.3,111.1,64.19,16.26,,27.6
2022-12-23,13.42,76.22,28.65,44.46,44.71,10.31,22.41,16.88,52.7,70.14,18.94,18.2,47.52,70.72,36.26,13.87,8.62,14.27,11.45,59.18,20.28,8.04,9.71,92.5,45.05,23.03,15.5,11.2,28.09,50.38,8.77,45.42,71.68,11.59,6.49,23.25,12.7,23.45,13.09,5.55,10.47,45.11,49.4,10.53,27.65,111.3,64.83,16.26,,26.15
2022-12-30,12.89,75.46,29.2,43.95,43.68,10.11,22.35,16.58,51.2,69.89,18.94,17.22,47.4,70.79,35.25,13.34,8.11,13.7,10.76,61.74,21.25,8.1,9.49,96.0,41.46,24.03,14.8,11.29,29.19,53.31,8.77,44.06,70.51,11.24,6.18,23.83,11.86,22.6,12.26,5.48,10.07,46.63,49.0,10.14,26.9,112.9,65.59,15.77,,26.15
2023-01-06,13.36,78.9,29.56,43.8,45.27,10.77,23.24,17.5,53.68,70.72,19.77,18.07,50.01,73.48,36.72,14.44,8.36,14.91,12.14,60.79,20.95,8.41,9.76,99.5,42.24,24.77,13.7,12.42,32.48,55.16,9.85,45.67,71.81,10.97,6.4,24.68,12.9,24.25,12.97,5.66,10.54,47.25,49.75,10.72,28.0,110.1,68.11,16.61,,29.2
2023-01-13,14.41,78.23,30.18,43.95,46.11,10.85,23.11,17.86,50.4,71.96,18.05,16.35,50.07,72.17,37.31,14.35,8.57,15.33,12.41,59.18,20.35,9.03,9.95,94.1,41.07,23.82,15.2,12.37,33.95,53.42,9.85,44.86,72.86,10.7,6.52,24.75,13.03,25.15,13.18,5.64,10.51,47.93,51.7,11.78,27.5,109.8,67.44,16.61,,28.7
2023-01-20,14.94,81.09,32.71,46.07,45.27,11.35,25.29,18.85,52.53,72.29,18.58,17.06,51.63,72.24,38.2,15.4,8.98,16.35,13.33,59.08,20.84,9.27,10.55,98.3,43.55,23.65,14.15,11.87,34.54,54.35,10.01,43.13,76.99,10.89,6.83,24.86,13.66,26.55,13.63,5.97,10.93,50.34,52.4,11.99,28.15,112.0,67.94,17.23,,29.0
2023-01-27,15.44,81.38,33.73,46.8,46.72,11.51,25.89,19.09,54.03,74.35,18.89,17.68,52.31,72.52,40.15,16.12,9.15,15.89,13.47,59.65,20.77,9.3,10.76,102.0,44.95,23.69,14.0,11.87,35.14,55.59,10.22,44.24,75.29,11.24,6.98,24.93,14.37,27.1,13.86,6.06,11.35,52.31,52.4,12.36,28.9,114.5,68.44,17.31,,29.7
2023-02-03,14.65,81.0,31.55,43.95,46.77,10.93,24.43,17.92,52.97,77.41,18.76,16.57,51.01,73.69,41.31,14.63,9.43,16.24,13.38,56.99,20.13,8.56,10.25,95.6,46.55,22.41,14.45,11.66,33.4,53.23,10.06,44.86,75.29,12.21,6.46,24.46,13.43,26.35,13.27,5.83,11.21,50.79,48.0,12.63,28.0,112.1,64.74,16.3,,28.85
2023-02-10,14.41,80.9,32.21,43.95,46.39,10.62,23.87,18.05,48.98,82.12,18.85,16.09,50.45,74.59,41.86,14.39,9.18,15.67,13.06,55.76,20.32,8.62,10.03,91.8,42.62,23.24,14.15,10.12,34.77,51.44,10.01,44.93,79.42,11.32,6.24,23.5,12.93,24.5,12.92,5.91,11.33,53.16,45.0,12.2,26.75,102.0,63.06,15.86,,28.2
2023-02-17,14.56,81.19,32.64,45.34,46.86,10.38,23.11,18.23,47.39,81.62,18.95,14.81,50.51,74.17,41.08,14.15,9.31,16.12,14.57,56.04,20.95,8.65,9.87,93.0,41.95,24.11,11.6,9.2,35.91,51.25,10.18,43.81,76.87,11.43,6.21,23.43,13.0,24.6,13.11,5.71,11.26,52.31,42.7,11.7,26.7,102.9,63.99,15.24,,28.3
2023-02-24,14.65,79.57,32.68,44.53,46.58,10.58,23.57,17.74,46.42,81.29,17.21,15.2,50.45,73.14,40.93,14.2,9.1,16.27,14.53,53.95,20.02,8.81,9.82,88.8,41.17,24.23,11.95,9.11,35.0,50.88,10.14,43.44,75.82,11.24,6.24,23.36,13.2,25.05,13.2,5.98,11.21,52.31,41.7,11.9,26.05,98.3,63.65,15.46,,26.7
2023-03-03,14.68,80.24,33.66,44.46,46.25,10.31,23.64,17.19,45.18,81.71,17.06,14.42,49.33,73.07,39.14,13.82,9.18,15.74,14.43,53.1,18.78,8.96,9.46,79.7,39.04,25.73,10.6,8.7,35.59,49.82,10.55,43.14,77.11,11.82,6.14,23.47,12.6,25.65,12.85,5.7,11.12,51.64,41.0,11.7,26.4,101.7,63.06,15.37,,26.3
2023-03-10,14.68,79.28,34.42,43.36,46.02,10.5,25.16,17.96,45.53,79.48,16.5,15.82,49.89,73.35,39.76,14.39,9.28,16.01,14.71,51.2,19.41,9.15,9.63,80.5,38.65,24.81,10.8,9.87,35.69,49.02,10.68,42.58,75.24,11.63,6.28,23.91,13.06,26.5,12.99,5.65,11.31,51.86,42.4,11.62,26.5,102.8,64.32,15.77,,26.9
2023-03-17,14.39,78.8,34.09,42.41,45.83,11.08,24.63,17.83,46.06,77.74,16.16,15.74,49.51,72.66,39.53,14.39,9.28,15.93,15.03,52.15,19.83,9.21,9.57,83.8,38.65,24.15,11.35,10.2,33.4,49.95,11.09,43.02,77.8,11.16,6.28,23.69,13.63,24.75,12.66,5.64,11.52,51.19,44.6,11.79,26.95,103.9,64.24,17.27,,28.95
2023-03-24,14.41,78.8,33.3,42.41,45.74,11.28,27.15,17.62,45.0,76.25,16.55,14.85,48.7,70.79,38.98,14.06,9.03,15.48,14.8,56.04,19.64,9.27,9.57,79.0,36.42,24.32,11.2,9.99,32.85,48.77,10.92,42.14,75.36,11.24,6.52,23.58,13.66,25.25,12.47,5.79,11.43,51.19,48.0,11.54,26.4,105.9,63.06,18.55,,29.25
2023-03-31,14.47,77.94,33.51,42.41,45.37,11.47,29.3,17.74,45.62,76.5,16.33,14.77,49.2,70.66,40.07,14.11,9.54,15.74,14.94,57.84,20.28,9.49,9.9,79.2,37.35,24.49,12.95,10.37,34.31,48.27,10.84,42.39,75.36,11.12,6.52,23.06,14.07,26.0,13.13,5.88,11.46,52.2,49.6,11.9,26.8,106.3,63.06,18.33,,30.0
2023-04-07,14.62,77.27,33.19,44.97,45.37,11.86,30.92,18.11,47.39,76.83,17.52,15.04,49.89,69.97,40.46,15.07,9.94,16.27,15.08,57.75,21.18,9.33,10.01,77.0,37.64,25.35,13.4,11.29,34.18,47.65,10.92,43.52,72.1,12.06,6.98,22.99,14.63,25.75,14.01,6.27,11.87,51.19,51.2,11.89,27.5,102.3,62.56,18.41,,29.5
2023-04-14,14.68,76.32,32.64,46.0,45.37,12.17,30.79,18.08,49.66,76.5,17.13,15.35,49.7,69.48,42.56,15.35,10.07,15.55,14.07,58.51,22.23,9.15,10.06,79.3,39.96,25.78,14.55,11.71,34.13,48.15,11.26,43.64,69.04,12.06,7.48,22.95,14.63,26.7,14.27,6.11,12.03,49.67,50.7,12.0,26.6,99.6,61.89,18.15,,28.65
2023-04-21,14.24,75.84,32.35,51.12,44.24,11.24,35.42,17.5,48.57,81.71,16.6,15.39,49.76,66.79,41.16,14.49,9.79,15.74,14.16,60.6,21.37,8.59,9.82,78.0,39.14,25.52,14.4,11.12,33.35,48.27,10.88,42.33,70.26,12.33,7.01,22.88,14.3,25.7,13.7,5.87,11.61,49.5,50.5,11.61,26.3,99.6,60.54,17.05,,28.3
2023-04-28,14.18,74.89,31.88,56.82,42.0,11.08,40.06,17.5,46.86,87.16,16.33,15.0,49.02,64.38,41.94,14.92,9.69,16.42,14.25,60.79,21.7,8.78,10.01,72.7,37.44,26.21,14.4,11.54,34.36,47.03,10.88,41.45,71.0,13.34,6.89,22.44,14.23,25.25,14.15,6.06,11.95,50.63,47.7,11.55,25.3,95.9,58.69,17.23,,27.1
2023-05-05,14.36,73.93,31.77,61.28,42.33,11.28,37.41,17.34,46.04,93.44,15.82,14.69,48.89,63.48,39.45,15.07,9.59,16.12,14.16,61.55,22.68,8.44,9.84,70.6,36.72,27.24,13.5,11.41,34.45,47.65,10.76,41.95,67.94,12.52,6.8,23.06,14.53,25.05,13.72,6.33,12.18,49.78,49.15,11.55,25.45,95.5,57.68,17.27,,27.25
2023-05-12,14.65,74.03,32.64,60.55,42.79,11.74,41.72,17.4,47.13,93.08,16.33,15.08,49.33,63.48,38.67,15.98,9.89,16.46,14.8,61.55,22.49,8.59,10.03,73.3,37.54,26.47,13.9,11.66,34.54,46.53,10.97,41.76,67.37,12.68,7.08,22.88,14.93,26.55,13.75,6.52,12.26,51.19,49.1,11.72,25.35,96.3,59.2,17.45,,28.05
2023-05-19,14.68,74.98,32.35,62.16,42.04,11.51,42.91,17.13,45.59,94.61,15.87,14.92,51.63,64.31,39.99,15.26,9.97,16.65,14.25,61.55,22.01,8.78,10.06,73.2,36.91,26.64,13.3,11.12,34.54,45.79,11.09,42.68,66.11,12.56,7.14,22.04,15.24,27.35,13.96,6.81,12.23,53.16,55.5,12.2,26.7,99.2,58.35,17.0,,28.05
2023-05-26,14.77,73.93,31.99,60.83,41.16,12.98,42.38,16.94,45.95,98.02,15.19,15.04,51.69,65.83,38.86,16.31,9.97,16.12,14.34,60.88,22.16,8.65,10.01,71.8,36.86,28.36,13.2,11.33,34.18,44.61,11.21,44.27,64.36,12.41,7.23,21.96,15.07,27.25,14.12,6.77,12.29,52.43,55.0,11.89,26.2,98.0,56.67,17.0,,27.75
2023-06-02,15.09,74.22,31.92,60.91,41.06,13.68,42.24,17.22,49.66,96.32,15.43,16.52,51.94,63.69,39.84,18.18,10.05,16.27,14.02,60.79,22.16,9.15,10.33,72.0,38.22,28.36,14.1,12.63,34.36,43.99,11.34,44.27,64.97,12.91,7.35,22.48,15.9,28.2,14.55,7.25,13.35,52.82,53.5,12.43,26.0,98.4,55.66,17.27,,27.05
2023-06-09,15.2,75.08,31.77,65.36,41.16,13.72,43.37,17.53,53.63,100.58,15.87,16.25,52.44,64.58,39.06,17.32,10.02,17.26,14.99,61.64,22.79,9.06,10.87,75.0,39.72,27.93,14.25,13.63,34.95,45.17,11.46,44.78,65.59,12.95,7.54,23.03,16.37,27.7,15.02,7.17,13.49,56.25,55.0,13.02,26.25,96.6,55.16,17.27,,27.05
2023-06-16,15.23,76.41,32.13,70.82,41.76,13.68,44.3,17.83,56.97,106.97,15.94,16.36,52.31,67.07,39.29,17.51,10.02,17.6,15.35,61.36,23.06,9.18,11.01,77.5,40.64,27.58,15.45,14.59,35.37,45.98,11.26,44.7,66.2,13.22,7.69,23.14,17.41,28.05,15.42,7.08,13.09,58.61,56.4,13.17,26.9,97.3,55.92,17.49,,27.0
2023-06-23,15.23,78.23,31.84,68.24,41.44,14.88,44.96,18.11,59.5,104.07,16.7,16.6,53.25,66.45,40.46,18.57,10.05,18.81,16.04,60.6,23.7,9.46,11.17,76.1,41.7,28.01,14.8,14.51,34.5,46.61,11.46,45.64,63.65,13.45,7.88,23.48,18.13,30.2,15.42,7.24,13.31,56.48,55.2,13.5,26.05,94.2,56.34,17.36,,27.0
2023-06-30,15.37,75.65,32.28,68.94,41.53,14.1,45.42,18.23,56.88,109.95,16.89,16.52,53.8,65.27,40.15,18.38,9.94,19.45,15.53,59.74,23.13,9.37,11.26,75.4,41.37,26.51,15.0,13.75,34.4,47.05,11.21,46.08,63.49,13.11,7.75,23.92,17.71,29.55,15.42,7.06,13.06,56.87,54.8,13.46,25.9,93.8,60.46,17.53,,27.1
2023-07-07,15.23,75.94,31.7,72.38,42.33,13.79,45.49,17.96,60.76,111.49,16.99,15.47,53.68,66.03,41.86,19.77,9.78,20.36,15.48,59.36,22.68,9.55,11.2,76.2,41.7,25.74,14.25,14.05,37.06,45.42,10.97,46.94,63.16,13.37,8.09,25.24,18.13,29.1,14.88,7.42,13.02,56.53,54.5,13.33,25.25,94.3,59.45,17.27,,26.95
2023-07-14,15.48,77.85,34.02,74.64,44.01,15.0,51.45,18.42,65.0,112.51,18.01,15.86,55.64,68.65,44.66,20.82,10.05,20.55,16.61,59.65,23.96,10.01,11.89,82.0,47.81,26.04,15.05,16.14,37.84,50.18,11.05,47.74,63.16,14.57,8.55,25.55,19.79,30.2,15.21,7.51,13.16,59.01,56.5,13.8,25.9,95.1,61.55,17.67,,28.3
2023-07-21,15.44,75.94,33.55,80.1,43.92,15.11,52.44,18.2,66.0,110.81,17.84,15.62,57.66,68.1,44.74,20.73,10.5,21.46,16.71,61.55,24.07,9.95,11.83,79.5,47.57,26.08,14.8,16.3,36.33,49.55,11.01,46.51,62.95,15.12,8.83,25.81,19.45,27.95,15.05,7.42,13.49,59.06,57.5,13.94,26.0,97.8,61.04,18.46,,28.0
2023-07-28,15.59,74.79,33.88,76.66,43.4,16.04,45.49,18.05,64.55,102.2,18.37,15.66,60.41,67.62,45.05,20.87,10.65,21.5,17.75,60.7,26.74,10.17,11.83,84.2,52.72,25.31,17.85,18.39,36.69,50.8,11.01,48.31,65.79,14.48,9.04,26.12,20.45,28.1,15.61,8.24,13.34,61.56,57.7,14.04,25.55,96.9,63.74,19.16,,29.0
2023-08-04,16.57,74.79,35.18,70.89,44.43,16.58,42.58,19.03,66.99,103.13,18.78,17.69,60.77,68.72,43.96,21.02,10.65,20.28,17.75,61.26,26.7,10.51,12.02,86.3,51.84,25.39,19.55,18.23,37.15,50.86,11.17,46.8,66.82,13.54,9.22,26.7,19.79,28.6,15.9,8.64,13.42,60.23,60.9,14.14,29.5,101.0,62.95,19.21,,28.6
2023-08-11,16.11,70.78,33.73,70.11,44.01,16.0,45.16,19.49,67.62,98.87,19.15,18.94,59.33,70.24,43.49,20.58,10.65,20.74,17.84,62.02,26.32,11.44,12.11,82.8,51.05,25.44,20.85,18.14,37.47,49.55,11.42,45.42,65.79,14.14,9.4,26.43,19.62,30.75,15.85,9.55,13.38,58.77,62.3,14.21,36.3,100.6,63.47,19.34,,30.7
2023-08-18,15.94,68.2,34.17,65.9,43.49,16.82,43.04,19.83,67.8,98.11,19.9,19.09,61.93,68.93,42.79,20.39,10.56,21.12,18.79,60.22,26.29,11.75,11.99,82.1,52.72,25.09,20.45,18.65,36.37,49.61,11.63,45.28,63.94,13.67,9.33,25.81,20.63,32.1,16.32,10.07,13.52,59.63,60.8,14.04,34.55,100.0,63.81,19.38,,30.2
2023-08-25,15.44,64.0,33.22,65.9,42.56,15.96,39.4,19.49,67.89,97.17,18.68,18.39,65.51,70.66,43.18,19.0,9.94,19.83,17.8,60.5,25.91,12.51,11.6,80.0,49.2,23.72,19.8,18.39,34.59,48.68,10.39,44.41,63.86,13.88,8.79,24.41,22.02,31.3,15.92,10.42,13.49,57.24,55.5,13.46,32.6,96.5,65.38,18.02,,28.95
2023-09-01,15.76,69.54,33.62,69.72,42.18,17.28,41.12,19.74,75.84,99.3,19.05,19.83,70.71,70.99,46.14,20.01,10.07,20.74,18.89,62.12,27.11,12.75,11.73,80.0,52.81,23.72,20.1,20.23,35.14,50.36,10.55,45.5,65.79,13.88,8.97,24.49,23.27,32.5,16.11,11.26,14.17,59.17,54.8,13.63,31.25,97.0,67.29,18.33,,29.75
2023-09-08,16.08,67.72,34.46,73.62,42.79,17.75,43.64,20.07,81.26,105.27,20.89,19.95,71.36,73.57,49.72,21.26,10.62,21.57,20.35,62.02,27.41,12.83,12.31,82.1,53.3,24.75,21.6,21.36,35.96,52.3,10.68,46.15,66.12,14.14,9.3,24.1,23.27,32.8,16.94,10.97,14.17,59.44,55.0,14.04,30.25,100.4,68.76,19.16,,30.2
2023-09-15,15.87,66.86,34.09,68.87,42.28,18.21,43.17,20.32,82.34,102.2,20.68,19.95,70.27,76.5,49.95,21.4,10.84,21.12,20.26,61.74,26.21,12.75,12.24,78.8,56.24,24.63,19.0,21.32,37.01,50.86,10.59,45.5,70.72,13.8,9.0,23.22,24.93,32.3,16.58,11.26,13.85,59.04,49.6,14.72,28.0,99.5,68.94,19.78,,28.9
2023-09-22,15.59,66.0,32.5,70.11,41.16,17.01,45.82,19.34,83.51,102.11,19.99,18.24,69.61,77.08,50.95,21.98,10.78,21.0,21.25,61.46,25.76,11.79,11.95,77.4,51.93,23.9,17.7,21.4,36.41,50.74,10.43,46.94,64.97,13.8,8.64,22.82,23.37,32.0,16.04,11.51,13.6,57.38,49.4,13.9,25.75,98.0,66.94,18.68,,27.7
2023-09-29,15.3,64.86,32.21,68.09,39.75,14.72,43.26,18.75,85.77,101.34,19.7,16.22,68.8,78.63,53.19,19.1,10.72,20.28,19.41,61.26,24.6,10.92,11.8,76.5,52.62,21.95,16.0,20.07,35.15,49.11,9.89,45.86,60.03,12.81,8.02,21.89,22.85,31.0,15.83,10.03,13.02,58.64,45.0,13.29,22.6,99.4,65.12,18.77,,25.6
2023-10-06,15.16,65.43,30.18,67.23,39.19,13.99,43.26,17.5,84.78,99.21,20.47,15.3,66.97,72.11,51.11,19.0,10.47,18.81,17.37,60.7,23.42,10.92,11.51,72.7,45.87,22.09,13.8,18.81,32.5,48.93,9.06,45.21,57.16,11.78,7.62,21.59,21.98,29.85,15.0,9.17,11.94,56.12,44.85,12.64,22.95,95.5,63.12,18.46,,27.0
2023-10-13,15.87,64.0,30.61,72.53,39.85,13.9,47.32,17.99,87.48,102.79,20.36,15.99,70.27,72.97,51.99,19.82,10.78,19.38,18.32,60.41,24.78,11.24,11.67,72.5,47.43,22.36,14.6,20.02,34.17,50.05,9.31,44.92,56.5,12.21,7.88,21.67,23.13,31.2,15.31,9.82,12.26,57.11,47.05,13.02,23.02,97.5,65.46,19.08,,27.1
2023-10-20,15.3,60.18,29.16,66.29,37.65,12.12,43.44,17.46,81.08,98.02,18.68,15.81,67.7,70.48,52.15,19.29,10.81,17.94,16.09,61.64,23.95,11.2,11.25,66.4,42.06,20.37,13.25,18.65,32.73,47.74,9.19,42.97,56.25,11.74,7.48,21.67,20.9,29.0,14.5,9.37,11.61,55.45,42.5,12.41,21.5,105.1,61.9,19.03,,26.5
2023-10-27,15.06,56.64,29.41,64.97,36.57,11.84,46.26,17.4,76.74,87.71,16.56,15.99,64.04,65.59,47.34,18.71,10.53,17.6,15.81,60.79,24.78,11.47,11.0,62.0,41.37,20.46,13.1,19.15,30.73,46.66,9.02,40.59,54.2,12.0,7.37,22.51,20.32,28.55,14.17,9.45,11.54,56.18,40.0,12.13,20.82,99.8,58.43,17.8,,24.6
2023-11-03,15.66,56.64,30.65,67.46,37.98,12.67,49.0,17.43,78.28,89.5,16.77,16.27,65.14,68.08,51.03,17.9,10.87,19.23,17.99,60.7,24.78,12.35,11.35,63.0,36.68,21.59,14.9,18.9,31.15,47.3,9.23,39.86,50.5,12.08,7.95,22.86,20.14,29.2,14.15,9.45,11.97,59.1,40.45,12.88,20.85,104.9,61.56,18.02,,23.5
2023-11-10,15.73,57.31,30.76,72.92,38.26,13.39,53.86,17.96,82.88,89.84,16.95,16.54,66.97,67.74,55.04,18.52,11.55,19.98,19.45,60.12,25.85,12.39,11.6,62.0,38.88,22.45,16.05,21.4,31.33,48.06,9.72,41.52,52.47,12.34,8.13,21.37,21.25,29.4,14.74,9.82,12.26,57.84,42.5,12.95,22.5,107.5,61.47,18.4,,23.85
2023-11-17,16.43,60.08,31.92,74.17,39.0,13.86,55.8,18.54,86.67,88.9,17.89,17.65,68.36,68.25,56.4,19.34,11.7,20.59,20.54,60.32,26.8,12.43,11.86,66.7,40.59,22.59,16.75,23.33,32.12,49.32,9.81,41.81,52.88,12.12,8.42,20.7,22.47,30.25,14.97,10.44,12.62,58.31,41.3,13.36,22.6,108.7,61.64,18.49,,24.0
2023-11-24,15.66,55.97,31.19,72.36,37.88,13.42,54.12,17.92,84.69,87.88,17.05,17.19,66.46,66.11,55.76,18.85,11.18,19.68,19.69,60.22,25.98,12.03,11.41,63.4,37.07,22.18,17.4,22.57,31.1,50.9,9.48,41.45,49.76,11.61,8.02,20.13,21.7,28.4,14.34,10.07,12.3,56.78,39.0,12.81,20.68,105.9,59.56,17.7,,22.55
2023-12-01,15.55,55.58,31.8,72.78,37.98,13.54,55.09,18.15,85.86,88.39,17.29,17.0,67.48,66.02,56.4,19.54,11.15,20.28,20.45,57.18,26.27,12.23,11.38,61.0,37.9,21.95,17.75,22.87,32.68,50.9,9.39,41.38,53.46,11.35,7.88,19.78,22.02,27.5,13.98,10.23,12.3,56.38,41.3,12.81,21.02,104.5,59.04,17.75,,22.65
2023-12-08,15.73,62.45,33.19,76.21,38.03,13.98,58.71,18.53,87.3,87.79,17.63,17.6,69.02,66.97,56.16,19.73,11.55,21.04,21.21,59.27,26.18,12.79,11.64,63.5,39.9,22.63,17.6,24.12,32.73,49.76,9.6,41.89,54.28,11.74,8.02,20.0,22.71,28.7,14.57,10.56,12.62,56.58,39.7,13.15,21.3,105.7,59.39,18.16,,22.8
2023-12-15,15.87,61.0,33.89,75.04,38.46,13.42,54.83,18.18,85.77,85.24,17.42,17.0,70.41,65.94,54.72,19.39,11.67,20.51,19.88,59.84,25.19,12.51,11.51,65.0,40.69,22.14,16.3,21.91,32.12,50.33,9.39,41.31,51.89,11.35,7.88,19.87,22.29,27.1,14.43,10.28,12.26,55.78,40.45,12.85,21.85,105.3,59.47,17.56,,22.85
2023-12-22,16.29,59.16,34.18,78.3,37.7,13.27,56.5,18.18,84.87,83.87,17.29,16.82,69.54,64.22,54.56,19.59,11.58,20.59,20.59,59.84,24.82,12.23,11.57,64.0,41.52,21.59,16.65,22.16,31.75,53.11,9.39,40.95,50.99,11.35,7.77,19.91,22.47,26.6,14.41,10.89,12.19,53.72,40.2,12.81,21.6,105.5,58.87,16.82,,22.95
2023-12-29,16.78,60.71,34.91,88.59,37.94,13.42,60.56,18.67,87.39,86.26,17.4,16.91,70.71,65.34,58.09,19.98,11.98,21.16,21.49,59.74,25.36,12.51,11.86,67.1,42.25,21.82,16.7,23.24,32.12,53.43,9.31,41.16,51.81,11.44,7.88,20.88,22.88,27.65,14.97,10.93,12.55,55.45,44.05,13.43,22.32,108.0,60.09,17.38,,23.65
2024-01-05,17.76,58.97,35.73,87.34,38.46,13.78,61.8,19.73,89.82,92.48,17.79,17.46,71.22,66.02,57.29,21.0,12.6,21.0,21.25,59.84,25.56,13.39,12.82,68.2,42.25,22.5,16.85,22.95,32.82,53.49,9.48,41.67,52.56,11.48,8.35,20.75,23.48,29.0,15.64,10.77,12.91,57.04,43.45,13.9,22.08,107.9,60.61,17.89,,23.55
2024-01-12,17.66,58.48,37.53,87.67,40.23,14.65,60.04,21.14,85.52,91.03,17.45,17.92,69.39,65.25,57.37,20.51,12.84,20.7,20.64,59.65,24.86,12.95,13.07,66.0,40.93,23.54,16.65,22.87,33.06,54.5,9.72,40.22,51.72,11.87,8.64,20.79,23.34,29.3,15.99,10.69,13.24,58.51,41.8,14.28,21.75,105.6,59.13,17.98,,23.3
2024-01-19,18.11,58.38,39.16,90.01,39.42,14.57,60.92,21.75,86.27,90.26,17.47,17.92,70.27,64.74,55.84,20.61,12.84,21.0,21.54,59.84,25.9,13.95,13.9,66.7,44.99,23.27,16.55,23.58,32.5,56.28,9.48,40.22,52.05,11.87,8.82,20.31,23.61,30.0,16.34,10.85,13.31,60.43,43.35,14.73,21.68,104.3,58.95,18.07,,23.6
2024-01-26,18.15,59.93,39.57,87.75,38.99,14.53,60.04,22.03,81.89,91.97,16.98,18.11,69.9,65.17,56.24,20.51,13.0,21.5,21.92,59.74,25.9,13.95,13.96,67.0,44.01,22.91,16.6,23.2,32.22,56.59,9.43,40.51,49.7,11.65,8.93,20.18,23.72,30.7,16.56,10.52,13.13,60.83,42.2,14.48,21.35,104.5,58.6,18.21,,23.95
2024-02-02,18.22,63.03,38.67,90.01,39.52,14.49,59.86,21.96,84.97,91.2,17.37,17.14,73.34,65.08,55.52,23.93,13.46,20.97,21.68,59.55,25.19,14.26,13.96,65.6,45.48,23.27,16.7,23.75,32.4,58.11,9.43,39.94,48.52,11.57,8.46,20.0,24.24,29.95,16.06,11.26,12.91,59.17,41.5,14.45,21.18,105.7,59.04,17.7,,22.6
2024-02-09,19.55,61.77,39.9,89.01,39.37,14.65,59.06,23.61,89.54,90.35,17.58,17.23,76.64,64.91,55.52,24.62,14.24,21.23,21.87,59.45,25.85,14.42,14.73,65.0,45.92,23.09,17.3,25.04,32.31,57.6,9.39,40.8,48.26,11.4,8.42,20.22,24.31,30.75,16.91,11.14,13.06,59.77,41.05,15.15,21.15,104.7,59.13,17.89,,21.7
2024-02-16,19.31,61.68,40.06,87.84,39.85,15.37,59.59,24.22,88.98,91.2,17.84,17.56,76.12,64.91,55.76,24.32,14.58,21.76,22.15,60.03,25.98,14.5,15.37,65.1,45.38,23.4,17.5,24.96,32.87,57.48,9.48,42.1,49.27,11.44,8.71,20.53,24.55,31.3,18.19,11.22,13.63,59.7,42.15,15.64,21.28,104.5,59.3,18.44,,22.1
2024-02-23,19.45,63.13,40.72,93.61,40.47,15.29,60.74,24.57,94.66,93.25,18.16,17.19,77.22,66.97,57.69,27.45,14.14,21.61,21.39,61.29,26.93,14.1,15.3,68.3,44.31,23.68,17.1,24.33,33.38,56.84,9.77,43.11,48.85,11.82,8.79,20.26,24.03,31.15,19.25,11.02,14.14,59.44,45.0,15.78,23.98,103.8,62.8,18.21,,26.4
2024-03-01,19.66,61.39,43.58,97.71,41.05,14.73,58.98,24.5,105.39,93.67,18.24,16.73,79.93,66.71,61.3,27.94,14.39,23.62,21.49,61.19,28.83,13.63,15.37,70.4,45.53,23.27,17.15,24.46,33.52,57.16,9.64,44.2,49.53,11.4,8.6,20.0,25.98,31.75,19.7,10.73,14.32,65.21,43.7,15.32,22.5,103.8,63.06,18.4,,26.6
2024-03-08,19.31,67.78,43.66,97.54,43.4,15.21,62.95,24.57,113.78,96.32,18.63,16.73,81.46,69.45,64.19,28.91,14.3,23.46,21.68,61.29,30.15,14.1,15.62,81.0,48.17,23.77,16.95,24.0,34.92,61.27,9.85,45.5,51.3,11.4,8.68,20.04,26.32,31.35,20.05,10.89,13.88,63.69,43.5,15.39,23.0,104.0,63.06,17.98,,26.35
2024-03-15,19.13,65.74,42.19,95.62,41.67,14.97,67.98,23.61,120.69,95.46,19.1,16.5,85.49,69.71,64.43,32.04,14.08,22.97,21.02,60.8,30.89,13.35,14.95,78.3,46.21,23.45,16.45,23.49,34.92,63.67,9.6,46.58,49.44,10.67,8.31,19.91,26.25,30.45,19.49,10.77,13.49,63.09,42.9,15.32,22.95,101.9,62.11,17.33,,25.7
2024-03-22,19.83,63.9,43.58,94.53,41.15,15.98,63.66,24.09,114.72,99.13,18.68,16.82,85.12,69.45,63.38,32.63,14.76,22.97,21.63,61.1,30.98,13.55,15.94,79.3,47.63,22.61,17.35,26.17,35.85,62.97,9.43,46.15,48.43,10.71,8.39,19.87,26.25,31.65,21.49,12.45,13.56,63.22,43.2,17.04,23.25,102.6,60.78,17.47,,27.15
2024-03-29,19.94,63.32,43.5,94.53,41.58,15.54,64.45,24.53,115.56,99.3,19.07,17.0,85.2,69.11,64.35,32.24,15.01,23.16,22.77,60.52,31.31,13.47,16.29,76.5,49.88,23.45,17.75,26.84,35.1,62.34,9.52,46.15,48.35,10.71,8.42,19.34,27.12,32.25,22.65,12.41,13.85,63.69,43.4,17.01,23.92,103.4,60.6,18.21,,25.95
2024-04-05,19.17,61.0,41.62,94.95,40.14,15.01,61.8,22.78,112.85,97.25,18.84,16.41,82.78,69.45,63.63,32.04,14.39,22.29,21.73,59.45,30.56,13.55,15.02,72.8,48.9,21.68,17.45,26.5,34.45,61.26,9.35,45.35,47.59,10.37,8.1,19.16,25.8,29.5,21.49,13.36,13.13,62.96,42.7,16.06,23.72,102.2,60.42,17.66,,25.1
2024-04-12,19.1,58.77,43.33,94.19,40.04,14.85,61.8,23.2,112.39,97.68,18.1,16.73,84.83,67.74,64.27,31.21,14.82,22.71,21.77,60.71,30.03,14.7,15.21,71.8,51.15,21.03,17.8,26.63,33.99,64.06,9.27,45.86,46.75,10.62,8.13,19.47,25.94,29.1,21.47,14.1,13.24,62.76,44.5,16.2,24.18,101.3,59.18,17.93,,23.95
2024-04-19,18.67,50.64,39.16,92.86,36.98,12.87,55.18,22.03,101.66,97.17,16.82,15.35,80.88,64.39,64.19,26.86,14.02,21.04,18.7,60.23,28.0,15.62,14.41,66.0,48.17,20.15,14.8,22.57,32.64,58.2,9.02,43.37,45.23,9.51,8.13,19.56,23.58,26.4,20.79,12.54,12.23,59.77,40.95,15.16,21.8,102.0,56.88,16.78,,21.65
2024-04-26,18.81,50.35,40.55,89.51,37.55,12.95,58.8,22.34,106.79,96.91,16.4,16.45,90.03,63.36,65.31,28.38,13.9,21.42,18.85,60.03,28.08,16.57,14.03,67.5,52.33,19.82,14.95,21.99,32.68,59.67,8.69,43.88,45.82,9.34,8.1,19.38,24.2,28.25,21.73,12.82,12.73,60.9,40.4,15.09,20.98,103.0,57.32,17.01,,22.2
2024-05-03,19.03,52.28,40.59,93.69,38.41,13.63,59.06,22.27,112.85,97.0,17.26,16.36,93.76,63.54,68.2,29.6,14.6,21.46,19.43,60.71,29.24,16.26,14.41,68.6,54.48,21.03,15.0,22.16,33.61,61.45,9.19,47.11,48.01,9.51,8.57,19.38,24.38,27.8,22.44,13.48,12.8,61.36,41.3,15.52,22.3,104.0,58.12,17.01,,22.85
2024-05-10,19.38,56.64,40.55,97.04,39.18,13.67,60.21,22.75,116.58,97.08,17.76,16.41,96.1,65.42,68.6,31.06,14.67,23.16,19.87,62.16,29.7,15.94,14.51,71.4,57.51,20.56,13.9,23.14,37.43,62.02,9.19,48.65,48.6,9.64,8.57,19.34,24.52,27.9,23.05,14.96,13.13,61.56,41.0,15.6,22.7,117.9,59.09,17.29,,22.9
2024-05-17,19.83,56.25,40.59,99.63,39.09,13.96,60.48,22.89,117.52,98.19,18.37,16.45,99.1,65.34,67.96,31.65,14.98,23.92,20.89,62.54,30.4,17.77,14.95,72.6,58.49,20.94,14.2,23.98,37.01,61.96,9.31,50.56,48.68,9.77,8.64,19.47,25.07,28.5,23.5,15.41,13.27,61.49,40.35,16.1,23.38,117.8,59.63,17.93,,22.7
2024-05-24,19.97,61.97,40.55,98.75,43.11,14.0,64.01,22.72,118.92,100.49,19.23,16.96,101.01,69.02,68.2,32.24,15.13,24.4,21.47,63.22,30.4,18.53,14.69,75.5,59.86,21.4,14.5,24.21,39.86,61.7,9.56,51.98,50.12,10.24,8.46,19.34,25.21,28.45,22.48,15.99,12.98,60.43,40.4,15.89,22.58,111.0,59.09,17.91,,22.9
2024-05-31,20.89,59.06,39.0,96.37,43.11,14.2,63.92,21.82,116.58,105.69,18.79,18.2,98.81,69.88,66.83,35.26,14.3,23.65,21.08,63.22,29.74,20.96,14.24,78.0,61.42,21.87,14.2,23.38,39.96,59.09,10.59,52.66,49.95,10.2,8.31,18.94,24.2,28.05,22.8,16.44,12.77,58.9,39.2,15.89,21.75,107.5,58.38,17.48,,22.1
2024-06-07,20.51,62.94,39.33,97.87,44.83,14.2,64.18,22.51,112.57,103.99,20.28,18.11,103.2,69.02,67.4,34.09,14.67,24.44,22.93,63.32,30.31,20.92,14.69,78.5,60.93,21.4,14.75,23.88,40.64,60.68,11.38,52.4,55.25,10.45,8.64,19.07,24.76,30.7,23.87,16.03,13.2,59.17,39.3,16.32,21.95,108.9,59.89,17.77,,22.5
2024-06-14,20.64,62.45,39.57,94.34,43.78,14.2,65.24,23.26,115.0,101.49,20.36,17.65,110.28,68.77,68.04,34.58,14.94,24.57,23.61,59.94,31.97,21.36,15.64,78.7,62.59,21.31,14.35,24.35,40.83,61.89,11.71,54.09,54.58,10.28,8.79,19.12,25.49,31.65,24.11,16.15,13.7,58.77,38.4,16.64,21.6,106.0,59.36,18.94,,21.8
2024-06-21,20.77,62.55,37.28,96.55,43.2,13.5,67.8,22.23,121.9,101.4,19.73,17.05,113.5,67.05,67.0,33.21,14.58,24.44,24.48,56.56,31.1,21.83,15.15,75.8,61.62,20.94,13.65,22.63,40.15,62.66,12.54,56.45,52.73,10.07,8.42,20.66,24.86,30.7,24.31,17.43,13.45,57.18,37.75,15.89,20.72,103.9,58.92,19.18,,20.25
2024-06-28,19.89,63.71,36.06,90.82,44.74,13.34,64.1,21.48,115.65,100.7,19.42,16.96,112.57,65.68,67.08,35.17,14.17,23.94,24.0,53.95,30.69,22.79,14.69,74.6,62.2,20.28,13.55,22.5,40.06,60.68,12.21,53.58,51.38,10.02,8.28,18.28,23.82,29.05,22.84,16.11,12.79,57.11,37.6,15.34,20.55,102.0,58.03,18.45,,20.4
2024-07-05,20.18,61.48,38.71,88.79,45.12,13.26,63.66,22.2,117.33,100.52,19.44,17.83,115.37,67.31,66.43,34.19,15.19,23.9,24.29,55.11,31.39,24.98,14.86,77.0,64.28,20.47,13.35,22.36,42.48,60.43,12.21,55.53,51.82,10.37,8.5,18.41,23.89,29.9,22.75,16.07,13.08,58.51,38.3,15.34,20.7,101.1,58.83,18.55,,21.4
2024-07-12,20.14,62.94,38.35,86.14,44.5,13.63,64.45,22.1,117.05,98.23,19.6,17.1,112.06,67.48,67.24,36.09,15.72,24.07,24.14,54.72,31.84,25.02,14.96,75.8,63.88,20.42,13.5,22.03,45.38,62.21,12.5,60.08,49.2,10.58,8.57,18.37,24.17,30.0,22.26,16.85,13.27,58.57,38.5,15.38,20.85,101.0,58.83,18.59,,20.75
2024-07-19,20.72,65.36,39.9,87.55,45.02,13.46,63.12,22.82,114.34,103.87,18.84,17.23,109.01,66.97,65.34,35.22,16.17,23.65,23.56,54.44,30.31,25.5,16.23,71.5,64.08,19.63,12.35,19.53,45.96,61.06,11.75,60.76,47.29,11.1,8.64,18.46,24.1,30.55,23.14,15.99,13.34,58.44,37.7,15.56,20.35,105.9,58.38,18.5,,20.25
2024-07-26,20.14,66.9,37.85,82.88,41.19,12.8,59.33,21.65,103.9,98.58,18.34,16.82,106.72,65.68,64.02,32.28,16.11,22.77,22.35,54.24,29.65,24.14,15.57,71.0,59.64,18.89,11.3,18.56,44.85,60.62,10.76,59.49,47.64,11.27,8.38,19.38,22.29,28.8,22.11,14.63,13.27,57.97,37.8,15.09,20.95,107.6,57.94,17.91,,19.8
2024-08-02,19.97,63.32,38.02,84.47,40.47,11.93,56.5,21.31,96.9,99.64,17.95,16.5,103.5,66.97,62.86,29.99,16.46,22.19,19.82,55.98,28.25,22.79,14.99,71.0,60.13,17.96,11.2,16.06,43.59,60.81,10.72,55.53,47.9,10.58,8.26,19.34,20.73,28.0,21.97,13.56,12.97,60.03,36.05,14.87,21.08,103.8,62.02,18.01,,17.95
2024-08-09,19.55,69.23,38.43,82.0,40.86,12.14,54.12,20.83,97.65,98.88,18.45,16.82,103.75,70.31,63.28,31.85,16.27,21.57,20.26,52.99,29.32,22.95,15.12,74.6,61.81,18.38,11.6,16.11,46.44,60.56,11.59,56.71,46.5,10.92,7.92,19.07,21.22,28.65,20.46,13.81,12.75,58.04,37.8,15.06,20.9,99.3,64.5,17.38,,17.8
2024-08-16,19.64,68.74,38.22,85.35,41.38,11.89,54.03,21.86,99.52,95.97,19.0,16.87,109.43,69.97,65.58,32.24,16.98,20.98,19.04,52.89,29.32,23.55,15.25,75.4,65.06,17.68,11.25,16.48,47.51,61.57,10.84,57.04,48.42,10.8,7.92,19.03,21.7,28.95,20.6,14.1,12.71,58.44,38.2,14.98,20.45,103.2,65.56,17.57,,17.95
2024-08-23,20.39,70.2,41.04,94.34,42.92,12.97,56.24,23.61,105.3,97.52,19.69,17.33,113.33,72.63,68.06,33.99,17.42,21.44,20.26,53.76,31.02,25.34,15.9,78.4,69.01,18.75,12.65,19.9,47.02,69.72,11.26,58.65,49.29,11.01,8.07,19.65,23.06,29.9,21.77,15.17,13.34,61.43,39.6,15.54,20.8,104.7,66.36,18.3,,19.8
2024-08-30,20.6,69.13,40.51,91.34,43.44,12.92,56.33,24.02,103.81,97.52,19.27,16.91,113.16,71.77,66.49,34.53,17.65,21.4,20.21,53.37,31.22,25.22,16.19,77.1,68.12,18.47,13.0,19.72,47.22,64.44,11.21,57.97,50.25,10.75,8.0,19.35,23.51,30.55,22.41,15.04,13.23,60.76,41.5,15.46,22.28,104.9,65.21,18.59,,19.35
2024-09-06,20.47,69.13,39.82,89.32,42.92,12.76,55.71,23.88,105.48,97.7,19.27,17.0,110.62,72.45,64.27,32.92,17.33,20.86,19.29,53.37,31.06,24.5,15.57,74.2,66.64,18.61,12.95,20.18,44.17,63.61,10.88,54.85,49.64,10.67,7.88,18.55,22.99,29.55,22.21,14.92,13.08,59.9,44.0,15.37,22.68,104.0,66.36,17.82,,19.75
2024-09-13,20.39,69.04,39.41,96.28,40.86,12.39,54.83,23.88,105.95,97.97,19.57,16.87,112.06,71.68,63.94,33.99,16.91,20.94,19.63,53.08,30.56,24.46,15.67,75.1,66.25,18.52,11.55,19.44,43.93,63.36,10.72,55.44,48.33,11.44,7.85,15.5,22.43,29.7,21.72,14.3,13.49,59.63,43.05,15.29,21.45,105.5,66.27,18.01,,19.1
2024-09-20,20.81,70.2,40.47,107.57,41.19,12.72,54.92,24.74,107.82,98.79,19.82,17.3,115.54,69.33,64.35,35.46,17.3,21.23,19.82,52.89,31.59,24.7,16.0,75.0,67.63,18.8,11.3,21.01,43.93,63.16,10.43,56.12,49.46,11.4,7.88,16.85,23.48,30.7,22.7,14.8,13.6,60.96,44.2,15.54,21.5,105.2,65.12,18.3,,19.65
2024-09-27,21.73,69.71,41.13,111.89,41.53,12.88,57.21,25.01,108.0,97.43,20.02,18.05,113.84,69.89,64.76,35.8,18.26,21.78,20.26,48.55,32.63,25.58,16.75,76.3,67.63,18.52,11.75,21.2,44.22,63.36,10.76,56.96,50.77,11.35,8.23,17.0,24.45,32.9,23.58,15.04,15.11,61.43,44.5,16.43,21.45,105.2,64.86,19.18,,19.3
2024-10-04,21.48,67.29,40.47,102.54,41.1,12.51,54.47,24.81,106.88,97.25,19.49,19.3,113.84,68.57,63.77,34.92,17.81,21.82,20.31,49.03,30.89,24.94,16.62,76.0,65.56,18.33,10.85,19.39,43.06,62.72,10.68,56.54,49.46,10.92,8.3,17.8,24.49,33.7,23.72,14.14,15.73,61.43,41.55,16.26,20.68,105.6,64.59,19.47,,18.65
2024-10-11,21.81,66.32,40.76,104.31,42.15,12.72,54.65,24.88,108.66,97.97,19.38,18.9,120.37,69.23,63.36,34.87,17.65,22.77,20.4,49.51,30.98,26.54,16.62,80.2,64.08,18.24,10.75,19.3,43.44,61.56,10.76,55.44,50.42,10.92,8.19,17.65,24.58,33.65,23.92,14.35,15.51,61.03,42.45,16.13,20.7,106.1,62.39,19.96,,18.5
2024-10-18,21.93,65.65,41.45,116.3,42.15,13.21,56.5,25.25,106.88,96.88,19.13,18.9,116.47,67.44,60.15,35.17,17.17,22.69,20.31,49.32,30.29,25.78,16.94,81.3,64.97,18.1,10.55,19.53,41.02,61.62,10.39,54.77,50.07,10.75,8.26,16.75,24.49,35.1,23.82,13.52,15.99,61.56,45.7,16.43,20.85,105.3,61.93,20.3,,18.95
2024-10-25,20.89,63.52,39.29,116.65,41.67,12.68,58.45,23.85,103.06,95.52,18.94,21.35,113.84,66.88,60.58,32.33,17.3,22.15,19.92,50.39,30.57,25.42,16.16,79.1,64.47,17.91,10.1,19.86,40.44,60.72,10.1,53.92,48.68,10.8,8.0,16.65,23.82,33.65,23.14,12.91,15.24,61.16,44.55,15.75,21.1,104.2,62.85,19.57,,18.25
2024-11-01,21.14,64.97,39.24,118.68,41.19,12.59,58.8,24.4,104.36,95.15,19.05,19.8,114.44,66.41,63.2,31.94,17.3,22.32,19.63,49.61,30.25,26.26,16.26,76.1,64.97,17.68,10.5,19.39,39.77,60.78,9.93,54.01,48.42,10.58,8.04,16.35,23.56,35.0,23.23,13.19,15.28,62.42,41.5,15.97,20.78,104.9,60.56,19.86,,17.85
2024-11-08,20.97,65.96,39.0,115.68,42.29,12.47,61.62,24.5,105.02,95.79,18.66,19.3,115.37,66.12,63.0,32.63,16.88,22.65,19.72,49.22,30.61,26.02,16.19,73.3,64.47,17.63,10.9,20.13,39.23,60.2,9.68,54.77,48.51,10.37,8.07,16.85,23.42,35.85,23.38,12.74,15.02,62.09,41.3,15.71,20.9,104.3,60.46,19.28,,18.15
2024-11-15,20.51,67.63,37.28,113.32,42.34,11.72,58.45,23.06,107.63,93.42,18.83,18.4,114.69,64.9,64.16,30.76,16.24,21.9,18.56,48.83,29.84,25.02,15.44,71.1,59.94,17.35,10.7,18.89,37.98,59.95,9.48,54.6,48.77,10.28,7.81,16.7,21.96,32.4,22.21,11.84,13.86,61.1,40.35,15.29,20.32,103.1,59.46,18.35,,18.15
2024-11-22,20.77,63.89,37.45,112.4,43.38,11.72,57.74,23.95,102.9,90.7,19.3,18.05,112.66,64.62,62.62,30.66,15.95,21.57,18.22,48.73,29.61,25.3,15.61,71.3,57.87,17.68,11.25,19.44,38.07,60.72,9.48,54.85,48.16,10.15,7.77,16.85,21.78,33.0,22.6,12.91,14.39,60.43,42.65,15.5,20.18,101.7,58.54,18.69,,18.2
2024-11-29,21.02,64.97,37.69,114.25,43.58,11.72,57.48,24.36,103.48,91.61,19.49,18.8,118.16,65.28,62.62,30.91,16.3,22.03,18.46,50.1,29.98,25.54,15.67,72.5,59.15,18.05,11.05,19.49,38.99,60.14,10.3,56.71,48.33,10.5,7.81,17.0,21.6,33.05,22.89,12.78,14.44,61.49,41.3,15.88,20.32,102.2,59.09,18.64,,17.95
2024-12-06,21.31,66.45,37.94,116.64,51.37,12.14,59.77,25.05,105.87,93.24,20.13,18.7,129.66,65.84,63.87,31.06,17.2,23.19,18.27,48.83,30.38,27.09,16.03,74.1,59.94,18.56,10.9,20.41,39.28,62.2,10.39,57.72,50.25,10.75,7.96,17.0,23.11,33.9,23.58,13.24,14.66,62.42,41.6,16.26,20.42,102.8,59.09,18.98,,17.75
2024-12-13,21.14,66.35,38.06,117.01,51.66,11.89,58.45,24.81,110.76,97.79,19.6,20.0,127.61,64.52,64.36,31.16,18.47,22.73,18.22,55.47,31.16,26.46,15.8,72.0,58.95,18.52,10.5,19.86,38.12,62.59,10.22,55.78,50.07,11.05,7.92,17.25,23.07,33.8,23.67,12.87,14.53,61.89,40.7,16.13,20.38,102.8,58.91,18.69,,17.3
2024-12-20,20.77,65.37,38.02,115.17,50.98,11.89,58.36,24.7,111.14,100.88,19.6,19.2,126.76,64.52,63.0,30.56,18.12,22.36,18.41,57.82,32.29,26.62,15.54,70.5,59.15,18.42,10.5,19.39,38.32,62.72,10.34,56.79,49.55,10.84,7.73,16.8,23.2,33.75,23.23,12.41,14.26,61.36,40.4,15.92,20.15,100.0,58.63,18.3,,17.05
2024-12-27,21.39,68.51,38.82,124.1,51.37,12.13,61.83,26.32,112.67,99.84,19.57,19.25,127.61,64.71,64.65,30.47,18.62,22.48,18.36,57.82,32.61,27.29,16.32,70.5,59.74,19.45,10.4,19.21,37.35,62.98,10.1,57.72,50.35,11.05,7.81,17.05,23.47,37.2,23.87,12.91,14.75,61.43,40.8,16.73,20.35,101.6,59.0,18.69,,17.2
2025-01-03,21.31,68.91,37.78,121.62,50.29,11.96,62.64,25.94,111.62,97.86,19.6,18.85,129.15,64.15,64.07,30.17,19.28,22.4,18.07,57.52,31.75,29.16,16.42,70.8,59.74,19.45,10.4,19.12,37.3,62.91,9.93,56.79,50.17,11.01,7.77,16.75,23.02,36.95,23.72,12.45,14.66,61.03,40.05,16.64,20.27,99.9,58.35,18.59,,17.35
2025-01-10,20.81,70.28,39.46,122.81,47.84,11.49,61.83,25.66,107.6,97.67,18.91,18.4,127.01,63.11,60.78,28.2,17.19,21.65,17.34,57.42,30.75,28.55,16.09,67.3,56.68,19.59,10.25,17.59,37.59,61.62,9.68,54.68,48.36,11.13,7.77,17.05,21.6,36.4,23.38,11.63,14.31,61.03,40.4,16.47,20.38,99.3,56.97,18.21,,17.0
2025-01-17,20.77,67.73,38.77,116.09,50.0,11.62,65.33,25.25,105.2,96.82,18.97,18.35,125.14,63.3,59.23,28.0,16.65,21.9,16.81,57.42,30.98,29.34,16.12,66.3,56.49,19.16,9.21,17.36,38.65,61.62,9.81,55.36,48.63,11.22,7.7,17.6,21.69,35.4,23.23,11.39,14.26,61.56,40.1,16.68,20.25,98.9,57.43,17.91,,16.5
2025-01-24,21.06,66.65,39.46,115.35,49.8,11.41,65.51,26.15,106.35,95.78,19.05,18.3,131.54,63.11,59.62,28.2,17.31,22.19,16.91,57.23,31.52,32.93,16.54,65.5,58.36,19.07,8.88,17.36,37.83,62.78,9.52,55.7,48.45,11.6,7.81,18.6,22.31,37.3,24.16,11.88,14.48,61.16,39.5,17.32,20.12,98.9,57.15,18.4,,16.45
2025-01-31,,,,,,,,,,,,,,,,,,,,,,,,,,,,,,,,,,,,,,,,,,,,,,,,,,
2025-02-07,21.31,69.3,39.36,114.61,50.19,12.01,73.48,27.11,106.73,96.73,19.63,18.6,125.05,63.68,60.97,28.79,17.81,22.32,17.29,57.62,31.43,34.0,17.02,67.7,58.06,19.26,9.44,18.33,38.61,63.75,9.81,55.86,47.55,12.73,8.0,18.2,22.27,37.35,24.79,12.74,14.79,61.69,38.85,17.15,20.25,97.9,56.04,18.45,,16.65
2025-02-14,21.68,69.69,39.91,110.1,53.23,12.26,79.85,28.14,104.24,94.84,20.27,19.15,122.92,63.39,59.52,29.38,17.62,21.73,16.23,57.42,30.7,35.68,17.25,69.2,54.32,20.52,9.09,17.59,41.02,62.33,10.06,57.3,47.28,12.73,8.23,19.2,22.22,39.3,25.43,12.78,15.11,61.23,38.95,17.44,20.25,96.2,56.04,18.59,,16.7
2025-02-21,21.73,71.26,40.4,110.56,56.27,12.48,82.0,28.03,105.77,95.4,20.57,20.35,121.89,64.62,59.52,31.9,17.62,22.11,17.0,57.13,31.07,33.91,17.18,68.0,55.99,20.03,10.4,17.91,41.41,61.09,10.1,60.84,46.56,12.73,8.34,19.5,22.4,38.75,25.91,13.89,15.24,61.16,40.7,17.36,20.48,96.8,56.14,18.64,,17.35
2025-02-28,21.73,74.21,40.5,111.57,56.66,11.83,83.34,28.34,106.35,95.31,20.43,20.7,119.59,64.15,59.33,32.24,17.85,23.65,18.65,56.94,30.52,34.14,17.32,68.4,57.18,20.08,10.3,18.38,41.56,61.48,9.97,63.31,46.92,12.78,8.45,19.55,23.29,38.25,25.57,14.55,14.97,62.56,41.05,17.36,20.52,96.7,57.52,18.59,,17.25
2025-03-07,22.14,73.92,40.35,116.92,56.57,12.13,86.48,28.62,107.21,95.69,20.21,22.2,120.95,64.33,59.42,33.52,17.77,23.32,18.41,56.45,30.52,33.07,18.19,69.2,60.92,19.5,10.4,18.65,42.19,60.7,10.01,63.22,46.83,13.39,8.41,19.45,24.09,39.65,26.99,14.3,14.39,62.16,43.6,17.65,21.15,96.3,58.08,18.69,,17.85
2025-03-14,21.89,77.66,39.76,110.74,53.04,12.01,75.99,28.86,104.34,96.06,19.77,20.35,115.75,64.24,57.87,32.54,17.85,23.07,18.31,55.18,29.16,32.98,18.19,70.5,60.63,19.11,10.45,18.42,40.25,58.5,9.89,61.6,46.29,14.05,8.45,19.8,24.0,38.8,26.4,14.1,14.26,64.98,47.7,17.15,25.9,97.4,57.61,18.79,,18.9
2025-03-21,21.93,78.64,39.16,110.47,52.25,12.13,77.88,28.55,102.32,94.37,19.88,19.9,106.7,64.52,57.39,34.01,17.81,22.57,17.34,54.59,29.16,33.12,18.23,68.6,59.15,19.16,10.95,18.65,39.96,58.3,10.55,61.51,45.84,13.96,9.97,19.8,23.65,38.95,26.64,14.35,13.33,66.57,47.1,17.27,25.8,96.3,57.06,19.08,,18.4
2025-03-28,21.73,76.38,38.72,110.28,52.15,12.01,78.41,28.48,100.7,95.5,19.77,19.4,107.64,63.49,56.13,34.56,17.42,22.86,17.25,54.98,29.57,30.74,18.0,69.4,59.25,19.5,10.3,18.24,39.48,55.12,10.68,62.79,44.75,14.0,10.77,19.65,23.42,38.25,27.03,15.5,12.75,65.08,51.1,16.89,28.5,96.5,56.32,18.74,,19.6
2025-04-04,18.97,64.39,33.18,97.2,44.26,10.33,66.58,24.94,80.58,83.99,16.94,17.65,90.14,54.82,47.18,27.26,15.04,19.65,15.1,51.76,25.16,27.01,15.82,57.2,50.18,16.79,8.91,15.65,33.67,46.42,9.23,52.87,38.48,13.53,9.21,19.8,20.36,34.1,23.53,13.07,11.02,56.33,46.1,15.08,27.1,82.4,49.86,16.36,,17.45
2025-04-11,20.72,55.54,36.49,111.3,43.33,9.82,64.97,25.39,80.1,93.42,17.61,17.45,99.87,54.73,46.45,24.16,15.96,20.15,15.0,55.28,23.48,29.81,16.88,55.4,50.28,17.61,9.26,14.07,34.25,46.55,9.35,56.46,43.31,14.76,10.01,19.55,20.45,35.4,25.82,13.11,11.86,59.41,51.8,15.88,29.85,90.5,51.34,16.55,,19.1
2025-04-18,20.47,54.46,35.8,125.39,44.75,10.29,70.08,25.97,84.5,93.14,18.0,18.2,94.32,55.01,45.78,24.45,16.04,21.36,13.6,53.22,24.53,31.48,17.32,57.9,56.09,17.61,9.5,15.32,33.14,45.77,10.01,56.03,42.77,15.04,10.22,19.6,20.71,38.6,25.82,13.98,11.64,58.32,56.8,15.33,35.9,88.8,52.35,16.21,,20.45
2025-04-25,20.39,55.34,34.91,132.21,45.83,10.42,73.93,25.53,88.05,92.01,18.14,19.0,95.6,54.26,47.71,23.32,16.38,21.19,13.9,55.37,24.43,30.55,17.62,60.0,58.66,16.79,11.3,14.72,32.61,46.36,9.97,58.86,44.39,15.98,10.85,18.7,20.62,40.2,25.28,14.39,12.04,57.83,61.0,15.46,32.2,85.7,52.17,16.26,,22.8
2025-05-02,20.01,54.75,34.22,130.55,45.29,11.32,74.38,25.22,87.38,92.01,18.05,19.35,93.55,55.01,49.36,23.17,16.54,21.36,13.7,55.47,24.25,30.55,17.77,61.8,59.94,17.08,11.65,14.4,32.7,45.77,9.72,59.03,45.84,15.98,10.68,18.7,20.58,39.2,25.33,14.1,12.04,57.33,58.5,15.41,33.5,89.1,53.09,16.16,,22.9
2025-05-09,20.43,58.98,35.16,132.67,47.79,11.53,70.35,25.84,89.01,100.88,18.86,19.35,97.56,58.02,51.2,26.62,16.38,21.4,14.8,54.4,26.07,31.21,17.77,63.0,59.44,18.1,12.9,15.51,34.54,48.17,10.68,59.71,44.84,16.36,10.68,18.5,20.62,39.4,26.6,15.09,12.62,56.93,62.0,15.41,40.0,89.0,53.27,16.65,,24.8
2025-05-16,21.48,59.96,36.99,137.19,48.67,11.62,74.29,27.31,89.58,101.92,19.08,19.9,106.27,58.4,53.04,27.7,17.16,21.78,15.75,54.69,26.66,34.51,18.86,62.6,62.9,17.81,12.2,15.55,34.45,54.54,10.63,60.74,45.38,16.55,11.36,19.25,21.29,40.7,29.13,14.55,13.06,58.42,57.6,16.29,39.35,90.0,54.3,18.35,104.5,24.1
2025-05-23,21.55,58.68,35.6,132.37,48.67,13.29,70.97,26.66,84.7,100.3,18.47,21.4,99.61,57.55,51.29,26.62,17.04,21.44,16.35,54.1,25.66,31.95,18.68,64.0,63.29,17.86,12.55,15.18,33.67,51.29,11.42,60.06,44.8,16.97,11.36,18.7,20.8,41.1,29.76,15.04,12.68,56.53,68.6,15.94,46.0,87.1,52.77,18.25,90.5,25.3
2025-05-30,21.3,61.53,36.0,133.04,50.39,13.38,73.75,26.87,86.23,98.4,18.66,23.2,100.72,60.28,57.58,29.09,17.04,21.36,16.4,53.52,27.07,32.1,18.49,63.0,62.9,18.0,14.1,16.29,33.57,55.83,10.97,61.34,44.44,17.16,11.44,18.4,20.89,41.35,30.01,16.48,12.77,56.43,76.5,16.03,48.55,87.1,52.96,18.25,88.4,27.65
2025-06-06,21.05,60.16,35.11,130.54,49.02,13.21,73.84,26.39,86.8,99.0,18.83,24.2,99.7,60.1,56.62,28.84,16.62,21.69,16.35,53.13,27.48,31.8,18.26,65.9,60.33,18.1,14.2,16.89,35.07,50.58,11.34,66.13,44.66,17.49,11.52,18.05,21.25,41.3,30.2,16.15,12.53,55.94,75.7,15.76,48.3,90.5,53.92,18.1,88.2,26.5
2025-06-13,21.0,57.31,34.66,130.83,48.48,12.09,72.59,26.35,88.05,99.0,19.46,22.95,99.86,60.66,53.33,27.7,16.65,22.15,16.45,51.76,26.61,31.6,18.34,65.0,61.81,17.37,14.05,15.78,36.1,50.64,10.72,65.64,44.57,17.82,11.48,18.1,20.89,44.7,29.91,16.07,12.58,55.54,68.1,15.76,42.85,87.5,53.06,18.05,87.0,24.8
2025-06-20,21.3,58.0,35.41,136.21,50.49,12.31,76.17,28.0,93.13,99.6,21.43,23.4,99.95,67.82,53.23,29.53,17.0,22.48,16.75,54.59,27.25,32.55,18.9,67.4,63.09,17.86,15.75,16.52,39.55,52.07,10.76,68.3,44.66,18.01,11.35,18.1,21.38,47.3,33.32,15.99,12.72,56.33,71.5,15.85,44.7,88.8,53.82,18.6,93.1,24.7
2025-06-27,21.3,61.04,35.31,133.81,51.27,12.91,75.64,28.82,92.55,99.8,21.21,23.4,100.72,64.52,53.52,30.37,16.77,22.95,16.8,55.18,26.39,31.9,19.42,72.3,63.78,18.63,15.2,16.43,37.1,52.91,10.76,66.53,45.66,18.01,11.44,18.15,21.87,47.05,33.22,16.15,12.77,56.24,76.5,16.03,47.5,87.2,54.3,18.5,92.6,24.5
2025-07-04,21.45,65.27,36.05,135.35,51.76,12.82,75.28,29.3,98.59,100.8,21.37,23.45,102.02,62.55,58.55,29.18,17.46,23.15,17.1,54.69,26.71,32.65,19.5,74.7,64.97,18.39,15.0,16.57,37.0,53.56,11.01,65.74,44.7,18.67,11.3,18.4,23.02,46.7,33.95,16.36,13.15,57.53,76.3,16.2,47.2,89.1,54.97,18.7,94.0,25.1
2025-07-11,22.55,67.33,37.83,136.89,52.94,13.08,75.64,30.85,97.73,101.0,21.57,23.8,107.61,64.15,60.2,29.87,18.77,25.25,17.8,54.59,28.11,33.35,19.88,76.8,67.04,18.97,15.45,17.73,37.9,53.43,11.21,66.53,46.14,18.91,12.57,19.25,25.74,47.8,33.9,19.28,14.15,61.1,86.7,16.82,52.25,96.0,57.65,20.2,94.5,28.7
2025-07-18,22.5,66.45,37.88,136.6,52.25,13.98,79.31,30.88,98.68,102.0,22.29,24.7,110.19,63.96,57.2,30.07,18.85,26.0,18.1,54.4,29.15,33.7,20.1,76.5,69.5,19.16,17.15,19.58,37.15,55.96,11.5,67.12,46.57,19.24,12.53,19.95,28.49,48.0,34.24,20.47,14.25,61.9,95.2,17.05,62.35,95.5,57.45,20.9,90.6,29.8
2025-07-25,23.45,68.71,38.67,141.41,51.27,13.98,76.35,31.43,101.18,103.6,23.81,27.3,109.96,65.09,58.2,31.4,21.28,26.0,18.75,53.81,29.0,35.5,21.38,76.0,69.5,19.99,16.65,18.75,38.2,55.83,11.63,68.79,47.0,21.73,13.27,19.95,28.58,49.45,34.19,20.88,15.01,61.7,90.3,18.45,56.6,114.2,60.99,23.5,88.0,29.3
2025-08-01,23.0,70.48,37.43,135.83,48.53,14.15,73.04,31.57,98.01,102.7,23.9,27.2,102.63,64.24,56.4,29.87,20.39,24.85,18.65,54.01,27.5,34.25,20.59,72.3,65.4,19.6,16.95,19.26,36.25,54.73,11.92,65.44,45.75,22.68,15.28,20.85,30.22,50.3,33.27,19.69,14.96,59.91,90.0,19.55,53.0,121.2,58.7,25.9,82.2,27.9
2025-08-08,24.5,69.4,40.55,136.31,50.98,17.13,75.19,32.9,102.8,102.0,28.4,27.2,105.4,65.37,60.2,30.81,22.05,28.6,19.8,53.71,30.8,35.8,23.21,76.5,72.6,21.24,18.45,20.15,37.1,56.48,12.54,65.84,45.75,22.96,16.59,19.9,31.74,54.4,37.75,20.02,18.83,61.8,93.5,19.75,57.45,127.8,58.31,29.5,84.9,29.6
2025-08-15,27.3,69.59,42.13,132.85,62.94,22.86,73.93,34.86,101.75,103.0,28.3,28.75,102.73,65.94,61.5,31.99,24.4,28.45,19.55,53.03,36.15,40.75,29.5,84.8,72.0,21.24,19.0,24.95,38.0,57.13,13.53,67.31,45.99,23.53,18.24,21.9,33.25,55.9,37.9,21.42,19.11,66.97,95.0,20.65,59.6,143.1,59.27,32.8,83.0,30.25
2025-08-22,29.0,67.33,41.93,125.25,57.35,23.79,68.82,35.34,92.65,101.6,26.9,30.0,100.55,64.99,61.3,31.01,25.64,26.95,18.6,52.74,35.25,48.0,27.75,83.0,69.9,20.52,16.6,23.3,36.7,55.83,13.2,64.36,44.6,23.34,18.05,23.1,32.4,57.4,39.45,19.4,20.97,63.59,97.5,24.5,61.0,140.5,57.17,38.0,80.9,29.85
2025-08-29,27.75,66.55,42.23,138.04,60.0,22.51,68.91,35.62,96.0,101.3,26.95,29.5,103.92,65.0,68.9,28.84,25.37,27.2,18.35,52.54,36.0,44.85,27.45,83.2,78.0,21.49,16.95,24.7,36.5,55.58,13.74,64.36,44.89,22.72,18.4,21.65,38.18,55.2,39.07,21.4,20.02,68.75,104.6,22.45,65.55,145.6,58.6,34.0,80.2,30.5
2025-09-05,27.95,66.55,43.12,144.39,59.9,23.69,71.42,35.14,95.81,102.0,27.2,29.7,104.12,64.9,68.9,29.38,25.83,30.0,20.95,53.52,36.95,45.75,28.5,86.3,78.0,21.97,17.35,26.2,36.8,57.52,13.99,64.95,45.32,23.15,18.79,21.65,38.0,56.9,38.92,23.07,20.59,69.05,100.5,23.2,62.6,140.1,59.17,35.5,80.1,30.3
2025-09-12,26.55,65.47,40.35,146.03,57.06,23.7,67.75,34.79,92.94,101.3,26.45,27.1,100.95,62.3,69.2,28.49,24.29,29.2,20.35,52.74,35.0,44.1,26.9,82.3,78.8,21.0,15.9,23.55,35.4,56.16,12.66,65.44,44.41,22.77,17.61,20.1,38.09,55.9,38.04,20.31,18.87,65.77,104.1,21.1,68.0,145.6,58.6,32.1,80.5,31.1
2025-09-19,25.8,67.82,40.65,142.95,58.04,23.2,73.57,35.07,94.85,102.4,26.55,26.7,102.73,63.3,72.8,28.69,23.59,29.3,20.0,50.69,33.6,45.7,26.95,84.6,78.5,22.07,15.25,23.7,35.55,57.78,12.74,65.64,45.03,22.72,17.61,19.95,36.45,57.4,37.8,20.35,18.01,63.79,104.0,20.6,72.5,139.8,60.99,30.9,80.0,30.3
2025-09-26,25.65,65.56,40.35,142.37,55.39,26.95,74.2,34.52,92.46,101.9,26.7,26.3,97.19,62.3,71.8,28.54,23.9,28.85,19.5,50.98,33.65,48.05,26.5,82.2,78.3,23.57,16.0,24.8,35.3,56.43,12.62,66.23,44.17,22.72,17.07,19.55,35.46,56.9,37.9,21.17,18.44,62.79,99.8,20.1,79.0,136.1,58.79,30.95,80.0,29.45
2025-10-03,25.75,65.07,39.56,136.79,52.65,24.25,72.77,35.2,87.95,101.8,23.85,25.75,91.25,60.2,66.0,27.11,23.75,28.1,18.6,51.08,33.0,51.8,26.7,81.2,77.0,22.74,15.4,22.75,34.15,54.78,11.79,64.17,43.59,22.63,16.67,19.35,34.41,58.6,38.55,20.74,17.82,62.0,98.6,19.7,86.0,128.7,58.6,30.15,80.3,31.75
2025-10-10,27.05,65.07,40.45,138.72,54.12,26.2,77.52,38.22,90.25,101.1,24.4,26.9,93.23,60.9,67.3,28.05,24.6,29.0,19.0,51.56,32.75,51.2,27.4,83.5,81.4,22.45,15.45,23.5,34.15,56.49,12.17,64.17,43.74,23.62,17.71,19.1,37.29,60.2,39.1,22.83,19.16,63.9,118.0,20.5,89.25,133.5,60.61,32.3,88.6,38.0
2025-10-17,26.3,64.48,39.75,145.26,50.88,30.0,76.98,37.12,91.5,102.7,23.9,26.7,89.17,58.7,67.5,27.01,25.87,28.3,18.55,50.88,34.4,51.5,27.25,91.4,84.8,22.07,16.25,26.3,33.7,60.72,11.92,62.79,43.35,24.04,17.91,18.95,37.83,59.0,41.65,24.41,18.83,62.9,122.0,20.0,107.05,173.6,61.0,33.2,81.0,43.5
2025-10-24,24.95,63.01,37.0,159.01,48.43,27.4,80.38,34.11,87.19,105.7,23.3,22.8,94.02,60.4,67.5,25.83,25.25,26.5,16.5,50.3,33.25,51.4,25.15,77.9,85.5,22.95,14.25,23.5,34.8,60.72,11.21,61.02,43.64,24.09,16.48,18.15,33.91,55.2,37.0,20.97,17.01,59.8,114.6,18.6,107.7,184.0,56.9,29.9,80.6,39.2
2025-10-31,25.3,65.76,38.0,163.53,50.29,24.45,90.06,34.46,89.77,105.6,24.0,22.5,101.54,59.8,69.9,27.95,25.87,26.9,16.7,50.59,35.5,52.3,23.8,79.4,83.9,24.95,13.8,23.35,34.55,62.43,11.88,64.85,43.98,23.95,16.62,17.8,31.68,56.7,35.7,21.07,17.1,60.8,103.8,18.75,101.0,194.0,57.4,29.2,77.5,34.1
2025-11-07,25.25,67.24,38.35,173.06,53.04,23.45,81.1,34.9,90.44,104.5,24.45,21.75,98.48,61.8,66.1,28.25,23.09,26.15,17.0,50.39,34.0,51.5,23.75,78.2,79.6,23.5,13.5,22.0,34.8,59.73,12.08,64.36,44.02,23.86,15.54,17.2,31.13,51.7,33.6,20.5,16.8,60.0,97.5,18.5,102.5,178.5,57.6,28.45,73.9,31.8
2025-11-14,25.1,66.65,38.2,166.23,54.5,24.5,78.32,33.52,96.19,103.4,23.85,21.3,97.88,62.9,63.0,28.5,23.02,26.5,17.0,51.27,34.3,49.0,23.45,78.6,79.2,23.9,13.35,21.75,34.55,59.46,12.12,64.76,45.46,23.76,15.98,17.05,31.72,48.6,34.8,19.97,16.95,59.8,93.0,18.5,105.4,175.6,61.7,27.6,73.0,31.65
2025-11-21,24.75,64.39,37.9,157.2,54.7,25.3,76.71,33.59,92.36,102.5,24.25,22.2,96.99,61.6,62.5,27.65,24.4,27.15,17.15,51.37,34.4,49.3,23.25,78.4,80.4,23.8,14.9,22.45,34.25,57.68,12.41,66.92,45.03,23.86,16.28,16.8,31.27,49.05,34.5,20.9,17.05,59.1,96.1,18.55,113.1,191.0,60.3,28.35,72.0,31.8
2025-11-28,24.35,64.58,37.55,157.0,52.9,26.05,77.96,33.63,91.02,102.6,23.35,22.25,98.08,63.0,64.1,27.9,24.6,26.9,16.85,51.66,35.15,49.5,23.5,78.8,80.0,23.3,14.8,22.3,34.0,59.73,12.79,64.85,44.5,23.57,16.48,17.2,30.22,49.0,33.75,20.4,17.35,58.0,102.0,18.7,124.1,201.0,62.2,29.1,88.0,33.65
2025-12-05,24.9,64.97,38.3,166.0,53.2,27.3,76.89,36.01,93.22,103.6,23.6,22.5,97.5,65.2,62.3,28.0,25.44,27.35,16.9,50.49,34.6,49.65,25.8,80.2,85.7,23.9,15.0,22.65,34.95,59.26,12.5,62.98,48.82,23.57,17.02,17.7,30.04,50.6,35.5,20.9,17.7,59.0,105.0,19.0,142.8,204.2,63.6,30.25,101.0,34.4
2025-12-12,24.05,64.19,37.7,171.1,54.6,25.25,76.44,34.77,90.73,103.0,22.6,22.15,96.0,62.6,58.1,26.7,24.52,26.6,16.4,51.08,32.3,44.75,24.9,76.5,82.3,23.7,14.35,21.15,34.4,58.6,12.1,62.0,49.88,23.15,16.03,17.45,29.3,47.7,33.45,19.85,16.8,57.8,101.0,18.15,147.8,185.0,61.7,28.1,91.0,30.0
2025-12-19,23.9,60.26,38.0,184.2,53.4,23.5,73.45,34.35,66.78,101.3,22.3,21.5,94.0,63.6,58.4,26.5,25.6,26.4,15.65,50.59,32.1,44.0,24.65,74.3,81.5,24.0,13.3,19.1,34.8,60.58,12.35,61.61,48.15,23.1,15.98,17.45,30.0,47.7,33.2,18.25,16.75,57.0,95.3,17.6,142.7,194.0,63.7,28.25,90.0,30.35
2025-12-26,23.9,59.76,38.45,174.2,54.5,22.4,73.61,34.9,64.0,101.4,22.05,21.95,92.7,69.0,60.0,25.55,27.0,27.1,16.45,50.1,31.7,42.1,24.7,76.0,84.2,24.0,13.4,19.2,35.05,62.83,12.5,60.42,46.14,22.91,16.13,17.4,30.25,55.5,33.5,18.35,16.9,57.1,106.3,17.65,147.0,208.7,61.6,28.2,92.1,30.0
2026-01-02,24.15,59.47,39.5,175.7,59.1,21.9,70.09,35.7,67.0,101.9,22.4,21.65,96.8,74.5,62.0,26.6,27.8,26.45,15.95,50.3,31.5,42.05,25.0,76.7,88.0,24.5,13.95,19.4,35.95,63.22,12.8,60.33,47.57,23.1,16.13,17.25,30.65,59.6,34.8,18.2,17.25,57.4,117.5,17.8,163.0,204.5,61.9,28.7,91.5,32.5
2026-01-09,24.7,66.84,43.8,174.6,69.0,19.8,69.52,39.0,62.9,103.2,23.45,21.95,96.1,90.6,63.0,30.4,28.85,26.8,15.8,50.49,30.5,42.1,26.75,78.5,86.4,24.9,13.25,18.5,41.7,68.77,14.05,61.02,46.9,23.05,16.48,17.4,30.95,53.6,37.05,17.1,17.9,65.4,138.6,18.1,176.0,201.7,62.4,29.25,92.1,35.6
2026-01-16,25.0,73.72,51.0,175.0,78.0,19.35,71.9,40.7,68.0,106.3,24.4,23.45,99.5,103.2,63.5,37.4,29.5,27.8,17.25,50.1,30.4,41.6,27.4,81.3,83.8,26.55,12.95,17.9,52.0,67.64,14.45,61.31,52.7,22.87,16.38,17.95,32.9,59.4,35.65,16.05,17.65,73.0,121.1,18.45,153.0,180.5,71.1,29.3,92.1,31.6
2026-01-23,25.0,72.25,51.8,162.0,75.2,19.45,71.42,40.0,76.0,104.5,25.85,22.5,103.6,104.8,70.1,38.55,29.25,27.1,16.65,50.2,29.55,43.9,26.95,80.0,86.6,26.45,12.95,18.0,56.4,73.3,14.8,62.59,50.7,22.63,16.13,17.55,32.2,63.2,36.2,16.05,17.4,71.0,122.1,17.95,163.8,181.5,69.4,29.2,92.2,32.15
2026-01-30,23.85,65.86,52.3,159.8,69.3,18.2,72.28,38.2,69.0,103.7,24.25,21.2,106.4,116.8,68.0,40.85,27.9,27.3,16.35,49.95,27.1,41.9,26.75,84.6,90.0,26.4,12.3,17.5,58.4,83.16,13.55,61.41,51.0,22.63,15.69,17.4,31.2,62.8,34.85,15.5,16.8,70.6,107.0,17.5,140.5,164.3,71.5,27.75,93.0,29.9
2026-02-06,23.4,66.84,50.7,156.2,77.5,17.9,79.23,38.2,67.0,103.5,24.75,20.9,98.0,110.0,70.7,39.0,27.2,27.35,16.0,52.5,26.4,41.1,27.0,78.4,89.7,26.5,12.1,17.25,56.5,75.3,14.05,61.41,49.5,22.54,15.34,16.8,30.7,61.8,34.5,15.3,17.05,67.9,97.6,17.1,130.1,165.0,68.3,27.2,84.2,28.3
2026-02-13,23.85,62.8,47.55,159.6,77.1,17.75,77.61,38.0,67.9,103.5,25.05,22.3,98.1,101.5,73.5,35.5,27.75,26.9,15.5,51.6,28.1,41.95,28.6,78.0,91.9,26.9,12.95,17.6,51.6,77.96,13.3,61.02,49.0,22.3,15.14,16.9,31.1,61.2,35.2,16.4,17.15,64.7,109.7,17.1,161.9,168.0,69.0,28.1,85.4,30.0
2026-02-20,,,,,,,,,,,,,,,,,,,,,,,,,,,,,,,,,,,,,,,,,,,,,,,,,,
2026-02-27,24.45,66.1,48.45,160.5,83.9,18.15,82.85,38.45,73.3,104.8,26.75,23.9,91.0,106.0,82.6,40.8,28.4,29.35,16.25,52.0,28.1,43.5,28.75,80.5,93.7,27.6,12.65,17.0,58.3,80.56,14.3,62.3,49.1,22.82,15.93,16.95,32.5,66.9,36.05,15.9,18.45,65.5,108.0,17.4,169.1,177.8,70.2,29.05,82.5,29.8
2026-03-06,23.5,58.5,44.0,153.0,74.7,16.35,76.38,35.9,71.1,102.8,31.05,22.35,84.4,118.6,77.0,39.65,25.9,27.0,15.0,49.95,26.8,42.9,27.1,74.9,84.8,28.2,11.4,15.65,63.6,76.63,15.05,63.9,45.65,22.16,15.0,16.95,33.1,64.9,32.1,14.2,17.0,62.0,95.0,16.85,163.5,156.0,63.0,27.0,75.4,27.0
2026-03-13,22.95,54.8,40.6,142.2,72.4,15.9,74.47,34.3,80.4,101.0,35.0,22.3,77.1,97.9,76.3,35.3,25.3,26.7,14.25,51.1,25.3,41.1,26.2,73.4,84.5,26.5,12.0,14.9,52.0,76.63,13.45,62.8,43.75,21.55,14.45,16.5,28.75,65.0,30.0,14.3,16.1,59.2,94.5,16.65,143.9,152.6,62.0,25.4,80.3,25.6
2026-03-20,23.4,52.8,40.65,128.1,73.9,16.75,78.28,34.55,55.5,100.8,30.8,22.25,76.5,88.1,76.5,32.4,25.5,26.5,14.5,49.9,26.15,43.9,26.3,75.1,82.1,26.0,14.2,15.35,46.6,76.56,13.0,65.4,44.35,19.8,14.7,16.95,26.8,63.1,30.0,14.6,15.9,59.8,102.0,16.75,148.0,157.5,61.0,25.3,80.6,25.65
2026-03-27,23.4,52.9,38.9,124.3,81.5,18.2,81.52,33.7,52.7,100.8,31.3,22.45,74.5,80.4,77.8,30.0,24.6,25.95,14.55,49.4,25.45,41.8,25.75,72.2,78.6,27.7,14.1,15.3,40.2,68.5,13.05,71.0,44.0,20.46,14.95,16.7,26.35,60.5,30.15,15.85,15.9,58.0,102.0,16.85,130.5,155.0,61.0,26.0,81.0,25.55
2026-04-03,23.6,53.9,39.7,129.5,83.5,18.4,77.61,34.4,56.9,101.4,29.55,22.85,74.7,80.0,74.0,32.1,25.65,27.35,14.95,48.9,26.15,41.8,26.3,76.2,81.5,27.1,13.9,16.0,40.9,71.57,12.9,67.0,44.6,20.74,14.85,16.9,27.7,60.8,30.4,17.2,16.15,58.3,120.8,16.95,140.0,165.0,61.0,26.3,83.5,27.0
2026-04-10,24.1,55.5,41.1,130.3,78.5,19.25,79.23,35.25,52.5,101.0,28.6,22.75,78.6,78.6,73.7,32.8,26.35,28.6,15.6,49.0,26.35,49.35,26.8,78.5,81.3,25.8,16.95,16.85,39.95,72.63,13.05,65.4,45.15,20.56,15.55,17.15,29.1,66.3,31.05,17.35,16.4,59.6,124.0,17.25,151.6,166.5,62.6,27.5,80.8,27.85
2026-04-17,23.7,55.5,40.3,151.8,73.9,19.75,79.0,34.7,55.0,99.6,28.65,22.4,75.0,78.6,74.6,32.4,26.3,27.95,16.0,48.4,26.45,47.9,26.3,78.3,82.6,26.5,17.0,16.5,39.4,72.57,13.4,64.8,46.0,20.65,15.4,16.65,28.85,64.0,32.15,17.7,16.25,59.4,144.6,17.25,194.9,178.1,61.3,27.8,86.1,29.2
2026-04-24,23.55,54.4,40.25,149.6,70.8,19.15,81.1,34.8,54.8,100.0,28.1,22.8,75.0,78.1,73.7,32.9,26.5,28.2,15.9,47.45,25.65,47.25,26.2,79.2,86.4,25.3,18.9,16.15,39.1,75.1,13.05,65.0,45.05,20.5,15.15,16.75,28.2,66.7,33.0,16.85,16.3,59.7,152.0,17.35,212.0,175.6,62.0,27.65,85.2,30.3
