date,ACB,BCM,BID,BMP,BVH,CII,CTD,CTG,DGC,DHG,DPM,EIB,FPT,GAS,GMD,GVR,HDB,HPG,HSG,KDC,KDH,LPB,MBB,MSN,MWG,NT2,NVL,PDR,PLX,PNJ,POW,REE,SAB,SBT,SHB,SSB,SSI,STB,TCB,TCH,TPB,VCB,VHM,VIB,VIC,VJC,VNM,VPB,VPL,VRE,E1VFVN30
2014-10-06 07:00:00,,,,,,,,,,,,,,,,,,,,,,,,,,,,,,,,,,,,,,,,,,,,,,,,,,,12.2
2014-10-07 07:00:00,,,,,,,,,,,,,,,,,,,,,,,,,,,,,,,,,,,,,,,,,,,,,,,,,,,10.6
2014-10-08 07:00:00,,,,,,,,,,,,,,,,,,,,,,,,,,,,,,,,,,,,,,,,,,,,,,,,,,,10.3
2014-10-09 07:00:00,,,,,,,,,,,,,,,,,,,,,,,,,,,,,,,,,,,,,,,,,,,,,,,,,,,10.2
2014-10-10 07:00:00,,,,,,,,,,,,,,,,,,,,,,,,,,,,,,,,,,,,,,,,,,,,,,,,,,,10.1
2014-10-13 07:00:00,,,,,,,,,,,,,,,,,,,,,,,,,,,,,,,,,,,,,,,,,,,,,,,,,,,9.9
2014-10-14 07:00:00,,,,,,,,,,,,,,,,,,,,,,,,,,,,,,,,,,,,,,,,,,,,,,,,,,,9.8
2014-10-15 07:00:00,,,,,,,,,,,,,,,,,,,,,,,,,,,,,,,,,,,,,,,,,,,,,,,,,,,9.8
2014-10-16 07:00:00,,,,,,,,,,,,,,,,,,,,,,,,,,,,,,,,,,,,,,,,,,,,,,,,,,,9.9
2014-10-17 07:00:00,,,,,,,,,,,,,,,,,,,,,,,,,,,,,,,,,,,,,,,,,,,,,,,,,,,9.7
2014-10-20 07:00:00,,,,,,,,,,,,,,,,,,,,,,,,,,,,,,,,,,,,,,,,,,,,,,,,,,,9.9
2014-10-21 07:00:00,,,,,,,,,,,,,,,,,,,,,,,,,,,,,,,,,,,,,,,,,,,,,,,,,,,9.8
2014-10-22 07:00:00,,,,,,,,,,,,,,,,,,,,,,,,,,,,,,,,,,,,,,,,,,,,,,,,,,,9.9
2014-10-23 07:00:00,,,,,,,,,,,,,,,,,,,,,,,,,,,,,,,,,,,,,,,,,,,,,,,,,,,9.7
2014-10-24 07:00:00,,,,,,,,,,,,,,,,,,,,,,,,,,,,,,,,,,,,,,,,,,,,,,,,,,,9.7
2014-10-27 07:00:00,,,,,,,,,,,,,,,,,,,,,,,,,,,,,,,,,,,,,,,,,,,,,,,,,,,9.7
2014-10-28 07:00:00,,,,,,,,,,,,,,,,,,,,,,,,,,,,,,,,,,,,,,,,,,,,,,,,,,,9.5
2014-10-29 07:00:00,,,,,,,,,,,,,,,,,,,,,,,,,,,,,,,,,,,,,,,,,,,,,,,,,,,9.4
2014-10-30 07:00:00,,,,,,,,,,,,,,,,,,,,,,,,,,,,,,,,,,,,,,,,,,,,,,,,,,,9.7
2014-10-31 07:00:00,,,,,,,,,,,,,,,,,,,,,,,,,,,,,,,,,,,,,,,,,,,,,,,,,,,9.7
2014-11-03 07:00:00,,,,,,,,,,,,,,,,,,,,,,,,,,,,,,,,,,,,,,,,,,,,,,,,,,,9.8
2014-11-04 07:00:00,,,,,,,,,,,,,,,,,,,,,,,,,,,,,,,,,,,,,,,,,,,,,,,,,,,10.2
2014-11-05 07:00:00,,,,,,,,,,,,,,,,,,,,,,,,,,,,,,,,,,,,,,,,,,,,,,,,,,,10.0
2014-11-06 07:00:00,,,,,,,,,,,,,,,,,,,,,,,,,,,,,,,,,,,,,,,,,,,,,,,,,,,9.8
2014-11-07 07:00:00,,,,,,,,,,,,,,,,,,,,,,,,,,,,,,,,,,,,,,,,,,,,,,,,,,,9.8
2014-11-10 07:00:00,,,,,,,,,,,,,,,,,,,,,,,,,,,,,,,,,,,,,,,,,,,,,,,,,,,9.9
2014-11-11 07:00:00,,,,,,,,,,,,,,,,,,,,,,,,,,,,,,,,,,,,,,,,,,,,,,,,,,,9.9
2014-11-12 07:00:00,,,,,,,,,,,,,,,,,,,,,,,,,,,,,,,,,,,,,,,,,,,,,,,,,,,10.0
2014-11-13 07:00:00,,,,,,,,,,,,,,,,,,,,,,,,,,,,,,,,,,,,,,,,,,,,,,,,,,,9.9
2014-11-14 07:00:00,,,,,,,,,,,,,,,,,,,,,,,,,,,,,,,,,,,,,,,,,,,,,,,,,,,9.9
2014-11-17 07:00:00,,,,,,,,,,,,,,,,,,,,,,,,,,,,,,,,,,,,,,,,,,,,,,,,,,,9.9
2014-11-18 07:00:00,,,,,,,,,,,,,,,,,,,,,,,,,,,,,,,,,,,,,,,,,,,,,,,,,,,10.0
2014-11-19 07:00:00,,,,,,,,,,,,,,,,,,,,,,,,,,,,,,,,,,,,,,,,,,,,,,,,,,,9.9
2014-11-20 07:00:00,,,,,,,,,,,,,,,,,,,,,,,,,,,,,,,,,,,,,,,,,,,,,,,,,,,9.8
2014-11-21 07:00:00,,,,,,,,,,,,,,,,,,,,,,,,,,,,,,,,,,,,,,,,,,,,,,,,,,,9.9
2014-11-24 07:00:00,,,,,,,,,,,,,,,,,,,,,,,,,,,,,,,,,,,,,,,,,,,,,,,,,,,9.7
2014-11-25 07:00:00,,,,,,,,,,,,,,,,,,,,,,,,,,,,,,,,,,,,,,,,,,,,,,,,,,,9.6
2014-11-26 07:00:00,,,,,,,,,,,,,,,,,,,,,,,,,,,,,,,,,,,,,,,,,,,,,,,,,,,9.7
2014-11-27 07:00:00,,,,,,,,,,,,,,,,,,,,,,,,,,,,,,,,,,,,,,,,,,,,,,,,,,,9.6
2014-11-28 07:00:00,,,,,,,,,,,,,,,,,,,,,,,,,,,,,,,,,,,,,,,,,,,,,,,,,,,9.5
2014-12-01 07:00:00,,,,,,,,,,,,,,,,,,,,,,,,,,,,,,,,,,,,,,,,,,,,,,,,,,,9.5
2014-12-02 07:00:00,,,,,,,,,,,,,,,,,,,,,,,,,,,,,,,,,,,,,,,,,,,,,,,,,,,9.6
2014-12-03 07:00:00,,,,,,,,,,,,,,,,,,,,,,,,,,,,,,,,,,,,,,,,,,,,,,,,,,,9.6
2014-12-04 07:00:00,,,,,,,,,,,,,,,,,,,,,,,,,,,,,,,,,,,,,,,,,,,,,,,,,,,9.6
2014-12-05 07:00:00,,,,,,,,,,,,,,,,,,,,,,,,,,,,,,,,,,,,,,,,,,,,,,,,,,,9.7
2014-12-08 07:00:00,,,,,,,,,,,,,,,,,,,,,,,,,,,,,,,,,,,,,,,,,,,,,,,,,,,9.5
2014-12-09 07:00:00,,,,,,,,,,,,,,,,,,,,,,,,,,,,,,,,,,,,,,,,,,,,,,,,,,,9.6
2014-12-10 07:00:00,,,,,,,,,,,,,,,,,,,,,,,,,,,,,,,,,,,,,,,,,,,,,,,,,,,9.3
2014-12-11 07:00:00,,,,,,,,,,,,,,,,,,,,,,,,,,,,,,,,,,,,,,,,,,,,,,,,,,,9.5
2014-12-12 07:00:00,,,,,,,,,,,,,,,,,,,,,,,,,,,,,,,,,,,,,,,,,,,,,,,,,,,9.5
2014-12-15 07:00:00,,,,,,,,,,,,,,,,,,,,,,,,,,,,,,,,,,,,,,,,,,,,,,,,,,,9.5
2014-12-16 07:00:00,,,,,,,,,,,,,,,,,,,,,,,,,,,,,,,,,,,,,,,,,,,,,,,,,,,9.4
2014-12-17 07:00:00,,,,,,,,,,,,,,,,,,,,,,,,,,,,,,,,,,,,,,,,,,,,,,,,,,,9.3
2014-12-18 07:00:00,,,,,,,,,,,,,,,,,,,,,,,,,,,,,,,,,,,,,,,,,,,,,,,,,,,9.0
2014-12-19 07:00:00,,,,,,,,,,,,,,,,,,,,,,,,,,,,,,,,,,,,,,,,,,,,,,,,,,,9.4
2014-12-22 07:00:00,,,,,,,,,,,,,,,,,,,,,,,,,,,,,,,,,,,,,,,,,,,,,,,,,,,9.0
2014-12-23 07:00:00,,,,,,,,,,,,,,,,,,,,,,,,,,,,,,,,,,,,,,,,,,,,,,,,,,,9.1
2014-12-24 07:00:00,,,,,,,,,,,,,,,,,,,,,,,,,,,,,,,,,,,,,,,,,,,,,,,,,,,9.1
2014-12-25 07:00:00,,,,,,,,,,,,,,,,,,,,,,,,,,,,,,,,,,,,,,,,,,,,,,,,,,,9.1
2014-12-26 07:00:00,,,,,,,,,,,,,,,,,,,,,,,,,,,,,,,,,,,,,,,,,,,,,,,,,,,9.1
2014-12-29 07:00:00,,,,,,,,,,,,,,,,,,,,,,,,,,,,,,,,,,,,,,,,,,,,,,,,,,,9.1
2014-12-30 07:00:00,,,,,,,,,,,,,,,,,,,,,,,,,,,,,,,,,,,,,,,,,,,,,,,,,,,9.0
2014-12-31 07:00:00,,,,,,,,,,,,,,,,,,,,,,,,,,,,,,,,,,,,,,,,,,,,,,,,,,,9.3
2015-01-05 07:00:00,,,,,,,,,,,,,,,,,,,,,,,,,,,,,,,,,,,,,,,,,,,,,,,,,,,9.4
2015-01-06 07:00:00,,,,,,,,,,,,,,,,,,,,,,,,,,,,,,,,,,,,,,,,,,,,,,,,,,,9.3
2015-01-07 07:00:00,,,,,,,,,,,,,,,,,,,,,,,,,,,,,,,,,,,,,,,,,,,,,,,,,,,9.4
2015-01-08 07:00:00,,,,,,,,,,,,,,,,,,,,,,,,,,,,,,,,,,,,,,,,,,,,,,,,,,,9.5
2015-01-09 07:00:00,,,,,,,,,,,,,,,,,,,,,,,,,,,,,,,,,,,,,,,,,,,,,,,,,,,9.3
2015-01-12 07:00:00,,,,,,,,,,,,,,,,,,,,,,,,,,,,,,,,,,,,,,,,,,,,,,,,,,,9.5
2015-01-13 07:00:00,,,,,,,,,,,,,,,,,,,,,,,,,,,,,,,,,,,,,,,,,,,,,,,,,,,9.5
2015-01-14 07:00:00,,,,,,,,,,,,,,,,,,,,,,,,,,,,,,,,,,,,,,,,,,,,,,,,,,,9.6
2015-01-15 07:00:00,,,,,,,,,,,,,,,,,,,,,,,,,,,,,,,,,,,,,,,,,,,,,,,,,,,9.6
2015-01-16 07:00:00,,,,,,,,,,,,,,,,,,,,,,,,,,,,,,,,,,,,,,,,,,,,,,,,,,,9.5
2015-01-19 07:00:00,,,,,,,,,,,,,,,,,,,,,,,,,,,,,,,,,,,,,,,,,,,,,,,,,,,9.5
2015-01-20 07:00:00,,,,,,,,,,,,,,,,,,,,,,,,,,,,,,,,,,,,,,,,,,,,,,,,,,,9.4
2015-01-21 07:00:00,,,,,,,,,,,,,,,,,,,,,,,,,,,,,,,,,,,,,,,,,,,,,,,,,,,9.4
2015-01-22 07:00:00,,,,,,,,,,,,,,,,,,,,,,,,,,,,,,,,,,,,,,,,,,,,,,,,,,,9.4
2015-01-23 07:00:00,,,,,,,,,,,,,,,,,,,,,,,,,,,,,,,,,,,,,,,,,,,,,,,,,,,9.5
2015-01-26 07:00:00,,,,,,,,,,,,,,,,,,,,,,,,,,,,,,,,,,,,,,,,,,,,,,,,,,,9.5
2015-01-27 07:00:00,,,,,,,,,,,,,,,,,,,,,,,,,,,,,,,,,,,,,,,,,,,,,,,,,,,9.5
2015-01-28 07:00:00,,,,,,,,,,,,,,,,,,,,,,,,,,,,,,,,,,,,,,,,,,,,,,,,,,,9.4
2015-01-29 07:00:00,,,,,,,,,,,,,,,,,,,,,,,,,,,,,,,,,,,,,,,,,,,,,,,,,,,9.4
2015-01-30 07:00:00,,,,,,,,,,,,,,,,,,,,,,,,,,,,,,,,,,,,,,,,,,,,,,,,,,,9.4
2015-02-02 07:00:00,,,,,,,,,,,,,,,,,,,,,,,,,,,,,,,,,,,,,,,,,,,,,,,,,,,9.4
2015-02-03 07:00:00,,,,,,,,,,,,,,,,,,,,,,,,,,,,,,,,,,,,,,,,,,,,,,,,,,,9.4
2015-02-04 07:00:00,,,,,,,,,,,,,,,,,,,,,,,,,,,,,,,,,,,,,,,,,,,,,,,,,,,9.3
2015-02-05 07:00:00,,,,,,,,,,,,,,,,,,,,,,,,,,,,,,,,,,,,,,,,,,,,,,,,,,,9.3
2015-02-06 07:00:00,,,,,,,,,,,,,,,,,,,,,,,,,,,,,,,,,,,,,,,,,,,,,,,,,,,9.3
2015-02-09 07:00:00,,,,,,,,,,,,,,,,,,,,,,,,,,,,,,,,,,,,,,,,,,,,,,,,,,,9.3
2015-02-10 07:00:00,,,,,,,,,,,,,,,,,,,,,,,,,,,,,,,,,,,,,,,,,,,,,,,,,,,9.3
2015-02-11 07:00:00,,,,,,,,,,,,,,,,,,,,,,,,,,,,,,,,,,,,,,,,,,,,,,,,,,,9.2
2015-02-12 07:00:00,,,,,,,,,,,,,,,,,,,,,,,,,,,,,,,,,,,,,,,,,,,,,,,,,,,9.4
2015-02-13 07:00:00,,,,,,,,,,,,,,,,,,,,,,,,,,,,,,,,,,,,,,,,,,,,,,,,,,,9.5
2015-02-24 07:00:00,,,,,,,,,,,,,,,,,,,,,,,,,,,,,,,,,,,,,,,,,,,,,,,,,,,9.5
2015-02-25 07:00:00,,,,,,,,,,,,,,,,,,,,,,,,,,,,,,,,,,,,,,,,,,,,,,,,,,,9.6
2015-02-26 07:00:00,,,,,,,,,,,,,,,,,,,,,,,,,,,,,,,,,,,,,,,,,,,,,,,,,,,9.5
2015-02-27 07:00:00,,,,,,,,,,,,,,,,,,,,,,,,,,,,,,,,,,,,,,,,,,,,,,,,,,,9.6
2015-03-02 07:00:00,,,,,,,,,,,,,,,,,,,,,,,,,,,,,,,,,,,,,,,,,,,,,,,,,,,9.6
2015-03-03 07:00:00,,,,,,,,,,,,,,,,,,,,,,,,,,,,,,,,,,,,,,,,,,,,,,,,,,,9.5
2015-03-04 07:00:00,,,,,,,,,,,,,,,,,,,,,,,,,,,,,,,,,,,,,,,,,,,,,,,,,,,9.6
2015-03-05 07:00:00,,,,,,,,,,,,,,,,,,,,,,,,,,,,,,,,,,,,,,,,,,,,,,,,,,,9.6
2015-03-06 07:00:00,,,,,,,,,,,,,,,,,,,,,,,,,,,,,,,,,,,,,,,,,,,,,,,,,,,9.6
2015-03-09 07:00:00,,,,,,,,,,,,,,,,,,,,,,,,,,,,,,,,,,,,,,,,,,,,,,,,,,,9.6
2015-03-10 07:00:00,,,,,,,,,,,,,,,,,,,,,,,,,,,,,,,,,,,,,,,,,,,,,,,,,,,9.6
2015-03-11 07:00:00,,,,,,,,,,,,,,,,,,,,,,,,,,,,,,,,,,,,,,,,,,,,,,,,,,,9.5
2015-03-12 07:00:00,,,,,,,,,,,,,,,,,,,,,,,,,,,,,,,,,,,,,,,,,,,,,,,,,,,9.5
2015-03-13 07:00:00,,,,,,,,,,,,,,,,,,,,,,,,,,,,,,,,,,,,,,,,,,,,,,,,,,,9.5
2015-03-16 07:00:00,,,,,,,,,,,,,,,,,,,,,,,,,,,,,,,,,,,,,,,,,,,,,,,,,,,9.4
2015-03-17 07:00:00,,,,,,,,,,,,,,,,,,,,,,,,,,,,,,,,,,,,,,,,,,,,,,,,,,,9.4
2015-03-18 07:00:00,,,,,,,,,,,,,,,,,,,,,,,,,,,,,,,,,,,,,,,,,,,,,,,,,,,9.4
2015-03-19 07:00:00,,,,,,,,,,,,,,,,,,,,,,,,,,,,,,,,,,,,,,,,,,,,,,,,,,,9.4
2015-03-20 07:00:00,,,,,,,,,,,,,,,,,,,,,,,,,,,,,,,,,,,,,,,,,,,,,,,,,,,9.3
2015-03-23 07:00:00,,,,,,,,,,,,,,,,,,,,,,,,,,,,,,,,,,,,,,,,,,,,,,,,,,,9.5
2015-03-24 07:00:00,,,,,,,,,,,,,,,,,,,,,,,,,,,,,,,,,,,,,,,,,,,,,,,,,,,9.3
2015-03-25 07:00:00,,,,,,,,,,,,,,,,,,,,,,,,,,,,,,,,,,,,,,,,,,,,,,,,,,,9.3
2015-03-26 07:00:00,,,,,,,,,,,,,,,,,,,,,,,,,,,,,,,,,,,,,,,,,,,,,,,,,,,9.2
2015-03-27 07:00:00,,,,,,,,,,,,,,,,,,,,,,,,,,,,,,,,,,,,,,,,,,,,,,,,,,,9.3
2015-03-30 07:00:00,,,,,,,,,,,,,,,,,,,,,,,,,,,,,,,,,,,,,,,,,,,,,,,,,,,9.3
2015-03-31 07:00:00,,,,,,,,,,,,,,,,,,,,,,,,,,,,,,,,,,,,,,,,,,,,,,,,,,,9.0
2015-04-01 07:00:00,,,,,,,,,,,,,,,,,,,,,,,,,,,,,,,,,,,,,,,,,,,,,,,,,,,9.0
2015-04-02 07:00:00,,,,,,,,,,,,,,,,,,,,,,,,,,,,,,,,,,,,,,,,,,,,,,,,,,,8.9
2015-04-03 07:00:00,,,,,,,,,,,,,,,,,,,,,,,,,,,,,,,,,,,,,,,,,,,,,,,,,,,9.0
2015-04-06 07:00:00,,,,,,,,,,,,,,,,,,,,,,,,,,,,,,,,,,,,,,,,,,,,,,,,,,,9.0
2015-04-07 07:00:00,,,,,,,,,,,,,,,,,,,,,,,,,,,,,,,,,,,,,,,,,,,,,,,,,,,8.9
2015-04-08 07:00:00,,,,,,,,,,,,,,,,,,,,,,,,,,,,,,,,,,,,,,,,,,,,,,,,,,,8.9
2015-04-09 07:00:00,,,,,,,,,,,,,,,,,,,,,,,,,,,,,,,,,,,,,,,,,,,,,,,,,,,8.9
2015-04-10 07:00:00,,,,,,,,,,,,,,,,,,,,,,,,,,,,,,,,,,,,,,,,,,,,,,,,,,,9.0
2015-04-13 07:00:00,,,,,,,,,,,,,,,,,,,,,,,,,,,,,,,,,,,,,,,,,,,,,,,,,,,9.0
2015-04-14 07:00:00,,,,,,,,,,,,,,,,,,,,,,,,,,,,,,,,,,,,,,,,,,,,,,,,,,,9.0
2015-04-15 07:00:00,,,,,,,,,,,,,,,,,,,,,,,,,,,,,,,,,,,,,,,,,,,,,,,,,,,9.0
2015-04-16 07:00:00,,,,,,,,,,,,,,,,,,,,,,,,,,,,,,,,,,,,,,,,,,,,,,,,,,,9.2
2015-04-17 07:00:00,,,,,,,,,,,,,,,,,,,,,,,,,,,,,,,,,,,,,,,,,,,,,,,,,,,9.2
2015-04-20 07:00:00,,,,,,,,,,,,,,,,,,,,,,,,,,,,,,,,,,,,,,,,,,,,,,,,,,,9.1
2015-04-21 07:00:00,,,,,,,,,,,,,,,,,,,,,,,,,,,,,,,,,,,,,,,,,,,,,,,,,,,9.1
2015-04-22 07:00:00,,,,,,,,,,,,,,,,,,,,,,,,,,,,,,,,,,,,,,,,,,,,,,,,,,,9.1
2015-04-23 07:00:00,,,,,,,,,,,,,,,,,,,,,,,,,,,,,,,,,,,,,,,,,,,,,,,,,,,9.3
2015-04-24 07:00:00,,,,,,,,,,,,,,,,,,,,,,,,,,,,,,,,,,,,,,,,,,,,,,,,,,,9.1
2015-04-27 07:00:00,,,,,,,,,,,,,,,,,,,,,,,,,,,,,,,,,,,,,,,,,,,,,,,,,,,9.1
2015-05-04 07:00:00,,,,,,,,,,,,,,,,,,,,,,,,,,,,,,,,,,,,,,,,,,,,,,,,,,,9.1
2015-05-05 07:00:00,,,,,,,,,,,,,,,,,,,,,,,,,,,,,,,,,,,,,,,,,,,,,,,,,,,8.8
2015-05-06 07:00:00,,,,,,,,,,,,,,,,,,,,,,,,,,,,,,,,,,,,,,,,,,,,,,,,,,,9.0
2015-05-07 07:00:00,,,,,,,,,,,,,,,,,,,,,,,,,,,,,,,,,,,,,,,,,,,,,,,,,,,8.9
2015-05-08 07:00:00,,,,,,,,,,,,,,,,,,,,,,,,,,,,,,,,,,,,,,,,,,,,,,,,,,,8.9
2015-05-11 07:00:00,,,,,,,,,,,,,,,,,,,,,,,,,,,,,,,,,,,,,,,,,,,,,,,,,,,8.9
2015-05-12 07:00:00,,,,,,,,,,,,,,,,,,,,,,,,,,,,,,,,,,,,,,,,,,,,,,,,,,,8.9
2015-05-13 07:00:00,,,,,,,,,,,,,,,,,,,,,,,,,,,,,,,,,,,,,,,,,,,,,,,,,,,8.8
2015-05-14 07:00:00,,,,,,,,,,,,,,,,,,,,,,,,,,,,,,,,,,,,,,,,,,,,,,,,,,,8.8
2015-05-15 07:00:00,,,,,,,,,,,,,,,,,,,,,,,,,,,,,,,,,,,,,,,,,,,,,,,,,,,8.8
2015-05-18 07:00:00,,,,,,,,,,,,,,,,,,,,,,,,,,,,,,,,,,,,,,,,,,,,,,,,,,,8.7
2015-05-19 07:00:00,,,,,,,,,,,,,,,,,,,,,,,,,,,,,,,,,,,,,,,,,,,,,,,,,,,8.6
2015-05-20 07:00:00,,,,,,,,,,,,,,,,,,,,,,,,,,,,,,,,,,,,,,,,,,,,,,,,,,,8.6
2015-05-21 07:00:00,,,,,,,,,,,,,,,,,,,,,,,,,,,,,,,,,,,,,,,,,,,,,,,,,,,8.8
2015-05-22 07:00:00,,,,,,,,,,,,,,,,,,,,,,,,,,,,,,,,,,,,,,,,,,,,,,,,,,,8.9
2015-05-25 07:00:00,,,,,,,,,,,,,,,,,,,,,,,,,,,,,,,,,,,,,,,,,,,,,,,,,,,9.0
2015-05-26 07:00:00,,,,,,,,,,,,,,,,,,,,,,,,,,,,,,,,,,,,,,,,,,,,,,,,,,,9.1
2015-05-27 07:00:00,,,,,,,,,,,,,,,,,,,,,,,,,,,,,,,,,,,,,,,,,,,,,,,,,,,9.1
2015-05-28 07:00:00,,,,,,,,,,,,,,,,,,,,,,,,,,,,,,,,,,,,,,,,,,,,,,,,,,,9.1
2015-05-29 07:00:00,,,,,,,,,,,,,,,,,,,,,,,,,,,,,,,,,,,,,,,,,,,,,,,,,,,9.1
2015-06-01 07:00:00,,,,,,,,,,,,,,,,,,,,,,,,,,,,,,,,,,,,,,,,,,,,,,,,,,,9.0
2015-06-02 07:00:00,,,,,,,,,,,,,,,,,,,,,,,,,,,,,,,,,,,,,,,,,,,,,,,,,,,9.1
2015-06-03 07:00:00,,,,,,,,,,,,,,,,,,,,,,,,,,,,,,,,,,,,,,,,,,,,,,,,,,,9.0
2015-06-04 07:00:00,,,,,,,,,,,,,,,,,,,,,,,,,,,,,,,,,,,,,,,,,,,,,,,,,,,9.0
2015-06-05 07:00:00,,,,,,,,,,,,,,,,,,,,,,,,,,,,,,,,,,,,,,,,,,,,,,,,,,,9.1
2015-06-08 07:00:00,,,,,,,,,,,,,,,,,,,,,,,,,,,,,,,,,,,,,,,,,,,,,,,,,,,9.1
2015-06-09 07:00:00,,,,,,,,,,,,,,,,,,,,,,,,,,,,,,,,,,,,,,,,,,,,,,,,,,,9.1
2015-06-10 07:00:00,,,,,,,,,,,,,,,,,,,,,,,,,,,,,,,,,,,,,,,,,,,,,,,,,,,9.1
2015-06-11 07:00:00,,,,,,,,,,,,,,,,,,,,,,,,,,,,,,,,,,,,,,,,,,,,,,,,,,,9.1
2015-06-12 07:00:00,,,,,,,,,,,,,,,,,,,,,,,,,,,,,,,,,,,,,,,,,,,,,,,,,,,9.2
2015-06-15 07:00:00,,,,,,,,,,,,,,,,,,,,,,,,,,,,,,,,,,,,,,,,,,,,,,,,,,,9.3
2015-06-16 07:00:00,,,,,,,,,,,,,,,,,,,,,,,,,,,,,,,,,,,,,,,,,,,,,,,,,,,9.2
2015-06-17 07:00:00,,,,,,,,,,,,,,,,,,,,,,,,,,,,,,,,,,,,,,,,,,,,,,,,,,,9.2
2015-06-18 07:00:00,,,,,,,,,,,,,,,,,,,,,,,,,,,,,,,,,,,,,,,,,,,,,,,,,,,9.3
2015-06-19 07:00:00,,,,,,,,,,,,,,,,,,,,,,,,,,,,,,,,,,,,,,,,,,,,,,,,,,,9.3
2015-06-22 07:00:00,,,,,,,,,,,,,,,,,,,,,,,,,,,,,,,,,,,,,,,,,,,,,,,,,,,9.3
2015-06-23 07:00:00,,,,,,,,,,,,,,,,,,,,,,,,,,,,,,,,,,,,,,,,,,,,,,,,,,,9.4
2015-06-24 07:00:00,,,,,,,,,,,,,,,,,,,,,,,,,,,,,,,,,,,,,,,,,,,,,,,,,,,9.5
2015-06-25 07:00:00,,,,,,,,,,,,,,,,,,,,,,,,,,,,,,,,,,,,,,,,,,,,,,,,,,,9.4
2015-06-26 07:00:00,,,,,,,,,,,,,,,,,,,,,,,,,,,,,,,,,,,,,,,,,,,,,,,,,,,9.4
2015-06-29 07:00:00,,,,,,,,,,,,,,,,,,,,,,,,,,,,,,,,,,,,,,,,,,,,,,,,,,,9.5
2015-06-30 07:00:00,,,,,,,,,,,,,,,,,,,,,,,,,,,,,,,,,,,,,,,,,,,,,,,,,,,9.6
2015-07-01 07:00:00,,,,,,,,,,,,,,,,,,,,,,,,,,,,,,,,,,,,,,,,,,,,,,,,,,,9.6
2015-07-02 07:00:00,,,,,,,,,,,,,,,,,,,,,,,,,,,,,,,,,,,,,,,,,,,,,,,,,,,9.6
2015-07-03 07:00:00,,,,,,,,,,,,,,,,,,,,,,,,,,,,,,,,,,,,,,,,,,,,,,,,,,,9.9
2015-07-06 07:00:00,,,,,,,,,,,,,,,,,,,,,,,,,,,,,,,,,,,,,,,,,,,,,,,,,,,9.8
2015-07-07 07:00:00,,,,,,,,,,,,,,,,,,,,,,,,,,,,,,,,,,,,,,,,,,,,,,,,,,,10.1
2015-07-08 07:00:00,,,,,,,,,,,,,,,,,,,,,,,,,,,,,,,,,,,,,,,,,,,,,,,,,,,10.0
2015-07-09 07:00:00,,,,,,,,,,,,,,,,,,,,,,,,,,,,,,,,,,,,,,,,,,,,,,,,,,,9.9
2015-07-10 07:00:00,,,,,,,,,,,,,,,,,,,,,,,,,,,,,,,,,,,,,,,,,,,,,,,,,,,10.0
2015-07-13 07:00:00,,,,,,,,,,,,,,,,,,,,,,,,,,,,,,,,,,,,,,,,,,,,,,,,,,,10.1
2015-07-14 07:00:00,,,,,,,,,,,,,,,,,,,,,,,,,,,,,,,,,,,,,,,,,,,,,,,,,,,10.0
2015-07-15 07:00:00,,,,,,,,,,,,,,,,,,,,,,,,,,,,,,,,,,,,,,,,,,,,,,,,,,,10.1
2015-07-16 07:00:00,,,,,,,,,,,,,,,,,,,,,,,,,,,,,,,,,,,,,,,,,,,,,,,,,,,10.1
2015-07-17 07:00:00,,,,,,,,,,,,,,,,,,,,,,,,,,,,,,,,,,,,,,,,,,,,,,,,,,,10.1
2015-07-20 07:00:00,,,,,,,,,,,,,,,,,,,,,,,,,,,,,,,,,,,,,,,,,,,,,,,,,,,10.1
2015-07-21 07:00:00,,,,,,,,,,,,,,,,,,,,,,,,,,,,,,,,,,,,,,,,,,,,,,,,,,,10.1
2015-07-22 07:00:00,,,,,,,,,,,,,,,,,,,,,,,,,,,,,,,,,,,,,,,,,,,,,,,,,,,10.0
2015-07-23 07:00:00,,,,,,,,,,,,,,,,,,,,,,,,,,,,,,,,,,,,,,,,,,,,,,,,,,,10.1
2015-07-24 07:00:00,,,,,,,,,,,,,,,,,,,,,,,,,,,,,,,,,,,,,,,,,,,,,,,,,,,10.1
2015-07-27 07:00:00,,,,,,,,,,,,,,,,,,,,,,,,,,,,,,,,,,,,,,,,,,,,,,,,,,,10.2
2015-07-28 07:00:00,,,,,,,,,,,,,,,,,,,,,,,,,,,,,,,,,,,,,,,,,,,,,,,,,,,10.4
2015-07-29 07:00:00,,,,,,,,,,,,,,,,,,,,,,,,,,,,,,,,,,,,,,,,,,,,,,,,,,,10.3
2015-07-30 07:00:00,,,,,,,,,,,,,,,,,,,,,,,,,,,,,,,,,,,,,,,,,,,,,,,,,,,10.3
2015-07-31 07:00:00,,,,,,,,,,,,,,,,,,,,,,,,,,,,,,,,,,,,,,,,,,,,,,,,,,,10.2
2015-08-03 07:00:00,,,,,,,,,,,,,,,,,,,,,,,,,,,,,,,,,,,,,,,,,,,,,,,,,,,10.0
2015-08-04 07:00:00,,,,,,,,,,,,,,,,,,,,,,,,,,,,,,,,,,,,,,,,,,,,,,,,,,,10.0
2015-08-05 07:00:00,,,,,,,,,,,,,,,,,,,,,,,,,,,,,,,,,,,,,,,,,,,,,,,,,,,10.0
2015-08-06 07:00:00,,,,,,,,,,,,,,,,,,,,,,,,,,,,,,,,,,,,,,,,,,,,,,,,,,,10.0
2015-08-07 07:00:00,,,,,,,,,,,,,,,,,,,,,,,,,,,,,,,,,,,,,,,,,,,,,,,,,,,9.9
2015-08-10 07:00:00,,,,,,,,,,,,,,,,,,,,,,,,,,,,,,,,,,,,,,,,,,,,,,,,,,,9.9
2015-08-11 07:00:00,,,,,,,,,,,,,,,,,,,,,,,,,,,,,,,,,,,,,,,,,,,,,,,,,,,10.1
2015-08-12 07:00:00,,,,,,,,,,,,,,,,,,,,,,,,,,,,,,,,,,,,,,,,,,,,,,,,,,,10.2
2015-08-13 07:00:00,,,,,,,,,,,,,,,,,,,,,,,,,,,,,,,,,,,,,,,,,,,,,,,,,,,9.9
2015-08-14 07:00:00,,,,,,,,,,,,,,,,,,,,,,,,,,,,,,,,,,,,,,,,,,,,,,,,,,,9.8
2015-08-17 07:00:00,,,,,,,,,,,,,,,,,,,,,,,,,,,,,,,,,,,,,,,,,,,,,,,,,,,9.9
2015-08-18 07:00:00,,,,,,,,,,,,,,,,,,,,,,,,,,,,,,,,,,,,,,,,,,,,,,,,,,,9.6
2015-08-19 07:00:00,,,,,,,,,,,,,,,,,,,,,,,,,,,,,,,,,,,,,,,,,,,,,,,,,,,9.6
2015-08-20 07:00:00,,,,,,,,,,,,,,,,,,,,,,,,,,,,,,,,,,,,,,,,,,,,,,,,,,,9.5
2015-08-21 07:00:00,,,,,,,,,,,,,,,,,,,,,,,,,,,,,,,,,,,,,,,,,,,,,,,,,,,9.5
2015-08-24 07:00:00,,,,,,,,,,,,,,,,,,,,,,,,,,,,,,,,,,,,,,,,,,,,,,,,,,,9.2
2015-08-25 07:00:00,,,,,,,,,,,,,,,,,,,,,,,,,,,,,,,,,,,,,,,,,,,,,,,,,,,8.8
2015-08-26 07:00:00,,,,,,,,,,,,,,,,,,,,,,,,,,,,,,,,,,,,,,,,,,,,,,,,,,,8.9
2015-08-27 07:00:00,,,,,,,,,,,,,,,,,,,,,,,,,,,,,,,,,,,,,,,,,,,,,,,,,,,9.2
2015-08-28 07:00:00,,,,,,,,,,,,,,,,,,,,,,,,,,,,,,,,,,,,,,,,,,,,,,,,,,,9.3
2015-08-31 07:00:00,,,,,,,,,,,,,,,,,,,,,,,,,,,,,,,,,,,,,,,,,,,,,,,,,,,9.9
2015-09-01 07:00:00,,,,,,,,,,,,,,,,,,,,,,,,,,,,,,,,,,,,,,,,,,,,,,,,,,,9.3
2015-09-03 07:00:00,,,,,,,,,,,,,,,,,,,,,,,,,,,,,,,,,,,,,,,,,,,,,,,,,,,9.1
2015-09-04 07:00:00,,,,,,,,,,,,,,,,,,,,,,,,,,,,,,,,,,,,,,,,,,,,,,,,,,,9.1
2015-09-07 07:00:00,,,,,,,,,,,,,,,,,,,,,,,,,,,,,,,,,,,,,,,,,,,,,,,,,,,9.1
2015-09-08 07:00:00,,,,,,,,,,,,,,,,,,,,,,,,,,,,,,,,,,,,,,,,,,,,,,,,,,,9.1
2015-09-09 07:00:00,,,,,,,,,,,,,,,,,,,,,,,,,,,,,,,,,,,,,,,,,,,,,,,,,,,9.3
2015-09-10 07:00:00,,,,,,,,,,,,,,,,,,,,,,,,,,,,,,,,,,,,,,,,,,,,,,,,,,,9.3
2015-09-11 07:00:00,,,,,,,,,,,,,,,,,,,,,,,,,,,,,,,,,,,,,,,,,,,,,,,,,,,9.3
2015-09-14 07:00:00,,,,,,,,,,,,,,,,,,,,,,,,,,,,,,,,,,,,,,,,,,,,,,,,,,,9.3
2015-09-15 07:00:00,,,,,,,,,,,,,,,,,,,,,,,,,,,,,,,,,,,,,,,,,,,,,,,,,,,9.1
2015-09-16 07:00:00,,,,,,,,,,,,,,,,,,,,,,,,,,,,,,,,,,,,,,,,,,,,,,,,,,,9.2
2015-09-17 07:00:00,,,,,,,,,,,,,,,,,,,,,,,,,,,,,,,,,,,,,,,,,,,,,,,,,,,9.2
2015-09-18 07:00:00,,,,,,,,,,,,,,,,,,,,,,,,,,,,,,,,,,,,,,,,,,,,,,,,,,,9.3
2015-09-21 07:00:00,,,,,,,,,,,,,,,,,,,,,,,,,,,,,,,,,,,,,,,,,,,,,,,,,,,9.3
2015-09-22 07:00:00,,,,,,,,,,,,,,,,,,,,,,,,,,,,,,,,,,,,,,,,,,,,,,,,,,,9.3
2015-09-23 07:00:00,,,,,,,,,,,,,,,,,,,,,,,,,,,,,,,,,,,,,,,,,,,,,,,,,,,9.4
2015-09-24 07:00:00,,,,,,,,,,,,,,,,,,,,,,,,,,,,,,,,,,,,,,,,,,,,,,,,,,,9.4
2015-09-25 07:00:00,,,,,,,,,,,,,,,,,,,,,,,,,,,,,,,,,,,,,,,,,,,,,,,,,,,9.3
2015-09-28 07:00:00,3.13,,,,,,,,,28.7,7.15,7.73,,,10.79,,,3.1,5.67,,4.91,,2.88,38.19,6.88,,,3.49,,,,,,,,,,13.94,,,,,,,,,,,,,9.4
2015-09-29 07:00:00,3.05,,,,,,,,,28.92,7.11,7.73,,,10.52,,,3.0,5.65,,4.91,,2.8,37.68,6.77,,,3.44,,,,,,,,,,13.52,,,,,,,,,,,,,9.2
2015-09-30 07:00:00,3.09,,,,,,,,,28.7,7.06,7.73,,,10.58,,,3.02,5.67,,4.91,,2.86,37.68,6.82,,,3.42,,,,,,,,,,13.52,,,,,,,,,,,,,9.3
2015-10-01 07:00:00,3.06,,,,,,,,,29.13,7.06,7.8,,,10.55,,,3.04,5.71,,4.89,,2.9,37.94,6.82,,,3.42,,,,,,,,,,13.6,,,,,,,,,,,,,9.4
2015-10-02 07:00:00,3.08,,,,,,,,,29.57,7.09,7.8,,,10.52,,,3.07,5.74,,4.91,,2.9,38.45,6.88,,,3.39,,,,,,,,,,13.77,,,,,,,,,,,,,9.2
2015-10-05 07:00:00,3.09,,,,,,,,,29.35,7.22,7.73,,,10.67,,,3.08,5.91,,4.91,,2.88,37.94,6.88,,,3.42,,,,,,,,,,13.6,,,,,,,,,,,,,9.3
2015-10-06 07:00:00,3.13,,,,,,,,,31.11,7.34,7.73,,,11.6,,,3.17,5.95,,4.91,,2.9,38.19,7.05,,,3.42,,,,,,,,,,14.02,,,,,,,,,,,,,9.5
2015-10-07 07:00:00,3.24,,,,,,,,,31.76,7.34,7.73,,,11.57,,,3.21,6.02,,4.95,,2.95,38.45,7.38,,,3.32,,,,,,,,,,14.19,,,,,,,,,,,,,9.5
2015-10-08 07:00:00,3.14,,,,,,,,,30.01,7.27,7.54,,,11.35,,,3.16,5.92,,4.93,,2.88,38.19,7.49,,,3.32,,,,,,,,,,14.43,,,,,,,,,,,,,9.4
2015-10-09 07:00:00,3.25,,,,,,,,,30.67,7.38,7.47,,,11.75,,,3.24,6.02,,5.04,,2.86,38.45,7.83,,,3.39,,,,,,,,,,15.1,,,,,,,,,,,,,9.6
2015-10-12 07:00:00,3.28,,,,,,,,,30.45,7.36,7.54,,,11.88,,,3.25,6.03,,4.98,,2.8,38.19,7.61,,,3.32,,,,,,,,,,14.93,,,,,,,,,,,,,9.6
2015-10-13 07:00:00,3.28,,,,,,,,,29.79,7.4,7.54,,,11.94,,,3.26,6.09,,4.95,,2.78,38.19,7.38,,,3.35,,,,,,,,,,15.1,,,,,,,,,,,,,9.6
2015-10-14 07:00:00,3.28,,,,,,,,,29.79,7.36,7.54,,,11.94,,,3.24,6.07,,4.95,,2.8,38.19,7.49,,,3.32,,,,,,,,,,15.1,,,,,,,,,,,,,9.6
2015-10-15 07:00:00,3.27,,,,,,,,,29.35,7.43,7.54,,,12.0,,,3.24,6.05,,4.95,,2.78,38.45,7.55,,,3.25,,,,,,,,,,15.01,,,,,,,,,,,,,9.6
2015-10-16 07:00:00,3.32,,,,,,,,,29.57,7.49,7.54,,,12.06,,,3.25,6.13,,4.98,,2.76,38.19,7.66,,,3.32,,,,,,,,,,14.5,,,,,,,,,,,,,9.6
2015-10-19 07:00:00,3.22,,,,,,,,,29.79,7.43,7.6,,,12.03,,,3.22,6.27,,5.0,,2.76,38.71,7.94,,,3.3,,,,,,,,,,14.8,,,,,,,,,,,,,9.6
2015-10-20 07:00:00,3.28,,,,,,,,,29.79,7.43,7.54,,,12.0,,,3.2,6.16,,5.02,,2.76,38.71,7.89,,,3.25,,,,,,,,,,14.5,,,,,,,,,,,,,9.7
2015-10-21 07:00:00,3.27,,,,,,,,,29.79,7.31,7.6,,,12.81,,,3.14,6.14,,5.02,,2.73,37.94,7.72,,,3.18,,,,,,,,,,14.2,,,,,,,,,,,,,9.6
2015-10-22 07:00:00,3.24,,,,,,,,,30.23,7.31,7.6,,,12.81,,,3.11,6.09,,5.04,,2.69,37.94,7.44,,,3.09,,,,,,,,,,14.1,,,,,,,,,,,,,9.6
2015-10-23 07:00:00,3.3,,,,,,,,,30.23,7.45,7.73,,,12.87,,,3.2,6.12,,5.07,,2.71,38.19,7.55,,,3.28,,,,,,,,,,14.5,,,,,,,,,,,,,9.7
2015-10-26 07:00:00,3.3,,,,,,,,,30.45,7.45,7.6,,,13.49,,,3.19,6.31,,5.04,,2.71,38.19,7.66,,,3.23,,,,,,,,,,14.5,,,,,,,,,,,,,9.8
2015-10-27 07:00:00,3.28,,,,,,,,,30.01,7.4,7.6,,,12.93,,,3.19,6.35,,5.0,,2.69,37.68,7.55,,,3.23,,,,,,,,,,14.0,,,,,,,,,,,,,9.7
2015-10-28 07:00:00,3.27,,,,,,,,,30.01,7.4,7.6,,,12.99,,,3.17,6.54,,5.07,,2.67,37.94,7.49,,,3.2,,,,,,,,,,13.7,,,,,,,,,,,,,9.7
2015-10-29 07:00:00,3.28,,,,,,,,,30.01,7.43,7.67,,,13.36,,,3.15,6.45,,5.26,,2.65,37.94,7.66,,,3.06,,,,,,,,,,13.5,,,,,,,,,,,,,9.7
2015-10-30 07:00:00,3.28,,,,,,,,,31.11,7.47,7.67,,,13.05,,,3.15,6.51,,5.28,,2.67,37.68,8.17,,,2.92,,,,,,,,,,13.6,,,,,,,,,,,,,9.8
2015-11-02 07:00:00,3.3,,,,,,,,,31.11,7.59,7.6,,,13.3,,,3.15,6.49,,5.28,,2.74,38.19,8.28,,,3.01,,,,,,,,,,13.5,,,,,,,,,,,,,9.8
2015-11-03 07:00:00,3.24,,,,,,,,,30.45,7.47,7.54,,,13.11,,,3.12,6.2,,5.28,,2.73,37.68,8.11,,,3.16,,,,,,,,,,13.4,,,,,,,,,,,,,9.8
2015-11-04 07:00:00,3.28,,,,,,,,,30.01,7.7,7.54,,,13.33,,,3.16,6.41,,5.55,,2.73,38.19,8.22,,,3.13,,,,,,,,,,13.2,,,,,,,,,,,,,9.9
2015-11-05 07:00:00,3.24,,,,,,,,,29.79,7.72,7.54,,,13.08,,,3.11,6.24,,5.49,,2.69,38.71,8.17,,,3.11,,,,,,,,,,13.1,,,,,,,,,,,,,9.9
2015-11-06 07:00:00,3.27,,,,,,,,,29.79,7.77,7.41,,,13.15,,,3.1,6.23,,5.6,,2.69,38.19,8.33,,,3.16,,,,,,,,,,12.9,,,,,,,,,,,,,9.9
2015-11-09 07:00:00,3.28,,,,,,,,,30.23,7.68,7.41,,,12.53,,,3.08,6.23,,5.6,,2.69,38.19,8.22,,,3.06,,,,,,,,,,13.0,,,,,,,,,,,,,9.9
2015-11-10 07:00:00,3.41,,,,,,,,,30.23,7.56,7.41,,,12.22,,,3.07,6.23,,5.52,,2.73,38.19,8.22,,,3.06,,,,,,,,,,12.9,,,,,,,,,,,,,9.8
2015-11-11 07:00:00,3.22,,,,,,,,,30.45,7.4,7.47,,,12.5,,,3.05,6.23,,5.57,,2.71,37.68,8.22,,,3.04,,,,,,,,,,12.8,,,,,,,,,,,,,9.8
2015-11-12 07:00:00,3.17,,,,,,,,,30.45,7.45,7.41,,,12.53,,,3.03,6.24,,5.55,,2.73,37.68,8.28,,,3.06,,,,,,,,,,12.4,,,,,,,,,,,,,9.8
2015-11-13 07:00:00,3.22,,,,,,,,,30.45,7.45,7.41,,,12.47,,,3.01,6.19,,5.57,,2.76,37.42,8.5,,,3.06,,,,,,,,,,12.3,,,,,,,,,,,,,9.8
2015-11-16 07:00:00,3.19,,,,,,,,,30.45,7.4,7.54,,,12.86,,,3.02,6.14,,5.65,,2.8,37.68,8.67,,,3.06,,,,,,,,,,12.6,,,,,,,,,,,,,9.9
2015-11-17 07:00:00,3.17,,,,,,,,,30.45,7.43,7.41,,,13.19,,,2.96,6.16,,5.75,,2.78,37.68,8.89,,,3.16,,,,,,,,,,12.5,,,,,,,,,,,,,9.9
2015-11-18 07:00:00,3.19,,,,,,,,,29.79,7.49,7.41,,,12.86,,,3.03,6.27,,5.73,,2.74,37.42,8.67,,,3.18,,,,,,,,,,12.5,,,,,,,,,,,,,9.8
2015-11-19 07:00:00,3.19,,,,,,,,,30.23,7.47,7.34,,,12.73,,,3.01,6.16,,5.65,,2.8,37.42,8.78,,,3.16,,,,,,,,,,12.5,,,,,,,,,,,,,9.8
2015-11-20 07:00:00,3.19,,,,,,,,,30.23,7.38,7.28,,,12.53,,,2.97,6.2,,5.68,,2.76,37.42,8.73,,,3.32,,,,,,,,,,12.2,,,,,,,,,,,,,9.7
2015-11-23 07:00:00,3.17,,,,,,,,,30.45,7.47,7.21,,,12.57,,,3.0,6.16,,5.68,,2.76,37.16,9.0,,,3.42,,,,,,,,,,12.3,,,,,,,,,,,,,9.8
2015-11-24 07:00:00,2.86,,,,,,,,,30.23,7.43,7.21,,,12.37,,,3.02,6.16,,5.7,,2.76,36.9,9.06,,,3.37,,,,,,,,,,12.5,,,,,,,,,,,,,9.7
2015-11-25 07:00:00,3.08,,,,,,,,,29.79,7.4,7.21,,,12.31,,,3.01,6.13,,5.62,,2.73,36.39,9.17,,,3.32,,,,,,,,,,12.3,,,,,,,,,,,,,9.6
2015-11-26 07:00:00,3.09,,10.99,32.91,46.06,15.3,,,,29.35,7.38,7.28,,21.65,12.47,,,3.14,6.2,,5.65,,2.73,36.13,9.28,10.67,,3.3,,,,,,,,,,12.0,,,,13.76,,,,,46.71,,,,9.7
2015-11-27 07:00:00,3.13,,10.89,31.91,46.46,15.16,,,,29.35,7.34,7.21,,21.5,12.37,,,3.18,6.09,,5.6,,2.73,35.87,9.06,10.43,,3.32,,,,,,,,,,11.7,,,,13.55,,,,,45.96,,,,9.6
2015-11-30 07:00:00,3.13,,10.54,31.41,44.44,14.95,,,,29.13,7.15,7.15,,21.06,12.18,,,3.1,5.78,,5.55,,2.71,35.61,8.61,10.39,,3.2,,,,,,,,,,11.6,,,,13.28,,,,,46.71,,,,9.5
2015-12-01 07:00:00,3.09,,10.19,31.16,44.04,14.68,,,,28.92,7.15,6.82,,20.51,11.88,,,3.06,5.76,,5.47,,2.69,35.87,8.39,10.39,,3.2,,,,,,,,,,11.0,,,,12.92,,,,,46.33,,,,9.4
2015-12-02 07:00:00,3.09,,10.44,30.91,43.23,15.23,,,,29.35,7.15,6.89,,20.31,11.95,,,3.03,5.87,,5.55,,2.69,36.13,8.39,10.36,,3.13,,,,,,,,,,10.8,,,,12.65,,,,,45.21,,,,9.3
2015-12-03 07:00:00,3.08,,10.74,31.41,40.81,15.57,,,,28.7,7.06,6.89,,20.21,11.98,,,3.06,5.91,,5.57,,2.71,36.65,8.5,10.39,,3.06,,,,,,,,,,11.2,,,,12.62,,,,,45.96,,,,9.3
2015-12-04 07:00:00,3.08,,10.59,31.66,40.4,15.09,,,,29.35,7.04,6.89,9.03,19.97,12.05,,,3.06,5.98,,5.6,,2.69,36.9,8.39,10.63,,3.09,,,,,,,,,,11.5,,,,12.89,,,,,45.96,,,,9.3
2015-12-07 07:00:00,3.08,,10.29,31.66,40.0,15.02,,,,29.13,7.18,6.82,8.9,19.82,12.01,,,3.01,5.91,,5.57,,2.67,37.16,8.5,10.9,,3.06,,,,,,,,,,11.3,,,,12.65,,,11.44,,45.59,,,,9.3
2015-12-08 07:00:00,3.08,,10.19,31.66,38.79,14.95,,,,28.7,7.13,6.69,8.81,19.27,12.31,,,2.97,5.93,,5.49,,2.67,36.65,8.39,10.67,,3.06,,,,,,,,,6.46,11.0,,,,12.26,,,11.36,,44.84,,,,9.2
2015-12-09 07:00:00,3.08,,10.64,32.66,42.83,15.09,,,,29.13,7.15,6.63,9.13,19.47,12.99,,,3.03,5.96,,5.52,,2.67,36.9,8.5,11.01,,3.06,,,,,,,,,6.51,11.3,,,,12.95,,,11.44,,46.71,,,,9.4
2015-12-10 07:00:00,3.09,,10.19,32.91,42.42,14.68,,,,28.26,7.06,6.63,8.98,19.07,12.7,,,2.97,6.16,,5.49,,2.65,36.65,8.45,10.63,,3.06,,,,,,,,,6.4,10.9,,,,12.44,,,11.28,,45.96,,,,9.3
2015-12-11 07:00:00,3.09,,10.14,32.16,40.81,14.75,,,,27.82,7.0,6.63,8.88,18.88,12.6,,,2.95,6.0,,5.49,,2.63,36.9,8.28,10.74,,3.06,,,,,,,,,6.34,11.5,,,,12.38,,,11.15,,45.96,,,,9.2
2015-12-14 07:00:00,3.05,,10.04,32.66,41.21,14.68,,,,28.7,7.27,7.54,8.92,18.78,12.7,,,3.09,6.04,,5.55,,2.65,36.39,8.39,10.74,,3.06,,,,,,,,,6.48,11.9,,,,12.47,,,11.2,,46.33,,,,9.2
2015-12-15 07:00:00,3.08,,10.04,32.66,40.0,14.54,,,,28.26,7.29,7.8,8.9,18.78,12.63,,,3.05,6.04,,5.52,,2.69,35.61,8.5,10.43,,3.09,,,,,,,,,6.48,11.6,,,,12.5,,,11.12,,46.33,,,,9.4
2015-12-16 07:00:00,3.08,,10.04,33.41,40.4,14.82,,,,27.82,7.22,7.21,9.07,19.07,12.83,,,3.07,5.96,,5.83,,2.65,35.87,8.61,10.39,,3.09,,,,,,,,,6.54,11.5,,,,13.07,,,11.28,,47.45,,,,9.3
2015-12-17 07:00:00,3.06,,10.64,33.41,40.81,14.95,,7.94,,28.04,7.24,7.47,9.16,18.83,13.12,,,3.05,6.05,,5.94,,2.69,35.61,8.78,10.47,,3.18,,,,,,,,,6.51,11.6,,,,13.13,,,11.34,,47.83,,,,9.4
2015-12-18 07:00:00,3.09,,10.59,33.9,42.83,14.68,,7.94,,29.13,7.24,7.21,9.16,18.78,13.09,,,3.04,5.96,,6.02,,2.69,34.84,8.78,10.43,,3.13,,,,,,,,,6.43,11.5,,,,13.07,,,11.31,,47.83,,,,9.4
2015-12-21 07:00:00,3.01,,10.49,33.9,42.02,14.68,,7.86,,29.13,7.11,7.15,9.11,18.63,13.25,,,3.02,6.0,,5.91,,2.67,36.39,8.73,10.47,,3.18,,,,,,,,,6.48,11.7,,,,12.62,,,11.07,,47.83,,,,9.3
2015-12-22 07:00:00,3.08,,10.39,33.66,42.02,14.68,,7.82,,28.92,7.22,7.15,9.03,18.18,12.99,,,2.99,5.96,,5.65,,2.65,35.1,8.78,10.32,,3.11,,,,,,,,,6.37,11.6,,,,12.83,,,11.2,,47.08,,,,9.2
2015-12-23 07:00:00,3.05,,10.49,32.91,40.81,14.68,,7.77,,28.92,7.15,7.21,9.0,18.28,12.96,,,2.98,5.85,,5.57,,2.65,34.58,8.67,10.36,,3.11,,,,,,,,,6.34,11.9,,,,12.62,,,11.12,,46.71,,,,9.3
2015-12-24 07:00:00,3.03,,10.49,32.41,41.61,14.47,,7.77,8.45,28.92,7.18,7.15,8.96,18.73,13.02,,,2.95,5.82,,5.57,,2.65,35.61,8.78,10.24,,3.06,,,,,,,,,6.34,11.8,,,,12.8,,,11.31,,46.33,,,,9.3
2015-12-25 07:00:00,3.03,,10.29,32.15,41.61,14.61,,7.73,8.4,27.6,7.15,7.21,8.94,18.63,13.32,,,2.95,5.73,,5.65,,2.65,36.9,8.84,10.28,,3.09,,,,,,,,,6.26,11.6,,,,12.71,,,11.42,,46.33,,,,9.3
2015-12-28 07:00:00,3.05,,10.24,32.41,42.83,14.95,,7.69,8.5,28.92,7.23,7.15,8.94,18.68,13.35,,,2.95,5.78,,5.6,,2.65,41.03,8.67,10.16,,3.11,,,,,,,,,6.26,11.7,,,,12.86,,,11.44,,46.71,,,,9.3
2015-12-29 07:00:00,3.05,,10.19,33.16,41.61,14.68,,7.69,8.79,28.48,7.08,6.95,8.98,18.13,13.67,,,2.9,5.69,,5.6,,2.65,41.29,8.84,10.08,,3.06,,,,,,,,,6.23,11.7,,,,12.77,,,11.74,,47.45,,,,9.4
2015-12-30 07:00:00,3.08,,10.39,33.16,44.44,14.82,,7.9,9.28,29.13,7.21,7.08,9.05,18.08,13.87,,,2.92,5.76,,5.57,,2.65,40.0,8.89,10.2,,3.09,,,,,,,,,6.29,12.1,,,,13.25,,,12.17,,47.45,,,,9.5
2015-12-31 07:00:00,3.09,,10.39,32.66,43.23,14.88,,7.94,8.97,28.92,7.18,7.54,9.0,18.13,13.8,,,2.93,5.8,,5.62,,2.65,39.49,8.89,10.24,,3.11,,,,,,,,,6.34,12.6,,,,13.37,,,12.28,,47.45,,,,10.2
2016-01-04 07:00:00,3.14,,10.34,32.66,42.83,15.44,,7.86,8.91,28.92,7.11,7.28,9.02,18.28,13.9,,,2.93,5.82,,5.68,,2.69,39.74,8.89,10.36,,3.16,,,,,,,,,6.23,12.6,,,,13.1,,,12.34,,47.45,,,,9.6
2016-01-05 07:00:00,3.11,,10.09,31.9,42.42,15.64,,7.69,9.02,28.92,7.03,7.21,8.9,17.94,14.0,,,2.87,5.91,,5.6,,2.65,38.97,8.84,10.32,,3.11,,,,,,,,,6.0,12.6,,,,12.89,,,12.69,,47.08,,,,9.4
2016-01-06 07:00:00,3.08,,10.04,31.65,42.42,15.44,,7.69,9.05,28.48,7.13,7.15,8.9,17.89,13.84,,,2.85,5.84,,5.62,,2.65,37.94,8.78,10.39,,3.13,,,,,,,,,5.98,12.4,,,,12.77,,,12.79,,46.71,,,,9.3
2016-01-07 07:00:00,3.06,,10.09,31.9,42.83,15.85,,7.69,9.0,28.92,7.25,7.21,8.92,17.84,13.71,,,2.86,5.8,,5.62,,2.67,38.45,8.73,10.51,,3.18,,,,,,,,,5.89,12.7,,,,12.86,,,12.63,,46.71,,,,9.3
2016-01-08 07:00:00,3.01,,9.69,31.15,41.21,15.37,,7.65,8.83,28.48,7.11,7.15,8.72,17.14,13.19,,,2.77,5.69,,5.57,,2.61,39.23,8.45,10.28,,3.2,,,,,,,,,5.7,12.6,,,,12.71,,,12.82,,45.96,,,,9.3
2016-01-11 07:00:00,3.01,,9.54,31.4,41.21,15.5,,7.52,9.14,28.48,7.11,7.08,8.62,17.34,13.02,,,2.79,5.75,,5.55,,2.61,39.23,8.33,10.47,,3.2,,,,,,,,,5.64,12.6,,,,12.68,,,12.96,,45.21,,,,9.1
2016-01-12 07:00:00,3.01,,9.54,30.14,41.21,15.44,,7.52,8.72,27.82,7.03,7.28,8.57,16.89,12.83,,,2.76,5.67,,5.44,,2.59,39.74,8.17,10.28,,3.13,,,,,,,,,5.64,12.4,,,,12.62,,,13.04,,45.21,,,,9.2
2016-01-13 07:00:00,3.06,,9.74,31.15,42.02,15.71,,7.6,8.7,28.26,7.06,7.34,8.75,17.19,13.12,,,2.81,5.73,16.21,5.47,,2.63,39.49,8.45,10.39,,3.18,,,,,,,,,5.89,12.5,,,,12.86,,,12.96,,45.96,,,,9.2
2016-01-14 07:00:00,3.05,,9.44,31.9,40.4,15.3,,7.52,8.46,28.26,7.01,7.34,8.59,17.34,12.93,,,2.74,5.64,16.0,5.49,,2.59,38.19,8.22,10.36,,3.18,,,,,,,,,5.75,11.9,,,,12.56,,,12.74,,45.21,,,,9.2
2016-01-15 07:00:00,3.01,,9.29,31.4,39.59,15.16,,7.52,8.58,28.04,6.98,7.34,8.6,17.14,13.02,,,2.65,5.47,15.44,5.44,,2.59,38.71,8.22,10.39,,3.13,,,,,,,,,5.7,11.8,,,,12.56,,,12.98,,45.59,,,,9.0
2016-01-18 07:00:00,2.93,,8.73,30.4,37.9,15.16,,7.31,8.51,27.82,6.66,7.15,8.47,16.8,12.53,,,2.41,5.18,13.84,5.34,,2.57,35.36,8.0,10.24,,3.13,,,,,,,,,5.38,10.6,,,,11.87,,,12.63,,44.47,,,,8.8
2016-01-19 07:00:00,2.98,,8.33,30.14,37.01,14.95,,7.09,8.28,26.72,6.71,7.08,8.38,15.85,12.57,,,2.49,5.13,14.54,5.31,,2.5,36.13,7.72,10.2,,3.04,,,,,,,,,5.38,10.8,,,,11.6,,,12.74,,43.34,,,,8.8
2016-01-20 07:00:00,3.0,,8.58,30.4,38.38,15.16,,7.35,8.37,27.38,6.76,7.08,8.4,15.8,12.7,,,2.5,5.0,15.03,5.31,,2.56,36.13,7.94,10.32,,3.09,,,,,,,,,5.47,11.2,,,,11.96,,,12.71,,44.09,,,,8.8
2016-01-21 07:00:00,3.0,,8.43,29.89,38.06,14.95,,7.14,8.7,27.6,6.81,6.95,8.32,14.91,12.76,,,2.48,4.98,14.96,5.26,,2.52,36.9,7.83,10.2,,3.04,,,,,,,,,5.41,10.8,,,,11.87,,,12.88,,43.34,,,,8.7
2016-01-22 07:00:00,2.97,,7.93,29.89,38.06,15.23,,6.97,8.7,27.6,6.76,6.89,8.38,15.06,12.7,,,2.56,4.75,14.75,5.26,,2.52,36.9,7.72,10.16,,3.01,,,,,,,,,5.47,10.8,,,,12.02,,,12.9,,43.34,,,,8.7
2016-01-25 07:00:00,2.97,,7.83,29.64,38.38,15.16,,7.01,8.65,27.82,6.91,6.69,8.47,16.75,13.19,,,2.6,4.64,14.68,5.26,,2.59,37.42,7.94,10.47,,3.06,,,,,,,,,5.64,10.9,,,,12.02,,,13.09,,43.34,,,,8.8
2016-01-26 07:00:00,3.03,,8.08,29.64,39.59,15.5,,7.22,8.72,27.82,6.81,6.63,8.66,16.85,12.86,,,2.65,4.82,15.58,5.23,,2.69,37.16,7.94,10.16,,3.09,,,,,,,,,5.78,11.3,,,,12.17,,,12.96,,43.34,,,,8.9
2016-01-27 07:00:00,3.03,,8.28,29.39,40.24,15.44,,7.39,8.63,27.6,6.93,6.89,8.66,18.08,13.15,,,2.69,4.91,15.16,5.28,,2.69,37.42,7.94,10.24,,3.06,,,,,,,,,5.78,11.3,,,,12.41,,,12.79,,43.72,,,,8.8
2016-01-28 07:00:00,3.32,,8.73,29.39,40.4,15.37,,7.43,8.74,27.82,7.03,6.69,8.62,18.33,13.02,,,2.69,5.11,15.79,5.52,,2.71,38.19,8.0,10.24,,3.09,,,,,,,,,5.78,11.2,,,,12.11,,,12.69,,43.34,,,,9.0
2016-01-29 07:00:00,3.0,,8.28,29.64,40.0,15.44,,7.31,8.74,28.04,6.96,6.63,8.62,18.58,12.86,,,2.67,5.22,15.65,5.49,,2.74,37.42,7.83,10.08,,3.09,,,,,,,,,5.75,11.3,,,,12.17,,,12.96,,43.34,,,,8.9
2016-02-01 07:00:00,3.0,,8.28,29.89,41.21,15.37,,7.48,8.7,28.92,7.13,6.82,8.66,19.52,13.09,,,2.75,5.16,15.65,5.47,,2.73,37.42,7.94,10.28,,3.09,,,,,,,,,5.78,11.3,,,,12.44,,,12.74,,43.34,,,,9.4
2016-02-02 07:00:00,2.98,,8.13,29.64,40.24,15.44,,7.26,8.7,29.13,7.11,6.69,8.62,17.89,13.12,,,2.65,5.04,14.96,5.41,,2.71,37.16,8.0,10.28,,3.06,,,,,,,,,5.7,11.2,,,,12.23,,,12.63,,44.09,,,,9.0
2016-02-03 07:00:00,3.01,,8.08,29.14,40.0,15.37,,7.18,8.69,31.11,7.08,6.69,8.64,17.29,12.99,,,2.64,5.05,15.16,5.39,,2.71,37.16,7.94,10.08,,3.04,,,,,,,,,5.67,11.1,,,,12.02,,,12.6,,44.09,,,,8.8
2016-02-04 07:00:00,3.01,,8.28,30.65,40.4,15.37,,7.31,8.09,32.2,7.23,6.89,8.74,19.37,13.06,,,2.69,5.09,15.58,5.41,,2.73,37.16,8.05,10.16,,3.06,,,,,,,,,5.75,11.1,,,,12.02,,,12.69,,45.96,,,,8.9
2016-02-05 07:00:00,3.0,,8.13,30.4,40.16,15.44,,7.31,8.69,31.98,7.25,6.95,8.7,18.83,13.06,,,2.7,5.18,15.65,5.47,,2.74,37.94,8.11,10.08,,3.06,,,,,,,,,5.81,11.2,,,,11.9,,,12.52,,45.59,,,,9.0
2016-02-15 07:00:00,3.01,,8.18,30.65,40.0,15.3,,7.18,8.95,32.64,7.13,7.02,8.7,18.63,13.19,,,2.7,5.11,15.44,5.47,,2.84,36.9,8.05,10.2,,3.06,,,,,,,,,5.81,11.0,,,,11.96,,,12.55,,45.59,,,,8.9
2016-02-16 07:00:00,3.01,,8.28,30.4,40.4,15.71,,7.31,8.88,32.86,7.16,6.69,8.75,18.98,13.19,,,2.64,5.11,15.37,5.49,,2.84,36.9,8.11,10.2,,3.06,,,,,,,,,5.86,10.9,,,,12.05,,,12.47,,47.83,,,,9.3
2016-02-17 07:00:00,3.08,,8.18,32.15,40.32,15.57,,7.26,8.7,34.61,7.11,6.69,8.87,19.72,13.38,,,2.65,5.15,15.44,5.47,,2.84,37.42,8.11,10.16,,3.09,,,,,,,,,5.89,10.9,,,,12.11,,,12.5,,49.32,,,,9.0
2016-02-18 07:00:00,3.03,,8.13,32.41,40.32,15.64,,7.26,8.74,35.71,7.11,6.56,8.88,20.07,13.35,,,2.68,5.24,15.3,5.49,,2.84,36.9,8.05,10.39,,3.06,,,,,,,,,5.92,10.7,,,,12.02,,,12.42,,48.95,,,,9.4
2016-02-19 07:00:00,3.08,,8.13,32.15,40.16,15.64,,7.35,8.93,34.61,7.06,6.69,8.94,20.21,13.12,,,2.68,5.2,15.16,5.6,,2.86,37.42,8.39,10.43,,3.09,,,,,,,,,5.98,10.8,,,,12.2,,,12.39,,48.58,,,,9.0
2016-02-22 07:00:00,3.01,,8.38,32.15,41.21,15.57,,7.35,9.3,34.61,7.03,6.76,8.88,20.96,12.89,,,2.69,5.18,15.58,5.62,,2.95,36.9,8.33,10.36,,3.06,,,,,,,,,6.0,10.9,,,,12.05,,,12.17,,48.2,,,,9.1
2016-02-23 07:00:00,3.06,,8.73,33.41,42.02,15.64,,7.35,9.06,36.36,7.13,6.76,9.03,21.4,12.83,,,2.79,5.35,15.44,5.6,,2.93,38.97,8.61,10.32,,3.06,,,,,,,,,6.37,10.9,,,,12.23,,,12.2,,48.95,,,,8.5
2016-02-24 07:00:00,2.89,,8.48,32.66,41.61,15.44,,7.22,8.97,36.36,7.03,6.63,8.88,21.35,12.89,,,2.72,5.24,16.28,5.6,,2.86,38.19,8.61,10.32,,3.06,,,,,,,,,6.26,10.8,,,,12.32,,,12.25,,48.58,,,,9.2
2016-02-25 07:00:00,3.28,,9.34,32.66,43.23,15.57,,7.82,9.14,36.36,7.13,6.82,8.94,21.7,12.93,,,2.73,5.27,17.11,5.55,,2.9,38.45,8.67,10.28,,3.06,,,,,,,,,6.43,11.3,,,,12.77,,,12.28,,48.95,,,,9.2
2016-02-26 07:00:00,3.14,,9.29,32.66,42.02,15.3,,7.77,8.97,36.58,7.03,6.89,8.88,21.06,12.7,,,2.74,5.35,16.7,5.52,,2.86,37.68,8.5,10.36,,3.06,,,,9.55,,,,,6.34,11.1,,,,12.62,,,12.31,,48.58,,,,9.2
2016-02-29 07:00:00,3.16,,9.14,32.66,42.42,15.44,,7.73,8.97,38.33,7.03,6.82,8.92,21.2,13.02,,,2.88,5.49,16.7,5.57,,2.84,37.68,8.56,10.32,,3.09,,,,9.36,,,,,6.34,11.2,,,,12.56,,,12.15,,48.58,,,,9.2
2016-03-01 07:00:00,3.13,,8.98,32.41,42.02,16.06,,7.56,8.88,39.21,7.06,6.76,8.88,21.35,12.76,,,2.79,5.69,16.7,5.52,,2.78,37.16,8.45,10.28,,3.16,,,,9.25,,,,,6.4,10.9,,,,12.38,,,11.93,,48.2,,,,9.2
2016-03-02 07:00:00,3.11,,9.03,33.91,42.42,15.92,,7.52,8.88,38.99,7.03,6.89,9.02,21.8,12.8,,,2.75,5.6,16.56,5.52,,2.86,37.16,8.45,10.32,,3.25,,,,9.93,,,,,6.46,11.0,,,,12.35,,,11.98,,48.95,,,,9.2
2016-03-03 07:00:00,3.11,,9.19,34.67,45.65,15.85,,7.65,9.11,39.21,7.23,6.82,9.11,22.15,12.7,,,2.74,5.62,16.7,5.49,,2.86,37.94,8.84,10.78,,3.28,,,,9.78,,,,,6.57,11.2,,,,12.59,,,12.2,,49.32,,,,9.2
2016-03-04 07:00:00,3.08,,9.14,34.67,44.44,15.85,,7.65,8.9,37.68,7.28,6.82,9.05,22.29,12.76,,,2.71,5.67,16.97,5.49,,2.84,38.97,8.78,10.67,,3.32,,,,9.47,,,,,6.48,11.0,,,,12.5,,,12.25,,48.95,,,,9.2
2016-03-07 07:00:00,3.09,,9.14,34.92,44.85,15.78,,7.65,8.97,38.12,7.4,6.89,9.13,23.73,12.7,,,2.76,6.07,16.84,5.49,,2.82,38.45,8.89,10.94,,3.3,,,,9.59,,,,,6.43,11.0,,,,12.62,,,12.36,,48.95,,,,9.2
2016-03-08 07:00:00,3.13,,8.98,33.66,44.44,15.85,,7.52,8.97,35.92,7.25,6.76,9.05,24.77,13.02,,,2.82,6.36,17.53,5.52,,2.8,38.71,8.84,11.09,,3.39,,,,9.51,,,,,6.4,10.9,,,,12.56,,,12.31,,48.95,,,,9.2
2016-03-09 07:00:00,3.08,,8.93,33.91,43.63,16.26,,7.52,8.92,37.46,7.18,6.89,8.9,23.34,12.93,,,2.9,6.27,17.39,5.55,,2.8,38.97,8.73,11.09,,3.42,,,,9.44,,,,,6.32,11.0,,,,12.53,,,12.55,,48.95,,,,9.2
2016-03-10 07:00:00,3.06,,8.83,33.41,42.83,16.19,,7.43,8.9,37.68,7.21,6.76,9.0,24.08,13.09,,,2.87,6.24,17.25,5.68,,2.82,38.97,8.73,10.86,,3.37,,,,9.44,,,,,6.34,10.9,,,,12.47,,,12.55,,48.95,,,,9.2
2016-03-11 07:00:00,3.05,,8.98,34.16,43.23,16.12,,7.48,8.79,38.12,7.18,6.89,9.02,23.93,13.09,,,2.87,6.2,17.18,5.91,,2.84,38.19,8.84,11.01,,3.35,,,,9.36,,,,,6.46,10.9,,,,12.56,,,12.55,,48.58,,,,9.3
2016-03-14 07:00:00,3.05,,8.88,34.16,43.23,16.4,,7.43,8.7,37.9,7.18,6.76,9.16,23.98,13.28,,,2.91,6.36,17.04,5.83,,2.8,38.19,8.89,11.01,,3.35,,,,9.44,,,,,6.43,10.9,,,,12.47,,,12.2,,50.82,,,,9.2
2016-03-15 07:00:00,3.11,,8.88,34.16,42.83,16.54,,7.39,8.48,37.24,7.25,6.69,9.11,23.63,13.15,,,3.02,6.38,17.32,5.99,,2.8,38.71,8.89,11.01,,3.32,,,,9.44,,,,,6.4,10.9,,,,12.47,,,12.25,,50.44,,,,9.3
2016-03-16 07:00:00,3.06,,8.78,33.91,42.83,16.61,,7.35,7.98,37.68,7.21,6.76,9.03,23.09,12.99,,,3.02,6.29,16.7,5.96,,2.78,38.19,8.84,11.01,,3.35,,,,9.32,,,,,6.34,10.8,,,,12.65,,,12.06,,50.82,,,,9.3
2016-03-17 07:00:00,3.06,,8.93,34.41,44.04,16.47,,7.39,8.09,36.58,7.23,6.69,9.05,24.63,13.19,,,3.02,6.38,16.97,6.28,,2.78,37.94,8.67,11.09,,3.37,,,,9.47,,,,,6.34,10.9,,,,13.07,,,12.2,,51.56,,,,9.3
2016-03-18 07:00:00,3.01,,8.88,34.67,43.63,16.54,,7.39,8.32,37.68,7.25,6.76,9.14,24.63,13.06,,,3.01,6.51,16.7,6.23,,2.78,37.42,8.61,11.29,,3.39,,,,9.47,,,,,6.29,10.8,,,,12.8,,,12.15,,51.19,,,,9.3
2016-03-21 07:00:00,3.0,,8.88,36.17,43.23,16.26,,7.39,8.26,37.24,7.13,6.76,9.18,23.81,12.93,,,2.99,6.55,16.7,6.23,,2.78,37.16,8.73,11.64,,3.32,,,,9.44,,,,,6.26,10.6,,,,13.01,,,12.06,,51.19,,,,9.4
2016-03-22 07:00:00,2.98,,8.83,35.92,42.83,16.06,,7.31,8.07,36.36,7.16,6.69,9.13,23.65,12.7,,,2.99,6.42,16.7,6.07,,2.78,36.39,8.73,11.4,,3.39,,,,9.36,,,,,6.2,10.7,,,,12.92,,,12.2,,50.44,,,,9.3
2016-03-23 07:00:00,2.98,,8.73,34.92,42.83,16.12,,7.26,8.18,36.8,7.13,6.76,9.07,23.55,12.8,,,2.93,6.51,16.49,5.99,,2.78,36.13,8.67,11.52,,3.39,,,,9.4,,,,,6.09,10.5,,,,13.01,,,12.15,,49.7,,,,9.3
2016-03-24 07:00:00,3.0,,8.78,35.67,43.23,16.4,,7.35,8.04,38.77,7.13,6.69,9.09,23.7,12.76,,,2.92,6.42,16.63,6.12,,2.76,37.16,8.78,11.48,,3.37,,,,9.36,,,,,6.12,10.5,,,,12.89,,,12.25,,50.07,,,,9.2
2016-03-25 07:00:00,3.01,,8.63,37.68,42.42,16.12,,7.18,8.0,37.24,7.16,6.69,8.98,23.24,12.7,,,2.88,6.33,16.49,6.07,,2.74,38.19,8.78,11.79,,3.39,,,,9.36,,,,,6.15,10.4,,,,12.62,,,12.15,,50.07,,,,9.3
2016-03-28 07:00:00,2.98,,8.73,37.43,42.42,16.33,,7.26,8.0,37.02,7.13,6.69,9.0,23.44,12.73,,,2.91,6.29,16.63,6.02,,2.76,38.19,8.84,12.76,,3.39,,,,9.28,,,,,6.12,10.4,,,,12.89,,,12.44,,50.07,,,,9.2
2016-03-29 07:00:00,2.93,,8.53,38.94,42.83,16.4,,7.18,7.95,37.68,7.13,6.76,8.94,23.24,12.76,,,3.0,6.55,16.42,6.07,,2.76,38.19,8.67,13.38,,3.54,,,,9.25,,,,,6.09,10.3,,,,12.89,,,12.69,,50.44,,,,9.1
2016-03-30 07:00:00,2.97,,8.48,38.18,41.61,16.26,,7.09,7.82,38.12,7.11,6.63,8.79,22.41,12.7,,,2.97,6.36,16.35,6.02,,2.74,37.16,8.56,13.26,,3.54,,,,9.25,,,,,5.92,10.1,,,,12.5,,,12.39,,50.07,,,,9.2
2016-03-31 07:00:00,2.92,,8.58,38.18,41.61,16.26,,7.09,8.0,37.9,7.13,6.69,8.85,22.15,12.73,,,2.95,6.45,16.63,5.99,,2.73,37.42,8.61,13.03,,3.54,,,,9.4,,,,,6.0,10.2,,,,12.62,,,12.52,,50.82,,,,9.2
2016-04-01 07:00:00,2.93,,8.43,35.92,40.4,16.26,,6.97,7.88,36.36,7.13,6.69,8.77,21.22,12.67,,,2.95,6.27,16.56,5.99,,2.71,36.65,8.5,12.8,,3.54,,,,9.25,,,,,5.95,10.3,,,,12.32,,,12.74,,50.07,,,,9.1
2016-04-04 07:00:00,2.93,,8.33,36.42,39.75,16.61,,6.92,7.74,36.8,7.13,6.82,8.7,20.8,12.53,,,2.9,6.27,16.14,5.99,,2.67,36.65,8.45,12.29,,3.51,,,,9.1,,,1.78,,5.98,10.3,,,,12.38,,,12.77,,50.07,,,,9.1
2016-04-05 07:00:00,2.89,,8.28,36.17,40.16,16.54,,6.97,8.02,37.02,7.11,6.43,8.72,20.7,12.37,,,2.92,6.33,16.21,6.07,,2.67,36.13,8.39,12.6,,3.54,,,,9.06,,,1.81,,6.0,10.2,,,,12.29,,,12.71,,50.82,,,,9.0
2016-04-06 07:00:00,2.86,,8.33,37.43,40.4,16.61,,6.97,7.96,37.46,7.13,6.43,8.75,21.79,12.47,,,2.93,6.6,16.28,6.04,,2.69,36.9,8.5,12.68,,3.56,,,,9.02,,,1.81,,6.12,10.2,,,,12.32,,,12.71,,51.19,,,,9.2
2016-04-07 07:00:00,2.86,,8.53,38.18,41.61,16.68,,7.14,8.16,38.33,7.18,6.56,8.85,22.82,12.6,,,3.04,6.91,16.49,6.02,,2.73,36.9,8.5,12.88,,3.56,,,,9.13,,,1.81,,6.17,10.3,,,,12.68,,,12.85,,51.19,,,,9.2
2016-04-08 07:00:00,2.9,,8.48,37.68,40.81,17.36,,7.14,8.26,37.46,7.16,6.69,8.87,23.55,12.53,,,3.01,6.96,16.97,6.07,,2.74,36.13,8.5,12.84,,3.58,,,,9.1,,,1.81,,6.15,10.2,,,,12.47,,,12.74,,52.69,,,,9.3
2016-04-11 07:00:00,2.92,,8.43,37.68,41.21,17.36,,7.14,8.26,39.43,7.13,6.76,8.9,23.39,12.53,,,3.11,7.29,17.74,6.07,,2.73,35.87,8.56,12.72,,3.66,,,,8.98,,,1.84,,6.12,10.1,,,,12.44,,,12.82,,53.81,,,,9.3
2016-04-12 07:00:00,2.92,,8.28,37.93,43.23,17.43,,7.01,8.41,40.74,7.08,6.82,8.94,23.29,13.02,,,3.15,7.25,17.88,6.25,,2.74,36.65,8.61,12.6,,3.68,,,,9.06,,,1.81,,6.17,10.1,,,,12.5,,,14.04,,53.43,,,,9.3
2016-04-13 07:00:00,2.9,,8.03,37.68,43.23,17.64,,6.88,8.4,40.31,7.11,6.82,8.87,23.96,12.99,,,3.17,7.22,17.32,6.2,,2.71,36.39,8.5,13.5,,3.7,,,,9.02,,,1.84,,6.15,10.1,,,,12.71,,,13.9,,53.81,,,,9.3
2016-04-14 07:00:00,2.86,,7.93,36.93,42.02,17.3,,6.92,8.3,40.31,7.13,6.76,8.85,23.55,12.73,,,3.13,7.35,17.18,6.2,,2.71,35.87,8.45,13.15,,3.73,,,,8.94,,,1.81,,6.12,10.2,,,,12.59,,,14.04,,53.06,,,,9.4
2016-04-15 07:00:00,2.9,,8.13,36.17,42.02,17.09,,6.84,8.42,39.87,7.13,6.69,8.87,23.81,12.76,,,3.16,7.29,17.39,6.17,,2.73,36.13,8.33,13.11,,3.75,,,,8.98,,,1.84,,6.15,10.2,,,,12.77,,,14.17,,53.43,,,,9.4
2016-04-19 07:00:00,2.89,,7.98,36.68,42.42,17.23,70.01,6.92,8.37,38.12,7.16,6.69,8.79,23.29,12.6,,,3.14,7.27,17.39,6.07,,2.71,35.87,8.5,12.92,,3.73,,,,8.83,,15.23,1.81,,6.09,10.1,,,,12.8,,,14.04,,53.43,,,,9.4
2016-04-20 07:00:00,2.86,,7.88,34.41,41.21,16.88,70.01,6.8,8.14,37.02,7.16,6.69,8.75,23.18,12.44,,,3.11,7.54,17.18,5.96,,2.73,35.61,8.22,13.02,,3.68,,,,8.72,,15.38,1.81,,6.06,10.0,,,,12.77,,,13.42,,51.94,,,,9.2
2016-04-21 07:00:00,2.81,,7.93,33.91,41.21,16.95,74.62,6.84,8.09,37.24,7.38,6.76,8.81,23.7,12.57,,,3.14,7.89,17.32,5.94,,2.73,34.84,8.28,12.85,,3.61,,,,8.64,,15.53,1.81,,6.06,9.9,,,,12.86,,,13.9,,51.19,,,,9.2
2016-04-22 07:00:00,2.78,,7.93,34.41,42.42,17.09,72.95,6.8,8.18,37.68,7.28,6.69,8.81,24.32,12.57,,,3.16,8.18,17.18,6.02,,2.76,35.87,8.17,12.39,,3.63,,,,8.79,,15.97,1.78,,5.98,10.1,,,,12.89,,,13.9,,51.19,,,,9.3
2016-04-25 07:00:00,2.86,,8.78,35.17,45.25,17.23,72.11,7.22,8.35,37.46,7.23,6.82,8.94,25.67,12.7,,,3.3,8.18,17.53,6.02,,2.8,35.87,8.61,12.14,,3.58,,11.41,,9.1,,16.36,1.84,,6.12,10.1,,,,13.79,,,14.98,,53.06,,,,9.5
2016-04-26 07:00:00,2.86,,8.78,35.17,44.44,16.95,71.69,7.31,8.19,36.8,7.23,6.76,8.92,24.84,12.76,,,3.28,8.11,17.46,5.96,,2.78,35.1,8.61,12.35,,3.49,,11.3,,8.98,,16.21,1.84,,6.2,10.2,,,,13.67,,,14.17,,51.94,,,,9.5
2016-04-27 07:00:00,2.87,,8.73,35.17,48.08,17.02,73.37,7.22,8.07,37.68,7.3,6.82,8.94,26.39,13.06,,,3.3,8.49,18.36,6.02,,2.78,35.61,8.5,12.22,,3.44,,11.71,,9.02,,16.51,1.81,,6.32,10.2,,,,14.18,,,14.84,,52.69,,,,9.6
2016-04-28 07:00:00,2.86,,8.53,34.92,46.87,16.88,73.79,6.97,8.13,37.46,7.35,6.89,8.94,26.39,12.8,,,3.26,8.63,18.43,5.99,,2.8,35.87,8.5,12.01,,3.3,,11.71,,9.02,,16.46,1.78,,6.17,10.1,,,,13.82,,,14.3,,51.94,,,,10.1
2016-04-29 07:00:00,2.81,,8.28,34.67,45.65,16.74,72.95,6.84,8.13,37.46,7.28,6.89,9.02,26.65,13.22,,,3.24,8.75,18.23,5.96,,2.82,35.61,8.39,11.93,,3.32,,11.61,,8.98,,16.36,1.81,,6.12,10.3,,,,13.7,,,14.17,,51.56,,,,9.5
2016-05-04 07:00:00,2.81,,8.68,34.92,48.48,17.09,72.95,7.05,8.06,36.8,7.28,6.82,8.96,25.36,13.41,,,3.4,9.31,18.3,5.99,,2.86,36.65,8.39,12.39,,3.37,,11.71,,8.91,,16.26,1.84,,6.06,10.2,,,,13.76,,,13.9,,52.31,,,,9.5
2016-05-05 07:00:00,2.81,,8.63,35.92,49.29,17.16,73.37,7.05,7.77,37.46,7.48,6.76,8.92,26.13,13.87,,,3.52,10.09,18.57,5.99,,2.84,36.65,8.73,12.18,,3.42,,12.02,,8.91,,16.12,1.81,,6.03,10.2,,,,13.97,,,13.9,,53.06,,,,9.6
2016-05-06 07:00:00,2.84,,8.88,36.93,48.08,17.36,72.11,7.09,7.73,37.46,7.4,6.89,8.9,25.88,13.64,,,3.47,9.43,18.57,5.99,,2.86,36.65,8.9,12.1,,3.37,,11.81,,9.06,,16.26,1.81,,6.0,10.2,,,,14.24,,,14.04,,53.43,,,,9.6
2016-05-09 07:00:00,2.82,,9.14,36.17,48.48,17.23,74.02,7.43,7.71,37.9,7.43,6.82,8.87,26.65,13.45,,,3.45,9.79,18.5,5.96,,2.9,37.42,8.95,12.27,,3.44,,11.51,,9.1,,16.21,1.81,,6.06,10.2,,,,14.6,,,14.3,,54.55,,,,9.5
2016-05-10 07:00:00,2.87,,8.88,36.17,45.65,17.09,74.02,7.26,7.69,37.46,7.4,6.95,8.77,25.88,13.45,,,3.35,9.19,18.16,5.91,,2.84,36.65,8.95,12.27,,3.44,,11.92,,8.98,,16.02,1.84,,5.92,10.4,,,,14.42,,,14.04,,53.43,,,,9.6
2016-05-11 07:00:00,2.84,,9.29,36.17,47.67,17.23,73.58,7.43,7.69,37.24,7.45,7.15,8.88,26.39,13.77,,,3.41,9.43,18.23,5.94,,2.88,37.16,8.95,12.64,,3.47,,12.22,,9.16,,15.43,1.81,,5.84,10.3,,,,14.6,,,14.04,,53.43,,,,9.6
2016-05-12 07:00:00,2.86,,9.39,36.42,48.48,17.64,77.48,7.73,7.77,37.68,7.45,7.08,8.92,27.17,14.03,,,3.48,9.45,18.5,5.99,,2.9,37.16,8.9,12.6,,3.47,,12.12,,9.16,,15.63,1.81,,5.75,10.3,,,,14.63,,,14.58,,54.55,,,,9.0
2016-05-13 07:00:00,2.98,,9.34,36.17,47.67,17.78,76.61,7.52,7.68,37.02,7.48,7.15,8.85,27.17,13.8,,,3.39,9.15,18.3,5.99,,2.86,37.16,8.9,12.77,,3.42,,12.02,,9.12,,15.33,1.87,,5.72,11.3,,,,14.42,,,14.58,,54.18,,,,
2016-05-16 07:00:00,2.95,,9.34,35.92,46.87,17.78,76.18,7.52,7.91,37.24,7.43,7.28,8.83,27.69,13.71,,,3.32,8.98,18.09,6.02,,2.86,36.65,8.67,12.69,,3.47,,12.22,,9.03,,15.28,1.92,,5.7,12.4,,,,14.24,,,14.44,,53.81,,,,9.7
2016-05-17 07:00:00,3.01,,9.49,36.42,47.67,17.71,75.75,7.52,7.62,37.92,7.45,7.28,8.83,29.5,14.0,,,3.33,8.92,18.09,6.02,,2.84,36.9,8.67,12.64,,3.51,,12.02,,8.99,,14.74,1.9,,5.89,12.0,,,,14.51,,,14.98,,55.3,,,,9.8
2016-05-18 07:00:00,3.0,,9.54,36.68,51.31,17.92,76.18,7.6,7.62,37.47,7.48,7.34,8.94,30.53,14.49,,,3.37,9.25,18.16,5.99,,2.86,36.9,8.78,12.64,,3.58,,12.22,,9.16,,15.23,1.9,,5.86,12.6,,,,14.51,,,14.71,,54.93,,,,9.9
2016-05-19 07:00:00,3.06,,9.49,36.55,49.29,17.85,74.45,7.6,7.55,37.24,7.53,7.6,8.94,29.5,14.2,,,3.31,8.94,18.43,5.99,,2.9,37.16,8.78,12.64,,3.58,,12.42,,9.12,,15.14,1.9,,5.81,12.5,,,,14.72,,,14.71,,54.18,,,,9.9
2016-05-20 07:00:00,3.01,,9.34,36.29,49.29,17.57,74.45,7.52,7.5,37.24,7.48,7.73,8.88,30.27,14.65,,,3.32,9.17,18.64,5.99,,2.95,36.13,8.67,12.52,,3.56,,12.42,,9.16,,15.14,1.84,,5.78,12.2,,,,14.6,,,14.44,,54.55,,,,9.9
2016-05-23 07:00:00,3.0,,9.19,36.29,48.48,17.57,74.45,7.48,7.5,36.78,7.63,7.6,9.0,29.76,14.81,,,3.32,9.02,18.92,5.99,,2.97,35.87,8.9,12.64,,3.51,,12.42,,9.12,,15.14,1.87,,5.84,11.9,,,,14.21,,,14.04,,54.93,,,,9.8
2016-05-24 07:00:00,2.93,,8.98,36.29,48.48,17.5,75.32,7.26,7.46,35.64,7.5,7.8,8.92,28.98,14.88,,,3.36,8.88,18.78,5.91,,2.9,36.13,9.29,12.77,,3.51,,12.32,,9.16,,15.28,1.84,,5.81,11.8,,,,13.94,,,14.3,,54.55,,,,9.8
2016-05-25 07:00:00,2.93,,9.03,37.07,48.48,17.64,76.18,7.35,7.44,35.87,7.32,7.8,8.9,29.76,14.49,,,3.39,9.41,18.23,5.96,,2.93,36.39,9.52,13.19,,3.49,,12.22,,9.25,,15.04,1.81,,5.81,11.6,,,,13.97,,,14.04,,54.18,,,,9.9
2016-05-26 07:00:00,2.93,,8.93,36.55,48.08,17.43,76.61,7.31,7.51,35.87,7.42,7.99,8.9,29.76,13.9,,,3.36,9.21,18.3,5.96,,2.88,35.87,9.52,13.36,,3.61,,12.22,,9.25,,15.72,1.78,,5.84,11.3,,,,13.82,,,14.04,,53.81,,,,9.7
2016-05-27 07:00:00,2.9,,8.78,35.26,46.87,17.36,75.32,7.26,7.64,34.95,7.32,8.25,8.86,29.24,14.35,,,3.31,9.29,18.3,6.02,,2.9,36.13,9.41,12.9,,3.58,,12.32,,9.16,,15.87,1.78,,5.72,11.1,,,,13.64,,,13.77,,53.06,,,,9.6
2016-05-30 07:00:00,2.95,,8.93,35.26,46.87,17.5,75.32,7.39,7.69,34.95,7.27,8.12,8.97,29.5,14.51,,,3.34,9.7,18.71,6.02,,2.92,35.61,9.69,12.77,,3.61,,12.22,,9.12,,15.77,1.81,,5.89,11.3,,,,13.73,,,14.04,,53.43,,,,9.7
2016-05-31 07:00:00,2.98,,9.14,35.52,47.67,17.57,75.75,7.48,7.69,34.95,7.29,8.19,9.01,29.5,14.1,,,3.41,10.27,18.78,6.09,,2.95,35.61,9.75,13.15,,3.56,,13.04,,9.12,,15.68,1.78,,6.12,11.1,,,,14.09,,,14.44,,53.43,,,,9.8
2016-06-01 07:00:00,2.97,,9.03,35.78,48.08,17.5,76.18,7.56,7.66,34.73,7.14,8.45,8.97,30.79,14.04,,,3.39,10.53,18.86,6.07,,2.97,35.87,9.81,13.11,,3.54,,13.14,,9.03,,15.48,1.81,,6.03,11.1,,,,13.97,,,14.3,,52.69,,,,9.8
2016-06-02 07:00:00,2.92,,9.19,35.0,48.48,17.57,77.05,7.56,7.68,34.95,7.24,8.32,8.97,30.79,14.04,,,3.45,10.68,19.0,6.07,,2.93,35.61,9.75,13.02,,3.51,,13.04,,9.07,,15.63,1.78,,6.0,11.1,,,,14.06,,,14.44,,52.69,,,,9.8
2016-06-03 07:00:00,2.93,,9.29,35.52,48.48,17.64,76.61,7.6,7.55,35.64,7.21,8.12,8.94,31.83,14.71,,,3.57,10.88,18.93,6.12,,2.95,35.61,9.75,13.11,,3.49,,12.93,,9.03,,15.63,1.78,,6.06,11.2,,,,14.12,,,14.44,,53.06,,,,9.8
2016-06-06 07:00:00,2.93,,9.19,35.0,48.48,17.71,77.48,7.52,7.59,35.87,7.24,7.99,8.9,31.05,14.86,,,3.59,10.76,18.78,6.15,,2.92,35.61,10.09,13.15,,3.44,,13.54,,9.03,,15.48,1.78,,5.98,11.3,,,,14.15,,,14.58,,52.69,,,,9.9
2016-06-07 07:00:00,2.97,,9.14,34.48,49.29,17.78,77.05,7.48,7.59,35.87,7.21,7.73,8.88,32.09,14.4,,,3.56,10.5,19.87,6.04,,2.9,35.36,10.66,13.19,,3.42,,13.85,,9.16,,16.02,1.78,,5.95,12.2,,,,14.42,,,14.44,,51.55,,,,9.9
2016-06-08 07:00:00,2.97,,9.03,35.0,49.29,17.71,77.05,7.43,7.59,35.41,7.29,7.73,8.86,32.34,14.45,,,3.68,10.85,19.72,6.09,,2.93,35.61,10.95,13.06,,3.44,,13.75,,9.07,,16.21,1.78,,6.0,11.8,,,,14.45,,,14.71,,52.31,,,,10.0
2016-06-09 07:00:00,2.98,,9.19,35.0,50.91,17.92,81.81,7.48,7.57,35.41,7.45,7.73,8.9,31.57,14.51,,,3.71,11.4,19.43,6.04,,2.92,35.87,10.72,13.02,,3.49,,13.75,,9.12,,17.64,1.81,,6.06,12.0,,,,14.39,,,14.71,,52.31,,,,10.1
2016-06-10 07:00:00,2.98,,9.39,35.0,50.91,17.85,80.94,7.48,7.53,35.64,7.34,7.34,8.84,31.57,14.56,,,3.69,11.35,19.43,6.02,,2.93,35.87,10.61,13.19,,3.49,,13.34,,9.12,,17.68,1.81,,6.17,12.1,,,,14.45,,,14.71,,52.31,,,,10.1
2016-06-13 07:00:00,3.0,,9.29,35.26,51.71,17.85,80.51,7.56,7.55,37.92,7.27,7.67,8.86,30.53,14.81,,,3.7,11.72,19.51,5.96,,2.92,36.13,10.72,13.23,,3.49,,13.44,,9.34,,17.64,1.78,,6.12,11.7,,,,14.57,,,14.44,,51.55,,,,10.0
2016-06-14 07:00:00,3.01,,9.09,35.0,49.69,17.78,78.78,7.43,7.5,37.92,7.24,7.47,8.81,31.05,14.61,,,3.65,11.69,19.43,5.94,,2.9,35.61,10.74,12.81,,3.42,,13.14,,9.16,,16.66,1.78,,6.03,11.9,,,,14.45,,,14.17,,51.55,,,,9.9
2016-06-15 07:00:00,3.03,,9.03,35.0,50.5,17.57,79.64,7.39,7.35,38.61,7.29,7.54,8.86,30.79,14.76,,,3.8,12.51,19.07,5.96,,2.92,35.61,11.54,13.02,,3.42,,13.24,,9.29,,16.7,1.78,,6.0,11.8,,,,14.48,,,14.58,,51.55,,,,9.9
2016-06-16 07:00:00,3.03,,9.14,37.07,50.5,17.78,84.4,7.35,7.44,40.21,7.21,7.47,8.86,31.57,14.71,,,3.81,12.39,19.07,5.96,,2.92,35.36,11.43,13.15,,3.39,,13.65,,9.29,,16.7,1.78,,5.98,11.7,,,,14.39,,,14.44,,52.31,,,,9.9
2016-06-17 07:00:00,3.01,,9.03,36.29,50.1,17.85,84.84,7.35,7.48,40.21,7.27,7.6,8.84,30.53,14.56,,,3.8,11.93,18.78,5.96,,2.88,35.61,11.54,13.86,,3.47,,13.24,,9.16,,16.95,1.78,,5.92,11.5,,,,14.21,,,14.3,,51.93,,,,9.9
2016-06-20 07:00:00,3.01,,8.98,36.81,48.08,17.78,85.27,7.22,7.4,38.84,7.21,7.67,8.86,31.31,14.25,,,3.81,11.64,19.51,5.96,,2.9,35.61,11.89,13.65,,3.51,,13.34,,9.12,,15.97,1.72,,5.92,11.5,,,,14.15,,,14.17,,51.93,,,,9.9
2016-06-21 07:00:00,3.03,,9.14,37.85,48.48,18.47,87.0,7.26,7.93,39.98,7.16,7.6,9.38,31.83,14.3,,,3.89,11.9,20.09,5.99,,2.88,35.87,12.57,14.28,,3.51,,14.36,,9.07,,16.12,1.78,,5.92,11.4,,,,14.09,,,14.58,,52.31,,,,10.0
2016-06-22 07:00:00,3.01,,9.03,37.85,48.89,18.33,85.27,7.31,7.95,39.75,7.24,7.47,9.3,31.57,14.25,,,3.93,11.78,20.23,6.02,,2.88,35.61,12.34,13.78,,3.44,,14.46,,9.16,,15.92,1.75,,5.89,11.4,,,,14.12,,,14.58,,52.69,,,,9.9
2016-06-23 07:00:00,3.01,,8.98,37.85,48.08,17.92,85.7,7.22,8.18,41.12,7.27,7.54,9.25,31.31,14.25,,,3.96,11.75,20.23,5.99,,2.86,35.61,12.23,13.86,,3.42,,14.77,,9.29,,15.82,1.75,,5.84,11.5,,,,14.09,,,14.3,,52.31,,,,9.9
2016-06-24 07:00:00,3.01,,8.98,38.11,48.89,18.26,86.14,7.26,8.63,42.95,7.24,7.54,9.12,31.83,14.15,,,4.0,11.81,20.38,5.99,,2.88,35.61,13.14,13.69,,3.42,,14.97,,9.29,,15.48,1.78,,5.92,11.5,,,,14.39,,,14.17,,53.06,,,,9.8
2016-06-27 07:00:00,2.92,,8.68,36.55,47.27,17.92,83.54,6.97,8.25,41.58,7.11,7.28,8.94,30.27,13.43,,,3.84,11.23,19.36,5.89,,2.76,34.58,13.71,14.7,,3.32,,14.66,,8.86,,15.14,1.72,,5.67,11.1,,,,13.94,,,14.66,,51.55,,,,9.6
2016-06-28 07:00:00,2.95,,8.78,36.81,47.87,17.92,82.24,7.05,8.58,41.35,7.19,7.47,9.01,30.53,13.74,,,3.87,11.43,20.09,5.99,,2.82,34.58,13.6,14.45,,3.28,,15.17,,8.86,,15.38,1.75,,5.67,11.2,,,,13.76,,,14.52,,51.93,,,,9.7
2016-06-29 07:00:00,2.97,,8.78,37.85,47.87,17.98,84.4,7.09,8.58,43.18,7.21,7.34,8.99,31.31,13.43,,,3.89,11.87,20.01,5.99,,2.84,34.58,13.49,14.49,,3.23,,15.68,,8.94,,15.48,1.75,,5.75,11.3,,,,14.0,,,14.3,,53.44,,,,9.8
2016-06-30 07:00:00,3.01,,8.83,38.11,49.1,18.26,84.4,7.22,8.89,45.69,7.21,7.41,9.3,32.6,13.94,,,3.99,12.31,20.38,5.99,,2.84,34.58,14.29,14.91,,3.28,,16.19,,9.03,,15.68,1.75,,5.89,11.3,,,,14.15,,,14.54,,53.06,,,,9.9
2016-07-01 07:00:00,2.97,,8.73,38.37,48.28,18.12,83.97,7.14,9.1,47.06,7.19,7.41,9.19,32.6,13.58,,,3.99,11.9,20.23,5.96,,2.82,34.32,14.06,14.91,,3.25,,15.07,,8.99,,15.23,1.72,,5.86,11.3,,,,14.21,,,15.14,,54.2,,,,10.0
2016-07-04 07:00:00,2.97,,8.73,38.89,49.51,18.12,85.27,7.26,9.21,46.15,7.21,7.41,9.19,34.16,13.84,,,4.01,12.36,20.16,5.99,,2.82,34.58,14.29,15.0,,3.3,,15.28,,8.9,,15.33,1.75,,5.89,11.4,,,,14.27,,,15.44,,54.58,,,,10.0
2016-07-05 07:00:00,2.93,,8.78,42.0,49.92,18.19,84.84,7.26,9.21,46.61,7.32,7.41,9.3,34.41,14.04,,,4.04,13.15,20.23,5.96,,2.84,34.84,14.29,14.79,,3.44,,15.68,,9.07,,15.23,1.72,,6.34,11.3,,,,14.84,,,15.44,,54.96,,,,10.1
2016-07-06 07:00:00,2.93,,8.93,42.0,50.33,18.61,86.57,7.39,9.03,45.24,7.32,7.28,9.21,33.38,13.84,,,4.02,12.54,20.09,5.94,,2.86,34.58,13.94,14.41,,3.44,,15.58,,8.94,,15.18,1.75,,6.26,11.3,,,,15.02,,,15.3,,54.2,,,,10.1
2016-07-07 07:00:00,2.93,,8.93,42.78,51.15,19.36,88.73,7.31,9.05,45.24,7.37,7.34,9.34,33.64,13.89,,,4.19,13.27,20.09,6.04,,2.86,34.58,14.29,14.62,,3.42,,15.99,,9.2,,15.48,1.78,,6.34,11.3,,,,15.17,,,15.44,,54.2,,,,10.1
2016-07-08 07:00:00,2.97,,8.93,42.26,51.56,19.29,90.9,7.39,8.94,47.98,7.47,7.34,9.49,34.16,13.89,,,4.31,13.56,19.94,6.09,,2.9,34.32,14.97,14.62,,3.49,,16.6,,9.07,,15.87,1.81,,6.37,11.2,,,,15.32,,,15.6,,56.1,,,,10.2
2016-07-11 07:00:00,2.95,,8.93,42.26,50.33,18.95,90.9,7.31,9.09,47.98,7.42,7.15,9.56,33.64,14.35,,,4.28,13.67,20.38,6.09,,2.86,34.07,14.74,14.58,,3.28,,16.5,,8.99,,15.97,1.75,,6.48,11.2,,,,15.47,,,15.44,,55.72,,,,10.2
2016-07-12 07:00:00,2.93,,8.98,40.7,49.1,18.26,89.6,7.43,9.46,45.69,7.42,7.21,9.32,33.12,14.35,,,4.09,13.24,20.23,5.99,,2.88,34.58,15.09,14.41,,3.09,,15.99,,8.99,,15.72,1.75,,6.6,11.1,,,,15.62,,,15.3,,55.34,,,,10.2
2016-07-13 07:00:00,2.95,,8.93,41.48,50.33,18.26,90.03,7.56,9.22,46.61,7.58,7.08,9.32,33.9,14.51,,,4.16,13.24,20.38,6.02,,2.86,34.32,15.54,14.28,,2.99,,15.79,,8.94,,15.87,1.75,,6.68,11.1,,,,16.22,,,15.74,,55.72,,,,10.3
2016-07-14 07:00:00,3.01,,9.34,41.48,50.74,18.4,91.76,8.2,9.12,46.15,7.71,7.34,9.4,33.9,14.35,,,4.18,13.27,20.66,5.99,,2.9,34.58,16.0,14.53,,2.94,,15.79,,9.07,,16.7,1.75,,6.82,11.5,,,,17.42,,,16.5,,55.34,,,,10.4
2016-07-15 07:00:00,3.06,,9.29,42.0,51.15,18.12,93.06,8.03,8.56,44.55,7.76,8.06,9.38,33.64,14.04,,,4.02,12.22,20.88,5.96,,2.92,35.1,16.0,14.16,,3.01,,14.16,,9.12,,16.36,1.78,,6.65,11.6,,,,16.82,,,16.2,,55.34,,,,10.4
2016-07-18 07:00:00,2.97,,9.19,43.55,51.15,18.86,92.2,7.86,9.2,42.04,7.63,7.99,9.3,33.38,13.94,,,4.07,12.22,20.81,5.99,,2.93,35.1,15.77,14.37,,3.01,,14.05,,9.12,,16.31,1.78,,6.6,11.9,,,,16.07,,,16.34,,56.1,,,,10.4
2016-07-19 07:00:00,3.0,,9.34,43.04,52.78,18.57,94.36,8.07,9.22,42.04,7.71,7.8,9.34,33.38,14.1,,,4.31,13.09,20.81,6.02,,2.9,35.61,16.0,14.91,,3.09,,14.56,,9.12,,16.51,1.75,,6.74,12.1,,,,16.82,,,16.2,,56.86,,,,10.5
2016-07-20 07:00:00,2.93,,9.03,42.26,52.37,18.43,94.79,7.73,9.2,42.27,7.53,7.8,9.16,32.86,13.94,,,4.21,12.71,20.74,5.99,,2.88,34.84,15.89,14.7,,3.04,,14.26,,8.99,,16.51,1.75,,6.82,11.4,,,,16.97,,,15.6,,58.37,,,,10.5
2016-07-21 07:00:00,2.95,,8.93,42.52,50.33,18.36,101.28,7.52,9.31,42.27,7.63,7.54,9.12,32.6,13.84,,,4.13,12.22,20.23,5.99,,2.86,34.84,15.2,14.41,,3.04,,14.26,,8.9,,16.36,1.75,,6.68,11.2,,,,16.52,,,15.14,,60.65,,,,10.4
2016-07-22 07:00:00,2.9,,8.83,43.29,49.1,18.08,97.39,7.56,9.01,42.49,7.63,7.34,9.08,32.09,13.69,,,4.11,11.2,19.87,5.99,,2.88,34.84,14.63,14.53,,3.09,,14.26,,8.94,,15.97,1.72,,6.43,11.3,,,,16.52,,,15.14,,60.27,,,,10.2
2016-07-25 07:00:00,2.87,,8.88,42.0,49.1,18.08,96.96,7.6,8.88,41.35,7.71,7.28,9.03,31.83,13.58,,,4.07,11.11,20.23,5.99,,2.86,34.32,15.43,14.49,,3.06,,13.95,,8.9,,16.36,1.72,,6.43,11.2,,,,15.62,,,15.14,,59.51,,,,10.2
2016-07-26 07:00:00,2.87,,8.83,40.96,47.46,18.08,96.09,7.43,8.77,41.35,7.68,7.34,9.01,31.83,13.48,,,4.1,10.76,20.66,5.99,,2.9,34.84,15.2,14.53,,3.04,,13.44,,8.94,,16.16,1.72,,6.26,11.0,,,,15.92,,,15.14,,58.37,,,,
2016-07-27 07:00:00,2.84,,8.73,41.74,47.87,18.01,96.09,7.48,8.79,41.58,7.53,7.34,9.03,30.53,13.17,,,4.32,11.03,20.09,5.99,,2.86,34.07,14.86,14.41,,3.01,,12.83,,8.99,,16.02,1.72,,6.29,11.1,,,,15.77,,,15.14,,59.89,,,,10.2
2016-07-28 07:00:00,2.86,,8.83,41.48,49.1,18.22,97.82,7.65,8.99,42.49,7.6,7.54,9.03,31.05,13.58,,,4.34,11.58,20.59,5.99,,2.88,33.81,14.86,14.32,,2.99,,13.65,,8.94,,15.48,1.7,,6.43,11.2,,,,16.37,,,15.44,,59.89,,,,10.3
2016-07-29 07:00:00,2.82,,8.78,42.52,48.69,18.29,97.39,7.6,8.9,42.49,7.63,7.73,9.03,29.24,13.48,,,4.47,11.49,21.02,5.99,,2.88,33.29,15.2,14.62,,3.04,,13.24,,9.16,,15.77,1.7,,6.51,11.0,,,,16.37,,,15.74,,60.65,,,,
2016-08-01 07:00:00,2.86,,8.93,41.22,48.69,18.36,96.09,7.56,8.84,42.27,7.6,7.73,8.97,31.05,13.38,,,4.47,11.29,20.74,6.07,,2.86,33.55,15.31,14.83,,3.04,,13.04,,8.99,,16.07,1.7,,6.48,11.3,,,,16.22,,,15.44,,60.27,,,,10.2
2016-08-02 07:00:00,2.82,,8.78,39.66,48.28,18.15,94.79,7.52,8.67,41.12,7.6,7.34,8.99,30.02,13.33,,,4.37,10.73,20.45,6.09,,2.84,32.78,14.74,14.79,,3.01,,12.73,,8.81,,16.12,1.67,,6.34,11.1,,,,15.92,,,15.14,,58.37,,,,10.1
2016-08-03 07:00:00,2.78,,8.63,38.37,47.46,17.87,93.06,7.26,8.56,40.21,7.47,7.28,8.88,30.27,13.02,,,4.27,10.79,20.52,6.04,,2.84,31.49,13.94,14.7,,3.01,,13.04,,8.68,,15.87,1.61,,6.17,11.0,,,,15.32,,,15.0,,57.99,,,,10.0
2016-08-04 07:00:00,2.78,,8.58,37.85,46.65,17.87,90.46,7.22,8.56,39.52,7.5,7.41,8.86,31.05,12.87,,,4.37,11.32,20.81,6.02,,2.82,31.23,14.74,14.62,,2.99,,13.04,,8.72,,16.07,1.64,,6.29,10.9,,,,15.32,,,14.84,,58.75,,,,10.0
2016-08-05 07:00:00,2.78,,8.38,37.07,46.65,17.87,89.6,7.22,8.69,39.75,7.5,7.15,8.84,30.79,12.87,,,4.26,10.91,20.23,6.04,,2.78,31.74,14.74,14.45,,2.99,,12.73,,8.55,,16.07,1.58,,6.12,10.6,,,,15.77,,,13.95,,59.13,,,,9.9
2016-08-08 07:00:00,2.79,,8.28,37.59,47.05,17.94,88.73,7.31,8.52,39.98,7.42,7.15,8.92,30.79,13.63,,,4.33,11.29,20.01,6.04,,2.8,31.49,15.31,14.53,,2.97,,12.83,,8.46,,16.12,1.56,,6.09,10.5,,,,15.47,,,13.41,,59.89,,,,9.8
2016-08-09 07:00:00,2.79,,8.33,37.33,46.65,17.8,87.43,7.26,8.75,40.67,7.42,7.15,8.92,31.57,13.53,,,4.29,11.35,20.16,6.04,,2.8,30.45,15.09,14.66,,2.99,,13.34,,8.68,,16.16,1.5,,6.0,10.9,,,,15.62,,,13.41,,60.27,,,,10.0
2016-08-10 07:00:00,2.81,,8.18,38.37,47.46,17.94,89.17,7.22,8.73,41.81,7.42,7.15,8.9,31.83,13.43,,,4.36,11.43,20.23,6.28,,2.82,30.97,14.97,15.29,,3.01,,13.34,,8.72,,16.95,1.53,,6.03,10.8,,,,15.77,,,13.71,,61.78,,,,10.0
2016-08-11 07:00:00,2.81,,8.48,38.89,49.1,17.94,91.76,7.39,8.79,42.49,7.45,7.02,9.03,31.57,13.94,,,4.55,11.84,20.16,6.57,,2.84,31.23,15.09,15.21,,3.01,,14.05,,8.81,,17.24,1.53,,6.15,10.8,,,,16.07,,,14.58,,62.54,,,,10.2
2016-08-12 07:00:00,2.82,,8.58,39.92,49.92,18.01,93.93,7.48,8.99,44.78,7.53,6.95,9.19,33.12,14.25,,,4.71,12.28,20.59,6.67,,2.86,31.49,16.34,15.34,,3.04,,14.26,,8.9,,17.29,1.58,,6.2,10.9,,,,16.67,,,14.84,,65.19,,,,10.3
2016-08-15 07:00:00,2.79,,8.48,38.89,48.69,17.8,91.76,7.43,8.88,44.32,7.45,7.08,9.1,32.6,14.1,,,4.58,11.78,20.59,6.85,,2.84,30.97,15.66,15.08,,3.04,,13.85,,8.9,,16.85,1.58,,6.15,10.7,,,,16.07,,,14.7,,63.68,,,,10.2
2016-08-16 07:00:00,2.78,,8.58,38.89,48.28,17.94,93.49,7.35,8.94,44.55,7.45,6.89,9.19,33.38,14.04,,,4.68,12.04,22.69,6.98,,2.82,30.97,16.23,15.16,,3.01,,14.36,,9.03,,16.85,1.58,,6.2,10.8,,,,16.22,,,14.7,,64.06,,,,10.3
2016-08-17 07:00:00,2.82,,8.48,38.63,48.28,18.22,93.93,7.39,9.09,46.61,7.45,7.08,9.34,32.86,14.81,,,4.72,12.1,24.2,6.98,,2.8,30.97,17.03,15.56,,3.06,,14.77,,9.03,,17.14,1.61,,6.32,10.7,,,,16.22,,,14.36,,64.44,,,,10.4
2016-08-18 07:00:00,2.81,,8.43,41.48,48.28,18.29,96.96,7.35,9.2,46.61,7.47,6.89,9.45,32.86,15.48,,,4.93,12.16,23.99,6.96,,2.8,30.97,17.49,15.69,,3.04,,15.17,,8.99,,17.44,1.58,,6.29,10.8,,,,16.22,,,14.66,,65.19,,,,10.4
2016-08-19 07:00:00,2.79,,8.38,40.96,48.28,19.07,99.12,7.31,9.41,45.69,7.53,6.95,9.47,32.86,15.17,,,4.9,12.22,25.58,6.96,,2.82,34.58,17.03,15.47,,3.04,,14.97,,8.86,,16.95,1.56,,6.26,10.6,,,,15.92,,,14.52,,67.82,,,,10.4
2016-08-22 07:00:00,2.78,,8.23,40.18,49.1,19.21,96.96,7.31,9.09,44.55,7.47,7.08,9.16,33.38,14.86,,,4.83,11.81,26.01,7.06,,2.8,34.84,17.37,15.43,,3.06,,14.66,,8.86,,17.14,1.53,,6.09,10.7,,,,16.52,,,14.4,,66.89,,,,10.4
2016-08-23 07:00:00,2.78,,8.23,40.18,48.28,18.79,95.22,7.31,9.05,43.86,7.5,7.21,9.14,33.38,14.71,,,4.85,11.23,24.56,7.06,,2.8,33.03,17.14,15.25,,3.04,,14.26,,8.77,,17.29,1.53,,6.09,10.5,,,,15.92,,,14.01,,65.48,,,,10.4
2016-08-24 07:00:00,2.79,,8.28,40.96,48.69,19.07,95.22,7.26,9.14,44.32,7.42,7.15,9.14,32.86,15.17,,,4.98,11.87,27.46,7.04,,2.8,32.52,17.49,15.21,,3.04,,14.26,,8.86,,17.24,1.47,,6.06,10.5,,,,16.07,,,14.54,,67.36,,,,10.4
2016-08-25 07:00:00,2.79,,8.18,40.44,48.28,19.28,96.52,7.35,9.26,44.78,7.45,7.21,9.21,32.6,14.86,,,5.05,12.25,27.96,6.72,,2.8,32.26,16.57,15.34,,3.01,,13.85,,8.81,,17.14,1.56,,6.06,10.4,,,,16.22,,,14.54,,67.82,,,,10.4
2016-08-26 07:00:00,2.78,,8.23,40.96,48.69,19.21,98.26,7.31,9.18,44.55,7.42,7.15,9.27,32.6,14.61,,,5.11,12.39,28.1,6.85,,2.82,32.26,16.23,15.21,,2.97,,13.65,,8.86,,17.14,1.53,,6.06,10.5,,,,16.82,,,14.4,,67.36,,,,10.4
2016-08-29 07:00:00,2.84,,8.28,41.48,49.51,19.77,97.82,7.39,9.2,43.64,7.5,7.15,9.45,32.6,14.86,,,5.05,12.36,27.46,6.91,,2.8,33.29,16.34,15.34,,2.99,,14.05,,8.9,,17.39,1.56,,6.15,10.5,,,,17.87,,,14.4,,68.29,,,,10.5
2016-08-30 07:00:00,2.82,,8.23,41.22,49.51,19.42,98.26,7.35,9.31,42.49,7.42,7.21,9.3,32.09,14.15,,,4.9,12.01,27.09,6.85,,2.82,34.32,15.77,15.3,,2.97,,13.54,,8.86,,17.14,1.53,,6.03,10.5,,,,16.97,,,14.4,,71.1,,,,
2016-08-31 07:00:00,2.84,,8.23,40.96,51.15,19.92,103.02,7.39,9.39,44.09,7.4,7.21,9.38,33.12,14.2,,,5.03,12.71,26.59,6.88,,2.8,36.13,16.8,15.69,,3.04,,13.75,,8.86,,17.0,1.5,,5.98,10.4,,,,16.67,,,14.4,,71.57,,,,10.6
2016-09-01 07:00:00,2.86,,8.23,42.52,50.74,20.2,105.61,7.31,9.84,44.32,7.55,7.21,9.67,33.12,14.61,,,5.09,12.57,27.89,6.83,,2.8,35.1,16.57,15.6,,3.04,,14.36,,8.77,,17.19,1.5,,6.06,10.5,,,,16.37,,,14.46,,72.97,,,,
2016-09-05 07:00:00,2.82,,8.18,42.78,49.51,20.06,107.78,7.35,9.74,45.24,7.55,7.08,9.73,32.6,14.3,,,5.06,13.24,27.89,6.88,,2.8,35.1,16.46,15.3,,2.99,,14.26,,8.77,,17.1,1.47,,6.03,10.2,,,,15.77,,,14.42,,72.03,,,,10.6
2016-09-06 07:00:00,2.82,,8.08,42.78,49.1,20.06,110.38,7.35,10.06,45.69,7.53,6.76,9.71,32.6,14.1,,,5.01,13.15,28.76,6.88,,2.8,35.1,16.57,15.03,,3.04,,14.36,,8.68,,16.56,1.44,,5.98,10.0,,,,15.32,,,14.48,,72.03,,,,10.6
2016-09-07 07:00:00,2.82,,8.08,44.33,49.1,20.06,111.67,7.22,9.82,44.32,7.47,6.69,9.64,32.6,14.3,,,5.03,12.74,28.83,6.96,,2.78,35.1,16.57,15.12,,2.99,,14.97,,8.94,,16.9,1.47,,5.98,10.2,,,,15.32,,,14.42,,69.69,,,,10.6
2016-09-08 07:00:00,2.81,,8.18,44.59,48.28,19.99,111.67,7.35,9.76,46.15,7.45,6.56,9.71,32.6,14.3,,,5.23,12.71,28.32,7.01,,2.8,35.1,16.57,15.16,,3.04,,14.77,,8.94,,16.9,1.5,,5.98,10.0,,,,15.32,,,14.4,,67.82,,,,10.5
2016-09-09 07:00:00,2.74,,8.13,44.07,49.51,20.55,114.7,7.35,10.1,47.52,7.47,6.69,10.06,33.64,14.51,,,5.33,12.8,27.89,7.01,,2.82,35.36,16.46,15.47,,3.01,,14.97,,8.9,,16.9,1.5,,6.03,10.0,,,,15.73,,,14.54,,69.23,,,,10.6
2016-09-12 07:00:00,2.79,,8.23,44.1,48.28,20.48,113.54,7.39,10.18,47.98,7.4,6.76,9.95,32.6,14.35,,,5.21,12.63,27.46,6.96,,2.82,35.1,15.89,15.34,,3.01,,14.66,,8.81,,16.61,1.44,,6.09,10.0,,,,15.94,,,15.0,,67.36,,,,10.6
2016-09-13 07:00:00,2.78,,8.13,43.81,49.92,20.34,111.67,7.35,10.16,47.47,7.34,6.69,9.84,32.34,14.2,,,5.11,12.36,27.46,6.92,,2.8,35.15,15.43,15.38,,3.01,,14.32,,8.94,,16.58,1.41,,5.98,10.0,,,,15.52,,,14.84,,66.05,,,,
2016-09-14 07:00:00,2.78,,8.03,43.81,50.33,20.69,108.64,7.28,10.12,47.98,7.34,6.76,9.88,32.86,14.15,,,5.15,12.65,27.38,6.93,,2.81,35.1,15.87,15.38,,3.04,,14.16,,8.81,,16.07,1.41,,5.92,9.99,,,,14.71,,,14.84,,67.36,,,,10.58
2016-09-15 07:00:00,2.74,,7.98,45.11,49.92,20.69,109.51,7.14,10.06,48.43,7.25,6.63,9.95,32.34,13.89,,,5.16,12.63,28.06,6.91,,2.81,34.07,15.5,15.6,,2.97,,14.14,,8.94,,16.26,1.41,,5.92,10.0,,,,15.23,,,14.7,,67.59,,,,10.6
2016-09-16 07:00:00,2.71,,7.98,43.29,49.43,20.34,112.54,7.22,10.16,50.26,7.24,6.95,9.73,32.6,13.84,,,5.25,12.42,27.24,6.98,,2.8,33.09,15.31,15.34,,2.99,,14.26,,8.81,,16.61,1.39,,5.86,10.05,,,,14.9,,,14.95,,66.89,,,,
2016-09-19 07:00:00,2.73,,7.98,44.88,48.69,20.8,112.54,7.2,10.18,51.22,7.27,6.76,9.93,32.76,14.1,,,5.36,12.22,26.41,6.96,,2.8,34.58,15.33,15.21,,2.99,,14.26,,8.9,,15.58,1.33,,5.92,9.6,,,,14.78,,,15.8,,65.48,,,,10.46
2016-09-20 07:00:00,2.71,,7.93,44.75,50.16,20.8,109.12,7.22,11.21,51.68,7.33,6.82,9.95,33.07,13.84,,,5.38,11.93,27.61,7.2,,2.79,35.1,14.97,15.25,,3.06,,14.71,,9.16,,15.92,1.36,,6.05,9.89,,,,15.19,,,15.32,,63.52,,,,10.4
2016-09-21 07:00:00,2.71,,7.93,44.33,50.16,20.41,111.24,7.24,10.96,51.91,7.31,6.82,9.99,34.16,14.1,,,5.39,12.22,27.76,7.12,,2.78,36.13,15.2,15.25,,2.99,,14.66,,9.16,,15.43,1.39,,6.12,9.59,,,,15.4,,,15.8,,64.08,,,,10.53
2016-09-22 07:00:00,2.78,,8.08,45.08,51.96,20.27,107.78,7.26,10.91,50.72,7.33,6.82,9.95,35.6,14.07,,,5.48,12.33,28.21,7.14,,2.78,36.23,15.43,15.65,,3.16,,14.97,,9.2,,14.94,1.39,,6.2,9.51,,,,15.65,,,16.05,,64.55,,,,10.64
2016-09-23 07:00:00,2.73,,8.06,45.37,53.93,20.27,107.78,7.22,10.91,49.85,7.37,6.95,10.25,35.04,14.17,,,5.49,12.01,28.21,7.38,,2.79,36.34,15.77,16.04,,3.16,,15.17,,9.42,,14.45,1.33,,6.17,9.52,,,,15.52,,,16.2,,63.99,,,,
2016-09-26 07:00:00,2.76,,8.03,45.96,53.52,20.48,104.75,7.18,11.17,49.8,7.38,6.76,10.41,35.19,14.53,,,5.43,12.07,28.66,7.33,,2.78,35.92,15.66,16.06,,3.09,,15.58,,9.68,,15.04,1.33,,6.09,9.5,,,,15.48,,,16.29,,65.53,,,,10.77
2016-09-27 07:00:00,2.71,,7.93,47.05,55.65,20.16,107.34,7.16,11.88,50.49,7.42,6.76,10.44,35.45,14.86,,,5.45,11.97,28.66,7.3,,2.78,36.13,15.42,16.22,,3.06,,15.6,,9.9,,14.87,1.3,,6.15,9.4,,,,15.56,,,16.46,,65.91,,,,10.75
2016-09-28 07:00:00,2.73,,8.43,47.44,57.28,20.41,109.9,7.31,12.3,49.99,7.41,6.76,10.42,35.71,14.86,,,5.53,12.1,29.26,7.3,,2.78,36.13,15.53,16.44,,3.09,,15.68,,9.77,,14.96,1.27,,6.23,9.43,,,,16.06,,,16.7,,65.72,,,,10.78
2016-09-29 07:00:00,2.9,,8.68,48.35,57.28,20.62,111.89,7.43,10.93,49.8,7.36,6.76,10.41,37.26,14.66,,,5.55,12.07,28.74,7.33,,2.8,35.36,15.71,16.44,,3.06,,15.48,,9.62,,14.94,1.27,,6.34,9.43,,,,16.14,,,16.4,,65.48,,,,10.89
2016-09-30 07:00:00,2.9,,8.38,50.68,57.28,20.66,112.11,7.26,11.77,50.49,7.4,6.63,10.37,38.14,15.22,,,5.47,12.17,28.66,7.33,,2.8,35.1,15.99,16.87,,3.01,,15.48,,9.55,,15.18,1.3,,6.29,9.36,,,,15.85,,,16.35,,65.48,,,,10.84
2016-10-03 07:00:00,2.92,,8.53,49.78,58.1,20.9,116.44,7.22,12.37,51.4,7.4,6.69,10.21,36.84,15.02,,,5.43,12.13,28.51,7.52,,2.82,36.13,16.08,16.57,,3.04,,15.28,,9.51,,15.18,1.3,,6.32,9.32,,,,15.85,,,16.35,,65.91,,,,10.84
2016-10-04 07:00:00,2.95,,8.48,51.59,55.81,20.97,118.17,7.2,12.28,53.23,7.38,6.63,10.26,37.0,14.89,,,5.25,11.93,28.48,7.52,,2.8,35.61,15.87,16.48,,3.06,,15.17,,9.34,,15.04,1.3,,6.32,9.2,,,,15.69,,,15.8,,65.72,,,,10.73
2016-10-05 07:00:00,3.03,,8.58,49.88,59.08,20.62,113.4,7.35,11.77,50.72,7.4,6.63,10.28,37.05,14.56,,,5.23,11.55,27.61,7.47,,2.78,36.03,15.76,16.44,,3.09,,15.32,,9.25,,15.04,1.3,,6.37,9.1,,7.33,,15.94,,,16.27,,65.95,,,,10.69
2016-10-06 07:00:00,3.11,,8.66,50.81,60.56,20.87,111.24,7.52,11.62,51.4,7.36,6.76,10.24,37.52,14.45,,,5.17,11.48,27.76,7.47,,2.8,36.08,15.42,16.96,,3.04,,15.48,,9.29,,15.18,1.3,,6.41,9.35,,7.84,,15.81,,,16.09,,65.67,,,,10.8
2016-10-07 07:00:00,3.06,,8.63,50.32,60.15,21.19,109.08,7.48,11.6,51.36,7.34,6.66,10.09,37.41,14.35,,,5.1,11.32,28.36,7.47,,2.84,36.03,15.52,16.92,,3.04,,15.64,,9.23,,15.18,1.44,,6.34,9.61,,8.37,,15.91,,,15.8,,66.42,,,,10.72
2016-10-10 07:00:00,3.01,,8.51,49.91,58.51,21.26,107.99,7.35,11.47,51.13,7.4,6.76,9.85,36.94,14.3,,,4.87,11.32,28.36,7.47,,2.83,35.67,15.33,16.92,,3.04,,15.38,,9.16,,14.99,1.39,,6.23,9.55,,8.94,,15.71,,,15.87,,66.23,,,,10.6
2016-10-11 07:00:00,3.01,,8.41,49.57,58.27,21.04,105.92,7.26,11.4,49.44,7.37,6.76,9.54,36.11,14.1,,,4.69,10.82,27.76,7.51,,2.8,35.51,15.47,16.57,,3.09,,14.91,,9.1,,15.91,1.36,,6.38,9.3,,9.55,,15.6,,,15.5,,65.48,,,,10.43
2016-10-12 07:00:00,3.03,,8.43,50.55,58.1,21.04,108.77,7.33,11.13,49.8,7.38,6.73,9.71,37.52,14.35,,,5.01,11.29,27.69,7.49,,2.81,35.15,15.45,16.35,,3.09,,14.93,,9.29,,16.07,1.33,,6.32,9.22,,10.21,,15.65,,,15.47,,65.72,,,,
2016-10-13 07:00:00,3.05,,8.41,50.76,57.69,21.4,107.99,7.33,11.13,50.67,7.34,6.69,9.56,35.95,14.12,,,4.78,11.0,27.76,7.52,,2.8,35.1,15.77,16.3,,3.07,,14.87,,9.25,,16.93,1.36,,6.21,9.23,,10.92,,15.6,,,15.61,,66.0,,,,10.53
2016-10-14 07:00:00,3.08,,8.38,51.2,57.28,21.29,111.67,7.31,11.32,50.72,7.37,6.66,9.6,37.1,14.33,,,4.87,11.0,28.44,7.45,,2.81,35.1,16.96,16.17,,3.04,,14.81,,9.27,,16.1,1.41,,6.27,9.19,,11.61,,15.44,,,15.74,,66.42,,,,10.66
2016-10-17 07:00:00,3.05,,8.48,51.07,57.28,21.61,113.65,7.24,11.56,50.72,7.4,6.82,9.6,36.89,14.15,,,4.78,11.03,28.14,7.47,,2.81,35.2,16.69,16.0,,3.04,,15.07,,9.34,,16.55,1.44,,6.29,9.2,,12.47,,15.4,,,15.8,,67.03,,,,10.59
2016-10-18 07:00:00,3.03,,8.58,52.11,54.42,20.76,108.74,7.24,11.34,49.39,7.51,6.73,9.49,36.21,14.17,,,4.71,11.05,28.29,7.47,,2.82,34.12,16.23,15.73,,3.23,,15.17,,9.1,,16.55,1.47,,6.26,9.22,,13.34,,15.07,,,15.8,,66.51,,,,10.46
2016-10-19 07:00:00,3.05,,8.46,52.96,55.65,20.87,107.88,7.26,10.7,49.16,7.6,6.95,9.51,35.95,14.15,,,4.87,11.23,28.21,7.41,,2.84,34.32,17.35,16.22,,3.3,,15.44,,9.2,,16.8,1.47,,6.23,9.23,,14.24,,15.23,,,15.74,,66.98,,,,10.6
2016-10-20 07:00:00,3.11,,8.93,53.41,54.83,20.66,109.67,7.39,10.59,50.26,7.55,6.76,9.64,36.37,14.1,,,4.93,11.52,28.14,7.28,,2.84,35.05,17.18,15.69,,3.28,,15.17,,9.16,,16.93,1.61,,6.29,9.49,,11.57,,15.23,,,16.02,,68.29,,,,10.6
2016-10-21 07:00:00,3.09,,8.73,51.9,54.83,21.54,105.28,7.37,10.31,48.98,7.45,6.82,9.51,35.69,13.94,,,4.88,11.64,28.81,7.5,,2.84,34.32,17.26,15.21,,3.28,,14.97,,9.05,,16.74,1.61,,6.43,9.27,,10.78,,15.19,,,15.91,,67.82,,,,10.64
2016-10-24 07:00:00,3.06,,8.93,51.93,55.32,21.4,101.48,7.28,9.65,45.01,7.34,6.82,9.49,35.48,14.1,,,4.87,11.49,28.51,7.4,,2.88,33.6,17.36,15.34,,3.28,,14.66,,9.05,,16.55,1.58,,6.36,9.25,,11.86,,15.23,,,15.8,,67.45,,,,
2016-10-25 07:00:00,3.01,,8.86,50.81,55.24,20.87,96.92,7.39,9.63,43.86,7.23,6.63,9.45,35.43,14.04,,,4.78,11.37,27.69,7.33,,2.84,33.29,16.64,15.12,,3.11,,14.26,,9.01,,15.91,1.58,,6.23,9.2,,12.12,,14.94,,,15.58,,65.95,,,,10.4
2016-10-26 07:00:00,3.05,,8.68,50.63,55.48,20.83,101.53,7.31,9.74,44.32,7.23,6.69,9.45,35.38,13.89,,,4.71,11.1,27.01,7.33,,2.84,33.55,16.38,15.08,,3.16,,13.87,,8.96,,16.42,1.56,,6.21,9.1,,11.0,,14.8,,,15.58,,65.95,,,,10.4
2016-10-27 07:00:00,3.03,,8.58,51.72,55.07,20.34,102.11,7.2,9.52,45.19,7.2,6.69,9.47,35.28,13.86,,,4.72,11.17,26.64,7.33,,2.83,33.29,16.69,14.99,,3.14,,14.26,,9.05,,16.29,1.5,,6.17,9.02,,11.67,,14.61,,,15.58,,66.14,,,,
2016-10-28 07:00:00,3.03,,8.43,52.06,54.83,20.62,103.5,7.18,9.54,44.78,7.21,6.4,9.45,35.17,13.94,,,4.7,11.29,27.16,7.36,,2.83,33.29,16.74,15.34,,3.18,,14.16,,9.14,,16.93,1.5,,6.14,9.0,,11.45,,15.03,,,15.72,,66.65,,,,
2016-10-31 07:00:00,3.06,,8.58,49.31,54.58,20.44,107.3,7.31,9.63,45.65,7.2,6.73,9.56,35.43,14.04,,,4.88,11.81,27.39,7.36,,2.84,33.76,16.97,15.34,,3.16,,14.05,,9.27,,16.55,1.56,,6.17,8.8,,12.16,,15.03,,,15.61,,66.89,,,,10.52
2016-11-01 07:00:00,3.01,,8.38,52.11,54.01,20.13,111.63,7.16,9.67,45.19,7.21,6.5,9.54,34.13,13.94,,,4.81,11.64,27.16,7.4,,2.84,34.07,16.34,15.25,,3.2,,13.95,,9.25,,16.42,1.53,,6.2,8.7,,10.88,,14.82,,,15.61,,66.89,,,,10.42
2016-11-02 07:00:00,3.03,,8.53,52.24,53.19,20.3,107.88,7.12,9.46,44.78,7.2,6.63,9.47,34.65,13.79,,,4.8,11.78,26.86,7.4,,2.84,33.76,16.8,15.21,,3.28,,13.95,,9.2,,15.72,1.53,,6.15,8.4,,11.55,,14.82,,,15.72,,66.37,,,,10.4
2016-11-03 07:00:00,3.03,,8.56,51.75,52.62,20.16,105.0,7.07,9.09,44.55,7.19,6.5,9.3,34.29,13.58,,,4.69,11.43,27.01,7.4,,2.82,33.81,16.69,14.94,,3.26,,13.93,,9.14,,15.91,1.5,,6.14,8.25,,10.0,,14.55,,,15.47,,65.95,,,,10.21
2016-11-04 07:00:00,3.01,,8.4,50.32,51.15,20.06,103.96,7.09,9.29,44.37,7.15,6.66,9.19,34.23,13.58,,,4.69,11.49,27.13,7.4,,2.77,33.7,17.49,15.21,,3.44,,14.16,,9.03,,15.75,1.47,,6.04,8.26,,9.31,,14.57,,,15.43,,66.14,,,,10.2
2016-11-07 07:00:00,3.01,,8.43,51.67,51.15,20.02,103.84,7.05,9.63,45.05,7.16,6.56,9.21,34.23,13.43,,,4.75,11.78,26.94,7.36,,2.76,33.6,17.37,15.38,,3.43,,14.05,,8.94,,15.27,1.5,,6.01,8.35,,9.37,,14.53,,,15.58,,65.95,,,,10.3
2016-11-08 07:00:00,3.03,,8.35,52.63,53.11,20.27,106.67,7.09,9.22,45.01,7.24,6.56,9.36,35.33,13.84,,,4.91,12.36,26.71,7.33,,2.8,33.29,17.54,15.34,,3.56,,14.03,,9.1,,15.66,1.5,,6.11,8.5,,8.37,,15.07,,,15.69,,65.72,,,,10.4
2016-11-09 07:00:00,3.01,,8.35,52.34,53.6,19.77,105.05,7.05,9.41,44.55,7.2,6.5,9.37,34.39,13.63,,,4.93,12.13,27.58,7.26,,2.78,33.19,17.41,15.01,,3.49,,13.85,,9.03,,15.66,1.56,,6.07,8.3,,9.64,,15.03,,,15.76,,65.58,,,,10.23
2016-11-10 07:00:00,2.97,,8.4,51.85,53.03,20.13,105.46,6.99,9.31,44.96,7.19,6.5,9.3,34.96,13.58,,,4.97,12.48,27.54,7.19,,2.74,33.55,18.17,15.12,,3.42,,14.56,,9.01,,15.4,1.5,,6.08,8.3,,9.76,,15.07,,,15.72,,65.72,,,,10.2
2016-11-11 07:00:00,3.03,,8.3,51.85,53.19,20.52,104.42,7.05,9.44,44.69,7.21,6.5,9.38,35.43,13.58,,,4.9,12.39,26.75,7.08,,2.76,33.55,18.0,15.08,,3.49,,14.5,,9.07,,15.37,1.56,,6.05,8.39,,9.17,,15.11,,,15.72,,65.95,,,,
2016-11-14 07:00:00,3.03,,8.33,51.82,51.56,20.27,105.0,7.03,9.41,44.32,7.16,6.37,9.34,35.43,13.43,,,4.85,12.6,26.64,7.15,,2.74,33.24,17.94,15.34,,3.39,,14.26,,9.29,,15.15,1.53,,6.01,8.24,,8.96,,15.0,,,16.05,,65.48,,,,10.32
2016-11-15 07:00:00,3.05,,8.11,50.81,51.47,20.9,103.84,7.01,9.22,43.5,7.25,6.5,9.36,34.91,13.53,,,4.9,12.86,25.89,7.15,,2.73,32.52,18.0,15.21,,3.42,,13.91,,9.44,,14.96,1.56,,5.98,8.05,,8.92,,14.8,,,15.8,,64.6,,,,10.25
2016-11-16 07:00:00,3.03,,8.11,51.07,51.56,20.9,102.8,7.05,9.22,44.09,7.36,6.43,9.47,35.38,13.71,,,4.99,12.92,26.6,7.15,,2.69,32.52,17.73,15.32,,3.41,,13.93,,9.55,,15.15,1.5,,6.02,8.01,,9.13,,14.82,,,15.7,,64.22,,,,10.34
2016-11-17 07:00:00,3.01,,8.17,51.54,51.39,20.62,102.0,6.97,9.22,44.64,7.37,6.37,9.42,35.17,13.69,,,4.99,12.68,26.34,7.15,,2.7,32.67,17.49,15.08,,3.5,,14.12,,9.42,,15.21,1.53,,5.99,8.1,,8.96,,14.82,,,15.65,,65.02,,,,
2016-11-18 07:00:00,3.01,,8.11,50.81,50.08,20.55,101.59,6.9,9.18,45.69,7.33,6.31,9.3,34.91,13.74,,,4.95,12.63,26.26,7.15,,2.69,32.67,17.61,15.12,,3.48,,14.05,,9.51,,15.08,1.53,,5.95,7.99,,9.13,,14.69,,,15.8,,64.6,,,,
2016-11-21 07:00:00,3.03,,8.14,50.03,50.33,20.87,100.96,6.9,9.01,45.1,7.36,6.3,9.45,35.02,13.48,,,4.92,13.08,25.96,7.15,,2.68,32.78,17.87,14.94,,3.45,,14.05,,9.6,,15.15,1.53,,5.9,7.88,,9.57,,14.71,,,15.61,,64.55,,,,10.3
2016-11-22 07:00:00,3.03,,8.19,49.78,49.43,20.8,99.86,7.01,9.03,44.55,7.32,6.3,9.45,35.43,13.58,,,5.04,13.61,25.78,7.12,,2.68,32.72,17.84,14.94,,3.47,,14.24,,9.58,,14.8,1.5,,5.95,8.25,,9.51,,14.78,,,15.58,,64.83,,,,10.3
2016-11-23 07:00:00,3.03,,8.56,50.29,50.33,20.8,99.23,7.09,9.03,44.32,7.32,6.17,9.47,35.8,13.63,,,4.98,13.41,25.81,7.08,,2.67,33.03,18.74,14.68,,3.39,,14.36,,9.53,,14.89,1.5,,6.02,8.26,,9.55,,14.9,,,15.65,,65.81,,,,
2016-11-24 07:00:00,3.06,,8.51,50.29,51.39,21.04,99.28,7.07,9.05,44.64,7.2,6.17,9.58,35.54,13.84,,,4.97,13.51,26.22,7.07,,2.68,36.8,18.51,14.46,,3.43,,14.24,,9.44,,15.02,1.5,,5.96,8.27,,9.05,,14.94,,,15.69,,64.97,,,,10.5
2016-11-25 07:00:00,3.03,,8.46,50.06,50.74,21.04,98.65,7.01,8.99,45.97,7.24,6.3,9.71,35.43,14.1,,,4.99,13.82,26.64,7.05,,2.67,35.98,18.54,14.66,,3.36,,14.57,,9.47,,15.46,1.47,,5.95,8.22,,8.64,,14.9,,,15.54,,63.94,,,,10.45
2016-11-28 07:00:00,3.08,,8.35,50.55,50.33,21.04,97.38,6.92,8.82,45.69,7.27,6.27,9.61,35.43,14.1,,,4.95,13.86,26.04,6.98,,2.65,34.84,18.57,14.46,,3.38,,14.47,,9.44,,15.27,1.47,,5.93,8.02,,8.37,,14.78,,,15.36,,62.68,,,,10.4
2016-11-29 07:00:00,3.01,,8.3,50.5,49.67,20.94,96.86,6.82,8.6,45.01,7.24,6.27,9.51,34.76,14.3,,,4.85,13.45,26.26,6.98,,2.62,33.03,18.74,14.27,,3.32,,14.26,,9.42,,15.46,1.41,,5.9,7.86,,7.37,,14.61,,,15.61,,61.27,,,,10.22
2016-11-30 07:00:00,3.01,,8.14,49.78,47.87,20.9,95.76,6.82,8.62,44.87,7.07,6.17,9.4,33.61,13.99,,,4.78,13.67,24.76,7.01,,2.64,33.55,18.63,13.5,,3.25,,13.47,,9.38,,15.4,1.44,,5.96,7.7,,8.47,,14.36,,,15.08,,63.15,,,,10.15
2016-12-01 07:00:00,3.06,,8.14,49.91,49.1,20.76,99.23,6.84,8.77,45.1,7.07,6.11,9.45,35.59,13.99,,,5.03,14.14,25.14,7.08,,2.65,33.09,18.86,14.02,,3.26,,14.26,,9.82,,15.27,1.47,,5.95,7.5,,8.45,,14.69,,,15.47,,64.6,,,,10.26
2016-12-02 07:00:00,3.13,,8.11,50.48,48.61,20.87,98.36,6.9,8.99,44.78,6.8,6.04,9.45,35.95,13.99,,,4.98,14.17,25.55,7.1,,2.64,33.45,19.05,13.59,,3.18,,14.26,,9.68,,15.21,1.44,,5.86,7.55,,7.62,,14.57,,,15.25,,63.15,,,,10.19
2016-12-05 07:00:00,3.1,,8.09,50.29,47.3,20.69,97.44,6.92,8.88,44.78,6.63,5.98,9.4,35.02,13.74,,,5.03,14.43,25.06,7.08,,2.63,32.52,18.74,13.63,,3.28,,14.16,,9.55,,15.53,1.44,,5.78,7.61,,8.07,,14.53,,,15.43,,63.33,,,,10.15
2016-12-06 07:00:00,3.08,,7.98,50.27,47.05,20.34,96.92,6.82,8.77,44.32,6.63,5.78,9.36,34.91,14.04,,,5.05,14.17,24.91,7.07,,2.6,32.62,17.94,13.98,,3.21,,14.28,,9.73,47.47,15.43,1.41,,5.67,7.5,,8.43,,14.47,,,15.39,,63.15,,,,10.1
2016-12-07 07:00:00,2.98,,7.8,49.23,47.87,20.06,96.63,6.67,8.79,43.5,6.63,5.52,9.25,34.03,13.94,,,4.86,13.24,24.84,7.05,,2.62,32.72,17.54,13.59,,3.21,,14.24,,9.55,50.78,15.46,1.41,,5.48,7.52,,8.11,,14.14,,,15.32,,62.35,,,,9.97
2016-12-08 07:00:00,3.0,,7.8,50.03,47.46,20.34,98.94,6.65,8.99,43.86,6.54,6.11,9.3,33.35,13.89,,,4.87,13.56,24.01,7.05,,2.6,32.78,17.93,13.59,,3.18,,14.26,,9.73,54.3,15.72,1.27,,5.49,7.5,,8.74,,14.28,,,15.43,,63.29,,,,10.03
2016-12-09 07:00:00,2.94,,7.82,49.49,47.55,20.48,99.23,6.6,8.58,44.28,6.38,6.24,9.3,34.13,13.79,,,4.86,13.51,23.34,7.05,,2.64,32.93,17.71,13.37,,3.23,,14.2,,9.75,54.3,15.53,1.41,,5.52,7.91,,8.65,,14.4,,,15.43,,63.38,,,,10.02
2016-12-12 07:00:00,2.98,,7.72,49.44,47.46,20.62,102.34,6.58,8.39,41.81,6.29,6.37,9.4,34.86,13.79,,,4.85,13.45,23.71,7.03,,2.61,32.83,17.77,13.15,,3.23,,13.54,,9.64,62.14,15.08,1.39,,5.49,7.54,,8.65,,14.32,,,15.28,,61.98,,,,9.98
2016-12-13 07:00:00,2.96,,7.66,49.0,46.97,20.44,102.69,6.41,8.56,42.63,6.32,6.37,9.23,34.91,13.61,,,4.84,13.47,24.09,7.03,,2.62,32.52,17.39,12.75,,3.21,,13.54,,9.47,66.46,14.32,1.33,,5.46,7.61,,8.23,,14.45,,,15.43,,62.54,,,,9.9
2016-12-14 07:00:00,2.93,,7.45,50.55,46.4,20.62,101.42,6.2,8.37,42.27,6.22,6.5,9.14,33.4,13.79,,,4.82,13.44,24.24,7.03,,2.62,31.74,17.37,11.61,,3.23,,13.64,,9.42,71.1,14.7,1.3,,5.56,7.64,,7.67,,14.18,,,15.43,,61.27,,,,9.85
2016-12-15 07:00:00,2.89,,7.82,49.26,47.46,20.62,102.69,6.29,8.54,43.41,6.32,6.4,9.19,33.87,13.58,,,4.94,13.96,24.91,7.05,,2.62,32.16,17.81,12.32,,3.23,,14.03,,9.68,76.06,14.96,1.36,,5.61,7.95,,7.82,,14.4,,,15.54,,60.99,,,,9.9
2016-12-16 07:00:00,2.96,,7.69,49.28,47.46,20.59,102.11,6.35,8.52,43.32,6.43,6.17,9.18,33.82,13.61,,,4.9,14.08,25.14,6.98,,2.61,32.05,17.49,12.1,,3.28,,14.16,,10.16,81.38,15.46,1.33,,5.58,8.0,,7.91,,14.49,,,15.43,,59.87,,,,
2016-12-19 07:00:00,3.03,,7.74,50.94,48.53,20.55,106.67,6.46,8.45,43.41,6.49,6.01,9.21,34.13,13.84,,,4.98,14.25,25.89,7.05,,2.61,33.03,17.83,12.27,,3.28,,14.05,,10.25,76.24,16.1,1.36,,5.73,8.2,,7.89,,14.53,,,15.69,,61.04,,,,10.06
2016-12-20 07:00:00,2.98,,7.82,50.53,50.25,20.55,105.57,6.5,8.58,44.09,6.49,6.12,9.31,33.82,13.79,,,4.93,14.2,25.59,7.08,,2.63,32.62,17.14,12.4,,3.28,,14.09,,10.3,75.88,16.42,1.36,,5.8,8.41,,8.0,,14.61,,,15.67,,60.11,,,,10.06
2016-12-21 07:00:00,2.98,,7.8,49.26,48.12,20.34,105.57,6.48,8.58,43.41,6.4,6.3,9.31,33.56,13.74,,,4.93,14.25,25.36,7.05,,2.64,32.0,17.67,12.23,,3.26,,14.11,,10.43,70.92,16.93,1.39,,5.82,8.34,,8.0,,14.45,,,15.37,,58.0,,,,10.0
2016-12-22 07:00:00,3.12,,7.8,50.53,49.59,20.2,105.0,6.48,8.52,43.64,6.39,5.98,9.36,34.3,13.58,,,5.0,15.04,25.51,7.08,,2.64,32.83,17.71,12.49,,3.17,,13.99,,10.54,75.48,16.8,1.41,,5.8,8.25,,7.93,,14.53,,,15.28,,58.98,,,,10.04
2016-12-23 07:00:00,3.05,,7.72,50.29,48.28,20.13,105.86,6.39,8.77,43.41,6.43,6.04,9.37,34.3,13.58,,,5.05,15.04,24.76,7.08,,2.63,33.81,17.73,12.27,,3.22,,13.95,,10.51,73.0,16.16,1.36,,5.71,8.14,,7.78,,14.47,,,15.28,,57.58,,,,9.97
2016-12-26 07:00:00,3.03,,7.72,50.55,48.77,20.52,105.11,6.46,8.56,43.64,6.43,6.01,9.33,34.03,13.53,,,5.16,15.13,25.59,7.05,,2.63,33.7,17.71,12.27,,3.21,,13.95,,10.47,72.29,15.97,1.36,,5.76,8.44,,7.8,,14.76,,,15.5,,58.0,,,,10.06
2016-12-27 07:00:00,3.05,,7.72,50.11,48.45,20.45,107.01,6.44,8.52,42.72,6.39,6.17,9.34,32.95,13.53,,,5.2,15.04,25.81,6.98,,2.62,33.7,18.16,12.36,,3.18,,13.89,,10.43,71.92,15.59,1.33,,5.8,8.32,,7.71,,14.98,,,15.47,,57.25,,,,10.07
2016-12-28 07:00:00,3.06,,7.69,50.03,48.53,20.34,104.42,6.46,8.39,42.95,6.35,6.24,9.46,32.41,13.58,,,5.13,14.66,26.19,6.98,,2.64,33.7,18.23,12.27,25.6,3.21,,13.85,,10.82,72.94,16.16,1.33,,5.76,8.65,,7.33,,14.94,,,15.6,,58.94,,,,10.08
2016-12-29 07:00:00,3.03,,7.61,49.65,47.87,20.42,103.15,6.41,8.45,42.95,6.31,6.17,9.58,32.36,13.61,,,5.17,15.01,26.49,6.98,,2.64,33.14,18.17,12.14,25.82,3.21,,13.68,,10.73,72.29,15.97,1.36,,5.83,9.14,,7.2,,14.86,,,15.28,,60.71,,,,10.12
2016-12-30 07:00:00,3.1,,7.53,50.48,47.95,20.27,103.78,6.37,8.45,45.19,6.33,6.02,9.54,32.25,13.74,,,5.13,14.69,27.16,6.94,,2.67,33.03,17.93,12.23,25.6,3.18,,13.74,,10.75,72.29,15.97,1.39,,5.78,9.3,,6.99,,14.67,,,15.28,,60.15,,,,10.17
2017-01-03 07:00:00,3.08,,7.59,49.75,47.63,20.45,104.48,6.48,9.2,45.01,6.25,5.88,9.69,32.95,13.84,,,5.14,14.84,27.39,6.91,,2.7,33.45,17.83,12.18,25.6,3.21,,13.74,,10.82,72.18,15.59,1.39,,5.78,9.16,,7.42,,14.74,,,15.43,,58.75,,,,10.19
2017-01-04 07:00:00,3.31,,8.09,49.98,48.53,21.46,105.11,6.94,8.77,45.19,6.22,6.14,9.8,32.41,13.79,,,5.26,14.92,27.39,6.96,,2.76,34.03,17.91,12.18,25.18,3.18,,13.74,,10.95,71.92,16.36,1.42,,5.92,8.61,,7.6,,15.52,,,15.28,,59.4,,,,10.27
2017-01-05 07:00:00,3.34,,8.11,49.9,49.1,21.83,105.17,6.92,8.94,47.06,6.29,6.23,9.89,33.38,13.74,,,5.23,15.04,27.46,6.96,,2.7,34.57,17.98,12.23,25.3,3.17,,13.95,,10.95,71.92,16.16,1.42,,5.93,8.45,,7.4,,15.27,,,15.39,,59.45,,,,10.29
2017-01-06 07:00:00,3.33,,8.03,48.99,50.0,21.54,104.94,6.88,8.37,46.74,6.25,6.06,9.89,33.22,13.81,,,5.25,15.71,27.16,6.8,,2.7,33.86,18.02,12.18,25.18,3.18,,13.85,,11.02,72.25,15.97,1.39,,5.93,8.55,,7.55,,15.4,,,15.58,,59.26,,,,10.3
2017-01-09 07:00:00,3.5,,8.35,48.91,50.25,22.4,102.69,7.22,8.43,46.51,6.18,6.19,9.85,32.63,14.15,,,5.17,14.75,26.79,6.84,,2.73,34.13,18.06,12.23,25.22,3.18,,14.26,,10.91,75.21,15.91,1.45,,5.99,8.66,,7.67,,15.81,,2.12,15.91,,59.26,,,,10.32
2017-01-10 07:00:00,3.62,,8.51,47.15,50.49,23.13,101.42,7.22,8.35,46.7,6.32,6.07,9.9,32.84,14.15,,,5.13,14.75,27.16,6.87,,2.73,34.67,17.85,12.32,25.26,3.18,,14.42,,10.86,75.54,15.91,1.42,,6.05,8.92,,7.53,,15.89,,1.7,15.87,,58.94,,,,
2017-01-11 07:00:00,3.62,,8.56,48.31,49.59,22.91,102.34,7.18,8.39,47.06,6.43,6.24,10.13,32.41,14.1,,,5.21,14.84,26.9,6.87,,2.72,34.4,18.0,12.27,25.13,3.21,,14.38,,10.56,74.48,15.78,1.45,,5.99,8.97,,7.53,,15.89,,1.67,15.76,,59.08,,,,10.43
2017-01-12 07:00:00,3.74,,8.77,48.94,49.84,23.05,103.26,7.52,8.35,47.98,6.43,6.11,10.08,32.68,14.66,,,5.25,14.98,27.01,6.91,,2.74,34.3,18.29,12.81,25.18,3.21,,14.36,,10.73,77.76,15.85,1.42,,6.01,9.03,,7.6,,15.89,,1.6,15.87,,59.4,,,,10.43
2017-01-13 07:00:00,3.73,,8.72,49.75,51.15,22.33,102.92,7.48,8.43,47.98,6.82,6.18,10.08,32.68,14.58,,,5.17,14.78,27.01,6.91,,2.76,33.86,18.29,12.85,25.09,3.2,,14.34,,10.99,76.92,15.78,1.45,,6.02,9.06,,7.51,,15.56,,1.45,15.82,,59.4,,,,10.4
2017-01-16 07:00:00,3.74,,8.59,49.64,50.57,22.84,103.21,7.53,8.82,48.21,6.96,6.24,9.82,32.19,14.84,,,5.13,14.66,27.99,6.91,,2.73,34.03,18.17,12.94,25.13,3.2,,14.36,,10.95,77.03,15.91,1.45,,6.02,8.95,,7.31,,15.52,,1.4,15.91,,59.4,,,,10.34
2017-01-17 07:00:00,3.83,,8.51,49.22,50.25,22.15,103.15,7.44,8.56,47.52,6.71,6.11,9.62,31.11,14.66,,,4.99,14.43,28.51,6.93,,2.74,33.86,18.06,12.81,25.22,3.21,,14.24,,10.91,76.12,15.59,1.42,,6.04,8.81,,7.42,,15.52,,1.4,15.8,,59.26,,,,10.34
2017-01-18 07:00:00,4.01,,8.88,48.44,50.98,22.48,103.55,7.81,8.73,47.98,6.6,6.12,9.78,30.63,14.61,,,4.99,14.34,28.51,6.91,,2.82,33.92,18.07,12.85,25.05,3.21,,14.22,,10.99,78.6,15.72,1.45,,6.08,9.28,,7.08,,16.04,,1.52,15.54,,58.94,,,,10.34
2017-01-19 07:00:00,4.02,,8.64,48.96,50.08,21.83,103.26,7.57,8.39,48.43,6.66,6.26,9.58,30.79,14.35,,,4.91,13.91,27.91,6.89,,2.8,33.81,18.17,12.83,25.09,3.21,,14.2,,11.21,82.14,15.53,1.39,,5.96,9.46,,7.08,,15.89,,1.54,15.47,,59.08,,,,
2017-01-20 07:00:00,4.01,,8.72,49.22,49.76,22.19,105.63,7.81,8.3,50.26,6.6,6.21,9.58,31.01,14.35,,,4.93,13.73,27.76,6.87,,2.78,33.65,17.95,12.92,24.79,3.21,,14.24,,11.23,81.41,15.4,1.39,,5.96,9.55,,6.81,,15.81,,1.55,15.48,,58.94,,,,
2017-01-23 07:00:00,4.02,,8.83,49.49,49.59,22.29,108.4,7.92,8.24,50.17,6.66,6.23,9.71,31.38,14.12,,,5.0,14.25,27.99,6.91,,2.75,33.7,18.27,13.07,24.83,3.23,,14.24,,11.08,81.71,15.59,1.42,,5.95,9.45,,7.58,,15.87,,1.61,15.5,,59.4,,,,
2017-01-24 07:00:00,3.99,,8.91,50.56,49.51,22.11,107.82,8.23,7.87,49.39,6.6,6.17,9.78,31.87,14.25,,,5.01,14.17,28.06,6.87,,2.74,32.77,18.09,13.05,24.66,3.26,,14.22,,10.86,80.32,15.46,1.42,,5.9,9.55,,7.31,,15.75,,1.63,15.5,,60.34,,,,10.41
2017-01-25 07:00:00,4.07,,8.99,50.87,49.84,22.26,109.03,8.19,7.87,49.35,6.68,6.23,9.82,32.41,14.3,,,4.99,14.4,27.76,6.84,,2.8,33.42,18.17,13.03,24.75,3.33,,14.16,,10.99,81.05,15.46,1.42,,5.96,9.85,,7.33,,16.1,,1.65,15.39,,59.87,,,,10.45
2017-02-02 07:00:00,4.11,,8.93,50.53,50.0,22.55,112.44,8.23,7.83,51.18,6.81,6.25,9.89,32.57,14.76,,,5.05,14.52,28.14,6.87,,2.81,33.42,18.4,12.96,25.9,3.38,,14.26,,11.3,81.74,15.46,1.45,,6.02,10.2,,7.58,,16.39,,1.65,15.54,,60.57,,,,10.45
2017-02-03 07:00:00,4.14,,9.09,50.03,51.23,22.62,111.69,8.28,7.81,51.86,6.77,7.02,9.78,32.68,14.43,,,5.24,14.37,28.14,6.87,,2.82,34.19,19.31,13.12,25.94,3.38,,14.49,,11.41,79.37,15.27,1.42,,6.11,10.0,,7.33,,16.35,,1.57,15.61,,63.1,,,,10.63
2017-02-06 07:00:00,4.21,,9.09,50.27,51.96,22.48,109.32,8.12,7.66,51.63,6.81,7.08,9.73,32.14,14.35,,,5.17,14.28,27.61,6.87,,2.81,34.59,19.2,13.57,25.94,3.36,,14.53,,11.34,80.14,15.4,1.48,,6.07,9.95,,7.31,,16.02,,1.62,15.61,,62.72,,,,10.6
2017-02-07 07:00:00,4.13,,9.01,51.19,51.96,22.48,110.19,8.08,7.49,53.14,6.85,7.02,9.69,32.41,14.35,,,5.25,14.39,27.76,6.84,,2.81,34.51,19.43,14.06,25.47,3.31,,14.86,,11.45,78.49,15.21,1.57,,6.1,9.9,,7.31,,16.06,,1.61,15.58,,62.3,,,,10.65
2017-02-08 07:00:00,4.13,,9.04,51.58,51.72,22.33,109.61,8.04,7.49,52.55,6.85,7.02,9.76,32.41,14.45,,,5.32,14.46,27.99,6.8,,2.81,34.51,19.43,13.83,25.39,3.38,,15.09,,11.74,78.86,15.08,1.51,,6.18,9.89,,7.22,,16.31,,1.61,15.76,,62.58,,,,10.68
2017-02-09 07:00:00,4.13,,8.99,51.29,51.72,22.48,110.19,7.95,7.4,52.5,7.05,7.02,9.76,30.79,14.45,,,5.33,14.4,28.14,6.8,,2.8,34.43,19.29,13.83,25.22,3.4,,15.09,,11.74,78.6,15.08,1.51,,6.2,10.1,,7.28,,16.49,,1.61,15.72,,62.82,,,,10.7
2017-02-10 07:00:00,4.13,,8.91,51.03,51.56,22.55,112.96,7.99,7.23,52.77,7.2,6.95,9.73,31.33,14.27,,,5.28,14.81,28.81,6.84,,2.83,34.43,19.09,13.88,25.18,3.4,,14.98,,12.08,77.03,15.08,1.54,,6.14,10.3,,7.22,,16.41,,1.61,15.65,,62.72,,,,10.75
2017-02-13 07:00:00,4.2,,9.04,51.06,51.88,22.26,114.57,8.21,7.6,52.36,7.17,6.76,9.76,31.87,14.61,,,5.29,14.69,29.26,6.87,,2.83,34.03,19.31,13.99,25.13,3.4,,15.42,,12.04,77.84,15.15,1.51,,6.17,10.15,,7.17,,16.27,,1.6,15.61,,62.58,,,,10.74
2017-02-14 07:00:00,4.09,,8.93,51.0,52.78,22.4,115.21,8.17,7.81,52.09,7.21,6.89,9.84,31.87,15.12,,,5.35,14.92,29.34,7.05,,2.88,33.62,19.86,14.21,25.26,3.38,,15.71,,12.17,77.91,15.15,1.54,,6.26,10.05,,7.53,,16.08,,1.62,15.65,,62.58,,,,10.77
2017-02-15 07:00:00,4.09,,8.99,50.95,51.56,22.33,112.9,8.26,7.66,52.45,7.13,7.02,10.17,31.98,14.92,,,5.36,15.04,29.23,7.05,,2.84,33.54,19.66,13.92,25.26,3.38,,15.5,,12.04,78.86,15.21,1.51,,6.21,10.1,,7.8,,16.08,,1.61,15.65,,62.21,,,,10.8
2017-02-16 07:00:00,4.07,,9.12,50.51,52.37,22.76,115.38,8.59,8.2,50.99,7.09,6.86,10.06,31.87,15.89,,,5.39,14.84,28.89,7.15,,2.89,34.03,19.74,14.19,25.43,3.4,,15.52,,11.95,78.13,15.4,1.51,,6.32,10.05,,7.64,,16.23,,1.65,16.35,,62.21,,,,10.9
2017-02-17 07:00:00,3.94,,8.93,50.53,51.88,23.78,115.96,8.5,8.04,51.86,6.95,6.79,9.89,32.09,15.89,,,5.29,14.41,29.04,7.4,,2.9,34.03,19.77,14.06,25.77,3.42,,15.33,,11.78,78.49,15.34,1.54,,6.17,10.35,,7.73,,16.02,,1.64,16.2,,61.74,,,,10.88
2017-02-20 07:00:00,3.95,,8.88,50.14,51.56,23.85,119.42,8.3,7.92,50.81,6.82,6.82,9.91,31.82,15.89,,,5.09,14.2,28.59,7.5,,2.92,33.78,19.66,14.15,26.03,3.38,,15.54,,11.87,77.87,15.27,1.54,,6.21,11.05,,7.67,,15.94,,1.64,16.09,,60.81,,,,10.8
2017-02-21 07:00:00,3.95,,8.83,49.38,51.56,23.88,121.09,8.28,7.9,50.49,6.85,7.08,9.89,31.87,16.76,,,4.97,14.28,28.89,7.43,,2.91,34.19,19.2,14.23,27.1,3.62,,16.26,,12.0,79.44,15.37,1.54,,6.24,11.05,,7.49,,15.73,,1.65,16.64,,60.81,,,,10.9
2017-02-22 07:00:00,3.95,,8.88,49.75,51.31,24.28,119.59,8.14,7.98,51.86,6.75,7.02,9.99,32.57,16.76,,,5.01,14.31,29.11,7.89,,2.91,34.43,19.31,14.19,28.2,3.55,,16.12,,11.87,80.14,15.4,1.57,,6.2,10.7,,7.44,,15.94,,1.66,17.01,,60.95,,,,10.94
2017-02-23 07:00:00,3.94,,8.77,49.17,50.57,25.94,120.57,8.01,7.96,53.41,6.74,6.89,10.04,33.71,16.4,,,4.78,13.99,30.39,7.64,,2.94,34.27,18.97,14.01,28.16,3.54,,15.91,,11.76,82.11,15.4,1.54,,6.36,11.0,,7.28,,15.69,,1.66,16.79,,60.99,,,,10.91
2017-02-24 07:00:00,3.95,,8.72,49.17,49.26,26.99,118.26,7.97,7.51,53.0,6.85,6.89,10.06,34.03,17.58,,,4.81,13.92,29.64,7.68,,2.89,34.03,18.74,14.46,28.08,3.54,,15.6,,11.63,83.24,15.4,1.54,,6.38,11.0,,7.26,,15.65,,1.66,16.62,,60.81,,,,10.85
2017-02-27 07:00:00,3.95,,8.72,48.7,48.85,25.29,117.11,7.92,7.83,52.59,6.8,6.82,10.06,33.11,17.27,,,4.8,14.3,28.14,7.64,,2.89,33.54,19.37,14.19,27.78,3.54,,15.77,,11.52,81.96,15.27,1.51,,6.24,10.1,,7.35,,15.4,,1.66,16.64,,61.74,,,,10.76
2017-02-28 07:00:00,4.01,,8.8,49.22,49.51,26.96,119.07,8.12,7.7,53.0,6.88,6.82,10.19,33.49,17.68,,,4.81,14.11,27.84,7.61,,2.91,33.22,19.2,14.01,28.38,3.5,,16.02,,11.81,82.33,15.31,1.57,,6.33,10.55,,7.4,,15.81,,1.65,16.97,61.64,61.65,,,,
2017-03-01 07:00:00,3.97,,8.7,48.96,48.69,25.81,114.8,8.06,7.62,52.09,6.92,6.95,10.03,32.63,17.79,,,4.75,13.93,27.99,7.64,,2.91,33.05,19.09,13.21,28.59,3.5,,15.5,,11.53,82.18,15.27,1.63,,6.26,10.3,,7.26,,15.48,,1.67,16.42,65.92,61.13,,,,10.75
2017-03-02 07:00:00,3.94,,8.67,50.01,47.95,25.15,116.48,8.06,7.51,52.55,6.96,6.89,9.99,32.09,17.43,,,4.88,14.24,27.99,8.13,,2.88,33.05,18.98,13.48,29.36,3.48,,15.6,,11.39,82.87,15.21,1.6,,6.24,10.3,,7.24,,15.56,,1.72,16.39,70.49,61.18,,,,10.72
2017-03-03 07:00:00,3.92,,8.51,49.22,47.46,24.93,116.71,7.95,7.75,52.09,6.85,6.95,9.94,31.33,17.17,,,4.99,14.07,28.21,8.09,,2.85,33.13,19.09,13.36,29.36,3.45,,15.6,,11.41,81.41,15.27,1.57,,6.2,10.2,,7.2,,15.4,,1.72,16.33,75.4,60.67,,,,10.71
2017-03-06 07:00:00,3.99,,8.77,49.8,48.45,24.71,117.05,8.19,7.62,53.0,7.02,7.08,9.98,31.6,17.17,,,4.87,14.04,27.61,7.99,,2.87,33.05,19.09,13.25,29.36,3.45,,15.87,,11.46,82.14,15.31,1.57,,6.14,11.0,,7.26,,15.73,,1.73,16.5,76.48,60.67,,,,10.69
2017-03-07 07:00:00,3.97,,8.72,48.96,48.45,24.63,113.07,8.08,7.62,52.59,6.99,6.95,10.06,31.33,17.22,,,4.92,13.89,27.76,8.06,,2.88,33.22,19.01,13.39,29.36,3.23,,15.77,,11.9,82.11,15.34,1.54,,6.17,10.7,,7.26,,15.52,,1.68,16.44,78.42,60.81,,,,10.79
2017-03-08 07:00:00,3.92,,8.67,49.2,49.02,26.39,114.23,8.08,7.62,55.56,6.94,6.86,9.99,31.55,18.27,,,4.9,14.08,27.61,8.18,,2.88,33.13,19.3,13.23,29.27,3.45,,15.81,,12.08,81.27,15.34,1.54,,6.2,10.45,,7.33,,15.44,,1.69,16.48,74.26,60.81,,,,10.78
2017-03-09 07:00:00,4.06,,8.77,48.73,48.28,26.83,113.07,8.12,7.79,55.06,6.95,6.89,10.01,31.01,18.86,,,4.91,14.05,27.09,8.2,,2.91,33.7,19.41,13.34,29.02,3.55,,16.12,,12.02,78.9,15.31,1.51,,6.21,10.6,,7.26,,15.71,,1.69,16.35,73.46,61.23,,,,10.83
2017-03-10 07:00:00,4.06,,8.93,48.8,48.36,27.86,111.28,8.14,8.13,55.97,6.94,7.02,10.02,30.57,19.17,,,4.99,14.04,27.39,8.02,,3.0,33.9,19.31,13.32,29.02,3.5,,16.26,,12.04,78.86,15.27,1.54,,6.4,10.45,,7.24,,15.69,,1.69,16.18,74.54,61.04,,,,10.88
2017-03-13 07:00:00,4.13,,8.72,48.7,48.28,27.49,111.92,8.06,7.81,54.88,6.8,6.95,10.08,29.71,18.96,,,5.0,14.01,27.84,8.13,,2.97,33.82,19.49,13.34,31.02,3.44,,16.24,,12.5,77.03,15.31,1.54,,6.32,10.55,,6.95,,15.36,,1.71,16.39,75.05,60.81,,,,10.86
2017-03-14 07:00:00,3.99,,8.64,48.96,48.12,27.86,115.38,7.92,7.92,56.89,6.8,7.02,10.02,29.55,19.17,,,5.01,13.8,27.76,8.06,,3.03,33.78,19.43,13.39,31.02,3.43,,16.06,,12.69,75.57,15.15,1.51,,6.33,10.55,,6.84,,15.34,,1.71,16.24,74.43,60.71,,,,10.84
2017-03-15 07:00:00,3.97,,8.62,49.51,48.2,27.86,115.78,7.92,7.79,57.02,6.85,7.05,9.99,29.71,18.61,,,5.0,13.58,27.91,8.06,,3.01,35.4,19.77,13.39,32.34,3.44,,16.12,,13.01,78.13,15.21,1.51,,6.29,10.45,,7.06,,15.42,,1.7,16.2,73.63,61.18,,,,10.85
2017-03-16 07:00:00,4.04,,8.7,49.75,48.28,27.49,113.71,7.92,7.7,56.2,6.77,7.08,9.97,30.25,18.14,,,4.97,13.65,27.91,8.09,,2.99,35.65,20.17,13.39,31.15,3.38,,15.85,,12.78,77.25,15.27,1.36,,6.27,10.4,,7.37,,15.31,,1.73,15.87,69.35,62.21,,,,10.3
2017-03-17 07:00:00,4.07,,8.64,48.44,48.28,27.31,115.26,7.97,7.79,56.89,6.82,7.08,10.04,29.98,18.91,,,4.98,13.68,28.1,8.44,,2.98,35.24,19.54,13.59,30.59,3.32,,15.66,,12.96,77.73,15.21,1.51,,6.68,10.35,,7.44,,15.36,,1.73,16.24,65.98,62.72,,,,10.9
2017-03-20 07:00:00,4.09,,8.83,49.62,48.94,27.12,116.53,8.06,7.94,56.48,6.78,7.08,10.04,29.71,18.45,,,4.97,13.65,29.41,8.48,,3.01,36.05,19.77,13.61,29.06,3.48,,15.89,,12.82,75.94,15.21,1.54,,6.85,10.4,,7.89,,15.48,,1.73,16.27,68.49,62.3,,,,10.93
2017-03-21 07:00:00,4.2,,8.88,49.46,50.25,27.49,118.26,8.17,8.67,55.74,6.81,7.41,10.24,29.71,18.32,,,5.05,14.1,29.26,8.53,,3.13,37.27,19.61,13.81,29.36,3.58,,15.89,,12.73,76.3,15.15,1.54,,6.76,10.55,,8.05,,15.65,,1.73,16.09,71.74,62.44,,,,10.31
2017-03-22 07:00:00,4.35,,9.2,50.77,49.1,28.59,118.84,8.28,8.45,55.74,6.82,7.67,10.21,29.28,17.84,,,5.11,14.15,28.96,8.37,,3.19,38.08,19.62,13.61,29.27,3.55,,15.87,,12.38,74.92,15.27,1.54,,6.76,10.7,,7.96,,15.73,,1.75,15.23,71.34,63.29,,,,11.03
2017-03-23 07:00:00,4.35,,9.2,50.69,48.69,28.33,116.07,8.12,8.09,56.2,6.75,7.8,10.06,28.63,17.68,,,5.05,14.04,29.94,8.48,,3.17,38.16,19.34,13.97,28.84,3.64,,15.42,,12.11,73.86,15.15,1.54,,6.7,10.75,,8.07,,15.6,,1.73,15.3,71.34,63.89,,,,11.8
2017-03-24 07:00:00,4.34,,9.33,51.82,49.84,27.49,117.69,8.23,8.28,57.57,6.77,7.93,10.61,28.85,18.04,,,5.11,13.98,31.52,8.37,,3.18,38.89,19.37,14.55,28.5,3.77,,15.4,,12.55,73.75,15.53,1.57,,6.79,11.6,,8.38,,15.94,,1.7,15.54,72.49,65.86,,,,11.27
2017-03-27 07:00:00,4.44,,9.51,52.1,49.59,28.08,119.42,8.37,8.24,57.53,6.74,7.67,10.41,29.33,18.07,,,5.14,14.17,31.06,8.37,,3.23,38.64,19.28,14.48,29.44,3.76,,15.42,,12.41,73.02,15.53,1.75,,6.85,11.5,,8.14,,15.73,,1.73,15.47,73.63,66.84,,,,11.31
2017-03-28 07:00:00,4.39,,9.3,54.72,50.0,28.26,124.03,8.32,8.13,60.73,6.8,7.8,10.41,29.17,17.79,,,5.11,14.29,31.36,8.48,,3.19,38.56,18.97,14.1,29.48,3.72,,15.21,,12.36,73.38,15.66,1.66,,6.94,11.35,,8.32,,15.65,,1.73,15.56,74.77,66.75,,,,11.28
2017-03-29 07:00:00,4.32,,9.22,53.81,50.25,28.44,122.88,8.17,8.0,61.18,6.78,7.77,10.37,29.22,17.89,,,5.11,14.57,30.92,9.02,,3.16,37.27,18.97,13.92,29.23,3.7,,15.23,,12.92,72.32,15.59,1.75,,6.92,11.2,,8.0,,15.44,,1.77,15.54,75.28,65.53,,,,11.3
2017-03-30 07:00:00,4.28,,9.2,53.44,50.57,27.97,122.3,8.14,8.15,60.77,6.73,7.73,10.39,29.17,17.58,,,5.3,14.57,31.29,8.79,,3.15,38.81,18.99,14.01,29.23,3.89,,15.71,,12.96,73.02,15.46,1.75,,6.98,11.3,,7.98,,15.44,,1.77,15.54,75.34,66.33,,,,11.32
2017-03-31 07:00:00,4.32,,9.38,53.41,49.76,27.71,120.86,8.17,8.11,63.42,6.66,7.6,10.3,29.71,17.27,,,5.33,14.84,31.82,8.83,,3.21,37.51,19.1,14.37,29.36,4.11,,15.68,,12.73,73.75,15.72,1.78,,7.05,11.4,,8.07,,15.4,,1.77,15.47,74.14,67.68,,,,11.33
2017-04-03 07:00:00,4.27,,9.22,53.44,48.53,28.44,120.0,8.04,8.04,63.06,6.71,7.57,10.34,29.6,17.73,,,5.46,14.69,31.52,8.83,,3.14,38.89,19.31,13.88,29.53,4.46,,15.62,,12.5,73.02,15.72,1.72,,7.02,11.6,,7.89,,15.27,,1.77,15.36,73.06,67.03,,,,11.33
2017-04-04 07:00:00,4.37,,9.14,52.37,47.79,28.59,118.55,8.01,7.77,62.32,6.71,7.67,10.14,29.71,17.63,,,5.69,14.75,30.92,8.97,,3.19,38.89,19.14,14.15,29.66,4.92,,15.31,,12.52,72.8,15.78,1.75,,7.14,12.8,,7.91,,15.11,,1.82,15.32,73.63,67.5,,,,11.41
2017-04-05 07:00:00,4.41,,9.09,50.53,48.36,28.22,117.11,7.99,7.9,61.91,6.68,7.67,10.28,29.71,17.63,,,5.69,15.28,30.92,8.79,,3.2,38.32,19.03,14.23,30.17,4.94,,15.44,,12.5,73.93,15.94,1.81,,7.02,12.25,,8.05,,15.23,,1.84,15.43,72.66,67.12,,,,11.36
2017-04-07 07:00:00,4.39,,9.04,50.56,47.63,28.0,115.38,7.95,7.83,61.68,6.57,7.47,10.14,29.87,17.27,,,5.57,14.9,30.39,8.72,,3.16,37.19,19.09,14.23,30.04,5.07,,15.29,,12.36,74.11,16.07,1.75,,6.79,11.7,,8.02,,15.15,,1.85,15.28,73.68,66.28,,,,11.33
2017-04-10 07:00:00,4.32,,9.09,51.32,47.71,28.0,116.82,7.97,7.96,61.36,6.64,7.93,10.28,31.45,17.09,,,5.69,15.52,30.16,8.62,,3.15,38.16,19.09,14.06,30.08,5.02,,15.46,,12.34,74.48,16.04,1.75,,6.85,13.4,,8.05,,15.27,,1.83,15.43,73.68,66.7,,,,11.29
2017-04-11 07:00:00,4.25,,8.99,52.37,48.69,27.78,118.67,7.92,7.83,60.82,6.59,7.73,10.28,31.17,17.32,,,5.69,15.46,30.39,8.65,,3.16,37.67,18.99,14.01,30.08,5.76,,15.77,,12.32,76.3,15.97,1.93,,7.08,12.7,,8.07,,15.19,,1.84,15.47,74.77,66.7,,,,11.39
2017-04-12 07:00:00,4.13,,8.99,52.18,47.95,27.82,117.69,7.97,7.81,61.68,6.57,7.6,10.28,31.17,17.32,,,5.65,15.25,31.29,8.72,,3.23,37.67,19.23,14.08,30.21,6.15,,15.91,,12.32,75.57,15.78,2.05,,6.94,12.55,,8.18,,15.31,,1.84,15.63,74.83,67.36,,,,11.4
2017-04-13 07:00:00,4.02,,8.93,51.97,47.95,27.12,115.96,7.92,7.72,61.23,6.46,7.57,10.36,30.84,17.17,,,5.6,14.6,31.14,8.72,,3.2,37.1,19.37,14.08,30.17,6.31,,15.89,,12.43,73.75,15.5,2.05,,6.76,12.9,,8.23,,15.17,,1.88,15.45,76.48,67.12,,,,11.3
2017-04-14 07:00:00,4.01,,8.83,51.84,47.71,26.17,115.96,7.79,7.75,61.14,6.39,7.54,10.3,30.08,16.4,,,5.56,14.6,30.76,8.69,,3.19,36.62,19.43,14.06,30.12,6.32,,16.18,,12.41,75.54,15.46,2.24,,6.58,11.7,,8.14,,15.19,,2.01,15.5,76.65,66.7,,,,11.3
2017-04-17 07:00:00,3.99,,8.99,52.37,47.55,26.68,115.38,7.75,7.85,61.5,6.33,7.41,10.07,29.64,16.2,,,5.5,14.61,30.24,8.69,,3.18,36.86,19.09,13.79,29.87,6.32,,15.81,,12.18,74.84,15.46,2.3,,6.57,11.9,,8.34,,15.05,,2.0,15.34,75.05,65.81,,,,11.15
2017-04-18 07:00:00,3.94,,8.67,51.55,47.14,25.81,114.8,7.53,7.58,60.95,6.38,7.15,9.99,29.59,16.15,,,5.45,14.13,29.26,8.72,,3.12,36.05,18.86,13.41,29.78,5.76,,15.46,,11.81,75.21,15.53,2.17,,6.46,11.2,,8.65,,14.69,,1.97,15.25,74.26,66.47,,,,11.0
2017-04-19 07:00:00,3.99,,8.7,51.32,47.14,26.39,115.67,7.64,7.49,61.91,6.46,7.41,10.06,30.19,16.4,,,5.41,14.3,30.02,8.76,,3.12,37.27,18.63,13.48,29.74,6.17,,16.02,,11.76,74.84,15.53,2.24,,6.66,11.3,,8.72,,14.82,,1.96,15.32,73.63,67.54,,,,11.05
2017-04-20 07:00:00,3.95,,8.62,51.29,47.87,26.61,116.53,7.7,7.53,61.23,6.96,7.34,10.06,29.75,16.91,,,5.5,14.54,30.02,8.93,,3.08,37.1,19.09,13.7,29.95,6.0,,17.46,,11.99,73.56,15.53,2.27,,6.6,11.6,,8.59,,14.86,,1.97,15.25,75.0,68.06,,,,11.1
2017-04-21 07:00:00,3.95,,8.85,50.27,46.97,26.72,118.26,7.7,7.49,61.0,6.66,7.15,10.1,29.48,16.45,,,5.41,14.21,29.83,8.79,,3.12,37.02,18.97,13.57,30.25,5.66,36.45,17.07,,12.04,73.02,15.56,2.2,,6.72,11.7,,8.59,,14.65,,1.99,14.77,75.28,67.78,,,,11.03
2017-04-24 07:00:00,3.92,,8.72,49.35,47.3,26.83,117.98,7.57,7.45,61.0,6.49,7.02,10.03,29.31,16.66,,,5.42,14.15,28.59,8.83,,3.1,36.86,19.07,13.65,31.06,5.8,34.41,17.26,,12.04,73.38,15.53,2.3,,6.6,11.0,,8.56,,14.69,,1.99,14.8,75.0,67.45,,,,10.99
2017-04-25 07:00:00,3.88,,8.67,48.44,46.65,26.9,116.65,7.53,7.28,61.64,6.33,7.67,9.97,29.53,16.5,,,5.33,13.86,29.04,8.79,,3.07,37.02,18.86,13.5,31.15,5.85,33.84,17.98,,11.85,72.65,15.46,2.27,,6.49,10.75,,8.56,,14.53,,2.0,14.7,73.86,67.26,,,,11.71
2017-04-26 07:00:00,3.88,,8.62,49.46,47.05,26.83,117.92,7.53,6.42,61.41,6.49,7.47,10.04,29.42,16.45,,,5.28,14.01,29.41,8.69,,3.1,36.78,18.69,13.57,31.15,6.1,30.32,17.77,,12.13,73.02,15.43,2.2,,6.57,11.1,,8.74,,14.53,,1.99,14.84,73.06,67.07,,,,10.93
2017-04-27 07:00:00,3.95,,8.72,49.2,46.89,26.94,117.74,7.61,6.74,64.33,6.59,7.15,10.08,29.8,16.76,,,5.21,14.27,29.34,8.72,,3.14,37.15,18.86,13.63,31.11,6.15,31.03,17.92,,12.36,73.2,15.4,2.24,,6.61,11.9,,9.26,,14.57,,1.99,14.84,74.77,67.45,,,,11.06
2017-04-28 07:00:00,3.94,,8.62,48.31,46.65,27.09,118.78,7.66,6.57,66.48,6.56,7.47,10.15,30.41,17.22,,,5.19,14.41,29.9,8.72,,3.14,36.46,19.07,13.52,30.94,6.37,32.44,18.27,,12.87,72.98,16.26,2.27,,6.52,12.05,,9.26,,14.4,,2.01,14.88,73.86,68.76,,,,11.1
2017-05-03 07:00:00,4.04,,8.77,48.96,46.89,28.08,117.69,7.77,6.44,66.25,6.57,7.28,10.21,30.08,18.04,,,5.23,14.15,29.83,8.72,,3.26,36.01,18.97,13.43,30.17,6.21,32.82,18.16,,13.17,72.98,17.18,2.27,,6.49,11.55,,9.32,,14.53,,2.08,15.1,73.46,69.27,,,,11.08
2017-05-04 07:00:00,4.16,,8.77,48.44,47.87,28.0,115.96,7.75,6.42,65.79,6.6,7.21,10.28,30.08,18.43,,,5.18,14.21,29.41,8.76,,3.47,35.32,19.31,13.36,29.91,6.0,32.89,18.62,,13.94,72.98,17.31,2.2,,6.6,11.6,,9.57,,14.69,,2.05,14.9,73.0,69.37,,,,11.21
2017-05-05 07:00:00,4.14,,8.88,47.47,47.3,27.27,115.26,7.84,6.57,66.49,6.47,7.41,10.28,29.8,18.3,,,5.19,14.73,29.86,8.9,,3.38,35.32,19.66,12.99,29.7,6.05,33.14,19.2,,13.38,72.58,17.18,2.17,,6.67,12.15,,9.48,,15.03,,2.03,14.8,74.31,69.6,,,,11.23
2017-05-08 07:00:00,4.07,,8.8,47.76,47.46,28.08,116.01,7.84,7.21,64.62,6.5,7.21,10.26,29.86,18.5,,,5.19,14.72,29.56,8.9,,3.45,34.76,19.66,12.99,29.66,6.29,33.07,19.92,,13.66,72.83,16.55,2.17,,6.67,11.8,,8.83,,14.94,,2.04,14.84,74.14,69.18,,,,11.2
2017-05-09 07:00:00,4.02,,8.67,47.57,46.81,28.59,116.53,7.81,6.8,65.04,6.6,7.15,10.32,30.02,18.66,,,5.2,14.54,29.41,9.73,,3.38,34.23,19.44,13.48,29.06,6.81,33.42,19.4,,14.31,72.65,16.23,2.12,,6.85,11.75,,9.03,,14.8,,2.06,14.84,73.97,68.8,,,,11.15
2017-05-10 07:00:00,4.16,,8.77,47.65,46.89,28.15,117.4,7.95,6.78,64.62,6.57,7.34,10.61,30.57,18.63,,,5.33,14.72,30.92,9.68,,3.43,34.35,19.89,13.48,29.27,6.61,33.0,19.67,,14.75,71.74,15.97,1.9,,7.17,11.9,,9.32,,15.09,,2.07,14.9,73.86,67.76,,,,11.3
2017-05-11 07:00:00,4.13,,9.04,47.6,46.89,28.22,116.82,8.14,6.72,65.32,6.66,7.31,10.52,30.35,18.2,,,5.35,14.64,30.32,9.56,,3.49,34.76,19.77,13.83,29.44,6.47,33.14,18.83,,14.26,71.85,15.27,2.08,,7.0,12.6,,9.24,,15.23,,2.07,14.88,74.66,68.33,,,,12.0
2017-05-12 07:00:00,4.11,,8.99,48.05,47.05,29.18,116.01,7.97,6.68,64.53,6.75,7.25,10.52,30.24,17.94,,,5.36,14.69,30.24,9.42,,3.49,34.51,19.83,14.08,29.44,6.42,34.19,18.6,,14.47,71.56,16.36,2.05,,7.08,12.2,,9.15,,15.21,,2.12,14.84,74.54,68.19,,,,11.32
2017-05-15 07:00:00,4.11,,8.93,49.07,47.46,28.59,115.5,8.04,6.74,65.79,6.74,7.28,10.5,29.8,20.48,,,5.27,14.81,30.62,9.53,,3.45,34.43,19.93,14.06,29.19,6.76,33.95,18.85,,14.75,71.74,16.42,2.02,,6.94,12.35,,9.26,,15.07,,2.13,14.88,73.97,68.42,,,,11.34
2017-05-16 07:00:00,4.06,,8.99,48.57,46.89,28.52,117.11,7.95,6.68,68.04,6.68,7.21,10.46,29.97,20.76,,,5.25,14.64,30.84,9.7,,3.4,34.43,20.97,13.83,28.89,6.86,34.55,19.24,,14.54,70.83,16.04,2.02,,7.2,12.6,,9.35,,14.94,,2.29,15.06,73.68,67.95,,,,11.35
2017-05-17 07:00:00,4.16,,8.88,48.44,46.56,28.74,115.96,7.86,6.74,67.85,6.78,7.12,10.39,29.91,19.99,,,5.16,14.24,30.84,9.66,,3.39,35.52,20.69,13.52,28.84,6.71,35.88,19.01,,14.35,68.64,15.97,2.05,,6.97,12.5,,10.02,,14.9,,2.69,15.17,73.51,67.72,,,,11.32
2017-05-18 07:00:00,4.25,,8.83,48.05,47.05,29.1,117.63,7.88,6.7,70.61,6.68,7.15,10.49,29.75,20.14,,,5.16,14.33,30.62,9.77,,3.43,34.84,20.57,13.36,28.93,6.44,35.74,19.14,,14.31,68.93,16.1,2.12,,7.07,12.5,,9.91,,14.94,,3.15,15.17,73.4,68.19,,,,11.38
2017-05-19 07:00:00,4.27,,8.91,48.15,46.73,28.96,117.11,7.97,6.72,70.57,6.85,7.15,10.48,30.08,19.78,,,5.1,14.38,30.43,9.42,,3.57,35.24,20.63,13.52,28.8,6.34,37.85,19.26,,14.26,69.37,15.85,2.08,,7.29,12.45,,9.62,,15.07,,2.41,15.17,72.82,68.89,,,,11.46
2017-05-22 07:00:00,4.3,,9.2,47.65,46.97,27.64,116.53,8.19,6.7,69.3,6.72,7.15,10.61,31.17,21.78,,,5.1,14.47,31.29,9.16,,3.68,35.08,21.89,13.39,29.02,6.25,42.07,19.62,,15.65,69.37,16.55,2.12,,7.79,12.4,,9.35,,15.36,,2.44,14.99,72.54,69.79,,,,11.5
2017-05-23 07:00:00,4.39,,9.73,47.39,47.46,27.86,115.78,8.5,6.63,69.72,6.61,7.34,10.64,31.77,20.5,,,5.17,14.93,31.44,9.35,,3.71,36.13,21.09,13.3,29.31,6.48,42.92,19.53,,15.0,71.37,17.06,2.14,,7.54,12.8,,9.57,,15.52,,2.39,15.14,72.82,70.92,,,,11.66
2017-05-24 07:00:00,4.27,,9.75,46.08,47.38,27.49,115.78,8.32,6.66,72.49,6.6,7.34,10.76,31.39,22.04,,,5.16,14.9,31.29,9.42,,3.63,36.05,21.89,13.37,29.27,6.35,42.64,19.74,,15.19,70.83,17.44,2.08,,7.56,12.5,,9.48,,15.38,,2.39,15.02,73.28,71.49,,,,11.6
2017-05-25 07:00:00,4.39,,10.18,45.56,47.05,29.07,116.53,8.52,6.63,74.27,6.57,7.41,11.02,31.72,21.32,,,5.23,15.43,31.74,9.49,,3.92,35.24,22.82,13.37,28.93,6.18,41.51,20.34,,15.49,69.37,18.2,2.14,,7.91,12.55,,9.44,,15.65,,2.21,14.8,72.82,71.49,,,,11.8
2017-05-26 07:00:00,4.37,,10.04,45.56,47.79,29.25,121.67,8.37,6.7,77.28,6.54,7.44,10.92,31.23,21.78,,,5.21,15.13,33.32,9.49,,3.92,34.51,22.47,13.18,28.72,6.32,40.95,19.93,,15.49,70.68,18.11,2.14,,7.76,12.4,,9.62,,15.34,,2.19,14.73,72.31,70.55,,,,11.77
2017-05-29 07:00:00,4.32,,10.31,47.91,49.35,28.96,123.17,8.48,6.74,82.15,6.57,7.67,10.79,31.17,21.96,,,5.21,16.52,33.02,9.47,,4.01,34.67,22.36,13.18,28.63,6.53,40.81,20.16,,15.67,69.18,18.71,2.12,,7.76,12.45,,9.44,,15.36,,2.19,14.88,72.54,71.73,,,,11.8
2017-05-30 07:00:00,4.37,,9.99,47.63,48.45,28.96,123.46,8.65,6.8,79.99,6.6,7.67,10.84,31.72,21.53,,,5.31,16.52,32.34,9.66,,3.96,35.2,21.55,13.04,28.59,6.53,42.29,20.05,,15.32,69.73,19.79,2.08,,7.62,13.0,,9.62,,15.19,,2.27,14.8,73.28,71.44,,,,11.85
2017-05-31 07:00:00,4.34,,9.7,47.26,47.14,28.88,118.84,8.37,6.66,77.98,6.55,7.64,11.02,31.17,20.55,,,5.21,15.9,31.89,9.53,,3.92,34.84,21.39,13.01,28.12,6.37,43.27,19.74,,14.7,69.44,19.22,2.08,,7.3,12.6,,9.41,,15.19,,2.29,14.8,73.05,70.78,,,,11.7
2017-06-01 07:00:00,4.35,,9.78,47.91,46.89,28.59,123.46,8.32,6.7,75.89,6.72,7.6,11.05,30.35,20.5,,,5.46,17.02,31.85,9.7,,3.92,34.92,21.55,13.01,28.59,6.29,43.06,20.01,,14.75,69.07,19.03,2.2,,7.36,12.6,,9.55,,15.07,,2.33,14.88,73.28,71.25,,,,11.77
2017-06-02 07:00:00,4.32,,9.67,48.94,47.79,28.44,123.17,8.28,6.72,75.54,6.66,7.54,11.18,30.52,20.66,,,5.39,16.76,32.57,9.7,,3.96,35.57,22.36,13.51,28.76,6.37,42.71,20.01,,14.86,69.37,19.79,2.2,,7.36,12.65,,9.28,,15.03,,2.32,14.9,75.12,71.25,,,,11.82
2017-06-05 07:00:00,4.3,,9.78,48.67,47.05,29.03,123.17,8.41,6.72,80.06,6.64,7.47,11.18,29.86,20.91,,,5.33,16.65,32.04,9.87,,3.96,35.48,21.89,13.41,29.14,6.35,42.0,19.91,,14.77,69.44,19.98,2.2,,7.64,12.6,,8.83,,15.07,,2.26,14.88,75.12,71.21,,,,11.84
2017-06-06 07:00:00,4.39,,9.83,48.18,47.22,29.32,120.0,8.35,6.7,78.32,6.58,7.41,11.1,30.19,20.76,,,5.32,16.76,33.09,10.12,,3.94,36.05,21.89,13.56,29.44,6.49,42.99,19.89,,15.28,69.73,20.17,2.24,,7.51,12.75,,8.38,,15.44,,2.25,14.97,74.54,72.58,,,,11.87
2017-06-07 07:00:00,4.41,,10.31,48.44,47.87,29.32,121.55,8.54,6.61,78.6,6.63,7.8,11.48,30.19,20.71,,,5.45,17.33,33.09,9.94,,4.05,35.73,22.17,13.81,29.61,6.53,43.2,20.36,,15.97,69.84,21.64,2.2,,7.62,13.9,,8.43,,16.02,,2.33,14.93,74.6,72.91,,,,12.08
2017-06-08 07:00:00,4.6,,10.2,48.44,47.71,28.96,122.01,8.76,6.63,78.67,6.58,7.8,11.28,30.02,21.43,,,5.6,17.12,33.62,9.91,,4.18,35.28,22.47,13.65,29.66,6.56,42.99,20.14,,15.74,69.91,21.64,2.27,,7.67,13.6,,8.54,,15.81,,2.25,15.1,74.26,72.67,,,,12.1
2017-06-09 07:00:00,4.53,,10.1,48.41,47.55,29.21,121.26,8.65,6.68,86.89,6.64,8.06,11.33,30.35,21.48,,,5.59,16.91,34.59,9.94,,4.14,34.84,22.59,13.51,29.48,6.59,42.92,20.32,,15.56,69.07,21.38,2.2,,7.73,13.8,,8.47,,15.77,,2.24,15.21,73.8,72.62,,,,12.5
2017-06-12 07:00:00,4.56,,9.99,48.41,47.3,28.59,121.15,8.63,6.68,88.42,6.57,8.12,11.53,30.02,21.43,,,5.57,16.6,35.12,9.91,,4.14,34.92,22.42,13.41,28.8,6.53,44.04,20.34,,15.6,69.73,21.64,2.17,,7.79,14.0,,8.56,,15.89,,2.24,15.36,73.22,72.53,,,,12.16
2017-06-13 07:00:00,4.53,,10.04,49.59,46.81,28.59,120.28,8.63,6.66,87.72,6.6,7.96,11.53,30.19,21.3,,,5.48,16.16,34.59,9.8,,4.09,35.16,22.13,13.18,28.84,6.64,44.47,19.76,,15.51,71.16,21.57,2.17,,7.76,13.9,,8.29,,15.75,,2.25,15.63,73.34,72.01,,,,12.11
2017-06-14 07:00:00,4.61,,10.41,51.01,47.14,28.37,121.21,8.85,6.74,88.91,6.74,8.03,11.74,30.79,20.94,,,5.61,16.39,33.99,9.77,,4.13,35.08,21.89,13.74,28.84,6.98,44.19,19.89,,15.74,71.19,21.51,2.17,,7.94,14.1,,8.36,,15.96,,2.25,15.8,73.28,71.87,,,,12.23
2017-06-15 07:00:00,4.65,,10.62,50.4,48.28,28.59,126.05,8.94,6.74,87.79,6.74,7.9,11.6,31.17,21.12,,,5.64,16.47,34.29,9.66,,4.2,35.57,22.01,13.67,28.72,6.96,43.97,19.8,,15.7,73.75,21.38,2.2,,7.82,14.0,,8.52,,16.23,,2.24,15.28,73.57,72.43,,,,12.26
2017-06-16 07:00:00,4.6,,10.41,49.55,47.71,28.74,126.92,8.96,7.12,88.0,6.67,7.9,11.66,31.12,21.02,,,6.0,16.29,34.29,9.7,,4.14,35.04,22.13,13.56,28.59,6.94,43.9,20.11,,16.25,73.02,21.0,2.2,,7.79,13.7,,8.32,,16.49,,2.25,15.74,74.43,73.14,,,,12.3
2017-06-19 07:00:00,4.63,,10.57,49.07,48.2,28.15,125.19,9.1,6.95,89.81,6.64,7.93,11.79,31.99,22.45,,,5.88,16.42,35.27,9.77,,4.17,34.84,21.89,13.7,29.02,6.8,43.83,20.11,,16.55,73.38,21.57,2.24,,7.94,14.0,,8.34,,16.49,,2.24,15.61,73.4,72.29,,,,12.5
2017-06-20 07:00:00,4.65,,10.73,48.79,48.61,27.86,125.19,9.25,6.91,88.07,6.64,7.99,11.92,31.77,22.81,,,5.76,16.6,34.97,9.77,,4.31,35.32,21.94,13.86,29.19,6.95,45.03,19.95,,16.48,73.38,22.78,2.33,,8.29,14.3,,8.36,,16.47,,2.25,15.87,72.54,72.86,,,,12.45
2017-06-21 07:00:00,4.67,,10.78,47.28,47.71,28.08,124.61,9.25,6.72,89.12,6.64,8.84,11.87,31.55,22.35,,,5.84,16.5,34.85,9.77,,4.42,34.59,22.47,13.84,28.97,6.99,46.08,19.99,,16.44,74.11,22.78,2.36,,8.09,14.55,,8.56,,16.27,,2.31,15.54,72.65,72.01,,,,12.44
2017-06-22 07:00:00,4.58,,10.78,46.29,47.38,27.82,124.03,8.99,6.74,90.44,6.58,8.77,12.12,31.45,22.25,,,5.79,16.45,35.16,9.77,,4.46,34.03,22.52,13.89,28.76,7.18,47.56,20.36,,16.97,74.81,23.1,2.33,,8.12,14.55,,8.59,,16.02,,2.26,15.67,71.73,72.25,,,,12.45
2017-06-23 07:00:00,4.53,,10.41,46.43,47.3,27.64,124.61,8.81,6.68,89.05,6.67,8.25,12.17,31.17,22.76,,,5.84,16.78,34.97,9.73,,4.44,33.7,23.74,13.77,28.84,7.53,49.04,20.47,,16.71,74.66,22.91,2.24,,8.12,14.2,,8.61,,15.75,,2.32,15.36,71.27,72.15,,,,12.47
2017-06-26 07:00:00,4.48,,10.52,48.74,47.38,26.9,126.34,8.83,6.68,87.72,6.7,8.25,12.26,31.17,23.37,,,5.82,16.78,35.19,9.94,,4.41,33.26,23.97,13.79,29.23,7.54,50.66,21.38,,16.85,75.57,22.85,2.27,,8.06,14.2,,8.72,,15.85,,2.34,15.45,72.48,72.2,,,,12.37
2017-06-27 07:00:00,4.53,,10.68,47.94,47.46,26.39,125.76,8.99,6.63,83.55,6.67,8.25,11.92,31.28,22.86,,,5.85,16.91,35.12,9.8,,4.48,34.11,23.74,13.58,29.23,7.5,50.17,21.61,,17.13,75.72,22.43,2.3,,8.12,14.4,,8.7,,16.06,,2.3,15.72,72.25,72.39,,,,12.39
2017-06-28 07:00:00,4.49,,10.49,46.76,46.89,25.81,126.05,8.9,6.66,85.98,6.73,8.25,11.76,31.61,22.3,,,5.81,16.5,34.55,9.77,,4.45,33.54,23.05,13.65,29.23,7.23,48.13,21.2,,16.76,75.72,22.4,2.3,,7.96,14.4,,8.63,,15.83,,2.29,15.65,72.19,72.43,,,,12.37
2017-06-29 07:00:00,4.49,,10.65,47.04,47.38,26.03,126.05,8.85,6.68,86.68,6.69,8.19,11.87,31.72,22.35,,,5.81,16.52,34.22,9.73,,4.53,33.95,23.16,13.56,29.27,7.39,48.41,21.18,,17.22,75.5,22.34,2.27,,8.1,14.2,,8.41,,15.85,,2.29,15.72,71.56,73.38,,,,12.45
2017-06-30 07:00:00,4.55,,10.68,47.18,47.14,27.12,126.34,8.94,6.95,86.54,6.74,8.19,11.92,32.0,22.48,,,5.95,16.5,34.52,9.66,,4.6,34.67,23.49,13.41,29.02,7.39,49.18,21.2,,17.13,75.39,22.34,2.27,,8.13,14.1,,8.36,,15.85,,2.29,15.65,72.77,73.05,,,,12.54
2017-07-03 07:00:00,4.53,,10.81,46.85,47.79,27.34,123.74,9.01,6.89,86.47,6.92,8.42,11.89,32.61,22.19,,,6.23,17.02,34.89,9.73,,4.63,33.95,23.69,13.48,29.14,7.45,48.76,21.28,,17.04,74.48,22.34,2.3,,8.32,13.9,,8.59,,15.91,,2.29,15.65,71.91,74.27,,,,12.57
2017-07-04 07:00:00,4.6,,10.99,46.29,47.63,27.34,122.01,9.16,6.83,84.94,6.93,8.32,11.94,32.84,22.04,,,6.33,17.33,34.97,9.73,,4.57,33.62,23.62,13.7,28.97,7.64,48.13,21.51,,16.9,74.84,22.37,2.39,,8.31,13.6,,8.5,,16.1,,2.3,15.5,72.08,73.99,,,,12.59
2017-07-05 07:00:00,4.56,,10.73,46.24,47.14,27.64,123.46,9.01,6.85,84.24,6.83,8.19,11.94,32.78,21.99,,,6.29,17.07,36.02,9.73,,4.52,33.46,23.97,13.98,28.97,7.53,47.56,21.59,,17.02,76.3,22.4,2.42,,8.34,13.2,,8.45,,16.06,,2.32,15.58,71.68,73.66,,,,12.54
2017-07-06 07:00:00,4.61,,10.86,46.76,47.46,27.86,124.61,9.03,6.95,85.29,6.9,8.45,11.96,33.39,22.55,,,6.27,16.99,35.64,9.77,,4.52,33.62,23.67,13.84,29.02,7.58,48.41,21.2,,17.43,76.67,22.43,2.54,,8.47,13.55,,8.5,,16.08,,2.32,15.58,71.91,74.37,,,,12.8
2017-07-07 07:00:00,4.61,,10.73,46.95,47.46,27.93,125.19,8.99,6.83,84.87,6.95,8.38,12.35,33.72,22.37,,,6.35,17.22,35.64,9.84,,4.49,33.46,23.65,13.91,28.8,7.56,49.74,20.55,,17.39,76.67,22.46,2.57,,8.43,13.45,,9.01,,16.35,,2.34,15.67,72.08,74.46,,,,12.65
2017-07-10 07:00:00,4.61,,10.68,46.52,47.87,27.42,124.03,8.81,6.7,83.55,6.83,8.51,12.35,33.61,22.09,,,6.25,16.6,34.97,9.84,,4.4,33.62,23.74,13.79,28.76,7.56,48.2,20.57,,17.18,76.67,22.43,2.45,,8.12,13.1,,8.88,,16.1,,2.32,15.54,72.02,73.0,,,,12.63
2017-07-11 07:00:00,4.51,,10.41,46.19,47.55,27.09,124.32,8.63,6.63,80.76,6.8,8.25,12.28,33.45,21.27,,,6.28,16.45,34.59,9.84,,4.28,33.62,23.39,13.41,28.67,7.26,48.41,19.89,,16.71,76.67,22.37,2.42,,7.87,12.85,,8.64,,15.73,,2.32,15.1,72.14,71.58,,,,13.16
2017-07-12 07:00:00,4.51,,10.41,45.34,47.95,27.45,124.03,8.7,6.68,79.02,6.89,8.32,12.28,33.56,21.48,,,6.25,16.5,34.89,9.84,,4.42,33.7,23.39,13.44,28.76,7.1,49.04,19.87,,16.76,77.07,22.43,2.51,,7.97,12.6,,8.59,,15.89,,2.32,15.6,72.25,72.53,,,,12.42
2017-07-13 07:00:00,4.51,,10.2,45.34,48.69,28.55,123.74,8.68,6.74,80.06,7.14,8.45,12.25,34.84,21.6,,,6.26,16.34,35.27,10.26,,4.4,33.66,23.72,13.46,28.76,7.21,48.55,20.41,,16.81,76.67,22.88,2.45,,7.84,12.65,,8.52,,15.94,,2.32,15.65,73.4,74.09,,,,12.38
2017-07-14 07:00:00,4.53,,10.41,44.16,49.35,28.15,124.03,8.72,6.76,82.71,7.04,8.35,12.52,35.28,21.63,,,6.43,16.42,35.08,10.12,,4.41,33.46,23.62,13.46,28.8,7.22,49.81,20.22,,17.13,77.22,23.23,2.48,,7.9,12.35,,8.45,,15.81,,2.31,15.65,72.77,73.76,,,,12.51
2017-07-17 07:00:00,4.49,,10.25,42.46,49.51,28.04,122.65,8.57,6.76,84.59,7.01,8.22,12.48,35.39,21.53,,,6.4,16.42,35.12,10.08,,4.34,33.62,23.51,13.51,29.1,7.15,49.25,20.16,,16.97,77.4,24.44,2.45,,7.94,12.0,,8.45,,15.83,,2.3,15.61,72.82,72.67,,,,12.37
2017-07-18 07:00:00,4.34,,9.96,39.96,47.95,27.49,123.4,8.41,6.8,81.46,6.83,7.8,12.2,34.0,21.12,,,6.03,15.72,34.59,9.87,,4.24,32.57,23.62,13.04,29.02,7.07,48.05,19.84,,16.3,81.41,24.63,2.39,,7.56,11.7,,8.29,,15.56,,2.27,15.25,72.82,71.73,,,,12.25
2017-07-19 07:00:00,4.37,,10.12,37.83,47.55,27.75,121.15,8.35,6.76,82.71,6.83,7.93,12.25,33.89,21.27,,,6.07,15.77,34.67,9.87,,4.32,33.22,23.55,13.13,28.89,7.06,48.41,20.01,,16.25,83.2,24.31,2.36,,7.54,12.4,,8.15,,15.65,,2.23,15.61,73.4,72.2,,,,12.13
2017-07-20 07:00:00,4.37,,10.18,38.07,46.89,25.59,116.53,8.37,6.78,82.85,6.76,7.28,11.94,34.72,21.63,,,5.95,15.2,34.14,9.87,,4.23,33.34,23.51,12.8,28.76,7.04,48.9,20.16,,15.74,84.74,24.47,2.42,,7.41,12.0,,8.1,,15.52,,2.29,15.43,73.74,71.73,,,,12.1
2017-07-21 07:00:00,4.39,,10.41,35.9,46.89,25.95,117.98,8.41,6.76,82.5,6.74,7.34,12.05,35.0,21.48,,,5.98,15.62,34.74,9.84,,4.29,33.38,23.16,12.94,28.72,7.13,48.03,20.32,,16.25,84.7,24.44,2.42,,7.59,11.8,,7.85,,15.56,,2.27,15.47,72.25,71.35,,,,12.12
2017-07-24 07:00:00,4.35,,10.15,34.1,46.73,25.0,112.21,8.23,6.98,77.98,6.69,7.57,11.84,32.45,21.02,,,5.9,15.36,34.52,9.82,,4.21,33.38,22.36,12.94,29.02,7.18,47.29,19.95,,16.2,85.98,25.17,2.36,,7.38,11.8,,7.89,,15.31,,,15.6,72.14,71.3,,,,11.5
2017-07-25 07:00:00,4.34,,10.25,37.5,46.65,23.9,113.94,8.28,6.95,79.44,6.72,7.7,11.92,32.67,19.66,,,5.96,15.2,33.59,9.87,,4.25,33.62,22.59,13.08,29.02,7.13,45.46,20.16,,16.2,85.8,25.14,2.39,,7.3,11.85,,7.92,,15.4,,2.19,15.36,72.65,71.49,,,,12.04
2017-07-26 07:00:00,4.37,,10.78,39.01,46.81,24.6,114.23,8.52,6.93,80.06,6.77,7.73,11.97,34.17,20.25,,,6.1,15.51,34.37,9.59,,4.58,33.58,22.72,13.3,29.02,7.3,47.81,20.36,,16.88,85.98,25.58,2.42,,7.48,12.55,,7.94,,15.5,,2.31,15.43,72.25,71.73,,,,12.07
2017-07-27 07:00:00,4.41,,10.89,39.06,47.14,24.27,114.17,8.52,6.83,82.01,6.83,7.96,12.3,33.72,20.5,,,6.23,15.67,34.72,9.63,,4.56,33.38,23.05,13.37,28.97,7.38,47.0,21.09,,16.9,83.97,26.35,2.42,,7.56,12.6,,8.06,,15.48,,2.27,15.47,72.54,72.2,,,,12.17
2017-07-28 07:00:00,4.44,,11.02,37.36,46.73,23.97,114.8,8.54,6.8,80.76,6.74,7.8,12.35,33.67,20.25,,,6.12,15.51,35.73,9.77,,4.58,33.7,22.93,13.2,28.8,7.42,45.97,20.99,,17.13,85.8,26.22,2.42,,7.53,12.6,,8.03,,15.46,,2.27,15.54,71.79,72.2,,,,12.19
2017-07-31 07:00:00,4.53,,11.15,36.89,48.2,23.83,117.69,8.72,6.93,80.76,6.77,7.9,12.43,34.39,20.5,,,6.08,14.79,35.22,9.77,,4.85,33.22,23.28,13.39,28.42,7.33,46.93,21.61,,16.85,84.7,26.16,2.45,,7.64,12.8,,8.01,,15.56,,2.29,16.02,71.96,72.2,,,,12.3
2017-08-01 07:00:00,4.55,,11.63,38.16,48.61,23.83,120.17,9.03,6.8,81.46,6.77,7.99,12.42,34.78,20.76,,,6.06,14.27,34.41,9.77,,4.87,34.19,23.16,13.48,28.76,7.38,45.61,21.74,,17.13,87.62,25.74,2.54,,7.81,13.1,,7.94,,15.73,,2.33,16.35,72.02,72.01,,,,12.34
2017-08-02 07:00:00,4.51,,11.52,37.31,48.62,24.12,117.69,8.72,6.83,80.06,6.83,7.96,12.6,35.34,20.76,,,6.16,14.32,34.06,9.8,,4.81,34.35,22.86,13.32,28.76,7.48,46.05,21.82,,16.94,89.41,26.35,2.45,,7.64,12.7,,7.61,,15.77,,2.34,16.13,72.19,71.3,,,,12.3
2017-08-03 07:00:00,4.55,,11.84,37.31,48.2,24.19,119.13,8.96,6.8,81.04,6.77,8.25,12.74,35.17,20.76,,,6.12,14.01,33.44,9.84,,4.81,34.43,22.84,13.3,28.67,7.48,46.19,21.47,,17.45,89.45,26.38,2.45,,7.62,12.4,,7.43,,15.85,,2.29,16.24,72.36,72.29,,,,12.5
2017-08-04 07:00:00,4.49,,12.11,36.42,47.54,24.27,120.0,8.94,6.85,79.09,6.79,8.45,12.89,35.45,20.76,,,6.1,14.27,34.6,9.94,,4.91,34.11,23.51,13.32,28.59,7.58,46.05,21.88,,17.82,89.74,25.36,2.48,,7.73,12.5,,7.68,,15.85,,2.31,16.39,72.36,72.67,,,,12.41
2017-08-07 07:00:00,4.49,,11.74,35.42,47.62,24.6,120.57,8.88,6.95,79.23,6.95,8.45,12.84,35.0,21.3,,,6.06,14.32,34.06,9.93,,4.81,34.84,24.89,13.41,28.72,7.69,46.63,22.44,,17.82,89.45,23.13,2.45,,7.87,12.7,,7.75,,15.77,,2.33,16.37,72.25,72.67,,,,12.47
2017-08-08 07:00:00,4.63,,11.95,36.32,47.95,24.71,122.3,8.83,6.85,77.98,6.86,8.25,12.78,35.84,21.68,,,6.13,14.32,34.06,9.98,,4.89,34.51,25.12,13.41,28.42,7.8,48.98,22.34,,17.5,94.37,21.54,2.51,,7.78,12.6,,7.85,,15.75,,2.3,16.35,71.9,72.53,,,,12.5
2017-08-09 07:00:00,4.56,,12.06,35.85,47.54,25.0,122.13,8.63,7.02,76.1,6.76,8.25,12.53,35.61,21.35,,,6.08,14.4,33.98,9.84,,4.81,34.59,24.43,13.37,28.08,7.69,49.49,21.76,,17.04,92.0,20.05,2.45,,7.64,12.2,,7.92,,15.89,,2.26,16.35,72.25,71.73,,,,12.37
2017-08-10 07:00:00,4.46,,10.99,36.37,46.71,25.0,120.28,8.28,6.95,75.89,6.72,8.16,12.3,35.06,20.61,,,6.03,14.37,33.28,9.84,,4.6,34.03,23.97,13.18,27.82,7.53,47.66,21.32,,16.58,90.91,18.65,2.39,,7.38,11.8,,7.75,,15.54,,2.24,15.98,71.5,70.78,,,,12.35
2017-08-11 07:00:00,4.47,,11.07,37.31,46.63,26.03,121.15,8.26,6.85,76.58,6.74,8.09,12.56,34.84,20.71,,,6.06,14.32,33.12,9.87,,4.62,34.43,24.2,13.04,27.44,6.99,47.66,21.76,,16.67,90.91,17.37,2.39,,7.45,11.95,,7.75,,15.5,,2.24,15.87,71.79,71.25,,,,12.1
2017-08-14 07:00:00,4.44,,11.07,37.08,46.46,26.1,120.17,8.39,6.85,75.89,6.69,8.16,12.82,34.06,20.4,,,6.2,14.42,33.05,9.77,,4.62,34.27,24.43,13.06,26.67,7.37,47.29,21.82,,16.58,89.85,20.56,2.39,,7.39,12.0,,7.66,,15.5,,2.24,15.98,72.02,71.49,,,,12.19
2017-08-15 07:00:00,4.51,,11.32,38.12,46.96,26.68,120.28,8.52,6.95,79.99,6.74,7.99,12.61,34.39,20.73,,,6.52,14.99,33.36,9.87,,4.81,35.24,24.55,13.06,26.24,7.45,48.61,21.96,,16.94,89.77,19.22,2.42,,7.53,12.25,,7.66,,15.56,,2.29,15.94,71.96,71.35,,,,12.35
2017-08-16 07:00:00,4.53,,11.07,38.82,46.71,26.98,120.28,8.39,6.89,78.67,6.82,7.86,12.53,33.84,20.66,,,6.35,14.94,32.81,9.86,,4.73,35.57,24.78,13.13,26.41,7.43,48.61,22.19,,16.67,89.63,18.2,2.39,,7.39,11.9,,7.5,,15.44,,2.24,15.61,71.73,70.63,,,,12.18
2017-08-17 07:00:00,4.56,,10.91,38.68,47.04,26.83,122.42,8.35,7.55,78.39,6.86,7.8,12.56,34.22,20.99,,,6.49,15.12,32.04,9.84,,4.69,36.29,24.66,13.04,26.5,7.39,48.47,22.01,,16.53,91.2,18.46,2.39,,7.45,12.05,,7.66,,15.52,,2.23,15.8,71.61,70.3,7.86,,,12.28
2017-08-18 07:00:00,4.42,,10.36,38.73,46.63,25.66,121.15,8.19,7.28,77.91,6.83,7.67,12.4,33.39,21.17,,,6.35,14.63,31.26,9.86,,4.52,35.65,24.34,12.8,26.41,7.42,48.25,21.59,,15.97,89.81,18.46,2.36,,7.23,11.85,,7.47,,15.44,,2.22,15.7,71.03,70.58,7.65,,,11.4
2017-08-21 07:00:00,4.51,,10.77,38.68,46.54,25.59,120.57,8.23,7.25,77.28,6.83,7.83,12.56,33.89,21.17,,,6.39,14.79,31.88,9.8,,4.62,36.05,24.34,12.71,26.46,7.46,49.12,21.84,,16.2,90.54,18.2,2.36,,7.34,11.8,,7.59,,15.52,,2.22,15.54,71.67,71.16,7.21,,,12.22
2017-08-22 07:00:00,4.65,,10.69,37.55,45.21,26.32,120.57,8.21,7.28,77.14,6.83,7.99,12.48,33.95,20.91,,,6.24,14.76,32.27,9.87,,4.6,36.62,24.48,12.87,26.11,7.35,49.64,21.71,,16.34,94.52,18.33,2.33,,7.22,11.8,,7.57,,15.52,,2.24,15.65,71.5,71.01,7.01,,,12.21
2017-08-23 07:00:00,4.58,,10.45,37.79,44.63,25.73,121.15,8.08,7.21,75.89,6.8,7.8,12.3,33.72,20.61,,,6.26,14.84,32.12,9.84,,4.54,36.46,24.22,12.71,26.16,7.34,48.61,21.69,,16.16,91.2,18.33,2.33,,7.11,11.75,,7.54,,15.31,,2.21,15.89,71.67,70.73,7.25,,,12.17
2017-08-24 07:00:00,4.63,,10.61,37.88,44.72,25.37,121.72,8.1,7.28,77.28,6.77,7.67,12.4,33.89,20.76,,,6.31,14.94,31.8,9.86,,4.53,37.23,23.97,12.66,26.8,7.35,48.83,21.63,,16.2,92.99,18.46,2.33,,7.14,11.7,,7.52,,15.38,,2.21,15.98,71.79,70.58,7.32,,,12.2
2017-08-25 07:00:00,4.81,,10.86,36.93,44.39,24.56,122.3,8.39,7.28,77.14,6.79,7.8,12.51,34.11,20.76,,,6.39,15.05,31.73,9.84,,4.71,37.27,24.31,12.76,26.71,7.39,49.56,21.9,,16.37,90.54,19.22,2.36,,7.25,11.75,,7.59,,15.34,,2.23,16.0,72.36,70.78,7.23,,,12.28
2017-08-28 07:00:00,4.84,,10.77,36.37,44.8,25.29,124.49,8.35,7.3,76.93,6.8,7.73,12.38,34.11,20.81,,,6.44,15.2,31.65,9.86,,4.69,37.67,24.38,12.38,26.41,7.39,49.49,21.69,,16.3,92.37,18.71,2.36,,7.29,11.8,,7.66,,15.38,,2.23,16.37,72.31,70.78,7.25,,,12.8
2017-08-29 07:00:00,5.0,,10.72,36.18,44.8,25.29,123.17,8.32,7.28,76.51,6.76,7.77,12.43,34.72,21.89,,,6.5,15.43,32.27,9.84,,4.75,37.27,24.5,12.43,26.07,7.37,49.93,22.19,,16.16,90.18,18.65,2.36,,7.44,11.75,,7.57,,15.5,,2.2,16.68,69.47,70.54,7.27,,,12.4
2017-08-30 07:00:00,5.02,,10.75,35.42,44.39,24.96,123.82,8.23,7.45,76.72,6.77,7.8,12.47,34.78,21.58,,,6.53,15.25,32.35,9.77,,4.78,37.27,24.66,12.33,25.64,7.37,49.64,22.01,,16.07,91.23,20.49,2.36,,7.35,11.75,,7.59,,15.31,,2.21,16.94,72.08,70.3,7.31,,,12.44
2017-08-31 07:00:00,5.04,,10.58,35.42,44.63,25.37,123.46,8.26,7.42,76.44,6.74,7.9,12.51,34.78,21.78,,,6.6,15.38,31.88,9.77,,4.81,38.16,25.24,12.24,25.64,7.38,49.12,22.53,,15.95,90.21,20.36,2.36,,7.34,11.4,,7.54,,15.27,,2.19,18.0,72.31,70.78,7.27,,,13.33
2017-09-01 07:00:00,5.04,,11.46,34.95,44.88,25.51,123.29,8.43,7.45,76.44,6.83,7.9,12.72,34.95,21.94,,,6.64,15.51,31.65,9.77,,4.93,38.48,25.24,12.19,25.69,7.56,48.98,22.51,,16.25,91.64,20.36,2.42,,7.39,11.65,,7.54,,15.48,,2.15,17.89,72.65,70.97,7.27,,,13.51
2017-09-05 07:00:00,5.02,,11.46,34.72,45.3,25.51,123.76,8.41,7.38,75.89,6.82,7.9,12.72,35.39,21.99,,,6.65,15.49,32.12,9.8,,4.83,39.05,25.21,12.0,25.73,7.56,49.49,22.53,,16.32,92.91,20.17,2.36,,7.41,11.7,,7.52,,15.48,,2.2,18.33,76.36,72.21,7.26,,,12.69
2017-09-06 07:00:00,5.11,,11.29,34.9,45.46,24.93,123.17,8.37,7.28,75.33,6.77,7.86,12.68,36.06,21.89,,,6.71,15.36,33.32,9.8,,4.81,38.81,24.87,12.14,25.6,7.56,49.12,22.48,,16.32,93.46,20.05,2.39,,7.41,11.8,,7.5,,15.73,,2.2,18.44,75.78,72.63,7.33,,,12.69
2017-09-07 07:00:00,5.07,,11.21,34.48,45.21,24.56,122.76,8.3,7.32,73.59,6.8,7.93,12.56,36.17,21.78,,,6.84,15.3,32.93,9.77,,4.81,39.29,25.01,12.0,25.69,7.48,49.12,22.32,,16.2,96.02,19.09,2.36,,7.38,11.65,,7.4,,15.73,,2.2,18.37,75.78,71.82,7.69,,,12.76
2017-09-08 07:00:00,5.02,,11.37,34.34,45.21,24.05,122.76,8.37,7.32,74.36,6.74,7.9,12.56,36.89,21.68,,,6.73,14.86,32.66,9.75,,4.79,40.91,25.01,12.12,25.56,7.48,48.98,22.53,,16.51,100.03,19.41,2.39,,7.41,11.75,,7.31,,15.73,,2.19,18.37,75.55,71.01,7.75,,,12.79
2017-09-11 07:00:00,4.91,,11.02,34.15,46.29,23.94,123.76,8.3,7.25,73.45,6.77,7.86,12.48,37.39,21.12,,,6.8,14.86,32.62,9.73,,4.66,43.75,25.33,11.81,25.52,7.53,49.56,22.86,,16.3,102.84,19.44,2.33,,7.35,11.7,,7.26,,15.65,,2.19,18.52,75.84,71.06,7.65,,,12.81
2017-09-12 07:00:00,4.83,,10.96,33.06,46.63,24.08,122.64,8.21,7.21,74.15,6.69,7.83,12.43,36.45,20.81,,,6.68,14.66,32.08,9.7,,4.62,43.75,25.49,11.72,25.56,7.62,49.05,22.78,,16.3,102.22,18.58,2.33,,7.29,11.6,,7.31,,15.6,,2.2,17.85,77.57,70.44,7.45,,,12.8
2017-09-13 07:00:00,4.9,,11.26,34.01,46.96,23.97,123.17,8.26,7.25,74.77,6.64,7.93,12.64,36.78,21.07,,,6.77,14.84,32.35,9.7,,4.77,45.21,26.02,11.86,25.94,7.69,49.64,22.86,,16.67,102.59,18.84,2.33,,7.32,11.5,,7.31,,15.89,,2.23,18.11,77.81,70.63,7.52,,,12.88
2017-09-14 07:00:00,4.97,,11.1,35.8,46.79,23.75,124.35,8.23,7.25,75.19,6.61,8.09,12.82,37.22,21.4,,,7.01,14.99,32.43,9.77,,4.78,45.04,26.5,11.77,25.6,7.85,50.37,23.47,,16.76,101.86,18.61,2.33,,7.44,11.55,,7.35,,15.81,,2.23,17.47,78.15,70.54,7.55,,,12.88
2017-09-15 07:00:00,4.95,,11.26,36.13,46.46,23.57,125.64,8.3,7.23,75.82,6.72,8.03,12.64,38.9,21.5,,,6.92,14.99,32.15,9.77,,4.77,45.61,26.3,11.79,25.73,7.82,50.08,23.26,,16.53,97.48,19.06,2.33,,7.51,11.7,,7.43,,15.85,,2.22,17.71,80.47,70.49,7.54,,,13.05
2017-09-18 07:00:00,4.93,,11.13,36.37,46.79,23.53,125.58,8.37,6.85,78.82,6.63,8.32,12.65,38.84,21.32,,,7.07,15.28,31.96,9.77,,4.75,45.45,26.16,12.0,27.1,7.92,49.78,23.55,,16.69,102.19,18.71,2.33,,7.57,11.55,,7.4,,15.73,,2.3,17.96,80.35,70.3,7.53,,,13.03
2017-09-19 07:00:00,4.95,,11.24,36.13,46.46,23.46,124.35,8.43,7.1,77.97,6.67,8.19,12.69,38.62,21.73,,,7.18,15.49,32.43,9.62,,4.75,44.88,26.32,11.91,26.46,7.91,48.54,23.51,,16.97,100.95,18.68,2.39,,7.64,11.8,,7.33,,15.5,,2.31,18.0,79.08,71.01,7.51,,,13.08
2017-09-20 07:00:00,4.97,,11.26,37.55,46.63,23.24,123.76,8.57,7.06,76.92,6.7,8.19,12.73,37.77,21.37,,,7.2,15.36,33.05,10.07,,4.73,44.64,26.27,11.86,26.41,7.8,47.81,23.78,,16.81,101.13,18.61,2.39,,7.63,11.75,,7.14,,15.5,,2.33,18.04,79.31,70.73,7.44,,,13.04
2017-09-21 07:00:00,4.97,,11.13,39.06,46.96,23.9,124.23,8.59,6.93,76.36,6.74,8.09,12.8,37.88,21.48,,,7.21,15.25,32.66,9.91,,4.74,43.18,26.27,12.0,26.41,7.8,46.49,24.03,,16.71,99.3,17.18,2.48,,7.53,11.7,,7.21,,15.69,,2.41,18.0,79.89,70.78,7.43,,,13.5
2017-09-22 07:00:00,4.98,,11.29,37.31,47.21,24.16,123.46,8.76,7.06,75.23,6.74,8.06,12.98,38.05,21.43,,,7.1,15.25,32.66,9.91,,4.79,41.24,26.3,12.28,26.33,8.13,47.07,23.97,,16.69,98.9,17.18,2.48,,7.53,11.65,,7.33,,15.67,,2.42,18.08,79.86,70.54,7.43,,,13.06
2017-09-25 07:00:00,5.12,,11.24,37.55,47.29,24.12,123.76,8.65,7.04,74.67,6.69,8.16,13.02,38.62,21.32,,,7.15,14.94,32.5,9.91,,4.74,43.75,26.97,12.19,26.28,8.15,47.37,23.82,,16.74,97.18,17.44,2.42,,7.56,11.45,,7.38,,15.58,,2.49,18.0,85.04,70.39,7.39,,,12.9
2017-09-26 07:00:00,5.32,,11.13,36.6,46.54,23.57,122.99,8.59,7.15,76.08,6.66,8.09,12.78,38.79,22.01,,,7.09,14.79,32.74,9.78,,4.73,44.15,27.2,12.28,26.24,8.08,47.66,23.99,,16.62,95.47,16.8,2.45,,7.54,12.55,,7.52,,15.52,,2.48,18.0,88.68,70.54,7.43,,,13.0
2017-09-27 07:00:00,5.35,,11.13,36.13,46.04,23.83,123.23,8.75,7.19,76.22,6.64,8.06,12.82,39.12,22.81,,,7.09,15.1,33.2,9.78,,4.7,44.23,26.97,12.38,26.2,8.25,47.29,23.86,,16.48,94.19,16.8,2.45,,7.5,12.35,,7.61,,15.69,,2.45,18.3,86.25,70.54,7.39,,,13.0
2017-09-28 07:00:00,5.81,,11.02,36.37,46.21,23.46,123.64,8.56,7.19,75.16,6.63,8.06,12.82,39.58,22.3,,,7.15,14.84,33.36,9.7,,4.69,44.96,26.62,12.54,26.2,8.3,47.51,23.38,,16.25,93.1,17.34,2.45,,7.5,12.2,,7.33,,15.73,,2.47,18.88,86.9,70.54,7.51,,,12.96
2017-09-29 07:00:00,5.32,,10.72,36.51,45.63,23.39,122.4,8.47,7.19,74.53,6.69,7.99,12.8,39.58,22.04,,,7.15,14.79,32.66,9.91,,4.71,45.37,26.73,12.47,26.24,8.17,46.85,23.51,,16.09,97.11,17.18,2.17,,7.38,12.6,,7.5,,15.75,,2.47,18.55,87.87,71.01,7.5,,,12.98
2017-10-02 07:00:00,5.39,,10.69,36.56,45.63,23.68,122.58,8.47,7.28,74.81,6.67,7.93,12.76,38.96,22.55,,,7.38,14.89,32.5,9.91,,4.71,44.72,26.8,12.52,26.24,8.2,45.83,23.74,,16.25,94.92,16.67,2.42,,7.39,12.5,,7.52,,15.99,,2.45,18.81,87.87,71.06,7.55,,,13.0
2017-10-03 07:00:00,5.3,,10.8,36.84,44.88,23.46,122.46,8.45,7.23,74.53,6.69,7.93,12.61,39.18,23.07,,,7.39,14.71,32.27,10.03,,4.7,44.4,27.03,12.52,26.24,8.19,45.39,23.57,,16.07,95.65,16.01,2.42,,7.39,12.3,,7.28,,15.99,,2.44,18.77,85.85,70.82,7.49,,,13.0
2017-10-04 07:00:00,5.32,,10.86,34.95,44.39,22.73,119.69,8.45,7.23,73.9,6.67,7.8,12.54,38.79,22.5,,,7.37,14.66,31.61,10.11,,4.67,43.91,27.2,12.5,26.2,8.07,44.21,23.82,,15.97,93.17,15.66,2.39,,7.35,12.05,,7.38,,15.86,,2.44,18.88,85.04,70.39,7.43,,,13.0
2017-10-05 07:00:00,5.42,,11.02,36.13,44.8,22.87,123.17,8.7,7.32,74.46,6.66,7.93,12.66,39.18,22.5,,,7.51,14.79,31.42,10.4,3.11,4.88,44.56,27.4,12.71,26.2,8.16,44.29,23.8,,16.11,93.1,15.78,2.42,,7.44,12.3,,7.35,,16.58,,2.45,19.14,85.44,70.82,7.47,,,13.05
2017-10-06 07:00:00,5.35,,10.83,35.9,44.39,23.68,121.4,8.59,7.34,74.11,6.64,7.8,12.64,38.34,22.04,,,7.36,14.58,31.61,10.4,2.99,4.78,46.83,27.03,13.27,26.2,8.25,45.02,23.24,,16.18,95.62,16.23,2.42,,7.56,12.1,,7.4,,16.37,,2.48,19.36,85.04,71.3,7.46,,,13.17
2017-10-09 07:00:00,5.49,,11.02,35.57,45.21,23.97,120.1,8.79,7.3,74.39,6.64,7.8,12.82,38.11,22.5,,,7.39,14.6,31.49,10.4,2.92,5.07,46.58,27.1,13.56,26.2,8.25,45.09,23.15,,16.0,95.94,15.59,2.42,,7.66,12.6,,7.64,,16.64,,2.48,19.25,85.61,71.01,7.57,,,13.24
2017-10-10 07:00:00,5.44,,10.91,35.42,44.39,24.27,119.63,8.75,7.32,73.41,6.66,7.73,12.76,38.05,22.6,,,7.48,14.68,30.87,10.32,2.95,5.0,46.18,27.43,13.54,26.2,8.34,44.73,23.01,,16.07,95.54,15.72,2.42,,7.57,12.5,,7.61,,16.66,,2.57,18.92,86.42,70.63,7.54,,,13.22
2017-10-11 07:00:00,5.62,,10.96,35.42,44.22,24.78,119.22,8.75,7.34,73.69,6.63,7.67,12.93,38.22,22.55,,,7.52,15.2,30.95,10.4,2.92,5.05,46.18,28.46,13.71,26.2,8.52,45.46,23.65,,16.16,94.88,15.75,2.45,,7.6,12.2,,7.78,,16.83,,2.56,19.18,85.04,70.78,7.69,,,13.23
2017-10-12 07:00:00,5.62,,11.07,35.61,44.39,25.37,121.69,8.66,7.28,74.25,6.63,7.67,13.08,38.62,22.71,,,7.5,14.84,30.95,10.44,2.78,5.06,45.04,28.33,14.2,26.24,8.51,45.31,23.15,,16.16,95.32,15.59,2.48,,7.57,11.65,,7.75,,16.64,,2.68,20.17,85.12,70.78,7.97,,,13.34
2017-10-13 07:00:00,5.6,,11.02,36.75,46.04,24.89,121.99,8.63,7.34,75.8,6.6,7.77,13.4,38.62,22.63,,,7.48,14.68,30.52,10.69,2.65,5.0,46.42,28.35,14.15,26.28,8.48,44.43,22.72,,15.88,97.11,15.15,2.45,,7.45,11.35,,7.64,,16.49,,2.67,20.02,87.71,70.54,8.04,,,13.28
2017-10-16 07:00:00,5.69,,11.02,37.22,45.71,24.96,122.58,8.7,7.25,74.46,6.57,7.64,13.35,39.58,22.55,,,7.39,14.6,30.09,10.73,2.56,5.11,46.42,28.92,14.15,26.33,8.47,44.43,22.84,,15.97,99.3,15.34,2.45,,7.46,11.5,,7.47,,16.68,,2.68,20.57,87.79,71.44,8.1,,,13.35
2017-10-17 07:00:00,5.74,,11.13,36.37,46.13,25.95,124.94,8.75,7.17,77.97,6.54,7.54,13.48,39.18,22.09,,,7.18,14.53,29.86,10.69,2.69,5.0,46.26,29.39,14.2,26.8,8.39,44.43,22.8,,16.16,99.3,15.08,2.45,,7.48,11.6,,7.54,,16.51,,2.71,20.13,89.82,70.82,8.2,,,13.42
2017-10-18 07:00:00,5.86,,11.73,36.04,46.46,25.81,125.52,8.98,7.28,79.38,6.45,7.67,13.45,39.18,22.71,,,7.39,14.37,29.63,10.44,2.86,5.1,45.45,29.41,13.98,26.92,8.42,45.46,22.94,,16.34,101.16,14.99,2.51,,7.66,11.55,,7.66,,17.3,,2.7,20.32,90.63,71.01,8.46,,,13.47
2017-10-19 07:00:00,5.77,,11.56,36.37,46.54,25.29,125.52,8.93,7.38,79.03,6.42,7.67,13.22,39.18,22.4,,,7.2,14.16,30.02,10.36,2.86,5.0,46.18,29.62,13.91,26.8,8.5,46.05,23.22,,16.2,103.98,14.89,2.48,,7.63,11.4,,7.61,,17.21,,2.73,20.17,90.14,71.01,8.3,,,13.45
2017-10-20 07:00:00,5.69,,11.51,37.36,46.54,24.93,125.52,8.91,7.28,80.36,6.45,7.57,13.16,39.46,22.17,,,7.16,14.27,30.05,10.57,2.82,4.89,45.37,30.72,13.81,26.84,8.63,46.41,23.05,,16.16,100.62,14.38,2.48,,7.51,11.55,,7.66,,17.15,,2.7,20.2,90.46,70.82,8.28,,,13.48
2017-10-23 07:00:00,5.56,,11.56,37.12,45.63,24.74,126.7,8.91,7.19,80.08,6.42,7.47,13.16,39.91,21.63,,,7.03,14.06,29.55,10.53,2.8,4.85,44.56,29.27,13.61,26.54,8.55,46.05,22.53,,15.93,100.76,13.68,2.45,,7.42,11.45,,7.54,,17.27,,2.67,20.35,90.14,70.78,8.32,,,13.4
2017-10-24 07:00:00,4.86,,11.4,36.32,44.8,24.71,122.05,8.61,7.06,77.27,6.39,7.6,12.9,38.22,21.27,,,7.1,13.85,29.55,10.53,2.71,4.78,45.37,28.79,13.95,26.28,8.5,45.53,22.3,,15.58,102.22,13.75,2.42,,7.26,11.4,,7.33,,16.85,,2.67,20.39,87.87,70.54,8.25,,,13.34
2017-10-25 07:00:00,5.47,,11.29,36.84,44.55,25.29,124.35,8.68,7.02,75.16,6.35,7.47,12.95,39.24,21.63,,,7.09,13.59,29.86,10.53,2.84,4.87,44.8,29.62,14.39,26.24,8.64,45.61,22.34,,15.51,102.41,13.36,2.42,,7.24,11.3,,7.4,,16.92,,2.72,20.39,88.68,71.01,8.2,,,13.52
2017-10-26 07:00:00,5.6,,11.4,36.13,45.46,24.89,123.76,8.77,6.95,73.83,6.32,7.47,13.03,39.29,21.32,,,7.08,13.18,29.16,10.5,2.95,4.9,45.94,30.65,14.42,25.94,8.6,45.68,22.36,,15.6,102.41,14.89,2.45,,7.17,11.35,,7.4,,17.23,,2.84,20.32,88.85,71.78,8.26,,,13.63
2017-10-27 07:00:00,5.53,,11.29,35.9,45.21,24.19,123.76,8.59,6.95,74.46,6.22,7.25,12.93,38.67,21.12,,,7.02,13.28,28.62,10.69,2.97,4.87,46.26,29.98,14.49,25.9,8.58,45.46,22.3,,15.37,102.95,14.32,2.39,,7.05,11.3,,7.43,,17.17,,2.79,20.5,88.85,72.44,8.18,,,13.6
2017-10-30 07:00:00,5.63,,11.59,35.52,44.55,23.9,127.29,8.82,7.06,74.32,6.25,7.31,13.14,39.58,21.37,,,7.16,12.61,29.0,10.65,2.97,5.0,47.39,30.51,14.74,26.03,8.59,46.19,22.53,,16.44,102.22,13.75,2.42,,7.14,11.4,,7.45,,17.89,,2.71,21.09,92.33,72.73,8.23,,,13.86
2017-10-31 07:00:00,5.6,,11.89,35.23,42.89,23.46,132.6,8.66,7.0,73.76,6.22,7.34,13.08,41.1,20.96,,,6.97,11.78,28.77,10.71,2.91,4.89,48.61,29.85,14.3,26.03,8.54,45.46,22.53,,15.88,104.78,13.3,2.39,,6.99,11.25,,7.19,,17.72,,2.71,21.42,92.33,72.35,8.28,,,13.83
2017-11-01 07:00:00,5.37,,11.92,34.95,41.23,23.31,129.59,8.59,6.95,70.18,6.22,7.41,13.22,40.99,20.71,,,6.97,11.98,28.81,10.73,2.88,4.9,48.45,29.71,14.61,25.94,8.48,45.09,22.38,,15.7,104.27,13.11,2.14,,6.93,11.15,,7.26,,17.59,,2.68,21.49,91.11,71.97,8.18,,,13.65
2017-11-02 07:00:00,5.39,,12.22,34.86,41.56,23.17,130.83,8.63,6.89,63.93,6.1,7.25,13.32,41.32,20.3,,,6.77,11.36,28.38,10.73,2.91,4.93,48.61,29.15,14.74,25.94,8.47,44.07,22.51,,15.51,104.74,13.3,2.42,,6.9,11.3,,7.17,,17.59,,2.75,21.53,91.36,73.87,8.1,,,13.77
2017-11-03 07:00:00,5.23,,11.89,35.66,40.73,23.24,133.19,8.47,7.0,63.22,6.09,7.15,13.08,40.93,19.68,,,6.63,10.89,29.0,10.71,2.88,4.87,48.69,27.66,14.64,26.37,8.47,41.65,21.61,,14.82,104.23,13.27,2.39,,6.9,11.35,,7.31,,17.38,,2.71,22.01,90.55,74.3,7.63,,,13.71
2017-11-06 07:00:00,5.26,,12.22,35.38,41.81,23.06,134.36,8.68,6.95,68.84,6.01,7.54,13.45,41.72,19.99,,,6.92,11.78,29.0,10.69,2.8,4.91,48.2,29.11,14.59,26.24,8.5,41.87,21.9,,15.26,105.87,13.05,2.36,,6.99,11.25,,7.38,,17.76,,2.74,22.19,91.84,73.97,8.1,,32.14,13.89
2017-11-07 07:00:00,5.4,,12.38,36.51,42.39,23.02,138.49,8.84,6.85,68.07,5.96,7.41,13.48,42.96,19.99,,,7.01,12.09,29.16,10.75,2.84,4.96,48.77,29.29,14.81,26.2,8.51,39.3,22.51,,15.49,104.41,12.41,2.36,,7.11,11.25,,7.45,,17.97,,2.76,22.34,91.68,75.3,8.02,,,13.97
2017-11-08 07:00:00,5.42,,12.46,36.51,42.56,22.84,138.9,8.88,6.91,68.0,5.9,7.31,13.4,42.23,20.09,,,6.99,11.93,28.62,10.73,2.8,5.05,48.53,29.11,14.71,26.11,8.74,40.99,22.46,,15.28,105.44,13.11,2.14,,7.05,11.2,,7.43,,17.95,,2.78,23.51,92.0,75.21,7.96,,,13.98
2017-11-09 07:00:00,5.51,,13.01,36.75,42.73,22.73,139.08,9.11,7.02,68.21,5.99,7.34,13.97,42.85,20.27,,,7.05,12.19,28.73,10.75,2.91,5.17,48.53,29.5,14.54,26.03,8.77,41.72,22.94,,15.37,102.77,12.98,2.39,,7.08,11.2,,7.64,,18.52,,2.76,24.8,93.7,76.35,8.12,,,14.13
2017-11-10 07:00:00,5.53,,12.71,38.54,42.73,22.51,135.54,9.07,7.02,68.35,6.01,7.25,13.74,43.3,19.89,,,7.05,11.83,28.62,11.12,2.97,5.07,48.69,29.73,14.74,25.77,8.79,42.53,22.86,,15.72,101.53,13.05,2.39,,7.13,11.1,,7.68,,18.18,,2.72,24.91,95.49,77.35,7.99,,34.36,14.1
2017-11-13 07:00:00,5.63,,12.9,40.05,43.14,22.73,136.13,9.44,6.98,67.37,6.03,7.34,13.66,43.3,20.3,,,7.06,11.93,28.26,11.02,3.0,5.1,48.53,29.71,14.98,25.94,8.82,42.16,23.15,,15.65,100.95,14.19,2.36,,7.14,11.5,,7.96,,18.4,,2.72,24.25,95.16,83.41,7.98,,36.73,14.15
2017-11-14 07:00:00,5.58,,13.06,42.89,44.39,22.84,139.61,9.37,6.93,66.38,6.07,7.31,14.24,45.04,19.99,,,6.97,11.78,28.23,11.04,3.07,5.01,47.72,29.73,15.03,25.94,8.75,40.33,25.03,,15.6,100.84,13.81,2.36,,7.42,11.2,,8.31,,18.4,,2.75,25.16,94.68,86.26,7.79,,39.27,14.23
2017-11-15 07:00:00,5.76,,13.31,41.6,43.97,23.17,140.85,9.53,6.93,68.0,5.96,7.15,14.16,44.54,20.76,,,7.11,12.4,28.62,11.04,2.98,5.0,46.66,31.0,15.2,25.9,9.02,40.84,25.03,,15.65,100.07,13.72,2.36,,7.36,11.2,,8.64,,18.52,,2.75,25.2,96.38,83.79,7.91,,36.73,14.33
2017-11-16 07:00:00,5.72,,13.12,42.8,43.56,23.72,137.9,9.48,6.85,70.25,6.01,7.25,14.99,44.65,21.68,,,7.33,12.61,29.47,11.04,3.1,4.96,45.45,30.77,15.32,25.9,9.09,41.72,24.9,,16.02,97.84,13.65,2.42,,7.39,11.4,,8.43,,18.5,,2.75,24.98,95.57,86.26,7.92,,35.27,14.57
2017-11-17 07:00:00,5.83,,13.2,42.75,43.31,23.83,137.9,9.66,6.85,72.92,6.2,7.6,14.97,45.04,21.53,,,7.32,12.5,29.94,11.19,3.29,5.09,46.91,31.11,15.13,25.99,9.25,41.79,25.13,,16.44,102.59,13.81,2.39,,7.57,12.0,,8.83,,18.95,,2.77,25.79,97.59,87.31,8.02,,34.87,15.0
2017-11-20 07:00:00,5.81,,12.98,41.79,43.97,23.83,136.13,9.48,6.85,70.25,6.16,7.54,14.68,45.22,21.12,,,7.24,12.3,29.24,11.89,3.24,5.13,46.99,30.88,15.13,25.94,9.2,41.28,24.4,,16.14,100.76,13.68,2.45,,7.48,11.7,,8.55,,18.78,,2.79,26.38,97.75,86.74,7.98,,36.14,14.68
2017-11-21 07:00:00,5.76,,13.09,44.47,43.64,24.19,135.54,9.62,6.5,71.37,6.12,7.6,15.23,45.9,21.43,,,7.11,12.04,28.93,12.42,3.22,5.16,47.88,31.46,14.69,25.52,9.41,42.38,24.82,,16.11,102.44,13.62,2.45,,7.56,11.8,,8.59,,19.16,,2.86,28.66,97.92,89.12,7.86,,39.55,14.89
2017-11-22 07:00:00,5.74,,13.12,43.13,45.96,24.08,135.54,9.76,6.89,72.07,6.07,7.73,14.92,46.76,21.02,,,7.18,12.09,28.89,12.05,3.14,5.2,50.96,31.46,14.49,25.47,9.3,44.36,24.72,,16.44,106.97,13.65,2.45,,7.72,11.9,,8.66,,19.75,,2.95,28.29,100.51,89.98,7.86,,40.82,15.08
2017-11-23 07:00:00,5.95,,14.18,43.99,48.12,23.9,137.25,10.58,6.91,73.62,6.13,8.19,15.18,47.78,20.91,,,7.32,12.37,29.55,12.05,3.32,5.37,52.66,31.81,14.95,25.82,9.29,45.39,25.45,,16.9,112.59,13.49,2.48,,7.86,12.45,,8.71,,20.59,,3.16,27.92,102.05,88.12,8.1,,40.89,15.32
2017-11-24 07:00:00,6.0,,13.8,43.99,47.29,23.75,138.49,10.67,6.91,73.41,6.16,8.16,15.05,46.19,21.32,,,7.24,11.93,29.55,11.97,3.29,5.35,51.69,31.41,15.27,25.64,9.2,44.36,25.45,,17.13,113.18,12.95,2.45,,7.82,12.25,,8.9,,20.09,,3.16,28.1,105.29,86.5,8.11,,40.82,15.3
2017-11-27 07:00:00,5.98,,13.8,43.61,48.12,23.97,138.2,10.67,6.93,74.11,6.12,8.09,15.18,45.9,22.04,,,7.43,12.19,30.09,12.38,3.34,5.37,51.85,31.53,15.37,25.56,9.76,43.85,25.86,,18.06,113.21,13.02,2.54,,7.88,12.3,,9.01,,20.09,,3.11,27.18,104.56,87.69,8.06,,40.26,15.31
2017-11-28 07:00:00,5.97,,13.75,44.23,48.45,24.56,136.43,10.72,6.95,75.09,6.19,8.16,15.18,46.3,21.68,,,7.49,12.5,30.13,12.18,3.49,5.27,55.09,30.61,15.27,25.9,9.77,44.73,25.45,,17.87,109.89,12.92,2.66,,8.03,12.6,,8.83,,20.36,,2.95,28.47,104.64,87.22,8.02,,41.13,15.32
2017-11-29 07:00:00,5.97,,13.58,45.19,48.12,24.12,133.78,10.58,6.95,73.76,6.13,8.03,15.18,45.9,21.81,,,7.45,12.35,29.82,12.38,3.47,5.28,56.71,30.65,15.17,26.41,9.73,44.07,25.36,,18.08,121.94,12.86,2.66,,8.28,12.9,,8.69,,20.3,,2.93,28.29,108.44,87.69,8.02,,39.23,15.34
2017-11-30 07:00:00,6.11,,14.18,46.91,51.35,24.12,137.19,11.18,7.06,74.32,6.28,8.06,15.68,45.39,22.09,,,7.5,12.19,29.55,12.22,3.39,5.43,56.95,31.21,15.76,26.71,9.63,45.46,25.82,,18.84,124.79,13.3,2.87,,8.22,13.35,,8.71,,20.64,,2.93,27.99,109.34,88.17,8.14,,38.83,15.67
2017-12-01 07:00:00,6.14,,13.96,45.43,49.45,24.45,133.95,11.13,7.12,76.92,6.28,8.12,15.23,46.19,22.04,,,7.81,12.4,29.63,12.18,3.39,5.54,54.28,31.02,15.83,26.41,9.57,45.46,25.99,,18.7,120.11,12.73,2.84,,8.26,13.05,,8.85,,20.55,,2.86,27.37,109.58,89.12,8.38,,38.99,15.6
2017-12-04 07:00:00,6.18,,14.02,46.1,50.61,25.59,134.36,11.13,7.3,76.5,6.31,8.09,15.31,47.27,22.09,,,7.86,12.66,29.7,12.09,3.29,5.58,56.71,31.23,16.05,26.46,9.59,47.81,26.49,,18.8,120.48,12.98,2.87,,8.52,13.1,,8.78,,20.51,,2.86,27.59,109.5,93.41,8.3,,39.55,15.73
2017-12-05 07:00:00,6.42,,14.02,46.48,50.19,25.66,134.95,11.11,7.4,77.13,6.34,7.99,15.36,46.3,22.55,,,7.95,13.51,31.73,12.01,3.34,5.59,55.9,31.39,16.83,26.37,9.24,48.47,26.49,,18.98,121.94,13.17,2.93,,8.89,13.7,,8.78,,20.89,,2.92,28.29,109.74,96.75,8.4,,39.63,15.99
2017-12-06 07:00:00,6.12,,13.47,43.99,48.12,24.78,132.6,10.76,7.23,74.46,6.32,8.09,14.92,47.33,21.94,,,7.94,13.02,31.34,12.05,3.29,5.41,55.9,30.58,16.2,26.24,9.21,48.39,26.07,,18.06,120.48,13.91,2.75,,8.61,13.0,,8.83,,20.3,,2.89,27.04,105.69,92.94,8.28,,38.36,15.64
2017-12-07 07:00:00,6.12,,13.64,44.81,50.61,24.71,130.24,10.76,7.3,75.52,6.23,8.19,14.86,47.39,21.94,,,8.01,13.54,31.26,11.91,3.29,5.41,55.58,30.19,16.59,26.2,9.21,48.39,26.28,,18.1,120.48,14.16,2.84,,8.52,13.3,,9.04,,20.3,,2.91,26.63,105.29,93.37,8.16,,37.8,15.28
2017-12-08 07:00:00,6.35,,13.66,43.9,50.28,25.15,127.47,10.62,7.38,75.8,6.16,8.45,14.65,48.75,21.84,,,7.94,13.18,31.26,11.93,3.29,5.37,56.63,29.66,16.49,26.37,9.16,47.44,25.57,,17.64,115.37,13.81,2.87,,8.34,12.95,,9.62,,20.13,,2.96,26.23,103.59,88.65,7.98,,36.3,15.4
2017-12-11 07:00:00,6.3,,13.04,41.6,50.61,24.93,126.17,10.35,7.17,74.46,6.22,8.32,14.31,48.18,21.78,,,7.69,12.71,30.95,11.85,3.37,5.33,58.33,29.27,16.25,26.63,9.2,47.29,25.76,,17.5,113.54,13.49,2.75,,8.25,12.85,,10.02,,19.66,,2.92,26.45,104.48,90.08,7.86,,35.66,15.4
2017-12-12 07:00:00,6.19,,13.09,42.13,48.53,24.89,127.29,9.8,7.17,74.6,6.19,7.96,14.16,47.9,21.17,,,7.68,12.3,30.64,11.64,3.44,5.24,59.14,29.34,16.03,26.24,9.01,47.15,25.86,,17.82,114.45,13.17,2.72,,7.97,12.4,,10.6,,19.03,,2.89,26.82,107.8,92.22,7.81,,35.82,15.31
2017-12-13 07:00:00,6.07,,13.15,42.08,47.37,25.07,131.89,9.89,7.1,76.57,6.16,8.06,14.21,49.89,20.66,,,7.64,12.35,30.64,11.5,3.42,5.22,58.25,29.15,16.08,26.67,9.02,47.66,25.8,,17.78,116.72,13.43,2.63,,8.11,12.5,,11.25,,19.03,,2.89,26.34,108.69,92.7,7.79,,36.46,15.3
2017-12-14 07:00:00,5.93,,12.98,42.56,47.7,24.85,128.59,9.55,7.0,80.08,6.22,7.99,14.26,49.38,20.35,,,7.64,12.32,30.56,11.5,3.34,5.06,57.6,28.58,15.61,26.58,9.01,45.68,25.36,,18.24,115.73,13.27,2.6,,8.02,11.9,,11.81,,18.61,,2.96,26.41,108.44,93.18,7.65,,36.22,15.13
2017-12-15 07:00:00,6.0,,13.2,43.28,47.29,24.96,130.3,9.94,7.06,79.03,6.29,8.03,14.65,48.93,20.86,,,7.76,12.35,30.29,11.66,3.39,5.2,58.33,29.96,15.69,26.28,9.03,47.51,26.3,,18.8,112.81,13.3,2.66,,8.25,12.5,,11.58,,19.16,,3.0,25.97,107.31,95.8,7.73,,35.74,15.36
2017-12-18 07:00:00,6.05,,13.26,43.42,48.12,25.51,133.19,10.14,7.08,79.38,6.39,8.16,14.92,50.18,20.86,,,8.0,12.81,30.56,11.76,3.37,5.26,58.33,30.42,15.59,26.46,9.06,47.66,27.53,,19.21,112.88,13.65,2.66,,8.46,12.95,,11.39,,19.88,,3.08,26.23,112.9,95.8,7.75,,36.93,15.41
2017-12-19 07:00:00,6.21,,13.28,42.7,48.95,26.25,133.48,10.4,7.06,81.35,6.48,8.16,14.73,52.23,21.17,,,8.21,12.87,29.94,11.35,3.42,5.33,61.17,30.42,16.39,26.41,9.22,48.03,27.49,,18.94,112.88,13.56,2.78,,8.48,12.9,,11.07,,20.26,,2.92,27.41,114.19,97.7,7.95,,36.97,15.78
2017-12-20 07:00:00,6.11,,13.15,40.79,49.86,25.88,131.95,10.08,7.0,81.84,6.54,7.86,14.44,51.55,20.86,,,8.19,12.76,29.78,11.52,3.45,5.32,61.17,30.88,16.49,26.24,9.2,49.42,27.58,,19.68,97.84,13.56,2.75,,8.58,12.55,,10.37,,20.19,,2.93,26.93,115.81,95.8,7.9,,36.46,15.74
2017-12-21 07:00:00,6.18,,13.36,40.26,49.61,25.66,128.47,10.35,7.06,80.08,6.56,8.06,14.86,52.75,20.61,,,8.28,12.61,29.55,11.43,3.47,5.41,61.81,29.96,16.1,26.28,9.2,51.32,27.7,,19.68,92.0,13.14,2.78,,8.58,12.55,,10.79,,20.72,,2.92,27.15,114.19,95.8,8.14,,36.46,15.63
2017-12-22 07:00:00,6.09,,13.04,40.41,50.44,26.03,128.47,9.96,7.12,79.73,6.56,8.03,14.76,52.8,20.5,,,8.41,12.66,29.86,11.43,3.45,5.4,60.27,29.75,16.27,26.03,9.28,51.1,27.7,,19.21,93.83,13.05,2.72,,8.43,12.3,,10.51,,20.38,,2.95,27.08,113.22,96.75,8.12,,38.2,15.7
2017-12-25 07:00:00,6.07,,13.2,39.78,51.27,25.81,128.47,10.24,7.06,80.08,6.38,8.06,14.99,53.09,20.25,,,8.41,12.4,29.94,11.64,3.45,5.48,59.22,30.35,15.76,26.24,9.3,50.81,27.6,,18.89,93.06,13.11,2.72,,8.46,12.65,,10.51,,21.69,,2.94,27.88,112.74,96.32,8.14,,37.88,15.69
2017-12-26 07:00:00,6.05,,12.98,39.21,54.34,25.29,128.47,10.26,7.17,81.0,6.25,7.93,15.18,54.4,20.25,,,8.24,12.4,29.82,11.87,3.45,5.35,60.68,30.19,15.61,26.28,9.44,52.72,27.54,,18.64,96.38,13.02,2.72,,8.58,12.45,,9.6,,21.78,,2.93,28.76,114.36,95.32,8.06,,37.41,15.73
2017-12-27 07:00:00,6.09,,13.23,38.3,54.76,25.55,130.77,10.67,7.08,80.43,6.25,7.93,15.05,57.02,20.55,,,8.32,12.45,30.17,11.68,3.45,5.41,60.68,30.42,15.91,26.37,9.49,54.26,27.7,,19.45,93.46,13.02,2.75,,8.6,12.65,,9.92,,21.74,,2.97,28.66,115.81,97.56,8.06,,37.88,15.81
2017-12-28 07:00:00,6.42,,13.31,37.78,55.09,25.44,129.65,10.76,7.06,79.31,6.32,7.93,14.84,56.34,20.37,,,8.6,12.61,30.09,11.64,3.42,5.45,60.76,29.96,15.71,26.67,9.55,53.52,27.89,,18.98,92.73,13.14,2.81,,8.57,12.9,,10.11,,22.2,,2.95,28.47,115.41,98.18,8.1,,37.8,15.85
2017-12-29 07:00:00,6.49,,13.66,40.65,56.25,25.55,131.42,11.18,7.04,82.8,6.47,8.16,14.97,56.51,20.45,,,8.71,12.45,30.48,11.27,3.53,5.57,60.6,30.17,15.81,27.14,9.6,54.18,28.52,,19.08,92.66,13.05,2.81,,8.91,13.0,,9.6,,22.84,,2.98,28.51,117.43,97.46,8.22,,37.09,16.05
2018-01-02 07:00:00,6.49,,13.91,40.93,54.01,26.1,133.48,11.08,7.17,80.66,6.56,8.32,14.99,55.31,20.61,,,8.9,12.87,31.03,11.31,3.53,5.52,62.38,30.19,16.54,27.78,9.6,55.14,29.15,,19.45,92.73,13.24,2.63,,8.86,12.85,,9.95,,22.84,,2.95,28.51,118.81,101.06,8.27,,37.33,16.1
2018-01-03 07:00:00,6.81,,14.73,42.08,56.91,27.12,134.66,11.5,7.06,81.38,6.59,8.25,15.83,54.74,21.27,,,9.1,12.87,33.05,11.35,3.61,5.76,64.81,30.47,16.69,27.95,9.73,55.06,28.04,,20.19,92.11,13.05,2.99,,8.98,13.5,,9.99,,23.47,,3.0,29.21,119.54,102.25,8.84,,37.65,16.45
2018-01-04 07:00:00,6.79,,14.62,41.08,55.59,27.12,134.01,11.36,7.0,81.02,6.83,8.45,15.7,55.88,21.89,,,9.06,13.23,33.59,11.64,3.72,5.72,66.35,30.91,16.44,28.55,9.81,55.28,27.91,,20.09,97.84,13.24,2.99,,9.29,13.35,,10.06,,23.13,,3.0,29.94,119.86,102.06,8.74,,37.92,17.0
2018-01-05 07:00:00,6.84,,15.0,40.98,56.25,27.56,135.54,11.68,7.06,80.74,6.8,8.38,15.96,58.5,21.68,,7.45,9.12,13.36,34.45,12.18,3.8,5.71,66.84,31.11,17.08,28.76,9.81,57.41,28.12,,20.0,97.84,13.72,2.99,,9.26,13.7,,10.13,,23.3,,2.99,29.76,120.67,102.49,9.04,,37.41,16.75
2018-01-08 07:00:00,6.81,,15.11,39.21,54.92,27.49,134.07,11.5,7.06,77.11,6.68,8.51,15.6,57.02,21.94,,7.64,9.04,12.92,34.21,11.97,3.72,5.65,68.78,30.54,16.49,29.02,10.02,57.63,28.12,,19.68,96.02,14.0,2.9,,8.86,13.7,,10.09,,22.84,,3.16,29.39,120.59,102.01,8.94,,37.25,16.68
2018-01-09 07:00:00,7.05,,15.19,39.69,56.08,27.86,133.19,11.82,7.42,76.12,6.58,9.29,15.96,58.16,22.81,,7.58,9.44,13.1,34.21,11.68,4.05,5.97,71.94,30.26,16.39,29.57,9.98,61.59,28.4,,20.0,96.38,14.76,3.02,,9.2,15.05,,10.11,,23.68,,3.32,29.72,120.35,100.62,9.47,,36.85,17.0
2018-01-10 07:00:00,7.11,,14.95,40.12,58.9,28.0,132.6,11.72,7.32,78.18,6.68,9.29,16.22,59.3,22.86,,7.49,10.14,14.32,34.45,12.01,4.34,5.95,72.91,30.31,16.74,30.59,9.95,60.93,28.12,,20.14,95.29,14.64,3.17,,9.24,14.7,,10.37,,24.65,,3.32,29.76,119.46,98.28,9.68,,37.25,17.16
2018-01-11 07:00:00,6.98,,15.0,39.98,58.16,28.59,130.95,11.54,7.32,78.18,6.8,9.68,15.99,59.02,23.07,,7.72,9.76,14.27,34.6,11.89,4.23,6.01,69.43,30.31,16.88,31.36,10.35,61.96,28.75,,20.14,95.29,15.15,3.24,,9.3,15.4,,10.69,,24.32,,3.28,29.68,119.14,101.53,9.54,,39.39,17.05
2018-01-12 07:00:00,7.02,,14.86,39.59,57.41,27.86,130.24,11.72,7.36,76.97,6.64,9.52,15.75,57.31,23.32,,8.68,9.87,14.22,33.83,11.97,4.78,5.95,75.34,30.01,17.66,32.3,10.41,63.57,28.65,,19.68,95.18,14.8,3.5,,9.6,15.5,,10.53,,24.53,,3.45,31.37,125.94,100.53,9.49,,43.59,17.45
2018-01-15 07:00:00,6.86,,14.76,39.64,57.58,28.15,130.53,11.68,7.36,76.76,6.65,9.49,15.73,57.31,23.32,,8.69,9.84,14.16,33.59,11.97,4.84,6.02,75.59,30.01,17.81,32.43,10.39,63.57,28.65,,19.49,96.28,14.76,3.3,,9.63,15.35,,10.27,,24.53,,3.62,31.74,125.94,100.1,9.51,,43.59,17.45
2018-01-16 07:00:00,6.84,,14.92,39.69,60.56,28.08,129.65,11.95,7.36,77.4,7.05,9.52,15.96,59.02,23.3,,8.59,10.61,14.22,33.9,11.76,4.69,6.18,74.86,30.17,17.66,33.24,10.16,66.72,29.57,,19.7,95.55,14.7,3.5,,9.76,14.95,,10.11,,25.37,,3.75,31.59,130.8,99.76,9.57,,42.72,17.6
2018-01-17 07:00:00,6.81,,14.73,40.17,58.07,26.68,126.11,11.54,7.37,75.33,6.93,9.1,15.44,56.97,22.3,,8.16,10.16,13.23,33.9,11.8,4.63,6.05,73.08,29.5,17.37,33.24,10.16,63.2,28.96,,18.98,95.18,13.97,3.43,,9.35,14.3,,9.57,,23.77,,3.86,30.86,129.58,96.31,9.47,,43.59,17.25
2018-01-18 07:00:00,6.72,,14.51,39.59,58.24,26.68,126.11,11.45,7.0,72.63,6.93,9.1,15.26,56.45,21.94,,8.14,10.12,12.79,33.9,11.72,4.57,6.0,72.91,29.39,17.37,33.54,10.16,62.32,28.56,,18.77,95.1,13.72,3.43,,9.23,14.15,,9.29,,23.68,,3.97,30.49,127.23,95.79,9.43,,43.27,16.7
2018-01-19 07:00:00,6.95,,14.84,39.93,60.15,27.2,123.76,11.68,6.93,73.34,7.02,9.68,15.44,56.97,22.55,,8.5,10.61,13.33,34.6,12.22,4.66,6.24,74.53,29.85,17.47,33.67,10.03,64.16,30.83,,19.21,95.1,14.89,3.59,,9.72,15.1,,9.48,,24.78,,3.99,31.23,132.98,98.85,9.67,,46.52,17.41
2018-01-22 07:00:00,6.93,,14.67,40.65,62.55,27.78,124.35,11.72,6.98,72.42,6.99,9.88,15.57,56.45,22.71,,8.56,11.28,13.33,33.83,13.17,4.75,6.2,72.1,29.41,17.47,34.52,10.04,67.38,30.2,,18.98,94.07,14.76,3.69,,10.12,15.3,,10.25,,26.22,,3.99,31.04,143.43,99.14,9.71,,47.63,17.55
2018-01-23 07:00:00,7.11,,,,,,,,6.98,,,,,,,,,,,,,4.78,,,,,,,,,,,,,3.72,,,,,,,,,3.86,,,,,,,
2018-01-24 07:00:00,7.32,,,,,,,,7.05,,,,,,,,,,,,,5.21,,,,,,,,,,,,,3.88,,,,,,,,,3.85,,,,,,,
2018-01-25 07:00:00,7.23,,15.87,42.99,65.79,27.34,121.4,11.95,7.0,71.85,7.05,10.11,16.09,64.15,22.71,,8.69,12.3,13.46,33.83,13.83,5.43,6.29,75.34,29.73,16.86,35.93,10.04,69.07,30.43,,19.63,96.65,14.45,3.95,,10.42,15.2,,10.34,,27.7,,3.83,31.23,161.85,100.1,10.07,,46.76,18.5
2018-01-26 07:00:00,7.37,,17.73,42.51,65.96,27.56,117.27,12.55,7.0,71.78,7.54,10.04,16.22,67.74,22.63,,9.13,11.75,13.13,34.21,15.04,5.39,6.62,78.83,29.85,15.76,36.01,10.27,68.85,30.6,,19.49,95.18,14.48,3.98,,10.94,15.6,,10.11,,29.35,,3.86,31.59,173.13,99.19,10.57,,45.17,18.3
2018-01-29 07:00:00,7.37,,18.0,41.6,68.86,28.15,111.97,12.55,7.02,73.13,7.81,10.2,15.94,67.8,22.3,,9.0,12.22,13.23,34.21,14.2,5.39,7.04,78.99,29.32,16.39,35.89,10.43,68.19,30.12,,19.35,93.0,14.0,4.01,,10.82,15.8,,10.41,,29.6,,3.95,31.59,153.33,101.44,10.59,,45.1,18.25
2018-01-30 07:00:00,7.35,,17.92,40.69,66.37,28.59,113.38,12.6,6.96,72.35,7.7,10.3,15.65,65.01,21.43,,8.99,11.47,13.59,34.45,13.91,5.49,7.08,76.56,28.81,15.86,34.31,10.41,65.99,29.38,,19.45,90.01,13.11,4.24,,10.91,16.6,,10.32,,28.12,,3.97,31.41,153.74,97.7,10.39,,43.59,17.9
2018-01-31 07:00:00,7.3,,20.29,41.12,71.1,28.44,120.81,13.12,6.93,70.64,7.84,10.66,16.96,65.58,22.55,,8.96,11.62,13.44,34.6,14.49,5.49,7.06,73.56,29.02,16.1,33.92,10.49,64.52,31.27,,19.21,90.75,13.17,4.4,,11.19,17.2,,10.41,,28.33,,3.92,31.41,158.2,96.94,10.67,,44.3,18.0
2018-02-01 07:00:00,7.32,,18.82,40.88,68.44,27.42,115.51,12.69,6.96,70.64,7.26,10.07,16.46,71.05,22.55,,8.9,11.81,13.64,34.68,14.18,5.59,7.04,76.15,28.81,16.1,34.09,10.61,65.11,31.08,,19.75,91.12,13.11,4.21,,10.73,16.35,,10.04,,28.08,,3.94,32.15,154.14,97.7,10.78,,43.99,18.0
2018-02-02 07:00:00,7.19,,18.17,40.88,66.2,27.2,114.33,12.64,7.05,69.29,7.31,10.04,16.12,69.68,22.04,,8.79,11.56,13.41,34.21,14.4,5.26,6.77,74.53,29.85,16.35,34.14,10.39,63.79,31.27,,19.77,90.38,12.82,4.01,,10.67,15.8,,9.71,,28.54,,3.9,31.78,154.95,96.51,10.53,,43.51,17.75
2018-02-05 07:00:00,7.3,,18.11,41.17,65.54,27.64,109.61,12.6,6.96,67.52,7.57,9.91,15.73,67.34,21.58,,8.64,11.35,13.15,33.83,13.74,5.26,6.69,69.27,29.04,16.32,34.56,10.35,64.08,31.04,,19.68,90.38,13.05,4.05,,10.42,15.85,,9.95,,27.91,,3.88,31.37,153.33,96.98,10.8,,42.8,17.5
2018-02-06 07:00:00,6.77,,15.93,35.77,57.66,25.66,103.72,11.11,6.39,59.49,6.71,8.84,13.92,59.76,20.25,,7.64,10.06,11.65,31.18,13.21,4.67,5.96,63.84,27.66,16.25,34.52,9.18,55.72,28.52,,17.22,88.13,11.46,3.82,,9.32,14.1,,8.92,,24.7,,3.82,27.74,139.62,91.96,9.65,,37.84,16.0
2018-02-07 07:00:00,6.86,,17.02,39.59,60.56,26.03,106.96,11.68,6.78,65.38,7.17,9.49,14.92,61.53,20.76,,8.1,11.47,12.5,33.75,12.92,4.6,6.49,69.67,28.09,16.35,34.9,9.26,58.73,30.43,,18.06,85.88,11.84,3.82,,10.18,15.9,,8.92,,27.49,,3.88,30.12,141.16,97.61,10.47,,39.94,17.0
2018-02-08 07:00:00,7.14,,17.02,39.64,57.66,25.26,106.08,11.59,6.89,66.81,7.15,9.62,14.65,59.87,20.5,,8.38,11.28,12.56,30.83,13.21,4.9,6.4,67.97,28.0,16.05,34.22,9.4,57.56,30.64,,17.59,85.88,10.82,4.05,,9.87,15.35,,9.25,,26.47,,3.88,29.39,149.52,95.79,10.49,,39.63,16.9
2018-02-09 07:00:00,6.41,,16.37,37.78,57.66,24.19,101.36,10.58,6.84,67.52,6.41,8.9,13.74,55.2,19.48,,8.37,10.76,11.6,30.79,12.51,4.47,6.02,65.62,26.5,15.17,33.92,9.26,53.52,29.38,,16.48,83.0,10.44,3.56,,9.17,14.4,,9.01,,24.74,,3.87,27.92,143.6,91.0,9.87,,36.3,16.0
2018-02-12 07:00:00,7.14,,18.0,39.21,59.73,25.51,108.44,11.68,6.89,69.86,6.74,9.78,14.73,54.29,19.99,,8.54,11.05,11.93,32.5,12.96,5.0,6.62,68.05,26.5,15.13,34.01,9.34,53.6,31.69,,17.32,84.85,10.98,4.01,,10.02,15.4,,9.62,,26.22,,3.92,29.02,150.9,90.52,10.74,,37.96,16.65
2018-02-13 07:00:00,7.46,,19.86,43.47,62.14,25.66,112.5,12.37,6.84,70.15,6.76,9.75,15.23,60.04,20.5,,8.97,11.18,12.17,32.66,12.96,5.24,6.88,68.86,26.27,15.56,33.5,9.87,57.92,33.54,,18.1,86.32,11.33,4.3,,10.36,16.0,,10.23,,27.19,,3.96,31.23,159.82,91.96,11.46,,37.96,17.1
2018-02-21 07:00:00,7.67,26.12,19.64,44.38,62.22,25.95,112.56,12.82,7.25,73.98,6.71,10.33,15.73,62.72,21.35,,8.96,11.66,12.45,32.66,13.04,5.31,7.0,69.35,27.89,15.71,34.18,9.95,58.8,33.58,,18.66,87.8,11.58,4.24,,10.58,16.05,,10.37,,27.49,,4.18,32.29,161.61,94.78,11.58,,39.63,17.33
2018-02-22 07:00:00,7.86,22.94,20.18,43.42,66.54,27.12,109.02,12.6,7.18,75.33,7.02,10.37,15.52,62.72,21.43,,8.83,11.28,12.43,32.35,13.08,5.34,6.84,71.29,28.12,15.15,34.14,9.9,57.92,34.63,,18.29,88.54,11.42,4.27,,10.61,16.1,,10.18,,27.74,,4.13,33.06,161.44,97.32,11.68,,38.83,17.67
2018-02-23 07:00:00,7.76,22.24,20.18,42.7,67.2,26.9,106.08,13.46,7.16,74.06,7.32,10.27,15.31,62.15,21.27,,8.6,11.18,12.94,32.39,13.17,5.28,6.97,72.1,27.54,16.25,34.26,9.81,57.48,34.63,,18.33,89.64,11.77,4.14,,10.64,16.3,,10.48,,28.33,,3.98,33.43,158.2,97.22,11.56,,39.63,17.45
2018-02-26 07:00:00,7.86,19.42,20.67,45.19,71.35,26.98,106.67,14.29,7.25,73.77,7.29,10.27,15.96,63.58,23.07,,8.51,11.92,13.44,32.27,13.58,5.34,7.37,73.72,27.66,17.03,34.95,9.84,62.32,36.1,,18.52,88.54,11.8,4.3,,11.04,16.75,,10.51,,31.42,,4.04,33.8,158.36,96.75,11.88,,42.8,18.1
2018-02-27 07:00:00,7.97,21.89,20.78,43.99,72.18,26.9,107.67,14.11,7.09,74.55,7.2,10.07,15.88,66.15,22.35,,8.5,12.3,12.87,32.5,13.66,5.41,7.22,74.13,28.12,16.1,35.2,9.8,65.62,34.84,,18.52,90.38,11.52,4.21,,10.82,16.2,,9.39,,30.83,,4.04,35.45,158.36,96.75,11.76,,43.75,18.2
2018-02-28 07:00:00,8.16,18.0,20.67,43.99,69.61,26.25,107.26,14.43,6.98,74.55,7.26,10.07,15.49,64.15,21.84,,8.41,12.03,12.61,33.28,13.58,5.34,7.14,73.72,28.81,15.37,35.84,9.81,63.06,34.63,,18.59,89.28,11.36,4.18,,10.73,16.0,,9.57,,30.49,,4.05,33.91,162.34,95.31,11.86,,42.8,17.8
2018-03-01 07:00:00,8.25,19.5,21.06,44.85,69.44,25.62,106.08,15.11,7.05,74.62,7.09,10.01,15.54,64.44,21.68,,8.27,12.49,12.61,33.05,14.1,5.24,7.5,72.91,28.35,15.42,36.35,9.49,65.11,34.63,,18.35,85.96,11.26,4.24,,11.31,15.9,,9.29,,30.7,,4.35,34.68,161.44,93.87,11.88,,43.19,17.9
2018-03-02 07:00:00,8.07,19.42,20.18,43.04,66.37,25.29,103.13,14.61,7.05,74.62,6.77,9.94,15.83,65.01,21.84,,8.31,12.34,12.71,32.97,14.14,5.14,7.35,73.72,27.89,15.61,37.68,9.79,63.06,34.19,,17.85,84.59,11.52,4.08,,11.44,15.5,,9.41,,29.6,,4.24,33.8,161.85,93.87,11.78,,43.11,17.7
2018-03-05 07:00:00,8.16,19.06,20.87,43.51,69.61,25.29,103.13,15.2,7.32,74.55,6.9,9.78,16.04,67.86,23.07,,8.33,12.55,12.71,31.57,15.19,5.07,7.61,75.34,28.12,15.56,36.48,10.3,64.16,34.19,,17.97,84.11,11.49,4.14,,11.77,15.85,,9.9,,30.45,,4.5,34.9,163.88,95.69,12.59,,44.3,18.25
2018-03-06 07:00:00,7.72,20.23,19.64,42.13,69.69,25.07,107.26,14.34,7.62,71.43,6.77,9.68,16.36,65.58,22.3,,8.22,11.75,12.24,30.95,14.94,5.07,7.28,73.72,27.54,15.44,33.92,10.27,61.96,34.84,13.82,18.38,83.37,11.23,4.08,,11.11,15.2,,10.16,,29.18,,4.7,35.27,165.5,96.94,12.1,,41.93,18.0
2018-03-07 07:00:00,8.07,18.43,20.73,41.41,69.27,25.62,106.08,14.79,7.43,70.43,7.02,9.68,16.62,66.72,22.3,,8.25,11.66,12.66,30.64,14.69,5.14,7.52,73.4,26.73,15.08,33.58,10.5,63.13,36.24,14.37,18.3,81.34,11.36,4.11,,11.65,15.35,,10.04,,30.24,,4.8,36.19,170.21,96.31,12.77,,43.99,17.9
2018-03-08 07:00:00,8.04,18.88,20.46,41.6,65.46,25.29,104.9,14.29,7.41,68.58,6.96,9.23,16.22,64.49,22.04,,8.22,11.54,12.89,31.49,14.86,5.1,7.33,74.05,26.32,15.42,33.67,10.37,61.08,36.08,13.58,18.16,81.9,11.39,3.95,,11.68,15.1,,10.27,,29.43,,4.94,36.0,168.67,99.14,12.59,,43.59,18.0
2018-03-09 07:00:00,7.98,18.88,20.46,41.12,69.27,25.95,107.26,14.79,7.48,68.94,7.15,9.26,16.41,65.46,22.42,,8.04,11.75,12.79,31.03,14.78,5.14,7.43,76.96,26.73,14.78,34.09,10.67,62.62,36.73,13.5,18.21,81.9,11.33,3.95,,11.92,15.5,,10.23,,29.81,,5.13,37.91,169.96,100.1,13.29,,44.54,18.25
2018-03-12 07:00:00,8.25,17.98,21.11,39.69,69.61,25.29,105.49,15.2,8.07,68.16,6.96,9.42,16.22,66.15,20.84,,8.12,11.66,12.56,31.1,14.57,5.45,7.5,76.96,26.76,14.44,34.14,10.62,62.54,36.73,13.97,18.64,81.9,11.26,4.05,,12.05,15.55,,10.37,,30.45,,5.17,37.84,169.56,99.86,12.87,,45.57,18.0
2018-03-13 07:00:00,8.55,17.98,21.06,37.54,70.52,25.07,103.42,15.34,7.87,70.15,6.86,9.88,16.02,66.26,20.52,,8.12,11.73,12.19,31.49,14.53,5.59,7.46,77.13,26.97,14.3,33.71,11.02,60.78,36.18,13.66,19.27,81.53,10.91,4.11,,11.83,16.0,,10.11,,30.45,,5.03,36.74,170.29,98.66,12.65,,44.38,18.0
2018-03-14 07:00:00,8.86,17.17,21.71,36.34,68.86,24.3,101.3,16.49,7.84,69.65,6.88,9.65,15.73,65.58,19.89,,8.12,11.73,12.5,31.14,14.57,5.55,7.75,76.32,26.97,15.13,33.54,11.0,59.9,36.29,13.58,19.17,79.68,11.71,4.14,,12.22,16.2,,10.18,,30.7,,5.41,37.66,167.93,100.58,12.99,,44.3,18.1
2018-03-15 07:00:00,8.65,16.45,21.27,37.3,68.86,24.19,98.48,16.12,7.59,70.36,7.15,9.75,15.96,66.72,20.27,,8.41,11.66,12.35,31.22,14.78,5.52,7.68,76.96,26.5,14.78,33.54,10.89,59.39,35.89,13.5,19.65,77.84,12.28,4.21,,11.92,16.05,,10.16,,30.87,,5.62,37.8,167.53,102.01,12.87,,42.16,18.3
2018-03-16 07:00:00,8.74,18.79,23.07,36.72,69.69,24.78,97.24,16.95,7.8,73.13,7.06,9.81,15.86,69.0,19.89,,8.54,11.43,12.43,31.88,14.82,5.48,7.94,76.32,26.73,15.3,33.58,10.76,59.54,36.2,13.18,19.8,80.79,12.09,4.3,,12.11,16.4,,10.2,,31.51,,5.69,36.52,166.96,101.06,12.87,,42.0,18.4
2018-03-19 07:00:00,8.95,18.16,23.46,35.82,68.86,24.41,95.18,17.11,7.5,73.91,7.14,9.75,15.75,72.42,19.64,,8.56,11.56,12.32,31.69,14.82,5.55,7.94,74.53,26.85,15.2,33.71,10.58,62.32,38.2,13.58,19.36,84.85,11.71,4.47,,12.72,16.5,,10.16,,31.97,,5.72,36.81,166.72,102.73,13.07,,41.37,18.4
2018-03-20 07:00:00,9.17,17.98,22.47,35.39,72.18,23.83,95.23,16.42,7.39,73.56,6.96,9.49,15.75,72.13,19.13,,8.57,11.9,12.09,30.72,14.86,5.41,7.83,76.72,27.13,15.22,35.93,10.57,63.06,37.8,13.42,18.83,81.56,11.42,4.34,,12.38,15.9,,9.5,,31.0,,5.45,37.84,167.93,101.53,12.83,,42.0,18.55
2018-03-21 07:00:00,9.34,18.43,23.73,36.53,71.85,23.64,98.42,16.72,7.28,80.66,6.9,9.59,16.04,72.99,19.13,12.97,8.41,11.67,12.19,30.33,15.25,5.73,8.08,81.42,28.12,14.69,34.99,10.65,63.2,38.2,13.42,19.12,83.74,11.84,4.37,,12.68,16.1,,9.48,,31.51,,5.36,38.54,166.31,100.1,13.29,,41.85,18.99
2018-03-22 07:00:00,9.25,17.98,23.73,37.11,75.5,23.24,101.24,16.67,7.25,80.66,6.99,9.59,15.96,74.01,19.89,9.51,8.31,11.94,12.24,30.33,15.27,5.59,8.12,83.04,27.66,15.17,34.78,10.65,64.52,38.62,13.26,18.79,83.37,11.8,4.4,,12.66,16.3,,9.88,,31.29,,5.29,40.04,165.42,101.49,13.13,,40.82,19.0
2018-03-23 07:00:00,9.07,20.05,23.73,34.91,73.84,22.65,95.59,15.89,7.16,74.62,6.86,9.42,15.44,73.84,18.82,9.16,8.02,11.47,12.09,30.33,14.59,5.45,7.72,80.61,26.5,15.08,34.99,10.53,62.32,37.99,12.63,17.97,84.88,10.95,4.27,,11.99,15.5,,9.43,,28.97,,5.24,38.79,164.69,98.71,12.73,,39.79,18.0
2018-03-26 07:00:00,8.88,21.85,22.91,35.29,72.76,22.95,97.53,15.94,7.16,82.65,6.96,9.42,15.34,74.13,18.94,8.82,7.85,11.5,12.3,29.94,14.57,5.31,7.75,82.63,26.5,15.08,33.92,10.38,62.4,37.78,12.63,18.06,86.32,10.95,4.18,,12.05,15.5,,9.43,,29.6,,5.13,40.41,169.56,99.14,12.75,,39.23,18.5
2018-03-27 07:00:00,9.19,21.58,25.09,35.39,77.98,23.02,95.23,16.72,7.18,83.72,6.83,9.13,15.68,75.27,19.26,9.34,8.35,11.11,11.83,29.7,15.19,5.38,8.03,89.93,26.5,15.08,34.52,10.54,61.22,39.24,12.4,18.3,91.82,11.14,4.34,,12.54,15.8,,9.81,,30.79,,5.29,42.98,178.48,100.58,13.09,,39.63,18.9
2018-03-28 07:00:00,9.15,21.22,24.0,35.1,77.16,22.73,93.11,16.21,7.21,82.37,6.74,9.03,15.46,72.36,19.57,9.42,8.52,11.26,11.83,30.33,14.82,5.35,7.86,88.31,26.27,15.13,36.75,10.63,59.46,39.66,12.32,18.3,90.01,11.1,4.27,,12.12,15.45,,9.71,,29.56,,5.29,41.51,180.1,102.01,12.91,,40.18,18.9
2018-03-29 07:00:00,9.11,21.4,24.3,34.48,77.98,22.58,89.28,16.26,7.16,79.03,6.8,9.1,15.54,72.42,19.83,10.11,8.69,11.37,11.75,29.98,15.25,5.21,7.88,90.33,26.27,15.03,36.69,10.69,60.78,41.34,12.4,18.76,89.28,11.04,4.21,,12.12,15.45,,9.81,,29.94,,5.19,42.06,182.54,101.06,13.07,,40.74,19.0
2018-03-30 07:00:00,8.88,21.67,23.89,32.76,77.16,22.47,87.81,16.03,7.14,76.68,6.7,9.1,15.6,72.42,19.48,10.72,8.79,11.6,11.96,29.9,15.07,5.24,7.79,88.31,26.04,15.03,37.19,10.89,60.78,41.55,12.87,18.21,88.2,10.79,4.18,,12.0,15.3,,9.78,,30.02,,5.48,42.28,180.1,99.14,13.13,,40.26,18.8
2018-04-02 07:00:00,9.03,22.48,23.89,33.43,81.3,22.69,93.7,16.08,7.05,80.17,6.74,9.1,16.09,75.27,19.35,10.81,8.79,11.47,12.15,29.55,15.04,5.21,7.66,91.55,26.0,15.13,39.03,10.96,61.3,43.65,13.1,18.16,89.83,11.23,4.18,,12.11,15.65,,9.67,,30.02,,5.35,43.61,181.89,96.98,12.99,,40.58,19.05
2018-04-03 07:00:00,9.5,23.28,24.71,34.43,85.37,21.92,91.99,16.58,7.02,79.53,6.62,9.1,16.02,77.61,18.94,11.15,8.67,11.18,11.99,29.86,15.27,5.28,7.99,93.17,25.37,15.13,39.92,10.86,61.96,42.52,13.1,18.42,87.8,11.07,4.24,,12.51,15.7,,9.81,,31.29,,5.31,44.89,185.05,95.79,13.7,,39.63,19.19
2018-04-04 07:00:00,9.46,23.64,24.6,34.86,83.38,21.55,89.87,16.76,7.0,81.73,6.56,9.49,16.22,76.92,19.45,11.07,8.77,11.18,11.77,29.47,15.25,5.24,8.16,91.55,23.74,15.03,42.76,10.85,60.86,42.6,13.03,19.27,85.22,11.1,4.34,,13.18,15.75,,9.83,,31.51,,5.21,45.19,182.94,92.77,13.8,,39.63,19.0
2018-04-05 07:00:00,9.5,23.38,24.44,33.47,83.79,23.61,87.63,16.58,7.0,81.73,6.48,9.55,16.22,74.13,19.01,10.55,8.88,11.24,12.04,30.36,16.3,5.48,8.14,90.74,24.31,15.61,42.43,10.85,60.49,42.18,13.03,18.98,83.41,11.04,4.24,,12.94,15.65,,9.85,,31.21,,5.25,48.49,179.29,95.79,13.74,,39.23,19.15
2018-04-06 07:00:00,9.63,23.38,24.11,33.95,88.94,24.93,89.58,16.53,7.23,81.52,6.53,9.55,16.8,74.13,18.94,10.2,8.87,11.12,11.93,31.34,16.3,5.59,8.14,88.71,24.29,16.83,42.87,10.94,60.12,41.76,12.79,18.86,83.37,11.07,4.3,,12.88,15.75,,10.11,,31.12,,5.25,47.76,177.26,94.45,13.62,,38.83,19.2
2018-04-09 07:00:00,9.84,22.84,24.17,33.95,89.18,24.19,91.64,16.44,7.16,79.31,6.48,9.68,16.38,73.05,19.2,9.34,8.88,11.48,11.83,31.73,16.18,5.97,8.09,85.07,24.38,16.1,42.21,11.75,60.86,40.29,12.71,19.0,82.64,11.77,4.3,,12.88,16.2,,10.25,,31.08,,5.28,49.6,178.48,95.31,13.7,,42.4,19.3
2018-04-10 07:00:00,9.88,22.74,24.49,33.9,87.53,24.52,90.76,17.4,7.18,78.18,6.5,9.52,16.64,74.13,19.2,9.16,9.36,11.52,12.15,31.57,16.51,6.21,8.14,88.31,23.83,15.61,40.09,11.64,60.78,38.64,12.55,18.95,83.34,11.71,4.4,,13.52,16.5,,10.48,,31.51,,5.28,49.6,177.18,94.73,14.0,,42.4,19.25
2018-04-11 07:00:00,9.75,23.38,25.53,33.62,90.76,23.83,92.76,17.18,7.18,79.95,6.62,9.52,16.96,74.98,18.94,9.34,9.67,11.56,11.99,31.1,16.51,6.1,8.09,85.07,23.28,15.27,40.26,11.27,60.93,40.5,12.55,19.46,83.78,11.3,4.43,,13.37,16.2,,10.48,,31.59,,5.49,48.35,176.86,93.87,13.76,,42.0,19.2
2018-04-12 07:00:00,9.28,23.1,24.17,33.28,87.53,23.75,94.41,16.21,7.05,79.6,6.5,9.39,16.49,72.99,18.06,9.16,9.46,11.41,11.56,31.1,17.03,5.9,7.7,79.39,23.05,15.47,39.98,10.89,57.92,39.14,12.32,18.45,84.85,10.82,4.34,,12.72,15.55,,10.51,,29.98,,5.43,45.55,171.99,94.11,13.29,,40.42,18.5
2018-04-13 07:00:00,9.65,23.2,24.27,34.38,88.44,23.57,93.11,16.49,7.12,80.31,6.53,9.62,16.72,75.27,18.31,9.51,9.47,11.75,11.14,31.42,17.34,5.86,7.75,82.63,24.2,15.61,40.81,10.92,58.66,39.66,12.32,18.79,84.52,11.14,4.4,,13.03,15.75,,10.88,,30.15,,5.44,47.02,171.18,94.35,13.45,,41.45,19.0
2018-04-16 07:00:00,9.34,23.02,22.37,33.23,86.45,23.75,89.58,15.66,7.09,80.66,6.38,9.65,16.22,73.84,18.15,9.16,9.55,11.47,10.37,30.79,17.34,5.83,7.35,84.26,24.43,15.15,40.65,10.55,56.09,39.03,12.4,18.3,84.48,11.3,4.21,,12.6,15.4,,10.86,,28.42,,5.28,47.02,171.99,93.73,12.91,,39.79,18.6
2018-04-17 07:00:00,9.38,23.1,21.82,32.95,85.78,23.39,88.99,15.62,7.16,80.31,6.32,9.91,16.09,72.42,18.31,8.99,9.84,11.45,10.08,31.88,17.34,5.86,7.48,85.88,24.48,15.44,39.25,10.81,56.24,38.64,12.24,18.06,84.92,11.55,4.27,,12.72,15.5,,11.35,,27.91,,5.28,47.76,171.83,89.8,12.93,,40.18,18.5
2018-04-18 07:00:00,9.55,23.02,23.29,31.8,88.77,23.75,88.87,16.12,7.18,80.31,6.25,10.37,16.3,73.67,18.44,9.34,9.72,11.35,10.37,31.1,17.34,5.73,7.65,84.26,24.2,15.42,39.48,11.15,54.26,38.2,12.32,18.35,85.22,11.9,4.34,,12.94,15.85,,12.05,,28.67,,5.33,48.13,171.18,88.6,13.21,,39.79,18.55
2018-04-19 07:00:00,9.27,22.48,21.93,30.41,84.62,24.3,86.04,15.34,7.28,77.81,6.19,10.46,16.22,74.59,18.5,9.16,9.91,11.11,10.32,30.87,17.07,5.76,7.41,81.01,23.83,15.47,38.86,11.01,52.64,36.1,12.0,18.35,84.4,11.58,4.14,,12.57,15.5,,11.56,7.75,27.23,,5.35,47.24,170.37,89.8,12.81,,38.2,18.3
2018-04-20 07:00:00,9.27,22.92,21.0,29.84,80.31,23.17,81.44,14.75,7.39,77.81,6.07,10.33,15.96,73.1,18.06,9.16,9.36,10.8,9.92,29.24,16.72,5.45,7.17,73.32,23.05,15.71,38.59,10.82,48.98,34.63,11.45,17.92,78.28,11.42,4.08,,12.45,15.2,,11.51,7.27,25.88,,5.03,44.42,159.82,89.56,12.25,,37.09,17.7
2018-04-23 07:00:00,9.34,22.92,21.71,29.31,82.96,23.46,87.22,15.34,7.37,77.1,6.13,10.46,16.04,76.24,18.09,9.16,9.46,11.16,9.84,29.0,17.23,5.62,7.27,77.94,24.2,15.74,38.86,11.21,51.32,36.73,11.6,18.38,82.64,11.84,4.14,,12.84,15.45,,11.58,7.2,27.28,,5.12,45.55,160.63,88.6,12.45,,38.44,18.0
2018-04-24 07:00:00,8.61,22.92,20.18,26.44,77.98,23.46,81.5,13.88,7.3,76.38,5.74,9.94,15.02,71.11,17.3,8.65,8.79,10.52,8.91,27.99,15.75,5.17,6.7,76.96,24.54,14.69,38.75,10.73,45.9,35.89,11.21,17.1,80.05,11.2,3.82,,11.96,14.4,,11.51,6.71,24.95,,4.76,44.08,160.31,85.73,11.08,,35.51,17.1
2018-04-26 07:00:00,8.59,22.48,20.62,26.3,82.96,23.97,81.03,13.9,7.5,75.67,5.86,9.55,14.89,73.5,17.43,8.82,8.6,10.61,8.75,27.45,15.27,5.21,6.79,76.96,24.54,15.61,39.53,10.73,46.12,35.89,11.37,17.48,81.53,11.26,3.79,,11.46,14.1,,11.88,6.8,25.37,,4.76,46.58,159.01,87.12,11.44,,38.08,17.3
2018-04-27 07:00:00,7.06,22.48,19.86,24.96,78.81,22.95,78.2,12.94,7.32,71.39,5.83,9.46,14.39,66.15,16.42,8.82,8.02,10.14,8.65,27.84,15.07,5.0,6.29,70.73,23.5,15.56,34.52,10.47,42.31,34.73,10.9,16.86,80.61,11.1,3.5,,10.52,13.35,,11.7,6.64,24.61,,4.23,45.08,154.14,87.36,10.39,,36.62,16.68
2018-05-02 07:00:00,8.3,22.48,20.02,25.82,81.55,23.46,80.74,13.6,7.3,71.39,5.86,9.94,15.12,59.87,17.3,8.65,8.2,10.31,8.27,28.38,15.07,5.14,6.62,74.94,23.73,15.59,32.07,10.7,46.56,36.31,10.74,17.29,79.32,11.52,3.69,,11.13,13.8,,12.56,6.85,25.63,,4.55,46.29,152.12,89.08,10.78,,37.17,16.6
2018-05-03 07:00:00,7.64,23.1,17.57,25.34,68.94,23.02,76.73,12.48,7.34,69.96,5.64,9.42,14.86,55.03,16.99,9.25,7.93,10.29,7.8,27.37,14.26,5.07,6.36,75.67,23.73,15.08,32.18,10.25,48.39,35.68,10.74,16.91,78.58,11.68,3.53,,10.52,13.3,,13.54,6.6,24.61,,4.37,45.19,145.71,89.56,10.17,,36.69,16.4
2018-05-04 07:00:00,8.4,23.1,18.6,25.82,74.67,23.24,76.91,13.37,7.39,69.6,5.54,9.91,15.31,55.88,16.86,8.65,8.41,10.39,7.72,27.99,14.01,4.86,6.73,74.53,23.73,15.22,29.23,10.25,48.39,35.68,10.42,17.39,80.79,11.74,3.59,,10.88,13.7,,13.45,6.75,25.46,,4.74,44.67,146.84,88.51,10.57,,36.85,16.49
2018-05-07 07:00:00,8.44,21.58,17.97,24.63,73.01,22.95,78.38,13.1,7.39,70.1,5.61,9.88,15.39,57.59,16.83,8.9,8.31,10.31,7.64,27.92,14.07,4.93,6.84,74.13,23.61,15.13,28.95,10.31,47.66,36.52,10.9,17.29,81.16,11.58,3.53,,10.7,13.5,,13.59,6.62,25.29,,4.59,45.37,145.22,88.6,10.67,,37.21,16.52
2018-05-08 07:00:00,8.88,22.39,18.96,25.3,75.08,22.87,82.15,13.76,7.39,73.46,5.64,10.01,15.49,59.02,16.89,8.65,8.31,10.59,7.82,27.45,14.07,5.1,7.06,78.18,25.31,15.13,29.79,10.51,48.47,38.43,11.53,17.51,86.43,11.52,3.66,,11.04,13.9,,13.96,6.87,25.92,,4.76,45.77,148.87,91.24,11.22,,37.09,17.2
2018-05-09 07:00:00,8.76,21.94,19.09,25.58,80.06,22.36,79.97,13.74,7.37,74.24,5.64,10.01,15.34,59.3,17.21,8.65,8.22,10.76,7.5,27.68,13.93,4.93,6.93,78.58,24.43,15.56,31.29,10.41,50.44,38.43,11.37,17.39,88.17,11.14,3.56,,10.94,13.6,,13.31,6.67,25.67,,4.7,45.04,153.25,88.6,10.9,,36.46,17.0
2018-05-10 07:00:00,8.57,20.14,18.77,25.58,78.48,21.99,82.56,13.65,7.28,74.24,5.74,10.01,15.28,62.78,17.05,8.56,8.2,10.75,8.17,27.49,14.57,4.93,6.84,76.96,24.54,15.2,31.35,10.25,49.86,38.3,11.21,17.48,85.59,11.1,3.53,,10.88,13.5,,13.1,6.65,25.33,,4.54,45.11,158.96,89.08,10.7,,35.74,17.1
2018-05-11 07:00:00,8.18,21.49,17.84,25.65,79.23,21.63,83.09,12.78,7.37,74.24,5.77,9.65,15.18,59.87,16.64,8.65,7.64,10.35,7.9,27.92,14.1,4.76,6.47,76.15,23.24,15.37,30.96,10.15,46.93,37.04,10.9,17.1,86.32,10.95,3.43,,10.42,12.9,,13.29,6.54,23.89,,4.41,44.12,155.78,86.21,9.99,,35.27,16.5
2018-05-14 07:00:00,8.51,,18.87,26.65,78.07,22.73,85.69,13.67,7.39,74.96,5.83,9.94,15.73,63.41,17.05,8.56,7.93,10.63,8.09,27.99,14.32,4.86,6.82,76.56,24.2,15.52,30.9,10.17,47.95,38.87,11.05,17.36,87.8,11.39,3.46,,10.73,13.3,,13.57,6.6,24.61,,4.45,45.92,155.7,85.73,10.53,,36.54,17.05
2018-05-15 07:00:00,8.61,21.13,18.71,29.64,80.47,22.73,87.22,13.53,7.34,74.88,5.93,9.85,16.22,67.86,17.24,8.56,7.81,10.59,7.9,27.99,14.45,4.83,6.81,80.2,24.43,15.49,30.01,10.15,48.39,38.97,10.9,17.56,91.3,11.39,3.5,,10.82,13.0,,13.94,6.54,24.65,,4.49,49.19,158.15,86.21,10.07,,38.83,17.34
2018-05-16 07:00:00,8.55,21.49,18.6,30.83,82.96,22.51,88.69,13.6,7.32,77.1,6.07,9.68,15.96,66.15,17.36,8.47,7.81,10.44,7.96,27.95,14.59,4.83,6.79,77.94,24.66,15.37,29.79,10.09,52.06,38.47,11.45,17.6,92.23,11.26,3.43,,10.76,13.05,,13.94,6.6,24.74,,4.41,48.49,160.43,84.29,10.03,,37.96,17.3
2018-05-17 07:00:00,8.2,22.48,18.11,29.44,84.62,22.03,85.8,13.37,7.28,74.6,5.89,9.62,15.81,69.0,17.9,8.56,7.74,10.23,7.85,27.92,14.74,4.79,6.69,75.1,24.31,15.52,29.34,10.05,50.3,38.45,11.45,17.58,92.04,10.95,3.37,,10.61,13.05,,14.03,6.56,24.1,64.42,4.35,47.76,158.96,80.94,9.73,,36.46,16.99
2018-05-18 07:00:00,8.28,20.05,18.0,29.39,78.81,21.99,84.57,13.51,7.34,72.46,5.87,9.68,15.86,66.15,17.62,8.65,7.81,10.08,7.77,27.92,14.65,4.79,6.62,71.29,23.96,15.57,29.29,9.99,49.27,38.13,11.45,17.34,90.57,11.01,3.3,,10.42,12.85,,13.68,6.51,24.06,,4.29,44.82,152.44,79.5,9.37,,37.17,16.65
2018-05-21 07:00:00,8.32,22.92,17.97,28.89,77.98,22.32,84.86,13.56,7.3,74.96,5.89,9.75,16.02,67.0,17.59,8.56,7.83,10.33,7.6,27.57,14.63,4.59,6.75,74.94,25.36,15.44,29.51,9.97,50.66,38.53,11.68,17.44,93.11,11.07,3.27,,10.21,12.8,,13.59,6.59,23.89,,4.16,45.19,156.11,82.38,9.53,,37.01,17.0
2018-05-22 07:00:00,8.11,21.13,16.91,28.69,70.93,22.21,85.22,12.92,7.3,73.6,5.61,9.62,15.96,61.58,17.11,8.65,7.68,10.03,7.19,26.59,14.53,4.38,6.44,71.29,25.61,14.63,28.9,9.89,47.29,37.82,11.37,17.1,91.38,11.01,3.11,,9.5,12.5,,12.89,6.55,23.22,68.91,4.17,40.7,142.66,79.02,9.47,,35.11,16.3
2018-05-23 07:00:00,7.95,22.92,15.71,29.64,69.69,21.92,83.68,12.23,7.21,71.39,5.71,9.55,15.7,60.16,16.48,8.47,7.45,9.53,6.48,27.6,13.99,4.14,6.29,67.4,25.36,14.06,28.06,9.64,44.73,37.17,10.9,16.38,91.86,10.69,2.88,,9.2,12.0,,12.59,6.49,22.41,66.75,3.9,37.14,144.21,76.68,9.06,,34.08,15.63
2018-05-24 07:00:00,8.05,,16.64,30.03,72.59,21.88,80.68,12.82,7.16,73.53,5.67,9.39,15.94,64.72,16.73,8.3,7.26,9.85,6.7,27.22,14.03,4.21,6.47,68.86,26.5,14.17,27.95,9.65,46.63,37.61,11.21,16.57,90.01,10.82,3.08,,9.5,12.2,,12.75,6.5,23.05,64.6,3.97,37.84,145.92,80.94,9.16,,34.79,15.98
2018-05-25 07:00:00,7.91,,16.28,29.78,73.01,21.33,76.32,12.6,7.25,72.1,5.28,9.65,15.76,62.72,16.54,8.3,6.78,9.93,6.42,26.36,13.66,4.17,6.45,68.05,26.43,14.17,28.17,9.67,46.19,37.4,11.05,16.04,87.36,10.5,2.91,,9.34,12.0,,12.89,6.49,22.58,66.93,3.9,38.24,139.8,79.98,8.86,,34.71,15.6
2018-05-28 07:00:00,7.62,19.6,14.78,29.64,71.35,21.26,71.48,11.68,7.07,71.03,5.34,9.42,14.58,55.88,16.1,8.13,6.69,9.59,6.2,26.44,13.87,4.24,6.09,66.03,25.13,14.06,28.84,9.62,43.26,36.14,11.05,15.32,84.11,9.55,2.88,,9.04,11.6,,12.75,6.38,20.72,64.71,3.9,37.77,124.72,79.02,8.26,,31.23,15.4
2018-05-29 07:00:00,6.29,19.78,14.46,28.89,68.86,19.94,73.67,11.59,7.07,67.82,5.0,9.36,14.06,52.0,15.15,7.61,6.5,9.23,5.65,26.28,13.04,3.97,5.91,63.19,23.8,14.06,28.12,9.57,41.79,34.02,10.5,14.84,86.4,8.46,2.4,,8.74,10.9,,12.61,6.09,20.09,68.21,3.51,39.05,112.9,78.31,7.67,,31.07,14.8
2018-05-30 07:00:00,7.62,,15.27,29.78,71.35,20.6,80.68,11.91,7.09,72.1,5.03,9.42,14.61,54.74,15.72,7.61,6.88,9.87,6.15,26.67,13.6,4.17,6.18,64.81,24.43,14.32,29.57,9.64,43.63,34.67,10.9,15.68,83.26,8.91,2.95,,8.95,11.6,,12.87,6.37,21.57,67.63,3.68,40.45,123.09,80.46,8.46,,33.92,15.01
2018-05-31 07:00:00,7.41,,14.89,29.78,69.69,20.75,80.15,11.72,7.07,70.67,5.03,9.33,13.92,51.89,16.2,7.52,6.92,10.03,6.33,26.28,13.41,4.07,6.05,64.0,23.96,14.48,28.29,9.6,42.53,34.04,10.82,15.2,84.48,9.04,2.85,,9.17,11.45,,12.75,6.34,21.78,68.21,3.67,41.07,122.28,79.26,8.62,,32.73,15.45
2018-06-01 07:00:00,7.72,21.13,15.82,31.63,71.76,20.67,84.51,12.27,7.16,73.53,5.16,9.52,14.21,52.46,16.1,7.61,7.55,10.71,6.45,25.86,13.68,4.21,6.38,66.43,24.66,14.76,28.45,9.7,46.12,34.67,10.97,15.92,89.64,9.26,3.01,,9.81,11.7,,13.03,6.34,22.88,67.1,3.71,42.4,123.09,79.5,8.96,,34.63,15.8
2018-06-04 07:00:00,7.72,21.31,15.82,30.93,75.25,20.31,88.34,12.55,7.37,76.81,5.19,9.55,14.36,52.97,16.29,7.61,7.85,10.97,7.12,26.44,13.74,4.24,6.42,68.78,25.36,14.71,28.73,9.76,45.83,35.93,11.13,16.02,90.01,9.55,2.69,,9.9,12.0,16.12,13.19,6.23,23.89,67.63,3.71,43.72,134.51,81.42,9.35,,36.06,16.1
2018-06-05 07:00:00,8.11,20.95,16.53,30.48,78.73,20.23,86.34,12.8,7.21,78.52,5.39,9.68,14.67,52.46,17.3,7.61,8.22,11.37,7.75,26.28,13.81,4.35,6.71,68.21,25.36,14.76,29.01,9.89,46.05,36.56,11.21,16.33,88.94,10.12,2.82,,10.18,12.7,15.6,13.43,6.56,24.78,68.74,4.01,44.08,141.03,84.3,10.19,,36.14,16.34
2018-06-06 07:00:00,8.05,22.03,16.61,31.38,77.16,20.6,91.93,13.01,7.18,80.67,5.52,10.07,14.83,57.59,17.74,7.35,8.25,11.22,7.84,26.28,13.68,4.41,6.64,69.19,25.82,15.18,29.01,9.91,48.39,37.82,11.21,16.42,90.38,10.02,3.14,,10.15,12.8,14.96,13.12,6.47,24.57,68.5,4.02,44.08,138.58,85.26,9.95,,36.14,16.45
2018-06-07 07:00:00,8.36,22.39,17.35,32.08,79.64,21.41,97.83,13.33,7.07,77.81,5.55,9.94,15.11,58.73,18.56,7.26,8.23,11.56,7.69,27.6,13.95,4.38,6.8,70.0,27.55,15.78,29.07,10.38,49.12,38.87,11.21,16.84,91.12,9.9,3.14,,10.42,13.3,14.88,12.63,6.43,24.95,71.13,4.04,45.88,142.33,84.68,9.99,,36.06,16.85
2018-06-08 07:00:00,8.18,20.68,17.02,31.38,78.23,21.26,92.52,12.82,7.37,78.52,5.8,9.75,14.8,56.74,18.09,7.35,8.5,11.75,7.3,27.06,13.89,4.38,6.71,70.73,26.99,15.21,30.35,10.31,48.98,38.24,11.05,16.57,90.38,10.12,3.04,,10.18,13.0,15.9,12.94,6.4,24.65,69.96,4.1,45.26,146.0,84.34,9.87,,35.58,16.8
2018-06-11 07:00:00,8.34,18.88,16.97,30.88,79.48,20.86,91.93,12.92,7.05,77.1,5.8,9.88,14.75,54.74,17.93,7.26,8.12,11.56,7.72,26.83,13.79,4.31,6.71,69.67,27.8,15.1,30.07,10.23,48.76,38.3,10.9,16.38,89.64,10.06,3.04,,10.25,12.8,16.5,12.05,6.4,25.12,70.43,4.1,45.55,145.92,85.26,10.45,,35.27,16.78
2018-06-12 07:00:00,8.49,19.33,16.53,30.38,78.4,20.82,94.29,12.73,7.23,76.81,5.75,9.75,14.67,54.51,17.55,7.26,7.93,11.75,7.81,26.52,13.72,4.24,6.62,68.05,27.99,15.1,29.45,10.12,47.66,37.86,10.82,16.33,89.64,9.93,3.01,,10.33,12.5,17.01,12.0,6.31,24.74,69.96,4.09,44.08,149.18,86.22,10.67,,35.35,16.8
2018-06-13 07:00:00,8.05,18.79,16.15,29.59,77.4,20.45,93.7,12.55,7.3,74.96,5.58,9.62,14.21,53.03,17.24,7.18,7.81,11.25,7.72,26.05,13.62,4.21,6.49,67.24,28.15,15.15,29.84,10.09,47.59,36.16,10.74,15.85,88.17,9.36,2.95,,10.33,12.8,16.53,10.6,6.25,24.36,68.79,4.0,44.82,145.92,87.19,10.39,,35.27,17.05
2018-06-14 07:00:00,8.01,18.7,16.2,30.38,76.66,20.31,94.59,12.55,7.32,74.96,5.68,9.49,14.52,55.31,17.49,7.18,7.93,11.62,7.87,26.44,13.41,4.21,6.51,68.46,28.38,15.13,29.57,10.09,49.12,37.83,10.74,16.09,86.77,9.48,2.98,,10.41,12.75,16.77,11.16,6.25,25.33,68.79,3.97,47.32,142.74,86.75,10.51,,35.98,16.65
2018-06-15 07:00:00,7.88,18.88,15.27,30.78,72.18,20.23,94.29,12.14,7.34,74.24,5.66,9.55,14.3,53.6,17.87,7.0,7.49,11.27,7.96,26.44,13.41,4.17,6.24,67.97,28.62,15.31,29.23,10.04,48.69,37.51,10.74,15.94,85.96,9.39,2.91,,9.96,12.4,16.61,11.21,6.24,24.32,68.62,3.89,46.29,142.58,86.03,10.07,,34.87,16.35
2018-06-18 07:00:00,7.99,17.98,15.82,31.13,72.01,19.79,95.0,12.37,7.34,74.88,5.56,9.55,14.49,54.17,17.74,6.92,7.36,11.33,7.9,26.05,13.41,4.21,6.5,68.05,28.82,15.62,29.51,10.28,48.98,37.51,10.9,15.9,86.32,9.39,2.95,,10.12,12.4,16.39,10.62,6.16,24.91,67.92,3.88,45.37,141.84,85.79,10.52,,35.35,16.0
2018-06-19 07:00:00,7.68,18.16,14.62,30.88,70.52,19.28,88.4,11.68,7.34,73.53,5.34,9.23,13.93,50.46,16.99,6.74,6.61,10.29,7.66,26.05,12.84,4.0,6.07,66.43,26.87,15.31,28.68,10.18,46.56,34.36,10.66,15.08,85.03,9.29,2.85,,9.23,11.95,14.97,10.41,5.89,23.05,67.92,3.71,44.64,134.51,82.85,9.45,,32.49,15.0
2018-06-20 07:00:00,7.53,17.08,14.78,29.39,68.44,19.35,88.4,11.72,7.25,71.39,5.36,9.26,13.87,50.18,16.42,6.31,6.56,10.34,7.54,25.66,12.8,3.9,6.13,64.81,26.78,15.21,28.01,9.99,46.12,34.36,10.26,15.32,79.68,9.55,2.75,,9.52,11.75,14.96,10.27,6.0,24.1,62.44,3.64,45.19,130.43,79.96,9.77,,32.49,16.0
2018-06-21 07:00:00,7.62,18.16,15.06,29.59,68.86,19.06,92.52,11.95,7.32,72.53,5.48,9.26,14.02,52.46,16.76,6.92,7.23,10.6,7.6,25.93,12.96,4.04,6.16,65.62,27.15,15.26,27.84,10.26,46.78,33.73,10.34,15.34,84.07,9.67,2.56,,9.52,11.9,15.02,10.27,6.12,24.53,67.04,3.64,45.92,138.58,81.31,10.23,,32.18,16.0
2018-06-22 07:00:00,7.35,17.98,14.21,28.99,65.62,19.57,90.17,11.45,7.32,71.39,5.39,9.23,13.69,49.67,16.42,6.66,7.23,10.34,7.48,25.89,12.94,3.97,5.94,65.62,26.52,15.31,27.84,9.97,45.83,31.84,10.26,15.12,83.37,9.39,2.75,,9.29,11.6,14.97,9.97,6.05,23.72,67.04,3.6,45.88,141.84,81.16,10.0,,30.12,15.5
2018-06-25 07:00:00,7.55,19.6,15.3,29.39,73.59,19.79,92.52,12.09,7.37,74.6,5.81,9.29,14.02,53.54,16.51,6.92,7.47,11.14,7.78,25.74,12.94,3.97,6.22,67.65,27.92,15.44,28.12,10.09,48.33,33.38,10.5,15.32,83.37,10.18,2.85,,9.87,12.35,15.12,10.72,6.1,25.37,66.58,3.64,45.92,142.9,87.67,10.75,,33.29,16.1
2018-06-26 07:00:00,7.59,,15.0,29.39,71.35,18.69,92.52,11.91,7.28,74.24,5.65,9.39,13.75,50.18,16.57,6.83,7.13,10.77,7.54,26.59,12.86,3.97,6.12,66.84,27.75,15.52,28.17,10.09,47.02,32.03,10.5,15.27,83.0,9.74,2.82,,9.5,11.9,14.86,10.41,5.81,24.74,67.34,3.64,44.45,139.4,85.02,10.43,,31.7,16.0
2018-06-27 07:00:00,7.53,19.24,15.16,30.03,70.68,19.39,92.46,11.93,7.28,72.89,5.58,9.42,13.87,52.4,16.42,7.18,7.29,10.85,7.6,26.44,12.92,3.93,6.18,66.84,27.92,15.39,28.12,10.05,46.95,31.87,10.9,15.2,81.93,9.96,2.75,,9.63,12.0,14.72,9.95,6.14,24.95,65.59,3.64,45.41,140.95,84.1,10.43,,32.26,16.0
2018-06-28 07:00:00,7.24,18.07,14.4,29.39,69.11,18.91,91.93,11.45,7.28,71.39,5.58,9.39,13.69,51.84,15.97,7.87,7.11,10.29,7.6,26.75,12.84,3.9,5.94,64.81,27.13,15.36,28.12,9.89,45.79,30.58,10.5,15.22,81.6,9.93,2.75,,8.98,11.8,14.64,9.99,6.13,24.1,64.13,3.57,46.66,139.4,83.81,9.68,,31.23,15.66
2018-06-29 07:00:00,6.99,19.42,14.18,29.64,65.96,18.03,89.99,11.27,7.28,73.17,5.48,9.36,13.13,50.91,16.1,7.87,6.99,10.29,7.42,25.43,12.88,3.86,5.85,62.54,26.75,15.15,28.23,9.86,45.41,28.06,10.34,15.12,80.94,9.93,2.69,,8.77,11.6,14.33,9.95,6.09,24.49,65.88,3.55,46.71,136.87,81.89,9.61,,30.51,15.49
2018-07-02 07:00:00,6.87,17.53,13.91,28.89,65.71,18.8,88.69,10.99,7.28,72.81,5.52,9.16,12.82,50.73,16.1,7.69,7.16,10.08,7.24,26.05,12.8,3.9,5.65,62.71,26.29,15.21,28.4,9.89,44.95,26.64,10.34,15.37,83.0,9.86,2.59,,8.58,11.55,14.46,10.04,6.09,24.32,65.59,3.51,47.11,138.63,81.89,9.12,,30.91,16.19
2018-07-03 07:00:00,6.45,18.7,13.53,28.64,64.63,18.77,86.69,10.58,7.16,71.39,5.42,9.26,12.42,51.55,15.41,6.83,7.19,10.19,6.82,26.05,12.71,3.79,5.49,61.57,24.92,15.21,28.34,9.84,45.02,25.22,10.1,14.76,84.85,9.48,2.49,,8.49,11.2,13.78,10.02,5.98,24.65,64.89,3.44,47.11,135.89,81.89,9.03,,30.31,15.11
2018-07-04 07:00:00,5.89,15.28,12.57,27.89,60.98,18.11,84.27,10.03,7.25,70.1,5.36,9.16,12.06,48.98,14.84,7.26,6.73,9.76,6.36,25.97,12.38,3.62,5.3,59.14,23.68,15.18,27.84,9.02,43.25,23.96,9.79,14.45,82.64,9.36,2.3,,7.97,10.5,12.68,9.64,5.78,23.77,59.52,3.37,44.22,129.05,81.89,8.41,,30.04,14.5
2018-07-05 07:00:00,6.04,14.29,12.3,28.44,58.16,18.77,83.56,9.94,7.12,73.53,5.42,9.23,12.36,46.36,15.34,7.69,6.87,9.84,6.48,25.82,12.38,3.62,5.27,59.3,24.31,15.62,27.9,9.02,43.1,26.42,9.71,14.64,83.7,9.29,2.43,,8.28,10.25,13.63,9.93,5.74,23.43,64.6,3.19,46.22,128.56,80.44,8.6,,30.12,15.0
2018-07-06 07:00:00,5.6,12.59,11.67,29.64,58.32,18.69,77.38,9.39,6.93,75.1,5.34,9.1,12.05,42.57,14.87,7.18,6.5,9.56,6.03,25.35,12.18,3.41,5.04,58.17,23.73,15.36,27.76,7.81,40.79,25.38,9.47,14.6,81.16,9.23,2.07,,8.23,9.8,13.23,9.95,5.61,21.61,65.0,3.14,46.26,127.09,79.0,8.21,,28.85,14.8
2018-07-09 07:00:00,6.37,14.38,12.87,28.89,61.39,18.69,83.62,10.33,7.14,72.96,5.39,9.1,12.67,46.36,15.47,7.35,6.95,9.95,6.39,26.17,12.26,3.62,5.46,59.95,24.89,15.62,28.79,8.02,42.71,27.11,9.32,15.0,82.23,9.48,2.52,,8.78,10.55,13.7,9.97,5.98,23.26,65.59,3.18,47.11,130.03,81.36,8.96,,28.93,15.09
2018-07-10 07:00:00,6.37,13.58,12.93,28.14,61.64,18.62,82.56,10.17,7.14,71.39,5.42,9.13,12.45,46.94,15.22,7.09,6.93,9.42,6.27,25.5,12.26,3.55,5.45,59.95,24.33,15.6,28.45,8.22,42.33,26.01,9.4,14.64,82.23,9.55,2.49,,8.52,10.4,13.46,10.05,5.98,23.47,65.7,3.24,46.66,127.78,80.44,8.96,,29.24,14.9
2018-07-11 07:00:00,6.45,13.48,12.44,27.39,59.32,19.06,82.68,9.85,7.12,72.03,5.58,9.1,12.2,45.49,14.84,7.18,6.83,9.26,6.03,25.66,11.97,3.52,5.2,59.95,23.73,15.78,27.9,8.12,40.41,26.01,9.16,14.45,81.42,9.42,2.46,,8.14,10.2,12.8,10.14,6.03,21.95,64.13,3.31,44.88,128.95,80.44,8.8,,28.41,14.75
2018-07-12 07:00:00,6.76,13.04,12.22,25.65,59.32,19.39,81.03,9.62,7.09,70.46,5.36,9.23,11.92,44.61,14.9,7.18,6.5,8.83,5.79,25.27,11.97,3.45,5.12,58.9,23.31,15.73,28.17,8.04,40.64,25.63,8.68,14.04,80.42,9.42,2.4,,7.97,10.0,11.86,9.73,5.92,21.65,63.96,3.22,46.62,127.87,80.44,8.44,,28.29,14.46
2018-07-13 07:00:00,6.39,13.04,12.82,25.9,60.4,20.67,82.21,10.26,7.05,71.53,5.39,9.1,12.2,46.07,15.0,7.18,6.54,9.07,6.01,25.27,12.01,3.52,5.44,59.95,24.29,15.52,28.29,8.12,41.56,26.16,8.53,14.28,80.42,9.61,2.43,,8.22,10.35,12.47,9.8,6.02,22.54,62.56,3.24,46.31,128.07,81.07,8.7,,28.93,14.41
2018-07-16 07:00:00,6.66,13.48,13.09,26.4,62.64,20.31,83.98,10.53,6.96,73.1,5.52,9.1,12.7,47.82,15.22,7.09,6.65,9.58,6.15,25.82,12.16,3.55,5.61,60.36,24.75,15.12,28.56,8.19,41.56,27.11,8.6,14.72,80.42,9.64,2.52,,8.43,10.55,12.28,9.93,5.98,23.26,64.42,3.31,46.0,129.54,80.54,8.96,,29.32,14.97
2018-07-17 07:00:00,6.93,13.48,12.87,26.55,62.22,20.45,86.22,10.35,7.12,72.46,5.55,9.1,12.57,46.42,15.44,6.92,6.64,9.28,5.97,25.93,12.34,3.66,5.53,59.38,24.89,15.23,29.23,8.17,41.48,28.47,8.76,14.62,79.68,9.64,2.52,,8.28,10.45,12.38,9.9,5.98,22.84,63.55,3.4,44.88,129.05,80.2,8.99,,30.2,14.9
2018-07-18 07:00:00,6.95,13.48,13.64,26.4,60.56,19.43,86.04,11.08,7.14,73.17,5.6,9.29,12.98,46.65,16.1,7.09,6.66,9.63,6.15,26.13,12.38,3.69,5.9,60.36,26.06,15.09,29.01,8.14,42.18,29.54,8.68,14.93,80.42,9.55,2.62,,8.64,10.85,12.99,10.27,5.95,23.6,64.13,3.44,45.55,130.51,80.92,9.66,,32.49,15.05
2018-07-19 07:00:00,6.99,13.48,14.18,26.85,61.06,20.2,88.58,11.22,7.18,72.81,5.74,9.23,13.04,48.98,15.97,6.74,6.99,9.93,6.97,26.13,12.47,3.79,6.04,62.38,26.48,15.4,30.68,8.41,44.25,30.52,9.24,16.09,79.72,9.55,2.65,,8.89,11.2,13.23,10.56,5.97,24.4,62.96,3.61,46.66,132.86,83.33,9.79,,34.0,15.5
2018-07-20 07:00:00,6.83,14.38,13.86,27.34,63.47,20.75,88.69,10.99,7.14,72.81,5.65,9.1,13.07,48.98,15.79,6.83,6.93,9.76,7.06,26.01,12.49,3.72,5.88,64.49,26.52,15.32,31.07,8.36,43.56,29.0,10.26,15.8,79.32,9.61,2.62,,8.75,10.95,12.99,10.61,5.98,23.89,62.38,3.6,46.0,137.36,82.27,9.58,,33.29,14.7
2018-07-23 07:00:00,7.12,16.18,13.86,27.59,61.39,20.53,88.99,11.22,7.5,71.03,5.69,9.1,13.04,49.1,15.53,7.52,6.93,9.84,7.0,25.66,12.47,3.72,6.11,64.0,26.29,14.94,30.74,8.35,43.48,30.23,10.18,15.9,75.63,9.55,2.65,,8.83,11.3,12.9,11.04,5.97,24.02,60.05,3.71,46.04,133.94,81.41,9.32,,32.89,15.8
2018-07-24 07:00:00,6.89,,13.47,27.54,61.06,20.27,86.69,10.85,7.73,70.89,5.74,9.1,12.98,49.51,15.6,7.09,6.93,9.79,6.57,25.74,12.38,3.45,5.97,64.08,26.36,15.49,31.85,8.28,43.87,30.26,9.95,16.38,77.84,9.77,2.33,,8.63,11.6,12.75,10.85,5.98,24.1,60.05,3.76,46.22,137.36,81.79,8.93,,32.73,15.6
2018-07-25 07:00:00,7.24,15.19,13.64,27.49,61.39,20.2,86.63,10.95,7.62,70.67,5.71,9.1,13.07,49.86,15.5,7.43,6.73,9.39,6.76,26.28,12.38,3.41,5.99,65.22,26.15,15.0,31.74,8.1,44.18,29.38,9.95,16.28,75.88,10.5,2.56,,8.4,11.4,12.66,11.19,5.89,24.23,62.38,3.67,46.44,134.91,81.89,8.8,,33.01,15.6
2018-07-26 07:00:00,5.91,16.09,12.87,27.39,62.14,19.43,87.34,10.44,7.73,71.39,5.9,9.23,13.19,49.04,15.31,7.09,6.64,9.42,6.57,26.28,12.42,3.48,5.78,66.35,25.71,15.0,32.07,8.1,43.71,29.0,9.95,16.18,74.74,10.31,2.52,,8.12,11.2,12.28,11.92,5.85,23.43,62.09,3.56,46.8,133.94,81.84,8.7,,32.49,15.06
2018-07-27 07:00:00,6.76,15.64,13.15,27.69,62.22,18.33,86.34,10.67,7.71,70.82,5.79,9.16,13.25,49.28,15.15,7.09,6.65,9.75,6.51,26.75,12.42,3.41,5.95,65.46,25.59,15.17,33.46,8.09,43.1,28.69,10.03,16.33,74.92,10.44,2.59,,8.55,11.3,12.19,12.14,5.87,23.98,61.8,3.52,47.55,134.91,82.37,8.54,,32.18,15.0
2018-07-30 07:00:00,6.89,15.64,13.75,28.19,61.64,18.25,87.87,10.85,7.78,71.96,5.86,9.16,13.41,49.74,15.44,7.09,6.79,9.97,6.66,26.44,12.8,3.52,6.12,66.27,26.5,15.32,34.08,8.48,44.18,30.1,10.34,16.47,76.36,10.5,2.65,,8.61,11.3,12.26,12.31,5.74,24.1,61.8,3.59,47.51,134.91,81.41,8.8,,31.7,15.4
2018-07-31 07:00:00,6.95,13.48,14.29,28.84,62.22,18.4,88.4,10.9,7.73,72.11,5.84,9.16,13.38,51.03,16.8,7.0,6.97,9.79,7.03,27.02,12.67,3.45,6.09,65.62,27.1,15.69,33.63,8.43,44.64,30.55,10.34,16.95,75.29,10.85,2.69,,8.77,11.5,12.35,12.21,5.55,24.15,65.3,3.6,47.11,139.31,80.92,8.85,,31.54,15.41
2018-08-01 07:00:00,6.91,15.19,14.35,28.39,64.54,18.22,90.7,10.81,7.96,72.47,5.95,9.1,13.19,51.2,16.67,6.92,7.07,9.92,6.82,26.44,12.42,3.41,6.12,68.46,27.34,15.63,34.52,8.51,46.95,30.26,10.26,16.91,75.63,10.63,2.62,,8.86,11.45,13.18,13.01,5.62,24.99,64.3,3.56,47.24,141.17,80.92,8.8,,32.18,15.55
2018-08-02 07:00:00,6.85,14.38,14.18,28.29,64.71,18.22,91.64,10.53,8.39,72.04,5.84,9.1,12.98,52.08,16.23,7.0,7.08,9.95,6.76,26.59,12.38,3.35,6.05,68.21,26.27,15.4,35.08,8.41,47.33,29.47,10.18,16.38,75.29,10.5,2.59,,8.77,11.25,12.9,13.04,5.53,24.61,64.07,3.55,47.33,139.8,80.11,8.6,,32.45,15.36
2018-08-03 07:00:00,6.91,15.01,14.51,28.14,64.63,18.55,94.29,10.6,8.3,71.89,5.87,9.03,13.28,53.36,16.29,7.0,6.98,9.95,6.66,26.13,12.38,3.24,6.09,68.94,26.52,15.52,34.19,8.15,47.72,30.58,10.26,16.86,75.07,10.37,2.56,,9.1,11.25,13.51,13.14,5.32,25.16,63.66,3.56,47.64,143.71,79.33,8.8,,32.18,15.4
2018-08-06 07:00:00,6.85,14.38,14.51,27.89,66.06,18.77,95.41,10.44,8.09,72.18,5.82,9.13,13.1,55.05,16.16,7.09,7.1,9.64,6.63,26.83,12.18,3.24,6.01,68.86,26.17,15.69,34.24,8.06,48.18,30.1,10.66,16.23,73.74,10.37,2.59,,8.86,11.05,13.23,13.77,5.46,24.61,63.55,3.52,49.77,144.69,78.03,8.67,,33.05,15.48
2018-08-07 07:00:00,6.81,14.74,14.35,27.64,63.87,19.13,91.93,10.35,8.32,72.54,5.94,9.23,13.07,56.27,15.97,7.09,7.1,9.59,6.21,26.44,12.34,3.17,5.99,70.81,25.82,15.61,34.41,8.12,49.18,29.32,10.42,16.14,72.86,10.37,2.56,,8.74,11.2,13.11,13.36,5.31,24.87,63.55,3.55,49.33,144.4,77.07,8.49,,33.21,15.85
2018-08-08 07:00:00,6.87,13.48,15.0,27.49,65.89,19.28,91.34,10.6,8.55,74.13,5.86,9.1,12.96,55.46,15.97,7.0,7.18,9.6,6.33,26.13,12.05,3.14,6.04,72.91,25.82,15.23,34.69,8.19,48.64,29.64,10.58,15.99,72.67,10.34,2.59,,8.94,11.2,13.3,13.67,5.33,26.05,62.67,3.57,48.75,143.71,73.22,8.59,,33.29,15.4
2018-08-09 07:00:00,7.08,13.22,16.09,27.14,67.23,19.06,90.76,11.08,8.91,73.91,5.9,9.1,13.28,56.86,16.1,7.09,7.25,9.79,6.21,27.42,12.22,3.28,6.21,72.91,26.52,15.52,35.02,8.19,49.18,29.64,10.9,16.62,73.78,10.5,2.65,,9.1,11.4,13.18,13.72,5.43,26.26,62.96,3.64,47.77,144.69,76.11,8.76,,33.41,15.48
2018-08-10 07:00:00,7.1,13.84,15.6,27.05,68.91,18.91,93.0,10.95,8.98,72.83,5.84,9.1,13.22,57.27,16.61,6.92,7.21,9.67,6.24,27.3,12.26,3.28,6.07,71.86,26.61,15.52,35.08,8.15,48.41,30.53,10.97,16.18,76.73,10.18,2.62,,9.07,11.25,12.94,13.84,5.64,25.8,63.55,3.65,46.22,146.84,75.63,8.76,,32.38,15.5
2018-08-13 07:00:00,7.2,13.66,16.2,26.65,71.01,18.84,93.13,11.11,8.75,74.13,5.74,9.13,13.32,57.15,16.42,6.92,7.35,9.79,6.45,27.42,12.26,3.28,6.08,71.54,26.75,15.52,36.36,8.06,49.18,30.6,10.82,16.26,77.1,10.18,2.62,,9.23,11.25,12.75,14.04,5.67,26.64,63.2,3.61,46.0,148.99,75.63,8.7,,31.7,15.55
2018-08-14 07:00:00,7.41,13.66,16.64,26.65,69.33,19.21,94.65,11.82,8.73,77.16,5.68,9.03,13.52,60.06,16.23,7.0,7.36,10.21,6.76,26.93,12.18,3.35,6.39,73.64,26.75,15.4,35.91,8.06,50.87,31.39,10.82,16.45,77.47,10.31,2.85,,9.6,11.8,12.99,14.01,5.83,26.98,62.38,3.68,45.68,150.56,76.59,8.96,,32.1,15.85
2018-08-15 07:00:00,7.28,13.94,16.64,27.1,70.34,19.21,96.18,11.84,8.62,76.15,5.87,9.1,13.69,59.01,16.42,7.0,7.41,10.21,6.57,27.42,12.2,3.35,6.28,75.75,27.45,15.4,36.53,8.25,50.49,32.51,10.66,16.98,77.47,10.56,2.78,,9.5,11.7,12.75,14.18,5.76,26.73,62.85,3.74,45.91,151.04,76.35,8.91,,32.1,16.0
2018-08-16 07:00:00,7.1,13.76,15.79,26.75,65.97,19.28,92.58,11.36,8.5,73.19,5.76,9.1,13.56,54.23,15.85,6.83,7.13,9.81,6.33,27.34,12.13,3.24,6.04,72.99,26.8,15.23,36.25,8.31,47.41,31.07,10.18,16.38,77.84,10.69,2.72,,9.14,11.3,12.52,13.62,5.67,25.37,62.85,3.74,44.48,145.67,76.11,8.57,,31.34,15.45
2018-08-17 07:00:00,7.1,14.12,16.69,26.45,68.58,19.28,93.38,12.23,8.64,73.55,5.84,9.1,13.66,56.57,16.13,6.83,7.27,10.05,6.57,27.66,12.13,3.21,6.28,73.56,27.8,15.29,36.3,8.14,49.95,32.35,10.42,16.86,78.21,11.58,2.72,,9.29,11.55,12.52,13.4,5.83,25.84,66.46,3.74,45.37,146.45,76.59,8.7,,31.7,15.7
2018-08-20 07:00:00,7.12,13.76,16.91,26.25,70.93,19.24,93.13,11.88,8.66,71.75,5.77,9.1,13.75,56.1,16.1,6.83,7.11,10.0,6.39,27.25,12.05,3.24,6.14,73.32,27.57,15.17,36.47,8.25,49.26,31.55,10.42,16.57,77.51,11.77,2.69,,9.1,11.2,12.61,13.82,5.76,26.22,64.95,3.8,45.33,147.62,76.59,8.45,,31.5,15.64
2018-08-21 07:00:00,7.08,13.48,16.91,26.2,70.59,18.99,92.71,11.72,8.87,68.5,5.74,9.1,13.78,56.62,16.1,6.83,6.93,9.84,6.18,26.68,12.01,3.24,6.0,73.56,28.15,14.97,36.47,8.14,50.18,32.16,10.34,16.45,78.58,11.9,2.72,,8.94,11.15,12.52,13.79,5.76,25.8,63.43,3.86,45.55,147.62,77.41,8.11,,31.31,15.57
2018-08-22 07:00:00,7.34,14.12,18.11,26.45,71.01,19.24,92.52,12.16,8.87,69.95,5.74,9.33,13.83,57.44,16.16,6.83,7.04,9.97,6.33,25.78,12.09,3.21,6.22,73.56,28.5,15.06,36.36,8.19,51.18,33.46,10.42,16.71,78.58,12.28,2.78,,9.47,11.5,12.61,13.94,5.82,26.56,64.07,3.84,46.0,149.58,78.9,8.37,,31.7,15.78
2018-08-23 07:00:00,7.32,13.94,17.84,27.14,74.38,19.06,94.96,12.02,8.84,69.58,5.74,9.1,13.94,58.9,16.83,6.92,7.13,10.05,6.24,25.62,12.09,3.28,6.14,75.18,28.31,15.09,36.03,8.41,50.87,32.83,10.42,16.95,78.21,12.09,2.78,,9.27,11.45,12.75,14.26,5.81,26.22,64.13,3.78,46.22,148.5,78.52,8.31,,31.7,15.75
2018-08-24 07:00:00,7.37,14.56,17.78,26.65,75.64,19.06,94.35,11.93,8.64,69.01,5.73,9.16,14.04,58.2,16.61,6.92,7.11,10.08,6.33,24.56,12.13,3.28,6.17,73.89,28.24,15.15,35.58,8.6,50.41,32.83,10.5,17.48,77.84,12.06,2.72,,9.36,11.35,12.64,14.3,5.88,26.47,65.41,3.77,46.48,147.82,78.66,8.23,,32.38,15.82
2018-08-27 07:00:00,7.53,14.29,18.38,26.65,75.64,19.17,97.64,12.11,8.71,69.22,5.74,9.03,14.0,60.02,17.17,6.92,7.14,10.24,6.51,23.91,12.34,3.31,6.22,73.4,28.22,15.2,36.19,8.49,52.33,33.4,10.34,17.48,78.95,12.57,2.72,,9.35,11.4,12.57,13.99,5.89,26.43,65.24,3.72,46.26,149.28,78.52,8.18,,32.45,15.85
2018-08-28 07:00:00,7.51,13.76,18.71,26.55,76.39,19.87,98.73,12.5,8.8,67.78,5.65,9.1,14.0,60.02,17.14,6.83,7.13,10.34,6.63,24.4,12.71,3.24,6.32,74.53,28.85,15.17,36.25,8.44,52.95,33.11,10.5,17.53,80.79,12.35,2.78,,9.5,11.5,12.57,13.62,5.89,26.85,65.0,3.74,46.04,149.58,77.12,8.31,,31.86,15.92
2018-08-29 07:00:00,7.59,13.48,18.38,26.9,75.8,19.68,100.31,12.48,8.87,67.06,5.6,9.1,13.96,60.8,16.92,6.92,7.15,10.61,6.45,24.15,12.8,3.24,6.28,74.53,28.62,15.4,36.14,8.51,53.1,32.83,10.5,17.34,81.9,12.12,2.82,,9.66,11.5,12.4,13.94,5.96,27.02,64.71,3.67,46.31,152.02,76.83,8.29,,31.7,16.0
2018-08-30 07:00:00,7.61,13.48,18.33,26.6,77.32,19.54,98.67,12.37,9.32,65.98,5.61,9.07,13.97,60.08,16.67,7.09,7.37,10.5,6.51,24.89,12.73,3.21,6.22,74.53,28.45,15.23,36.03,8.39,51.95,33.18,10.97,17.2,81.97,12.25,2.82,,9.7,11.45,12.35,14.21,5.98,26.68,62.96,3.65,45.77,151.53,75.91,8.23,,31.31,15.86
2018-08-31 07:00:00,7.66,13.48,18.98,27.0,76.98,19.72,101.71,12.62,9.46,67.64,5.52,9.1,13.96,62.46,16.83,7.18,7.56,10.56,6.63,24.48,12.77,3.24,6.35,77.45,28.78,15.43,36.19,8.25,53.1,33.75,11.29,17.48,83.37,12.12,2.78,,9.76,11.55,12.42,13.82,5.99,26.98,62.61,3.67,45.91,153.59,75.63,8.31,,31.62,16.0
2018-09-04 07:00:00,7.51,13.48,18.55,27.99,77.32,19.24,100.56,12.34,9.32,66.99,5.71,9.1,13.94,61.27,16.8,7.0,7.53,10.53,6.48,24.64,13.21,3.24,6.2,76.96,27.92,15.23,36.03,8.22,52.18,32.67,11.13,17.24,83.37,12.19,2.75,,9.6,11.35,12.42,13.23,5.95,26.43,62.32,3.65,45.95,152.51,76.01,8.44,,31.11,15.95
2018-09-05 07:00:00,7.32,13.4,17.57,27.89,74.21,19.02,98.12,11.86,9.48,66.84,5.68,9.03,13.93,60.38,16.8,6.92,7.41,10.29,6.39,24.24,13.04,3.17,6.04,75.91,27.55,15.17,35.97,8.2,51.64,31.81,10.82,17.0,82.56,11.8,2.69,,9.35,11.25,12.33,13.28,5.93,25.8,61.68,3.57,45.37,146.22,76.12,8.37,,29.96,15.8
2018-09-06 07:00:00,7.55,13.48,18.06,28.14,74.38,19.28,99.83,11.95,9.5,66.05,5.61,9.0,13.63,59.49,16.83,6.83,7.33,10.24,6.39,24.97,12.88,3.17,5.97,75.34,27.31,15.0,35.41,8.14,51.41,31.07,10.66,16.81,81.9,11.96,2.69,,9.43,11.15,12.19,13.33,5.85,25.63,61.8,3.44,44.93,148.2,73.49,8.24,,29.32,15.4
2018-09-07 07:00:00,7.26,13.48,17.73,27.59,72.27,18.84,99.83,11.82,9.32,66.12,5.52,9.0,13.44,59.01,17.17,6.92,7.23,10.24,6.3,24.56,12.71,3.1,5.9,76.4,27.01,15.06,36.03,8.02,51.49,30.6,10.82,16.57,81.16,12.47,2.65,,9.47,11.3,11.81,12.8,5.71,25.42,60.63,3.43,42.71,145.72,71.44,7.98,,28.97,15.4
2018-09-10 07:00:00,7.41,12.59,18.44,28.19,74.38,18.84,100.44,12.11,9.39,66.34,5.6,9.1,13.66,59.73,17.14,6.83,7.26,10.52,6.24,24.89,13.04,3.1,6.0,76.23,27.29,15.29,36.03,8.14,52.18,31.3,11.21,16.76,82.16,12.66,2.72,,9.6,11.35,12.0,12.21,5.86,26.22,61.51,3.53,43.55,146.51,74.66,8.15,,29.88,15.65
2018-09-11 07:00:00,7.26,13.48,18.55,27.89,75.22,18.66,98.79,11.95,9.34,65.98,5.55,8.97,13.45,59.49,16.86,6.83,7.36,10.36,6.33,24.68,13.46,3.1,5.95,74.53,27.5,15.15,36.75,8.15,53.49,31.23,11.53,16.62,82.27,12.54,2.69,,9.53,11.75,12.02,11.9,5.84,26.01,60.63,3.53,43.77,146.32,74.66,7.97,,29.96,15.54
2018-09-12 07:00:00,7.37,13.48,19.37,27.99,80.68,18.91,100.38,12.43,9.28,66.7,5.61,8.97,13.75,62.46,17.3,6.92,7.36,10.64,6.39,24.97,13.74,3.1,6.07,75.83,28.15,15.35,37.03,8.39,54.64,31.87,11.84,16.93,81.93,12.54,2.72,,9.95,12.0,12.05,12.82,5.78,26.73,61.1,3.61,44.97,149.29,77.88,8.08,,30.35,15.8
2018-09-13 07:00:00,7.32,13.13,19.2,27.54,79.08,18.84,99.83,12.27,9.23,66.34,5.61,9.0,13.82,64.96,17.11,6.83,7.36,10.53,6.51,25.05,13.64,3.07,6.01,74.29,28.15,15.63,37.7,8.25,54.49,32.03,11.6,17.0,81.53,12.79,2.69,,9.8,12.2,11.81,12.5,5.79,26.56,60.63,3.64,45.06,148.89,77.3,7.98,,30.04,15.82
2018-09-14 07:00:00,7.41,13.48,19.26,27.84,83.2,18.69,99.22,12.32,9.32,67.28,5.66,9.0,13.78,63.71,17.05,6.83,7.64,10.56,6.88,25.09,13.97,3.14,5.99,74.86,28.38,16.21,38.14,8.3,53.41,32.35,11.53,17.1,81.9,12.92,2.75,,9.75,12.1,11.9,12.24,5.81,26.73,61.68,3.63,44.57,147.11,77.35,7.98,,29.88,15.85
2018-09-17 07:00:00,7.48,13.04,18.93,28.99,81.52,18.99,98.67,12.34,9.44,66.7,5.6,9.03,14.07,64.25,17.45,6.83,7.64,10.42,6.69,24.89,13.66,3.14,5.91,73.8,28.27,15.95,37.86,8.28,53.87,32.19,11.68,17.24,83.0,13.02,2.75,,9.75,12.0,11.93,11.63,5.81,27.06,61.51,3.64,44.8,147.8,78.47,7.95,,29.96,15.7
2018-09-18 07:00:00,7.32,13.31,18.44,28.94,78.16,18.73,97.39,12.14,9.8,67.71,5.65,8.97,13.82,64.25,16.91,6.83,7.53,10.4,6.76,24.97,13.46,3.1,5.72,74.13,27.89,15.81,37.14,8.25,54.26,31.36,11.92,16.71,82.64,12.92,2.69,,9.5,11.8,12.31,11.7,5.78,26.43,61.51,3.61,43.55,144.73,79.7,7.97,,29.4,15.7
2018-09-19 07:00:00,7.46,13.31,19.37,29.19,81.52,18.77,100.31,12.46,9.78,68.14,5.65,8.9,14.23,66.63,17.51,6.83,7.58,10.56,7.42,24.56,13.72,3.14,5.8,74.53,28.62,16.04,37.47,8.15,55.41,32.19,11.92,17.1,82.27,13.05,2.72,,9.87,12.45,12.38,11.75,5.79,26.94,61.45,3.6,44.26,148.2,80.81,8.02,,29.32,15.55
2018-09-20 07:00:00,7.44,13.94,19.26,29.73,81.94,18.99,98.61,12.32,9.89,68.5,5.69,9.03,14.24,67.22,17.95,6.92,7.62,10.58,7.39,24.64,13.87,3.28,5.88,74.13,28.36,16.4,36.75,8.22,54.72,31.87,12.16,17.17,81.16,13.11,2.78,,9.87,12.55,12.57,11.9,5.82,26.77,61.22,3.64,43.64,148.4,80.34,8.18,,29.32,15.9
2018-09-21 07:00:00,7.52,13.48,19.47,29.78,82.36,18.91,99.83,12.64,9.68,69.95,5.86,9.29,14.56,68.77,18.32,6.92,7.7,10.87,7.54,24.85,14.9,3.31,5.96,74.94,28.36,16.04,36.03,8.22,55.11,31.68,13.03,17.44,80.61,13.3,2.82,,10.12,12.65,13.23,11.87,5.82,27.49,60.98,3.65,43.77,148.69,79.64,8.47,,29.88,15.96
2018-09-24 07:00:00,7.66,15.91,19.26,30.13,82.78,18.84,101.84,12.87,9.66,69.37,5.84,9.29,14.51,68.95,18.32,7.09,7.69,11.06,7.42,24.07,14.59,3.55,6.07,75.34,29.31,15.79,35.36,8.57,54.87,32.79,12.55,17.48,80.79,13.43,2.88,,10.19,12.8,13.37,11.12,5.83,27.7,59.17,3.82,43.82,148.2,80.69,8.6,,30.27,16.25
2018-09-25 07:00:00,7.59,16.36,18.96,31.18,81.77,18.91,103.36,12.73,9.64,69.44,5.92,9.16,14.54,71.33,18.05,7.0,7.72,10.87,7.3,24.19,14.55,3.48,6.09,77.37,29.48,15.85,35.69,8.54,56.41,32.51,12.47,17.73,80.75,13.68,2.85,,10.1,12.55,13.23,11.7,5.82,27.4,60.05,3.84,44.26,150.88,80.22,8.44,,31.23,16.25
2018-09-26 07:00:00,7.55,17.08,19.07,30.98,81.52,19.43,102.14,12.71,9.75,69.44,5.97,8.97,14.54,70.2,18.15,7.26,7.7,10.94,7.63,23.66,14.52,3.48,6.0,75.75,29.31,15.79,35.64,8.38,56.26,32.86,12.71,17.39,80.79,13.49,2.85,,10.09,12.6,13.23,11.68,5.76,27.23,59.47,3.76,44.08,150.68,80.17,8.44,,31.54,16.22
2018-09-27 07:00:00,7.52,17.53,19.09,31.88,79.84,19.5,101.04,12.73,9.89,71.82,6.23,9.23,14.56,70.08,18.38,7.26,7.64,10.93,7.81,23.3,14.52,3.52,6.07,75.75,29.15,16.1,36.19,8.54,55.41,32.67,12.63,17.82,80.75,13.56,2.85,,10.18,12.75,13.79,11.85,5.76,26.98,60.05,3.84,44.0,151.17,80.22,8.49,,32.34,16.24
2018-09-28 07:00:00,7.55,17.89,19.04,31.88,83.2,19.5,102.57,12.69,9.78,72.83,6.19,9.13,14.7,70.2,18.38,7.18,7.64,11.03,7.63,23.34,14.99,3.55,6.04,75.67,29.9,16.04,37.03,8.52,55.41,32.76,12.79,17.92,81.53,13.56,2.91,,10.33,12.7,13.94,11.75,5.76,26.94,61.51,3.82,43.82,151.27,81.1,8.72,,32.49,16.28
2018-10-01 07:00:00,7.57,17.8,19.2,31.63,82.36,19.98,101.04,12.64,9.91,71.82,6.29,9.23,14.64,68.89,18.02,7.35,7.69,11.22,7.63,23.42,14.99,3.66,6.07,75.18,29.55,15.98,37.03,8.86,54.64,33.62,13.18,17.82,82.01,13.36,2.98,,10.27,13.8,13.77,11.56,5.81,26.85,62.09,3.88,44.4,150.28,80.11,8.78,,32.73,16.47
2018-10-02 07:00:00,7.48,19.78,18.98,31.28,81.52,19.72,100.31,12.39,9.82,70.74,6.34,9.42,14.5,71.27,17.95,7.69,7.8,11.07,7.69,23.5,15.12,3.69,6.07,76.07,29.55,15.79,35.64,8.75,55.49,33.46,13.18,17.58,81.97,13.17,2.91,,10.13,13.9,13.51,11.53,5.81,26.43,60.81,3.92,44.4,146.71,79.05,8.6,,32.49,16.3
2018-10-03 07:00:00,7.55,19.69,19.8,32.87,80.01,19.5,99.52,12.5,10.09,69.95,6.29,9.42,14.32,71.92,17.68,7.87,7.76,10.87,7.6,23.17,14.99,3.66,6.03,75.75,29.52,15.79,35.64,8.77,54.64,33.59,13.03,17.56,83.0,13.11,2.88,,10.18,13.8,13.89,11.04,5.81,26.81,61.16,3.92,45.77,144.53,80.22,8.54,,32.1,16.3
2018-10-04 07:00:00,7.44,19.69,20.02,34.12,79.92,19.35,99.58,12.76,10.46,69.95,6.29,9.68,14.38,74.36,17.98,9.94,7.82,10.93,7.54,22.68,14.96,3.62,6.11,75.59,29.85,16.1,35.52,8.81,55.18,34.42,13.26,17.58,83.37,13.27,2.91,,10.33,13.9,13.94,11.48,5.83,26.64,60.63,3.84,45.37,143.74,80.17,8.54,,32.89,16.35
2018-10-05 07:00:00,7.55,19.33,19.86,33.67,80.68,19.46,100.31,12.69,10.75,67.78,6.15,9.52,14.53,72.52,18.78,9.08,7.67,10.98,7.6,22.72,15.27,3.62,6.3,75.99,30.01,15.88,35.64,8.7,54.64,34.42,13.03,17.77,82.27,13.05,2.95,,10.43,13.8,14.22,11.31,6.0,26.77,60.63,3.89,44.4,142.25,79.64,8.6,,32.81,16.31
2018-10-08 07:00:00,7.44,16.63,19.2,33.52,80.68,19.06,102.26,12.32,10.75,67.49,6.06,9.13,14.38,69.9,18.95,7.95,7.45,10.93,7.69,22.36,15.25,3.59,6.2,73.24,29.43,15.79,35.52,8.52,52.95,33.78,12.71,17.63,81.79,12.86,2.88,,10.24,13.65,13.75,11.19,5.99,26.56,60.11,3.88,43.37,141.85,78.53,8.36,,32.1,16.15
2018-10-09 07:00:00,7.48,18.97,19.69,33.87,80.26,19.43,101.04,12.3,11.07,67.42,5.94,9.36,14.23,71.38,18.95,8.65,7.49,11.01,8.02,21.79,15.14,3.52,6.24,72.75,29.8,16.31,35.25,8.48,51.95,34.23,12.24,17.82,81.79,13.11,2.85,,10.29,13.95,13.89,11.41,5.85,26.47,59.16,3.78,42.93,139.77,77.41,8.24,,31.31,15.9
2018-10-10 07:00:00,7.48,18.16,19.75,33.17,77.82,19.57,100.98,12.27,11.12,65.98,5.97,9.2,14.13,71.38,18.78,8.73,7.47,10.9,7.96,21.95,15.12,3.52,6.01,71.29,30.24,16.1,36.25,8.62,52.1,34.74,12.08,17.97,81.79,13.3,2.82,,10.33,13.5,14.08,11.43,5.92,26.51,59.38,3.8,42.93,141.95,76.42,8.24,,31.31,15.96
2018-10-11 07:00:00,7.39,17.08,18.06,29.44,74.8,18.99,97.7,11.54,10.91,65.62,5.81,8.97,13.91,67.1,17.98,8.47,7.33,10.64,7.18,20.81,14.77,3.38,5.78,65.38,30.01,15.73,35.64,8.33,48.1,33.62,12.0,16.86,83.37,13.05,2.75,,9.86,12.95,13.32,10.9,5.54,25.7,56.1,3.78,40.88,140.76,72.03,7.69,,30.91,15.0
2018-10-12 07:00:00,6.79,17.53,18.0,27.69,71.18,18.69,94.96,11.08,10.73,62.88,5.66,8.77,13.44,66.98,16.98,7.61,7.09,10.45,6.85,20.81,14.02,3.14,5.51,61.08,28.87,15.19,35.52,8.19,47.72,31.77,11.13,16.38,81.9,12.44,2.56,,9.51,12.4,13.16,10.22,5.51,24.41,55.74,3.53,41.33,139.57,74.37,7.64,,29.48,14.8
2018-10-15 07:00:00,7.15,17.62,18.55,30.18,76.48,18.88,95.75,11.63,10.91,66.34,5.82,9.1,13.85,70.2,17.71,8.82,7.23,10.8,7.06,21.46,14.5,3.24,5.75,65.62,29.69,15.79,37.86,8.39,49.56,33.72,11.92,16.74,81.34,12.98,2.69,,9.78,13.0,13.56,10.95,5.56,25.61,56.1,3.61,42.66,139.77,75.54,7.92,,30.16,15.99
2018-10-16 07:00:00,6.88,17.44,17.78,29.88,74.04,18.51,94.96,11.36,11.09,65.98,5.77,8.84,13.75,68.41,17.35,8.65,7.03,10.7,6.72,21.05,14.68,3.31,5.59,63.52,29.08,15.61,38.86,8.39,48.26,32.67,11.76,16.38,81.93,12.86,2.62,,9.61,13.0,13.3,10.48,5.33,25.27,53.26,3.63,42.22,138.19,73.78,7.72,,29.48,15.35
2018-10-17 07:00:00,7.04,17.35,18.55,31.08,75.64,18.95,96.3,11.72,11.14,65.91,5.92,8.97,13.85,70.79,17.98,8.21,7.33,10.93,7.12,21.05,14.52,3.35,5.78,64.81,29.78,15.61,40.54,8.54,49.64,33.72,11.68,16.76,82.45,13.11,2.69,,9.76,13.9,13.84,10.66,5.36,25.66,55.59,3.65,43.82,136.7,74.66,7.9,,30.12,15.74
2018-10-18 07:00:00,6.99,17.44,18.77,31.43,75.22,18.77,95.87,11.45,11.09,65.76,5.84,9.1,13.82,69.06,17.85,8.04,7.36,10.87,6.91,21.3,14.55,3.38,5.69,65.62,29.85,15.67,40.81,8.54,48.79,33.02,11.68,16.69,83.16,13.11,2.59,,9.64,13.35,13.61,10.41,5.44,25.27,55.66,3.65,43.77,137.99,74.31,7.79,,29.8,15.55
2018-10-19 07:00:00,6.86,17.62,18.55,30.53,76.31,18.4,94.35,11.22,11.37,64.54,5.81,8.97,13.59,65.44,17.82,7.87,7.23,10.8,6.88,20.89,14.41,3.28,5.46,64.08,29.2,15.34,40.37,8.48,47.79,32.51,11.37,16.21,81.71,12.76,2.62,,9.45,13.3,13.42,10.41,5.41,24.41,54.35,3.64,42.88,134.32,73.26,7.66,,29.13,15.36
2018-10-22 07:00:00,6.88,17.98,19.09,30.53,77.32,18.69,94.96,11.4,11.37,63.1,5.81,9.03,13.72,67.22,18.25,7.78,7.19,10.82,6.88,20.89,14.28,3.31,5.66,65.62,29.31,15.13,38.98,8.54,47.72,33.43,11.29,16.45,81.71,13.05,2.65,,9.64,13.35,13.7,10.53,5.42,25.06,54.5,3.67,43.6,131.84,73.78,7.8,,29.8,15.35
2018-10-23 07:00:00,6.84,17.8,18.98,29.39,77.15,18.25,92.1,11.18,10.48,64.18,5.84,8.81,13.64,66.63,17.82,7.78,7.13,10.6,6.57,20.81,14.06,3.24,5.54,64.0,28.85,14.46,39.53,8.52,46.56,32.09,11.13,16.28,82.45,12.79,2.59,,9.32,12.8,13.61,10.31,5.46,24.41,53.77,3.65,43.6,127.38,73.61,7.53,,29.48,15.28
2018-10-24 07:00:00,6.57,17.26,19.04,28.19,75.22,17.85,88.57,10.83,10.73,63.82,5.77,8.84,13.29,63.71,17.18,7.78,7.13,10.4,6.21,21.09,13.38,3.17,5.62,61.65,27.8,14.37,39.48,8.51,44.18,31.77,11.05,15.99,82.6,13.05,2.52,,9.16,12.6,13.18,9.93,5.42,23.9,53.55,3.6,43.55,126.19,72.32,7.33,,29.01,14.9
2018-10-25 07:00:00,6.41,17.8,16.56,27.1,73.2,17.23,85.22,10.26,9.89,61.36,5.55,8.97,12.65,57.7,16.41,7.69,6.73,10.08,5.73,20.73,13.23,3.14,5.36,57.52,25.71,14.09,40.54,8.35,41.1,29.0,10.5,15.03,80.63,12.98,2.49,,8.38,11.95,11.9,9.22,5.42,22.7,49.91,3.51,42.97,121.93,70.27,6.81,,27.1,14.0
2018-10-26 07:00:00,6.46,17.35,17.46,27.74,78.07,17.45,88.87,10.72,9.91,62.01,5.74,8.94,13.12,61.87,17.05,7.35,6.82,10.42,6.0,21.13,13.4,3.14,5.57,62.38,26.75,14.61,41.2,8.67,45.33,30.88,10.82,15.66,82.97,13.11,2.27,,8.96,12.75,12.71,9.97,5.46,23.94,49.91,3.49,42.75,126.39,71.38,7.04,,28.77,14.85
2018-10-29 07:00:00,6.28,17.44,16.64,28.14,77.32,16.57,85.89,10.21,9.91,61.29,5.81,8.94,12.8,60.44,18.12,7.78,6.81,10.25,5.97,20.81,13.67,3.17,5.51,60.76,25.13,14.58,40.7,8.64,43.87,29.32,10.82,15.17,82.45,13.08,2.46,,8.69,12.3,12.19,9.88,5.51,22.83,45.54,3.45,42.44,123.71,71.15,6.86,,27.74,14.52
2018-10-30 07:00:00,6.21,17.08,15.55,28.04,76.9,16.6,84.61,10.12,10.07,60.43,5.76,8.71,12.99,57.46,17.85,7.95,6.75,10.24,5.79,20.32,13.8,3.17,5.58,61.0,24.43,14.52,39.48,8.38,43.1,28.71,10.74,14.93,82.45,13.3,2.43,,8.69,11.95,12.14,9.73,5.51,22.66,43.79,3.45,42.44,123.81,70.27,6.55,,27.9,14.4
2018-10-31 07:00:00,6.35,17.26,15.55,28.39,81.01,17.3,87.35,10.35,10.09,60.36,5.9,8.9,13.2,59.78,18.18,8.21,6.58,10.37,5.57,20.48,13.84,3.17,5.7,64.0,25.15,14.58,39.03,8.39,44.41,30.28,10.9,14.98,82.53,12.98,2.46,,8.85,12.2,12.33,9.68,5.65,23.22,45.39,3.52,42.48,125.89,68.69,6.76,,28.17,15.1
2018-11-01 07:00:00,6.73,17.53,17.16,28.39,82.44,17.34,88.63,10.76,10.73,60.57,6.06,8.9,13.29,61.27,18.45,8.04,6.5,10.58,5.43,21.13,14.15,3.24,5.72,66.84,26.29,15.0,39.59,8.51,45.64,30.79,10.9,15.29,82.64,13.05,2.49,,9.09,12.55,12.73,9.73,5.87,23.9,47.43,3.59,42.88,133.33,68.51,6.97,,29.09,15.05
2018-11-02 07:00:00,6.55,,16.91,27.59,83.12,17.15,88.93,10.53,11.25,60.43,5.97,8.84,13.39,60.26,18.55,8.04,6.53,10.61,5.1,21.09,13.89,3.17,5.7,67.0,26.27,15.16,39.53,8.52,45.02,30.6,10.74,14.93,81.71,13.08,2.46,,8.93,12.35,12.57,9.71,5.72,23.56,51.0,3.56,42.48,132.83,66.93,6.83,,28.46,14.8
2018-11-05 07:00:00,6.75,17.53,17.46,28.04,80.26,17.52,92.22,10.62,10.96,59.85,6.0,8.9,13.47,60.38,18.38,8.65,6.64,10.5,4.97,20.81,13.65,3.17,5.7,67.0,25.92,15.09,39.59,8.65,45.79,31.07,10.82,15.41,81.34,13.11,2.49,,8.98,12.3,12.61,9.73,5.43,23.94,53.19,3.56,42.66,134.32,68.57,6.78,,28.65,15.02
2018-11-06 07:00:00,6.7,17.26,18.0,28.29,77.82,17.85,92.04,10.85,10.75,59.85,6.0,8.84,13.5,61.69,18.58,8.13,6.62,10.64,5.31,20.81,13.8,3.17,5.78,69.83,26.17,15.19,38.92,8.64,47.33,31.81,10.9,15.41,82.82,13.75,2.49,,9.2,12.4,12.94,9.71,5.48,24.41,53.19,3.53,42.66,134.82,68.22,6.92,,30.11,14.96
2018-11-07 07:00:00,6.55,17.53,17.46,28.64,80.59,18.47,92.22,10.65,10.82,61.29,5.97,8.87,13.33,59.96,18.65,8.13,6.44,10.5,5.2,20.85,13.58,3.17,5.69,68.46,26.17,15.19,38.81,8.64,46.41,31.07,11.05,15.22,82.93,13.78,2.46,,9.04,12.25,12.61,9.54,5.48,23.9,52.75,3.54,42.8,132.93,68.92,6.86,,29.62,15.0
2018-11-08 07:00:00,6.59,17.8,18.27,28.59,75.72,18.62,92.64,10.85,10.82,59.85,6.1,8.81,13.36,60.68,18.68,8.9,6.58,10.57,5.24,20.6,13.58,3.21,5.72,68.86,25.82,15.19,38.59,8.62,46.18,31.23,11.05,15.34,83.57,14.38,2.46,,9.16,12.95,12.99,9.78,5.54,24.29,53.48,3.64,42.66,131.55,70.74,6.84,,29.72,15.02
2018-11-09 07:00:00,6.53,17.89,17.57,28.39,79.0,18.18,91.37,10.49,10.68,61.29,5.97,8.77,13.22,59.25,18.85,8.47,6.54,10.24,5.24,20.6,13.56,3.17,5.63,68.05,25.59,15.19,38.42,8.56,45.79,30.6,11.29,15.17,83.94,13.97,2.46,,9.01,12.55,12.68,10.05,5.61,23.64,54.28,3.76,42.22,132.44,69.1,6.73,,30.11,14.85
2018-11-12 07:00:00,6.37,17.89,16.97,27.94,79.84,18.22,90.09,10.3,10.57,60.93,5.94,8.87,13.02,56.51,18.52,7.78,6.5,9.97,4.98,20.48,13.54,3.17,5.38,67.32,24.66,15.31,38.98,8.54,43.56,29.7,10.82,14.96,83.9,14.0,2.43,,8.69,12.2,12.42,9.88,5.56,23.13,54.93,3.65,42.57,129.76,67.52,6.61,,29.72,14.6
2018-11-13 07:00:00,6.35,17.71,17.07,27.49,81.52,18.03,86.74,10.08,10.46,59.13,5.94,8.61,13.02,55.56,18.65,8.04,6.26,9.81,4.8,20.93,13.49,3.1,5.38,66.43,25.17,15.19,39.2,8.44,43.48,29.8,10.9,14.76,86.28,14.32,2.4,,8.69,12.0,12.14,9.63,5.65,22.83,53.26,3.69,42.13,127.88,67.46,6.58,,29.43,14.6
2018-11-14 07:00:00,6.26,17.8,16.91,28.14,83.2,18.29,88.26,10.08,10.66,59.2,6.11,8.68,13.25,54.73,19.42,8.21,5.95,9.77,4.79,20.48,13.21,3.1,5.4,64.08,25.1,15.46,39.48,8.41,43.18,29.8,10.82,14.93,88.39,14.19,2.4,,8.8,12.0,12.09,9.66,5.64,22.96,55.23,3.65,41.6,127.08,67.93,6.57,,29.14,14.8
2018-11-15 07:00:00,6.01,17.98,16.37,27.59,80.85,17.85,88.87,9.71,10.59,59.42,6.13,8.84,13.28,54.67,19.92,8.56,5.73,9.42,4.58,20.64,13.27,3.07,5.32,64.65,25.13,15.49,39.48,8.43,43.1,29.67,10.74,14.69,90.06,14.45,2.36,,8.79,12.0,11.93,9.73,5.66,22.79,54.5,3.65,42.08,126.49,68.81,6.43,,29.14,14.36
2018-11-16 07:00:00,6.1,17.08,17.18,27.64,79.84,18.33,89.48,9.89,10.66,59.35,6.13,8.77,13.44,55.03,19.19,8.04,5.6,9.42,4.4,20.81,13.12,3.1,5.44,65.54,25.13,15.58,40.15,8.46,43.1,29.64,10.66,14.93,90.99,13.36,2.33,,8.79,12.1,12.05,9.8,5.67,23.13,54.28,3.66,40.75,127.28,68.51,6.22,,29.48,14.3
2018-11-19 07:00:00,6.28,,17.57,27.94,79.59,19.32,90.7,10.14,10.39,59.35,6.1,8.81,13.59,56.51,19.25,8.04,5.98,9.42,4.51,20.4,13.14,3.1,5.58,64.49,25.5,15.37,38.81,8.49,44.02,29.89,11.37,15.12,90.99,13.75,2.43,,8.82,12.25,12.14,9.9,5.76,23.13,52.09,3.82,40.04,127.08,67.93,7.07,,29.14,14.45
2018-11-20 07:00:00,6.44,17.62,17.16,27.54,79.75,19.94,91.31,10.4,10.23,59.63,6.13,8.77,13.66,56.99,19.29,8.04,6.02,9.44,4.52,20.44,13.14,3.14,5.53,65.78,26.27,15.49,38.48,8.51,44.79,30.24,11.21,15.0,90.18,13.68,2.43,,8.9,12.25,12.42,9.93,5.82,23.13,52.53,3.8,42.08,127.38,67.58,7.01,,29.24,14.8
2018-11-21 07:00:00,6.35,17.89,17.02,27.39,78.16,19.21,91.85,10.44,10.14,60.93,6.32,8.61,13.53,55.92,19.59,8.04,5.88,9.56,4.52,20.4,13.05,3.14,5.49,64.81,25.81,15.06,38.2,8.51,43.87,30.24,11.05,14.91,89.88,13.65,2.43,,8.85,12.05,12.28,10.22,5.81,22.74,54.64,3.72,43.11,127.88,67.93,6.94,,29.29,14.7
2018-11-22 07:00:00,6.64,17.53,17.57,28.34,80.59,19.76,94.23,10.81,10.68,60.93,6.45,8.71,13.72,55.86,19.69,8.21,6.0,9.71,4.61,20.4,13.03,3.14,5.59,65.78,26.61,15.55,37.64,8.59,45.18,30.53,11.13,15.8,89.88,13.81,2.46,,9.13,12.3,12.71,10.61,6.09,23.56,55.01,3.68,43.2,126.89,69.8,7.17,,30.94,14.9
2018-11-23 07:00:00,6.55,,17.35,27.89,80.59,19.28,93.19,10.46,10.57,61.44,6.36,8.71,13.63,55.32,19.29,8.21,6.1,9.5,4.49,20.52,12.96,3.31,5.57,66.43,26.61,15.37,37.7,8.52,44.64,30.75,11.68,15.66,89.51,13.68,2.43,,9.05,12.3,12.52,10.41,6.23,23.43,56.1,3.68,43.91,127.38,70.21,7.23,,30.55,14.78
2018-11-26 07:00:00,6.33,,17.13,27.84,82.28,19.17,89.48,10.26,11.14,61.29,6.39,8.68,13.61,53.9,18.78,8.21,6.0,9.44,4.22,20.32,12.81,3.28,5.5,66.11,26.06,15.19,37.92,8.49,44.72,30.24,11.37,15.61,89.88,13.75,2.4,,8.75,12.25,12.28,10.22,5.87,23.13,55.37,3.66,44.0,126.09,69.22,7.07,,30.01,14.5
2018-11-27 07:00:00,6.46,,17.4,28.59,82.28,19.35,93.74,10.4,11.14,60.57,6.39,8.58,13.56,54.61,18.78,8.39,6.04,9.5,4.28,20.4,12.44,3.24,5.5,66.51,26.52,15.37,38.36,8.52,44.79,30.75,11.92,15.7,88.42,13.78,2.36,,8.83,12.3,12.42,10.1,5.85,23.3,56.46,3.65,44.66,126.69,72.9,7.04,,30.21,14.81
2018-11-28 07:00:00,5.95,17.98,17.16,27.89,82.02,19.13,94.35,10.21,11.14,59.78,6.68,8.68,13.52,53.9,18.75,8.04,5.98,9.47,4.23,20.07,12.3,3.21,5.44,66.11,26.21,15.4,38.25,8.51,44.64,29.96,11.76,15.46,90.63,13.87,2.33,,8.83,12.1,12.28,10.02,5.74,22.87,56.83,3.63,45.11,125.89,73.78,6.84,,29.92,14.8
2018-11-29 07:00:00,6.55,18.25,17.21,27.69,80.68,19.39,96.42,10.51,11.39,59.92,6.68,8.71,13.69,54.85,18.85,8.04,6.04,9.39,4.22,20.03,13.05,3.21,5.47,66.84,26.37,15.55,38.53,8.57,45.33,30.44,11.84,15.58,94.38,14.0,2.36,,9.01,12.3,12.49,10.05,5.72,23.81,57.19,3.61,45.55,129.86,75.25,6.92,,30.21,14.78
2018-11-30 07:00:00,6.1,19.78,16.69,27.49,79.84,19.1,95.57,10.42,11.6,58.7,6.82,8.81,13.56,53.66,18.72,8.13,5.99,9.02,3.99,19.83,13.14,3.24,5.46,65.62,26.24,15.37,38.53,8.51,44.18,29.1,11.6,15.44,93.44,13.75,2.36,,8.93,12.15,12.4,9.9,5.69,23.52,57.34,3.65,44.88,130.36,73.78,6.74,,30.3,14.8
2018-12-03 07:00:00,6.64,19.6,17.46,27.84,81.52,19.65,94.65,10.81,11.41,59.13,6.97,8.87,13.66,55.92,18.92,8.13,5.98,9.02,4.11,19.91,13.23,3.24,5.69,66.03,26.52,15.43,37.92,8.54,45.56,30.08,11.84,15.66,95.5,13.49,2.43,,9.2,12.4,12.52,10.02,5.74,24.29,57.19,3.63,45.24,130.65,74.95,6.91,,29.82,14.8
2018-12-04 07:00:00,6.95,19.78,18.3,28.14,81.94,19.21,96.78,11.02,11.48,60.86,7.08,9.03,14.2,57.7,18.92,8.04,6.38,9.28,4.41,20.07,13.62,3.35,5.8,66.84,27.45,15.67,38.09,8.51,46.95,30.28,11.84,16.14,93.25,13.36,2.49,,9.32,12.8,12.85,10.05,5.86,24.76,56.83,3.7,45.51,130.85,78.47,7.18,,30.89,15.2
2018-12-05 07:00:00,6.86,19.96,18.0,28.44,81.52,19.28,94.65,10.76,11.28,59.99,6.87,9.2,14.05,56.81,19.29,8.21,6.14,9.11,4.28,19.91,13.51,3.41,5.7,67.65,27.08,15.49,37.81,8.44,46.33,30.12,12.16,15.9,93.55,13.05,2.46,,9.2,12.55,12.99,9.9,5.76,24.41,58.29,3.7,45.28,131.25,78.76,7.17,,31.52,15.3
2018-12-06 07:00:00,6.84,18.97,18.38,28.64,86.14,19.43,94.65,10.97,10.94,60.57,6.73,8.81,14.07,56.81,18.92,8.04,6.18,9.31,4.32,19.79,13.36,3.38,5.83,68.05,27.3,15.52,37.31,8.89,46.95,30.4,12.32,16.09,91.83,12.6,2.49,,9.29,12.65,13.23,10.17,5.87,24.59,59.01,3.72,45.37,129.86,77.3,7.27,,31.96,15.27
2018-12-07 07:00:00,6.86,19.78,18.44,29.1,84.46,19.35,95.57,11.02,10.91,60.57,7.03,9.33,14.1,56.51,19.19,8.04,6.06,9.26,4.52,20.03,13.34,3.45,5.92,68.05,27.27,15.31,37.97,8.81,46.56,30.44,12.16,16.06,92.13,12.73,2.46,,9.32,12.65,13.32,10.1,6.24,24.59,59.31,3.72,45.37,131.05,77.35,7.3,,31.86,15.28
2018-12-10 07:00:00,6.77,20.14,18.38,29.1,86.56,19.17,95.87,10.81,11.14,60.57,6.65,9.1,14.16,57.41,19.65,7.95,6.06,9.15,4.63,20.73,13.32,3.45,5.86,68.46,27.48,15.85,37.86,8.8,47.18,30.91,12.24,15.99,91.0,12.76,2.46,,9.26,12.6,13.18,10.1,6.21,24.5,58.14,3.74,45.33,131.25,78.41,7.36,,31.86,15.4
2018-12-11 07:00:00,6.1,20.23,18.38,29.05,85.55,19.39,94.35,10.58,11.14,59.92,6.71,9.07,14.0,57.7,19.39,7.95,6.07,8.91,4.48,20.48,13.14,3.45,5.82,69.02,27.3,15.55,37.86,8.77,47.18,30.85,12.0,15.9,92.28,12.86,2.2,,9.24,12.55,13.39,9.9,6.08,24.37,59.31,3.7,45.37,128.77,78.94,7.36,,30.98,15.3
2018-12-12 07:00:00,6.73,20.41,18.38,28.9,85.72,19.32,94.96,10.74,11.03,59.78,6.74,8.9,13.93,57.17,19.12,7.87,5.99,8.89,4.38,20.6,13.14,3.38,5.84,69.59,27.3,15.61,37.86,8.77,47.25,30.91,11.92,15.9,93.48,12.86,2.2,,9.28,12.5,13.46,9.63,6.0,24.54,58.5,3.72,45.42,127.98,78.53,7.33,,31.57,15.21
2018-12-13 07:00:00,6.88,20.68,19.07,29.51,85.72,19.5,95.44,10.79,11.05,59.78,6.84,8.87,14.21,57.7,19.72,7.95,6.06,8.98,4.52,20.4,13.51,3.38,5.93,71.29,27.95,15.67,37.86,8.77,47.18,31.39,12.16,15.9,94.86,12.92,2.49,,9.42,12.8,13.7,9.73,6.1,24.97,58.36,3.72,45.55,129.36,78.47,7.35,,31.96,15.45
2018-12-14 07:00:00,6.81,20.68,18.66,29.25,84.12,19.43,97.39,10.53,11.07,59.71,6.73,8.84,14.1,57.88,19.42,7.87,6.04,9.0,4.44,20.2,13.51,3.35,5.8,70.81,27.55,15.88,37.58,8.86,46.95,31.58,12.16,15.92,93.74,13.52,2.46,,9.29,12.9,13.46,9.63,6.07,24.63,58.5,3.74,45.42,128.17,79.05,7.31,,31.76,15.49
2018-12-17 07:00:00,6.73,20.86,18.25,29.05,83.87,19.35,97.39,10.08,10.94,59.49,6.9,9.26,13.94,56.99,19.05,7.87,5.94,8.89,4.34,19.99,13.58,3.35,5.67,68.21,26.99,15.85,37.31,8.83,46.02,31.1,12.08,15.51,92.88,13.05,2.43,,9.2,12.65,13.37,9.93,5.98,23.99,58.14,3.68,45.33,126.99,79.05,7.07,,30.98,15.34
2018-12-18 07:00:00,6.53,18.97,17.84,28.23,82.86,19.1,96.24,9.76,10.89,59.85,6.76,9.03,13.39,54.13,18.52,7.78,5.74,8.41,4.16,19.99,13.4,3.31,5.49,65.05,25.75,15.49,36.75,8.51,43.79,30.6,11.6,15.12,93.78,12.92,2.43,,8.79,12.3,12.75,9.61,5.84,23.17,55.37,3.53,45.24,123.91,76.42,6.68,,30.3,14.51
2018-12-19 07:00:00,7.21,20.59,18.36,28.28,79.0,18.95,97.39,9.78,11.0,59.42,6.76,8.97,13.28,55.62,18.45,7.87,5.83,8.25,4.23,19.91,13.49,3.28,5.59,65.7,26.52,15.61,35.91,8.41,43.33,30.44,11.84,15.24,93.63,12.73,2.43,,8.99,12.45,12.94,9.66,5.84,23.6,56.83,3.49,45.33,123.81,76.77,6.74,,30.6,14.65
2018-12-20 07:00:00,6.53,20.77,18.27,27.87,76.48,19.13,95.26,9.39,10.8,58.48,6.69,9.1,13.37,54.49,18.25,7.95,5.68,7.85,4.22,19.79,13.51,3.28,5.53,65.62,26.37,15.43,35.36,8.38,42.71,30.02,11.68,15.29,93.63,12.57,2.43,,8.86,12.3,12.85,9.63,5.76,23.26,55.95,3.45,44.88,123.91,75.54,6.66,,29.92,14.47
2018-12-21 07:00:00,6.55,20.77,18.44,27.87,79.42,18.91,95.69,9.21,10.8,56.32,6.94,9.1,13.25,54.73,18.18,7.87,5.72,7.77,4.22,19.79,13.78,3.28,5.47,65.46,26.37,15.4,35.64,8.46,42.95,29.8,11.84,15.32,91.75,12.63,2.46,,8.85,12.15,12.75,9.66,5.73,23.34,55.95,3.57,44.66,123.12,72.96,6.55,,29.24,14.53
2018-12-24 07:00:00,6.21,21.13,18.55,28.03,80.01,19.06,96.48,9.44,10.71,57.69,6.97,9.1,13.47,54.19,18.25,8.04,5.82,7.94,4.13,19.58,13.76,3.28,5.49,64.81,26.99,15.4,35.64,8.44,43.87,30.28,10.58,15.27,89.88,13.05,2.4,,8.79,12.3,12.9,9.63,5.73,23.34,54.64,3.51,45.33,123.12,72.03,6.74,,28.31,14.69
2018-12-25 07:00:00,6.39,20.32,18.11,26.65,77.32,18.33,96.18,9.07,10.44,52.71,7.0,9.0,13.09,50.27,17.78,7.95,5.64,7.86,3.85,19.18,13.67,3.21,5.21,63.92,26.37,15.34,35.91,8.31,43.1,29.77,11.53,14.74,90.7,12.95,2.36,,8.36,12.0,12.38,8.98,5.67,22.27,53.19,3.47,44.48,121.93,72.73,6.52,,28.17,14.4
2018-12-26 07:00:00,5.77,20.68,17.87,26.59,77.32,18.36,95.93,9.11,10.59,55.96,7.26,9.03,13.12,51.04,17.65,7.95,5.74,8.06,3.86,18.77,13.8,3.17,5.19,64.81,26.61,15.19,35.64,8.25,42.56,29.86,11.6,14.74,90.97,13.21,2.33,,8.47,12.0,12.42,8.49,5.47,22.53,53.26,3.44,44.88,120.94,72.96,6.45,,28.65,14.25
2018-12-27 07:00:00,6.53,21.58,18.44,26.85,77.32,18.88,96.78,9.16,10.59,54.59,7.36,9.1,13.31,51.75,18.02,8.21,5.8,8.18,3.71,19.58,13.86,3.34,5.25,64.81,26.96,15.56,35.64,8.3,43.71,30.44,11.84,15.12,93.59,13.57,2.36,,8.6,12.2,12.52,8.71,5.81,23.13,53.84,3.45,44.88,121.93,73.2,6.65,,29.04,14.1
2018-12-28 07:00:00,6.55,21.13,18.44,27.11,77.74,19.06,97.51,8.93,10.23,55.09,7.27,9.26,13.29,51.46,17.65,8.82,5.84,8.17,3.95,19.75,14.15,3.27,5.23,64.33,26.8,15.66,35.64,8.19,43.25,30.44,,14.93,93.93,13.6,2.33,,8.53,12.0,12.42,8.64,5.67,23.04,53.77,3.44,45.91,117.96,73.2,6.52,,28.36,14.15
2019-01-02 07:00:00,6.57,22.12,18.77,26.9,76.39,19.28,97.15,8.82,10.28,56.24,7.13,9.1,13.22,51.22,17.51,8.13,6.0,8.2,3.96,19.75,14.15,3.38,5.12,63.92,26.99,15.56,35.91,8.22,41.56,29.96,,14.98,100.18,13.44,2.36,,8.44,12.0,12.28,8.64,5.76,23.09,53.7,3.44,44.97,118.96,71.73,6.5,,27.63,14.3
2019-01-03 07:00:00,5.84,20.68,18.27,25.93,76.06,18.95,97.39,8.7,10.0,54.8,7.06,9.1,13.1,51.46,17.71,8.13,5.73,8.16,3.84,19.5,13.62,3.27,5.09,63.92,26.52,15.69,35.58,8.12,41.87,29.57,,14.76,93.18,13.18,2.33,,8.38,11.5,12.14,8.08,5.64,23.13,52.53,3.4,44.44,115.98,73.2,6.32,,28.12,14.0
2019-01-04 07:00:00,6.21,20.23,17.18,25.01,74.96,18.25,97.09,8.27,9.66,53.0,6.74,9.07,12.84,49.85,17.05,7.95,5.6,7.8,3.69,18.77,13.65,3.16,4.83,62.38,25.75,15.88,34.8,8.02,40.79,28.12,,14.4,92.13,12.88,2.27,,8.22,11.0,11.81,8.13,5.53,22.83,52.46,3.34,44.44,114.0,72.32,6.16,,26.71,13.6
2019-01-07 07:00:00,6.41,19.24,17.46,25.06,75.22,18.88,97.39,8.61,9.87,53.0,6.9,9.1,13.22,51.46,17.38,8.04,5.74,8.04,3.83,18.69,13.69,3.16,4.99,63.27,26.06,16.38,34.8,8.14,42.71,29.41,,14.64,91.08,12.98,2.3,,8.47,11.4,11.88,8.34,5.7,23.69,54.35,3.36,44.84,115.29,75.39,6.29,,27.2,14.0
2019-01-08 07:00:00,6.97,20.5,17.78,25.19,74.46,18.33,97.51,8.36,9.87,54.8,7.03,9.1,13.22,51.34,17.25,7.87,5.72,7.8,3.92,18.24,13.62,3.16,4.99,63.35,26.37,16.32,34.52,8.09,42.71,29.25,,14.55,91.08,13.21,2.33,,8.26,11.5,11.88,8.2,5.62,23.56,53.91,3.38,45.33,115.29,77.57,6.24,,27.1,14.5
2019-01-09 07:00:00,6.35,20.86,17.62,25.11,72.27,18.51,97.27,8.24,9.84,54.37,6.94,9.16,13.31,53.36,17.18,8.13,5.66,7.69,3.9,18.6,13.62,3.2,4.99,64.0,26.06,16.07,32.18,8.09,42.25,29.47,,14.67,91.38,13.18,2.3,,8.22,11.4,11.9,8.2,5.67,23.77,54.28,3.4,44.88,114.0,76.74,6.26,,26.81,14.0
2019-01-10 07:00:00,6.44,18.88,18.0,25.78,74.04,17.96,97.39,8.43,9.89,54.08,6.77,9.49,13.4,54.07,17.38,8.04,5.73,7.85,4.08,18.24,13.58,3.2,5.08,64.0,26.49,16.7,32.29,8.09,42.18,29.47,,14.79,90.11,13.24,2.33,,8.12,11.5,12.19,8.13,5.84,23.9,54.28,3.4,44.97,114.49,77.87,6.26,,28.27,14.0
2019-01-11 07:00:00,6.44,18.88,17.73,26.03,75.97,18.22,97.39,8.61,10.14,56.61,6.95,9.55,13.4,54.37,17.31,8.13,5.74,7.9,4.14,18.6,13.51,3.2,5.08,65.05,26.68,16.89,32.57,8.38,42.64,29.73,,15.17,89.88,13.21,2.27,,8.12,11.45,12.21,8.15,5.96,23.64,54.57,3.4,44.88,114.0,77.75,6.29,,28.61,14.1
2019-01-14 07:00:00,6.39,19.78,17.4,25.93,75.89,18.0,96.48,8.52,10.3,57.69,6.84,9.52,13.37,54.01,17.21,8.13,5.78,7.8,4.04,18.52,13.4,3.2,5.03,65.38,26.37,17.33,32.57,8.35,42.56,29.7,12.4,15.22,90.82,13.81,2.3,,8.28,11.4,12.24,8.3,5.96,23.64,56.83,3.36,45.02,116.38,78.51,6.22,,29.14,14.23
2019-01-15 07:00:00,6.26,20.68,17.32,25.62,74.38,17.89,94.96,8.61,10.23,58.12,6.9,9.33,13.37,53.24,17.38,8.47,5.78,7.77,4.1,18.03,13.23,3.13,4.99,65.3,26.37,17.3,32.02,8.25,42.25,29.28,12.36,15.12,89.13,13.67,2.27,,8.15,11.25,12.21,8.15,6.11,23.69,56.1,3.36,45.06,116.58,79.7,6.21,,29.48,14.18
2019-01-16 07:00:00,6.46,18.88,17.84,25.93,75.55,17.08,93.86,8.7,10.12,58.55,7.16,9.42,13.59,54.37,17.71,8.47,5.78,7.8,4.19,18.52,13.21,3.16,5.15,66.43,26.52,17.64,32.13,8.31,43.1,29.7,12.4,15.46,89.24,13.54,2.3,,8.23,11.4,12.57,8.25,6.0,24.11,58.21,3.38,45.11,115.98,79.11,6.29,,30.11,14.27
2019-01-17 07:00:00,6.41,19.6,17.57,25.52,75.64,17.67,90.82,8.56,10.1,58.05,7.13,9.59,13.44,54.13,17.65,8.56,5.78,7.81,4.08,17.87,13.21,3.13,5.11,65.86,26.68,17.64,31.79,8.25,42.71,29.31,12.28,15.32,89.13,13.64,2.3,,8.14,11.2,12.52,8.27,5.96,23.69,58.94,3.38,45.33,114.99,78.51,6.45,,30.5,14.23
2019-01-18 07:00:00,6.44,18.7,17.43,25.11,75.72,17.45,90.21,8.52,9.77,59.56,7.32,9.55,13.31,53.24,17.11,8.47,5.74,7.77,3.99,17.95,13.12,3.06,5.21,64.97,26.43,17.11,31.63,8.22,42.1,29.09,12.24,15.22,87.82,13.61,2.3,,7.96,11.25,12.66,8.2,5.87,23.64,58.58,3.45,45.11,114.69,78.51,6.29,,29.14,14.04
2019-01-21 07:00:00,6.37,20.77,17.46,25.06,77.32,17.37,90.03,8.4,9.79,60.28,7.42,9.52,13.34,54.01,17.01,8.21,5.77,7.77,3.95,17.79,13.07,3.02,5.38,65.62,26.18,17.77,31.74,8.19,42.33,28.73,12.0,15.46,88.83,13.4,2.27,,7.95,11.35,12.71,8.51,5.91,23.39,59.01,3.36,45.42,113.5,79.16,6.29,,28.51,14.19
2019-01-22 07:00:00,6.59,20.5,17.95,24.8,77.65,17.37,91.06,9.02,10.12,60.79,7.27,9.81,13.44,54.01,17.38,8.3,5.88,7.88,3.97,17.38,13.1,3.09,5.51,65.46,25.99,18.02,31.85,8.17,42.33,29.47,12.12,15.7,88.01,13.57,2.33,,8.09,11.85,13.04,8.51,6.04,23.99,58.72,3.44,45.51,114.49,79.22,6.52,,28.46,14.25
2019-01-23 07:00:00,6.44,19.51,17.67,24.57,77.23,16.82,86.44,8.91,10.0,60.28,7.36,10.4,13.37,53.3,17.38,8.13,5.94,7.8,3.89,16.89,13.21,3.09,5.4,64.89,25.99,17.52,31.68,8.22,40.79,29.02,12.24,15.61,87.56,13.81,2.27,,8.03,11.75,12.71,8.73,5.93,23.52,58.21,3.4,45.33,114.0,79.64,6.37,,27.97,14.2
2019-01-24 07:00:00,6.48,20.14,17.76,24.86,76.48,17.04,83.45,9.16,9.77,60.28,7.37,10.53,13.4,53.6,17.68,8.13,5.94,7.98,3.92,16.24,13.21,3.09,5.45,63.76,25.93,17.42,31.79,8.15,40.94,29.09,12.16,15.73,87.93,13.67,2.3,,8.12,12.1,12.61,8.81,5.98,23.73,57.99,3.42,45.55,114.99,79.7,6.48,,27.93,14.28
2019-01-25 07:00:00,6.61,19.78,17.84,24.73,75.89,17.56,80.04,9.34,9.98,60.21,7.27,10.4,13.4,53.18,17.45,8.04,5.94,7.96,3.92,16.93,13.21,3.09,5.57,63.19,25.93,17.86,31.79,8.06,40.94,29.15,12.16,15.85,86.88,13.88,2.33,,8.07,12.2,12.73,8.68,6.04,23.77,57.19,3.38,45.68,117.37,80.29,6.55,,28.31,14.3
2019-01-28 07:00:00,6.48,20.5,17.48,24.8,78.91,16.79,80.96,9.25,9.82,61.22,7.03,10.4,13.44,53.6,17.71,8.04,5.93,7.9,4.05,16.36,13.18,3.06,5.54,63.43,25.81,18.11,31.74,8.06,41.56,29.89,12.16,15.82,87.26,13.85,2.33,,8.28,12.35,12.64,8.83,6.03,23.99,58.29,3.4,45.73,121.73,80.58,6.53,,28.36,14.2
2019-01-29 07:00:00,6.39,19.78,17.4,24.24,78.58,16.86,83.94,9.27,9.47,60.93,7.16,10.37,13.4,52.71,17.38,8.04,5.94,7.92,4.05,16.32,13.23,3.06,5.51,64.81,25.93,18.27,31.79,8.23,41.1,30.4,12.47,15.82,87.82,13.81,2.3,,8.26,12.2,12.38,8.98,5.97,23.77,59.38,3.36,46.62,121.43,80.88,6.42,,28.61,14.31
2019-01-30 07:00:00,6.88,,17.4,23.37,76.14,16.86,82.78,9.5,9.42,60.57,7.39,10.66,13.44,52.35,17.45,8.47,5.94,7.85,4.04,16.69,13.23,3.49,5.59,64.08,26.21,18.27,31.74,8.35,41.17,30.21,12.87,16.33,87.26,13.85,2.3,,8.28,12.15,12.52,9.1,5.96,24.29,58.58,3.34,46.17,120.64,80.64,6.53,,28.61,14.9
2019-01-31 07:00:00,6.57,19.78,17.57,23.53,81.52,17.37,81.87,9.41,9.54,60.57,7.32,10.72,13.69,53.18,17.25,8.9,5.96,7.69,4.04,16.32,13.25,3.16,5.78,64.33,26.06,18.27,31.74,8.44,41.56,30.21,13.26,16.33,87.26,13.71,2.3,,8.25,12.1,12.57,9.17,5.96,24.33,59.74,3.32,46.22,122.13,80.58,6.53,,28.65,14.41
2019-02-01 07:00:00,6.53,21.04,17.16,24.04,80.68,16.86,82.05,8.93,9.54,61.29,7.26,10.92,13.66,52.53,17.25,8.65,6.04,7.39,3.98,16.32,13.23,3.13,5.72,63.19,25.96,18.4,31.52,8.3,41.25,30.69,12.91,16.23,87.26,13.67,2.3,,8.18,12.3,12.52,9.15,5.93,24.41,58.29,3.34,46.13,122.43,80.17,6.58,,28.36,14.27
2019-02-11 07:00:00,6.61,21.04,17.37,23.78,79.84,17.08,80.59,9.44,9.77,61.36,7.26,11.6,13.59,52.82,17.41,8.65,6.06,7.33,3.98,15.5,13.25,3.09,5.76,64.73,25.9,18.4,31.63,8.48,41.94,30.82,13.14,16.42,87.63,13.88,2.3,,8.31,12.6,12.75,9.56,5.97,24.41,59.01,3.36,45.24,124.31,79.7,6.6,,28.56,14.5
2019-02-12 07:00:00,6.7,21.13,17.48,23.73,80.26,17.52,82.36,9.48,9.72,61.65,7.27,11.6,13.91,53.66,17.68,8.3,6.07,7.67,3.93,15.91,13.29,3.16,5.82,66.03,26.24,18.27,32.02,8.54,43.1,31.34,13.42,16.86,89.51,13.67,2.43,,8.5,12.85,12.83,9.8,6.04,24.89,58.58,3.45,46.62,124.9,81.47,6.97,,28.85,14.7
2019-02-13 07:00:00,6.79,20.41,17.76,24.75,80.26,17.08,81.93,9.53,9.82,61.58,7.42,11.83,13.91,54.61,17.68,8.3,6.17,7.82,4.4,15.99,13.36,3.24,5.78,66.67,26.24,18.27,32.02,8.7,42.87,31.11,13.34,16.91,89.06,13.81,2.49,,8.61,13.0,12.97,9.83,6.06,25.1,58.36,3.44,48.0,124.11,81.47,6.97,,28.95,14.85
2019-02-14 07:00:00,6.77,20.68,17.73,26.08,81.52,17.23,82.18,9.57,10.28,62.73,7.58,12.02,14.12,55.38,18.45,8.39,6.16,8.2,4.55,16.32,13.32,3.27,5.78,69.59,26.74,18.56,32.07,8.67,43.87,31.4,13.26,16.84,89.13,13.81,2.49,,8.56,12.9,12.99,9.85,6.07,25.61,58.58,3.4,48.44,123.52,81.64,7.01,,29.82,15.0
2019-02-15 07:00:00,6.68,20.23,17.65,25.78,81.52,16.97,84.0,9.48,10.26,63.46,7.52,11.57,13.99,55.2,18.15,8.56,6.1,8.22,4.51,17.18,13.29,3.24,5.8,69.51,26.58,18.4,32.24,8.64,43.64,31.27,13.38,16.86,89.69,14.36,2.56,,8.53,12.9,12.85,9.85,6.06,25.7,59.74,3.38,50.22,122.33,82.65,6.91,,30.26,14.95
2019-02-18 07:00:00,6.7,20.14,18.27,25.83,80.26,16.79,84.91,9.57,10.21,68.14,7.39,12.02,14.07,56.81,18.02,8.47,6.02,8.51,4.66,17.05,13.71,3.2,5.8,68.86,26.83,18.52,32.02,8.64,43.87,31.27,13.3,16.95,89.47,14.67,2.49,,8.58,13.05,12.9,10.22,6.06,25.49,59.38,3.4,49.99,120.24,82.88,6.97,,30.01,14.9
2019-02-19 07:00:00,6.77,20.5,18.27,25.78,78.58,17.08,84.91,9.55,9.96,69.95,7.32,11.37,14.13,57.82,18.28,8.47,6.06,8.61,4.64,17.22,13.62,3.2,5.8,68.94,26.71,19.34,32.24,8.64,45.25,31.27,13.82,17.34,89.51,14.33,2.49,,8.56,13.15,12.94,10.78,6.04,25.7,60.11,3.45,50.44,119.55,84.42,7.07,,30.74,15.02
2019-02-20 07:00:00,6.73,21.31,17.89,25.16,79.17,17.04,82.84,9.39,9.89,69.95,7.36,11.41,14.0,57.11,18.18,8.47,5.94,8.41,4.52,17.14,13.56,3.16,5.72,69.67,26.99,18.78,32.18,8.57,44.41,31.56,13.34,16.98,89.51,14.09,2.43,,8.61,12.85,13.06,10.9,6.01,25.4,63.39,3.55,51.19,119.75,84.42,6.89,,30.69,15.0
2019-02-21 07:00:00,6.75,21.22,18.68,25.57,80.68,16.71,83.45,9.46,9.96,68.86,7.36,11.34,14.13,57.11,18.38,8.39,5.88,8.57,4.46,17.22,13.71,3.31,5.78,69.92,27.02,18.65,32.35,8.56,43.79,31.92,13.03,17.1,91.38,13.88,2.43,,8.71,12.95,13.04,11.14,6.0,25.49,65.94,3.66,51.77,118.56,84.71,6.94,,31.08,15.19
2019-02-22 07:00:00,6.7,21.22,18.66,25.32,80.68,16.9,82.66,9.34,9.79,69.3,7.06,10.56,14.16,57.46,18.45,8.47,5.9,8.66,4.5,17.01,13.71,3.31,5.8,72.83,27.2,18.15,32.52,8.56,44.48,31.53,12.99,16.98,92.88,13.95,2.46,,8.85,12.8,12.99,11.34,5.91,25.79,69.21,3.68,52.44,117.96,87.96,6.89,,33.32,15.25
2019-02-25 07:00:00,6.81,21.13,18.82,25.06,81.1,16.64,81.69,9.85,9.89,74.27,6.74,10.92,14.42,59.78,18.45,8.56,5.98,9.14,4.96,16.81,13.62,3.27,5.93,74.53,27.92,17.77,32.57,8.57,45.41,31.98,12.79,17.17,92.5,13.81,2.46,,9.01,13.1,13.18,11.97,5.97,26.77,68.85,3.63,51.99,121.43,87.96,7.07,,34.48,15.4
2019-02-26 07:00:00,6.84,22.03,18.38,25.01,79.75,17.34,83.33,9.73,10.0,78.74,6.84,11.28,14.4,58.6,18.58,8.82,6.14,9.23,5.19,17.01,13.62,3.31,5.9,73.8,27.86,18.27,33.69,8.64,44.95,32.3,12.95,17.4,92.13,13.54,2.49,,8.94,12.9,13.09,11.85,6.03,27.16,67.03,3.65,51.55,123.91,88.55,6.97,,32.83,15.5
2019-02-27 07:00:00,6.84,23.46,18.33,25.57,79.0,17.26,82.78,9.82,10.26,80.76,6.83,11.37,14.29,58.42,18.62,8.56,6.07,9.27,5.36,16.97,13.69,3.27,5.79,72.99,27.58,18.78,33.07,8.6,44.25,31.59,12.83,17.45,92.88,13.88,2.43,,9.01,12.8,12.97,11.99,5.96,26.9,67.76,3.61,51.33,122.52,86.37,6.94,,33.9,15.4
2019-02-28 07:00:00,6.84,23.38,18.33,26.85,80.01,17.96,83.7,9.69,10.05,83.93,6.74,11.63,14.26,58.89,18.92,8.56,6.06,9.16,5.43,16.97,13.62,3.27,5.78,72.83,27.36,18.59,33.41,8.54,43.87,31.66,12.99,17.25,91.87,13.74,2.46,,8.91,12.75,12.85,12.65,5.94,26.51,67.1,3.61,51.99,121.93,87.67,6.91,,33.07,15.99
2019-03-01 07:00:00,6.61,22.48,17.78,27.21,79.42,17.45,81.57,9.6,9.82,83.65,6.87,11.34,14.08,59.19,18.38,8.47,5.94,8.91,5.31,16.57,13.54,3.24,5.69,72.1,27.17,18.15,31.79,8.41,43.87,30.98,12.71,16.84,88.5,13.57,2.4,,8.82,12.5,12.57,11.82,5.89,26.13,64.48,3.53,50.66,117.96,84.95,6.74,,32.49,15.0
2019-03-04 07:00:00,6.66,22.48,18.06,27.62,78.75,17.01,81.69,9.57,10.0,85.09,6.76,11.24,14.1,60.2,18.65,8.47,6.02,9.22,5.79,16.69,13.67,3.24,5.72,72.18,27.45,18.4,32.96,8.48,45.1,31.76,13.26,16.77,89.88,13.71,2.43,,8.94,12.75,12.61,11.75,5.94,26.64,67.03,3.53,51.86,119.45,83.53,6.81,,33.02,15.28
2019-03-05 07:00:00,6.75,22.48,18.11,27.26,79.92,17.04,81.69,9.71,10.33,85.81,6.76,11.57,14.23,60.38,18.65,8.73,6.02,9.31,6.09,16.81,14.06,3.27,5.79,72.51,27.61,17.89,33.02,8.6,46.1,32.4,13.1,16.79,91.57,13.5,2.46,,9.1,12.75,12.68,10.95,6.01,26.9,67.17,3.61,52.17,119.55,84.12,6.96,,33.12,15.44
2019-03-06 07:00:00,6.7,22.48,18.87,27.87,82.61,16.93,81.26,9.76,10.47,85.45,6.91,11.54,14.21,61.33,18.52,8.9,6.09,9.28,5.95,17.54,14.0,3.31,5.82,72.91,27.3,18.24,32.74,8.62,45.79,31.95,13.38,17.2,90.03,13.36,2.43,,9.16,12.7,12.66,11.14,5.94,27.03,66.3,3.59,52.3,118.96,83.83,6.97,,33.22,15.1
2019-03-07 07:00:00,6.75,22.66,19.09,27.26,82.53,17.45,80.96,9.85,10.38,85.81,6.91,11.11,14.1,62.16,18.38,8.99,6.08,9.28,5.74,18.85,13.8,3.27,5.82,73.48,27.45,18.27,31.74,8.64,47.33,32.11,13.34,17.55,90.63,13.12,2.46,,9.02,12.65,12.71,11.24,5.96,26.86,67.03,3.63,52.39,119.95,83.41,6.94,,33.41,15.3
2019-03-08 07:00:00,6.75,22.66,18.79,27.11,80.26,17.3,82.48,9.76,10.28,85.95,6.74,11.05,14.13,60.74,18.55,8.73,6.03,8.89,5.43,19.42,13.6,3.34,5.78,72.18,26.99,18.24,31.74,8.62,46.49,31.82,13.26,17.15,90.97,12.88,2.56,,9.01,12.7,12.54,11.0,5.94,26.73,67.03,3.66,52.88,119.45,82.06,6.87,,33.56,15.4
2019-03-11 07:00:00,6.73,22.84,18.6,27.05,80.76,17.15,86.44,9.73,10.28,85.88,6.78,11.11,14.12,60.08,18.25,8.65,6.02,9.02,5.68,19.58,13.49,3.31,5.76,71.37,26.96,17.83,32.29,8.54,46.56,31.82,13.18,17.2,91.75,13.06,2.52,,8.99,12.6,12.42,11.14,5.9,26.77,66.3,3.63,51.99,119.65,80.58,6.86,,33.51,15.2
2019-03-12 07:00:00,6.77,21.76,18.6,27.21,80.51,17.59,85.83,9.76,10.47,85.88,6.74,11.28,14.15,60.68,18.32,8.56,6.02,9.03,6.0,19.58,13.65,3.31,5.76,72.59,27.3,17.89,33.52,8.64,47.1,32.3,13.07,17.15,91.75,13.26,2.52,,9.13,12.65,12.57,11.24,5.9,26.98,66.45,3.63,52.88,120.34,81.47,6.91,,34.58,15.3
2019-03-13 07:00:00,6.9,21.4,19.26,27.11,81.1,17.52,86.44,10.21,10.35,85.96,6.87,11.57,14.67,61.27,18.55,8.73,6.12,9.02,5.73,19.42,13.69,3.34,5.92,71.7,27.45,18.9,34.8,9.18,47.72,32.11,13.18,17.6,93.36,13.26,2.62,,9.13,12.75,12.75,11.29,6.06,27.84,67.39,3.72,52.66,119.15,82.35,7.09,,35.79,15.35
2019-03-14 07:00:00,6.97,21.31,19.42,27.41,80.68,18.11,86.44,10.3,10.0,85.82,6.78,11.57,14.61,60.97,19.05,8.82,6.14,9.11,5.55,18.69,13.71,3.38,5.96,72.1,27.76,18.4,33.97,9.18,48.1,32.94,13.07,17.5,94.75,13.09,2.56,,9.32,12.85,12.85,11.29,6.06,27.93,68.7,3.8,51.77,118.76,82.06,7.15,,36.72,15.55
2019-03-15 07:00:00,7.01,21.58,19.75,27.77,80.68,18.0,87.84,10.21,9.77,85.6,6.78,11.44,14.64,61.89,19.05,8.99,6.12,8.73,5.65,18.52,13.65,3.42,5.91,71.78,27.61,18.52,34.52,9.31,47.1,33.49,13.1,17.5,95.5,12.92,2.56,,9.32,13.0,12.71,11.46,6.03,28.78,68.49,3.78,53.02,117.27,80.99,7.05,,36.81,15.5
2019-03-18 07:00:00,7.06,21.94,20.29,27.62,80.93,18.14,86.44,10.49,9.82,85.52,6.68,11.31,14.64,61.89,18.88,9.77,6.32,8.35,5.64,18.52,13.76,3.42,5.93,70.08,27.48,17.64,33.52,9.35,48.02,33.43,12.87,17.2,93.66,13.06,2.59,,9.34,12.95,12.73,11.07,5.96,28.48,68.49,3.76,53.33,117.96,81.47,7.12,,36.91,15.4
2019-03-19 07:00:00,7.1,21.58,20.27,27.0,80.68,18.07,86.44,10.72,9.79,85.82,6.71,11.7,14.61,63.65,18.85,10.2,6.3,8.43,5.62,18.69,13.71,3.42,6.0,70.73,27.7,17.77,33.02,9.35,48.1,33.75,12.47,16.94,91.79,12.92,2.59,,9.26,12.8,12.8,10.9,6.04,28.95,69.21,3.76,53.9,118.86,81.47,7.33,,36.91,15.5
2019-03-20 07:00:00,6.97,21.49,19.72,26.19,80.09,18.29,86.74,10.49,9.79,85.74,6.63,11.31,14.42,62.49,18.58,9.51,6.3,8.35,5.49,18.52,13.84,3.42,5.96,69.11,27.45,16.92,32.57,9.15,47.49,32.88,12.28,16.59,91.75,12.85,2.56,,9.13,12.65,12.64,10.95,6.03,28.57,68.05,3.72,53.77,118.76,80.58,7.12,,36.04,15.3
2019-03-21 07:00:00,6.88,21.67,19.77,26.34,81.52,18.77,86.31,10.53,9.84,86.55,6.71,11.24,14.48,62.8,18.52,9.77,6.29,8.57,5.63,18.11,13.93,3.34,6.07,68.94,27.45,17.89,32.29,9.09,47.72,32.62,12.59,17.1,93.96,12.78,2.56,,9.02,12.8,12.64,11.0,6.04,28.65,67.76,3.68,53.37,118.76,82.06,7.09,,35.11,15.4
2019-03-22 07:00:00,6.75,22.74,19.31,25.57,80.34,18.18,86.44,10.24,9.82,87.28,6.61,11.24,14.26,60.61,18.18,10.81,6.14,8.51,5.7,18.64,13.84,3.34,6.03,68.78,27.27,17.08,31.85,8.86,46.1,32.3,12.12,16.61,91.75,12.54,2.49,,8.72,12.6,12.35,11.17,6.01,28.61,64.92,3.63,51.99,117.57,80.29,6.92,,34.29,15.11
2019-03-25 07:00:00,6.75,22.03,18.6,25.57,80.76,18.03,85.83,10.08,9.77,87.21,6.48,11.37,13.97,58.55,17.71,11.24,6.0,8.25,5.55,17.87,13.71,3.27,5.88,67.24,26.83,17.01,31.18,8.86,44.56,32.14,11.92,16.24,93.63,12.37,2.46,,8.47,12.3,12.05,11.14,6.0,27.84,65.21,3.61,51.99,116.97,79.52,6.68,,33.02,14.4
2019-03-26 07:00:00,6.7,22.03,19.04,24.86,80.26,17.89,83.39,10.28,9.77,87.14,6.54,11.18,14.23,60.07,17.71,10.37,6.0,8.38,5.49,17.54,13.54,3.27,5.86,66.59,26.37,16.73,31.4,8.93,45.33,32.04,11.96,16.13,93.18,12.47,2.4,,8.56,12.3,12.09,10.97,5.93,28.31,65.57,3.57,51.33,117.37,80.58,6.61,,32.93,14.73
2019-03-27 07:00:00,6.75,21.94,19.01,25.26,80.26,17.96,85.52,10.3,9.75,86.48,6.56,11.5,14.16,59.82,17.71,10.46,6.01,8.46,5.52,17.14,13.62,3.27,5.83,67.32,26.21,16.95,31.74,8.89,45.33,32.08,11.84,16.11,93.93,12.64,2.43,,8.69,12.35,12.14,11.0,5.94,28.23,66.3,3.57,51.1,116.97,80.7,6.61,,32.25,15.0
2019-03-28 07:00:00,6.75,22.3,18.79,24.86,80.68,18.14,85.83,10.21,9.91,86.33,6.56,11.37,14.15,58.25,17.58,10.81,5.98,8.53,5.52,17.38,13.67,3.31,5.86,68.86,26.21,17.14,31.68,8.89,44.95,31.85,12.12,16.03,93.93,12.64,2.49,,8.56,12.3,12.12,10.85,5.97,28.14,65.79,3.63,50.62,116.97,80.52,6.65,,32.68,15.0
2019-03-29 07:00:00,6.73,22.84,19.42,24.88,80.68,18.14,88.87,10.42,9.96,86.55,6.36,11.18,14.42,60.01,17.58,10.37,5.94,8.63,5.78,17.62,14.19,3.31,5.9,68.86,26.24,17.01,31.35,8.96,45.79,32.01,12.16,16.24,94.34,12.61,2.46,,8.63,12.2,12.07,11.0,6.04,28.7,68.49,3.66,51.5,116.38,79.81,6.71,,33.07,14.96
2019-04-01 07:00:00,6.73,23.82,19.53,24.83,80.68,18.25,85.83,10.33,9.77,86.77,6.45,11.44,14.51,59.76,17.71,10.46,5.94,8.5,5.67,17.38,13.93,3.27,5.9,69.35,26.3,17.14,31.18,9.22,45.95,31.98,12.0,16.24,93.78,12.51,2.46,,8.66,12.2,12.14,10.85,6.04,29.08,67.32,3.66,51.73,115.39,79.99,6.61,,33.8,14.7
2019-04-02 07:00:00,6.77,23.28,19.64,25.52,79.84,18.18,86.44,10.3,9.77,86.55,6.46,11.37,14.48,61.95,17.78,10.03,5.86,8.54,5.58,17.79,14.06,3.31,5.92,71.54,26.34,17.01,31.01,9.28,47.33,32.43,12.24,16.08,94.04,12.54,2.49,,8.85,12.45,12.14,10.92,6.41,29.13,68.05,3.66,51.95,113.5,82.59,6.66,,35.36,14.94
2019-04-03 07:00:00,6.77,22.48,18.98,25.06,79.0,18.33,86.74,10.01,9.72,86.92,6.35,10.92,14.67,61.34,17.75,10.29,5.64,8.49,5.51,17.95,14.15,3.31,5.87,71.37,26.21,16.95,30.85,9.18,46.41,32.14,12.12,16.13,93.1,12.54,2.46,,8.69,12.2,12.05,11.46,6.33,28.91,67.17,3.66,51.33,113.7,82.06,6.55,,34.68,14.89
2019-04-04 07:00:00,6.64,21.58,19.64,25.26,78.58,18.33,85.83,10.12,9.72,86.55,6.35,11.37,15.02,61.83,17.61,10.2,5.64,8.53,5.66,18.28,14.02,3.27,5.93,70.56,25.99,17.14,31.46,9.28,46.79,31.92,12.16,16.01,93.55,12.54,2.46,,8.63,12.3,12.02,11.77,6.45,29.0,67.03,3.66,51.15,112.21,81.47,6.52,,34.48,14.9
2019-04-05 07:00:00,6.7,22.48,19.26,25.06,79.0,18.03,85.46,10.12,9.65,88.02,6.21,11.15,15.11,61.46,17.65,10.55,5.76,8.59,5.65,18.32,14.04,3.27,6.03,71.13,25.62,16.89,31.46,9.18,46.79,32.75,12.16,16.16,92.54,12.58,2.46,,8.63,12.3,12.05,11.6,6.47,29.04,67.39,3.72,51.24,112.21,81.47,6.52,,34.82,14.95
2019-04-08 07:00:00,6.7,21.67,18.98,25.21,79.0,18.18,86.38,10.03,9.65,87.28,6.15,11.37,15.06,63.71,18.12,10.55,5.76,8.62,5.6,17.95,14.19,3.27,5.97,71.29,26.21,17.23,31.85,9.23,47.72,32.46,12.2,16.41,93.59,13.09,2.43,,8.71,12.25,12.0,11.26,6.45,29.17,67.76,3.7,51.19,111.82,81.11,6.55,,34.77,15.45
2019-04-09 07:00:00,6.84,21.58,19.37,25.52,79.84,18.11,85.22,10.26,9.38,86.84,6.28,11.47,15.11,65.53,17.85,10.55,5.72,8.61,5.6,17.83,14.19,3.27,6.04,71.86,26.06,17.14,31.85,9.54,48.49,32.75,12.36,16.51,92.35,13.09,2.49,,8.82,12.3,12.0,10.78,6.51,29.85,69.21,3.72,51.55,109.54,81.41,6.48,,35.16,15.13
2019-04-10 07:00:00,6.73,21.58,19.5,25.52,79.42,17.92,74.14,10.03,9.07,85.96,6.15,11.28,14.86,63.4,17.51,10.29,5.65,8.49,5.5,17.62,13.82,3.27,5.95,69.02,25.87,17.01,31.46,9.28,47.18,32.46,12.04,16.28,93.25,12.54,2.46,,8.69,12.2,11.95,10.78,6.38,29.77,68.34,3.7,50.22,112.21,79.7,6.48,,33.51,14.9
2019-04-11 07:00:00,6.79,21.58,19.26,25.11,78.91,17.92,74.02,10.03,8.98,86.33,6.08,11.31,14.83,64.44,17.65,10.03,5.58,8.49,5.48,17.71,13.76,3.24,5.92,70.24,25.59,16.79,31.57,9.25,47.18,32.43,11.92,16.21,92.5,12.54,2.43,,8.69,12.2,11.83,10.73,6.28,29.55,67.61,3.7,49.68,112.51,79.87,6.48,,34.29,14.8
2019-04-12 07:00:00,6.7,22.12,19.15,24.7,79.0,17.89,74.26,10.03,8.96,85.45,6.07,11.11,14.81,63.4,17.38,9.86,5.54,8.47,5.51,17.34,13.8,3.24,5.96,71.13,25.59,16.98,31.57,9.3,46.56,31.95,11.84,16.13,92.69,12.64,2.43,,8.61,12.05,11.81,10.75,6.47,29.38,68.05,3.65,51.1,112.12,80.05,6.37,,33.32,14.8
2019-04-16 07:00:00,6.7,21.22,18.87,24.91,77.57,17.67,76.09,9.89,9.12,84.35,6.05,11.31,15.02,63.71,17.38,9.77,5.48,8.46,5.43,17.18,13.89,3.2,5.76,69.67,25.37,16.82,30.9,9.31,46.33,31.88,11.88,16.03,91.45,12.64,2.43,,8.52,12.0,11.64,10.66,6.34,29.13,65.57,3.72,48.66,111.42,79.7,6.29,,33.02,14.75
2019-04-17 07:00:00,6.68,,19.37,25.16,76.06,17.81,74.99,9.91,8.98,82.88,6.02,11.18,15.27,63.95,17.38,9.94,5.68,8.42,5.22,16.89,13.89,3.16,5.84,71.13,25.34,17.26,31.13,9.28,47.18,31.76,11.92,16.08,91.42,12.68,2.46,,8.45,12.15,11.69,10.44,6.3,29.08,66.3,3.66,49.46,112.41,80.52,6.26,,33.02,14.6
2019-04-18 07:00:00,6.5,21.13,18.98,24.57,77.32,17.26,73.65,9.78,8.91,83.62,5.93,11.18,15.33,64.62,17.28,9.68,5.6,8.33,4.72,16.73,13.84,3.16,5.8,69.75,25.37,17.14,31.18,9.25,46.95,31.88,11.57,16.08,92.39,12.58,2.43,,8.38,12.0,11.69,10.36,6.28,28.91,65.5,3.66,48.66,112.51,79.7,6.34,,32.64,14.68
2019-04-19 07:00:00,6.61,21.22,18.98,23.94,76.48,17.56,73.29,9.69,8.25,81.78,5.8,11.18,15.4,64.92,17.28,9.68,5.56,8.32,4.64,16.97,13.93,3.16,5.83,69.67,25.28,16.95,31.46,9.18,46.64,31.27,11.37,15.96,91.0,12.58,2.43,,8.33,11.8,11.57,10.29,6.23,29.08,64.84,3.66,48.88,114.0,79.99,6.32,,33.17,14.61
2019-04-22 07:00:00,6.59,20.77,19.01,23.99,76.9,17.04,73.17,9.53,8.49,80.68,5.82,11.11,15.33,64.5,17.31,9.68,5.58,8.32,5.24,16.97,13.89,3.16,5.84,70.97,25.62,16.7,32.02,9.09,46.64,31.5,11.13,15.93,90.07,12.37,2.46,,8.12,11.8,11.43,10.31,6.33,28.74,65.35,3.63,48.44,114.0,77.33,6.32,,32.64,14.38
2019-04-23 07:00:00,6.53,19.78,18.87,23.86,74.8,17.19,72.74,9.48,8.84,82.52,5.64,11.31,15.14,66.74,17.31,9.51,5.58,8.49,5.04,17.14,13.84,3.13,5.75,70.56,25.75,16.7,31.96,8.96,46.56,31.66,11.21,15.73,89.88,12.37,2.43,,7.96,11.6,11.15,10.29,6.24,29.13,65.35,3.61,49.73,114.1,75.62,6.24,,32.88,14.53
2019-04-24 07:00:00,6.59,20.68,18.82,24.04,76.48,17.45,73.1,9.66,8.79,83.91,5.85,11.08,15.33,67.95,17.01,9.77,5.6,8.49,5.1,16.89,13.62,3.16,5.76,70.16,25.68,16.76,32.57,9.03,47.25,32.2,11.21,15.73,90.26,12.44,2.43,,8.03,12.15,11.2,10.29,6.17,28.91,65.35,3.59,50.22,114.4,75.45,6.27,,34.0,14.6
2019-04-25 07:00:00,6.68,21.13,18.87,24.04,76.14,17.3,73.65,9.76,8.77,82.15,5.95,11.11,15.33,68.08,17.21,9.51,5.62,8.89,5.3,16.73,13.71,3.2,5.8,71.29,25.84,16.85,32.52,9.23,47.1,32.08,11.45,15.83,89.92,12.54,2.43,,8.12,12.05,11.53,10.29,6.1,29.34,65.21,3.63,50.57,114.5,76.51,6.29,,34.58,14.75
2019-04-26 07:00:00,6.66,21.49,18.82,23.81,75.13,16.93,73.65,9.64,8.63,82.15,5.92,11.05,15.46,68.08,17.25,9.6,5.6,8.81,5.29,16.57,13.62,3.16,5.8,70.48,25.9,17.01,32.29,9.23,47.18,31.92,11.21,15.9,88.76,12.54,2.2,,8.09,11.85,11.36,10.34,6.01,29.04,65.72,3.63,49.77,114.5,76.63,6.21,,34.0,14.63
2019-05-02 07:00:00,6.7,20.95,19.09,24.29,69.25,16.86,73.53,9.76,8.7,83.62,5.98,11.05,15.74,67.95,17.35,9.6,5.58,8.94,5.28,16.73,13.62,3.16,5.89,70.48,26.46,17.2,32.96,9.31,48.33,32.24,11.68,16.16,89.58,12.51,2.46,,8.17,12.1,11.38,10.44,6.06,28.95,67.03,3.63,50.57,116.5,76.74,6.24,,35.45,14.72
2019-05-03 07:00:00,6.61,21.13,18.82,23.88,64.46,17.04,73.04,9.57,8.51,85.82,5.98,11.21,15.78,68.14,17.38,9.51,5.56,9.02,5.54,16.57,13.58,3.13,5.91,71.86,26.68,17.14,32.57,9.33,48.1,33.1,11.57,16.24,91.27,12.58,2.43,,8.03,11.9,11.27,10.44,6.06,28.61,66.88,3.59,50.53,118.3,77.33,6.14,,35.4,14.9
2019-05-06 07:00:00,6.66,21.13,18.36,23.94,60.0,17.01,73.35,9.44,8.56,85.52,5.95,11.31,15.49,66.74,17.38,9.51,5.52,8.86,5.47,16.52,13.58,3.13,5.87,71.62,26.37,17.01,33.07,9.23,46.79,32.56,11.21,15.98,91.19,12.37,2.4,,8.06,12.2,11.17,10.44,6.01,28.36,65.57,3.55,49.77,117.5,76.92,6.09,,34.09,14.8
2019-05-07 07:00:00,6.66,20.68,18.17,23.78,61.35,17.34,72.74,9.39,8.49,86.4,5.85,11.11,15.52,66.01,17.51,9.34,5.41,8.97,5.44,15.5,13.49,2.98,5.84,70.48,26.09,16.85,32.29,9.17,47.18,32.78,11.25,15.83,89.58,12.16,2.4,,8.06,12.15,11.2,10.41,6.04,28.4,65.43,3.51,49.86,117.5,76.68,6.03,,34.38,14.52
2019-05-08 07:00:00,6.5,19.78,17.84,23.37,64.71,17.23,72.44,9.23,8.66,84.79,5.95,11.05,15.59,65.83,17.18,8.99,5.15,8.82,5.32,15.99,13.4,2.98,5.69,70.48,25.75,16.89,31.63,9.05,46.95,32.2,10.97,15.6,89.88,11.89,2.36,,7.81,11.95,10.87,10.12,6.06,27.67,63.39,3.49,49.55,116.0,75.62,5.88,,33.7,14.5
2019-05-09 07:00:00,6.53,19.78,17.81,22.91,61.77,17.08,71.95,9.34,8.55,82.96,5.8,11.34,15.68,66.13,17.45,9.08,5.21,8.77,5.34,16.48,13.23,2.98,5.75,71.13,25.87,16.89,31.9,9.05,46.87,32.33,10.93,16.03,89.69,11.89,2.4,,7.85,12.15,10.82,10.17,6.1,28.01,61.93,3.47,50.08,115.5,75.86,5.91,,34.19,14.7
2019-05-10 07:00:00,6.46,19.6,17.18,22.86,61.35,17.08,71.22,9.25,8.55,85.82,5.93,11.76,15.49,64.68,17.31,9.25,5.31,8.78,5.36,16.12,13.14,2.95,5.66,70.56,26.09,17.01,32.13,9.05,47.02,32.3,10.78,16.24,92.5,12.09,2.4,,7.81,12.0,10.87,10.22,6.2,28.06,62.37,3.47,50.04,115.5,75.86,5.98,,34.29,14.5
2019-05-13 07:00:00,6.53,19.78,17.46,22.76,61.6,16.86,71.34,9.34,8.5,86.92,5.78,11.89,15.49,65.53,17.41,9.25,5.39,8.74,5.37,16.32,12.96,2.98,5.65,70.89,26.34,16.92,32.52,9.15,47.33,32.3,10.9,16.39,93.44,12.09,2.4,,7.93,11.95,10.98,10.17,6.41,28.18,61.05,3.51,49.73,115.3,76.63,5.98,,34.24,14.56
2019-05-14 07:00:00,6.48,19.78,17.7,22.84,62.86,17.01,70.85,9.27,8.34,85.96,5.85,11.57,15.62,64.62,17.38,9.34,5.43,8.41,5.39,16.28,13.18,2.98,5.66,68.13,26.37,17.01,32.29,9.19,46.79,32.43,11.37,16.39,92.88,12.13,2.4,,7.9,11.85,10.87,10.12,6.47,28.01,61.2,3.51,49.77,116.0,78.04,5.96,,34.68,14.46
2019-05-15 07:00:00,6.46,19.69,17.78,23.01,65.55,16.86,69.7,9.46,8.17,86.18,5.83,11.31,15.96,66.13,17.65,9.68,5.35,8.59,5.51,15.99,13.01,2.98,5.73,70.08,26.65,17.01,32.52,9.19,48.26,32.46,12.43,16.84,94.38,12.09,2.4,,8.0,12.0,10.91,10.17,6.52,28.57,62.07,3.53,50.44,117.0,79.99,6.04,,35.26,14.58
2019-05-16 07:00:00,6.57,19.51,17.97,23.53,66.39,16.93,71.22,9.69,8.47,82.88,5.88,11.37,15.93,67.95,17.68,9.86,5.43,8.61,5.49,16.24,13.27,2.98,5.8,71.13,26.99,17.64,32.57,9.58,49.56,33.14,12.16,16.74,95.12,12.09,2.4,,8.14,12.15,11.38,10.36,6.59,28.61,62.66,3.55,51.24,118.0,79.87,6.17,,35.65,14.77
2019-05-17 07:00:00,6.5,19.78,17.84,23.63,65.47,16.93,72.74,9.66,8.64,84.2,5.88,11.7,15.96,67.35,17.51,9.86,5.4,8.57,5.47,15.87,13.36,2.98,5.75,69.83,26.68,17.58,32.57,9.94,49.87,33.1,12.08,16.69,95.46,12.06,2.4,,8.07,11.95,11.2,10.31,6.62,28.61,63.39,3.55,51.99,118.0,80.58,6.13,,36.0,14.82
2019-05-20 07:00:00,6.5,20.23,17.51,23.32,65.55,16.97,71.83,9.71,8.47,84.35,5.8,11.28,15.78,67.17,18.12,9.94,5.38,8.55,5.36,16.12,13.36,2.98,5.68,70.16,26.89,17.77,32.63,9.78,49.87,33.07,12.24,16.72,96.25,12.27,2.4,,8.14,12.0,11.12,10.34,6.76,28.61,63.02,3.55,51.99,117.9,79.7,6.09,,36.0,14.75
2019-05-21 07:00:00,6.53,19.51,17.84,23.68,66.14,16.97,70.73,9.78,8.47,83.98,5.85,12.15,16.14,68.56,18.25,9.94,5.38,8.74,5.48,15.91,13.36,3.02,5.72,71.29,27.42,17.71,33.24,9.66,50.95,34.78,12.24,17.07,97.93,12.58,2.36,,8.28,12.0,11.27,10.39,6.78,29.08,64.04,3.51,52.75,118.4,80.88,6.16,,36.3,14.9
2019-05-22 07:00:00,6.53,20.68,18.11,23.68,65.8,16.9,70.18,9.87,8.39,85.01,5.8,11.89,16.05,67.04,18.02,10.37,5.35,8.75,5.42,15.83,13.36,2.95,5.81,72.91,27.45,17.67,32.13,9.66,51.03,34.58,12.2,16.72,98.76,12.51,2.33,,8.23,12.05,11.2,10.34,6.78,28.78,63.02,3.53,52.22,119.5,77.98,6.22,,35.8,14.8
2019-05-23 07:00:00,6.64,20.68,18.0,23.63,65.55,16.93,70.12,9.85,8.31,85.45,5.8,11.89,16.05,66.74,17.85,10.2,5.35,8.75,5.4,15.83,13.36,2.95,5.8,72.75,27.77,17.67,32.13,9.66,50.8,34.62,12.12,16.69,98.76,12.51,2.33,,8.12,12.05,11.17,10.31,6.78,28.87,63.09,3.53,51.99,119.5,77.45,6.16,,35.5,14.84
2019-05-24 07:00:00,6.04,20.59,18.06,23.68,65.55,16.86,70.12,9.78,8.53,84.35,6.11,11.67,16.14,64.92,18.02,10.2,5.23,8.62,5.45,15.54,13.58,2.95,5.84,72.91,27.52,17.64,32.41,9.82,51.18,34.97,12.24,16.77,97.41,12.37,2.36,,8.18,11.9,11.12,10.34,6.67,28.83,63.17,3.51,51.33,118.8,77.33,6.06,,35.25,14.84
2019-05-27 07:00:00,6.46,19.87,17.73,23.53,64.88,17.08,70.12,9.69,8.5,85.82,6.13,11.57,16.07,64.92,18.25,9.94,5.25,8.51,5.41,15.67,13.58,2.95,5.76,70.56,27.93,17.3,32.41,9.78,50.8,34.29,12.47,16.49,98.79,12.16,2.3,,8.07,11.8,10.96,10.29,6.69,28.7,61.56,3.49,50.66,120.5,77.33,6.06,,34.85,14.82
2019-05-28 07:00:00,6.44,19.87,17.73,23.73,64.12,17.12,69.39,9.71,8.53,84.42,6.11,11.6,15.96,66.07,18.22,10.2,5.33,8.62,5.55,15.42,13.6,2.91,5.75,71.29,27.61,17.14,32.46,9.78,51.1,34.29,12.63,16.54,99.24,12.4,2.3,,8.0,11.85,10.91,10.24,6.79,28.7,61.49,3.45,51.55,120.5,79.11,6.16,,35.3,14.75
2019-05-29 07:00:00,6.41,20.41,17.62,23.58,63.95,17.12,68.78,9.57,8.39,85.45,6.08,11.7,15.91,65.47,18.25,11.24,5.31,8.57,5.6,15.26,13.6,2.91,5.76,70.16,27.83,17.61,32.57,9.78,51.64,34.97,12.47,16.39,97.37,12.3,2.3,,7.96,11.85,10.89,10.24,6.74,28.95,61.2,3.47,51.06,124.5,78.16,6.06,,34.4,14.81
2019-05-30 07:00:00,6.46,20.41,17.57,24.29,65.22,16.97,67.63,9.44,8.34,84.5,6.15,11.5,15.64,65.95,17.71,10.89,5.33,8.62,5.54,15.58,13.62,2.84,5.69,70.73,27.61,17.33,32.85,9.74,52.05,34.36,12.47,16.49,98.12,12.23,2.3,,7.92,11.75,10.75,10.19,6.84,28.91,60.91,3.44,51.19,123.0,78.4,5.96,,34.95,14.65
2019-05-31 07:00:00,6.44,20.68,17.27,24.19,64.12,17.01,68.18,9.5,8.39,84.72,6.07,11.7,15.82,64.62,17.78,10.63,5.4,8.49,5.44,15.58,13.6,2.88,5.69,69.35,27.64,17.01,33.69,9.76,51.65,34.13,12.4,16.72,98.64,12.23,2.33,,7.93,11.75,10.84,10.19,6.82,28.91,60.62,3.44,51.46,124.0,77.57,5.98,,35.0,14.75
2019-06-03 07:00:00,6.37,20.59,17.13,24.01,63.03,16.86,67.57,9.21,8.23,84.35,5.9,11.44,15.61,62.07,17.38,10.11,5.4,8.5,5.38,16.08,13.62,2.84,5.58,69.51,27.14,16.73,33.41,9.55,48.05,33.04,11.96,16.44,98.68,12.23,2.3,,7.81,11.7,10.58,10.07,6.78,28.48,59.74,3.42,50.66,124.0,76.45,5.91,,34.25,14.55
2019-06-04 07:00:00,6.37,20.68,16.69,23.88,64.71,16.75,67.57,9.16,8.12,83.62,5.95,11.63,15.43,61.52,17.25,10.03,5.27,8.48,5.21,15.83,13.6,2.8,5.52,68.86,26.95,16.82,33.3,9.51,49.65,32.46,12.0,15.98,99.28,12.23,2.27,,7.85,11.65,10.27,10.19,6.78,28.27,58.65,3.42,50.48,122.0,75.86,5.83,,34.0,14.4
2019-06-05 07:00:00,6.35,20.41,17.46,23.24,65.38,16.49,66.35,9.3,8.26,83.03,6.05,11.96,15.43,62.8,17.51,9.94,5.28,8.41,5.25,15.54,13.62,2.84,5.53,69.59,27.33,17.08,33.63,9.53,50.45,33.26,12.32,16.28,101.15,12.3,2.27,,7.95,11.7,10.2,10.22,6.75,28.78,59.16,3.44,51.1,121.8,76.81,5.86,,34.5,14.5
2019-06-06 07:00:00,6.41,20.14,17.13,22.43,64.79,16.64,65.74,9.21,8.12,84.28,6.02,11.57,15.54,61.28,17.31,10.11,5.29,8.23,5.16,15.34,13.58,2.88,5.46,68.54,27.45,16.92,33.41,9.66,48.45,33.35,12.32,16.24,102.61,12.13,2.27,,7.84,11.65,10.06,10.24,6.81,28.57,58.65,3.44,51.5,121.3,76.16,5.73,,34.35,14.37
2019-06-07 07:00:00,6.33,19.78,17.07,23.15,65.22,16.64,64.22,9.34,8.07,82.88,5.98,11.63,15.89,61.28,17.58,10.72,5.3,7.92,5.08,15.5,13.49,2.84,5.49,69.27,27.36,17.01,33.63,9.66,50.05,33.22,12.51,16.24,102.65,12.2,2.27,,7.87,11.6,10.09,10.07,6.79,28.48,58.65,3.36,51.82,121.5,75.44,5.86,,34.6,14.49
2019-06-10 07:00:00,6.37,20.68,17.35,24.05,66.06,16.68,64.52,9.48,8.15,84.28,6.02,11.96,16.14,63.1,17.82,11.67,5.33,8.01,5.07,15.5,13.6,2.84,5.61,70.48,27.89,17.3,33.91,9.82,49.97,34.08,12.87,16.39,103.51,12.16,2.27,,7.95,11.75,10.3,10.22,6.86,28.61,60.47,3.36,52.08,122.6,75.86,5.91,,34.8,14.6
2019-06-11 07:00:00,6.35,21.67,17.35,23.88,66.39,16.9,64.83,9.39,8.09,83.47,6.02,11.86,16.0,62.8,17.48,11.24,5.27,7.92,5.17,15.5,13.68,2.8,5.56,70.24,28.08,17.14,33.8,10.02,49.73,33.82,12.71,16.41,104.86,12.2,2.27,,7.96,11.85,10.16,10.39,6.91,28.48,59.74,3.32,52.26,123.6,75.86,5.91,,35.15,14.6
2019-06-12 07:00:00,6.35,23.46,17.29,23.78,67.15,16.82,64.52,9.37,7.85,82.88,5.88,11.93,16.03,62.55,17.48,11.33,5.31,7.89,5.15,15.46,13.8,2.8,5.57,70.08,28.4,17.2,33.69,9.94,49.97,33.48,12.51,16.61,103.36,11.82,2.27,,7.96,11.7,10.16,10.53,7.15,28.87,59.38,3.28,51.99,124.0,74.78,5.91,,35.15,14.54
2019-06-13 07:00:00,6.33,24.09,17.13,23.94,67.23,16.79,64.46,9.25,7.77,82.88,5.99,11.89,15.98,60.61,17.31,11.67,5.29,8.06,5.14,15.5,13.8,2.8,5.53,68.86,28.65,17.01,33.13,9.78,49.09,32.7,12.43,16.26,102.61,11.82,2.27,,7.81,11.65,10.06,10.56,7.06,28.7,57.92,3.26,51.19,123.4,74.78,5.88,,34.7,14.3
2019-06-14 07:00:00,6.35,23.55,17.29,23.88,66.9,16.6,62.39,9.27,7.74,77.75,5.92,11.86,15.82,61.58,17.38,11.93,5.3,7.92,5.14,15.5,13.8,2.8,5.56,68.86,28.34,17.01,32.85,9.78,49.57,32.06,12.16,16.24,99.96,11.82,2.23,,7.84,11.65,10.01,10.24,7.2,28.91,57.41,3.24,51.55,121.1,73.47,5.95,,34.6,14.26
2019-06-17 07:00:00,6.37,22.84,17.57,23.72,67.23,16.79,62.09,9.34,7.8,78.19,5.82,11.76,15.64,61.89,17.35,11.58,5.29,7.91,5.18,15.5,14.2,2.8,5.61,67.49,28.08,16.92,32.96,9.78,49.65,31.85,12.59,16.16,102.24,11.82,2.27,,7.81,11.65,10.06,10.39,7.06,29.64,58.21,3.28,51.5,119.5,73.89,6.06,,34.9,14.29
2019-06-18 07:00:00,6.37,22.92,17.4,23.78,67.23,16.6,60.32,9.39,7.77,76.5,5.61,11.93,15.73,61.58,17.35,11.41,5.26,7.73,5.1,15.5,13.91,2.84,5.58,67.57,27.74,16.85,32.18,9.78,48.93,30.99,12.63,16.03,102.24,11.68,2.27,,7.77,11.45,9.87,10.39,6.64,29.55,56.68,3.3,50.97,119.9,73.47,6.03,,34.0,14.2
2019-06-19 07:00:00,6.41,22.48,17.46,23.24,67.06,16.46,59.35,9.27,7.77,74.45,5.53,12.06,15.84,62.92,17.31,11.67,5.2,8.22,5.1,15.42,14.2,2.8,5.57,67.08,27.96,17.08,31.96,9.98,49.25,30.82,12.36,16.16,103.18,11.82,2.27,,7.84,11.3,9.5,9.95,6.64,29.9,56.9,3.24,51.5,119.5,73.71,6.04,,34.0,14.2
2019-06-20 07:00:00,6.41,22.92,17.46,23.24,67.23,16.35,59.41,9.27,7.69,73.35,5.58,11.96,15.91,62.92,17.38,11.93,5.25,8.3,5.14,15.38,14.2,2.8,5.57,66.84,28.08,17.08,31.96,9.98,49.57,30.9,12.32,16.16,100.74,11.65,2.23,,7.85,11.3,9.54,9.93,6.69,29.85,57.12,3.22,51.64,119.6,73.77,6.0,,34.0,14.06
2019-06-21 07:00:00,6.57,22.92,17.84,23.61,67.4,16.38,59.04,9.71,7.5,75.77,5.54,12.09,16.14,64.01,17.51,11.67,5.33,8.23,5.12,15.42,14.26,2.84,5.75,66.84,28.65,16.7,31.74,10.12,50.45,31.85,12.16,16.36,104.11,11.75,2.3,,7.93,11.45,9.83,9.78,6.69,30.41,57.19,3.3,50.88,123.2,74.96,6.29,,34.3,14.4
2019-06-24 07:00:00,6.55,23.02,17.81,23.24,66.64,16.57,59.65,9.78,7.61,75.55,5.54,11.83,16.1,61.28,17.45,11.24,5.29,8.2,5.12,15.34,14.09,2.84,5.75,68.05,29.0,16.89,31.74,10.14,50.45,31.76,12.16,16.36,104.11,11.65,2.3,,7.96,11.5,9.78,9.78,6.69,30.63,57.27,3.3,51.1,123.2,75.2,6.26,,34.5,14.45
2019-06-25 07:00:00,6.55,22.84,17.78,23.24,67.32,16.53,59.65,9.69,7.63,75.69,5.51,11.96,15.96,62.8,17.35,11.07,5.27,7.99,5.11,15.34,13.86,2.84,5.73,68.05,28.84,17.08,32.24,10.24,49.97,31.63,11.72,16.31,105.24,11.78,2.27,,7.82,11.7,9.75,10.19,6.51,31.18,58.14,3.26,51.77,123.1,73.53,6.27,,34.5,14.49
2019-06-26 07:00:00,6.44,22.48,17.46,23.24,67.23,16.27,62.09,9.6,7.55,77.01,5.44,11.96,16.5,63.4,17.38,10.89,5.29,7.94,5.04,15.67,13.91,2.8,5.68,67.89,28.97,16.89,32.57,10.2,49.57,31.12,11.72,16.11,103.36,11.78,2.23,,7.82,11.6,9.71,10.19,6.51,31.01,57.78,3.22,51.68,123.8,73.53,6.29,,34.2,14.41
2019-06-27 07:00:00,6.44,22.57,17.7,23.07,67.9,16.27,62.33,9.55,7.58,77.89,5.32,12.06,16.34,63.89,17.75,10.98,5.27,7.89,4.98,15.91,13.8,2.8,5.62,68.62,29.06,16.92,33.3,10.12,50.13,31.29,11.68,16.28,104.94,11.78,2.23,,7.81,11.55,9.64,10.24,6.44,30.41,57.56,3.26,51.99,124.2,73.77,6.21,,34.35,14.22
2019-06-28 07:00:00,6.35,22.57,17.46,23.24,67.48,16.42,62.21,9.48,7.61,80.17,5.1,11.93,16.1,61.89,17.65,10.89,5.26,7.77,4.9,15.83,14.15,2.77,5.58,67.24,28.78,16.95,33.19,10.2,49.89,30.9,11.41,16.06,102.24,11.54,2.2,,7.84,11.35,9.61,10.22,6.51,29.81,55.81,3.22,51.1,124.2,73.47,6.09,,33.75,14.21
2019-07-01 07:00:00,6.53,22.57,17.57,23.02,67.74,16.13,65.13,9.37,7.71,80.02,5.19,12.02,16.32,62.49,17.51,10.89,5.45,7.99,4.95,15.83,13.97,2.8,5.66,68.05,29.5,17.01,33.24,10.36,49.65,31.42,11.84,16.21,104.45,11.82,2.2,,7.92,11.45,9.71,10.27,6.48,30.41,57.92,3.22,51.86,126.0,73.47,6.16,,34.15,14.55
2019-07-02 07:00:00,6.48,22.2,17.51,23.07,67.9,15.84,63.73,9.62,7.9,80.33,5.34,12.09,16.67,63.04,17.65,10.98,5.32,7.92,5.11,15.67,13.83,2.8,5.7,69.35,29.95,16.79,33.8,10.36,50.77,31.89,11.84,16.28,104.11,11.85,2.23,,7.9,11.55,9.97,10.58,6.58,30.63,59.01,3.24,52.04,127.1,74.66,6.3,,34.1,14.55
2019-07-03 07:00:00,6.44,22.29,17.46,23.24,68.32,16.49,63.67,9.48,8.01,78.19,5.27,12.15,16.57,62.49,18.38,11.24,5.23,7.79,5.09,15.58,13.8,2.88,5.69,68.54,30.01,16.92,33.52,10.34,51.33,32.1,11.6,16.34,103.06,11.75,2.17,,7.87,11.5,9.8,10.61,6.59,30.2,58.72,3.24,51.33,128.5,74.78,6.29,,34.4,14.65
2019-07-04 07:00:00,6.41,23.77,17.67,23.51,69.5,16.35,65.01,9.69,8.39,77.46,5.19,11.89,16.67,62.49,18.22,11.24,5.25,7.58,4.94,15.5,13.71,2.88,5.7,68.46,30.29,16.92,32.68,10.36,51.25,31.76,11.72,16.84,103.36,11.68,2.2,,7.85,11.4,9.85,10.61,6.58,29.98,59.74,3.36,51.1,128.5,75.38,6.26,,34.6,14.5
2019-07-05 07:00:00,6.5,23.21,17.81,24.05,69.75,16.27,65.13,9.69,8.44,79.15,5.31,12.12,16.6,62.98,18.12,11.24,5.25,7.68,4.98,15.5,13.71,2.84,5.72,68.78,30.04,17.23,33.3,10.36,51.73,32.15,11.72,16.92,104.49,11.68,2.2,,8.06,11.45,10.13,10.56,6.61,31.05,61.35,3.4,51.55,129.5,75.38,6.34,,34.8,14.59
2019-07-08 07:00:00,6.48,22.57,17.95,24.59,69.75,16.02,62.82,9.69,8.26,78.78,5.27,11.93,16.5,63.04,18.12,11.84,5.19,7.65,5.02,15.5,13.51,2.84,5.73,68.13,29.98,17.14,33.52,10.52,51.89,31.98,11.6,16.79,104.86,11.78,2.2,,8.01,11.45,10.06,10.76,6.58,30.84,61.93,3.36,51.77,129.1,75.08,6.26,,35.5,14.59
2019-07-09 07:00:00,6.44,22.38,17.67,24.18,69.67,15.98,63.49,9.57,8.36,77.16,5.25,12.06,16.42,62.49,17.82,11.33,5.15,7.51,4.96,15.42,13.45,2.88,5.69,68.05,29.85,17.01,33.52,10.42,51.17,31.55,11.53,17.0,104.11,11.92,2.2,,7.92,11.4,9.78,10.76,6.52,30.63,60.47,3.38,51.55,128.5,74.19,6.3,,35.5,14.5
2019-07-10 07:00:00,6.61,22.57,17.78,25.02,70.09,15.94,63.55,9.62,8.36,77.53,5.27,11.89,16.65,63.71,17.85,11.41,5.17,7.37,4.94,15.34,13.33,2.84,5.75,68.21,30.7,16.95,33.52,10.46,51.17,31.59,11.53,17.1,105.24,11.96,2.17,,7.92,11.4,9.85,10.81,6.55,31.05,60.54,3.34,51.99,129.7,74.66,6.29,,36.5,14.54
2019-07-11 07:00:00,6.57,22.84,17.78,24.96,71.1,16.27,65.13,9.66,8.47,77.38,5.36,12.02,16.73,64.8,18.08,11.58,5.14,7.37,4.87,15.3,13.45,2.88,5.72,68.21,31.08,16.95,33.91,10.54,51.33,31.42,11.68,17.38,106.73,11.82,2.17,,7.93,11.55,9.87,10.86,6.52,31.1,60.98,3.34,52.13,131.5,74.96,6.35,,36.2,14.56
2019-07-12 07:00:00,6.73,22.94,18.27,24.8,71.35,16.42,66.9,9.89,8.42,78.78,5.27,12.06,16.71,65.04,18.05,11.84,5.17,7.48,4.8,15.34,13.22,2.88,5.79,66.84,30.92,16.95,34.24,10.61,51.89,31.33,11.76,17.17,107.11,11.96,2.23,,7.98,11.5,9.97,11.03,6.52,31.7,60.54,3.36,51.95,131.4,74.78,6.42,,36.55,14.7
2019-07-15 07:00:00,6.68,23.12,18.17,26.1,71.27,16.16,67.69,9.82,8.47,76.72,5.25,12.06,16.71,65.04,18.05,11.58,5.17,7.48,4.8,15.34,13.22,2.91,5.79,66.84,30.92,16.95,34.24,10.61,51.89,31.33,11.76,17.17,107.11,11.96,2.2,,7.98,11.5,9.97,11.03,6.52,31.7,60.54,3.46,51.95,131.4,74.78,6.42,,36.55,14.7
2019-07-16 07:00:00,6.66,24.04,18.25,27.07,70.17,16.2,67.2,9.85,8.34,76.72,5.24,11.89,16.8,64.31,18.28,11.58,5.16,7.44,5.1,15.5,12.9,2.88,5.81,64.81,31.93,16.79,33.52,10.42,51.65,32.06,11.6,17.35,106.73,11.89,2.2,,7.88,11.4,9.99,10.83,6.58,32.34,59.74,3.61,51.1,129.6,73.95,6.39,,36.3,14.56
2019-07-17 07:00:00,6.7,23.95,18.82,27.02,72.44,16.02,67.2,9.98,8.12,75.54,5.22,11.76,16.78,64.25,18.32,11.5,5.17,7.46,5.11,15.42,12.81,2.84,5.88,65.38,32.25,16.89,33.63,10.34,51.57,32.02,11.53,17.07,106.73,11.86,2.2,,7.93,11.45,10.06,10.88,6.67,32.77,61.13,3.63,51.55,131.1,74.07,6.4,,36.75,14.6
2019-07-18 07:00:00,6.75,25.15,18.79,27.02,72.44,15.91,63.73,9.94,8.01,74.95,5.2,11.73,16.67,66.07,17.98,11.76,5.24,7.36,5.04,15.46,12.84,2.84,5.91,63.92,32.03,16.79,33.69,10.34,51.49,31.76,11.49,17.0,106.36,11.89,2.2,,8.07,11.55,10.06,11.01,6.67,32.51,60.47,3.6,51.1,130.1,74.66,6.29,,36.7,14.58
2019-07-19 07:00:00,7.1,24.87,19.09,26.75,72.19,15.87,67.87,10.05,8.01,73.7,5.19,11.57,16.65,65.22,18.05,11.84,5.22,7.24,5.08,15.5,12.87,2.84,6.04,61.57,32.97,16.73,32.29,10.3,51.41,31.5,11.37,17.05,106.73,11.71,2.2,,8.11,11.55,10.06,11.01,6.67,32.51,60.47,3.67,51.1,130.1,74.66,6.29,,36.7,14.45
2019-07-22 07:00:00,7.61,26.9,19.2,26.99,70.85,16.13,67.63,10.01,8.01,75.54,5.15,11.76,17.1,63.77,17.95,11.93,5.23,7.1,5.11,15.67,13.07,2.84,6.02,62.95,33.45,16.57,32.41,10.4,51.25,31.55,11.13,16.69,103.78,11.54,2.23,,8.03,11.65,9.99,10.91,6.45,33.84,61.56,3.71,51.55,131.0,75.56,6.26,,37.4,14.59
2019-07-23 07:00:00,6.88,26.25,19.5,26.48,71.43,16.13,68.18,9.89,8.47,75.02,5.15,11.7,17.2,64.01,17.78,12.28,5.17,7.17,4.98,15.83,12.87,2.88,6.02,63.35,33.61,16.38,32.07,10.3,51.41,33.05,11.05,16.72,103.81,11.57,2.2,,7.96,11.55,9.94,10.68,6.59,33.79,61.64,3.67,51.77,131.2,74.96,6.22,,36.5,14.59
2019-07-24 07:00:00,6.84,25.79,19.31,27.34,70.85,16.09,67.26,9.96,8.93,74.88,5.14,11.63,17.51,65.1,17.82,12.45,5.19,7.48,4.96,15.67,12.81,3.06,6.15,64.73,34.39,16.45,32.91,10.42,51.65,33.48,11.37,17.05,103.85,11.61,2.2,,7.98,11.5,9.97,10.56,6.58,34.05,62.66,3.67,53.55,131.9,75.26,6.24,,37.6,14.7
2019-07-25 07:00:00,6.87,26.44,18.71,26.75,71.1,15.98,67.57,9.73,8.64,75.39,5.1,11.67,17.24,64.68,17.71,12.97,5.17,7.41,4.97,15.38,12.7,2.98,6.07,65.05,33.89,16.29,32.8,10.42,53.25,33.26,11.29,16.92,103.92,11.43,2.2,,7.79,11.35,9.9,10.61,6.52,32.94,62.51,3.69,53.59,133.3,74.66,6.22,,37.4,14.68
2019-07-26 07:00:00,6.87,26.71,19.09,26.75,71.1,16.13,68.78,9.78,8.53,75.24,5.07,11.37,17.2,65.53,17.78,12.79,5.17,7.79,4.98,15.5,12.58,2.98,6.04,65.46,34.08,15.94,32.57,10.48,52.61,33.83,11.29,16.87,106.55,11.47,2.23,,7.7,11.2,9.85,11.01,6.51,33.28,63.75,3.77,54.53,132.5,74.84,6.11,,37.5,14.78
2019-07-29 07:00:00,6.7,26.07,19.47,26.56,71.6,15.98,68.6,9.71,8.66,74.43,5.03,11.41,17.31,65.65,17.92,12.54,5.15,7.77,4.96,15.3,12.72,2.91,6.04,65.38,33.83,16.07,32.46,10.48,52.61,33.92,11.25,16.64,104.45,11.54,2.2,,7.73,11.2,9.92,10.93,6.51,33.62,63.75,3.77,54.66,133.2,74.13,6.11,,37.45,14.75
2019-07-30 07:00:00,6.58,25.33,19.42,26.37,71.43,16.02,67.87,9.66,8.85,74.36,5.07,11.5,17.24,67.35,17.71,12.79,5.16,7.61,4.86,15.42,12.7,2.95,6.06,65.62,33.29,16.32,32.57,10.54,51.81,33.7,11.09,16.54,105.57,11.57,2.2,,7.62,10.95,9.87,11.08,6.5,35.12,65.13,3.73,55.28,133.5,74.66,6.11,,36.75,14.73
2019-07-31 07:00:00,6.67,25.7,19.09,25.88,71.52,15.91,68.18,9.48,8.66,73.62,4.97,11.44,16.96,66.13,17.58,12.71,5.17,7.37,4.84,15.34,12.75,2.88,5.89,64.0,32.56,15.94,32.52,10.5,51.73,33.09,10.9,16.54,104.86,11.64,2.14,,7.3,10.9,9.78,10.96,6.48,34.27,61.93,3.69,54.44,133.4,73.77,6.09,,35.7,14.55
2019-08-01 07:00:00,6.55,25.61,19.37,26.21,70.59,15.91,68.48,9.53,8.66,73.11,4.93,11.47,17.17,66.68,17.38,12.79,5.15,7.75,4.87,15.22,12.87,2.91,5.96,64.81,33.54,16.19,32.13,10.54,52.21,33.18,11.21,16.64,105.38,11.68,2.14,,7.33,10.7,9.73,11.24,6.47,34.35,64.84,3.69,54.66,132.5,73.77,6.04,,37.0,14.61
2019-08-02 07:00:00,6.5,26.25,19.09,26.32,70.76,15.84,67.57,9.25,8.44,71.04,4.86,11.5,17.05,64.31,17.05,12.79,5.13,7.65,4.84,15.1,13.28,2.88,5.84,64.0,33.92,15.94,32.96,10.81,51.33,33.61,11.01,16.64,104.19,11.75,2.14,,7.27,10.4,9.64,11.34,6.37,34.14,64.55,3.71,54.22,132.0,73.77,6.06,,36.4,14.67
2019-08-05 07:00:00,6.44,28.1,19.37,26.48,69.33,15.98,68.18,9.37,8.61,70.01,4.76,11.57,17.38,64.07,17.25,13.4,5.15,7.7,4.84,14.81,13.28,2.91,5.91,63.35,34.08,15.75,33.24,10.77,52.05,34.91,11.09,16.74,103.85,11.71,2.14,,7.27,10.55,9.64,11.24,6.27,33.92,64.84,3.71,54.26,131.5,73.77,6.21,,36.25,14.64
2019-08-06 07:00:00,5.92,30.21,18.82,25.4,65.55,15.76,68.6,9.14,8.39,71.49,4.59,11.31,17.1,61.4,17.21,13.75,5.07,7.42,4.67,14.36,12.99,2.84,5.8,61.98,33.73,14.81,32.91,10.5,49.25,34.48,10.58,16.28,103.62,11.61,2.07,,6.89,10.35,9.54,10.91,6.38,32.72,61.56,3.75,51.55,129.8,72.27,6.06,,34.5,14.25
2019-08-07 07:00:00,6.29,32.06,19.28,25.61,64.71,15.54,68.78,9.25,8.28,69.72,4.64,11.31,17.1,61.4,17.21,14.61,5.07,7.42,4.67,14.36,12.99,2.8,5.8,61.98,33.73,14.81,32.91,10.5,49.25,34.48,10.58,16.28,103.62,11.61,2.07,,6.89,10.35,9.54,10.91,6.38,32.68,61.93,3.77,51.55,130.3,72.27,6.13,,35.1,14.25
2019-08-08 07:00:00,5.95,31.04,18.93,26.75,63.45,15.32,67.26,9.3,8.34,68.98,4.61,11.37,17.68,60.73,17.55,14.39,4.95,7.63,4.53,14.93,13.3,2.84,5.79,59.63,36.13,15.25,33.13,10.5,49.25,37.91,10.62,16.21,104.86,11.47,2.07,,6.7,10.4,9.5,11.06,6.38,33.62,61.94,3.89,52.44,131.1,72.27,6.06,,34.7,14.5
2019-08-09 07:00:00,6.18,30.12,19.09,28.48,66.9,15.91,65.13,9.37,8.5,71.49,4.73,11.47,17.84,61.4,18.85,14.65,4.95,8.06,4.53,14.52,13.62,2.84,5.85,60.68,35.78,15.28,32.68,10.61,49.81,36.74,10.7,17.25,103.62,11.4,2.07,,6.84,10.45,9.54,11.16,6.4,33.71,62.67,3.93,54.22,131.2,72.21,6.06,,34.7,14.6
2019-08-12 07:00:00,6.35,30.4,19.01,27.99,65.55,15.47,65.13,9.39,8.39,71.85,4.76,11.31,18.13,62.01,18.58,14.3,5.24,7.96,4.61,14.52,13.68,2.84,5.83,61.57,36.57,15.37,33.41,10.61,49.81,36.6,10.66,17.43,104.67,11.26,2.07,,6.98,10.4,9.54,11.41,6.47,33.62,61.49,3.93,53.42,132.0,72.27,6.19,,35.4,14.55
2019-08-13 07:00:00,6.32,29.94,19.12,27.56,65.55,15.32,61.78,9.25,8.07,69.28,4.9,11.21,18.48,61.34,18.38,14.21,5.16,8.03,4.54,14.69,13.51,2.8,5.88,61.57,36.76,15.56,33.3,10.61,49.97,37.38,10.5,17.55,104.86,11.15,2.07,,6.87,10.3,9.54,11.46,6.38,33.07,61.94,3.93,53.28,133.8,71.68,6.21,,35.45,14.62
2019-08-14 07:00:00,6.35,28.92,19.26,27.77,65.22,14.85,62.39,9.53,8.07,69.28,4.85,11.41,18.8,62.19,18.25,13.6,5.16,8.2,4.51,14.85,13.57,2.52,6.07,61.98,37.42,15.78,33.3,10.54,50.69,37.52,10.34,18.36,103.81,11.08,2.07,,6.95,10.35,9.85,11.41,6.41,33.41,61.57,3.95,53.1,132.7,71.2,6.29,,35.3,14.75
2019-08-15 07:00:00,6.27,26.71,18.82,26.69,65.13,15.43,60.87,9.21,7.58,69.13,4.69,11.11,18.76,60.07,17.85,13.16,5.1,7.92,4.45,14.77,13.51,2.8,5.93,60.84,37.17,15.25,33.41,10.38,48.93,36.91,9.99,18.04,103.74,10.94,2.07,,6.8,10.05,9.64,11.06,6.33,31.95,60.46,3.95,51.99,130.2,70.06,6.16,,34.25,14.4
2019-08-16 07:00:00,6.32,29.02,19.09,27.29,65.55,15.4,62.09,9.41,7.61,70.38,4.71,11.5,19.16,61.16,18.68,13.78,5.21,8.01,4.48,14.93,13.62,2.77,6.02,60.92,38.12,15.5,34.52,10.34,49.25,37.86,10.1,18.75,105.24,11.15,2.04,,6.9,10.3,9.92,11.34,6.35,33.32,61.64,4.16,53.15,130.0,72.27,6.29,,35.4,14.7
2019-08-19 07:00:00,6.35,29.48,19.91,28.31,65.47,15.4,62.33,9.44,7.63,68.98,4.76,11.47,18.8,61.89,19.05,13.78,5.23,7.92,4.41,15.63,13.91,2.8,6.06,62.38,37.17,15.66,34.3,10.3,49.97,37.34,10.38,19.05,104.56,11.26,2.04,,7.13,10.35,10.35,11.36,6.35,33.37,61.94,4.32,54.44,130.5,74.36,6.35,,35.5,14.9
2019-08-20 07:00:00,6.38,29.48,20.16,27.56,65.47,15.25,62.45,9.39,7.74,70.6,4.69,11.44,18.94,62.19,18.82,13.78,5.21,7.94,4.38,15.5,13.86,2.77,5.96,62.38,37.3,15.53,34.52,10.46,50.13,36.86,10.22,18.8,104.11,11.26,2.04,,7.02,10.3,10.2,11.24,6.35,33.32,62.08,4.27,54.17,130.5,74.6,6.35,,35.4,14.82
2019-08-21 07:00:00,6.41,30.77,19.91,27.99,64.71,15.29,61.9,9.44,7.61,70.38,4.68,11.11,19.56,62.8,19.25,14.48,5.2,7.89,4.39,15.34,13.86,2.77,6.02,61.25,37.87,15.75,34.86,10.4,50.05,37.47,10.26,18.67,104.11,11.4,2.01,,6.95,10.3,10.23,11.41,6.34,32.94,63.85,4.25,53.77,130.2,74.07,6.35,,35.5,14.85
2019-08-22 07:00:00,6.5,29.94,20.73,27.45,65.55,15.1,61.9,9.6,7.71,69.28,4.64,11.21,19.38,63.95,19.15,14.3,5.23,8.03,4.54,15.34,13.97,2.8,6.12,62.38,38.02,15.66,34.91,10.46,50.29,37.12,10.58,18.97,104.11,11.26,1.94,,7.13,10.25,10.23,11.39,6.35,34.35,64.52,4.3,54.66,130.9,74.01,6.43,,36.2,14.94
2019-08-23 07:00:00,6.55,29.48,20.62,27.34,66.22,14.96,60.87,9.44,7.66,69.64,4.64,11.44,19.2,63.71,18.82,14.39,5.23,8.01,4.77,15.1,14.0,2.77,6.12,63.43,37.08,15.88,34.63,10.46,50.37,36.13,10.5,18.67,103.55,11.36,1.98,,7.08,10.4,10.2,11.29,6.31,34.27,64.89,4.16,56.04,132.3,74.13,6.48,,35.75,14.94
2019-08-26 07:00:00,6.5,29.94,20.13,27.13,64.96,14.96,60.81,9.27,7.69,68.91,4.68,11.24,19.34,62.25,18.65,14.04,5.21,7.96,4.65,14.93,13.91,2.8,6.06,61.57,36.35,15.63,34.47,10.4,49.17,36.78,10.26,18.26,103.36,11.36,2.04,,6.8,10.5,10.01,11.24,6.38,33.5,62.67,4.18,55.55,133.8,72.87,6.42,,34.7,14.8
2019-08-27 07:00:00,6.47,30.77,20.89,27.29,64.96,14.88,59.1,9.37,7.61,68.54,4.66,11.05,19.52,62.37,19.12,14.13,5.21,7.92,4.57,15.18,14.0,2.77,6.34,61.57,37.01,15.69,34.58,10.38,48.85,36.34,10.22,18.47,102.39,11.26,2.04,,6.87,10.55,10.09,11.16,6.38,33.5,63.34,4.13,55.5,132.0,72.57,6.55,,35.0,14.85
2019-08-28 07:00:00,6.47,30.86,20.46,26.75,64.71,14.66,59.35,9.3,7.61,69.57,4.57,11.02,19.16,61.89,18.72,13.95,5.25,7.72,4.55,16.97,13.91,2.77,6.28,60.76,35.97,15.72,34.35,10.34,49.33,36.17,10.38,18.47,101.08,11.19,2.04,,6.76,10.5,10.11,11.14,6.41,32.9,63.41,4.18,54.3,132.0,71.68,6.65,,34.55,14.82
2019-08-29 07:00:00,6.44,30.68,20.51,25.94,64.37,14.37,59.04,9.3,7.52,68.54,4.51,10.92,18.87,62.69,18.65,13.86,5.22,7.67,4.48,18.56,13.88,2.77,6.31,60.6,35.91,15.81,34.24,10.38,49.01,35.13,10.26,18.47,102.05,11.19,2.04,,6.73,10.4,10.11,11.24,6.5,32.94,64.0,4.11,54.88,132.4,71.68,6.61,,34.7,14.7
2019-08-30 07:00:00,6.44,32.15,20.84,25.94,64.71,15.76,59.04,9.25,7.58,67.87,4.57,10.82,19.16,62.38,18.88,13.6,5.18,7.63,4.47,18.93,13.91,2.77,6.3,60.76,36.29,15.94,34.47,10.42,49.01,35.56,10.22,18.44,102.05,11.19,2.04,,6.73,10.35,10.11,11.16,6.57,32.94,64.0,4.09,54.88,132.4,71.68,6.61,,34.7,14.8
2019-09-03 07:00:00,6.41,31.78,21.17,27.02,64.54,15.29,57.64,9.25,7.58,68.91,4.63,10.98,19.16,62.5,19.19,13.16,5.13,7.65,4.52,17.95,13.94,2.77,6.24,61.08,37.01,16.13,34.69,10.48,49.17,35.65,10.26,18.67,102.24,11.61,2.07,,6.75,10.4,10.2,11.51,6.59,33.32,64.74,4.09,54.88,132.0,73.47,6.63,,34.5,14.81
2019-09-04 07:00:00,6.38,29.48,21.11,26.05,63.28,15.03,56.61,9.16,7.5,68.91,4.63,10.98,19.16,62.5,19.19,12.37,5.13,7.65,4.52,17.95,13.94,2.73,6.24,61.08,37.01,16.13,34.69,10.44,49.17,35.65,10.26,18.67,102.02,11.61,2.04,,6.75,10.2,10.2,11.51,6.59,33.2,64.67,4.16,54.66,131.5,73.47,6.55,,34.25,14.81
2019-09-05 07:00:00,6.38,29.38,21.17,26.53,63.79,14.81,56.0,9.23,7.52,70.38,4.63,10.95,19.3,63.0,18.99,12.64,5.07,7.46,4.47,16.97,13.88,2.73,6.22,60.76,37.23,15.81,34.69,10.5,48.69,35.78,10.18,18.36,99.25,11.75,2.04,,6.8,10.15,10.25,11.44,6.47,33.07,65.62,4.13,54.62,130.4,74.19,6.52,,34.0,14.81
2019-09-06 07:00:00,6.35,29.48,21.0,26.61,63.87,14.77,56.61,9.14,7.52,68.91,4.59,10.79,19.12,63.0,18.82,12.64,5.05,7.51,4.45,17.22,13.8,2.73,6.1,60.36,36.67,15.94,34.24,10.5,49.01,35.39,10.22,18.04,99.66,11.82,2.04,,6.67,10.2,10.56,11.16,6.35,33.41,65.62,4.13,54.22,130.4,72.87,6.65,,34.1,14.79
2019-09-09 07:00:00,6.29,29.48,20.73,26.86,63.03,15.1,59.04,9.11,7.5,68.61,4.54,10.98,19.16,62.19,18.72,12.46,5.06,7.41,4.39,16.73,13.8,2.7,6.12,59.71,36.76,15.85,34.58,10.46,48.53,35.13,10.1,18.06,100.9,11.86,2.01,,6.64,10.25,10.49,11.11,6.35,33.11,65.48,4.11,54.17,130.6,73.47,6.61,,34.3,14.74
2019-09-10 07:00:00,6.32,28.83,20.7,26.75,63.03,15.03,59.1,9.16,7.42,67.87,4.54,10.85,19.6,62.38,18.52,11.85,5.06,7.3,4.35,17.05,13.71,2.73,6.1,59.95,36.92,15.85,34.47,10.42,49.57,34.78,9.95,18.01,100.56,11.86,2.01,,6.7,10.15,10.2,11.39,6.21,33.07,65.18,4.09,54.66,133.2,74.24,6.55,,34.0,14.69
2019-09-11 07:00:00,6.27,27.73,20.73,26.21,60.51,14.7,58.62,9.07,7.36,67.06,4.52,10.85,19.52,61.63,17.95,11.67,5.03,7.34,4.31,16.73,13.77,2.66,6.11,61.73,36.22,16.07,34.41,10.38,49.73,33.96,9.71,17.91,99.06,11.86,1.98,,6.57,10.0,10.16,11.74,6.23,33.11,64.52,3.97,54.22,133.3,73.95,6.57,,33.7,14.69
2019-09-12 07:00:00,6.32,28.28,20.92,26.86,60.68,14.96,57.28,9.09,7.31,66.25,4.37,10.82,19.67,61.45,17.92,11.85,5.03,7.63,4.41,16.24,13.83,2.66,6.12,63.19,36.57,15.75,34.41,10.46,49.57,34.91,9.63,18.39,98.98,11.82,1.98,,6.59,10.1,10.27,12.07,6.27,33.62,64.44,3.97,53.99,133.7,73.17,6.53,,34.2,14.71
2019-09-13 07:00:00,6.44,28.74,21.19,27.29,62.69,15.03,57.28,9.23,6.98,66.33,4.42,10.92,20.43,61.45,18.12,12.02,5.08,7.75,4.37,15.91,13.83,2.66,6.23,61.73,37.08,15.78,34.24,10.58,48.85,34.91,9.87,18.87,98.38,12.03,2.01,,6.6,10.15,10.35,11.56,6.27,34.18,64.44,3.99,54.26,137.0,72.99,6.68,,34.1,14.85
2019-09-16 07:00:00,6.53,28.56,21.74,27.02,62.61,15.14,58.74,9.48,7.28,67.65,4.42,10.46,20.57,64.55,18.12,12.02,5.14,7.73,4.32,16.32,13.86,2.7,6.28,61.98,38.72,15.75,34.19,10.58,50.45,35.87,10.18,18.77,98.12,12.38,2.04,,6.8,10.35,10.7,11.51,6.38,35.08,64.22,4.13,54.22,138.2,73.78,6.74,,34.25,15.0
2019-09-17 07:00:00,6.47,27.91,21.66,28.04,62.02,15.18,58.44,9.46,7.17,66.4,4.42,10.59,20.72,64.55,18.12,11.93,5.2,7.8,4.26,16.24,14.87,2.73,6.28,63.19,38.94,15.56,34.41,10.54,50.21,35.78,9.99,18.47,100.19,12.63,2.07,,6.78,10.25,10.63,11.76,6.38,34.57,65.26,4.09,54.26,140.0,73.78,6.71,,34.0,15.06
2019-09-18 07:00:00,6.44,28.56,22.31,27.77,61.6,15.14,59.65,9.48,7.25,67.21,4.44,10.79,20.93,65.79,18.18,12.37,5.18,7.82,4.32,17.71,14.55,2.73,6.43,64.41,38.84,15.37,35.75,10.52,49.97,35.65,9.87,18.92,100.15,12.66,2.07,,6.87,10.2,10.63,12.14,6.35,34.74,66.58,4.09,54.44,140.3,74.08,6.73,,34.2,15.12
2019-09-19 07:00:00,6.47,28.74,22.47,28.8,62.02,15.18,59.1,9.55,7.31,67.21,4.51,10.69,20.46,63.93,18.28,12.2,5.16,7.92,4.33,17.14,14.7,2.73,6.37,65.54,38.65,15.44,35.36,10.48,49.09,35.61,10.1,18.82,99.81,12.66,2.04,,6.87,10.2,10.68,11.91,6.38,34.69,66.66,4.02,54.44,139.7,75.0,6.84,,34.0,15.15
2019-09-20 07:00:00,6.79,28.1,22.26,28.69,61.6,15.1,59.65,9.73,7.58,67.43,4.47,10.79,20.86,64.43,18.18,12.11,5.22,7.91,4.31,16.73,14.67,2.77,6.4,64.89,39.73,15.41,35.36,10.48,48.93,35.87,10.07,18.85,99.92,12.56,2.14,,6.89,10.6,10.87,12.32,6.44,34.91,66.66,4.04,53.95,139.0,75.12,6.99,,34.2,15.28
2019-09-23 07:00:00,6.7,28.92,21.66,28.48,61.1,15.03,59.71,9.66,7.34,67.06,4.54,10.92,20.97,63.81,18.38,12.11,5.22,7.79,4.39,16.73,14.55,2.77,6.42,64.97,39.76,15.37,34.41,10.3,49.01,36.52,9.91,19.68,101.21,12.52,2.1,,6.83,10.35,10.96,12.04,6.34,34.95,66.07,4.04,53.1,138.0,74.69,6.97,,34.2,15.26
2019-09-24 07:00:00,6.73,29.29,21.71,27.83,61.43,15.1,60.44,9.62,7.31,67.06,4.51,10.72,20.39,64.49,18.28,11.85,5.22,7.56,4.33,16.73,14.49,2.73,6.43,64.73,38.72,15.09,34.3,10.3,49.33,36.21,9.91,19.28,99.81,12.63,2.14,,6.75,10.55,10.7,12.04,6.28,34.05,65.99,4.02,52.88,137.5,75.6,6.94,,33.8,15.3
2019-09-25 07:00:00,6.67,29.02,21.41,27.88,61.35,14.99,60.26,9.48,7.31,67.36,4.44,10.69,20.35,63.93,18.52,11.85,5.2,7.61,4.33,17.3,14.67,2.7,6.42,64.0,38.53,15.0,34.24,10.38,48.77,35.65,9.87,19.28,100.64,12.63,2.1,,6.83,10.45,10.68,12.04,6.33,34.27,65.7,4.04,53.37,137.5,76.7,6.94,,33.8,15.16
2019-09-26 07:00:00,6.64,29.2,21.77,28.48,60.76,15.29,60.89,9.57,7.25,67.43,4.46,10.72,20.86,63.56,18.72,12.02,5.23,7.58,4.31,17.34,15.07,2.7,6.44,63.84,39.73,15.0,34.52,10.38,48.21,35.56,9.83,20.14,99.06,12.63,2.1,,6.89,10.6,10.7,12.01,6.33,34.57,65.99,4.04,53.33,135.3,77.18,6.99,,33.6,15.3
2019-09-27 07:00:00,7.22,29.02,21.98,28.1,60.93,15.21,61.14,9.69,7.17,67.8,4.63,10.63,20.82,64.8,18.65,12.02,5.25,7.67,4.29,17.18,15.01,2.73,6.58,64.0,39.92,15.15,34.8,10.38,48.37,35.0,9.87,20.14,100.94,12.66,2.14,,7.19,10.7,10.91,12.24,6.38,34.82,65.4,4.23,52.88,136.1,78.94,7.1,,32.8,15.27
2019-09-30 07:00:00,6.73,28.56,21.93,27.34,61.77,15.69,58.13,9.73,7.28,69.86,4.63,10.72,21.44,65.17,18.52,11.93,5.28,7.65,4.34,16.85,15.01,2.73,6.62,64.33,40.71,15.12,35.08,10.38,48.69,35.17,10.07,19.89,100.56,12.63,2.14,,7.38,10.7,11.01,12.17,6.3,35.51,66.36,4.23,53.33,136.0,79.0,7.27,,33.25,15.4
2019-10-01 07:00:00,6.76,28.56,21.49,27.72,62.86,16.2,59.63,9.76,7.2,69.13,4.52,10.76,20.86,65.92,18.32,12.02,5.49,7.56,4.45,16.57,14.78,2.73,6.66,64.0,39.79,15.22,35.36,10.34,48.45,34.87,10.18,19.53,99.28,12.52,2.14,,7.24,10.55,11.03,12.07,6.35,35.17,65.99,4.25,53.55,137.8,78.64,7.18,,33.15,15.46
2019-10-02 07:00:00,6.79,28.37,21.82,27.94,63.45,16.93,58.76,9.73,7.17,68.98,4.61,10.79,21.15,65.79,18.38,12.46,5.58,7.58,4.59,16.4,14.61,2.7,6.68,64.0,40.23,15.18,35.25,10.34,48.53,34.48,10.14,19.89,99.81,12.52,2.14,,7.3,10.5,11.2,11.91,6.35,35.72,65.77,4.2,53.28,137.5,77.42,7.27,,32.5,15.4
2019-10-03 07:00:00,6.79,28.1,21.71,27.83,61.52,16.86,58.38,9.55,7.15,68.54,4.52,10.66,20.46,63.93,18.25,12.11,5.54,7.48,4.62,16.65,14.55,2.62,6.63,62.38,39.16,15.06,35.08,10.34,48.05,34.96,10.03,19.2,99.77,12.56,2.1,,7.32,10.35,11.1,12.09,6.38,35.04,65.26,4.3,52.08,137.4,76.51,7.33,,31.5,15.26
2019-10-04 07:00:00,6.81,28.74,22.53,28.1,62.86,16.93,59.13,9.64,7.25,67.51,4.56,11.15,20.79,63.31,18.52,12.11,5.51,7.44,4.74,17.14,14.67,2.62,6.69,63.19,39.7,15.12,35.08,10.38,47.65,35.04,9.99,19.68,98.72,12.49,2.14,,7.53,10.5,11.27,12.01,6.35,35.12,65.99,4.34,52.44,137.4,78.4,7.41,,32.1,15.36
2019-10-07 07:00:00,6.81,28.1,22.31,28.8,60.93,17.96,58.25,9.46,7.42,67.8,4.81,11.05,20.54,63.0,18.35,12.11,5.45,7.36,4.88,16.89,14.61,2.62,6.6,62.71,38.81,14.96,35.41,10.34,46.45,34.83,10.14,19.08,97.18,12.42,2.14,,7.15,10.45,11.17,12.01,6.35,35.98,65.62,4.32,52.44,137.6,77.97,7.3,,32.0,15.22
2019-10-08 07:00:00,6.7,28.37,22.04,28.75,59.67,17.89,57.25,9.44,7.25,67.58,4.83,10.79,20.07,62.5,18.05,12.02,5.43,7.37,4.83,16.89,14.58,2.62,6.5,62.22,38.18,15.0,34.8,10.34,46.61,34.26,10.34,18.82,98.61,12.56,2.1,,6.95,10.6,10.94,11.89,6.33,35.47,65.62,4.27,52.08,137.3,78.09,7.09,,31.7,15.16
2019-10-09 07:00:00,6.76,28.1,22.42,28.69,60.42,18.4,56.94,9.53,7.15,67.43,4.97,10.98,20.35,62.01,17.98,12.02,5.46,7.55,4.77,16.65,14.64,2.62,6.59,62.3,38.94,14.93,34.86,10.42,46.61,34.65,10.22,19.23,96.84,12.63,2.1,,7.1,11.0,11.15,11.94,6.35,36.45,65.33,4.2,51.95,137.2,78.21,7.14,,31.3,15.3
2019-10-10 07:00:00,6.84,27.82,22.5,29.72,59.67,18.18,56.5,9.76,7.09,67.06,5.02,10.76,20.46,62.26,17.65,12.02,5.46,7.55,4.84,16.73,14.67,2.62,6.66,62.38,39.0,15.0,34.69,10.38,46.21,34.31,10.18,19.4,96.16,12.56,2.14,,7.03,10.9,11.12,11.94,6.37,36.36,65.33,4.25,52.22,137.5,76.94,7.2,,32.1,15.26
2019-10-11 07:00:00,6.93,27.82,22.37,29.61,60.09,17.67,56.5,9.69,7.09,67.06,4.91,11.02,20.5,62.81,17.88,12.28,5.49,7.44,4.91,17.26,14.61,2.62,6.63,62.62,39.03,15.0,34.13,10.34,45.65,34.31,10.22,19.23,96.04,12.66,2.14,,7.05,10.8,11.15,12.07,6.35,36.19,65.33,4.23,52.22,137.5,77.12,7.28,,32.5,15.1
2019-10-14 07:00:00,6.93,27.73,22.37,29.29,60.76,18.25,56.5,9.82,7.15,67.8,4.91,10.79,20.61,63.87,17.88,12.28,5.58,7.48,4.96,17.54,14.43,2.73,6.69,62.54,38.97,14.93,34.47,10.3,47.25,34.78,10.1,19.2,95.71,12.8,2.14,,7.1,11.1,11.2,12.22,6.35,36.62,65.18,4.25,52.66,139.4,78.34,7.2,,32.3,15.3
2019-10-15 07:00:00,7.07,27.54,22.37,28.75,60.51,17.78,56.5,9.94,7.01,68.54,4.93,10.92,20.9,63.31,17.82,12.2,5.63,7.41,4.84,17.05,14.49,2.77,6.85,62.06,39.35,14.3,34.63,10.34,46.93,34.7,10.1,19.28,97.18,13.3,2.17,,7.21,11.1,11.27,12.32,6.35,36.41,64.52,4.34,52.44,139.4,78.03,7.23,,31.7,15.36
2019-10-16 07:00:00,7.07,27.17,22.58,29.13,60.42,18.11,56.81,10.01,7.04,67.8,5.17,10.72,20.9,62.81,17.75,12.02,5.6,7.37,4.78,17.38,14.7,2.73,6.82,63.6,39.76,14.55,34.58,10.3,46.93,34.7,10.14,19.28,96.38,13.37,2.17,,7.16,11.1,11.48,12.22,6.35,36.92,63.71,4.41,52.88,139.5,77.91,7.35,,31.85,15.41
2019-10-17 07:00:00,7.02,27.54,22.56,29.02,60.17,17.96,55.87,10.01,7.04,68.39,5.17,10.82,20.75,62.88,17.65,12.02,5.58,7.34,4.7,17.79,14.61,2.73,6.78,63.03,39.44,14.46,34.52,10.3,46.53,35.69,10.46,18.8,97.18,12.59,2.17,,7.12,11.05,11.53,12.22,6.34,37.01,63.63,4.27,52.39,139.3,79.19,7.35,,31.8,15.4
2019-10-18 07:00:00,7.07,27.54,22.26,29.07,59.92,17.96,54.99,10.03,7.06,67.73,5.03,10.72,20.54,63.19,17.71,12.02,5.54,7.42,4.71,18.48,14.49,2.8,6.76,62.38,38.91,14.68,33.63,10.34,46.45,36.21,10.46,18.52,96.23,13.16,2.17,,7.03,10.95,11.53,12.39,6.42,36.62,63.78,4.2,51.99,138.5,79.85,7.33,,31.85,15.29
2019-10-21 07:00:00,6.93,27.82,21.66,28.86,60.17,18.69,54.8,9.85,7.04,68.54,5.07,10.72,20.75,62.69,17.78,11.93,5.52,7.37,4.55,18.28,14.67,2.77,6.66,61.57,38.97,14.78,33.52,10.34,45.89,35.74,10.5,18.7,95.29,12.66,2.14,,6.9,10.85,11.53,12.27,6.44,36.36,64.15,4.18,51.99,139.1,80.46,7.17,,31.9,15.32
2019-10-22 07:00:00,6.76,28.56,21.44,28.26,59.16,18.33,51.47,9.73,6.96,67.65,4.93,10.79,20.43,62.81,17.61,11.76,5.54,7.3,4.45,17.54,14.61,2.73,6.59,60.76,38.81,14.68,33.52,10.38,45.89,35.56,10.38,18.62,90.77,13.12,2.1,,6.9,10.9,11.29,12.01,6.38,36.06,63.78,4.11,52.44,140.3,81.37,7.15,,32.0,15.26
2019-10-23 07:00:00,6.79,28.74,21.82,29.4,59.16,17.92,52.73,9.89,7.04,67.43,4.8,10.79,20.24,62.94,17.98,11.58,5.52,7.44,4.84,17.38,14.96,2.7,6.66,60.36,38.65,14.68,33.69,10.36,46.13,36.21,10.3,18.29,94.73,13.02,2.14,,6.88,11.0,11.34,11.49,6.33,36.62,63.41,4.13,51.9,143.9,80.46,7.1,,31.9,15.23
2019-10-24 07:00:00,6.81,27.64,21.87,28.53,59.67,18.11,52.1,9.85,7.04,68.54,4.93,10.59,20.54,63.31,18.38,11.93,5.58,7.55,4.75,17.87,14.99,2.66,6.66,61.57,38.87,14.62,33.69,10.38,45.81,36.08,10.34,18.47,95.26,13.16,2.1,,6.9,11.0,11.34,11.59,6.35,36.54,63.19,4.18,52.04,143.9,80.28,7.2,,32.4,15.3
2019-10-25 07:00:00,6.81,27.82,21.82,28.59,59.42,18.03,52.29,9.85,6.98,68.91,4.86,10.63,21.08,63.93,18.32,12.9,5.77,7.58,4.79,18.11,15.36,2.7,6.68,61.25,40.33,14.68,33.91,10.34,46.29,36.34,10.42,18.62,95.67,13.16,2.1,,7.03,10.95,11.29,11.51,6.38,37.22,63.41,4.16,51.99,144.0,80.52,7.14,,32.8,15.35
2019-10-28 07:00:00,6.81,27.64,22.42,28.75,60.0,17.52,51.47,10.12,7.04,67.95,4.78,10.63,20.97,63.74,18.32,12.72,5.74,7.51,4.9,18.11,15.45,2.62,6.76,60.52,40.39,14.59,33.69,10.38,46.13,36.04,10.46,18.87,97.93,13.16,2.14,,7.1,11.0,11.31,11.08,6.35,37.69,63.41,4.2,51.99,145.9,81.68,7.17,,32.6,15.4
2019-10-29 07:00:00,6.87,27.54,22.31,28.64,59.5,17.56,49.59,10.12,7.04,68.91,4.76,10.79,21.04,63.93,18.05,12.46,5.7,7.65,4.84,17.83,15.45,2.66,6.69,60.36,40.26,14.59,32.96,10.36,46.29,36.21,10.3,18.72,97.02,13.37,2.2,,7.02,10.8,11.24,11.06,6.31,37.44,64.15,4.18,52.3,144.2,81.19,7.2,,32.45,15.45
2019-10-30 07:00:00,6.87,27.91,22.09,28.64,59.58,17.52,49.02,10.08,7.04,68.61,4.83,10.66,20.93,63.5,18.05,12.72,5.69,7.67,4.71,17.71,15.25,2.7,6.65,60.44,39.85,14.59,32.91,10.36,46.61,35.78,10.18,19.33,98.68,13.19,2.14,,6.98,10.7,11.2,11.21,6.34,36.88,64.89,4.16,52.44,144.0,81.61,7.14,,32.7,15.41
2019-10-31 07:00:00,7.02,27.73,21.93,28.91,60.09,17.52,49.65,10.21,6.98,68.24,4.76,10.66,20.97,64.24,18.08,12.55,5.72,7.58,4.79,17.75,15.36,2.73,6.69,60.76,39.41,14.46,33.02,10.36,47.49,36.0,10.34,19.18,98.3,13.16,2.17,,7.06,10.8,11.24,11.51,6.38,37.74,65.48,4.16,53.33,145.0,80.16,7.12,,33.3,15.5
2019-11-01 07:00:00,6.84,27.64,22.09,28.8,60.59,17.52,49.53,10.03,6.98,67.87,4.64,10.63,20.97,63.56,17.78,12.28,5.81,7.55,4.74,17.71,15.16,2.73,6.69,60.36,39.32,14.52,33.13,10.34,47.25,36.13,10.38,19.02,97.93,13.19,2.14,,7.03,10.8,11.2,11.49,6.37,37.56,65.92,4.09,53.33,145.1,79.06,6.99,,33.2,15.4
2019-11-04 07:00:00,6.99,27.54,22.42,28.37,62.69,18.14,47.71,10.26,7.04,68.17,4.73,10.69,21.22,65.23,17.95,12.2,5.79,7.61,4.83,17.79,15.07,2.73,6.69,61.73,39.57,14.52,32.85,10.3,47.65,36.3,10.74,19.28,98.64,13.09,2.14,,7.13,10.9,11.29,11.74,6.33,38.25,70.56,4.16,54.44,145.3,80.76,7.04,,35.0,15.6
2019-11-05 07:00:00,7.13,27.64,23.07,28.42,62.19,17.96,46.77,10.3,6.98,69.28,4.64,10.76,21.73,65.54,18.41,12.11,5.82,7.51,4.72,17.58,15.48,2.73,6.78,61.81,39.95,14.46,32.96,10.3,47.81,37.3,10.9,19.43,98.3,12.66,2.17,,7.21,10.95,11.57,11.76,6.35,39.45,70.79,4.18,53.77,145.3,79.73,7.23,,35.0,15.62
2019-11-06 07:00:00,7.16,27.17,23.1,28.75,63.37,17.81,46.77,10.26,6.98,69.28,4.63,11.31,21.62,66.41,18.34,12.11,5.84,7.58,4.74,17.95,15.65,2.73,6.78,61.49,39.63,14.49,32.57,10.3,47.81,36.82,10.82,19.18,98.61,12.8,2.17,,7.2,10.95,11.74,11.86,6.38,38.89,71.82,4.16,53.99,145.0,78.34,7.22,,35.3,15.66
2019-11-07 07:00:00,7.1,26.9,23.3,29.02,63.11,17.74,47.39,10.21,7.01,68.54,4.68,11.08,21.51,65.48,18.02,12.28,5.76,7.63,4.91,18.03,15.74,2.77,6.87,61.57,39.54,14.46,32.74,10.34,47.57,36.86,10.86,19.23,97.93,13.02,2.17,,7.16,11.0,11.72,11.86,6.38,38.98,73.07,4.18,54.22,143.5,78.64,7.23,,35.25,15.72
2019-11-08 07:00:00,7.19,26.71,23.58,28.96,62.53,17.59,47.52,10.26,7.36,69.28,4.73,11.57,21.62,66.41,18.05,12.11,5.8,7.82,4.94,17.83,15.88,2.77,6.85,62.54,39.57,14.49,32.35,10.34,47.09,36.99,10.82,19.58,98.68,13.37,2.2,,7.35,10.9,11.72,11.94,6.37,39.11,73.37,4.2,54.04,143.2,78.4,7.17,,35.5,15.75
2019-11-11 07:00:00,7.16,26.99,23.27,28.59,61.85,17.59,46.77,10.24,7.39,69.28,4.66,11.63,21.58,65.61,17.98,12.28,5.86,7.79,4.88,17.83,15.65,2.77,6.9,62.14,39.38,14.49,32.63,10.46,47.25,37.26,10.7,19.36,97.93,13.37,2.2,,7.28,10.85,11.9,11.84,6.45,39.32,72.56,4.2,53.55,143.3,78.46,7.2,,34.8,16.0
2019-11-12 07:00:00,7.13,26.9,23.36,28.69,61.85,17.81,46.2,10.05,7.23,68.91,4.66,11.96,21.69,64.61,17.91,12.11,5.84,7.84,4.89,18.11,15.48,2.73,6.82,60.44,38.46,14.49,32.41,10.42,47.33,36.6,10.58,19.02,96.42,13.16,2.17,,7.16,10.85,11.83,11.91,6.44,39.15,73.0,4.16,52.84,142.8,78.52,7.1,,34.9,16.0
2019-11-13 07:00:00,7.13,26.34,23.81,28.37,62.19,17.89,44.76,10.1,7.25,68.46,4.9,11.83,22.12,65.17,17.84,12.2,5.83,7.96,5.24,17.71,15.22,2.88,6.79,60.92,38.59,14.65,32.35,10.42,47.89,37.04,10.58,19.1,96.8,13.3,2.17,,7.16,10.8,11.95,12.32,6.41,39.49,72.11,4.18,52.84,143.6,77.42,7.07,,34.7,15.65
2019-11-14 07:00:00,7.22,26.07,24.26,27.67,61.01,17.85,43.82,9.98,7.28,69.28,4.76,11.83,21.87,65.17,17.73,12.2,5.82,7.8,5.17,17.79,15.16,2.88,6.76,60.27,37.83,14.74,31.85,10.38,47.73,37.38,10.58,19.08,94.92,13.3,2.17,,7.13,10.8,11.67,12.54,6.4,38.76,72.48,4.16,52.88,143.5,76.51,6.94,,34.9,15.55
2019-11-15 07:00:00,7.04,25.98,24.06,27.88,62.2,17.3,43.31,9.89,7.31,71.34,4.81,12.09,21.08,66.1,17.7,12.2,5.74,7.8,5.19,17.34,15.36,2.91,6.68,60.92,36.92,14.74,32.68,10.38,48.13,36.78,10.62,18.7,94.92,13.23,2.14,,7.06,10.8,11.67,12.89,6.37,38.55,71.67,4.13,52.97,143.5,76.51,6.86,,35.2,15.42
2019-11-18 07:00:00,7.04,25.88,23.58,28.1,62.2,17.37,42.81,9.91,7.31,70.38,4.76,12.25,21.11,67.34,17.7,12.11,5.63,7.82,5.18,17.05,15.13,2.88,6.6,60.76,37.42,14.68,32.57,10.38,48.61,36.86,10.74,18.82,95.33,13.23,2.17,,6.98,10.75,11.76,13.27,6.34,38.34,71.15,4.13,53.24,143.3,74.69,6.97,,35.3,15.43
2019-11-19 07:00:00,6.96,25.61,23.3,28.37,62.2,17.56,44.88,9.82,7.17,69.28,4.73,12.15,20.79,67.03,17.66,12.02,5.69,7.91,5.34,16.73,15.07,2.84,6.58,60.36,37.23,14.62,32.41,10.34,47.73,36.74,10.82,18.97,94.58,13.26,2.1,,6.93,10.55,11.55,13.3,6.3,37.69,71.15,4.09,52.44,143.5,73.11,6.91,,35.2,15.35
2019-11-20 07:00:00,7.02,25.7,23.64,29.18,61.51,18.25,45.07,9.85,7.2,68.98,4.63,11.76,21.04,66.41,17.63,12.02,5.7,7.86,5.41,17.18,15.01,2.84,6.6,59.95,37.55,14.49,32.46,10.34,47.81,36.74,10.9,19.28,94.54,13.26,2.14,,6.98,10.6,11.72,12.87,6.34,38.98,71.67,4.11,52.08,144.3,75.6,6.94,,35.3,15.45
2019-11-21 07:00:00,6.35,25.7,23.42,29.4,61.0,17.81,44.32,9.76,7.2,68.32,4.63,11.63,20.54,64.55,17.56,12.28,5.69,7.68,5.37,17.26,15.07,2.84,6.56,59.14,36.92,14.49,32.52,10.34,47.81,36.0,10.82,19.05,93.03,13.16,2.14,,6.9,10.35,11.5,13.25,6.33,38.16,70.93,4.09,51.99,144.5,75.0,6.78,,35.1,15.2
2019-11-22 07:00:00,6.93,26.16,23.42,28.8,60.49,18.18,43.06,9.8,7.28,69.28,4.46,11.31,20.35,65.3,17.35,12.37,5.64,7.65,5.45,17.05,15.19,2.77,6.58,58.82,36.29,14.43,31.85,10.3,47.65,36.08,10.78,19.02,92.28,13.12,2.1,,6.8,10.3,10.89,13.13,6.18,36.62,68.94,4.09,51.64,143.0,73.78,6.58,,34.8,15.09
2019-11-25 07:00:00,6.73,25.98,22.68,28.21,60.49,16.97,40.8,9.71,7.25,67.8,4.47,11.05,20.28,63.74,16.85,12.2,5.51,7.63,5.06,16.6,15.25,2.7,6.5,57.2,35.56,14.43,31.74,10.26,46.77,35.39,10.54,18.62,90.36,12.84,2.07,,6.67,10.3,10.91,13.87,6.18,36.62,68.2,4.04,51.64,142.0,74.21,6.52,,34.5,14.86
2019-11-26 07:00:00,6.79,26.62,22.74,28.31,61.26,17.59,41.87,9.73,7.2,68.76,4.51,11.28,20.61,64.43,17.13,12.11,5.52,7.7,5.04,16.57,15.28,2.73,6.56,58.17,35.78,14.4,31.85,10.26,47.49,36.13,10.5,18.57,90.4,12.8,2.07,,6.7,10.2,11.05,14.17,6.18,36.19,69.31,4.04,51.55,143.0,74.63,6.58,,33.8,14.91
2019-11-27 07:00:00,6.81,26.25,22.63,28.37,60.83,17.34,42.12,9.71,7.2,69.64,4.35,11.21,20.68,63.74,17.27,12.11,5.51,7.84,5.08,16.81,15.39,2.77,6.59,57.93,35.88,14.43,31.52,10.26,47.49,36.13,10.54,18.52,86.63,13.09,2.1,,6.64,10.2,11.1,13.92,6.21,36.62,68.94,4.06,51.19,143.5,75.12,6.66,,34.0,14.98
2019-11-28 07:00:00,6.73,25.79,23.13,28.37,60.32,17.23,41.49,9.64,7.34,69.57,4.47,11.05,20.57,63.31,16.99,12.28,5.35,7.79,5.18,16.52,15.33,2.77,6.56,57.2,35.09,14.27,31.96,10.38,47.09,35.69,10.46,18.39,86.82,12.88,2.04,,6.57,10.1,11.03,14.07,6.18,36.84,68.57,4.06,51.15,143.8,74.15,6.61,,33.95,14.95
2019-11-29 07:00:00,6.61,25.61,22.85,27.88,59.72,16.86,40.17,9.39,7.31,69.28,4.39,11.21,20.24,62.94,16.89,12.02,5.17,7.79,5.08,17.08,15.36,2.73,6.44,56.31,34.39,14.33,31.68,10.34,46.61,35.17,10.18,18.21,86.63,13.16,2.01,,6.55,10.15,10.87,14.48,6.18,36.66,67.54,4.02,51.42,144.6,74.08,6.5,,33.6,14.74
2019-12-02 07:00:00,6.67,25.15,22.74,28.15,60.41,17.59,39.86,9.34,7.2,68.69,4.42,11.11,20.43,62.69,16.89,11.93,5.25,7.87,5.22,16.83,15.3,2.77,6.44,57.12,34.52,14.24,31.18,10.3,46.29,35.48,10.1,18.34,85.12,13.16,1.94,,6.54,10.1,10.84,14.71,6.21,36.54,68.2,4.04,51.33,145.1,73.78,6.52,,34.3,14.75
2019-12-03 07:00:00,6.55,25.24,22.23,27.99,58.02,16.93,38.92,8.93,7.17,69.5,4.35,10.95,19.6,60.83,16.5,11.49,5.06,7.91,5.22,16.4,15.3,2.7,6.23,55.66,34.08,14.11,31.01,10.3,45.41,34.26,9.87,18.14,86.63,13.05,1.91,,6.36,10.0,10.72,14.28,6.2,35.55,67.25,4.06,51.1,145.8,71.53,6.27,,33.65,14.6
2019-12-04 07:00:00,6.55,25.7,22.4,27.84,56.83,16.57,39.48,9.02,7.2,69.28,4.4,10.98,19.7,60.33,16.53,10.79,5.07,8.06,5.36,16.4,15.36,2.66,6.33,51.93,34.39,14.21,30.9,10.65,44.76,34.96,9.71,18.11,85.91,13.02,1.94,,6.39,9.8,10.65,14.84,6.1,35.08,67.61,3.92,50.75,145.4,70.68,6.11,,33.75,14.5
2019-12-05 07:00:00,6.7,26.07,22.88,27.67,56.91,16.57,39.11,9.39,7.31,69.5,4.37,10.72,20.07,62.07,16.64,11.06,5.5,8.04,5.37,16.4,15.54,2.66,6.46,50.63,35.72,14.27,31.29,10.73,45.65,35.65,10.07,18.47,87.19,13.05,1.98,,6.57,10.1,11.08,14.84,6.21,36.41,68.43,3.97,51.55,145.6,72.69,6.39,,34.35,14.8
2019-12-06 07:00:00,6.64,25.88,22.4,27.56,56.4,16.53,39.99,9.18,7.36,69.05,4.35,10.76,19.88,60.83,16.32,10.88,5.51,7.96,5.3,16.53,15.65,2.7,6.34,49.82,34.9,14.18,31.18,11.01,45.57,35.56,9.95,18.29,87.31,13.09,1.98,,6.49,10.0,10.98,14.3,6.16,36.32,67.84,3.92,51.55,145.3,71.59,6.3,,34.5,14.61
2019-12-09 07:00:00,6.64,25.79,22.57,27.2,56.23,16.86,41.37,9.25,8.04,68.98,4.46,11.02,19.96,60.83,16.14,10.97,5.5,8.22,5.33,16.53,15.62,2.66,6.36,50.47,34.96,14.18,31.46,10.97,45.16,35.65,10.03,18.42,88.48,13.12,2.01,,6.44,10.0,10.94,14.4,6.16,36.36,67.84,3.92,51.46,144.3,70.62,6.34,,34.7,14.7
2019-12-10 07:00:00,6.61,26.07,22.57,26.44,56.23,16.93,40.24,9.25,7.8,70.6,4.57,10.92,19.99,62.01,16.28,11.06,5.54,8.34,5.59,16.4,15.54,2.66,6.23,49.01,34.99,14.24,31.4,11.17,45.08,35.65,9.91,18.36,88.81,13.16,1.98,,6.47,9.9,10.75,14.02,6.1,36.54,68.06,3.92,51.33,144.5,71.72,6.32,,35.1,14.7
2019-12-11 07:00:00,6.58,25.88,22.51,26.49,58.02,16.79,39.23,9.18,7.8,70.38,4.46,10.79,20.07,60.77,16.18,10.97,5.45,8.37,5.57,16.53,15.54,2.62,6.17,45.53,34.87,14.24,30.62,11.15,44.68,36.0,9.79,18.62,88.51,13.09,1.98,,6.32,10.05,10.63,14.12,6.01,36.84,67.32,3.9,51.5,143.7,71.47,6.22,,34.9,14.55
2019-12-12 07:00:00,6.61,25.79,22.91,26.55,57.68,16.42,39.3,9.11,7.8,70.23,4.46,10.76,20.54,61.01,16.21,10.79,5.54,8.37,5.52,16.31,15.51,2.62,6.34,45.37,35.66,14.15,30.74,11.05,43.88,36.47,9.91,18.67,88.74,13.09,1.98,,6.32,10.05,10.7,14.94,5.98,36.88,67.17,3.92,51.55,144.0,72.26,6.27,,35.0,14.8
2019-12-13 07:00:00,6.64,25.79,23.13,27.11,57.94,16.75,39.55,9.27,7.58,70.23,4.52,10.89,20.68,61.45,16.42,10.97,5.54,8.34,5.64,16.48,15.65,2.66,6.37,47.8,35.81,14.18,30.9,11.09,44.28,36.43,9.83,18.72,88.85,13.02,1.94,,6.44,10.15,10.96,15.5,5.93,37.74,67.25,3.95,51.46,145.2,72.45,6.43,,35.0,14.75
2019-12-16 07:00:00,6.7,25.79,23.81,26.94,58.45,16.57,38.92,9.44,7.5,70.01,4.52,10.79,20.64,60.83,16.71,10.97,5.54,8.2,5.56,16.31,15.71,2.66,6.34,46.42,35.34,14.15,30.4,10.95,44.76,36.13,9.79,18.42,87.84,13.02,1.98,,6.34,10.05,10.87,15.15,5.96,37.86,64.59,3.95,51.55,144.5,71.96,6.35,,33.55,14.65
2019-12-17 07:00:00,6.64,26.71,23.58,26.89,62.62,16.57,39.48,9.32,7.55,69.28,4.63,10.82,20.32,61.2,16.92,11.06,5.39,8.18,5.59,16.31,15.83,2.66,6.23,46.02,35.91,14.15,30.9,11.18,45.0,36.34,10.03,18.57,87.87,13.05,2.07,,6.31,10.1,10.91,14.84,5.96,37.01,63.49,3.95,51.46,142.9,72.14,6.42,,33.9,14.56
2019-12-18 07:00:00,6.55,26.07,23.19,26.44,61.51,16.68,38.92,9.25,7.58,69.42,4.57,11.05,20.03,60.39,16.64,10.88,5.26,7.98,5.36,16.05,15.42,2.62,6.11,45.37,35.69,14.15,30.9,10.95,44.28,35.56,9.75,18.26,87.91,13.05,2.04,,6.19,10.0,10.72,14.99,5.9,36.58,62.45,3.95,51.1,142.6,71.29,6.26,,32.9,14.48
2019-12-19 07:00:00,6.53,26.34,23.75,26.04,63.13,16.71,38.67,9.25,7.36,67.21,4.49,10.85,20.07,59.59,16.85,10.53,5.24,7.77,5.36,15.97,15.22,2.62,6.14,45.37,34.65,13.99,30.68,10.77,44.84,35.13,9.79,18.21,87.98,12.84,2.01,,6.08,10.05,10.68,15.04,5.96,37.14,61.79,3.99,51.1,142.8,72.02,6.26,,31.95,14.35
2019-12-20 07:00:00,6.53,26.62,23.7,26.55,60.92,16.49,38.17,9.23,7.53,69.13,4.39,10.76,20.24,60.27,16.85,10.35,5.19,7.91,5.41,15.84,15.28,2.59,6.02,45.04,34.96,14.05,30.68,10.56,44.36,35.52,9.87,18.26,88.1,12.7,2.01,,6.01,9.98,10.58,14.33,5.93,37.69,61.94,3.99,51.46,142.6,72.87,6.26,,32.7,14.3
2019-12-23 07:00:00,6.55,27.36,24.12,26.44,61.77,16.57,36.41,9.34,7.31,67.87,4.42,11.02,20.57,59.9,16.89,10.53,5.19,7.98,5.55,15.58,15.45,2.66,6.15,45.04,35.25,13.86,30.85,10.68,45.57,35.87,9.83,18.19,88.51,12.95,2.01,,6.04,10.1,10.87,14.53,5.96,38.08,62.67,3.99,51.46,142.5,72.87,6.39,,33.0,14.36
2019-12-24 07:00:00,6.61,27.54,25.14,26.44,61.34,16.2,34.84,9.46,7.33,67.06,4.46,11.15,20.39,59.34,16.99,9.83,5.22,7.94,5.43,15.88,15.42,2.66,6.11,41.88,35.09,13.86,30.9,10.39,44.92,36.86,9.87,18.11,88.4,12.95,2.01,,6.04,10.2,10.94,15.25,5.96,38.89,61.42,4.06,51.37,142.9,71.66,6.3,,32.8,14.42
2019-12-25 07:00:00,6.58,27.45,24.88,26.32,59.3,16.42,33.33,9.39,7.08,67.14,4.57,11.15,20.39,60.02,16.92,9.13,5.3,7.99,5.46,15.88,15.57,2.62,6.04,44.4,35.21,13.7,30.9,10.64,45.57,36.74,9.79,18.21,87.76,12.98,2.01,,6.06,10.2,10.87,15.35,5.94,38.55,61.72,4.09,51.24,143.4,72.57,6.32,,32.7,14.5
2019-12-26 07:00:00,6.58,27.27,25.42,26.21,58.45,16.57,35.09,9.44,7.08,67.87,4.54,11.05,20.9,60.21,16.85,9.39,5.27,8.03,5.38,16.48,15.57,2.66,6.11,44.56,35.94,13.64,31.24,10.56,44.76,37.08,9.67,18.06,87.38,12.95,2.01,,5.99,10.1,10.87,15.56,5.98,38.76,61.72,4.16,51.24,143.8,72.15,6.37,,32.75,14.5
2019-12-27 07:00:00,6.53,27.45,24.94,26.38,57.85,16.13,34.65,9.46,7.02,67.8,4.52,11.11,20.75,60.02,16.64,9.3,5.25,7.92,5.27,16.48,15.57,2.66,6.07,45.77,35.66,13.67,31.29,10.56,44.68,37.12,9.67,18.11,87.91,13.05,1.98,,5.99,10.1,10.89,15.86,6.03,38.25,62.08,4.09,51.28,143.5,71.66,6.42,,33.0,14.45
2019-12-30 07:00:00,6.55,27.64,26.12,25.96,58.79,16.13,33.71,9.48,7.0,67.8,4.49,11.05,20.9,60.21,16.78,9.21,5.35,8.15,5.22,16.57,15.59,2.73,6.11,46.18,35.81,13.8,31.74,10.95,45.41,37.73,9.24,18.32,87.57,13.05,2.07,,6.04,10.1,11.1,16.12,5.98,39.11,62.23,4.09,50.88,143.6,72.15,6.42,,33.6,14.66
2019-12-31 07:00:00,6.55,27.17,26.07,25.65,58.87,16.42,33.21,9.69,6.86,67.8,4.44,11.57,21.18,60.08,16.74,9.04,5.33,8.15,5.34,16.74,15.65,2.77,6.11,46.26,35.97,13.86,32.35,10.95,45.16,37.43,9.08,18.57,86.63,13.02,2.1,,5.99,10.1,11.08,16.43,6.0,39.15,63.04,4.11,51.1,144.6,72.88,6.45,,34.0,14.7
2020-01-02 07:00:00,6.58,27.36,25.95,25.42,58.45,16.2,32.2,9.57,6.86,67.21,4.44,11.05,21.08,58.16,16.5,9.3,5.45,8.1,5.15,16.7,15.42,2.73,6.08,46.1,35.97,13.67,32.68,10.85,44.92,37.52,9.08,18.42,85.88,13.05,2.1,,5.98,10.1,11.12,16.66,5.98,38.98,62.31,4.06,51.06,146.3,71.66,6.53,,33.8,14.76
2020-01-03 07:00:00,6.64,26.99,26.72,25.4,59.13,16.57,33.65,9.96,6.94,67.8,4.39,11.44,21.29,58.72,16.42,9.92,5.5,8.34,5.44,16.83,15.36,2.73,6.24,46.34,36.92,13.64,31.9,10.79,45.32,38.12,9.4,18.75,84.37,13.09,2.17,,6.11,10.25,11.29,17.04,6.04,39.54,62.6,4.11,51.1,148.0,72.39,6.71,,34.3,14.78
2020-01-06 07:00:00,6.64,26.71,26.35,25.31,58.19,16.64,33.27,9.71,6.83,66.4,4.32,11.11,20.64,60.02,16.07,10.7,5.45,8.27,5.31,17.0,15.28,2.7,6.15,46.58,36.22,13.52,31.01,10.56,46.45,37.6,9.2,18.42,83.99,13.05,2.1,,5.99,10.1,11.05,17.24,6.07,38.55,62.38,4.09,51.1,147.8,72.27,6.57,,34.5,14.6
2020-01-07 07:00:00,6.5,26.71,25.84,25.14,57.85,16.86,33.14,9.89,6.69,67.06,4.3,11.37,20.72,60.64,15.75,10.18,5.35,8.3,5.32,16.44,15.3,2.66,6.11,46.02,36.19,13.52,30.85,10.6,46.05,37.3,9.0,18.52,83.84,13.12,2.07,,6.01,10.05,10.89,17.24,6.0,37.6,61.2,4.02,50.88,145.8,71.96,6.52,,33.65,14.6
2020-01-08 07:00:00,6.5,25.98,25.95,25.25,57.0,16.86,32.08,9.87,6.83,65.74,4.25,11.15,20.79,61.2,15.36,9.83,5.27,8.1,5.21,17.0,15.07,2.62,6.05,45.53,35.97,13.42,30.9,10.1,45.65,37.73,8.84,18.47,84.56,13.09,2.07,,5.96,10.05,10.77,17.47,6.01,37.55,61.2,4.02,50.88,145.7,72.57,6.57,,33.4,14.55
2020-01-09 07:00:00,6.41,25.61,26.94,25.2,57.25,16.05,31.64,10.01,6.49,63.38,4.27,11.31,20.72,59.59,15.08,9.65,5.29,8.13,5.28,16.83,14.81,2.62,6.1,45.85,35.94,13.12,30.9,10.58,44.6,37.34,8.57,18.26,83.62,13.09,2.1,,5.93,10.1,10.87,17.5,5.93,37.9,61.49,3.95,50.79,144.8,72.88,6.61,,33.35,14.51
2020-01-10 07:00:00,6.5,25.7,28.01,25.59,56.23,16.79,31.45,10.3,6.77,64.85,4.32,11.37,20.79,59.28,15.4,9.65,5.46,8.3,5.41,16.31,14.81,2.66,6.15,46.18,36.16,13.12,30.85,10.77,45.0,37.52,8.64,18.11,85.5,13.16,2.14,,5.94,10.15,10.87,17.58,5.98,38.33,61.42,3.99,51.1,146.2,72.64,6.76,,34.0,14.68
2020-01-13 07:00:00,6.61,25.61,28.15,25.76,57.0,17.59,31.1,10.67,6.72,64.85,4.42,11.7,20.75,59.52,15.5,9.92,5.56,8.34,5.4,16.7,14.81,2.73,6.24,45.85,36.13,12.59,30.85,10.39,44.6,38.34,8.76,18.11,87.95,13.16,2.3,,6.01,10.5,10.87,17.73,6.1,38.46,62.53,3.99,50.97,146.2,72.88,6.84,,34.0,14.72
2020-01-14 07:00:00,6.61,26.07,28.27,25.31,56.66,17.41,31.01,10.65,6.8,64.85,4.42,11.24,20.64,59.09,15.4,9.92,5.49,8.35,5.27,16.57,14.78,2.73,6.2,46.18,36.22,12.19,30.46,10.23,44.68,38.56,8.76,18.14,87.38,13.12,2.33,,6.04,10.4,10.84,17.86,6.11,38.68,63.56,4.02,51.06,146.5,71.9,6.74,,33.85,14.72
2020-01-15 07:00:00,6.79,25.79,28.15,25.76,56.57,18.03,31.07,10.76,6.91,66.33,4.42,11.7,20.61,58.97,15.08,9.83,5.54,8.63,5.43,16.57,14.84,2.73,6.26,46.18,35.94,12.25,30.62,10.64,44.44,38.43,8.6,18.16,87.76,13.09,2.33,,6.09,10.3,10.82,18.73,6.16,38.72,63.78,4.09,51.1,145.9,72.15,6.89,,33.8,14.72
2020-01-16 07:00:00,6.73,26.62,28.78,25.59,56.06,18.88,31.04,10.85,6.91,65.59,4.34,11.34,20.61,58.34,15.15,9.83,5.5,8.61,5.64,16.31,14.81,2.73,6.27,45.77,35.97,12.45,30.62,10.64,44.44,39.16,8.68,18.14,87.76,13.16,2.4,,6.08,10.3,10.82,19.96,6.17,38.59,63.71,4.04,51.1,146.0,72.15,7.07,,33.7,14.73
2020-01-17 07:00:00,6.93,26.53,30.52,25.65,56.32,18.62,30.7,11.54,6.88,64.41,4.25,11.37,20.97,57.91,15.01,9.83,5.68,8.72,5.65,16.48,14.96,2.73,6.42,45.45,36.41,12.32,30.9,10.6,44.84,39.03,8.72,18.39,87.87,13.02,2.43,,6.34,10.45,11.05,19.96,6.28,38.68,63.56,4.09,51.06,146.0,72.39,7.15,,33.15,14.85
2020-01-20 07:00:00,6.87,25.98,30.19,25.82,56.15,19.06,33.27,11.4,6.97,64.12,4.27,11.41,20.79,57.85,15.08,10.09,5.65,8.61,5.57,16.44,14.93,2.77,6.4,44.56,36.45,12.12,31.13,10.6,45.0,39.47,8.53,18.44,87.76,13.02,2.36,,6.36,10.5,11.01,20.26,6.11,40.84,63.41,4.06,51.06,148.2,72.88,7.1,,32.4,14.91
2020-01-21 07:00:00,7.07,,30.07,25.76,56.06,18.62,33.58,11.54,6.94,65.22,4.23,11.57,20.9,57.97,15.08,10.18,5.6,8.87,5.54,15.71,14.93,2.8,6.43,43.99,37.42,12.32,31.07,10.6,45.16,40.07,8.6,18.77,88.89,12.95,2.3,,6.31,10.7,11.08,20.31,5.93,40.58,63.41,4.11,50.79,147.0,72.88,7.4,,32.0,14.95
2020-01-22 07:00:00,7.1,26.71,30.47,25.31,55.64,18.99,32.64,11.59,7.0,64.85,4.32,11.37,19.88,58.9,15.15,10.35,5.73,8.91,5.67,16.4,14.96,2.88,6.56,43.91,37.74,12.42,31.07,10.77,45.57,39.47,8.68,19.02,87.76,12.98,2.4,,6.36,10.9,11.46,20.47,6.01,40.62,64.44,4.16,51.06,147.0,74.11,7.66,,32.5,15.0
2020-01-30 07:00:00,6.99,25.06,30.75,24.86,56.15,18.11,33.14,11.4,7.11,66.03,4.27,11.24,19.99,56.48,15.15,10.35,5.68,8.8,5.84,16.4,14.9,2.84,6.37,42.94,36.6,12.59,30.9,10.97,44.84,39.29,8.68,18.42,87.16,13.09,2.46,,6.26,10.8,11.1,20.72,6.03,39.8,64.3,4.13,50.7,145.0,72.88,7.49,,32.0,15.1
2020-01-31 07:00:00,6.79,26.81,29.51,24.47,53.76,18.33,33.27,11.27,7.17,73.33,4.23,11.67,19.52,56.54,14.23,10.0,5.52,8.61,5.75,15.84,14.78,2.73,6.12,40.51,35.66,13.12,30.57,10.77,44.6,37.73,8.76,18.01,79.85,13.12,2.43,,5.98,10.3,10.7,20.8,5.98,38.03,64.52,4.04,51.06,139.7,71.29,7.33,,30.95,14.45
2020-02-03 07:00:00,6.44,24.96,28.1,23.06,46.86,17.96,35.09,10.76,6.88,78.41,3.88,11.28,17.93,52.76,13.24,9.21,5.28,8.03,5.18,15.32,14.09,2.66,5.86,37.83,34.14,12.59,30.62,10.79,39.68,34.7,7.82,16.79,74.28,13.02,2.36,,5.55,10.0,9.68,21.01,5.56,36.34,61.35,3.92,50.57,121.1,62.16,7.05,,28.0,13.97
2020-02-04 07:00:00,6.61,24.41,30.69,23.12,46.94,17.48,32.77,11.63,6.91,73.7,3.86,11.31,18.94,52.7,13.31,8.95,5.36,8.49,5.46,15.97,14.32,2.59,6.01,40.59,34.39,12.88,31.07,10.81,41.48,36.0,7.97,17.1,78.68,12.66,2.64,,5.64,10.25,10.16,20.95,5.96,38.46,62.82,3.99,50.48,125.5,67.31,7.4,,29.7,14.1
2020-02-05 07:00:00,6.76,23.4,30.98,23.9,47.63,17.74,31.7,12.55,6.8,71.85,3.93,11.18,18.91,51.52,13.31,9.21,5.46,8.56,5.31,15.62,14.29,2.96,6.23,40.91,34.08,12.59,30.62,10.81,40.68,36.56,7.58,17.05,76.46,12.49,2.68,,5.64,10.35,10.39,21.08,5.91,38.98,64.0,4.02,51.02,129.0,65.16,7.77,,30.2,14.0
2020-02-06 07:00:00,6.67,24.13,30.13,23.62,49.42,17.3,32.64,12.23,6.88,68.54,3.91,11.08,18.98,50.65,13.45,9.13,5.63,8.39,5.36,15.45,14.35,2.76,6.15,40.47,34.08,12.85,29.79,10.77,41.24,35.87,7.58,17.07,73.07,12.38,2.91,,5.61,10.3,10.56,21.75,6.07,38.63,64.0,4.06,50.84,127.5,65.84,8.31,,30.95,14.1
2020-02-07 07:00:00,6.93,24.78,29.73,23.62,50.78,17.59,33.52,12.6,6.8,70.68,3.98,11.5,19.16,53.32,13.88,9.65,5.92,8.68,5.48,15.67,14.43,2.8,6.33,40.35,34.49,13.25,29.79,10.83,41.88,36.43,7.93,17.25,72.32,12.56,2.99,,5.84,11.0,10.56,21.75,5.97,38.81,64.08,4.11,50.66,127.6,65.96,8.18,,31.05,14.4
2020-02-10 07:00:00,6.87,23.49,28.72,23.34,50.86,17.3,36.78,12.02,6.83,70.82,4.0,11.37,18.94,52.76,13.56,9.56,5.91,8.27,5.31,15.8,14.41,2.84,6.14,40.43,33.61,13.61,30.18,10.81,41.08,35.56,7.66,17.0,74.95,12.59,2.79,,5.68,10.9,10.35,22.05,5.98,38.55,63.49,4.09,50.22,131.0,66.76,8.08,,31.5,14.3
2020-02-11 07:00:00,6.81,23.03,27.7,22.78,48.99,17.45,38.92,12.32,6.86,74.43,3.91,11.34,19.12,53.44,13.7,9.48,5.82,8.42,5.41,15.45,14.41,2.8,6.14,39.86,33.45,13.61,30.18,10.75,41.32,35.56,7.67,17.15,73.45,12.66,2.72,,5.79,10.95,10.32,22.57,5.93,38.46,63.41,4.02,50.44,129.0,66.76,8.02,,31.0,14.25
2020-02-12 07:00:00,6.87,24.41,29.06,23.06,50.52,17.7,39.23,13.03,6.8,72.96,3.98,11.47,19.45,53.75,13.45,9.65,5.75,8.1,5.21,15.75,14.46,2.76,6.24,40.51,33.67,13.91,30.23,10.72,42.28,35.65,7.85,17.5,73.79,13.58,2.83,,5.78,11.4,10.53,22.92,5.96,38.81,63.93,4.02,50.39,129.1,66.14,8.44,,31.85,14.29
2020-02-13 07:00:00,7.39,25.61,28.61,23.23,49.67,17.56,40.61,12.53,6.97,73.33,4.1,11.24,19.56,53.26,13.56,9.48,5.79,8.18,5.24,15.62,14.55,2.72,6.27,41.07,34.05,14.04,30.23,10.72,42.28,35.78,8.45,17.5,73.59,14.78,2.87,,5.81,11.5,10.65,23.1,5.97,38.55,63.56,4.09,49.55,128.9,65.65,8.36,,31.0,14.4
2020-02-14 07:00:00,7.36,24.13,28.27,23.12,48.99,17.3,39.67,12.53,6.91,71.26,4.08,11.24,19.56,54.31,13.81,9.56,5.79,8.13,5.23,15.58,14.38,2.76,6.28,40.67,33.76,13.94,30.23,10.81,42.68,35.78,8.33,17.63,74.01,14.84,2.83,,5.81,11.55,10.91,23.23,5.97,38.46,63.04,4.23,49.9,129.2,65.65,8.8,,31.45,14.43
2020-02-17 07:00:00,7.59,24.87,28.32,23.0,48.56,17.45,40.3,12.32,6.88,70.31,4.05,11.31,19.74,54.93,14.16,9.83,5.66,8.17,5.38,15.45,14.06,2.92,6.4,40.35,33.83,13.91,30.07,10.81,42.68,35.78,8.17,17.86,72.82,14.74,2.87,,5.88,11.65,11.05,22.62,6.21,38.59,64.89,4.32,48.88,128.5,65.41,8.83,,31.8,14.4
2020-02-18 07:00:00,7.62,24.04,29.28,23.34,48.82,17.01,45.07,12.23,6.88,71.85,4.08,11.37,19.67,54.0,14.48,9.74,5.68,8.22,5.4,15.45,14.2,2.88,6.42,39.86,33.92,13.65,30.23,10.77,42.44,35.82,8.21,17.76,70.02,14.95,2.87,,5.83,11.65,11.24,22.75,6.18,38.72,63.85,4.27,47.55,128.8,66.02,8.8,,31.3,14.55
2020-02-19 07:00:00,7.65,24.32,29.34,24.69,47.8,17.15,43.63,12.27,6.97,72.96,4.1,11.24,20.21,53.38,13.95,9.92,5.67,8.03,5.42,15.45,14.17,2.8,6.33,40.18,34.52,13.35,30.12,10.81,42.36,36.3,8.21,17.86,67.91,15.23,2.87,,5.81,11.4,11.15,22.72,6.16,38.46,63.12,4.2,46.0,128.7,64.31,8.99,,30.5,14.3
2020-02-20 07:00:00,7.59,23.95,29.28,24.64,48.05,17.01,43.31,12.53,6.97,71.49,4.15,11.34,20.28,54.62,14.02,10.44,5.65,8.08,5.35,15.54,14.2,2.8,6.34,41.24,35.03,13.38,30.18,10.79,42.68,37.47,8.29,18.01,69.06,15.76,2.75,,5.84,11.5,11.2,22.72,6.07,38.76,63.78,4.23,47.11,128.4,65.53,9.17,,30.55,14.6
2020-02-21 07:00:00,7.19,24.32,28.94,24.69,48.99,17.23,42.06,12.27,6.97,71.12,4.3,11.24,20.21,53.38,14.3,10.35,5.62,8.18,5.57,15.62,14.23,2.8,6.31,41.72,34.9,13.58,30.35,10.81,42.76,36.95,8.6,17.91,69.06,15.48,2.75,,5.81,11.25,11.05,22.52,6.06,38.68,63.78,4.25,48.26,128.5,65.84,9.29,,30.7,14.4
2020-02-24 07:00:00,7.36,23.95,27.2,24.69,46.43,16.93,40.8,11.5,6.88,71.49,4.15,11.24,19.2,52.76,13.88,10.0,5.54,7.84,5.28,15.88,14.09,2.72,6.02,41.8,34.08,13.15,30.07,10.77,41.24,35.61,8.21,17.38,69.14,15.48,2.72,,5.63,11.0,10.75,22.03,5.81,37.16,61.42,4.39,47.6,128.4,65.53,9.12,,29.1,14.2
2020-02-25 07:00:00,6.79,23.03,25.39,22.95,47.29,16.2,36.72,11.18,6.66,73.55,4.0,10.72,18.84,51.21,12.96,9.3,5.35,7.79,5.04,15.62,14.09,2.6,5.82,40.91,33.2,12.78,29.79,10.64,40.36,35.13,7.6,16.79,69.06,15.13,2.75,,5.23,10.7,9.92,19.98,5.59,37.16,60.68,4.11,47.42,127.8,65.1,8.54,,29.0,13.91
2020-02-26 07:00:00,7.22,22.66,26.86,23.34,47.46,16.38,38.92,11.7,6.91,72.52,4.08,11.18,19.3,51.21,13.38,9.92,5.49,7.84,5.17,15.8,14.2,2.64,5.92,40.35,33.45,12.88,29.84,10.77,40.6,35.56,7.66,17.1,68.83,15.41,2.87,,5.28,11.0,10.27,18.68,5.93,37.16,61.2,4.16,46.22,125.5,65.35,9.06,,29.0,13.95
2020-02-27 07:00:00,6.99,22.66,26.52,23.12,47.37,16.13,38.98,11.79,6.86,71.56,4.06,11.05,19.88,49.53,13.38,10.62,5.5,7.82,5.18,15.8,14.17,2.68,5.98,39.86,33.51,13.08,29.96,10.72,40.12,36.0,8.05,17.2,67.91,15.2,3.15,,5.28,11.3,10.56,17.91,5.89,36.3,58.91,4.16,47.02,125.0,64.31,9.12,,28.85,14.03
2020-02-28 07:00:00,6.64,22.38,25.95,23.23,46.86,16.27,39.48,11.68,6.83,72.59,4.1,11.08,19.88,46.61,13.13,10.79,5.46,7.77,5.1,15.37,14.15,2.76,5.96,40.26,33.45,13.18,29.68,10.72,40.2,35.56,7.82,17.2,66.11,15.3,3.46,,5.33,11.35,10.39,17.47,6.04,34.61,57.88,4.25,46.66,122.0,64.49,9.04,,28.5,14.0
2020-03-02 07:00:00,7.04,23.58,25.9,23.0,46.77,15.8,39.11,11.88,6.83,70.75,4.03,11.02,19.92,46.92,13.13,10.35,5.49,7.65,5.04,15.28,14.23,2.8,5.96,39.17,33.61,13.05,29.68,10.77,41.32,35.43,7.78,17.57,62.16,15.23,3.74,,5.3,11.8,10.58,15.94,6.08,35.22,58.32,4.2,46.22,121.0,64.0,8.83,,28.5,13.8
2020-03-03 07:00:00,7.39,23.3,26.41,22.78,47.29,15.54,41.12,12.0,6.86,71.34,4.13,11.21,20.32,51.46,13.73,12.37,5.54,7.86,5.14,15.45,14.38,3.16,6.12,39.86,34.02,13.08,29.68,10.77,40.84,35.82,8.05,17.46,66.18,14.99,4.13,,5.32,12.6,10.79,17.3,6.1,36.08,59.36,4.27,46.71,120.5,64.61,8.96,,29.05,14.03
2020-03-04 07:00:00,7.39,23.03,26.52,23.12,47.46,16.49,43.94,12.04,6.8,68.54,4.22,11.47,20.07,49.34,13.52,11.41,5.49,7.72,5.04,15.62,14.26,3.9,6.05,39.62,33.42,12.98,29.9,10.77,40.28,35.48,7.86,17.27,65.22,14.84,4.37,,5.28,12.2,10.56,17.65,6.17,35.44,58.32,4.27,46.48,120.8,64.49,8.78,,28.3,13.95
2020-03-05 07:00:00,7.51,23.12,26.26,23.62,47.88,16.71,43.63,12.27,6.83,69.13,4.42,11.28,20.07,48.48,13.59,11.06,5.6,7.79,5.15,15.62,14.38,3.55,6.08,40.06,33.45,13.25,29.96,10.77,40.6,35.82,8.01,17.49,64.84,14.7,4.68,,5.46,12.65,10.65,16.22,6.33,35.52,59.06,4.3,46.71,121.5,64.31,8.96,,28.65,13.9
2020-03-06 07:00:00,7.36,23.12,25.67,23.57,46.86,16.64,41.74,11.82,6.86,69.35,4.29,11.31,19.6,48.41,13.52,11.14,5.52,7.7,5.08,15.58,14.35,3.43,5.96,41.16,32.94,13.05,29.79,10.79,40.2,35.35,8.01,17.09,64.84,14.67,5.08,,5.53,12.1,10.49,16.12,6.21,35.87,58.99,4.3,46.66,122.9,64.0,8.93,,28.7,13.95
2020-03-09 07:00:00,7.13,22.2,24.66,22.5,43.88,15.62,40.86,11.04,6.86,70.01,3.95,10.46,18.51,44.75,12.74,,5.31,7.18,4.71,14.59,13.91,3.23,5.69,42.94,30.26,12.88,29.51,10.68,37.04,32.61,7.42,16.24,58.7,13.23,4.45,,5.13,11.5,9.75,14.89,5.81,34.14,57.96,4.18,45.11,119.0,61.24,8.34,,26.75,13.15
2020-03-10 07:00:00,6.64,19.8,23.98,21.54,41.15,14.66,39.23,10.99,6.38,61.32,3.93,10.53,18.44,41.65,12.25,,4.96,7.06,4.45,14.77,13.33,2.56,5.5,42.86,28.68,12.45,28.95,10.31,34.47,30.79,7.26,15.73,59.58,13.02,3.97,,4.92,11.0,9.64,13.87,5.49,33.71,52.35,3.74,41.33,109.0,58.79,8.34,,25.3,12.5
2020-03-11 07:00:00,7.02,22.11,24.54,22.84,41.49,16.09,40.8,11.36,6.6,67.8,4.13,11.02,18.8,43.45,12.74,,5.15,7.48,4.7,15.37,13.62,3.04,5.66,43.18,29.66,12.92,29.51,10.6,35.88,32.31,7.56,16.13,59.62,13.16,3.78,,5.23,11.45,9.83,13.3,5.96,34.74,56.41,4.02,43.55,114.5,62.47,8.47,,26.4,13.0
2020-03-12 07:00:00,6.64,19.34,20.74,21.71,36.47,15.32,35.78,10.08,6.44,62.64,3.74,10.46,17.57,36.87,12.07,,4.78,6.74,4.08,14.64,12.87,2.92,5.06,38.24,25.65,12.09,29.51,10.27,32.03,27.67,6.71,15.22,57.28,12.42,4.37,,4.56,10.0,8.5,12.03,5.76,31.11,55.67,3.76,40.44,105.5,59.53,7.36,,24.2,11.93
2020-03-13 07:00:00,6.21,19.25,19.27,19.32,33.65,14.52,32.96,9.39,5.9,58.22,3.71,10.11,16.38,34.32,10.87,,4.21,6.22,3.78,13.74,12.46,2.76,4.61,37.67,23.89,11.59,29.07,10.27,28.35,25.76,6.17,13.97,52.95,11.19,4.21,,4.19,9.3,7.89,11.21,5.36,28.82,49.4,3.5,38.22,99.5,58.3,6.84,,22.55,11.5
2020-03-16 07:00:00,6.35,18.42,19.75,20.59,34.51,14.96,32.96,10.05,6.35,63.38,3.84,10.66,17.41,35.26,11.08,,4.43,6.62,3.87,13.39,12.23,2.84,4.99,39.7,24.3,11.82,29.4,10.27,29.07,26.24,6.95,14.74,54.48,10.41,4.29,,4.46,10.4,8.62,10.49,5.57,30.68,52.35,3.62,40.88,99.3,60.69,7.23,,24.5,12.0
2020-03-17 07:00:00,6.01,20.17,17.27,19.71,32.38,14.11,30.76,9.16,6.41,58.96,3.71,9.81,16.99,34.88,11.04,9.21,4.08,6.41,3.86,14.25,11.54,2.72,4.66,38.89,22.88,10.8,28.68,10.31,29.63,23.12,6.64,14.74,54.1,9.92,4.21,,4.32,9.9,8.03,11.23,5.76,27.48,49.77,3.5,39.77,98.0,58.79,6.39,,22.5,11.63
2020-03-18 07:00:00,6.15,19.9,19.18,20.42,33.82,14.19,34.34,9.76,6.38,57.48,3.93,10.46,17.72,37.24,11.82,10.09,4.35,6.68,4.18,14.16,12.2,2.8,4.93,40.1,24.55,11.29,28.56,10.56,32.75,24.72,7.03,16.5,54.14,10.62,4.33,,4.75,10.4,8.55,12.54,5.96,29.39,51.39,3.48,39.06,101.7,58.92,7.01,,22.0,11.63
2020-03-19 07:00:00,6.06,18.61,19.16,20.53,33.06,15.03,33.27,9.39,6.24,58.29,3.98,10.4,17.21,34.76,11.89,9.04,4.16,6.68,3.99,14.16,12.06,2.72,4.71,39.29,24.3,11.26,28.4,10.39,33.39,24.5,6.72,15.97,50.07,10.55,4.68,,4.42,9.9,8.31,11.54,6.03,29.08,49.62,3.5,38.62,99.2,56.96,6.84,,21.0,11.5
2020-03-20 07:00:00,6.7,18.98,18.96,20.5,31.61,14.52,33.58,9.34,6.3,57.12,4.1,10.17,17.42,35.38,11.96,8.6,4.1,6.63,3.94,13.74,12.17,2.72,4.7,39.7,23.92,11.82,28.4,10.43,32.83,23.42,6.71,15.86,48.73,10.52,4.6,,4.62,9.81,8.24,10.75,5.91,28.52,50.51,3.43,39.42,98.0,54.51,6.78,,21.9,11.15
2020-03-23 07:00:00,6.12,17.13,17.49,19.12,29.82,14.15,32.83,8.61,6.18,53.8,3.95,10.4,16.67,34.26,11.04,7.56,3.88,5.99,3.66,13.91,11.59,2.56,4.42,38.97,23.1,11.59,28.12,10.43,31.31,22.99,6.43,15.44,46.42,9.99,4.56,,4.36,9.3,7.65,10.0,6.21,24.89,44.24,3.41,34.66,100.0,54.57,6.58,,19.2,10.46
2020-03-24 07:00:00,5.51,16.03,17.49,18.73,28.12,12.9,31.45,8.45,6.04,53.36,3.76,9.81,16.27,34.76,11.12,7.24,3.85,5.86,3.52,13.05,11.48,2.29,4.36,39.29,22.66,10.9,28.68,10.35,30.27,22.34,5.93,15.12,42.97,9.64,4.6,,4.28,9.12,7.79,9.31,6.1,24.72,40.85,3.1,31.91,94.8,51.26,6.39,,17.7,10.35
2020-03-25 07:00:00,5.77,16.58,18.84,19.4,31.06,13.89,33.27,8.7,6.07,56.67,3.93,10.2,16.63,36.81,11.29,7.72,3.94,6.15,3.52,13.18,11.13,2.45,4.45,39.7,22.09,11.13,28.95,10.25,30.83,23.38,6.22,15.33,44.51,8.37,4.68,,4.29,9.15,7.79,8.9,6.11,25.93,42.03,3.22,31.77,98.0,55.49,6.65,,18.3,10.4
2020-03-26 07:00:00,5.95,16.4,18.62,19.94,32.21,14.55,32.96,8.72,6.32,59.33,3.95,10.4,16.45,37.24,11.33,7.72,3.92,6.05,3.44,13.74,11.25,2.48,4.51,39.7,22.81,11.19,28.68,10.35,32.03,23.85,6.16,15.22,46.62,8.37,5.0,,4.36,9.11,7.84,9.06,6.21,26.79,43.58,3.31,34.48,97.1,56.53,6.52,,18.5,10.9
2020-03-27 07:00:00,5.69,16.58,18.68,20.25,34.08,14.04,33.77,8.72,5.9,60.87,3.96,9.88,16.05,36.43,11.33,7.55,3.86,5.82,3.3,13.39,11.25,2.37,4.39,39.45,20.6,11.16,28.95,10.35,31.23,23.46,5.96,15.06,47.96,8.83,4.92,,4.29,8.75,7.63,8.78,5.62,27.35,44.24,3.17,36.44,96.5,56.96,6.39,,19.4,10.7
2020-03-30 07:00:00,5.63,14.37,17.49,19.24,30.42,13.78,30.44,8.18,5.9,59.62,3.98,9.62,14.64,34.08,10.8,7.24,3.47,5.27,3.19,13.44,11.13,2.37,4.07,39.29,18.59,10.86,28.73,10.35,29.61,20.95,5.68,14.48,49.72,8.94,4.8,,3.93,7.7,7.13,8.7,5.25,25.97,41.14,3.03,35.91,94.0,55.12,5.93,,19.0,10.1
2020-03-31 07:00:00,5.25,15.11,18.06,19.26,30.67,13.27,30.19,8.24,5.87,61.17,3.96,9.94,15.0,35.81,10.62,7.02,3.56,5.63,3.09,13.69,10.9,2.21,4.02,39.78,19.25,11.0,28.73,10.35,30.37,20.95,5.64,14.58,46.46,9.01,4.68,,3.85,7.86,7.09,8.52,5.22,26.58,41.14,3.01,36.17,96.5,56.65,5.93,,18.7,10.1
2020-04-01 07:00:00,4.65,15.57,17.43,19.07,31.52,13.53,28.25,7.79,5.45,58.96,3.96,9.1,14.75,33.95,10.51,7.35,3.54,5.75,2.99,12.45,10.72,2.17,3.91,39.54,18.52,10.76,28.9,10.31,30.79,19.99,5.53,14.8,46.89,8.94,4.72,,3.83,7.2,7.09,8.44,4.52,26.58,39.23,3.01,36.66,97.2,55.73,5.52,,19.0,10.1
2020-04-03 07:00:00,5.23,16.12,18.39,19.69,34.51,13.71,28.81,8.52,5.62,58.22,4.25,9.65,15.54,37.24,10.58,7.55,3.78,5.94,3.38,12.1,10.78,2.41,4.16,40.18,19.85,11.0,28.84,10.31,33.91,21.94,5.98,15.25,49.69,8.94,5.08,,4.26,7.99,7.32,8.52,4.6,28.09,41.44,3.08,38.22,99.2,57.88,5.62,,19.4,10.49
2020-04-06 07:00:00,5.6,16.76,20.14,20.81,36.12,13.78,32.01,8.84,5.59,60.14,4.25,9.88,16.63,38.48,10.9,7.72,3.88,6.25,3.55,12.88,10.61,2.41,4.42,43.18,22.06,11.36,28.9,10.27,34.41,24.2,6.16,15.6,49.5,9.04,5.12,,4.61,8.9,7.65,8.65,4.82,29.17,44.24,3.15,40.88,99.9,59.1,5.86,,19.95,11.15
2020-04-07 07:00:00,6.06,18.24,21.16,21.88,38.77,14.22,34.21,9.25,6.04,62.64,4.35,9.75,17.17,39.66,11.68,7.98,4.06,6.56,3.69,13.31,10.96,2.6,4.7,46.02,23.57,12.06,28.95,10.33,32.98,24.82,6.47,16.21,52.95,9.6,5.74,,4.79,9.4,8.03,9.85,4.96,29.39,48.3,3.36,43.37,100.0,59.1,6.19,,21.5,11.4
2020-04-08 07:00:00,6.44,17.96,20.2,21.94,39.19,13.64,33.21,8.84,6.01,61.17,4.18,9.62,16.67,38.05,10.97,7.81,4.06,6.34,3.56,13.31,10.72,2.48,4.51,45.45,22.97,11.92,28.79,10.35,32.39,24.06,6.24,15.52,52.95,9.46,5.82,,4.59,9.0,7.94,10.52,4.68,28.95,47.56,3.34,43.11,98.5,60.02,6.19,,21.9,11.5
2020-04-09 07:00:00,6.41,17.5,21.41,22.55,40.73,13.75,33.4,9.16,6.04,61.54,4.73,9.88,16.99,39.35,11.54,7.98,4.09,6.48,3.8,13.39,11.3,2.48,4.66,47.8,23.67,12.25,29.01,10.35,32.9,24.9,7.1,15.89,53.72,9.25,6.06,,4.97,9.4,8.08,10.93,4.95,29.39,51.61,3.31,41.77,99.0,61.18,6.16,,22.3,11.55
2020-04-10 07:00:00,5.49,17.96,21.05,22.98,40.04,13.27,33.9,9.07,6.32,64.85,4.69,9.78,16.85,40.97,11.75,8.73,3.99,6.37,3.7,13.31,11.65,2.56,4.6,47.8,22.59,12.29,28.95,10.37,33.82,25.7,6.88,15.89,55.33,9.6,6.41,,5.08,9.15,7.89,10.08,4.94,30.68,50.51,3.36,42.66,102.0,61.24,6.06,,23.7,11.68
2020-04-13 07:00:00,5.17,17.13,20.71,22.22,40.04,13.67,33.83,8.88,6.24,65.81,4.68,9.85,16.77,42.33,11.82,9.48,3.95,6.48,3.68,13.14,11.36,2.48,4.52,48.77,22.72,12.19,28.9,10.37,34.5,25.52,6.71,16.16,54.87,9.5,6.92,,5.02,9.01,7.91,9.88,4.92,30.51,50.14,3.31,42.57,113.0,61.0,6.21,,23.7,11.6
2020-04-14 07:00:00,5.77,17.5,20.9,22.25,39.4,13.67,33.58,8.95,6.41,65.59,4.68,9.88,17.21,41.59,11.82,9.13,4.01,6.65,3.82,12.92,11.65,2.56,4.66,46.99,23.73,12.12,28.84,10.39,34.04,25.88,7.03,16.18,55.94,9.85,7.0,,4.99,9.1,8.2,9.85,4.96,30.47,50.14,3.34,42.88,114.5,60.94,6.87,,25.45,11.8
2020-04-15 07:00:00,5.77,17.5,20.71,22.44,40.04,13.75,33.27,8.79,6.38,64.12,4.9,9.85,18.26,40.84,11.75,9.21,3.96,6.89,4.18,13.91,11.83,2.56,4.66,49.42,23.98,12.25,28.84,10.39,33.4,25.61,7.14,16.24,55.06,9.99,6.96,,5.08,9.2,8.17,9.77,4.92,30.12,50.43,3.34,42.48,111.8,61.06,7.09,,26.3,11.82
2020-04-16 07:00:00,5.83,18.88,20.99,22.89,41.32,13.75,35.59,8.98,6.35,65.22,4.78,9.75,17.97,41.34,11.96,9.65,4.08,6.87,4.3,14.51,12.0,2.8,4.73,48.28,23.98,12.32,28.79,10.33,33.74,26.06,7.14,16.37,58.7,9.88,7.08,,5.04,9.5,8.27,10.06,5.19,30.25,49.84,3.43,42.66,111.0,60.82,6.86,,25.65,12.0
2020-04-17 07:00:00,5.92,19.8,21.36,23.79,41.75,14.74,38.29,9.39,6.6,65.59,4.81,9.88,18.51,41.9,12.67,9.7,4.3,6.98,4.32,14.68,11.97,2.88,4.86,49.42,24.58,12.75,29.01,10.35,35.09,26.5,7.18,16.4,64.27,10.13,6.88,,5.16,9.9,8.41,10.18,5.13,30.9,49.77,3.43,42.35,116.0,61.24,7.17,,26.5,11.95
2020-04-20 07:00:00,6.12,21.19,21.38,25.76,40.98,14.66,38.73,9.3,6.91,65.59,4.74,9.94,18.76,42.21,13.03,9.65,4.32,7.24,4.65,15.02,12.12,2.88,4.95,49.09,26.51,12.52,29.34,10.35,34.92,27.03,7.14,16.5,65.99,10.48,7.08,,5.22,9.7,8.46,11.26,5.25,30.98,51.17,3.48,42.71,117.6,61.24,7.07,,26.5,12.28
2020-04-21 07:00:00,5.95,19.8,20.31,25.59,40.04,14.19,36.78,9.0,7.19,69.28,5.1,9.88,18.26,40.97,12.5,9.3,4.12,7.15,4.31,14.94,12.06,2.76,4.77,47.07,25.91,12.72,28.95,10.35,35.01,26.37,7.23,16.29,67.87,10.55,6.69,,5.08,9.35,8.17,10.75,5.18,30.68,50.14,3.5,42.44,116.5,61.24,6.68,,25.8,12.15
2020-04-22 07:00:00,5.72,18.88,18.68,23.9,37.57,14.0,33.96,8.43,7.14,64.19,5.03,9.72,17.64,37.86,11.96,8.51,3.86,7.06,4.05,14.47,11.71,2.6,4.44,44.96,24.33,12.95,29.01,10.25,32.9,24.9,7.22,15.44,63.31,9.5,6.1,,4.78,8.73,7.68,9.9,4.82,29.82,48.08,3.31,40.88,114.7,58.86,6.19,,22.8,11.36
2020-04-23 07:00:00,5.92,20.45,20.88,25.65,40.81,14.37,35.91,8.93,7.19,67.43,5.41,10.14,18.84,40.34,12.6,9.04,4.16,7.34,4.73,14.72,11.83,2.76,4.77,48.2,26.82,13.45,29.23,10.31,35.09,26.81,7.63,15.97,71.71,9.96,6.37,,5.16,9.35,8.13,10.69,5.16,30.68,49.4,3.38,41.33,115.5,60.39,6.74,,24.4,12.18
2020-04-24 07:00:00,5.83,19.25,20.57,25.34,40.47,14.11,35.47,8.79,7.28,68.91,5.15,9.85,18.4,40.84,12.46,8.86,4.08,7.48,5.06,14.68,11.88,2.76,4.66,46.83,26.35,13.08,29.23,10.35,34.58,26.41,7.5,15.65,69.29,9.78,6.3,,5.06,9.15,8.08,10.49,5.12,29.9,49.11,3.38,41.33,116.5,60.82,6.48,,24.4,12.1
2020-04-27 07:00:00,5.86,20.27,20.42,25.99,40.9,14.0,38.6,8.88,7.59,67.06,5.24,9.81,18.62,40.41,12.46,8.86,4.04,7.67,5.23,14.68,11.91,2.72,4.68,48.61,26.47,13.94,29.51,10.37,34.88,26.59,7.64,16.42,69.06,9.92,6.41,,5.1,9.18,8.08,10.46,5.02,30.21,48.3,3.36,42.22,115.2,65.22,7.14,,24.2,12.14
2020-04-28 07:00:00,5.8,21.37,19.8,26.15,39.45,14.48,39.86,8.63,7.59,67.14,4.96,9.75,18.33,38.86,12.39,9.65,4.06,7.58,5.22,14.55,11.91,2.68,4.6,47.39,25.72,13.51,29.4,10.35,33.91,25.7,7.82,16.24,67.53,9.64,6.33,,5.0,9.08,8.1,10.75,5.02,28.87,49.4,3.36,41.11,113.0,62.96,6.81,,23.5,11.91
2020-04-29 07:00:00,5.86,22.11,20.09,26.55,39.36,14.55,39.36,9.16,7.42,68.76,5.03,9.75,18.36,39.35,13.17,9.78,4.09,7.41,5.12,14.85,12.15,2.76,4.64,47.64,25.78,13.61,29.62,11.1,33.99,25.22,8.33,15.97,62.54,9.67,6.3,,4.97,9.1,8.13,10.85,4.94,29.39,46.9,3.38,40.84,115.5,60.63,6.68,,23.1,12.0
2020-05-04 07:00:00,5.92,22.02,20.09,26.55,39.19,14.37,39.23,9.04,7.5,69.86,4.93,9.62,18.15,40.34,13.17,9.56,4.09,7.41,5.13,14.85,12.12,2.76,4.64,46.34,25.72,13.41,29.79,11.01,34.88,25.17,7.86,15.73,62.54,9.85,6.22,,4.93,9.1,8.13,10.64,4.88,29.39,46.9,3.38,40.84,115.5,59.41,6.37,,22.8,12.0
2020-05-05 07:00:00,5.83,21.1,19.92,25.91,37.49,14.3,38.29,9.18,7.5,69.64,4.75,9.78,18.36,40.34,12.74,9.39,4.28,7.37,5.37,15.2,12.15,2.8,4.63,46.34,25.18,13.25,29.4,11.1,33.32,25.17,7.75,15.76,59.47,9.99,6.1,,4.85,8.98,8.27,10.29,4.99,29.08,47.71,3.34,40.8,114.2,60.51,6.6,,23.5,11.9
2020-05-06 07:00:00,5.89,20.54,20.0,26.0,38.51,14.3,38.29,9.14,8.06,69.28,4.75,9.75,18.44,41.4,12.74,9.78,4.28,7.42,5.4,15.8,12.2,2.76,4.63,46.18,25.24,13.25,29.23,10.83,34.75,24.82,7.55,15.97,62.08,9.99,5.98,,4.87,9.0,8.29,11.21,5.02,29.08,46.9,3.34,41.15,111.8,61.67,6.63,,23.8,12.0
2020-05-07 07:00:00,6.03,20.82,20.48,26.38,39.62,14.26,41.43,9.25,8.2,72.22,4.93,9.85,19.16,42.58,12.92,10.53,4.32,7.68,5.72,17.77,12.23,2.8,4.64,47.64,25.81,13.51,29.51,10.77,35.43,25.26,7.86,16.24,62.12,9.99,6.1,,4.95,9.18,8.29,11.36,5.16,29.3,49.77,3.34,42.22,112.2,62.22,6.78,,25.1,12.16
2020-05-08 07:00:00,6.15,22.02,21.41,26.03,40.04,14.7,42.18,9.48,8.06,72.22,4.89,9.78,19.38,42.64,12.92,10.97,4.22,8.2,5.52,17.51,12.32,2.84,4.77,47.8,26.19,13.38,29.57,10.81,35.6,25.7,8.05,16.42,65.22,10.03,6.33,,5.04,9.4,8.36,11.23,5.16,30.25,50.14,3.38,42.84,115.2,64.0,7.01,,25.0,12.32
2020-05-11 07:00:00,6.32,21.92,21.72,26.44,41.02,14.44,41.62,9.73,8.04,71.51,4.87,10.01,19.52,45.31,13.45,10.88,4.47,8.25,5.5,17.6,12.38,2.96,4.89,51.12,26.82,13.31,30.07,10.99,37.37,26.46,8.01,16.34,66.42,10.41,6.69,,5.41,9.69,9.54,11.92,5.32,32.19,54.2,3.46,43.33,118.6,66.45,7.85,,25.45,12.95
2020-05-12 07:00:00,6.27,21.92,21.61,26.44,40.81,14.41,41.43,9.69,8.18,71.51,4.93,9.98,19.52,45.25,13.56,10.7,4.47,8.15,5.44,17.68,12.41,3.08,4.89,51.04,26.76,13.31,30.12,10.93,37.37,26.46,8.01,16.34,66.49,10.34,6.88,,5.35,9.69,9.5,11.97,5.33,32.24,54.05,3.57,43.28,118.6,66.45,7.88,,25.0,12.95
2020-05-13 07:00:00,6.35,21.92,21.61,27.5,42.34,14.88,43.31,9.8,8.2,70.75,5.17,9.91,20.11,45.31,13.66,10.97,4.48,8.08,6.2,17.81,12.93,3.04,5.06,49.66,25.87,13.78,29.34,11.01,38.42,28.36,8.21,16.66,64.46,10.2,6.73,,5.35,9.7,9.59,11.77,5.7,32.67,53.53,3.55,42.26,117.0,69.33,7.72,,25.0,13.1
2020-05-14 07:00:00,6.27,22.02,22.0,27.91,42.17,15.4,43.88,9.8,8.43,69.68,5.01,9.78,20.72,44.44,13.56,11.06,4.6,8.2,6.27,18.8,13.33,3.0,5.03,49.82,25.87,14.14,29.07,11.26,38.46,28.27,8.09,16.82,65.99,10.52,6.77,,5.29,9.88,9.64,11.56,6.38,32.41,52.28,3.57,42.22,114.8,68.96,7.72,,24.2,13.0
2020-05-15 07:00:00,6.21,21.19,22.46,27.5,42.51,15.1,43.31,9.87,8.94,70.14,4.93,9.94,20.45,45.25,13.91,10.79,4.56,8.25,6.34,18.46,13.22,2.96,5.06,52.25,26.25,13.91,29.34,11.59,38.72,28.27,8.01,17.01,66.07,10.38,6.77,,5.48,10.2,9.73,11.82,5.98,33.02,52.35,3.55,42.66,114.0,69.21,7.74,,24.4,13.1
2020-05-18 07:00:00,6.32,20.82,21.69,26.85,41.32,14.96,42.37,9.6,8.77,69.99,4.8,10.01,20.11,44.44,13.77,10.57,4.5,8.42,6.27,18.54,12.75,2.92,4.93,50.31,25.87,13.84,29.29,11.43,37.54,27.39,7.93,16.53,66.76,10.41,6.1,,5.33,9.78,9.47,11.56,5.96,32.97,52.57,3.5,43.11,114.0,67.86,7.75,,24.2,12.9
2020-05-19 07:00:00,6.35,21.0,22.51,27.62,42.68,15.29,43.0,10.08,8.99,69.68,4.89,10.27,20.83,46.8,13.73,11.1,4.69,9.1,6.89,20.78,12.75,2.92,5.06,51.28,27.61,13.65,29.45,11.59,40.07,28.5,8.13,16.77,67.14,10.45,5.86,,5.54,9.92,10.09,11.79,6.21,34.53,53.83,3.55,43.15,115.0,69.7,8.47,,25.0,13.5
2020-05-20 07:00:00,6.38,21.65,22.0,27.32,41.36,14.92,41.87,10.08,8.91,71.05,4.82,10.53,20.75,45.31,13.84,10.79,4.61,8.96,6.62,22.24,12.93,3.04,5.02,50.63,27.17,13.48,29.62,11.47,38.89,28.18,8.05,16.74,67.14,10.55,5.7,,5.44,9.9,9.92,11.51,6.24,33.88,53.75,3.57,42.84,114.5,68.9,7.98,,24.8,13.4
2020-05-21 07:00:00,6.41,21.65,22.29,27.62,42.51,15.1,43.82,10.24,8.99,70.06,5.07,10.66,20.7,46.24,13.81,11.32,4.58,9.08,6.64,23.95,12.9,3.0,5.05,51.69,27.33,13.91,29.62,11.68,39.64,28.18,8.09,16.71,68.3,10.62,4.64,,5.52,10.5,9.94,11.44,6.21,34.57,57.14,3.55,43.11,113.7,69.82,7.98,,26.6,13.5
2020-05-22 07:00:00,6.5,21.65,22.4,27.62,42.34,14.7,43.63,10.44,9.08,71.21,4.94,10.85,20.75,46.49,13.81,11.14,4.75,9.08,6.44,24.3,12.78,3.0,5.09,51.44,27.45,13.71,29.79,11.65,39.56,28.18,8.01,16.82,67.53,10.48,4.72,,5.42,10.3,10.2,11.41,6.23,35.09,56.78,3.6,43.55,114.8,70.06,8.05,,26.0,13.7
2020-05-25 07:00:00,6.5,21.65,22.17,27.59,41.92,14.44,42.75,10.49,9.19,70.67,5.12,10.85,20.54,45.87,13.56,11.06,4.75,9.47,6.76,24.81,12.41,3.0,5.02,50.39,26.82,13.58,29.73,11.61,39.14,28.14,7.97,16.61,66.76,10.41,5.35,,5.5,10.25,9.97,11.77,5.96,34.96,56.33,3.69,42.75,114.0,70.12,7.82,,25.7,13.35
2020-05-26 07:00:00,6.5,23.49,22.43,27.62,42.09,14.59,43.19,10.56,9.27,70.83,5.42,10.92,20.54,46.24,13.88,11.71,4.69,9.42,6.87,25.76,12.58,3.0,5.06,50.23,27.2,13.98,29.73,11.47,39.64,28.54,8.13,16.61,67.18,10.41,5.43,,5.62,10.3,9.97,11.97,5.96,35.0,57.14,3.74,43.11,113.0,72.27,7.92,,26.6,13.6
2020-05-27 07:00:00,6.79,25.24,24.12,28.56,44.73,14.77,43.88,10.67,9.47,71.13,5.31,11.05,20.7,46.86,14.51,11.58,4.91,9.85,6.97,25.76,12.84,3.04,5.18,51.2,27.42,14.24,29.73,11.65,39.64,28.58,8.53,17.3,67.37,10.76,5.47,,5.92,10.45,10.01,12.03,6.07,35.87,56.41,3.83,43.06,113.0,72.08,7.92,,26.6,13.58
2020-05-28 07:00:00,6.58,24.6,22.57,28.21,43.03,14.66,46.77,10.33,10.0,70.9,5.26,11.18,20.41,46.55,13.95,11.1,4.75,9.47,7.18,25.58,12.64,3.08,5.05,51.36,26.82,14.11,29.96,11.54,39.56,27.7,8.17,16.93,67.72,10.52,5.35,,5.69,10.1,9.87,11.41,5.96,35.87,55.23,3.78,43.06,113.0,70.43,7.53,,25.55,13.46
2020-05-29 07:00:00,6.61,24.41,22.79,28.09,42.77,14.55,47.08,10.28,10.4,70.6,5.26,11.05,20.32,46.24,13.95,11.14,4.67,9.41,7.11,25.67,12.61,3.12,5.03,50.88,26.69,13.94,30.07,12.14,39.48,27.7,8.21,16.74,67.07,10.45,5.55,,5.66,10.2,9.85,10.49,5.84,36.73,55.74,3.78,43.11,113.3,69.51,7.53,,26.9,13.2
2020-06-01 07:00:00,6.64,24.41,22.74,28.03,42.68,14.15,47.64,10.44,10.28,71.28,5.23,11.34,20.32,46.49,14.05,11.23,4.8,9.58,6.97,29.23,12.81,3.12,5.02,50.8,26.69,13.98,29.9,12.89,38.93,28.1,8.13,16.66,67.68,10.52,5.51,,5.69,10.4,9.83,10.9,5.9,36.95,57.07,3.81,43.11,113.0,70.49,7.74,,28.0,13.5
2020-06-02 07:00:00,7.36,24.78,23.42,28.15,43.45,14.22,48.52,10.9,11.1,71.13,5.31,11.34,20.45,46.74,14.09,11.28,5.28,9.58,6.94,28.84,12.99,3.16,5.24,51.53,27.17,14.18,30.46,12.66,39.48,28.36,8.25,16.93,68.18,10.62,5.51,,5.85,10.85,10.16,10.95,6.04,37.55,58.32,3.95,43.2,113.3,71.1,8.1,,27.55,13.72
2020-06-03 07:00:00,7.16,23.67,23.08,28.03,42.6,14.08,42.06,10.81,10.96,71.51,5.07,11.5,20.32,48.1,13.59,11.01,5.64,9.32,6.84,28.8,12.81,3.43,5.24,52.25,26.98,14.08,30.12,12.07,39.56,28.05,8.29,16.85,70.4,10.52,5.51,,5.77,10.6,9.99,11.13,5.96,37.6,57.51,3.97,42.88,114.7,71.17,7.87,,27.4,13.62
2020-06-04 07:00:00,7.39,24.23,23.25,28.38,42.6,14.37,42.25,11.08,10.76,71.51,5.15,11.44,20.7,48.48,14.02,11.41,5.64,9.3,7.08,28.5,13.45,3.43,5.28,52.34,27.01,14.04,30.07,12.14,39.64,28.27,8.37,16.87,69.75,10.55,5.98,,5.9,10.75,10.11,11.13,6.24,38.03,57.51,4.11,43.02,113.9,71.66,7.98,,28.3,13.62
2020-06-05 07:00:00,7.33,23.95,23.58,28.91,42.47,14.19,45.2,11.22,11.35,70.83,5.12,11.57,20.49,47.79,14.05,11.14,5.43,9.13,6.9,28.8,13.36,3.43,5.22,51.04,26.98,13.98,30.35,12.05,39.81,28.18,8.25,17.03,68.68,10.62,6.26,,6.0,10.7,10.04,11.36,6.21,38.5,56.85,4.13,42.66,114.1,72.15,7.79,,28.4,13.75
2020-06-08 07:00:00,7.28,24.13,24.09,30.38,42.77,14.0,45.2,11.38,11.66,70.52,5.24,11.63,20.75,49.34,14.8,11.41,5.47,9.47,7.77,28.59,13.54,3.47,5.28,51.36,27.61,14.37,30.35,12.21,39.98,28.41,8.37,17.14,68.68,10.69,6.3,,6.19,10.7,10.18,11.51,6.16,38.46,57.51,4.11,42.31,114.3,73.0,8.1,,28.8,14.0
2020-06-09 07:00:00,7.36,24.6,24.88,30.91,43.45,14.15,44.88,11.45,11.66,70.75,5.23,11.54,21.0,48.54,14.87,11.41,5.43,9.63,8.16,29.02,13.86,3.75,5.28,51.44,28.65,14.31,30.51,12.24,40.49,29.51,8.45,17.3,70.1,11.75,6.37,,6.23,10.75,10.25,11.77,6.18,38.85,57.51,4.16,43.11,116.8,75.39,7.97,,28.35,14.0
2020-06-10 07:00:00,7.36,24.6,24.32,30.79,44.81,14.59,43.31,11.08,11.32,71.51,5.23,11.8,20.75,48.41,14.51,11.98,5.56,9.3,7.77,29.06,13.42,3.71,5.25,50.96,27.93,14.24,30.35,12.05,40.15,29.03,8.76,17.01,68.56,11.33,6.33,,6.02,10.75,10.09,11.41,6.14,38.68,57.22,4.18,42.75,117.9,77.17,7.82,,27.6,13.8
2020-06-11 07:00:00,7.39,24.69,24.54,30.44,44.73,14.74,43.31,11.31,11.02,70.9,5.28,11.76,20.66,48.1,14.8,11.63,5.51,9.25,7.6,28.33,13.74,3.71,5.44,51.28,28.24,14.18,30.35,12.14,40.49,28.63,8.88,17.01,68.3,11.4,6.45,,6.11,12.15,10.35,11.95,6.24,38.68,57.14,4.13,42.48,117.8,75.33,7.92,,27.9,14.0
2020-06-12 07:00:00,6.93,24.32,22.29,28.32,41.58,13.78,42.06,10.12,10.12,66.34,4.84,11.41,19.05,43.51,13.1,10.53,5.07,8.44,6.83,26.18,13.28,3.35,4.98,46.18,25.94,13.25,30.18,11.68,36.19,25.26,7.9,15.7,66.76,10.62,5.9,,5.58,11.2,9.73,10.31,5.47,35.65,54.2,3.85,39.99,112.0,72.27,7.2,,25.3,12.91
2020-06-15 07:00:00,7.13,24.5,23.87,29.56,41.32,14.37,42.37,10.62,10.9,68.85,5.03,11.63,20.32,46.3,14.34,10.97,5.64,9.06,7.88,27.13,13.51,3.43,5.15,47.39,27.07,13.71,30.4,11.72,38.38,26.41,8.41,16.4,65.99,10.76,6.3,,5.92,12.1,9.97,11.26,5.96,36.99,55.74,4.04,41.33,112.2,73.49,7.53,,26.0,13.6
2020-06-16 07:00:00,6.81,23.03,23.42,29.38,40.9,13.93,40.17,10.53,10.68,69.91,4.89,11.63,19.73,45.62,13.59,11.41,5.45,8.96,7.63,25.93,13.39,3.59,5.02,46.5,26.51,13.58,30.79,11.35,37.2,26.06,8.57,16.24,64.65,10.59,6.41,,5.73,12.5,9.68,11.08,5.76,36.3,53.68,3.97,40.66,110.0,70.19,7.27,,25.5,13.35
2020-06-17 07:00:00,7.02,23.58,22.96,29.21,41.92,13.93,40.17,10.53,10.85,68.92,5.03,11.83,19.77,45.62,13.84,11.23,5.41,9.03,7.67,25.45,13.54,3.55,5.06,46.99,26.79,13.55,30.68,11.44,37.37,26.06,8.49,16.45,66.68,10.48,6.3,,5.79,11.85,9.73,10.59,5.96,36.73,56.26,4.04,41.33,107.7,71.66,7.27,,27.35,13.49
2020-06-18 07:00:00,6.84,23.58,22.74,29.21,40.73,13.86,37.98,10.4,10.76,69.99,4.89,11.76,19.6,45.06,13.59,10.62,5.25,8.94,7.95,25.76,13.36,3.47,5.05,46.18,26.19,13.98,31.74,10.98,38.46,25.7,8.21,16.18,63.73,10.34,5.7,,5.62,11.4,9.59,10.64,5.79,36.3,55.74,3.99,40.84,109.5,70.8,7.23,,27.5,13.1
2020-06-19 07:00:00,6.87,24.13,23.25,30.5,40.9,14.0,39.3,10.6,10.68,69.99,4.96,11.63,19.73,45.43,13.66,10.92,5.22,9.3,8.02,25.5,13.59,3.43,5.06,46.66,26.51,14.14,32.85,11.12,39.81,25.75,8.25,16.45,63.81,10.52,5.51,,5.73,11.55,9.54,10.8,5.87,36.73,56.11,3.99,40.44,111.0,70.55,7.3,,27.5,13.32
2020-06-22 07:00:00,7.04,24.87,23.42,31.73,42.17,14.04,40.17,10.67,11.04,70.06,5.1,11.7,19.9,45.43,13.91,11.14,5.34,9.44,8.36,26.14,14.2,3.51,5.11,46.58,26.88,14.11,33.13,11.02,38.8,26.32,8.37,16.61,64.84,10.24,5.78,,5.85,12.0,9.9,10.95,5.96,36.73,57.0,4.11,43.11,110.0,70.43,7.49,,27.8,13.5
2020-06-23 07:00:00,6.99,24.6,23.16,32.2,41.75,14.04,45.51,10.72,10.96,69.99,5.52,11.86,19.88,45.43,14.12,10.92,5.31,9.41,8.57,25.88,14.09,3.59,5.09,46.99,27.11,14.8,32.57,12.17,38.72,26.37,8.29,16.71,63.31,10.41,5.7,,5.9,11.65,9.8,10.9,6.07,36.95,58.03,4.09,42.75,108.5,71.04,7.4,,27.6,13.5
2020-06-24 07:00:00,6.93,24.87,22.96,32.85,41.41,14.08,47.71,10.72,10.93,69.61,5.45,11.83,20.28,45.68,14.3,11.06,5.25,9.3,8.36,25.28,13.97,3.51,5.12,47.31,26.98,14.47,32.35,11.51,39.01,27.03,8.29,16.66,63.31,10.48,5.59,,6.15,11.6,9.78,11.28,5.93,37.16,57.29,4.09,42.0,109.4,71.29,7.4,,27.3,13.54
2020-06-25 07:00:00,6.84,24.69,22.57,32.03,40.47,13.75,42.87,10.3,10.76,69.68,5.17,11.63,19.75,44.69,13.77,10.7,5.16,9.2,8.16,24.9,13.8,3.43,5.06,45.85,26.51,14.04,32.29,11.26,38.3,26.15,8.05,16.5,61.39,10.34,5.47,,5.98,11.15,9.54,11.03,5.91,35.74,55.15,4.02,41.46,108.0,71.35,7.1,,26.5,13.3
2020-06-26 07:00:00,6.87,24.6,23.08,32.32,40.9,13.82,42.81,10.53,10.79,68.85,5.4,11.54,19.82,45.0,13.98,10.62,5.15,9.44,8.78,25.58,13.8,3.43,5.08,45.94,26.51,14.47,33.02,11.16,38.8,26.77,8.21,16.56,61.39,10.31,5.63,,6.08,11.6,9.68,11.1,5.87,36.34,56.04,4.16,41.55,108.2,71.41,7.28,,26.6,13.38
2020-06-29 07:00:00,6.81,21.65,22.17,32.03,39.19,13.75,42.37,10.26,11.07,69.23,5.17,11.44,19.73,44.69,13.73,10.44,4.95,9.27,8.36,24.3,13.68,3.47,5.0,45.69,26.22,14.51,34.74,11.23,38.51,26.15,8.01,16.34,61.77,10.2,5.47,,5.92,11.3,9.45,10.75,5.96,36.0,55.3,4.11,40.66,109.0,70.73,7.07,,26.2,13.35
2020-06-30 07:00:00,6.64,24.04,22.0,31.2,39.49,13.49,44.88,10.19,10.9,69.08,5.1,11.41,19.54,43.82,13.45,10.0,4.93,9.23,8.36,24.64,13.45,3.27,4.95,45.29,25.97,14.24,34.47,11.26,37.54,25.52,7.9,16.34,61.58,9.92,5.19,,5.81,11.1,9.33,11.1,5.91,35.65,55.3,4.09,40.44,107.9,70.11,6.97,,25.65,12.85
2020-07-01 07:00:00,6.58,24.69,21.38,30.56,39.19,13.31,46.7,9.91,10.9,69.61,4.98,11.44,19.48,43.14,13.17,9.7,4.82,9.3,7.95,24.38,13.45,3.23,4.84,44.07,25.5,13.98,34.02,11.26,37.62,25.44,7.63,16.32,59.85,9.5,5.12,,5.71,10.8,9.21,10.34,5.84,34.7,55.52,4.09,40.22,108.0,69.93,6.76,,24.8,13.3
2020-07-02 07:00:00,6.7,24.04,22.26,31.61,39.15,13.38,49.97,10.26,11.18,69.46,5.07,11.54,19.6,44.32,13.38,10.0,4.95,9.47,8.43,24.9,13.45,3.27,4.92,45.37,25.75,14.27,34.08,11.35,38.3,25.92,7.78,16.45,62.54,9.74,5.19,,5.85,11.2,9.42,10.57,5.81,35.95,56.78,4.13,40.26,108.0,71.23,7.01,,26.4,13.3
2020-07-03 07:00:00,6.7,24.6,22.15,32.26,39.7,13.27,53.42,10.24,11.16,69.61,5.03,11.37,19.69,44.32,13.38,10.18,4.94,9.54,8.19,24.9,13.65,3.23,4.92,46.34,25.81,14.37,34.08,11.21,38.38,26.01,7.61,16.58,64.46,9.78,5.12,,5.85,11.15,9.33,10.54,5.9,35.65,56.78,4.16,40.4,107.5,70.11,6.92,,26.2,13.18
2020-07-06 07:00:00,6.64,24.41,22.23,32.91,39.62,13.56,49.78,10.35,11.38,69.99,5.07,11.6,19.69,44.57,13.45,10.35,5.15,9.54,8.29,24.81,13.91,3.23,4.92,46.34,25.84,14.61,34.74,11.16,38.76,26.19,7.7,17.01,68.22,9.88,5.0,,5.85,11.05,9.35,10.77,5.89,35.87,57.73,4.13,40.08,108.0,71.04,6.97,,26.5,13.29
2020-07-07 07:00:00,6.84,24.41,22.79,31.85,40.21,13.6,51.79,10.67,11.46,70.98,5.17,11.57,19.9,45.31,13.59,10.44,5.2,9.56,8.36,24.9,14.0,3.39,4.99,46.91,26.47,14.84,35.97,11.23,39.48,26.59,7.97,17.03,70.4,10.06,5.08,,6.0,11.6,9.59,10.82,5.96,36.3,59.73,4.16,40.66,107.5,72.28,7.2,,27.2,13.6
2020-07-08 07:00:00,6.81,24.41,22.85,32.14,40.13,13.31,50.03,10.74,11.24,70.75,5.05,11.5,20.03,45.31,13.56,10.22,5.15,9.7,8.23,24.72,13.88,3.31,4.96,46.18,26.41,14.71,36.19,11.28,39.22,26.32,7.78,16.93,70.98,9.85,4.88,,5.92,11.4,9.54,10.69,5.94,35.95,59.21,4.16,40.35,108.1,71.97,7.07,,27.3,13.48
2020-07-09 07:00:00,6.9,24.13,22.88,31.91,40.38,13.31,50.28,10.85,11.24,70.75,5.14,11.37,20.28,45.87,13.49,10.22,5.16,9.68,8.12,24.9,13.91,3.35,5.02,46.26,26.38,14.84,35.91,11.56,39.22,26.41,7.78,17.03,74.78,10.17,5.19,,6.08,11.7,9.57,10.78,6.1,36.26,59.58,4.3,40.35,107.6,71.66,7.18,,27.55,13.5
2020-07-10 07:00:00,7.02,24.69,23.25,31.91,40.47,13.38,49.9,10.99,11.27,71.51,5.1,11.37,20.36,46.55,13.66,10.35,5.31,9.65,8.12,26.36,13.86,3.43,5.06,46.5,26.47,14.8,35.91,11.44,39.14,26.63,7.87,17.06,78.65,10.2,5.23,,6.02,11.7,9.85,10.96,6.1,36.04,59.36,4.39,40.44,108.1,71.97,7.4,,27.35,13.67
2020-07-13 07:00:00,6.96,24.6,23.5,31.67,40.9,13.34,49.53,10.99,11.21,70.75,5.17,11.44,20.32,46.55,13.77,10.44,5.29,9.49,8.29,26.27,14.06,3.43,5.02,46.18,26.25,14.71,35.36,11.65,39.05,26.59,8.01,17.03,79.04,10.31,5.19,,6.19,11.65,9.83,11.22,6.18,36.04,59.06,4.32,40.66,108.0,71.54,7.46,,27.05,13.6
2020-07-14 07:00:00,6.9,24.23,23.05,32.08,40.38,13.34,50.72,10.97,11.24,71.36,5.15,11.24,20.45,46.88,13.66,10.62,5.27,9.46,8.23,26.27,14.0,3.39,4.99,45.69,26.13,15.17,34.8,11.54,39.05,26.19,7.9,17.51,75.58,10.2,5.12,,6.08,11.4,9.54,11.49,6.18,35.82,58.1,4.3,40.57,108.0,70.86,7.18,,26.4,13.5
2020-07-15 07:00:00,6.99,24.41,23.53,31.79,40.73,13.38,50.85,11.13,11.24,70.43,5.28,11.05,20.62,47.47,13.66,10.79,5.29,9.72,8.26,26.27,14.09,3.39,5.03,45.77,26.32,15.47,34.69,11.58,39.22,26.54,7.97,17.57,75.01,10.34,5.15,,6.42,11.65,9.59,11.28,6.17,35.95,59.95,4.32,40.75,108.0,71.97,7.35,,26.5,13.55
2020-07-16 07:00:00,6.99,24.78,23.33,31.44,40.85,13.2,52.73,10.99,11.32,70.13,5.17,11.24,20.56,47.34,14.09,10.66,5.32,9.72,8.16,26.18,14.32,3.39,5.09,45.37,26.66,15.23,34.86,11.72,39.31,26.81,7.93,17.57,73.28,10.41,5.04,,6.34,11.55,9.73,11.46,6.14,36.21,59.8,4.44,40.4,107.8,72.41,7.33,,26.95,13.7
2020-07-17 07:00:00,6.96,24.5,23.36,32.03,40.9,13.16,52.42,10.99,11.38,71.66,5.23,11.21,20.54,47.01,13.91,10.49,5.32,9.89,8.02,27.08,14.7,3.39,5.09,45.94,26.73,15.23,34.58,11.54,39.52,26.72,7.97,17.62,75.58,10.62,5.08,,6.32,11.6,9.78,11.54,6.2,36.13,60.09,4.58,40.66,109.0,72.41,7.33,,27.0,13.55
2020-07-20 07:00:00,7.16,24.5,23.53,32.03,41.24,13.2,53.23,11.04,,70.36,5.14,11.18,20.36,46.36,13.84,10.62,5.35,9.82,8.09,27.3,14.52,3.51,5.09,45.37,26.47,15.86,34.3,11.58,39.73,26.72,7.9,17.35,74.09,10.66,5.12,,6.5,11.65,9.68,11.54,6.24,35.65,59.36,4.58,40.44,108.7,71.97,7.56,,26.7,13.47
2020-07-21 07:00:00,7.07,24.41,23.13,31.55,40.21,12.9,51.41,10.95,,70.66,5.15,11.15,20.11,46.16,13.88,10.7,5.34,9.68,7.91,26.87,14.38,3.47,5.03,44.56,26.28,15.63,34.35,11.49,39.18,26.5,7.81,17.27,73.13,10.52,5.08,,6.36,11.45,9.68,11.59,6.2,35.65,58.47,4.6,40.53,107.4,71.79,7.4,,26.25,13.47
2020-07-22 07:00:00,7.1,24.41,23.13,32.15,39.79,13.27,51.79,10.97,,70.74,5.28,11.15,20.32,46.55,13.84,10.49,5.26,9.75,7.95,27.04,14.38,3.43,5.06,44.31,26.47,15.43,34.69,11.58,39.14,26.32,7.75,17.38,73.01,10.62,5.08,,6.26,11.55,9.73,11.64,6.18,35.65,58.1,4.76,39.99,108.3,71.6,7.43,,26.6,13.6
2020-07-23 07:00:00,7.04,24.23,22.57,31.73,39.19,13.2,49.59,10.76,,71.36,5.28,11.15,20.07,45.71,13.73,10.27,5.21,9.68,7.74,26.78,14.35,3.59,4.99,43.91,26.25,15.66,35.02,11.51,38.21,25.97,7.67,17.27,72.9,10.48,5.0,,6.14,11.35,9.54,11.67,6.13,35.65,57.14,4.79,39.99,107.4,70.86,7.3,,27.0,13.4
2020-07-24 07:00:00,7.02,24.41,22.48,31.43,39.02,13.01,49.72,10.56,,70.2,5.19,11.24,20.07,46.29,13.77,10.13,5.21,9.65,7.53,27.13,14.38,3.55,4.95,43.5,26.1,15.02,35.08,11.51,38.63,26.15,7.59,17.83,71.36,10.41,4.84,,6.04,11.15,9.59,11.28,6.01,35.48,57.51,4.74,39.95,107.5,70.86,7.28,,27.9,13.28
2020-07-27 07:00:00,6.03,22.29,20.31,29.34,34.59,12.57,43.63,9.76,,66.9,4.87,10.66,19.05,41.8,12.39,9.21,4.69,8.98,7.04,24.64,13.57,3.27,4.63,39.62,23.35,14.1,34.91,10.79,35.85,23.26,6.87,16.77,66.38,9.96,4.33,,5.49,10.4,9.02,10.14,5.5,32.84,53.09,4.44,37.28,98.0,66.45,6.52,,26.1,12.5
2020-07-28 07:00:00,6.29,22.38,20.31,28.44,34.51,12.54,43.0,9.69,10.59,69.97,4.75,10.3,18.8,42.97,12.28,8.82,4.66,9.13,6.87,25.32,13.19,3.12,4.63,40.51,23.76,14.17,34.97,11.07,35.68,23.09,6.96,16.98,66.38,9.29,3.93,,5.61,10.2,8.6,9.7,5.53,33.28,52.5,4.16,37.77,97.8,64.53,6.58,,27.0,12.2
2020-07-29 07:00:00,6.55,22.29,20.76,28.8,34.51,12.54,43.0,9.71,10.45,71.51,4.86,10.17,18.8,42.39,12.5,8.77,4.6,9.38,7.04,25.24,13.62,3.35,4.63,40.1,23.35,14.73,35.36,11.49,36.27,23.26,7.1,17.03,67.14,9.57,4.45,,5.69,10.25,8.64,10.01,5.73,32.84,55.52,4.34,37.33,96.0,67.32,6.53,,26.4,12.6
2020-07-30 07:00:00,6.27,23.49,21.16,29.22,34.76,12.83,42.37,9.64,9.84,71.36,4.79,10.76,18.88,44.21,12.74,8.95,4.67,9.21,6.87,25.67,13.68,3.16,4.6,40.43,23.07,14.73,35.41,11.33,35.43,22.82,7.14,17.03,65.61,9.57,4.64,,5.53,10.2,8.6,10.01,5.67,33.53,54.56,4.09,37.11,95.1,67.01,6.58,,25.85,12.38
2020-07-31 07:00:00,6.55,22.57,20.31,29.4,33.65,12.5,42.37,9.62,9.7,71.2,4.75,10.66,18.63,42.0,12.92,8.6,4.57,9.02,6.71,25.67,13.8,3.19,4.57,39.78,22.88,14.17,35.52,11.77,35.26,22.16,7.2,17.03,64.84,9.43,4.56,,5.45,9.9,8.6,9.96,5.62,32.84,55.01,4.09,37.33,95.0,66.39,6.48,,25.3,12.46
2020-08-03 07:00:00,6.38,23.58,20.48,29.4,34.42,12.54,41.93,9.71,9.84,71.13,4.84,10.56,18.84,42.52,12.78,8.77,4.7,9.13,6.69,25.71,13.39,3.19,4.57,40.91,23.41,14.2,35.91,11.3,35.43,23.26,7.22,17.25,65.15,9.22,4.56,,5.49,10.15,8.62,10.25,5.87,32.84,56.78,4.23,37.77,94.5,67.01,6.58,,25.15,12.6
2020-08-04 07:00:00,6.73,24.41,21.44,30.35,37.83,12.94,45.13,10.12,10.66,70.51,5.01,10.79,19.69,44.6,13.45,9.21,4.93,9.76,7.25,26.7,13.74,3.35,4.74,43.1,24.27,14.81,35.86,11.35,36.9,23.71,7.34,17.99,64.84,9.78,4.84,,5.83,10.5,8.93,10.51,5.96,34.57,58.62,4.41,39.42,96.0,68.87,6.91,,26.2,12.9
2020-08-05 07:00:00,6.9,26.16,21.33,30.3,38.6,13.01,46.45,10.12,10.54,74.59,5.11,10.95,19.69,44.34,13.73,9.17,4.88,9.68,7.21,27.21,14.12,3.39,4.77,43.34,24.3,14.84,35.75,11.68,37.28,23.71,7.38,17.75,66.76,9.85,4.96,,5.77,10.5,8.93,10.46,6.1,35.39,58.25,4.44,39.11,97.0,69.18,6.87,,26.05,12.94
2020-08-06 07:00:00,6.96,27.27,21.81,30.83,39.15,12.94,48.08,10.37,10.54,73.82,5.09,10.89,19.9,44.6,14.41,9.26,5.05,10.14,7.35,27.3,14.26,3.35,4.8,44.15,25.09,15.34,35.8,11.77,37.45,24.55,7.52,17.99,68.64,9.88,5.08,,5.87,10.6,9.16,10.54,5.96,35.7,58.25,4.67,39.11,100.0,69.62,7.04,,26.2,13.07
2020-08-07 07:00:00,6.9,25.79,21.58,30.53,38.77,12.76,48.21,10.35,10.57,74.36,5.03,10.76,19.82,45.25,14.34,9.26,5.15,10.1,7.53,29.1,14.35,3.31,4.76,43.75,24.96,15.3,35.8,11.56,37.62,24.64,7.45,18.1,69.83,10.03,5.0,,5.83,10.55,9.12,10.59,6.01,35.87,58.77,4.67,38.93,101.0,71.35,6.99,,26.4,13.11
2020-08-10 07:00:00,6.84,26.71,21.69,31.37,38.34,12.76,49.9,10.58,10.96,74.43,5.03,10.98,20.05,45.77,14.16,9.34,5.17,10.29,7.95,29.15,14.23,3.19,4.8,43.91,24.93,15.73,36.19,11.58,37.62,24.73,7.48,18.58,70.25,9.99,4.92,,5.89,10.55,9.12,10.72,5.93,35.87,58.84,4.53,39.11,100.3,71.97,7.01,,26.5,13.2
2020-08-11 07:00:00,6.93,28.1,21.64,31.43,38.77,12.9,48.4,10.65,10.8,74.36,5.11,10.85,20.09,45.9,14.27,9.87,5.29,10.26,7.95,29.28,14.2,3.39,4.82,44.4,25.18,15.51,36.08,11.63,38.13,24.51,7.63,18.39,69.02,9.85,4.96,,5.91,10.7,9.24,10.88,5.98,35.65,58.91,4.62,39.64,100.0,71.29,7.02,,26.7,13.29
2020-08-12 07:00:00,7.45,28.37,21.78,30.95,38.68,13.16,49.02,10.67,10.66,74.36,5.22,10.89,19.94,45.9,14.76,9.74,5.29,10.22,7.98,28.67,14.15,3.47,4.8,43.99,25.12,15.3,36.03,11.56,38.55,24.24,7.57,18.31,68.49,9.88,4.92,,5.99,10.65,9.19,10.8,5.98,35.48,58.69,4.72,38.88,99.8,71.04,7.04,,26.5,13.2
2020-08-13 07:00:00,7.33,27.82,22.29,30.95,38.77,13.05,48.84,10.9,10.62,73.36,5.14,10.98,20.2,46.55,14.76,9.74,5.33,10.31,7.91,28.84,14.09,3.47,4.93,43.91,25.27,15.34,35.52,11.61,39.22,24.33,7.68,18.58,69.33,9.88,5.0,,5.97,10.75,9.33,10.88,6.04,35.82,58.62,4.81,39.33,100.7,71.97,7.1,,26.4,13.3
2020-08-14 07:00:00,7.36,27.54,22.2,31.13,40.0,12.94,49.59,10.83,10.53,74.97,5.29,10.92,20.36,46.88,14.8,9.65,5.41,10.31,7.91,28.84,14.23,3.43,4.92,44.07,26.0,15.51,35.69,11.77,38.97,24.82,7.9,18.68,70.21,9.88,5.0,,6.02,10.85,9.35,10.78,5.98,35.87,58.18,4.86,39.11,101.6,72.35,7.09,,26.85,13.32
2020-08-17 07:00:00,7.3,27.08,21.95,30.95,39.02,12.79,49.09,10.65,10.63,73.82,5.18,10.92,20.28,46.88,14.51,9.56,5.46,10.12,7.74,27.39,14.26,3.43,4.99,43.26,26.22,15.34,35.08,12.19,39.01,24.99,7.9,18.58,70.6,9.71,4.88,,5.93,10.7,9.33,10.64,5.9,35.44,58.25,4.79,38.66,100.6,72.6,6.91,,26.65,13.27
2020-08-18 07:00:00,7.51,28.1,22.0,32.81,38.77,12.87,50.47,10.76,10.57,73.74,5.22,10.92,20.32,47.53,15.08,9.61,5.5,10.26,7.95,28.76,14.23,3.47,4.98,42.94,25.87,15.37,35.19,12.56,39.01,24.77,7.78,18.55,70.6,9.78,4.88,,5.89,10.65,9.5,10.51,6.04,35.57,58.77,4.81,38.8,100.0,72.6,6.97,,26.4,13.27
2020-08-19 07:00:00,7.42,28.0,21.67,32.33,38.0,13.2,50.22,10.62,10.52,73.59,5.29,10.85,20.28,46.88,15.5,9.83,5.43,10.18,8.09,28.59,14.39,3.51,4.95,42.45,25.65,15.3,35.13,12.42,38.84,24.42,7.82,18.87,69.29,9.99,4.88,,5.83,10.8,9.5,10.51,6.04,35.57,58.62,4.88,38.44,99.8,71.97,6.94,,26.2,13.28
2020-08-20 07:00:00,7.73,,21.78,32.33,38.77,13.12,50.09,10.72,11.06,74.2,5.31,10.85,20.28,46.82,15.93,10.09,5.38,10.2,8.05,28.89,14.42,3.55,4.96,42.69,25.81,15.55,35.08,12.28,39.64,24.68,8.05,18.76,69.29,9.96,5.31,,5.91,10.75,9.54,10.64,5.93,35.87,58.99,4.88,38.48,99.9,71.54,6.97,,26.35,13.25
2020-08-21 07:00:00,7.8,,21.67,33.11,38.6,13.05,49.09,10.76,11.06,74.2,5.35,10.89,20.43,46.36,15.96,10.27,5.33,10.14,8.02,30.48,14.45,3.51,4.96,42.13,25.81,15.51,34.8,12.35,39.1,24.82,7.93,18.87,69.06,9.85,5.27,,5.87,10.7,9.5,10.54,6.13,35.87,58.99,4.88,38.22,99.7,71.66,7.02,,26.45,13.2
2020-08-24 07:00:00,7.95,,22.29,34.73,39.62,13.2,49.53,11.31,11.12,76.12,5.85,10.95,20.74,47.01,16.28,10.53,5.39,10.31,8.29,31.68,14.85,3.55,5.06,42.78,26.25,16.15,35.08,12.82,39.56,25.7,8.01,19.06,69.1,9.92,5.15,,6.04,11.1,9.8,10.64,6.41,35.87,58.99,4.93,38.44,99.7,72.28,7.28,,26.7,13.33
2020-08-25 07:00:00,7.88,,22.51,34.61,40.47,13.53,50.22,11.24,12.64,83.74,5.88,10.92,21.02,47.66,16.57,10.53,5.58,10.47,8.26,31.08,14.85,3.67,5.21,43.75,26.66,16.15,34.63,12.61,41.33,26.15,7.97,19.16,70.21,10.1,5.39,,6.16,11.3,9.92,10.75,6.35,36.26,58.99,5.04,39.55,100.1,72.6,7.59,,27.0,13.58
2020-08-26 07:00:00,7.92,,22.29,34.19,40.38,13.31,51.16,11.22,13.41,80.74,5.75,10.92,21.1,48.18,16.39,10.22,5.54,10.31,8.16,31.59,15.26,3.63,5.24,43.42,27.55,15.9,34.8,12.7,42.51,26.41,7.9,19.64,71.75,10.41,5.35,,6.12,11.25,10.01,10.96,6.38,36.26,58.69,5.09,40.35,99.8,73.22,7.44,,26.95,13.78
2020-08-27 07:00:00,7.95,,22.17,34.13,40.55,13.49,50.28,11.27,12.79,81.05,5.92,10.98,20.87,47.79,16.57,10.49,5.58,10.18,8.09,31.95,15.07,3.55,5.21,43.34,27.55,16.19,34.8,13.05,43.36,25.92,7.97,19.4,70.67,10.34,5.27,,6.12,11.25,9.97,11.06,6.35,36.08,58.55,5.18,40.04,100.5,72.91,7.46,,27.2,13.68
2020-08-28 07:00:00,8.1,,22.29,34.13,40.64,14.0,50.82,11.4,12.92,80.74,5.96,11.02,21.71,48.18,16.46,10.84,5.58,10.31,8.19,32.31,15.19,3.63,5.24,43.67,28.43,16.29,34.86,13.69,44.54,26.37,7.97,19.48,71.17,10.31,5.35,,6.2,11.4,10.06,11.22,6.35,36.13,58.25,5.3,40.57,99.8,73.09,7.59,,27.2,13.79
2020-08-31 07:00:00,8.03,30.95,22.91,33.83,41.11,13.89,50.56,11.77,12.92,79.58,5.83,11.37,21.58,48.44,16.28,10.62,5.58,10.18,8.02,32.31,15.19,3.63,5.24,44.56,29.28,16.22,34.91,13.69,43.95,26.94,8.01,19.62,70.94,10.2,5.51,,6.16,11.5,10.2,11.2,6.35,36.3,57.88,5.28,39.99,101.0,74.64,7.75,,27.6,13.85
2020-09-01 07:00:00,7.95,33.12,22.85,33.41,42.43,13.6,49.58,11.77,12.61,81.05,6.1,11.11,21.41,48.25,15.96,10.35,5.6,10.33,7.88,31.86,15.1,3.59,5.25,44.56,29.47,15.94,35.02,13.31,44.71,26.77,7.93,18.76,74.43,10.1,5.59,,6.04,11.2,10.06,10.78,6.44,35.87,57.73,5.14,40.08,103.7,75.08,7.59,,27.0,13.8
2020-09-03 07:00:00,7.92,35.42,23.42,34.07,43.88,13.64,49.38,12.07,12.76,79.97,6.16,11.18,21.8,49.48,16.8,10.7,5.74,10.52,8.36,31.68,15.22,3.59,5.3,44.88,29.6,16.22,35.02,13.62,44.97,27.16,7.97,19.75,73.63,10.27,5.55,,6.24,11.4,10.27,11.06,6.64,36.17,58.32,5.18,41.55,106.6,76.63,7.71,,27.6,14.0
2020-09-04 07:00:00,7.88,37.86,23.3,33.23,43.03,13.49,48.6,11.72,12.82,80.74,5.88,11.05,21.41,48.25,16.51,10.44,5.88,10.37,8.19,31.41,15.38,3.63,5.19,44.07,29.38,16.01,35.19,13.45,43.85,26.63,8.13,19.7,73.67,10.1,5.55,,6.1,11.25,10.25,10.72,6.61,36.73,58.4,5.37,42.0,105.5,76.75,7.56,,27.7,14.0
2020-09-07 07:00:00,7.92,40.48,23.81,34.13,43.88,13.49,49.64,11.95,12.92,78.43,5.94,11.11,21.6,48.44,16.62,10.44,5.94,10.52,8.26,30.96,15.47,3.63,5.28,45.85,29.66,16.29,34.74,14.25,44.28,26.9,8.21,19.86,74.43,10.17,5.51,,6.3,11.4,10.32,11.06,6.57,36.6,59.21,5.3,41.77,108.0,77.56,7.71,,28.6,14.1
2020-09-08 07:00:00,7.8,43.3,23.02,32.93,42.17,13.27,48.73,11.56,13.08,76.89,5.97,10.98,21.08,46.88,16.14,10.57,5.78,10.35,8.09,31.05,15.07,3.55,5.18,44.31,28.71,16.08,34.69,15.88,44.28,26.15,7.93,19.64,73.78,9.82,5.43,,6.28,11.25,10.09,10.99,6.47,36.13,58.4,5.23,40.71,107.0,78.12,7.36,,27.7,14.0
2020-09-09 07:00:00,7.73,46.24,22.68,33.11,41.75,13.12,47.42,11.5,12.95,80.58,5.97,11.05,21.04,46.23,16.14,10.7,5.72,10.26,8.02,31.32,14.88,3.55,5.12,43.83,29.03,16.19,34.8,15.41,43.68,26.15,7.82,19.54,73.24,9.82,5.39,,6.3,11.15,9.97,10.75,6.47,35.44,57.51,5.16,40.17,106.0,76.01,7.33,,27.9,13.9
2020-09-10 07:00:00,7.84,44.22,23.19,33.95,42.17,13.23,48.08,11.63,13.58,79.97,6.33,10.92,21.41,47.21,16.76,11.01,5.81,10.39,8.54,32.31,15.13,3.59,5.21,44.88,29.66,16.29,35.08,15.81,43.93,26.41,7.93,19.86,73.67,9.92,5.47,,6.48,11.35,10.06,10.88,6.54,35.87,58.25,5.25,40.44,106.0,77.56,7.48,,28.5,13.8
2020-09-11 07:00:00,7.84,40.53,22.85,33.53,40.3,13.12,48.08,11.52,13.18,77.66,6.2,10.92,21.19,46.69,17.39,11.14,5.94,10.33,8.26,32.13,14.85,3.59,5.18,44.23,29.63,16.58,34.97,16.39,43.07,26.41,7.9,20.76,72.52,9.88,5.47,,6.44,11.15,10.04,11.09,6.58,35.48,57.59,5.23,39.99,106.0,77.06,7.4,,28.4,13.8
2020-09-14 07:00:00,7.8,38.69,22.88,33.65,40.64,13.2,48.27,11.91,13.35,80.35,6.29,10.95,21.3,46.88,17.54,11.23,6.1,10.31,8.33,32.04,15.01,3.59,5.24,44.56,29.6,16.79,35.08,17.28,42.9,26.59,7.9,20.76,72.52,9.85,5.74,,6.44,11.2,10.06,11.12,6.58,35.78,57.29,5.25,40.57,106.0,77.19,7.46,,28.5,13.87
2020-09-15 07:00:00,7.95,38.69,22.96,34.73,41.41,13.27,47.69,11.75,13.49,78.58,6.4,11.05,21.41,47.01,17.39,11.14,5.98,10.41,9.06,31.77,15.19,3.83,5.28,45.04,29.35,17.25,35.64,17.31,42.82,26.59,7.9,20.92,72.52,9.88,5.74,,6.42,11.35,10.16,10.99,6.52,35.87,57.44,5.28,41.42,107.5,77.06,7.56,,28.7,13.9
2020-09-16 07:00:00,7.95,39.75,23.08,35.92,40.9,13.31,47.62,11.66,13.25,80.74,6.29,10.98,21.62,47.14,17.36,10.97,5.92,10.41,9.06,31.73,15.19,3.9,5.25,44.88,29.31,16.97,35.52,17.52,42.73,26.94,8.01,20.73,73.28,9.82,5.7,,6.42,11.65,10.09,10.88,6.52,35.7,56.48,5.53,42.17,106.9,77.56,7.49,,28.9,13.97
2020-09-17 07:00:00,7.99,38.6,22.96,35.32,40.9,13.56,47.62,11.59,13.28,81.51,6.25,10.92,21.75,47.21,17.47,11.14,5.91,10.41,9.58,31.86,15.13,3.9,5.25,44.48,29.85,16.86,35.41,17.66,43.85,26.99,8.01,20.76,72.21,9.85,5.63,,6.48,11.55,10.11,10.83,6.51,35.65,56.92,5.49,41.37,106.9,76.94,7.48,,28.7,14.0
2020-09-18 07:00:00,8.07,38.41,22.91,35.92,41.45,13.71,47.75,11.68,13.13,82.58,6.22,10.92,21.67,47.01,17.39,11.19,5.86,10.75,9.38,33.21,14.98,3.98,5.3,43.75,29.72,16.9,35.3,17.56,42.99,26.5,7.93,21.4,72.21,10.06,5.66,,6.5,11.45,10.11,10.8,6.51,35.61,56.78,5.49,42.22,105.3,77.31,7.46,,28.25,14.04
2020-09-21 07:00:00,8.18,38.23,23.25,37.12,41.71,13.67,48.08,11.91,13.38,81.2,6.25,11.02,22.18,47.47,17.8,11.23,5.97,10.9,10.07,32.85,15.1,4.1,5.53,44.07,30.13,16.58,35.58,17.82,43.76,26.77,7.97,21.45,72.63,10.1,5.74,,6.68,11.8,10.39,10.96,6.81,35.91,56.85,5.84,41.77,106.0,78.43,7.66,,28.85,14.3
2020-09-22 07:00:00,8.25,38.23,22.96,36.46,41.79,13.49,47.95,11.72,13.17,80.74,6.01,11.08,21.97,47.21,17.43,11.37,6.08,10.73,9.62,32.58,15.1,4.22,5.54,44.15,31.05,16.65,35.75,18.68,43.59,27.03,7.93,21.32,73.28,10.1,5.9,,6.64,11.75,10.49,10.85,6.69,35.87,56.85,5.88,42.66,106.5,80.72,7.53,,28.6,14.18
2020-09-23 07:00:00,8.37,38.37,23.02,36.34,42.51,13.56,47.49,11.88,13.22,80.35,6.14,11.08,22.18,47.21,17.47,11.32,6.14,10.79,10.0,32.94,15.32,4.26,5.62,44.23,31.52,16.72,35.36,18.96,43.33,26.94,7.97,21.56,73.55,10.13,6.1,,6.73,12.7,10.56,11.06,6.78,36.39,56.78,5.86,42.22,106.7,80.6,7.64,,28.7,14.3
2020-09-24 07:00:00,8.4,37.95,23.25,35.86,42.17,13.45,47.69,12.0,13.08,82.28,6.12,11.08,21.92,47.34,17.54,11.04,6.14,10.81,9.79,33.39,15.22,4.18,5.63,44.64,31.84,16.82,35.41,18.59,44.45,27.83,8.21,21.32,72.9,10.1,6.1,,6.75,12.6,10.51,10.85,6.72,36.34,57.14,6.0,41.68,106.1,79.54,7.69,,29.1,14.38
2020-09-25 07:00:00,8.33,37.86,23.13,36.4,42.0,13.34,47.62,11.95,13.26,77.35,6.2,11.18,21.92,47.86,17.8,11.14,6.15,10.85,10.46,33.84,15.16,4.18,5.73,44.56,31.9,16.68,35.41,18.73,44.28,27.7,8.13,21.56,71.82,10.2,6.06,,6.75,12.45,10.61,10.83,6.75,37.21,56.85,5.98,42.0,105.8,79.3,7.66,,28.6,14.3
2020-09-28 07:00:00,8.33,36.11,23.16,36.52,42.43,13.23,46.71,12.09,14.0,79.97,6.23,11.08,22.01,47.6,17.8,11.09,6.28,10.85,10.63,33.66,15.01,4.3,5.75,44.31,32.06,16.72,35.41,18.03,44.45,27.48,8.05,21.56,71.75,10.76,6.1,,6.73,13.7,10.56,10.91,6.67,37.08,57.0,6.19,41.33,105.7,79.42,7.59,,28.4,14.3
2020-09-29 07:00:00,8.52,37.58,23.42,36.52,42.39,13.27,45.01,12.55,14.07,81.58,6.59,11.18,22.23,47.01,17.58,11.32,6.24,11.13,11.22,33.21,15.01,4.46,5.82,44.48,33.07,16.65,35.41,18.78,44.02,27.7,8.09,21.48,72.13,10.69,6.14,,6.95,13.8,10.82,11.49,6.75,37.16,56.55,6.42,41.77,105.4,83.16,7.82,,27.9,14.49
2020-09-30 07:00:00,8.4,36.66,22.96,35.92,40.9,13.23,43.71,12.18,13.74,81.43,6.44,10.98,21.71,46.55,17.32,11.18,6.22,11.08,10.66,32.76,15.1,4.46,5.72,43.42,32.97,16.43,35.36,18.22,43.5,27.03,8.01,21.24,70.98,10.34,5.98,,6.81,13.3,10.65,11.09,6.67,36.73,55.52,6.44,40.66,103.8,83.16,7.72,,27.45,14.49
2020-10-01 07:00:00,8.37,36.85,23.02,37.0,41.49,13.34,45.14,12.3,14.0,81.12,6.62,11.02,21.71,46.55,17.76,11.51,6.35,11.19,11.08,32.85,15.07,4.5,5.79,44.31,32.91,16.43,35.58,18.03,43.85,27.08,8.13,21.4,70.33,10.41,6.06,,6.95,14.0,10.7,11.25,6.67,36.78,56.26,6.47,40.84,104.7,82.4,7.79,,27.8,14.52
2020-10-02 07:00:00,8.4,37.31,23.13,37.06,41.83,13.45,44.75,12.41,13.74,80.66,6.59,11.05,21.97,47.14,17.87,11.37,6.43,11.38,11.08,33.07,15.1,4.69,5.79,44.48,33.13,16.43,35.52,18.57,43.5,27.39,8.17,22.25,70.56,11.26,6.06,,7.27,13.75,10.82,11.06,7.06,36.65,56.78,6.77,41.11,105.5,82.78,7.87,,27.8,14.55
2020-10-05 07:00:00,8.63,36.43,23.13,37.12,41.24,14.08,44.68,12.6,13.87,81.43,6.47,11.18,21.8,46.82,17.95,11.37,6.4,11.3,10.87,33.48,15.04,4.69,5.84,44.23,32.82,16.43,35.36,18.26,43.5,27.03,8.57,21.93,71.36,11.4,6.06,,7.34,13.65,10.65,11.3,7.09,36.52,56.04,6.82,41.77,105.0,81.65,7.85,,27.4,14.32
2020-10-06 07:00:00,8.85,37.22,22.88,37.12,41.32,14.0,43.38,12.64,14.07,80.05,6.46,11.37,21.97,47.4,18.73,12.15,6.39,11.55,10.87,33.07,15.47,4.69,5.99,45.69,33.13,16.75,35.3,18.08,43.68,27.39,8.64,22.36,71.06,11.43,6.18,,7.42,13.75,10.72,11.17,7.12,36.21,56.04,7.12,41.46,104.8,81.12,7.93,,27.4,14.58
2020-10-07 07:00:00,9.0,37.12,22.79,36.2,41.45,13.93,41.29,12.41,13.9,80.81,6.29,11.34,21.71,47.21,18.28,11.69,6.3,11.82,10.91,32.98,15.44,4.65,5.93,46.99,33.2,16.72,35.3,18.31,42.99,26.99,8.45,21.93,71.48,11.26,6.06,,7.32,14.05,10.53,11.14,7.08,36.13,56.11,7.7,40.66,104.3,80.74,7.87,,27.5,14.61
2020-10-08 07:00:00,8.7,37.12,22.91,36.01,42.86,14.08,39.47,12.46,13.87,81.51,6.34,11.31,21.84,48.77,18.13,11.83,6.33,11.78,11.15,32.58,15.26,4.57,5.98,49.82,34.08,16.65,35.25,18.12,42.99,27.12,8.41,22.01,72.9,11.68,6.1,,7.32,13.8,10.35,11.2,7.06,36.95,56.78,7.82,40.88,104.0,81.57,7.74,,28.0,14.65
2020-10-09 07:00:00,8.7,36.85,22.74,35.76,42.3,13.93,40.51,12.46,13.94,79.51,6.53,11.18,22.06,48.83,17.99,12.33,6.34,11.86,11.05,32.76,15.04,4.54,5.89,51.44,34.71,16.72,34.41,18.08,42.82,27.92,8.37,22.06,72.52,11.54,6.06,,7.32,13.6,10.16,11.04,6.98,36.52,56.48,7.7,41.02,104.0,80.89,7.64,,27.65,14.6
2020-10-12 07:00:00,8.89,36.75,23.47,35.76,42.68,14.08,40.44,13.53,14.23,80.58,6.55,11.18,22.01,48.38,18.13,12.61,6.33,12.05,11.05,32.67,15.07,4.61,5.89,55.09,34.39,16.58,35.02,18.31,42.82,28.1,8.37,22.57,74.43,11.64,6.14,,7.4,13.7,10.25,11.33,7.12,37.16,56.92,7.7,41.6,104.4,80.74,7.72,,27.8,14.63
2020-10-13 07:00:00,8.78,36.85,23.13,34.5,45.58,13.86,42.08,13.28,13.85,81.2,6.36,11.11,22.01,48.9,17.73,12.52,6.26,11.86,10.94,32.18,14.88,4.57,5.88,56.71,33.92,16.43,34.74,18.01,42.39,27.48,8.21,22.2,73.24,11.47,6.14,,7.25,13.3,10.04,11.04,7.03,37.16,57.44,7.61,41.73,105.3,80.89,7.62,,27.3,14.64
2020-10-14 07:00:00,8.82,35.92,23.58,34.69,46.01,13.75,40.77,14.06,14.05,79.97,6.33,11.37,21.97,49.16,17.69,12.89,6.17,11.76,10.73,31.82,14.7,4.61,5.81,60.52,33.48,16.47,34.63,17.94,42.43,27.65,8.13,22.09,70.6,11.5,6.06,,7.15,13.5,10.2,10.96,7.08,37.51,57.81,7.45,41.82,105.0,80.97,7.66,,27.2,14.72
2020-10-15 07:00:00,9.0,36.02,24.52,33.88,46.01,13.67,39.79,13.83,13.94,80.35,6.25,11.41,22.14,49.48,17.62,12.75,6.28,12.62,10.66,32.22,14.85,4.69,5.91,64.81,34.39,16.43,34.69,18.31,42.9,28.01,8.05,21.82,73.28,11.19,6.14,,7.44,13.6,11.08,11.12,7.11,38.12,58.03,7.35,42.26,104.5,81.5,7.87,,27.5,14.99
2020-10-16 07:00:00,9.19,35.65,23.84,34.5,45.92,13.53,37.84,13.97,13.77,80.28,6.31,11.44,22.14,48.83,17.43,12.52,6.33,12.28,10.53,32.49,14.82,5.09,5.93,65.62,34.55,16.43,34.74,18.15,42.64,28.8,8.05,22.25,73.09,11.12,6.41,,7.36,13.85,10.82,11.01,7.02,38.24,57.44,7.47,43.6,105.8,81.27,7.84,,27.8,15.06
2020-10-19 07:00:00,9.38,36.75,23.95,34.38,46.94,13.56,35.55,14.7,13.61,79.97,6.33,11.24,23.18,49.16,17.43,13.02,6.4,12.26,10.53,32.31,14.73,4.97,6.01,61.73,34.36,16.33,34.74,17.75,42.99,30.49,8.21,21.93,72.13,11.4,6.37,,7.44,13.8,10.84,10.96,7.11,38.03,56.63,7.82,43.46,105.0,81.19,8.08,,27.5,15.15
2020-10-20 07:00:00,9.53,35.92,23.42,33.56,47.29,13.75,37.84,14.59,13.77,79.2,6.23,11.18,22.96,47.86,17.76,13.62,6.35,12.09,10.21,32.18,14.79,4.97,6.11,66.27,33.92,16.01,34.86,18.22,42.13,29.82,8.09,22.14,72.02,11.61,6.3,,7.46,14.0,10.87,11.01,7.26,37.6,56.11,7.84,43.28,104.5,81.12,7.88,,27.35,15.14
2020-10-21 07:00:00,9.53,35.97,23.92,33.88,46.68,13.78,38.49,14.75,13.58,79.2,6.4,11.28,23.01,47.53,17.54,13.58,6.58,12.39,11.01,32.04,14.88,4.89,6.31,67.24,34.24,16.58,34.63,18.26,42.21,29.69,8.05,22.22,72.52,11.47,6.22,,7.4,14.35,11.43,10.99,7.28,37.94,56.33,7.87,43.46,104.4,80.51,8.15,,27.45,15.3
2020-10-22 07:00:00,9.49,36.66,23.87,33.81,44.43,13.48,37.77,14.2,13.31,79.97,6.27,11.21,22.83,47.08,17.47,12.93,6.51,12.2,10.63,32.09,14.85,4.89,6.23,67.08,33.66,16.33,34.69,18.01,42.13,29.78,8.05,22.3,71.25,11.22,6.26,,7.13,14.35,11.2,10.85,7.09,37.21,56.41,7.84,43.11,103.8,80.74,8.24,,27.8,15.3
2020-10-23 07:00:00,9.68,36.75,24.49,33.62,47.29,13.64,37.84,14.75,13.58,79.89,6.33,11.41,23.44,48.05,17.36,13.16,6.51,12.54,10.8,31.95,14.85,4.89,6.34,68.94,34.88,16.29,34.8,18.1,42.73,30.36,8.21,22.52,71.17,11.19,6.22,,7.36,14.8,11.38,10.78,7.15,37.55,57.51,7.84,44.53,105.0,81.27,8.34,,28.3,15.5
2020-10-26 07:00:00,9.61,36.57,23.98,36.01,48.24,13.6,37.7,14.61,13.97,80.35,6.38,11.37,23.31,47.92,17.69,13.44,6.51,13.04,10.73,32.13,15.16,,6.28,68.62,35.2,16.01,34.63,17.94,42.56,30.44,8.13,22.36,71.36,11.26,6.37,,7.27,14.5,11.53,10.8,6.99,37.81,59.36,7.84,48.44,105.3,83.92,8.37,,29.0,15.9
2020-10-27 07:00:00,9.27,36.66,23.13,34.75,46.25,13.17,36.2,13.97,13.64,79.2,6.25,11.15,22.88,47.14,17.32,13.16,6.43,12.87,10.63,31.77,15.26,,6.14,71.29,35.2,15.8,34.52,17.89,42.56,30.8,7.93,22.28,70.98,10.82,6.26,,7.11,14.1,11.24,10.57,6.78,37.16,58.25,7.77,47.55,104.5,83.16,7.98,,27.7,15.74
2020-10-28 07:00:00,9.15,36.8,22.85,34.25,45.38,12.94,36.27,13.97,13.44,78.82,6.22,11.08,22.49,46.88,17.25,12.93,6.3,13.1,10.63,30.87,15.07,,5.93,71.13,34.91,15.66,34.47,19.2,41.96,30.62,7.82,22.3,70.67,10.5,6.14,,6.95,13.3,11.01,10.17,6.68,37.16,56.92,7.54,46.97,104.5,82.4,7.88,,26.8,15.41
2020-10-29 07:00:00,8.85,37.31,21.89,33.88,42.36,12.32,36.14,13.6,13.08,78.43,5.88,11.05,21.8,46.69,15.99,12.43,5.92,12.6,10.28,30.78,14.88,,5.84,67.24,32.83,15.66,34.47,19.66,40.67,29.25,7.54,21.77,70.06,10.5,5.9,,6.71,13.0,10.44,9.88,6.33,36.47,55.67,7.49,44.53,104.0,80.51,7.56,,25.5,14.8
2020-10-30 07:00:00,9.04,36.85,22.0,34.19,43.91,12.86,37.44,13.42,13.23,77.66,5.99,11.21,22.23,46.88,16.69,12.79,6.22,12.96,10.46,30.87,14.88,,5.98,66.59,33.02,16.05,34.41,19.66,41.44,29.91,7.7,21.88,70.9,10.57,5.98,,6.95,13.5,10.44,9.88,6.5,36.13,56.78,,45.11,102.1,80.89,7.69,,26.0,14.9
2020-11-02 07:00:00,9.08,36.85,21.72,34.19,43.65,12.71,36.47,13.42,13.25,78.43,6.1,11.08,22.27,45.9,17.25,13.21,6.22,12.85,10.53,31.05,15.26,,5.99,68.05,33.5,15.87,34.74,19.01,41.7,30.98,7.42,22.01,70.71,10.64,6.1,,6.95,13.4,10.2,9.78,6.5,35.87,56.04,,47.33,101.0,80.89,7.69,,25.45,15.08
2020-11-03 07:00:00,9.19,36.71,22.0,34.38,44.52,12.67,37.12,14.04,13.46,78.97,6.33,11.31,22.44,45.58,17.06,13.48,6.3,13.04,11.22,30.96,15.13,,6.04,68.05,34.56,15.94,34.63,19.01,41.87,32.26,7.58,22.12,71.25,10.64,6.18,,7.01,13.5,10.3,9.49,6.58,37.08,56.19,,47.55,104.9,81.35,7.75,,25.7,15.0
2020-11-04 07:00:00,9.42,36.66,22.23,34.19,44.95,12.86,36.47,13.88,13.74,79.97,6.31,11.24,22.92,46.16,17.1,14.17,6.43,12.91,11.57,31.23,15.1,,6.21,68.05,34.3,15.83,34.52,20.29,41.61,31.46,7.66,22.46,71.36,11.26,6.22,,7.07,13.7,10.56,9.83,6.67,36.73,56.04,,46.35,105.5,81.65,7.82,,25.65,15.18
2020-11-05 07:00:00,9.57,36.34,22.43,34.0,45.47,13.1,36.47,13.97,13.67,76.28,6.27,11.24,22.79,46.88,17.5,14.04,6.47,12.89,11.47,31.41,15.07,,6.18,68.46,34.17,15.9,34.63,19.48,42.04,32.35,7.78,22.14,70.98,11.11,6.26,,7.07,13.65,10.46,9.83,6.71,36.95,56.04,,46.31,105.5,81.65,7.88,,26.1,15.23
2020-11-06 07:00:00,9.34,36.48,22.26,33.62,45.12,12.9,37.64,13.88,13.82,79.2,6.34,11.08,22.66,46.49,17.32,13.71,6.53,12.75,11.33,32.13,15.5,,6.11,71.13,34.24,16.12,34.63,20.47,41.91,32.57,7.71,22.25,70.98,11.15,6.22,,7.01,13.5,10.35,9.91,6.64,36.78,55.82,,47.11,105.7,82.55,7.72,,26.1,15.2
2020-11-09 07:00:00,9.42,36.29,22.26,33.88,45.3,13.06,37.18,14.04,14.0,78.43,6.38,11.08,22.83,46.23,17.39,14.04,6.53,12.96,11.92,32.31,15.32,4.97,6.04,72.91,33.92,16.05,34.63,20.07,41.53,33.02,7.8,22.3,71.13,11.04,6.33,,7.01,13.5,10.32,9.91,6.68,36.73,56.04,,46.71,105.7,82.4,7.72,,25.95,15.2
2020-11-10 07:00:00,9.64,36.2,22.48,34.38,46.59,13.1,38.23,14.29,15.21,78.66,6.53,11.24,23.35,47.92,18.87,14.17,6.66,13.5,12.55,32.58,15.5,4.93,6.14,77.77,34.49,16.15,34.3,20.52,42.9,32.7,8.05,22.62,71.13,11.77,6.69,,7.21,13.95,10.63,9.93,7.01,37.21,58.03,7.96,47.33,113.4,82.48,7.87,,26.6,15.33
2020-11-11 07:00:00,9.49,36.66,22.23,35.26,46.25,12.9,40.12,14.08,14.92,79.2,6.46,11.15,23.09,47.73,18.5,14.54,6.56,13.17,12.13,32.85,15.19,4.69,6.08,75.91,33.98,16.36,34.52,19.97,42.13,32.35,7.9,22.54,70.6,11.37,6.65,,7.23,13.7,10.49,9.8,6.86,36.95,57.44,7.73,46.93,114.0,81.57,7.74,,26.7,15.5
2020-11-12 07:00:00,9.53,36.48,22.29,34.63,46.25,13.25,40.18,14.01,15.11,80.12,6.44,11.24,22.92,47.86,18.61,15.19,6.64,13.17,12.48,32.76,15.13,4.59,6.11,77.37,34.88,16.4,34.47,19.45,42.0,31.86,7.86,22.73,69.75,11.4,6.69,,7.15,13.6,10.44,9.78,6.86,37.03,56.48,7.63,47.02,113.5,81.27,7.74,,26.5,15.53
2020-11-13 07:00:00,9.91,36.11,22.4,34.31,46.68,13.25,40.38,14.29,15.31,79.89,6.51,11.15,23.27,47.6,19.61,15.55,6.69,13.25,12.34,32.62,15.29,4.57,6.28,75.1,35.52,16.47,34.52,19.82,41.53,32.57,7.88,23.58,70.21,11.8,6.88,,7.15,13.7,10.58,9.83,6.91,37.42,56.92,7.73,47.46,112.2,80.89,7.8,,27.05,15.5
2020-11-16 07:00:00,9.94,35.92,22.77,35.07,47.98,13.25,40.77,14.86,15.24,78.82,6.59,11.15,23.35,48.12,19.54,15.6,6.69,13.59,12.58,32.62,15.38,4.83,6.51,72.51,35.77,16.43,34.52,19.65,42.13,32.75,7.93,23.69,71.36,11.77,6.81,,7.32,14.05,11.05,9.8,6.95,37.68,57.96,7.73,47.73,112.8,81.27,8.02,,27.4,15.7
2020-11-17 07:00:00,9.83,35.56,22.57,34.94,46.94,12.94,41.42,14.75,14.98,78.89,6.47,11.15,23.18,47.53,19.84,15.55,6.64,13.67,12.79,32.58,15.07,4.71,6.39,68.05,35.1,16.58,34.47,18.97,41.61,32.35,7.82,23.37,70.64,11.51,6.69,,7.25,13.7,10.87,9.57,6.92,37.08,56.78,7.69,45.77,111.7,81.04,7.87,,27.0,15.35
2020-11-18 07:00:00,10.21,35.47,22.74,36.26,47.29,13.06,41.1,14.88,15.16,78.82,6.49,11.08,23.48,49.22,20.32,16.48,6.64,14.13,13.31,31.91,15.19,4.69,6.56,68.94,35.74,16.65,34.41,19.37,41.78,32.66,7.98,23.5,69.91,11.59,6.81,,7.44,13.85,11.01,9.78,7.01,37.86,57.66,7.63,47.11,113.2,81.65,8.13,,27.2,15.65
2020-11-19 07:00:00,10.24,35.92,22.63,36.38,47.63,13.1,41.29,15.0,15.37,79.2,6.4,11.18,23.48,52.35,20.28,17.49,6.55,14.6,13.1,32.04,15.41,4.71,6.59,67.24,35.68,16.47,34.3,19.22,41.87,33.02,7.94,23.5,70.6,11.88,6.81,,7.54,14.2,11.03,9.83,7.03,37.9,57.14,8.07,46.57,113.3,82.71,8.16,,27.5,15.6
2020-11-20 07:00:00,10.24,35.19,22.96,36.76,49.45,13.21,39.86,15.27,15.31,79.12,6.4,11.05,23.83,53.07,19.84,17.76,6.55,14.85,13.14,31.95,15.35,4.73,6.49,66.19,35.87,16.29,34.35,19.77,43.76,32.79,8.06,23.37,72.9,12.57,6.77,,7.5,14.25,11.1,10.07,7.01,39.33,57.51,7.98,46.44,113.0,83.08,8.29,,27.9,15.82
2020-11-23 07:00:00,10.32,35.28,23.42,37.26,49.01,13.25,40.44,15.2,15.8,78.89,6.33,11.11,23.87,53.46,19.98,17.17,6.69,15.02,12.34,31.95,16.56,4.81,6.44,66.43,35.45,16.29,34.3,21.07,43.59,32.79,8.09,23.69,73.67,12.75,6.73,,7.4,14.25,11.05,10.88,6.99,39.8,58.55,7.93,46.22,118.9,83.92,8.31,,27.65,15.52
2020-11-24 07:00:00,10.24,35.0,23.16,37.14,49.27,13.52,41.42,15.18,15.73,78.89,6.36,11.05,24.17,54.37,20.13,17.03,6.65,15.88,12.51,32.31,16.5,4.81,6.48,67.32,36.44,16.26,34.3,20.95,43.68,34.12,8.14,24.51,73.01,12.68,6.69,,7.64,14.6,11.2,10.93,7.06,39.76,59.73,7.86,46.17,118.9,83.61,8.31,,27.75,16.2
2020-11-25 07:00:00,10.24,35.38,23.13,36.76,48.32,13.37,41.42,15.2,15.68,79.2,6.55,11.15,24.35,54.43,20.72,17.21,6.57,15.48,13.03,32.31,16.46,4.83,6.54,66.43,36.35,16.54,34.24,20.87,43.85,34.34,8.06,25.2,72.59,13.51,6.65,,7.72,14.55,11.31,10.49,7.23,39.97,61.94,7.86,46.26,118.2,82.86,8.47,,28.2,16.0
2020-11-26 07:00:00,10.24,35.01,23.3,36.45,47.63,13.64,41.62,15.11,15.15,80.12,6.46,11.21,24.0,53.72,20.17,17.58,6.56,14.77,12.51,32.4,16.06,4.85,6.43,66.19,35.84,16.4,34.19,20.25,43.25,33.64,8.03,24.49,74.05,13.44,6.73,,7.78,14.35,11.17,10.67,7.09,40.41,61.13,7.86,46.66,119.0,83.84,8.7,,28.0,16.18
2020-11-27 07:00:00,10.32,39.94,24.15,36.57,47.46,13.45,41.88,15.66,15.31,79.51,6.42,11.21,24.17,54.37,20.43,17.76,6.8,14.72,13.03,32.22,16.31,4.85,6.51,67.81,36.16,16.26,33.97,20.27,44.19,33.77,8.11,24.67,74.82,12.93,6.73,,7.78,14.6,11.15,10.85,7.05,40.62,60.98,7.86,47.11,120.2,83.08,8.85,,27.9,16.2
2020-11-30 07:00:00,10.28,40.03,23.95,38.77,48.32,13.48,41.75,15.6,15.41,78.51,6.44,11.18,24.52,54.43,20.95,17.67,7.11,15.25,13.1,32.18,16.74,4.83,6.81,66.51,37.6,16.08,33.91,20.67,44.19,35.36,8.43,26.35,74.82,13.18,6.69,,7.88,14.55,11.31,10.64,7.68,40.49,61.57,7.87,46.75,118.7,83.01,8.86,,27.95,16.24
2020-12-01 07:00:00,10.21,37.98,23.13,38.02,46.42,13.17,41.55,15.11,15.15,78.89,6.29,11.11,23.78,53.39,20.43,16.66,7.03,14.68,12.34,32.27,16.37,4.85,6.69,65.22,36.22,16.08,33.52,20.07,42.99,34.12,8.14,25.79,74.16,12.93,6.61,,7.64,14.45,11.24,9.93,7.61,39.2,60.09,7.64,45.77,116.0,81.12,8.6,,27.8,16.2
2020-12-02 07:00:00,,38.82,23.56,38.58,47.72,13.21,41.55,15.53,15.77,79.58,6.34,11.02,23.78,54.37,21.46,17.21,7.18,14.98,12.69,32.13,16.46,5.05,6.98,67.24,36.83,16.05,33.69,20.82,43.5,34.57,8.22,25.79,75.02,13.4,6.81,,7.88,15.45,11.62,10.54,7.7,39.76,61.35,8.46,46.62,117.5,82.86,9.06,,28.2,16.32
2020-12-03 07:00:00,,37.43,23.44,38.89,48.41,13.33,41.55,15.48,16.19,79.58,6.36,11.18,24.0,54.69,21.91,17.3,7.18,14.95,12.55,32.13,16.62,5.16,7.19,67.49,36.44,16.43,33.63,20.42,44.11,34.12,9.04,25.58,76.26,13.8,6.88,,8.09,15.55,11.86,10.46,7.56,40.41,63.12,9.35,46.66,119.7,82.4,9.03,,28.65,16.45
2020-12-04 07:00:00,,38.73,23.47,38.89,48.93,13.95,40.84,15.57,15.93,79.2,6.4,11.18,23.96,55.34,21.76,17.49,7.11,15.59,13.1,32.35,16.77,5.12,7.01,68.05,36.6,16.65,33.58,21.72,43.76,34.34,9.16,25.28,75.6,13.8,6.81,,8.21,15.7,11.74,10.36,7.51,40.28,62.67,8.99,47.02,118.2,82.78,9.19,,28.4,16.65
2020-12-07 07:00:00,,38.17,23.7,38.77,47.98,14.1,40.44,16.03,15.91,81.28,6.4,11.15,24.17,55.8,21.32,18.87,7.08,15.59,12.97,34.6,16.71,5.05,6.99,70.08,36.28,16.93,33.58,21.62,44.19,34.65,9.28,24.75,78.31,14.09,6.69,,8.27,15.6,11.72,10.38,7.58,39.5,62.31,9.16,47.11,118.4,83.16,9.16,,28.3,16.89
2020-12-08 07:00:00,,37.89,24.43,39.08,48.84,14.07,41.1,15.89,15.98,81.81,6.47,11.15,24.09,56.32,21.58,18.82,7.15,16.07,13.94,34.55,16.87,5.07,6.98,69.75,36.51,16.75,33.63,21.82,44.11,34.97,9.36,24.96,80.29,13.8,6.73,,8.39,15.65,11.9,10.25,7.65,40.19,62.6,9.02,47.02,117.9,83.24,9.29,,28.5,16.85
2020-12-09 07:00:00,10.54,37.24,24.2,40.21,49.79,14.45,45.01,15.8,16.18,82.12,6.71,11.08,24.35,56.0,21.58,18.5,7.34,16.2,14.05,34.1,16.9,5.05,7.18,69.27,36.54,16.72,33.69,21.74,43.76,35.06,9.24,24.75,78.74,13.87,6.92,,9.02,15.9,11.86,10.22,7.63,40.45,62.31,9.22,46.66,118.5,83.16,9.33,,28.25,16.65
2020-12-10 07:00:00,10.81,37.1,24.71,41.4,50.05,14.65,46.19,15.8,16.18,82.2,6.66,11.15,24.65,56.06,21.61,18.78,7.41,16.2,14.08,34.78,17.12,5.16,7.16,69.19,36.8,16.79,34.86,21.77,44.97,35.06,9.36,24.91,78.31,13.87,6.85,,9.22,15.95,12.28,10.09,7.79,41.7,62.97,9.05,47.11,120.3,83.39,9.29,,28.6,17.0
2020-12-11 07:00:00,10.54,37.7,24.77,40.53,49.01,14.26,45.99,15.76,15.93,80.97,6.57,11.08,24.48,55.74,22.65,18.5,7.28,15.99,14.05,34.46,17.55,5.07,7.06,67.97,36.41,16.97,35.47,21.37,45.14,33.94,9.28,25.18,76.8,13.48,6.73,,9.27,15.7,11.95,10.09,7.67,42.0,61.64,8.91,46.62,119.8,84.67,9.17,,28.2,16.72
2020-12-14 07:00:00,10.62,37.15,26.04,41.28,50.14,14.57,46.32,16.17,16.3,80.89,6.66,11.11,24.65,56.06,23.17,19.33,7.28,16.57,14.6,34.46,17.36,5.14,7.21,68.62,36.89,16.75,35.52,21.47,45.82,34.61,9.56,25.5,79.36,13.66,6.81,,9.79,15.95,12.24,10.2,7.73,42.0,62.97,9.02,47.42,122.7,85.28,9.35,,29.1,17.0
2020-12-15 07:00:00,10.58,37.15,26.04,41.28,50.66,14.53,45.86,16.21,16.21,81.35,6.59,11.11,24.87,56.32,23.31,20.71,7.29,16.43,14.64,34.64,17.46,5.12,7.29,68.46,36.86,16.68,35.86,22.32,46.43,34.79,9.6,25.42,79.09,14.38,6.77,,10.08,15.85,12.33,10.14,7.77,42.78,63.78,8.94,48.4,127.0,85.43,9.42,,30.2,17.02
2020-12-16 07:00:00,10.51,39.06,26.01,40.59,50.48,14.92,46.51,16.08,16.25,81.35,6.73,11.11,24.74,56.0,24.72,21.4,7.24,16.32,14.57,34.55,17.36,5.1,7.23,68.05,37.12,16.9,36.69,22.07,46.25,34.48,9.48,25.07,77.15,14.31,6.69,,10.4,16.3,12.49,10.14,7.73,42.57,63.41,8.98,47.46,125.0,84.07,9.24,,30.1,17.0
2020-12-17 07:00:00,10.54,38.36,26.41,40.53,50.48,14.96,46.97,16.21,16.11,79.51,6.66,11.15,24.61,55.48,23.98,21.17,7.31,16.15,14.6,34.74,17.49,5.25,7.38,68.46,36.96,16.65,37.19,22.07,45.91,34.16,9.52,25.02,77.54,14.53,6.77,,10.08,16.5,13.23,10.04,7.89,42.61,63.41,9.13,47.55,127.0,83.92,9.51,,30.05,17.43
2020-12-18 07:00:00,10.67,38.17,26.35,39.77,49.27,14.8,46.64,15.93,16.2,79.2,6.62,11.11,24.43,54.76,23.68,22.92,7.42,16.03,14.78,35.34,16.99,5.2,7.51,68.62,36.32,16.61,36.86,21.92,44.97,33.85,9.77,24.49,76.76,14.53,6.73,,10.32,16.8,13.46,10.12,8.29,41.49,62.45,9.27,46.53,124.4,83.54,9.84,,29.75,17.1
2020-12-21 07:00:00,10.69,38.17,27.08,40.34,49.79,15.03,47.62,16.1,16.33,80.74,6.73,11.18,24.78,55.48,24.42,24.11,7.83,16.41,15.47,35.39,17.12,5.25,7.78,69.69,36.8,16.75,37.08,21.92,46.43,34.52,9.89,25.02,78.24,14.64,6.81,,11.14,17.2,13.94,10.22,8.93,43.09,63.12,9.33,46.88,125.2,83.46,10.46,,30.35,17.59
2020-12-22 07:00:00,10.86,38.08,26.77,40.46,49.36,14.8,46.38,16.31,16.13,80.74,6.81,12.67,24.82,55.67,25.42,26.65,8.16,16.22,15.09,35.39,17.43,5.36,7.81,68.7,37.18,17.64,36.92,23.27,45.74,34.74,9.77,25.07,77.34,15.26,7.0,,11.78,17.0,13.77,10.14,9.31,42.7,64.3,9.42,47.11,125.5,83.84,10.75,,30.3,17.7
2020-12-23 07:00:00,10.81,37.98,26.52,40.15,49.53,15.07,46.97,16.26,16.2,80.74,7.33,13.58,25.21,55.41,24.87,28.49,8.0,16.6,15.58,35.02,17.92,5.64,7.78,67.8,38.43,17.71,37.25,23.87,45.65,35.01,10.09,26.08,77.34,15.62,7.16,,11.93,17.2,13.79,10.41,9.48,42.48,64.44,9.37,46.97,123.6,83.08,10.75,,30.35,17.69
2020-12-24 07:00:00,10.54,40.22,26.29,40.59,51.0,15.58,46.64,16.03,16.37,80.35,7.03,12.22,24.87,55.34,23.54,26.69,7.83,17.08,15.75,34.37,17.8,5.49,7.7,67.88,37.79,17.46,37.31,24.82,45.91,34.83,10.26,25.58,76.76,15.4,7.0,,11.66,16.8,13.65,10.72,9.07,42.65,64.89,9.2,47.55,122.8,83.31,10.43,,30.65,17.84
2020-12-25 07:00:00,10.24,39.57,25.67,39.52,50.92,15.46,48.14,15.84,16.06,80.12,6.71,12.22,24.65,54.56,23.17,25.77,7.59,16.83,15.47,34.51,17.49,5.27,7.61,68.05,37.12,16.97,36.75,24.72,45.4,34.16,9.85,25.15,76.96,14.89,6.81,,11.38,16.5,13.2,10.46,8.86,42.26,63.56,8.99,46.97,123.0,82.25,10.1,,29.9,17.5
2020-12-28 07:00:00,10.62,39.85,26.49,39.9,53.6,15.34,48.27,16.26,16.4,79.2,7.03,12.74,25.04,55.34,24.05,28.03,7.9,17.58,15.58,34.1,17.67,5.51,7.85,68.05,37.95,17.5,36.97,24.37,46.25,35.06,10.18,25.71,76.84,15.26,6.85,,12.88,17.05,14.12,10.59,9.52,42.7,65.26,9.33,47.06,125.9,82.48,10.75,,30.7,17.8
2020-12-29 07:00:00,10.43,39.1,26.69,39.58,54.63,15.42,48.8,15.93,16.3,80.35,6.86,12.02,25.04,56.65,23.5,27.52,7.78,17.35,15.34,34.1,17.61,5.36,7.7,68.87,37.53,16.86,37.36,24.82,47.29,34.83,10.7,25.34,76.41,15.22,6.85,,12.8,16.75,14.01,10.78,9.17,42.7,64.67,9.2,47.15,124.6,82.4,10.51,,30.45,17.67
2020-12-30 07:00:00,10.41,38.73,27.31,39.77,57.75,16.89,52.19,15.96,17.68,79.74,6.94,12.19,25.47,56.71,24.05,27.06,7.72,17.5,15.3,34.33,17.89,5.36,7.65,68.79,37.5,17.36,37.97,25.71,47.2,35.28,10.95,25.39,77.54,15.26,6.77,,12.76,17.0,14.08,10.94,9.17,43.22,66.8,9.33,47.42,125.6,82.55,10.38,,31.7,17.86
2020-12-31 07:00:00,10.47,37.7,27.11,39.33,56.19,16.58,51.54,16.0,17.28,79.66,6.96,12.67,25.12,56.65,24.05,26.51,7.73,17.21,15.09,34.1,17.98,5.36,7.7,68.05,37.53,17.36,37.19,25.41,46.94,36.04,10.87,25.55,77.54,15.22,6.69,,12.8,17.0,14.15,10.88,9.27,42.65,67.25,9.22,48.22,124.5,82.4,10.36,,31.5,17.73
2021-01-04 07:00:00,10.71,38.36,27.4,39.52,57.92,16.62,50.69,16.26,17.38,79.97,6.99,12.51,25.77,57.23,24.42,27.66,7.88,17.67,15.96,34.1,18.29,5.44,7.81,74.61,38.24,17.6,36.58,25.66,47.29,36.4,11.32,26.38,76.96,15.4,6.73,,14.02,17.05,15.12,10.83,9.57,42.7,67.1,9.23,48.22,125.2,82.93,10.72,,31.5,18.5
2021-01-05 07:00:00,10.73,40.03,27.48,40.15,56.62,16.89,49.71,16.44,17.14,80.43,7.07,12.74,25.95,57.3,24.5,27.43,7.86,17.58,16.62,34.37,18.11,5.46,8.06,72.97,38.4,17.46,36.19,25.76,47.29,36.17,11.36,26.62,77.31,15.22,6.77,,13.51,17.55,15.47,10.78,9.66,43.13,67.69,9.27,47.64,125.8,83.09,11.08,,31.65,18.33
2021-01-06 07:00:00,11.14,40.03,27.71,40.78,57.49,17.36,50.16,16.72,17.48,79.97,7.08,12.67,27.29,59.25,25.31,27.34,8.09,17.88,16.9,34.19,18.23,6.07,8.51,73.21,39.36,17.36,36.14,25.46,48.06,36.62,11.68,26.78,76.61,15.87,6.96,,13.9,17.9,15.68,10.88,9.67,43.35,71.23,10.12,48.88,124.9,84.69,11.4,,33.85,18.6
2021-01-07 07:00:00,11.22,40.96,28.0,40.15,57.49,17.17,49.64,17.89,17.38,81.89,7.01,13.32,27.07,59.25,24.94,26.6,8.48,18.15,16.52,34.65,18.67,6.07,8.51,72.39,38.56,17.46,37.03,25.91,47.72,36.26,11.32,26.56,76.88,15.47,7.0,,14.02,18.05,15.94,11.37,9.69,45.31,69.9,9.92,49.06,123.7,83.93,11.26,,33.2,18.7
2021-01-08 07:00:00,11.24,40.96,28.29,38.77,58.61,17.28,49.71,18.35,17.68,83.28,7.14,13.03,27.24,60.36,25.46,26.23,8.88,18.05,16.73,35.99,18.98,6.03,8.75,76.25,38.65,17.64,40.37,25.56,48.23,36.62,11.56,27.41,76.68,15.4,7.51,,14.18,18.8,16.53,11.5,9.86,47.05,70.42,9.84,48.93,125.1,85.07,11.52,,34.3,18.98
2021-01-11 07:00:00,11.44,46.83,27.83,39.52,59.91,17.4,50.88,18.07,17.72,83.04,7.18,13.26,27.63,60.55,25.39,27.29,8.88,18.13,16.9,36.77,18.91,6.11,9.01,76.41,39.04,17.92,42.04,25.66,49.78,37.06,11.48,27.31,77.15,16.02,7.51,,13.86,20.0,16.89,12.5,9.86,45.57,72.26,9.84,50.13,126.5,85.83,11.73,,35.5,19.8
2021-01-12 07:00:00,11.35,50.09,27.68,38.96,58.61,18.21,51.54,17.98,17.68,80.81,7.21,13.26,28.11,60.75,25.5,27.06,8.71,18.17,16.8,36.4,20.28,5.98,8.8,77.15,40.38,18.42,42.04,25.71,49.35,37.02,12.01,27.25,79.36,16.71,7.44,,13.49,19.9,16.53,13.36,9.81,46.01,77.27,9.58,51.55,131.4,88.89,11.47,,37.3,19.99
2021-01-13 07:00:00,11.37,48.5,28.0,39.84,59.65,19.14,56.04,17.95,17.99,85.74,7.25,13.13,28.5,61.6,27.39,28.07,8.73,19.01,17.77,35.76,20.62,5.96,8.73,77.23,40.38,18.24,41.98,25.61,49.78,37.29,11.88,28.48,80.25,16.82,7.48,,14.02,19.8,16.75,13.36,9.69,46.01,76.68,9.81,50.84,131.7,88.73,11.37,,36.7,19.8
2021-01-14 07:00:00,11.22,47.48,27.83,41.22,60.86,18.29,54.93,18.12,17.89,83.81,7.25,14.23,28.76,60.29,26.57,29.91,8.81,18.8,17.6,36.22,20.15,6.07,8.78,76.41,40.38,17.92,42.09,26.56,48.66,37.29,11.56,28.32,81.41,16.38,7.55,,13.61,19.65,16.7,13.15,9.55,45.75,74.4,9.77,49.55,130.8,87.28,11.73,,36.2,19.59
2021-01-15 07:00:00,11.26,48.5,28.29,40.96,60.68,18.44,54.8,18.35,17.89,83.74,7.31,14.04,28.97,60.55,26.5,29.91,8.81,18.64,17.5,36.22,20.46,6.29,8.98,76.25,40.96,17.71,41.82,27.66,48.32,36.66,11.56,28.48,79.48,16.92,7.55,,14.55,20.5,17.15,14.17,9.69,45.66,74.25,9.98,49.5,131.2,86.6,12.1,,36.7,19.58
2021-01-18 07:00:00,11.39,48.41,28.06,40.21,59.99,18.52,54.21,18.4,17.89,81.2,7.29,14.3,28.97,59.9,26.46,29.64,9.1,18.72,17.77,36.22,21.08,6.55,8.93,77.89,40.89,17.71,40.09,27.51,48.15,37.74,11.8,28.48,77.34,17.43,7.67,,15.02,21.7,17.57,14.06,10.21,45.09,75.21,10.01,49.77,131.9,87.13,12.14,,37.0,20.1
2021-01-19 07:00:00,11.18,51.67,27.89,39.4,59.3,18.06,55.45,17.89,18.16,81.66,7.44,13.39,28.54,58.99,25.54,30.65,8.81,18.76,17.77,36.22,20.87,6.33,8.75,78.54,40.22,17.75,40.31,27.36,48.58,37.2,12.05,28.69,77.69,18.38,7.32,,14.55,20.35,16.96,14.01,10.04,44.92,73.74,9.84,49.02,132.0,86.45,11.76,,37.05,19.7
2021-01-20 07:00:00,10.51,46.41,25.96,37.2,55.33,17.44,51.21,16.72,17.48,79.2,6.96,12.74,27.11,56.0,23.76,29.45,8.27,17.67,17.18,36.03,19.75,5.98,8.15,75.02,38.72,16.72,39.99,26.51,45.74,35.28,11.44,28.16,74.82,17.29,6.69,,13.9,19.4,16.16,13.12,9.69,43.13,71.52,9.27,45.77,128.4,83.01,11.08,,36.9,18.7
2021-01-21 07:00:00,10.81,48.41,26.16,38.27,55.58,17.98,51.8,16.77,17.38,79.2,7.03,13.13,27.89,56.97,23.46,28.95,8.39,18.03,17.71,35.94,20.53,6.18,8.35,75.02,39.84,17.0,41.34,26.41,46.68,36.17,11.64,28.21,75.72,17.43,6.96,,13.57,19.4,16.65,13.07,9.69,43.17,72.26,9.42,46.66,130.0,83.85,11.4,,36.8,19.29
2021-01-22 07:00:00,10.84,47.57,26.68,38.71,57.05,18.06,52.19,17.16,17.89,81.05,7.12,13.19,28.41,56.97,24.2,29.36,8.42,18.64,18.3,38.34,20.46,6.18,8.58,75.43,40.0,17.28,42.92,26.61,47.29,37.06,11.68,28.53,75.21,17.51,7.0,,13.94,20.0,17.22,13.9,9.79,44.87,73.29,9.64,46.71,131.6,84.08,11.83,,36.6,19.3
2021-01-25 07:00:00,10.62,55.77,25.82,39.4,55.84,18.06,51.86,17.33,18.39,80.35,7.22,13.23,28.89,56.19,23.68,29.04,8.52,18.19,18.47,39.99,21.05,6.2,8.48,77.89,40.73,16.9,44.72,27.66,47.11,37.78,11.52,28.8,75.21,17.11,6.85,,13.49,19.7,16.89,13.69,9.59,44.05,73.37,9.61,46.66,133.6,83.09,11.86,,36.9,19.39
2021-01-26 07:00:00,10.52,54.0,25.45,39.77,55.15,17.75,53.3,16.96,18.46,79.51,7.1,13.06,29.19,55.21,24.05,29.87,8.29,18.34,18.68,37.32,22.08,6.16,8.4,80.51,42.52,17.36,45.34,28.21,46.34,38.85,11.56,29.12,75.17,15.98,6.57,,13.59,19.3,16.77,13.98,9.41,44.66,73.44,9.6,46.57,133.6,82.48,11.57,,37.8,19.36
2021-01-27 07:00:00,10.43,53.9,24.41,38.89,51.18,16.97,50.56,15.89,17.68,78.43,6.64,12.25,28.41,54.24,23.61,26.51,7.85,17.42,17.57,39.07,21.21,5.98,8.28,77.48,42.08,17.43,45.62,27.31,45.22,37.96,10.66,27.68,72.3,14.6,6.45,,12.64,17.8,16.18,12.82,9.0,43.17,70.79,9.27,45.11,130.7,80.88,10.75,,36.0,18.98
2021-01-28 07:00:00,9.76,50.27,22.38,37.95,47.11,16.12,46.06,14.28,16.54,76.12,5.97,10.85,25.95,48.18,21.32,24.07,7.08,15.82,15.23,35.94,19.91,5.46,7.51,69.93,40.16,16.58,45.0,25.22,41.87,34.83,9.73,25.71,69.78,13.37,6.06,,11.28,16.15,14.88,11.53,8.08,40.08,64.52,8.77,41.91,127.3,76.3,9.68,,32.05,17.52
2021-01-29 07:00:00,9.19,46.83,20.94,35.76,44.09,14.76,43.06,13.38,16.42,73.82,5.53,11.05,25.51,47.86,19.84,22.41,6.59,15.56,14.25,33.64,18.79,5.12,7.11,66.0,39.52,15.58,43.09,25.91,39.12,33.49,9.08,24.49,65.91,12.46,5.0,,10.57,15.5,13.98,10.78,7.61,37.25,61.94,8.21,41.11,119.0,73.25,9.19,,29.85,16.0
2021-02-01 07:00:00,10.06,48.88,22.89,38.2,49.19,15.93,46.64,14.77,16.7,79.2,6.07,10.95,27.85,50.01,21.46,22.09,7.31,16.41,16.38,36.12,19.91,5.4,7.68,70.42,41.6,17.36,45.17,27.76,42.13,36.62,9.65,27.04,67.07,13.08,5.7,,11.66,17.0,15.12,11.8,8.79,41.82,69.02,8.99,44.17,125.8,78.59,9.84,,32.0,17.5
2021-02-02 07:00:00,10.0,48.41,22.32,37.64,46.94,15.69,44.36,14.77,16.4,74.66,5.72,11.05,27.29,48.96,19.98,20.99,7.24,16.2,15.47,35.48,18.17,5.12,7.55,67.23,39.36,16.29,45.12,27.16,41.7,34.83,9.36,26.51,69.24,12.2,5.23,,10.85,16.4,15.21,11.05,8.43,40.08,65.62,8.71,44.0,125.3,78.05,10.1,,29.8,17.3
2021-02-03 07:00:00,10.26,51.2,23.01,38.89,48.41,16.0,44.36,16.03,16.87,76.12,5.87,11.31,29.19,51.11,20.8,22.18,7.64,17.33,16.24,36.4,19.22,5.51,7.91,70.1,40.96,16.68,45.4,27.91,42.9,37.29,9.77,28.74,69.4,13.37,5.78,,11.58,17.35,16.3,11.48,8.93,42.65,69.68,9.13,46.66,129.8,81.18,11.08,,32.1,18.25
2021-02-04 07:00:00,10.54,49.81,23.75,39.48,51.78,16.74,46.38,16.17,17.11,77.51,6.12,11.57,30.36,52.74,21.46,23.29,7.83,17.67,16.66,37.69,19.78,5.75,8.11,72.15,40.8,16.93,46.75,29.46,43.85,36.98,10.42,28.9,69.4,13.95,6.14,,12.07,17.9,16.53,12.12,9.31,43.09,71.67,9.56,47.73,131.0,83.7,11.57,,33.1,18.88
2021-02-05 07:00:00,10.58,52.14,23.81,38.89,51.0,16.51,45.86,16.24,17.45,77.2,6.18,11.57,31.57,53.52,22.32,23.42,7.7,17.65,16.73,37.05,20.28,5.77,8.08,73.38,41.12,17.3,46.19,29.51,44.11,37.02,10.26,28.48,70.56,13.87,6.06,,12.11,17.65,16.68,12.07,9.07,43.09,72.92,9.53,46.66,130.8,82.86,11.92,,32.6,18.51
2021-02-08 07:00:00,10.69,54.65,23.98,39.41,52.73,16.2,46.97,16.72,18.26,77.59,6.3,11.6,31.52,53.91,22.94,23.65,7.85,17.88,16.8,39.17,20.46,6.07,8.28,73.46,41.6,17.04,45.06,30.06,45.4,37.47,10.3,28.64,71.26,15.54,6.3,,12.92,18.3,17.15,12.12,9.24,43.13,73.22,9.98,47.91,130.5,83.62,12.06,,32.7,19.49
2021-02-09 07:00:00,10.32,52.04,23.24,38.83,49.62,16.2,44.75,16.0,18.39,75.36,6.07,11.37,30.88,51.76,21.87,22.0,7.7,17.21,16.45,38.24,19.22,6.18,8.01,70.51,40.96,16.63,44.21,30.21,44.28,36.84,10.01,28.74,67.46,15.04,5.9,,12.52,17.5,16.63,11.42,9.14,42.26,70.71,9.67,46.22,125.3,80.34,11.89,,31.2,18.59
2021-02-17 07:00:00,10.81,53.07,23.44,39.22,52.3,16.58,45.34,16.91,18.49,76.89,6.18,11.57,33.0,55.34,23.39,23.06,7.93,17.86,17.18,39.44,20.22,6.46,8.4,73.62,41.76,16.63,45.57,31.26,46.68,37.51,10.3,30.87,69.86,17.0,6.14,,13.21,18.3,17.43,11.64,9.34,42.48,72.26,10.12,47.24,129.5,82.4,12.87,,31.9,19.27
2021-02-18 07:00:00,11.03,54.93,24.21,40.64,53.68,17.51,47.62,17.05,20.25,77.66,6.3,11.7,33.73,57.88,24.42,25.27,8.29,18.26,17.5,41.56,20.84,6.44,8.68,75.43,44.16,16.78,45.23,32.16,48.06,38.85,10.7,31.41,70.36,16.96,6.41,,13.61,18.7,18.19,11.94,9.62,43.13,74.47,10.6,47.77,130.9,82.94,13.33,,33.9,19.8
2021-02-19 07:00:00,10.88,55.86,24.67,40.84,52.73,17.24,47.3,16.86,20.08,77.28,6.64,11.7,33.43,57.3,24.05,25.86,8.19,18.22,17.18,41.28,20.77,6.29,8.65,76.74,44.19,16.86,45.9,31.96,47.8,38.85,10.5,31.14,74.05,16.71,6.18,,13.29,18.4,18.05,12.45,9.59,43.22,75.21,10.34,47.82,131.5,82.25,13.13,,34.4,19.49
2021-02-22 07:00:00,11.82,56.79,25.3,41.42,53.16,17.2,47.62,17.19,19.98,77.12,6.68,11.99,33.12,57.3,24.79,25.96,8.34,18.28,17.67,43.77,21.08,6.4,8.96,77.8,43.84,16.93,45.28,32.36,48.32,38.4,10.62,30.93,72.92,16.6,6.3,,13.47,18.8,18.26,12.56,9.67,43.78,76.39,10.62,48.53,131.9,81.94,13.13,,34.5,19.85
2021-02-23 07:00:00,11.95,56.7,25.1,41.1,52.3,17.28,49.58,17.24,19.61,77.28,6.6,11.89,33.0,58.6,24.57,25.63,8.35,18.17,18.12,45.16,20.9,6.37,8.93,77.48,43.68,16.97,45.51,32.06,49.78,37.96,10.58,30.34,73.66,16.56,6.18,,13.39,18.65,18.33,12.29,9.71,43.57,78.01,10.54,48.08,131.3,82.02,13.36,,34.2,19.8
2021-02-24 07:00:00,11.87,56.79,25.19,40.71,52.65,17.13,49.64,17.4,20.31,77.59,6.68,11.89,32.87,57.95,24.46,27.8,8.48,18.36,18.16,44.6,20.77,6.33,9.23,77.07,43.84,16.97,45.51,31.86,49.87,37.29,10.54,30.24,72.89,16.42,6.41,,13.94,18.95,18.99,12.56,9.69,43.78,78.16,10.47,49.5,134.0,81.64,13.39,,34.5,20.0
2021-02-25 07:00:00,11.82,54.46,24.76,39.74,51.87,16.93,49.19,17.56,21.26,78.35,6.53,11.83,32.91,57.95,24.42,26.88,8.37,18.51,18.02,44.97,20.4,6.24,9.11,75.26,43.2,16.82,45.51,31.31,49.87,37.06,10.42,30.4,72.11,16.2,6.3,,13.7,18.6,18.66,12.18,9.52,43.13,75.95,10.51,48.66,132.0,80.8,12.93,,34.1,19.85
2021-02-26 07:00:00,11.97,53.07,24.56,39.93,50.92,16.39,47.95,17.07,21.6,77.59,6.45,11.57,32.43,56.78,23.98,25.59,8.16,18.38,17.71,44.23,19.72,6.24,8.95,72.64,42.72,16.49,44.78,30.91,49.01,37.91,10.18,29.65,72.11,15.33,6.22,,13.29,18.25,18.09,11.69,9.34,42.39,74.69,10.68,47.2,134.5,79.04,12.61,,33.2,19.69
2021-03-01 07:00:00,12.53,53.53,25.02,40.32,51.61,16.66,48.73,17.56,22.2,77.28,6.51,11.76,33.21,58.8,25.16,27.24,8.26,19.46,18.96,44.7,19.97,6.46,9.36,74.11,43.84,16.71,44.83,31.46,50.12,38.4,10.34,30.18,72.89,15.98,6.26,,13.66,18.6,18.75,11.88,9.69,42.78,75.21,11.52,48.84,135.3,80.49,13.26,,33.7,19.72
2021-03-02 07:00:00,12.53,53.53,25.53,41.49,54.46,17.4,49.77,17.89,22.0,77.51,6.89,12.09,34.12,59.9,25.54,27.52,8.52,19.69,19.8,45.06,20.46,7.03,9.56,76.08,43.36,17.15,44.89,32.11,51.16,37.96,10.74,30.55,73.08,16.71,6.41,,14.43,19.6,19.23,12.39,9.86,43.57,76.68,12.51,48.22,136.7,81.03,13.39,,35.0,20.04
2021-03-03 07:00:00,12.34,53.35,25.27,42.07,53.51,17.05,49.06,17.84,21.83,77.05,7.03,12.25,33.73,59.25,25.28,27.43,8.73,19.58,19.41,45.16,20.46,6.94,9.35,74.52,43.77,16.86,44.55,31.96,50.38,37.96,10.5,30.5,72.46,16.49,6.33,,14.12,19.15,19.06,12.07,10.35,42.83,75.58,12.11,47.37,137.4,79.96,13.28,,34.6,20.03
2021-03-04 07:00:00,12.53,56.79,25.25,42.26,53.51,17.44,48.93,18.12,23.62,76.97,7.12,12.22,33.6,59.38,24.87,27.24,8.78,19.73,19.66,45.16,20.34,6.92,9.35,74.61,43.64,16.86,46.07,32.11,50.3,38.4,10.54,30.66,71.52,16.56,6.33,,14.2,19.05,19.08,12.31,10.31,42.96,75.14,12.14,47.82,136.5,80.27,13.68,,35.9,20.2
2021-03-05 07:00:00,12.04,54.18,24.53,40.84,51.69,17.01,47.36,17.7,23.62,76.89,7.18,12.09,32.65,60.03,23.76,26.05,8.55,19.2,19.27,44.97,19.66,6.61,9.05,72.15,42.33,16.89,45.74,31.21,49.95,37.02,10.54,29.54,69.56,15.98,6.22,,13.41,18.35,18.38,11.75,9.76,42.3,72.56,11.8,47.51,136.4,78.66,13.33,,34.2,19.2
2021-03-08 07:00:00,12.19,56.23,24.9,40.51,51.0,17.9,48.08,17.84,24.23,76.28,7.43,12.02,32.87,61.86,24.54,27.15,8.55,19.6,19.8,46.08,19.53,6.94,9.25,74.11,42.3,16.86,45.23,31.21,50.9,37.42,11.68,29.54,68.98,16.34,6.26,,13.88,19.0,18.66,11.91,9.97,42.26,73.51,12.34,47.33,137.2,78.89,13.65,,35.0,19.8
2021-03-09 07:00:00,11.82,54.0,24.33,39.93,51.0,17.82,47.88,17.61,23.66,76.43,7.22,11.8,32.43,61.73,23.61,25.96,8.44,19.35,19.87,47.0,19.22,6.72,9.08,71.9,41.6,16.71,45.85,31.16,49.87,37.11,11.36,29.49,68.59,15.98,6.26,,13.53,18.5,18.23,11.88,9.76,41.39,71.52,12.09,46.66,135.6,77.14,13.36,,34.1,19.45
2021-03-10 07:00:00,12.04,53.07,24.1,39.74,51.0,18.13,51.67,17.3,23.96,75.82,7.31,11.8,32.82,60.62,23.46,26.51,8.47,19.29,19.69,46.91,19.13,6.81,9.15,71.08,41.28,16.75,46.3,31.76,48.58,37.47,10.95,29.12,67.61,16.42,6.18,,13.33,18.65,18.42,12.18,9.85,41.39,73.37,12.04,46.44,134.9,76.68,13.65,,34.1,19.37
2021-03-11 07:00:00,12.38,54.84,24.5,40.39,52.3,18.41,51.21,17.63,24.03,77.66,7.37,11.96,33.08,60.55,23.76,27.15,8.65,19.31,19.76,46.91,19.97,6.96,9.43,71.98,42.3,17.37,46.86,32.11,48.23,37.74,11.36,29.28,68.78,16.49,6.49,,13.66,19.0,18.75,12.39,9.95,41.74,74.47,12.31,47.11,135.8,78.21,13.85,,34.5,19.72
2021-03-12 07:00:00,12.38,54.93,24.96,40.06,52.56,18.6,50.88,17.82,24.23,78.43,7.41,11.96,33.3,60.55,23.98,27.43,8.65,19.6,19.9,46.91,19.57,6.98,9.48,72.15,42.56,17.37,46.52,33.3,48.32,37.6,11.32,29.54,69.45,16.49,6.81,,13.8,19.4,19.08,12.34,9.92,41.95,73.74,12.18,47.06,135.5,78.59,14.37,,34.35,20.0
2021-03-15 07:00:00,12.38,54.46,24.96,40.39,52.3,18.48,50.75,17.65,24.8,78.82,7.28,12.02,33.12,59.58,23.68,28.44,8.7,19.6,19.8,47.0,19.35,7.16,9.48,72.15,41.95,17.15,46.3,33.65,47.46,38.1,11.19,29.38,69.56,17.36,7.0,,13.61,19.2,18.99,12.18,9.93,41.82,73.66,12.34,47.06,135.0,78.43,14.5,,34.35,20.0
2021-03-16 07:00:00,12.53,54.28,24.67,40.0,51.95,18.44,52.38,17.72,25.48,77.82,7.22,11.99,33.3,59.32,23.68,27.75,8.74,19.6,19.73,47.0,19.47,7.09,9.72,72.8,42.46,17.0,45.85,33.3,49.01,37.83,11.15,29.22,69.17,17.29,7.0,,13.49,18.95,18.94,12.26,9.97,41.82,73.44,12.34,47.11,135.0,77.98,14.6,,34.6,20.0
2021-03-17 07:00:00,12.55,53.07,24.39,39.67,51.69,18.37,51.34,17.54,25.17,77.89,7.22,11.96,35.24,58.86,24.28,27.24,8.78,19.41,19.87,46.81,19.47,7.0,9.56,71.82,42.72,16.97,45.23,33.3,49.18,37.83,11.19,28.69,69.96,17.07,7.28,,13.19,19.0,18.9,12.82,9.83,41.61,72.85,12.23,46.31,134.2,77.06,14.45,,34.9,20.0
2021-03-18 07:00:00,12.72,54.0,25.25,39.87,52.3,18.13,50.88,19.14,25.31,77.66,7.64,12.09,35.03,60.49,24.87,27.61,9.07,19.65,20.01,46.81,19.66,7.16,9.78,72.06,42.72,16.86,45.85,33.55,49.69,37.74,11.48,28.9,70.34,17.14,7.4,,13.49,19.85,19.46,12.93,10.04,41.91,73.37,12.93,46.88,133.5,77.06,14.79,,35.3,20.1
2021-03-19 07:00:00,12.74,53.9,25.82,39.74,52.47,18.21,50.88,18.74,24.8,78.05,7.53,12.48,34.6,58.93,24.42,27.89,8.91,19.6,20.01,46.63,20.03,7.03,9.68,72.97,42.56,16.71,45.51,33.85,48.75,37.87,11.15,28.8,70.34,16.78,7.67,,13.45,19.6,19.6,12.72,10.04,42.3,73.0,12.86,46.93,134.4,77.98,14.73,,34.9,20.3
2021-03-22 07:00:00,12.78,53.72,25.82,39.41,54.46,18.83,50.75,19.02,24.13,77.28,7.45,12.93,34.38,59.25,24.94,28.07,8.86,19.9,20.35,46.72,20.19,7.11,9.75,72.72,42.49,16.78,45.06,33.85,48.4,38.14,10.99,30.13,70.34,16.71,7.71,,13.66,19.7,19.84,12.56,10.0,41.82,72.78,12.93,48.17,131.6,77.59,14.69,,34.7,20.2
2021-03-23 07:00:00,12.59,53.81,25.53,39.09,53.77,18.95,49.58,19.14,23.38,77.28,7.49,12.54,33.95,58.6,25.61,27.34,8.79,19.62,20.01,47.92,19.84,7.09,9.56,72.23,41.92,16.89,45.62,33.81,48.15,37.96,11.07,30.08,68.51,17.0,7.55,,13.57,19.2,19.42,12.5,9.93,42.22,72.7,12.69,47.11,132.0,76.76,14.42,,34.6,20.22
2021-03-24 07:00:00,12.16,53.44,24.67,38.89,52.13,18.29,48.93,18.58,23.42,77.12,7.49,11.8,33.69,57.95,24.72,26.28,8.52,19.37,19.66,47.74,19.29,6.94,9.35,69.85,41.44,16.49,44.95,34.42,48.83,38.01,10.54,28.9,68.39,16.49,7.36,9.97,13.13,18.55,18.8,11.99,9.62,41.39,71.97,12.39,46.88,130.0,75.99,14.29,,33.6,19.95
2021-03-25 07:00:00,12.18,51.2,24.39,38.63,51.61,18.13,48.01,18.35,22.68,77.05,7.43,11.89,33.52,58.67,24.57,26.0,8.32,19.22,19.13,47.55,19.16,6.98,9.25,70.1,41.44,16.41,45.0,34.36,48.23,38.55,10.42,28.74,69.56,16.49,7.08,10.66,12.8,18.6,18.61,11.83,9.41,41.26,71.67,12.31,47.68,128.0,75.53,14.37,,33.4,19.7
2021-03-26 07:00:00,12.01,50.83,24.07,38.38,51.18,18.21,47.36,18.26,22.71,76.89,7.33,12.35,32.95,58.14,23.98,24.85,8.32,19.14,18.96,47.0,18.98,6.9,9.11,70.1,41.12,16.34,44.89,34.03,48.06,37.83,10.18,28.42,67.88,15.62,7.0,11.41,12.46,18.75,18.49,11.69,9.26,41.39,71.15,12.11,48.88,128.3,74.77,14.09,,32.5,19.5
2021-03-29 07:00:00,12.34,54.0,24.39,37.86,51.0,18.6,47.62,18.4,23.12,75.97,7.41,12.35,33.08,58.6,24.35,25.5,8.48,19.56,19.24,47.28,18.73,6.92,9.23,70.1,41.72,16.49,45.06,33.65,48.58,38.33,10.54,28.74,67.61,15.84,7.67,12.2,12.72,19.05,18.75,11.8,9.38,41.48,70.79,12.17,49.99,130.7,74.85,14.17,,32.5,19.7
2021-03-30 07:00:00,12.42,52.14,24.67,38.25,51.87,19.99,47.95,18.72,23.89,76.74,7.49,12.28,33.69,58.27,24.42,25.63,8.52,19.56,19.45,49.58,18.85,7.16,9.43,70.18,41.63,16.41,45.23,33.98,47.8,39.23,10.74,28.9,67.61,16.02,8.38,13.04,12.96,19.25,18.75,12.15,9.52,41.52,70.93,12.37,50.13,131.6,75.99,14.6,,33.05,19.98
2021-03-31 07:00:00,12.57,53.81,24.64,38.05,51.69,19.8,48.14,18.77,23.08,76.59,7.43,12.77,33.34,58.08,25.05,25.96,8.68,19.54,19.45,48.93,18.85,7.55,9.46,72.56,41.4,16.45,45.34,33.92,47.72,38.1,10.58,27.89,68.39,16.02,9.24,13.93,12.88,21.45,18.99,12.29,9.62,41.17,71.15,13.18,52.22,131.5,75.61,14.4,,32.6,20.0
2021-04-01 07:00:00,12.55,54.0,24.67,37.79,51.78,19.84,47.56,18.72,22.78,76.66,7.62,13.55,33.69,58.47,25.05,25.59,8.68,19.77,20.18,48.56,18.91,7.52,9.43,76.16,41.6,16.34,45.34,34.03,47.37,38.1,10.74,28.05,70.34,16.27,10.11,13.91,12.92,21.4,19.13,12.39,9.64,41.48,71.89,13.76,52.66,130.0,75.15,14.55,,32.7,20.1
2021-04-02 07:00:00,12.83,54.0,25.48,38.44,53.16,20.54,48.6,19.28,23.62,77.28,7.87,13.23,34.77,59.45,26.13,26.42,8.83,20.53,20.42,49.67,19.44,7.55,9.88,76.25,43.48,16.67,46.47,34.8,48.66,38.78,11.19,28.74,69.96,16.71,10.58,13.71,14.18,21.9,19.65,13.15,9.86,42.48,73.74,14.02,55.06,133.8,78.21,15.12,,34.2,20.98
2021-04-05 07:00:00,13.24,53.44,26.22,38.89,54.46,20.11,48.01,19.51,23.28,76.43,8.01,13.65,34.77,58.93,25.76,26.14,9.24,20.82,20.28,48.84,19.47,7.65,10.1,77.89,43.52,16.93,48.89,37.88,49.44,39.9,11.27,28.69,73.86,16.78,10.5,13.88,14.22,23.0,19.7,13.15,9.92,43.57,77.42,15.04,55.99,136.0,79.73,15.25,,35.5,20.87
2021-04-06 07:00:00,13.02,52.14,26.05,39.02,52.3,19.49,46.84,19.49,23.28,76.74,7.76,14.69,34.21,58.14,25.16,25.86,9.02,20.74,20.01,48.66,18.91,7.65,10.25,76.25,42.72,16.63,48.16,37.33,47.63,40.04,11.07,28.58,70.15,16.34,9.56,13.86,14.02,22.6,19.58,13.04,9.81,44.44,74.99,14.92,55.24,132.5,78.28,15.13,,34.5,21.2
2021-04-07 07:00:00,12.94,53.53,26.22,38.89,53.25,19.37,46.71,19.98,23.62,76.59,7.85,15.05,34.25,58.54,25.31,25.5,9.02,20.78,19.87,49.21,19.22,7.61,10.52,75.34,42.43,16.52,48.89,37.11,47.72,39.72,10.99,28.05,69.56,16.27,9.76,13.86,14.22,22.3,19.84,13.74,9.74,44.0,74.25,15.06,56.44,133.0,77.06,14.99,,35.1,21.2
2021-04-08 07:00:00,12.89,53.07,26.22,40.19,54.98,19.68,47.69,19.98,24.26,76.28,7.95,14.98,34.68,58.6,26.61,26.05,9.14,20.82,20.53,48.75,19.41,7.59,10.62,77.48,43.04,16.56,49.85,37.66,48.15,39.81,11.4,28.32,69.17,16.49,9.84,13.76,14.51,22.5,20.03,14.04,10.04,44.39,74.1,14.98,57.06,133.5,76.6,15.31,,35.7,21.2
2021-04-09 07:00:00,12.87,53.44,25.65,39.87,53.6,19.37,47.03,19.74,23.59,76.2,7.83,14.82,34.55,57.95,25.91,26.14,9.19,20.74,20.6,48.84,19.84,7.59,10.38,76.08,42.88,16.38,49.62,37.66,48.06,39.72,11.27,28.11,68.31,16.38,9.91,13.36,14.26,22.2,19.7,13.79,10.02,43.35,73.15,14.25,55.46,133.5,76.22,15.22,,35.2,21.2
2021-04-12 07:00:00,12.98,52.23,25.53,39.87,54.29,19.14,46.9,19.79,23.69,76.35,7.87,14.62,35.63,57.95,26.5,26.32,9.17,20.99,21.12,48.75,19.84,7.91,10.55,75.51,42.65,16.41,50.97,37.6,47.72,40.8,11.36,28.53,69.37,16.49,9.99,13.51,14.47,23.0,19.84,14.01,10.07,42.91,73.37,14.25,55.5,132.1,76.3,15.48,,35.0,21.0
2021-04-13 07:00:00,13.26,52.32,25.82,40.0,54.03,19.68,46.25,20.21,23.28,75.97,7.83,15.66,35.46,57.04,26.57,26.14,9.24,21.66,21.09,48.66,19.97,8.26,10.62,75.92,43.26,16.41,54.07,37.38,48.15,41.35,11.64,28.58,68.98,16.38,9.99,13.41,15.0,23.45,20.08,13.9,10.16,43.57,75.87,14.9,61.77,132.4,76.91,16.29,,35.8,21.8
2021-04-14 07:00:00,12.87,52.14,24.96,39.02,51.95,18.99,44.68,19.46,22.95,75.82,7.56,14.95,34.6,56.0,25.31,24.94,9.02,21.08,20.21,48.38,19.47,7.83,10.28,77.56,42.72,16.3,54.41,37.11,47.2,40.67,11.07,28.21,67.77,15.98,9.99,13.36,14.3,22.5,19.42,12.99,10.19,42.39,72.63,14.5,62.22,132.2,76.3,16.29,,35.1,21.69
2021-04-15 07:00:00,13.0,52.97,25.3,38.96,52.9,18.99,45.66,19.93,23.28,75.36,7.72,16.41,35.03,57.17,25.61,25.17,9.1,22.51,21.05,48.66,19.72,8.02,10.43,84.85,43.39,16.27,57.84,36.94,47.8,41.71,11.32,28.05,67.41,16.27,10.19,13.06,14.61,23.0,19.82,13.2,10.26,43.48,75.06,14.73,62.17,132.0,75.99,16.32,,35.3,21.2
2021-04-16 07:00:00,12.68,52.23,24.59,39.28,51.0,18.29,45.01,19.7,23.28,75.12,7.35,16.77,34.51,56.0,25.24,24.39,8.88,22.76,22.03,48.38,19.26,8.09,10.15,81.82,42.24,15.97,57.73,37.05,46.94,41.26,10.83,27.47,66.83,15.8,10.23,13.36,14.08,22.2,19.27,12.88,9.83,42.39,74.62,14.56,62.62,131.7,75.23,16.13,,33.8,21.59
2021-04-19 07:00:00,12.57,52.23,24.1,39.22,50.66,17.82,44.29,19.6,23.28,74.97,7.3,17.09,34.6,56.0,24.65,23.1,8.91,23.22,22.24,48.38,19.6,8.33,10.17,83.21,43.2,15.6,61.39,39.3,45.4,41.48,10.83,27.15,66.05,16.05,10.19,13.53,14.02,22.3,19.27,12.34,9.69,42.26,75.95,14.33,63.15,129.0,73.93,16.13,,33.8,21.5
2021-04-20 07:00:00,12.76,52.97,24.73,38.96,51.61,17.82,44.75,19.81,24.3,74.74,7.28,17.87,35.37,56.97,25.02,24.02,8.99,24.4,22.69,48.01,20.56,8.59,10.25,87.81,44.48,15.49,61.39,41.72,45.57,42.43,10.7,28.05,66.52,15.73,10.66,13.66,14.43,23.0,19.63,12.66,9.85,43.17,79.12,14.76,63.99,129.2,74.01,16.14,,34.2,21.98
2021-04-22 07:00:00,12.53,52.88,24.79,38.89,51.87,17.44,45.14,19.4,23.45,74.59,7.37,17.61,35.46,57.3,24.42,23.06,8.88,23.77,21.92,47.92,21.27,8.54,10.15,85.26,45.6,15.45,60.83,43.53,44.79,42.38,10.46,27.68,66.44,15.26,10.82,13.51,13.66,22.5,19.23,12.12,9.62,44.87,80.37,15.18,63.1,130.5,75.76,16.16,,34.6,22.1
2021-04-23 07:00:00,12.16,48.78,23.52,38.25,50.14,16.35,43.38,18.33,22.68,76.89,7.18,16.22,34.6,55.8,23.68,21.45,8.58,23.35,20.63,47.37,20.46,8.24,9.75,80.51,45.44,15.3,60.44,41.94,43.85,42.34,10.05,26.78,65.58,14.31,10.82,13.61,13.0,21.3,18.78,11.59,9.52,44.87,76.39,14.9,61.68,130.4,74.77,16.05,,32.5,22.0
2021-04-26 07:00:00,12.53,52.14,23.95,38.12,51.09,16.55,44.03,19.19,23.28,79.2,7.39,17.42,35.68,55.74,25.16,22.32,8.78,23.77,21.05,47.83,22.2,8.89,10.12,83.21,47.16,15.56,61.11,45.3,44.71,43.28,10.38,27.84,67.22,15.26,10.62,13.36,13.41,22.9,19.13,12.02,9.69,45.31,77.42,15.04,61.77,130.6,74.01,16.78,,33.0,22.0
2021-04-27 07:00:00,12.38,52.14,23.24,38.12,49.62,15.5,41.1,18.37,23.22,77.59,7.14,16.64,34.77,53.07,24.28,21.81,8.65,23.18,21.05,47.55,21.15,8.98,9.88,77.89,45.6,14.93,64.43,45.36,42.94,41.48,9.85,27.36,66.44,15.11,10.66,12.42,12.88,22.55,18.64,11.59,9.4,42.96,73.44,15.12,58.44,127.5,73.25,17.07,,31.15,21.4
2021-04-28 07:00:00,12.57,52.14,23.15,37.99,49.36,15.96,40.32,18.4,23.15,76.89,7.18,16.57,34.64,53.07,24.61,22.18,8.74,23.68,21.89,47.18,21.33,8.85,9.88,80.35,44.8,14.86,68.49,44.07,41.96,42.2,9.85,26.99,66.36,14.75,10.74,13.26,12.92,23.1,18.66,11.72,9.34,43.13,73.74,14.98,58.7,127.2,73.02,17.43,,31.0,21.2
2021-04-29 07:00:00,12.68,52.14,23.3,38.44,49.62,15.96,41.62,18.58,23.62,76.89,7.33,17.22,34.94,54.04,24.94,23.93,8.76,23.77,22.03,47.0,21.77,9.0,10.18,81.33,44.64,15.16,73.22,43.89,43.42,43.24,10.09,27.15,66.36,14.86,10.74,12.92,13.04,24.25,18.92,11.96,9.5,43.13,74.77,15.43,58.44,126.0,71.49,18.08,,31.9,21.7
2021-05-04 07:00:00,12.76,51.2,22.95,38.38,48.41,15.23,40.77,18.6,23.28,76.74,7.1,17.22,34.6,54.04,24.72,22.83,8.7,24.1,21.75,47.28,21.7,9.02,9.88,80.35,44.32,15.53,74.01,43.03,42.99,43.33,9.73,27.95,65.3,14.24,10.62,12.89,12.92,23.3,19.04,11.5,9.33,43.13,72.26,15.12,58.04,124.9,70.96,18.6,,31.5,22.0
2021-05-05 07:00:00,12.98,52.14,23.93,38.31,48.41,15.65,40.58,20.25,25.38,79.2,7.18,17.09,36.54,55.02,25.16,23.01,8.91,25.24,23.6,47.28,23.01,9.28,10.53,78.62,44.6,15.3,73.78,44.56,43.42,43.74,9.89,27.73,63.12,14.56,10.54,13.06,13.45,24.15,20.97,12.29,9.76,43.17,73.15,15.74,59.37,124.0,69.89,19.39,,31.3,22.2
2021-05-06 07:00:00,13.24,51.67,24.04,38.63,48.67,15.89,41.16,19.98,25.31,80.66,7.3,17.03,35.89,55.87,26.05,23.19,9.56,24.95,23.14,47.18,22.57,9.24,10.58,78.71,45.08,15.3,74.63,44.19,42.56,44.19,10.34,28.48,62.69,14.56,11.42,13.09,13.61,24.55,21.31,12.37,9.85,44.09,73.44,15.46,59.42,124.5,70.19,19.74,,31.95,22.6
2021-05-07 07:00:00,12.94,52.14,23.3,38.44,48.15,15.73,40.64,19.77,26.2,79.22,7.03,16.9,35.76,54.69,25.65,23.29,9.27,24.9,24.08,47.18,22.54,9.02,10.45,77.97,45.12,15.3,76.6,43.89,43.5,43.28,9.93,29.28,60.93,14.38,10.65,13.61,13.21,24.25,22.11,12.18,9.66,43.09,72.63,16.44,58.66,121.0,67.9,20.04,,31.3,22.4
2021-05-10 07:00:00,13.21,49.81,23.24,37.92,46.68,15.23,37.25,20.9,26.51,78.02,6.78,16.25,35.94,54.37,25.16,22.55,9.72,25.58,25.69,47.74,22.45,9.37,10.55,79.85,44.8,15.08,74.91,43.21,43.68,43.06,9.77,29.6,58.62,14.06,10.6,13.61,13.21,23.8,22.06,11.64,10.07,42.13,70.86,16.41,58.66,119.5,66.38,19.87,,30.5,22.4
2021-05-11 07:00:00,13.66,50.74,24.1,37.66,48.93,15.65,37.84,20.79,26.71,79.22,7.01,16.12,37.19,55.8,26.65,23.01,10.05,26.63,27.32,47.09,22.6,9.56,11.08,85.26,44.0,15.01,72.38,42.84,46.0,42.83,10.01,30.18,59.01,13.84,10.39,14.0,14.22,24.45,22.72,11.85,11.07,42.78,73.66,16.86,58.88,119.4,71.34,20.33,,31.9,22.99
2021-05-12 07:00:00,13.34,50.27,24.1,37.73,48.32,16.27,38.42,20.39,26.36,78.58,7.06,16.64,36.76,55.67,26.83,23.47,9.72,25.91,26.07,47.09,22.82,9.3,10.87,83.21,44.0,15.23,71.81,42.6,45.4,42.74,10.01,28.9,59.48,14.67,10.17,13.86,13.82,24.85,22.06,11.91,10.66,42.65,71.89,17.2,57.77,119.0,68.74,20.43,,31.0,23.2
2021-05-13 07:00:00,13.39,50.37,24.39,37.86,48.41,16.27,38.49,20.76,26.67,77.62,7.03,16.48,36.76,56.26,27.57,24.85,9.86,26.25,26.7,47.37,22.94,9.63,10.95,85.02,44.32,14.97,73.22,43.21,45.91,43.24,10.09,29.28,59.21,15.33,10.26,13.86,13.98,26.05,23.12,12.04,11.07,42.35,71.67,17.2,56.88,119.0,69.43,20.69,,31.2,23.09
2021-05-14 07:00:00,13.66,50.74,24.56,38.25,48.32,16.27,37.7,21.83,26.75,75.61,7.18,17.61,36.46,55.41,27.39,24.39,10.05,26.08,26.14,47.18,22.94,10.08,11.15,85.1,44.96,15.16,74.91,43.52,46.6,42.43,10.05,29.28,60.26,15.0,11.38,14.1,14.37,26.6,23.1,11.96,11.01,42.43,71.52,17.2,56.22,117.0,69.51,21.24,,31.1,22.9
2021-05-17 07:00:00,13.88,49.81,24.39,38.51,48.24,16.08,37.77,21.86,25.89,76.66,7.47,18.07,37.1,55.34,26.61,24.21,10.26,25.83,25.51,47.37,23.1,10.15,11.18,89.36,45.92,14.93,75.25,44.13,47.72,43.19,10.01,29.81,60.97,14.53,12.38,14.99,14.63,26.5,23.03,12.39,11.11,42.3,73.37,17.31,55.99,118.0,68.29,21.76,,30.7,23.45
2021-05-18 07:00:00,13.73,49.62,23.93,37.98,47.2,15.65,36.4,21.67,25.66,76.82,7.12,17.22,37.36,53.91,27.76,23.29,10.16,26.29,26.63,47.0,22.39,9.76,10.97,86.9,45.28,14.9,77.73,42.84,46.43,42.79,9.85,29.38,60.38,14.27,12.72,15.88,14.39,25.9,22.53,12.26,11.28,41.52,74.91,17.03,55.1,114.3,66.76,21.44,,30.8,23.32
2021-05-19 07:00:00,13.58,50.18,23.52,37.85,46.68,15.19,35.42,21.74,25.62,76.82,7.08,16.9,37.84,53.39,27.83,22.83,9.98,26.92,27.08,47.0,22.26,9.97,11.25,86.9,45.12,14.71,80.88,42.97,46.86,42.02,9.77,29.28,60.18,14.24,12.64,15.59,14.32,27.3,22.86,11.96,11.11,41.21,73.0,16.86,53.33,113.0,66.99,21.67,,30.0,23.1
2021-05-20 07:00:00,13.73,50.18,23.47,37.85,45.99,15.73,35.88,22.6,26.13,76.82,6.97,17.09,39.27,53.26,28.13,23.29,10.26,27.85,26.63,47.0,22.14,10.23,11.58,89.36,45.02,14.27,80.49,42.97,46.94,42.38,9.52,29.06,59.99,14.27,12.64,15.81,14.69,28.45,23.95,11.77,11.42,41.0,74.03,17.03,53.37,109.4,67.07,21.89,,29.5,23.21
2021-05-21 07:00:00,14.03,49.34,24.1,37.58,45.56,15.34,33.92,22.72,26.05,76.01,6.99,16.9,40.78,52.09,28.72,22.73,10.44,27.81,26.14,47.0,22.7,10.21,11.48,92.23,47.0,14.01,77.9,44.38,46.68,44.64,9.32,31.09,59.01,14.09,12.55,15.71,15.85,29.25,23.62,11.8,11.42,41.95,74.84,17.4,54.66,110.7,67.07,21.76,,29.5,23.7
2021-05-24 07:00:00,14.2,49.34,26.11,37.78,47.29,15.73,34.7,22.67,27.52,75.61,7.14,16.93,40.56,53.13,28.13,24.07,10.41,27.6,26.7,47.46,23.19,10.19,11.62,91.74,46.4,13.86,77.39,46.58,48.66,46.44,9.65,30.87,59.21,14.71,12.77,15.84,15.93,28.85,23.95,12.18,11.42,42.48,77.27,17.23,54.44,112.7,68.67,22.09,,30.45,24.0
2021-05-25 07:00:00,14.07,51.2,26.39,38.38,46.94,15.65,37.77,23.92,27.44,76.01,7.26,16.96,40.43,53.72,28.61,25.68,10.28,27.47,26.49,52.99,23.07,10.19,11.62,91.41,46.72,14.2,76.04,46.58,48.4,45.58,9.77,31.51,60.97,14.38,12.64,16.31,16.18,28.95,24.19,12.5,11.63,42.43,77.57,17.14,54.39,113.5,69.58,21.34,,30.95,24.9
2021-05-26 07:00:00,14.28,49.44,26.8,39.18,47.8,16.12,37.7,23.78,27.68,76.33,7.3,17.45,40.74,53.52,28.5,24.67,10.7,28.35,28.16,53.08,22.88,10.39,12.27,93.46,46.72,14.42,75.47,46.34,48.15,46.76,9.69,31.46,61.67,14.16,12.68,17.27,16.58,29.6,24.38,12.5,12.16,43.52,77.13,17.23,54.22,113.0,68.67,21.7,,31.0,24.2
2021-05-27 07:00:00,14.45,49.81,26.85,38.98,47.89,15.77,37.51,23.97,27.87,75.61,7.22,19.92,41.21,53.2,28.13,25.36,10.77,28.48,27.81,52.34,23.1,11.23,12.52,93.13,46.36,14.34,76.04,45.79,47.29,46.44,9.56,31.46,64.01,14.13,13.03,18.46,16.64,29.55,25.13,12.29,12.39,43.74,78.16,18.27,53.73,113.0,69.74,22.06,,31.2,24.45
2021-05-28 07:00:00,14.33,49.34,26.16,38.45,48.5,15.5,37.84,23.51,27.72,76.01,7.1,20.47,40.65,52.81,28.13,25.77,10.51,28.23,28.54,52.34,24.34,11.62,12.22,90.18,45.56,14.2,76.38,47.38,46.86,45.45,9.48,31.3,62.53,14.02,12.9,18.31,16.22,30.4,24.42,11.85,12.15,43.13,77.42,17.99,53.37,113.0,69.43,21.86,,30.7,24.35
2021-05-31 07:00:00,14.82,48.97,27.43,38.91,47.54,15.58,38.49,23.78,27.87,75.29,7.22,20.34,41.3,53.33,27.98,26.51,10.77,30.17,29.83,52.16,24.15,12.58,12.69,91.82,44.8,14.16,75.47,47.44,46.6,46.17,9.52,31.67,62.14,14.16,13.07,19.3,17.23,32.15,25.13,11.96,12.49,44.0,77.05,18.21,53.24,111.8,70.04,22.35,,30.0,24.48
2021-06-01 07:00:00,15.95,48.78,28.03,38.98,46.77,15.5,40.77,24.85,27.79,75.29,7.28,21.25,44.14,55.28,27.46,26.19,11.1,31.26,30.95,52.07,24.62,13.83,12.89,90.18,44.0,14.05,76.04,47.07,47.29,45.36,9.85,30.98,59.87,14.49,14.45,20.21,18.29,33.5,25.56,11.96,13.36,43.31,75.21,19.67,51.64,109.9,69.05,22.32,,29.2,24.69
2021-06-02 07:00:00,16.0,48.22,27.14,38.38,46.33,15.11,39.79,24.06,27.21,75.37,7.1,20.15,43.74,54.89,27.76,25.77,11.1,31.49,29.9,51.88,24.43,12.58,12.65,88.71,43.52,14.12,76.38,46.22,47.29,45.09,9.89,29.81,59.52,14.24,13.42,20.14,17.48,31.6,24.99,11.72,12.8,45.31,76.32,19.9,53.42,106.2,68.36,22.48,,30.8,25.8
2021-06-03 07:00:00,17.37,47.29,27.43,38.51,46.68,15.34,40.44,24.62,27.91,76.09,7.68,20.34,42.69,57.95,29.2,26.05,11.27,30.92,30.32,53.45,24.43,14.68,13.35,86.58,44.73,14.16,78.85,47.14,48.06,46.4,9.73,29.54,59.4,14.56,13.46,20.59,19.39,33.2,25.18,12.12,12.96,46.22,77.13,20.24,52.44,106.6,68.67,22.84,,30.1,24.6
2021-06-04 07:00:00,16.88,48.41,27.94,38.25,47.54,15.73,40.51,24.95,29.07,75.69,7.66,20.8,42.69,57.17,29.68,26.6,11.72,31.2,31.05,52.99,24.56,14.61,13.75,85.67,44.48,15.05,80.49,48.12,47.63,45.27,10.58,30.61,60.85,15.62,14.02,21.48,19.83,32.2,25.89,12.04,13.15,46.4,78.9,21.05,52.66,106.2,68.9,22.58,,30.5,25.26
2021-06-07 07:00:00,16.85,48.41,27.83,38.12,49.71,15.38,40.44,24.95,28.88,75.45,7.6,21.64,42.49,59.84,30.31,28.26,11.65,31.26,32.41,54.74,24.31,13.88,13.85,87.72,44.0,14.71,78.57,50.02,49.69,45.54,10.83,30.34,60.07,15.26,14.06,22.52,19.59,31.8,25.04,12.02,13.15,45.44,77.05,20.91,54.57,107.5,69.14,23.13,,32.6,25.3
2021-06-08 07:00:00,15.96,48.41,26.91,37.98,50.57,15.23,40.05,23.97,27.91,75.29,7.6,21.06,41.18,58.41,29.27,28.16,11.31,29.94,31.65,54.0,24.06,13.7,13.19,85.76,43.52,14.49,78.07,50.94,48.15,45.31,10.34,29.81,60.93,15.18,14.11,20.54,19.1,30.2,24.71,12.2,12.8,44.87,78.68,20.29,55.5,113.0,69.14,23.17,,33.0,24.92
2021-06-09 07:00:00,15.08,47.57,25.82,37.65,48.93,14.49,40.25,23.0,27.29,77.14,7.79,19.69,40.48,57.56,28.57,26.69,10.54,28.57,29.49,53.91,23.91,12.68,12.39,84.44,43.52,14.16,81.72,50.26,46.94,43.19,9.77,29.28,61.79,15.4,12.42,20.04,18.12,28.5,23.48,11.8,12.11,43.57,78.16,20.06,53.33,117.2,69.37,23.13,,31.6,24.4
2021-06-10 07:00:00,16.19,46.74,26.08,37.85,48.76,14.57,40.05,23.46,27.37,76.33,7.83,19.5,41.03,56.32,28.72,26.23,10.87,28.74,29.87,54.0,24.12,13.49,12.85,85.26,43.2,14.34,80.8,50.14,46.17,44.1,9.85,29.01,61.47,15.26,13.55,20.14,18.98,29.6,24.0,11.8,12.63,44.44,77.79,20.45,52.66,114.6,69.06,23.13,,31.5,24.57
2021-06-11 07:00:00,16.14,46.74,25.25,37.85,48.41,14.3,40.84,23.23,28.18,75.61,8.26,19.69,40.93,56.65,29.98,26.51,10.7,29.83,30.32,54.0,24.5,13.49,12.75,84.53,43.26,14.34,79.43,51.0,45.57,42.88,9.69,29.01,62.92,16.13,12.77,20.44,18.9,29.1,23.86,11.75,12.29,44.05,76.68,20.45,51.99,113.9,71.22,23.13,,31.1,24.5
2021-06-14 07:00:00,16.26,48.41,26.11,38.45,50.57,14.72,41.1,24.76,28.14,75.29,8.14,20.15,41.94,57.95,31.38,27.06,11.26,30.63,31.37,53.91,25.11,13.55,13.15,87.72,44.16,14.49,80.19,53.69,47.11,44.19,9.89,29.49,64.13,15.47,12.9,21.23,20.52,30.7,24.9,11.8,12.8,44.48,78.97,20.73,52.53,115.5,71.45,23.23,,31.6,25.0
2021-06-15 07:00:00,16.0,49.34,25.68,38.58,51.87,14.41,41.55,24.39,29.0,75.21,8.18,19.76,42.08,58.27,31.2,27.61,11.13,30.35,32.1,55.75,24.91,13.23,13.12,87.72,44.19,14.75,78.82,56.02,47.2,43.51,9.93,30.02,64.29,15.47,12.77,21.23,21.54,30.8,24.85,12.02,12.56,44.48,82.58,20.37,53.33,115.7,71.53,22.87,,31.95,25.1
2021-06-16 07:00:00,16.58,51.2,25.65,40.17,52.73,14.3,40.64,23.97,31.2,76.74,8.1,18.98,41.78,58.47,31.46,29.91,11.16,30.23,32.03,55.29,24.98,12.62,13.1,86.9,44.09,15.23,79.43,56.57,47.37,43.28,9.81,30.18,65.66,15.26,12.12,20.44,21.04,29.6,24.33,12.04,12.29,44.66,82.58,19.67,54.08,115.8,71.61,21.5,,32.85,25.1
2021-06-17 07:00:00,15.95,50.27,25.59,40.04,51.26,14.38,40.51,23.0,30.89,76.01,8.1,18.78,41.23,59.19,31.09,28.85,10.67,29.14,30.34,55.29,24.84,11.8,12.69,84.44,43.68,15.16,78.66,55.9,47.72,42.83,9.73,29.76,64.68,15.4,11.68,19.6,19.92,28.55,23.38,11.91,12.11,45.31,80.0,18.92,52.44,116.0,70.29,21.5,,32.5,24.5
2021-06-18 07:00:00,16.51,51.48,26.54,40.91,53.6,14.8,40.77,23.88,31.67,76.01,8.39,19.04,41.73,61.01,32.34,31.25,11.13,29.72,32.18,55.29,25.25,13.01,13.69,86.41,44.96,15.23,78.66,56.15,48.58,44.55,10.26,32.42,65.26,16.71,11.77,18.8,21.33,29.9,24.09,12.02,12.39,45.53,81.11,20.06,52.44,116.1,70.6,21.47,,33.25,24.99
2021-06-21 07:00:00,16.37,49.25,26.34,40.44,52.73,15.11,40.77,23.55,31.2,76.74,8.83,19.43,41.98,60.62,31.97,31.48,11.08,29.77,32.87,55.29,25.39,12.58,13.49,87.31,44.99,15.53,79.58,56.27,49.09,44.64,10.01,30.87,67.22,16.34,11.9,19.97,20.75,29.5,23.86,12.66,12.41,47.05,82.51,19.9,52.22,116.0,71.07,21.7,,32.05,24.9
2021-06-22 07:00:00,16.51,50.74,25.99,39.91,52.3,15.42,40.84,23.55,31.79,76.01,8.87,19.24,43.24,61.53,31.9,32.21,11.03,29.49,32.41,55.29,25.59,12.62,13.69,89.45,46.72,15.82,85.54,55.47,50.98,44.64,10.26,30.87,67.22,16.27,11.68,19.79,20.67,30.15,24.0,12.29,12.2,46.66,82.51,20.06,52.44,114.4,70.29,21.67,,32.0,25.3
2021-06-23 07:00:00,16.84,50.27,25.76,40.37,52.3,15.65,41.1,24.25,31.2,76.01,8.75,19.11,42.84,61.73,32.57,31.48,11.32,29.54,32.03,55.75,25.59,12.75,14.11,88.54,46.46,15.53,87.75,54.06,50.47,44.77,10.26,30.66,65.3,15.98,11.82,19.77,20.5,30.2,24.04,12.18,12.42,47.05,82.58,19.98,52.44,115.1,69.99,22.16,,31.45,25.12
2021-06-24 07:00:00,16.89,50.83,26.05,39.91,50.57,15.19,43.06,25.09,30.82,76.82,8.58,19.17,42.34,61.2,31.79,30.6,11.18,29.43,31.53,56.95,25.08,12.79,14.17,87.31,46.04,15.45,84.47,52.65,49.33,44.55,9.97,30.08,66.71,15.73,11.68,19.65,20.71,29.75,24.23,11.91,12.46,47.92,81.77,19.86,52.39,115.9,69.45,22.64,,31.5,25.1
2021-06-25 07:00:00,16.98,50.27,25.88,39.18,50.14,14.92,42.73,24.71,30.78,76.82,8.52,18.88,42.54,62.51,31.38,32.03,11.24,29.03,31.14,56.21,24.7,12.94,14.02,87.15,46.08,15.45,86.68,54.49,49.15,44.19,9.89,30.29,67.18,15.54,11.68,19.7,20.92,29.0,24.09,11.99,12.34,48.23,83.25,19.67,52.08,115.5,68.52,22.32,,32.1,25.0
2021-06-28 07:00:00,17.22,49.62,26.39,39.51,51.0,14.76,43.06,25.32,31.59,76.5,8.83,19.17,43.24,65.02,31.97,32.31,11.73,29.37,32.56,58.06,25.32,12.92,14.22,87.72,46.24,15.3,91.65,57.98,50.47,43.82,9.93,30.08,67.18,15.22,11.77,19.35,22.7,29.8,24.8,11.85,12.56,49.06,83.32,19.31,52.22,116.0,69.52,22.29,,31.95,25.25
2021-06-29 07:00:00,17.31,50.65,26.97,40.44,51.87,15.03,43.06,25.27,32.17,76.01,8.81,19.47,43.49,63.14,32.57,33.13,11.7,30.06,32.91,57.04,25.35,13.12,14.42,89.77,46.56,15.23,92.26,57.86,49.68,44.23,9.93,30.5,66.87,15.8,12.12,20.19,22.33,30.5,25.32,11.85,13.15,48.79,85.53,19.82,51.95,115.7,69.37,22.16,,31.95,25.56
2021-06-30 07:00:00,17.08,49.81,26.91,39.38,51.09,14.84,42.86,25.09,31.79,76.41,8.83,19.82,44.7,62.47,31.83,32.67,11.72,29.72,32.18,57.04,25.59,13.18,14.52,89.36,47.04,15.23,93.17,58.66,49.07,44.64,9.81,30.87,66.05,15.62,12.33,20.26,22.41,30.95,25.23,11.8,12.87,49.67,87.74,19.67,52.44,120.0,70.29,21.83,,31.85,25.96
2021-07-01 07:00:00,16.68,49.81,27.25,39.44,50.92,14.8,41.88,24.48,31.79,76.5,9.14,19.69,44.24,62.8,32.2,32.31,11.52,29.6,32.22,57.14,25.62,12.99,14.49,92.07,48.64,15.19,94.01,57.19,48.19,45.4,9.81,30.61,66.24,15.11,12.33,20.36,23.2,30.6,24.99,11.8,12.74,50.84,86.34,19.31,53.19,121.5,69.99,22.22,,32.0,25.84
2021-07-02 07:00:00,17.03,49.72,27.25,38.98,51.44,14.8,42.4,24.48,32.25,76.82,9.16,20.08,44.85,63.94,33.31,33.5,11.91,30.35,32.95,56.49,25.73,13.1,14.62,94.22,48.32,15.49,93.1,58.78,49.33,45.18,9.85,30.87,66.16,15.58,12.33,20.24,23.98,31.1,25.6,11.83,13.01,50.71,86.42,19.47,52.48,121.0,70.29,23.39,,31.85,26.0
2021-07-05 07:00:00,17.03,49.53,27.0,38.91,51.09,14.69,42.08,24.48,32.33,76.41,9.18,20.21,47.71,64.55,33.31,33.23,12.34,29.94,32.56,56.86,25.52,13.07,14.52,93.23,51.52,15.34,90.19,58.66,48.63,45.76,9.73,30.18,66.44,15.18,12.55,20.98,23.73,31.6,25.89,11.69,13.17,49.62,87.74,20.06,52.22,120.0,69.6,23.59,,31.7,26.3
2021-07-06 07:00:00,17.83,49.62,26.91,38.25,50.22,14.26,40.58,24.39,32.95,75.85,8.82,20.8,46.46,63.54,33.38,33.83,12.27,29.26,31.95,56.68,25.08,13.36,14.46,90.92,53.92,15.34,87.75,58.05,48.71,44.77,9.56,29.17,65.07,14.82,12.98,20.88,23.4,32.8,27.3,11.42,13.6,49.01,87.08,19.82,51.1,118.2,69.06,23.62,,30.4,26.0
2021-07-07 07:00:00,16.89,47.76,25.53,38.25,48.32,13.72,39.86,23.25,30.82,75.85,8.63,19.69,43.69,57.76,30.94,31.48,11.58,28.06,29.88,56.21,24.57,12.58,13.69,90.09,51.2,14.79,89.35,57.62,45.38,45.09,9.32,28.21,64.09,13.95,12.77,20.36,21.95,30.65,25.98,11.07,12.77,48.79,81.85,19.74,49.77,119.3,67.2,23.13,,29.5,25.57
2021-07-08 07:00:00,17.15,49.34,26.11,38.25,47.2,13.06,39.79,23.55,32.72,75.37,8.43,19.82,45.4,60.99,31.09,32.08,11.88,28.57,29.92,56.68,25.04,13.23,14.06,95.05,55.04,14.79,87.22,58.9,45.73,48.7,9.28,28.69,63.0,14.09,12.85,20.68,22.7,31.0,26.36,11.5,12.96,48.45,85.16,19.65,50.22,120.9,68.13,23.07,,30.3,25.8
2021-07-09 07:00:00,16.89,49.81,25.93,38.18,47.37,13.56,41.1,22.89,32.33,74.89,8.11,18.85,45.0,61.59,30.64,30.47,11.49,27.77,28.12,56.58,25.11,12.79,13.9,97.53,55.07,14.68,85.08,57.86,45.47,46.94,9.2,27.73,63.7,13.87,12.16,20.44,22.24,30.0,26.5,11.15,12.94,47.92,83.84,20.22,49.24,120.2,68.21,22.38,,29.45,25.01
2021-07-12 07:00:00,16.19,47.11,25.59,37.85,45.21,13.17,41.55,22.2,33.88,74.65,7.93,18.2,44.6,61.73,29.46,27.61,11.36,26.74,26.59,56.31,24.98,12.27,14.24,97.53,56.31,14.27,79.66,57.49,44.85,47.34,8.79,28.21,62.53,13.15,11.25,19.94,21.33,29.15,26.22,10.67,12.8,47.71,82.58,20.45,48.22,118.9,67.59,22.29,,28.0,25.45
2021-07-13 07:00:00,15.62,47.02,24.39,36.52,43.91,12.4,40.18,21.27,32.17,72.09,7.68,18.26,43.64,60.99,28.87,27.24,11.13,26.05,25.74,56.21,24.53,12.14,13.57,99.1,57.05,14.05,80.34,55.59,43.89,46.67,8.3,28.11,61.75,12.49,10.3,18.56,20.88,28.8,25.56,10.18,12.29,46.57,81.03,19.74,46.26,120.0,66.51,20.98,,27.1,24.75
2021-07-14 07:00:00,15.43,45.29,24.39,37.52,43.91,12.48,39.79,20.76,31.36,75.61,8.11,18.26,43.99,61.46,29.61,27.38,11.08,26.28,26.47,56.12,24.77,11.93,13.43,95.05,55.35,13.97,79.96,53.39,45.03,46.22,8.63,27.41,61.36,13.08,10.52,19.05,21.46,28.7,25.37,10.45,12.01,45.05,80.89,18.21,45.77,119.9,65.66,20.69,,27.85,24.95
2021-07-15 07:00:00,14.73,42.13,24.13,36.59,42.79,12.05,38.88,20.25,29.69,73.61,7.87,17.29,42.54,60.79,28.57,26.55,10.54,25.54,26.13,56.21,25.18,11.71,12.89,94.22,52.76,13.97,78.66,53.57,44.06,43.28,8.51,27.2,61.75,12.42,10.78,18.8,20.71,27.1,24.09,10.18,11.42,43.65,80.0,17.31,45.77,116.9,65.66,20.07,,28.1,24.08
2021-07-16 07:00:00,15.55,39.2,24.56,37.58,44.09,12.4,39.79,21.21,31.4,74.97,8.17,17.84,43.14,60.45,30.35,28.07,11.03,26.74,27.58,56.68,24.91,12.06,13.3,95.46,53.79,14.23,79.43,53.45,44.76,43.28,8.71,27.52,62.49,13.58,11.82,19.94,22.24,28.9,24.85,10.35,11.87,44.66,81.33,17.9,45.37,114.8,66.05,21.18,,28.15,24.25
2021-07-19 07:00:00,15.43,39.1,23.58,36.52,43.14,12.17,39.08,20.07,31.01,74.01,8.27,17.45,42.79,58.77,29.64,27.61,10.72,26.14,26.05,56.12,24.98,11.27,12.62,97.94,51.61,14.01,78.66,55.16,43.45,42.83,8.38,27.15,61.36,13.08,12.07,19.25,21.12,27.5,23.62,10.0,11.49,43.57,78.82,16.95,45.82,114.7,65.2,20.33,,27.0,23.6
2021-07-20 07:00:00,15.25,37.33,22.78,36.66,41.49,12.09,38.23,19.36,31.2,74.97,8.23,16.44,42.59,57.83,31.01,27.57,10.41,25.77,25.67,56.21,25.59,11.1,12.48,98.77,50.56,13.79,78.66,53.69,42.83,41.71,8.3,26.94,60.38,13.08,10.6,18.31,20.75,27.8,22.82,9.75,11.01,42.61,77.86,16.13,45.6,113.6,65.66,19.55,,26.2,23.29
2021-07-21 07:00:00,15.97,35.84,23.75,37.52,43.14,12.36,39.01,20.04,32.13,74.81,8.78,16.7,43.59,60.45,31.53,28.53,10.87,27.2,28.12,56.4,25.11,11.66,12.66,101.66,53.12,13.83,78.89,54.98,43.89,41.03,8.38,27.47,61.16,13.44,11.3,19.32,21.79,28.3,23.9,10.0,11.49,43.35,79.27,16.91,45.82,114.0,65.97,19.87,,26.6,23.98
2021-07-22 07:00:00,15.86,37.48,23.3,37.19,42.88,12.44,39.08,19.68,32.02,74.57,8.57,16.74,43.29,59.44,31.9,27.8,10.44,26.74,27.31,56.21,24.94,11.54,12.62,100.84,52.0,13.6,78.51,54.25,43.89,41.03,8.38,27.79,60.77,13.29,11.56,19.25,21.21,27.85,23.67,10.05,11.46,43.09,79.63,16.13,46.22,113.9,66.05,19.65,,27.0,23.61
2021-07-23 07:00:00,15.9,39.88,23.47,37.45,43.74,12.67,39.4,19.86,33.53,74.17,8.74,16.93,44.9,59.98,32.2,28.62,10.54,26.8,27.54,56.21,26.78,11.22,12.66,100.09,52.19,13.79,80.04,55.16,44.41,42.34,8.47,28.11,60.97,13.4,11.77,21.07,21.46,28.3,23.9,10.24,11.52,43.26,81.11,16.28,47.2,113.9,67.05,19.78,,27.8,24.0
2021-07-26 07:00:00,15.29,37.91,22.95,36.92,42.88,12.4,39.01,19.3,35.74,74.25,8.67,16.9,45.35,58.97,31.16,28.53,10.56,26.05,26.51,56.21,26.61,11.25,12.3,99.1,51.32,13.68,78.59,54.0,43.54,40.98,8.47,27.57,60.03,13.08,11.25,20.23,20.96,28.9,23.15,9.86,11.25,42.04,79.27,15.36,46.57,113.0,67.98,18.9,,26.5,23.72
2021-07-27 07:00:00,15.5,39.41,23.18,37.98,44.35,12.55,39.08,19.48,37.79,74.49,9.28,17.03,47.41,60.45,33.34,30.37,10.64,26.34,27.05,56.21,26.95,11.25,12.35,99.6,51.84,13.68,80.19,55.47,44.33,41.44,8.63,27.52,60.97,13.51,11.42,19.69,21.46,29.0,23.62,10.02,11.56,42.48,81.62,15.38,46.66,114.0,68.67,18.83,,27.5,23.5
2021-07-28 07:00:00,15.58,38.52,23.07,37.85,43.22,12.55,38.55,19.48,35.66,75.29,9.0,16.25,46.6,59.78,32.86,29.96,10.7,26.51,27.12,56.12,26.61,11.27,12.37,103.32,50.49,13.68,80.19,54.86,44.06,40.62,8.71,27.95,60.46,13.22,11.47,19.99,21.5,28.9,23.5,10.02,11.73,41.43,78.97,15.34,46.35,114.5,67.28,18.44,,27.6,23.88
2021-07-29 07:00:00,15.69,38.09,23.41,37.85,43.65,12.48,38.68,19.95,36.48,74.57,9.28,16.05,46.2,60.38,32.79,30.05,10.87,26.88,27.54,58.98,26.48,11.42,12.57,102.9,51.13,13.57,79.73,55.66,44.33,41.89,8.71,27.89,60.42,13.37,11.6,19.94,21.95,29.1,23.67,10.29,11.89,42.43,80.37,15.87,46.88,114.4,67.2,18.9,,27.3,24.05
2021-07-30 07:00:00,16.09,39.13,23.7,37.65,43.57,12.48,39.01,20.37,37.21,74.49,9.73,16.8,46.96,60.45,33.45,30.65,10.93,26.97,28.27,57.23,27.02,11.73,12.84,105.8,51.68,13.53,79.2,55.66,44.94,41.75,8.67,28.27,62.3,13.29,11.77,19.96,22.37,29.4,23.95,10.18,12.11,42.39,79.63,15.97,47.55,114.5,67.05,18.9,,27.5,24.08
2021-08-02 07:00:00,16.65,39.51,24.1,37.19,44.69,12.48,40.9,20.25,37.02,74.89,10.11,17.16,47.21,61.12,34.05,30.37,11.0,26.97,28.27,57.5,27.64,12.29,13.03,110.59,52.48,13.68,79.04,56.57,45.2,43.15,8.71,28.96,61.67,13.51,12.03,19.45,22.41,29.8,24.09,10.24,12.01,42.26,79.63,16.36,47.77,113.0,66.59,20.04,,27.4,24.59
2021-08-03 07:00:00,16.63,39.36,24.27,38.05,45.47,12.59,40.9,20.22,37.87,75.21,10.58,16.77,48.11,62.8,35.23,30.83,11.16,27.08,28.73,57.14,27.36,12.15,13.03,112.41,54.36,13.68,79.5,57.37,45.2,43.51,8.79,28.74,60.97,13.87,11.86,19.56,22.7,29.4,24.0,10.13,11.94,42.3,79.49,16.48,48.62,115.3,66.9,19.61,,27.4,24.78
2021-08-04 07:00:00,16.89,39.41,24.9,37.32,45.82,12.83,42.08,20.55,37.64,75.21,10.6,17.55,48.16,62.47,35.49,31.2,11.42,27.23,28.42,57.14,27.91,12.22,13.3,113.9,54.43,13.71,80.8,57.49,45.2,44.1,8.79,28.9,60.97,13.8,11.94,19.78,23.73,29.8,24.8,10.24,12.01,43.22,82.21,16.38,51.33,116.0,67.59,19.78,,28.4,24.7
2021-08-05 07:00:00,16.58,39.13,24.44,37.65,46.16,12.79,41.62,20.31,38.06,76.01,10.68,17.65,47.81,62.87,34.64,30.74,11.34,27.17,28.62,56.86,27.6,12.24,13.34,111.66,54.27,13.83,82.48,57.25,45.99,43.33,8.79,28.48,60.77,13.44,11.9,19.96,23.32,30.6,24.52,10.13,12.29,42.7,81.4,16.26,50.53,116.4,67.13,19.74,,27.9,24.5
2021-08-06 07:00:00,16.94,39.41,24.64,37.72,46.25,12.94,41.75,20.58,38.38,76.66,11.47,18.0,48.61,63.0,35.05,32.08,11.58,27.83,29.57,57.04,28.15,12.68,13.52,111.66,55.35,14.12,82.48,57.37,46.34,43.01,8.79,28.69,61.4,13.58,12.51,20.15,23.69,31.0,24.8,10.21,12.49,43.48,82.58,16.6,51.1,116.8,67.13,20.04,,28.0,24.99
2021-08-09 07:00:00,16.61,42.33,24.41,37.78,45.99,13.29,42.6,20.43,37.6,75.21,11.65,17.52,48.71,61.79,35.75,31.29,11.39,27.54,28.81,56.68,28.25,12.24,13.21,110.75,54.72,14.12,82.1,57.25,46.17,43.96,8.99,28.74,60.65,13.84,12.46,19.88,23.24,30.3,24.33,10.13,12.22,42.74,83.98,16.34,50.3,116.8,67.36,19.55,,28.0,24.5
2021-08-10 07:00:00,17.26,43.92,24.82,38.12,46.68,13.52,42.99,20.94,38.3,75.93,13.02,17.45,49.37,62.47,36.64,32.63,11.72,28.69,30.03,56.58,28.93,12.63,13.54,116.54,55.67,14.12,80.95,57.19,46.34,43.42,9.12,29.65,60.65,13.98,12.59,20.15,24.94,30.85,25.04,10.32,12.53,43.13,87.38,16.72,51.1,119.5,67.98,19.97,,28.7,25.2
2021-08-11 07:00:00,17.12,42.56,24.84,37.98,46.33,13.45,42.34,20.76,39.42,75.85,13.06,17.35,49.07,65.15,37.6,32.21,11.62,28.51,29.88,56.21,28.52,12.46,13.39,114.89,55.67,14.42,79.88,56.94,47.22,43.19,9.16,29.76,60.58,14.6,12.81,19.61,24.73,30.5,24.71,10.64,12.53,43.26,86.27,16.48,50.22,118.8,69.45,19.78,,28.4,25.2
2021-08-12 07:00:00,16.8,41.39,24.87,38.38,46.85,13.17,42.6,20.67,38.38,75.37,13.79,17.26,48.11,63.47,36.42,31.11,11.52,28.0,29.11,55.94,27.16,12.24,13.43,114.47,55.51,14.16,79.27,56.94,46.52,43.24,9.36,29.6,60.22,15.26,12.55,19.83,23.78,30.3,24.75,10.51,12.77,43.78,85.39,16.36,49.33,118.7,70.14,20.01,,27.95,25.1
2021-08-13 07:00:00,16.51,42.33,24.47,38.51,47.72,14.41,44.42,20.61,37.91,75.05,12.66,17.22,46.76,63.2,35.79,31.39,11.42,27.71,28.73,56.21,27.54,12.02,13.3,109.51,54.24,14.12,79.04,56.7,46.17,42.83,9.2,29.76,59.83,14.67,12.55,19.72,24.02,29.6,24.56,10.45,12.32,43.52,87.01,16.13,49.55,118.7,69.83,20.53,,28.0,24.92
2021-08-16 07:00:00,16.58,42.23,24.3,38.18,47.11,14.49,44.42,20.55,38.53,75.05,14.24,17.29,48.22,62.13,38.1,32.49,11.34,28.06,29.11,56.21,28.52,12.19,13.34,111.17,54.88,14.05,79.12,56.15,46.26,42.61,9.2,29.81,59.32,15.04,12.55,19.61,25.39,29.85,24.71,10.51,12.6,43.39,89.88,16.05,49.77,118.1,69.45,20.85,,28.1,24.92
2021-08-17 07:00:00,16.89,41.95,25.02,38.25,46.85,14.1,43.71,21.21,38.57,75.45,14.13,17.09,47.76,63.27,36.96,34.61,11.73,28.43,29.38,56.21,28.32,12.39,14.17,111.42,54.36,14.23,79.43,56.15,45.82,42.74,9.36,30.18,59.25,15.62,12.72,19.78,25.6,30.3,25.65,10.37,13.1,44.66,84.8,16.64,50.0,117.4,69.21,21.5,,28.5,25.3
2021-08-18 07:00:00,16.63,41.01,24.61,37.72,46.68,13.95,43.84,20.79,39.5,74.81,14.09,17.09,47.61,62.06,36.05,34.06,11.67,28.91,30.46,56.03,27.98,12.68,13.97,111.58,54.08,14.05,79.27,55.96,45.29,43.24,9.24,30.24,56.98,15.47,12.77,19.59,25.22,30.0,25.04,10.18,12.91,44.0,81.11,16.38,49.5,117.3,69.14,21.18,,28.0,25.26
2021-08-19 07:00:00,16.65,42.33,24.44,37.05,47.46,14.03,43.58,20.58,40.74,75.21,13.65,17.13,48.22,62.13,36.05,34.38,11.62,28.97,30.68,55.94,28.32,12.63,13.88,112.41,55.19,14.27,78.28,54.55,45.29,42.83,9.28,32.74,57.25,15.33,12.55,19.56,25.22,29.8,24.8,10.43,12.82,43.87,81.11,16.09,48.95,118.0,69.91,20.79,,27.8,25.02
2021-08-20 07:00:00,16.56,42.8,24.44,37.05,47.54,14.61,43.32,20.55,42.29,78.02,13.85,16.83,47.96,60.45,36.05,35.53,11.45,29.09,30.8,55.75,28.25,12.24,13.97,111.83,55.04,14.27,80.04,54.0,45.38,42.38,9.24,32.52,57.72,16.16,12.64,19.4,25.97,29.8,24.94,10.24,12.7,44.09,81.85,16.05,50.0,119.0,69.75,20.88,,27.9,25.01
2021-08-23 07:00:00,15.72,41.1,23.24,36.72,45.99,13.72,42.79,19.6,40.7,76.01,14.4,15.92,46.95,58.77,35.9,33.23,11.19,28.06,29.19,55.48,26.61,11.47,13.3,109.93,52.16,14.38,79.2,51.73,43.36,40.17,8.83,32.36,55.89,15.58,12.16,19.24,25.89,28.2,23.76,10.08,11.97,43.13,79.27,15.14,48.75,119.5,67.75,20.2,,26.7,24.1
2021-08-24 07:00:00,15.01,41.39,22.55,35.53,44.95,13.56,42.4,19.71,41.86,76.17,14.52,15.66,46.44,58.44,35.94,31.48,10.96,27.25,28.73,54.92,25.93,11.03,12.89,104.97,50.81,14.27,80.57,50.2,43.01,40.04,8.63,30.98,55.1,15.26,11.86,19.02,26.1,26.9,23.03,9.97,11.68,43.22,79.27,14.04,48.2,120.4,66.51,19.84,,25.95,23.89
2021-08-25 07:00:00,15.11,41.39,22.66,34.93,45.47,12.94,42.34,19.6,41.67,74.81,14.05,15.73,46.9,57.83,35.75,31.57,11.1,27.45,28.88,55.1,25.93,11.32,12.71,107.28,51.52,13.97,80.57,52.71,43.14,39.9,8.67,30.61,55.65,14.89,11.73,19.29,25.35,27.35,23.1,9.83,11.78,42.26,79.27,14.18,47.7,123.5,66.74,20.04,,26.15,23.95
2021-08-26 07:00:00,15.27,41.1,22.75,35.79,45.73,13.25,42.66,19.36,41.82,74.17,13.49,16.18,46.7,58.91,36.74,32.77,11.11,27.83,29.84,55.85,26.27,11.32,12.89,111.66,52.44,14.27,80.57,53.08,43.58,40.13,9.44,31.25,57.49,15.33,12.29,19.24,25.68,27.5,23.29,9.91,12.11,42.61,78.9,14.55,47.3,125.8,67.13,20.14,,26.6,24.15
2021-08-27 07:00:00,14.87,41.67,22.09,35.53,45.04,13.17,42.01,18.4,43.03,75.77,13.97,15.7,46.19,57.97,38.71,32.21,10.89,27.2,28.88,55.85,25.93,10.93,12.51,109.18,51.9,14.27,79.04,51.18,42.61,38.91,9.16,33.06,57.57,15.47,12.16,19.07,24.94,27.0,22.58,9.81,11.65,41.82,78.16,14.0,46.5,126.1,67.51,19.61,,26.45,23.99
2021-08-30 07:00:00,14.92,42.28,22.38,36.32,46.33,13.72,43.84,18.82,43.34,85.14,14.96,16.02,47.2,59.38,39.09,34.93,10.85,27.48,29.5,55.57,26.75,10.83,12.66,114.47,53.5,15.38,79.27,52.04,43.8,38.78,9.77,35.13,58.04,16.02,12.03,19.13,25.52,27.35,22.96,10.29,11.87,42.87,78.97,14.16,47.5,126.5,67.28,20.17,,26.9,24.0
2021-08-31 07:00:00,15.25,41.86,22.72,35.66,48.41,14.22,45.08,19.48,44.96,92.98,14.28,16.83,46.85,59.11,38.94,34.61,10.89,28.06,30.88,55.57,26.95,11.49,12.89,109.6,53.45,15.38,79.43,52.28,43.89,38.96,9.73,34.44,57.53,16.56,11.94,19.45,26.05,28.0,23.38,10.24,12.01,43.35,78.9,14.55,47.05,126.8,67.59,20.1,,27.2,24.02
2021-09-01 07:00:00,15.01,44.21,22.26,35.86,49.53,13.68,45.92,19.06,45.7,88.1,14.44,16.48,46.75,59.91,39.09,34.98,10.56,28.06,30.0,55.85,26.92,11.03,12.57,110.92,53.12,15.12,79.73,53.69,43.71,38.55,9.56,34.76,58.5,16.2,11.86,19.45,25.39,27.2,22.77,10.48,11.77,43.31,79.93,14.16,47.05,125.5,67.51,19.94,,27.1,24.0
2021-09-06 07:00:00,15.11,45.15,22.41,36.26,49.19,14.18,45.92,19.2,45.43,85.7,14.88,16.41,46.9,60.12,40.38,37.74,10.48,28.34,31.03,55.76,27.23,11.08,12.6,110.75,53.45,16.27,80.42,52.47,44.94,38.91,10.18,35.08,57.64,16.71,11.68,19.07,25.43,27.2,22.98,10.59,12.06,43.31,79.56,14.16,47.2,124.7,68.21,20.1,,28.0,24.5
2021-09-07 07:00:00,15.2,45.57,22.55,36.79,48.5,15.07,46.32,19.26,44.58,82.9,14.32,16.18,48.37,60.79,39.77,36.17,10.85,29.54,33.33,55.66,28.08,11.17,12.84,108.44,53.65,16.27,80.04,52.53,44.85,39.27,10.09,35.19,58.43,17.14,11.47,19.26,25.06,27.75,23.17,10.86,12.08,43.52,80.37,14.12,47.75,125.5,68.99,19.94,,28.0,24.4
2021-09-08 07:00:00,15.25,44.3,23.07,36.52,47.8,14.34,45.27,19.65,44.07,82.34,13.83,16.77,47.46,59.58,38.56,35.8,11.01,29.03,32.26,55.1,27.67,11.34,12.98,106.62,53.12,15.82,80.04,50.75,44.24,38.87,9.77,33.8,58.15,16.24,11.6,19.42,26.74,27.9,23.43,10.45,12.63,43.57,80.89,14.47,47.0,124.6,67.82,20.72,,27.45,24.54
2021-09-09 07:00:00,15.01,45.81,22.72,35.86,47.11,14.26,44.36,19.26,44.96,80.82,14.2,16.64,47.25,59.38,38.71,35.94,10.85,29.54,33.63,55.38,27.57,11.3,12.71,105.63,53.84,15.82,79.27,51.49,43.45,38.55,9.73,34.23,58.66,15.76,11.47,19.21,26.83,27.15,22.91,10.1,12.49,43.44,79.27,14.4,46.1,124.6,67.11,20.2,,27.1,24.28
2021-09-10 07:00:00,15.25,45.62,22.95,35.79,47.46,14.76,45.01,19.48,45.12,82.42,14.09,16.54,47.41,59.44,39.16,36.82,10.72,29.77,34.48,55.38,27.77,11.32,12.8,108.69,57.31,16.12,78.89,50.45,44.68,40.85,9.81,35.13,58.11,16.2,11.47,19.45,26.59,27.5,23.53,10.65,13.15,43.48,79.63,14.41,45.9,129.5,66.95,20.72,,27.6,24.28
2021-09-13 07:00:00,15.15,45.48,22.75,35.79,48.41,14.18,45.53,19.32,45.74,80.42,13.89,16.77,47.51,60.32,38.71,36.08,10.58,29.49,34.48,55.38,27.67,11.08,12.6,108.27,57.26,15.75,78.82,50.38,44.59,41.93,9.85,35.08,61.16,15.65,11.56,19.34,26.47,27.25,23.22,11.4,12.98,43.04,79.63,14.24,45.9,129.8,67.97,21.18,,28.1,24.49
2021-09-14 07:00:00,14.94,45.62,22.43,35.92,47.2,13.72,44.82,19.11,49.46,81.14,14.28,16.54,47.36,60.18,39.62,34.52,10.23,29.09,33.44,55.66,28.12,10.93,12.48,108.94,59.71,15.82,78.82,49.28,44.59,41.44,9.6,34.28,63.27,15.4,11.25,19.24,26.05,26.9,23.12,10.62,13.01,42.74,78.9,14.12,46.15,127.4,68.52,21.11,,28.5,24.48
2021-09-15 07:00:00,14.78,45.52,22.15,35.73,46.68,13.48,44.36,18.58,49.62,82.18,13.97,16.64,47.61,60.12,38.94,34.47,10.11,28.69,33.4,55.38,28.08,10.69,12.39,111.58,59.47,15.6,78.66,49.28,43.97,39.9,9.36,34.33,64.87,15.58,11.08,19.24,25.38,26.65,22.77,10.84,12.98,42.83,79.97,13.84,46.0,125.3,68.21,20.59,,28.0,24.2
2021-09-16 07:00:00,14.66,45.15,22.43,36.19,46.85,13.95,45.01,18.88,50.39,81.7,13.93,16.44,47.91,61.79,39.01,35.07,10.19,29.77,36.09,55.38,28.18,10.76,12.39,121.5,59.96,15.34,79.04,49.95,45.03,41.21,9.65,34.6,63.74,15.84,11.12,19.34,26.02,26.9,23.1,10.9,13.32,43.09,79.67,13.88,45.7,126.0,67.97,20.95,,28.8,24.5
2021-09-17 07:00:00,14.82,44.68,22.72,36.19,46.77,13.95,44.36,19.02,53.07,79.38,13.83,16.31,48.47,61.93,40.53,35.44,10.28,29.43,36.01,55.38,29.21,10.74,12.62,122.33,59.52,15.82,78.74,50.08,45.03,41.93,9.69,34.6,62.53,15.73,11.47,19.32,25.71,26.9,23.24,10.56,13.43,42.48,77.83,13.86,44.0,126.0,67.89,21.34,,30.2,24.4
2021-09-20 07:00:00,15.01,44.21,22.98,35.92,47.11,13.95,44.95,19.36,58.14,80.9,14.44,16.83,48.72,61.73,40.23,35.62,10.52,30.0,36.39,55.38,28.66,11.05,12.69,120.76,60.15,15.64,78.66,49.1,44.5,41.48,9.73,35.77,63.31,16.34,11.6,19.4,26.41,27.0,23.86,10.75,14.19,42.39,78.51,14.32,43.5,125.0,68.84,22.32,,29.6,24.56
2021-09-21 07:00:00,14.92,43.92,22.66,35.66,45.99,13.37,43.77,18.88,56.01,80.02,13.81,16.25,47.41,59.17,38.03,33.87,10.46,28.97,33.71,55.38,28.32,11.15,12.57,116.54,58.32,15.45,78.66,50.57,43.45,40.44,9.44,34.23,61.79,15.36,11.68,19.24,25.68,26.85,23.67,10.56,13.7,43.35,76.27,15.14,42.75,124.2,69.15,21.89,,28.5,24.5
2021-09-22 07:00:00,14.92,43.13,22.72,36.26,48.41,13.48,44.03,18.82,62.41,80.74,14.05,16.02,47.3,59.44,38.03,33.6,10.42,29.09,35.86,55.2,28.49,11.1,12.62,119.85,59.71,15.9,78.59,49.95,43.71,40.85,9.52,35.08,61.94,15.87,11.47,19.32,25.59,26.8,24.04,10.68,13.95,42.87,75.79,15.73,42.8,123.5,69.55,21.8,,28.4,24.85
2021-09-23 07:00:00,14.87,42.8,22.84,35.86,51.44,13.95,45.76,18.88,67.83,81.46,13.85,15.99,47.3,59.91,38.1,34.98,10.4,29.37,35.86,54.08,28.66,10.98,12.62,121.09,60.92,15.9,78.51,49.59,44.33,41.98,9.73,36.2,62.84,16.6,11.51,19.32,25.38,26.75,23.9,10.81,14.0,43.39,75.88,15.18,43.25,123.3,71.9,21.7,,28.6,24.5
2021-09-24 07:00:00,14.92,42.84,22.66,35.79,50.14,13.64,45.03,19.0,58.14,83.7,13.79,16.09,47.3,61.46,37.95,34.38,10.38,29.2,35.47,54.54,28.66,11.0,12.62,119.85,63.66,15.53,78.59,49.4,44.33,41.57,9.6,35.66,62.41,16.2,11.68,19.42,25.38,26.7,23.95,10.99,14.43,43.35,77.05,14.95,43.55,123.6,71.51,21.83,,28.9,24.61
2021-09-27 07:00:00,15.11,42.8,22.78,35.59,50.22,13.48,45.76,19.06,57.02,82.34,13.65,15.86,47.15,62.06,37.19,34.42,10.44,29.43,35.17,54.92,28.66,11.08,13.03,117.95,62.12,15.6,78.51,49.22,44.41,41.3,9.48,34.71,62.53,15.84,11.9,19.45,25.26,27.0,23.95,11.24,14.43,43.35,77.34,15.06,43.5,125.1,71.2,21.8,,28.5,24.78
2021-09-28 07:00:00,14.78,42.33,22.61,35.33,48.84,13.14,44.03,18.46,57.45,78.66,12.66,15.47,46.54,61.12,35.9,32.35,10.4,28.97,33.71,53.89,27.84,10.69,12.62,111.5,60.0,15.27,78.05,49.16,44.06,41.03,9.4,32.74,61.75,14.82,11.6,19.24,24.17,26.35,23.29,11.06,13.67,42.61,75.3,14.4,42.65,128.8,69.78,21.83,,28.2,24.43
2021-09-29 07:00:00,14.82,43.03,22.98,35.19,50.48,13.48,44.63,18.55,58.53,79.06,13.12,15.21,47.2,64.15,36.58,32.86,10.4,30.17,34.86,53.99,28.39,10.64,12.62,114.8,61.06,15.88,78.28,49.77,45.12,41.57,9.56,34.07,61.47,15.11,11.42,19.37,24.47,26.5,23.24,10.99,13.95,43.35,76.27,14.34,43.35,129.0,70.17,21.7,,28.5,24.33
2021-09-30 07:00:00,14.71,41.57,22.86,35.59,50.74,13.6,45.36,18.22,55.51,80.74,14.2,15.6,47.46,64.88,37.0,33.55,10.3,30.75,35.28,53.99,28.29,10.57,12.53,116.62,61.54,16.22,77.9,49.71,45.91,41.98,10.1,34.65,61.16,15.26,11.25,19.34,24.35,25.85,23.48,10.99,14.22,42.91,76.27,14.12,43.25,128.0,70.65,21.57,,28.35,24.63
2021-10-01 07:00:00,14.78,42.52,22.55,35.13,50.14,13.79,44.96,18.22,57.41,79.94,14.56,15.34,47.15,64.48,37.42,32.9,10.34,30.29,35.32,54.17,28.35,10.49,12.57,117.37,61.16,16.07,77.67,50.08,45.03,43.74,9.77,34.65,61.16,15.4,11.6,19.37,24.29,25.65,23.43,10.9,14.48,42.39,76.08,13.9,44.0,127.5,70.17,21.37,,29.1,24.55
2021-10-04 07:00:00,14.68,42.33,22.29,35.13,50.14,14.53,45.03,17.74,62.21,79.86,15.33,14.66,47.2,71.2,36.96,33.41,10.07,30.86,36.32,53.99,28.29,9.96,12.37,117.28,60.2,16.3,77.44,51.49,46.52,44.64,10.3,35.45,60.3,15.4,11.3,19.37,23.57,24.5,23.05,11.06,14.81,41.82,74.82,13.53,43.8,128.8,71.12,20.79,,28.25,24.55
2021-10-05 07:00:00,14.54,41.86,22.38,34.46,51.61,14.34,46.62,17.38,59.62,78.98,14.84,14.3,48.22,71.87,37.19,34.38,9.85,31.78,37.27,53.99,28.05,10.01,12.19,117.95,60.68,17.27,77.9,52.22,47.84,43.87,10.51,37.21,61.9,15.26,12.12,19.34,23.84,24.4,22.96,10.81,14.64,41.43,75.59,13.14,43.9,131.4,70.96,20.49,,28.25,24.4
2021-10-06 07:00:00,14.8,41.86,22.66,34.6,51.95,14.3,47.68,17.83,59.27,79.46,15.04,14.56,47.96,73.21,36.66,34.65,10.07,31.95,36.78,53.43,28.52,10.3,12.39,117.78,61.01,16.85,80.42,51.43,47.57,43.74,10.63,37.32,62.53,15.36,,19.45,24.6,25.8,23.36,10.93,14.71,41.65,77.44,13.55,44.4,130.8,70.41,20.43,,28.55,24.4
2021-10-07 07:00:00,14.78,41.95,22.61,34.6,52.39,14.8,47.01,17.62,57.95,79.7,15.11,14.56,48.17,74.56,36.51,35.25,9.95,32.29,37.12,53.34,28.8,10.23,12.57,118.19,61.3,16.92,80.19,51.67,46.96,44.23,10.63,38.49,62.14,15.26,,19.59,24.17,25.5,23.9,10.96,14.69,41.65,78.31,13.53,44.15,129.4,70.17,20.66,,29.4,24.53
2021-10-08 07:00:00,14.73,42.33,22.46,35.39,53.6,14.61,46.88,17.68,57.76,78.9,15.11,14.33,48.22,75.09,37.95,35.25,9.87,31.95,36.58,53.06,28.97,10.2,12.46,117.37,61.4,17.47,79.58,52.35,47.66,43.92,10.51,38.33,61.98,15.58,,20.34,24.6,25.6,23.67,10.75,14.78,42.09,77.54,13.61,44.5,128.8,69.86,20.98,,29.35,24.6
2021-10-11 07:00:00,14.82,42.28,22.72,35.26,53.16,14.76,46.68,17.74,58.73,79.62,14.82,14.59,50.25,75.63,39.09,34.98,9.99,32.12,36.78,53.8,29.75,10.25,12.53,120.26,62.07,17.19,79.81,53.33,48.54,45.09,10.26,37.26,63.7,15.62,12.85,20.56,24.78,25.9,24.09,10.59,14.57,42.26,77.63,13.73,44.7,129.7,70.72,21.01,,29.3,24.9
2021-10-12 07:00:00,15.43,41.9,23.07,35.19,53.77,14.72,45.95,18.67,58.84,79.14,15.0,15.4,50.35,75.09,38.71,35.16,10.46,32.81,36.85,53.61,29.79,10.64,13.14,121.91,62.36,16.88,79.2,54.43,48.19,45.81,10.26,37.58,64.29,16.16,13.11,20.56,25.32,26.75,25.23,10.59,14.95,42.83,78.7,14.24,46.0,132.5,71.04,21.6,,30.6,25.4
2021-10-13 07:00:00,15.29,42.04,23.12,35.19,53.25,14.76,46.35,18.46,62.02,78.82,15.11,15.21,50.25,75.56,38.48,35.26,10.48,32.64,37.16,53.89,29.75,10.57,13.12,121.5,63.71,17.31,78.66,54.25,48.01,45.49,10.59,38.54,64.05,15.87,13.13,20.65,25.02,26.7,25.04,10.71,14.71,42.65,78.7,14.24,46.5,132.8,71.51,21.48,,30.8,25.4
2021-10-14 07:00:00,15.29,43.55,22.89,35.33,51.95,14.8,46.28,18.4,62.6,79.62,16.14,14.95,50.45,74.35,38.33,35.4,10.44,32.52,36.85,53.71,29.75,10.62,12.96,118.28,64.53,17.47,78.59,55.41,47.31,45.13,10.34,39.12,62.92,15.84,12.83,21.16,24.78,26.2,24.8,10.62,14.6,42.26,77.73,14.32,46.6,133.3,70.88,21.42,,30.3,25.44
2021-10-15 07:00:00,15.25,43.17,22.69,35.33,51.95,15.38,46.35,18.4,60.9,79.22,16.8,15.34,50.45,75.23,39.01,36.1,10.58,32.81,37.27,53.99,29.86,10.52,12.96,117.53,64.29,17.16,78.13,57.0,47.66,45.49,10.34,38.59,62.61,15.98,12.55,21.28,24.9,26.5,24.99,10.65,14.74,42.17,76.66,14.32,46.25,134.4,70.72,21.68,,30.7,25.48
2021-10-18 07:00:00,15.18,42.52,22.66,35.26,51.61,15.11,45.82,18.43,62.02,78.42,17.01,15.27,50.25,75.56,38.71,35.73,10.48,32.98,38.38,53.89,29.92,10.69,12.96,116.62,63.66,17.27,77.9,55.9,47.22,45.13,10.18,38.86,62.92,15.69,12.1,21.39,24.63,27.0,25.13,10.59,15.16,41.95,76.56,14.43,46.15,131.0,70.72,22.07,,30.7,25.34
2021-10-19 07:00:00,15.2,41.95,22.55,35.33,51.87,14.72,45.09,18.22,59.11,78.02,16.42,15.08,50.25,77.91,39.24,35.35,10.52,32.98,38.08,53.71,30.44,10.42,12.84,118.77,62.56,17.39,77.82,57.62,47.66,44.64,10.18,39.39,62.57,15.36,11.99,21.3,24.78,26.9,24.99,10.4,15.19,41.87,76.66,14.41,46.3,131.0,70.57,22.62,,30.8,25.79
2021-10-20 07:00:00,15.15,41.9,22.98,35.06,53.08,14.8,45.16,18.22,59.54,78.58,17.59,15.44,50.1,77.51,39.09,35.03,10.36,32.86,37.93,53.8,30.4,10.25,12.84,117.04,62.56,17.74,78.36,57.19,48.19,44.41,10.18,40.14,61.94,15.51,12.16,21.16,24.72,26.4,24.94,10.28,15.4,42.0,77.34,14.24,46.15,135.2,71.04,22.56,,30.3,25.68
2021-10-21 07:00:00,15.15,42.23,22.81,35.33,52.3,15.11,45.69,18.01,61.32,79.14,18.2,15.27,49.94,77.24,38.41,35.35,10.23,32.75,37.93,53.99,30.3,10.3,12.84,118.19,62.22,17.85,78.28,59.09,47.75,45.54,10.18,39.87,61.04,15.4,12.25,21.25,24.41,26.5,25.51,10.37,15.21,41.56,76.56,14.43,45.85,135.9,70.72,22.48,,30.85,25.7
2021-10-22 07:00:00,14.97,42.52,22.66,36.99,51.87,14.96,45.95,17.86,62.95,79.46,18.95,15.24,49.23,75.5,38.03,34.74,10.19,32.86,38.04,53.89,30.71,10.25,12.69,116.21,61.79,18.05,77.9,59.21,46.96,44.59,9.97,39.87,60.38,15.29,11.94,21.19,23.99,26.4,24.99,10.37,15.14,41.39,75.98,14.53,45.5,131.9,70.33,22.15,,30.6,25.45
2021-10-25 07:00:00,14.87,44.4,22.72,36.32,53.77,15.5,47.21,17.77,62.02,78.82,18.2,15.21,48.83,75.9,37.57,36.29,10.15,32.35,37.47,53.71,31.39,10.13,12.6,118.19,61.64,17.85,79.12,60.68,46.87,44.41,10.14,40.4,61.16,15.33,11.94,20.93,23.57,26.0,24.61,10.59,14.95,41.78,76.37,14.51,45.95,131.8,71.12,21.77,,30.75,25.49
2021-10-26 07:00:00,14.66,45.15,22.49,36.92,56.54,15.96,46.75,17.92,60.08,78.42,17.77,15.05,48.22,75.9,37.95,36.76,10.01,31.38,35.63,53.52,31.63,10.03,12.48,116.95,61.64,18.09,79.43,59.82,48.1,44.46,10.14,40.08,61.32,15.11,11.6,20.88,23.14,25.6,23.81,10.5,14.5,41.0,76.66,14.16,45.9,131.8,70.72,21.51,,30.3,25.01
2021-10-27 07:00:00,14.61,45.1,22.52,37.78,55.58,16.89,46.68,18.1,61.01,79.06,18.6,15.08,49.13,77.38,38.33,37.04,10.07,32.23,36.74,53.06,31.73,10.25,12.62,115.71,61.64,18.2,78.89,58.97,48.45,44.32,10.26,39.87,61.47,15.76,11.77,20.88,23.57,25.75,24.19,10.5,14.86,41.21,76.66,14.55,46.0,132.5,70.72,22.01,,30.6,25.0
2021-10-28 07:00:00,14.85,47.5,22.95,37.78,56.1,17.36,47.68,18.79,60.47,79.22,18.4,15.27,49.84,81.61,38.79,37.41,10.36,33.15,37.24,53.8,32.79,10.35,12.91,121.33,63.23,18.13,79.43,59.46,48.36,45.99,10.3,40.35,63.31,15.58,11.86,20.93,24.47,26.6,24.56,10.59,15.05,42.09,78.99,14.59,47.5,134.0,71.12,22.56,,31.5,25.46
2021-10-29 07:00:00,14.94,50.32,22.95,39.58,56.97,17.24,47.68,18.88,59.5,81.3,19.35,15.08,49.74,83.29,39.92,37.88,10.42,33.21,37.01,53.89,33.92,10.25,12.84,123.98,63.33,18.4,83.47,58.41,48.1,45.63,10.63,40.51,64.33,16.27,11.86,21.59,24.69,26.6,24.52,10.9,15.37,42.39,78.9,14.61,47.1,133.0,71.2,22.71,,31.0,25.89
2021-11-01 07:00:00,15.39,49.94,24.1,41.44,55.93,17.32,47.14,19.06,59.31,83.14,19.66,14.98,49.44,83.69,40.15,37.22,10.38,32.69,36.39,53.99,34.12,10.4,12.89,123.98,63.33,18.44,84.54,58.72,47.31,46.89,10.76,39.28,62.8,15.98,12.2,21.1,24.54,26.6,24.42,11.18,15.52,42.74,83.56,14.55,47.9,131.9,71.35,22.3,,31.4,25.71
2021-11-02 07:00:00,15.34,48.72,23.98,39.78,55.41,17.75,48.54,19.3,60.47,81.14,19.57,15.21,48.47,82.55,39.16,36.66,10.32,31.78,35.24,55.76,33.34,10.2,12.75,120.26,61.88,18.13,82.41,57.0,47.4,45.94,10.84,38.33,63.62,16.34,12.33,21.16,25.08,26.7,24.47,11.8,15.05,42.43,82.01,14.38,47.85,130.0,70.72,21.95,,31.2,25.69
2021-11-03 07:00:00,15.62,50.7,24.27,40.11,56.02,18.72,47.74,19.48,60.55,84.02,19.47,16.41,48.83,81.68,39.47,40.5,10.46,32.18,35.24,55.48,34.8,10.49,12.8,120.26,62.07,18.2,82.48,58.29,47.84,46.85,10.68,38.75,64.56,16.92,12.42,21.28,25.83,26.8,24.71,11.83,15.16,42.56,82.69,14.77,47.9,131.8,70.02,22.01,,31.05,25.69
2021-11-04 07:00:00,15.97,49.38,24.76,40.51,55.33,17.36,46.75,19.89,59.5,81.62,18.38,16.83,48.78,79.33,38.56,37.32,11.15,31.83,34.48,55.66,31.94,11.27,13.18,120.51,61.88,17.47,80.57,57.37,46.52,47.25,10.43,38.11,66.28,16.49,12.4,21.68,25.26,27.9,25.37,11.09,15.3,43.0,80.16,15.3,47.6,129.3,69.47,22.62,,31.75,25.55
2021-11-05 07:00:00,15.86,49.38,25.25,41.57,55.07,18.06,47.41,19.62,61.48,82.1,18.87,16.51,48.83,79.26,38.79,37.6,11.03,32.23,35.32,55.01,32.69,11.17,13.05,122.33,64.05,17.54,79.43,57.43,46.43,46.89,10.51,37.26,65.69,16.49,13.18,21.5,26.17,27.5,25.27,11.24,15.26,42.48,79.87,15.1,47.25,129.6,69.62,22.3,,31.9,25.65
2021-11-08 07:00:00,15.72,51.26,25.02,42.03,56.11,18.29,48.01,19.6,63.49,82.42,20.38,15.92,49.54,83.15,38.71,37.78,10.93,32.58,35.63,55.38,32.79,11.37,12.91,123.98,63.57,18.01,80.42,58.23,47.84,48.52,10.8,38.06,67.22,17.32,13.37,20.99,26.17,27.65,24.94,11.61,15.18,42.74,80.16,14.95,47.5,129.8,70.49,22.42,,31.0,25.71
2021-11-09 07:00:00,15.67,52.67,25.25,41.83,55.76,19.68,48.14,19.74,63.73,80.9,20.61,16.54,49.49,81.14,40.38,38.16,11.09,32.52,35.4,55.1,33.03,11.56,12.89,126.38,63.47,18.01,79.81,57.07,47.92,48.7,10.8,38.33,67.77,18.27,13.24,21.48,26.89,28.05,25.04,11.8,15.23,42.7,80.16,14.83,47.7,131.9,71.51,22.07,,30.8,25.9
2021-11-10 07:00:00,15.72,52.96,24.73,41.3,56.73,19.14,48.34,19.77,61.09,80.98,20.77,16.7,48.93,80.67,41.37,38.07,11.34,32.35,34.78,54.92,33.06,11.51,12.98,122.33,62.6,18.55,79.12,56.57,48.45,47.61,10.68,38.38,68.0,18.09,12.59,21.45,26.89,28.2,24.85,11.55,14.95,42.3,81.03,14.95,47.55,131.0,70.72,21.77,,30.4,25.69
2021-11-11 07:00:00,15.62,51.26,24.9,41.64,56.38,20.5,48.73,19.42,60.08,81.06,21.37,16.96,49.23,80.6,40.76,38.58,11.42,31.49,33.79,54.54,33.1,11.22,12.89,122.99,63.33,18.98,80.19,54.67,52.75,47.7,10.88,37.53,67.92,18.85,13.42,21.28,27.04,28.55,24.42,12.11,15.23,42.61,80.35,14.91,47.45,129.2,70.57,21.54,,30.95,25.7
2021-11-12 07:00:00,15.48,51.36,24.3,41.44,55.24,22.05,49.26,19.02,59.93,80.02,20.93,17.35,48.83,80.06,40.23,39.28,11.29,30.86,33.33,54.17,33.98,10.83,12.62,121.42,65.49,18.67,80.95,56.39,52.58,47.12,10.63,37.69,67.22,18.81,12.73,21.19,26.83,27.45,24.28,13.57,14.92,42.83,79.29,14.91,47.4,128.2,70.72,21.42,,30.4,25.64
2021-11-15 07:00:00,15.67,52.3,24.87,41.9,56.46,22.78,48.73,19.77,60.2,81.54,20.89,19.04,49.99,79.93,40.0,38.81,11.58,31.2,34.25,54.92,34.12,11.37,12.94,123.98,65.64,18.63,81.56,56.02,52.75,50.05,10.84,38.38,67.18,19.07,12.57,21.3,27.5,28.4,24.94,14.5,15.3,42.83,80.16,15.34,47.25,128.1,70.33,21.48,,30.3,25.8
2021-11-16 07:00:00,15.65,50.79,24.5,39.25,55.24,23.17,47.68,19.36,59.89,81.46,20.97,18.33,49.38,79.26,40.15,37.83,11.8,30.52,33.25,54.27,33.1,11.03,12.98,127.12,66.46,18.86,79.12,55.72,52.49,49.82,11.67,38.06,66.83,18.74,12.57,21.22,27.32,28.0,24.56,14.16,15.23,42.56,81.62,15.02,47.5,126.5,69.94,21.21,,30.3,25.8
2021-11-17 07:00:00,15.55,53.05,24.47,39.78,57.25,22.16,47.68,19.44,61.24,81.7,20.85,18.2,49.89,78.59,41.82,36.8,11.42,29.77,33.02,54.54,32.76,11.3,12.91,124.81,66.31,18.9,79.5,55.47,51.43,48.7,11.59,38.33,66.71,18.09,12.67,21.1,27.07,28.1,24.56,14.47,15.23,42.35,80.65,14.95,47.35,127.5,69.62,21.27,,30.1,25.5
2021-11-18 07:00:00,15.72,55.87,25.25,40.31,56.38,22.63,50.92,19.32,63.96,81.7,20.18,18.07,49.89,77.91,41.29,37.22,11.38,29.43,32.41,54.27,32.89,11.08,12.94,124.39,66.6,18.75,79.12,55.16,54.59,47.84,11.67,38.17,66.79,18.63,12.65,21.08,29.25,28.15,24.56,14.91,14.93,42.83,81.13,15.08,48.5,127.9,69.78,21.13,,30.45,25.6
2021-11-19 07:00:00,15.34,55.5,25.56,39.58,56.03,24.8,49.66,19.3,65.7,80.82,18.99,17.61,49.49,76.44,40.23,37.32,11.68,28.4,30.49,54.27,32.52,11.0,12.71,123.15,67.42,18.59,78.36,54.92,54.24,47.97,12.25,37.32,65.73,19.61,12.41,20.96,30.22,27.7,24.47,16.74,14.85,42.35,80.55,14.87,47.3,126.5,69.15,20.83,,31.1,25.4
2021-11-22 07:00:00,15.72,53.71,25.48,40.04,53.13,23.09,48.07,19.8,65.51,79.22,18.44,18.75,48.47,69.85,37.34,34.65,12.56,27.6,28.73,55.01,31.19,11.27,12.82,121.91,67.42,17.39,78.28,55.59,51.17,46.12,11.5,35.72,65.26,18.67,12.59,21.02,29.31,28.0,24.71,15.93,15.23,42.39,78.9,15.69,47.25,128.2,67.58,21.24,,30.5,25.11
2021-11-23 07:00:00,16.07,50.23,26.11,38.85,52.43,20.23,45.69,20.64,63.57,78.02,18.4,18.0,48.22,68.85,36.58,32.92,13.17,28.0,29.57,56.13,29.34,11.56,13.23,122.82,66.75,16.69,78.05,55.72,49.07,46.22,11.01,33.85,65.69,17.47,13.1,21.42,29.19,28.95,25.23,14.04,16.44,43.13,78.7,16.56,47.0,127.8,67.97,21.65,,29.65,25.48
2021-11-24 07:00:00,15.9,51.73,25.79,39.78,54.8,21.7,46.48,20.49,64.73,81.22,19.51,17.84,49.08,71.67,38.86,35.12,13.01,28.34,30.0,55.66,31.12,11.22,13.03,128.52,68.86,17.39,81.87,55.66,50.64,47.34,11.5,36.04,65.66,18.41,12.83,21.25,32.03,28.5,24.85,14.81,16.85,43.22,80.35,16.4,47.4,132.4,67.97,21.27,,30.2,25.61
2021-11-25 07:00:00,16.65,50.89,26.62,39.25,55.15,20.81,49.99,21.45,65.12,80.66,19.27,19.6,49.99,69.59,38.94,35.07,13.62,27.88,29.11,56.13,32.07,12.17,14.11,129.76,69.39,17.08,81.72,55.66,50.29,47.34,11.3,35.77,65.66,17.98,13.58,23.31,32.21,31.0,26.45,13.79,17.13,45.75,81.91,17.82,47.4,132.2,68.76,22.21,,31.5,26.0
2021-11-26 07:00:00,16.49,52.39,26.45,40.17,55.68,22.16,49.33,21.09,64.54,79.62,19.7,19.17,50.81,69.79,38.71,35.45,13.37,28.23,30.11,56.96,32.0,11.9,14.02,128.94,69.73,17.66,83.4,58.17,50.91,46.89,11.54,35.66,64.72,18.12,13.37,23.16,33.06,30.7,26.03,15.4,16.99,46.49,81.52,17.6,47.95,131.8,68.84,22.54,,30.8,26.2
2021-11-29 07:00:00,15.86,49.85,25.53,39.64,53.75,20.92,47.81,20.1,61.67,80.74,19.59,18.65,49.49,65.56,36.81,33.67,12.64,27.6,29.77,56.31,31.05,11.2,13.39,128.11,66.89,17.16,82.02,58.23,48.63,44.64,10.92,35.4,62.53,17.07,13.05,21.73,31.73,30.1,25.04,14.35,16.09,45.0,79.29,17.38,49.5,128.9,68.99,22.65,,29.8,26.25
2021-11-30 07:00:00,16.14,50.32,25.76,39.25,54.71,23.56,49.73,20.97,62.41,83.3,19.39,18.46,49.79,67.23,38.33,34.89,13.17,28.03,30.03,55.85,31.36,11.37,13.59,126.21,66.7,17.62,84.77,57.86,48.71,45.09,11.3,38.17,61.08,17.8,13.1,22.82,34.33,30.25,25.08,14.72,16.58,45.31,83.07,17.42,52.75,123.0,68.84,22.77,,30.35,26.0
2021-12-01 07:00:00,15.53,49.94,25.48,40.11,53.66,23.02,53.57,20.1,63.18,82.42,19.94,17.61,49.49,65.56,37.8,36.1,12.48,28.34,30.3,53.89,31.73,10.88,13.07,123.15,65.73,17.39,84.77,57.19,47.4,44.19,11.17,38.06,61.75,17.72,12.57,21.85,33.54,28.8,24.38,15.22,15.57,43.31,81.81,16.64,52.5,121.6,69.15,22.01,,29.85,25.8
2021-12-02 07:00:00,15.76,50.79,25.39,39.25,53.57,22.4,52.38,20.61,63.22,83.46,20.69,17.91,49.54,66.09,37.65,35.63,13.21,28.17,30.42,52.68,31.66,11.13,13.36,123.98,66.84,17.27,88.59,57.0,47.66,43.74,11.59,37.16,61.16,18.16,12.7,22.59,33.24,29.9,24.75,15.22,16.63,43.7,80.84,17.07,53.0,120.0,68.76,22.24,,29.7,26.22
2021-12-03 07:00:00,15.67,49.76,25.53,38.98,53.57,22.32,51.78,20.49,63.57,92.82,19.82,17.78,49.64,66.56,37.95,35.87,13.01,27.94,30.3,52.96,31.73,10.96,13.21,125.63,65.64,17.47,88.97,58.54,48.71,44.23,11.75,37.1,62.14,18.23,12.59,22.62,32.69,29.4,24.56,15.03,16.92,43.22,80.26,16.76,54.55,120.4,68.84,21.89,,29.7,26.18
2021-12-06 07:00:00,15.15,47.22,24.67,38.38,50.68,20.85,50.92,19.77,61.32,92.58,18.72,17.29,48.47,64.68,37.23,34.14,12.56,27.2,28.42,51.94,31.39,10.37,12.75,124.81,64.29,17.04,84.01,58.54,46.87,42.43,11.42,35.56,61.28,17.03,12.25,21.79,30.58,28.0,23.76,13.88,16.13,42.7,78.6,16.83,53.95,119.8,67.58,20.98,,28.1,25.51
2021-12-07 07:00:00,15.25,46.14,24.13,36.85,50.68,19.84,51.05,19.48,60.66,93.62,18.24,16.44,48.22,63.47,36.66,34.14,11.99,26.6,27.51,52.59,29.72,10.01,12.48,124.39,63.28,16.92,84.93,58.97,45.99,41.48,11.67,34.92,59.32,16.67,11.82,22.02,31.42,27.3,23.43,13.04,16.4,41.87,78.31,16.05,53.7,120.0,67.42,20.95,,28.15,25.3
2021-12-08 07:00:00,15.32,47.03,25.07,38.85,51.2,20.3,51.65,19.74,64.35,96.66,18.91,16.87,48.98,65.49,36.66,34.56,12.31,27.43,28.19,52.5,30.91,10.25,12.71,124.97,64.34,17.43,86.3,60.25,47.4,42.92,12.79,36.2,59.83,17.29,11.92,22.13,31.73,28.05,23.71,13.26,16.65,42.7,79.38,16.13,53.25,122.8,67.82,20.95,,29.95,25.9
2021-12-09 07:00:00,15.48,47.88,25.22,37.85,50.59,19.99,53.63,19.77,65.7,99.94,18.87,17.35,48.27,65.76,36.81,34.6,12.15,26.85,27.16,52.59,31.25,10.18,12.66,123.98,64.48,17.39,87.06,60.56,46.96,43.56,12.41,35.72,59.79,16.92,12.19,22.59,30.82,28.5,23.62,12.92,17.68,42.43,78.8,16.52,52.5,120.9,67.5,20.77,,30.0,25.51
2021-12-10 07:00:00,15.58,52.69,25.42,39.11,50.85,20.69,58.27,20.25,68.22,99.22,19.39,17.42,48.93,66.09,37.04,34.89,12.48,26.94,27.31,52.68,32.79,10.4,12.91,126.46,64.1,18.63,88.21,60.56,47.22,44.01,12.74,35.93,59.6,17.14,12.3,22.71,32.45,28.85,23.86,13.97,17.72,44.0,78.99,16.97,53.5,123.6,67.97,20.98,,30.2,25.8
2021-12-13 07:00:00,15.74,51.17,26.11,38.91,51.91,23.17,60.12,20.31,68.46,98.42,20.34,17.42,48.98,65.82,37.19,35.54,12.52,26.65,26.51,52.12,33.23,10.45,12.78,127.37,64.72,19.41,86.3,60.5,46.87,44.24,13.45,36.46,59.79,17.07,12.25,22.71,32.15,28.6,23.76,13.91,18.0,44.44,78.7,17.11,51.35,124.5,67.82,21.13,,30.4,25.76
2021-12-14 07:00:00,15.62,54.49,26.22,38.58,51.73,24.76,59.59,20.26,69.39,113.22,19.7,17.19,48.72,65.76,37.19,36.01,12.23,26.65,26.97,50.73,33.81,10.83,12.78,128.86,64.87,18.63,84.93,60.37,47.13,44.24,13.32,36.99,59.52,17.07,12.11,22.71,32.21,28.55,23.62,14.84,17.3,43.39,80.16,16.81,51.5,126.0,67.89,20.77,,30.35,25.98
2021-12-15 07:00:00,15.53,56.1,25.93,40.51,51.29,26.47,59.13,19.89,67.25,106.98,20.34,17.48,48.57,65.56,37.19,35.54,12.03,27.48,29.08,52.31,33.16,11.03,12.73,129.1,65.2,20.18,86.38,56.76,47.75,43.65,13.74,36.46,59.79,17.54,11.95,22.71,31.73,28.1,23.76,14.91,17.51,43.35,79.87,16.95,51.35,123.9,67.89,20.54,,30.25,25.82
2021-12-16 07:00:00,15.72,60.74,25.82,39.98,51.73,25.42,60.92,19.92,68.22,108.82,20.34,17.22,49.49,65.82,38.48,35.54,12.4,27.54,28.73,52.03,32.79,10.93,12.98,133.24,65.49,19.87,88.44,57.8,48.1,43.56,13.28,35.93,59.52,17.8,12.08,22.68,31.36,28.7,23.86,15.15,18.24,43.92,80.45,17.31,50.0,123.1,67.82,20.54,,30.5,25.57
2021-12-17 07:00:00,15.55,63.78,25.76,39.91,50.85,27.9,61.25,19.95,67.1,104.1,19.61,17.0,48.52,66.56,37.42,35.54,12.19,27.11,28.42,51.66,33.3,10.74,12.75,132.16,64.34,20.26,87.9,59.88,48.19,43.06,14.48,35.66,59.01,17.8,11.92,22.65,30.82,28.65,23.62,15.75,17.79,43.57,80.06,17.48,50.0,122.9,68.05,19.89,,30.15,25.5
2021-12-20 07:00:00,15.58,63.49,25.7,40.24,50.68,29.45,60.59,20.2,66.79,98.9,19.86,16.9,48.98,65.82,37.42,35.73,12.03,26.74,27.58,51.57,34.46,10.59,12.71,134.07,64.29,19.87,87.75,58.84,47.57,42.78,14.23,35.93,58.66,17.58,11.82,22.56,31.73,28.25,23.55,15.53,18.22,42.91,82.78,17.25,51.0,122.5,67.58,20.13,,30.8,25.35
2021-12-21 07:00:00,15.46,62.17,25.53,42.43,49.36,30.22,58.6,19.89,64.93,102.98,20.14,17.39,48.57,64.95,36.58,35.07,12.07,26.85,27.2,51.1,33.98,10.49,12.66,134.07,64.05,20.8,88.06,58.66,46.52,42.42,14.98,35.56,58.23,17.22,11.68,22.42,32.09,28.65,23.38,15.22,18.45,43.13,81.13,17.88,49.5,121.9,67.42,19.95,,31.05,25.49
2021-12-22 07:00:00,15.32,62.64,25.25,41.3,49.98,32.7,59.13,19.8,61.9,103.86,21.76,17.39,48.22,64.41,36.17,35.45,12.11,26.51,26.74,51.57,33.92,10.45,12.6,139.03,64.34,20.8,89.35,58.84,46.78,43.24,15.68,37.26,58.23,17.03,11.52,22.45,31.73,28.45,23.29,17.02,17.99,43.31,84.34,17.35,49.1,122.5,67.34,20.07,,31.5,25.37
2021-12-23 07:00:00,15.29,64.82,25.24,39.91,49.54,31.77,59.99,19.46,62.25,102.42,21.37,18.0,48.22,64.48,36.28,36.8,11.42,25.82,26.43,51.1,35.49,10.18,12.53,140.61,64.92,20.88,88.59,57.86,46.52,42.87,15.72,36.73,57.57,17.58,11.12,22.33,30.7,27.6,23.08,17.55,17.75,43.59,83.46,16.83,49.8,122.7,67.11,19.72,,31.75,25.4
2021-12-24 07:00:00,15.25,63.49,25.03,37.65,48.4,31.0,64.56,19.61,62.02,98.34,21.96,20.05,47.46,64.68,35.07,36.57,11.19,25.94,27.58,50.92,35.49,10.03,12.28,141.52,64.34,20.26,89.8,58.23,46.87,42.83,15.02,37.47,57.25,17.94,10.8,22.08,29.73,27.4,22.42,17.2,17.1,43.2,80.35,16.4,48.25,123.9,66.56,19.19,,31.0,25.19
2021-12-27 07:00:00,15.62,62.07,25.53,38.85,49.54,30.84,64.82,20.26,61.67,94.5,21.72,20.28,47.81,64.28,34.91,36.38,11.97,26.65,27.58,51.1,34.8,10.54,12.75,141.43,64.87,20.42,88.9,58.05,46.78,43.15,14.11,38.86,57.57,18.02,11.76,23.73,30.18,28.45,23.34,17.2,18.5,44.38,80.74,17.31,48.5,124.0,67.58,20.28,,31.5,25.3
2021-12-28 07:00:00,15.55,61.6,25.75,39.84,49.1,33.63,67.41,20.56,62.21,92.82,20.73,23.17,47.96,65.15,34.53,36.1,11.74,26.28,26.89,50.64,36.24,10.49,12.78,140.27,65.25,20.77,89.4,57.92,48.01,43.87,15.27,38.06,58.43,18.31,11.55,25.34,29.79,28.25,23.27,18.82,18.92,45.0,80.65,16.87,49.55,125.7,67.74,20.25,,31.3,25.5
2021-12-29 07:00:00,15.88,62.26,25.79,38.58,48.92,36.42,68.86,20.87,63.11,94.18,21.09,24.37,48.12,66.36,34.8,35.17,12.44,26.22,27.51,49.98,35.89,10.69,12.82,141.93,64.82,20.8,87.1,57.8,47.31,43.56,14.98,38.22,57.96,18.02,11.63,25.14,29.55,30.5,23.22,18.23,19.65,44.72,80.55,17.03,49.0,125.2,67.19,20.36,,30.8,25.45
2021-12-30 07:00:00,15.81,60.65,25.68,38.58,48.57,37.28,70.19,20.93,61.51,90.82,19.66,22.75,47.56,65.82,34.95,34.51,12.48,26.51,28.5,50.26,36.51,10.79,12.89,142.34,64.77,20.42,87.0,57.0,47.75,42.65,14.9,37.37,58.23,18.16,11.55,25.85,30.34,29.6,23.24,17.42,19.23,44.89,80.06,17.35,47.9,124.6,67.03,20.48,,30.5,25.5
2021-12-31 07:00:00,15.95,60.46,25.82,39.18,48.4,36.35,70.52,20.87,61.86,94.02,20.18,22.1,47.61,65.42,35.75,34.79,12.48,26.34,28.27,50.08,35.76,10.93,12.94,140.52,64.67,20.65,86.3,57.98,47.49,42.47,14.44,37.21,58.19,19.18,11.55,25.68,31.97,30.7,23.38,17.48,19.16,44.44,79.67,17.42,47.6,126.0,67.19,20.83,,30.55,25.43
2022-01-04 07:00:00,16.33,60.94,27.27,40.84,49.1,37.2,72.9,21.15,62.41,90.02,19.98,21.77,47.41,65.09,36.05,34.79,12.7,26.8,28.92,50.17,35.35,11.08,13.16,141.52,65.44,20.57,90.5,58.35,47.75,43.65,14.65,37.16,59.4,18.89,12.03,26.17,31.73,32.0,23.86,17.27,19.39,44.44,80.35,18.86,48.0,128.3,68.52,21.21,,30.3,25.85
2022-01-05 07:00:00,16.11,63.02,27.49,39.84,49.98,40.3,70.32,21.49,62.13,91.46,20.02,22.07,47.56,68.98,36.05,35.17,12.64,26.85,28.85,50.26,37.26,10.98,13.12,141.52,66.36,21.35,89.0,57.92,49.15,43.56,15.89,37.16,61.75,19.18,12.08,25.99,32.03,31.9,24.04,17.7,19.86,44.44,82.69,18.74,50.4,125.8,68.21,21.16,,31.25,26.2
2022-01-06 07:00:00,15.72,62.45,26.48,39.11,49.63,41.85,69.19,21.18,60.85,94.66,19.59,22.42,47.51,69.85,36.05,35.54,12.27,26.62,28.19,49.8,38.08,10.71,12.84,133.24,66.02,20.65,88.5,57.25,48.89,43.19,15.6,37.63,62.14,18.96,11.76,25.19,31.67,32.5,23.71,17.39,19.3,44.21,81.62,18.41,50.5,123.0,67.66,20.72,,34.5,25.98
2022-01-07 07:00:00,15.9,67.85,28.04,39.05,49.54,41.62,75.68,20.87,60.77,98.42,19.27,21.9,47.25,70.19,35.52,36.01,12.44,26.39,27.28,49.89,38.9,10.54,12.78,129.02,66.22,20.3,88.2,57.43,49.07,42.92,15.93,37.47,61.24,18.81,12.0,25.05,31.24,32.7,23.57,18.2,19.55,44.78,83.07,18.27,53.2,123.8,67.03,20.6,,35.95,25.9
2022-01-10 07:00:00,15.48,72.02,28.43,39.64,48.75,43.79,76.08,20.44,59.64,90.02,18.58,21.77,47.3,72.21,36.55,36.1,12.27,26.25,27.35,49.98,38.21,10.93,12.87,129.02,65.25,20.34,86.4,57.0,49.77,42.56,16.97,36.84,61.0,19.1,11.87,24.19,31.18,31.95,23.38,17.7,19.16,44.83,83.07,18.05,51.25,123.9,67.75,20.25,,34.65,25.85
2022-01-11 07:00:00,15.48,69.18,28.14,38.32,47.96,42.62,70.19,20.56,56.63,85.86,17.09,21.12,46.7,69.18,35.07,35.17,12.03,26.37,27.28,49.98,36.85,10.59,12.73,126.62,64.05,19.37,83.9,57.31,48.19,42.28,15.72,35.98,60.17,19.58,11.5,22.88,30.03,31.8,23.1,17.7,18.87,45.0,83.07,17.9,51.0,123.5,66.79,20.19,,34.8,25.45
2022-01-12 07:00:00,15.34,71.26,28.58,38.38,47.35,40.84,70.85,20.26,56.56,84.9,17.21,21.55,45.22,70.53,34.84,34.42,11.91,25.88,26.51,49.89,35.08,10.32,12.71,120.41,63.47,19.41,83.6,56.64,49.15,42.69,15.43,35.13,60.49,18.6,11.28,22.31,29.31,32.5,22.89,17.3,18.78,44.66,80.65,17.58,50.75,123.0,66.95,20.07,,33.95,25.4
2022-01-13 07:00:00,15.79,76.57,30.83,39.05,47.87,38.01,75.09,21.12,57.92,81.62,17.81,22.49,46.14,73.28,34.16,34.7,12.76,26.51,27.24,48.12,36.99,10.79,13.39,120.0,65.73,20.14,84.0,55.16,48.28,43.56,15.02,36.04,60.57,18.31,11.87,24.02,30.82,35.4,24.04,16.7,20.23,45.28,81.62,18.64,50.5,123.0,66.63,20.95,,36.1,25.86
2022-01-14 07:00:00,15.65,69.27,31.41,38.3,46.91,35.38,69.86,21.49,55.85,80.98,17.01,21.84,46.54,69.85,33.32,32.92,12.36,26.62,27.2,49.52,36.17,10.64,13.3,117.6,65.01,18.32,82.1,55.47,47.4,41.6,13.66,34.87,59.38,17.03,11.55,23.76,29.28,33.8,23.62,14.76,19.48,46.07,79.67,17.97,49.1,121.9,66.39,20.69,,33.0,25.67
2022-01-17 07:00:00,15.53,72.02,31.92,39.65,48.14,32.94,72.51,21.85,56.95,84.74,16.18,21.97,45.93,71.67,32.64,33.39,12.56,26.48,27.08,49.8,36.24,10.69,13.39,120.0,64.05,18.79,82.0,56.15,49.15,42.24,14.65,35.34,60.17,17.51,12.0,24.46,29.31,35.5,23.48,15.96,19.44,46.69,79.97,18.05,49.5,121.5,67.91,20.45,,34.2,25.7
2022-01-18 07:00:00,15.36,66.53,31.48,37.96,46.21,30.65,66.22,21.3,51.1,83.38,15.39,20.28,44.82,69.85,30.32,30.3,11.93,25.48,25.51,49.52,33.51,10.35,13.39,115.86,62.12,17.23,80.0,53.02,46.78,41.83,13.08,34.07,59.42,16.02,11.44,23.6,26.77,32.6,22.96,14.76,18.5,48.09,76.95,17.11,48.5,120.5,66.23,19.4,,31.6,25.0
2022-01-19 07:00:00,15.39,63.97,32.68,37.82,45.24,28.52,64.89,21.42,50.7,82.82,16.97,21.03,44.72,72.61,31.23,29.65,12.05,25.42,25.67,49.43,34.19,10.45,13.61,116.85,62.7,17.31,79.5,53.94,47.84,42.28,12.91,34.12,60.17,15.36,11.23,23.42,26.53,34.3,23.15,13.68,18.03,49.22,74.82,16.99,47.5,124.0,66.23,19.54,,32.6,25.29
2022-01-20 07:00:00,15.48,68.7,31.26,38.77,45.94,26.54,65.55,20.56,57.65,81.78,16.97,21.03,44.87,71.87,31.88,30.3,11.7,25.08,25.13,49.61,35.49,10.3,13.39,124.14,64.05,17.16,79.5,54.49,47.49,42.19,13.32,34.33,58.39,16.34,10.59,23.54,27.44,32.6,22.98,14.22,18.36,47.93,75.4,17.15,47.3,126.0,66.31,19.72,,32.9,25.2
2022-01-21 07:00:00,15.46,72.02,34.13,39.52,45.77,27.9,71.84,21.55,59.09,81.62,17.21,21.25,45.17,72.54,32.22,30.86,11.82,25.19,25.55,48.22,35.55,10.45,13.61,126.12,64.53,17.85,80.2,55.16,47.49,42.87,14.07,34.65,60.13,16.24,11.2,24.13,27.32,33.6,23.15,15.29,18.52,48.88,77.15,17.11,47.95,123.6,66.31,19.95,,33.65,25.2
2022-01-24 07:00:00,15.72,70.03,34.02,39.04,45.77,29.06,70.92,21.79,57.73,81.7,16.62,21.45,44.77,71.87,31.95,30.3,11.91,24.68,24.71,50.26,34.87,10.79,14.35,122.73,63.66,17.74,78.5,55.04,48.1,43.33,13.66,35.03,58.71,15.94,11.02,24.06,26.47,34.4,23.6,14.89,18.69,50.29,76.47,17.66,47.45,121.8,65.99,19.98,,33.1,25.28
2022-01-25 07:00:00,16.11,68.23,33.59,38.3,44.54,24.57,69.53,21.85,53.63,79.22,15.43,21.97,43.24,71.2,30.66,27.31,11.82,23.19,22.98,49.89,33.16,10.66,14.42,119.17,62.51,17.47,78.2,52.22,47.49,43.92,12.5,33.53,57.36,15.0,11.04,24.06,24.78,33.1,24.19,13.95,17.61,52.03,74.33,17.35,47.5,120.5,64.32,19.6,,31.85,24.97
2022-01-26 07:00:00,16.42,73.16,35.91,38.64,45.77,25.26,74.1,23.02,56.91,78.74,16.58,22.75,44.16,74.09,33.28,29.74,12.4,24.91,23.98,50.17,34.39,11.56,14.85,127.78,63.09,18.13,79.7,55.29,48.1,44.28,13.9,34.23,57.4,15.91,11.55,24.56,25.98,35.0,24.75,14.35,18.69,53.89,78.7,18.09,48.25,121.3,63.36,20.48,,33.6,25.3
2022-01-27 07:00:00,16.61,72.97,34.82,40.19,46.38,21.27,66.94,22.81,53.86,78.9,16.31,22.75,43.65,75.56,31.88,28.99,12.52,24.73,23.9,50.17,34.12,11.95,14.87,121.24,63.04,17.39,79.2,53.33,50.91,45.37,13.49,34.33,57.4,15.98,11.92,24.22,25.68,35.3,24.56,13.15,18.41,52.31,78.9,18.54,48.25,121.0,64.0,21.07,,33.8,25.68
2022-01-28 07:00:00,16.37,72.5,34.53,40.47,47.26,20.89,67.94,22.59,51.52,79.62,16.71,23.07,43.65,75.16,32.26,28.71,12.6,24.19,23.44,50.26,34.12,11.85,15.01,118.43,63.23,17.16,79.5,53.76,50.03,45.37,13.57,35.93,58.9,15.98,11.71,23.94,26.17,35.2,24.52,13.41,18.76,51.19,78.12,18.6,47.55,121.5,66.31,20.92,,34.1,25.72
2022-02-07 07:00:00,16.42,75.62,35.11,42.09,48.66,22.01,66.28,22.96,55.0,82.42,16.49,24.5,45.68,76.44,33.28,29.93,12.8,24.51,23.75,50.26,34.67,12.39,15.46,120.0,64.05,17.62,79.5,55.9,50.21,47.0,14.07,37.16,59.18,16.24,12.19,24.13,27.8,36.0,25.37,13.48,19.76,50.96,79.29,18.84,48.2,122.8,66.47,21.71,,35.8,25.78
2022-02-08 07:00:00,16.28,74.39,34.38,42.16,48.66,22.47,63.04,22.22,55.7,82.02,17.36,23.37,45.43,76.91,35.26,30.21,12.7,24.62,24.21,50.54,34.6,11.9,15.14,121.16,64.48,18.13,80.0,55.66,51.0,48.14,14.73,36.2,60.76,16.53,12.25,24.06,27.5,35.35,24.94,13.72,19.55,51.98,80.16,18.33,45.65,130.7,66.63,21.21,,35.5,25.99
2022-02-09 07:00:00,16.84,75.81,34.31,40.33,48.57,19.65,62.24,22.41,57.92,81.06,17.93,23.14,46.54,75.9,35.67,31.05,12.92,26.22,26.62,50.73,34.53,12.15,15.23,121.24,65.64,18.4,79.7,54.49,51.61,47.59,14.81,36.94,61.12,16.71,12.41,23.48,27.38,36.0,25.51,13.68,19.58,51.3,78.9,19.06,43.8,130.8,65.51,22.01,,35.5,26.11
2022-02-10 07:00:00,16.7,77.52,35.25,41.35,49.01,21.7,64.69,22.34,56.98,82.26,17.79,23.4,46.39,75.23,36.74,31.0,12.76,27.14,28.31,50.26,36.17,11.95,14.96,122.48,65.97,18.48,79.1,55.78,52.58,46.96,14.77,36.99,61.28,16.89,12.75,23.66,27.68,35.0,25.32,14.25,19.53,51.24,79.48,18.72,42.85,134.8,66.15,21.74,,36.0,26.36
2022-02-11 07:00:00,16.56,76.38,34.96,41.01,48.49,21.62,63.04,22.62,55.78,83.06,18.44,22.65,46.59,75.56,36.24,30.96,12.8,26.68,27.62,50.17,36.03,12.15,15.21,124.14,65.01,18.51,78.5,55.1,53.37,46.73,15.31,36.2,62.19,16.64,12.57,23.66,27.19,34.75,25.27,13.95,19.16,51.36,77.73,18.6,41.5,132.8,65.91,21.6,,35.95,26.27
2022-02-14 07:00:00,16.61,71.93,34.24,40.33,47.52,20.11,61.91,22.32,56.17,80.02,18.54,23.27,46.19,76.3,36.58,31.56,12.44,26.62,28.0,51.19,35.83,12.39,15.1,122.9,64.48,18.17,78.0,55.1,52.84,47.64,14.81,35.98,61.44,16.42,12.3,23.36,26.89,34.85,25.13,13.45,19.62,49.56,76.76,18.41,40.85,132.0,65.11,21.24,,33.6,26.08
2022-02-15 07:00:00,15.97,74.86,32.53,39.45,47.61,20.38,61.58,21.36,54.96,80.02,18.66,23.76,46.19,77.91,37.12,30.96,11.91,26.45,27.85,50.92,35.89,11.81,14.49,125.63,63.9,18.32,78.0,54.8,52.93,47.14,14.65,35.66,66.43,16.27,11.82,22.37,26.71,33.1,24.38,13.62,19.16,48.38,75.88,18.09,41.0,138.9,64.79,20.66,,33.0,26.0
2022-02-16 07:00:00,16.28,77.33,33.44,39.92,48.57,21.78,61.25,21.67,55.27,80.82,19.15,24.57,46.54,76.91,36.81,31.8,12.15,26.39,27.58,51.01,36.71,12.0,14.85,132.41,64.63,18.48,79.9,55.16,51.17,47.64,15.23,36.46,67.42,16.27,12.11,22.99,27.01,33.75,24.66,13.99,19.13,49.22,78.02,18.17,41.95,139.5,64.87,21.19,,34.2,26.0
2022-02-17 07:00:00,16.02,77.42,33.15,40.06,50.59,23.02,63.5,21.33,55.78,80.98,19.79,23.14,46.64,76.84,37.95,31.8,11.99,26.34,27.96,50.82,36.78,11.81,14.72,130.76,63.57,18.79,78.2,55.47,51.52,48.32,15.23,38.49,66.47,16.74,12.03,22.77,27.07,33.6,24.38,14.66,18.87,48.94,77.73,18.09,41.4,139.0,64.32,20.92,,34.3,25.89
2022-02-18 07:00:00,16.0,79.22,32.97,40.53,49.8,22.16,62.24,21.27,57.3,81.54,19.35,23.46,46.85,78.25,38.71,31.56,11.99,26.45,27.74,50.92,37.12,11.71,14.83,132.41,63.62,18.59,78.2,56.7,52.4,48.55,15.23,37.85,66.5,16.6,12.0,22.31,26.89,33.6,24.42,14.42,18.92,48.6,77.73,18.33,41.25,140.1,64.0,21.07,,34.0,25.89
2022-02-21 07:00:00,15.9,79.32,32.5,41.69,50.24,25.11,62.31,21.24,59.64,90.18,19.92,23.33,46.8,78.25,39.32,31.33,11.95,26.97,28.69,50.92,36.85,11.3,14.69,135.23,63.81,18.86,78.5,55.84,53.19,48.55,15.35,38.65,66.9,16.56,11.87,22.22,27.38,33.35,24.38,15.16,18.92,48.71,77.73,18.17,41.05,147.5,64.63,21.01,,33.55,25.78
2022-02-22 07:00:00,15.95,76.67,32.57,43.04,49.89,25.15,62.9,20.87,58.19,94.18,19.33,22.88,47.2,79.26,38.33,32.31,11.89,26.51,27.58,50.82,36.71,11.32,14.65,129.35,64.05,18.9,77.5,55.66,53.19,48.27,15.06,38.27,66.86,16.56,11.76,22.22,27.38,32.9,24.09,14.89,18.95,48.94,77.05,18.09,41.5,144.0,64.63,20.83,,33.9,25.88
2022-02-23 07:00:00,16.33,77.52,33.73,43.92,49.36,26.35,64.3,21.42,59.72,91.22,19.51,22.75,47.0,78.99,39.62,32.08,12.07,26.71,27.43,50.64,36.78,11.49,15.59,130.26,66.31,18.63,78.0,55.1,54.95,49.91,14.86,38.43,66.54,16.64,11.87,22.34,27.32,33.9,24.42,14.76,19.39,48.94,77.54,18.49,41.05,142.4,63.92,20.95,,34.95,25.9
2022-02-24 07:00:00,16.11,78.84,32.86,44.4,50.5,27.05,65.16,21.24,60.88,92.18,20.61,22.23,47.2,79.26,39.09,32.03,12.03,26.77,28.0,51.01,36.92,11.47,15.32,129.52,65.97,18.48,77.4,55.1,54.95,49.86,15.06,39.66,65.75,17.03,11.82,22.37,27.25,33.4,24.33,14.62,19.62,48.77,77.05,18.35,41.15,146.9,63.92,21.04,,34.65,25.9
2022-02-25 07:00:00,16.19,78.28,32.35,43.24,51.73,26.74,64.3,20.93,63.58,90.1,22.31,21.97,46.9,80.67,39.47,31.99,11.91,26.39,27.81,50.73,36.17,11.3,15.53,133.24,65.93,17.82,76.5,54.25,55.38,49.45,14.9,39.12,66.98,16.64,11.76,22.19,27.19,33.1,24.09,14.49,19.48,47.98,76.76,18.53,40.45,148.1,63.12,21.89,,34.4,25.45
2022-02-28 07:00:00,16.09,77.04,32.13,43.92,51.55,25.5,65.29,20.78,63.54,91.06,22.19,23.07,46.85,79.93,38.41,32.08,11.95,26.37,27.74,50.26,36.37,11.15,15.35,130.76,65.73,17.85,76.5,53.51,55.3,48.55,14.77,39.02,66.9,16.56,11.68,22.31,27.68,33.0,23.86,14.45,19.53,47.87,76.08,18.68,39.75,144.5,63.04,22.42,,34.0,25.7
2022-03-01 07:00:00,15.95,74.86,31.74,44.06,51.99,24.8,64.3,20.44,63.89,89.62,24.05,22.07,47.71,79.93,38.33,31.99,11.74,27.31,30.34,50.08,36.17,11.0,15.59,129.93,65.93,17.89,75.3,52.1,54.77,46.32,14.28,40.3,67.22,16.56,11.58,21.85,27.8,33.0,23.95,14.32,19.72,47.53,75.3,18.41,38.55,139.0,62.64,22.24,,33.5,25.75
2022-03-02 07:00:00,15.81,72.5,31.7,42.91,52.34,25.96,63.5,20.38,63.58,90.02,23.4,22.29,47.2,80.6,37.72,33.76,11.52,26.91,29.8,49.52,36.99,10.74,15.23,128.27,65.4,18.09,75.3,52.1,55.3,47.64,14.44,39.66,66.7,16.96,11.42,22.74,27.56,32.5,23.67,14.39,19.83,48.15,75.5,18.33,39.6,140.8,63.28,21.95,,33.4,25.6
2022-03-03 07:00:00,15.48,73.92,30.72,41.35,51.82,25.57,61.25,19.71,65.14,94.98,24.34,21.03,47.3,81.88,38.41,33.53,11.29,27.25,30.8,50.17,37.05,10.79,14.83,131.34,65.01,17.62,76.7,53.69,54.77,47.18,14.44,39.39,67.3,16.85,11.31,22.96,27.19,31.55,23.38,14.25,19.44,47.81,75.69,17.88,39.45,145.0,62.88,21.6,,33.0,25.3
2022-03-04 07:00:00,15.67,74.39,31.05,42.7,51.29,25.42,59.59,20.04,70.99,94.42,23.93,20.9,47.36,80.6,42.73,34.04,11.62,29.2,32.49,50.26,37.46,10.83,14.87,132.0,65.73,17.78,78.9,53.94,54.59,46.6,14.23,40.78,66.31,18.16,11.39,23.14,27.8,31.85,23.5,14.32,19.2,47.93,75.79,18.05,39.5,142.5,62.64,22.01,,32.65,25.68
2022-03-07 07:00:00,15.72,72.97,31.05,42.02,52.78,25.96,61.25,19.71,70.44,92.82,25.51,20.67,47.25,84.3,41.67,33.67,11.29,28.74,31.8,50.17,36.85,10.69,14.51,132.16,64.77,17.54,76.5,55.59,55.12,48.91,14.23,39.82,62.91,17.98,11.26,23.36,27.86,31.2,23.38,14.82,18.87,47.42,75.01,17.9,39.2,138.6,62.24,22.3,,33.3,25.5
2022-03-08 07:00:00,15.48,72.12,30.32,41.01,51.03,25.5,59.66,19.64,74.15,92.1,26.2,21.32,47.61,82.35,42.05,34.14,11.17,28.97,31.95,50.08,36.17,10.59,14.33,130.76,64.53,17.93,75.6,54.74,54.86,49.73,14.07,38.97,61.23,18.16,11.12,23.14,28.1,31.05,23.15,14.69,18.13,47.14,73.75,17.62,39.0,134.0,60.96,22.01,,32.75,25.5
2022-03-09 07:00:00,15.36,70.22,30.18,40.53,51.12,24.41,59.06,19.71,72.04,90.58,25.88,21.55,48.02,82.48,40.15,34.0,11.13,28.63,31.49,50.17,35.28,10.66,13.97,131.17,64.58,18.17,76.4,53.57,54.42,48.82,14.32,38.49,61.79,17.87,11.31,23.11,28.58,31.0,23.15,14.62,18.15,46.01,72.87,17.5,39.05,136.9,60.72,21.8,,32.5,25.3
2022-03-10 07:00:00,15.48,68.42,30.1,41.69,50.42,24.1,57.94,19.95,72.35,91.54,25.88,22.23,48.88,79.26,43.26,33.86,11.23,28.63,31.57,50.26,35.21,10.81,14.11,128.85,64.53,18.17,77.0,54.25,54.42,49.96,14.07,38.38,61.91,17.65,11.39,23.08,28.89,31.75,23.53,14.66,18.59,46.69,72.68,17.82,39.25,140.0,60.72,22.01,,32.1,25.5
2022-03-11 07:00:00,15.39,69.75,29.7,40.33,50.06,23.87,56.28,19.71,72.94,91.46,26.57,22.62,47.96,79.26,41.75,33.2,10.99,28.17,31.41,50.64,35.08,10.81,13.99,123.31,64.24,17.7,78.0,53.94,53.8,48.82,13.57,38.38,63.43,17.69,11.31,22.96,27.92,31.4,23.24,14.32,18.08,47.08,73.07,17.11,39.4,138.5,61.68,21.51,,31.7,25.14
2022-03-14 07:00:00,15.25,67.85,30.36,40.53,49.19,22.94,56.61,19.83,73.6,86.02,26.97,22.72,47.2,73.88,41.75,32.27,11.11,27.08,31.03,50.36,34.73,10.69,14.2,117.68,63.62,17.51,76.7,53.69,50.47,47.36,13.37,38.17,61.11,17.07,11.34,23.02,26.95,32.05,23.05,14.02,17.99,46.86,72.48,17.11,39.4,138.6,62.32,21.19,,31.65,25.0
2022-03-15 07:00:00,15.39,67.85,29.96,39.58,48.14,22.67,56.61,19.61,70.21,87.46,24.74,23.92,46.59,69.85,38.33,31.05,11.07,26.31,29.11,50.45,34.73,10.62,14.38,112.14,62.94,17.23,75.8,53.51,48.54,45.4,12.99,38.75,61.51,16.56,11.79,22.9,26.02,32.5,22.96,13.58,18.31,47.25,72.68,16.99,39.0,145.0,61.52,21.13,,32.0,24.6
2022-03-16 07:00:00,15.43,68.8,30.68,40.74,48.66,24.14,58.27,19.8,70.91,86.98,25.59,24.05,46.24,72.88,40.15,31.89,11.17,26.85,28.81,50.54,34.32,10.71,14.49,118.1,63.18,17.78,76.9,52.77,49.5,46.72,13.57,38.38,60.51,16.71,11.63,23.05,26.29,32.8,23.05,13.88,18.66,45.73,72.19,17.36,39.15,147.0,61.68,21.71,,32.0,24.71
2022-03-17 07:00:00,15.55,71.08,30.61,40.67,49.54,24.1,57.87,19.83,74.34,88.82,25.96,23.85,46.59,72.61,40.68,31.8,11.19,26.68,28.88,50.26,34.73,10.93,14.63,116.69,63.47,17.66,77.4,52.53,49.5,46.9,13.49,38.11,61.51,16.85,11.6,23.17,26.86,33.0,23.36,13.99,18.71,46.69,71.9,17.54,39.15,146.0,62.0,21.68,,32.0,25.0
2022-03-18 07:00:00,15.48,70.98,31.7,41.01,49.19,23.68,57.94,20.2,73.13,87.22,24.74,23.95,47.2,72.54,40.53,31.99,11.36,26.45,28.42,50.26,35.21,10.86,14.65,115.03,62.99,17.62,76.8,52.9,49.5,46.72,13.49,38.22,61.79,16.89,11.82,23.27,26.56,32.8,23.22,14.02,18.64,46.74,72.58,17.4,39.15,144.2,61.2,21.45,,32.45,24.91
2022-03-21 07:00:00,15.43,72.97,31.84,39.99,49.89,24.02,57.48,20.14,74.3,87.06,25.39,23.59,48.32,73.48,40.99,32.13,11.25,26.74,29.54,49.8,35.21,10.88,14.56,114.95,63.57,17.7,77.3,52.22,49.15,47.27,13.41,38.59,61.47,16.85,11.6,23.2,26.77,33.1,23.27,13.95,18.48,47.36,73.16,17.54,39.4,146.1,60.72,21.42,,33.0,25.0
2022-03-22 07:00:00,15.48,72.78,31.77,40.33,51.55,25.19,57.28,20.14,77.93,88.1,25.35,24.02,48.72,77.24,41.29,32.55,11.6,26.85,29.27,50.26,36.44,10.93,14.51,120.41,65.01,17.85,85.0,56.27,49.68,48.64,13.49,38.27,61.43,17.07,11.82,23.2,26.77,33.35,23.41,14.42,18.64,47.76,75.4,17.72,40.5,143.3,62.24,21.6,,33.0,25.29
2022-03-23 07:00:00,15.58,72.69,31.52,40.06,51.29,26.89,58.27,20.26,84.64,88.1,27.18,23.82,48.98,76.77,41.75,32.83,11.58,27.02,29.88,50.17,36.24,11.15,14.65,121.49,64.87,17.7,85.5,55.78,49.86,49.28,13.74,39.44,61.51,17.03,11.82,23.3,26.89,34.0,23.57,14.15,18.92,47.76,75.79,17.78,41.05,140.8,61.36,21.74,,33.1,25.41
2022-03-24 07:00:00,15.5,71.74,31.48,40.33,51.64,26.08,60.45,20.14,88.15,88.5,28.6,23.53,48.72,77.18,40.76,32.83,11.42,26.91,29.23,50.26,36.17,11.03,14.44,122.81,65.01,18.4,84.0,55.23,49.77,48.82,13.99,39.5,63.03,16.85,11.74,23.33,26.86,34.0,23.43,14.09,18.71,47.76,74.82,17.7,40.7,141.0,60.72,21.51,,32.85,25.39
2022-03-25 07:00:00,15.43,70.69,31.3,41.41,51.73,25.57,60.92,19.95,86.2,89.86,28.11,23.46,48.78,76.5,42.35,32.64,11.46,26.65,28.81,50.26,36.44,10.98,14.44,121.65,64.87,18.17,82.8,57.49,49.15,48.82,13.9,42.58,63.11,17.0,11.82,23.39,26.44,33.6,23.34,14.35,18.97,47.25,73.65,17.58,40.3,144.0,60.4,21.33,,32.8,25.2
2022-03-28 07:00:00,15.34,68.7,31.19,41.96,51.29,24.02,59.79,19.77,87.95,89.06,29.12,23.98,48.47,74.42,40.68,31.94,11.29,26.39,28.88,49.98,35.89,10.83,14.33,120.0,67.03,17.85,83.5,57.19,49.15,50.19,13.57,41.63,63.15,17.43,11.76,23.39,25.92,33.5,23.22,14.42,18.62,46.69,73.16,17.42,39.95,142.8,60.16,21.51,,32.5,25.2
2022-03-29 07:00:00,15.22,70.98,30.25,41.89,51.38,24.18,60.12,19.64,93.22,88.5,29.93,24.02,50.04,73.88,42.88,31.75,11.19,26.45,29.23,49.98,36.1,10.66,14.26,120.83,70.07,17.85,82.5,56.88,49.07,50.19,13.28,43.06,62.95,17.51,11.5,23.14,25.92,32.1,23.1,14.29,18.43,46.35,72.78,17.29,40.0,140.8,58.72,21.27,,32.4,25.2
2022-03-30 07:00:00,15.2,68.23,30.54,40.74,53.48,24.8,63.57,19.58,87.76,90.02,29.41,24.24,53.7,74.49,44.78,32.08,11.29,26.22,28.42,50.17,36.1,10.59,14.38,118.43,70.07,18.17,82.4,56.15,49.33,51.06,13.28,42.85,63.11,17.87,11.5,22.44,25.44,31.95,23.1,14.09,18.83,46.01,73.65,17.62,41.25,142.0,60.32,21.3,,32.55,25.14
2022-03-31 07:00:00,15.34,68.23,31.74,40.74,54.1,24.02,64.69,19.71,91.27,88.82,28.07,24.24,53.55,73.88,44.02,31.66,11.68,26.14,28.04,49.98,35.89,10.66,14.72,119.09,69.35,18.48,80.0,55.29,48.28,49.51,13.2,43.65,63.07,17.51,11.6,23.33,25.86,32.1,23.38,13.82,18.83,46.13,73.46,18.41,40.55,140.4,60.88,21.65,,32.85,25.2
2022-04-01 07:00:00,15.5,69.65,31.55,41.55,53.48,23.64,63.96,19.95,87.76,89.64,27.18,23.92,54.26,72.41,43.64,31.89,11.46,25.77,26.66,50.08,35.76,10.54,14.87,119.17,71.03,18.71,80.1,54.67,48.28,50.19,13.08,43.65,64.11,17.14,11.28,23.27,25.38,31.65,23.41,13.48,18.76,46.18,73.36,18.49,40.7,140.5,64.71,21.77,,33.4,25.31
2022-04-04 07:00:00,15.76,68.8,32.61,44.19,56.03,25.19,65.02,20.5,88.54,90.46,27.95,24.44,57.61,73.95,44.1,32.73,12.19,26.34,27.66,49.98,36.65,10.71,15.21,123.31,76.33,19.35,82.8,57.31,48.63,53.52,13.37,44.71,66.62,17.8,11.76,23.66,26.29,32.5,23.81,14.02,19.48,46.8,74.82,19.19,41.25,140.9,65.51,23.24,,34.6,25.9
2022-04-05 07:00:00,15.67,70.98,31.55,43.38,55.41,23.87,64.63,19.95,86.0,91.13,25.96,23.59,55.37,75.7,45.16,33.86,11.86,26.34,27.39,50.54,36.03,11.02,14.85,125.63,73.92,18.46,85.8,56.94,49.5,53.16,13.49,43.92,66.5,17.65,11.5,23.66,27.07,32.05,23.34,13.82,19.16,46.58,74.14,18.74,41.25,142.9,65.35,22.71,,33.8,25.71
2022-04-06 07:00:00,15.41,69.94,31.19,42.7,55.24,24.33,62.24,19.71,82.42,87.82,26.0,23.72,55.02,76.84,45.08,33.67,11.66,26.34,27.12,50.36,35.21,11.07,14.72,125.71,74.16,18.66,88.2,56.76,48.89,53.16,13.49,43.38,66.31,17.29,11.23,23.57,26.41,31.8,23.1,13.52,19.02,46.63,73.84,18.41,40.25,141.0,63.92,22.36,,33.65,25.89
2022-04-07 07:00:00,15.67,70.98,31.55,43.65,57.43,25.11,58.27,20.07,84.25,88.23,25.35,23.56,57.71,76.37,44.1,34.6,11.89,27.2,27.58,50.26,35.01,11.2,15.12,128.27,76.95,19.43,85.7,56.88,49.15,53.89,13.61,45.14,67.42,17.43,11.28,23.63,26.95,32.4,23.57,13.55,19.32,47.76,73.84,18.68,40.1,140.5,63.84,23.53,,33.65,25.85
2022-04-08 07:00:00,15.81,68.7,31.19,43.18,56.38,24.41,56.88,19.95,86.9,87.16,26.28,23.14,57.51,76.44,42.88,34.14,11.82,26.77,27.31,50.08,35.08,10.96,15.21,125.38,74.64,19.67,83.8,56.7,49.68,52.52,13.78,43.65,64.55,16.74,10.96,23.36,26.59,31.9,23.34,13.38,19.11,47.19,72.97,18.49,40.0,137.0,62.72,23.36,,32.55,25.76
2022-04-12 07:00:00,15.88,70.13,30.68,41.82,55.68,23.71,56.94,19.74,84.64,88.81,26.12,22.75,55.32,74.35,41.59,32.59,11.52,26.62,25.97,49.98,34.73,10.85,14.96,129.05,72.24,19.27,85.5,55.78,49.33,52.47,13.41,43.97,65.55,16.78,10.72,23.2,26.05,31.15,23.01,12.74,18.83,46.69,72.78,17.9,40.7,139.2,61.76,22.95,,32.2,25.89
2022-04-13 07:00:00,15.72,69.27,29.38,41.69,53.48,22.13,51.32,19.15,85.58,84.35,26.37,21.77,55.83,73.28,39.85,30.86,11.34,25.94,25.32,49.7,34.12,10.59,14.54,125.08,72.72,18.62,85.7,55.04,48.1,51.28,12.99,42.11,65.27,16.05,10.24,23.27,25.38,31.0,22.86,12.74,18.06,46.69,71.12,17.42,40.5,138.1,61.36,23.12,,31.25,25.6
2022-04-14 07:00:00,15.79,72.31,30.03,41.89,55.94,22.47,51.38,19.34,92.44,85.01,27.99,22.23,58.47,74.82,43.26,32.55,11.42,25.94,25.55,49.43,34.53,10.83,14.74,126.07,75.22,18.74,86.5,55.66,48.19,53.57,12.99,43.12,65.47,16.27,10.59,23.36,25.96,31.35,22.7,12.74,18.69,46.35,71.22,17.7,40.8,137.5,61.92,22.89,,32.0,25.9
2022-04-15 07:00:00,15.86,72.78,29.45,43.11,54.71,22.36,49.33,19.31,96.34,84.1,29.29,22.1,58.42,75.56,42.5,32.31,11.13,25.77,25.47,49.33,34.32,10.69,14.56,125.28,75.85,18.66,84.2,54.74,48.1,53.34,12.79,43.49,66.31,16.24,10.54,23.42,25.26,30.7,22.34,12.54,18.27,45.68,70.25,17.5,40.75,136.9,61.12,23.06,,31.85,25.6
2022-04-18 07:00:00,15.72,74.96,28.69,43.72,59.18,22.71,44.89,18.97,97.08,82.7,28.39,21.03,58.37,78.45,43.26,33.34,10.72,25.22,25.28,49.7,33.71,10.45,14.11,125.58,77.53,19.31,83.0,53.08,48.01,54.8,12.17,46.31,67.26,16.2,10.37,23.36,23.75,30.1,21.73,12.07,17.66,45.0,68.11,17.11,40.0,136.0,61.12,22.59,,31.45,25.44
2022-04-19 07:00:00,15.29,75.34,27.82,42.84,58.83,22.09,43.04,18.11,96.73,84.27,29.41,20.21,59.13,78.92,42.96,34.6,10.76,24.62,24.36,49.62,33.92,9.78,13.75,123.99,76.91,20.16,82.5,53.76,46.7,56.4,12.0,47.16,67.9,16.09,10.32,23.17,22.72,29.1,21.26,11.34,17.71,43.76,67.24,16.99,39.3,138.3,61.6,21.63,,31.25,24.93
2022-04-20 07:00:00,14.87,72.59,27.53,42.7,56.99,20.19,44.7,17.65,99.42,84.27,30.3,20.44,56.85,76.3,43.87,32.45,10.56,24.91,23.06,48.86,34.73,9.03,13.25,120.51,74.69,19.51,82.3,52.17,44.76,54.2,11.17,45.22,67.46,14.89,9.63,23.14,21.12,27.8,20.64,10.5,17.19,43.88,66.56,16.72,39.0,142.8,60.72,20.83,,30.85,24.95
2022-04-21 07:00:00,15.01,71.08,27.49,39.99,55.24,17.55,41.72,17.56,93.22,84.85,29.24,19.82,56.44,69.85,41.37,29.51,10.48,24.62,22.37,48.96,33.81,8.46,13.3,121.11,74.26,19.55,81.0,52.76,45.12,55.16,10.76,42.32,67.94,13.8,8.82,23.17,20.91,27.4,20.31,10.3,16.63,44.1,64.61,16.32,39.5,140.0,60.16,20.6,,30.65,24.77
2022-04-22 07:00:00,14.87,69.18,28.0,42.43,58.74,18.52,42.38,18.08,97.51,83.44,29.41,20.02,57.1,70.59,41.82,29.09,10.26,25.19,23.21,48.67,32.41,9.03,13.66,122.1,75.41,18.66,80.5,52.84,44.33,55.16,11.17,43.34,67.74,13.91,8.85,23.36,22.06,28.1,20.79,10.6,16.38,44.49,62.86,16.52,38.85,136.6,60.48,21.24,,30.75,24.5
2022-04-25 07:00:00,15.15,71.55,27.93,41.48,55.24,18.13,38.07,18.02,90.88,84.1,26.16,20.38,55.88,73.21,39.62,27.12,10.26,25.08,22.98,48.86,33.37,9.03,13.61,123.69,74.16,18.21,82.2,53.93,44.06,52.47,11.13,41.72,67.58,14.02,8.88,23.2,21.76,28.8,20.88,10.6,16.49,46.24,63.16,16.72,38.9,138.2,60.72,21.51,,31.35,24.78
2022-04-26 07:00:00,14.31,72.4,25.5,40.33,48.57,16.04,35.82,16.58,80.39,79.31,23.44,19.11,50.86,68.51,34.99,24.78,9.38,22.99,20.69,48.2,30.84,8.33,12.62,115.85,67.9,16.6,80.1,51.42,39.5,47.22,9.93,36.66,60.31,12.89,8.07,21.88,19.64,26.6,19.18,9.89,15.88,44.44,59.56,15.54,36.75,129.5,58.72,19.72,,29.1,23.15
2022-04-27 07:00:00,14.4,73.92,26.84,40.67,53.48,17.28,39.07,16.97,86.59,81.21,25.76,19.82,52.02,70.53,38.71,26.61,9.91,23.59,21.45,48.02,31.46,8.73,13.18,115.15,70.31,18.05,81.0,52.09,41.96,48.82,10.63,39.3,64.79,13.08,8.56,22.4,20.7,27.0,19.6,10.36,16.33,44.94,62.48,16.13,38.75,129.0,60.08,21.13,,31.0,23.77
2022-04-28 07:00:00,14.36,74.86,26.98,41.55,53.92,17.79,39.07,17.37,88.85,81.79,26.37,20.02,52.23,74.09,40.83,27.22,10.19,24.33,21.91,48.96,32.07,8.79,13.43,118.13,71.03,18.17,81.3,51.5,42.48,48.82,10.72,40.92,65.95,13.44,8.74,22.8,20.73,27.85,19.68,10.7,16.31,45.84,63.06,16.18,39.0,128.0,59.84,21.19,,30.5,23.9
2022-04-29 07:00:00,14.54,78.84,26.73,42.02,51.99,17.82,38.4,17.1,88.15,82.53,26.49,19.92,53.29,71.87,40.61,26.56,10.34,24.56,21.68,48.86,32.07,8.71,13.23,116.15,69.92,17.77,81.9,51.75,41.87,48.59,10.59,43.07,65.67,13.22,8.72,22.9,20.24,27.55,19.98,10.43,15.7,45.79,61.31,16.32,38.75,128.5,59.44,21.42,,30.0,23.89
2022-05-04 07:00:00,15.13,82.92,27.02,41.41,54.27,18.1,37.74,17.04,93.61,83.77,26.93,19.82,53.24,72.27,41.67,27.03,10.3,24.79,20.46,48.86,32.21,9.03,13.43,115.15,72.24,18.17,82.0,51.92,42.13,49.28,11.21,44.69,63.83,13.8,8.85,22.62,20.27,27.7,20.55,10.63,15.7,45.51,63.16,17.11,39.8,129.5,59.28,21.57,,30.75,23.99
2022-05-05 07:00:00,15.15,79.6,27.27,41.55,56.11,17.79,39.07,16.82,94.39,82.2,25.76,19.5,53.09,74.56,43.64,26.94,10.19,24.39,20.19,48.77,31.87,9.14,13.21,113.17,72.48,18.7,81.0,51.25,43.1,50.42,11.96,45.22,65.31,14.16,9.14,22.31,19.64,27.0,20.24,10.7,15.18,45.28,62.77,16.32,39.8,130.0,58.48,21.33,,30.1,23.6
2022-05-06 07:00:00,14.64,78.75,27.09,39.99,55.15,16.47,36.62,16.76,89.32,80.22,25.11,19.34,51.92,71.53,41.14,25.91,9.91,23.7,17.78,47.54,31.19,8.65,12.84,114.16,70.55,18.21,81.0,51.09,40.81,49.28,11.42,44.04,66.31,13.69,8.64,21.54,18.13,26.0,19.7,10.06,15.7,44.83,65.1,16.13,39.25,130.0,57.04,20.54,,29.6,23.39
2022-05-09 07:00:00,14.54,74.2,26.55,39.65,55.76,15.73,35.36,16.39,88.54,82.53,25.35,18.78,49.89,73.21,41.75,24.6,9.6,23.76,19.23,48.3,31.05,8.38,12.44,115.15,69.44,18.25,80.4,50.33,40.16,48.14,11.26,45.76,65.23,13.18,8.34,21.51,17.19,25.1,19.46,9.73,15.32,44.33,65.97,15.73,39.35,127.0,56.09,19.78,,29.8,23.08
2022-05-10 07:00:00,14.21,66.05,24.74,37.21,49.98,13.95,31.32,14.73,79.96,80.39,22.43,18.59,47.71,67.5,39.7,22.26,9.22,22.62,17.62,47.07,29.14,7.39,11.63,113.27,65.01,16.19,77.0,48.66,35.37,43.44,10.18,43.07,62.83,11.99,7.49,21.08,15.71,22.55,17.69,8.72,14.48,43.37,65.0,14.36,39.45,123.9,55.93,18.28,,27.9,22.0
2022-05-11 07:00:00,14.45,76.19,25.93,39.54,52.08,15.03,32.98,15.56,83.62,80.47,22.71,19.11,49.74,72.07,42.05,23.15,9.83,23.47,18.85,47.26,29.62,8.06,12.19,112.87,67.52,17.57,80.1,51.67,37.79,47.0,11.09,47.86,65.83,11.99,7.94,22.1,16.95,23.9,18.42,9.26,15.56,45.0,67.04,15.38,40.1,128.9,56.41,19.54,,28.5,22.9
2022-05-12 07:00:00,14.4,80.08,25.68,38.99,50.33,16.0,33.07,15.99,81.17,82.62,23.12,20.44,50.4,72.54,42.35,23.33,9.79,23.25,18.46,47.73,29.41,7.85,12.17,111.08,67.37,17.81,79.5,50.42,36.43,47.86,10.88,48.46,65.31,11.99,7.75,22.07,16.47,23.45,18.42,9.29,15.42,44.44,67.24,15.34,40.0,126.5,55.77,19.34,,28.5,22.55
2022-05-13 07:00:00,14.03,73.92,24.52,37.46,47.61,15.5,30.13,15.35,76.06,80.14,20.4,20.44,48.78,70.06,42.5,21.42,9.34,21.84,17.24,47.64,28.83,7.47,11.72,102.35,64.72,17.32,75.0,47.32,33.88,47.32,10.22,46.36,65.51,11.22,7.33,21.51,15.71,21.5,17.15,8.45,14.95,43.31,66.95,14.33,39.5,124.5,53.53,18.31,,26.75,21.47
2022-05-16 07:00:00,12.97,69.75,24.08,36.98,45.59,15.0,29.66,15.35,73.33,79.31,20.69,20.34,49.49,69.18,40.99,21.28,9.34,21.21,16.09,47.07,27.09,7.44,11.36,98.28,63.81,17.0,75.1,44.48,33.62,46.08,9.93,40.65,63.51,10.61,6.95,21.48,16.56,21.1,16.58,8.25,14.48,42.47,66.07,13.32,39.5,126.3,53.21,17.61,,25.5,21.5
2022-05-17 07:00:00,12.95,61.6,23.57,36.07,41.21,14.41,28.6,14.98,67.87,74.85,17.4,19.89,47.2,63.81,35.67,20.01,9.34,20.73,14.56,46.7,26.82,7.09,11.11,87.36,60.15,16.84,75.0,45.48,34.32,44.72,9.64,40.22,61.43,10.64,6.31,21.3,16.32,18.7,15.4,8.08,14.48,41.74,63.35,13.53,38.0,126.0,52.41,17.02,,26.0,20.7
2022-05-18 07:00:00,13.93,67.28,25.32,37.46,45.51,15.73,31.45,16.3,76.06,77.58,20.56,21.12,50.6,67.84,39.7,22.07,9.79,21.99,16.47,47.03,28.46,7.68,12.08,97.38,63.42,17.57,78.3,48.08,36.95,47.0,10.51,44.49,64.71,11.62,7.19,21.45,17.65,20.95,16.86,8.72,15.46,43.31,65.0,14.33,39.0,127.5,55.93,18.49,,27.5,21.8
2022-05-19 07:00:00,13.32,66.43,24.66,37.25,43.14,15.03,30.13,15.96,76.96,76.34,20.32,20.15,48.27,66.83,37.72,20.95,9.64,21.36,16.01,47.07,27.98,7.66,11.81,101.25,62.6,16.92,76.9,46.07,35.28,46.04,10.1,43.5,62.31,11.4,7.43,21.3,16.68,21.3,16.72,8.45,14.69,42.19,63.16,13.37,38.2,124.0,55.53,17.66,,26.5,21.18
2022-05-20 07:00:00,13.42,71.64,24.95,38.09,43.84,15.15,31.75,16.02,83.82,74.93,21.46,20.15,49.59,70.86,38.71,21.84,9.91,21.59,16.05,47.07,28.32,7.95,12.08,109.0,63.81,17.57,77.9,45.07,35.64,47.91,10.72,47.65,63.23,11.62,7.75,21.3,17.4,21.75,16.91,8.69,14.9,42.24,65.2,13.69,38.95,125.4,55.13,17.96,,27.4,21.7
2022-05-23 07:00:00,13.65,71.93,24.95,38.02,44.72,16.39,32.25,15.93,84.64,76.42,22.67,20.08,49.84,70.86,37.95,22.54,10.03,21.73,16.66,47.07,28.46,7.98,12.17,107.81,65.01,17.57,77.5,44.73,35.99,48.87,10.76,47.28,62.55,11.88,7.97,21.45,17.22,21.75,16.91,9.06,14.9,42.53,64.81,13.8,38.8,125.3,54.73,18.08,,27.1,21.7
2022-05-24 07:00:00,13.51,67.47,24.45,38.43,44.63,16.27,30.76,15.35,84.33,75.1,22.11,20.34,48.98,69.52,38.33,22.12,9.83,21.04,16.24,47.73,27.84,7.74,11.94,103.74,63.04,17.53,76.4,43.98,35.55,47.86,10.55,45.24,61.55,11.55,7.65,21.33,15.95,20.35,16.44,8.52,14.11,42.13,63.93,12.98,38.5,124.8,53.29,17.37,,27.35,21.3
2022-05-25 07:00:00,13.51,70.98,24.66,38.85,44.54,17.05,31.45,15.96,87.99,75.68,22.31,20.77,50.5,71.4,39.09,22.63,10.03,19.75,15.51,51.69,27.36,7.93,12.17,108.2,64.72,17.81,78.0,44.4,35.64,49.28,10.68,47.03,61.51,11.48,7.73,21.02,16.98,22.0,16.94,8.59,14.46,42.75,64.9,13.53,38.8,124.5,55.05,17.81,,28.05,21.48
2022-05-26 07:00:00,14.26,70.51,25.82,39.54,46.38,17.51,33.11,16.73,89.71,76.75,23.93,21.12,53.4,73.88,40.99,23.76,10.32,20.04,16.47,52.25,28.25,8.28,12.75,109.69,67.42,18.21,78.5,44.23,36.56,52.65,11.17,51.67,61.51,11.91,8.24,20.96,17.46,22.6,17.34,9.16,14.9,43.31,65.97,14.06,38.85,125.7,57.44,18.6,,29.4,22.0
2022-05-27 07:00:00,14.45,69.65,25.46,41.49,47.08,17.05,32.81,16.58,85.81,76.42,23.04,21.12,53.6,72.88,40.91,23.8,10.4,20.04,16.78,51.4,28.32,8.17,12.48,108.01,67.03,17.97,78.0,44.98,37.44,52.47,10.92,51.36,61.15,12.86,8.1,21.02,17.71,22.5,17.43,9.36,14.76,43.14,67.04,13.93,38.7,125.0,56.97,18.25,,29.2,21.93
2022-05-30 07:00:00,15.01,69.84,25.75,41.21,47.0,17.2,32.74,16.6,82.34,78.15,23.2,22.75,56.39,75.03,41.97,23.85,10.64,20.33,18.0,51.69,29.04,8.11,12.73,109.2,70.65,18.25,78.5,45.4,37.65,55.89,11.13,56.44,61.51,12.75,8.18,21.14,18.16,22.45,17.95,9.46,15.14,43.54,68.01,14.28,39.0,127.3,58.24,18.46,,29.8,22.4
2022-05-31 07:00:00,14.87,68.9,25.75,41.35,46.91,16.93,34.5,16.6,84.44,77.82,22.76,21.32,56.49,74.42,42.96,23.8,10.54,20.24,17.62,57.43,28.9,8.17,12.62,107.21,69.92,18.46,78.0,45.9,38.01,54.48,11.09,58.11,61.27,12.64,8.05,20.93,17.77,22.6,17.69,9.26,15.42,44.38,68.7,14.46,39.0,132.6,57.6,18.49,,29.85,22.51
2022-06-01 07:00:00,14.92,69.27,25.46,41.21,46.12,17.28,37.21,16.91,87.95,76.92,24.17,21.51,55.78,79.73,42.35,23.38,10.64,19.75,17.39,60.06,28.59,8.06,12.44,109.2,69.78,19.02,78.0,45.57,38.62,52.7,11.21,56.06,60.95,12.42,7.94,20.78,17.83,22.3,17.48,9.16,15.02,44.44,69.6,14.2,39.3,130.5,57.12,18.13,,29.9,22.3
2022-06-02 07:00:00,15.0,71.08,25.5,41.28,46.38,17.32,36.55,17.04,89.36,77.49,25.55,20.83,57.25,80.6,44.4,23.38,10.66,19.47,17.24,59.03,28.63,8.03,12.42,114.16,70.55,19.59,78.1,45.57,38.62,55.67,11.59,59.41,61.15,12.75,7.97,20.62,17.89,22.35,17.43,9.16,14.95,45.45,70.1,14.06,39.6,131.5,57.52,18.13,,29.8,22.58
2022-06-03 07:00:00,14.94,68.33,25.17,41.28,47.43,16.66,37.68,16.82,97.46,76.42,25.35,20.99,56.59,79.26,43.64,24.13,10.56,19.07,16.66,59.03,27.91,7.85,12.28,113.66,71.13,18.86,79.0,45.32,38.27,56.35,11.17,57.24,61.11,12.64,7.81,20.78,17.4,21.5,17.17,8.79,14.83,44.1,68.6,13.96,39.05,128.5,56.73,17.72,,29.5,22.3
2022-06-06 07:00:00,14.82,67.76,24.92,41.42,47.35,16.39,38.14,16.82,104.15,75.18,25.96,19.95,57.86,84.3,44.63,23.38,10.28,19.55,16.89,61.2,27.84,7.79,12.35,111.98,74.16,19.02,76.1,45.07,38.8,56.58,11.17,57.55,61.91,12.49,7.65,20.87,17.86,21.15,17.22,8.69,14.86,43.59,69.4,13.85,39.35,125.5,56.09,18.02,,29.95,22.11
2022-06-07 07:00:00,14.82,65.39,24.74,40.72,47.35,15.5,37.74,16.7,99.07,75.26,27.18,20.44,57.2,87.25,45.39,23.38,10.32,19.07,16.32,59.78,27.36,7.68,12.3,114.26,74.64,20.48,76.0,44.48,39.41,58.68,11.42,58.17,63.07,12.57,7.51,20.68,17.34,20.5,17.01,8.45,14.34,44.44,69.0,13.88,39.25,127.0,56.17,17.93,,29.65,22.34
2022-06-08 07:00:00,14.59,68.14,24.45,41.35,49.28,15.93,36.75,16.82,109.23,76.01,27.38,20.15,59.03,87.32,47.06,24.04,10.4,19.07,15.71,60.06,27.57,7.66,12.26,117.14,74.79,21.05,76.9,44.15,41.38,59.77,12.66,61.88,63.87,13.33,7.41,20.75,17.22,20.4,17.15,8.62,13.88,45.56,68.5,14.06,38.9,126.5,56.49,17.96,,29.7,22.35
2022-06-09 07:00:00,15.12,68.33,24.92,40.24,48.05,16.51,37.54,17.13,107.96,76.17,27.1,20.28,58.62,86.58,45.69,25.91,10.5,18.84,16.28,61.95,28.18,8.17,12.69,117.63,74.35,20.81,76.8,44.23,41.08,59.32,12.5,61.14,63.79,13.22,7.86,20.87,17.74,22.25,17.6,8.85,14.13,44.44,68.7,14.22,39.0,126.3,56.73,18.72,,30.4,22.5
2022-06-10 07:00:00,14.77,66.9,24.7,41.42,47.78,15.89,37.08,16.88,106.69,76.67,26.81,19.76,57.56,84.97,44.02,25.44,10.52,19.35,16.78,61.57,27.94,8.11,12.39,114.26,74.64,22.51,76.9,44.31,40.55,58.36,12.87,58.85,62.71,13.0,7.73,20.53,17.28,21.8,17.48,8.85,13.97,43.76,67.2,13.85,38.9,127.3,55.93,18.37,,30.6,22.4
2022-06-13 07:00:00,14.65,65.86,23.97,39.96,45.86,14.88,35.82,16.27,105.93,76.01,23.61,19.89,54.11,77.24,40.91,23.1,10.19,18.89,15.82,58.65,27.57,7.79,12.08,112.27,70.28,20.72,77.0,43.14,38.09,53.16,12.08,52.6,61.91,12.02,7.38,20.19,16.01,21.05,17.48,8.52,13.64,43.31,66.5,13.29,38.3,126.5,54.65,17.61,,29.1,22.0
2022-06-14 07:00:00,14.0,63.97,23.14,38.85,43.84,14.1,33.77,15.35,102.04,74.35,22.11,20.38,52.88,80.6,38.71,22.35,9.83,18.04,14.75,55.45,27.36,7.25,11.27,103.34,67.13,21.98,76.1,41.39,36.86,51.1,12.58,54.39,60.71,11.33,7.11,19.27,15.35,20.35,16.68,8.25,12.85,42.47,65.6,12.84,38.1,124.0,52.33,16.55,,27.15,21.5
2022-06-15 07:00:00,14.33,64.44,23.21,37.88,44.37,14.26,37.08,15.35,108.47,74.19,24.7,20.41,55.71,83.29,40.61,23.15,10.19,17.23,14.17,60.25,26.55,7.25,11.38,106.22,70.28,23.27,76.8,41.72,38.18,52.47,12.62,56.44,60.71,11.77,7.3,20.22,14.81,21.0,16.86,8.18,12.38,43.54,66.0,11.94,38.3,124.8,52.81,16.93,,29.15,21.5
2022-06-16 07:00:00,13.83,65.1,23.21,36.56,45.59,13.79,37.68,15.22,109.15,75.92,25.11,19.82,55.95,84.03,40.83,22.26,10.03,17.26,13.87,58.18,25.97,6.82,11.27,106.22,76.53,22.75,77.0,41.39,37.04,54.75,12.25,56.93,60.91,11.55,7.22,21.19,14.14,21.1,16.96,7.98,12.47,43.14,65.9,11.89,38.0,124.3,52.01,17.14,,28.9,21.15
2022-06-17 07:00:00,13.77,63.78,23.18,38.78,45.15,13.56,35.09,14.73,112.62,74.52,24.62,19.89,55.52,83.96,40.23,21.14,9.95,17.75,12.41,59.69,26.2,6.45,10.66,107.21,76.53,22.42,77.3,41.89,35.64,52.52,12.41,58.97,61.07,11.26,6.95,21.89,12.6,20.5,16.56,7.31,12.15,43.31,64.8,11.52,37.9,125.0,53.45,16.61,,28.8,21.38
2022-06-20 07:00:00,13.54,64.35,22.99,37.39,44.89,13.14,35.23,14.36,111.35,73.53,25.39,20.8,57.49,87.99,42.43,21.23,10.03,17.22,11.95,59.31,26.55,6.45,10.5,114.16,75.56,23.48,76.9,42.14,36.51,55.53,13.41,61.26,61.11,11.48,6.84,21.96,12.48,20.3,16.3,6.98,11.89,44.72,65.9,10.96,38.3,125.0,53.05,16.37,,29.3,21.33
2022-06-21 07:00:00,13.18,63.02,21.11,36.84,44.45,11.78,33.11,13.81,104.15,73.2,23.77,20.21,56.82,83.29,40.76,20.39,9.46,16.16,10.57,59.6,26.27,6.39,10.14,109.99,72.66,21.13,76.0,41.39,34.45,54.25,12.25,55.69,61.31,10.46,7.03,21.96,11.09,18.85,15.64,6.22,11.66,42.75,64.7,9.76,37.6,126.0,55.29,16.05,,27.6,20.51
2022-06-22 07:00:00,13.59,61.6,21.98,37.53,45.59,12.21,33.7,14.33,99.92,71.13,22.51,19.95,55.22,79.59,39.32,21.04,9.62,15.78,11.19,57.71,26.27,6.61,10.21,110.19,73.24,20.24,76.0,42.31,35.46,53.89,11.42,52.78,62.99,10.9,7.11,21.96,11.83,19.7,15.94,6.91,11.98,43.82,64.5,9.98,37.35,127.8,58.4,16.34,,28.5,20.72
2022-06-23 07:00:00,13.71,58.66,22.12,37.46,44.72,12.63,33.51,14.43,93.15,71.05,19.81,20.77,51.65,73.88,37.27,20.39,9.62,16.27,11.65,56.77,26.2,6.88,10.48,105.23,67.81,19.35,75.0,43.64,34.67,52.74,10.43,49.2,60.55,11.08,7.09,22.55,12.03,20.15,16.44,7.11,12.24,42.24,63.9,10.43,37.05,129.3,56.41,16.43,,28.05,20.89
2022-06-24 07:00:00,13.89,61.12,22.63,37.39,46.38,13.14,34.43,15.5,105.42,71.13,21.9,20.73,52.94,78.45,40.3,21.37,9.79,16.54,11.72,56.02,25.86,7.23,10.91,107.71,71.2,20.4,72.0,43.73,35.86,55.31,11.63,53.53,60.79,11.44,7.27,22.66,12.3,21.3,16.98,7.11,12.38,42.86,63.3,10.99,36.75,128.3,56.73,16.61,,28.1,21.24
2022-06-27 07:00:00,13.95,59.04,22.7,37.6,48.4,13.1,34.7,15.19,103.31,72.87,21.78,20.64,53.12,77.24,39.85,21.51,9.42,16.65,12.34,58.37,26.2,7.09,10.73,109.0,69.46,19.75,74.5,43.9,35.99,56.09,11.3,53.09,62.31,11.62,7.27,22.77,12.53,21.4,16.79,7.21,12.15,42.47,63.2,10.93,36.9,129.0,57.36,16.61,,27.7,20.81
2022-06-28 07:00:00,13.95,58.85,22.92,38.64,48.22,13.33,35.69,15.65,100.77,72.87,19.55,20.64,55.03,78.25,39.92,21.79,9.5,17.3,13.02,60.44,26.75,6.85,10.68,112.17,68.78,20.48,77.5,43.81,36.51,58.94,11.46,53.22,62.63,11.77,7.3,23.03,13.3,21.5,16.77,7.61,12.8,42.19,63.5,11.09,36.5,133.0,56.41,16.73,,28.4,21.24
2022-06-29 07:00:00,14.18,59.7,23.94,38.09,48.75,13.25,36.22,16.3,98.56,72.12,20.2,21.74,54.66,77.91,40.0,21.89,9.62,16.88,12.6,62.14,26.68,7.09,11.06,108.2,70.52,19.67,75.3,44.06,36.25,58.29,11.42,53.22,62.75,11.91,7.46,22.99,12.9,22.1,17.1,7.55,12.66,42.64,63.6,11.78,36.4,132.9,56.41,17.37,,28.7,21.4
2022-06-30 07:00:00,14.36,61.12,25.39,38.99,48.22,13.17,37.01,16.45,101.61,72.29,20.52,21.32,55.03,78.25,41.59,21.51,10.03,17.33,13.48,63.17,26.75,7.25,11.15,111.38,70.82,20.81,76.0,43.64,35.9,59.58,11.5,54.15,61.51,12.86,7.49,23.25,13.16,22.55,17.27,7.48,12.71,42.47,63.3,11.91,36.35,131.8,57.76,17.55,,28.5,21.45
2022-07-01 07:00:00,13.97,62.36,23.87,38.23,45.77,12.17,35.42,16.08,98.23,72.54,20.2,20.51,53.49,77.11,39.39,21.04,9.74,16.88,12.34,60.25,26.55,6.93,10.7,111.08,69.36,20.0,74.9,42.89,35.11,58.71,11.3,53.59,62.19,12.97,7.22,23.25,12.46,21.4,16.82,7.18,12.68,41.91,62.2,11.41,36.6,129.0,57.76,17.08,,28.55,21.06
2022-07-04 07:00:00,14.3,60.18,25.75,38.92,46.91,12.86,36.22,16.67,95.01,72.87,20.28,21.29,54.42,77.35,39.16,21.42,10.07,17.14,13.06,60.54,26.96,7.12,10.97,109.5,67.81,20.64,74.5,43.81,36.07,59.53,11.42,54.46,61.51,12.86,7.27,23.28,13.4,22.3,17.12,7.55,12.75,42.13,62.0,12.26,36.2,130.0,59.12,17.14,,28.95,21.28
2022-07-05 07:00:00,14.33,59.7,25.42,39.54,47.35,12.79,35.82,16.3,89.76,72.95,20.16,21.12,53.99,75.21,38.56,21.23,9.97,16.73,12.87,58.94,26.89,7.34,11.11,107.9,65.68,19.91,74.1,43.23,35.81,56.78,11.17,52.78,61.83,13.04,7.27,23.28,13.46,22.4,17.29,7.41,12.85,42.13,61.1,13.27,36.35,129.5,60.16,17.17,,28.5,21.29
2022-07-06 07:00:00,14.3,57.33,25.97,39.06,46.12,12.59,36.55,16.11,81.21,72.7,18.25,21.12,51.71,68.72,37.04,20.01,9.99,16.42,12.95,57.24,26.21,7.12,11.27,102.0,63.45,17.97,74.0,43.14,34.41,51.96,10.59,48.7,60.23,12.31,7.33,23.21,12.83,22.6,17.71,6.91,12.75,41.46,60.2,12.36,36.0,125.8,58.65,17.19,,27.6,20.7
2022-07-07 07:00:00,14.24,56.29,25.68,37.81,46.82,12.98,36.75,15.9,77.9,72.87,17.62,20.34,51.59,64.93,35.07,19.22,9.72,16.24,13.29,54.98,26.29,6.96,11.22,100.0,62.1,17.97,73.2,43.48,34.93,51.37,10.59,45.61,61.07,12.2,7.22,22.81,12.56,22.5,17.69,7.04,12.47,40.89,59.0,12.9,34.0,126.8,58.4,16.93,,26.2,20.67
2022-07-08 07:00:00,14.18,56.86,26.4,39.4,48.4,13.48,40.72,16.27,84.51,72.78,18.46,20.21,51.59,67.27,36.09,20.01,9.81,16.65,13.48,55.55,26.77,7.15,11.4,103.5,62.68,19.02,74.0,43.9,34.58,53.71,10.72,46.47,61.07,12.57,7.33,22.99,12.9,23.0,17.93,7.18,12.85,42.13,61.3,13.51,35.0,129.3,60.3,17.02,,27.0,20.89
2022-07-11 07:00:00,13.97,55.15,25.32,39.27,47.7,14.34,39.93,15.87,81.54,72.29,18.86,20.28,52.02,65.89,36.28,19.97,9.56,16.95,13.87,55.83,27.04,7.09,11.22,101.5,62.77,18.62,73.8,43.73,34.63,53.75,10.72,47.34,61.35,12.89,7.25,23.28,13.66,22.25,17.5,7.51,12.61,41.23,59.1,12.84,33.85,127.0,59.64,16.67,,26.0,20.8
2022-07-12 07:00:00,13.83,56.48,24.92,38.23,48.4,14.14,40.99,15.65,79.6,72.29,18.8,20.41,50.91,65.69,36.39,19.59,9.38,16.69,13.64,55.36,26.32,6.99,11.04,103.5,62.77,18.25,73.3,43.73,34.76,51.83,10.34,44.56,61.03,12.68,7.19,23.17,13.73,22.15,16.91,7.51,12.17,40.56,59.5,12.6,34.3,127.4,60.3,16.23,,26.1,20.4
2022-07-13 07:00:00,14.06,58.38,26.26,38.5,49.19,14.69,40.85,15.81,84.68,72.29,19.31,20.18,51.65,66.93,37.57,21.32,9.58,16.8,14.1,55.26,26.74,7.2,11.4,100.7,62.0,19.02,73.2,43.9,35.33,53.57,10.72,46.78,61.19,13.08,7.3,23.47,13.97,22.6,17.08,7.78,12.47,40.39,60.0,13.0,34.3,125.5,60.47,16.31,,26.2,20.65
2022-07-14 07:00:00,13.95,57.81,25.97,38.5,50.68,14.18,40.72,16.27,81.29,72.12,19.15,20.21,50.91,66.93,37.19,20.95,9.66,16.8,13.71,55.45,26.51,7.31,11.34,101.2,60.93,18.86,73.6,43.73,35.02,52.52,10.63,47.34,61.11,12.89,7.86,23.14,13.7,22.9,16.96,7.58,12.4,40.39,60.1,12.82,34.75,124.7,59.72,16.23,,26.5,20.6
2022-07-15 07:00:00,14.21,60.84,26.19,38.85,50.77,14.96,41.12,16.7,82.65,72.7,20.77,19.99,51.65,68.17,37.57,21.74,9.66,16.92,14.02,58.84,27.79,7.52,11.49,101.9,60.84,19.51,74.0,44.15,35.24,53.3,10.97,47.9,61.51,13.58,7.83,23.14,14.43,23.4,17.05,7.85,12.61,40.56,59.5,12.98,34.55,126.8,59.81,16.49,,26.0,20.79
2022-07-18 07:00:00,14.12,60.46,26.11,38.5,49.71,15.38,39.66,16.64,81.38,72.45,20.81,19.95,50.91,67.34,37.19,21.89,9.76,17.56,14.06,57.99,27.34,7.58,11.49,101.1,59.58,19.83,73.8,44.31,35.46,52.74,10.8,48.89,61.23,13.33,7.89,23.1,14.23,23.05,17.15,7.98,12.78,40.78,60.0,12.9,34.8,124.8,59.48,16.73,,26.3,20.65
2022-07-19 07:00:00,14.0,59.61,25.75,39.2,50.33,14.96,39.07,16.42,78.33,72.7,20.61,19.89,50.97,68.17,36.81,21.7,9.58,17.03,13.52,57.9,27.19,7.52,11.43,102.5,59.29,20.6,74.0,44.31,35.5,52.06,11.05,48.89,61.71,13.29,7.73,23.32,13.8,22.55,17.12,7.85,12.75,40.5,58.6,13.11,34.0,124.3,59.48,16.52,,25.8,20.54
2022-07-20 07:00:00,14.12,58.76,26.26,39.54,50.24,15.11,40.26,16.54,85.78,72.29,20.87,19.86,52.26,71.41,37.49,22.07,9.7,16.92,13.64,57.34,27.26,7.55,11.49,102.1,57.35,21.13,73.8,44.65,37.96,51.74,11.3,50.37,62.91,13.08,7.89,23.32,14.03,23.25,17.24,8.05,12.85,40.28,59.0,13.24,34.4,124.5,60.47,16.61,,26.1,20.6
2022-07-21 07:00:00,14.24,59.7,26.26,38.85,50.15,15.11,40.19,16.6,84.76,73.12,21.14,20.12,52.82,71.0,38.71,22.35,9.79,16.92,13.87,58.18,27.56,7.68,11.49,103.2,59.29,20.89,74.4,43.9,37.3,52.15,11.17,50.8,63.91,13.37,7.86,23.43,14.17,23.05,17.29,8.18,13.34,40.78,59.6,13.29,34.1,125.6,59.89,16.55,,26.1,20.7
2022-07-22 07:00:00,14.44,58.94,26.77,40.03,49.98,15.07,39.0,16.94,85.19,76.01,21.23,20.02,53.12,71.76,38.71,22.17,9.81,17.18,14.02,58.75,27.64,8.01,11.54,105.1,62.87,20.85,74.5,43.73,36.86,52.29,11.09,50.74,65.51,13.22,7.86,23.43,14.23,23.3,17.62,8.05,13.22,40.56,58.9,13.51,34.05,126.3,60.47,16.61,,26.35,20.81
2022-07-25 07:00:00,14.18,64.06,25.75,39.96,49.54,15.0,37.74,16.42,82.73,77.25,19.29,20.02,53.49,74.17,38.33,21.98,9.6,16.8,13.79,61.85,27.26,7.74,11.47,105.7,62.77,20.24,73.3,43.31,36.69,52.47,10.84,49.82,66.31,13.22,7.67,23.36,13.83,23.0,17.41,7.88,12.87,40.73,58.5,13.8,33.45,125.3,59.48,16.52,,26.05,20.81
2022-07-26 07:00:00,14.06,63.49,25.97,40.86,48.66,14.88,36.75,16.48,81.88,75.59,19.64,19.69,52.88,74.31,38.18,21.37,9.62,16.5,13.45,61.1,27.26,7.85,11.38,107.0,61.9,21.01,73.2,43.56,36.25,51.83,10.88,49.38,64.71,13.0,7.59,23.1,13.73,22.95,17.38,7.84,12.85,41.18,59.0,13.64,33.05,125.7,60.22,16.2,,26.1,20.66
2022-07-27 07:00:00,14.06,63.68,25.79,40.93,47.52,14.76,37.15,16.21,81.04,76.75,19.84,19.53,52.02,72.17,37.95,21.04,9.62,16.24,12.37,61.29,27.75,7.85,11.27,109.2,58.22,20.32,74.4,43.48,35.86,51.14,10.76,46.41,67.02,12.93,7.51,23.25,13.36,22.85,17.2,7.71,12.61,41.63,58.5,13.53,33.1,125.0,59.48,16.2,,26.2,20.6
2022-07-28 07:00:00,14.47,65.39,26.11,40.93,50.42,15.58,39.73,16.7,82.56,76.75,20.7,19.5,52.39,73.83,38.79,21.98,9.85,16.27,12.91,61.95,28.01,8.44,11.38,110.0,61.03,21.21,73.9,44.06,36.51,51.78,10.97,48.52,67.58,13.15,7.81,22.44,13.97,23.35,17.43,8.15,12.64,42.41,59.0,13.82,33.3,125.8,59.89,16.43,,26.4,20.77
2022-07-29 07:00:00,14.39,69.08,26.62,40.51,49.98,15.65,39.73,17.04,80.95,76.01,20.7,19.56,52.33,74.52,38.33,22.59,10.05,16.35,13.14,65.81,28.65,8.44,11.58,111.0,60.45,21.37,74.0,44.48,36.47,52.19,11.21,48.58,70.06,13.29,7.94,23.32,14.23,24.65,17.71,8.15,12.89,42.41,58.9,14.06,33.9,127.4,60.06,16.73,,28.4,21.15
2022-08-01 07:00:00,14.44,70.03,27.13,41.62,50.59,15.54,39.07,16.91,73.25,76.01,20.12,19.82,51.65,74.17,38.71,22.45,9.87,16.42,12.99,66.56,28.24,8.3,11.58,107.0,59.09,21.01,74.0,43.56,35.55,52.29,11.05,47.03,72.7,13.0,7.89,23.28,14.27,24.5,17.88,8.12,12.66,42.02,59.8,14.06,32.45,126.0,60.14,16.84,,28.0,20.97
2022-08-02 07:00:00,14.65,71.45,28.0,42.67,51.73,16.2,40.99,17.56,77.06,76.01,20.23,19.63,51.65,74.17,39.7,22.91,10.03,17.33,13.94,66.18,28.84,8.49,11.92,109.6,59.87,21.21,74.7,44.56,36.12,53.2,11.21,47.03,72.7,13.37,8.07,23.28,15.37,25.0,18.14,8.43,12.75,43.31,59.8,14.33,32.4,125.8,60.63,17.19,,28.7,21.1
2022-08-03 07:00:00,14.65,70.22,27.53,41.9,50.85,15.89,40.26,17.43,74.52,76.01,20.19,19.69,52.26,74.73,38.94,23.15,10.11,17.18,13.87,65.24,28.69,8.49,11.99,109.5,60.06,21.74,75.0,44.81,35.86,52.79,11.34,48.58,74.29,13.69,8.05,23.25,15.3,24.85,18.09,8.39,12.85,44.04,62.0,14.12,32.9,126.8,60.14,16.93,,28.5,21.29
2022-08-04 07:00:00,14.65,71.17,28.51,43.01,51.64,16.47,41.58,17.92,75.36,75.26,21.36,20.02,52.33,76.93,40.23,23.33,10.19,18.09,15.4,65.06,29.25,8.6,12.15,110.0,60.26,21.61,76.3,44.9,36.21,53.25,11.42,50.12,75.09,13.8,8.29,23.28,15.9,25.65,18.07,8.5,13.32,44.72,62.0,14.04,33.0,127.1,60.63,17.17,,28.9,21.24
2022-08-05 07:00:00,14.65,74.39,28.43,43.36,51.2,16.12,42.18,17.74,76.55,76.01,20.81,19.89,52.94,74.38,39.47,23.01,10.11,17.71,15.25,64.77,29.22,8.65,12.12,107.9,60.93,21.09,78.5,45.15,36.51,53.2,11.21,49.2,72.74,13.58,8.07,23.25,15.6,25.1,18.14,8.6,13.5,46.13,62.7,13.8,32.95,129.2,60.55,17.25,,28.5,21.25
2022-08-08 07:00:00,14.53,73.92,28.29,43.91,51.73,16.51,42.38,17.83,76.04,75.51,20.96,19.76,52.82,75.28,39.39,23.19,10.15,17.71,15.78,64.49,29.06,8.68,12.17,104.5,60.74,21.29,78.1,44.98,36.6,52.74,11.67,50.12,73.26,13.73,8.13,23.17,16.8,25.25,18.19,8.6,13.43,46.13,61.5,13.69,32.7,126.5,59.89,17.25,,28.7,21.5
2022-08-09 07:00:00,14.59,73.82,28.14,43.08,51.2,16.66,41.72,17.83,78.33,75.35,21.67,19.6,52.88,76.8,39.62,23.43,10.19,18.09,15.9,65.71,28.99,8.6,12.35,106.0,61.13,21.9,82.0,44.65,37.57,53.89,11.63,51.05,73.5,13.51,8.15,23.06,16.5,25.3,18.61,8.46,13.53,46.13,61.7,13.96,32.4,125.0,59.64,17.72,,28.8,21.45
2022-08-10 07:00:00,14.62,74.11,27.93,44.05,51.12,16.35,42.38,17.56,80.02,76.67,21.4,19.56,53.06,76.59,39.7,23.52,10.26,18.17,15.67,64.49,28.84,8.36,12.35,105.2,61.32,21.37,83.3,44.81,36.91,53.52,11.59,49.75,72.7,13.8,8.1,22.92,16.4,25.2,18.35,8.64,13.41,45.06,61.0,13.8,32.5,126.0,59.48,17.78,,28.5,21.68
2022-08-11 07:00:00,14.65,75.81,28.29,43.84,50.59,18.68,41.91,17.65,80.19,76.59,21.14,19.66,53.0,77.28,39.85,23.62,10.32,18.2,16.24,64.49,29.29,8.36,12.37,106.0,62.0,21.57,84.0,45.23,37.3,53.43,11.67,50.37,73.02,13.76,8.1,22.92,16.6,25.2,18.47,8.77,13.39,45.73,61.9,13.9,32.8,126.0,59.97,17.84,,28.65,21.7
2022-08-12 07:00:00,14.47,75.34,27.78,43.91,49.71,17.86,40.59,17.53,77.06,76.01,20.7,19.43,52.7,77.97,39.09,22.91,10.36,17.64,15.55,64.02,29.14,8.25,12.08,106.7,60.93,21.05,81.1,44.65,36.56,52.33,11.42,49.5,72.5,13.8,7.89,22.99,16.27,25.05,18.19,8.43,13.39,45.84,61.4,13.74,32.9,124.8,58.65,17.4,,28.55,21.59
2022-08-15 07:00:00,14.59,76.95,28.51,46.83,51.29,18.21,42.05,17.71,78.92,76.01,20.78,19.6,53.25,79.35,39.32,23.62,10.44,18.24,16.78,64.3,29.18,8.44,12.3,107.9,61.32,21.05,82.0,44.73,36.86,52.1,11.67,50.31,72.7,14.02,8.0,23.1,16.8,25.9,18.42,8.6,13.53,46.13,61.5,13.8,33.15,124.3,59.48,17.72,,29.4,21.65
2022-08-16 07:00:00,14.59,76.19,29.7,46.83,50.77,18.33,41.91,18.08,78.83,76.09,21.09,19.43,54.66,77.97,39.85,23.01,10.72,18.17,16.51,64.02,29.14,8.68,12.3,108.5,62.97,21.61,81.5,45.4,36.78,52.88,11.71,51.73,74.85,13.87,8.56,23.06,16.54,25.8,18.45,8.53,13.55,46.13,61.5,13.96,33.2,124.2,59.31,17.81,,29.4,21.88
2022-08-17 07:00:00,14.62,75.72,29.38,45.79,50.5,19.99,45.03,17.99,79.6,75.68,21.23,19.53,54.72,78.66,40.61,23.29,10.74,18.62,16.63,64.68,29.22,8.57,12.3,109.3,63.94,21.33,83.0,45.73,38.18,52.74,11.75,52.1,75.09,13.73,8.45,22.99,16.57,25.55,18.45,8.6,13.48,45.68,61.5,14.01,33.1,123.4,59.31,17.72,,29.3,21.95
2022-08-18 07:00:00,14.62,76.86,28.8,44.95,49.8,19.26,44.7,17.86,79.51,75.68,20.72,19.5,54.05,77.97,39.92,22.73,10.95,18.24,16.01,64.11,29.52,8.49,12.48,111.5,62.97,20.89,84.7,49.0,37.39,52.65,11.46,51.48,75.25,13.51,8.29,23.1,16.24,25.2,18.47,8.5,13.41,45.73,61.3,13.85,33.6,123.9,59.97,17.78,,29.5,22.04
2022-08-19 07:00:00,14.74,75.81,28.69,45.16,49.45,19.14,44.89,17.59,80.44,76.01,20.94,19.43,54.11,79.28,39.85,22.73,10.76,18.24,16.17,64.59,29.52,8.44,12.48,112.0,62.48,20.81,83.1,48.58,37.22,52.06,11.42,51.36,76.33,13.4,8.29,22.99,16.77,25.25,18.45,8.36,13.46,45.34,61.0,13.74,34.0,123.9,60.63,17.72,,29.1,22.06
2022-08-22 07:00:00,14.53,74.86,28.54,44.12,48.92,19.41,47.08,17.34,78.67,78.07,20.61,19.37,53.25,79.63,39.24,22.45,10.66,17.9,15.63,64.59,28.99,8.33,12.6,112.0,62.58,20.56,82.0,47.99,37.22,51.87,11.26,49.88,78.05,12.93,8.24,22.95,16.8,25.0,18.35,8.22,13.2,45.06,59.9,13.69,33.6,123.5,61.21,18.34,,29.15,21.94
2022-08-23 07:00:00,14.27,82.26,27.82,44.75,49.89,18.99,47.01,17.07,77.4,77.66,19.99,19.43,52.94,79.69,38.71,21.84,10.38,17.48,15.94,63.64,28.16,8.28,12.33,111.2,63.84,20.4,80.6,46.49,37.08,52.29,11.3,51.36,77.29,12.75,8.26,23.83,16.24,24.6,18.26,7.98,12.85,45.0,59.2,13.11,32.75,123.2,60.88,18.08,,28.5,21.64
2022-08-24 07:00:00,14.47,84.34,28.8,45.44,49.98,19.37,48.34,17.4,78.33,76.75,20.76,19.63,53.8,81.42,39.77,22.54,10.6,17.9,16.47,63.16,28.39,8.49,12.57,112.8,64.81,21.05,82.7,47.41,38.8,52.52,11.5,52.29,75.89,13.18,8.4,23.83,17.14,25.1,18.33,8.29,13.08,45.68,59.6,13.45,32.6,123.0,62.62,18.31,,28.9,21.79
2022-08-25 07:00:00,14.56,84.34,28.29,44.54,50.06,19.61,48.67,17.4,80.78,77.41,21.31,19.5,53.62,81.35,39.7,22.63,10.48,17.98,16.55,63.54,28.35,8.54,12.66,111.2,65.58,21.17,83.4,47.16,38.53,53.75,11.67,52.6,74.73,13.08,8.42,23.69,16.94,25.55,18.57,8.39,13.29,46.24,59.9,13.48,32.5,123.5,64.35,18.52,,28.5,22.0
2022-08-26 07:00:00,14.71,86.14,28.51,44.75,50.33,19.41,47.61,17.74,83.41,76.17,22.9,19.47,53.74,80.38,40.15,23.85,10.89,18.17,16.78,63.54,28.5,8.65,12.84,113.5,66.55,21.05,83.8,46.99,38.53,53.66,11.75,52.91,74.81,13.4,8.58,23.72,17.04,25.7,18.71,8.67,13.48,46.13,61.0,13.64,33.0,123.7,64.27,18.9,,29.2,22.2
2022-08-29 07:00:00,14.33,83.2,28.0,43.71,49.8,18.37,45.62,17.28,80.1,75.76,22.9,20.25,54.12,78.8,39.32,23.19,10.56,17.45,15.94,63.16,28.54,8.33,12.47,111.0,69.56,20.4,82.1,46.15,37.44,52.97,11.59,51.05,73.3,12.97,8.21,23.61,16.17,24.7,18.33,8.36,13.08,45.79,59.6,13.32,32.15,122.8,62.86,18.19,,28.1,22.0
2022-08-30 07:00:00,14.41,84.34,28.33,44.19,50.42,18.29,46.62,17.13,83.49,76.01,24.88,20.15,53.8,81.14,39.01,23.38,10.6,17.48,16.09,63.54,28.24,8.44,12.74,113.0,72.17,20.85,82.1,44.81,37.92,53.66,11.75,52.29,75.29,13.26,8.32,23.58,16.47,24.9,18.33,8.43,13.08,46.41,59.7,13.59,31.8,122.0,62.37,18.43,,28.4,21.85
2022-08-31 07:00:00,14.39,86.14,28.87,45.23,50.33,17.67,45.95,17.37,85.36,75.43,24.09,19.76,53.37,81.28,38.1,24.92,10.66,17.41,15.74,63.36,28.31,8.46,12.79,113.8,70.23,21.05,82.3,45.99,36.86,52.47,11.38,51.8,75.01,13.44,8.21,23.1,15.84,24.55,18.31,8.26,13.03,48.38,59.9,13.27,32.0,121.0,62.7,18.46,,28.1,22.0
2022-09-05 07:00:00,14.39,85.57,29.02,45.09,51.38,18.56,47.68,17.34,84.68,75.18,24.18,19.99,53.8,80.25,38.71,24.55,10.83,17.45,16.09,63.74,27.9,8.46,12.82,113.5,71.59,22.42,81.1,45.99,36.95,52.65,11.59,53.34,75.05,13.26,8.34,23.54,16.1,24.7,18.35,8.33,13.32,47.25,61.2,13.27,32.4,121.5,62.37,18.6,,27.75,22.07
2022-09-06 07:00:00,14.36,86.05,28.65,45.44,52.61,18.56,47.61,17.13,86.71,75.26,24.31,19.66,53.49,81.07,38.79,24.69,10.76,18.17,17.24,63.64,27.64,8.44,12.76,115.5,70.33,22.51,81.0,45.73,37.13,52.47,11.71,53.53,75.09,13.08,8.29,23.43,15.94,24.7,18.21,8.26,13.15,46.46,61.2,13.03,32.05,120.0,64.02,18.37,,27.6,22.06
2022-09-07 07:00:00,14.36,83.58,28.94,44.95,51.73,18.29,47.01,17.34,85.19,76.01,22.9,19.63,53.18,80.04,38.56,24.32,10.91,17.82,17.09,63.54,27.19,8.54,12.82,114.8,70.33,22.42,82.5,45.99,36.38,52.29,11.83,53.4,75.33,13.15,8.32,23.43,15.84,24.7,18.26,8.22,12.99,46.13,61.0,13.05,31.65,119.2,64.27,18.43,,27.9,21.94
2022-09-08 07:00:00,14.3,83.39,27.49,43.22,50.15,17.32,44.76,16.88,81.29,76.01,22.9,19.79,52.31,77.97,37.19,24.18,11.01,17.56,16.7,63.64,26.66,8.38,12.49,113.5,69.27,22.79,83.8,44.81,35.28,51.14,11.71,51.48,75.49,12.82,7.91,23.47,15.34,24.7,17.83,7.98,12.78,45.51,59.6,13.11,31.65,113.9,62.78,17.81,,27.65,21.82
2022-09-09 07:00:00,14.18,83.39,26.62,42.67,49.1,16.66,44.7,16.54,81.71,74.68,23.16,19.92,52.62,77.9,36.93,23.57,10.6,17.67,15.97,64.21,26.66,7.98,12.41,115.5,69.75,22.38,85.2,44.73,35.11,51.78,11.38,50.74,76.89,12.71,7.62,23.43,14.7,24.0,17.81,7.78,12.75,44.16,59.8,12.6,31.6,115.0,62.7,17.75,,27.8,21.47
2022-09-12 07:00:00,14.06,85.57,26.84,43.08,49.98,17.67,46.28,16.58,83.75,76.59,23.87,19.95,52.94,78.66,37.34,23.94,10.76,18.09,16.7,63.83,26.74,8.01,12.44,116.1,69.94,24.12,84.9,44.4,35.37,51.37,11.75,52.91,77.41,13.0,7.7,23.39,15.04,23.75,17.79,7.78,12.61,44.78,60.1,12.63,32.45,118.0,62.78,18.02,,27.65,21.7
2022-09-13 07:00:00,14.0,85.29,26.77,42.73,49.8,17.05,46.35,16.64,86.37,75.76,23.38,19.79,52.87,78.38,37.19,23.19,10.6,17.98,16.47,63.74,26.96,7.95,12.25,114.5,71.69,24.25,84.0,44.9,35.46,51.46,11.67,52.97,77.89,12.68,7.62,23.14,14.6,23.0,17.67,7.71,12.66,44.66,61.5,12.42,32.0,118.0,62.12,17.87,,28.85,21.7
2022-09-14 07:00:00,13.77,84.15,26.11,42.39,48.92,16.66,44.96,16.58,84.68,75.84,22.81,19.79,51.94,77.49,36.74,22.77,10.28,17.6,16.41,62.88,26.59,7.76,11.93,114.0,70.43,23.88,83.0,42.89,34.58,51.32,11.5,52.1,75.89,12.28,7.49,23.06,14.03,22.65,17.24,7.47,12.38,43.43,59.8,12.15,31.75,115.3,61.87,17.49,,28.35,21.6
2022-09-15 07:00:00,13.83,86.62,26.48,43.15,49.54,17.75,47.01,16.58,86.8,74.77,23.16,22.1,52.56,78.66,37.95,23.57,10.52,18.09,16.78,62.6,26.81,8.03,12.14,114.2,71.4,24.04,83.5,42.81,34.71,51.37,11.75,53.22,73.69,12.53,7.62,23.03,14.77,23.25,17.48,7.64,12.45,44.16,60.0,12.36,31.75,116.0,61.21,17.87,,28.6,21.4
2022-09-16 07:00:00,13.77,92.4,26.11,43.64,49.63,17.82,47.74,16.33,84.68,74.77,23.16,23.04,52.06,76.59,37.57,23.76,10.32,17.71,16.41,62.12,26.7,7.93,12.03,111.8,71.11,24.37,85.5,42.81,34.49,51.37,11.96,53.34,75.45,12.42,7.54,23.03,14.37,22.95,17.2,7.53,12.38,44.61,60.0,12.15,31.6,116.0,61.71,17.84,,28.85,21.43
2022-09-19 07:00:00,13.56,92.87,25.71,43.22,49.1,17.2,46.42,15.93,82.98,75.1,22.9,22.36,51.32,76.59,37.08,23.01,10.32,17.48,15.91,61.74,25.54,7.63,11.74,111.0,69.75,25.06,86.7,44.23,34.36,51.92,11.83,51.42,74.01,12.13,7.33,23.1,14.13,22.6,17.01,7.36,12.29,44.44,59.6,11.78,31.25,116.1,62.45,18.02,,29.25,21.12
2022-09-20 07:00:00,13.42,93.82,24.88,42.94,46.73,16.27,45.56,15.72,81.21,74.52,21.8,22.75,51.69,75.9,36.24,21.51,10.15,17.26,14.99,61.17,25.31,7.44,11.55,112.0,68.68,24.69,85.0,42.47,33.57,51.37,11.26,51.61,74.29,12.02,7.09,22.81,13.5,21.9,16.79,7.02,11.87,44.33,58.6,11.68,31.3,114.6,62.2,17.72,,29.1,21.0
2022-09-21 07:00:00,13.39,91.45,25.24,41.97,46.91,16.55,44.56,15.9,80.61,74.44,21.8,22.94,51.82,75.28,35.9,21.79,10.17,17.33,14.62,61.46,25.05,7.58,11.47,113.0,68.78,24.21,84.7,42.98,33.31,52.19,11.26,51.67,74.09,12.06,7.11,23.1,13.7,22.05,16.53,7.16,11.68,44.61,58.9,11.68,31.75,114.7,62.53,17.49,,28.65,20.99
2022-09-22 07:00:00,13.18,89.27,25.06,41.49,48.22,16.66,44.36,15.53,80.02,73.53,21.58,22.42,51.01,75.21,36.05,21.6,10.01,17.18,14.62,60.79,23.47,7.47,11.36,110.9,66.94,24.0,84.0,42.72,33.0,52.01,11.05,51.73,75.65,12.06,7.0,23.03,13.56,21.45,16.2,7.36,11.68,43.71,57.8,11.46,31.25,114.1,63.28,17.14,,28.15,20.7
2022-09-23 07:00:00,13.27,91.83,25.82,41.83,49.19,17.13,45.03,15.59,81.21,73.12,22.15,23.01,51.69,76.87,37.34,22.4,9.99,17.45,14.99,60.6,23.96,7.58,11.47,109.0,67.91,25.91,84.6,42.89,32.96,52.52,11.34,52.48,75.09,12.24,7.14,22.77,14.03,21.8,16.27,7.74,11.84,43.43,57.5,11.78,31.5,114.0,63.61,17.22,,28.25,20.82
2022-09-26 07:00:00,13.13,89.55,24.74,41.0,51.03,16.27,45.03,15.16,77.48,72.78,21.16,22.23,50.7,76.59,36.47,21.18,9.85,16.99,14.34,60.41,23.06,6.99,11.14,107.2,65.68,24.53,84.5,41.97,32.3,51.83,10.97,50.68,74.29,12.31,6.9,22.07,13.4,20.95,15.99,7.5,11.54,42.24,56.5,11.57,30.9,111.9,62.62,16.61,,27.9,20.64
2022-09-27 07:00:00,13.01,88.61,24.3,40.03,51.2,15.77,44.7,14.43,73.84,71.22,20.89,23.01,51.01,78.66,35.98,21.46,9.59,16.99,14.16,60.32,22.46,7.09,11.01,106.0,65.29,24.77,84.6,41.89,31.73,51.64,10.63,48.58,74.45,12.17,6.66,22.18,13.16,20.8,15.85,8.12,11.59,42.75,55.9,11.73,31.05,110.2,61.54,16.31,,27.15,20.26
2022-09-28 07:00:00,12.92,84.25,24.45,40.93,49.98,15.0,44.43,14.36,69.44,71.88,20.7,23.24,49.82,75.9,35.98,20.86,9.59,16.8,13.84,60.32,22.01,7.09,10.82,105.1,64.03,25.74,84.5,41.55,30.59,50.91,10.72,48.82,73.5,11.84,6.74,22.44,12.96,20.2,15.75,8.46,11.33,41.63,53.6,12.42,30.05,110.5,59.48,16.39,,26.5,20.2
2022-09-29 07:00:00,12.98,86.14,24.66,40.03,49.54,15.85,41.58,14.46,68.17,73.2,21.07,22.55,49.64,73.48,35.52,21.0,9.77,16.77,14.16,60.22,22.53,7.15,10.92,102.6,64.42,23.96,85.0,42.22,30.9,51.37,10.76,48.27,74.13,11.84,6.79,22.4,13.5,20.6,15.92,8.19,11.54,42.75,52.1,12.18,28.85,110.2,60.22,16.52,,27.2,20.18
2022-09-30 07:00:00,12.89,78.66,23.79,39.27,46.91,14.92,37.81,13.9,60.04,71.46,19.84,23.4,47.9,70.38,35.79,18.99,9.46,16.27,13.56,59.56,21.59,6.88,10.65,98.2,61.71,21.61,84.9,42.39,29.58,50.91,10.34,45.67,71.1,11.66,6.66,22.33,12.8,19.6,15.59,7.47,11.45,41.18,50.0,11.73,26.65,110.0,59.39,16.04,,26.9,20.0
2022-10-03 07:00:00,12.92,85.95,24.01,39.82,46.91,14.76,38.07,13.94,66.05,72.87,20.56,22.23,49.51,75.21,36.43,19.59,9.48,16.05,13.61,59.36,20.65,6.91,10.76,97.0,60.93,22.79,84.0,42.39,28.88,49.03,10.22,47.59,72.3,11.59,6.66,22.44,13.1,20.3,15.35,7.74,11.73,41.34,50.7,11.46,27.45,110.0,59.39,15.73,,27.55,19.88
2022-10-04 07:00:00,12.72,85.29,23.21,38.5,44.8,14.34,36.15,13.5,63.68,70.72,19.57,21.71,48.52,73.9,36.81,18.33,9.41,15.21,12.87,56.52,19.53,6.64,10.38,93.1,59.29,21.94,82.3,42.81,28.7,46.74,9.77,46.35,72.78,11.3,6.52,22.4,12.63,19.75,14.55,7.64,11.17,39.38,50.7,11.36,28.0,110.0,59.31,15.15,,26.25,18.81
2022-10-05 07:00:00,12.36,83.77,23.07,38.16,43.58,13.79,34.37,13.08,64.36,68.74,18.45,21.71,49.14,73.21,37.61,17.58,9.69,14.53,12.37,59.84,20.24,6.45,10.33,93.3,59.09,21.49,82.0,43.14,28.44,45.22,9.81,46.41,75.73,11.3,6.26,21.63,12.26,19.35,14.64,7.57,11.21,40.16,51.0,11.68,28.75,113.9,58.65,15.33,,26.75,18.8
2022-10-06 07:00:00,12.22,82.54,23.18,38.5,44.37,14.53,34.96,13.5,65.62,71.79,19.57,23.07,49.08,73.97,38.1,17.91,9.36,14.61,12.46,61.55,20.65,6.48,10.36,91.4,60.26,22.67,82.0,42.72,29.23,46.78,10.06,47.9,73.97,11.55,6.28,22.04,12.46,19.35,14.41,7.6,11.17,40.5,53.6,11.38,29.9,114.3,58.9,15.07,,27.05,19.27
2022-10-07 07:00:00,11.46,80.9,22.12,38.36,42.61,13.91,33.51,13.08,57.67,69.4,18.94,22.68,47.4,73.76,36.57,16.55,8.95,13.36,11.12,60.88,18.78,5.91,9.49,84.8,54.73,21.49,80.1,42.06,28.26,46.32,9.27,44.74,73.1,10.9,5.64,21.85,11.39,17.6,13.65,6.95,10.77,39.15,53.6,10.56,30.25,114.0,57.25,14.1,,26.2,18.6
2022-10-10 07:00:00,10.66,76.03,20.42,38.85,41.65,13.52,30.0,12.09,56.06,67.83,17.92,22.81,45.72,70.38,36.49,15.53,8.77,13.09,10.57,60.6,18.55,5.23,9.17,80.0,51.44,21.66,75.4,40.8,28.09,44.58,8.52,44.56,74.29,10.53,5.37,21.52,11.19,16.2,12.19,6.47,9.72,37.41,53.0,10.53,30.1,114.7,56.59,13.04,,25.3,
2022-10-11 07:00:00,10.96,83.58,21.76,39.47,43.84,14.03,31.12,12.71,60.46,68.49,19.38,24.18,46.03,73.14,37.74,15.48,8.52,13.93,11.81,60.03,19.6,5.37,9.36,80.1,55.32,22.53,75.8,41.97,29.54,48.75,9.1,47.03,73.3,10.1,5.29,21.23,11.39,16.95,12.19,6.81,9.04,36.73,52.6,10.35,29.15,111.8,58.24,13.22,,25.3,17.4
2022-10-12 07:00:00,10.49,78.61,21.04,37.81,41.34,12.86,28.14,12.28,59.36,66.92,19.29,23.46,44.16,72.52,36.69,14.06,8.31,13.47,12.04,59.36,18.55,5.07,8.73,81.4,53.77,21.16,74.0,40.55,29.23,47.15,8.52,46.41,74.89,9.22,4.89,20.46,10.96,15.95,11.34,6.33,8.55,35.44,51.8,10.24,30.0,107.0,58.24,13.48,,22.3,16.95
2022-10-13 07:00:00,10.96,81.19,22.16,39.47,42.52,13.33,29.27,13.08,62.66,69.48,20.59,24.05,44.91,73.07,37.7,15.35,8.82,14.23,12.5,58.98,19.6,5.48,9.28,82.0,55.22,21.25,75.0,40.72,29.84,48.39,8.9,47.65,73.3,9.95,5.46,21.96,11.53,17.05,11.72,6.72,9.58,36.06,52.5,10.45,29.35,109.9,58.65,14.19,,24.2,17.65
2022-10-14 07:00:00,12.01,81.19,23.94,40.58,43.93,13.41,31.52,14.03,65.88,70.22,21.09,24.7,46.28,74.59,37.74,15.93,8.8,14.95,12.96,59.27,20.28,5.75,9.68,81.0,56.19,22.03,75.0,41.05,29.93,48.25,9.02,47.09,77.09,10.42,5.7,21.93,12.03,18.1,12.52,6.86,9.79,38.53,53.0,11.17,30.25,108.6,61.13,14.54,,26.0,17.81
2022-10-17 07:00:00,11.89,80.24,23.9,39.61,44.01,13.45,30.46,13.87,67.06,68.82,20.76,23.98,45.72,74.45,37.35,15.74,8.57,14.57,12.69,60.41,19.79,5.75,9.57,78.9,57.74,21.99,76.0,40.8,29.49,48.16,8.81,47.83,74.09,10.02,5.88,21.89,11.76,17.45,12.05,6.68,9.39,37.86,51.5,10.69,29.3,108.8,60.96,13.92,,24.3,17.94
2022-10-18 07:00:00,12.48,80.24,23.94,41.56,45.15,13.56,31.92,14.06,71.89,68.57,21.93,24.05,46.03,78.11,37.39,16.46,8.64,14.76,13.1,59.84,19.41,6.05,9.71,80.0,58.03,23.11,75.0,41.47,29.05,49.44,9.35,50.06,75.65,9.99,6.31,21.82,12.3,18.5,12.09,6.74,9.67,38.25,50.0,10.75,28.25,108.0,61.96,14.27,,25.3,17.91
2022-10-19 07:00:00,12.66,82.14,23.79,41.97,44.89,14.38,31.78,14.12,68.67,70.22,21.14,23.72,46.59,76.66,37.11,16.27,8.67,14.27,12.69,58.8,19.71,5.96,9.57,82.5,57.35,22.49,75.0,41.14,29.67,48.98,9.23,49.63,75.89,10.42,6.12,21.63,11.96,17.75,11.95,6.88,9.67,38.19,50.4,10.61,29.25,109.0,62.86,14.19,,25.6,18.0
2022-10-20 07:00:00,12.36,80.24,23.65,42.11,44.89,13.83,30.82,14.24,69.44,71.13,21.18,24.05,47.15,75.21,37.66,15.83,8.67,13.89,12.23,58.7,19.38,5.86,9.44,79.5,56.38,21.78,74.2,40.97,29.49,49.72,9.02,49.44,75.89,10.35,5.91,21.63,11.69,17.25,11.86,6.78,9.48,38.19,49.5,10.88,29.05,109.4,63.28,13.97,,25.0,17.98
2022-10-21 07:00:00,12.51,80.33,24.05,42.25,44.63,13.64,31.06,14.27,66.9,74.52,20.7,23.63,48.33,76.52,37.85,15.64,8.67,13.85,12.41,58.8,19.08,5.86,9.33,81.0,56.48,21.41,75.0,40.8,29.58,49.72,9.02,50.12,76.49,10.39,5.83,21.49,11.63,17.1,11.74,6.74,9.62,38.93,49.95,10.67,29.25,109.0,64.02,14.1,,24.9,17.83
2022-10-24 07:00:00,11.98,79.85,23.9,42.46,42.96,12.63,28.8,13.32,62.92,74.44,19.46,23.72,45.97,73.97,36.1,14.39,8.41,12.87,11.31,58.89,17.91,5.43,8.82,74.8,52.8,21.2,73.8,40.55,27.74,45.91,8.65,48.95,78.29,10.17,5.56,21.3,10.89,16.05,10.89,6.32,9.39,39.09,47.95,10.22,28.0,108.9,63.77,13.74,,24.65,17.3
2022-10-25 07:00:00,11.54,78.32,21.76,41.62,42.96,11.86,26.68,13.01,62.66,71.55,18.76,23.66,44.41,73.97,33.42,13.24,8.11,12.41,10.76,58.89,16.37,5.05,8.52,72.5,49.12,21.62,74.2,39.05,25.54,48.16,8.07,48.02,73.33,9.66,5.35,21.16,10.09,14.9,10.06,5.61,9.2,37.13,44.6,10.08,28.15,107.0,61.21,13.44,,21.6,16.5
2022-10-26 07:00:00,12.07,77.37,22.85,43.07,43.84,11.93,26.88,13.78,64.27,73.12,20.04,25.35,46.34,73.97,33.07,12.81,8.16,12.87,11.54,59.65,15.85,5.48,8.87,75.0,50.47,21.83,75.0,38.88,24.36,46.83,8.32,48.02,77.33,9.12,5.72,21.3,10.22,15.15,10.25,5.64,9.44,39.71,44.6,10.27,28.05,108.0,62.78,13.66,,23.05,16.8
2022-10-27 07:00:00,12.13,78.13,23.07,42.49,44.89,11.78,26.82,13.97,64.1,71.46,19.6,25.67,46.09,75.14,33.26,13.1,8.13,12.83,11.35,58.8,16.6,5.62,8.92,78.7,49.7,21.83,74.9,37.79,24.58,48.02,8.28,49.2,74.37,9.26,5.59,21.16,10.09,15.0,10.16,5.22,9.32,39.66,43.4,10.19,27.3,107.5,62.78,13.66,,22.9,16.71
2022-10-28 07:00:00,13.13,78.04,24.88,46.14,46.91,12.4,28.8,14.92,67.74,72.7,20.56,27.3,47.46,75.97,35.71,14.06,8.49,13.17,12.23,58.51,17.57,6.1,9.63,83.0,51.83,22.32,73.5,37.88,25.89,47.89,8.69,50.12,75.89,9.84,6.1,22.73,10.82,16.45,11.15,5.65,9.9,40.78,44.5,10.67,27.7,108.8,64.85,14.63,,24.0,17.5
2022-10-31 07:00:00,13.1,74.89,24.52,45.92,46.29,12.09,28.47,14.92,65.88,72.7,19.6,25.09,46.65,75.21,35.25,14.01,8.31,11.85,10.48,58.7,17.27,6.07,9.57,83.9,50.76,21.66,71.2,37.54,25.45,48.35,8.57,49.5,75.29,9.81,5.99,22.73,10.62,16.2,11.62,5.71,9.81,41.34,45.5,10.53,28.0,107.5,64.19,14.54,,24.2,17.51
2022-11-01 07:00:00,13.18,76.51,25.1,45.12,45.15,12.05,28.47,15.16,65.29,70.64,19.38,23.56,47.46,76.87,35.99,14.11,8.41,11.92,10.99,58.89,17.2,6.45,9.74,86.4,50.37,21.54,70.9,36.54,25.45,47.61,8.57,49.2,74.01,9.77,6.2,22.62,11.09,16.5,11.81,5.66,9.81,41.63,45.8,10.56,27.85,107.7,64.85,14.54,,24.55,17.58
2022-11-02 07:00:00,13.13,77.46,24.7,48.85,46.29,12.36,27.74,14.76,63.08,70.22,19.38,23.4,46.78,76.31,36.02,14.01,8.46,11.35,10.8,58.8,17.12,6.39,9.74,86.5,48.44,21.66,70.0,35.37,25.63,47.42,8.61,47.77,73.33,9.66,6.2,22.7,11.33,16.9,12.14,5.6,10.18,41.63,45.0,10.69,27.65,106.8,66.25,15.15,,26.05,17.52
2022-11-03 07:00:00,12.6,76.7,24.05,45.34,44.89,12.24,27.74,14.46,60.97,71.05,18.05,21.29,46.34,77.14,35.48,13.24,8.21,11.54,11.17,59.36,17.12,6.07,9.55,80.0,47.47,21.33,68.2,34.78,25.41,45.39,8.32,46.41,73.1,9.59,5.88,22.66,10.82,16.8,11.64,5.44,9.97,40.5,44.55,10.91,27.2,98.0,64.43,15.11,,25.15,17.07
2022-11-04 07:00:00,12.51,74.5,23.94,44.83,45.51,12.67,27.81,14.36,61.82,70.72,18.41,22.29,46.03,76.87,35.91,13.43,8.01,11.35,10.8,58.89,17.16,6.23,9.38,84.0,46.06,19.75,59.9,31.35,25.67,47.56,8.36,46.66,72.7,9.48,5.94,22.33,10.86,17.05,11.81,5.37,9.81,40.22,44.8,10.61,27.45,100.1,66.0,15.11,,25.5,17.42
2022-11-07 07:00:00,12.25,69.73,23.79,43.73,43.49,11.47,26.09,14.92,60.12,70.22,18.1,21.45,45.16,76.93,37.04,12.81,8.01,11.01,10.02,58.89,15.43,6.07,9.52,84.3,44.56,19.71,55.8,29.18,25.45,43.96,8.11,43.32,72.74,9.37,6.1,22.26,10.19,16.35,12.02,4.93,10.02,40.39,44.0,10.22,27.0,96.5,66.17,15.07,,26.0,17.05
2022-11-08 07:00:00,12.07,66.86,23.94,39.85,42.7,10.19,22.58,14.12,59.61,68.24,18.19,18.39,44.48,78.59,36.96,11.71,6.81,9.92,8.96,58.42,14.19,5.7,9.06,84.0,41.51,17.8,51.9,27.17,25.19,44.28,8.06,41.58,73.5,8.28,5.72,22.0,9.22,15.5,11.22,4.79,9.2,40.5,43.1,9.55,26.1,100.9,67.9,14.8,,25.5,16.58
2022-11-09 07:00:00,12.54,71.35,25.46,38.76,45.59,11.24,22.18,14.8,60.8,69.23,18.72,18.13,45.6,79.0,35.95,12.76,7.34,9.99,8.85,58.13,15.17,6.15,9.36,86.5,43.59,18.88,48.3,25.29,26.35,44.74,8.81,43.56,73.14,8.72,6.07,22.15,10.12,16.8,11.57,5.15,9.67,41.34,43.8,9.74,26.65,100.6,67.74,15.29,,25.3,16.59
2022-11-10 07:00:00,12.1,68.3,26.08,40.51,44.72,10.81,20.89,14.8,58.51,69.15,18.5,16.87,45.72,79.42,35.4,12.48,7.39,9.61,8.11,58.89,14.23,5.99,9.11,87.0,43.55,18.67,44.95,23.54,26.08,44.79,8.81,41.83,74.09,8.72,5.83,22.07,9.82,16.0,11.34,5.16,9.37,41.57,44.1,9.55,26.8,100.6,66.83,15.33,,25.35,16.75
2022-11-11 07:00:00,12.13,70.01,26.11,40.15,43.05,10.46,19.86,14.58,57.16,70.39,17.83,15.7,45.47,78.38,34.2,12.14,7.44,9.31,8.09,57.94,14.42,5.91,8.79,82.0,42.04,18.09,41.85,21.91,25.07,45.2,8.77,42.64,75.09,8.32,5.62,21.38,9.56,15.6,11.1,5.02,9.58,41.06,43.95,9.45,26.5,97.6,65.18,14.67,,25.1,16.0
2022-11-14 07:00:00,12.01,66.96,25.82,37.66,42.52,9.07,17.91,14.24,48.44,68.9,16.73,14.62,44.79,78.45,34.74,10.65,7.04,9.2,7.08,57.56,15.13,5.59,8.63,85.5,40.69,19.05,38.95,20.4,24.61,44.14,8.69,40.96,75.01,8.28,5.35,22.0,9.22,15.45,10.49,4.21,9.11,42.47,43.8,9.05,27.1,101.3,64.43,14.1,,24.5,15.8
2022-11-15 07:00:00,11.87,67.82,25.39,37.37,41.82,8.33,16.69,14.49,45.05,68.16,15.46,13.62,43.54,78.52,30.73,10.08,7.39,9.08,6.72,57.09,15.25,5.48,8.11,89.1,37.01,18.55,36.25,18.98,23.33,44.33,8.36,41.46,77.85,7.95,4.99,21.71,9.36,15.75,10.42,3.92,9.06,41.85,42.55,9.02,27.95,101.4,65.26,13.35,,25.35,15.8
2022-11-16 07:00:00,11.07,66.77,23.14,37.95,36.39,7.75,15.53,13.69,41.92,66.01,14.16,12.67,38.13,72.79,28.79,9.16,6.94,9.31,6.5,56.99,14.19,4.81,7.27,85.5,34.15,17.22,33.75,17.68,21.0,41.65,7.37,36.76,72.7,7.2,4.44,21.49,8.75,14.8,9.12,3.65,8.76,39.54,43.0,8.62,28.45,101.7,62.37,12.03,,23.85,15.15
2022-11-17 07:00:00,12.19,71.45,26.26,39.93,41.82,9.11,18.54,15.35,50.38,68.57,16.69,11.8,43.11,79.76,30.89,10.51,7.5,10.52,7.73,56.52,15.36,5.84,8.3,90.5,40.45,19.09,31.4,16.47,23.79,44.84,8.36,42.02,73.06,7.95,5.24,21.93,10.12,16.9,10.72,4.46,9.95,42.81,45.0,9.76,31.2,102.4,63.44,13.88,,26.55,16.3
2022-11-18 07:00:00,12.19,76.13,25.86,39.93,41.65,8.52,18.61,15.07,49.96,68.32,16.62,12.61,43.6,82.18,31.51,11.04,7.8,11.05,8.09,55.57,16.22,5.97,8.38,97.1,39.72,18.84,29.25,15.34,23.42,46.22,8.36,42.08,74.05,8.14,5.37,22.15,10.52,16.95,10.79,4.58,9.62,42.69,47.95,9.79,33.45,102.1,63.61,13.22,,28.0,16.6
2022-11-21 07:00:00,12.42,73.74,26.48,39.85,42.48,9.69,19.47,15.16,46.57,68.74,16.34,12.9,43.23,78.87,34.16,11.95,7.8,11.5,8.46,55.85,16.9,6.18,8.6,95.2,40.64,19.17,27.25,14.3,22.56,46.27,8.36,42.64,72.7,8.32,5.48,22.0,10.99,17.3,10.7,4.95,9.67,43.03,48.0,9.82,33.0,102.2,63.61,13.83,,27.5,16.7
2022-11-22 07:00:00,11.95,74.22,25.1,40.0,42.04,10.04,18.87,14.67,41.92,67.75,15.68,11.24,43.54,76.66,32.52,12.81,7.65,11.09,8.73,56.8,16.82,6.0,8.49,93.6,38.94,20.0,25.35,13.34,23.15,47.98,8.52,42.82,72.18,8.36,5.56,21.89,10.62,16.6,10.42,5.48,9.58,41.91,45.8,9.74,32.0,98.9,64.02,13.44,,26.1,16.29
2022-11-23 07:00:00,11.95,71.54,26.4,40.22,42.26,9.76,19.6,14.67,43.27,68.16,15.85,12.35,43.54,75.62,33.85,12.19,7.65,11.13,8.45,58.7,16.75,6.18,8.55,88.6,39.04,19.92,23.6,12.42,23.97,47.15,8.61,43.32,72.22,8.48,5.72,21.85,10.82,16.9,10.39,5.48,9.51,41.06,45.0,9.76,30.05,98.1,65.67,13.44,,26.05,16.12
2022-11-24 07:00:00,12.07,71.54,26.98,38.25,42.87,8.91,19.63,14.89,43.95,67.75,15.85,12.38,43.42,75.21,34.08,12.04,7.6,10.37,7.81,58.89,16.26,6.15,8.46,91.5,37.97,20.12,21.95,11.58,24.8,49.0,8.65,43.44,73.1,8.4,5.54,21.74,10.32,17.3,10.39,5.37,9.39,41.34,44.35,9.45,30.0,100.3,65.26,13.08,,26.0,16.1
2022-11-25 07:00:00,12.6,71.64,27.85,38.1,43.49,9.53,19.6,15.29,43.36,66.92,16.29,12.32,43.92,73.83,35.79,12.95,7.62,11.05,8.92,58.42,16.15,6.34,8.55,90.0,36.38,20.79,20.45,10.79,25.25,49.23,8.9,43.32,72.1,8.75,5.6,21.67,10.96,18.5,10.56,5.78,9.44,41.12,46.0,9.66,31.5,101.7,67.16,13.48,,27.6,16.2
2022-11-28 07:00:00,12.66,71.54,29.02,40.66,44.15,10.19,20.53,16.02,43.61,67.75,16.91,12.48,45.04,72.31,37.27,13.43,7.65,11.81,9.47,58.7,17.24,6.8,8.9,94.0,37.1,21.16,19.05,10.03,25.62,49.23,9.06,43.94,66.86,9.3,5.83,21.89,11.69,19.1,11.01,6.12,9.58,41.91,47.5,9.95,33.25,102.0,67.74,13.74,,27.95,16.51
2022-11-29 07:00:00,13.04,73.83,28.65,39.49,43.49,10.85,21.85,16.58,47.42,68.57,17.39,12.64,46.59,77.28,36.34,13.77,7.9,12.56,10.02,58.42,18.55,7.05,9.3,97.2,39.23,21.33,21.4,9.36,27.08,50.38,9.35,45.79,70.78,9.57,6.15,22.07,12.36,19.5,11.79,6.47,9.95,42.75,51.6,10.16,32.5,99.3,67.16,14.27,,29.3,17.15
2022-11-30 07:00:00,13.04,75.84,29.74,41.17,44.71,11.28,21.95,16.6,49.71,67.58,18.19,14.3,46.34,77.28,37.58,13.63,7.9,13.28,10.02,58.42,19.68,7.08,9.36,99.5,42.24,21.0,23.35,11.41,27.08,52.14,9.43,44.93,71.82,9.88,6.24,22.07,12.5,19.55,11.9,6.23,10.14,45.17,53.6,10.16,34.75,103.0,68.56,14.32,,31.0,17.35
2022-12-01 07:00:00,13.07,76.8,29.81,43.36,45.74,11.35,23.97,16.79,52.5,69.89,18.14,14.82,46.71,77.28,37.42,13.91,8.16,14.19,10.57,59.74,21.93,7.2,9.57,102.0,43.59,22.61,24.9,12.21,27.45,51.54,9.81,46.1,71.5,10.19,6.28,22.11,13.03,20.2,12.4,6.65,10.44,45.51,55.1,11.06,34.7,101.5,67.41,15.02,,30.05,18.16
2022-12-02 07:00:00,13.18,77.18,28.29,41.9,44.06,11.08,23.18,16.14,49.11,69.73,17.17,13.58,46.46,73.48,35.71,14.39,8.21,13.62,10.34,58.8,20.43,7.05,9.63,99.0,42.04,21.41,23.35,13.04,28.27,52.0,9.14,46.04,70.1,10.34,6.52,22.22,12.1,19.8,12.75,6.0,10.04,44.94,53.5,10.53,32.55,103.0,67.99,14.8,,29.1,18.0
2022-12-05 07:00:00,13.8,78.52,30.03,41.32,45.46,12.4,24.83,17.5,54.19,69.98,18.27,14.17,48.52,77.97,38.12,15.31,8.72,14.99,11.81,59.65,22.91,7.85,10.28,102.9,45.58,22.82,24.0,13.8,28.91,53.16,9.89,48.33,70.74,10.85,7.11,22.37,13.56,22.3,13.94,6.49,10.84,47.31,57.5,11.68,34.4,106.5,69.47,15.6,,31.65,18.56
2022-12-06 07:00:00,13.83,76.41,29.81,41.32,46.96,11.59,23.77,17.25,52.92,70.97,17.92,14.23,48.7,77.97,37.35,14.87,8.9,15.06,12.04,58.22,22.94,8.13,10.28,105.5,45.72,22.08,21.1,13.92,29.19,53.06,9.52,49.07,71.74,10.66,6.95,22.55,13.63,22.25,13.61,6.02,10.75,47.81,58.3,11.65,34.05,106.8,70.22,15.99,,30.5,18.9
2022-12-07 07:00:00,13.18,74.6,28.65,40.29,44.8,10.69,22.15,16.51,52.92,69.56,18.63,13.16,47.21,75.55,37.74,13.82,8.34,13.62,10.89,58.42,22.19,8.04,9.55,102.0,42.96,21.95,19.2,12.54,27.63,52.14,9.02,48.27,70.54,10.03,6.4,22.4,13.06,20.55,12.75,5.48,10.04,45.0,54.2,10.83,34.6,105.0,68.56,14.8,,29.5,18.1
2022-12-08 07:00:00,13.15,73.55,28.43,41.98,45.55,10.5,21.95,16.94,53.77,70.97,19.6,13.0,47.83,74.59,38.05,13.67,8.31,14.31,10.99,58.32,22.38,8.07,9.57,103.8,44.37,22.24,17.9,13.63,26.81,50.24,9.19,48.33,71.86,10.15,6.61,22.44,13.2,20.75,12.66,5.47,9.97,44.44,57.0,11.09,37.2,105.9,68.56,14.49,,29.5,18.04
2022-12-09 07:00:00,13.33,76.41,28.22,42.85,45.37,10.85,24.3,17.07,54.53,70.22,19.13,13.84,47.46,74.45,37.54,14.15,8.67,14.31,11.45,58.32,22.68,8.47,9.84,99.0,44.56,22.24,16.65,13.75,27.86,51.91,9.35,47.9,71.62,10.15,6.64,22.62,13.83,22.5,13.44,5.75,10.37,44.1,55.4,11.14,35.25,107.0,66.91,15.11,,28.85,18.16
2022-12-12 07:00:00,13.51,75.94,28.58,43.51,44.71,11.24,25.99,17.19,53.86,70.22,18.91,15.5,48.27,74.52,36.61,14.63,8.75,14.53,11.95,58.42,22.53,8.35,9.84,100.0,44.76,22.45,17.8,14.21,27.82,50.89,9.27,49.57,71.1,10.42,6.58,22.55,13.63,22.5,13.35,5.64,10.63,44.33,54.2,11.14,33.9,112.5,66.33,14.93,,29.2,18.2
2022-12-13 07:00:00,13.13,74.69,27.6,41.68,45.41,10.69,25.69,16.76,55.04,70.31,18.94,16.57,47.4,73.76,37.35,14.2,8.57,14.08,11.08,59.36,20.58,8.07,9.6,96.9,44.32,22.95,19.0,12.88,28.0,51.58,9.27,49.5,71.22,10.42,6.64,22.59,12.8,21.35,12.85,5.59,10.56,43.93,50.5,10.75,31.95,111.3,64.93,14.71,,27.4,17.8
2022-12-14 07:00:00,13.54,76.41,28.8,42.05,47.24,11.47,26.42,17.43,56.56,70.22,19.38,17.71,48.02,73.55,37.74,14.59,8.49,14.65,11.91,59.74,21.63,8.41,9.92,98.5,45.82,23.32,18.7,13.17,28.82,52.0,9.56,49.2,71.66,10.62,6.77,22.73,14.03,23.0,13.94,5.94,10.93,44.83,53.7,11.09,31.25,112.1,65.59,15.2,,28.05,18.0
2022-12-15 07:00:00,13.48,74.98,28.0,41.98,46.53,11.35,26.25,17.13,57.33,70.72,19.38,17.09,47.52,73.83,37.27,14.78,8.52,14.46,11.58,58.42,20.99,8.01,9.74,97.0,45.0,22.66,18.25,12.54,28.64,51.63,9.35,48.21,71.54,10.66,6.61,22.73,13.43,23.1,13.61,6.26,10.58,44.33,53.0,10.99,30.55,112.1,64.02,15.02,,27.95,18.19
2022-12-16 07:00:00,13.48,75.08,28.04,42.71,45.46,11.04,24.57,17.04,56.73,69.81,18.85,18.1,47.9,73.35,36.57,14.68,8.54,14.53,11.49,58.89,21.1,8.04,10.11,98.0,45.29,23.07,17.3,11.71,28.37,51.35,9.27,47.03,71.5,10.34,6.61,22.81,13.36,22.85,13.7,5.9,10.63,44.72,50.3,10.99,30.3,111.1,64.19,16.26,,27.6,18.2
2022-12-19 07:00:00,13.42,75.74,28.14,42.78,46.21,11.62,24.76,17.19,58.29,70.8,19.11,17.74,48.7,73.14,37.23,15.16,8.92,15.59,12.73,59.65,20.65,8.19,10.17,94.2,46.11,22.86,18.2,12.12,28.37,51.31,9.39,48.7,70.78,10.5,6.71,22.88,13.7,23.0,13.77,6.26,10.72,45.0,49.4,11.06,29.5,112.9,64.85,16.17,,27.0,18.07
2022-12-20 07:00:00,13.33,75.74,28.14,43.51,44.9,11.16,24.2,16.91,55.1,70.39,19.07,18.17,48.02,72.45,36.02,14.59,8.87,14.99,12.55,58.6,20.05,8.04,9.9,93.4,45.14,22.9,17.25,11.54,27.82,51.17,9.14,47.15,70.06,10.34,6.71,22.95,13.7,22.0,13.7,5.75,10.49,44.83,48.2,10.96,28.25,111.0,63.86,15.77,,26.75,17.94
2022-12-21 07:00:00,13.24,75.46,28.18,43.8,44.9,10.69,23.77,17.19,54.74,70.64,19.6,18.52,48.02,73.14,34.78,13.72,8.67,14.68,12.83,59.65,19.41,7.82,9.65,94.7,45.05,22.28,16.2,10.87,26.9,50.84,8.94,46.47,69.9,10.58,6.61,22.95,13.5,22.75,13.25,5.75,10.4,45.79,48.8,10.51,28.3,111.3,65.84,15.42,,26.15,17.62
2022-12-22 07:00:00,13.48,75.94,28.18,43.44,45.08,10.31,22.65,16.88,54.03,70.55,19.42,19.01,48.02,72.45,35.79,13.96,8.67,14.46,12.23,59.46,19.0,7.94,9.68,95.0,44.9,22.41,15.2,10.33,26.9,50.84,8.77,45.42,71.04,11.67,6.52,23.06,13.03,23.75,13.11,5.6,10.23,44.72,48.55,10.61,28.0,111.7,66.68,15.86,,26.1,17.46
2022-12-23 07:00:00,13.42,76.22,28.65,44.46,44.71,10.31,22.41,16.88,52.7,70.14,18.94,18.2,47.52,70.72,36.26,13.87,8.62,14.27,11.45,59.18,20.28,8.04,9.71,92.5,45.05,23.03,15.5,11.2,28.09,50.38,8.77,45.42,71.68,11.59,6.49,23.25,12.7,23.45,13.09,5.55,10.47,45.11,49.4,10.53,27.65,111.3,64.83,16.26,,26.15,17.7
2022-12-26 07:00:00,13.42,76.13,28.29,43.29,44.71,10.15,23.37,16.97,51.91,70.55,18.8,18.04,48.33,70.45,35.79,13.67,8.67,13.85,10.85,59.56,19.68,8.01,9.57,95.0,44.08,23.82,15.2,10.95,28.55,50.66,9.14,45.73,71.32,11.43,6.37,23.28,12.16,23.45,12.87,5.47,10.21,44.55,49.5,10.43,27.5,111.5,64.24,16.17,,26.05,17.53
2022-12-27 07:00:00,12.95,74.5,28.14,41.9,42.56,9.73,21.55,16.02,48.28,69.81,18.43,16.9,47.52,71.69,35.4,12.81,8.36,12.94,10.02,59.36,18.85,7.48,9.11,91.5,40.2,23.32,13.2,10.24,27.18,49.92,8.69,43.38,71.04,10.73,5.92,23.21,11.36,22.0,12.09,5.15,9.6,45.11,46.3,9.71,26.45,111.0,64.58,15.24,,25.0,17.0
2022-12-28 07:00:00,12.95,76.41,29.09,44.39,44.01,10.15,22.45,16.33,52.26,69.98,19.29,17.87,47.9,71.48,35.44,13.82,8.36,13.93,11.03,59.56,20.17,7.73,9.36,91.7,41.66,22.99,14.5,10.95,28.27,50.1,8.77,44.56,69.62,10.81,6.34,23.47,12.33,22.6,12.33,5.51,9.83,45.23,47.7,10.0,26.75,107.8,64.49,15.77,,25.75,17.5
2022-12-29 07:00:00,12.89,76.03,30.47,43.88,43.68,9.96,21.59,16.64,52.0,70.31,18.96,17.87,47.58,71.69,36.02,13.63,8.13,13.85,10.85,62.98,20.35,8.28,9.36,92.5,41.17,23.86,14.05,11.29,29.19,52.69,8.81,44.37,70.31,11.12,6.18,23.69,12.03,22.7,12.33,5.45,10.04,46.29,47.6,9.95,26.6,110.6,65.08,15.95,,26.8,17.4
2022-12-30 07:00:00,12.89,75.46,29.2,43.95,43.68,10.11,22.35,16.58,51.2,69.89,18.94,17.22,47.4,70.79,35.25,13.34,8.11,13.7,10.76,61.74,21.25,8.1,9.49,96.0,41.46,24.03,14.8,11.29,29.19,53.31,8.77,44.06,70.51,11.24,6.18,23.83,11.86,22.6,12.26,5.48,10.07,46.63,49.0,10.14,26.9,112.9,65.59,15.77,,26.15,17.49
2023-01-03 07:00:00,12.89,76.41,28.51,43.51,43.63,10.04,21.78,16.79,52.17,70.14,18.94,18.1,47.83,70.38,35.95,13.24,8.21,13.85,10.71,62.22,20.2,8.1,9.3,95.0,41.46,23.98,14.0,11.66,29.14,56.08,8.77,44.12,69.33,11.08,6.13,24.16,11.89,22.5,12.16,5.38,9.83,45.11,48.0,10.06,26.9,109.5,64.32,15.86,,27.0,17.37
2023-01-04 07:00:00,13.39,80.24,29.89,45.27,44.8,10.97,23.44,17.19,53.5,71.46,19.18,17.61,50.26,72.79,35.79,14.11,8.57,14.72,11.77,61.64,21.18,8.44,9.79,97.0,41.75,24.36,14.65,12.33,30.1,55.16,9.1,45.48,68.56,11.4,6.4,24.46,12.83,23.6,12.97,5.74,10.35,46.63,49.9,10.61,28.45,112.5,66.17,16.3,,28.55,17.77
2023-01-05 07:00:00,13.33,80.14,29.74,44.46,44.9,10.77,23.61,17.5,53.32,71.63,20.04,17.65,49.89,72.45,36.53,14.3,8.36,14.68,11.68,61.74,20.92,8.41,9.74,100.0,42.53,25.27,14.0,12.5,32.21,55.71,9.1,44.99,69.7,10.97,6.4,24.6,12.8,23.4,12.9,5.64,10.28,46.58,49.0,10.56,28.05,110.9,66.68,16.74,,28.4,17.9
2023-01-06 07:00:00,13.36,78.9,29.56,43.8,45.27,10.77,23.24,17.5,53.68,70.72,19.77,18.07,50.01,73.48,36.72,14.44,8.36,14.91,12.14,60.79,20.95,8.41,9.76,99.5,42.24,24.77,13.7,12.42,32.48,55.16,9.85,45.67,71.81,10.97,6.4,24.68,12.9,24.25,12.97,5.66,10.54,47.25,49.75,10.72,28.0,110.1,68.11,16.61,,29.2,18.08
2023-01-09 07:00:00,13.68,78.8,30.61,43.95,44.99,10.54,22.35,17.62,52.08,71.22,18.76,18.52,50.07,72.66,36.41,14.06,8.46,14.99,11.81,61.64,20.92,9.06,10.01,96.7,41.8,23.86,13.9,12.21,31.75,54.29,9.81,46.04,72.74,10.66,6.58,24.79,12.76,24.6,13.13,5.62,10.54,48.26,50.2,11.04,28.1,109.3,67.18,16.92,,29.25,18.3
2023-01-10 07:00:00,13.62,78.32,30.18,45.34,44.9,10.73,22.22,17.92,51.38,71.38,18.58,19.08,50.2,72.1,36.88,13.63,8.59,14.84,11.49,60.79,21.03,8.81,9.84,96.5,40.69,23.36,14.05,11.96,32.12,54.79,9.6,45.48,72.82,10.54,6.49,24.75,12.7,24.65,13.11,5.55,10.65,48.49,50.1,11.25,27.5,109.2,68.02,16.61,,29.4,18.5
2023-01-11 07:00:00,13.83,78.32,30.18,45.05,45.27,11.0,23.9,17.56,50.49,72.54,18.69,18.26,50.01,72.38,37.35,13.82,8.54,15.14,12.04,59.36,21.03,9.06,9.87,96.0,40.98,23.44,14.1,12.12,33.86,54.6,9.68,44.56,72.94,10.81,6.52,24.71,12.73,25.25,12.97,5.71,10.47,49.11,50.3,11.41,27.25,109.0,68.11,16.74,,29.45,18.12
2023-01-12 07:00:00,14.18,77.56,29.99,44.1,45.74,10.93,23.57,17.86,50.49,73.53,18.5,17.16,50.38,71.9,37.35,14.06,8.52,15.21,12.23,60.32,21.18,9.03,9.9,96.1,41.22,23.82,15.2,12.5,34.08,53.86,9.64,45.17,73.75,10.85,6.55,24.75,12.93,24.9,13.06,5.64,10.56,47.93,51.1,11.22,27.75,110.6,67.18,16.39,,28.9,18.2
2023-01-13 07:00:00,14.41,78.23,30.18,43.95,46.11,10.85,23.11,17.86,50.4,71.96,18.05,16.35,50.07,72.17,37.31,14.35,8.57,15.33,12.41,59.18,20.35,9.03,9.95,94.1,41.07,23.82,15.2,12.37,33.95,53.42,9.85,44.86,72.86,10.7,6.52,24.75,13.03,25.15,13.18,5.64,10.51,47.93,51.7,11.78,27.5,109.8,67.44,16.61,,28.7,18.16
2023-01-16 07:00:00,14.15,77.85,30.47,44.32,45.74,10.69,23.18,17.86,50.84,72.7,18.1,16.77,49.82,72.31,37.19,14.01,8.59,15.14,12.18,59.18,19.68,9.09,9.9,95.0,40.74,23.65,14.3,11.62,33.9,53.61,9.93,44.62,76.18,10.7,6.61,24.79,12.9,25.4,13.16,5.6,10.47,48.38,52.0,11.81,27.5,108.1,67.77,17.27,,28.35,18.36
2023-01-17 07:00:00,14.68,78.23,32.64,48.41,45.08,10.77,23.84,18.48,49.96,72.29,18.23,17.42,50.51,71.07,36.88,14.68,8.72,15.48,12.78,58.89,19.83,9.06,10.11,94.7,41.07,23.4,13.9,11.45,33.67,54.35,9.85,43.87,76.18,10.5,6.64,24.86,13.1,25.5,13.42,5.62,10.37,49.78,51.3,11.81,26.75,109.1,67.44,17.18,,28.7,18.35
2023-01-18 07:00:00,14.82,80.04,32.57,47.09,45.55,11.47,26.29,18.78,52.7,71.22,18.52,17.35,51.07,72.38,37.46,15.21,8.87,16.65,13.79,58.89,20.13,9.27,10.55,97.5,42.14,23.82,14.1,11.91,34.13,55.47,10.14,43.26,77.8,10.66,6.86,24.82,13.7,26.55,13.75,5.87,10.77,50.63,52.0,12.29,27.7,109.1,68.02,17.27,,29.8,18.8
2023-01-19 07:00:00,14.94,81.09,32.71,46.07,45.27,11.35,25.29,18.85,52.53,72.29,18.58,17.06,51.63,72.24,38.2,15.4,8.98,16.35,13.33,59.08,20.84,9.27,10.55,98.3,43.55,23.65,14.15,11.87,34.54,54.35,10.01,43.13,76.99,10.89,6.83,24.86,13.66,26.55,13.63,5.97,10.93,50.34,52.4,11.99,28.15,112.0,67.94,17.23,,29.0,19.0
2023-01-27 07:00:00,15.44,81.38,33.73,46.8,46.72,11.51,25.89,19.09,54.03,74.35,18.89,17.68,52.31,72.52,40.15,16.12,9.15,15.89,13.47,59.65,20.77,9.3,10.76,102.0,44.95,23.69,14.0,11.87,35.14,55.59,10.22,44.24,75.29,11.24,6.98,24.93,14.37,27.1,13.86,6.06,11.35,52.31,52.4,12.36,28.9,114.5,68.44,17.31,,29.7,19.4
2023-01-30 07:00:00,15.41,80.24,31.92,46.95,47.61,11.55,26.16,18.42,52.44,78.07,18.76,17.52,52.38,75.21,40.46,16.51,9.13,16.42,13.7,59.56,20.77,9.27,10.71,105.0,44.47,23.4,13.95,11.54,34.77,58.94,10.14,44.86,78.25,11.16,6.89,24.97,14.0,26.5,13.72,6.08,11.45,51.81,53.3,12.44,29.75,117.1,67.27,17.36,,30.2,19.25
2023-01-31 07:00:00,14.88,80.81,32.1,49.73,47.24,11.82,25.72,18.23,51.46,77.82,19.11,17.06,51.94,73.55,40.46,15.35,9.31,16.58,13.79,58.7,20.84,8.87,10.38,100.1,44.47,22.7,14.3,11.62,34.22,56.46,10.3,46.16,75.78,11.36,6.64,24.82,14.13,25.85,13.53,6.21,11.19,50.57,51.5,12.21,29.05,114.4,66.59,16.87,,29.75,19.0
2023-02-01 07:00:00,15.29,81.0,32.9,47.97,47.24,11.93,26.42,18.72,54.03,79.23,19.53,16.96,52.25,73.76,41.94,16.22,9.54,16.8,14.43,58.7,21.4,9.15,10.65,100.2,44.76,23.98,14.35,11.62,33.95,55.9,10.39,46.41,76.59,11.67,6.83,24.82,14.5,27.1,13.94,6.17,11.68,51.75,50.7,12.71,28.8,116.0,65.33,17.23,,29.7,19.3
2023-02-02 07:00:00,14.74,80.24,31.01,45.19,47.24,11.08,24.3,17.8,53.68,77.49,18.63,16.64,51.07,73.83,39.84,15.07,9.69,16.05,13.65,58.04,19.94,8.59,10.33,97.9,45.48,23.32,14.85,11.87,33.17,54.41,10.01,45.24,76.99,12.52,6.52,24.6,13.56,25.7,13.32,6.1,11.12,49.84,48.5,12.52,27.6,114.5,65.08,16.39,,28.05,18.72
2023-02-03 07:00:00,14.65,81.0,31.55,43.95,46.77,10.93,24.43,17.92,52.97,77.41,18.76,16.57,51.01,73.69,41.31,14.63,9.43,16.24,13.38,56.99,20.13,8.56,10.25,95.6,46.55,22.41,14.45,11.66,33.4,53.23,10.06,44.86,75.29,12.21,6.46,24.46,13.43,26.35,13.27,5.83,11.21,50.79,48.0,12.63,28.0,112.1,64.74,16.3,,28.85,18.69
2023-02-06 07:00:00,14.3,80.71,31.41,43.58,46.53,10.81,24.43,17.68,52.0,78.15,19.02,16.83,49.76,72.59,41.39,14.73,9.33,15.97,13.33,57.09,20.2,8.53,10.06,94.2,45.53,22.24,14.9,11.37,34.13,51.25,9.97,43.94,77.19,12.33,6.43,23.39,13.1,26.1,12.8,5.85,11.12,52.09,47.9,12.63,27.65,108.1,63.82,15.99,,28.5,18.4
2023-02-07 07:00:00,14.65,80.24,32.64,43.07,47.14,10.89,24.5,18.29,51.38,79.72,19.07,16.83,50.07,73.62,42.95,15.11,9.43,16.01,13.38,57.09,20.65,8.65,10.19,96.0,45.19,23.32,15.35,11.54,35.69,52.55,10.43,45.98,77.8,12.06,6.46,23.36,13.43,25.9,13.2,6.1,11.31,53.61,48.0,12.68,28.0,108.3,65.25,16.34,,29.4,18.58
2023-02-08 07:00:00,14.53,79.76,31.84,43.51,46.07,10.66,24.24,17.96,49.6,80.06,18.87,16.28,50.26,73.35,42.09,14.39,9.08,14.95,12.5,56.23,20.43,8.44,10.01,94.1,44.27,23.44,14.8,10.74,35.69,51.56,10.1,45.79,76.59,11.36,6.28,23.43,12.96,25.9,12.99,5.98,11.63,51.81,46.7,12.21,27.3,109.3,64.07,15.95,,28.55,18.75
2023-02-09 07:00:00,14.44,80.9,32.28,44.97,46.3,10.73,23.94,18.36,48.98,79.48,19.05,15.92,50.38,74.45,40.85,14.2,9.33,15.89,13.29,56.61,20.28,8.56,9.95,93.5,43.01,23.07,14.35,10.49,34.4,51.31,10.14,45.67,79.95,11.32,6.28,23.47,13.0,25.2,13.09,5.87,11.45,52.76,45.65,12.4,26.75,107.7,63.74,15.82,,28.3,18.34
2023-02-10 07:00:00,14.41,80.9,32.21,43.95,46.39,10.62,23.87,18.05,48.98,82.12,18.85,16.09,50.45,74.59,41.86,14.39,9.18,15.67,13.06,55.76,20.32,8.62,10.03,91.8,42.62,23.24,14.15,10.12,34.77,51.44,10.01,44.93,79.42,11.32,6.24,23.5,12.93,24.5,12.92,5.91,11.33,53.16,45.0,12.2,26.75,102.0,63.06,15.86,,28.2,18.12
2023-02-13 07:00:00,14.15,81.09,31.16,43.51,46.58,10.23,23.18,17.71,48.72,79.64,18.74,14.92,50.2,73.21,41.24,13.96,9.18,15.44,13.01,58.6,20.58,8.65,9.84,91.2,40.78,23.36,12.8,9.49,34.91,51.68,9.89,43.32,76.59,11.43,6.18,23.43,12.66,23.8,12.68,5.71,11.0,53.33,44.8,11.37,26.55,102.0,63.82,15.51,,28.0,18.12
2023-02-14 07:00:00,14.12,78.9,32.28,43.44,46.02,9.96,22.51,17.99,46.5,80.55,18.89,13.97,50.2,73.35,41.08,13.63,9.18,15.37,13.24,58.42,19.94,8.65,9.74,92.9,41.46,24.48,11.95,9.2,34.95,51.62,9.77,43.69,78.17,10.89,6.08,23.25,12.53,24.5,12.52,5.63,10.93,52.59,44.0,11.34,26.55,103.1,63.32,14.98,,28.5,18.2
2023-02-15 07:00:00,14.0,79.57,31.3,45.27,45.93,9.8,22.18,17.62,47.3,80.96,18.8,14.66,50.07,73.14,40.93,13.63,9.0,15.59,13.65,57.18,19.98,8.47,9.6,92.0,41.17,23.9,11.15,8.95,34.72,50.88,9.81,43.63,76.22,11.12,6.08,23.25,12.63,24.1,12.68,5.55,11.0,52.03,42.7,11.37,26.35,102.8,62.81,14.71,,27.8,17.73
2023-02-16 07:00:00,14.53,81.19,32.42,45.34,46.39,10.38,23.24,17.83,47.57,82.53,19.05,13.97,50.76,73.42,40.23,14.15,9.05,15.86,14.07,56.99,20.69,8.56,9.79,93.0,41.85,24.4,11.5,9.16,35.46,50.88,10.01,43.87,76.22,11.28,6.21,23.39,12.9,23.75,13.04,5.75,11.17,52.31,42.75,11.59,26.5,101.0,63.9,15.33,,28.35,17.97
2023-02-17 07:00:00,14.56,81.19,32.64,45.34,46.86,10.38,23.11,18.23,47.39,81.62,18.95,14.81,50.51,74.17,41.08,14.15,9.31,16.12,14.57,56.04,20.95,8.65,9.87,93.0,41.95,24.11,11.6,9.2,35.91,51.25,10.18,43.81,76.87,11.43,6.21,23.43,13.0,24.6,13.11,5.71,11.26,52.31,42.7,11.7,26.7,102.9,63.99,15.24,,28.3,18.0
2023-02-20 07:00:00,14.47,81.19,33.22,45.19,47.7,10.5,23.34,18.32,46.95,81.13,18.27,14.96,50.76,74.04,40.85,14.25,9.41,15.89,14.3,55.85,20.95,8.96,9.79,91.4,41.85,24.4,11.85,9.16,35.04,51.5,10.26,44.18,77.4,11.55,6.21,23.43,13.0,24.3,13.11,5.75,11.14,52.31,43.5,11.9,26.65,102.5,63.9,15.07,,28.3,17.91
2023-02-21 07:00:00,15.12,82.14,34.24,45.12,48.08,11.24,24.63,18.66,48.54,82.04,18.78,15.2,51.5,74.86,41.7,14.87,9.59,16.69,15.17,55.76,21.4,9.3,10.28,94.0,43.01,24.73,12.95,9.99,36.6,52.68,10.51,45.11,76.02,11.82,6.52,23.69,13.9,25.95,13.51,6.35,11.54,52.99,45.5,12.34,27.1,102.7,65.17,16.21,,29.35,18.45
2023-02-22 07:00:00,14.77,80.71,33.26,45.19,46.77,10.81,24.53,18.17,47.66,82.37,17.96,15.7,51.19,74.17,41.7,14.59,9.64,16.2,14.25,53.67,21.03,8.93,9.95,93.0,42.62,23.57,12.3,9.41,36.6,52.12,10.22,44.86,77.4,11.47,6.28,23.61,13.5,25.1,13.25,6.14,11.45,52.99,44.6,11.92,26.75,102.3,64.16,15.51,,29.3,18.34
2023-02-23 07:00:00,14.5,81.09,32.61,44.32,46.77,10.46,23.97,17.5,46.95,81.29,17.52,15.23,50.82,74.24,41.39,13.96,9.36,16.01,13.93,54.62,20.17,8.72,9.74,91.5,41.46,23.4,11.8,9.03,35.14,51.25,9.93,43.94,76.59,11.28,6.18,23.39,12.9,24.6,12.99,6.1,11.07,52.31,42.6,11.67,26.4,102.2,63.48,15.37,,28.3,17.94
2023-02-24 07:00:00,14.65,79.57,32.68,44.53,46.58,10.58,23.57,17.74,46.42,81.29,17.21,15.2,50.45,73.14,40.93,14.2,9.1,16.27,14.53,53.95,20.02,8.81,9.82,88.8,41.17,24.23,11.95,9.11,35.0,50.88,10.14,43.44,75.82,11.24,6.24,23.36,13.2,25.05,13.2,5.98,11.21,52.31,41.7,11.9,26.05,98.3,63.65,15.46,,26.7,17.97
2023-02-27 07:00:00,14.36,77.37,32.28,43.58,45.69,10.07,22.84,17.31,44.29,80.14,16.99,14.81,49.76,73.48,39.6,13.67,8.92,15.44,13.61,53.19,19.23,8.59,9.44,83.9,39.72,24.23,11.6,8.78,34.13,49.64,9.81,43.07,76.99,11.12,6.03,23.17,12.56,24.0,12.85,5.67,10.89,52.31,40.0,11.48,26.0,94.0,62.81,14.98,,26.15,17.66
2023-02-28 07:00:00,14.36,80.24,32.1,44.1,45.13,10.38,22.61,17.07,44.11,78.82,17.21,14.26,49.76,72.45,38.12,13.53,8.67,15.48,13.61,52.15,19.3,8.56,9.38,82.0,39.23,23.65,10.9,8.61,33.99,47.28,10.01,42.89,76.99,11.16,6.07,23.14,12.43,23.95,12.75,5.63,10.93,52.37,41.0,11.48,26.25,98.9,63.48,15.11,,26.2,17.42
2023-03-01 07:00:00,14.3,78.23,31.92,44.1,45.41,10.0,22.25,16.79,43.94,79.97,16.74,13.99,49.45,71.21,38.05,13.43,8.7,15.14,13.38,52.62,18.93,8.59,9.28,80.0,38.75,23.73,10.55,8.36,34.31,47.77,9.97,41.82,75.37,11.28,6.03,23.28,12.23,23.6,12.38,5.51,10.86,51.92,41.05,11.4,26.0,99.0,63.15,14.85,,26.7,17.2
2023-03-02 07:00:00,14.65,80.24,33.11,44.75,46.25,10.38,23.57,17.37,44.73,81.38,16.96,14.26,49.76,72.45,39.29,13.87,8.98,15.89,14.34,53.19,18.55,8.96,9.55,80.4,39.52,24.19,10.25,8.74,35.55,48.4,10.22,42.7,76.82,11.51,6.18,23.5,12.7,25.4,13.01,5.71,11.21,52.31,41.0,11.67,26.25,100.0,64.66,15.37,,26.95,17.54
2023-03-03 07:00:00,14.68,80.24,33.66,44.46,46.25,10.31,23.64,17.19,45.18,81.71,17.06,14.42,49.33,73.07,39.14,13.82,9.18,15.74,14.43,53.1,18.78,8.96,9.46,79.7,39.04,25.73,10.6,8.7,35.59,49.82,10.55,43.14,77.11,11.82,6.14,23.47,12.6,25.65,12.85,5.7,11.12,51.64,41.0,11.7,26.4,101.7,63.06,15.37,,26.3,17.8
2023-03-06 07:00:00,14.56,80.14,33.3,44.24,45.51,10.38,23.87,17.1,45.18,80.47,16.99,14.1,48.58,72.45,38.12,13.91,9.1,15.63,14.53,52.53,18.89,8.87,9.41,76.5,38.7,25.02,11.05,9.2,35.87,49.51,10.3,42.95,78.17,11.36,6.1,23.47,12.6,25.25,12.75,5.75,11.03,51.19,41.75,11.54,26.35,101.1,63.9,15.24,,26.45,17.51
2023-03-07 07:00:00,14.5,80.71,33.0,43.58,45.13,10.35,23.74,17.4,44.82,77.82,16.74,14.42,49.2,72.38,38.48,13.67,9.13,15.59,14.25,52.15,19.45,8.99,9.41,76.0,38.75,25.69,11.4,9.7,35.69,49.2,10.34,42.7,75.76,11.4,6.15,23.58,12.7,25.05,12.85,5.71,11.07,51.47,42.7,11.59,26.5,99.0,63.82,15.33,,26.7,17.59
2023-03-08 07:00:00,14.21,79.28,33.66,43.88,45.18,10.27,23.8,17.5,43.85,79.31,16.4,15.2,48.83,71.62,38.51,13.67,9.18,15.82,14.66,51.77,19.23,8.81,9.36,78.2,37.78,24.65,10.75,9.32,35.59,49.14,10.34,41.82,75.11,11.32,6.05,23.69,12.76,24.85,12.71,5.59,10.93,51.19,41.3,11.4,26.1,97.2,63.23,15.15,,26.4,17.4
2023-03-09 07:00:00,14.65,80.71,34.82,43.88,45.93,10.58,23.57,18.05,45.0,79.72,16.5,15.98,49.45,72.66,39.68,13.96,9.43,16.05,14.99,51.29,19.45,9.12,9.55,80.5,38.36,25.02,11.15,9.74,35.64,49.33,10.55,42.7,75.97,11.55,6.21,23.87,13.23,25.5,12.99,5.71,11.21,51.75,42.35,11.59,26.5,100.4,64.07,15.99,,27.25,17.7
2023-03-10 07:00:00,14.68,79.28,34.42,43.36,46.02,10.5,25.16,17.96,45.53,79.48,16.5,15.82,49.89,73.35,39.76,14.39,9.28,16.01,14.71,51.2,19.41,9.15,9.63,80.5,38.65,24.81,10.8,9.87,35.69,49.02,10.68,42.58,75.24,11.63,6.28,23.91,13.06,26.5,12.99,5.65,11.31,51.86,42.4,11.62,26.5,102.8,64.32,15.77,,26.9,17.84
2023-03-13 07:00:00,14.5,79.76,33.8,43.36,45.83,10.42,24.6,17.59,46.06,79.48,16.62,15.74,48.58,73.83,39.68,14.2,9.28,15.93,14.85,51.1,19.75,9.12,9.38,83.8,38.51,24.32,10.65,9.62,34.77,49.64,10.59,42.58,76.09,11.24,6.12,23.65,13.06,25.6,12.54,5.55,11.07,51.75,42.8,11.48,26.55,101.0,64.58,16.56,,27.95,17.7
2023-03-14 07:00:00,14.39,78.9,33.44,42.78,46.11,10.73,24.76,17.96,45.71,79.48,16.62,15.74,49.14,73.35,39.14,14.35,9.26,15.93,14.89,52.43,19.9,9.15,9.46,84.1,38.07,24.36,11.0,9.82,34.86,50.26,10.76,43.08,76.46,11.24,6.12,23.76,13.13,24.9,12.59,5.6,11.42,51.19,44.2,11.45,26.6,99.8,64.16,17.27,,28.8,17.87
2023-03-15 07:00:00,14.41,79.38,33.37,42.49,46.3,10.85,24.5,17.99,46.33,78.9,16.45,15.47,49.2,74.31,39.84,14.11,9.31,15.74,14.71,54.05,19.83,9.24,9.52,83.7,38.36,24.32,11.0,9.91,34.59,50.38,10.84,43.14,77.64,11.16,6.28,23.72,13.13,25.1,12.66,5.64,11.49,51.53,45.25,11.45,26.5,102.8,64.41,17.45,,28.8,17.84
2023-03-16 07:00:00,14.36,79.38,33.4,43.07,46.07,11.0,24.86,17.8,45.97,77.74,16.38,15.27,49.76,73.83,39.37,14.39,9.43,15.89,14.99,53.29,19.94,9.24,9.57,84.7,38.75,24.32,11.1,10.03,34.18,50.26,11.09,42.95,77.35,11.28,6.24,23.83,13.5,24.8,12.71,5.65,11.47,51.19,45.8,11.81,27.0,104.9,64.74,17.18,,28.45,18.12
2023-03-17 07:00:00,14.39,78.8,34.09,42.41,45.83,11.08,24.63,17.83,46.06,77.74,16.16,15.74,49.51,72.66,39.53,14.39,9.28,15.93,15.03,52.15,19.83,9.21,9.57,83.8,38.65,24.15,11.35,10.2,33.4,49.95,11.09,43.02,77.8,11.16,6.28,23.69,13.63,24.75,12.66,5.64,11.52,51.19,44.6,11.79,26.95,103.9,64.24,17.27,,28.95,17.83
2023-03-20 07:00:00,14.18,79.09,33.37,42.05,46.77,10.97,24.53,17.77,46.06,77.66,16.33,15.23,49.2,71.76,38.59,14.2,9.23,15.44,14.8,51.29,19.83,9.18,9.52,82.6,37.78,24.07,11.45,10.16,32.48,49.57,11.01,42.51,77.43,11.28,6.28,23.65,13.5,25.0,12.52,5.6,11.82,50.06,44.1,11.62,26.5,105.2,63.06,17.23,,29.5,17.71
2023-03-21 07:00:00,14.3,77.94,32.93,42.05,45.88,11.24,24.66,17.56,45.09,76.17,16.38,14.73,48.89,71.21,39.53,13.82,9.18,15.29,14.62,51.48,19.53,9.09,9.44,81.5,37.59,23.94,11.25,9.78,32.48,50.19,10.76,42.64,76.99,10.97,6.21,23.58,13.16,24.5,12.52,5.64,11.3,48.04,43.0,11.59,26.4,104.5,62.56,17.36,,28.95,17.53
2023-03-22 07:00:00,14.27,78.32,33.19,42.34,46.16,11.28,24.83,17.46,45.53,76.5,16.4,14.69,48.64,71.76,39.45,13.96,9.03,15.55,14.99,52.15,19.75,9.12,9.46,80.2,37.44,24.23,11.25,9.82,32.25,49.33,11.01,42.14,75.56,11.28,6.28,23.61,13.46,24.75,12.49,5.7,11.25,48.71,45.6,11.59,26.3,104.0,62.73,18.06,,29.1,17.68
2023-03-23 07:00:00,14.12,77.85,32.86,42.63,45.65,10.97,25.49,17.31,44.38,77.66,16.31,14.77,48.77,70.72,38.9,13.72,9.0,15.29,14.34,51.1,19.53,9.09,9.36,79.7,36.42,24.49,11.0,9.82,31.61,48.58,10.76,41.57,76.38,11.08,6.18,23.54,13.16,24.55,12.38,5.67,11.3,49.95,47.4,11.42,26.1,104.5,62.47,18.5,,29.0,17.64
2023-03-24 07:00:00,14.41,78.8,33.3,42.41,45.74,11.28,27.15,17.62,45.0,76.25,16.55,14.85,48.7,70.79,38.98,14.06,9.03,15.48,14.8,56.04,19.64,9.27,9.57,79.0,36.42,24.32,11.2,9.99,32.85,48.77,10.92,42.14,75.36,11.24,6.52,23.58,13.66,25.25,12.47,5.79,11.43,51.19,48.0,11.54,26.4,105.9,63.06,18.55,,29.25,17.85
2023-03-27 07:00:00,14.41,78.32,33.04,42.05,45.37,11.28,26.19,17.5,44.82,76.83,16.36,14.88,49.08,70.72,38.9,14.3,9.28,15.44,14.71,56.8,20.02,9.58,9.63,78.2,36.81,24.06,12.3,10.33,33.26,49.02,10.97,42.39,75.81,11.2,6.46,23.28,13.7,25.05,12.49,5.64,11.43,50.06,49.0,11.65,26.65,106.3,63.06,18.63,,29.25,18.01
2023-03-28 07:00:00,14.44,78.8,33.73,42.78,45.37,11.43,26.78,17.65,45.26,77.25,16.43,15.0,49.26,70.66,40.46,14.44,9.28,15.82,15.17,56.99,20.28,9.61,9.76,77.5,37.01,24.49,12.95,10.66,33.03,48.52,11.09,42.89,75.76,11.24,6.58,23.25,14.17,25.9,12.61,5.84,11.41,51.08,48.45,11.79,26.65,105.6,62.64,18.86,,29.05,18.1
2023-03-29 07:00:00,14.36,78.61,33.37,42.78,45.55,11.31,26.35,17.68,45.8,77.08,16.36,14.77,49.26,71.55,40.15,14.2,9.28,15.67,14.94,57.94,20.39,9.49,9.82,77.6,38.02,24.45,12.45,10.41,32.85,48.27,11.01,42.58,76.09,11.24,6.68,23.1,13.9,25.5,13.01,5.87,11.41,52.03,48.05,11.76,26.75,106.2,62.81,18.41,,29.0,18.18
2023-03-30 07:00:00,14.41,78.42,33.55,42.63,45.18,11.7,28.01,17.86,46.5,76.83,16.4,14.88,49.14,71.07,40.23,14.39,9.33,15.89,15.45,57.84,20.43,9.58,9.95,79.3,37.59,24.79,12.75,10.37,33.4,48.89,11.13,42.2,75.89,11.16,6.68,23.03,14.37,25.7,13.39,5.89,11.41,51.92,48.8,11.9,26.75,106.1,62.81,18.5,,29.5,18.2
2023-03-31 07:00:00,14.47,77.94,33.51,42.41,45.37,11.47,29.3,17.74,45.62,76.5,16.33,14.77,49.2,70.66,40.07,14.11,9.54,15.74,14.94,57.84,20.28,9.49,9.9,79.2,37.35,24.49,12.95,10.37,34.31,48.27,10.84,42.39,75.36,11.12,6.52,23.06,14.07,26.0,13.13,5.88,11.46,52.2,49.6,11.9,26.8,106.3,63.06,18.33,,30.0,18.34
2023-04-03 07:00:00,14.8,79.28,33.84,42.71,45.46,11.59,29.33,18.11,45.62,76.59,16.26,14.81,49.39,71.48,40.85,15.11,9.92,15.93,15.03,57.84,21.03,9.61,10.01,78.8,37.78,24.83,12.9,10.7,34.82,48.4,11.01,42.58,74.95,11.36,6.68,23.06,14.7,26.6,13.7,5.98,11.66,51.58,52.2,12.03,27.95,105.1,62.73,18.63,,29.9,18.5
2023-04-04 07:00:00,14.8,79.76,33.3,42.85,46.11,11.97,29.8,18.39,46.33,76.42,16.65,15.27,50.32,71.41,41.0,15.26,9.79,16.01,14.99,57.75,22.16,9.58,10.14,76.9,37.88,25.14,12.9,11.12,34.72,47.77,11.01,42.83,73.81,11.51,6.89,23.17,14.77,26.75,13.84,6.1,11.87,52.2,53.0,12.06,29.25,103.0,62.56,18.68,,29.6,18.6
2023-04-05 07:00:00,14.71,79.47,33.37,43.58,46.02,12.01,31.45,18.2,47.74,76.34,16.84,15.27,50.07,71.0,41.55,15.26,9.84,15.97,15.08,57.94,21.82,9.71,10.14,78.7,38.56,25.61,12.8,10.99,34.77,47.71,11.17,43.96,72.55,11.74,7.01,23.06,14.97,26.9,13.89,6.06,11.74,51.92,51.0,12.26,28.35,102.9,62.39,18.77,,29.45,18.5
2023-04-06 07:00:00,14.88,77.56,33.0,43.88,46.21,12.24,31.78,18.42,48.1,76.59,17.04,15.43,50.2,70.86,41.39,15.64,10.05,16.31,15.45,57.75,21.86,9.61,10.19,78.1,38.75,25.95,13.25,11.2,34.95,48.21,11.13,44.46,72.71,11.86,7.17,23.14,15.14,26.25,13.86,6.18,11.77,51.47,52.0,12.2,28.2,103.4,62.56,18.68,,29.55,18.67
2023-04-07 07:00:00,14.62,77.27,33.19,44.97,45.37,11.86,30.92,18.11,47.39,76.83,17.52,15.04,49.89,69.97,40.46,15.07,9.94,16.27,15.08,57.75,21.18,9.33,10.01,77.0,37.64,25.35,13.4,11.29,34.18,47.65,10.92,43.52,72.1,12.06,6.98,22.99,14.63,25.75,14.01,6.27,11.87,51.19,51.2,11.89,27.5,102.3,62.56,18.41,,29.5,18.5
2023-04-10 07:00:00,14.71,76.13,33.22,47.17,45.51,12.01,31.65,18.11,46.77,75.35,17.47,14.92,50.38,69.76,40.93,15.45,9.94,16.08,14.89,57.75,21.4,9.24,10.11,77.7,37.97,25.05,13.65,11.45,34.68,47.53,10.88,43.64,72.34,12.21,7.14,22.95,15.2,26.1,14.01,6.42,12.08,50.63,51.4,11.97,27.25,102.9,62.81,18.41,,29.3,18.4
2023-04-11 07:00:00,14.59,76.41,32.24,45.49,45.55,11.59,30.89,18.08,46.59,76.17,16.99,14.92,49.89,68.65,40.85,15.26,9.99,15.67,14.25,58.42,21.29,9.03,10.06,77.6,39.72,25.05,13.15,11.04,34.13,48.08,11.09,43.64,71.61,12.37,7.32,22.84,14.97,25.9,14.27,6.16,11.9,50.06,49.3,11.86,26.85,102.3,62.47,18.41,,28.95,18.41
2023-04-12 07:00:00,14.65,76.6,32.28,46.29,46.07,11.86,31.98,18.23,46.95,76.01,16.94,15.04,49.95,69.0,41.24,15.88,9.97,15.82,14.53,58.42,21.48,9.24,10.17,77.9,39.23,25.61,14.8,11.41,33.86,49.02,11.09,43.64,70.96,12.6,7.41,22.99,15.1,25.95,14.36,6.2,11.98,49.67,51.9,12.03,26.65,102.0,62.56,18.5,,28.95,18.55
2023-04-13 07:00:00,14.62,76.51,32.21,45.92,45.37,11.7,31.75,18.05,47.58,76.09,16.99,15.39,49.95,69.62,41.16,15.74,10.02,15.74,14.34,58.42,22.42,9.21,10.11,80.0,39.72,25.82,15.05,11.83,34.04,48.4,11.34,43.83,69.86,12.33,7.54,22.99,14.77,26.2,14.46,6.13,12.13,49.67,51.6,12.12,26.55,99.1,62.47,18.19,,28.8,18.5
2023-04-14 07:00:00,14.68,76.32,32.64,46.0,45.37,12.17,30.79,18.08,49.66,76.5,17.13,15.35,49.7,69.48,42.56,15.35,10.07,15.55,14.07,58.51,22.23,9.15,10.06,79.3,39.96,25.78,14.55,11.71,34.13,48.15,11.26,43.64,69.04,12.06,7.48,22.95,14.63,26.7,14.27,6.11,12.03,49.67,50.7,12.0,26.6,99.6,61.89,18.15,,28.65,18.59
2023-04-17 07:00:00,14.62,76.32,32.24,45.7,44.99,11.55,30.59,17.86,49.2,77.16,16.5,15.43,49.51,67.76,42.02,14.68,9.87,15.59,14.11,59.27,21.48,9.24,9.84,78.0,38.6,24.96,14.45,11.29,33.21,48.15,10.92,42.7,67.86,11.78,7.23,22.92,14.17,25.8,13.7,5.83,12.03,49.73,50.1,11.8,26.45,98.7,61.21,18.02,,28.6,18.25
2023-04-18 07:00:00,14.65,75.84,32.5,45.63,44.9,11.43,32.25,17.92,48.12,77.0,16.6,15.39,49.51,67.27,42.09,14.87,9.84,15.82,14.43,59.08,21.93,8.9,9.92,78.2,39.28,24.79,14.9,11.66,33.12,48.7,11.13,42.58,67.09,12.02,7.26,22.99,14.33,25.9,13.89,5.87,11.82,49.67,50.9,11.8,26.45,99.2,60.37,18.02,,28.45,18.22
2023-04-19 07:00:00,14.53,75.94,32.46,45.34,44.06,11.59,35.62,17.83,48.75,76.92,16.65,15.16,49.64,67.27,41.24,14.97,9.87,15.93,14.48,59.08,21.86,8.78,9.87,78.2,38.8,25.44,15.0,11.66,33.81,48.7,11.17,43.08,68.31,12.37,7.11,22.92,14.57,26.0,13.79,5.87,11.82,49.56,50.8,11.75,26.3,99.0,61.47,18.02,,28.6,18.18
2023-04-20 07:00:00,14.36,75.94,32.17,50.09,43.4,11.28,35.09,17.59,48.75,75.92,16.65,15.51,49.64,66.24,41.78,14.25,9.72,15.74,14.07,60.79,21.25,8.44,9.79,79.0,39.23,25.26,14.55,11.5,33.31,48.7,10.92,42.39,69.94,11.98,6.98,22.88,14.17,25.6,13.65,5.8,11.59,49.95,50.5,11.58,26.25,99.1,60.62,17.31,,28.3,18.07
2023-04-21 07:00:00,14.24,75.84,32.35,51.12,44.24,11.24,35.42,17.5,48.57,81.71,16.6,15.39,49.76,66.79,41.16,14.49,9.79,15.74,14.16,60.6,21.37,8.59,9.82,78.0,39.14,25.52,14.4,11.12,33.35,48.27,10.88,42.33,70.26,12.33,7.01,22.88,14.3,25.7,13.7,5.87,11.61,49.5,50.5,11.61,26.3,99.6,60.54,17.05,,28.3,18.17
2023-04-24 07:00:00,14.24,75.55,32.06,54.04,43.87,11.12,37.15,17.53,46.95,86.42,16.45,15.0,49.45,65.89,40.85,14.54,9.74,15.67,13.7,60.7,21.33,8.53,9.76,76.6,37.97,25.61,13.7,10.95,33.67,47.65,10.59,42.08,69.45,12.83,6.83,22.81,14.5,25.65,13.56,5.83,11.66,49.5,50.8,11.49,26.35,97.2,59.7,17.14,,28.75,18.0
2023-04-25 07:00:00,14.24,75.08,31.63,54.11,43.4,11.12,39.93,17.8,46.5,85.84,16.09,14.88,49.2,64.86,40.85,14.73,9.56,15.74,13.52,60.41,21.25,8.31,9.95,73.9,37.39,25.95,14.3,11.08,33.63,47.46,10.84,41.2,69.69,13.46,6.83,22.81,14.47,25.75,14.01,5.93,11.85,49.61,51.2,11.55,26.4,97.4,59.28,17.36,,28.2,17.89
2023-04-26 07:00:00,14.15,75.17,31.55,52.87,42.65,11.0,38.4,17.5,46.5,85.09,16.02,14.49,48.58,63.2,41.24,14.49,9.36,15.93,13.74,60.03,21.29,8.04,9.87,71.3,36.52,26.04,13.7,10.79,33.63,46.84,10.55,41.13,69.65,13.57,6.71,22.62,14.1,25.05,13.79,5.83,11.74,49.5,49.9,11.44,26.2,95.7,58.86,17.0,,27.8,17.7
2023-04-27 07:00:00,14.18,74.5,31.99,57.77,42.93,11.04,38.6,17.43,46.59,87.33,15.99,14.81,48.58,64.58,41.39,14.83,9.64,16.65,14.48,60.7,21.29,8.59,9.95,71.7,37.3,26.17,13.95,10.99,33.86,47.09,10.59,40.25,69.65,13.38,6.92,22.33,14.3,25.4,14.27,5.91,11.98,49.89,48.0,11.61,25.9,95.2,59.7,17.05,,27.45,17.96
2023-04-28 07:00:00,14.18,74.89,31.88,56.82,42.0,11.08,40.06,17.5,46.86,87.16,16.33,15.0,49.02,64.38,41.94,14.92,9.69,16.42,14.25,60.79,21.7,8.78,10.01,72.7,37.44,26.21,14.4,11.54,34.36,47.03,10.88,41.45,71.0,13.34,6.89,22.44,14.23,25.25,14.15,6.06,11.95,50.63,47.7,11.55,25.3,95.9,58.69,17.23,,27.1,17.94
2023-05-04 07:00:00,14.24,74.5,31.55,57.04,42.0,11.16,38.74,17.56,46.59,86.83,16.26,14.77,48.39,63.55,41.08,14.78,9.54,16.24,14.25,61.74,22.38,8.59,9.92,72.8,36.91,27.11,13.85,11.71,34.45,47.77,10.8,42.26,70.06,12.83,6.92,23.39,14.27,25.05,13.94,6.29,12.34,50.63,49.5,11.63,26.05,98.0,58.86,17.23,,27.55,18.05
2023-05-05 07:00:00,14.36,73.93,31.77,61.28,42.33,11.28,37.41,17.34,46.04,93.44,15.82,14.69,48.89,63.48,39.45,15.07,9.59,16.12,14.16,61.55,22.68,8.44,9.84,70.6,36.72,27.24,13.5,11.41,34.45,47.65,10.76,41.95,67.94,12.52,6.8,23.06,14.53,25.05,13.72,6.33,12.18,49.78,49.15,11.55,25.45,95.5,57.68,17.27,,27.25,17.93
2023-05-08 07:00:00,14.44,74.41,31.59,59.6,42.93,11.2,40.06,17.19,46.5,95.83,15.9,14.77,48.83,63.62,38.9,14.92,9.74,16.31,14.43,61.74,22.68,8.47,9.84,73.5,36.62,27.15,13.5,11.37,34.72,47.28,10.88,41.7,67.62,12.99,6.8,23.1,14.47,25.0,13.65,6.25,12.08,50.63,48.85,11.46,25.35,96.2,58.02,17.14,,27.45,17.97
2023-05-09 07:00:00,14.65,74.6,32.42,59.67,43.35,11.31,39.33,17.22,46.95,95.01,16.16,14.77,48.89,64.51,39.53,15.64,9.84,16.35,14.43,61.74,22.49,8.47,9.9,74.1,36.67,26.51,13.0,11.45,34.68,47.46,11.01,42.26,68.03,12.91,6.95,23.14,14.97,25.65,13.91,6.5,12.05,52.31,49.05,11.61,25.45,96.2,59.53,17.23,,27.45,18.1
2023-05-10 07:00:00,14.59,74.22,32.86,59.23,43.26,11.35,38.21,17.22,46.59,93.76,16.16,15.0,49.14,65.27,39.68,15.59,9.79,16.5,14.71,61.55,22.19,8.72,9.9,74.0,36.86,26.72,13.15,11.29,34.68,46.91,11.05,41.57,67.25,12.72,6.92,23.14,14.87,25.8,13.86,6.38,12.23,51.69,49.3,11.52,25.4,95.4,59.53,17.18,,27.55,18.0
2023-05-11 07:00:00,14.65,74.12,32.64,60.11,43.03,11.74,38.21,17.43,46.5,90.95,16.02,15.31,49.2,64.51,39.29,16.22,9.79,16.5,14.66,61.36,22.38,8.72,10.06,73.7,37.93,27.33,13.45,11.5,34.54,46.66,11.13,42.08,67.33,12.95,7.2,23.03,15.04,26.4,13.94,6.62,12.34,51.75,49.5,11.75,25.35,96.7,59.28,17.27,,28.0,18.02
2023-05-12 07:00:00,14.65,74.03,32.64,60.55,42.79,11.74,41.72,17.4,47.13,93.08,16.33,15.08,49.33,63.48,38.67,15.98,9.89,16.46,14.8,61.55,22.49,8.59,10.03,73.3,37.54,26.47,13.9,11.66,34.54,46.53,10.97,41.76,67.37,12.68,7.08,22.88,14.93,26.55,13.75,6.52,12.26,51.19,49.1,11.72,25.35,96.3,59.2,17.45,,28.05,17.99
2023-05-15 07:00:00,14.77,73.64,33.37,60.7,43.03,11.74,42.78,17.5,46.95,92.31,16.26,15.23,50.63,64.17,38.67,16.31,9.89,16.99,15.17,61.84,22.83,8.65,10.14,74.4,37.93,27.07,14.0,11.87,34.45,46.53,11.13,41.57,67.09,12.91,7.2,22.77,15.7,27.0,13.91,6.58,12.23,51.75,52.0,11.69,27.45,97.5,58.77,17.45,,28.45,18.18
2023-05-16 07:00:00,14.65,74.03,32.71,60.55,42.56,11.86,41.85,17.31,46.68,93.08,16.09,15.12,50.38,64.17,38.9,15.55,9.94,16.73,14.71,61.74,22.38,8.56,10.19,74.1,37.68,26.64,13.55,11.5,34.54,46.66,11.13,42.58,67.21,12.8,7.11,22.59,15.3,27.0,14.22,6.42,12.39,51.75,51.7,11.89,27.3,97.5,58.02,17.53,,28.4,18.38
2023-05-17 07:00:00,14.65,73.93,32.64,62.89,42.37,11.62,42.31,17.19,46.04,93.84,15.87,14.96,50.94,63.82,38.59,15.5,9.94,16.65,14.48,61.93,22.12,8.62,10.14,73.3,37.25,26.64,13.65,11.29,34.77,46.04,11.17,42.39,66.4,12.6,7.14,22.22,15.3,27.4,14.03,6.44,12.39,52.03,52.2,11.8,26.45,97.5,58.61,17.27,,28.3,18.23
2023-05-18 07:00:00,14.59,74.22,32.57,62.52,42.28,11.51,42.18,17.0,45.95,93.42,16.04,14.69,50.88,63.48,38.98,15.26,9.99,16.58,14.34,61.55,21.44,8.56,10.03,73.2,37.35,26.38,13.35,11.12,34.31,46.28,11.05,42.08,66.19,12.83,7.2,22.04,15.1,27.15,13.82,6.9,12.08,52.26,53.9,11.8,26.8,98.0,58.02,17.0,,28.0,18.04
2023-05-19 07:00:00,14.68,74.98,32.35,62.16,42.04,11.51,42.91,17.13,45.59,94.61,15.87,14.92,51.63,64.31,39.99,15.26,9.97,16.65,14.25,61.55,22.01,8.78,10.06,73.2,36.91,26.64,13.3,11.12,34.54,45.79,11.09,42.68,66.11,12.56,7.14,22.04,15.24,27.35,13.96,6.81,12.23,53.16,55.5,12.2,26.7,99.2,58.35,17.0,,28.05,18.15
2023-05-22 07:00:00,14.65,73.83,32.21,59.19,41.44,11.82,41.65,17.19,45.32,93.84,15.43,14.85,51.5,65.89,39.6,15.64,9.84,16.5,14.34,61.17,22.12,8.69,10.11,71.4,37.15,27.5,13.4,11.29,34.4,45.23,11.26,42.97,65.46,12.56,7.26,21.96,15.44,28.0,14.03,6.7,12.36,52.31,55.0,12.23,26.25,98.8,57.77,17.0,,28.0,18.2
2023-05-23 07:00:00,14.77,73.55,32.57,60.36,40.97,12.67,43.57,17.25,45.68,95.12,15.41,15.31,51.32,65.48,38.75,15.88,9.94,16.61,14.85,61.26,22.23,8.81,10.22,72.0,37.44,28.44,13.35,11.2,34.68,45.48,11.34,44.41,65.78,12.72,7.38,22.11,15.37,28.2,14.5,6.89,12.29,52.31,54.5,12.26,26.1,99.2,57.18,17.4,,27.9,18.29
2023-05-24 07:00:00,14.94,73.26,31.92,59.12,41.9,12.71,43.7,17.19,46.5,93.76,15.58,15.43,51.01,64.65,38.71,15.83,9.94,16.58,14.71,61.26,22.01,8.75,10.17,70.9,37.2,28.14,13.35,11.45,34.36,45.11,11.38,45.35,65.01,12.76,7.38,22.04,15.47,28.0,14.36,6.82,12.39,52.2,53.7,12.17,26.4,98.7,56.42,17.31,,27.95,18.24
2023-05-25 07:00:00,14.77,73.64,31.55,57.24,41.53,12.94,42.71,16.97,45.68,94.53,15.19,15.2,50.51,64.17,38.9,15.4,9.94,16.12,14.25,61.08,21.93,8.59,10.06,71.8,36.76,27.93,13.25,11.33,34.04,44.24,11.17,44.63,64.56,12.48,7.26,21.89,15.1,27.2,14.08,6.78,12.23,52.09,54.7,11.89,26.3,98.4,55.66,17.05,,27.6,18.1
2023-05-26 07:00:00,14.77,73.93,31.99,60.83,41.16,12.98,42.38,16.94,45.95,98.02,15.19,15.04,51.69,65.83,38.86,16.31,9.97,16.12,14.34,60.88,22.16,8.65,10.01,71.8,36.86,28.36,13.2,11.33,34.18,44.61,11.21,44.27,64.36,12.41,7.23,21.96,15.07,27.25,14.12,6.77,12.29,52.43,55.0,11.89,26.2,98.0,56.67,17.0,,27.75,18.11
2023-05-29 07:00:00,14.71,74.03,31.88,61.22,41.02,13.52,42.58,17.07,45.77,95.04,15.31,15.43,51.94,64.86,38.9,16.51,10.0,16.12,14.25,60.98,22.53,8.78,10.06,72.1,37.25,28.4,13.0,11.29,34.5,44.73,11.26,44.41,63.38,12.41,7.17,22.04,15.27,27.4,14.17,7.05,12.42,51.75,55.0,12.03,26.0,98.1,56.59,16.92,,27.7,18.06
2023-05-30 07:00:00,14.82,74.31,31.92,61.07,41.25,13.72,42.38,17.25,46.95,96.32,15.22,15.9,51.63,64.72,38.75,17.56,10.16,16.27,14.53,60.7,22.53,8.96,10.17,71.6,37.64,28.27,13.2,11.45,34.95,44.3,11.3,44.41,63.3,12.56,7.2,22.18,15.7,27.95,14.36,7.13,12.73,52.37,56.0,12.12,26.35,99.5,56.42,17.18,,27.75,18.3
2023-05-31 07:00:00,14.77,74.31,31.77,61.3,40.97,13.64,43.64,17.22,48.84,94.27,15.58,15.94,52.38,64.03,38.9,17.71,10.02,16.2,14.53,60.7,22.61,8.99,10.17,72.9,38.07,28.66,13.5,12.17,34.68,44.18,11.3,44.2,63.54,12.8,7.26,22.15,15.54,27.7,14.27,7.08,12.68,52.82,55.0,12.09,26.2,98.5,56.17,17.23,,27.75,18.3
2023-06-01 07:00:00,15.09,74.5,31.92,62.47,40.69,13.68,42.38,17.19,48.39,93.84,15.46,15.82,52.25,64.51,38.98,17.61,9.89,16.01,14.07,60.79,22.31,8.99,10.06,72.0,38.12,28.44,13.55,12.21,34.27,43.99,11.34,44.63,63.71,12.87,7.23,22.29,15.5,27.65,14.17,7.26,13.12,53.21,53.5,12.14,26.0,98.1,55.58,17.0,,27.1,18.41
2023-06-02 07:00:00,15.09,74.22,31.92,60.91,41.06,13.68,42.24,17.22,49.66,96.32,15.43,16.52,51.94,63.69,39.84,18.18,10.05,16.27,14.02,60.79,22.16,9.15,10.33,72.0,38.22,28.36,14.1,12.63,34.36,43.99,11.34,44.27,64.97,12.91,7.35,22.48,15.9,28.2,14.55,7.25,13.35,52.82,53.5,12.43,26.0,98.4,55.66,17.27,,27.05,18.34
2023-06-05 07:00:00,15.44,74.5,32.57,59.58,41.81,14.26,42.44,17.74,51.55,95.46,15.87,16.72,52.19,63.89,40.23,18.04,10.32,16.5,14.43,60.88,22.16,9.4,10.76,73.0,39.72,28.62,14.0,12.67,35.5,46.1,11.34,44.7,65.17,12.8,7.54,22.99,16.34,28.55,15.33,7.05,14.26,53.55,54.0,13.39,26.05,98.0,55.92,17.71,,27.45,18.6
2023-06-06 07:00:00,15.3,74.79,32.64,58.8,41.67,13.79,43.04,17.71,53.45,95.46,16.09,16.13,53.06,65.2,40.46,17.47,10.21,16.42,14.62,61.74,22.42,9.46,10.76,74.0,39.91,28.83,13.5,12.29,35.78,45.36,11.59,44.92,65.13,12.95,7.51,23.1,16.1,28.05,15.07,7.05,13.53,55.13,54.4,13.17,26.1,97.1,56.25,17.4,,27.15,18.65
2023-06-07 07:00:00,15.3,74.41,32.5,61.07,42.09,14.1,44.7,17.71,53.99,95.97,16.07,16.36,52.87,65.69,40.3,18.14,10.32,16.65,15.08,61.55,22.38,9.52,11.06,74.2,40.49,28.79,13.8,12.58,35.69,45.17,11.5,45.57,65.21,13.07,7.69,23.17,16.8,28.7,15.38,7.2,13.48,55.69,55.3,13.39,26.65,97.9,55.92,17.62,,27.4,18.82
2023-06-08 07:00:00,15.3,76.03,32.21,61.38,41.81,14.1,43.64,17.74,54.53,95.63,16.36,16.75,52.69,65.55,39.53,17.95,10.27,17.18,15.4,61.55,22.91,9.27,11.01,76.3,40.69,28.19,14.8,13.8,35.69,45.04,11.46,45.28,65.26,13.07,7.57,23.21,16.91,28.3,15.45,7.36,13.66,54.56,55.3,13.39,26.4,96.9,55.92,17.53,,27.2,18.85
2023-06-09 07:00:00,15.2,75.08,31.77,65.36,41.16,13.72,43.37,17.53,53.63,100.58,15.87,16.25,52.44,64.58,39.06,17.32,10.02,17.26,14.99,61.64,22.79,9.06,10.87,75.0,39.72,27.93,14.25,13.63,34.95,45.17,11.46,44.78,65.59,12.95,7.54,23.03,16.37,27.7,15.02,7.17,13.49,56.25,55.0,13.02,26.25,96.6,55.16,17.27,,27.05,18.76
2023-06-12 07:00:00,15.2,77.37,31.63,68.94,40.88,13.64,44.36,17.43,58.05,107.57,16.38,16.48,52.56,65.14,40.07,17.37,10.05,17.48,15.22,61.55,22.91,9.4,10.98,77.0,40.35,27.76,14.8,14.3,34.77,44.86,11.38,44.85,65.01,13.38,7.54,23.03,16.87,28.15,15.23,7.13,13.52,56.19,55.5,13.31,26.25,96.0,55.5,17.36,,26.75,18.8
2023-06-13 07:00:00,15.09,79.28,31.7,71.05,42.0,13.41,46.35,17.4,58.5,106.63,16.33,16.91,52.5,65.07,40.15,17.51,9.92,17.41,15.26,61.64,22.91,9.4,11.03,78.6,42.04,28.01,14.7,15.05,34.54,45.55,11.63,44.99,66.66,13.26,7.57,23.14,17.04,28.2,15.45,7.13,13.34,56.25,55.2,13.34,26.85,96.5,57.26,17.36,,26.8,18.89
2023-06-14 07:00:00,15.2,76.99,32.35,71.75,42.14,13.6,45.09,17.46,56.88,104.84,16.31,16.75,52.44,64.93,40.07,17.75,9.94,17.75,15.86,61.93,23.02,9.24,11.15,78.8,41.66,27.71,15.6,14.88,35.04,45.86,11.46,45.64,66.53,13.11,7.57,23.14,17.04,28.25,15.59,7.21,13.13,57.6,56.8,13.34,27.05,96.5,56.92,17.27,,27.15,19.05
2023-06-15 07:00:00,15.2,77.18,31.84,68.63,41.86,13.21,43.37,17.62,55.52,105.69,16.02,16.4,52.38,65.48,39.29,17.23,10.02,17.41,15.4,61.46,23.02,9.18,10.95,78.0,40.74,27.28,15.2,14.17,34.77,45.48,11.38,45.06,66.94,13.14,7.69,23.03,17.04,27.8,15.4,7.02,13.13,57.66,57.0,13.22,26.9,97.4,56.59,17.4,,27.2,19.1
2023-06-16 07:00:00,15.23,76.41,32.13,70.82,41.76,13.68,44.3,17.83,56.97,106.97,15.94,16.36,52.31,67.07,39.29,17.51,10.02,17.6,15.35,61.36,23.06,9.18,11.01,77.5,40.64,27.58,15.45,14.59,35.37,45.98,11.26,44.7,66.2,13.22,7.69,23.14,17.41,28.05,15.42,7.08,13.09,58.61,56.4,13.17,26.9,97.3,55.92,17.49,,27.0,19.0
2023-06-19 07:00:00,15.3,76.41,31.77,69.41,41.16,13.52,43.11,17.53,55.43,106.97,15.82,16.21,52.69,66.03,39.53,17.13,9.94,17.75,15.17,61.36,23.02,9.15,10.92,76.5,40.06,27.07,14.9,14.09,34.4,45.48,11.21,45.14,64.56,12.91,7.75,23.1,17.57,29.15,15.38,6.92,13.16,58.28,56.1,13.11,26.9,96.0,55.75,17.23,,26.65,19.0
2023-06-20 07:00:00,15.2,77.85,31.52,66.92,40.88,13.25,42.51,17.59,55.8,105.61,15.87,16.01,52.87,65.69,39.21,17.27,9.86,17.67,14.94,61.08,22.68,9.12,10.87,74.3,40.3,27.07,14.05,13.59,34.04,45.23,11.21,46.0,64.47,13.28,7.94,23.06,17.92,28.9,15.21,6.9,13.2,56.87,55.0,13.11,26.0,95.7,55.41,17.14,,26.55,18.9
2023-06-21 07:00:00,15.16,79.28,31.55,68.71,41.2,14.41,43.5,17.86,56.88,107.14,16.02,16.25,53.18,66.58,39.68,18.14,9.97,17.94,15.31,61.08,22.98,9.27,10.92,75.1,41.17,26.98,14.6,14.46,34.18,45.17,11.26,46.08,63.86,13.37,7.84,23.14,17.85,29.25,15.19,7.01,13.2,56.08,55.0,13.28,26.05,95.4,55.16,17.18,,26.65,18.99
2023-06-22 07:00:00,15.27,79.28,31.7,69.33,41.58,14.65,44.89,17.99,57.78,104.84,16.26,16.44,53.56,66.1,40.46,18.86,10.05,18.7,15.86,60.79,23.02,9.37,11.15,76.1,41.51,26.9,14.55,14.67,34.4,45.8,11.34,45.86,64.15,13.45,7.84,23.32,18.13,29.7,15.54,7.13,13.42,57.38,55.0,13.5,26.35,94.7,55.92,17.4,,26.8,19.24
2023-06-23 07:00:00,15.23,78.23,31.84,68.24,41.44,14.88,44.96,18.11,59.5,104.07,16.7,16.6,53.25,66.45,40.46,18.57,10.05,18.81,16.04,60.6,23.7,9.46,11.17,76.1,41.7,28.01,14.8,14.51,34.5,46.61,11.46,45.64,63.65,13.45,7.88,23.48,18.13,30.2,15.42,7.24,13.31,56.48,55.2,13.5,26.05,94.2,56.34,17.36,,27.0,19.2
2023-06-26 07:00:00,15.59,76.99,32.28,69.72,42.37,14.72,46.81,17.83,58.68,105.44,16.74,16.36,52.94,65.69,41.24,18.23,10.02,19.23,16.19,60.12,23.66,9.49,11.2,78.0,42.19,27.33,14.65,14.21,34.31,47.3,11.38,45.35,64.93,13.32,7.9,23.92,18.06,30.2,15.54,7.18,13.38,55.74,55.6,13.7,26.05,94.7,58.27,18.06,,27.0,19.34
2023-06-27 07:00:00,15.83,77.56,31.99,73.7,42.65,14.8,45.22,17.99,58.68,109.95,17.13,16.36,53.49,66.72,41.16,18.9,10.08,19.19,16.09,59.74,23.66,9.49,11.23,77.8,42.96,27.46,15.0,14.55,34.63,47.8,11.3,45.35,63.98,13.28,7.84,23.92,17.95,29.55,15.73,7.13,13.31,56.25,55.5,13.63,26.1,94.8,59.53,18.02,,26.8,19.45
2023-06-28 07:00:00,15.59,77.85,32.13,72.14,42.23,14.72,46.15,18.05,59.14,113.28,17.18,16.17,54.36,66.86,41.47,18.81,10.05,19.68,16.0,59.84,23.7,9.46,11.2,77.9,42.82,27.24,15.35,14.3,35.18,47.24,11.34,45.5,63.9,13.24,7.84,23.96,18.47,29.7,15.57,7.13,13.27,56.25,56.1,13.5,26.3,95.2,59.28,17.8,,27.55,19.41
2023-06-29 07:00:00,15.66,76.32,32.93,70.97,42.33,14.26,45.82,18.42,59.41,112.34,17.38,16.33,54.12,65.89,41.0,18.33,10.08,20.17,16.0,59.74,23.36,9.55,11.48,76.8,42.14,27.2,15.8,14.34,34.95,46.8,11.34,47.45,63.82,13.32,7.94,24.05,18.51,29.95,15.73,7.21,13.34,57.26,55.4,13.56,26.1,94.9,59.36,17.89,,27.2,19.59
2023-06-30 07:00:00,15.37,75.65,32.28,68.94,41.53,14.1,45.42,18.23,56.88,109.95,16.89,16.52,53.8,65.27,40.15,18.38,9.94,19.45,15.53,59.74,23.13,9.37,11.26,75.4,41.37,26.51,15.0,13.75,34.4,47.05,11.21,46.08,63.49,13.11,7.75,23.92,17.71,29.55,15.42,7.06,13.06,56.87,54.8,13.46,25.9,93.8,60.46,17.53,,27.1,19.35
2023-07-03 07:00:00,15.48,76.7,31.84,73.31,41.53,14.26,45.69,18.11,58.59,109.53,17.47,16.4,53.8,64.72,40.46,18.76,10.02,19.83,15.67,59.46,23.02,9.4,11.26,75.2,42.09,25.74,15.0,14.17,34.36,46.99,11.09,47.16,63.32,13.02,7.72,23.83,18.09,29.8,15.45,7.05,13.16,56.25,55.0,13.39,25.75,94.5,59.78,17.49,,26.95,19.4
2023-07-04 07:00:00,15.41,77.27,32.21,71.13,41.72,14.41,47.01,17.9,57.6,112.51,17.3,16.01,53.74,65.14,41.24,19.29,9.94,19.79,15.53,59.46,22.76,9.52,11.2,75.4,41.56,25.78,14.55,14.05,34.63,46.3,11.13,47.09,63.2,13.2,8.06,23.88,17.85,29.7,15.12,7.06,13.13,56.64,55.9,13.33,25.75,94.3,59.28,17.49,,27.0,19.21
2023-07-05 07:00:00,15.44,77.18,32.06,72.06,42.14,14.72,46.35,18.14,59.14,113.53,17.23,15.98,54.33,65.76,41.7,19.53,10.02,19.98,15.81,59.56,22.83,9.61,11.37,75.9,42.09,26.3,15.0,14.26,36.88,46.49,11.13,47.3,63.24,13.37,8.24,23.92,18.54,29.85,15.19,7.24,13.13,56.81,56.5,13.39,25.7,94.6,59.53,17.53,,27.2,19.3
2023-07-06 07:00:00,15.41,76.22,32.06,71.99,41.9,14.34,46.35,18.14,60.22,110.98,17.33,15.86,54.12,65.55,41.55,19.29,9.92,20.36,15.67,59.65,23.09,9.64,11.34,75.5,42.04,25.95,14.7,14.51,36.74,46.11,11.17,47.59,63.24,13.54,8.09,24.05,18.2,29.85,15.09,7.21,13.06,57.43,55.3,13.5,25.5,94.3,58.77,17.58,,27.5,19.3
2023-07-07 07:00:00,15.23,75.94,31.7,72.38,42.33,13.79,45.49,17.96,60.76,111.49,16.99,15.47,53.68,66.03,41.86,19.77,9.78,20.36,15.48,59.36,22.68,9.55,11.2,76.2,41.7,25.74,14.25,14.05,37.06,45.42,10.97,46.94,63.16,13.37,8.09,25.24,18.13,29.1,14.88,7.42,13.02,56.53,54.5,13.33,25.25,94.3,59.45,17.27,,26.95,19.4
2023-07-10 07:00:00,15.27,76.89,32.21,73.86,42.56,14.18,49.66,18.26,61.3,116.18,17.4,15.82,54.48,66.58,43.57,20.39,9.89,20.78,16.28,59.56,22.76,9.98,11.42,75.4,44.61,25.48,14.6,14.63,37.24,46.11,10.84,47.59,62.13,13.45,8.37,25.29,18.51,29.8,15.12,7.43,13.06,59.01,54.1,13.56,25.25,94.2,60.04,17.58,,27.1,19.42
2023-07-11 07:00:00,15.66,76.7,34.24,73.78,42.84,14.22,50.12,18.39,61.3,115.24,17.86,15.94,54.48,67.48,43.57,20.54,9.86,21.04,16.52,59.27,22.83,10.11,11.51,78.1,46.11,26.47,15.0,15.72,38.43,46.11,10.97,47.74,61.68,13.62,8.37,25.37,19.03,30.05,15.21,7.49,13.2,57.26,53.6,13.9,25.5,94.2,60.62,17.89,,27.1,19.74
2023-07-12 07:00:00,15.59,77.85,34.06,72.69,42.65,14.45,51.65,18.6,60.49,114.22,17.89,15.94,54.26,67.34,44.74,20.73,10.02,20.66,16.57,59.46,22.87,9.98,11.76,80.1,46.84,25.87,14.8,15.43,37.79,46.74,11.05,47.95,61.68,13.58,8.37,25.46,19.66,29.8,15.07,7.56,13.27,57.77,53.9,13.84,25.55,93.9,61.3,17.62,,27.45,19.77
2023-07-13 07:00:00,15.44,77.46,34.02,73.23,44.34,14.45,52.24,18.54,61.57,114.13,18.03,15.86,54.84,66.93,44.5,20.63,9.97,20.81,16.66,59.27,23.06,9.89,11.67,79.6,47.66,25.78,14.7,16.22,38.06,46.42,11.01,47.23,62.17,14.61,8.46,25.33,19.62,29.65,14.97,7.46,13.13,59.06,55.4,13.77,25.75,93.9,61.72,17.53,,28.3,19.62
2023-07-14 07:00:00,15.48,77.85,34.02,74.64,44.01,15.0,51.45,18.42,65.0,112.51,18.01,15.86,55.64,68.65,44.66,20.82,10.05,20.55,16.61,59.65,23.96,10.01,11.89,82.0,47.81,26.04,15.05,16.14,37.84,50.18,11.05,47.74,63.16,14.57,8.55,25.55,19.79,30.2,15.21,7.51,13.16,59.01,56.5,13.8,25.9,95.1,61.55,17.67,,28.3,19.81
2023-07-17 07:00:00,15.48,77.37,33.91,74.17,43.96,15.46,53.63,18.36,65.0,110.72,17.91,16.05,57.16,68.38,44.5,20.63,10.21,20.97,16.95,59.46,23.81,9.67,11.95,81.8,47.95,26.94,15.3,16.05,37.56,49.3,11.09,47.66,63.45,14.52,8.49,25.64,19.83,28.85,15.16,7.61,13.09,59.06,56.7,13.8,25.8,98.0,61.38,17.71,,28.05,19.89
2023-07-18 07:00:00,15.37,76.41,33.51,74.09,44.24,15.03,51.65,18.23,64.73,108.25,17.96,16.44,57.16,68.31,44.35,21.21,10.19,20.66,16.66,59.27,24.18,9.92,11.86,80.6,46.89,26.81,15.2,16.18,37.74,49.93,11.05,47.01,63.24,14.18,8.55,25.64,20.0,28.0,15.07,7.61,13.16,59.01,58.5,13.9,26.5,96.7,60.96,18.02,,28.5,20.0
2023-07-19 07:00:00,15.44,76.32,34.02,74.09,44.01,15.07,51.65,18.42,64.1,110.64,18.2,16.21,56.79,69.21,44.97,20.92,10.44,20.51,16.38,59.36,24.6,9.98,11.86,80.6,46.89,26.64,15.1,16.18,37.33,49.86,11.21,47.09,62.95,14.31,8.77,25.86,19.86,28.45,15.42,7.53,13.7,58.84,58.8,14.11,26.45,96.3,60.96,18.5,,28.35,20.03
2023-07-20 07:00:00,15.44,76.89,33.51,81.73,43.68,15.03,51.45,18.36,64.28,117.62,17.84,15.9,56.87,68.1,44.74,20.82,10.47,20.66,16.33,60.41,24.03,10.11,11.73,80.9,46.89,26.38,14.7,15.72,36.65,49.24,11.01,46.94,62.83,14.48,8.67,25.81,19.79,28.25,15.31,7.33,13.49,59.34,58.5,14.01,26.05,96.8,61.04,18.15,,27.95,20.09
2023-07-21 07:00:00,15.44,75.94,33.55,80.1,43.92,15.11,52.44,18.2,66.0,110.81,17.84,15.62,57.66,68.1,44.74,20.73,10.5,21.46,16.71,61.55,24.07,9.95,11.83,79.5,47.57,26.08,14.8,16.3,36.33,49.55,11.01,46.51,62.95,15.12,8.83,25.81,19.45,27.95,15.05,7.42,13.49,59.06,57.5,13.94,26.0,97.8,61.04,18.46,,28.0,20.01
2023-07-24 07:00:00,15.51,76.22,34.02,77.99,44.62,15.77,52.18,18.36,66.0,105.78,18.2,15.86,58.6,68.79,45.13,21.3,10.68,21.53,17.37,62.02,24.71,10.05,11.89,84.6,51.34,26.42,15.4,17.64,37.15,50.11,11.05,47.66,63.04,14.74,9.15,25.86,20.21,28.75,15.33,7.49,13.49,59.12,59.5,14.04,26.1,98.0,61.8,18.94,,28.6,20.3
2023-07-25 07:00:00,15.44,75.46,33.91,80.33,44.2,15.81,47.14,18.39,65.64,106.54,18.18,15.7,58.6,68.17,45.91,21.3,10.59,21.38,17.32,61.64,24.82,10.11,11.95,84.1,52.8,26.17,16.5,17.89,37.06,49.74,11.09,46.87,64.06,14.7,9.22,25.9,19.93,28.6,15.49,7.61,13.45,60.03,58.8,14.31,26.05,96.9,61.89,19.3,,28.4,20.39
2023-07-26 07:00:00,15.66,74.69,34.2,80.02,43.87,15.42,48.8,18.39,65.28,106.03,18.47,15.9,58.75,68.17,45.59,20.92,10.62,21.38,17.42,60.98,25.5,10.2,11.99,83.4,51.92,25.69,16.25,17.56,36.88,50.36,11.01,47.3,64.93,14.57,9.19,25.99,20.0,28.5,15.83,7.61,13.7,61.03,58.3,14.25,25.7,96.5,62.56,19.21,,28.85,20.5
2023-07-27 07:00:00,15.66,75.36,34.31,79.55,43.68,15.77,48.07,18.32,65.0,106.12,18.52,15.78,59.9,67.96,44.35,20.68,10.62,21.5,17.7,60.79,26.25,10.14,11.95,84.5,51.25,25.82,17.3,18.02,37.06,51.18,11.26,48.68,66.2,14.52,9.15,26.08,20.14,28.3,15.75,7.85,13.56,62.22,59.0,14.18,25.5,96.6,63.06,19.21,,28.9,20.55
2023-07-28 07:00:00,15.59,74.79,33.88,76.66,43.4,16.04,45.49,18.05,64.55,102.2,18.37,15.66,60.41,67.62,45.05,20.87,10.65,21.5,17.75,60.7,26.74,10.17,11.83,84.2,52.72,25.31,17.85,18.39,36.69,50.8,11.01,48.31,65.79,14.48,9.04,26.12,20.45,28.1,15.61,8.24,13.34,61.56,57.7,14.04,25.55,96.9,63.74,19.16,,29.0,20.65
2023-07-31 07:00:00,15.8,74.03,34.09,75.65,44.06,15.85,49.0,18.36,66.18,99.81,19.2,16.01,61.28,69.07,46.99,21.4,10.62,21.34,18.08,60.7,27.6,10.14,12.02,87.0,52.81,25.14,18.15,18.27,36.88,51.8,11.3,48.75,64.52,14.14,9.15,26.21,20.8,28.9,16.11,8.24,13.45,61.76,62.2,14.21,27.55,97.6,65.0,19.52,,29.5,20.93
2023-08-01 07:00:00,16.32,76.32,34.49,76.59,45.22,16.08,47.01,18.54,65.46,103.22,19.32,16.52,61.93,70.59,45.75,21.5,10.87,21.27,18.18,61.84,28.09,10.14,12.05,87.6,52.91,25.26,18.85,18.1,38.61,51.87,11.46,48.53,65.42,13.62,9.15,25.73,20.63,29.1,16.34,8.8,13.56,60.83,63.9,14.21,29.4,102.0,65.59,19.52,,29.7,21.56
2023-08-02 07:00:00,16.01,75.17,34.96,74.25,44.24,16.2,43.77,18.72,66.81,103.48,19.0,16.72,61.13,69.69,44.35,20.92,10.84,20.74,17.42,61.64,26.96,10.23,12.02,86.4,50.56,24.92,17.75,17.39,37.84,50.68,11.17,47.3,65.5,13.62,9.11,26.34,19.93,28.9,16.01,8.32,13.52,60.56,62.6,14.01,29.5,101.2,63.9,19.34,,29.05,21.02
2023-08-03 07:00:00,16.18,74.41,35.62,74.17,44.76,16.82,41.85,19.0,66.81,102.03,18.88,17.88,60.63,69.28,44.04,21.02,10.75,20.7,17.8,61.55,26.89,10.39,12.08,85.5,50.66,25.09,18.35,17.81,37.52,50.99,11.34,46.94,65.63,13.71,9.22,26.7,20.11,29.15,16.06,8.4,13.63,60.76,62.0,14.11,29.15,101.0,64.34,19.34,,28.9,20.9
2023-08-04 07:00:00,16.57,74.79,35.18,70.89,44.43,16.58,42.58,19.03,66.99,103.13,18.78,17.69,60.77,68.72,43.96,21.02,10.65,20.28,17.75,61.26,26.7,10.51,12.02,86.3,51.84,25.39,19.55,18.23,37.15,50.86,11.17,46.8,66.82,13.54,9.22,26.7,19.79,28.6,15.9,8.64,13.42,60.23,60.9,14.14,29.5,101.0,62.95,19.21,,28.6,20.7
2023-08-07 07:00:00,16.81,73.74,35.33,69.41,44.2,16.86,42.64,19.31,67.62,102.11,19.07,18.55,60.48,69.9,45.91,21.11,10.68,20.85,18.13,61.36,27.11,10.69,12.21,86.7,52.52,25.44,20.3,18.98,37.15,50.62,11.3,46.44,65.87,13.62,9.66,25.64,20.56,29.05,16.16,9.43,13.7,59.83,63.7,14.35,31.75,101.2,63.29,19.78,,29.0,21.2
2023-08-08 07:00:00,16.71,73.26,35.47,69.88,45.08,17.13,42.24,20.17,66.81,101.34,18.93,18.59,60.77,69.62,45.05,21.88,10.75,20.89,18.08,62.22,26.89,11.53,12.43,89.3,52.81,25.26,20.5,18.81,37.2,51.68,11.38,47.23,66.74,13.97,9.84,26.43,20.73,30.35,16.25,9.83,13.99,60.3,62.9,14.72,32.0,102.0,64.86,19.96,,29.9,21.4
2023-08-09 07:00:00,16.43,73.26,35.29,72.61,44.66,16.35,44.36,19.95,67.71,100.49,19.2,18.7,60.77,69.97,45.52,21.59,10.75,20.59,17.61,60.88,26.59,11.87,12.24,89.0,52.23,26.12,20.05,18.14,37.7,50.93,11.75,46.8,66.45,14.22,9.59,26.7,20.07,29.85,16.09,9.55,13.74,60.23,62.3,14.45,33.5,103.3,64.68,19.47,,30.85,21.39
2023-08-10 07:00:00,16.32,72.69,34.96,71.28,44.62,16.31,43.7,19.95,66.81,99.81,18.98,18.86,60.12,70.31,44.74,21.16,10.72,21.12,17.99,62.4,26.66,11.75,12.24,87.3,51.84,25.78,19.9,17.77,37.42,50.24,11.54,46.36,66.33,14.4,9.55,26.48,19.86,31.15,16.06,9.75,13.6,60.1,60.7,14.25,33.15,102.0,63.47,19.43,,30.9,21.3
2023-08-11 07:00:00,16.11,70.78,33.73,70.11,44.01,16.0,45.16,19.49,67.62,98.87,19.15,18.94,59.33,70.24,43.49,20.58,10.65,20.74,17.84,62.02,26.32,11.44,12.11,82.8,51.05,25.44,20.85,18.14,37.47,49.55,11.42,45.42,65.79,14.14,9.4,26.43,19.62,30.75,15.85,9.55,13.38,58.77,62.3,14.21,36.3,100.6,63.47,19.34,,30.7,21.26
2023-08-14 07:00:00,16.08,71.06,34.09,68.4,43.92,16.43,44.63,19.71,66.36,99.73,19.54,19.01,59.4,70.1,42.95,20.54,10.53,21.04,18.89,61.93,27.3,11.5,12.08,84.5,52.72,25.52,21.2,18.6,37.29,50.05,11.42,46.0,65.38,13.75,9.44,26.83,19.76,31.9,15.94,10.3,13.45,59.97,60.9,14.08,37.45,101.5,63.73,19.3,,30.6,21.22
2023-08-15 07:00:00,16.25,70.2,34.38,70.11,43.87,17.63,44.63,19.83,66.72,98.87,19.95,19.48,59.76,69.48,43.57,20.73,10.62,21.31,19.12,60.32,27.68,11.65,12.08,82.5,53.4,25.52,21.3,19.06,37.2,49.61,11.42,46.08,64.97,13.75,9.4,25.99,20.28,31.9,16.01,10.9,13.49,59.77,61.2,14.11,36.5,100.5,63.29,19.34,,30.1,21.02
2023-08-16 07:00:00,16.04,69.92,34.06,70.74,44.01,17.17,44.1,19.77,69.34,101.86,20.26,19.13,60.19,69.28,43.57,20.49,10.56,21.16,19.5,60.32,27.04,11.68,12.05,82.3,52.81,25.44,20.65,18.56,36.97,49.43,11.59,45.79,65.38,13.97,9.4,25.81,19.9,31.5,16.06,10.38,13.7,58.97,63.0,14.04,37.8,102.0,63.21,19.3,,31.9,21.29
2023-08-17 07:00:00,16.11,69.25,34.46,69.26,43.82,17.36,44.03,19.89,68.34,99.98,20.14,19.56,61.5,69.0,43.18,20.63,10.59,21.19,19.41,60.41,27.0,11.71,12.11,81.8,52.91,25.22,20.5,19.48,36.78,50.18,11.5,45.57,64.68,13.8,9.4,25.37,20.18,32.6,16.68,10.42,13.78,59.24,62.1,14.11,37.8,100.8,63.47,19.82,,31.4,21.42
2023-08-18 07:00:00,15.94,68.2,34.17,65.9,43.49,16.82,43.04,19.83,67.8,98.11,19.9,19.09,61.93,68.93,42.79,20.39,10.56,21.12,18.79,60.22,26.29,11.75,11.99,82.1,52.72,25.09,20.45,18.65,36.37,49.61,11.63,45.28,63.94,13.67,9.33,25.81,20.63,32.1,16.32,10.07,13.52,59.63,60.8,14.04,34.55,100.0,63.81,19.38,,30.2,21.46
2023-08-21 07:00:00,15.34,66.67,32.35,67.07,41.34,15.81,40.39,18.97,63.74,98.02,18.98,17.92,62.15,68.03,39.84,18.71,9.88,20.02,17.61,58.89,24.67,11.37,11.48,78.3,48.9,23.37,18.8,17.56,34.04,49.74,10.8,43.48,63.53,12.6,8.64,24.27,20.14,31.6,15.35,9.39,13.2,59.57,56.8,13.39,33.0,97.7,63.12,18.15,,29.1,20.4
2023-08-22 07:00:00,15.51,66.29,32.57,66.68,41.76,15.65,39.2,19.64,63.83,98.02,19.47,18.04,62.44,68.65,42.56,18.33,10.01,19.83,17.8,58.89,25.54,12.63,11.67,78.5,48.02,23.63,18.55,17.14,34.77,49.43,10.76,43.91,62.79,12.6,8.86,23.66,20.14,32.0,15.47,9.63,13.27,59.44,56.8,13.53,33.5,97.8,63.55,18.28,,29.3,20.45
2023-08-23 07:00:00,15.59,65.05,33.51,67.07,42.56,15.96,38.8,19.43,64.91,96.74,19.26,18.62,62.51,69.21,42.4,18.71,10.04,19.94,17.66,60.6,25.84,12.43,11.67,78.0,49.59,23.98,18.8,17.47,34.86,48.86,10.63,44.34,62.71,12.51,8.86,24.93,21.53,32.1,16.06,10.34,13.45,59.04,56.9,13.6,34.5,97.3,62.86,18.28,,29.75,20.83
2023-08-24 07:00:00,15.34,64.0,33.15,64.81,42.14,15.58,38.74,19.34,65.46,97.0,18.52,18.47,62.58,70.72,42.33,18.42,9.94,19.41,17.32,60.41,25.16,12.23,11.54,77.3,48.61,23.72,18.8,17.73,34.22,48.36,10.34,43.91,63.69,12.9,8.71,24.85,21.04,31.1,15.83,10.15,13.34,57.31,54.9,13.43,32.85,96.9,63.81,17.84,,28.85,20.44
2023-08-25 07:00:00,15.44,64.0,33.22,65.9,42.56,15.96,39.4,19.49,67.89,97.17,18.68,18.39,65.51,70.66,43.18,19.0,9.94,19.83,17.8,60.5,25.91,12.51,11.6,80.0,49.2,23.72,19.8,18.39,34.59,48.68,10.39,44.41,63.86,13.88,8.79,24.41,22.02,31.3,15.92,10.42,13.49,57.24,55.5,13.46,32.6,96.5,65.38,18.02,,28.95,20.64
2023-08-28 07:00:00,15.44,63.62,32.9,69.41,42.0,16.43,41.72,19.06,72.32,98.7,18.63,18.98,67.34,70.59,43.1,19.0,9.97,19.68,17.66,60.98,26.21,12.55,11.64,79.7,49.78,23.89,19.6,18.65,34.31,49.36,10.43,44.78,64.97,13.75,8.71,24.85,22.43,31.15,15.99,10.5,13.67,57.38,54.5,13.36,32.5,97.5,65.12,17.8,,28.95,20.72
2023-08-29 07:00:00,15.48,68.49,32.93,68.87,42.04,16.62,41.45,19.28,75.75,99.13,19.18,20.03,68.8,72.21,43.57,19.62,10.01,20.36,18.27,61.46,26.74,12.67,11.64,81.2,50.66,23.72,20.2,18.98,35.0,50.05,10.51,45.64,64.35,13.92,8.82,24.93,22.57,31.8,16.06,10.38,13.7,57.78,55.0,13.5,32.85,98.0,67.29,17.93,,29.75,20.8
2023-08-30 07:00:00,15.48,68.1,33.37,70.97,42.09,16.74,41.38,19.31,75.12,98.19,18.94,19.6,68.22,71.49,44.27,19.82,10.04,20.44,18.13,62.5,26.7,12.71,11.67,80.0,51.84,23.72,20.5,20.07,35.04,50.36,10.47,45.06,65.59,13.88,8.9,24.98,22.5,31.8,16.06,10.86,13.7,58.77,54.6,13.56,31.5,97.5,66.85,18.41,,29.35,20.95
2023-08-31 07:00:00,15.76,69.54,33.62,69.72,42.18,17.28,41.12,19.74,75.84,99.3,19.05,19.83,70.71,70.99,46.14,20.01,10.07,20.74,18.89,62.12,27.11,12.75,11.73,80.0,52.81,23.72,20.1,20.23,35.14,50.36,10.55,45.5,65.79,13.88,8.97,24.49,23.27,32.5,16.11,11.26,14.17,59.17,54.8,13.63,31.25,97.0,67.29,18.33,,29.75,21.09
2023-09-05 07:00:00,15.94,68.96,34.09,69.02,42.37,17.67,42.24,19.95,79.36,99.73,19.6,20.26,71.07,71.64,48.78,21.35,10.44,21.04,19.08,63.83,27.79,12.83,11.86,82.3,52.62,24.06,20.9,21.2,35.87,50.74,10.63,45.86,65.38,14.05,9.08,24.76,23.34,32.7,16.44,11.02,14.21,59.17,55.2,14.01,31.25,98.1,68.16,18.68,,30.3,21.2
2023-09-06 07:00:00,15.97,68.1,34.6,68.63,42.75,17.75,43.37,20.07,82.16,100.75,19.94,20.03,71.07,71.42,49.8,21.26,10.56,21.0,18.89,62.5,27.22,12.83,12.24,81.5,53.11,24.96,21.3,20.82,36.23,50.68,10.76,46.08,65.09,14.31,9.19,24.23,23.16,32.6,16.56,10.6,14.17,59.9,55.5,14.04,31.2,100.6,69.54,18.72,,30.3,21.38
2023-09-07 07:00:00,16.15,68.1,34.46,74.56,42.84,18.33,44.3,20.07,82.07,103.65,19.97,19.95,72.46,72.49,49.8,21.3,10.62,21.95,20.4,61.93,27.49,12.95,12.27,83.5,53.99,24.92,22.0,21.57,36.05,51.37,10.84,46.36,65.54,14.18,9.22,24.32,23.68,33.0,16.65,11.1,14.28,59.77,56.5,14.18,31.0,101.1,69.37,19.3,,30.3,21.64
2023-09-08 07:00:00,16.08,67.72,34.46,73.62,42.79,17.75,43.64,20.07,81.26,105.27,20.89,19.95,71.36,73.57,49.72,21.26,10.62,21.57,20.35,62.02,27.41,12.83,12.31,82.1,53.3,24.75,21.6,21.36,35.96,52.3,10.68,46.15,66.12,14.14,9.3,24.1,23.27,32.8,16.94,10.97,14.17,59.44,55.0,14.04,30.25,100.4,68.76,19.16,,30.2,21.65
2023-09-11 07:00:00,16.01,69.73,34.38,75.57,42.75,18.29,44.23,19.95,84.87,104.67,21.51,19.99,72.24,74.0,51.51,22.31,10.78,21.95,21.11,62.12,27.34,12.83,12.34,82.1,54.57,25.74,22.05,21.45,36.14,52.87,10.76,46.51,66.45,14.35,9.3,24.27,23.61,32.7,16.82,11.1,14.07,59.5,54.6,14.18,30.05,101.5,69.46,19.47,,29.8,21.57
2023-09-12 07:00:00,15.69,67.53,33.91,72.92,42.56,17.86,42.71,19.64,82.25,102.2,21.2,19.56,71.29,73.07,49.64,21.02,10.59,21.19,20.07,62.4,26.14,12.91,12.02,80.0,53.3,25.56,20.15,20.48,36.6,51.93,10.59,45.71,69.86,13.71,9.0,23.79,23.37,31.8,16.32,10.6,13.67,59.1,52.8,13.77,29.9,99.5,68.59,19.3,,28.85,21.32
2023-09-13 07:00:00,15.97,67.91,34.17,71.6,42.98,18.75,43.97,19.83,84.42,105.1,21.23,19.87,72.39,73.71,51.35,21.88,10.75,21.8,20.83,62.12,26.74,13.07,12.31,81.0,54.87,25.74,21.0,22.32,36.88,52.55,10.72,46.15,69.53,14.22,9.15,23.96,25.14,32.5,16.72,11.02,13.88,59.77,53.8,13.97,30.4,101.9,69.11,19.65,,29.55,21.9
2023-09-14 07:00:00,15.8,66.86,34.09,71.75,42.61,18.52,44.23,20.1,81.53,103.82,20.52,19.87,71.73,75.5,51.74,21.54,10.78,21.5,20.83,61.74,26.51,12.99,12.18,80.4,56.43,25.26,19.6,21.74,37.15,52.12,10.76,45.86,72.37,14.01,9.0,23.48,24.86,32.0,16.58,11.22,13.88,59.1,52.1,14.52,29.55,99.0,68.16,19.74,,29.2,21.48
2023-09-15 07:00:00,15.87,66.86,34.09,68.87,42.28,18.21,43.17,20.32,82.34,102.2,20.68,19.95,70.27,76.5,49.95,21.4,10.84,21.12,20.26,61.74,26.21,12.75,12.24,78.8,56.24,24.63,19.0,21.32,37.01,50.86,10.59,45.5,70.72,13.8,9.0,23.22,24.93,32.3,16.58,11.26,13.85,59.04,49.6,14.72,28.0,99.5,68.94,19.78,,28.9,21.69
2023-09-18 07:00:00,15.87,65.05,34.09,67.31,42.0,18.02,45.03,20.1,81.26,102.2,20.57,19.79,70.92,78.57,49.87,21.83,11.12,20.89,20.26,62.02,26.06,12.55,12.37,79.7,54.38,24.08,18.9,21.74,37.2,50.62,10.63,45.86,68.34,13.8,8.9,23.26,24.31,32.3,16.46,11.02,13.85,59.44,50.1,14.52,26.8,99.5,68.68,19.82,,28.5,21.35
2023-09-19 07:00:00,15.76,64.86,33.22,67.46,41.95,17.67,46.88,19.68,80.62,101.43,20.41,18.66,70.85,77.93,50.89,21.16,10.9,21.19,20.83,61.64,25.99,12.31,12.21,78.3,53.89,23.99,18.25,21.57,36.42,50.99,10.51,45.28,66.37,14.05,8.79,23.57,24.86,32.7,16.2,11.26,13.56,58.97,50.0,14.28,26.75,98.9,68.16,19.43,,27.8,21.02
2023-09-20 07:00:00,15.66,64.0,32.79,68.48,41.3,16.97,47.34,19.71,84.14,101.43,20.65,18.16,72.32,78.64,50.89,21.54,10.93,21.31,21.77,61.74,25.69,12.35,12.15,78.8,53.89,24.22,17.2,21.57,36.6,50.93,10.55,45.86,65.05,14.1,8.75,23.13,25.28,33.3,16.01,11.34,13.67,58.51,49.7,14.11,26.0,99.4,68.07,19.21,,27.6,21.23
2023-09-21 07:00:00,15.73,67.82,33.15,70.19,41.72,17.59,47.87,19.71,86.67,102.28,20.75,18.31,72.1,77.64,51.59,22.36,11.02,21.5,21.77,61.64,26.66,12.19,12.24,79.5,54.57,24.63,18.75,22.57,37.25,51.74,10.59,46.51,66.28,14.14,8.86,23.0,25.28,33.2,16.23,11.51,14.07,58.44,51.0,14.35,26.9,99.0,67.81,19.12,,28.2,21.44
2023-09-22 07:00:00,15.59,66.0,32.5,70.11,41.16,17.01,45.82,19.34,83.51,102.11,19.99,18.24,69.61,77.08,50.95,21.98,10.78,21.0,21.25,61.46,25.76,11.79,11.95,77.4,51.93,23.9,17.7,21.4,36.41,50.74,10.43,46.94,64.97,13.8,8.64,22.82,23.37,32.0,16.04,11.51,13.6,57.38,49.4,13.9,25.75,98.0,66.94,18.68,,27.7,21.09
2023-09-25 07:00:00,15.66,65.91,33.4,69.26,40.88,16.0,44.89,19.31,88.48,100.58,19.73,17.92,71.0,77.94,50.55,20.92,10.78,20.44,20.07,61.64,24.78,11.47,11.92,75.0,50.47,23.45,17.2,20.48,36.45,50.99,10.22,45.86,64.72,13.2,8.57,22.47,22.36,32.8,16.06,10.81,13.38,59.1,48.0,13.84,25.05,97.0,67.03,18.68,,27.3,20.71
2023-09-26 07:00:00,15.48,64.47,32.86,66.45,39.29,14.76,41.72,18.36,81.26,99.13,18.94,16.5,68.95,76.74,47.9,19.48,10.68,19.57,18.84,61.26,23.66,10.84,11.57,70.3,49.98,22.72,15.8,19.06,34.92,49.61,9.81,44.63,62.5,12.34,7.99,23.0,21.53,31.95,15.49,9.91,12.98,59.24,47.0,13.29,23.0,98.5,67.37,18.15,,26.8,20.78
2023-09-27 07:00:00,15.37,62.18,32.17,65.98,39.29,14.65,42.44,18.66,82.97,98.45,18.89,16.27,68.73,76.31,49.02,18.33,10.65,19.79,18.08,60.98,23.66,10.52,11.57,73.0,49.98,22.18,15.25,18.65,34.45,49.11,9.68,44.99,61.93,12.3,7.88,23.13,22.02,31.5,15.23,9.66,12.77,58.17,45.0,13.12,22.3,98.0,66.25,18.06,,26.1,19.99
2023-09-28 07:00:00,15.34,64.95,32.17,67.85,39.57,14.92,43.0,18.85,82.88,99.73,19.42,16.87,68.88,77.0,51.51,19.05,10.72,20.13,18.65,61.08,24.11,10.6,11.7,74.5,51.74,22.36,15.5,19.61,34.5,49.43,9.72,45.5,61.02,12.42,8.06,22.91,22.78,31.7,15.4,9.95,12.84,57.91,45.1,13.43,22.6,99.0,66.07,18.28,,26.0,20.0
2023-09-29 07:00:00,15.3,64.86,32.21,68.09,39.75,14.72,43.26,18.75,85.77,101.34,19.7,16.22,68.8,78.63,53.19,19.1,10.72,20.28,19.41,61.26,24.6,10.92,11.8,76.5,52.62,21.95,16.0,20.07,35.15,49.11,9.89,45.86,60.03,12.81,8.02,21.89,22.85,31.0,15.83,10.03,13.02,58.64,45.0,13.29,22.6,99.4,65.12,18.77,,25.6,20.02
2023-10-02 07:00:00,15.3,66.58,32.17,67.46,39.8,14.96,42.29,18.48,83.96,101.0,19.68,16.54,68.36,77.6,53.19,18.9,10.72,19.91,19.08,61.26,24.56,11.04,11.83,76.2,51.44,22.54,15.6,20.19,34.92,49.3,9.64,45.93,60.28,12.6,8.06,22.03,22.09,30.75,15.9,9.54,12.88,57.84,45.6,13.19,23.5,99.3,64.42,19.03,,26.1,20.16
2023-10-03 07:00:00,15.3,65.05,31.66,67.7,39.33,15.19,42.02,18.11,83.96,100.15,19.57,16.04,67.48,76.14,52.07,19.19,10.56,19.76,18.55,60.98,24.49,10.88,11.73,77.4,50.37,22.54,15.15,19.9,34.55,49.68,9.68,45.35,60.2,12.6,7.99,21.67,21.95,30.65,15.54,9.66,12.55,57.44,45.0,13.12,22.95,98.0,64.77,18.94,,26.75,20.0
2023-10-04 07:00:00,15.13,63.52,29.74,65.12,38.91,13.95,39.91,17.62,81.26,98.11,19.57,15.17,66.83,73.74,49.02,18.28,10.53,18.54,17.04,60.79,23.29,10.36,11.51,73.0,46.95,21.91,13.9,17.98,32.73,48.42,9.27,44.63,57.57,12.0,7.59,22.03,20.7,28.9,15.23,8.88,11.9,57.31,43.25,12.75,22.25,97.9,63.9,18.06,,25.9,19.55
2023-10-05 07:00:00,15.27,65.05,30.83,66.06,39.75,14.65,42.38,17.83,85.95,99.9,20.73,15.72,67.92,73.48,52.39,18.9,10.56,19.23,18.18,60.88,23.95,10.76,11.6,73.6,48.8,21.95,14.6,19.82,33.8,48.93,9.31,45.86,57.73,12.3,7.77,21.41,22.16,30.1,15.28,9.45,12.19,57.11,44.7,13.02,23.1,97.5,64.34,18.41,,27.0,19.68
2023-10-06 07:00:00,15.16,65.43,30.18,67.23,39.19,13.99,43.26,17.5,84.78,99.21,20.47,15.3,66.97,72.11,51.11,19.0,10.47,18.81,17.37,60.7,23.42,10.92,11.51,72.7,45.87,22.09,13.8,18.81,32.5,48.93,9.06,45.21,57.16,11.78,7.62,21.59,21.98,29.85,15.0,9.17,11.94,56.12,44.85,12.64,22.95,95.5,63.12,18.46,,27.0,19.5
2023-10-09 07:00:00,15.23,66.29,30.61,68.63,39.29,14.1,46.44,17.59,85.86,100.24,19.97,15.67,67.63,74.17,52.15,19.58,10.53,18.88,17.7,61.26,23.95,11.0,11.57,72.2,47.29,21.95,14.0,19.56,33.34,49.43,9.1,44.78,57.32,12.0,7.77,21.63,22.85,30.95,15.16,9.99,12.12,56.71,46.1,12.75,23.0,97.0,64.25,18.5,,27.2,19.69
2023-10-10 07:00:00,15.8,65.81,30.61,70.11,39.71,14.41,46.26,18.02,88.48,105.35,20.96,16.08,70.63,74.77,53.68,19.82,10.59,19.45,18.55,60.79,24.53,11.24,11.73,74.0,47.34,22.54,14.5,19.98,33.52,50.68,9.31,45.21,56.74,12.25,7.84,21.67,23.34,31.35,15.26,10.23,12.26,56.18,47.15,13.02,22.8,97.3,64.51,18.81,,27.1,19.78
2023-10-11 07:00:00,16.01,65.72,30.83,70.82,39.66,14.34,45.2,17.99,86.04,104.58,20.31,16.13,70.19,74.6,53.52,19.29,10.78,19.79,18.32,60.5,24.0,11.32,11.73,73.5,47.92,23.09,14.25,19.48,33.75,50.11,9.64,45.5,56.58,12.42,7.92,21.72,22.78,31.25,15.42,9.86,12.12,57.24,47.7,13.22,22.52,97.5,64.77,19.03,,27.1,20.0
2023-10-12 07:00:00,15.94,65.14,30.5,73.31,39.94,14.8,48.47,18.23,88.03,102.96,20.65,16.31,71.0,74.08,53.28,19.91,10.9,19.91,18.84,60.6,24.33,11.32,11.8,74.0,48.22,22.81,14.6,19.9,34.45,50.43,9.56,45.42,56.25,12.47,7.92,21.85,23.68,31.95,15.45,10.11,12.15,57.71,47.6,13.36,23.0,97.7,64.68,19.3,,27.35,19.96
2023-10-13 07:00:00,15.87,64.0,30.61,72.53,39.85,13.9,47.32,17.99,87.48,102.79,20.36,15.99,70.27,72.97,51.99,19.82,10.78,19.38,18.32,60.41,24.78,11.24,11.67,72.5,47.43,22.36,14.6,20.02,34.17,50.05,9.31,44.92,56.5,12.21,7.88,21.67,23.13,31.2,15.31,9.82,12.26,57.11,47.05,13.02,23.02,97.5,65.46,19.08,,27.1,19.98
2023-10-16 07:00:00,15.83,63.62,30.83,71.13,39.57,14.18,48.65,17.96,89.56,103.05,20.89,16.08,70.85,74.17,53.11,20.58,10.84,19.49,18.6,60.41,26.43,11.32,11.76,72.5,48.41,22.5,14.95,21.74,34.92,50.43,9.43,45.35,57.65,12.38,7.81,21.76,23.3,31.4,15.14,10.03,12.41,56.85,46.9,13.15,23.02,103.9,65.2,19.12,,27.1,20.06
2023-10-17 07:00:00,15.87,63.04,30.39,69.72,39.05,13.86,48.29,17.8,87.76,103.48,21.23,15.95,71.58,74.34,53.03,20.78,10.93,19.07,17.89,60.6,26.39,11.24,11.67,72.0,47.83,22.14,14.7,21.11,34.27,50.05,9.39,44.99,58.8,12.25,7.73,21.85,22.5,30.45,15.09,10.23,12.12,57.18,45.6,12.95,22.5,102.0,65.38,19.78,,26.65,20.0
2023-10-18 07:00:00,15.76,61.04,29.96,69.41,38.86,12.75,45.56,17.56,83.15,102.45,20.15,15.86,69.46,72.88,52.23,19.77,10.87,18.77,17.23,60.03,24.62,11.16,11.54,71.0,45.77,22.14,13.85,20.15,33.66,49.43,9.31,44.49,57.48,12.04,7.7,21.72,22.09,30.1,15.0,9.78,11.94,56.78,44.6,12.75,22.02,103.0,64.94,19.82,,27.1,19.8
2023-10-19 07:00:00,15.48,60.84,29.16,67.23,37.98,11.96,43.7,17.4,82.43,98.36,18.89,15.63,68.8,71.17,52.31,19.05,10.81,18.24,16.09,60.79,24.12,11.16,11.32,68.3,43.23,21.0,13.2,18.98,32.64,48.18,9.23,43.62,56.17,11.7,7.55,21.76,21.91,29.5,14.76,9.41,11.72,56.78,43.45,12.54,21.9,104.9,63.73,19.56,,26.4,19.49
2023-10-20 07:00:00,15.3,60.18,29.16,66.29,37.65,12.12,43.44,17.46,81.08,98.02,18.68,15.81,67.7,70.48,52.15,19.29,10.81,17.94,16.09,61.64,23.95,11.2,11.25,66.4,42.06,20.37,13.25,18.65,32.73,47.74,9.19,42.97,56.25,11.74,7.48,21.67,20.9,29.0,14.5,9.37,11.61,55.45,42.5,12.41,21.5,105.1,61.9,19.03,,26.5,19.56
2023-10-23 07:00:00,15.51,60.46,29.23,66.92,38.35,12.83,45.29,18.05,81.71,95.63,19.05,16.27,68.66,71.42,50.15,19.72,10.96,18.43,16.85,61.64,24.78,11.63,11.44,68.0,43.72,21.14,13.8,19.65,33.34,47.99,9.27,43.91,57.57,12.0,7.59,21.63,21.25,29.8,14.69,9.78,11.9,56.12,44.5,12.51,21.68,105.2,62.25,19.03,,26.5,19.47
2023-10-24 07:00:00,15.41,60.18,29.12,66.21,38.12,12.43,44.23,17.99,79.27,93.08,18.73,16.36,67.63,69.45,49.74,19.1,10.81,18.2,16.8,61.55,24.9,11.71,11.35,66.2,42.15,20.73,13.5,19.61,32.92,47.3,9.14,42.61,55.68,11.78,7.52,21.94,21.53,30.0,14.81,9.86,11.9,56.12,44.9,12.37,21.6,103.5,60.95,18.37,,26.0,19.21
2023-10-25 07:00:00,15.59,59.6,29.96,66.84,38.12,12.75,47.68,17.99,81.17,94.1,18.1,16.82,67.19,69.45,49.1,19.72,10.84,18.2,16.9,61.17,25.28,11.75,11.44,67.0,42.06,21.37,13.8,20.07,33.01,47.3,9.27,43.19,56.74,11.91,7.73,22.78,21.53,30.0,14.74,9.95,12.12,56.51,45.4,12.61,22.1,103.6,61.04,18.55,,26.8,19.13
2023-10-26 07:00:00,15.27,59.22,29.02,66.29,37.7,12.28,46.88,17.4,79.0,93.59,17.47,16.36,64.63,66.71,48.62,19.19,10.72,18.01,16.42,60.6,24.37,11.67,11.25,64.8,41.27,20.46,13.4,19.56,32.4,46.79,9.23,41.96,55.92,12.0,7.55,22.82,20.63,29.0,14.55,9.54,11.83,56.45,41.8,12.34,21.45,102.3,59.47,18.24,,25.9,19.1
2023-10-27 07:00:00,15.06,56.64,29.41,64.97,36.57,11.84,46.26,17.4,76.74,87.71,16.56,15.99,64.04,65.59,47.34,18.71,10.53,17.6,15.81,60.79,24.78,11.47,11.0,62.0,41.37,20.46,13.1,19.15,30.73,46.66,9.02,40.59,54.2,12.0,7.37,22.51,20.32,28.55,14.17,9.45,11.54,56.18,40.0,12.13,20.82,99.8,58.43,17.8,,24.6,18.45
2023-10-30 07:00:00,15.16,54.54,30.39,64.58,36.95,11.88,48.56,16.97,75.39,86.09,16.74,16.27,63.68,66.54,50.07,18.52,10.62,17.67,16.66,60.79,24.28,12.23,11.0,56.0,40.2,20.55,13.25,19.23,30.73,46.54,9.02,39.58,51.89,12.0,7.44,22.51,20.14,28.75,13.79,9.37,11.68,55.45,39.0,12.34,20.65,99.7,58.95,17.62,,22.6,18.32
2023-10-31 07:00:00,14.99,56.36,29.74,63.25,36.95,11.44,46.97,17.04,74.48,90.26,16.01,15.86,62.29,65.68,49.42,17.47,10.78,17.79,16.66,60.98,23.62,11.55,10.97,59.0,39.51,20.82,13.4,18.9,31.01,46.16,9.02,39.5,50.08,11.65,7.41,22.2,19.13,27.1,13.32,9.04,11.61,57.04,39.2,12.0,20.52,99.0,58.95,17.45,,23.3,18.32
2023-11-01 07:00:00,15.02,54.44,29.67,61.3,36.48,11.29,44.85,17.07,71.5,85.24,15.19,15.44,61.7,66.45,47.74,16.22,10.62,17.41,16.05,60.79,23.62,11.71,10.97,58.2,36.19,20.55,13.0,16.89,29.38,45.21,8.81,38.28,46.88,11.22,7.41,22.73,17.88,27.5,13.37,8.39,11.5,57.64,38.9,12.2,19.85,99.2,59.91,17.62,,22.3,18.28
2023-11-02 07:00:00,15.27,55.11,29.63,64.42,36.81,11.72,45.03,16.94,74.03,87.37,15.61,15.99,63.24,66.28,50.23,16.84,10.68,18.32,17.13,61.08,23.87,12.07,11.06,60.5,35.11,20.69,13.35,17.98,30.36,45.65,8.94,38.28,47.62,11.65,7.59,22.82,19.17,27.95,13.61,8.92,11.58,58.44,38.45,12.37,20.25,104.9,61.21,17.58,,23.0,18.4
2023-11-03 07:00:00,15.66,56.64,30.65,67.46,37.98,12.67,49.0,17.43,78.28,89.5,16.77,16.27,65.14,68.08,51.03,17.9,10.87,19.23,17.99,60.7,24.78,12.35,11.35,63.0,36.68,21.59,14.9,18.9,31.15,47.3,9.23,39.86,50.5,12.08,7.95,22.86,20.14,29.2,14.15,9.45,11.97,59.1,40.45,12.88,20.85,104.9,61.56,18.02,,23.5,18.89
2023-11-06 07:00:00,15.59,55.4,30.21,69.02,37.88,12.99,52.35,17.4,78.0,88.3,16.77,16.41,64.56,67.82,52.15,17.85,11.33,19.19,18.51,60.41,24.62,12.27,11.22,64.0,38.14,21.28,14.6,18.98,31.01,46.79,9.23,38.78,53.04,12.08,7.84,21.76,20.24,28.65,14.55,9.37,11.87,59.04,40.65,12.92,20.98,106.5,60.95,17.8,,24.3,18.83
2023-11-07 07:00:00,15.51,56.74,30.47,69.57,37.98,12.79,51.65,17.43,79.36,89.33,16.69,16.41,64.78,67.74,52.79,17.61,11.27,19.53,18.74,60.22,24.37,12.27,11.44,64.0,37.07,21.55,14.65,18.9,30.96,48.62,9.27,40.01,54.52,12.25,7.99,22.03,20.07,29.15,14.46,9.29,11.9,59.1,40.9,12.95,20.9,107.0,61.21,18.41,,23.7,19.0
2023-11-08 07:00:00,15.51,55.02,30.21,71.6,37.79,12.75,54.21,17.56,79.36,89.07,16.42,16.13,64.56,67.31,53.03,17.75,11.12,19.53,18.6,60.03,24.08,12.35,11.35,62.0,37.07,21.68,14.5,18.56,30.91,47.93,9.27,39.86,53.87,12.17,7.92,21.5,19.69,28.9,14.46,9.13,11.94,58.44,39.95,12.75,20.95,106.1,61.47,18.33,,23.2,18.96
2023-11-09 07:00:00,16.08,56.83,31.19,73.86,38.4,13.78,55.27,18.02,83.96,90.35,17.32,16.91,67.34,68.6,55.36,19.1,11.67,20.4,20.16,60.41,25.77,12.59,11.73,63.9,39.61,22.18,15.8,20.4,31.94,48.69,9.52,41.16,53.87,12.42,8.28,21.98,21.29,30.05,15.05,9.86,12.51,59.44,41.6,13.29,22.0,113.0,62.16,18.95,,24.0,19.41
2023-11-10 07:00:00,15.73,57.31,30.76,72.92,38.26,13.39,53.86,17.96,82.88,89.84,16.95,16.54,66.97,67.74,55.04,18.52,11.55,19.98,19.45,60.12,25.85,12.39,11.6,62.0,38.88,22.45,16.05,21.4,31.33,48.06,9.72,41.52,52.47,12.34,8.13,21.37,21.25,29.4,14.74,9.82,12.26,57.84,42.5,12.95,22.5,107.5,61.47,18.4,,23.85,19.28
2023-11-13 07:00:00,15.76,57.5,30.61,74.64,37.98,13.42,56.5,17.99,84.05,88.99,16.98,16.41,67.05,67.74,55.36,18.71,11.64,20.06,19.55,59.27,25.94,12.27,11.48,62.0,38.68,22.68,15.95,21.74,31.19,48.06,9.81,41.45,51.32,12.17,8.1,20.31,21.53,29.5,14.79,10.23,12.26,57.11,42.6,13.09,22.52,109.0,60.52,18.07,,24.0,19.06
2023-11-14 07:00:00,15.76,57.12,30.65,75.65,38.02,13.62,55.09,18.32,84.87,89.07,17.13,16.5,67.34,67.99,55.76,19.0,11.64,20.74,20.64,60.22,26.35,12.27,11.57,62.2,40.1,22.41,16.05,22.53,31.38,48.18,9.93,41.45,50.82,12.12,8.13,20.26,22.19,29.6,14.72,10.28,12.62,57.11,41.85,13.12,22.48,108.5,59.91,17.93,,23.85,19.3
2023-11-15 07:00:00,16.15,57.6,31.48,74.17,38.68,13.94,57.21,18.48,85.77,89.5,17.32,17.92,68.58,68.25,58.17,19.62,11.73,20.85,21.21,60.22,26.85,12.67,11.92,63.6,41.47,22.68,16.65,22.62,31.61,49.95,9.89,42.46,51.98,12.17,8.46,20.4,22.78,30.6,15.12,10.4,12.59,57.44,41.8,13.6,22.7,108.0,60.78,18.4,,24.5,19.52
2023-11-16 07:00:00,16.32,59.7,32.1,75.18,38.26,13.42,54.65,18.39,84.69,89.92,17.21,17.79,67.48,68.51,57.05,19.24,11.76,20.32,20.26,59.94,26.35,12.51,11.76,66.8,40.59,22.63,16.2,21.99,31.85,49.38,9.77,41.96,52.39,12.0,8.35,20.57,22.16,29.9,14.88,9.95,12.69,57.78,41.4,13.33,22.7,107.6,61.3,18.26,,24.0,19.56
2023-11-17 07:00:00,16.43,60.08,31.92,74.17,39.0,13.86,55.8,18.54,86.67,88.9,17.89,17.65,68.36,68.25,56.4,19.34,11.7,20.59,20.54,60.32,26.8,12.43,11.86,66.7,40.59,22.59,16.75,23.33,32.12,49.32,9.81,41.81,52.88,12.12,8.42,20.7,22.47,30.25,14.97,10.44,12.62,58.31,41.3,13.36,22.6,108.7,61.64,18.49,,24.0,19.55
2023-11-20 07:00:00,15.73,57.88,30.47,74.87,37.79,13.19,53.86,17.92,82.43,85.58,17.0,16.68,65.95,66.62,55.36,18.76,11.24,19.76,19.83,60.32,25.44,12.15,11.32,62.7,39.27,22.0,15.7,23.12,30.91,49.7,9.56,41.24,51.56,11.78,7.92,20.13,21.32,28.7,14.41,10.11,12.05,56.85,38.5,12.98,20.45,105.7,60.08,17.47,,22.55,19.0
2023-11-21 07:00:00,15.9,59.12,31.7,75.29,38.35,13.66,55.8,18.32,85.32,88.3,17.42,17.05,67.34,67.57,56.08,19.83,11.58,20.44,20.83,60.5,26.31,12.31,11.6,64.9,40.59,22.45,16.5,24.21,31.47,50.4,9.68,41.89,51.98,11.91,8.2,20.26,22.78,29.55,14.81,10.77,12.41,57.18,39.75,13.02,21.52,106.0,60.25,18.12,,22.9,19.18
2023-11-22 07:00:00,15.8,57.98,31.88,77.97,38.16,13.94,58.27,18.11,86.22,89.67,17.53,17.05,67.27,67.74,56.16,19.63,11.58,20.44,20.68,59.84,26.39,12.43,11.57,64.7,39.9,22.45,16.25,23.49,31.52,51.03,9.68,42.1,51.89,11.78,8.13,20.31,22.57,29.3,14.6,10.6,12.3,57.31,39.4,13.02,21.48,106.9,60.34,18.16,,22.7,19.2
2023-11-23 07:00:00,15.94,57.41,31.92,77.13,38.35,14.26,58.71,18.26,87.48,87.79,17.84,17.65,68.29,67.82,56.56,19.88,11.52,20.66,20.83,60.32,26.85,12.35,11.54,65.5,39.12,22.77,17.7,23.75,31.75,51.41,9.68,42.18,52.3,11.91,8.2,20.04,23.06,29.15,14.74,10.77,12.41,57.58,39.35,13.15,21.0,108.5,60.6,18.21,,22.9,19.3
2023-11-24 07:00:00,15.66,55.97,31.19,72.36,37.88,13.42,54.12,17.92,84.69,87.88,17.05,17.19,66.46,66.11,55.76,18.85,11.18,19.68,19.69,60.22,25.98,12.03,11.41,63.4,37.07,22.18,17.4,22.57,31.1,50.9,9.48,41.45,49.76,11.61,8.02,20.13,21.7,28.4,14.34,10.07,12.3,56.78,39.0,12.81,20.68,105.9,59.56,17.7,,22.55,18.8
2023-11-27 07:00:00,15.48,55.3,31.66,74.45,37.74,13.46,55.18,18.2,86.49,88.99,17.21,17.14,66.9,66.62,55.36,19.15,11.36,20.06,19.88,60.12,25.98,12.07,11.38,62.0,37.65,22.05,17.65,22.95,31.1,50.96,9.43,41.24,51.4,11.52,7.95,19.91,22.19,28.2,14.15,10.11,12.23,57.11,39.1,12.81,20.65,106.3,59.3,17.79,,22.6,18.7
2023-11-28 07:00:00,15.37,56.45,31.89,73.11,37.22,13.11,52.97,17.99,85.05,88.22,17.13,16.82,66.46,65.59,53.76,18.95,11.18,19.98,19.6,60.03,25.77,11.79,11.22,60.9,37.21,21.55,17.35,22.16,31.1,49.7,9.35,41.52,53.04,11.22,7.84,19.96,21.53,27.5,13.84,9.86,12.01,56.78,39.8,12.58,20.92,106.4,59.13,17.75,,22.6,18.55
2023-11-29 07:00:00,15.44,56.93,31.89,73.28,37.94,13.46,55.09,17.99,85.59,86.94,17.21,16.68,67.05,65.77,54.96,19.24,11.18,20.21,20.16,60.22,25.9,11.95,11.35,61.5,37.31,21.91,17.5,22.57,31.52,50.46,9.39,41.31,53.37,11.44,7.92,20.26,21.88,28.05,14.12,9.99,12.08,56.71,41.05,12.81,21.2,106.8,59.47,17.93,,22.9,18.77
2023-11-30 07:00:00,15.48,55.87,31.89,73.53,37.94,13.58,54.74,18.05,86.49,88.47,17.21,16.68,66.9,66.79,56.16,19.34,11.12,20.51,20.59,60.41,26.1,12.15,11.38,62.2,38.0,21.82,18.1,22.87,33.15,50.33,9.43,41.6,54.11,11.4,7.92,20.18,21.95,27.8,14.05,10.07,12.08,56.51,41.2,12.81,21.25,106.0,59.39,17.75,,23.1,18.9
2023-12-01 07:00:00,15.55,55.58,31.8,72.78,37.98,13.54,55.09,18.15,85.86,88.39,17.29,17.0,67.48,66.02,56.4,19.54,11.15,20.28,20.45,57.18,26.27,12.23,11.38,61.0,37.9,21.95,17.75,22.87,32.68,50.9,9.39,41.38,53.46,11.35,7.88,19.78,22.02,27.5,13.98,10.23,12.3,56.38,41.3,12.81,21.02,104.5,59.04,17.75,,22.65,18.86
2023-12-04 07:00:00,15.48,56.16,32.3,73.62,38.27,13.58,56.15,18.15,87.03,88.13,17.42,17.0,67.78,66.71,56.64,19.88,11.27,20.59,21.02,59.84,26.27,12.27,11.35,61.5,38.05,21.73,18.05,22.91,33.24,51.34,9.39,41.45,53.46,12.0,7.92,20.0,22.85,27.6,14.08,10.19,12.37,56.71,40.95,13.05,21.05,105.7,59.47,17.84,,22.9,18.83
2023-12-05 07:00:00,15.66,59.06,32.54,77.72,38.51,14.1,57.83,18.25,88.21,88.99,18.05,17.28,68.66,67.74,56.97,20.17,11.42,20.81,21.06,58.89,27.05,12.23,11.51,62.3,39.07,22.18,18.4,23.75,32.82,51.03,9.56,42.25,53.87,12.0,8.1,20.0,23.37,28.15,14.29,10.52,12.44,57.11,41.5,13.09,21.48,105.8,59.73,18.03,,23.0,19.15
2023-12-06 07:00:00,15.55,65.55,32.42,76.04,38.13,14.02,56.86,18.18,87.58,88.64,17.74,17.1,69.54,67.74,56.48,20.22,11.49,20.63,21.21,58.7,26.72,12.23,11.51,61.4,39.12,22.63,18.25,23.41,32.92,50.4,9.52,42.82,52.63,11.95,7.99,19.96,23.16,27.7,14.17,10.32,12.33,56.65,40.5,13.09,21.25,105.7,59.13,17.79,,22.85,18.96
2023-12-07 07:00:00,15.66,65.55,32.99,76.79,38.37,14.38,58.36,18.36,88.48,88.05,17.89,17.46,69.61,68.08,56.56,20.32,11.55,20.93,21.54,58.8,26.68,12.59,11.57,62.2,40.15,22.72,18.25,24.21,33.34,50.9,9.56,42.46,54.2,11.91,8.02,19.96,23.34,28.3,14.43,10.69,12.62,56.91,40.45,13.15,21.4,103.8,59.73,17.93,,22.95,19.08
2023-12-08 07:00:00,15.73,62.45,33.19,76.21,38.03,13.98,58.71,18.53,87.3,87.79,17.63,17.6,69.02,66.97,56.16,19.73,11.55,21.04,21.21,59.27,26.18,12.79,11.64,63.5,39.9,22.63,17.6,24.12,32.73,49.76,9.6,41.89,54.28,11.74,8.02,20.0,22.71,28.7,14.57,10.56,12.62,56.58,39.7,13.15,21.3,105.7,59.39,18.16,,22.8,19.19
2023-12-11 07:00:00,15.76,63.03,34.34,77.21,37.94,13.9,56.94,18.49,88.66,87.11,17.68,17.65,69.9,67.39,56.48,19.68,11.61,20.97,20.92,60.03,26.23,13.07,11.6,66.8,41.66,22.54,17.6,23.95,33.43,49.7,9.68,42.75,54.03,11.61,8.02,19.91,22.64,28.3,14.62,10.73,12.59,56.45,40.15,13.22,21.62,104.3,61.21,18.03,,23.45,19.25
2023-12-12 07:00:00,15.76,62.94,33.93,76.46,38.37,13.9,56.33,18.46,88.3,85.41,17.76,17.51,69.83,67.14,56.56,19.98,11.61,20.81,20.64,59.84,25.98,12.95,11.57,67.7,41.57,22.36,17.85,23.37,33.2,50.9,9.64,42.39,53.87,11.74,8.1,19.96,22.78,27.95,14.57,10.65,12.55,56.25,41.0,13.15,22.02,104.4,60.78,17.93,,23.7,19.24
2023-12-13 07:00:00,15.8,62.16,34.26,76.63,38.41,13.86,56.68,18.63,87.85,86.09,18.05,17.74,71.29,67.05,56.64,19.88,11.61,21.27,20.64,59.74,25.98,12.79,11.64,66.5,41.86,22.45,17.85,22.78,32.96,50.78,9.6,42.75,53.62,11.7,8.1,19.96,22.85,28.0,14.72,10.65,12.55,55.92,41.2,13.09,22.05,104.8,60.43,17.89,,23.65,19.3
2023-12-14 07:00:00,15.73,61.77,34.05,75.71,38.89,13.78,55.71,18.49,86.76,85.58,17.79,17.65,70.12,65.94,55.76,19.68,11.64,20.85,20.16,59.74,25.85,12.51,11.57,66.3,41.18,21.95,17.2,22.41,32.59,50.9,9.48,41.96,52.96,11.52,7.95,19.91,22.57,27.7,14.55,10.52,12.33,55.78,41.1,13.09,21.98,105.2,59.39,17.75,,23.25,19.26
2023-12-15 07:00:00,15.87,61.0,33.89,75.04,38.46,13.42,54.83,18.18,85.77,85.24,17.42,17.0,70.41,65.94,54.72,19.39,11.67,20.51,19.88,59.84,25.19,12.51,11.51,65.0,40.69,22.14,16.3,21.91,32.12,50.33,9.39,41.31,51.89,11.35,7.88,19.87,22.29,27.1,14.43,10.28,12.26,55.78,40.45,12.85,21.85,105.3,59.47,17.56,,22.85,19.03
2023-12-18 07:00:00,15.94,59.55,33.56,74.54,37.89,13.23,54.74,18.18,84.87,85.49,17.21,16.77,70.19,65.17,54.72,19.44,11.76,20.36,19.74,59.65,25.07,12.51,11.51,63.2,40.05,21.64,16.95,21.99,31.94,50.02,9.31,41.31,51.73,11.31,7.88,19.91,22.12,27.1,14.46,10.36,12.19,54.99,40.2,12.81,21.85,104.9,59.13,17.24,,22.65,19.04
2023-12-19 07:00:00,16.01,58.09,33.52,73.7,37.41,13.07,56.15,17.91,85.62,85.24,17.24,16.54,68.73,64.31,55.2,19.0,11.36,20.13,19.74,59.46,24.95,12.23,11.48,62.9,38.63,21.64,16.4,21.99,31.66,50.27,9.19,40.66,50.91,11.27,7.73,19.74,22.05,26.3,14.17,10.73,12.12,54.12,39.9,12.54,21.65,105.0,58.26,16.73,,22.65,18.77
2023-12-20 07:00:00,16.18,59.06,34.26,74.03,37.6,13.23,56.5,18.05,85.99,85.15,17.32,16.82,69.02,64.74,54.96,19.2,11.7,20.59,20.5,59.74,24.86,12.19,11.57,62.8,39.76,21.46,16.8,22.24,31.66,50.21,9.35,40.73,51.15,11.31,7.81,19.74,22.33,26.7,14.31,10.65,12.19,53.92,39.85,12.81,21.48,104.3,58.17,16.92,,22.9,18.99
2023-12-21 07:00:00,16.29,58.58,33.44,77.38,37.7,13.11,56.15,18.12,85.34,83.87,17.21,16.82,69.24,64.31,55.12,19.24,11.52,20.51,20.16,59.74,24.62,12.27,11.54,63.0,41.27,21.37,16.6,21.91,31.66,50.9,9.35,40.44,50.58,11.48,7.73,19.91,22.26,26.75,14.31,10.77,12.19,53.79,39.7,12.71,21.5,104.0,58.95,16.82,,22.9,18.93
2023-12-22 07:00:00,16.29,59.16,34.18,78.3,37.7,13.27,56.5,18.18,84.87,83.87,17.29,16.82,69.54,64.22,54.56,19.59,11.58,20.59,20.59,59.84,24.82,12.23,11.57,64.0,41.52,21.59,16.65,22.16,31.75,53.11,9.39,40.95,50.99,11.35,7.77,19.91,22.47,26.6,14.41,10.89,12.19,53.72,40.2,12.81,21.6,105.5,58.87,16.82,,22.95,19.0
2023-12-25 07:00:00,16.32,59.26,34.75,85.33,37.31,13.11,57.83,18.22,84.5,84.81,17.05,16.91,69.46,64.05,55.12,19.83,11.7,20.55,20.5,59.84,24.82,12.55,11.7,63.2,41.42,21.09,16.6,22.57,31.52,53.11,9.35,40.3,50.5,11.4,7.77,19.91,22.47,27.25,14.55,10.81,12.19,53.72,40.3,12.81,21.55,106.7,58.69,16.87,,22.85,18.95
2023-12-26 07:00:00,16.43,59.93,35.32,87.84,37.5,13.35,58.18,18.43,85.99,86.34,17.24,16.87,70.63,65.77,58.57,19.78,11.86,20.74,20.78,59.74,25.15,12.55,11.73,66.9,41.62,21.82,17.0,23.24,32.22,53.49,9.35,40.66,51.24,11.44,7.84,19.96,22.64,27.6,14.57,10.93,12.33,54.45,41.5,12.98,21.7,108.0,59.3,17.1,,23.35,19.2
2023-12-27 07:00:00,16.29,60.22,34.99,88.51,37.84,13.42,61.8,18.39,88.14,85.92,17.47,16.87,71.29,65.51,58.17,19.83,11.86,21.08,20.97,60.22,25.32,12.63,11.8,66.2,41.76,21.64,16.9,23.33,32.31,54.0,9.39,40.37,51.73,11.48,7.81,20.0,22.88,27.5,14.57,10.85,12.26,55.05,42.0,13.02,21.82,108.1,59.48,17.1,,23.3,19.25
2023-12-28 07:00:00,16.36,60.61,35.16,88.76,37.94,13.31,61.8,18.43,87.76,86.85,17.53,16.87,71.0,65.51,57.61,19.88,11.86,21.0,21.25,60.22,25.32,12.59,11.73,67.1,41.91,21.41,16.75,23.12,32.03,53.81,9.31,40.95,51.48,11.4,7.84,19.96,22.82,27.45,14.6,10.93,12.48,54.92,42.1,13.12,21.8,107.8,59.04,17.1,,23.25,19.16
2023-12-29 07:00:00,16.78,60.71,34.91,88.59,37.94,13.42,60.56,18.67,87.39,86.26,17.4,16.91,70.71,65.34,58.09,19.98,11.98,21.16,21.49,59.74,25.36,12.51,11.86,67.1,42.25,21.82,16.7,23.24,32.12,53.43,9.31,41.16,51.81,11.44,7.88,20.88,22.88,27.65,14.97,10.93,12.55,55.45,44.05,13.43,22.32,108.0,60.09,17.38,,23.65,19.44
2024-01-02 07:00:00,16.81,60.52,35.48,86.42,37.84,13.82,60.74,18.63,88.23,88.64,17.42,17.0,70.92,64.99,56.81,20.95,12.35,21.27,21.77,60.7,25.94,12.59,11.92,67.7,42.15,22.27,17.2,23.37,32.22,55.14,9.35,41.52,52.55,11.4,7.92,21.06,22.92,28.0,15.07,10.89,12.59,55.05,43.3,13.39,22.48,108.0,59.65,17.75,,23.5,19.51
2024-01-03 07:00:00,17.2,59.74,35.48,91.02,37.84,13.62,59.77,18.67,86.92,93.76,17.82,16.96,69.97,64.74,57.77,20.42,12.29,20.74,20.92,59.65,25.48,12.87,11.95,68.0,41.47,22.27,16.7,22.41,32.17,54.06,9.31,41.52,52.39,11.4,7.95,21.1,22.47,27.75,15.07,10.69,12.44,55.45,42.6,13.5,21.75,107.0,59.83,17.42,,23.0,19.38
2024-01-04 07:00:00,17.69,59.16,35.89,89.68,38.32,13.98,62.86,18.98,87.86,94.27,17.84,17.42,70.49,65.17,58.09,21.0,12.38,21.04,21.44,60.03,25.44,12.99,12.21,69.0,42.25,22.63,16.9,23.03,32.5,54.38,9.48,41.81,52.39,11.44,8.2,20.57,22.92,28.6,15.4,10.73,12.62,56.12,43.55,13.77,22.08,107.9,60.44,17.7,,23.25,19.69
2024-01-05 07:00:00,17.76,58.97,35.73,87.34,38.46,13.78,61.8,19.73,89.82,92.48,17.79,17.46,71.22,66.02,57.29,21.0,12.6,21.0,21.25,59.84,25.56,13.39,12.82,68.2,42.25,22.5,16.85,22.95,32.82,53.49,9.48,41.67,52.56,11.48,8.35,20.75,23.48,29.0,15.64,10.77,12.91,57.04,43.45,13.9,22.08,107.9,60.61,17.89,,23.55,20.0
2024-01-08 07:00:00,18.04,58.58,36.63,87.0,38.37,13.86,61.8,20.24,89.54,92.31,17.76,17.56,71.29,66.28,57.13,21.49,12.69,21.16,21.25,59.84,25.9,13.27,13.13,68.0,43.33,22.32,17.05,23.33,32.78,52.86,9.39,41.45,52.14,11.4,8.46,20.79,23.93,29.6,15.83,10.89,13.13,57.31,43.2,14.25,22.22,107.8,60.35,17.84,,23.35,20.05
2024-01-09 07:00:00,17.73,58.19,38.43,88.67,38.32,14.85,61.27,20.31,87.67,91.88,17.63,17.42,71.22,65.85,57.93,21.15,12.69,21.12,21.16,59.94,25.85,13.31,13.23,66.7,42.2,22.36,17.4,23.66,32.96,53.37,9.43,40.73,52.22,11.48,8.5,20.4,23.75,29.2,16.06,10.93,12.98,57.64,43.15,14.31,22.15,106.4,59.65,17.79,,23.7,19.86
2024-01-10 07:00:00,17.69,57.42,37.65,86.67,38.46,14.69,61.45,20.59,87.3,92.05,17.92,17.23,70.78,65.34,57.53,20.86,12.69,20.97,20.73,59.84,25.44,13.11,13.29,66.2,41.76,22.63,17.05,23.83,32.4,54.19,9.52,40.66,51.88,12.0,8.5,20.66,23.58,29.1,16.32,11.1,12.84,58.31,43.0,14.25,21.95,106.7,59.56,17.66,,23.35,20.04
2024-01-11 07:00:00,17.83,56.93,38.59,87.17,38.8,14.41,59.77,21.34,86.27,91.37,17.74,17.79,69.32,64.91,57.77,21.1,12.78,20.78,20.64,60.13,24.86,13.15,13.33,66.4,41.32,23.04,16.9,23.24,32.45,54.95,9.43,40.3,51.21,11.74,8.79,20.62,23.44,29.7,16.2,10.85,13.34,59.44,42.5,14.35,21.8,105.9,59.04,18.3,,23.35,20.14
2024-01-12 07:00:00,17.66,58.48,37.53,87.67,40.23,14.65,60.04,21.14,85.52,91.03,17.45,17.92,69.39,65.25,57.37,20.51,12.84,20.7,20.64,59.65,24.86,12.95,13.07,66.0,40.93,23.54,16.65,22.87,33.06,54.5,9.72,40.22,51.72,11.87,8.64,20.79,23.34,29.3,15.99,10.69,13.24,58.51,41.8,14.28,21.75,105.6,59.13,17.98,,23.3,19.99
2024-01-15 07:00:00,18.25,57.9,37.65,89.09,39.95,14.61,59.68,21.65,85.43,91.29,17.16,18.2,69.54,64.74,56.4,20.07,12.94,20.59,20.68,59.65,24.82,13.55,13.71,65.3,41.62,23.4,16.5,23.12,32.59,53.75,9.56,39.79,51.38,11.65,9.0,20.66,23.61,30.1,16.39,10.65,13.52,59.1,41.8,14.38,21.75,105.3,58.78,18.3,,23.25,20.11
2024-01-16 07:00:00,17.83,57.71,37.65,89.68,39.28,14.1,58.27,21.31,85.34,89.67,17.19,17.69,69.32,64.74,55.52,20.03,12.94,20.51,20.45,59.55,24.53,13.19,13.68,65.6,41.96,23.27,16.2,22.24,32.22,53.43,9.43,39.94,50.96,11.7,8.75,20.31,22.92,29.75,16.11,10.52,13.13,59.1,41.6,14.38,21.5,104.5,58.6,17.84,,22.95,20.05
2024-01-17 07:00:00,17.87,57.51,38.06,90.43,38.99,14.57,60.3,21.31,86.74,90.35,17.37,18.02,69.97,65.17,55.6,20.47,12.97,21.08,21.73,59.84,24.53,13.35,13.77,67.1,43.33,23.54,16.45,23.12,32.54,54.82,9.52,40.15,50.87,11.95,8.86,20.18,23.27,29.9,16.13,10.77,13.38,59.1,42.65,14.65,21.58,105.4,59.04,17.98,,23.1,20.07
2024-01-18 07:00:00,17.87,57.9,38.3,90.35,39.28,14.65,60.12,21.38,85.62,89.16,17.5,17.74,70.05,64.48,55.84,20.71,12.88,20.97,21.44,59.45,24.95,13.59,13.64,66.4,43.91,23.36,16.4,23.41,32.4,56.02,9.43,40.59,51.13,11.91,8.71,20.35,23.48,29.75,16.18,10.81,13.24,60.37,42.25,14.59,21.5,104.6,58.86,17.93,,23.3,20.12
2024-01-19 07:00:00,18.11,58.38,39.16,90.01,39.42,14.57,60.92,21.75,86.27,90.26,17.47,17.92,70.27,64.74,55.84,20.61,12.84,21.0,21.54,59.84,25.9,13.95,13.9,66.7,44.99,23.27,16.55,23.58,32.5,56.28,9.48,40.22,52.05,11.87,8.82,20.31,23.61,30.0,16.34,10.85,13.31,60.43,43.35,14.73,21.68,104.3,58.95,18.07,,23.6,20.38
2024-01-22 07:00:00,18.39,59.35,40.84,90.18,39.71,14.53,61.01,22.34,85.62,90.43,17.4,18.38,70.85,65.94,55.12,20.95,12.97,21.19,21.39,60.03,25.94,13.98,14.22,68.5,45.09,23.58,16.4,23.08,32.5,55.77,9.6,40.8,51.88,11.74,8.93,20.4,23.54,30.5,16.68,10.69,13.42,62.09,43.35,14.83,21.75,105.0,59.48,18.35,,24.0,20.41
2024-01-23 07:00:00,18.43,59.84,40.47,94.53,39.47,14.65,59.95,22.41,84.87,90.52,17.26,18.38,70.34,65.51,55.28,20.47,13.09,21.53,21.87,59.74,25.77,13.87,14.09,67.8,45.14,23.63,17.3,23.62,32.36,55.77,9.56,40.51,51.3,11.74,8.82,20.48,23.61,30.35,16.77,10.65,13.45,61.16,43.05,14.8,21.7,105.6,59.74,18.35,,23.95,20.52
2024-01-24 07:00:00,18.29,61.0,39.65,92.94,39.09,14.49,60.04,21.92,83.66,91.63,17.19,18.11,70.12,65.25,56.24,20.37,12.97,21.42,21.63,59.84,25.65,13.75,13.93,67.0,44.21,23.4,17.0,23.2,32.45,56.84,9.48,41.09,50.79,11.61,8.79,20.31,23.44,30.45,16.65,10.69,13.38,60.83,42.35,14.69,21.6,105.0,59.3,18.21,,23.75,20.44
2024-01-25 07:00:00,18.15,59.64,39.98,91.02,39.13,14.38,59.86,21.96,83.01,91.97,17.16,18.11,69.61,64.99,56.56,20.42,13.06,21.38,21.68,59.74,25.52,13.83,14.0,66.4,43.28,23.09,16.75,23.24,32.36,56.46,9.43,40.8,50.79,11.7,8.9,20.4,23.65,31.0,16.65,10.65,13.2,60.5,42.5,14.66,21.55,104.8,58.95,18.16,,23.95,20.36
2024-01-26 07:00:00,18.15,59.93,39.57,87.75,38.99,14.53,60.04,22.03,81.89,91.97,16.98,18.11,69.9,65.17,56.24,20.51,13.0,21.5,21.92,59.74,25.9,13.95,13.96,67.0,44.01,22.91,16.6,23.2,32.22,56.59,9.43,40.51,49.7,11.65,8.93,20.18,23.72,30.7,16.56,10.52,13.13,60.83,42.2,14.48,21.35,104.5,58.6,18.21,,23.95,20.3
2024-01-29 07:00:00,18.6,60.42,39.98,87.17,39.23,14.53,59.77,22.03,83.01,91.2,17.4,17.92,70.19,64.57,56.32,21.1,13.15,21.46,22.2,59.94,25.81,13.87,14.03,66.0,43.96,23.13,16.65,24.0,32.12,56.91,9.48,40.59,48.26,11.65,9.0,20.31,23.75,30.3,16.75,10.73,13.2,60.96,42.3,14.62,21.4,105.9,58.69,18.26,,23.75,20.4
2024-01-30 07:00:00,18.29,60.13,39.9,87.84,39.56,14.57,61.1,22.2,83.85,91.8,17.63,17.65,70.19,65.25,56.32,21.98,13.25,21.19,21.63,59.74,25.65,14.06,14.12,65.6,43.62,23.18,16.4,23.58,32.31,57.73,9.48,40.66,48.85,11.61,8.93,20.18,23.51,30.35,16.58,11.14,13.09,60.56,41.8,14.62,21.32,105.9,58.86,18.16,,23.3,20.35
2024-01-31 07:00:00,18.32,63.42,39.65,87.67,39.56,14.81,61.36,22.27,84.59,91.97,17.58,17.79,69.97,65.59,55.92,22.57,13.49,21.16,21.73,59.07,25.69,14.22,14.19,66.5,44.7,23.72,17.0,23.87,32.36,57.86,9.56,40.95,48.26,11.82,8.86,20.26,23.82,30.75,16.63,11.14,13.31,60.17,42.05,14.73,21.35,105.6,58.78,18.16,,23.5,20.39
2024-02-01 07:00:00,18.04,62.35,38.84,87.75,38.99,14.38,59.95,21.58,84.13,87.88,17.16,17.23,70.19,64.74,54.64,21.93,13.46,21.0,21.49,59.45,25.36,14.14,13.84,64.4,44.01,23.27,16.75,23.41,32.12,57.86,9.39,40.44,47.5,11.61,8.42,20.0,23.93,29.9,16.27,10.85,12.88,58.44,41.35,14.55,21.22,104.6,58.78,17.89,,22.5,20.11
2024-02-02 07:00:00,18.22,63.03,38.67,90.01,39.52,14.49,59.86,21.96,84.97,91.2,17.37,17.14,73.34,65.08,55.52,23.93,13.46,20.97,21.68,59.55,25.19,14.26,13.96,65.6,45.48,23.27,16.7,23.75,32.4,58.11,9.43,39.94,48.52,11.57,8.46,20.0,24.24,29.95,16.06,11.26,12.91,59.17,41.5,14.45,21.18,105.7,59.04,17.7,,22.6,20.31
2024-02-05 07:00:00,18.43,62.55,38.51,88.67,39.32,14.73,59.06,21.79,84.78,89.84,17.32,17.0,74.66,64.48,55.36,24.23,13.8,21.12,21.77,59.26,25.32,14.1,13.87,65.4,46.46,23.04,17.0,24.92,32.22,58.11,9.39,39.94,48.18,11.48,8.28,20.04,24.17,30.0,16.27,11.18,12.62,59.9,41.4,14.27,21.1,104.8,58.95,17.42,,22.35,20.23
2024-02-06 07:00:00,19.55,61.48,39.9,91.27,39.37,14.73,57.12,23.33,84.69,89.84,17.47,17.37,75.83,64.74,55.36,24.47,13.99,21.31,21.92,59.55,25.48,14.54,14.66,65.3,46.46,23.13,17.0,25.0,32.22,57.48,9.35,40.08,48.01,11.44,8.6,20.26,24.41,30.8,16.84,11.3,13.16,59.97,41.4,15.08,21.12,105.5,59.56,17.84,,21.85,20.67
2024-02-07 07:00:00,19.55,61.77,39.9,89.01,39.37,14.65,59.06,23.61,89.54,90.35,17.58,17.23,76.64,64.91,55.52,24.62,14.24,21.23,21.87,59.45,25.85,14.42,14.73,65.0,45.92,23.09,17.3,25.04,32.31,57.6,9.39,40.8,48.26,11.4,8.42,20.22,24.31,30.75,16.91,11.14,13.06,59.77,41.05,15.15,21.15,104.7,59.13,17.89,,21.7,20.7
2024-02-15 07:00:00,19.69,62.45,40.02,89.59,39.47,14.69,58.98,24.43,90.19,91.46,17.89,17.33,77.0,64.99,56.16,24.81,14.6,21.42,22.2,60.03,25.85,14.66,15.11,65.0,45.92,23.22,17.5,25.21,32.5,57.98,9.43,40.88,48.77,11.52,8.53,20.44,24.45,31.2,17.71,11.06,13.45,59.77,42.15,15.43,21.25,105.4,59.13,18.12,,22.05,20.95
2024-02-16 07:00:00,19.31,61.68,40.06,87.84,39.85,15.37,59.59,24.22,88.98,91.2,17.84,17.56,76.12,64.91,55.76,24.32,14.58,21.76,22.15,60.03,25.98,14.5,15.37,65.1,45.38,23.4,17.5,24.96,32.87,57.48,9.48,42.1,49.27,11.44,8.71,20.53,24.55,31.3,18.19,11.22,13.63,59.7,42.15,15.64,21.28,104.5,59.3,18.44,,22.1,20.98
2024-02-19 07:00:00,19.45,61.68,39.86,87.42,40.91,15.29,58.62,24.09,89.63,90.78,17.92,17.42,77.22,66.11,56.24,26.33,14.39,21.69,22.1,60.13,25.94,14.22,15.3,66.5,45.48,23.45,17.7,24.92,32.92,57.29,9.52,42.61,48.85,11.57,8.71,20.48,24.31,30.95,18.21,11.26,13.63,59.7,43.0,15.57,22.15,105.9,62.01,18.35,,22.7,21.1
2024-02-20 07:00:00,19.31,62.35,40.47,87.84,41.38,15.4,58.53,24.22,90.0,92.14,18.39,17.37,77.0,68.17,56.97,26.28,14.39,22.1,22.06,60.9,25.94,14.1,15.21,69.7,45.92,24.13,17.55,24.62,33.99,56.09,9.97,42.82,49.1,11.74,8.71,20.35,24.76,30.7,18.33,11.18,13.52,59.83,46.0,15.46,24.0,105.0,62.71,18.21,,24.75,21.39
2024-02-21 07:00:00,19.31,61.77,40.68,87.0,40.95,15.17,60.92,24.19,94.2,95.21,18.24,17.23,76.12,67.39,57.69,27.6,14.54,22.03,21.82,60.9,26.27,14.22,15.21,68.8,45.67,24.08,17.7,24.71,33.52,56.15,9.81,42.46,49.7,11.65,8.64,20.13,24.52,31.0,18.31,11.1,13.52,60.9,46.1,15.78,24.28,104.3,62.54,18.12,,25.6,21.43
2024-02-22 07:00:00,19.45,63.81,40.72,89.09,40.76,15.21,60.56,24.5,94.85,93.42,18.37,17.28,77.51,66.88,57.69,27.45,14.51,21.72,21.49,60.9,26.85,14.14,15.3,68.1,45.28,23.68,17.35,24.66,33.24,55.64,9.77,43.55,48.94,11.57,8.71,20.22,24.2,31.4,18.42,11.1,14.07,60.17,45.1,15.71,23.62,103.2,62.36,18.3,,25.8,21.48
2024-02-23 07:00:00,19.45,63.13,40.72,93.61,40.47,15.29,60.74,24.57,94.66,93.25,18.16,17.19,77.22,66.97,57.69,27.45,14.14,21.61,21.39,61.29,26.93,14.1,15.3,68.3,44.31,23.68,17.1,24.33,33.38,56.84,9.77,43.11,48.85,11.82,8.79,20.26,24.03,31.15,19.25,11.02,14.14,59.44,45.0,15.78,23.98,103.8,62.8,18.21,,26.4,21.43
2024-02-26 07:00:00,19.17,61.29,43.17,97.04,40.19,14.53,58.27,24.16,94.2,92.31,17.74,16.87,76.05,65.59,56.16,26.86,13.9,21.5,20.97,60.9,26.23,13.67,15.24,66.7,43.03,23.09,16.8,23.41,32.54,55.52,9.52,42.54,48.18,11.52,8.6,20.09,23.68,30.65,18.99,10.56,13.74,59.04,43.45,15.36,22.68,103.9,62.1,18.07,,25.45,21.15
2024-02-27 07:00:00,19.45,61.48,43.91,99.55,40.33,14.69,58.45,24.5,102.13,92.74,18.03,16.73,79.42,65.59,60.34,28.23,14.02,21.87,21.35,61.19,26.39,13.83,15.33,66.7,43.72,23.22,16.95,23.7,32.87,56.28,9.6,42.46,47.67,11.48,8.57,20.18,24.48,30.6,19.56,10.77,13.81,59.5,43.75,15.43,22.4,104.8,62.28,17.89,,26.7,21.3
2024-02-28 07:00:00,19.41,61.97,43.5,98.96,40.67,14.89,59.59,24.98,104.18,93.08,18.31,16.82,79.05,66.88,59.61,28.23,14.02,23.01,21.77,61.19,27.13,13.87,15.53,68.0,44.01,23.54,17.15,24.16,33.43,56.97,9.81,42.97,47.59,11.57,8.68,19.96,25.07,30.85,19.86,10.85,13.88,60.43,44.45,15.46,22.95,103.5,63.32,17.93,,26.8,21.51
2024-02-29 07:00:00,19.73,61.48,44.07,95.03,40.91,14.73,59.5,24.84,103.15,93.59,18.52,16.91,79.2,67.31,60.5,28.23,14.33,23.27,21.73,61.1,26.89,13.87,15.62,69.4,45.38,23.45,17.0,24.0,33.8,57.29,9.85,44.2,48.85,11.48,8.71,20.22,25.28,31.6,20.05,10.81,14.43,65.41,44.55,15.71,23.0,103.6,63.5,18.58,,27.65,21.79
2024-03-01 07:00:00,19.66,61.39,43.58,97.71,41.05,14.73,58.98,24.5,105.39,93.67,18.24,16.73,79.93,66.71,61.3,27.94,14.39,23.62,21.49,61.19,28.83,13.63,15.37,70.4,45.53,23.27,17.15,24.46,33.52,57.16,9.64,44.2,49.53,11.4,8.6,20.0,25.98,31.75,19.7,10.73,14.32,65.21,43.7,15.32,22.5,103.8,63.06,18.4,,26.6,21.9
2024-03-04 07:00:00,19.52,62.35,43.82,96.12,40.95,15.21,63.39,24.43,107.72,92.91,18.63,16.82,81.25,66.71,65.47,28.96,14.39,23.46,22.1,61.1,29.08,13.63,15.37,70.7,45.58,23.77,17.5,24.66,33.94,60.51,9.81,44.99,49.44,11.52,8.68,20.22,26.25,32.1,19.72,10.97,14.35,65.08,44.05,15.43,22.65,103.5,62.8,18.3,,26.5,21.87
2024-03-05 07:00:00,19.52,63.52,43.74,95.37,41.19,15.21,63.57,24.7,103.99,93.16,18.47,16.82,81.54,66.88,64.51,28.82,14.39,23.31,22.2,61.19,29.7,13.79,15.43,71.2,46.55,23.9,17.5,24.54,33.47,60.64,9.81,44.99,49.19,11.52,8.6,20.13,25.8,31.75,19.75,11.02,14.14,64.15,43.95,15.43,22.6,104.0,62.98,18.12,,27.0,21.94
2024-03-06 07:00:00,19.66,63.71,44.15,97.29,41.77,15.52,64.18,24.98,105.2,92.99,18.52,16.73,80.51,68.08,64.03,28.87,14.42,23.54,22.25,61.19,29.7,14.22,15.68,76.8,48.9,23.81,17.2,24.16,33.71,61.21,9.77,45.57,49.86,11.48,8.57,20.0,25.98,31.8,19.86,11.1,13.99,63.42,43.65,15.57,22.65,104.4,64.11,18.3,,26.55,22.01
2024-03-07 07:00:00,19.38,64.39,44.48,95.37,41.53,15.13,62.07,24.7,104.83,92.82,18.37,16.59,79.86,68.77,63.22,28.18,14.27,23.24,21.68,61.19,29.65,14.26,15.75,77.0,47.63,23.54,16.8,23.62,33.99,60.26,9.85,44.99,51.63,11.44,8.6,20.04,25.7,31.55,20.24,10.81,13.96,63.69,43.3,15.39,22.8,103.9,62.71,17.93,,26.0,21.94
2024-03-08 07:00:00,19.31,67.78,43.66,97.54,43.4,15.21,62.95,24.57,113.78,96.32,18.63,16.73,81.46,69.45,64.19,28.91,14.3,23.46,21.68,61.29,30.15,14.1,15.62,81.0,48.17,23.77,16.95,24.0,34.92,61.27,9.85,45.5,51.3,11.4,8.68,20.04,26.32,31.35,20.05,10.89,13.88,63.69,43.5,15.39,23.0,104.0,63.06,17.98,,26.35,22.03
2024-03-11 07:00:00,18.99,67.2,42.35,94.53,42.58,14.81,60.74,23.68,111.64,94.36,18.68,16.27,80.51,68.17,62.98,28.33,14.2,22.93,21.21,61.0,30.11,13.67,15.02,78.5,46.46,23.81,16.5,23.41,34.17,61.21,9.72,45.5,50.54,11.22,8.5,19.96,25.56,30.6,19.32,10.6,13.38,63.15,42.6,15.11,22.45,103.5,61.66,17.52,,25.4,21.69
2024-03-12 07:00:00,18.71,64.68,41.37,94.45,41.53,14.49,61.36,23.33,110.05,93.76,18.86,16.54,80.51,66.71,62.26,28.87,14.24,22.59,20.73,61.29,30.07,13.19,14.6,77.5,45.14,23.49,16.05,22.74,33.47,62.92,9.6,44.78,49.95,10.97,8.24,19.91,25.25,30.1,19.06,10.52,13.34,62.49,42.55,15.01,22.18,103.5,61.58,17.15,,24.5,21.55
2024-03-13 07:00:00,18.78,65.94,42.68,97.62,41.62,14.73,63.04,23.74,112.39,94.87,18.73,16.73,82.56,67.22,63.63,31.45,14.17,22.86,20.83,61.29,30.31,13.55,14.73,79.0,45.77,23.4,16.3,23.03,34.27,62.6,9.52,45.21,49.95,10.67,8.2,19.87,25.28,30.3,19.46,10.56,13.34,63.02,42.8,15.08,22.12,102.9,61.31,17.24,,25.2,21.4
2024-03-14 07:00:00,19.38,67.2,43.74,98.71,42.15,15.17,66.83,24.16,120.22,96.15,19.42,16.73,86.74,68.34,65.55,31.55,14.3,23.39,21.49,61.29,31.06,13.63,15.27,81.5,47.73,23.45,16.65,23.66,34.69,64.5,9.6,46.36,50.45,10.54,8.42,19.91,26.43,30.9,19.89,10.85,13.7,63.75,43.4,15.53,22.6,102.9,62.1,17.66,,26.05,21.88
2024-03-15 07:00:00,19.13,65.74,42.19,95.62,41.67,14.97,67.98,23.61,120.69,95.46,19.1,16.5,85.49,69.71,64.43,32.04,14.08,22.97,21.02,60.8,30.89,13.35,14.95,78.3,46.21,23.45,16.45,23.49,34.92,63.67,9.6,46.58,49.44,10.67,8.31,19.91,26.25,30.45,19.49,10.77,13.49,63.09,42.9,15.32,22.95,101.9,62.11,17.33,,25.7,21.8
2024-03-18 07:00:00,19.1,65.45,42.52,95.7,41.29,15.01,67.98,23.85,118.92,97.94,19.21,16.45,84.76,70.57,63.95,33.8,14.2,22.82,21.02,61.1,30.81,13.15,15.14,77.8,46.16,23.36,16.5,23.58,35.06,62.66,9.48,46.22,48.94,10.92,8.28,19.91,26.29,30.5,19.46,11.1,13.7,62.62,42.65,15.95,22.42,102.7,60.95,17.24,,25.85,21.75
2024-03-19 07:00:00,18.81,62.55,42.6,93.86,40.23,15.7,64.01,22.92,111.83,100.24,18.26,16.96,82.71,69.45,61.86,31.99,13.77,22.33,20.54,60.71,30.93,12.79,14.79,77.9,44.99,22.7,16.9,24.66,34.08,61.13,9.35,45.06,48.26,10.67,8.13,19.65,25.49,30.3,18.99,12.08,13.2,61.43,42.35,15.6,23.1,101.8,60.69,16.82,,28.5,21.3
2024-03-20 07:00:00,18.85,62.35,42.19,91.6,40.28,15.45,62.86,22.78,111.83,102.2,18.29,17.1,82.2,68.6,61.78,31.89,13.83,22.59,21.16,61.29,30.15,12.91,14.79,77.4,44.6,23.08,16.5,24.0,35.1,61.06,9.35,44.7,48.01,10.8,8.13,19.65,25.28,30.4,19.08,11.67,13.13,61.43,43.0,15.67,23.4,101.5,60.07,16.82,,26.9,21.3
2024-03-21 07:00:00,19.45,63.42,43.5,93.44,40.76,15.7,64.1,23.74,116.12,99.38,18.63,17.05,84.32,70.22,63.87,32.53,13.99,22.97,21.3,61.19,30.4,13.55,15.49,78.5,47.43,22.98,16.8,24.37,34.92,63.1,9.48,45.42,48.35,10.71,8.31,19.91,26.36,31.25,20.12,12.41,13.56,62.42,42.85,16.76,23.25,101.7,60.42,17.33,,26.7,21.8
2024-03-22 07:00:00,19.83,63.9,43.58,94.53,41.15,15.98,63.66,24.09,114.72,99.13,18.68,16.82,85.12,69.45,63.38,32.63,14.76,22.97,21.63,61.1,30.98,13.55,15.94,79.3,47.63,22.61,17.35,26.17,35.85,62.97,9.43,46.15,48.43,10.71,8.39,19.87,26.25,31.65,21.49,12.45,13.56,63.22,43.2,17.04,23.25,102.6,60.78,17.47,,27.15,22.01
2024-03-25 07:00:00,19.69,63.52,44.31,92.94,40.71,15.74,63.39,24.36,114.72,99.3,18.73,17.0,83.52,69.02,63.3,32.04,14.7,23.12,22.2,60.8,30.64,13.43,15.97,78.0,47.92,22.84,17.2,26.42,35.48,62.53,9.56,46.29,48.26,10.67,8.39,19.56,26.29,31.6,21.54,12.37,13.56,63.09,43.0,16.94,23.3,102.0,60.16,17.38,,26.5,22.06
2024-03-26 07:00:00,19.38,62.94,43.33,91.18,41.24,15.45,64.45,23.85,111.92,99.13,18.52,16.82,83.44,69.02,62.58,31.16,14.51,22.86,21.58,60.61,30.48,13.27,15.75,75.9,47.24,22.89,17.8,26.34,34.82,61.19,9.43,45.86,48.01,10.58,8.31,19.56,25.98,30.8,21.16,12.0,13.7,63.75,42.7,16.76,23.5,100.2,59.71,17.47,,26.05,21.94
2024-03-27 07:00:00,19.62,63.61,43.58,91.6,41.1,15.7,64.8,24.02,112.57,99.55,18.92,17.14,83.95,69.62,63.63,33.12,15.01,23.39,22.72,60.52,31.88,13.55,16.1,75.0,47.73,22.94,18.0,26.8,35.43,62.34,9.52,46.58,48.01,10.58,8.35,19.43,26.6,31.0,21.82,12.91,13.85,63.88,42.9,17.08,23.52,101.7,60.25,18.16,,26.35,22.08
2024-03-28 07:00:00,19.87,63.61,43.5,94.53,41.48,15.94,65.77,24.64,113.69,99.21,18.89,17.23,84.83,68.94,64.91,32.77,14.82,23.35,22.91,60.42,31.76,13.43,16.35,76.9,49.68,23.4,18.3,27.17,35.29,62.08,9.52,46.36,48.43,10.84,8.39,19.43,27.09,31.2,23.01,12.7,13.99,63.88,42.8,17.18,23.52,103.0,59.98,18.16,,26.0,22.1
2024-03-29 07:00:00,19.94,63.32,43.5,94.53,41.58,15.54,64.45,24.53,115.56,99.3,19.07,17.0,85.2,69.11,64.35,32.24,15.01,23.16,22.77,60.52,31.31,13.47,16.29,76.5,49.88,23.45,17.75,26.84,35.1,62.34,9.52,46.15,48.35,10.71,8.42,19.34,27.12,32.25,22.65,12.41,13.85,63.69,43.4,17.01,23.92,103.4,60.6,18.21,,25.95,22.43
2024-04-01 07:00:00,19.8,62.94,42.68,92.02,41.0,15.45,64.45,24.29,114.25,98.62,18.84,16.87,84.91,68.77,63.79,32.38,14.88,22.86,22.34,60.23,31.22,13.79,16.07,74.4,49.68,23.12,17.45,26.55,34.69,62.97,9.43,46.08,47.76,10.62,8.31,19.47,26.74,31.5,22.46,12.78,13.7,63.02,42.9,17.11,23.82,103.1,59.89,18.12,,25.9,22.55
2024-04-02 07:00:00,19.87,62.35,42.43,93.94,40.62,15.41,63.12,23.68,111.83,99.21,18.66,16.73,84.47,68.94,64.35,32.04,14.64,22.63,22.15,60.03,31.31,13.71,15.68,73.4,49.88,22.8,17.4,27.42,34.87,62.85,9.43,45.86,47.93,10.67,8.28,19.21,26.6,30.5,22.49,13.07,13.45,63.15,42.7,16.87,23.5,101.9,59.36,18.07,,25.7,22.38
2024-04-03 07:00:00,19.8,63.23,42.52,96.79,40.62,15.62,63.48,23.95,114.44,99.13,18.84,16.73,84.98,70.74,64.35,34.24,14.73,22.97,22.86,60.23,31.43,13.95,15.81,74.5,49.88,23.03,17.55,27.42,35.38,63.16,9.56,46.36,47.5,10.62,8.28,19.16,26.95,30.5,22.39,13.28,13.56,62.69,43.15,16.9,23.75,102.6,59.63,17.89,,25.55,22.2
2024-04-04 07:00:00,19.69,62.35,42.35,95.78,40.57,15.41,62.15,23.47,114.16,98.45,19.31,16.59,84.17,70.31,64.99,33.36,14.45,22.67,22.29,59.16,30.77,13.75,15.43,73.1,48.9,22.66,17.6,26.84,35.01,61.57,9.43,45.86,47.34,10.54,8.2,19.43,26.43,30.1,21.97,12.91,13.34,63.02,42.8,16.51,23.62,102.3,59.09,17.93,,25.8,22.18
2024-04-05 07:00:00,19.17,61.0,41.62,94.95,40.14,15.01,61.8,22.78,112.85,97.25,18.84,16.41,82.78,69.45,63.63,32.04,14.39,22.29,21.73,59.45,30.56,13.55,15.02,72.8,48.9,21.68,17.45,26.5,34.45,61.26,9.35,45.35,47.59,10.37,8.1,19.16,25.8,29.5,21.49,13.36,13.13,62.96,42.7,16.06,23.72,102.2,60.42,17.66,,25.1,21.9
2024-04-08 07:00:00,19.06,60.61,41.04,93.78,39.95,15.01,62.68,22.85,111.73,98.36,18.58,16.45,83.22,69.45,62.66,30.87,14.42,22.29,21.44,59.55,30.07,13.71,14.92,72.1,49.88,21.4,18.5,26.76,34.69,61.7,9.31,45.06,47.34,10.62,8.1,19.16,25.56,29.3,21.26,13.56,13.13,63.02,43.05,15.92,24.0,102.4,60.25,17.98,,24.8,21.81
2024-04-09 07:00:00,19.06,59.93,41.78,93.44,39.95,14.85,61.8,23.26,108.19,96.32,18.26,16.41,82.42,68.6,62.82,31.26,14.76,22.4,21.44,60.13,29.61,13.83,14.98,72.4,48.9,21.03,18.2,26.71,34.5,60.75,9.35,45.28,46.66,10.58,8.1,19.12,25.63,29.0,21.49,13.32,13.24,63.09,43.1,15.92,23.8,101.1,59.45,17.89,,23.65,21.69
2024-04-10 07:00:00,19.27,59.84,43.17,95.45,39.8,15.05,63.39,23.57,109.68,97.34,18.58,16.5,83.08,68.51,63.14,31.7,14.82,22.67,21.77,60.52,29.86,14.98,15.49,73.5,51.74,21.08,18.2,26.92,34.73,62.08,9.35,45.5,46.58,10.71,8.17,19.3,26.11,29.3,21.73,13.36,13.45,62.62,43.55,16.3,23.85,102.5,59.45,17.93,,24.25,21.88
2024-04-11 07:00:00,18.95,59.06,42.11,94.03,39.8,14.73,61.36,22.85,109.12,98.53,18.08,16.45,83.08,67.65,62.18,30.48,14.64,22.29,21.3,60.61,29.24,14.9,14.98,71.9,50.08,21.03,17.5,26.04,33.99,63.55,9.31,44.78,46.41,10.58,8.1,19.12,25.38,28.9,21.28,13.03,13.06,62.42,44.25,15.99,24.12,101.5,59.09,17.89,,23.95,21.7
2024-04-12 07:00:00,19.1,58.77,43.33,94.19,40.04,14.85,61.8,23.2,112.39,97.68,18.1,16.73,84.83,67.74,64.27,31.21,14.82,22.71,21.77,60.71,30.03,14.7,15.21,71.8,51.15,21.03,17.8,26.63,33.99,64.06,9.27,45.86,46.75,10.62,8.13,19.47,25.94,29.1,21.47,14.1,13.24,62.76,44.5,16.2,24.18,101.3,59.18,17.93,,23.95,21.85
2024-04-15 07:00:00,19.52,59.26,43.58,102.9,40.04,14.97,61.8,24.57,110.8,97.76,18.26,16.54,84.54,68.51,65.07,31.26,14.98,22.59,21.68,60.71,29.98,15.58,15.59,71.9,50.56,21.03,17.6,26.67,34.36,65.52,9.39,45.64,47.17,10.92,8.31,19.87,25.9,29.0,22.3,13.98,13.31,62.82,44.5,16.55,24.0,106.6,59.09,18.12,,23.85,21.9
2024-04-16 07:00:00,18.85,55.0,40.63,99.55,38.22,13.88,58.36,23.26,100.73,92.91,17.05,15.63,81.98,65.34,62.82,29.31,14.51,21.57,20.16,60.32,28.0,14.9,14.92,66.9,48.41,20.47,16.2,24.66,33.52,61.64,9.27,44.84,46.33,10.45,8.35,19.74,24.38,27.65,21.23,12.99,12.62,62.29,42.4,15.85,23.5,105.8,57.5,17.29,,22.4,21.7
2024-04-17 07:00:00,19.1,54.42,41.62,99.05,37.79,13.76,58.62,23.5,106.6,95.63,17.32,15.81,82.78,65.34,63.38,29.99,14.54,21.57,19.88,60.13,28.41,15.7,15.3,66.4,49.29,20.47,15.9,24.41,33.52,61.57,9.02,44.62,46.16,10.02,8.46,19.56,24.62,27.6,21.49,13.11,12.77,60.56,43.0,16.1,23.25,106.1,57.06,17.52,,22.4,21.72
2024-04-19 07:00:00,18.67,50.64,39.16,92.86,36.98,12.87,55.18,22.03,101.66,97.17,16.82,15.35,80.88,64.39,64.19,26.86,14.02,21.04,18.7,60.23,28.0,15.62,14.41,66.0,48.17,20.15,14.8,22.57,32.64,58.2,9.02,43.37,45.23,9.51,8.13,19.56,23.58,26.4,20.79,12.54,12.23,59.77,40.95,15.16,21.8,102.0,56.88,16.78,,21.65,21.06
2024-04-22 07:00:00,18.88,50.16,39.9,88.09,37.84,12.91,54.74,21.99,102.59,94.78,16.79,15.35,80.51,64.48,64.99,28.23,13.77,21.34,18.84,60.03,27.59,16.02,14.54,67.3,48.12,19.4,14.8,22.37,32.59,58.52,8.86,42.78,44.98,9.25,8.2,19.47,23.75,27.4,21.42,12.5,12.26,60.1,41.5,15.27,21.32,103.3,57.32,17.01,,21.6,20.7
2024-04-23 07:00:00,18.81,51.03,40.23,90.01,37.94,13.03,54.74,22.13,103.34,95.04,16.58,15.76,81.17,64.74,64.59,27.99,13.71,21.19,19.12,60.03,27.67,16.22,14.41,67.7,48.02,19.96,14.9,22.32,32.4,59.35,8.81,43.0,45.06,9.47,8.17,19.3,24.38,27.55,21.49,12.58,12.55,60.17,41.0,15.31,21.22,104.0,56.88,16.96,,22.2,20.94
2024-04-24 07:00:00,18.81,49.38,40.43,89.59,37.6,12.78,55.89,21.96,102.97,95.46,16.74,16.04,83.15,64.31,63.63,27.45,13.77,21.12,18.95,59.84,27.92,16.42,14.15,65.5,49.1,19.82,14.7,21.7,32.64,58.9,8.65,43.22,44.89,9.25,8.02,19.38,24.31,27.9,22.11,12.21,12.66,60.43,40.35,15.24,20.55,103.2,56.7,17.1,,22.2,20.75
2024-04-25 07:00:00,18.95,51.12,40.68,91.94,37.79,13.07,57.74,22.54,108.47,96.32,16.77,16.22,89.66,63.97,65.39,29.01,13.83,21.72,19.14,59.84,28.33,16.89,14.41,67.2,50.96,19.96,15.2,22.37,32.82,59.48,8.81,44.18,45.15,9.51,8.13,19.43,24.76,28.6,22.2,12.82,12.95,60.17,40.85,15.45,20.85,103.8,56.7,17.33,,22.35,21.21
2024-04-26 07:00:00,18.81,50.35,40.55,89.51,37.55,12.95,58.8,22.34,106.79,96.91,16.4,16.45,90.03,63.36,65.31,28.38,13.9,21.42,18.85,60.03,28.08,16.57,14.03,67.5,52.33,19.82,14.95,21.99,32.68,59.67,8.69,43.88,45.82,9.34,8.1,19.38,24.2,28.25,21.73,12.82,12.73,60.9,40.4,15.09,20.98,103.0,57.32,17.01,,22.2,21.28
2024-05-02 07:00:00,18.85,50.83,40.31,92.86,37.79,13.47,58.98,22.51,110.8,97.17,16.74,16.5,90.62,62.59,68.04,29.31,14.58,21.5,18.85,60.61,28.91,16.65,14.22,67.8,54.77,19.91,15.0,22.32,33.24,60.36,8.77,44.91,45.99,9.38,8.35,19.38,24.45,28.35,22.11,13.56,12.91,61.16,40.8,15.2,22.0,104.0,57.94,17.15,,22.45,21.5
2024-05-03 07:00:00,19.03,52.28,40.59,93.69,38.41,13.63,59.06,22.27,112.85,97.0,17.26,16.36,93.76,63.54,68.2,29.6,14.6,21.46,19.43,60.71,29.24,16.26,14.41,68.6,54.48,21.03,15.0,22.16,33.61,61.45,9.19,47.11,48.01,9.51,8.57,19.38,24.38,27.8,22.44,13.48,12.8,61.36,41.3,15.52,22.3,104.0,58.12,17.01,,22.85,21.56
2024-05-06 07:00:00,19.31,52.28,40.31,97.88,38.37,13.59,59.06,22.37,111.92,96.74,17.05,16.18,92.59,63.88,68.44,29.16,15.13,21.84,19.72,61.0,29.65,16.1,14.38,70.7,54.87,20.84,14.75,22.83,34.27,61.38,9.1,48.65,47.76,9.77,8.46,19.3,24.31,27.95,22.91,13.44,12.77,61.69,41.15,15.45,22.22,106.2,58.3,17.1,,23.5,21.58
2024-05-07 07:00:00,19.48,53.54,41.37,97.71,38.85,13.84,59.5,22.78,114.44,96.32,17.53,16.5,93.69,64.65,67.64,30.58,15.07,22.25,19.92,61.19,29.61,16.22,14.66,71.4,57.51,20.94,14.85,23.49,34.31,61.26,9.19,48.36,48.01,9.98,8.57,19.38,24.86,28.15,22.84,14.59,12.88,62.03,41.25,15.78,22.68,114.0,58.47,17.33,,23.35,21.94
2024-05-08 07:00:00,19.31,53.06,40.96,97.88,39.23,13.67,60.65,22.41,112.85,96.32,17.4,16.36,95.23,65.51,67.4,30.28,14.98,22.82,19.82,61.29,29.45,16.26,14.28,70.9,57.31,20.7,13.6,22.57,36.04,62.34,9.19,48.14,48.52,9.77,8.42,19.43,24.45,28.3,22.63,14.72,12.77,61.56,41.0,15.52,22.55,117.9,60.25,17.24,,23.3,22.08
2024-05-09 07:00:00,19.38,52.67,41.13,97.04,39.56,13.84,60.74,22.51,116.58,96.32,18.05,16.64,95.59,66.45,68.12,31.06,14.88,23.39,20.31,61.77,29.74,16.34,14.41,72.1,57.7,20.94,13.95,22.99,37.25,62.08,9.27,49.39,49.61,9.77,8.68,19.34,24.9,28.0,22.96,15.13,12.84,61.69,41.0,15.6,22.7,117.4,60.16,17.24,,23.15,22.07
2024-05-10 07:00:00,19.38,56.64,40.55,97.04,39.18,13.67,60.21,22.75,116.58,97.08,17.76,16.41,96.1,65.42,68.6,31.06,14.67,23.16,19.87,62.16,29.7,15.94,14.51,71.4,57.51,20.56,13.9,23.14,37.43,62.02,9.19,48.65,48.6,9.64,8.57,19.34,24.52,27.9,23.05,14.96,13.13,61.56,41.0,15.6,22.7,117.9,59.09,17.29,,22.9,22.09
2024-05-13 07:00:00,19.66,55.87,40.23,98.46,38.99,13.67,60.04,22.54,115.46,98.02,17.79,16.36,96.1,65.08,67.56,31.06,14.64,23.12,20.11,62.54,29.86,16.06,14.41,70.9,57.61,20.38,13.65,23.93,37.71,62.59,9.06,48.87,48.52,9.64,8.46,19.21,24.76,27.7,22.91,15.46,13.06,61.16,40.45,15.56,22.65,117.0,59.01,17.15,,22.5,21.97
2024-05-14 07:00:00,19.45,55.19,39.9,98.71,38.75,13.63,59.15,22.23,114.25,98.53,17.58,16.36,95.15,64.74,66.11,31.45,14.39,23.01,20.5,62.25,30.07,15.9,14.6,71.0,57.22,20.66,13.8,23.61,37.35,62.27,9.1,49.68,48.01,9.68,8.5,19.21,24.76,27.3,22.89,15.04,13.02,60.5,41.1,15.6,24.05,119.0,58.38,17.56,,22.8,21.96
2024-05-15 07:00:00,19.55,57.13,39.61,98.21,38.65,13.63,59.68,22.27,117.14,99.38,17.82,16.22,96.25,64.48,66.51,32.09,14.42,22.9,20.31,62.25,29.74,16.02,14.63,72.0,59.27,20.47,13.7,23.24,36.28,61.7,9.1,48.87,48.18,9.77,8.46,19.12,24.79,27.35,22.63,15.13,13.13,60.43,40.2,15.92,23.1,116.6,59.27,17.79,,22.3,22.09
2024-05-16 07:00:00,19.66,57.03,40.19,100.39,39.28,14.08,60.56,22.51,118.45,98.87,18.26,16.36,99.25,65.17,67.16,32.24,14.58,23.92,20.94,62.25,30.31,16.69,14.76,72.9,59.56,20.56,14.35,23.84,37.3,61.89,9.14,49.46,48.6,9.77,8.5,19.16,25.25,28.1,22.91,15.7,13.13,61.1,40.3,16.03,23.3,117.5,59.45,17.75,,22.5,22.3
2024-05-17 07:00:00,19.83,56.25,40.59,99.63,39.09,13.96,60.48,22.89,117.52,98.19,18.37,16.45,99.1,65.34,67.96,31.65,14.98,23.92,20.89,62.54,30.4,17.77,14.95,72.6,58.49,20.94,14.2,23.98,37.01,61.96,9.31,50.56,48.68,9.77,8.64,19.47,25.07,28.5,23.5,15.41,13.27,61.49,40.35,16.1,23.38,117.8,59.63,17.93,,22.7,22.55
2024-05-20 07:00:00,20.01,58.77,40.55,99.54,39.76,14.28,63.3,22.85,119.19,98.45,18.58,16.45,98.96,65.25,68.44,32.87,15.04,23.96,21.38,63.12,30.73,18.73,15.05,76.5,58.68,20.94,14.45,24.44,36.77,63.42,9.31,50.2,48.94,9.81,8.82,19.38,25.42,28.75,23.6,16.03,13.27,61.29,41.05,16.32,23.5,117.7,59.45,18.07,,23.25,22.57
2024-05-21 07:00:00,19.83,61.87,40.88,98.22,40.62,14.16,62.42,22.96,115.74,98.87,18.42,17.05,98.08,65.34,67.24,32.82,15.35,24.22,21.18,63.22,30.31,18.49,14.95,76.2,59.27,20.8,14.3,23.84,36.48,62.66,9.43,50.46,48.68,10.11,8.6,19.38,25.38,28.3,23.43,15.62,13.34,61.03,40.5,16.36,23.5,114.6,58.83,18.3,,22.9,22.67
2024-05-22 07:00:00,19.8,62.84,41.29,97.52,40.52,14.12,64.45,23.23,118.17,98.79,19.05,17.14,100.94,66.28,69.0,33.02,15.28,24.11,21.23,63.51,30.19,18.25,15.05,76.0,59.27,20.89,14.3,23.79,36.38,62.72,9.35,49.87,49.1,10.37,8.64,19.34,25.56,28.3,23.02,16.44,13.27,60.76,40.2,16.32,23.18,112.8,58.83,18.3,,23.1,22.61
2024-05-23 07:00:00,19.66,61.1,40.72,96.19,39.85,14.0,63.39,22.61,117.05,98.7,18.89,16.82,100.64,65.68,67.24,31.85,15.07,24.02,21.33,62.54,30.15,18.53,14.79,73.9,59.37,20.61,14.45,24.39,36.57,62.4,9.43,49.87,48.68,10.2,8.46,19.3,25.28,27.9,22.55,15.78,13.09,60.23,40.45,15.96,22.62,109.3,58.47,17.82,,23.0,22.5
2024-05-24 07:00:00,19.97,61.97,40.55,98.75,43.11,14.0,64.01,22.72,118.92,100.49,19.23,16.96,101.01,69.02,68.2,32.24,15.13,24.4,21.47,63.22,30.4,18.53,14.69,75.5,59.86,21.4,14.5,24.21,39.86,61.7,9.56,51.98,50.12,10.24,8.46,19.34,25.21,28.45,22.48,15.99,12.98,60.43,40.4,15.89,22.58,111.0,59.09,17.91,,22.9,22.44
2024-05-27 07:00:00,20.71,59.45,40.39,96.55,42.73,13.76,62.68,22.44,117.61,99.9,18.66,16.54,97.35,67.74,67.0,33.41,14.94,24.07,20.89,62.83,29.53,18.49,14.73,73.5,58.78,21.22,14.6,24.02,39.86,60.43,9.48,51.48,48.85,10.54,8.42,19.16,24.48,28.8,22.6,15.13,12.8,60.03,39.85,15.92,22.48,108.3,58.56,17.67,,22.3,22.5
2024-05-28 07:00:00,20.85,60.9,40.06,99.19,44.5,13.84,63.92,22.27,117.98,100.07,19.0,17.37,98.08,70.31,66.59,34.68,14.76,24.15,21.52,62.93,29.7,18.97,14.79,74.2,59.07,21.59,14.5,23.79,40.44,59.92,10.26,52.74,49.44,10.58,8.42,19.07,24.52,28.8,22.65,15.95,12.84,59.63,39.85,16.1,22.5,109.9,58.74,17.62,,22.35,22.35
2024-05-29 07:00:00,20.85,60.52,40.43,97.96,45.22,13.96,66.39,22.1,118.54,100.49,19.05,17.23,100.35,71.17,66.75,34.73,14.91,24.23,21.57,63.22,29.86,20.28,14.73,75.7,60.25,21.59,14.55,23.75,40.44,60.36,10.34,53.58,51.38,10.54,8.5,19.07,24.83,28.9,22.89,15.95,12.91,60.3,40.0,16.14,22.52,109.6,59.36,17.62,,22.5,22.69
2024-05-30 07:00:00,20.46,59.55,39.57,95.66,43.59,13.63,64.8,21.51,116.77,104.84,18.84,17.83,97.93,70.22,65.87,33.51,14.39,23.73,20.89,63.22,29.24,20.48,14.4,74.3,58.58,21.12,14.1,23.24,39.67,58.97,10.34,51.9,50.2,10.37,8.35,18.85,24.31,28.0,22.43,16.03,12.77,59.44,39.45,15.78,22.2,107.0,58.56,17.52,,22.1,22.33
2024-05-31 07:00:00,20.89,59.06,39.0,96.37,43.11,14.2,63.92,21.82,116.58,105.69,18.79,18.2,98.81,69.88,66.83,35.26,14.3,23.65,21.08,63.22,29.74,20.96,14.24,78.0,61.42,21.87,14.2,23.38,39.96,59.09,10.59,52.66,49.95,10.2,8.31,18.94,24.2,28.05,22.8,16.44,12.77,58.9,39.2,15.89,21.75,107.5,58.38,17.48,,22.1,22.21
2024-06-03 07:00:00,20.77,59.64,39.16,96.28,43.68,14.08,64.89,22.13,116.68,105.01,19.1,18.47,98.81,69.37,67.8,34.87,14.42,23.98,21.38,63.41,30.03,20.84,14.3,77.3,62.5,21.49,14.65,23.61,39.86,59.79,10.51,52.74,49.7,10.15,8.35,18.94,24.31,28.1,23.14,16.56,12.8,58.44,39.2,15.78,21.9,107.8,58.3,17.62,,21.95,22.41
2024-06-04 07:00:00,20.72,61.1,39.12,95.84,43.59,14.52,64.89,22.44,117.52,105.52,20.41,18.15,101.74,68.94,67.24,34.19,14.88,24.15,21.76,63.41,31.35,20.68,14.82,78.0,62.59,21.96,15.05,24.3,40.15,59.54,11.21,53.16,50.28,10.32,8.5,19.03,24.59,30.5,23.14,16.44,13.09,59.04,39.4,16.17,22.15,109.0,58.56,17.91,,22.4,22.62
2024-06-05 07:00:00,20.68,61.0,39.16,97.43,43.97,14.48,64.71,22.58,115.65,104.84,20.36,17.92,102.47,69.37,68.2,34.68,14.82,24.4,22.59,63.22,31.26,20.64,14.69,77.5,61.62,21.87,14.9,24.07,40.35,60.43,11.59,52.57,52.22,10.24,8.42,18.9,24.62,30.0,23.23,16.44,13.02,58.9,39.55,16.25,22.05,109.0,58.65,17.72,,22.2,22.62
2024-06-06 07:00:00,20.39,61.58,39.0,99.63,45.26,14.36,63.83,22.3,115.28,103.82,20.47,17.97,102.69,69.88,68.12,34.39,14.64,24.36,22.64,63.7,30.81,20.52,14.6,78.4,60.64,21.26,14.8,24.21,40.4,61.06,11.38,52.83,56.01,10.58,8.42,19.21,24.72,29.95,23.16,16.19,12.98,59.04,39.4,16.32,22.15,108.1,61.13,17.67,,22.7,22.65
2024-06-07 07:00:00,20.51,62.94,39.33,97.87,44.83,14.2,64.18,22.51,112.57,103.99,20.28,18.11,103.2,69.02,67.4,34.09,14.67,24.44,22.93,63.32,30.31,20.92,14.69,78.5,60.93,21.4,14.75,23.88,40.64,60.68,11.38,52.4,55.25,10.45,8.64,19.07,24.76,30.7,23.87,16.03,13.2,59.17,39.3,16.32,21.95,108.9,59.89,17.77,,22.5,22.68
2024-06-10 07:00:00,20.56,62.64,39.12,96.19,44.79,14.24,64.45,22.61,113.6,103.99,20.41,18.15,105.03,69.28,67.4,34.43,14.67,24.48,23.03,63.6,30.85,20.96,14.69,77.6,60.83,21.77,14.85,23.75,40.2,59.79,11.59,52.4,57.78,10.54,8.64,19.07,24.66,31.2,24.11,16.44,13.16,59.04,39.15,16.17,21.75,109.0,60.6,17.57,,22.3,22.82
2024-06-11 07:00:00,20.39,61.58,39.08,95.93,44.35,14.32,66.13,23.3,113.6,104.66,20.49,17.92,105.62,69.2,69.8,35.46,14.79,24.48,23.51,63.02,30.81,21.12,14.76,77.2,61.91,21.49,14.75,23.88,40.73,60.24,11.38,52.91,57.02,10.37,8.53,19.07,24.66,31.2,24.11,16.28,13.27,58.64,38.9,16.32,21.65,109.0,59.71,17.72,,22.15,22.84
2024-06-12 07:00:00,20.18,60.61,38.92,95.49,43.35,14.08,65.33,22.82,113.78,104.31,20.47,17.46,108.42,69.02,68.6,34.58,14.58,24.15,23.46,62.74,30.73,20.48,14.69,76.0,61.23,21.31,14.2,23.42,41.8,59.98,11.71,52.57,56.94,10.24,8.46,18.99,24.9,31.25,24.04,15.82,13.13,58.04,38.15,16.5,21.4,105.9,58.92,17.82,,21.7,22.8
2024-06-13 07:00:00,20.51,62.35,39.53,95.22,44.31,14.24,65.6,23.33,115.09,102.28,20.49,17.69,113.33,69.45,68.84,35.12,14.94,24.69,24.0,62.06,31.47,20.88,15.12,78.5,62.3,21.4,14.45,23.98,41.9,61.96,11.67,54.77,56.69,10.37,8.64,19.03,25.56,31.5,24.11,16.28,13.34,59.04,38.55,16.61,21.65,106.6,59.36,18.98,,21.9,23.2
2024-06-14 07:00:00,20.64,62.45,39.57,94.34,43.78,14.2,65.24,23.26,115.0,101.49,20.36,17.65,110.28,68.77,68.04,34.58,14.94,24.57,23.61,59.94,31.97,21.36,15.64,78.7,62.59,21.31,14.35,24.35,40.83,61.89,11.71,54.09,54.58,10.28,8.79,19.12,25.49,31.65,24.11,16.15,13.7,58.77,38.4,16.64,21.6,106.0,59.36,18.94,,21.8,23.3
2024-06-17 07:00:00,20.56,61.19,38.84,94.61,42.63,14.04,64.01,22.51,113.5,101.32,19.31,17.14,111.04,67.74,66.67,32.63,14.79,24.23,23.03,58.78,30.77,21.99,15.25,78.0,61.42,20.66,14.15,23.7,39.28,60.75,11.34,51.9,53.4,10.2,8.5,19.6,25.0,30.4,23.89,15.58,13.49,58.17,38.25,16.17,21.3,104.9,58.74,18.21,,21.6,23.14
2024-06-18 07:00:00,20.64,59.93,38.18,93.02,43.3,14.08,64.01,22.47,113.41,101.49,19.89,17.33,109.18,66.88,67.4,33.02,14.58,24.57,24.87,57.72,31.18,21.67,15.31,76.2,60.74,21.12,14.2,23.33,39.48,61.06,11.63,52.07,53.74,10.11,8.5,19.82,25.07,30.55,23.67,15.5,13.52,58.11,38.5,15.99,21.15,104.9,58.92,18.3,,21.25,22.86
2024-06-19 07:00:00,20.51,60.61,38.26,94.34,43.59,13.88,65.33,22.23,122.64,102.81,19.68,17.1,108.5,67.05,67.08,33.16,14.67,24.57,24.39,57.72,31.31,21.6,15.25,76.7,60.54,21.31,14.1,23.05,39.72,61.45,12.5,53.5,53.57,10.07,8.46,20.09,25.14,30.6,23.87,15.78,13.49,57.97,38.3,16.07,21.18,104.8,58.47,18.16,,21.15,22.9
2024-06-20 07:00:00,20.51,60.9,37.61,95.84,43.88,13.67,67.36,22.17,119.66,101.4,19.84,17.23,112.74,67.48,67.0,32.72,14.6,24.36,24.48,56.27,30.93,21.6,15.25,75.6,61.81,21.03,13.8,22.82,40.54,61.38,12.46,53.58,52.47,10.02,8.46,20.22,25.14,31.1,23.92,16.44,13.57,57.51,37.9,15.89,20.78,103.1,57.94,18.64,,20.6,22.92
2024-06-21 07:00:00,20.77,62.55,37.28,96.55,43.2,13.5,67.8,22.23,121.9,101.4,19.73,17.05,113.5,67.05,67.0,33.21,14.58,24.44,24.48,56.56,31.1,21.83,15.15,75.8,61.62,20.94,13.65,22.63,40.15,62.66,12.54,56.45,52.73,10.07,8.42,20.66,24.86,30.7,24.31,17.43,13.45,57.18,37.75,15.89,20.72,103.9,58.92,19.18,,20.25,23.09
2024-06-24 07:00:00,20.56,61.97,37.61,95.14,43.25,13.42,67.1,22.1,123.11,99.55,19.52,17.05,114.44,66.79,66.67,33.26,14.3,24.15,24.14,56.37,30.98,23.27,15.05,75.5,62.11,20.75,13.4,22.4,41.22,62.15,12.17,54.51,52.31,10.02,8.42,21.06,24.62,30.65,23.87,17.1,13.38,57.11,37.75,15.67,20.82,102.4,58.56,18.94,,19.9,23.04
2024-06-25 07:00:00,20.05,59.93,37.12,92.67,42.63,13.59,64.89,21.89,116.12,100.26,18.81,16.73,111.04,65.68,65.79,32.48,13.8,23.82,23.32,55.59,30.15,22.31,14.79,74.2,60.64,20.24,13.3,22.59,39.43,61.32,12.58,53.67,51.8,9.85,8.28,19.91,24.03,29.7,23.33,16.15,13.01,56.91,37.3,15.52,20.58,101.6,58.3,18.35,,20.1,22.63
2024-06-26 07:00:00,20.05,60.9,36.18,92.31,42.63,13.42,64.54,21.68,116.58,99.99,19.15,16.77,111.04,65.59,66.59,33.16,13.96,23.94,24.29,55.88,30.52,22.59,14.73,73.9,61.13,20.66,13.45,22.45,39.67,61.26,12.41,54.68,51.04,9.9,8.28,18.72,24.0,29.4,23.33,16.32,12.97,57.04,37.8,15.42,20.65,101.9,58.3,18.5,,21.5,22.64
2024-06-27 07:00:00,20.05,63.9,36.55,92.49,42.87,13.34,64.89,21.48,115.84,99.64,19.31,16.82,111.3,65.68,67.0,35.12,14.02,24.15,24.14,55.21,30.44,22.91,14.63,73.9,60.64,20.66,13.45,22.22,41.12,61.06,12.66,54.01,50.87,9.94,8.24,18.68,23.82,29.3,23.04,15.99,12.94,56.58,37.5,15.31,20.55,101.6,57.76,18.5,,20.8,22.7
2024-06-28 07:00:00,19.89,63.71,36.06,90.82,44.74,13.34,64.1,21.48,115.65,100.7,19.42,16.96,112.57,65.68,67.08,35.17,14.17,23.94,24.0,53.95,30.69,22.79,14.69,74.6,62.2,20.28,13.55,22.5,40.06,60.68,12.21,53.58,51.38,10.02,8.28,18.28,23.82,29.05,22.84,16.11,12.79,57.11,37.6,15.34,20.55,102.0,58.03,18.45,,20.4,22.65
2024-07-01 07:00:00,19.89,61.97,35.4,88.17,43.83,12.97,62.07,21.17,113.78,99.82,19.0,17.0,110.54,65.77,66.59,33.41,14.2,23.57,23.22,53.08,30.48,22.47,14.5,74.7,61.71,20.33,13.35,22.03,39.72,60.43,12.25,52.83,51.04,10.15,8.28,18.33,23.65,29.0,22.5,15.62,12.75,56.98,37.65,15.09,20.7,101.1,58.3,18.16,,20.7,22.65
2024-07-02 07:00:00,19.89,61.19,36.18,86.5,44.74,13.17,62.95,21.96,113.78,100.52,19.15,17.05,109.01,66.88,65.87,33.65,14.3,23.61,23.8,53.95,30.56,22.71,14.66,76.1,64.87,20.66,13.4,22.22,40.01,59.92,12.17,53.84,51.38,10.32,8.5,18.41,23.65,29.35,22.26,15.78,12.86,57.58,37.75,15.31,20.7,101.0,58.47,18.5,,21.9,22.64
2024-07-03 07:00:00,20.18,62.16,37.61,86.58,45.98,13.34,63.57,22.2,115.09,100.43,19.31,17.46,110.62,67.31,65.47,33.8,14.94,24.15,24.24,55.5,31.35,23.83,14.86,76.5,64.97,20.42,13.5,22.68,40.25,60.81,12.12,53.5,51.63,10.28,8.6,18.37,23.86,29.55,22.36,16.07,12.97,58.44,38.05,15.49,20.8,101.0,58.65,18.5,,21.55,22.61
2024-07-04 07:00:00,20.31,61.97,38.43,89.32,44.83,13.34,63.74,22.23,116.86,100.61,19.57,17.65,111.98,67.22,66.35,33.7,15.19,24.02,24.39,55.5,31.26,24.14,14.92,76.9,64.77,20.47,13.55,22.45,40.54,60.43,12.62,54.01,52.31,10.37,8.53,18.46,23.93,29.9,22.89,15.95,13.05,58.84,38.1,15.38,20.75,101.0,58.74,18.64,,21.3,22.81
2024-07-05 07:00:00,20.18,61.48,38.71,88.79,45.12,13.26,63.66,22.2,117.33,100.52,19.44,17.83,115.37,67.31,66.43,34.19,15.19,23.9,24.29,55.11,31.39,24.98,14.86,77.0,64.28,20.47,13.35,22.36,42.48,60.43,12.21,55.53,51.82,10.37,8.5,18.41,23.89,29.9,22.75,16.07,13.08,58.51,38.3,15.34,20.7,101.1,58.83,18.55,,21.4,22.87
2024-07-08 07:00:00,20.31,61.97,38.88,87.38,44.55,13.67,63.92,22.47,117.98,99.64,19.84,17.51,117.4,67.48,67.4,34.53,15.13,23.9,24.34,55.3,31.64,25.82,14.86,77.0,64.67,20.28,13.55,22.03,42.57,61.13,12.12,55.7,50.51,10.24,8.57,18.37,24.17,30.0,22.89,16.15,13.12,58.44,38.15,15.31,20.7,101.6,59.63,18.69,,20.8,22.98
2024-07-09 07:00:00,20.18,62.94,38.84,87.55,44.45,13.63,64.71,22.37,119.57,98.58,20.52,17.42,117.91,67.74,67.48,36.53,15.01,23.98,24.68,54.72,30.64,25.66,14.86,76.2,66.25,20.38,13.25,21.34,45.09,60.68,12.62,56.54,49.2,10.37,8.5,18.15,24.03,30.15,22.7,16.44,13.16,58.11,38.0,15.42,20.25,101.0,59.89,18.69,,20.3,23.5
2024-07-10 07:00:00,20.47,64.68,39.12,86.67,45.5,13.63,65.69,22.44,119.38,98.41,20.31,17.56,115.28,67.91,68.28,37.27,15.59,24.23,24.63,55.21,31.06,25.46,15.09,76.6,65.75,20.84,13.3,21.66,44.9,62.85,12.66,59.41,49.99,10.71,8.57,18.24,24.1,30.35,22.8,16.77,13.34,58.64,38.35,15.49,20.48,101.3,59.8,18.98,,20.6,23.01
2024-07-11 07:00:00,20.35,63.9,38.8,86.94,44.93,13.42,64.89,22.3,118.45,97.35,20.15,17.6,113.67,67.39,67.56,36.63,15.41,24.27,24.78,55.11,31.47,24.86,15.28,77.2,64.47,20.61,13.15,21.48,45.14,62.66,12.5,60.17,49.55,10.71,8.64,18.37,24.03,30.0,22.55,17.06,13.27,58.84,38.25,15.52,20.45,101.0,59.27,18.69,,20.7,22.99
2024-07-12 07:00:00,20.14,62.94,38.35,86.14,44.5,13.63,64.45,22.1,117.05,98.23,19.6,17.1,112.06,67.48,67.24,36.09,15.72,24.07,24.14,54.72,31.84,25.02,14.96,75.8,63.88,20.42,13.5,22.03,45.38,62.21,12.5,60.08,49.2,10.58,8.57,18.37,24.17,30.0,22.26,16.85,13.27,58.57,38.5,15.38,20.85,101.0,58.83,18.59,,20.75,22.81
2024-07-15 07:00:00,20.05,63.42,38.43,85.97,43.59,13.59,65.16,21.99,117.52,99.2,19.73,17.51,113.16,67.74,67.97,37.02,15.56,23.77,24.29,54.92,31.39,25.18,15.02,74.8,63.98,20.38,13.3,21.75,45.19,62.34,12.7,60.0,49.12,10.67,8.64,18.33,24.1,29.8,22.26,16.89,13.31,58.17,38.5,15.42,20.88,102.4,58.74,18.55,,20.9,22.8
2024-07-16 07:00:00,20.05,65.55,38.26,84.82,44.5,13.67,64.98,22.06,116.96,100.26,19.73,17.46,113.25,67.74,67.07,37.61,15.72,23.73,23.9,54.63,31.22,25.26,15.05,74.7,63.68,20.47,13.2,21.34,46.83,62.34,12.66,60.76,48.59,10.88,8.71,18.28,23.96,29.75,22.07,17.14,13.12,58.17,37.8,15.38,20.68,104.4,58.83,18.4,,20.4,22.75
2024-07-17 07:00:00,20.31,66.52,39.16,89.93,44.83,13.84,65.42,22.44,116.96,110.92,19.57,17.37,113.59,67.57,67.15,37.32,15.95,23.77,23.66,54.63,31.39,25.18,15.51,74.3,63.78,20.38,12.6,20.78,45.57,62.02,12.37,62.45,48.59,11.31,8.64,18.37,24.03,30.1,22.26,16.85,13.23,58.97,37.9,15.49,20.5,105.5,58.65,18.5,,20.3,22.77
2024-07-18 07:00:00,20.47,64.87,39.74,87.38,44.21,13.38,63.3,22.85,114.44,103.96,18.63,17.1,111.38,66.97,65.91,34.73,16.24,23.48,23.03,54.53,30.48,25.5,16.03,71.8,62.6,19.91,12.25,19.53,43.93,60.81,11.59,60.93,47.2,10.71,8.72,18.33,23.86,30.4,23.09,15.62,13.31,58.64,37.25,15.63,20.3,105.5,58.47,18.5,,19.8,22.84
2024-07-19 07:00:00,20.72,65.36,39.9,87.55,45.02,13.46,63.12,22.82,114.34,103.87,18.84,17.23,109.01,66.97,65.34,35.22,16.17,23.65,23.56,54.44,30.31,25.5,16.23,71.5,64.08,19.63,12.35,19.53,45.96,61.06,11.75,60.76,47.29,11.1,8.64,18.46,24.1,30.55,23.14,15.99,13.34,58.44,37.7,15.56,20.35,105.9,58.38,18.5,,20.25,23.2
2024-07-22 07:00:00,20.97,65.65,39.0,85.79,43.49,13.13,61.8,22.78,113.13,99.99,18.63,17.1,106.81,66.71,64.43,33.21,15.98,23.4,23.08,54.53,29.9,25.34,16.49,71.1,64.28,19.35,11.9,18.28,45.28,60.43,11.09,59.07,48.07,11.1,8.57,18.59,24.13,30.3,22.7,15.21,13.64,58.11,38.0,15.49,20.38,104.8,57.85,18.3,,19.9,22.78
2024-07-23 07:00:00,20.72,65.16,39.08,85.08,42.87,12.92,58.98,23.13,106.32,97.97,18.29,17.0,105.87,66.11,64.27,32.24,16.3,23.36,22.35,54.44,29.78,25.34,16.52,72.4,64.08,18.98,11.4,18.65,44.9,59.98,11.17,57.72,48.51,11.4,8.49,18.68,24.06,30.1,23.19,14.88,13.82,58.31,37.65,15.49,20.38,105.5,58.12,18.35,,20.25,22.77
2024-07-24 07:00:00,20.05,63.81,36.79,82.62,41.53,12.59,57.39,22.2,99.33,99.47,18.0,16.5,106.38,65.77,61.55,29.89,15.98,23.11,21.86,54.34,29.08,25.1,15.51,70.8,60.73,18.8,11.15,17.59,43.59,59.67,10.55,57.38,47.81,11.1,8.38,18.94,23.37,29.0,22.26,13.98,13.08,58.04,37.6,15.24,20.4,105.9,58.3,17.86,,20.05,22.19
2024-07-25 07:00:00,20.18,64.0,37.98,82.62,40.81,12.63,58.71,21.96,102.31,98.5,18.29,16.82,105.28,65.94,63.44,31.94,16.04,22.98,22.06,54.34,29.57,24.78,15.54,71.1,59.15,18.84,11.4,18.51,44.51,59.86,10.88,58.06,47.81,11.1,8.41,18.63,22.43,29.15,22.26,14.55,13.12,58.17,37.6,15.16,20.65,107.4,58.12,17.91,,20.1,22.31
2024-07-26 07:00:00,20.14,66.9,37.85,82.88,41.19,12.8,59.33,21.65,103.9,98.58,18.34,16.82,106.72,65.68,64.02,32.28,16.11,22.77,22.35,54.24,29.65,24.14,15.57,71.0,59.64,18.89,11.3,18.56,44.85,60.62,10.76,59.49,47.64,11.27,8.38,19.38,22.29,28.8,22.11,14.63,13.27,57.97,37.8,15.09,20.95,107.6,57.94,17.91,,19.8,22.4
2024-07-29 07:00:00,20.31,70.39,37.9,83.59,41.48,12.72,60.04,22.06,106.32,98.85,18.58,17.05,110.2,66.45,65.17,32.72,16.17,23.02,22.74,56.56,29.98,23.27,15.93,74.8,60.53,19.17,11.15,18.51,47.12,61.51,11.34,60.25,48.33,11.22,8.41,19.34,22.47,29.2,22.26,14.96,13.34,58.17,37.75,15.16,20.8,107.8,58.65,18.01,,19.4,22.42
2024-07-30 07:00:00,20.05,71.07,38.71,85.08,41.38,12.63,59.59,21.96,105.39,98.76,18.94,16.77,109.35,66.02,64.68,32.82,16.24,23.32,22.64,56.66,29.9,23.83,15.7,74.0,61.12,19.03,10.9,18.1,45.96,61.38,11.38,59.91,47.64,11.27,8.34,19.12,22.36,29.05,22.11,15.37,13.42,57.97,37.1,15.13,20.98,106.1,59.63,17.91,,18.85,22.5
2024-07-31 07:00:00,20.22,70.68,38.43,84.29,41.19,12.76,58.98,21.96,105.3,99.38,18.66,16.91,107.91,66.37,65.09,32.48,16.33,23.23,22.35,56.27,29.78,23.51,15.97,75.0,62.99,18.7,11.9,17.77,45.57,61.89,11.26,58.23,47.72,11.22,8.45,19.3,22.36,29.0,22.41,15.17,13.38,58.11,36.85,14.87,21.15,105.5,60.69,18.11,,18.8,22.58
2024-08-01 07:00:00,20.47,70.2,39.16,85.53,42.06,12.76,57.56,21.96,104.08,101.23,18.71,16.77,109.86,68.68,65.75,32.43,16.94,22.9,21.18,56.27,29.94,23.35,15.9,74.1,62.9,18.61,11.9,17.59,44.6,61.38,11.21,58.56,48.59,11.05,8.45,19.21,22.29,29.0,22.6,14.88,13.49,59.3,36.75,15.38,21.05,106.4,63.61,18.64,,18.65,22.75
2024-08-02 07:00:00,19.97,63.32,38.02,84.47,40.47,11.93,56.5,21.31,96.9,99.64,17.95,16.5,103.5,66.97,62.86,29.99,16.46,22.19,19.82,55.98,28.25,22.79,14.99,71.0,60.13,17.96,11.2,16.06,43.59,60.81,10.72,55.53,47.9,10.58,8.26,19.34,20.73,28.0,21.97,13.56,12.97,60.03,36.05,14.87,21.08,103.8,62.02,18.01,,17.95,22.31
2024-08-05 07:00:00,19.72,64.87,38.35,84.11,41.19,11.97,55.27,21.2,97.0,99.38,17.87,16.54,102.65,66.88,64.92,30.97,16.52,22.32,20.35,55.5,28.17,23.07,15.02,71.3,60.63,18.47,11.5,16.2,44.9,61.64,11.21,58.06,47.64,10.67,8.15,19.65,21.29,28.2,22.41,14.06,12.82,58.77,35.2,14.95,20.5,104.0,62.9,17.91,,17.75,22.3
2024-08-06 07:00:00,19.64,65.36,37.94,80.68,41.05,11.43,52.8,20.93,95.13,97.97,17.32,16.59,101.72,65.85,61.96,30.58,16.08,21.69,19.82,54.44,28.83,21.75,15.12,71.0,60.92,18.01,11.25,15.88,44.9,60.62,11.01,55.27,45.98,10.58,7.88,19.47,21.04,27.55,21.82,13.89,12.64,57.71,34.8,14.84,20.75,99.9,62.28,17.86,,17.0,21.72
2024-08-07 07:00:00,19.72,68.74,38.75,82.44,40.62,11.76,53.86,21.03,99.7,98.14,17.84,16.91,102.57,66.54,63.36,30.77,16.01,22.03,20.4,54.24,29.12,22.35,15.25,73.3,61.42,18.19,11.35,16.39,45.67,61.38,11.38,56.54,46.94,10.97,8.0,19.07,21.46,28.4,21.82,14.51,12.86,58.04,36.95,15.09,20.88,100.2,64.85,17.91,,17.7,22.09
2024-08-08 07:00:00,19.43,68.65,38.02,81.91,40.28,11.72,52.97,20.72,97.65,96.52,18.21,16.82,103.08,68.08,62.45,31.36,15.78,21.61,20.26,53.37,29.36,22.43,15.18,73.0,61.12,18.42,11.4,16.2,46.2,60.24,11.38,55.53,46.15,10.88,7.96,18.68,21.04,28.05,21.04,14.39,12.64,58.24,37.5,14.84,21.02,98.8,65.47,17.43,,17.9,21.94
2024-08-09 07:00:00,19.55,69.23,38.43,82.0,40.86,12.14,54.12,20.83,97.65,98.88,18.45,16.82,103.75,70.31,63.28,31.85,16.27,21.57,20.26,52.99,29.32,22.95,15.12,74.6,61.81,18.38,11.6,16.11,46.44,60.56,11.59,56.71,46.5,10.92,7.92,19.07,21.22,28.65,20.46,13.81,12.75,58.04,37.8,15.06,20.9,99.3,64.5,17.38,,17.8,22.0
2024-08-12 07:00:00,19.72,69.04,38.18,82.79,41.48,12.14,54.65,21.65,99.33,98.06,19.0,16.91,107.57,69.97,64.18,31.8,16.46,21.69,20.31,53.57,29.32,22.79,15.31,75.5,64.97,18.52,11.4,16.29,47.12,60.81,11.54,56.54,46.85,10.97,7.96,19.03,21.95,28.85,20.65,13.56,12.68,58.7,37.15,15.06,20.55,100.9,64.94,17.52,,17.45,22.2
2024-08-13 07:00:00,19.68,68.45,38.43,86.32,41.34,12.18,54.47,21.86,101.38,97.7,19.0,17.28,109.94,70.57,65.34,32.43,16.49,21.57,20.6,53.28,29.45,22.87,15.41,75.0,65.85,18.84,11.25,16.2,47.36,61.83,11.21,58.06,47.46,11.05,7.96,19.03,22.19,29.2,20.65,13.15,12.79,58.17,36.35,14.95,20.32,100.1,64.5,17.62,,17.4,22.3
2024-08-14 07:00:00,19.8,68.94,38.26,85.35,41.05,12.1,54.3,21.86,102.22,97.52,19.0,17.28,110.79,70.22,65.09,32.43,16.85,21.23,20.21,52.99,29.57,23.11,15.48,75.2,65.85,17.96,11.3,16.94,47.41,62.46,11.13,57.8,47.37,10.97,7.96,18.99,22.09,29.25,20.51,13.65,12.86,59.3,36.35,14.91,20.38,103.2,65.56,17.67,,17.5,22.3
2024-08-15 07:00:00,19.68,69.81,38.47,84.56,41.48,11.93,54.3,21.82,100.63,96.15,19.0,16.96,109.43,70.31,65.01,32.53,16.65,21.19,19.82,53.28,29.32,23.03,15.25,76.7,65.36,17.63,11.2,16.52,47.6,61.83,10.97,58.23,48.59,10.92,7.92,19.12,21.81,29.2,20.65,14.06,12.75,58.44,37.5,14.91,20.5,102.9,65.56,17.52,,18.05,22.3
2024-08-16 07:00:00,19.64,68.74,38.22,85.35,41.38,11.89,54.03,21.86,99.52,95.97,19.0,16.87,109.43,69.97,65.58,32.24,16.98,20.98,19.04,52.89,29.32,23.55,15.25,75.4,65.06,17.68,11.25,16.48,47.51,61.57,10.84,57.04,48.42,10.8,7.92,19.03,21.7,28.95,20.6,14.1,12.71,58.44,38.2,14.98,20.45,103.2,65.56,17.57,,17.95,22.15
2024-08-19 07:00:00,20.05,70.58,39.08,89.93,42.1,12.76,56.06,22.3,103.81,96.52,19.73,17.1,111.13,70.91,65.91,33.8,17.46,21.48,19.92,52.7,30.81,24.66,15.7,77.8,68.02,17.87,12.15,18.19,48.96,62.97,11.21,58.99,49.03,11.01,8.04,19.07,22.92,29.5,20.99,15.04,12.97,58.97,38.6,15.31,20.65,105.3,65.56,17.91,,18.45,22.58
2024-08-20 07:00:00,20.1,70.2,39.49,89.67,42.63,12.68,57.3,22.41,103.43,96.43,20.1,17.65,110.79,73.05,68.22,33.85,17.33,21.65,20.21,53.08,30.6,25.18,15.7,77.7,68.02,18.56,12.1,17.73,48.67,67.81,11.21,59.32,50.33,11.22,8.04,19.03,22.5,29.65,21.38,14.84,12.97,59.04,38.6,15.52,20.58,105.2,67.33,17.96,,18.25,22.69
2024-08-21 07:00:00,20.1,70.1,40.43,90.46,42.63,13.01,57.48,22.82,104.46,96.97,20.18,17.51,110.7,72.45,68.63,34.29,17.23,21.53,20.45,53.28,31.02,24.98,15.8,77.6,68.42,18.42,12.75,19.16,47.89,68.7,11.17,59.24,50.51,11.27,8.07,18.9,22.68,29.65,21.14,15.21,13.01,60.3,39.25,15.45,20.8,105.2,66.62,18.01,,18.75,22.89
2024-08-22 07:00:00,20.47,69.71,41.7,91.96,42.73,13.26,57.21,23.57,105.2,97.34,19.93,17.69,113.59,73.14,68.71,34.78,17.42,21.82,20.65,53.95,31.14,25.02,16.19,77.7,68.71,18.8,12.65,19.44,47.51,69.02,11.42,59.58,50.16,11.18,8.15,18.99,22.95,30.0,21.43,15.21,13.34,61.69,39.75,15.75,20.92,105.0,67.33,18.25,,18.9,22.99
2024-08-23 07:00:00,20.39,70.2,41.04,94.34,42.92,12.97,56.24,23.61,105.3,97.52,19.69,17.33,113.33,72.63,68.06,33.99,17.42,21.44,20.26,53.76,31.02,25.34,15.9,78.4,69.01,18.75,12.65,19.9,47.02,69.72,11.26,58.65,49.29,11.01,8.07,19.65,23.06,29.9,21.77,15.17,13.34,61.43,39.6,15.54,20.8,104.7,66.36,18.3,,19.8,23.03
2024-08-26 07:00:00,20.51,70.49,41.53,93.02,44.35,13.13,56.86,24.02,105.2,97.34,19.88,17.46,112.99,73.05,68.3,35.26,17.46,21.78,20.84,53.57,31.1,25.02,16.1,78.1,69.01,19.03,13.25,20.09,47.56,68.06,11.34,60.17,49.55,11.18,8.15,19.8,23.54,30.05,21.92,15.66,13.27,61.16,39.85,15.63,20.82,104.5,66.36,18.3,,19.7,23.05
2024-08-27 07:00:00,20.43,68.74,41.13,91.96,43.88,13.05,56.68,23.74,103.34,96.79,19.35,17.37,111.47,72.45,66.74,34.19,17.46,21.65,20.4,53.08,30.98,24.94,15.87,76.3,68.42,18.61,13.2,20.13,46.98,65.45,11.09,58.73,49.38,10.88,8.07,19.7,23.3,29.75,21.92,15.13,13.19,61.1,40.5,15.54,21.05,104.5,65.03,18.59,,19.85,22.95
2024-08-28 07:00:00,20.47,67.87,40.55,92.49,43.4,13.01,56.94,23.95,102.78,96.88,19.38,17.23,112.74,71.42,66.41,34.39,17.49,21.53,20.35,53.57,30.98,24.94,15.93,77.0,68.71,18.42,13.3,20.13,47.75,65.64,11.13,57.97,49.72,10.88,8.04,19.45,23.27,29.7,22.11,15.5,13.19,60.9,41.7,15.46,22.75,104.2,65.21,18.5,,20.15,23.03
2024-08-29 07:00:00,20.51,67.0,40.31,91.7,43.11,12.88,56.42,23.98,102.69,97.34,19.24,17.23,112.57,71.85,66.08,34.92,17.42,21.48,20.4,53.18,30.93,25.18,16.06,77.4,67.92,18.47,13.25,20.23,47.99,64.75,11.34,57.8,49.99,10.84,8.04,19.1,23.68,29.65,22.41,15.21,13.16,60.43,40.85,15.5,22.12,103.8,65.3,18.45,,19.5,23.3
2024-08-30 07:00:00,20.6,69.13,40.51,91.34,43.44,12.92,56.33,24.02,103.81,97.52,19.27,16.91,113.16,71.77,66.49,34.53,17.65,21.4,20.21,53.37,31.22,25.22,16.19,77.1,68.12,18.47,13.0,19.72,47.22,64.44,11.21,57.97,50.25,10.75,8.0,19.35,23.51,30.55,22.41,15.04,13.23,60.76,41.5,15.46,22.28,104.9,65.21,18.59,,19.35,23.18
2024-09-04 07:00:00,20.47,68.07,39.65,90.73,43.11,12.59,55.53,23.74,105.86,97.79,19.27,17.0,112.74,71.17,66.24,33.99,17.65,21.07,19.72,53.28,30.89,24.78,15.93,75.3,67.73,18.19,12.75,19.63,46.73,64.31,11.05,57.38,49.81,10.67,8.0,18.75,23.02,30.4,22.46,14.96,13.05,60.5,41.0,15.37,21.8,104.4,64.94,18.3,,19.0,23.26
2024-09-05 07:00:00,20.6,69.71,39.86,91.7,42.82,12.97,56.68,24.16,106.51,98.79,19.52,17.14,112.74,72.37,65.25,34.04,17.49,21.11,19.82,53.37,31.39,24.66,15.9,75.2,67.82,18.8,13.0,20.74,45.48,64.82,10.92,56.62,49.9,10.54,7.92,18.5,23.27,30.1,22.31,15.09,13.16,60.17,42.7,15.42,22.28,104.0,65.83,18.06,,19.8,22.99
2024-09-06 07:00:00,20.47,69.13,39.82,89.32,42.92,12.76,55.71,23.88,105.48,97.7,19.27,17.0,110.62,72.45,64.27,32.92,17.33,20.86,19.29,53.37,31.06,24.5,15.57,74.2,66.64,18.61,12.95,20.18,44.17,63.61,10.88,54.85,49.64,10.67,7.88,18.55,22.99,29.55,22.21,14.92,13.08,59.9,44.0,15.37,22.68,104.0,66.36,17.82,,19.75,23.0
2024-09-09 07:00:00,20.51,68.84,40.23,91.61,42.77,12.63,55.27,24.16,106.14,97.06,19.74,16.96,110.88,71.85,64.18,33.65,17.23,21.15,19.72,53.08,31.22,24.82,15.57,75.8,66.74,18.47,13.0,19.81,44.7,63.16,10.84,55.44,49.38,10.67,7.85,18.0,23.06,29.65,22.11,14.8,13.08,59.83,43.65,15.29,22.1,104.0,66.54,17.91,,19.95,22.89
2024-09-10 07:00:00,20.43,69.23,40.31,90.64,42.15,12.72,54.83,24.29,105.48,97.34,19.77,16.87,111.04,72.54,63.61,33.8,17.1,21.44,20.16,53.37,31.14,24.62,15.67,75.5,66.54,18.52,13.3,20.18,45.38,63.29,10.97,55.95,49.29,10.84,7.88,17.9,22.99,29.7,22.11,14.8,13.12,59.83,43.15,15.21,21.85,103.4,66.27,17.91,,20.2,22.85
2024-09-11 07:00:00,20.18,68.74,39.61,94.17,41.19,12.47,54.21,23.98,104.64,97.79,19.33,16.73,110.2,72.02,63.77,33.31,16.91,20.94,19.53,53.08,30.81,24.66,15.48,75.2,66.84,18.38,12.75,19.16,44.99,62.78,10.72,54.85,48.51,10.62,7.81,17.0,22.5,29.15,21.58,14.43,13.27,58.84,42.55,15.12,21.32,104.2,66.27,17.62,,19.2,22.75
2024-09-12 07:00:00,20.26,69.23,39.65,96.11,41.29,12.43,54.74,24.19,105.39,97.15,19.38,16.87,111.04,71.85,63.69,33.6,17.01,21.15,19.92,53.18,30.89,24.7,15.64,75.6,67.04,18.66,11.8,19.86,44.75,63.55,10.68,55.61,49.12,10.75,7.85,16.1,22.71,29.65,21.72,14.63,13.34,58.77,43.4,15.12,21.52,105.5,66.45,17.77,,19.3,22.7
2024-09-13 07:00:00,20.39,69.04,39.41,96.28,40.86,12.39,54.83,23.88,105.95,97.97,19.57,16.87,112.06,71.68,63.94,33.99,16.91,20.94,19.63,53.08,30.56,24.46,15.67,75.1,66.25,18.52,11.55,19.44,43.93,63.36,10.72,55.44,48.33,11.44,7.85,15.5,22.43,29.7,21.72,14.3,13.49,59.63,43.05,15.29,21.45,105.5,66.27,18.01,,19.1,22.8
2024-09-16 07:00:00,20.39,68.84,39.41,98.75,41.0,12.43,54.47,23.98,105.86,96.97,19.8,16.91,111.72,69.7,63.61,33.9,16.98,20.82,19.38,52.89,30.73,24.26,15.57,74.2,65.95,18.33,11.55,19.9,44.94,63.61,10.63,55.53,48.51,11.61,7.81,15.4,22.43,29.8,21.63,14.59,13.45,59.5,42.85,15.21,21.35,104.9,64.68,17.91,,19.3,22.62
2024-09-17 07:00:00,20.18,68.07,39.08,99.63,40.86,12.3,52.09,23.71,104.55,97.25,19.77,16.87,111.21,68.39,62.95,34.09,16.88,20.73,18.95,53.08,31.35,24.07,15.64,73.0,65.26,18.38,11.2,19.21,43.54,63.1,10.22,54.85,48.51,11.35,7.77,15.5,22.29,29.65,21.58,14.22,13.34,59.1,41.75,15.25,21.02,104.0,63.79,17.86,,19.0,22.51
2024-09-18 07:00:00,20.47,69.04,39.9,101.84,41.19,12.51,53.24,23.98,106.32,97.25,19.93,17.1,113.08,69.04,64.18,35.02,17.07,21.03,19.48,52.99,31.68,24.62,15.83,74.7,65.95,18.61,11.25,20.18,43.88,63.74,10.43,54.85,49.2,11.61,7.88,15.6,22.85,29.85,22.16,14.47,13.53,60.17,44.1,15.33,21.45,105.0,65.21,18.16,,19.45,22.82
2024-09-19 07:00:00,20.68,69.13,40.23,100.25,41.34,12.59,53.77,24.53,106.79,97.88,19.74,17.5,114.44,68.95,64.1,34.87,17.17,21.07,19.63,52.79,31.47,24.38,15.93,74.5,67.53,18.89,11.45,20.18,43.59,63.61,10.55,55.7,49.03,11.61,7.88,15.8,23.44,30.35,22.6,14.63,13.57,60.43,43.9,15.46,21.4,105.0,64.94,18.16,,19.25,22.94
2024-09-20 07:00:00,20.81,70.2,40.47,107.57,41.19,12.72,54.92,24.74,107.82,98.79,19.82,17.3,115.54,69.33,64.35,35.46,17.3,21.23,19.82,52.89,31.59,24.7,16.0,75.0,67.63,18.8,11.3,21.01,43.93,63.16,10.43,56.12,49.46,11.4,7.88,16.85,23.48,30.7,22.7,14.8,13.6,60.96,44.2,15.54,21.5,105.2,65.12,18.3,,19.65,23.02
2024-09-23 07:00:00,21.48,69.04,40.1,107.57,41.29,12.68,54.56,24.67,107.26,98.16,19.71,17.15,115.2,68.86,64.27,34.78,17.42,21.48,19.82,51.93,31.26,24.9,16.16,74.7,67.04,18.56,11.4,20.51,44.51,62.97,10.47,56.37,50.07,11.4,7.92,16.7,23.87,30.9,22.94,14.39,13.59,60.63,43.8,15.63,21.45,105.3,64.76,18.5,,19.5,23.2
2024-09-24 07:00:00,21.43,68.74,40.02,112.95,41.96,12.51,54.65,24.64,107.26,97.79,19.77,17.1,113.59,68.76,64.59,34.58,17.36,21.4,19.43,50.09,31.39,25.02,16.23,74.4,66.54,18.42,11.2,20.55,43.83,63.04,10.39,56.28,50.25,11.48,7.85,16.0,23.69,30.85,22.7,14.26,13.59,60.37,43.65,15.63,21.2,105.0,65.04,18.5,,19.05,23.11
2024-09-25 07:00:00,21.73,69.71,40.63,109.77,41.62,12.63,57.21,25.05,107.91,97.97,19.77,17.35,113.84,69.7,65.25,35.51,17.42,21.73,19.92,49.32,31.93,25.58,16.55,75.1,67.53,18.42,11.4,21.11,44.02,63.48,10.51,56.45,50.07,11.4,7.96,17.0,23.78,32.0,23.14,14.51,13.77,60.76,44.4,16.13,21.38,105.3,64.4,18.79,,19.3,23.28
2024-09-26 07:00:00,21.98,70.2,41.13,108.71,41.34,12.8,56.77,24.7,107.82,98.25,20.16,17.55,114.44,69.52,65.09,35.66,17.52,21.9,20.16,48.74,32.63,25.5,16.78,75.8,67.82,18.56,11.6,21.43,44.12,63.48,10.8,57.3,50.07,11.52,8.0,16.65,24.4,32.8,23.19,14.63,13.95,61.69,44.2,16.43,21.3,104.7,63.76,18.98,,19.25,23.46
2024-09-27 07:00:00,21.73,69.71,41.13,111.89,41.53,12.88,57.21,25.01,108.0,97.43,20.02,18.05,113.84,69.89,64.76,35.8,18.26,21.78,20.26,48.55,32.63,25.58,16.75,76.3,67.63,18.52,11.75,21.2,44.22,63.36,10.76,56.96,50.77,11.35,8.23,17.0,24.45,32.9,23.58,15.04,15.11,61.43,44.5,16.43,21.45,105.2,64.86,19.18,,19.3,23.7
2024-09-30 07:00:00,21.48,69.04,40.96,107.92,41.48,12.76,56.94,25.32,107.26,98.16,19.93,18.55,113.76,69.23,64.68,35.26,18.26,21.82,20.6,50.67,31.93,25.7,16.58,75.9,66.54,18.47,10.75,20.92,43.59,63.04,10.8,56.03,51.2,11.22,8.34,17.0,24.45,33.55,23.53,14.76,15.02,61.43,43.5,16.35,21.2,105.1,65.04,19.18,,19.4,23.68
2024-10-01 07:00:00,21.52,67.97,40.63,104.48,41.0,12.92,56.42,25.36,107.72,97.79,19.77,18.85,114.18,69.04,64.02,35.26,18.13,22.32,20.99,49.8,32.21,25.46,16.78,75.8,67.33,18.56,11.1,20.92,42.96,62.97,10.84,56.28,50.51,11.01,8.38,17.05,24.89,33.4,23.58,14.96,15.28,61.29,42.9,16.35,21.02,105.0,64.31,19.57,,19.15,23.7
2024-10-02 07:00:00,21.48,68.07,40.63,103.16,41.58,12.88,55.89,24.81,108.28,98.34,19.71,18.85,114.1,69.04,63.61,35.07,17.94,22.23,20.65,49.51,32.17,25.26,16.65,76.3,66.54,18.38,11.15,20.69,43.35,62.91,10.92,56.03,50.33,11.05,8.34,17.3,24.54,33.5,23.92,14.88,15.33,61.29,43.05,16.68,21.18,105.1,64.31,19.28,,19.25,23.81
2024-10-03 07:00:00,21.68,67.0,40.72,104.92,41.48,12.76,55.53,24.7,108.19,97.97,19.85,19.4,114.77,69.14,64.27,35.36,17.75,22.03,20.79,49.22,31.88,25.06,16.71,76.0,66.44,18.56,11.0,19.63,43.25,63.24,10.84,57.21,49.81,10.97,8.26,17.5,24.54,33.55,24.31,14.67,15.64,61.49,43.0,16.56,21.05,105.0,64.31,19.28,,19.15,23.78
2024-10-04 07:00:00,21.48,67.29,40.47,102.54,41.1,12.51,54.47,24.81,106.88,97.25,19.49,19.3,113.84,68.57,63.77,34.92,17.81,21.82,20.31,49.03,30.89,24.94,16.62,76.0,65.56,18.33,10.85,19.39,43.06,62.72,10.68,56.54,49.46,10.92,8.3,17.8,24.49,33.7,23.72,14.14,15.73,61.43,41.55,16.26,20.68,105.6,64.59,19.47,,18.65,23.68
2024-10-07 07:00:00,21.31,65.84,40.47,102.19,41.1,12.55,54.65,24.64,105.86,97.97,19.52,18.8,113.76,69.23,63.28,34.19,17.55,21.98,20.69,49.13,30.93,25.38,16.49,76.0,65.75,18.33,10.9,19.49,43.93,61.62,10.8,56.12,49.29,10.97,8.26,17.45,24.45,33.4,23.62,14.22,15.51,61.29,41.65,16.39,20.55,105.3,62.94,19.57,,18.45,23.38
2024-10-08 07:00:00,21.31,66.23,40.1,100.34,41.19,12.59,54.21,24.57,106.23,96.52,19.44,18.9,113.67,69.14,63.03,33.99,17.3,21.98,20.4,49.61,30.89,25.34,16.42,75.0,65.75,18.33,10.8,19.39,43.64,61.56,10.59,55.78,49.38,11.05,8.19,17.1,24.67,33.85,23.58,14.18,15.73,61.1,41.45,16.26,20.52,105.0,61.56,19.47,,18.3,23.41
2024-10-09 07:00:00,21.39,66.52,40.23,107.22,41.19,12.72,54.56,24.57,106.23,96.7,19.33,18.9,113.84,68.39,62.21,34.43,17.52,22.61,20.84,49.13,31.22,26.69,16.49,75.3,64.08,18.19,10.7,19.58,43.15,61.17,10.63,55.36,49.12,11.1,8.15,17.1,24.31,33.7,23.77,14.26,15.64,60.63,41.65,16.26,20.52,104.8,62.57,19.47,,18.3,23.58
2024-10-10 07:00:00,22.06,66.23,40.84,107.22,41.43,12.8,55.27,25.01,107.35,97.43,19.46,19.4,115.11,68.95,62.37,34.97,17.42,22.98,20.79,49.13,31.18,26.93,16.75,78.0,63.59,18.33,10.8,19.72,43.15,60.78,10.76,55.36,49.29,10.97,8.26,17.6,24.45,34.5,24.26,14.35,15.82,61.29,42.7,16.3,20.8,105.6,62.57,19.81,,18.6,23.71
2024-10-11 07:00:00,21.81,66.32,40.76,104.31,42.15,12.72,54.65,24.88,108.66,97.97,19.38,18.9,120.37,69.23,63.36,34.87,17.65,22.77,20.4,49.51,30.98,26.54,16.62,80.2,64.08,18.24,10.75,19.3,43.44,61.56,10.76,55.44,50.42,10.92,8.19,17.65,24.58,33.65,23.92,14.35,15.51,61.03,42.45,16.13,20.7,106.1,62.39,19.96,,18.5,23.82
2024-10-14 07:00:00,21.85,66.13,40.47,108.45,42.25,12.84,56.24,24.98,108.19,97.61,19.6,19.1,119.61,69.33,63.85,35.07,17.62,22.77,20.45,50.0,30.98,26.26,16.71,82.0,63.98,18.47,10.85,19.53,43.25,61.3,10.59,56.12,50.16,10.92,8.23,17.75,24.62,34.1,23.92,13.48,15.64,61.23,45.5,16.22,21.25,109.0,62.39,20.25,,19.4,23.85
2024-10-15 07:00:00,21.68,65.94,40.47,106.69,41.77,13.3,56.94,24.88,108.38,96.97,19.44,18.25,116.64,68.48,62.95,35.46,17.39,22.82,20.45,49.42,30.89,25.94,16.91,80.3,62.99,18.33,10.65,19.35,42.91,61.11,10.59,55.61,49.81,10.84,8.23,17.1,24.58,33.95,23.72,13.52,15.64,60.63,45.5,16.09,21.12,107.3,61.56,19.96,,19.15,23.77
2024-10-16 07:00:00,21.52,66.03,40.88,107.57,41.67,13.13,55.89,24.77,107.63,97.06,19.35,18.25,115.62,68.39,61.88,34.87,17.39,22.61,20.21,49.51,30.4,25.54,16.71,80.8,63.49,18.24,10.4,18.56,41.46,60.85,10.51,54.85,49.72,10.67,8.19,17.0,24.05,33.65,23.58,13.56,15.46,60.7,44.5,16.18,20.75,105.5,61.2,20.25,,18.8,23.7
2024-10-17 07:00:00,21.64,65.94,41.04,111.09,41.91,12.92,56.15,25.05,107.44,96.97,19.02,18.6,115.71,67.82,61.96,35.26,17.36,22.61,19.92,49.32,30.38,25.34,16.65,80.6,64.87,18.14,10.2,18.33,40.64,61.11,10.34,54.77,50.51,10.71,8.19,16.7,24.14,33.7,23.58,13.32,15.59,61.1,45.1,16.18,20.88,105.8,61.93,20.3,,18.7,23.7
2024-10-18 07:00:00,21.93,65.65,41.45,116.3,42.15,13.21,56.5,25.25,106.88,96.88,19.13,18.9,116.47,67.44,60.15,35.17,17.17,22.69,20.31,49.32,30.29,25.78,16.94,81.3,64.97,18.1,10.55,19.53,41.02,61.62,10.39,54.77,50.07,10.75,8.26,16.75,24.49,35.1,23.82,13.52,15.99,61.56,45.7,16.43,20.85,105.3,61.93,20.3,,18.95,24.0
2024-10-21 07:00:00,21.73,65.16,40.88,113.21,42.29,13.09,55.97,24.77,106.42,96.97,19.1,19.35,116.13,67.54,59.16,35.02,17.36,22.44,19.92,49.32,29.79,25.82,16.78,80.1,64.37,18.05,10.4,19.3,40.83,61.3,10.34,54.6,49.99,10.62,8.26,16.45,24.31,35.65,23.82,13.32,15.68,61.43,45.5,16.39,20.92,105.7,61.75,20.01,,18.8,23.93
2024-10-22 07:00:00,21.56,64.39,40.63,116.83,42.06,12.8,57.39,24.36,105.39,96.24,18.88,20.8,115.03,67.54,59.33,34.48,17.33,22.19,19.72,49.22,29.57,25.66,16.62,80.0,65.36,17.87,10.2,19.07,40.25,60.91,10.3,54.01,49.12,10.58,8.15,16.65,23.82,35.25,23.58,12.74,15.46,61.1,48.15,16.22,21.3,105.4,61.66,20.06,,19.1,23.84
2024-10-23 07:00:00,21.22,62.94,39.86,113.83,41.38,12.76,59.24,24.02,103.99,95.61,18.77,21.35,112.66,67.07,60.78,33.07,17.36,22.19,19.67,51.76,30.07,25.38,16.45,79.0,65.16,18.05,10.15,19.39,40.59,60.2,10.14,53.16,48.77,10.54,8.11,16.7,23.82,35.1,23.58,12.95,15.42,60.56,48.25,15.84,21.35,104.2,61.66,19.96,,18.65,23.69
2024-10-24 07:00:00,21.22,63.61,39.33,118.94,41.62,12.88,58.98,24.02,103.99,95.52,18.86,21.3,113.76,66.78,60.29,32.82,17.33,22.07,19.87,50.3,30.48,25.54,16.45,79.5,64.47,17.96,10.25,20.0,40.93,60.59,10.14,53.42,48.77,10.58,8.07,16.6,23.91,35.8,23.53,13.03,15.77,61.23,46.6,15.84,21.5,104.5,61.66,19.86,,18.7,23.61
2024-10-25 07:00:00,20.89,63.52,39.29,116.65,41.67,12.68,58.45,23.85,103.06,95.52,18.94,21.35,113.84,66.88,60.58,32.33,17.3,22.15,19.92,50.39,30.57,25.42,16.16,79.1,64.47,17.91,10.1,19.86,40.44,60.72,10.1,53.92,48.68,10.8,8.0,16.65,23.82,33.65,23.14,12.91,15.24,61.16,44.55,15.75,21.1,104.2,62.85,19.57,,18.25,23.4
2024-10-28 07:00:00,20.81,63.42,38.84,118.5,41.24,12.76,60.12,23.78,101.85,95.97,18.86,20.85,113.67,66.78,60.78,31.55,17.26,22.07,20.06,50.0,30.07,25.74,16.13,77.2,64.57,17.82,10.3,20.04,40.2,60.78,9.89,53.33,48.42,10.75,7.92,16.4,23.69,33.3,22.89,12.91,15.15,60.76,43.7,15.5,20.8,104.2,62.02,19.47,,18.2,23.31
2024-10-29 07:00:00,21.14,63.32,39.0,119.65,41.62,12.84,60.12,23.81,103.53,95.06,18.97,20.0,114.77,66.6,60.49,32.04,17.2,22.32,20.31,50.0,30.61,25.7,16.23,78.1,64.67,17.77,10.5,20.13,40.15,61.3,9.89,53.42,48.33,10.71,8.0,16.65,23.87,33.85,23.09,12.99,15.33,61.16,42.95,15.46,20.75,103.7,61.66,19.67,,18.15,23.39
2024-10-30 07:00:00,21.06,64.68,38.96,119.82,41.38,12.84,59.86,23.95,104.64,96.06,19.35,20.0,114.77,66.78,63.0,32.19,17.55,22.53,20.11,49.61,30.43,25.82,16.29,78.0,65.56,17.96,10.5,19.44,40.64,62.2,9.97,54.77,48.33,10.71,7.96,16.5,23.82,34.2,23.19,13.32,15.24,61.1,43.0,15.97,20.72,103.9,61.38,19.71,,18.2,23.34
2024-10-31 07:00:00,20.97,64.19,39.24,121.5,41.19,12.72,59.24,23.95,103.53,95.52,19.16,20.2,115.2,66.88,63.0,32.04,17.49,22.53,19.72,49.61,30.43,25.98,16.29,77.3,65.06,17.77,10.85,19.44,40.06,61.82,10.1,54.6,48.16,10.71,7.96,16.45,23.42,34.8,23.38,13.24,15.24,60.76,41.15,16.05,20.7,103.8,61.01,19.71,,18.2,23.35
2024-11-01 07:00:00,21.14,64.97,39.24,118.68,41.19,12.59,58.8,24.4,104.36,95.15,19.05,19.8,114.44,66.41,63.2,31.94,17.3,22.32,19.63,49.61,30.25,26.26,16.26,76.1,64.97,17.68,10.5,19.39,39.77,60.78,9.93,54.01,48.42,10.58,8.04,16.35,23.56,35.0,23.23,13.19,15.28,62.42,41.5,15.97,20.78,104.9,60.56,19.86,,17.85,23.35
2024-11-04 07:00:00,20.89,64.78,39.04,117.88,41.82,12.51,59.06,24.4,103.81,95.52,18.69,19.65,114.1,66.31,62.81,31.75,17.1,22.11,19.48,49.51,30.25,26.14,16.1,74.5,64.97,17.59,10.3,19.35,39.23,59.36,9.68,52.57,48.68,10.45,8.0,16.8,23.29,35.0,23.14,12.74,15.15,62.42,41.5,15.84,20.7,104.7,60.37,19.62,,17.8,23.23
2024-11-05 07:00:00,20.72,64.68,39.0,114.8,41.96,12.3,59.06,24.36,103.53,94.61,18.61,18.75,112.74,65.84,61.94,31.06,16.72,21.9,19.48,49.03,29.98,25.86,16.0,73.2,63.98,17.31,10.25,19.39,38.41,59.82,9.48,53.42,48.68,10.07,7.92,16.6,23.34,34.85,22.89,12.41,14.71,61.49,41.5,15.63,20.6,104.0,60.19,19.03,,17.6,23.03
2024-11-06 07:00:00,20.81,64.68,38.92,116.74,42.2,12.43,59.42,24.16,103.99,93.7,18.55,19.55,112.82,65.94,61.94,31.75,16.75,22.19,19.53,49.61,30.16,26.14,16.06,73.5,64.77,17.31,10.35,19.72,39.19,60.4,9.6,53.84,48.51,10.24,8.04,16.75,23.38,35.0,22.99,12.7,14.84,61.63,41.5,15.71,20.75,103.6,60.46,19.23,,17.9,23.0
2024-11-07 07:00:00,21.06,66.15,39.57,117.27,42.34,12.55,60.92,24.64,104.64,93.24,18.88,19.55,114.69,66.88,63.0,33.21,17.01,22.57,19.92,49.32,30.48,25.94,16.29,74.3,64.87,17.68,10.55,19.81,38.99,60.85,9.85,54.18,48.77,10.37,8.11,16.9,23.69,35.6,23.53,12.78,15.15,61.89,41.7,15.8,21.0,105.0,60.46,19.37,,18.2,23.46
2024-11-08 07:00:00,20.97,65.96,39.0,115.68,42.29,12.47,61.62,24.5,105.02,95.79,18.66,19.3,115.37,66.12,63.0,32.63,16.88,22.65,19.72,49.22,30.61,26.02,16.19,73.3,64.47,17.63,10.9,20.13,39.23,60.2,9.68,54.77,48.51,10.37,8.07,16.85,23.42,35.85,23.38,12.74,15.02,62.09,41.3,15.71,20.9,104.3,60.46,19.28,,18.15,23.26
2024-11-11 07:00:00,20.81,65.66,38.75,117.18,43.4,12.39,61.45,24.02,104.46,93.61,18.61,18.9,115.71,66.03,62.04,32.14,16.88,22.53,19.53,49.22,30.48,25.66,16.0,72.3,63.59,17.59,10.55,19.76,38.7,59.88,9.68,54.51,48.16,10.37,8.0,16.75,23.2,35.4,23.09,12.66,14.75,61.63,40.0,15.46,20.52,104.6,60.19,18.94,,17.8,23.05
2024-11-12 07:00:00,20.72,66.35,38.02,115.94,43.78,12.26,61.18,23.88,107.82,94.06,18.77,18.55,117.49,66.03,63.68,32.68,16.27,23.11,19.92,49.22,30.29,25.5,15.83,73.5,62.2,16.94,10.65,19.35,37.93,59.69,9.72,55.19,48.24,10.45,7.96,16.7,22.94,33.8,22.8,12.54,14.48,61.1,40.6,15.46,20.5,104.5,59.73,18.74,,17.85,23.0
2024-11-13 07:00:00,20.72,66.35,37.85,117.47,43.59,12.1,62.51,23.64,107.44,92.97,18.8,18.5,115.88,65.94,63.78,31.94,16.52,22.65,19.48,49.03,30.02,25.3,15.7,72.3,59.94,17.73,10.6,19.07,38.12,60.08,9.68,55.36,49.38,10.37,7.92,16.4,22.85,33.5,22.41,12.37,14.26,61.03,40.3,15.46,20.42,104.1,59.64,18.45,,18.0,22.89
2024-11-14 07:00:00,20.6,66.15,37.81,114.52,43.11,12.01,61.8,23.54,108.75,93.24,18.77,18.65,116.89,65.18,63.29,32.04,16.49,22.53,19.38,49.12,30.34,25.46,15.7,72.6,60.63,17.63,10.7,19.58,37.59,60.01,9.68,55.36,49.46,10.41,7.92,16.4,22.62,33.55,22.41,12.29,14.26,61.1,40.35,15.5,20.32,103.6,59.55,18.59,,18.1,22.93
2024-11-15 07:00:00,20.51,67.63,37.28,113.32,42.34,11.72,58.45,23.06,107.63,93.42,18.83,18.4,114.69,64.9,64.16,30.76,16.24,21.9,18.56,48.83,29.84,25.02,15.44,71.1,59.94,17.35,10.7,18.89,37.98,59.95,9.48,54.6,48.77,10.28,7.81,16.7,21.96,32.4,22.21,11.84,13.86,61.1,40.35,15.29,20.32,103.1,59.46,18.35,,18.15,22.75
2024-11-18 07:00:00,20.39,65.56,36.51,111.48,42.01,11.47,58.27,22.72,105.58,90.97,18.61,17.95,113.59,64.62,63.39,30.56,15.85,21.65,17.88,48.93,29.66,25.1,15.31,70.6,59.05,17.31,10.5,18.47,37.11,59.49,9.31,54.77,49.03,10.24,7.73,16.6,21.29,32.55,21.82,11.67,13.86,60.9,40.3,15.33,20.27,102.9,58.36,18.11,,18.2,22.55
2024-11-19 07:00:00,20.47,66.25,36.96,109.18,42.16,11.64,57.83,22.99,105.87,91.51,18.69,18.0,113.16,65.47,62.52,30.76,15.82,21.53,18.07,48.93,29.43,25.06,15.31,70.6,58.16,17.77,10.55,18.75,36.77,59.49,9.39,54.01,48.77,10.32,7.73,16.55,21.65,32.6,21.97,12.58,14.17,60.76,40.9,15.37,20.2,102.0,57.99,18.25,,18.1,22.5
2024-11-20 07:00:00,20.22,62.91,36.55,107.7,42.3,11.52,56.77,22.68,102.04,90.97,18.55,17.85,110.2,63.96,61.26,29.97,15.82,21.15,17.68,48.93,28.8,25.02,15.09,69.9,56.39,17.49,11.15,18.61,36.82,59.11,9.23,52.99,47.64,10.24,7.66,16.55,21.25,31.7,21.72,12.45,13.95,59.77,42.2,15.21,20.1,101.3,57.72,17.91,,17.9,22.1
2024-11-21 07:00:00,20.47,64.68,36.87,110.56,42.79,11.81,57.56,23.33,102.13,90.79,18.74,17.8,112.23,63.86,61.07,30.37,15.85,21.36,18.27,49.12,29.43,25.18,15.38,70.5,56.19,17.77,11.25,19.35,37.4,59.88,9.39,54.18,48.42,10.15,7.77,16.7,21.6,32.4,22.21,12.91,14.35,60.03,43.25,15.33,20.18,102.0,58.36,18.21,,18.0,22.33
2024-11-22 07:00:00,20.77,63.89,37.45,112.4,43.38,11.72,57.74,23.95,102.9,90.7,19.3,18.05,112.66,64.62,62.62,30.66,15.95,21.57,18.22,48.73,29.61,25.3,15.61,71.3,57.87,17.68,11.25,19.44,38.07,60.72,9.48,54.85,48.16,10.15,7.77,16.85,21.78,33.0,22.6,12.91,14.39,60.43,42.65,15.5,20.18,101.7,58.54,18.69,,18.2,22.5
2024-11-25 07:00:00,20.85,64.68,37.36,110.1,43.38,11.72,57.56,23.98,101.27,91.06,19.66,18.0,113.59,65.37,61.94,30.47,15.88,21.73,18.36,49.12,29.61,25.42,15.64,71.2,57.97,17.77,11.15,19.21,38.03,60.14,9.43,54.68,48.68,10.15,7.81,16.85,21.69,32.7,22.89,12.66,14.35,60.37,41.5,15.42,20.23,101.6,58.91,18.55,,18.1,22.5
2024-11-26 07:00:00,20.81,64.29,37.2,108.35,43.87,11.81,58.27,24.02,102.8,90.33,19.66,18.25,113.08,65.37,62.04,30.56,15.88,21.9,18.22,49.71,29.79,25.42,15.67,72.3,58.46,18.19,10.85,19.39,37.88,59.95,10.1,56.45,48.42,10.15,7.81,16.8,21.87,33.0,22.89,12.62,14.35,60.7,42.7,15.67,20.5,102.9,59.09,18.55,,18.25,22.58
2024-11-27 07:00:00,20.85,64.19,37.81,111.3,43.14,11.89,58.62,24.09,102.23,90.6,20.27,18.3,114.6,65.75,62.81,31.06,16.11,21.94,18.51,49.71,30.16,25.46,15.64,72.5,59.05,17.96,11.2,19.76,37.98,59.88,10.14,56.28,48.85,10.28,7.85,16.75,21.87,33.1,22.89,12.91,14.35,61.29,42.2,15.67,20.52,103.0,59.36,18.55,,18.3,22.72
2024-11-28 07:00:00,21.02,64.97,38.02,109.64,43.72,11.85,58.09,24.22,102.52,90.42,19.71,18.75,118.16,65.28,62.33,30.86,16.2,22.03,18.46,49.71,30.11,25.9,15.77,72.9,59.44,18.19,11.3,19.86,37.98,60.46,10.47,56.62,49.12,10.45,7.85,17.0,21.74,33.2,23.04,12.99,14.44,61.83,42.25,15.71,20.55,102.5,59.55,18.69,,18.25,22.73
2024-11-29 07:00:00,21.02,64.97,37.69,114.25,43.58,11.72,57.48,24.36,103.48,91.61,19.49,18.8,118.16,65.28,62.62,30.91,16.3,22.03,18.46,50.1,29.98,25.54,15.67,72.5,59.15,18.05,11.05,19.49,38.99,60.14,10.3,56.71,48.33,10.5,7.81,17.0,21.6,33.05,22.89,12.78,14.44,61.49,41.3,15.88,20.32,102.2,59.09,18.64,,17.95,22.8
2024-12-02 07:00:00,21.1,65.66,38.35,118.39,47.55,11.72,58.36,24.64,105.39,91.88,19.71,18.5,123.17,65.65,62.91,31.06,16.33,22.44,18.51,50.3,30.11,25.78,15.77,73.2,59.84,18.24,11.0,19.63,38.7,60.01,10.34,56.79,48.94,10.58,7.85,17.0,21.87,33.4,23.09,12.82,14.53,63.02,41.1,16.05,20.27,102.6,59.18,18.79,,17.9,22.92
2024-12-03 07:00:00,21.06,64.78,38.02,114.8,47.65,11.93,58.98,24.67,105.01,93.24,19.77,18.5,120.95,65.28,61.94,31.16,16.65,22.36,18.51,49.81,29.61,26.58,15.74,72.4,59.25,18.01,11.0,19.35,38.36,60.66,10.26,56.62,48.94,10.54,7.81,16.95,21.74,33.15,23.04,12.87,14.35,62.69,40.8,15.92,20.2,102.0,59.18,18.64,,17.85,22.9
2024-12-04 07:00:00,20.85,64.68,37.69,114.25,50.98,11.89,58.98,24.43,105.1,94.97,19.88,18.4,123.77,64.71,62.04,30.47,16.75,22.36,18.17,49.32,29.89,27.09,15.57,72.5,58.56,18.24,10.7,19.16,38.75,60.46,10.47,57.38,48.94,10.54,7.77,16.8,21.56,32.55,22.84,12.7,14.26,61.63,40.7,15.88,20.2,101.4,58.45,18.55,,17.65,22.89
2024-12-05 07:00:00,20.89,64.19,37.04,115.9,50.39,11.76,58.53,24.22,103.38,92.79,19.71,18.3,122.92,64.71,62.71,29.97,16.68,22.23,17.73,49.03,29.84,26.73,15.54,71.9,57.57,18.28,10.5,18.89,38.99,60.91,10.18,56.71,50.16,10.58,7.73,16.95,21.42,32.35,22.84,12.66,14.08,61.76,40.5,15.88,20.4,101.4,58.17,18.5,,17.4,22.66
2024-12-06 07:00:00,21.31,66.45,37.94,116.64,51.37,12.14,59.77,25.05,105.87,93.24,20.13,18.7,129.66,65.84,63.87,31.06,17.2,23.19,18.27,48.83,30.38,27.09,16.03,74.1,59.94,18.56,10.9,20.41,39.28,62.2,10.39,57.72,50.25,10.75,7.96,17.0,23.11,33.9,23.58,13.24,14.66,62.42,41.6,16.26,20.42,102.8,59.09,18.98,,17.75,23.35
2024-12-09 07:00:00,21.39,66.35,38.14,117.01,50.78,12.1,59.33,24.81,110.66,92.42,20.21,18.65,127.35,65.47,65.23,31.65,17.3,23.02,18.17,48.83,30.61,27.49,15.9,73.4,60.73,18.42,10.65,20.37,39.14,62.4,10.3,57.64,50.25,10.92,7.85,17.1,23.38,33.7,23.48,12.87,14.53,62.56,41.5,16.3,21.05,102.5,59.09,18.74,,17.7,23.35
2024-12-10 07:00:00,21.31,66.84,38.26,117.01,50.68,12.01,60.21,25.01,111.04,93.88,20.02,19.0,125.56,65.37,65.13,31.8,17.36,23.07,18.41,48.83,31.25,27.25,15.9,73.0,60.23,18.38,10.7,20.51,38.85,62.59,10.39,57.38,50.07,11.01,7.85,17.3,23.25,34.05,23.43,13.07,14.57,63.29,41.45,16.3,20.92,102.6,58.72,18.89,,17.7,23.36
2024-12-11 07:00:00,21.18,66.84,38.39,116.73,51.96,12.05,60.21,24.91,111.33,95.61,19.96,19.0,128.04,64.99,64.46,31.3,18.2,23.23,18.46,51.27,31.61,27.17,15.8,73.0,59.84,18.24,10.65,20.37,38.9,62.4,10.47,56.88,50.68,10.97,7.88,17.35,23.38,33.8,23.43,12.95,14.57,62.76,40.95,16.35,20.6,102.6,58.54,18.74,,17.6,23.36
2024-12-12 07:00:00,21.22,65.96,38.18,115.17,51.17,12.05,59.5,24.98,111.62,99.16,19.77,19.3,129.66,64.81,63.97,31.16,18.24,23.11,18.27,53.71,31.34,26.81,15.9,72.5,59.44,18.33,10.55,20.23,38.56,62.46,10.34,56.2,50.16,11.05,8.07,17.35,23.2,33.65,23.58,12.91,14.53,62.09,40.9,16.22,20.65,102.9,58.82,18.74,,17.5,23.39
2024-12-13 07:00:00,21.14,66.35,38.06,117.01,51.66,11.89,58.45,24.81,110.76,97.79,19.6,20.0,127.61,64.52,64.36,31.16,18.47,22.73,18.22,55.47,31.16,26.46,15.8,72.0,58.95,18.52,10.5,19.86,38.12,62.59,10.22,55.78,50.07,11.05,7.92,17.25,23.07,33.8,23.67,12.87,14.53,61.89,40.7,16.13,20.38,102.8,58.91,18.69,,17.3,23.27
2024-12-16 07:00:00,21.02,66.55,38.43,115.72,51.96,11.72,58.36,24.94,110.18,97.88,19.55,19.8,127.7,64.52,63.68,30.96,18.24,22.65,17.78,56.64,31.29,26.58,15.8,71.2,60.13,18.24,10.5,20.04,37.74,62.91,10.18,56.12,49.99,11.01,7.88,17.35,23.02,34.0,23.67,12.66,14.44,61.76,40.65,16.26,20.4,102.4,58.82,18.64,,17.35,23.36
2024-12-17 07:00:00,21.1,66.84,38.43,113.79,51.17,11.81,58.8,24.88,110.66,97.7,19.57,19.3,128.12,64.15,63.68,31.01,18.39,22.48,17.93,57.72,31.43,26.5,15.67,71.0,60.13,18.75,10.45,19.9,37.4,63.24,10.26,55.86,50.07,11.05,7.85,17.25,23.2,34.1,23.77,12.66,14.39,61.76,41.0,16.35,20.35,102.0,59.46,18.59,,17.3,23.2
2024-12-18 07:00:00,21.1,66.65,38.3,112.4,50.88,11.81,59.5,24.84,111.62,98.61,19.44,19.55,126.33,64.43,62.91,30.66,18.35,22.48,17.88,58.11,32.02,26.54,15.74,71.1,59.35,18.38,10.45,19.72,37.44,62.98,10.22,56.12,49.9,10.92,7.85,17.1,23.11,34.1,23.62,12.54,14.39,61.76,41.3,16.22,20.27,101.4,59.55,18.5,,17.15,23.22
2024-12-19 07:00:00,20.93,65.86,38.14,112.59,50.98,11.93,58.53,24.6,109.51,101.34,19.35,19.3,125.73,64.24,62.81,30.47,18.2,22.48,18.12,58.21,31.43,26.85,15.51,71.0,58.95,18.38,10.5,19.67,37.64,62.33,10.3,56.54,49.64,10.88,7.81,17.05,22.94,33.8,23.38,12.45,14.26,61.63,40.6,16.09,20.15,100.5,59.0,18.45,,17.05,23.18
2024-12-20 07:00:00,20.77,65.37,38.02,115.17,50.98,11.89,58.36,24.7,111.14,100.88,19.6,19.2,126.76,64.52,63.0,30.56,18.12,22.36,18.41,57.82,32.29,26.62,15.54,70.5,59.15,18.42,10.5,19.39,38.32,62.72,10.34,56.79,49.55,10.84,7.73,16.8,23.2,33.75,23.23,12.41,14.26,61.36,40.4,15.92,20.15,100.0,58.63,18.3,,17.05,23.04
2024-12-23 07:00:00,20.77,66.84,38.47,115.9,50.39,11.93,59.68,24.84,111.14,99.7,19.49,19.1,127.61,64.81,63.0,30.86,18.12,22.28,18.17,57.72,32.61,26.77,15.64,70.9,59.74,18.56,10.35,19.49,37.83,62.59,10.14,57.72,49.64,10.97,7.7,16.65,23.29,34.15,23.38,12.5,14.35,61.49,40.8,16.05,20.25,100.3,59.27,18.45,,17.15,23.0
2024-12-24 07:00:00,20.81,66.84,38.27,124.38,52.35,11.97,59.95,24.77,111.72,100.97,19.6,19.5,128.04,64.62,63.2,30.42,18.04,22.4,18.12,57.52,32.56,26.73,15.67,70.4,60.33,18.56,10.5,19.26,37.59,62.78,10.01,57.38,49.9,11.01,7.73,16.9,22.98,34.55,23.43,12.41,14.26,61.56,40.5,16.01,20.25,100.6,59.0,18.45,,17.05,23.13
2024-12-25 07:00:00,20.89,66.74,37.78,124.38,52.15,11.97,59.41,24.84,114.01,101.25,19.8,19.6,128.55,64.33,63.58,30.42,18.08,22.28,18.02,57.52,32.66,26.77,15.61,70.2,60.43,19.21,10.35,18.79,37.2,62.91,9.89,56.96,50.07,10.97,7.77,16.85,23.11,34.8,23.38,12.41,14.31,61.23,40.5,16.05,20.3,101.1,59.0,18.45,,17.05,23.13
2024-12-26 07:00:00,21.27,68.12,38.52,126.68,52.15,12.22,61.66,26.35,114.01,100.03,19.6,19.55,128.89,64.62,64.84,30.86,18.43,22.61,18.41,55.18,32.38,27.41,15.97,71.1,61.51,19.45,10.4,18.89,37.54,63.17,10.06,58.06,49.81,11.1,7.85,17.25,23.56,36.45,23.87,12.91,14.53,61.43,40.75,16.35,20.35,102.0,59.28,18.74,,17.35,23.4
2024-12-27 07:00:00,21.39,68.51,38.82,124.1,51.37,12.13,61.83,26.32,112.67,99.84,19.57,19.25,127.61,64.71,64.65,30.47,18.62,22.48,18.36,57.82,32.61,27.29,16.32,70.5,59.74,19.45,10.4,19.21,37.35,62.98,10.1,57.72,50.35,11.05,7.81,17.05,23.47,37.2,23.87,12.91,14.75,61.43,40.8,16.73,20.35,101.6,59.0,18.69,,17.2,23.45
2024-12-30 07:00:00,21.18,67.63,38.67,123.83,50.68,12.05,61.12,26.42,111.62,98.14,19.77,19.5,127.52,64.62,64.26,30.27,19.24,22.32,18.27,56.84,32.34,29.16,16.39,70.3,59.64,19.49,10.55,19.07,37.3,62.91,9.93,56.96,50.26,11.14,7.81,16.8,23.65,37.35,24.11,12.62,14.93,61.23,40.45,16.94,20.18,100.2,58.72,18.69,,17.05,23.55
2024-12-31 07:00:00,21.22,68.61,38.08,121.62,50.98,11.96,61.56,26.49,111.33,98.24,19.57,19.3,128.64,64.43,63.87,30.22,20.32,22.28,18.17,58.01,32.88,29.39,16.16,70.2,60.04,19.26,10.3,19.39,37.01,62.91,10.06,56.71,50.44,11.01,7.77,16.85,23.51,37.55,23.72,12.41,14.79,61.23,40.5,16.73,20.27,100.5,58.54,18.74,,17.05,23.47
2025-01-02 07:00:00,21.39,68.81,37.78,120.88,50.19,12.01,61.66,26.08,111.72,97.95,19.44,19.25,130.17,64.33,63.0,30.07,19.62,22.23,17.93,57.62,32.34,29.25,16.39,70.1,60.04,19.45,10.35,19.16,36.72,63.24,9.93,57.3,50.35,11.22,7.81,16.9,23.16,36.95,24.01,12.45,14.84,60.83,40.1,16.64,20.25,100.1,58.72,18.59,,17.2,23.59
2025-01-03 07:00:00,21.31,68.91,37.78,121.62,50.29,11.96,62.64,25.94,111.62,97.86,19.6,18.85,129.15,64.15,64.07,30.17,19.28,22.4,18.07,57.52,31.75,29.16,16.42,70.8,59.74,19.45,10.4,19.12,37.3,62.91,9.93,56.79,50.17,11.01,7.77,16.75,23.02,36.95,23.72,12.45,14.66,61.03,40.05,16.64,20.27,99.9,58.35,18.59,,17.35,23.5
2025-01-06 07:00:00,20.89,68.51,37.88,122.17,48.53,11.83,61.48,25.56,110.28,97.48,19.71,18.4,127.27,64.05,63.39,29.87,18.85,22.15,17.68,58.4,31.47,28.36,16.1,69.8,57.57,19.35,10.6,18.93,37.2,62.53,9.77,55.19,49.54,10.8,7.81,16.65,22.54,36.1,22.99,12.17,14.39,61.1,40.0,16.18,20.2,99.5,58.17,18.25,,17.2,23.18
2025-01-07 07:00:00,20.72,69.1,38.67,120.7,47.55,11.62,62.19,25.73,107.79,97.67,19.38,18.1,127.61,63.68,61.94,29.04,18.93,21.78,17.29,57.42,31.43,28.27,16.27,67.3,56.49,19.21,10.45,18.33,37.4,62.08,9.6,54.34,48.45,10.24,7.81,16.75,22.54,36.45,23.28,11.84,14.31,61.89,39.85,16.22,20.15,99.7,57.8,18.35,,17.05,23.03
2025-01-08 07:00:00,20.89,71.86,39.96,124.38,47.3,11.28,61.56,25.66,107.6,97.39,18.94,18.2,128.04,63.11,60.68,27.9,18.66,21.69,17.2,57.42,30.88,28.64,16.09,66.9,56.29,18.75,10.25,17.36,36.72,61.04,9.48,54.68,48.45,10.37,7.77,16.65,21.78,36.7,23.19,11.59,14.44,61.29,40.0,16.35,20.2,99.4,57.24,18.21,,16.9,23.02
2025-01-09 07:00:00,20.85,71.56,39.46,125.76,48.04,11.36,61.3,25.94,108.36,97.39,19.13,18.4,126.59,63.3,61.36,28.4,17.81,21.9,17.54,57.33,30.84,28.83,16.2,67.8,57.18,19.45,10.35,17.87,37.25,61.95,9.68,54.09,48.45,10.54,7.81,17.3,21.96,36.8,23.43,11.84,14.48,61.1,40.0,16.43,20.27,99.4,57.06,18.4,,16.9,23.01
2025-01-10 07:00:00,20.81,70.28,39.46,122.81,47.84,11.49,61.83,25.66,107.6,97.67,18.91,18.4,127.01,63.11,60.78,28.2,17.19,21.65,17.34,57.42,30.75,28.55,16.09,67.3,56.68,19.59,10.25,17.59,37.59,61.62,9.68,54.68,48.36,11.13,7.77,17.05,21.6,36.4,23.38,11.63,14.31,61.03,40.4,16.47,20.38,99.3,56.97,18.21,,17.0,23.0
2025-01-13 07:00:00,20.47,67.92,38.67,119.04,48.04,11.32,62.1,25.53,105.39,97.2,18.5,17.95,124.71,62.83,59.62,27.75,16.35,21.28,16.66,56.94,30.84,28.13,15.86,65.4,55.8,19.4,9.93,16.66,37.3,60.46,9.68,54.26,48.18,11.03,7.7,17.05,20.94,35.0,22.6,10.93,14.04,60.63,39.8,16.26,19.85,98.8,56.51,17.96,,16.8,22.78
2025-01-14 07:00:00,20.68,68.71,38.77,117.93,48.53,11.45,64.07,25.7,105.87,97.1,18.99,18.3,125.99,62.64,59.81,27.7,16.77,21.61,16.81,57.03,31.16,28.6,16.05,65.0,56.49,19.63,9.5,17.36,37.78,61.69,9.81,54.94,48.72,11.13,7.7,17.15,21.51,35.3,22.94,11.39,14.13,61.03,39.7,16.39,20.1,98.5,56.69,17.77,,16.65,22.7
2025-01-15 07:00:00,20.77,69.69,38.77,115.17,49.9,11.36,63.45,25.39,104.53,96.73,18.94,18.25,124.62,63.3,58.16,27.75,16.31,21.65,16.61,57.13,31.2,28.92,16.09,64.5,56.59,19.31,9.2,17.08,38.61,61.3,9.72,54.85,49.62,11.03,7.7,17.25,21.47,35.4,23.19,11.3,14.22,61.03,40.0,16.47,20.15,98.6,57.34,17.82,,16.2,22.6
2025-01-16 07:00:00,20.77,68.81,38.77,115.35,50.59,11.75,64.52,25.29,105.3,97.29,18.94,18.35,124.79,63.2,58.36,28.1,16.73,21.9,17.1,57.52,30.93,29.06,16.12,66.5,56.39,19.49,9.2,17.45,39.04,60.72,9.93,54.77,49.44,11.17,7.73,17.7,21.69,35.4,23.23,11.43,14.31,61.03,40.2,16.73,20.15,98.8,57.52,18.01,,16.35,22.8
2025-01-17 07:00:00,20.77,67.73,38.77,116.09,50.0,11.62,65.33,25.25,105.2,96.82,18.97,18.35,125.14,63.3,59.23,28.0,16.65,21.9,16.81,57.42,30.98,29.34,16.12,66.3,56.49,19.16,9.21,17.36,38.65,61.62,9.81,55.36,48.63,11.22,7.7,17.6,21.69,35.4,23.23,11.39,14.26,61.56,40.1,16.68,20.25,98.9,57.43,17.91,,16.5,22.8
2025-01-20 07:00:00,20.85,68.02,39.02,117.84,50.88,11.62,66.22,25.56,105.39,97.01,18.97,18.4,127.18,63.3,60.0,28.74,17.35,22.07,17.0,57.42,31.25,29.72,16.12,66.0,56.88,19.07,9.24,17.54,38.7,61.75,9.72,56.28,48.36,11.13,7.73,17.65,21.91,35.85,23.77,11.67,14.44,61.29,40.0,16.77,20.15,98.5,57.24,17.91,,16.5,22.93
2025-01-21 07:00:00,20.93,67.82,39.61,115.17,51.27,11.75,65.6,25.7,105.01,97.48,18.88,18.5,128.46,64.05,60.0,28.44,17.93,22.15,16.91,57.62,31.38,29.53,16.46,65.6,56.88,19.26,9.12,17.36,38.65,62.14,9.68,56.54,49.08,11.22,7.77,18.0,21.82,36.45,23.77,11.59,14.66,61.16,40.0,17.06,20.27,99.0,57.24,18.01,,16.75,23.01
2025-01-22 07:00:00,20.89,67.82,39.36,116.0,50.98,11.62,65.96,25.8,104.43,95.78,18.86,18.15,127.7,63.58,60.0,28.05,17.5,21.98,16.86,57.62,31.25,29.76,16.46,65.8,57.08,18.87,9.05,17.08,38.61,61.88,9.48,55.86,48.63,11.22,7.77,18.6,21.78,36.2,23.82,11.63,14.48,61.1,40.0,17.02,20.25,98.8,57.24,17.91,,16.6,23.06
2025-01-23 07:00:00,20.81,66.25,39.07,114.25,49.8,11.41,65.24,25.66,105.49,95.97,18.63,18.0,128.12,62.92,59.42,27.61,16.92,21.82,16.57,57.33,31.29,31.3,16.42,65.3,56.49,18.82,8.69,17.03,37.93,62.46,9.39,55.19,48.72,11.27,7.73,18.75,21.74,36.65,23.72,11.67,14.44,60.63,39.55,16.85,20.2,98.8,56.87,18.01,,16.2,23.0
2025-01-24 07:00:00,21.06,66.65,39.46,115.35,49.8,11.41,65.51,26.15,106.35,95.78,19.05,18.3,131.54,63.11,59.62,28.2,17.31,22.19,16.91,57.23,31.52,32.93,16.54,65.5,58.36,19.07,8.88,17.36,37.83,62.78,9.52,55.7,48.45,11.6,7.81,18.6,22.31,37.3,24.16,11.88,14.48,61.16,39.5,17.32,20.12,98.9,57.15,18.4,,16.45,23.3
2025-02-03 07:00:00,20.93,67.73,39.26,116.83,49.8,11.41,65.33,26.25,106.73,95.88,19.19,18.5,126.33,63.86,61.45,28.54,17.35,22.07,16.91,57.33,31.34,33.39,16.54,67.8,58.16,18.82,8.93,17.59,37.93,63.17,9.56,55.02,48.36,11.64,7.88,18.3,22.09,36.8,23.87,12.41,14.57,61.29,39.55,17.27,20.1,99.5,57.43,18.3,,16.5,23.35
2025-02-04 07:00:00,21.1,68.81,39.07,113.42,49.7,11.53,65.06,26.25,106.16,95.5,19.49,18.25,124.62,63.02,60.58,29.13,17.31,22.07,17.25,57.62,31.38,33.35,16.65,68.1,59.05,18.97,8.93,17.5,38.12,63.43,9.6,55.44,47.64,11.6,8.0,18.7,22.14,36.7,23.72,12.45,14.44,61.16,38.95,17.02,20.02,98.8,55.95,18.25,,16.3,23.05
2025-02-05 07:00:00,21.1,69.1,39.46,114.34,50.39,11.83,70.8,27.21,107.12,96.54,19.6,18.65,125.39,63.58,60.87,29.13,17.42,22.36,17.39,57.42,31.61,32.88,16.88,68.7,58.75,19.11,9.44,17.82,38.85,63.3,9.85,55.78,47.64,12.02,8.04,18.55,22.62,37.45,24.21,12.74,14.75,61.1,39.0,17.19,20.1,98.2,55.77,18.25,,16.35,23.35
2025-02-06 07:00:00,21.31,71.17,39.21,114.98,50.39,11.71,71.69,27.04,107.02,95.59,19.52,18.55,125.48,64.24,61.65,29.28,17.5,22.32,17.44,57.42,31.66,33.53,16.91,67.5,58.66,19.36,9.42,18.14,38.7,63.5,9.77,56.37,48.0,12.07,7.96,18.8,22.4,37.5,24.26,12.91,14.84,61.63,39.0,17.4,20.18,97.7,56.78,18.59,,16.9,23.27
2025-02-07 07:00:00,21.31,69.3,39.36,114.61,50.19,12.01,73.48,27.11,106.73,96.73,19.63,18.6,125.05,63.68,60.97,28.79,17.81,22.32,17.29,57.62,31.43,34.0,17.02,67.7,58.06,19.26,9.44,18.33,38.61,63.75,9.81,55.86,47.55,12.73,8.0,18.2,22.27,37.35,24.79,12.74,14.79,61.69,38.85,17.15,20.25,97.9,56.04,18.45,,16.65,23.35
2025-02-10 07:00:00,21.43,68.81,40.05,112.4,51.08,12.61,72.14,28.0,105.87,96.63,19.38,18.6,124.2,63.3,60.58,28.99,17.35,22.07,17.05,57.23,31.16,33.91,17.02,67.8,57.47,19.16,9.45,17.82,38.51,63.3,9.89,56.45,47.1,12.73,8.0,18.5,22.18,37.4,25.09,12.5,14.66,61.69,38.7,17.19,20.18,98.0,56.51,18.4,,16.7,23.37
2025-02-11 07:00:00,21.6,69.79,40.05,108.72,51.86,12.52,73.66,27.69,103.09,95.31,19.05,18.75,121.38,63.39,59.71,28.54,17.54,21.19,16.23,57.33,30.88,34.05,17.25,68.8,56.59,18.92,9.24,17.54,39.19,61.87,9.81,56.54,47.01,12.78,8.0,18.65,22.18,38.4,25.43,12.45,14.88,61.23,37.85,17.53,20.0,96.8,55.95,18.35,,16.6,23.3
2025-02-12 07:00:00,21.64,69.1,39.91,110.19,51.86,12.31,75.54,27.93,104.43,96.25,19.27,19.1,124.28,63.11,58.75,28.74,17.5,21.82,16.47,57.42,31.16,34.51,17.25,68.7,55.99,19.16,9.22,17.54,39.86,61.74,9.89,57.21,46.65,12.82,8.19,18.95,22.05,38.5,25.33,12.62,15.19,61.03,37.8,17.44,19.98,96.3,55.95,18.5,,16.55,23.33
2025-02-13 07:00:00,21.43,69.3,39.56,110.1,54.21,12.35,76.35,27.66,103.38,95.78,19.35,19.2,123.77,63.2,58.65,28.4,17.39,21.61,16.42,57.13,30.88,34.79,17.14,68.8,55.21,19.36,9.16,17.4,40.01,62.0,9.81,57.38,46.83,12.64,8.07,18.9,22.0,38.5,24.94,12.45,14.97,61.03,37.9,17.23,19.95,95.7,56.32,18.4,,16.4,23.39
2025-02-14 07:00:00,21.68,69.69,39.91,110.1,53.23,12.26,79.85,28.14,104.24,94.84,20.27,19.15,122.92,63.39,59.52,29.38,17.62,21.73,16.23,57.42,30.7,35.68,17.25,69.2,54.32,20.52,9.09,17.59,41.02,62.33,10.06,57.3,47.28,12.73,8.23,19.2,22.22,39.3,25.43,12.78,15.11,61.23,38.95,17.44,20.25,96.2,56.04,18.59,,16.7,23.38
2025-02-17 07:00:00,21.68,68.91,40.2,109.45,53.33,12.22,82.54,27.79,103.48,94.74,20.13,19.1,123.77,63.77,59.71,30.02,17.7,21.78,16.52,57.33,30.75,34.93,17.18,68.1,54.42,20.42,9.26,17.82,41.02,61.81,10.14,56.88,46.47,12.64,8.23,19.35,22.14,38.25,25.33,12.74,15.02,60.76,38.8,17.23,20.12,96.7,55.77,18.5,,16.6,23.41
2025-02-18 07:00:00,21.56,68.61,39.66,110.1,52.65,12.43,79.76,27.55,102.42,94.37,20.1,19.55,122.74,64.05,59.13,30.32,17.46,21.94,16.52,57.42,30.75,34.88,16.99,66.4,53.23,20.32,9.19,17.68,40.64,61.81,10.22,56.2,46.11,12.73,8.34,19.9,22.31,38.3,25.04,12.66,14.97,60.83,38.9,17.23,20.05,97.5,55.77,18.35,,16.5,23.35
2025-02-19 07:00:00,21.52,68.42,40.05,108.44,56.66,12.43,81.19,27.83,103.48,95.31,20.05,19.55,122.83,64.24,58.94,30.76,17.5,22.15,16.76,56.94,30.79,34.14,17.1,66.6,53.92,20.52,9.47,17.87,41.61,60.77,10.14,57.13,46.2,12.87,8.3,19.6,22.45,38.65,25.28,13.07,15.06,60.83,39.15,17.23,20.1,97.5,55.67,18.5,,16.9,23.4
2025-02-20 07:00:00,21.6,70.38,40.55,108.81,55.39,12.48,83.79,28.17,103.76,95.5,20.32,20.6,123.09,65.18,59.33,31.25,17.62,22.11,16.86,57.13,31.16,34.19,17.25,68.0,55.11,20.66,9.5,18.1,41.94,61.55,10.3,62.02,46.47,12.96,8.34,19.4,22.62,38.9,25.52,14.02,15.11,61.23,39.2,17.44,20.23,97.4,56.23,18.59,,17.25,23.48
2025-02-21 07:00:00,21.73,71.26,40.4,110.56,56.27,12.48,82.0,28.03,105.77,95.4,20.57,20.35,121.89,64.62,59.52,31.9,17.62,22.11,17.0,57.13,31.07,33.91,17.18,68.0,55.99,20.03,10.4,17.91,41.41,61.09,10.1,60.84,46.56,12.73,8.34,19.5,22.4,38.75,25.91,13.89,15.24,61.16,40.7,17.36,20.48,96.8,56.14,18.64,,17.35,23.54
2025-02-24 07:00:00,21.77,73.82,40.45,109.18,56.27,11.58,85.94,28.48,104.82,95.4,20.54,20.1,121.21,64.24,60.0,31.99,17.73,23.57,17.68,57.13,30.57,33.86,17.1,67.2,57.28,20.08,10.25,17.82,41.7,61.35,10.18,60.59,46.74,12.78,8.34,19.3,22.49,38.85,25.72,13.98,15.11,61.96,40.1,17.4,20.18,96.2,56.87,18.89,,17.2,23.6
2025-02-25 07:00:00,21.85,73.23,40.7,110.01,56.86,12.01,85.13,28.79,105.2,95.59,20.49,20.7,119.84,64.71,59.71,32.04,18.12,22.98,17.49,57.03,30.7,34.37,17.29,67.8,57.28,20.28,10.1,18.1,41.61,61.61,10.26,63.29,48.27,12.87,8.49,19.65,23.02,39.5,25.91,14.06,15.24,62.09,40.3,17.61,20.35,96.7,59.09,19.03,,17.4,23.8
2025-02-26 07:00:00,21.77,75.79,40.75,109.18,56.17,11.79,85.04,28.68,105.39,95.5,20.77,20.75,118.73,64.71,59.04,31.85,17.93,22.98,17.49,57.03,30.29,34.56,17.62,68.4,57.47,20.57,10.0,18.01,41.9,62.0,10.18,62.7,47.37,12.82,8.54,19.7,22.98,39.25,25.72,14.1,15.19,61.49,40.8,17.53,20.5,96.1,58.17,18.84,,17.25,23.76
2025-02-27 07:00:00,21.73,75.2,40.75,112.96,56.66,11.83,82.71,28.31,105.39,95.59,20.57,20.8,121.21,64.43,59.04,32.09,17.77,23.15,17.39,57.03,30.2,34.37,17.4,68.5,57.87,20.08,10.0,17.77,41.8,62.13,10.01,62.45,47.1,12.87,8.49,19.3,23.07,38.55,25.72,14.02,15.11,63.02,40.75,17.36,20.6,97.1,58.35,18.74,,17.15,23.78
2025-02-28 07:00:00,21.73,74.21,40.5,111.57,56.66,11.83,83.34,28.34,106.35,95.31,20.43,20.7,119.59,64.15,59.33,32.24,17.85,23.65,18.65,56.94,30.52,34.14,17.32,68.4,57.18,20.08,10.3,18.38,41.56,61.48,9.97,63.31,46.92,12.78,8.45,19.55,23.29,38.25,25.57,14.55,14.97,62.56,41.05,17.36,20.52,96.7,57.52,18.59,,17.25,23.76
2025-03-03 07:00:00,21.73,74.31,40.5,110.1,55.19,12.26,82.54,28.27,107.79,96.06,20.43,21.5,119.93,64.15,58.75,33.13,17.77,23.36,18.56,57.33,30.48,33.77,17.25,67.8,57.37,19.89,10.5,18.51,41.99,61.03,10.18,62.36,46.92,12.87,8.45,19.4,23.38,38.35,25.48,14.39,14.57,62.09,41.3,17.57,20.65,96.2,57.98,18.84,,17.35,23.7
2025-03-04 07:00:00,21.64,74.21,40.35,110.28,55.78,12.18,80.65,28.14,108.74,95.88,20.32,21.65,119.08,64.62,58.75,32.54,17.66,23.36,18.22,57.13,30.52,33.3,17.29,68.0,57.87,20.13,10.4,18.61,42.77,61.09,10.14,61.6,46.65,12.82,8.34,19.15,23.51,38.65,25.43,14.51,14.39,61.89,42.55,17.65,21.22,96.6,58.35,18.59,,17.6,23.76
2025-03-05 07:00:00,21.98,74.71,40.25,111.76,55.49,12.18,82.89,28.55,107.69,96.25,20.41,22.4,119.5,65.18,59.04,33.13,17.66,23.19,18.12,57.13,30.7,33.07,17.55,69.3,58.95,19.94,10.3,18.7,43.06,61.03,10.1,62.62,46.92,12.87,8.4,19.45,23.47,39.3,26.79,14.39,14.44,61.76,42.05,17.95,21.02,96.5,58.72,18.59,,17.7,23.83
2025-03-06 07:00:00,21.93,73.82,40.2,115.63,55.88,12.09,82.18,28.41,105.87,96.06,20.16,22.0,119.08,64.33,58.36,32.54,17.66,22.98,17.97,56.64,30.52,33.58,17.77,68.4,58.95,19.7,10.25,18.14,42.28,61.42,9.93,62.88,46.74,13.62,8.45,19.5,23.29,38.85,26.74,14.1,14.31,62.09,42.85,17.74,21.15,96.5,57.89,18.55,,17.75,23.88
2025-03-07 07:00:00,22.14,73.92,40.35,116.92,56.57,12.13,86.48,28.62,107.21,95.69,20.21,22.2,120.95,64.33,59.42,33.52,17.77,23.32,18.41,56.45,30.52,33.07,18.19,69.2,60.92,19.5,10.4,18.65,42.19,60.7,10.01,63.22,46.83,13.39,8.41,19.45,24.09,39.65,26.99,14.3,14.39,62.16,43.6,17.65,21.15,96.3,58.08,18.69,,17.85,24.06
2025-03-10 07:00:00,22.31,73.82,40.85,114.89,55.68,12.22,84.15,29.3,106.54,95.5,20.49,21.55,120.78,64.15,59.62,33.13,18.16,23.4,18.31,55.67,30.75,32.98,18.56,69.0,61.12,19.65,10.65,18.89,41.61,60.96,10.06,62.96,46.47,13.77,8.45,19.7,24.0,40.0,27.03,14.76,14.53,64.02,45.0,17.82,22.95,97.0,58.17,18.89,,18.35,24.15
2025-03-11 07:00:00,21.98,79.23,40.5,111.67,54.8,12.05,80.65,28.82,105.1,95.31,20.21,20.9,117.79,63.68,58.94,32.54,18.12,22.98,17.83,55.28,30.02,32.28,18.15,68.2,60.53,19.45,10.3,18.61,41.22,60.64,9.89,63.14,46.29,13.86,8.36,19.8,23.42,39.4,26.79,14.3,14.31,63.75,44.6,17.61,23.45,97.2,57.52,18.74,,17.9,24.25
2025-03-12 07:00:00,22.14,78.83,40.9,115.17,54.12,12.35,82.44,29.37,105.2,96.16,20.43,21.3,117.54,63.86,58.84,32.83,18.43,23.48,18.56,55.28,29.98,32.28,18.68,68.9,62.11,19.45,10.55,18.93,41.85,60.64,9.93,63.82,46.02,14.1,8.4,19.8,23.87,40.0,27.37,14.72,14.44,65.57,45.4,17.74,23.68,97.7,57.71,19.28,,18.2,24.3
2025-03-13 07:00:00,22.02,79.62,40.45,113.32,53.92,12.18,80.3,29.3,105.68,95.5,20.24,21.0,116.17,63.96,58.45,32.44,18.27,23.19,18.46,55.18,29.07,32.88,18.49,68.7,61.81,19.31,10.5,18.93,41.46,59.54,10.01,63.48,46.11,14.1,8.41,19.85,23.78,39.65,27.08,14.39,14.35,66.77,47.0,17.32,24.15,97.4,57.52,19.13,,18.3,24.3
2025-03-14 07:00:00,21.89,77.66,39.76,110.74,53.04,12.01,75.99,28.86,104.34,96.06,19.77,20.35,115.75,64.24,57.87,32.54,17.85,23.07,18.31,55.18,29.16,32.98,18.19,70.5,60.63,19.11,10.45,18.42,40.25,58.5,9.89,61.6,46.29,14.05,8.45,19.8,24.0,38.8,26.4,14.1,14.26,64.98,47.7,17.15,25.9,97.4,57.61,18.79,,18.9,24.24
2025-03-17 07:00:00,21.81,78.34,39.96,108.81,52.65,12.13,73.93,29.03,102.9,95.78,19.88,20.15,112.33,63.86,56.33,32.88,17.93,23.23,18.27,54.88,29.43,32.56,18.3,71.4,60.82,18.92,11.3,18.93,40.06,57.07,10.01,60.65,46.92,14.14,9.21,19.9,24.09,39.0,26.64,14.39,14.35,65.57,47.95,17.32,26.25,98.7,57.61,19.23,,18.65,24.24
2025-03-18 07:00:00,21.98,80.9,40.05,110.38,51.86,12.43,75.99,29.44,103.0,94.46,19.8,20.45,111.05,64.62,56.33,32.73,18.08,23.23,18.51,54.2,30.29,32.32,18.3,70.7,61.32,19.26,11.05,19.35,40.25,57.07,10.1,60.31,46.56,14.24,9.46,19.85,24.09,38.95,26.79,14.88,14.57,67.36,47.6,17.49,26.05,99.1,58.26,19.71,,18.7,24.36
2025-03-19 07:00:00,21.98,80.41,39.76,109.82,52.15,12.48,74.56,28.75,102.8,95.31,19.77,20.2,111.05,65.09,57.78,32.93,17.89,22.98,17.63,54.59,29.57,32.98,17.92,69.5,60.33,19.45,10.8,18.98,40.44,57.59,10.92,60.74,46.29,14.28,9.67,19.7,23.74,38.4,26.6,14.51,14.44,66.77,46.8,17.19,25.4,98.3,57.89,19.23,,18.35,24.25
2025-03-20 07:00:00,22.06,78.74,39.11,111.02,51.96,12.39,76.08,28.51,103.48,94.74,19.77,20.0,106.36,64.71,58.07,34.51,17.93,22.73,17.2,54.1,29.75,33.72,18.0,68.5,58.95,19.21,10.85,19.07,40.06,58.17,10.68,60.74,45.93,14.19,9.8,19.8,23.69,38.4,26.79,14.35,14.26,66.07,47.35,17.44,26.0,97.9,57.43,19.08,,18.5,24.11
2025-03-21 07:00:00,21.93,78.64,39.16,110.47,52.25,12.13,77.88,28.55,102.32,94.37,19.88,19.9,106.7,64.52,57.39,34.01,17.81,22.57,17.34,54.59,29.16,33.12,18.23,68.6,59.15,19.16,10.95,18.65,39.96,58.3,10.55,61.51,45.84,13.96,9.97,19.8,23.65,38.95,26.64,14.35,13.33,66.57,47.1,17.27,25.8,96.3,57.06,19.08,,18.4,24.1
2025-03-24 07:00:00,21.93,77.36,39.02,111.39,51.47,12.05,78.5,28.41,100.6,94.37,19.66,20.15,109.68,64.05,57.1,34.06,17.73,22.61,17.39,54.5,29.34,32.42,18.23,67.8,58.95,19.07,10.75,18.28,39.96,58.37,10.34,61.17,45.38,14.24,9.88,19.85,23.78,38.7,26.64,14.3,13.06,65.87,48.45,17.15,26.5,96.7,56.69,18.98,,18.45,24.0
2025-03-25 07:00:00,22.06,76.38,38.77,109.73,51.17,12.05,77.34,28.79,99.64,94.55,19.57,20.2,110.8,63.58,57.0,33.82,17.5,22.69,17.29,54.69,29.7,31.81,18.38,68.5,59.54,19.16,10.4,18.51,40.15,57.46,10.55,61.94,45.2,14.24,10.51,19.8,24.27,38.75,27.37,14.59,12.93,66.07,51.9,16.94,28.85,97.0,56.97,19.13,,19.2,24.26
2025-03-26 07:00:00,21.98,76.77,39.16,110.56,51.37,12.13,77.25,28.99,99.83,94.46,19.57,19.9,107.98,63.39,56.91,34.01,17.58,22.65,17.39,54.88,29.75,31.67,18.11,68.6,59.74,19.7,10.4,18.47,39.77,57.0,10.88,62.11,44.71,14.05,10.43,19.6,23.91,38.65,27.18,14.63,13.15,65.97,51.8,17.02,28.9,96.8,56.78,18.98,,19.95,24.3
2025-03-27 07:00:00,21.73,76.67,39.21,110.38,51.17,12.01,77.7,28.41,100.03,94.37,19.57,19.6,104.14,63.68,56.81,34.06,17.5,23.07,17.49,55.18,29.25,31.3,18.0,68.6,59.94,19.4,10.3,18.24,39.82,56.22,10.84,61.6,44.71,13.96,10.3,19.8,23.56,38.4,27.28,14.96,12.88,65.38,51.5,16.85,28.75,96.5,56.51,18.74,,19.95,24.5
2025-03-28 07:00:00,21.73,76.38,38.72,110.28,52.15,12.01,78.41,28.48,100.7,95.5,19.77,19.4,107.64,63.49,56.13,34.56,17.42,22.86,17.25,54.98,29.57,30.74,18.0,69.4,59.25,19.5,10.3,18.24,39.48,55.12,10.68,62.79,44.75,14.0,10.77,19.65,23.42,38.25,27.03,15.5,12.75,65.08,51.1,16.89,28.5,96.5,56.32,18.74,,19.6,24.15
2025-03-31 07:00:00,21.6,76.28,38.57,113.69,52.74,11.75,74.83,28.27,97.34,94.37,19.55,19.25,105.33,62.92,56.13,34.16,17.04,22.53,16.76,54.69,29.52,31.16,17.89,68.5,58.16,19.45,10.25,17.68,38.32,53.24,10.55,60.31,44.44,14.0,10.6,19.7,23.25,38.0,26.69,15.29,12.62,64.28,51.2,16.64,28.9,95.9,56.14,18.64,,19.3,24.15
2025-04-01 07:00:00,21.73,74.71,38.47,109.92,52.35,11.83,76.71,28.58,95.52,94.37,19.55,19.5,104.14,63.02,55.65,31.99,17.12,22.32,16.91,53.81,29.7,30.97,18.11,67.8,57.77,19.45,10.4,17.96,38.56,54.08,10.63,61.51,44.26,14.0,10.47,19.6,23.29,38.65,26.79,14.96,12.8,64.28,51.8,16.89,29.35,95.0,56.51,18.64,,19.35,23.82
2025-04-02 07:00:00,21.81,74.61,38.82,112.77,51.96,11.83,76.89,28.79,93.89,94.27,19.66,19.7,103.45,63.3,55.74,31.5,17.31,22.61,17.55,53.71,29.57,31.21,18.45,66.7,57.77,19.45,10.35,18.14,39.09,54.21,10.76,61.6,44.57,14.28,10.51,19.6,23.25,39.65,27.28,15.04,12.71,64.58,53.2,16.98,30.25,95.3,56.04,18.64,,20.2,23.81
2025-04-03 07:00:00,21.02,69.2,36.59,109.18,47.94,11.41,71.51,27.93,89.1,89.65,18.86,19.1,97.91,59.81,50.71,29.28,16.81,21.48,16.2,53.22,27.34,30.65,17.7,63.0,54.32,18.05,9.58,17.13,36.96,51.94,10.18,57.83,43.58,13.48,10.09,19.5,22.4,38.1,26.25,14.06,11.91,63.59,50.3,16.3,29.1,94.9,54.94,17.72,,19.3,23.5
2025-04-04 07:00:00,18.97,64.39,33.18,97.2,44.26,10.33,66.58,24.94,80.58,83.99,16.94,17.65,90.14,54.82,47.18,27.26,15.04,19.65,15.1,51.76,25.16,27.01,15.82,57.2,50.18,16.79,8.91,15.65,33.67,46.42,9.23,52.87,38.48,13.53,9.21,19.8,20.36,34.1,23.53,13.07,11.02,56.33,46.1,15.08,27.1,82.4,49.86,16.36,,17.45,21.45
2025-04-08 07:00:00,19.3,59.96,34.61,104.3,42.74,10.03,65.42,24.77,75.79,88.61,16.61,17.3,90.48,52.75,43.89,25.39,15.73,19.57,15.15,53.42,23.71,30.69,15.86,55.1,48.5,16.99,9.1,14.95,32.37,45.12,9.23,53.04,39.11,13.81,9.88,19.3,20.45,36.0,24.35,13.15,11.02,59.41,48.7,15.21,29.0,86.0,52.35,16.55,,18.0,22.3
2025-04-09 07:00:00,17.34,55.83,30.86,92.32,38.33,9.0,57.62,23.2,70.04,83.04,15.2,15.6,83.48,47.85,40.84,23.61,13.92,17.74,13.25,51.76,22.03,28.32,14.59,50.3,45.1,15.63,7.88,13.93,29.95,40.77,8.21,48.85,37.44,13.67,8.92,18.9,18.31,33.0,21.72,11.8,9.86,51.67,45.6,13.77,26.05,78.9,47.46,14.8,,16.5,20.0
2025-04-10 07:00:00,19.47,59.67,34.32,112.4,40.98,9.6,61.66,24.81,74.92,90.4,16.47,16.65,96.11,51.15,43.7,25.24,15.0,18.94,14.15,55.37,23.53,31.39,16.54,53.8,48.75,16.79,8.66,14.9,32.03,43.56,8.77,55.78,42.54,14.71,9.84,20.45,19.56,35.4,24.6,12.62,11.11,55.74,51.8,15.29,30.45,84.6,51.34,16.6,,19.25,22.08
2025-04-11 07:00:00,20.72,55.54,36.49,111.3,43.33,9.82,64.97,25.39,80.1,93.42,17.61,17.45,99.87,54.73,46.45,24.16,15.96,20.15,15.0,55.28,23.48,29.81,16.88,55.4,50.28,17.61,9.26,14.07,34.25,46.55,9.35,56.46,43.31,14.76,10.01,19.55,20.45,35.4,25.82,13.11,11.86,59.41,51.8,15.88,29.85,90.5,51.34,16.55,,19.1,23.4
2025-04-14 07:00:00,20.77,62.71,36.59,114.89,43.77,10.25,66.76,26.49,85.65,91.44,17.72,17.8,102.43,56.33,45.1,26.87,16.42,20.65,14.5,54.69,24.98,31.58,17.62,57.7,54.22,17.61,9.35,15.69,34.16,47.98,9.56,58.17,44.66,15.04,10.22,19.15,21.07,37.95,25.91,13.44,11.77,59.61,54.0,15.75,33.25,85.4,53.46,17.04,,19.5,23.0
2025-04-15 07:00:00,20.56,59.57,36.2,114.25,43.23,10.33,66.14,25.94,86.23,92.2,18.55,18.15,99.1,55.57,44.81,25.19,16.0,20.94,14.2,53.42,24.71,31.3,17.25,59.0,55.21,17.71,9.23,15.46,33.38,47.59,9.72,56.89,44.26,13.91,10.14,18.6,21.16,37.45,25.38,13.81,11.6,58.72,57.9,15.67,35.2,84.8,52.35,16.74,,20.3,23.14
2025-04-16 07:00:00,20.43,56.03,35.7,113.14,42.69,10.38,69.54,25.91,84.79,90.69,18.0,18.1,97.74,54.82,43.6,23.76,15.88,21.57,14.0,53.32,24.53,30.74,17.25,58.3,55.8,17.42,9.25,15.23,32.51,46.23,9.77,55.18,43.49,15.09,10.01,18.3,20.8,38.6,25.48,13.28,11.33,59.32,57.0,15.59,35.3,83.3,52.07,16.4,,20.2,22.8
2025-04-17 07:00:00,20.47,51.8,34.81,117.01,43.18,10.08,67.84,25.39,82.01,89.65,17.89,17.8,89.63,53.97,42.1,23.02,15.88,20.98,13.5,53.32,23.75,30.74,17.02,55.0,55.11,17.47,9.3,14.9,31.88,44.21,9.77,55.69,42.68,14.99,9.97,19.1,20.27,38.0,24.94,13.4,11.46,58.92,56.0,15.37,33.85,83.7,51.24,16.36,,20.25,22.5
2025-04-18 07:00:00,20.47,54.46,35.8,125.39,44.75,10.29,70.08,25.97,84.5,93.14,18.0,18.2,94.32,55.01,45.78,24.45,16.04,21.36,13.6,53.22,24.53,31.48,17.32,57.9,56.09,17.61,9.5,15.32,33.14,45.77,10.01,56.03,42.77,15.04,10.22,19.6,20.71,38.6,25.82,13.98,11.64,58.32,56.8,15.33,35.9,88.8,52.35,16.21,,20.45,22.67
2025-04-21 07:00:00,20.35,53.57,35.55,119.59,44.56,10.29,68.56,25.77,84.89,91.91,18.27,19.0,95.6,55.01,47.08,24.16,16.04,21.19,13.7,54.4,24.34,31.62,17.62,58.0,55.5,17.76,9.75,15.09,32.9,47.07,10.18,56.2,42.68,15.89,11.02,19.3,20.8,38.55,25.33,13.81,12.0,58.12,54.1,15.5,32.05,87.3,52.44,16.45,,20.05,22.76
2025-04-22 07:00:00,20.31,54.06,34.76,122.08,42.69,10.08,69.45,25.32,83.93,91.54,18.11,18.7,94.75,53.79,45.78,23.27,15.65,20.65,13.3,54.3,24.34,30.69,17.14,57.5,54.61,17.42,10.4,14.81,32.7,45.12,9.97,58.43,42.41,15.98,10.98,18.8,20.0,40.45,24.6,13.77,11.91,57.73,55.0,15.37,31.0,84.3,52.26,16.16,,20.35,22.59
2025-04-23 07:00:00,20.56,52.79,35.36,126.68,44.12,10.12,69.72,25.66,85.46,94.37,18.19,18.95,95.34,54.73,45.78,22.53,15.81,21.23,12.8,56.16,24.16,31.11,17.59,59.7,57.67,16.99,11.15,14.58,32.61,44.8,9.93,58.26,43.13,16.03,11.27,19.85,20.4,41.05,25.09,14.18,12.17,59.02,58.2,15.54,30.0,85.0,52.44,16.55,,20.95,22.65
2025-04-24 07:00:00,20.39,54.06,34.96,133.13,43.23,10.25,71.24,25.7,87.67,91.54,18.05,18.9,95.17,54.16,45.49,23.07,16.04,21.4,13.6,55.67,24.57,30.93,17.55,60.0,57.97,16.94,10.85,14.49,32.51,44.8,9.93,58.6,44.21,16.03,10.85,18.55,20.36,40.2,25.33,14.3,12.04,57.83,58.5,15.46,29.45,85.8,52.17,16.36,,22.0,22.95
2025-04-25 07:00:00,20.39,55.34,34.91,132.21,45.83,10.42,73.93,25.53,88.05,92.01,18.14,19.0,95.6,54.26,47.71,23.32,16.38,21.19,13.9,55.37,24.43,30.55,17.62,60.0,58.66,16.79,11.3,14.72,32.61,46.36,9.97,58.86,44.39,15.98,10.85,18.7,20.62,40.2,25.28,14.39,12.04,57.83,61.0,15.46,32.2,85.7,52.17,16.26,,22.8,22.65
2025-04-28 07:00:00,20.1,55.05,34.91,131.38,45.78,11.28,74.02,25.56,86.8,91.91,18.02,19.1,95.6,55.01,49.74,23.66,16.5,21.4,13.5,55.28,24.71,30.65,17.85,62.4,60.04,16.99,11.05,14.44,33.14,45.51,9.89,59.8,44.62,16.03,10.77,18.25,20.36,39.25,25.33,14.55,12.08,57.33,62.1,15.41,33.9,89.0,53.83,16.26,,22.8,22.8
2025-04-29 07:00:00,20.01,54.75,34.22,130.55,45.29,11.32,74.38,25.22,87.38,92.01,18.05,19.35,93.55,55.01,49.36,23.17,16.54,21.36,13.7,55.47,24.25,30.55,17.77,61.8,59.94,17.08,11.65,14.4,32.7,45.77,9.72,59.03,45.84,15.98,10.68,18.7,20.58,39.2,25.33,14.1,12.04,57.33,58.5,15.41,33.5,89.1,53.09,16.16,,22.9,22.88
2025-05-05 07:00:00,20.26,55.05,34.27,133.59,45.68,11.32,71.42,25.6,88.62,91.91,18.22,19.1,93.47,55.01,52.26,23.76,16.58,21.36,14.1,55.96,24.21,30.27,17.77,62.7,59.94,17.08,11.5,14.35,32.66,46.48,9.93,59.28,43.22,16.08,10.72,18.45,20.8,39.2,25.96,14.18,12.17,57.13,58.5,15.41,34.45,86.1,53.09,16.26,,23.55,23.0
2025-05-06 07:00:00,20.1,56.91,34.52,134.52,45.24,11.36,72.59,25.63,90.54,93.52,18.88,19.25,92.7,55.39,53.13,24.8,16.38,21.44,14.7,55.47,24.66,30.09,17.7,62.4,60.13,17.81,11.5,14.63,32.8,46.03,10.22,60.65,43.72,15.89,10.68,18.45,20.62,39.4,25.82,14.06,12.0,56.93,61.0,15.41,35.3,89.6,52.63,16.26,,24.95,23.0
2025-05-07 07:00:00,20.22,55.74,34.42,132.03,46.17,11.02,71.06,25.73,89.39,98.14,18.61,18.95,93.55,56.14,51.58,23.86,16.31,21.11,14.3,54.69,24.62,29.67,17.66,61.6,59.05,17.42,12.3,14.95,31.93,47.52,10.1,59.63,43.35,15.84,10.47,18.5,20.58,38.95,26.16,14.14,12.44,56.73,60.1,15.33,35.3,89.1,52.54,16.5,,24.85,23.03
2025-05-08 07:00:00,20.14,56.32,34.52,133.59,48.18,11.28,69.81,25.66,88.14,98.14,18.8,19.1,94.24,57.46,50.81,24.8,16.19,21.15,14.65,54.69,26.16,30.51,17.48,61.0,59.25,18.24,12.2,15.46,32.12,46.74,10.59,59.88,43.4,15.94,10.68,18.45,20.4,38.85,26.3,14.55,12.44,57.03,62.0,15.33,37.6,88.8,52.81,16.6,,24.8,23.12
2025-05-09 07:00:00,20.43,58.98,35.16,132.67,47.79,11.53,70.35,25.84,89.01,100.88,18.86,19.35,97.56,58.02,51.2,26.62,16.38,21.4,14.8,54.4,26.07,31.21,17.77,63.0,59.44,18.1,12.9,15.51,34.54,48.17,10.68,59.71,44.84,16.36,10.68,18.5,20.62,39.4,26.6,15.09,12.62,56.93,62.0,15.41,40.0,89.0,53.27,16.65,,24.8,23.3
2025-05-12 07:00:00,20.26,58.58,34.71,135.34,47.25,11.58,70.8,25.73,88.53,100.03,18.77,19.15,99.87,57.46,51.68,26.42,16.31,21.28,14.9,54.69,25.84,32.6,17.55,62.8,59.84,18.44,12.4,15.46,34.01,49.99,10.88,59.28,44.39,16.36,10.85,18.75,20.54,39.8,26.94,14.55,12.57,56.63,62.2,15.41,39.2,89.5,53.55,16.65,,25.0,23.55
2025-05-13 07:00:00,20.51,61.93,35.06,136.36,48.82,11.53,71.24,26.15,88.05,100.03,18.99,19.45,102.43,58.87,53.23,27.95,16.65,21.32,15.2,54.69,25.98,32.6,18.04,62.4,60.33,18.15,12.2,15.55,34.83,51.61,10.76,59.46,44.75,16.31,11.1,19.0,20.94,40.35,28.74,14.84,13.3,56.73,61.8,15.9,40.25,91.5,54.38,17.18,85.5,25.5,23.95
2025-05-14 07:00:00,20.6,60.94,35.55,141.43,48.48,11.36,73.57,27.07,87.57,101.73,18.83,19.7,102.43,58.4,54.29,28.3,16.85,21.57,14.75,54.5,26.52,32.56,18.38,62.3,62.9,18.0,12.05,15.32,34.54,53.37,10.63,59.03,44.3,16.36,10.93,18.6,20.85,40.2,28.59,14.84,13.01,56.83,61.7,15.85,39.55,89.8,54.49,17.33,91.4,24.95,24.0
2025-05-15 07:00:00,21.31,60.45,37.09,137.56,48.23,11.45,72.77,27.18,90.44,102.01,18.94,19.9,107.98,58.31,53.91,27.7,17.08,21.82,15.6,54.5,26.71,33.35,18.45,62.6,63.09,18.1,12.3,15.69,34.54,56.48,10.72,60.91,44.66,16.45,10.89,18.75,21.47,40.2,29.13,14.84,13.15,58.92,60.2,16.2,39.5,92.0,53.73,18.65,97.7,24.5,24.3
2025-05-16 07:00:00,21.48,59.96,36.99,137.19,48.67,11.62,74.29,27.31,89.58,101.92,19.08,19.9,106.27,58.4,53.04,27.7,17.16,21.78,15.75,54.69,26.66,34.51,18.86,62.6,62.9,17.81,12.2,15.55,34.45,54.54,10.63,60.74,45.38,16.55,11.36,19.25,21.29,40.7,29.13,14.55,13.06,58.42,57.6,16.29,39.35,90.0,54.3,18.35,104.5,24.1,24.28
2025-05-19 07:00:00,21.27,59.47,36.1,135.25,47.3,11.36,73.93,26.59,87.28,100.88,18.74,19.35,101.4,57.27,51.78,27.11,16.85,21.44,16.35,54.59,25.89,34.0,18.38,62.4,62.6,18.19,12.1,15.23,34.54,52.52,10.68,60.48,45.29,16.5,11.23,19.0,20.94,39.5,28.45,14.84,12.87,57.03,58.1,16.07,40.05,89.5,53.73,18.0,100.0,24.5,24.21
2025-05-20 07:00:00,21.31,59.67,35.85,135.64,47.25,12.39,73.48,26.56,85.75,101.92,18.52,19.45,99.7,57.27,52.26,26.82,16.96,21.32,16.3,54.4,26.16,32.65,18.52,62.0,62.6,17.9,12.05,15.55,33.96,53.17,10.76,60.4,44.66,16.55,11.27,18.6,20.8,39.0,28.74,14.84,12.82,56.63,59.6,15.81,44.25,88.0,53.63,18.2,95.1,24.75,24.32
2025-05-21 07:00:00,21.52,59.96,35.95,140.45,49.21,12.35,73.04,26.97,86.23,103.8,18.72,20.1,102.43,56.99,53.62,27.56,17.19,21.44,16.4,54.1,26.43,33.0,18.9,63.1,63.98,18.15,11.95,15.51,33.82,53.63,10.8,62.02,44.93,16.64,11.27,18.85,20.94,39.5,30.2,15.09,12.87,57.13,67.3,16.16,48.95,88.4,53.53,18.3,99.7,26.2,24.6
2025-05-22 07:00:00,21.48,59.67,35.8,136.79,48.18,13.25,69.9,27.0,85.18,100.69,18.44,20.25,99.95,56.89,52.74,26.87,17.12,21.44,16.5,53.71,26.25,32.6,19.01,63.6,62.99,17.9,13.05,15.46,34.16,51.94,10.88,61.34,44.75,17.02,11.36,18.6,20.76,41.75,29.86,15.0,12.82,56.73,66.9,15.98,46.5,87.5,52.96,18.5,96.5,25.65,24.75
2025-05-23 07:00:00,21.55,58.68,35.6,132.37,48.67,13.29,70.97,26.66,84.7,100.3,18.47,21.4,99.61,57.55,51.29,26.62,17.04,21.44,16.35,54.1,25.66,31.95,18.68,64.0,63.29,17.86,12.55,15.18,33.67,51.29,11.42,60.06,44.8,16.97,11.36,18.7,20.8,41.1,29.76,15.04,12.68,56.53,68.6,15.94,46.0,87.1,52.77,18.25,90.5,25.3,24.69
2025-05-26 07:00:00,21.6,57.41,35.46,139.0,48.72,13.12,72.5,26.59,83.83,99.6,18.66,21.6,99.61,59.44,51.58,26.82,17.12,21.36,16.25,53.91,25.66,32.1,18.52,63.2,63.29,17.57,12.65,14.95,33.14,51.94,11.09,60.91,45.02,16.97,11.36,18.55,20.85,41.5,29.37,15.54,12.68,56.53,69.0,16.03,46.6,87.8,52.96,18.1,90.3,25.6,24.75
2025-05-27 07:00:00,21.6,61.44,35.6,137.66,50.68,13.63,73.04,26.94,86.61,99.5,19.02,22.05,100.21,59.81,54.2,28.99,17.42,21.28,16.5,54.2,26.61,32.6,18.75,63.9,63.88,17.81,12.9,15.46,33.72,52.59,11.26,61.94,44.89,16.92,11.44,18.65,21.07,41.55,29.81,16.61,12.72,56.43,74.6,16.07,47.35,87.5,53.44,18.15,89.8,25.5,24.78
2025-05-28 07:00:00,21.5,60.75,36.54,137.27,50.98,13.63,74.38,27.24,89.1,100.0,18.97,22.25,101.75,60.28,58.55,29.09,17.46,21.44,16.5,54.1,27.25,32.4,18.64,64.1,63.39,17.81,13.05,16.39,33.91,52.46,11.26,62.62,44.75,17.02,11.61,18.45,21.29,41.7,29.91,16.28,12.77,56.73,74.0,16.38,46.5,88.2,53.25,18.2,86.6,25.55,24.8
2025-05-29 07:00:00,21.45,60.94,36.1,135.06,51.17,13.16,74.38,27.07,86.9,99.1,18.94,21.8,101.58,60.28,59.33,29.87,17.19,21.4,16.55,53.42,27.61,32.1,18.56,64.1,63.59,18.0,13.35,16.2,34.4,54.99,11.17,61.94,44.66,17.07,11.52,18.6,21.2,41.15,29.71,16.11,12.77,56.83,75.7,16.25,48.6,87.5,53.06,18.1,88.0,26.8,24.75
2025-05-30 07:00:00,21.3,61.53,36.0,133.04,50.39,13.38,73.75,26.87,86.23,98.4,18.66,23.2,100.72,60.28,57.58,29.09,17.04,21.36,16.4,53.52,27.07,32.1,18.49,63.0,62.9,18.0,14.1,16.29,33.57,55.83,10.97,61.34,44.44,17.16,11.44,18.4,20.89,41.35,30.01,16.48,12.77,56.43,76.5,16.03,48.55,87.1,52.96,18.25,88.4,27.65,25.0
2025-06-02 07:00:00,21.1,59.47,35.41,131.79,50.39,13.29,71.06,26.25,85.27,97.9,18.47,22.5,99.44,60.94,57.49,28.15,16.62,21.32,15.8,53.62,26.71,31.8,18.34,62.0,61.12,18.1,14.2,15.83,33.77,49.99,10.84,61.34,43.99,17.16,11.27,18.4,20.76,40.7,29.62,16.28,12.3,56.14,77.6,15.72,49.35,86.9,52.48,17.95,89.0,27.1,24.8
2025-06-03 07:00:00,21.15,58.98,35.51,130.44,49.61,13.68,72.59,26.52,86.13,97.4,18.55,23.45,99.61,61.7,56.71,28.99,16.69,21.48,16.4,53.81,28.07,32.3,18.49,62.3,60.13,18.53,14.6,17.13,34.59,50.64,11.17,63.31,44.39,17.26,11.52,18.5,21.42,41.9,30.1,16.93,12.53,56.33,76.5,15.94,48.75,90.0,52.29,18.1,87.5,26.45,24.85
2025-06-04 07:00:00,21.3,60.45,35.6,134.29,50.68,13.42,72.86,26.56,87.28,98.6,18.97,23.25,100.72,61.98,56.91,29.28,16.92,21.73,16.45,53.22,27.8,32.05,18.56,63.5,61.91,18.34,14.25,17.08,34.64,50.9,11.21,62.02,44.75,17.44,11.69,18.35,21.96,41.7,30.88,16.69,12.63,56.53,77.6,15.94,49.0,89.8,53.34,18.3,88.0,26.2,25.0
2025-06-05 07:00:00,21.15,59.76,35.51,132.27,50.29,13.38,72.95,26.42,86.42,98.4,18.77,24.65,99.95,61.04,57.1,28.79,16.85,21.65,16.1,53.13,27.98,31.9,18.41,64.4,60.13,18.24,14.2,17.13,35.27,51.03,11.3,62.19,45.11,17.35,11.56,18.35,21.51,41.0,30.54,16.48,12.58,56.33,76.1,15.85,48.95,92.0,54.49,18.2,88.0,26.8,25.12
2025-06-06 07:00:00,21.05,60.16,35.11,130.54,49.02,13.21,73.84,26.39,86.8,99.0,18.83,24.2,99.7,60.1,56.62,28.84,16.62,21.69,16.35,53.13,27.48,31.8,18.26,65.9,60.33,18.1,14.2,16.89,35.07,50.58,11.34,66.13,44.66,17.49,11.52,18.05,21.25,41.3,30.2,16.15,12.53,55.94,75.7,15.76,48.3,90.5,53.92,18.1,88.2,26.5,25.0
2025-06-09 07:00:00,21.0,59.96,34.86,129.87,48.43,12.65,72.14,26.21,86.04,99.0,18.61,24.15,98.59,59.44,55.65,28.05,16.81,21.73,16.2,53.71,26.89,31.2,18.11,65.0,59.64,17.81,14.65,16.43,36.24,49.15,11.13,66.13,44.26,17.44,11.52,18.1,21.02,41.95,29.52,16.44,12.49,55.84,75.4,15.68,48.45,90.0,52.96,17.75,87.6,26.1,25.0
2025-06-10 07:00:00,21.05,59.18,34.86,128.04,48.04,12.43,70.97,26.08,84.5,97.9,18.72,23.0,99.87,59.63,53.23,27.51,16.58,22.07,15.9,51.76,27.21,31.5,18.23,64.5,60.13,17.57,14.4,16.57,35.8,48.37,10.84,65.79,44.44,17.44,11.35,18.35,20.8,42.1,29.18,16.48,12.44,55.64,68.5,15.81,43.0,89.0,53.06,17.9,88.4,25.0,24.75
2025-06-11 07:00:00,21.0,58.39,34.91,130.15,48.04,12.26,71.6,26.08,87.48,98.2,19.35,23.0,99.1,59.34,54.1,28.05,16.62,21.9,16.1,50.98,27.07,31.5,18.15,64.8,60.63,17.57,14.4,16.52,35.5,49.86,10.84,66.72,44.12,17.58,11.48,18.05,20.8,43.15,29.57,16.48,12.49,55.84,72.0,15.68,46.3,88.8,52.87,18.05,88.2,26.5,24.76
2025-06-12 07:00:00,21.05,58.78,34.71,128.42,48.92,12.43,72.95,26.11,88.91,98.0,19.22,22.7,101.24,59.81,54.39,27.61,16.58,21.78,16.15,51.56,26.61,31.9,18.23,65.3,61.61,17.47,13.9,16.15,35.45,50.12,10.76,66.72,44.3,17.63,11.57,18.2,20.98,43.2,29.57,16.32,12.63,55.64,72.1,15.76,45.7,87.7,53.15,18.05,86.0,26.2,25.0
2025-06-13 07:00:00,21.0,57.31,34.66,130.83,48.48,12.09,72.59,26.35,88.05,99.0,19.46,22.95,99.86,60.66,53.33,27.7,16.65,22.15,16.45,51.76,26.61,31.6,18.34,65.0,61.81,17.37,14.05,15.78,36.1,50.64,10.72,65.64,44.57,17.82,11.48,18.1,20.89,44.7,29.91,16.07,12.58,55.54,68.1,15.76,42.85,87.5,53.06,18.05,87.0,24.8,24.8
2025-06-16 07:00:00,21.0,57.6,35.16,132.08,48.33,12.01,71.69,27.42,89.2,98.7,20.07,22.8,99.09,62.17,54.0,26.82,16.62,21.94,16.3,50.98,26.57,31.7,18.64,65.7,62.11,17.32,14.2,15.23,40.0,50.64,10.63,65.84,44.21,17.77,11.26,18.0,20.54,44.6,30.2,15.62,12.58,55.84,66.5,15.72,42.0,87.8,52.96,18.15,88.1,24.55,24.68
2025-06-17 07:00:00,21.4,59.08,35.6,132.27,50.88,12.52,74.2,27.76,94.76,98.8,20.21,23.5,102.44,65.56,55.07,27.8,16.85,22.4,16.85,51.27,26.75,31.95,18.94,67.0,63.49,17.61,15.0,16.02,40.35,53.24,10.76,68.2,44.75,17.92,11.44,18.0,21.25,45.55,31.71,16.07,12.77,56.53,67.9,16.16,42.7,88.0,53.92,18.9,94.1,24.5,24.8
2025-06-18 07:00:00,21.2,58.29,35.51,134.39,50.68,12.39,74.02,27.59,94.47,99.6,21.35,23.55,102.27,65.94,54.97,28.59,16.89,22.4,16.9,51.76,27.02,32.5,18.82,67.9,63.39,17.57,15.75,16.71,40.0,52.33,11.01,67.61,45.07,17.96,11.48,17.95,21.2,46.0,31.56,16.19,12.92,56.83,70.0,16.07,43.85,87.7,53.82,18.8,95.9,24.55,25.0
2025-06-19 07:00:00,21.3,58.39,35.31,133.71,51.08,12.35,77.25,27.59,93.42,100.0,21.32,23.05,100.72,66.78,53.52,28.59,16.96,22.61,16.95,52.15,27.25,32.0,18.9,67.0,62.7,17.81,15.85,16.52,39.15,51.94,10.8,67.51,44.84,17.92,11.44,17.75,20.98,47.2,31.95,16.15,12.77,56.33,72.0,15.85,44.0,87.3,53.53,18.5,90.0,24.5,25.03
2025-06-20 07:00:00,21.3,58.0,35.41,136.21,50.49,12.31,76.17,28.0,93.13,99.6,21.43,23.4,99.95,67.82,53.23,29.53,17.0,22.48,16.75,54.59,27.25,32.55,18.9,67.4,63.09,17.86,15.75,16.52,39.55,52.07,10.76,68.3,44.66,18.01,11.35,18.1,21.38,47.3,33.32,15.99,12.72,56.33,71.5,15.85,44.7,88.8,53.82,18.6,93.1,24.7,
2025-06-23 07:00:00,21.4,57.6,35.26,132.85,49.61,12.01,74.02,28.1,91.98,99.6,21.43,23.3,99.43,69.33,54.68,28.44,16.96,22.36,16.4,57.13,27.11,31.9,19.16,66.8,62.99,17.61,15.0,16.48,41.85,51.61,10.84,67.31,44.39,17.73,11.35,18.1,21.07,46.25,32.73,15.82,12.58,56.33,70.1,15.81,43.05,87.9,53.53,18.35,93.3,24.3,25.02
2025-06-24 07:00:00,21.45,59.57,35.65,131.12,50.49,12.39,75.28,28.51,92.94,99.8,20.88,23.05,100.12,64.15,54.29,29.78,17.04,22.53,16.55,56.94,27.07,31.8,19.58,68.9,64.87,18.49,15.3,16.71,37.8,52.33,10.84,66.53,44.66,18.06,11.39,18.1,21.47,46.85,33.17,15.87,12.77,56.53,75.5,15.9,47.45,87.5,53.73,18.55,94.5,25.1,25.16
2025-06-25 07:00:00,21.35,60.75,35.65,135.16,53.04,12.39,74.83,28.62,92.84,100.0,20.99,23.4,100.72,64.81,54.2,29.58,16.96,22.57,16.9,56.16,26.89,32.0,19.5,69.7,63.88,18.97,15.2,16.57,38.0,52.13,10.88,65.44,44.53,18.01,11.35,18.1,21.65,46.5,33.27,16.07,12.68,56.43,76.9,15.98,48.0,87.6,54.01,18.6,94.1,24.95,25.5
2025-06-26 07:00:00,21.3,60.85,35.51,133.62,52.35,12.39,74.38,28.68,93.22,99.9,20.79,23.4,101.58,63.77,54.0,30.37,16.85,23.05,16.8,56.64,26.89,31.8,19.27,70.4,64.08,18.78,14.95,16.48,37.3,51.68,10.72,66.23,45.74,18.01,11.39,17.95,21.78,47.0,33.12,15.91,12.77,56.33,77.3,16.07,47.5,87.2,54.3,18.5,94.0,24.7,25.45
2025-06-27 07:00:00,21.3,61.04,35.31,133.81,51.27,12.91,75.64,28.82,92.55,99.8,21.21,23.4,100.72,64.52,53.52,30.37,16.77,22.95,16.8,55.18,26.39,31.9,19.42,72.3,63.78,18.63,15.2,16.43,37.1,52.91,10.76,66.53,45.66,18.01,11.44,18.15,21.87,47.05,33.22,16.15,12.77,56.24,76.5,16.03,47.5,87.2,54.3,18.5,92.6,24.5,25.41
2025-06-30 07:00:00,21.25,62.03,35.95,133.81,51.37,12.78,75.99,28.82,96.38,99.5,20.99,23.0,101.5,64.24,54.2,30.12,16.81,22.9,16.8,55.18,26.39,32.05,19.31,76.6,65.26,18.78,15.2,16.48,37.3,53.43,10.76,66.33,45.66,18.25,11.3,18.15,22.22,46.6,33.22,16.11,12.82,56.63,77.0,15.94,47.75,87.5,55.54,18.55,94.6,24.8,25.72
2025-07-01 07:00:00,21.3,63.5,35.95,134.96,51.66,12.73,77.07,28.62,97.92,99.7,21.43,22.75,102.44,63.58,56.62,30.22,16.85,22.75,16.65,56.16,26.71,32.35,19.42,76.2,64.57,18.53,15.3,16.71,37.25,54.02,10.76,67.02,45.08,18.62,11.26,18.15,22.0,46.8,33.32,16.56,12.92,56.83,76.4,16.12,47.85,88.2,55.83,18.5,94.6,24.65,25.86
2025-07-02 07:00:00,21.3,63.4,36.2,135.06,52.25,12.61,75.9,28.72,96.67,99.5,21.21,22.55,102.02,62.55,55.94,30.76,17.08,22.65,16.7,54.3,26.75,32.2,19.54,75.0,63.59,18.58,15.0,16.34,36.9,54.08,10.72,66.82,44.6,18.53,11.22,18.0,21.69,47.3,33.61,16.28,12.92,57.92,75.3,16.12,47.15,90.5,55.06,18.45,94.6,24.8,25.6
2025-07-03 07:00:00,21.35,64.88,36.1,134.68,51.96,12.78,75.28,28.72,96.38,100.9,21.49,22.65,102.02,63.02,57.78,30.02,17.19,23.0,17.2,54.69,26.52,32.4,19.61,74.8,63.78,18.39,15.05,16.43,37.2,53.82,10.76,65.44,44.5,18.67,11.3,18.15,22.67,47.4,34.24,16.69,13.01,57.73,75.2,16.12,47.3,87.3,55.16,18.55,93.5,25.2,26.0
2025-07-04 07:00:00,21.45,65.27,36.05,135.35,51.76,12.82,75.28,29.3,98.59,100.8,21.37,23.45,102.02,62.55,58.55,29.18,17.46,23.15,17.1,54.69,26.71,32.65,19.5,74.7,64.97,18.39,15.0,16.57,37.0,53.56,11.01,65.74,44.7,18.67,11.3,18.4,23.02,46.7,33.95,16.36,13.15,57.53,76.3,16.2,47.2,89.1,54.97,18.7,94.0,25.1,25.86
2025-07-07 07:00:00,22.05,65.27,36.25,135.54,53.14,12.99,76.17,29.51,98.3,100.7,21.65,23.55,106.15,62.83,58.65,29.28,17.46,23.7,17.25,54.69,27.21,32.9,19.58,75.0,65.66,19.02,15.2,17.13,37.25,53.89,11.17,65.54,44.6,18.62,11.35,18.5,23.29,47.1,34.29,17.55,13.11,58.12,75.7,16.29,45.95,89.7,55.45,18.9,94.1,25.2,25.91
2025-07-08 07:00:00,22.4,65.86,36.79,134.96,53.43,13.12,75.72,30.54,97.92,100.9,21.62,23.65,106.84,63.2,58.55,30.07,18.04,23.65,17.45,54.01,27.34,33.65,19.88,74.9,65.66,18.87,15.4,17.64,37.1,53.69,11.13,65.74,44.55,18.67,12.31,18.85,23.47,47.7,34.39,18.83,13.3,58.42,76.9,16.55,46.5,90.0,55.45,19.35,93.8,25.7,26.3
2025-07-09 07:00:00,22.25,66.35,37.24,139.87,53.23,13.12,77.52,30.47,98.78,101.2,21.71,24.05,107.44,63.96,60.2,29.82,18.2,24.8,17.75,54.3,27.8,33.85,19.91,76.5,66.54,19.11,15.8,17.68,37.5,53.89,11.17,66.92,45.08,18.72,12.4,18.9,24.22,48.0,34.54,18.95,13.44,59.02,79.3,16.6,46.5,95.0,56.69,19.8,94.1,26.0,26.47
2025-07-10 07:00:00,22.65,67.43,38.08,137.37,52.84,13.21,77.07,30.81,97.34,101.2,21.57,23.75,106.58,64.15,60.7,29.48,18.77,24.85,17.6,54.59,28.25,33.25,20.02,76.0,67.04,19.21,15.45,17.82,37.5,53.89,11.21,66.92,45.75,18.67,12.26,19.15,25.69,47.9,34.0,19.11,14.3,61.4,82.0,16.91,48.0,94.1,57.84,20.15,94.1,27.0,27.0
2025-07-11 07:00:00,22.55,67.33,37.83,136.89,52.94,13.08,75.64,30.85,97.73,101.0,21.57,23.8,107.61,64.15,60.2,29.87,18.77,25.25,17.8,54.59,28.11,33.35,19.88,76.8,67.04,18.97,15.45,17.73,37.9,53.43,11.21,66.53,46.14,18.91,12.57,19.25,25.74,47.8,33.9,19.28,14.15,61.1,86.7,16.82,52.25,96.0,57.65,20.2,94.5,28.7,27.17
2025-07-14 07:00:00,22.75,67.04,38.08,139.0,52.65,12.86,74.92,30.54,99.83,100.5,21.57,25.0,109.5,64.52,60.3,29.87,18.89,26.2,17.7,55.57,27.7,33.1,20.06,76.9,66.94,18.87,15.1,17.4,37.9,54.41,11.38,65.94,46.18,18.95,12.44,19.35,26.49,47.75,34.05,19.52,14.15,62.49,89.8,17.04,57.5,100.4,57.36,20.25,93.7,28.9,27.85
2025-07-15 07:00:00,22.7,67.43,38.18,138.52,53.23,13.38,76.35,30.4,99.64,100.5,21.88,25.45,108.99,64.24,59.0,30.27,18.81,25.8,17.9,55.08,28.48,32.95,20.1,75.3,68.42,18.97,15.5,18.33,37.5,56.87,11.59,67.51,46.04,19.0,12.35,19.3,26.49,48.2,34.24,20.14,14.25,62.0,88.8,17.04,57.0,100.0,57.93,21.15,93.5,28.5,27.8
2025-07-16 07:00:00,22.45,65.76,37.48,136.5,52.74,12.95,74.92,30.3,98.2,101.4,22.23,24.5,109.07,63.77,57.9,29.78,18.62,25.45,17.95,54.98,28.25,33.65,19.88,74.3,68.22,18.78,15.1,17.91,37.3,55.83,11.34,67.71,46.09,19.05,12.31,19.25,27.11,47.8,33.9,19.57,14.01,61.0,87.3,16.99,55.5,97.0,57.36,20.75,90.4,28.05,27.74
2025-07-17 07:00:00,22.45,66.55,38.37,135.44,53.33,13.46,76.53,30.81,100.6,101.3,22.26,25.0,109.07,63.58,58.0,29.68,18.77,26.2,18.15,54.88,29.0,33.95,20.06,75.8,68.81,19.36,15.5,18.65,37.25,56.81,11.46,67.9,46.09,19.09,12.48,19.5,28.45,48.05,34.49,19.94,14.3,61.4,88.3,17.15,59.05,96.0,57.65,21.0,91.4,28.85,28.05
2025-07-18 07:00:00,22.5,66.45,37.88,136.6,52.25,13.98,79.31,30.88,98.68,102.0,22.29,24.7,110.19,63.96,57.2,30.07,18.85,26.0,18.1,54.4,29.15,33.7,20.1,76.5,69.5,19.16,17.15,19.58,37.15,55.96,11.5,67.12,46.57,19.24,12.53,19.95,28.49,48.0,34.24,20.47,14.25,61.9,95.2,17.05,62.35,95.5,57.45,20.9,90.6,29.8,28.43
2025-07-21 07:00:00,22.7,66.84,38.03,138.62,51.47,14.02,77.25,31.29,98.3,101.3,22.46,25.5,111.24,64.24,57.8,30.17,18.89,26.4,18.15,54.3,29.1,35.0,20.48,79.6,69.99,20.32,17.2,19.12,37.55,55.96,11.71,67.61,46.09,20.46,12.48,19.8,28.49,50.7,35.36,20.14,14.54,61.8,96.1,17.2,60.25,94.0,57.65,21.6,90.2,29.45,28.62
2025-07-22 07:00:00,22.85,65.56,37.63,140.25,50.68,13.38,75.72,31.02,97.54,102.5,23.12,25.3,109.16,63.77,56.9,30.07,18.89,26.15,18.0,53.52,28.25,35.6,20.18,77.3,69.01,20.03,16.45,18.47,37.1,55.18,11.54,67.51,45.8,20.46,12.74,20.05,27.56,49.2,34.24,19.48,14.35,60.91,91.2,17.35,56.1,95.5,57.36,22.15,88.4,28.75,28.63
2025-07-23 07:00:00,23.05,67.33,38.67,138.52,51.66,13.81,76.35,31.36,99.93,102.7,23.44,28.0,111.14,64.15,57.8,30.22,19.82,26.55,18.3,53.52,28.7,35.95,20.4,78.7,69.8,19.84,17.1,19.12,37.25,55.77,11.67,67.9,45.9,20.6,12.83,20.0,28.71,49.7,34.49,20.51,14.73,62.1,95.7,17.55,59.75,108.0,57.74,22.8,88.4,30.0,28.85
2025-07-24 07:00:00,23.15,68.22,38.57,139.49,51.66,13.68,77.43,31.33,101.75,103.5,24.07,27.1,110.85,65.09,58.0,31.06,20.93,26.4,18.95,53.81,28.6,35.3,20.66,77.5,70.0,20.13,16.85,18.89,37.35,55.83,11.67,68.79,46.95,21.26,12.79,19.9,28.71,48.8,34.15,20.51,14.68,61.8,92.3,18.0,57.6,116.4,59.37,23.9,88.2,29.3,28.92
2025-07-25 07:00:00,23.45,68.71,38.67,141.41,51.27,13.98,76.35,31.43,101.18,103.6,23.81,27.3,109.96,65.09,58.2,31.4,21.28,26.0,18.75,53.81,29.0,35.5,21.38,76.0,69.5,19.99,16.65,18.75,38.2,55.83,11.63,68.79,47.0,21.73,13.27,19.95,28.58,49.45,34.19,20.88,15.01,61.7,90.3,18.45,56.6,114.2,60.99,23.5,88.0,29.3,28.9
2025-07-28 07:00:00,23.7,68.71,38.67,139.87,50.98,14.32,75.46,31.22,101.08,103.2,24.04,28.1,109.66,65.09,58.5,30.86,21.86,26.1,18.95,53.52,29.0,35.4,21.34,76.2,70.6,20.18,17.4,19.49,38.15,56.09,12.0,68.89,47.33,22.11,13.23,20.9,30.94,48.8,34.34,21.37,14.92,61.8,93.7,18.5,57.5,124.3,60.51,24.35,88.0,29.8,29.14
2025-07-29 07:00:00,23.9,68.71,39.21,137.75,51.27,15.61,76.17,31.43,101.08,103.5,23.96,28.9,110.15,64.9,58.6,31.35,21.9,26.45,19.6,54.2,29.5,36.65,21.6,78.5,70.2,20.13,17.65,21.2,37.9,55.9,12.5,68.59,47.29,23.57,14.4,20.7,32.09,49.1,34.83,21.79,15.82,62.79,94.5,19.05,57.5,127.9,60.51,25.1,88.0,29.4,29.7
2025-07-30 07:00:00,22.75,66.55,36.99,138.14,48.23,14.15,70.97,30.2,97.25,101.6,23.32,27.1,105.9,64.71,56.3,29.13,20.43,25.6,18.35,53.81,27.8,34.3,20.4,73.0,67.5,19.31,16.3,19.16,37.0,54.67,12.21,66.72,45.46,23.1,13.84,19.85,29.87,48.85,33.27,20.39,14.68,60.61,92.1,18.7,56.6,118.3,60.23,23.8,86.0,27.85,28.0
2025-07-31 07:00:00,23.2,71.76,38.08,137.18,49.21,14.49,72.68,32.6,100.12,101.1,24.19,26.7,105.01,65.56,57.6,29.97,20.93,25.45,19.0,52.64,27.75,34.3,20.74,73.1,67.2,19.45,16.75,19.44,36.6,54.93,12.33,66.43,45.75,23.38,14.97,19.55,30.31,49.9,33.71,20.06,15.3,61.1,89.7,19.5,54.35,120.7,60.23,25.8,84.4,27.6,28.8
2025-08-01 07:00:00,23.0,70.48,37.43,135.83,48.53,14.15,73.04,31.57,98.01,102.7,23.9,27.2,102.63,64.24,56.4,29.87,20.39,24.85,18.65,54.01,27.5,34.25,20.59,72.3,65.4,19.6,16.95,19.26,36.25,54.73,11.92,65.44,45.75,22.68,15.28,20.85,30.22,50.3,33.27,19.69,14.96,59.91,90.0,19.55,53.0,121.2,58.7,25.9,82.2,27.9,28.5
2025-08-04 07:00:00,23.0,68.71,36.79,135.35,49.02,14.15,72.59,30.2,97.44,101.7,24.1,26.05,105.4,63.77,56.0,29.18,20.86,25.1,18.25,53.52,27.7,34.45,20.32,72.1,65.2,20.37,17.3,18.9,36.3,55.83,11.88,64.26,46.04,22.3,15.19,19.85,28.89,48.9,33.22,18.62,14.77,59.71,89.8,19.0,53.1,117.0,57.17,25.25,82.5,28.4,28.29
2025-08-05 07:00:00,23.5,69.79,37.98,135.64,49.21,15.02,73.04,31.53,98.88,101.5,24.19,27.35,105.9,64.43,57.1,29.58,22.13,25.45,18.7,53.42,28.1,34.7,21.68,74.0,67.3,22.07,18.75,19.45,36.9,56.09,12.33,65.64,46.14,22.63,17.11,20.25,30.58,50.4,34.88,19.73,16.63,61.1,93.0,19.55,58.8,129.0,57.84,26.65,86.2,29.35,29.35
2025-08-06 07:00:00,23.7,68.02,38.57,136.5,49.02,15.47,72.41,32.39,98.78,101.2,23.96,27.0,104.91,63.86,58.5,29.63,21.97,26.75,19.0,53.91,27.95,35.5,22.88,75.6,68.9,20.9,18.0,19.1,36.8,55.51,12.17,65.44,45.66,22.82,16.24,19.8,30.89,52.6,37.02,19.57,17.25,61.7,96.0,19.5,58.75,127.3,57.74,26.55,85.4,30.8,29.8
2025-08-07 07:00:00,24.4,69.3,39.26,135.83,50.49,15.61,74.2,32.94,102.9,102.8,26.55,27.6,104.51,65.84,59.0,30.47,22.13,27.35,19.0,53.32,28.6,36.5,23.18,76.4,72.7,21.2,18.6,19.85,37.5,56.16,12.33,65.94,46.04,22.77,16.59,20.05,31.82,54.8,37.51,19.73,17.49,62.49,97.6,19.6,59.25,129.2,59.17,27.85,84.9,30.1,30.14
2025-08-08 07:00:00,24.5,69.4,40.55,136.31,50.98,17.13,75.19,32.9,102.8,102.0,28.4,27.2,105.4,65.37,60.2,30.81,22.05,28.6,19.8,53.71,30.8,35.8,23.21,76.5,72.6,21.24,18.45,20.15,37.1,56.48,12.54,65.84,45.75,22.96,16.59,19.9,31.74,54.4,37.75,20.02,18.83,61.8,93.5,19.75,57.45,127.8,58.31,29.5,84.9,29.6,30.37
2025-08-11 07:00:00,24.3,69.69,39.56,137.18,51.08,18.7,75.1,32.8,102.52,102.6,29.9,26.8,104.81,66.22,59.6,30.22,21.86,28.15,19.85,53.62,32.5,35.5,23.1,77.9,72.0,21.1,18.75,22.2,38.25,56.03,12.7,67.31,46.04,23.53,16.41,20.1,31.82,53.6,36.97,20.59,18.49,61.7,94.8,20.45,58.5,125.0,58.31,29.5,84.8,29.65,30.45
2025-08-12 07:00:00,24.5,70.18,40.05,135.16,52.94,19.38,75.19,32.6,102.42,103.0,28.2,28.0,106.29,66.31,59.1,32.49,21.59,28.35,19.9,53.81,32.2,35.85,24.22,85.0,72.3,21.49,18.7,22.6,38.0,56.16,12.62,66.92,46.42,23.57,16.85,20.5,33.69,53.6,36.82,20.55,18.78,62.4,93.1,20.5,57.75,125.0,59.37,29.6,83.5,29.35,30.52
2025-08-13 07:00:00,24.4,69.99,41.34,135.64,52.84,21.39,74.2,33.01,103.38,103.6,28.8,27.8,106.49,66.5,61.3,32.14,22.67,28.55,20.0,54.4,35.05,38.5,25.4,84.4,72.5,21.78,18.5,24.1,38.65,56.81,13.7,67.81,46.47,23.53,16.63,20.4,32.94,54.4,36.82,21.13,18.3,63.09,93.0,20.05,57.5,127.5,59.27,29.3,84.2,29.45,30.79
2025-08-14 07:00:00,24.75,69.89,41.14,134.1,59.61,22.86,74.74,34.45,102.23,103.0,28.9,27.9,104.71,66.12,61.4,32.24,23.05,28.2,19.75,53.22,36.35,39.85,27.6,86.6,71.0,21.58,18.75,24.4,38.4,57.13,13.82,67.71,46.14,23.48,17.07,20.25,32.89,54.3,36.78,21.79,18.25,63.29,93.1,20.25,58.2,128.9,58.6,29.4,83.3,29.5,30.8
2025-08-15 07:00:00,27.3,69.59,42.13,132.85,62.94,22.86,73.93,34.86,101.75,103.0,28.3,28.75,102.73,65.94,61.5,31.99,24.4,28.45,19.55,53.03,36.15,40.75,29.5,84.8,72.0,21.24,19.0,24.95,38.0,57.13,13.53,67.31,45.99,23.53,18.24,21.9,33.25,55.9,37.9,21.42,19.11,66.97,95.0,20.65,59.6,143.1,59.27,32.8,83.0,30.25,31.14
2025-08-18 07:00:00,26.8,68.91,40.6,130.15,61.27,24.47,72.59,33.66,99.26,102.3,28.1,30.5,100.36,66.97,59.9,30.96,24.06,28.3,20.0,53.52,35.4,39.2,28.55,83.1,70.6,21.0,17.85,24.0,39.2,55.96,13.41,65.64,45.61,23.53,19.04,20.7,32.54,53.9,37.21,20.47,18.59,64.38,94.1,20.5,59.1,145.6,58.41,32.05,82.8,30.2,31.5
2025-08-19 07:00:00,27.05,68.81,40.45,130.83,61.66,23.98,73.31,33.56,99.07,102.5,28.75,31.1,99.56,66.22,64.0,31.55,23.82,28.6,19.8,53.52,37.0,40.45,28.35,84.5,70.0,21.49,18.0,25.8,38.8,55.18,13.74,64.95,45.32,23.43,18.25,20.6,31.56,52.7,37.26,20.31,19.35,64.08,93.6,20.1,59.1,151.9,58.12,32.7,82.7,29.5,31.4
2025-08-20 07:00:00,28.5,69.2,40.55,130.73,60.29,25.94,71.15,34.07,97.92,102.4,28.25,31.1,99.07,65.94,62.8,31.4,25.14,28.2,19.6,53.52,36.8,42.9,28.2,86.8,68.5,21.68,18.0,25.6,38.3,55.25,13.57,63.97,45.22,23.48,18.15,20.7,32.67,53.4,39.41,22.02,20.49,64.08,94.0,20.8,59.3,146.0,57.84,35.6,81.3,29.9,31.65
2025-08-21 07:00:00,28.3,69.2,40.55,129.48,57.64,24.81,70.8,35.2,94.18,101.8,27.5,30.7,96.69,64.99,62.2,32.14,24.67,27.45,18.9,52.35,36.2,48.0,28.05,83.9,69.4,21.0,17.5,24.3,37.0,55.38,13.37,64.95,44.65,23.34,18.15,21.9,32.18,54.8,40.23,21.26,20.02,62.89,97.0,23.4,61.1,143.7,57.45,37.0,81.4,30.0,31.95
2025-08-22 07:00:00,29.0,67.33,41.93,125.25,57.35,23.79,68.82,35.34,92.65,101.6,26.9,30.0,100.55,64.99,61.3,31.01,25.64,26.95,18.6,52.74,35.25,48.0,27.75,83.0,69.9,20.52,16.6,23.3,36.7,55.83,13.2,64.36,44.6,23.34,18.05,23.1,32.4,57.4,39.45,19.4,20.97,63.59,97.5,24.5,61.0,140.5,57.17,38.0,80.9,29.85,32.5
2025-08-25 07:00:00,28.2,65.37,43.42,130.35,56.27,24.08,68.47,35.34,95.24,101.0,26.6,29.05,100.95,64.9,62.0,29.48,25.37,26.5,18.55,52.25,34.45,47.05,27.15,81.3,70.3,20.76,16.05,24.35,36.1,55.12,13.82,64.76,43.93,23.29,17.22,22.55,32.36,56.2,38.53,19.64,20.59,65.38,98.0,23.85,62.0,140.5,56.31,35.95,80.1,30.1,32.19
2025-08-26 07:00:00,26.25,63.5,40.55,132.75,57.35,20.7,66.4,33.32,92.07,101.3,26.05,26.7,97.78,64.81,60.3,28.1,24.13,26.1,18.0,52.74,33.6,45.2,26.2,78.7,69.0,21.1,16.05,23.0,36.0,53.82,12.99,62.98,43.74,23.1,15.98,20.7,32.49,52.5,37.02,19.4,18.59,63.19,98.4,22.0,65.5,143.0,56.02,33.05,80.6,30.2,31.6
2025-08-27 07:00:00,27.8,66.84,41.69,133.71,58.82,23.49,68.38,35.68,94.37,101.2,27.1,28.9,100.36,65.65,62.2,28.99,25.37,27.25,18.8,52.74,35.5,46.0,28.2,81.3,75.0,21.1,17.0,24.55,36.35,56.42,13.41,64.76,44.22,23.2,17.56,21.8,35.96,55.3,38.48,20.4,20.3,64.58,105.3,22.75,66.6,144.5,57.07,34.5,80.0,31.25,32.44
2025-08-28 07:00:00,27.8,66.35,42.58,135.64,58.63,22.12,68.73,35.14,95.91,101.9,26.85,28.1,104.02,65.5,66.9,29.04,25.06,26.95,18.45,52.64,36.1,43.9,27.4,82.5,75.0,21.78,17.0,24.85,36.45,55.38,13.66,64.95,44.12,23.2,17.46,21.3,36.0,55.9,38.58,20.5,19.54,69.05,104.6,22.4,66.1,144.5,58.31,33.1,79.7,30.6,32.7
2025-08-29 07:00:00,27.75,66.55,42.23,138.04,60.0,22.51,68.91,35.62,96.0,101.3,26.95,29.5,103.92,65.0,68.9,28.84,25.37,27.2,18.35,52.54,36.0,44.85,27.45,83.2,78.0,21.49,16.95,24.7,36.5,55.58,13.74,64.36,44.89,22.72,18.4,21.65,38.18,55.2,39.07,21.4,20.02,68.75,104.6,22.45,65.55,145.6,58.6,34.0,80.2,30.5,32.72
2025-09-03 07:00:00,27.7,65.86,42.63,138.52,56.96,22.17,69.27,35.07,94.18,101.7,26.7,29.7,100.95,64.2,69.0,28.64,25.83,27.4,18.5,52.64,36.6,44.95,27.8,83.5,76.9,21.68,17.0,24.0,36.4,55.58,13.74,64.17,44.7,23.05,18.7,21.1,37.52,56.0,39.02,20.93,19.97,68.36,103.1,22.6,63.55,144.0,57.65,35.15,80.3,30.0,32.9
2025-09-04 07:00:00,27.6,66.35,43.27,146.99,57.25,24.03,69.99,34.72,93.51,101.8,26.7,30.4,102.24,63.9,67.3,29.09,25.56,28.45,19.8,52.54,37.1,45.0,28.45,83.5,76.0,22.26,17.5,26.6,36.6,56.35,13.9,64.17,44.6,23.15,18.84,21.4,36.98,56.7,38.58,21.88,20.35,67.07,102.0,22.75,62.5,142.2,58.98,34.7,80.2,30.4,32.88
2025-09-05 07:00:00,27.95,66.55,43.12,144.39,59.9,23.69,71.42,35.14,95.81,102.0,27.2,29.7,104.12,64.9,68.9,29.38,25.83,30.0,20.95,53.52,36.95,45.75,28.5,86.3,78.0,21.97,17.35,26.2,36.8,57.52,13.99,64.95,45.32,23.15,18.79,21.65,38.0,56.9,38.92,23.07,20.59,69.05,100.5,23.2,62.6,140.1,59.17,35.5,80.1,30.3,33.24
2025-09-08 07:00:00,27.0,66.35,41.24,144.2,57.64,22.71,68.56,34.31,93.61,102.5,27.3,28.4,101.94,63.8,66.6,29.87,24.6,28.7,20.25,52.83,35.15,44.4,27.2,82.6,74.5,21.44,17.2,24.9,36.5,56.16,13.41,66.13,45.56,23.01,17.56,21.05,35.83,55.7,38.48,21.88,19.25,66.67,99.0,21.9,62.55,141.0,58.22,33.3,80.5,30.3,32.9
2025-09-09 07:00:00,26.95,65.27,40.2,145.64,55.49,21.14,67.21,33.97,92.26,102.3,26.7,26.75,100.95,63.0,66.6,28.4,23.67,29.2,20.0,53.03,35.0,42.85,26.7,81.0,74.6,20.71,16.2,23.5,35.55,55.58,12.7,65.94,44.84,22.87,17.07,19.95,36.05,53.9,37.56,20.45,18.54,65.08,100.0,20.95,62.5,142.0,57.93,31.5,79.6,30.3,32.26
2025-09-10 07:00:00,26.7,66.74,40.25,144.1,55.68,22.02,67.3,34.04,91.98,102.3,26.5,27.45,101.05,62.1,68.7,28.49,24.36,28.85,19.95,52.93,34.9,42.15,27.0,81.4,75.6,20.76,16.45,23.7,35.6,55.64,12.62,64.95,44.6,22.82,17.46,19.75,38.05,54.5,38.24,20.97,18.63,65.18,101.5,21.1,64.6,145.5,57.84,32.85,80.1,30.45,32.25
2025-09-11 07:00:00,26.5,65.86,40.35,146.03,56.17,22.17,67.75,34.45,91.98,101.8,26.4,27.0,100.16,62.4,68.9,28.2,24.06,28.7,19.45,52.93,34.4,42.0,26.8,80.8,75.4,20.71,15.75,23.15,35.6,56.16,12.46,65.94,44.5,22.82,17.36,20.0,37.16,54.2,37.9,20.5,18.25,65.18,100.9,20.9,65.0,145.0,57.17,32.05,80.5,30.6,32.3
2025-09-12 07:00:00,26.55,65.47,40.35,146.03,57.06,23.7,67.75,34.79,92.94,101.3,26.45,27.1,100.95,62.3,69.2,28.49,24.29,29.2,20.35,52.74,35.0,44.1,26.9,82.3,78.8,21.0,15.9,23.55,35.4,56.16,12.66,65.44,44.41,22.77,17.61,20.1,38.09,55.9,38.04,20.31,18.87,65.77,104.1,21.1,68.0,145.6,58.6,32.1,80.5,31.1,32.8
2025-09-15 07:00:00,26.3,66.45,40.6,145.06,56.57,24.45,68.91,34.72,94.18,102.5,26.75,27.45,100.85,62.6,69.2,29.09,24.29,30.25,20.75,52.74,34.6,44.3,26.75,86.8,79.0,21.29,15.4,24.0,36.0,57.13,12.83,66.23,45.03,22.77,17.31,19.9,37.43,55.2,37.56,20.78,18.63,65.57,104.0,21.4,68.85,146.5,60.61,31.5,80.3,30.75,32.81
2025-09-16 07:00:00,26.6,67.92,42.03,145.74,58.33,23.9,74.2,35.68,95.71,102.3,27.65,27.6,101.64,63.6,74.0,29.73,24.21,30.55,20.85,53.52,35.1,44.7,27.1,89.0,79.6,21.49,16.0,24.1,36.0,57.26,13.03,67.22,45.03,22.77,17.56,20.0,38.23,56.4,38.63,21.36,19.02,65.57,104.7,21.55,68.9,145.7,60.7,31.55,80.3,30.95,33.1
2025-09-17 07:00:00,26.4,67.63,41.54,146.32,56.96,22.85,73.48,36.03,95.81,102.6,27.5,27.35,102.93,62.8,73.6,29.09,24.06,29.9,20.2,52.54,34.35,45.45,27.4,86.6,79.8,22.07,15.7,23.5,36.15,57.59,12.79,65.94,45.85,22.77,17.76,19.95,36.8,56.3,38.33,20.69,18.73,65.08,102.0,21.05,66.75,142.0,61.95,31.7,80.1,30.55,33.15
2025-09-18 07:00:00,26.2,68.51,40.55,144.78,58.82,22.3,74.65,35.34,96.0,102.3,26.8,26.85,104.91,64.0,73.0,28.59,23.86,29.35,19.8,50.88,33.7,45.3,26.95,84.4,78.0,21.49,15.5,23.25,36.1,57.13,12.7,65.94,45.51,22.72,17.76,20.1,36.32,56.5,37.7,20.45,18.4,64.48,104.1,20.8,71.75,142.1,62.23,31.1,80.2,30.05,33.23
2025-09-19 07:00:00,25.8,67.82,40.65,142.95,58.04,23.2,73.57,35.07,94.85,102.4,26.55,26.7,102.73,63.3,72.8,28.69,23.59,29.3,20.0,50.69,33.6,45.7,26.95,84.6,78.5,22.07,15.25,23.7,35.55,57.78,12.74,65.64,45.03,22.72,17.61,19.95,36.45,57.4,37.8,20.35,18.01,63.79,104.0,20.6,72.5,139.8,60.99,30.9,80.0,30.3,32.9
2025-09-22 07:00:00,25.45,66.84,39.76,143.33,56.37,23.6,74.02,34.79,92.84,102.0,26.15,26.1,101.44,62.4,72.5,28.3,23.28,29.25,19.75,50.59,34.1,46.55,26.55,83.9,77.9,23.03,16.15,23.65,35.4,57.78,12.66,65.94,44.22,22.58,17.51,19.6,36.0,55.5,37.31,20.12,17.82,62.59,101.8,20.15,74.85,136.5,59.37,30.35,80.0,29.6,32.99
2025-09-23 07:00:00,25.15,66.15,40.25,145.74,55.39,23.6,72.59,33.97,92.07,102.8,26.1,24.95,98.97,61.9,71.3,28.3,22.4,28.55,19.0,49.71,34.3,46.7,26.45,81.9,76.8,22.21,15.8,24.15,35.0,57.0,12.5,66.62,43.93,22.58,17.07,19.35,35.03,55.2,36.58,20.31,18.06,62.0,98.2,19.9,74.0,135.6,58.79,29.6,80.0,28.5,32.15
2025-09-24 07:00:00,25.5,65.56,40.4,144.39,54.9,22.85,72.77,34.11,92.07,101.4,26.0,25.5,97.09,61.6,70.3,27.75,22.21,28.65,19.0,49.71,33.55,46.7,26.35,82.0,77.7,22.11,15.85,23.5,34.8,57.07,12.46,66.13,44.02,22.63,16.87,19.3,35.12,55.4,36.53,20.16,18.25,62.0,97.8,19.85,74.5,133.0,59.17,30.1,79.9,28.3,32.17
2025-09-25 07:00:00,26.15,66.15,40.7,139.87,55.49,25.15,73.48,34.66,92.55,101.4,26.35,26.15,98.48,62.0,71.1,28.4,24.29,29.15,19.6,50.39,34.05,47.55,27.0,83.5,78.8,23.42,16.2,25.05,35.15,56.94,12.58,65.74,44.26,22.68,17.12,19.55,36.01,57.2,37.8,20.78,18.73,62.89,97.0,20.5,74.5,134.0,59.56,31.7,80.0,29.0,32.6
2025-09-26 07:00:00,25.65,65.56,40.35,142.37,55.39,26.95,74.2,34.52,92.46,101.9,26.7,26.3,97.19,62.3,71.8,28.54,23.9,28.85,19.5,50.98,33.65,48.05,26.5,82.2,78.3,23.57,16.0,24.8,35.3,56.43,12.62,66.23,44.17,22.72,17.07,19.55,35.46,56.9,37.9,21.17,18.44,62.79,99.8,20.1,79.0,136.1,58.79,30.95,80.0,29.45,
2025-09-29 07:00:00,25.55,66.55,39.81,139.0,55.59,26.65,72.59,34.79,91.12,101.6,26.3,25.6,96.79,61.6,69.9,28.2,23.25,28.55,19.4,51.17,34.65,48.1,26.25,82.2,77.9,22.84,15.65,24.55,35.2,56.1,12.41,65.05,43.83,22.72,16.82,19.5,34.69,56.5,37.6,20.59,17.92,62.49,98.9,19.75,81.15,132.3,58.41,30.5,80.1,29.1,32.65
2025-09-30 07:00:00,25.75,65.37,39.76,137.08,54.9,26.65,72.23,34.86,90.06,101.9,25.7,25.7,94.52,61.5,69.8,27.85,23.67,28.55,19.2,50.2,34.3,47.95,26.2,82.0,76.8,23.03,15.75,23.85,34.75,55.11,12.25,64.17,43.64,22.72,16.62,19.5,34.28,56.6,38.05,21.02,18.01,62.4,102.5,19.75,86.75,129.8,57.74,31.25,80.0,30.4,32.52
2025-10-01 07:00:00,25.7,65.56,39.56,137.95,54.21,25.8,70.71,35.0,87.95,101.5,25.1,26.05,92.24,60.5,67.2,27.36,23.9,28.3,18.9,50.49,34.0,49.7,26.25,81.1,77.5,22.6,15.25,23.55,34.2,55.04,11.92,64.95,43.45,22.72,16.67,19.3,35.42,57.1,37.85,21.12,17.97,62.3,103.0,19.9,87.45,129.4,58.03,31.1,79.8,32.5,32.73
2025-10-02 07:00:00,25.9,65.37,39.71,138.91,53.92,26.0,72.77,35.55,88.34,101.8,25.1,26.3,91.94,60.7,66.8,27.51,23.9,28.35,19.0,51.17,33.7,51.3,26.5,81.5,77.8,22.26,15.7,23.7,34.15,55.04,11.96,64.66,43.54,22.72,16.77,19.4,35.23,60.0,38.85,22.07,18.4,62.0,101.2,20.15,84.4,128.2,59.75,31.1,80.2,33.2,33.02
2025-10-03 07:00:00,25.75,65.07,39.56,136.79,52.65,24.25,72.77,35.2,87.95,101.8,23.85,25.75,91.25,60.2,66.0,27.11,23.75,28.1,18.6,51.08,33.0,51.8,26.7,81.2,77.0,22.74,15.4,22.75,34.15,54.78,11.79,64.17,43.59,22.63,16.67,19.35,34.41,58.6,38.55,20.74,17.82,62.0,98.6,19.7,86.0,128.7,58.6,30.15,80.3,31.75,32.8
2025-10-06 07:00:00,26.15,65.66,39.86,136.6,52.74,24.9,74.2,35.2,89.58,101.8,24.25,25.5,93.33,61.1,66.4,26.92,23.52,28.1,18.3,50.88,31.9,53.0,26.95,81.4,78.4,22.26,15.25,21.8,34.0,54.78,11.67,63.38,44.17,22.63,16.52,19.9,35.1,58.0,38.95,20.78,18.16,62.8,103.9,20.0,93.4,129.5,59.94,30.25,80.2,34.5,33.1
2025-10-07 07:00:00,26.9,65.17,40.55,137.56,53.33,26.15,75.01,36.23,88.91,102.0,24.9,26.65,95.01,61.1,68.3,27.26,24.48,29.2,18.95,51.56,33.3,51.9,27.5,83.3,78.0,22.94,15.85,23.2,34.3,55.63,12.12,64.17,44.55,22.72,17.22,19.7,37.38,60.0,40.0,21.69,19.02,64.1,103.0,20.7,90.55,134.8,59.94,31.9,81.5,36.0,33.95
2025-10-08 07:00:00,26.65,65.37,40.45,136.6,53.33,25.4,77.88,35.82,89.68,102.0,24.5,26.2,94.52,61.2,67.0,27.31,24.44,29.25,18.9,51.37,32.9,53.0,27.2,83.7,79.0,22.99,15.65,23.0,34.3,56.76,12.0,64.07,44.41,22.77,17.22,19.35,38.06,58.6,39.25,21.45,18.78,64.2,103.5,20.4,89.5,135.0,59.56,31.4,88.9,35.3,34.14
2025-10-09 07:00:00,26.8,65.86,40.1,137.27,53.33,25.6,77.07,36.3,90.44,102.1,24.2,26.25,94.02,60.9,67.5,27.11,24.25,29.4,18.95,51.56,32.6,52.0,27.0,82.9,80.8,22.26,15.3,22.9,34.0,55.57,11.92,64.46,44.12,23.01,17.12,19.15,37.6,60.3,38.6,22.45,18.63,64.5,108.3,20.05,88.5,133.5,60.61,31.3,86.8,36.5,33.99
2025-10-10 07:00:00,27.05,65.07,40.45,138.72,54.12,26.2,77.52,38.22,90.25,101.1,24.4,26.9,93.23,60.9,67.3,28.05,24.6,29.0,19.0,51.56,32.75,51.2,27.4,83.5,81.4,22.45,15.45,23.5,34.15,56.49,12.17,64.17,43.74,23.62,17.71,19.1,37.29,60.2,39.1,22.83,19.16,63.9,118.0,20.5,89.25,133.5,60.61,32.3,88.6,38.0,34.24
2025-10-13 07:00:00,26.55,64.68,40.55,136.98,53.33,26.45,77.16,37.54,89.1,101.3,24.4,26.45,93.92,60.1,67.2,27.51,24.25,29.05,18.5,50.3,32.05,51.8,27.15,83.6,81.2,22.45,15.4,23.2,33.7,55.96,11.92,63.97,43.64,25.41,17.46,19.2,36.6,59.9,39.3,23.17,18.4,63.4,123.0,20.0,96.95,131.9,59.46,31.6,87.6,40.4,34.81
2025-10-14 07:00:00,26.75,64.78,40.6,138.43,52.06,30.3,76.98,38.64,92.84,102.2,24.2,26.5,93.13,60.9,67.3,28.35,25.37,29.05,18.8,50.88,33.0,52.9,27.5,85.6,83.9,22.21,16.15,25.0,34.05,56.43,11.96,64.76,43.93,25.36,17.86,19.45,38.61,61.1,41.75,24.98,18.59,63.5,124.5,20.35,107.95,145.5,61.56,31.9,90.5,44.1,35.36
2025-10-15 07:00:00,26.4,63.5,39.7,136.12,50.98,29.75,75.37,37.67,92.94,101.3,24.0,26.7,91.65,60.0,68.3,27.46,25.14,28.4,18.35,50.59,31.9,51.9,27.15,83.0,84.0,21.53,15.75,24.95,33.6,55.77,12.0,64.46,43.59,25.18,17.71,19.2,37.47,60.2,41.0,23.64,18.3,63.1,127.5,19.9,107.05,156.7,60.99,32.75,86.8,42.65,35.9
2025-10-16 07:00:00,26.4,63.8,39.35,139.49,50.0,30.5,74.74,37.95,91.02,101.6,23.55,26.8,88.88,58.8,69.5,27.21,25.64,28.25,18.5,50.88,34.95,52.0,27.3,85.0,83.3,22.16,15.7,25.9,33.7,56.89,11.83,63.67,43.45,24.52,18.1,19.05,38.02,60.1,41.2,23.55,18.92,62.7,123.8,20.25,105.0,164.0,60.8,33.8,83.7,42.2,35.8
2025-10-17 07:00:00,26.3,64.48,39.75,145.26,50.88,30.0,76.98,37.12,91.5,102.7,23.9,26.7,89.17,58.7,67.5,27.01,25.87,28.3,18.55,50.88,34.4,51.5,27.25,91.4,84.8,22.07,16.25,26.3,33.7,60.72,11.92,62.79,43.35,24.04,17.91,18.95,37.83,59.0,41.65,24.41,18.83,62.9,122.0,20.0,107.05,173.6,61.0,33.2,81.0,43.5,35.6
2025-10-20 07:00:00,25.6,63.99,38.95,162.57,49.41,29.9,75.28,36.49,88.72,101.4,23.15,25.8,87.39,58.6,68.0,26.62,24.67,27.9,18.25,50.78,33.85,49.7,26.95,87.0,87.0,21.73,15.45,25.6,33.5,59.46,11.71,61.51,43.21,23.95,17.66,18.65,37.15,58.6,40.65,23.07,18.35,61.8,114.0,19.7,100.0,174.5,58.9,31.55,74.6,39.5,34.9
2025-10-21 07:00:00,24.85,61.44,36.55,151.99,46.57,28.0,71.24,33.87,85.27,101.0,22.25,24.0,88.08,57.3,63.7,24.65,23.44,26.3,17.0,50.1,31.0,49.6,25.35,79.9,82.3,21.25,14.6,24.2,32.8,55.44,10.88,59.93,42.35,23.57,16.62,17.9,34.6,55.5,38.1,21.26,16.97,59.7,109.0,18.4,101.0,174.5,56.1,29.5,72.2,38.05,34.0
2025-10-22 07:00:00,25.2,62.42,37.5,164.5,48.53,27.55,75.9,34.9,85.46,102.0,23.2,23.9,94.22,57.2,66.0,25.34,25.06,26.9,16.8,50.3,31.9,49.8,25.6,79.9,83.0,21.9,14.5,23.6,33.5,58.21,11.17,60.62,42.63,23.62,16.77,18.7,35.37,55.7,38.1,20.69,17.49,60.1,112.0,18.75,102.0,180.5,57.1,30.45,75.3,39.4,34.0
2025-10-23 07:00:00,25.1,63.89,37.0,167.29,48.33,27.9,76.71,34.56,87.76,105.1,23.5,23.55,96.2,60.0,67.0,26.32,25.02,26.75,16.75,50.69,32.2,50.4,25.5,79.6,86.0,23.0,14.05,24.35,34.6,57.61,11.26,61.02,42.97,23.86,16.43,18.4,35.1,55.4,38.05,21.5,17.35,58.9,113.0,18.65,101.45,180.1,56.5,30.5,79.0,38.9,34.09
2025-10-24 07:00:00,24.95,63.01,37.0,159.01,48.43,27.4,80.38,34.11,87.19,105.7,23.3,22.8,94.02,60.4,67.5,25.83,25.25,26.5,16.5,50.3,33.25,51.4,25.15,77.9,85.5,22.95,14.25,23.5,34.8,60.72,11.21,61.02,43.64,24.09,16.48,18.15,33.91,55.2,37.0,20.97,17.01,59.8,114.6,18.6,107.7,184.0,56.9,29.9,80.6,39.2,34.49
2025-10-27 07:00:00,25.3,64.78,36.95,167.38,47.79,26.9,80.83,34.42,89.1,103.5,23.2,22.85,97.98,60.2,67.3,26.72,25.4,26.75,16.6,50.78,33.75,52.6,24.55,79.6,85.7,23.05,14.4,23.8,34.8,62.63,11.13,62.49,43.64,24.09,16.18,17.95,33.18,54.5,36.3,21.02,17.16,60.0,115.0,18.7,111.45,183.0,58.4,29.5,82.2,39.0,34.42
2025-10-28 07:00:00,25.1,64.39,36.6,159.97,48.82,24.2,78.05,33.56,88.62,107.0,23.6,22.45,97.58,59.3,66.4,27.11,23.56,26.35,16.6,50.59,32.2,52.0,23.8,78.6,80.9,22.8,13.8,21.9,34.15,61.71,11.5,62.1,43.59,23.95,15.98,17.6,31.63,54.4,35.05,20.07,16.68,59.2,104.2,18.45,106.75,174.3,57.2,28.2,79.1,34.75,33.8
2025-10-29 07:00:00,25.4,65.37,37.5,163.44,49.02,25.2,85.13,34.01,90.06,108.2,24.0,23.15,101.34,60.1,66.4,27.36,25.02,26.9,17.0,50.98,33.65,53.0,24.2,79.1,83.0,23.5,13.4,23.3,34.1,62.63,11.5,62.49,43.93,23.76,16.08,17.75,32.77,56.8,35.9,21.02,17.16,60.0,107.1,19.15,109.5,189.5,57.5,29.7,80.2,37.1,34.32
2025-10-30 07:00:00,25.5,65.37,37.95,164.02,49.21,25.1,89.17,34.42,90.54,108.6,24.0,23.4,101.05,60.2,69.8,27.9,25.79,27.4,16.95,50.78,34.6,54.0,24.4,79.7,84.2,25.1,13.6,23.0,34.6,63.03,11.88,63.08,44.02,23.95,16.57,17.95,32.5,57.2,36.5,20.93,17.5,61.0,103.8,19.05,105.25,195.1,57.8,30.25,79.2,35.95,34.6
2025-10-31 07:00:00,25.3,65.76,38.0,163.53,50.29,24.45,90.06,34.46,89.77,105.6,24.0,22.5,101.54,59.8,69.9,27.95,25.87,26.9,16.7,50.59,35.5,52.3,23.8,79.4,83.9,24.95,13.8,23.35,34.55,62.43,11.88,64.85,43.98,23.95,16.62,17.8,31.68,56.7,35.7,21.07,17.1,60.8,103.8,18.75,101.0,194.0,57.4,29.2,77.5,34.1,34.4
2025-11-03 07:00:00,25.4,64.88,37.6,163.63,50.39,24.4,92.3,34.08,92.55,105.6,24.05,22.15,102.73,62.0,68.2,28.69,24.67,26.75,17.05,50.0,35.3,50.9,23.7,79.6,83.0,24.3,13.4,22.6,35.0,62.04,11.96,64.46,43.93,23.9,16.13,17.7,31.27,55.4,35.1,20.5,16.8,60.0,99.6,18.6,95.55,186.8,57.7,29.05,78.0,33.25,33.78
2025-11-04 07:00:00,25.45,63.99,37.1,163.73,53.82,21.9,87.91,33.35,91.12,104.8,23.2,21.5,103.03,62.1,67.6,28.1,23.56,26.15,16.8,52.64,33.95,51.1,23.5,76.8,80.9,23.35,12.9,21.05,34.2,61.24,11.83,63.38,44.55,23.9,15.69,17.4,29.54,52.0,33.6,19.12,16.65,59.2,98.4,18.35,99.0,184.0,57.6,27.55,75.5,31.35,33.2
2025-11-05 07:00:00,25.8,65.96,37.6,162.76,53.04,23.95,83.88,34.42,89.58,102.9,23.9,22.5,100.75,60.7,67.3,28.05,23.98,26.45,17.1,51.96,35.35,51.7,24.0,79.9,81.5,23.85,13.6,22.7,34.3,59.53,11.75,64.26,44.41,23.95,16.08,17.7,31.72,53.5,34.9,20.16,17.2,60.0,101.2,18.85,100.5,185.3,57.3,29.0,74.6,33.2,33.9
2025-11-06 07:00:00,25.55,66.06,38.7,164.5,54.02,23.0,85.67,35.39,91.02,104.6,24.95,22.45,99.86,63.3,67.0,29.23,23.98,26.35,17.15,50.98,34.95,51.7,24.0,80.1,80.3,24.15,13.75,22.4,35.3,60.19,12.21,64.36,44.12,24.0,15.83,17.35,31.91,53.5,34.15,20.97,16.9,60.9,99.6,18.85,103.0,184.8,58.0,29.2,75.7,32.0,34.35
2025-11-07 07:00:00,25.25,67.24,38.35,173.06,53.04,23.45,81.1,34.9,90.44,104.5,24.45,21.75,98.48,61.8,66.1,28.25,23.09,26.15,17.0,50.39,34.0,51.5,23.75,78.2,79.6,23.5,13.5,22.0,34.8,59.73,12.08,64.36,44.02,23.86,15.54,17.2,31.13,51.7,33.6,20.5,16.8,60.0,97.5,18.5,102.5,178.5,57.6,28.45,73.9,31.8,33.47
2025-11-10 07:00:00,24.9,66.84,37.5,164.5,51.08,22.8,75.9,33.66,89.87,103.0,23.7,21.5,100.16,62.8,63.4,27.7,23.05,26.2,16.7,50.39,32.1,50.1,23.3,77.1,76.3,23.0,12.9,20.85,34.15,57.75,11.67,63.08,44.31,23.76,15.04,17.25,30.04,48.5,33.3,19.69,16.5,59.4,90.2,18.5,99.4,178.5,57.7,27.4,71.6,31.3,32.4
2025-11-11 07:00:00,24.85,64.09,37.6,165.46,52.45,22.5,75.46,33.28,87.76,102.7,23.45,21.2,95.8,61.3,61.0,27.8,22.82,26.6,16.9,49.9,32.1,48.5,23.15,76.5,77.5,22.9,12.4,21.0,33.95,57.81,11.71,62.59,44.07,23.67,15.19,16.9,31.09,48.7,33.45,19.64,16.55,59.1,86.9,18.3,99.5,176.5,57.0,27.75,70.7,29.8,32.22
2025-11-12 07:00:00,25.0,65.66,38.2,162.09,52.35,23.0,76.26,33.52,88.14,102.8,23.5,21.0,95.51,61.5,61.5,27.7,22.9,26.65,17.1,50.88,33.3,47.75,23.35,78.5,78.0,22.9,12.3,21.2,34.0,58.8,11.67,63.38,44.89,23.67,15.59,16.65,32.0,49.7,33.7,20.12,16.9,59.1,90.1,18.25,99.8,175.0,58.8,27.65,71.7,31.25,32.5
2025-11-13 07:00:00,25.2,65.07,38.25,166.71,55.68,24.65,80.38,33.97,90.35,103.5,23.85,21.7,99.56,61.7,62.1,28.2,23.13,27.0,17.2,50.39,34.2,48.7,23.75,79.3,80.1,23.6,13.3,22.1,34.05,58.87,11.83,63.97,45.18,23.81,16.08,17.0,32.41,50.5,34.65,20.4,17.2,59.5,94.5,18.65,105.0,175.8,59.8,28.3,74.2,32.7,33.26
2025-11-14 07:00:00,25.1,66.65,38.2,166.23,54.5,24.5,78.32,33.52,96.19,103.4,23.85,21.3,97.88,62.9,63.0,28.5,23.02,26.5,17.0,51.27,34.3,49.0,23.45,78.6,79.2,23.9,13.35,21.75,34.55,59.46,12.12,64.76,45.46,23.76,15.98,17.05,31.72,48.6,34.8,19.97,16.95,59.8,93.0,18.5,105.4,175.6,61.7,27.6,73.0,31.65,32.93
2025-11-17 07:00:00,25.0,66.45,38.35,166.4,55.8,25.7,78.41,33.7,95.24,103.9,24.05,21.4,99.56,63.2,62.5,28.8,23.13,27.05,17.1,51.27,34.75,50.6,23.6,78.8,81.2,24.45,14.8,22.35,34.55,59.4,12.46,65.74,45.18,23.81,16.03,17.0,31.91,48.1,35.1,20.5,17.0,60.0,94.0,18.6,106.0,176.4,62.9,27.95,72.0,32.25,33.2
2025-11-18 07:00:00,25.2,67.73,38.5,164.0,54.1,26.65,79.85,33.8,95.04,103.5,24.5,22.25,99.96,63.4,63.4,29.1,23.25,27.25,17.2,51.37,35.0,50.4,23.8,79.8,82.5,24.1,15.8,23.1,34.65,59.33,12.58,64.95,45.37,23.86,16.28,17.45,32.32,48.9,35.2,20.69,17.15,60.4,95.7,18.75,108.5,180.2,62.0,28.3,72.7,32.2,33.38
2025-11-19 07:00:00,25.15,66.25,38.3,163.8,54.1,26.1,78.77,34.14,94.66,103.5,24.15,22.6,98.48,62.5,63.6,28.35,23.52,27.5,17.35,51.27,35.4,49.6,23.75,79.0,83.0,24.1,15.65,23.0,34.55,59.0,12.46,66.33,45.27,23.95,16.23,17.35,32.27,49.45,35.4,20.74,17.6,59.9,96.9,18.7,110.0,178.7,60.7,28.7,72.2,32.3,33.6
2025-11-20 07:00:00,25.0,65.07,38.2,163.0,54.2,26.45,77.96,34.08,93.22,102.7,24.7,22.45,97.58,62.2,63.2,28.1,24.21,27.7,17.45,51.37,34.6,49.7,23.7,78.9,82.3,24.1,15.6,22.8,34.75,58.8,12.37,66.92,45.46,23.9,16.18,17.15,31.59,49.5,34.85,20.5,17.2,59.6,96.7,18.7,110.45,177.5,61.4,28.25,72.0,31.75,33.25
2025-11-21 07:00:00,24.75,64.39,37.9,157.2,54.7,25.3,76.71,33.59,92.36,102.5,24.25,22.2,96.99,61.6,62.5,27.65,24.4,27.15,17.15,51.37,34.4,49.3,23.25,78.4,80.4,23.8,14.9,22.45,34.25,57.68,12.41,66.92,45.03,23.86,16.28,16.8,31.27,49.05,34.5,20.9,17.05,59.1,96.1,18.55,113.1,191.0,60.3,28.35,72.0,31.8,33.3
2025-11-24 07:00:00,24.7,65.86,37.6,156.6,54.1,26.55,77.52,33.94,92.74,102.8,23.6,22.4,99.66,61.9,63.2,28.0,24.13,27.4,17.1,51.27,35.0,48.7,23.25,77.7,80.3,23.9,15.65,22.75,33.9,57.81,12.41,65.94,44.79,23.86,16.33,17.1,31.54,51.5,34.3,20.5,17.25,59.0,99.3,18.55,114.65,194.7,60.1,28.55,74.6,32.3,33.58
2025-11-25 07:00:00,24.65,64.88,37.8,156.5,53.2,25.65,79.4,33.66,91.79,102.5,23.2,22.1,98.67,61.0,63.0,27.6,24.1,27.15,16.85,51.08,34.9,48.6,23.2,78.0,79.0,23.95,15.8,22.3,33.85,57.88,12.62,66.43,44.31,23.81,16.33,17.2,31.13,50.0,34.0,20.45,17.1,58.9,103.4,18.5,121.5,205.3,63.0,28.95,77.9,35.4,34.0
2025-11-26 07:00:00,24.2,64.39,37.05,155.6,52.3,25.45,77.96,33.38,90.06,102.5,23.15,21.2,98.77,60.8,63.0,27.15,24.52,26.95,16.75,51.76,34.55,49.15,22.9,77.5,78.5,23.55,15.35,21.8,33.55,57.42,12.37,64.66,44.5,23.71,16.13,17.05,30.08,50.1,33.6,20.1,16.9,58.5,102.8,18.3,123.5,218.5,62.3,28.2,82.0,33.5,33.88
2025-11-27 07:00:00,24.45,65.47,37.45,158.0,52.5,26.8,78.77,33.87,91.88,102.8,23.6,22.2,98.18,61.9,63.5,27.55,25.02,27.2,16.9,51.96,35.4,49.75,23.35,78.9,80.0,23.85,15.55,22.65,33.85,57.61,12.7,64.07,44.84,23.81,16.43,17.3,30.86,49.8,33.95,20.7,17.4,58.2,102.5,18.6,123.1,207.0,63.0,29.05,89.0,34.1,34.2
2025-11-28 07:00:00,24.35,64.58,37.55,157.0,52.9,26.05,77.96,33.63,91.02,102.6,23.35,22.25,98.08,63.0,64.1,27.9,24.6,26.9,16.85,51.66,35.15,49.5,23.5,78.8,80.0,23.3,14.8,22.3,34.0,59.73,12.79,64.85,44.5,23.57,16.48,17.2,30.22,49.0,33.75,20.4,17.35,58.0,102.0,18.7,124.1,201.0,62.2,29.1,88.0,33.65,33.95
2025-12-01 07:00:00,24.3,64.39,37.2,157.9,52.1,26.85,77.07,33.8,90.83,102.6,23.15,22.0,96.9,63.4,63.9,27.35,24.71,26.65,16.75,50.78,35.0,48.8,23.3,77.8,79.7,23.4,14.85,22.55,33.9,59.73,12.66,64.26,44.65,23.57,16.52,17.3,30.08,48.7,33.7,20.45,17.2,57.6,104.0,18.5,133.05,203.7,64.3,29.05,96.2,34.6,33.9
2025-12-02 07:00:00,24.05,64.48,36.95,157.8,51.4,26.15,76.26,33.83,91.02,102.6,23.1,21.7,96.8,65.4,62.8,26.4,24.29,26.55,16.5,51.17,34.25,48.1,23.2,78.9,79.8,23.45,14.75,21.95,34.4,60.12,12.37,63.58,47.0,23.43,16.67,17.2,28.9,49.0,33.2,20.05,17.0,57.5,105.9,18.4,135.0,204.0,64.8,29.25,108.7,34.9,34.2
2025-12-03 07:00:00,24.0,64.97,37.0,159.0,51.8,26.9,76.17,34.21,93.22,103.2,23.2,22.4,97.0,66.2,62.7,27.75,24.67,26.6,16.6,50.0,33.75,48.0,23.55,79.2,80.2,23.8,15.1,22.0,35.2,60.45,12.46,62.59,51.79,23.48,16.67,17.3,29.54,49.2,34.25,20.25,17.15,57.8,106.9,18.45,139.45,218.2,65.1,29.15,106.0,34.85,34.5
2025-12-04 07:00:00,24.55,64.88,38.5,160.8,53.5,27.3,77.53,36.08,92.84,103.2,23.35,22.6,96.6,64.6,63.0,27.7,25.29,26.95,16.75,50.49,34.45,48.85,24.8,81.3,85.0,24.25,15.1,22.25,34.8,60.45,12.33,63.87,49.4,23.57,17.07,17.8,29.67,50.0,35.0,20.4,17.35,59.0,106.2,18.85,134.0,214.1,65.0,30.35,100.5,34.2,34.9
2025-12-05 07:00:00,24.9,64.97,38.3,166.0,53.2,27.3,76.89,36.01,93.22,103.6,23.6,22.5,97.5,65.2,62.3,28.0,25.44,27.35,16.9,50.49,34.6,49.65,25.8,80.2,85.7,23.9,15.0,22.65,34.95,59.26,12.5,62.98,48.82,23.57,17.02,17.7,30.04,50.6,35.5,20.9,17.7,59.0,105.0,19.0,142.8,204.2,63.6,30.25,101.0,34.4,35.0
2025-12-08 07:00:00,24.25,64.48,37.8,160.1,52.0,26.25,77.35,35.53,91.02,104.8,23.15,22.75,96.6,64.1,61.7,27.45,25.33,26.9,16.7,50.69,34.0,48.1,25.0,78.0,84.3,23.9,14.85,22.25,34.45,60.65,12.54,62.3,47.76,23.76,16.52,17.35,30.0,49.2,34.65,20.25,17.35,58.2,107.0,18.6,152.0,204.4,63.3,29.8,106.0,33.8,34.95
2025-12-09 07:00:00,24.2,64.88,37.5,156.0,56.5,26.55,79.07,35.18,90.92,104.0,23.15,22.25,95.5,65.3,59.5,26.9,25.17,26.7,16.5,50.59,33.4,46.4,25.05,77.9,84.5,23.65,14.6,21.75,35.8,59.26,12.29,62.98,52.27,23.57,16.33,17.4,29.35,48.35,34.2,20.0,17.15,57.9,110.8,18.4,163.3,205.0,63.5,29.65,108.0,32.95,35.1
2025-12-10 07:00:00,24.15,64.68,37.5,157.1,55.4,26.45,77.17,34.84,91.5,102.6,22.9,22.6,97.1,63.9,58.7,26.8,24.9,26.65,16.55,50.2,33.3,44.65,24.7,77.1,83.2,23.7,14.5,21.65,35.1,58.34,12.3,62.79,51.12,23.43,16.28,17.3,29.0,48.45,33.75,19.95,16.9,58.3,107.0,18.15,160.0,200.5,62.4,28.75,101.6,31.9,35.1
2025-12-11 07:00:00,24.25,64.19,37.7,158.6,54.2,25.6,76.35,35.04,91.88,102.7,22.7,22.5,95.9,63.6,58.1,26.8,24.83,26.7,16.5,51.08,32.6,44.5,25.25,77.4,83.0,23.6,14.4,21.4,34.7,58.34,12.35,62.3,49.59,23.01,16.18,17.5,29.35,48.4,33.75,19.95,16.95,58.4,101.8,18.25,143.0,195.7,63.0,28.95,89.2,30.1,34.4
2025-12-12 07:00:00,24.05,64.19,37.7,171.1,54.6,25.25,76.44,34.77,90.73,103.0,22.6,22.15,96.0,62.6,58.1,26.7,24.52,26.6,16.4,51.08,32.3,44.75,24.9,76.5,82.3,23.7,14.35,21.15,34.4,58.6,12.1,62.0,49.88,23.15,16.03,17.45,29.3,47.7,33.45,19.85,16.8,57.8,101.0,18.15,147.8,185.0,61.7,28.1,91.0,30.0,34.29
2025-12-15 07:00:00,23.5,63.5,37.05,176.0,51.9,23.3,72.54,34.28,88.24,102.1,22.1,20.5,93.9,61.3,57.5,25.3,23.32,26.25,15.4,50.3,30.3,44.35,24.0,73.2,78.4,22.7,13.25,19.75,33.85,59.26,11.6,61.11,48.24,23.01,15.78,17.25,28.05,46.05,32.0,18.6,16.3,56.8,94.8,17.5,143.8,184.0,60.3,26.6,80.5,27.45,33.4
2025-12-16 07:00:00,23.55,63.99,37.1,176.1,52.6,22.7,71.9,34.56,85.27,102.0,22.1,20.6,93.9,62.5,58.7,25.8,23.17,26.35,15.45,50.3,29.65,43.0,23.85,73.9,77.8,22.9,13.2,19.2,34.0,60.06,12.05,61.11,48.92,22.87,15.59,17.2,28.6,46.5,32.0,17.75,16.35,56.9,91.3,17.35,142.9,186.1,62.0,27.45,76.9,29.2,33.34
2025-12-17 07:00:00,24.05,63.6,37.45,177.6,53.2,24.25,72.54,35.5,77.13,102.0,22.5,21.6,94.4,64.2,58.7,26.5,24.67,26.7,15.9,50.88,31.6,44.7,24.55,74.6,81.9,22.8,13.55,19.5,34.3,61.11,12.35,61.61,49.68,23.1,15.74,17.45,30.0,47.2,33.0,18.55,16.7,57.0,94.9,17.65,143.7,191.6,64.1,28.2,85.0,29.55,33.88
2025-12-18 07:00:00,24.0,61.44,38.1,189.1,53.5,23.45,73.45,34.7,71.76,101.2,22.25,21.6,95.5,63.6,58.5,26.3,25.0,26.4,15.8,50.78,31.7,44.2,24.3,74.4,81.3,23.25,13.45,19.05,34.85,60.72,12.3,60.92,48.53,23.2,15.64,17.4,29.65,47.0,32.8,18.4,16.5,57.2,94.9,17.6,143.0,185.1,63.6,28.0,87.9,29.95,33.77
2025-12-19 07:00:00,23.9,60.26,38.0,184.2,53.4,23.5,73.45,34.35,66.78,101.3,22.3,21.5,94.0,63.6,58.4,26.5,25.6,26.4,15.65,50.59,32.1,44.0,24.65,74.3,81.5,24.0,13.3,19.1,34.8,60.58,12.35,61.61,48.15,23.1,15.98,17.45,30.0,47.7,33.2,18.25,16.75,57.0,95.3,17.6,142.7,194.0,63.7,28.25,90.0,30.35,33.75
2025-12-22 07:00:00,24.0,60.35,37.7,173.0,54.0,23.65,72.9,34.5,67.07,101.3,22.5,21.55,94.1,64.3,59.5,26.45,26.0,26.7,16.0,51.66,32.55,43.8,24.85,76.0,82.7,24.2,13.8,19.45,34.9,60.85,12.25,61.41,47.67,23.34,15.98,17.5,30.9,49.3,33.85,18.75,16.95,57.7,104.0,17.7,153.8,200.0,63.9,28.45,98.0,31.9,34.05
2025-12-23 07:00:00,24.45,60.85,38.5,178.0,55.9,24.35,72.27,35.3,72.43,101.4,22.7,22.75,94.0,65.3,60.5,26.65,27.0,27.05,16.2,51.27,33.2,44.25,25.35,76.3,85.0,24.2,13.9,20.4,35.45,62.37,12.7,61.02,47.67,23.34,16.13,17.7,31.45,54.7,35.3,19.05,17.4,57.8,108.5,17.9,165.0,205.5,63.5,29.1,99.0,32.7,35.28
2025-12-24 07:00:00,24.15,60.16,38.0,184.7,56.0,23.7,74.57,35.0,69.0,101.3,22.2,22.45,94.1,65.4,59.1,26.4,27.55,26.85,15.8,50.69,32.8,42.0,25.1,75.6,87.6,24.2,13.45,19.95,35.55,62.17,12.85,60.62,47.48,22.91,16.08,17.6,30.7,58.8,34.7,18.7,17.35,57.3,117.3,17.75,174.0,206.0,62.8,28.6,105.7,34.45,35.68
2025-12-25 07:00:00,24.3,59.37,38.4,174.0,56.0,23.4,74.28,35.4,63.5,101.5,22.35,22.4,93.6,66.1,60.1,26.0,27.7,26.55,15.9,50.3,32.95,43.0,25.25,76.5,88.0,24.4,13.35,19.9,35.45,63.16,12.7,60.03,46.81,23.01,16.67,17.3,31.35,58.3,34.95,18.9,17.45,57.0,124.0,17.95,167.6,197.4,61.6,29.3,100.0,34.7,35.6
2025-12-26 07:00:00,23.9,59.76,38.45,174.2,54.5,22.4,73.61,34.9,64.0,101.4,22.05,21.95,92.7,69.0,60.0,25.55,27.0,27.1,16.45,50.1,31.7,42.1,24.7,76.0,84.2,24.0,13.4,19.2,35.05,62.83,12.5,60.42,46.14,22.91,16.13,17.4,30.25,55.5,33.5,18.35,16.9,57.1,106.3,17.65,147.0,208.7,61.6,28.2,92.1,30.0,34.19
2025-12-29 07:00:00,23.85,58.49,38.8,177.0,55.9,22.75,72.19,35.0,60.0,101.4,22.45,21.55,92.5,70.6,59.4,25.6,27.7,27.0,16.3,50.78,32.0,41.5,24.85,75.3,86.2,24.3,13.55,19.5,35.7,63.42,12.85,60.33,46.81,22.82,16.13,17.15,30.8,58.2,33.95,18.55,17.0,57.4,111.9,17.6,155.0,208.4,61.5,28.15,92.1,32.0,35.49
2025-12-30 07:00:00,24.0,60.16,38.8,176.0,60.0,22.8,71.42,35.35,62.2,102.2,22.7,21.35,94.5,75.1,61.0,26.2,27.6,26.7,16.2,50.39,31.8,41.95,24.9,75.7,87.0,24.45,14.55,19.6,36.6,63.29,13.05,60.33,46.9,23.05,15.93,17.3,30.5,60.3,34.2,18.4,17.0,57.3,120.0,17.6,159.7,208.0,62.1,27.9,93.1,33.5,35.4
2025-12-31 07:00:00,24.15,59.47,39.5,175.7,59.1,21.9,70.09,35.7,67.0,101.9,22.4,21.65,96.8,74.5,62.0,26.6,27.8,26.45,15.95,50.3,31.5,42.05,25.0,76.7,88.0,24.5,13.95,19.4,35.95,63.22,12.8,60.33,47.57,23.1,16.13,17.25,30.65,59.6,34.8,18.2,17.25,57.4,117.5,17.8,163.0,204.5,61.9,28.7,91.5,32.5,35.5
2026-01-05 07:00:00,24.0,60.55,38.85,175.0,56.9,20.95,72.66,35.8,68.6,102.3,22.5,21.5,95.7,73.1,61.0,26.2,29.5,26.4,15.75,50.78,31.5,42.0,25.35,76.9,87.9,24.35,13.6,18.85,35.9,64.48,12.75,60.33,47.14,23.67,16.08,17.4,30.4,58.2,34.65,18.15,17.15,57.5,126.8,17.75,169.6,207.0,61.3,28.65,96.3,33.9,36.08
2026-01-06 07:00:00,24.05,59.96,38.3,176.4,57.3,21.3,71.04,35.4,65.2,103.0,22.65,20.95,94.7,77.8,60.6,25.85,28.8,26.0,15.45,50.59,32.05,40.7,25.45,76.7,86.8,24.35,13.5,18.7,36.35,64.68,12.65,60.03,46.23,23.38,15.78,17.25,29.15,57.5,34.95,17.6,16.75,57.1,138.5,17.65,173.6,207.5,60.5,27.85,102.0,36.1,36.0
2026-01-07 07:00:00,24.2,62.71,39.5,173.1,63.0,20.05,70.47,36.4,63.2,101.4,23.0,21.5,94.1,85.2,60.3,28.55,29.05,25.95,15.5,50.3,31.85,41.9,26.75,77.1,89.0,24.95,13.35,18.7,39.4,65.14,12.85,60.23,45.66,23.05,16.03,17.3,30.0,55.6,36.25,17.4,17.2,57.6,150.0,17.8,173.1,212.5,60.8,29.15,105.9,38.8,36.5
2026-01-08 07:00:00,24.75,70.38,41.3,176.7,70.0,20.3,69.61,37.55,65.0,102.7,23.85,21.7,98.1,93.5,62.7,30.9,29.15,26.7,15.95,49.42,31.4,42.2,26.75,79.0,89.8,25.3,13.3,18.85,44.0,67.71,14.1,61.02,46.52,23.05,16.33,17.35,30.2,53.7,36.5,17.6,17.5,59.8,150.3,18.1,183.5,210.0,61.1,29.3,102.0,38.4,37.0
2026-01-09 07:00:00,24.7,66.84,43.8,174.6,69.0,19.8,69.52,39.0,62.9,103.2,23.45,21.95,96.1,90.6,63.0,30.4,28.85,26.8,15.8,50.49,30.5,42.1,26.75,78.5,86.4,24.9,13.25,18.5,41.7,68.77,14.05,61.02,46.9,23.05,16.48,17.4,30.95,53.6,37.05,17.1,17.9,65.4,138.6,18.1,176.0,201.7,62.4,29.25,92.1,35.6,36.95
2026-01-12 07:00:00,24.65,69.79,47.9,175.1,67.9,18.15,68.95,42.0,63.9,103.0,23.85,21.3,98.0,101.0,62.4,32.3,27.7,26.35,15.6,50.3,28.7,41.4,27.55,76.6,86.0,24.5,12.6,17.1,44.0,69.3,14.55,60.33,47.2,23.01,16.23,17.4,30.45,51.5,36.7,15.95,17.6,69.9,139.0,17.95,174.6,197.8,61.1,28.5,99.0,34.5,36.94
2026-01-13 07:00:00,25.7,68.81,49.35,175.1,65.1,19.3,71.52,41.5,64.0,104.2,24.4,22.3,99.7,97.0,62.8,32.1,28.2,27.75,16.55,50.2,30.0,42.8,28.25,79.5,87.5,24.45,13.1,18.2,42.4,66.97,14.15,61.8,47.05,22.96,16.97,17.8,33.55,53.8,38.1,16.6,18.3,74.3,125.7,18.7,159.0,194.0,62.9,31.3,93.1,32.35,36.89
2026-01-14 07:00:00,25.0,68.81,50.8,174.4,68.6,19.05,73.42,40.8,63.1,103.8,24.65,23.5,99.0,107.0,63.2,34.3,28.5,27.45,16.15,49.8,29.95,42.1,27.6,79.1,87.1,25.9,12.75,18.0,47.6,67.37,14.9,61.11,51.3,22.63,16.48,17.7,32.8,53.9,37.2,16.45,17.95,73.1,134.9,18.6,171.2,194.2,63.6,30.55,94.9,33.55,37.04
2026-01-15 07:00:00,24.85,74.31,52.6,175.0,68.7,18.55,73.42,40.5,64.3,104.6,24.95,22.95,99.8,106.9,63.2,36.35,27.5,27.25,16.4,50.3,28.75,41.85,27.05,80.5,85.0,25.7,12.95,17.7,48.1,66.7,14.6,61.9,55.0,22.87,16.43,17.9,33.3,53.8,36.0,15.7,17.5,74.0,124.0,18.3,160.1,188.5,70.0,29.35,90.1,31.5,36.65
2026-01-16 07:00:00,25.0,73.72,51.0,175.0,78.0,19.35,71.9,40.7,68.0,106.3,24.4,23.45,99.5,103.2,63.5,37.4,29.5,27.8,17.25,50.1,30.4,41.6,27.4,81.3,83.8,26.55,12.95,17.9,52.0,67.64,14.45,61.31,52.7,22.87,16.38,17.95,32.9,59.4,35.65,16.05,17.65,73.0,121.1,18.45,153.0,180.5,71.1,29.3,92.1,31.6,36.32
2026-01-19 07:00:00,24.9,74.71,51.1,175.8,73.7,18.4,72.95,39.65,66.0,107.0,24.2,23.0,108.7,100.0,64.4,36.0,28.5,27.9,16.85,50.2,29.9,41.9,27.2,82.1,87.4,25.95,13.05,17.55,52.8,71.77,14.35,62.98,52.5,22.91,16.18,18.0,32.6,58.0,35.9,15.9,17.4,73.0,126.9,18.2,164.9,184.5,69.8,28.95,95.4,32.55,36.9
2026-01-20 07:00:00,25.1,75.89,52.9,170.0,72.0,19.05,74.47,40.45,65.3,107.0,24.3,23.2,106.1,106.0,64.0,39.2,29.0,27.85,16.8,49.5,29.3,41.7,27.75,80.2,86.7,26.2,12.8,17.85,58.4,75.23,14.45,62.39,52.0,22.91,16.33,17.95,33.0,58.2,36.35,16.0,17.4,74.0,124.1,18.25,162.0,185.5,71.5,30.15,93.6,31.65,37.0
2026-01-21 07:00:00,25.0,76.87,52.6,163.1,71.3,18.45,71.61,39.55,64.3,104.0,24.15,22.55,103.2,101.2,68.5,38.0,28.65,27.15,16.7,49.65,29.2,42.5,27.3,79.0,85.9,25.9,12.6,17.4,57.8,73.1,14.25,61.7,52.0,22.96,16.18,17.65,32.25,57.6,35.8,15.5,17.3,72.8,121.0,18.0,159.0,181.5,73.0,29.65,91.7,31.1,36.59
2026-01-22 07:00:00,24.9,74.12,53.5,161.1,74.8,18.0,71.33,40.4,71.4,103.4,24.8,22.25,105.5,110.5,70.6,39.05,29.1,26.9,16.35,49.8,28.7,42.95,27.15,79.6,85.0,26.4,12.75,17.4,60.0,73.43,15.0,62.1,51.0,22.63,16.23,17.3,32.05,63.0,35.85,15.15,17.2,73.4,120.1,17.8,157.0,181.0,71.1,29.1,95.0,31.2,36.8
2026-01-23 07:00:00,25.0,72.25,51.8,162.0,75.2,19.45,71.42,40.0,76.0,104.5,25.85,22.5,103.6,104.8,70.1,38.55,29.25,27.1,16.65,50.2,29.55,43.9,26.95,80.0,86.6,26.45,12.95,18.0,56.4,73.3,14.8,62.59,50.7,22.63,16.13,17.55,32.2,63.2,36.2,16.05,17.4,71.0,122.1,17.95,163.8,181.5,69.4,29.2,92.2,32.15,36.91
2026-01-26 07:00:00,25.05,67.53,51.0,159.6,71.1,18.7,71.9,39.05,73.8,103.6,24.55,22.6,100.2,100.5,67.8,36.65,29.4,26.75,16.35,49.95,29.1,42.6,26.75,79.1,85.8,25.95,12.5,17.8,54.3,75.83,13.95,62.1,49.3,22.68,16.03,17.6,31.75,63.0,36.7,15.4,17.15,68.9,124.0,17.8,167.0,189.7,67.4,28.6,95.0,32.5,36.84
2026-01-27 07:00:00,24.6,66.06,52.5,155.1,68.3,18.05,72.95,38.2,67.0,102.2,23.1,21.7,99.6,109.8,63.3,38.7,28.35,26.35,15.7,50.0,27.7,42.0,26.15,77.4,84.2,25.9,12.0,17.2,58.0,77.83,13.9,60.82,48.95,22.63,15.59,17.35,31.0,62.0,35.5,14.6,17.05,69.7,117.5,17.45,160.0,182.2,68.4,27.8,93.5,31.0,36.26
2026-01-28 07:00:00,24.45,66.74,53.4,163.5,70.2,17.35,75.14,38.35,67.7,103.4,23.6,21.05,102.4,121.0,65.6,41.15,28.5,26.55,15.95,49.9,26.9,42.2,26.55,77.2,84.9,26.8,11.65,17.1,63.2,77.9,14.2,61.8,49.9,22.68,15.74,17.5,31.0,62.0,35.0,14.75,17.25,71.1,108.1,17.4,151.0,179.0,67.7,27.95,91.9,30.45,35.95
2026-01-29 07:00:00,24.0,64.88,51.8,162.9,68.8,18.65,72.85,38.5,68.4,104.4,23.85,21.3,105.0,118.5,65.2,38.2,28.55,26.8,16.3,49.95,27.0,42.15,26.9,80.3,85.7,26.45,12.0,17.45,58.2,79.9,13.85,61.11,49.1,22.63,15.69,17.45,31.05,64.0,34.65,15.4,16.9,69.3,104.5,17.45,138.9,172.0,68.5,28.0,89.9,29.85,35.73
2026-01-30 07:00:00,23.85,65.86,52.3,159.8,69.3,18.2,72.28,38.2,69.0,103.7,24.25,21.2,106.4,116.8,68.0,40.85,27.9,27.3,16.35,49.95,27.1,41.9,26.75,84.6,90.0,26.4,12.3,17.5,58.4,83.16,13.55,61.41,51.0,22.63,15.69,17.4,31.2,62.8,34.85,15.5,16.8,70.6,107.0,17.5,140.5,164.3,71.5,27.75,93.0,29.9,36.0
2026-02-02 07:00:00,24.05,68.81,53.8,162.9,69.8,18.5,75.81,38.8,69.0,103.6,24.1,20.75,103.3,113.9,68.6,40.0,28.0,26.8,16.0,49.9,27.6,41.5,27.2,83.9,93.1,26.3,13.3,17.9,57.3,82.16,13.95,61.21,49.9,22.54,15.78,17.05,31.15,63.0,35.3,15.45,17.2,70.5,107.1,17.7,138.5,170.7,70.9,27.85,91.9,29.8,35.91
2026-02-03 07:00:00,23.8,70.68,55.7,159.0,75.0,18.45,75.42,39.75,67.3,104.9,24.65,20.75,104.9,115.8,69.2,42.0,27.9,26.65,15.9,51.9,27.4,42.2,27.5,84.5,94.4,26.9,12.75,18.05,60.5,77.43,14.5,60.72,50.9,22.54,15.69,17.05,31.0,64.0,35.6,15.4,17.2,72.4,96.1,17.55,125.3,168.8,72.9,27.85,86.6,28.5,36.0
2026-02-04 07:00:00,23.7,73.23,54.0,159.1,79.9,18.3,82.18,39.9,68.0,104.3,24.85,21.6,103.1,117.0,72.7,42.6,27.55,26.85,15.95,52.8,26.9,41.7,27.85,84.1,91.5,26.55,12.85,17.75,60.0,80.43,14.4,61.9,52.4,22.54,15.59,17.0,31.4,62.8,34.7,15.35,17.15,72.0,97.5,17.45,129.6,166.0,71.8,27.5,86.8,28.5,35.99
2026-02-05 07:00:00,23.65,70.18,53.0,160.0,81.4,18.5,82.09,39.65,69.0,104.2,25.35,21.6,101.2,115.8,73.0,41.7,27.55,28.3,16.55,52.3,27.1,42.8,27.85,82.8,91.7,27.25,12.55,17.8,60.0,79.9,14.5,61.9,52.2,22.54,15.59,16.95,31.7,63.8,34.95,15.55,17.4,70.7,91.2,17.45,119.0,164.0,71.9,28.0,85.5,28.05,35.69
2026-02-06 07:00:00,23.4,66.84,50.7,156.2,77.5,17.9,79.23,38.2,67.0,103.5,24.75,20.9,98.0,110.0,70.7,39.0,27.2,27.35,16.0,52.5,26.4,41.1,27.0,78.4,89.7,26.5,12.1,17.25,56.5,75.3,14.05,61.41,49.5,22.54,15.34,16.8,30.7,61.8,34.5,15.3,17.05,67.9,97.6,17.1,130.1,165.0,68.3,27.2,84.2,28.3,35.29
2026-02-09 07:00:00,23.2,65.47,51.8,155.5,77.9,17.2,76.57,37.7,65.8,103.0,24.9,21.0,98.8,117.0,72.5,39.5,26.75,27.05,15.75,52.0,25.9,42.05,27.8,79.0,89.0,26.8,12.15,17.0,57.5,73.63,13.7,61.02,48.9,22.44,15.24,16.7,30.25,61.6,35.0,14.8,16.9,65.5,97.9,16.9,132.8,166.0,69.4,27.0,81.1,28.2,35.3
2026-02-10 07:00:00,23.1,62.91,50.2,156.5,77.8,17.0,76.28,37.5,67.3,103.8,25.4,21.0,99.9,115.9,70.5,38.0,26.85,26.9,15.6,51.9,26.55,42.0,27.8,78.2,89.7,26.8,12.2,17.2,57.6,75.3,13.5,60.42,49.45,22.35,15.0,16.7,29.6,60.3,34.8,14.9,16.7,64.5,94.6,16.85,132.5,164.0,69.6,26.7,82.8,28.1,35.2
2026-02-11 07:00:00,23.05,63.89,46.55,156.1,75.0,17.1,76.19,37.45,68.0,103.4,25.1,21.0,98.2,105.8,71.1,35.95,26.75,26.65,15.55,51.9,27.65,41.95,28.1,77.3,89.5,26.7,12.3,17.3,52.0,74.03,13.0,59.54,48.4,22.25,15.04,16.7,30.15,59.3,34.7,15.05,16.8,64.0,102.5,16.7,148.0,162.5,68.4,26.8,84.5,29.0,34.8
2026-02-12 07:00:00,23.65,64.0,48.3,158.0,79.0,17.95,78.38,38.3,68.1,103.5,25.25,22.5,99.0,106.2,71.4,36.0,27.85,27.0,15.65,51.9,28.45,42.2,29.3,78.4,92.5,27.0,12.8,17.9,52.6,77.23,13.25,60.82,48.7,22.21,15.29,17.0,31.25,61.2,35.4,16.3,17.45,65.5,103.6,17.1,154.8,168.0,69.3,28.35,86.2,29.5,35.85
2026-02-13 07:00:00,23.85,62.8,47.55,159.6,77.1,17.75,77.61,38.0,67.9,103.5,25.05,22.3,98.1,101.5,73.5,35.5,27.75,26.9,15.5,51.6,28.1,41.95,28.6,78.0,91.9,26.9,12.95,17.6,51.6,77.96,13.3,61.02,49.0,22.3,15.14,16.9,31.1,61.2,35.2,16.4,17.15,64.7,109.7,17.1,161.9,168.0,69.0,28.1,85.4,30.0,35.96
2026-02-23 07:00:00,24.0,64.4,47.6,159.5,77.0,18.2,78.47,38.95,69.1,103.6,25.3,23.1,96.8,104.9,75.5,37.5,28.3,27.1,15.8,52.0,28.3,42.85,28.8,78.8,92.9,27.4,12.75,17.6,54.5,80.16,13.6,61.02,48.6,22.54,15.34,17.15,31.6,62.5,35.5,16.65,17.6,65.0,109.1,17.35,160.0,169.5,70.0,28.45,85.9,30.0,37.4
2026-02-24 07:00:00,24.1,64.4,49.45,160.4,83.6,18.65,82.85,38.55,70.0,104.1,25.65,23.4,94.0,112.0,75.7,39.55,28.1,27.5,15.8,52.3,27.75,42.6,28.5,79.3,91.6,27.6,12.7,17.45,57.5,80.1,13.85,61.02,48.85,22.72,15.54,17.0,31.5,63.2,35.85,16.6,18.0,66.6,110.5,17.45,162.3,174.9,70.6,28.7,84.2,29.6,36.9
2026-02-25 07:00:00,24.1,65.0,48.95,162.6,84.4,18.55,83.9,38.35,76.6,105.0,27.1,24.35,92.2,110.5,80.0,39.8,28.5,28.4,16.4,52.1,28.35,42.65,28.5,81.3,92.2,28.45,12.75,17.3,57.7,80.83,14.0,61.41,48.8,22.77,15.39,16.9,32.0,63.4,35.8,16.4,18.25,65.0,110.6,17.4,160.0,180.2,70.4,29.0,83.5,29.3,36.17
2026-02-26 07:00:00,24.5,66.6,48.55,162.0,85.1,18.2,82.85,38.55,76.0,104.6,27.0,23.6,90.0,111.0,80.2,42.6,28.5,29.5,16.5,52.2,28.0,42.55,28.9,80.7,93.0,27.8,12.65,17.0,58.5,79.16,14.3,62.6,49.5,22.82,16.08,16.95,32.3,66.8,36.1,15.95,18.8,65.2,106.0,17.4,157.0,177.5,71.2,29.0,79.9,28.55,36.2
2026-02-27 07:00:00,24.45,66.1,48.45,160.5,83.9,18.15,82.85,38.45,73.3,104.8,26.75,23.9,91.0,106.0,82.6,40.8,28.4,29.35,16.25,52.0,28.1,43.5,28.75,80.5,93.7,27.6,12.65,17.0,58.3,80.56,14.3,62.3,49.1,22.82,15.93,16.95,32.5,66.9,36.05,15.9,18.45,65.5,108.0,17.4,169.1,177.8,70.2,29.05,82.5,29.8,36.6
2026-03-02 07:00:00,24.0,64.7,46.05,155.6,79.7,17.0,81.9,37.5,73.0,104.9,29.5,22.7,90.1,115.3,84.6,38.8,27.3,28.2,15.75,51.2,26.15,42.95,28.0,77.8,91.8,27.2,11.6,15.4,61.3,80.9,14.9,61.7,47.05,22.63,15.09,16.6,31.5,65.1,35.8,14.55,17.9,62.9,102.5,16.8,171.0,170.5,66.9,28.25,82.0,28.5,36.2
2026-03-03 07:00:00,23.95,65.0,45.1,158.9,82.0,16.55,83.9,36.8,76.9,103.5,31.5,22.8,90.1,119.9,81.0,44.4,27.0,28.8,15.7,51.0,27.2,42.7,27.75,79.2,90.2,29.25,11.55,15.45,64.1,82.96,16.25,65.0,47.0,22.72,15.44,16.8,32.1,67.0,34.65,14.55,17.85,62.9,97.1,17.0,164.0,168.3,66.6,28.05,80.1,27.8,35.3
2026-03-04 07:00:00,23.5,62.2,43.4,157.1,81.6,16.2,80.95,35.75,73.5,104.4,32.5,22.8,86.9,124.0,82.0,46.0,26.4,27.6,15.5,50.3,27.1,42.4,27.1,77.1,87.1,28.7,11.55,15.45,68.0,79.23,16.8,64.5,46.05,22.72,15.24,16.55,32.55,67.6,33.5,14.3,17.55,61.8,91.4,16.7,150.6,163.6,63.4,27.35,75.9,26.3,34.86
2026-03-05 07:00:00,23.5,61.2,46.1,155.9,80.1,16.05,80.76,37.0,72.3,103.8,30.95,22.6,86.5,126.0,79.3,42.6,26.5,27.95,15.5,50.8,26.7,43.5,27.45,76.8,88.9,28.45,11.45,15.65,69.4,79.83,15.65,64.8,46.15,22.16,15.44,16.6,34.3,67.6,33.0,14.2,17.5,63.7,95.4,17.0,159.0,163.3,65.0,27.45,75.5,27.8,35.14
2026-03-06 07:00:00,23.5,58.5,44.0,153.0,74.7,16.35,76.38,35.9,71.1,102.8,31.05,22.35,84.4,118.6,77.0,39.65,25.9,27.0,15.0,49.95,26.8,42.9,27.1,74.9,84.8,28.2,11.4,15.65,63.6,76.63,15.05,63.9,45.65,22.16,15.0,16.95,33.1,64.9,32.1,14.2,17.0,62.0,95.0,16.85,163.5,156.0,63.0,27.0,75.4,27.0,34.94
2026-03-09 07:00:00,22.1,54.6,40.55,142.0,71.4,15.15,71.61,33.2,76.0,101.0,33.3,20.6,76.0,116.0,73.0,35.15,24.1,25.5,14.0,49.8,23.95,42.0,24.9,68.2,77.0,26.2,10.5,14.55,65.9,71.1,13.9,60.0,43.75,21.64,14.35,16.6,29.3,59.4,29.25,12.9,15.8,57.4,88.5,15.7,151.4,149.5,59.0,24.8,71.4,24.45,33.9
2026-03-10 07:00:00,22.55,54.5,41.5,145.0,73.8,15.3,72.38,34.2,74.8,100.0,30.2,21.0,76.4,104.0,73.5,35.15,25.0,26.8,14.0,49.5,24.5,40.9,26.1,69.0,79.0,26.0,10.0,14.45,55.0,75.77,13.55,59.0,43.6,21.22,14.35,16.5,30.0,63.0,30.8,13.2,16.1,59.8,90.3,16.3,154.8,154.3,60.0,26.0,73.4,25.0,35.0
2026-03-11 07:00:00,23.05,54.5,41.3,144.9,71.0,14.85,74.28,35.0,77.4,102.8,31.3,21.2,80.0,93.3,70.7,33.35,25.15,27.15,14.35,50.0,25.1,40.55,26.55,69.3,81.0,25.5,10.6,14.35,51.6,75.5,13.1,59.8,44.6,21.26,14.35,16.3,29.8,65.1,30.05,13.9,16.05,60.5,89.2,16.25,143.0,157.0,61.7,25.5,72.0,24.0,33.05
2026-03-12 07:00:00,23.0,55.2,41.8,145.0,74.4,15.7,76.0,34.8,77.0,101.4,32.35,22.1,78.8,103.0,76.3,35.7,25.3,27.0,14.8,51.3,25.7,41.5,26.5,73.2,84.0,26.4,11.0,15.1,55.0,79.03,13.6,60.1,44.65,21.64,14.4,16.35,29.7,65.6,30.55,14.65,16.2,60.2,93.7,17.0,144.8,155.0,62.0,25.85,76.5,24.8,33.99
2026-03-13 07:00:00,22.95,54.8,40.6,142.2,72.4,15.9,74.47,34.3,80.4,101.0,35.0,22.3,77.1,97.9,76.3,35.3,25.3,26.7,14.25,51.1,25.3,41.1,26.2,73.4,84.5,26.5,12.0,14.9,52.0,76.63,13.45,62.8,43.75,21.55,14.45,16.5,28.75,65.0,30.0,14.3,16.1,59.2,94.5,16.65,143.9,152.6,62.0,25.4,80.3,25.6,32.9
2026-03-16 07:00:00,23.4,54.3,40.5,138.4,73.4,17.05,76.57,34.05,76.5,101.9,33.2,22.55,77.1,91.0,76.0,33.3,25.5,26.65,14.5,51.2,26.2,41.6,26.15,74.7,81.9,26.65,13.4,15.75,48.0,76.7,13.3,64.8,44.2,21.22,14.65,16.55,28.45,65.7,30.0,15.1,16.1,59.3,98.0,16.9,146.2,156.0,62.6,25.7,77.8,25.25,32.89
2026-03-17 07:00:00,23.5,54.1,40.8,146.4,72.9,17.05,79.81,34.45,74.7,102.0,30.0,22.8,79.4,89.0,74.9,33.9,25.7,27.0,14.5,50.2,26.5,42.3,26.4,74.0,81.5,25.8,13.6,15.55,47.9,79.1,13.25,63.4,44.5,21.03,15.04,16.55,28.8,67.0,30.25,15.1,16.15,59.5,101.9,17.1,145.0,154.0,62.7,25.8,78.1,26.0,33.0
2026-03-18 07:00:00,23.75,54.1,41.1,140.0,76.7,16.4,78.57,34.6,64.0,101.4,29.0,23.15,80.0,86.4,77.7,33.05,25.7,26.9,14.75,50.6,26.2,43.75,26.7,75.8,82.8,25.55,13.35,15.2,45.2,78.43,13.1,62.7,44.5,20.93,14.85,16.7,28.8,67.7,30.5,14.4,16.2,60.9,102.2,17.2,148.3,156.2,61.8,25.95,76.4,26.5,33.35
2026-03-19 07:00:00,23.5,53.5,40.9,134.0,73.7,16.1,76.95,34.5,59.6,101.9,31.65,22.4,77.7,92.3,78.5,33.5,25.5,26.5,14.65,50.5,25.7,43.65,26.05,73.6,82.0,25.5,12.8,14.9,48.1,75.3,13.2,63.1,44.35,20.7,14.75,16.65,27.4,63.3,30.15,14.25,15.85,59.7,101.9,16.95,146.6,158.4,61.4,25.25,76.2,26.0,32.99
2026-03-20 07:00:00,23.4,52.8,40.65,128.1,73.9,16.75,78.28,34.55,55.5,100.8,30.8,22.25,76.5,88.1,76.5,32.4,25.5,26.5,14.5,49.9,26.15,43.9,26.3,75.1,82.1,26.0,14.2,15.35,46.6,76.56,13.0,65.4,44.35,19.8,14.7,16.95,26.8,63.1,30.0,14.6,15.9,59.8,102.0,16.75,148.0,157.5,61.0,25.3,80.6,25.65,32.75
2026-03-23 07:00:00,22.95,51.6,39.4,130.5,75.8,16.2,78.09,33.2,54.3,100.1,28.7,21.9,73.7,78.5,74.5,29.7,24.75,25.65,14.2,49.95,25.6,41.1,25.6,70.6,78.0,25.65,13.4,14.85,41.1,74.03,13.05,67.5,42.5,19.42,14.55,16.85,26.1,62.4,29.5,14.8,15.6,57.8,99.0,16.65,135.6,152.5,59.2,24.9,78.9,25.55,31.8
2026-03-24 07:00:00,22.75,51.1,39.3,125.0,76.5,16.1,76.66,33.3,53.0,100.0,29.75,21.95,75.5,82.0,74.0,29.3,24.5,26.0,14.4,49.5,24.5,41.3,25.75,72.5,76.6,25.1,12.95,14.6,42.0,71.43,13.0,66.8,43.45,19.8,14.5,16.8,26.25,61.1,29.3,15.35,15.5,59.0,99.4,16.5,132.0,151.8,61.8,24.45,79.0,25.15,31.65
2026-03-25 07:00:00,23.2,51.8,39.5,126.0,81.0,17.1,77.71,33.75,52.5,100.5,29.0,22.45,76.2,82.0,74.4,29.45,24.5,26.3,14.45,48.1,25.4,42.0,25.95,73.5,77.0,26.0,13.5,15.2,40.4,72.97,12.85,66.7,44.8,19.85,14.4,16.75,26.4,61.3,30.3,16.2,15.85,58.8,100.9,16.8,128.0,153.0,61.5,25.95,79.9,25.45,32.3
2026-03-26 07:00:00,23.7,53.4,39.5,128.8,85.7,18.5,80.47,34.05,55.0,99.9,29.4,22.7,77.0,83.0,77.3,30.25,24.95,26.3,14.55,49.9,26.05,41.9,26.35,73.0,78.0,28.15,13.8,15.3,41.3,73.97,13.35,72.5,44.65,20.41,14.75,16.75,26.85,62.0,30.7,16.5,16.15,58.5,104.3,17.25,129.9,153.0,62.1,26.3,83.0,26.2,32.3
2026-03-27 07:00:00,23.4,52.9,38.9,124.3,81.5,18.2,81.52,33.7,52.7,100.8,31.3,22.45,74.5,80.4,77.8,30.0,24.6,25.95,14.55,49.4,25.45,41.8,25.75,72.2,78.6,27.7,14.1,15.3,40.2,68.5,13.05,71.0,44.0,20.46,14.95,16.7,26.35,60.5,30.15,15.85,15.9,58.0,102.0,16.85,130.5,155.0,61.0,26.0,81.0,25.55,31.87
2026-03-30 07:00:00,23.3,53.5,39.1,125.0,81.8,18.6,80.09,34.1,50.9,100.1,30.95,22.35,74.4,82.1,77.3,31.2,24.8,26.15,14.6,49.0,25.7,41.8,25.8,72.0,78.9,27.25,14.0,16.25,42.0,70.1,12.95,71.7,43.9,21.5,15.0,16.85,26.35,58.9,30.05,16.2,15.9,57.9,100.8,16.8,128.9,155.0,60.6,25.65,81.7,25.0,31.9
2026-03-31 07:00:00,23.65,54.3,39.6,127.0,84.0,18.6,81.42,34.4,49.5,100.9,31.0,23.1,74.9,81.6,78.8,33.5,25.1,27.05,15.0,48.3,26.4,42.05,25.95,75.5,80.8,28.1,13.9,16.65,41.9,71.97,13.15,70.0,44.25,21.5,15.09,16.85,26.7,61.2,30.5,16.65,16.05,58.2,102.4,17.05,130.2,157.2,61.0,26.4,82.3,25.7,32.21
2026-04-01 07:00:00,23.85,54.1,40.0,131.0,84.8,19.2,82.57,35.2,50.6,102.2,30.0,23.9,75.9,80.0,80.9,32.5,25.8,27.35,15.0,48.55,26.45,42.3,27.0,76.8,83.0,27.9,14.45,16.65,41.1,72.7,13.1,70.0,44.75,21.4,15.39,17.0,27.7,62.8,31.35,17.9,16.55,58.9,110.2,17.15,143.0,156.5,61.3,27.3,86.0,26.8,33.0
2026-04-02 07:00:00,23.7,54.0,40.0,130.9,83.8,18.15,79.81,34.45,50.4,101.5,29.15,23.1,75.2,80.0,76.1,31.8,25.6,27.0,14.8,49.0,26.3,42.6,26.5,76.6,81.8,27.7,13.9,16.15,41.0,70.97,13.05,67.4,44.7,21.03,14.95,16.95,27.65,61.6,30.5,17.3,16.25,58.7,117.9,17.15,142.8,170.0,61.5,26.6,84.2,28.0,32.92
2026-04-03 07:00:00,23.6,53.9,39.7,129.5,83.5,18.4,77.61,34.4,56.9,101.4,29.55,22.85,74.7,80.0,74.0,32.1,25.65,27.35,14.95,48.9,26.15,41.8,26.3,76.2,81.5,27.1,13.9,16.0,40.9,71.57,12.9,67.0,44.6,20.74,14.85,16.9,27.7,60.8,30.4,17.2,16.15,58.3,120.8,16.95,140.0,165.0,61.0,26.3,83.5,27.0,33.0
2026-04-06 07:00:00,23.5,53.3,39.05,126.3,85.0,17.95,76.19,33.75,56.3,101.0,28.75,22.2,74.0,80.2,70.9,31.9,25.5,26.65,14.8,48.95,25.3,43.5,26.0,75.1,78.3,26.05,14.4,15.8,40.2,71.17,12.65,65.5,44.2,20.65,14.8,16.8,26.9,60.8,29.7,16.25,16.0,57.8,118.0,16.65,141.0,159.0,60.0,25.8,83.3,26.3,32.7
2026-04-07 07:00:00,23.25,52.5,39.4,126.1,81.0,17.65,75.23,33.75,53.3,100.1,28.05,22.45,74.5,78.5,71.5,31.6,25.55,26.8,14.7,48.9,25.0,46.6,25.75,75.4,78.4,25.2,14.75,15.5,38.95,69.7,12.45,65.7,44.45,20.51,14.7,16.8,27.15,61.5,29.25,16.05,15.95,58.0,117.0,16.7,141.6,163.3,60.9,25.6,82.0,25.75,32.7
2026-04-08 07:00:00,23.7,54.3,40.5,128.2,81.5,18.45,77.52,34.8,55.0,100.1,28.6,22.85,76.0,79.0,73.3,32.5,25.7,27.5,15.05,48.9,25.85,49.0,26.45,77.2,80.6,25.95,15.2,16.1,39.5,68.97,12.8,66.2,44.95,20.6,15.0,17.0,28.7,63.5,29.75,16.95,16.2,59.2,117.9,17.05,150.0,166.0,62.2,27.2,83.7,26.8,33.81
2026-04-09 07:00:00,24.05,54.3,41.0,133.2,82.6,18.7,78.57,35.05,55.7,100.0,28.75,22.9,79.1,79.9,74.3,32.7,26.25,27.9,15.1,48.8,26.05,47.6,26.5,77.6,80.9,26.2,15.95,16.45,40.5,71.3,12.9,67.3,45.0,20.65,15.2,17.35,28.95,65.9,30.95,17.1,16.45,60.0,123.5,17.4,154.0,167.7,61.8,27.35,83.5,27.5,34.95
2026-04-10 07:00:00,24.1,55.5,41.1,130.3,78.5,19.25,79.23,35.25,52.5,101.0,28.6,22.75,78.6,78.6,73.7,32.8,26.35,28.6,15.6,49.0,26.35,49.35,26.8,78.5,81.3,25.8,16.95,16.85,39.95,72.63,13.05,65.4,45.15,20.56,15.55,17.15,29.1,66.3,31.05,17.35,16.4,59.6,124.0,17.25,151.6,166.5,62.6,27.5,80.8,27.85,34.11
2026-04-13 07:00:00,23.8,55.0,40.5,131.5,77.3,18.7,77.81,34.8,53.1,100.4,29.3,22.9,76.9,81.2,71.5,33.0,26.0,27.85,15.0,48.5,25.9,49.4,26.35,77.2,80.8,26.3,16.7,16.3,41.9,72.63,13.0,66.2,45.5,20.6,15.2,16.95,28.2,66.3,31.5,16.85,16.2,59.5,119.1,17.35,151.7,161.4,62.4,27.0,79.1,27.0,33.67
2026-04-14 07:00:00,23.95,55.4,40.75,136.0,75.6,20.5,80.09,35.1,54.6,101.0,29.5,23.2,77.0,81.0,73.4,33.0,26.15,28.1,15.5,48.6,26.45,48.5,26.7,77.7,82.1,26.7,17.35,16.75,41.2,72.3,13.25,66.5,45.75,20.6,15.1,17.1,28.8,67.9,32.4,17.4,16.5,59.7,125.1,17.85,162.0,167.0,63.4,27.3,80.5,27.85,34.29
2026-04-15 07:00:00,24.15,55.8,40.75,146.0,76.0,19.9,80.0,35.2,56.4,100.0,28.8,23.15,76.9,79.8,75.0,33.1,26.4,28.7,16.55,48.85,26.3,48.6,26.7,78.4,82.0,26.4,17.4,16.5,40.15,73.37,13.2,66.8,45.65,20.65,15.1,17.0,29.0,66.4,32.4,17.4,16.45,59.7,130.3,17.75,166.2,166.8,62.1,27.85,80.9,28.3,34.5
2026-04-16 07:00:00,23.9,54.8,40.4,142.9,73.5,19.4,78.57,35.15,54.6,99.3,28.55,22.8,75.6,79.2,74.2,32.9,26.35,28.05,16.2,48.55,26.65,47.95,26.5,77.2,80.2,26.15,17.5,16.6,40.1,72.83,13.25,64.9,46.2,20.65,15.15,16.8,28.7,64.5,31.85,17.0,16.4,60.0,137.0,17.4,180.0,176.5,61.5,27.3,84.0,29.5,34.8
2026-04-17 07:00:00,23.7,55.5,40.3,151.8,73.9,19.75,79.0,34.7,55.0,99.6,28.65,22.4,75.0,78.6,74.6,32.4,26.3,27.95,16.0,48.4,26.45,47.9,26.3,78.3,82.6,26.5,17.0,16.5,39.4,72.57,13.4,64.8,46.0,20.65,15.4,16.65,28.85,64.0,32.15,17.7,16.25,59.4,144.6,17.25,194.9,178.1,61.3,27.8,86.1,29.2,34.95
2026-04-20 07:00:00,23.85,55.8,40.45,148.1,72.9,19.05,79.3,34.95,53.8,99.7,29.1,22.7,76.3,80.0,75.0,33.5,26.2,28.15,16.05,47.85,26.05,46.7,26.45,80.0,87.5,26.3,17.05,16.1,40.1,74.3,13.3,64.2,45.5,20.65,15.2,16.8,28.6,64.5,32.4,17.1,16.25,59.6,136.6,17.45,186.5,175.9,61.4,28.5,83.0,28.6,35.1
2026-04-21 07:00:00,24.0,57.0,40.75,153.5,72.7,19.0,82.8,35.3,53.1,99.9,28.7,22.8,77.0,79.3,74.8,33.0,27.0,29.15,16.35,44.75,26.15,46.55,26.4,80.0,87.4,26.6,17.3,16.2,39.45,76.9,13.15,66.0,45.7,20.55,15.3,16.85,29.0,68.0,32.65,17.15,16.45,60.4,149.0,17.5,194.0,175.4,61.9,28.0,85.9,29.6,35.4
2026-04-22 07:00:00,23.75,55.7,40.6,150.0,71.2,18.6,81.6,34.9,53.6,99.7,28.2,23.0,75.5,79.0,74.1,32.8,26.6,28.55,16.1,47.9,25.85,47.35,26.35,78.9,85.4,25.9,17.7,16.0,39.6,75.96,13.1,65.2,45.2,20.55,15.15,16.8,28.4,68.4,33.1,16.6,16.35,59.6,143.6,17.25,193.6,175.8,61.6,27.6,83.8,29.35,35.43
2026-04-23 07:00:00,23.55,54.4,40.25,149.6,70.8,19.15,81.1,34.8,54.8,100.0,28.1,22.8,75.0,78.1,73.7,32.9,26.5,28.2,15.9,47.45,25.65,47.25,26.2,79.2,86.4,25.3,18.9,16.15,39.1,75.1,13.05,65.0,45.05,20.5,15.15,16.75,28.2,66.7,33.0,16.85,16.3,59.7,152.0,17.35,212.0,175.6,62.0,27.65,85.2,30.3,36.0
