date,signal_spread,top_avg_score,rolling_ic_12w,ic_positive_pct,market_trend_4w,vol_regime,market_drawdown,cs_dispersion,vol_trend,bear_dummy,mom_portfolio_vol,bear_x_highvol
2014-10-10,,,,,,,,,,,,
2014-10-17,,,,,,,0.0,,,0.0,,0.0
2014-10-24,,,,,,,0.0,,,0.0,,0.0
2014-10-31,,,,,,,-0.010204081632653043,,,0.0,,0.0
2014-11-07,,,,,-0.0085806229708376,,0.0,,,0.0,,0.0
2014-11-14,,,,,0.0208311417350446,,0.0,,,0.0,,0.0
2014-11-21,,,,,0.00041447506837789805,,-0.009999999999999969,,,0.0,,0.0
2014-11-28,,,,,-0.019684473601999302,,-0.039999999999999994,,-0.41998413556836595,0.0,,0.0
2014-12-05,,,,,-0.0403030303030303,,-0.039999999999999994,,-0.013382268565139296,0.0,,0.0
2014-12-12,,,,,-0.0403030303030303,,-0.039999999999999994,,-0.2120143293753727,0.0,,0.0
2014-12-19,,,,,-0.030303030303030304,,-0.039999999999999994,,-0.13864999174639173,0.0,,0.0
2014-12-26,,,,,0.0,,-0.039999999999999994,,-0.1231439815194125,0.0,,0.0
2015-01-02,,,,0.0,0.0109890109890109,,-0.029450549450549514,,-0.30828232155540247,0.0,,0.0
2015-01-09,,,,0.0,0.0217416991610539,,-0.019014533853243656,,-0.22952619800901186,0.0,,0.0
2015-01-16,,,,0.0,0.0432470755051399,,0.0,,-0.17150586267819842,0.0,,0.0
2015-01-23,,,,0.0,0.0432470755051399,,0.0,,-0.000842725107852358,0.0,,0.0
2015-01-30,,,,0.0,0.042896362388469396,,0.0,,0.008824384254947564,0.0,,0.0
2015-02-06,,,,0.0,0.0321436742164264,,0.0,,-0.05702601236353099,0.0,,0.0
2015-02-13,,,,0.0,0.0106382978723404,,0.0,,-0.1027827473768786,0.0,,0.0
2015-02-20,,,,0.0,0.0212765957446808,,0.0,,-0.24164663865238434,0.0,,0.0
2015-02-27,,,,0.0,,,,,,0.0,,0.0
2015-03-06,,,,0.0,,0.0,0.0,,-0.21438943146727324,0.0,,0.0
2015-03-13,,,,0.0,,0.0,0.0,,-0.22007223006990798,0.0,,0.0
2015-03-20,,,,0.0,,0.0,0.0,,-0.1963642111289706,0.0,,0.0
2015-03-27,,,,0.0,0.0104166666666667,0.0,0.0,,-0.1855595048957887,0.0,,0.0
2015-04-03,,,,0.0,0.021286231884058003,0.0,0.0,,-0.19991014779924005,0.0,,0.0
2015-04-10,,,,0.0,0.0108695652173913,2.0,0.0,,-0.16181748960040174,0.0,,0.0
2015-04-17,,,,0.0,0.0219806763285023,2.0,0.0,,-0.17180680028884154,0.0,,0.0
2015-04-24,,,,0.0,0.0328502415458936,1.0,0.0,,-0.13348555701864662,0.0,,0.0
2015-05-01,,,,0.0,0.0219806763285023,1.0,0.0,,-0.1065026385323722,0.0,,0.0
2015-05-08,,,,0.0,0.0219806763285023,1.0,0.0,,-0.11959675584382773,0.0,,0.0
2015-05-15,,,,0.0,-0.00024154589371969994,0.0,-0.011111111111110948,,-0.10870847412865678,0.0,,0.0
2015-05-22,,,,0.0,-0.0335830212234707,1.0,-0.033333333333333263,,0.0997623409449686,0.0,,0.0
2015-05-29,,,,0.0,0.0005078878674381962,1.0,-0.00037878787878792806,,0.5779110516254579,0.0,,0.0
2015-06-05,,,,0.0,0.0005078878674381962,1.0,-0.00037878787878792806,,1.306008813993445,0.0,,0.0
2015-06-12,,,,0.0,0.022730110089660197,1.0,0.0,,1.2411194838494506,0.0,,0.0
2015-06-19,,,,0.0,0.045202020202019896,1.0,0.0,,0.7437972125332669,0.0,,0.0
2015-06-26,,,,0.0,0.021980676328502296,0.0,0.0,,0.17146940723726717,0.0,,0.0
2015-07-03,,,,0.0,0.0326189742008427,0.0,0.0,,-0.21404206049833,0.0,,0.0
2015-07-10,,,,0.0,0.03181714144024729,0.0,0.0,,-0.20430652422023193,0.0,,0.0
2015-07-17,,,,0.0,0.04181714144024729,1.0,0.0,,-0.21017209079141583,0.0,,0.0
2015-07-24,,,,0.0,0.030947576222855995,0.0,0.0,,-0.20800947821207155,0.0,,0.0
2015-07-31,,,,0.0,0.020309278350515596,0.0,0.0,,-0.2031301544749757,0.0,,0.0
2015-08-07,,,,0.0,0.009999999999999995,0.0,0.0,,-0.19825904433008956,0.0,,0.0
2015-08-14,,,,0.0,0.0,0.0,0.0,,-0.19302838032765476,0.0,,0.0
2015-08-21,,,,0.0,0.0,1.0,0.0,,-0.18761436898816236,0.0,,0.0
2015-08-28,,,,0.0,-0.021052631578947302,1.0,-0.021052631578947302,,-0.19815711531150587,0.0,,0.0
2015-09-04,,,,0.0,0.04346349745331069,2.0,0.0,,0.16953065349009322,0.0,,0.0
2015-09-11,,,,0.0,0.04346349745331069,2.0,0.0,,1.691409946311755,0.0,,0.0
2015-09-18,,,,0.0,0.03271080928126759,2.0,-0.010752688172043124,,1.674117474414475,0.0,,0.0
2015-09-25,,,,0.0,0.06463300607760619,2.0,0.0,,1.751209864449008,0.0,,0.0
2015-10-02,,,,0.0,0.0001168770453482005,2.0,0.0,,0.8556185091310151,0.0,,0.0
2015-10-09,,,,0.0,0.0001168770453482005,2.0,0.0,,-0.20351348544274178,0.0,,0.0
2015-10-16,,,,0.0,0.0108695652173913,2.0,0.0,0.049379782579608046,-0.2065023807351567,0.0,,0.0
2015-10-23,,,,0.0,0.0105263157894737,1.0,0.0,0.01702599120595743,-0.23528384073746003,0.0,,0.0
2015-10-30,,,,0.0,0.0208355941399893,1.0,0.0,0.035642501317524417,-0.2307455357481537,0.0,,0.0
2015-11-06,,,,0.0,0.0208355941399893,0.0,0.0,0.04017643133210581,-0.228337803158984,0.0,,0.0
2015-11-13,,,,0.0,0.0208355941399893,0.0,0.0,0.03324052940395819,-0.22502616797389538,0.0,,0.0
2015-11-20,,,,0.0,0.0206185567010312,0.0,0.0,0.029729462792971836,-0.22221412251714392,0.0,,0.0
2015-11-27,,,,0.0,0.0103092783505156,0.0,0.0,0.036149044224804715,-0.21889268001571494,0.0,,0.0
2015-12-04,,,,0.0,-0.020618556701030598,1.0,-0.03092783505154621,0.02827022878463884,-0.21732755652516414,0.0,,0.0
2015-12-11,,,,0.0,-0.0312568545733709,1.0,-0.04123711340206155,0.03377166703250865,0.15338229978717385,0.0,,0.0
2015-12-18,,,,0.0,-0.0523188210959296,0.0,-0.05154639175257708,0.028853127667995675,0.17483246981009445,0.0,,0.0
2015-12-25,,,,0.0,-0.0523188210959296,1.0,-0.05154639175257708,0.030701203351615546,0.18326048775776957,0.0,,0.0
2016-01-01,,,,0.0,-0.0105214208269921,0.0,-0.04123711340206155,0.031816849468968865,0.17438479692521755,0.0,,0.0
2016-01-08,,,,0.0,0.0001168770453482005,1.0,-0.04123711340206155,0.03002655773639974,-0.16076861060920822,0.0,,0.0
2016-01-15,,,,0.0,-0.010635811126694799,1.0,-0.061855670103092605,0.03371245639061835,-0.18199983360037206,0.0,,0.0
2016-01-22,,,,0.0,-0.021624822115705697,1.0,-0.07216494845360795,0.033693740590019956,-0.06604179045118568,0.0,,0.0
2016-01-29,,,,0.0,-0.032494387333096994,2.0,-0.07216494845360795,0.04423432219392853,-0.050143727321481306,0.0,,0.0
2016-02-05,,,,0.0,-0.043605498444207996,2.0,-0.0824742268041233,0.04903900472377199,-0.09885522135090898,0.0,,0.0
2016-02-12,,,,0.0,-0.010864167043942101,2.0,-0.07216494845360777,0.029479911563543192,-0.07825119404199536,0.0,,0.0
2016-02-19,,,,0.0,,,,,,0.0,,0.0
2016-02-26,,,,0.0,,1.0,-0.07216494845360777,,-0.11548611201987033,0.0,,0.0
2016-03-04,,,,0.0,,0.0,-0.07216494845360777,0.03705388069950999,-0.12983292954891326,0.0,,0.0
2016-03-11,,,,0.0,,0.0,-0.08214166943797763,0.03228544435472671,-0.13414097467250397,0.0,,0.0
2016-03-18,,,,0.0,0.0001168770453482005,0.0,-0.07216494845360777,0.03388025719903159,-0.11615521905448448,0.0,,0.0
2016-03-25,,,,0.0,0.0001168770453482005,1.0,-0.07216494845360777,0.029177595858912626,-0.118038824119658,0.0,,0.0
2016-04-01,,,,0.0,0.0001168770453482005,0.0,-0.07216494845360777,0.030147260332407617,-0.12004108566787243,0.0,,0.0
2016-04-08,,,,0.0,0.0108695652173913,0.0,-0.07216494845360777,0.02791953729552351,-0.1217589255230391,0.0,,0.0
2016-04-15,0.7997502347407222,1.2621805450151258,,0.0,0.0108695652173913,1.0,-0.06207978484984262,0.03730661519344433,-0.15841882856778952,0.0,,0.0
2016-04-22,0.8404187117058751,1.1340404973371554,,0.0,0.0108695652173913,0.0,-0.06207978484984262,0.027869052627376004,-0.15991809942076066,0.0,,0.0
2016-04-29,0.7847769854040101,1.138686813290935,,0.0,0.0216222533894343,1.0,-0.051994621246077476,0.04248713652397345,-0.16041360010743558,0.0,,0.0
2016-05-06,0.8197369246615901,1.1337518034000573,,0.0,0.0322605512617747,0.0,-0.041909457642312326,0.03324247747627,-0.082849648181127,0.0,,0.0
2016-05-13,0.608552324803232,1.118222262617763,,0.0,0.0213909860443834,0.0,-0.041909457642312326,0.024642964862698874,-0.022351261078323522,0.0,,0.0
2016-05-20,0.6417352742091882,0.9984980924314485,,0.0,0.0318076527110501,0.0,-0.03192934782608629,0.04321329201597369,-0.11569379356288349,0.0,,0.0
2016-05-27,0.6360510610946539,1.110796774581688,,0.0,0.0210549645390071,0.0,-0.03192934782608629,0.025153681453098712,-0.06229593644365186,0.0,,0.0
2016-06-03,0.5000689043624563,1.1341076491008497,,0.0,0.0104166666666667,2.0,-0.03192934782608629,0.03141323949245374,-0.12951729992534813,0.0,,0.0
2016-06-10,0.5584296929503538,0.9557388012566758,,0.0,0.0206207482993196,1.0,-0.022051075865128108,0.03729481485976209,-0.1737188064563446,0.0,,0.0
2016-06-17,0.39864327786628395,0.9412922205544432,,0.08333333333333333,0.0102040816326529,0.0,-0.022051075865128108,0.038522642653375266,-0.1221524267781911,0.0,,0.0
2016-06-24,0.6174965855618751,1.0155740204253212,,0.16666666666666666,0.0001030715316429013,0.0,-0.03192934782608629,0.03600726481201725,-0.1563734469405507,0.0,,0.0
2016-07-01,0.6240659498937823,1.0902069841776163,,0.25,-0.020098948670377398,0.0,-0.05148633069828676,0.05477855226820058,0.032894896570313394,0.0,,0.0
2016-07-08,0.4818345205905026,1.081515197947186,,0.3333333333333333,-0.0101010101010102,0.0,-0.032324438389161346,0.035613144054118445,0.4671631772304857,0.0,,0.0
2016-07-15,0.46530472482647034,1.0628249659986186,,0.4166666666666667,-0.010101010101010202,1.0,-0.032324438389161346,0.03738052485080399,0.725890836128571,0.0,,0.0
2016-07-22,0.45310578306404203,1.029309513987831,,0.5,0.019417475728155095,1.0,-0.013534621658853855,0.05533609977795593,0.6946512328960187,0.0,,0.0
2016-07-29,0.7362007512358202,1.0965776507922973,0.06806235695317818,0.5833333333333334,0.020388726699406102,1.0,-0.03250510970387601,0.035963055676705186,0.5830754067947307,0.0,,0.0
2016-08-05,0.6360041558171401,1.0776909886515924,0.0703105386852476,0.5833333333333334,0.009990628066013599,1.0,-0.023019865681364746,0.03459927823680192,0.33731703018370107,0.0,,0.0
2016-08-12,0.9160582059540672,1.1276884345684823,0.09641366718329919,0.5833333333333334,-0.010009371933986301,1.0,-0.04255946836773731,0.03148811266536688,0.09150088277198547,0.0,,0.0
2016-08-19,0.7166551617368718,1.0790846928065705,0.17987843777858392,0.6666666666666666,-0.009624867464121802,1.0,-0.02360024991957361,0.036172721036203836,0.2756267010236474,0.0,,0.0
2016-08-26,,,0.24632125422140036,0.75,0.009605901766647499,1.0,-0.02360024991957361,0.05757603920896643,0.24445150901847187,0.0,,0.0
2016-09-02,0.6499073701025765,1.104236395084041,0.3066590645592107,0.8333333333333334,0.009417364813404399,0.0,-0.014211790784184955,0.030072426875815097,0.025104056653012987,0.0,,0.0
2016-09-09,0.7296733427867759,1.173928439260259,0.29953655743670354,0.8333333333333334,0.038941174337213696,0.0,-0.004823331648796302,0.034117504077980636,0.017821977003458583,0.0,0.23866295673924967,0.0
2016-09-16,0.6791141368049589,1.1391193978394683,0.2896362344049275,0.8333333333333334,0.019139194139193898,0.0,-0.004823331648796302,0.032877122930193875,-0.11451945507128176,0.0,0.23366138895719257,0.0
2016-09-23,0.8400708404380214,1.1393464271811238,,0.75,0.007797039129742297,0.0,-0.01611077968302518,0.0392069901985635,-0.21412034273897834,0.0,0.22834829040025206,0.0
2016-09-30,0.9347329968461072,1.1543248208016224,,0.75,0.012332597910584097,1.0,-0.0021878190181623754,0.04409052815290307,-0.1413604518609661,0.0,0.22326891976020696,0.0
2016-10-07,0.8369922356849944,1.1478427172761982,,0.75,0.004653806836958997,1.0,-0.00034683713443226313,0.03512931193129265,-0.09700123713923996,0.0,0.21836424548535746,0.0
2016-10-14,0.9427280867326321,1.2019032959184288,,0.6666666666666666,-0.007416759551155902,0.0,-0.01241321700189011,0.034177335533307845,-0.1123443383016288,0.0,0.22595286187472702,0.0
2016-10-21,1.002081576210045,1.121163560110944,,0.6666666666666666,0.009585772816786298,0.0,-0.006823103135862918,0.07529295849279291,-0.020423884542233064,0.0,0.22615334898441317,0.0
2016-10-28,0.7806794572097686,1.0797323905945515,,0.6666666666666666,-0.0007915856737797005,0.0,-0.0030752657892057656,0.04413042418387407,-0.09363458788718569,0.0,0.23801587226356538,0.0
2016-11-04,0.8126643389827839,1.1145639200869097,,0.6666666666666666,-0.0083782309182222,0.0,-0.008799235555009211,0.022506097036604816,-0.15402911729842994,0.0,0.23798444720261844,0.0
2016-11-11,0.820166162911457,1.0399473944389168,,0.5833333333333334,0.002712903540411699,0.0,-0.009770049232232628,0.0450699618238714,-0.12491217832177412,0.0,0.23754129745204378,0.0
2016-11-18,0.9278146409545525,1.056942096311446,,0.5,0.007836839907411398,1.0,0.0,0.026331841427914605,-0.20946621286378686,0.0,0.20515093541078636,0.0
2016-11-25,0.7437983768935338,1.0077802225191517,,0.5,0.0030933228969984975,1.0,-0.0009699321047525983,0.022170258312357458,-0.15598126567319387,0.0,0.19839466410253484,0.0
2016-12-02,0.7613404419580095,1.0028617118189063,,0.5,0.004073044929351898,0.0,-0.005727218142348913,0.03444197063477008,-0.15331591933202676,0.0,0.1976708050155223,0.0
2016-12-09,0.7427532485903418,1.0186248016530124,,0.5,-0.0017701352269371027,1.0,-0.012510755640403085,0.02994733634502627,-0.15389540041459895,0.0,0.19050467170712407,0.0
2016-12-16,0.7323207712925704,1.0498693866983542,-0.008182186086546313,0.5833333333333334,-0.008558444956423404,0.0,-0.008564744673931108,0.03860714620984933,-0.11140349864424413,0.0,0.18973553210077737,0.0
2016-12-23,1.0302755628356657,1.0849595210533969,-0.000584150370941947,0.5833333333333334,-0.002512370719691003,0.0,-0.0035320784032403635,0.07781668136532688,-0.1621193596977757,0.0,0.18961315046228536,0.0
2016-12-30,0.8130140671340782,1.0877105043320088,0.010293636716522558,0.5833333333333334,-0.0017345297028060038,0.0,-0.007502070122749257,0.026185907478975236,-0.14596167395927864,0.0,0.17521803245952472,0.0
2017-01-06,0.7768525146721034,1.1145492213487982,0.0229859980730895,0.6666666666666666,0.010028793845414597,0.0,-0.0025984242241462088,0.035110853797759585,-0.15067846102258806,0.0,0.16277970916009069,0.0
2017-01-13,0.4974290379254728,1.1532945884579024,0.012287410596588935,0.5833333333333334,0.011863693639497996,0.0,0.0,0.04785173651154074,-0.16947263724611086,0.0,0.16103680778760468,0.0
2017-01-20,0.7052749540985155,1.1433272215409318,0.0011163550011729407,0.5833333333333334,0.004870005965811696,0.0,-0.001917545541706558,0.030807088605487486,-0.15598203841465327,0.0,0.14703068055768215,0.0
2017-01-27,1.0118220926513972,1.149644354966886,0.00019887948643210196,0.5833333333333334,0.010788305687620597,0.0,0.0,0.04168582578837747,-0.1620392135951497,0.0,0.14446914720031176,0.0
2017-02-03,0.7675197239061755,1.1697498735269798,-0.03424557365240368,0.5833333333333334,0.009690053399041196,0.0,0.0,0.019901366495737753,-0.18418052091405063,0.0,0.14220676736185922,0.0
2017-02-10,0.8038288098204512,1.0794067321736618,-0.0503721380409258,0.5833333333333334,0.012414282688801594,0.0,0.0,0.03060029617679854,-0.19605853947884427,0.0,0.1423263710663062,0.0
2017-02-17,0.6651734543583543,1.1219086292196632,-0.07423538315695179,0.5,0.017135566548265094,0.0,0.0,0.02495656245349085,-0.14185489398993217,0.0,0.13162598973815187,0.0
2017-02-24,0.7753927080438812,1.1430061167689543,-0.08974655028401964,0.4166666666666667,0.014283899378815494,0.0,-0.0009174311926605763,0.03667294587888416,-0.15709861660126306,0.0,0.11531142183287085,0.0
2017-03-03,0.7688407835936706,1.0794677656991125,-0.12072162359780263,0.3333333333333333,0.011362250518019795,0.0,0.0,0.03790062638974057,-0.1342831569556356,0.0,0.11298165904948905,0.0
2017-03-10,1.0485737540029585,1.1093527464632786,-0.1356593068822601,0.25,8.609975485294671e-06,0.0,-0.0027985074626867717,0.027605413958094755,-0.14333691797222242,0.0,0.11331159434205897,0.0
2017-03-17,0.9742359454223443,1.0771463148813576,-0.1431748011846779,0.25,-2.5045239778705153e-05,0.0,-3.6176458428237165e-05,0.03953717676383488,-0.17392448022507945,0.0,0.12394161784336992,0.0
2017-03-24,0.7024659405667755,1.0356538150742607,-0.14574078358936995,0.25,0.005500680883757395,0.0,0.0,0.03277041575982681,-0.1684379070912801,0.0,0.12388778593511483,0.0
2017-03-31,0.5782144216723852,1.0331728206736772,-0.14809384164222872,0.25,0.017102231930252496,0.0,0.0,0.044616753022730514,-0.1638816389534954,0.0,0.12793704083171592,0.0
2017-04-07,0.8224834295164282,0.9678836821973777,-0.12438905180840663,0.3333333333333333,0.018133954940642395,0.0,-0.0017667844522967963,0.03818144617861005,0.13682177604197898,0.0,0.1300568552498622,0.0
2017-04-14,0.7905271232038558,1.0480518800076033,-0.11085654936461387,0.3333333333333333,0.009201900007163494,0.0,-0.007917869407256271,0.04462393179097303,0.13013938356041557,0.0,0.12110572509221113,0.0
2017-04-21,0.695974030265347,1.0839555677206274,-0.09219208211143694,0.3333333333333333,-0.013043079227062906,0.0,-0.025414908747516125,0.07287245864582553,0.31678540791790477,0.0,0.12853604319541703,0.0
2017-04-28,0.44060674837395597,0.9813878482762699,-0.04453812316715542,0.4166666666666667,-0.026471237688082707,0.0,-0.026297685098288313,0.028890012379896347,1.008229049674964,0.0,0.11142882709092955,0.0
2017-05-05,0.8132248698527581,1.0644674660560722,0.0020772238514174027,0.5,-0.024704453235785906,1.0,-0.026297685098288313,0.04350189471951096,0.47200082765341683,0.0,0.11412100393851513,0.0
2017-05-12,0.5490454933312636,1.0806119936433183,0.043438416422287386,0.5833333333333334,-0.016758360084550405,0.0,-0.02456048203869579,0.029126966954053247,0.39138434983343473,0.0,0.1193969918171304,0.0
2017-05-19,0.7867288180978376,1.1810922099492671,0.07475849577367603,0.6666666666666666,-0.0008884602334964071,0.0,-0.026283873413185672,0.032242389209343594,0.1968434691238368,0.0,0.11847748420582835,0.0
2017-05-26,0.6190433653516385,1.1435297439771424,0.10549997124949688,0.75,0.005280494762689593,0.0,-0.021159051694307728,0.04538185847822645,-0.23950044098746134,0.0,0.12242664191651444,0.0
2017-06-02,0.9057709119714962,1.1626189697481002,0.1375810404807084,0.8333333333333334,0.011263400745595493,0.0,-0.015302738328376224,0.043132629029794416,-0.19624604658354544,0.0,0.12796196911377086,0.0
2017-06-09,0.7320377714317872,1.1261473674895641,0.17004184732863759,0.8333333333333334,0.008631103004650495,1.0,-0.016137935327249286,0.03154569847366428,-0.15127128967604347,0.0,0.12594040950922733,0.0
2017-06-16,0.7782095988024604,1.121706150911075,0.1995677155938322,0.8333333333333334,0.017872970513425693,1.0,-0.00878348467770203,0.03986273699340567,-0.15466022860895265,0.0,0.1306042345909208,0.0
2017-06-23,0.8866495837625574,1.127430899272509,0.23186531205177022,0.8333333333333334,0.01587245535930879,0.0,-0.0055494993096032175,0.025861879679583193,-0.08121205470003835,0.0,0.13160480462783578,0.0
2017-06-30,0.7818030835860883,1.1265597919526986,0.2558306533202424,0.8333333333333334,0.003463846565157992,0.0,-0.011939542687533302,0.03986907731638993,-0.1257504504376248,0.0,0.1380901622275722,0.0
2017-07-07,0.8543201099555554,1.099855728133232,0.3060326256047574,0.9166666666666666,0.009916506572722993,0.0,-0.006401974071690723,0.021786277413787754,-0.0581329876595046,0.0,0.13945898088254732,0.0
2017-07-14,0.9588932625940086,1.0267522908379703,0.3249738164505972,1.0,-0.0015111456537159071,2.0,-0.010329238996308502,0.02389381345862159,-0.01933291018220354,0.0,0.13585224682867791,0.0
2017-07-21,0.6185209237479798,1.0181109472562067,0.32244608248310996,1.0,-0.002362212831634907,2.0,-0.007942573173952283,0.03180126482726321,-0.0488141833961089,0.0,0.1339848959150696,0.0
2017-07-28,0.601198389856175,1.0980588816894277,0.27285084849508656,0.9166666666666666,-0.0017168568411993065,2.0,-0.013677009167166526,0.04712150933100943,-0.0478043054679036,0.0,0.13454394485668217,0.0
2017-08-04,0.6174717403452423,1.0822798333253678,0.24171543978614843,0.9166666666666666,0.003387061548866692,2.0,-0.0031150661022351896,0.0408398966222116,-0.07828462577871165,0.0,0.13350551782260145,0.0
2017-08-11,0.7451921866337171,1.1035181873449493,0.2257049313665038,0.9166666666666666,0.008957753696173592,2.0,-0.0015019836849246807,0.032654655971342796,0.09017697671434359,0.0,0.13290477048701194,0.0
2017-08-18,0.6985205212501756,1.1047810335742647,0.2042498341761125,0.9166666666666666,0.005726506002325191,1.0,-0.0023204246819042294,0.04416647785424836,0.03204975690596712,0.0,0.15037143131758657,0.0
2017-08-25,0.7021375950552174,1.0743279744573957,0.15996272853838642,0.8333333333333334,0.011506852823134493,0.0,-0.0023204246819042294,0.025173280001278713,0.03561702439348427,0.0,0.15250240193183617,0.0
2017-09-01,0.6566181952799054,1.0224647856478077,0.10859093644882688,0.75,-0.001642558104167207,0.0,-0.004755769454853261,0.02231603777878287,-0.05794834683190239,0.0,0.15212006602157593,0.0
2017-09-08,0.6949103510369725,1.0446706345805616,0.04662198936958567,0.6666666666666666,0.0014899127427141926,0.0,-2.7768359627051997e-05,0.03180488997076512,-0.21594206994860346,0.0,0.15238754013455338,0.0
2017-09-15,0.8236104999885046,1.054345910954688,0.016937257014754174,0.6666666666666666,0.0007495224713656927,0.0,-0.0015877874417491698,0.035132725109842604,-0.17738364086921155,0.0,0.14791764583602854,0.0
2017-09-22,0.6724368322295997,0.9888288747058591,-0.009200913241063138,0.6666666666666666,-0.0007842198599226074,0.0,-0.003119094516224921,0.03156600092037271,-0.16885400904040865,0.0,0.147931980212197,0.0
2017-09-29,0.5469129077841075,0.9921006187798991,-0.02648299192020064,0.6666666666666666,0.0008851841521717929,0.0,-0.0038882927457648568,0.0326310915424092,-0.15732716857925005,0.0,0.14274813953601986,0.0
2017-10-06,0.575916889548957,1.083973587190228,-0.029220020392523235,0.6666666666666666,-0.008459590376497007,0.0,-0.0084646099307,0.029956122072274223,-0.1776518556687009,0.0,0.14189470301787582,0.0
2017-10-13,0.8251666360482068,1.1017511901935795,-0.024531125997746487,0.6666666666666666,-0.0038484219480667066,0.0,-0.0054393303271323854,0.027523753517334704,-0.1419006920740192,0.0,0.13966143828053823,0.0
2017-10-20,1.0574339236635122,1.1013990959836222,0.00723781234193293,0.75,-0.000822142303345507,0.0,-0.003954911417172866,0.03788408477878138,-0.12041870855484796,0.0,0.13427052824470895,0.0
2017-10-27,1.3299476797478962,1.1481705236187547,0.012911904471133417,0.75,-0.005985255465963907,0.0,-0.009866158233688051,0.03439091658103778,-0.12772106463135857,0.0,0.13204635944797752,0.0
2017-11-03,1.3132717988772546,1.050784077648323,0.02576960908143282,0.75,0.013401824646761294,0.0,0.0,0.03505188805014299,0.016127823995908418,0.0,0.13833873373223257,0.0
2017-11-10,0.9950032028528482,1.065566214072497,0.03842409240155081,0.75,0.010350718620826994,0.0,0.0,0.037431696423627335,0.5838748299493361,0.0,0.13430617703549044,0.0
2017-11-17,1.0562693005816697,1.127723297540363,0.0668537146411588,0.8333333333333334,0.01813064921038989,0.0,0.0,0.03535686974131835,0.5192539480443543,0.0,0.1343266977661083,0.0
2017-11-24,1.0702059216250401,1.1121999987816436,0.11145113160699682,0.9166666666666666,0.026803218098411994,0.0,0.0,0.030548606969030764,0.6740529504022448,0.0,0.13074748595203695,0.0
2017-12-01,1.0958063739401764,1.1433388424139974,0.15423697702442118,1.0,0.012663913461369594,0.0,0.0,0.04347229140251685,0.42978735035321985,0.0,0.12887185158355324,0.0
2017-12-08,1.198748597410261,1.0884540907077436,0.16278142140459936,1.0,0.018418389164694293,0.0,0.0,0.0373872454034486,-0.15711267833501832,0.0,0.12927699835531226,0.0
2017-12-15,1.0438574781067453,1.0680136859546356,0.1432515676642193,0.9166666666666666,0.009794429692307994,2.0,0.0,0.04184020479331825,-0.13606331627063661,0.0,0.1301805690946402,0.0
2017-12-22,0.8450051271562206,1.0528288961469507,0.12113598765390245,0.8333333333333334,0.011613870571842695,2.0,0.0,0.04323571322727726,-0.21484236770563042,0.0,0.12998632941631838,0.0
2017-12-29,1.0330943767900633,1.085296350264419,0.10591674147262088,0.75,0.007141052376030495,1.0,-0.003819223424570338,0.05047946602228774,-0.20474812274433038,0.0,0.12347856349620771,0.0
2018-01-05,0.8021668454522166,1.0265057391016688,0.10273298240285211,0.75,0.010114756223827997,1.0,0.0,0.03061695153674325,-0.11109010775597848,0.0,0.12295471625724326,0.0
2018-01-12,0.7126983474188704,1.0488214344945268,0.1316358576761628,0.75,0.007078188091726095,0.0,-0.0023880597014924254,0.034210569792120116,-0.024454839475666623,0.0,0.12216081507652746,0.0
2018-01-19,0.7634260762586336,1.0406630692233938,0.1477769988173039,0.75,0.008284585185866094,1.0,0.0,0.06502482541942546,0.029581191637092087,0.0,0.12011969121824688,0.0
2018-01-26,0.6536210221839331,1.0294159873150401,0.12623809333741667,0.6666666666666666,0.029495112958262695,1.0,0.0,0.052238551304063914,0.052572863198422755,0.0,0.12447678392888803,0.0
2018-02-02,0.6176330383038551,1.0552975351555731,0.13056478845358546,0.6666666666666666,0.001848014488221597,2.0,-0.018918918918918875,0.06824749055752383,0.40377430306462375,0.0,0.1589286518753825,0.0
2018-02-09,0.5657333994881583,1.0668312918383105,0.1484825037397218,0.6666666666666666,0.009854051717803696,2.0,-0.013407227452171365,0.029384494635892173,1.0041287662746206,0.0,0.16038613647043337,0.0
2018-02-16,0.6239328744635085,1.0882602085461346,0.14829253644449134,0.6666666666666666,-0.013927655061020804,2.0,-0.031183673804384242,0.04811511237614925,0.9019433773745188,0.0,0.14591532165703805,0.0
2018-02-23,0.7530415863667721,1.1254685754468143,0.16538047458506105,0.6666666666666666,-0.011907194702964804,2.0,-0.012377239237057674,0.03305084633920779,1.309195506189883,0.0,0.14366182342194997,0.0
2018-03-02,0.9392511184710428,1.1544331290521275,0.18090004273620816,0.6666666666666666,0.032799689831999795,2.0,0.0,0.04066783060283852,0.8412000250083906,0.0,0.1437337423851851,0.0
2018-03-09,0.9812914156352034,1.1526279379145483,0.2323826994820228,0.75,0.0321403899898605,2.0,0.0,0.051977963564082484,0.39268432189039465,0.0,0.159777340127147,0.0
2018-03-16,0.8370913362338328,1.141398411803476,0.2915613112922136,0.8333333333333334,0.0540258113227953,2.0,0.0,0.05292737320070638,0.3769551642250303,0.0,0.1616870120987075,0.0
2018-03-23,1.08198891166635,1.1078675757405043,0.35663101521868973,0.9166666666666666,0.0395563859908833,2.0,0.0,0.060837017844770594,0.09565170621102374,0.0,0.18108244769176,0.0
2018-03-30,1.0314404746546197,1.1412623411810356,0.4103667432614801,0.9166666666666666,0.002663185049612894,1.0,-0.011105235325224665,0.05290348990309348,-0.08377734296335389,0.0,0.1788399709262591,0.0
2018-04-06,1.1242420081104678,1.1598325006350299,0.427452401794507,0.9166666666666666,0.0046378406969956945,1.0,-0.004248898290146248,0.052577942126227926,-0.15517066258717635,0.0,0.18167607928359336,0.0
2018-04-13,1.1775281762602972,1.1617825822129293,0.451794507057665,0.9166666666666666,-0.009646229284587906,1.0,-0.0146213055996238,0.05622200695611865,-0.14852547921562576,0.0,0.17954039182787643,0.0
2018-04-20,1.207928695730435,1.1501926410268664,0.4754670616749303,1.0,-0.020998825068814307,2.0,-0.02093783569193374,0.039270714442929615,-0.06734644040143528,0.0,0.18409084031303796,0.0
2018-04-27,1.1530979147592226,1.1306768547978228,0.46801092132405314,1.0,-0.03187161172161151,1.0,-0.042455685456946154,0.04243459583291288,-0.03791095048064276,0.0,0.1871217447466674,0.0
2018-05-04,1.1362223053522418,1.1013373660437344,0.4166262877025774,0.9166666666666666,-0.04479296900704031,2.0,-0.048189483747622996,0.0492665204398828,0.06765773211029373,0.0,0.1948457843659265,0.0
2018-05-11,1.1132186797161996,1.1118798106236183,0.3601859404727565,0.8333333333333334,-0.03255701792557691,2.0,-0.0464578697095653,0.04862653503813098,0.06449960384303367,0.0,0.20435547381474647,0.0
2018-05-18,1.0105429046985357,1.1129011116097212,0.2881424691353185,0.75,-0.03791146739767361,2.0,-0.05767601241886457,0.041572842829947866,-0.018317588804944204,0.0,0.20425374892918,0.0
2018-05-25,1.120918441413908,1.105459283175223,0.23398255233098578,0.6666666666666666,-0.012930442416648707,2.0,-0.05484621065435666,0.03995129582899882,-0.004765214302437439,0.0,0.21342702939930466,0.0
2018-06-01,0.9682064431115155,1.095595416696481,0.15748712978293164,0.5833333333333334,-0.01976293128506581,2.0,-0.06696356692801862,0.061650940671804225,-0.1830068894929538,0.0,0.21728135014379876,0.0
2018-06-08,0.9276833840096752,1.063336977118015,0.07986502510691168,0.5,-0.006392342282141306,2.0,-0.05279086161553303,0.06228974889803833,-0.13764738677609276,0.0,0.21726917927283393,0.0
2018-06-15,1.0108031136904103,1.0534627653808795,-0.004305446836345886,0.4166666666666667,0.0041818874097354925,2.0,-0.05391849154218102,0.04656443742063707,0.033132914808186364,0.0,0.20987049121737655,0.0
2018-06-22,1.1582683224764851,1.084184814411388,-0.08614554191456679,0.3333333333333333,0.015280662457008393,2.0,-0.04057706009243856,0.038847865669023825,-0.012067588265792318,0.0,0.21623786719287114,0.0
2018-06-29,0.9833768935960712,1.0640534395274244,-0.1564565210509631,0.25,0.055736136717109794,2.0,-0.01406344414383622,0.04197858082410693,0.08997442362443187,0.0,0.21505460422847608,0.0
2018-07-06,1.0939884421537074,1.0587143142034598,-0.23392763786739446,0.16666666666666666,0.06636937498434659,2.0,0.0,0.048378595414430736,0.36069962870257627,0.0,0.22519167925343386,0.0
2018-07-13,0.7767431951967363,0.989586817254361,-0.2875223353881891,0.08333333333333333,0.0937306500728944,2.0,0.0,0.048797807661997,0.2895597432997529,0.0,0.22615975916407102,0.0
2018-07-20,0.897831675654243,0.99589300557003,-0.3219727907949988,0.0,0.1030609878048375,2.0,0.0,0.03248138682928118,0.4222027022762462,0.0,0.22565431811860945,0.0
2018-07-27,0.8312203938746743,0.9846847767212976,-0.32044287548138645,0.0,0.0832131775657677,2.0,0.0,0.054530613633077506,0.32466451211026764,0.0,0.22412892246270336,0.0
2018-08-03,0.7033625008353982,0.9855151608189633,-0.29766288934912805,0.0,0.07071451624723199,2.0,0.0,0.04727469152570709,0.0044011890727789485,0.0,0.2016476396843259,0.0
2018-08-10,0.6302177697377421,0.9662043987650675,-0.26652065759714016,0.0,0.0497385225439654,2.0,0.0,0.04576097306416197,-0.12317234558517547,0.0,0.20044268140994653,0.0
2018-08-17,0.5515496284110148,0.9774224877215908,-0.22585051284304758,0.08333333333333333,0.026306406761746393,1.0,0.0,0.03780544732962139,-0.19360380985257197,0.0,0.2003110122883846,0.0
2018-08-24,0.6365504979809906,0.9767192962023233,-0.18258804788206637,0.16666666666666666,0.026879384178590794,1.0,0.0,0.030349193092115687,-0.19794691896685337,0.0,0.19844121513358026,0.0
2018-08-31,0.46336064076713945,0.9817068408225584,-0.1485147898865168,0.25,0.012922822560588193,1.0,-0.0006321112515801934,0.030419439837002887,-0.20095208457204844,0.0,0.19741280031425698,0.0
2018-09-07,0.45776004513689744,0.9951941384399488,-0.11611305001171962,0.3333333333333333,0.005850670682428893,0.0,-0.002508271242972731,0.035875809738557904,-0.16438788419688963,0.0,0.17918235004599442,0.0
2018-09-14,0.6189219503581873,1.0556851973430093,-0.09884101641098496,0.3333333333333333,0.016240281072039193,1.0,0.0,0.021146617682656733,-0.13525807296031103,0.0,0.17301291709959904,0.0
2018-09-21,0.624472551327093,1.0808727500095245,-0.07591303920762488,0.4166666666666667,0.03270510471438309,1.0,0.0,0.028308620055580675,-0.16629812266064511,0.0,0.13512901260413826,0.0
2018-09-28,0.5845946377910625,1.077554994734052,-0.06766580100434583,0.4166666666666667,0.048374809950925496,2.0,0.0,0.050334855729125334,-0.006805676534353766,0.0,0.14806337175174947,0.0
2018-10-05,0.8217519309925057,1.0814028090347754,-0.0701558686036023,0.4166666666666667,0.055163144970682594,1.0,0.0,0.03394624845344032,-0.035698476122614224,0.0,0.13075596834867337,0.0
2018-10-12,0.8064905459108482,1.0877665537041472,-0.08483630066917335,0.4166666666666667,0.033737360454769494,0.0,-0.011036174126302742,0.04128892427281946,-0.06671370942624101,0.0,0.12416239201220051,0.0
2018-10-19,0.8435028736751453,1.0428748274080282,-0.08706638450731163,0.4166666666666667,0.037955312485491194,2.0,0.0,0.03157489953699982,0.15407719588405727,0.0,0.13634410711350647,0.0
2018-10-26,0.7071745488950449,0.9912252907251561,-0.06257222156003542,0.5,0.01774975984419829,2.0,-0.005167958656330699,0.02730909505648923,0.18372304668501283,0.0,0.1385342023422836,0.0
2018-11-02,0.7789768665188763,1.0504538397598249,-0.03904972955928255,0.5833333333333334,0.007359319453000993,2.0,-0.010619093129446595,0.047039112363436754,0.25755376431770827,0.0,0.13728813507976953,0.0
2018-11-09,0.8001828641099333,1.1587627940669427,-0.028588711968002816,0.5833333333333334,0.049280874499001794,2.0,0.0,0.046816785874228065,0.31622246390335595,0.0,0.13739561327902217,0.0
2018-11-16,0.8332376978416848,1.13037583493355,-0.028295215981718757,0.5833333333333334,0.0034029533735560925,2.0,-0.01683501683501675,0.03236004016363522,0.28285114394386457,0.0,0.13739755538547482,0.0
2018-11-23,0.7569083307960622,1.0713850133776759,-0.02454995927646304,0.5833333333333334,0.025508103279004594,2.0,-0.00018296348571575106,0.034061573678525255,0.24571524522002547,0.0,0.1334265711706736,0.0
2018-11-30,0.5357475680130688,1.023194921657593,-0.005227462969881812,0.5833333333333334,0.016807946961077895,2.0,-0.014359977507862996,0.031306832495819295,0.18750381513571795,0.0,0.12918220813688222,0.0
2018-12-07,0.7154811977946229,1.0767556012942867,0.014274985641828518,0.6666666666666666,-0.018136973877429203,2.0,-0.01836122252474581,0.034027789457648484,0.24652873560066818,0.0,0.1292934830407197,0.0
2018-12-14,0.7788516358386032,1.0174632541930222,0.005014169872207799,0.5833333333333334,0.009266074661682597,2.0,-0.007987232802418162,0.036097220994557734,0.04301468555639613,0.0,0.13494679845825597,0.0
2018-12-21,0.6062090608585771,1.0462562585576078,0.032982205087885734,0.6666666666666666,-0.014790857687758703,2.0,-0.015050106873080438,0.023143876639891682,-0.10838402887655932,0.0,0.13304666116040734,0.0
2018-12-28,0.6931388164651292,1.0635555649099941,0.08782721973196161,0.75,-0.002675943052133203,2.0,-0.01708372674877261,0.02709094649765293,-0.10054975488826977,0.0,0.1366306631556035,0.0
2019-01-04,0.6398449424675333,1.0774614144145311,0.1250765444862613,0.8333333333333334,0.0006852728443295968,2.0,-0.017770120794338956,0.0422855042663293,-0.1880535832150165,0.0,0.13023039664171063,0.0
2019-01-11,0.7894896643049645,1.1406576894917642,0.18232890806351784,0.9166666666666666,-0.010600633949499803,2.0,-0.018475239157013504,0.03356518801203317,-0.1997540676462717,0.0,0.13047691044758572,0.0
2019-01-18,0.713370553263949,1.0514988920423562,0.19532455059993337,0.9166666666666666,-0.0055935689055143034,1.0,-0.020548883017949358,0.03217263355998285,-0.20921146764986565,0.0,0.13654033273442057,0.0
2019-01-25,0.614819202950521,1.0356102636209836,0.17754275913471385,0.9166666666666666,-0.0028166244561680033,1.0,-0.019851268262264042,0.028384703911449958,-0.23442128683106248,0.0,0.13747904100337247,0.0
2019-02-01,0.6723791640683614,1.084769408310046,0.13217018939647743,0.8333333333333334,-0.007023696369350703,1.0,-0.02465928586714418,0.038871977926035056,-0.24015947930509704,0.0,0.1380150317378983,0.0
2019-02-08,0.6168022858151102,1.1226450352674182,0.09781273885031272,0.75,-0.010513394912154903,1.0,-0.02876310373867102,0.03770627705181288,-0.22594948179013963,0.0,0.14008669970566812,0.0
2019-02-15,0.7343576103247139,1.1378586966518234,,0.6666666666666666,,,,,,0.0,0.1426701245131186,0.0
2019-02-22,,,,0.5833333333333334,,2.0,-0.03201138767265522,,-0.21757430695214236,0.0,0.14561118355121638,0.0
2019-03-01,0.7468118831260089,1.1270061974694277,,0.5,,1.0,-0.01798256720414288,0.04988646981177916,-0.21705797121270676,0.0,0.1483983651124115,0.0
2019-03-08,0.6591065255906986,1.0673449701943496,,0.5,,2.0,-0.00488900143353165,0.043501489529854234,-0.06305717879002769,0.0,0.14882543348576316,0.0
2019-03-15,0.6572215729825278,1.0295516376167648,,0.4166666666666667,0.012793293662858899,2.0,-0.016520168949243602,0.030849779797953485,0.012041366055777412,0.0,0.1501745691957978,0.0
2019-03-22,0.7145279545383979,1.0293071227717336,,0.3333333333333333,0.007739842451672399,1.0,-0.02477936649682743,0.03663771595826704,0.13670033825547015,0.0,0.15021988911461118,0.0
2019-03-29,0.722430403223659,1.050192528987504,,0.25,0.012439676518755398,0.0,-0.0060623589709556626,0.034166521107194946,0.18839782363792557,0.0,0.13023622803243473,0.0
2019-04-05,0.4683515880224495,1.0339078311305867,,0.16666666666666666,-0.013653898587579701,2.0,-0.01874524357777354,0.022839336270290937,0.21509980042549653,0.0,0.12612325180873182,0.0
2019-04-12,0.6543222471606287,1.0847895590759848,,0.16666666666666666,4.110206394269912e-05,2.0,-0.016776170487962944,0.025670684963534966,0.21927398414609778,0.0,0.1254704214875766,0.0
2019-04-19,0.7826641023291963,1.136517261854677,,0.16666666666666666,0.008439034880480199,1.0,-0.016776170487962944,0.02303812138572519,0.0727493618020701,0.0,0.11861198159289163,0.0
2019-04-26,0.8724861368960892,1.161206549508639,,0.25,-0.0080157020226592,1.0,-0.014084250352406366,0.022466697370679245,0.019350723295410696,0.0,0.11816968609640459,0.0
2019-05-03,0.6988036908558171,1.151644859036366,,0.25,0.010896282744190999,1.0,-0.008019150046987078,0.025797242897213975,-0.16414226884599672,0.0,0.11776810482211536,0.0
2019-05-10,0.8084510298902038,1.0998159703816424,,0.25,0.021117854650545297,1.0,0.0,0.024537186143785236,-0.22941932012985022,0.0,0.113863172671562,0.0
2019-05-17,0.7811838582598991,1.1087530495507392,,0.3333333333333333,0.021117854650545297,1.0,0.0,0.026915531193848548,-0.16252671275201347,0.0,0.11416531530238529,0.0
2019-05-24,0.991779171369966,1.074972250732193,,0.4166666666666667,0.0150061847001204,1.0,-0.003373819163292889,0.031199277656691168,-0.15723440940817318,0.0,0.11391498219166611,0.0
2019-05-31,1.1793213821297002,1.152862502240913,,0.5,0.005485169469075398,1.0,-0.006731724085249469,0.019934342550263103,-0.1348220345766805,0.0,0.11392724814904968,0.0
2019-06-07,1.0012585057222712,1.096134790614354,,0.5833333333333334,-0.0223046610892582,0.0,-0.022188537580539836,0.02179656886017825,-0.1317058996413509,0.0,0.11396444632066163,0.0
2019-06-14,0.8727768734903258,1.1113209238337978,0.081336855791225,0.6666666666666666,-0.010341255037182301,2.0,-0.010490582013241656,0.03322760451696581,0.0032519454348356224,0.0,0.10943776577757766,0.0
2019-06-21,0.8049341179434202,1.0616612563345365,0.11370041321623005,0.75,0.007018578112124498,2.0,0.0,0.02748955889744673,0.12135591966954543,0.0,0.10511186018350323,0.0
2019-06-28,0.8822307268113816,1.0796912087038983,0.13423567928723498,0.8333333333333334,0.011082294793765598,2.0,0.0,0.026207849060670068,0.21820361773627403,0.0,0.10089102640652155,0.0
2019-07-05,0.7438325238837531,1.0651361969923487,0.1433813588356501,0.8333333333333334,0.0259406296020841,1.0,-0.0007032348804499413,0.0332681677328928,0.19115362475232725,0.0,0.09005168507725206,0.0
2019-07-12,0.8156936192343036,1.1048832995601967,0.13767115165706598,0.8333333333333334,0.014662624509569497,2.0,-1.8315918750378785e-05,0.03434583125450472,-0.0471066465991003,0.0,0.08932754426407033,0.0
2019-07-19,0.9503112582479265,1.0808346851639357,0.12735825130507836,0.75,-0.0027480470106908015,1.0,-0.0034429107272476475,0.021471009521715427,-0.1520950507276191,0.0,0.08238991902343712,0.0
2019-07-26,0.9231432154837121,1.0896163750401215,0.12430031331434331,0.75,0.0020785575441746983,0.0,0.0,0.03668432778143373,-0.22366995406738957,0.0,0.09010217600213062,0.0
2019-08-02,0.9237156274543104,1.1334056920127964,0.13833092555924126,0.8333333333333334,7.726233672759831e-05,0.0,-0.0027045300878971155,0.03118348118981286,-0.20787964189891422,0.0,0.0828124028942684,0.0
2019-08-09,0.8992311541067916,1.139671927353306,0.14470431009659948,0.8333333333333334,-0.001970536442997102,0.0,-0.004063243262164277,0.02944245370082352,-0.19584564451476735,0.0,0.07979073005613854,0.0
2019-08-16,0.8749647238932714,1.1367943384946386,0.15046613147640026,0.8333333333333334,0.005592052125732198,0.0,0.0,0.03955263231599191,-0.1908366477740815,0.0,0.08972797705161478,0.0
2019-08-23,,,0.14450313110511392,0.8333333333333334,0.009581872691639598,0.0,0.0,0.03383188613557361,-0.19623303487115823,0.0,0.08891018551051041,0.0
2019-08-30,0.8576478688371645,1.0726491190161243,0.15104747396136028,0.8333333333333334,0.010950397435515298,0.0,-0.0013360053440214794,0.021584309140631048,-0.12693010773563979,0.0,0.08891018551051041,0.0
2019-09-06,0.9005845669362209,1.0605420205557528,0.1415981644541343,0.8333333333333334,0.0224960946446807,0.0,0.0,0.03712269255814918,-0.128180046057676,0.0,0.08807159135371771,0.0
2019-09-13,1.0709779356156688,1.1021331159111325,0.12649508849788643,0.8333333333333334,0.0197159368620646,0.0,0.0,0.019526609739302408,-0.03468952121300016,0.0,0.08522219131339835,0.0
2019-09-20,0.9700830803809048,1.0926200343191796,,0.75,0.0162820423137279,0.0,0.0,0.027683248682598516,-0.04789900122994811,0.0,0.08583433637964796,0.0
2019-09-27,0.8481091410611195,1.0830655196016328,,0.75,0.0209053586373678,0.0,0.0,0.022630879248602048,-0.12468000845875761,0.0,0.08724755002025412,0.0
2019-10-04,0.8323687394971131,1.0396496857882713,,0.6666666666666666,0.023879953985207997,0.0,0.0,0.023074690923127833,-0.14166334218187754,0.0,0.08945237135066572,0.0
2019-10-11,0.983282560918542,1.0434947522652709,,0.6666666666666666,0.010833869045029596,0.0,-0.01168831168831161,0.03700524744225741,-0.06761160315483969,0.0,0.09540828637645875,0.0
2019-10-18,0.73294905500858,1.1202707181633296,,0.6666666666666666,0.009353085755003897,0.0,-0.007145841682939425,0.019005208143462588,0.30161724101292636,0.0,0.0959837476444996,0.0
2019-10-25,0.7069355116211942,1.1297321223805747,,0.5833333333333334,0.006719797012141497,0.0,-0.006496492985544224,0.02250134775889147,0.2821375251566799,0.0,0.09624827823798701,0.0
2019-11-01,0.6319281560735295,1.1071077844448838,,0.5,-0.0031807687344727028,0.0,-0.0032603252102528495,0.030765251288345365,0.2882954149539141,0.0,0.09789283706536435,0.0
2019-11-08,0.8171593125105185,1.0921813554426318,,0.5,0.016309883656049396,0.0,0.0,0.028551204852756484,0.06460531134185121,0.0,0.09927560802326679,0.0
2019-11-15,0.691710268539362,1.0565281483540452,,0.4166666666666667,0.009806508203829098,0.0,-0.001907183725365477,0.024970718256370476,-0.20624110311823524,0.0,0.09852591964853885,0.0
2019-11-22,0.8211334312079777,1.1191865432467862,,0.3333333333333333,0.007857987585196,0.0,-0.0031992132609960327,0.030690373875076393,-0.17601842149374403,0.0,0.09847706821418789,0.0
2019-11-29,0.8243332527615288,1.1177712368501065,,0.25,-0.0040660080716987,0.0,-0.011838153412734097,0.02490805542059758,-0.158604650712334,0.0,0.09978157858198208,0.0
2019-12-06,0.785244823372339,1.1288669840949197,,0.16666666666666666,-0.011189922722348802,0.0,-0.011167758672851186,0.021254906818440108,0.01346836833123603,0.0,0.09927304521971174,0.0
2019-12-13,0.7030752433451136,1.1091259792231196,-0.06938458741430802,0.16666666666666666,-0.007233558669114499,1.0,-0.009141463096361171,0.035587069189803214,-0.0299557406374145,0.0,0.0970722791176204,0.0
2019-12-20,0.8492914310020405,1.0926193082437283,-0.05784167237595226,0.16666666666666666,-0.0011868539057032007,1.0,-0.004432698834089845,0.02699888374272734,-0.06709217347539399,0.0,0.10391438560527924,0.0
2019-12-27,0.8701227393461544,1.081212111715169,-0.02791693652416473,0.25,0.011675616956767599,1.0,-0.00025549337465252333,0.027768193482527948,-0.06151017118166572,0.0,0.1048287432077778,0.0
2020-01-03,0.8354388345360277,1.08298345198425,0.007064769848965748,0.3333333333333333,0.0185833978017589,0.0,0.0,0.037707909916780386,-0.20729190744513626,0.0,0.11310210282949104,0.0
2020-01-10,0.6143490899147925,1.031485268380798,0.06306161854197377,0.4166666666666667,0.011121497582144497,0.0,-0.005412719891745691,0.02738386535192909,-0.141083960797822,0.0,0.11297919323975318,0.0
2020-01-17,0.6948894470376579,1.0356809629876915,0.11290602438941912,0.5,0.014588469282802,0.0,0.0,0.03678143000055068,-0.021212606062588006,0.0,0.11095716419560367,0.0
2020-01-24,0.7371171974693298,0.9614179002175166,0.14608745080676325,0.5833333333333334,0.014433069127401898,0.0,0.0,0.033977951324762466,0.03901361230772893,0.0,0.1096035928120066,0.0
2020-01-31,0.7839643007049978,0.9643001753397746,0.16126692685250069,0.5833333333333334,-0.03745693523750421,2.0,-0.04430379746835444,0.023293122747445556,0.02628148767566662,0.0,0.10970888666826882,0.0
2020-02-07,0.7840755642970432,0.9670185266350546,0.17521650212835194,0.6666666666666666,-0.06286613315397761,2.0,-0.07376018727241185,0.04686564642659634,2.2106527156371514,0.0,0.11014804362287249,0.0
2020-02-14,0.6421692031002078,0.9320882965524939,0.19270322651759997,0.75,-0.06760099067867821,2.0,-0.07053287085175829,0.045936118973562326,2.264931387649522,0.0,0.10553843053810512,0.0
2020-02-21,0.6766177604053623,0.9875348339954834,0.20457180373572123,0.75,-0.08867136747112571,2.0,-0.08636167073507293,0.04368959129468339,2.049721236139473,0.0,0.10493347479338393,0.0
2020-02-28,0.6195657621498509,1.0113485958230295,0.2007905039817771,0.75,-0.042284236669438105,2.0,-0.0844582575491045,0.030213871146358456,2.1153552173180064,0.0,0.10567787004752904,0.0
2020-03-06,0.5840471410432096,0.9834691144533074,0.20193936778261656,0.8333333333333334,-0.029875916594930007,2.0,-0.10131667490301599,0.08027793787067054,-0.06103835176560066,1.0,0.11076540751587817,1.0
2020-03-13,0.729802547599097,1.011088588035133,0.16883037950645507,0.75,-0.04339607944632791,2.0,-0.11033571902585305,0.0576167334900505,-0.16016642693624095,1.0,0.10982241041633363,1.0
2020-03-20,0.5422498284285109,0.9189023377422689,0.13848381673703647,0.6666666666666666,-0.009416954151911607,2.0,-0.09525666341612174,0.0683847015713777,-0.17820054354689366,0.0,0.10864771531760115,0.0
2020-03-27,0.5139604733868368,0.8251299751983335,0.0997119250016189,0.5833333333333334,-0.003428538606321108,2.0,-0.08795380240333707,0.062432502087004856,-0.048261275855911015,0.0,0.10899776082932588,0.0
2020-04-03,0.549727338844792,0.8119521522245885,0.04098313246724455,0.5,0.012181320809632894,2.0,-0.0905109412751033,0.06172873142435512,-0.02798393555379303,0.0,0.11900089497267027,0.0
2020-04-10,0.3817037442381218,0.7646256217495688,-0.004618618871588852,0.4166666666666667,0.0540090706179904,2.0,-0.0615965492347164,0.05105326357905297,-0.06576608294074264,0.0,0.12350548002115973,0.0
2020-04-17,0.3151868823653572,0.6868548239358196,-0.0782111918859935,0.3333333333333333,0.021648959171508095,2.0,-0.07605824624993471,0.06102997409615851,0.2525630617408036,0.0,0.142816719627765,0.0
2020-04-24,0.22948562039653977,0.5703715639247366,-0.14171551359617618,0.25,0.03868181280304459,2.0,-0.052863055779221874,0.0614760867432584,0.11565958293123961,0.0,0.15473683340200367,0.0
2020-05-01,0.225971677596526,0.5648573508939649,-0.18794177190619454,0.16666666666666666,0.04985375195762169,2.0,-0.044937223610010193,0.05148961967477712,0.2138213544498404,0.0,0.15484931515672784,0.0
2020-05-08,0.352481870637105,0.669127941720389,-0.2258545879036166,0.08333333333333333,0.023086970071311684,2.0,-0.04013791317588953,0.03945420634742843,0.22110891388240833,0.0,0.1552843229675725,0.0
2020-05-15,0.3618288626019709,0.7037299360832263,-0.2462446588256024,0.08333333333333333,0.06683800994708099,2.0,-0.012935343913667822,0.043380744549219565,-0.09017884228646791,0.0,0.15566295431143268,0.0
2020-05-22,0.33797303209998364,0.6801699097072301,-0.23463842058562556,0.16666666666666666,0.04018900589221939,2.0,-0.014459768092951512,0.046354998693282294,-0.01749873593658225,0.0,0.15508594677381432,0.0
2020-05-29,0.3516216663183314,0.7276428838104725,-0.22496806308092154,0.16666666666666666,0.011382848851019794,2.0,-0.03460219619032169,0.06378356301150993,-0.12029001774342926,0.0,0.15635708663250902,0.0
2020-06-05,0.5135269713261377,0.8818242229005677,-0.21918755939008353,0.16666666666666666,0.00933612977537339,2.0,-0.03172684904569113,0.040111351933631675,0.015946716220026996,0.0,0.16030623678373307,0.0
2020-06-12,0.46800764468601486,0.8441700096307849,-0.20186748381128586,0.25,-0.01535431615978991,1.0,-0.028193005429069405,0.041907860667394804,0.015535716017851151,0.0,0.16074537972985614,0.0
2020-06-19,0.4180743600690092,0.789212100401351,-0.17690909620092254,0.3333333333333333,-0.021135921941395814,2.0,-0.03531247059076124,0.03546491378120187,-0.11259013176373528,0.0,0.15617208055563928,0.0
2020-06-26,0.42292749897380644,0.7728775175711327,-0.14245636414174068,0.4166666666666667,0.010537989319163384,2.0,-0.024473284867061955,0.03894194763771332,-0.10255028386294494,0.0,0.1555351446711558,0.0
2020-07-03,0.45997704304885006,0.8647386903698915,-0.10472295435010605,0.5,0.008309207954075084,2.0,-0.023742005470410697,0.02824303455108057,-0.20394923249157146,0.0,0.1472661369763833,0.0
2020-07-10,0.5331320900744934,0.922541289165909,-0.05352870236624128,0.5833333333333334,0.013005551673268886,2.0,-0.015594176987993901,0.039808807888528044,-0.20306898430615047,0.0,0.14798608525091872,0.0
2020-07-17,0.6364267206740856,0.9707735894933314,0.0029738824789826653,0.6666666666666666,0.019601631991976984,2.0,-0.016312721384353,0.033123136285484384,-0.19226395566352894,0.0,0.14923377101191804,0.0
2020-07-24,0.5704823952434139,1.0055994414385858,0.03967445135466538,0.75,0.008365676935797185,2.0,-0.016312721384353,0.023276457784651435,-0.20901952550086322,0.0,0.1452410015581212,0.0
2020-07-31,0.5358691220779602,1.0304911266443584,0.06686626008555828,0.8333333333333334,-0.013468285601006413,1.0,-0.03705311581299611,0.03404310614295097,-0.22977915417525868,0.0,0.14526080506372965,0.0
2020-08-07,0.471372561452445,1.0274051265425248,0.09643375403424113,0.9166666666666666,-0.026629673666488114,2.0,-0.041690099203944876,0.03396923359106832,-0.01861271736765538,0.0,0.1496040516741113,0.0
2020-08-14,0.5456854315111556,1.029388690684139,0.11846118202671473,0.9166666666666666,-0.04375688951633182,2.0,-0.05880277600387451,0.0384796777035549,-0.025831346329336743,0.0,0.14819033117658686,0.0
2020-08-21,0.6694257082192949,1.0563425078237618,0.12222438943733854,0.9166666666666666,-0.04525839101783331,2.0,-0.060215985048913734,0.023383549548861675,0.08301520449902591,0.0,0.14862295867131514,0.0
2020-08-28,0.5784244327265997,1.062429308473587,0.17441372030382019,1.0,-0.019645751781643316,2.0,-0.05596035932083331,0.03661432445289088,0.08118617124334412,0.0,0.15658867432960272,0.0
2020-09-04,0.5021530585659166,1.035577149890025,0.18509176888989046,1.0,-0.007557615199124615,1.0,-0.04909461647953018,0.036013796322210856,-0.12743434452505797,0.0,0.15299760128035703,0.0
2020-09-11,0.6402320375676701,1.0378306083082467,0.17143204968305878,1.0,0.008174881765667085,1.0,-0.05111495369664152,0.026478365922484197,-0.09205370125780063,0.0,0.1536920812529933,0.0
2020-09-18,0.517524561154188,1.0448713449590974,0.18474310398948698,1.0,0.012568646463119285,1.0,-0.048370528400030345,0.04257370926111591,-0.18809378881916589,0.0,0.16881345960471053,0.0
2020-09-25,0.49176251911055713,1.0717678555734098,0.1923943374168421,1.0,0.022326058862040983,0.0,-0.034775821662887986,0.03968978307973081,-0.18111840388187905,0.0,0.1703691368077617,0.0
2020-10-02,0.5337771833699754,1.0205337824283878,0.21632342801700444,1.0,0.015053331589313686,0.0,-0.034775821662887986,0.03233866521342052,-0.08473478405069158,0.0,0.16296566023541859,0.0
2020-10-09,0.4336775352948443,1.0310195595029188,0.23200516324578604,1.0,0.013741551364826386,0.0,-0.0380927432379296,0.03157629424992537,-0.12496533848056705,0.0,0.15591539871645285,0.0
2020-10-16,0.39073900341329876,1.0374215102555011,0.2314530963240764,1.0,0.012904082689423686,0.0,-0.03611622147745957,0.050788764624623825,-0.11187736833864652,0.0,0.13602276769343888,0.0
2020-10-23,0.5227538278843548,1.0492880693601372,0.2098006911436879,0.9166666666666666,0.0006090784236164842,0.0,-0.03419740838152887,0.047313239185064686,-0.11947523997519419,0.0,0.12846687294345144,0.0
2020-10-30,0.5646124065940314,1.0626365675181693,0.18628508603564772,0.8333333333333334,0.011612314669571085,0.0,-0.023570454298995548,0.026163193382586478,-0.23374086668622163,0.0,0.12736858569531495,0.0
2020-11-06,0.7105679646914809,1.136960093542865,0.16156398397233565,0.8333333333333334,0.022486198528127083,2.0,-0.016308300815079894,0.038220581872109555,-0.15471340414308937,0.0,0.1275063438899125,0.0
2020-11-13,0.5351660468814975,1.0602709583571517,0.14032957747461475,0.75,0.020431404007579083,2.0,-0.016308300815079894,0.02789935277613273,-0.1453880310892555,0.0,0.12718060155928734,0.0
2020-11-20,0.6938468919057905,1.121687067384813,0.10293073727248397,0.75,0.03725964272225979,1.0,0.0,0.03335179769193044,-0.13845753338472316,0.0,0.12712705604829835,0.0
2020-11-27,0.9191855653999392,1.1598610282748787,0.09678973793973868,0.75,0.034473852746848686,2.0,0.0,0.040773277651357395,0.11229801610937827,0.0,0.12719145879395355,0.0
2020-12-04,0.7181377617744498,1.1291474466942062,0.11133814518422759,0.75,0.029505530807600287,1.0,0.0,0.029371135729483876,0.017690505184421453,0.0,0.12419034757203656,0.0
2020-12-11,0.9531647840963491,1.1618547653407056,0.0958388017527446,0.75,0.026502527804597487,0.0,-0.0030030030030028737,0.03819168871811658,-0.0016502886363658129,0.0,0.12367451206017514,0.0
2020-12-18,0.8201260260112244,1.0912558261529488,0.07490205363382389,0.75,0.019645301558048087,1.0,0.0,0.040929802669854735,0.054972256730609376,0.0,0.12367996205311432,0.0
2020-12-25,0.6628864375534919,1.1226668828864628,0.04796058787083044,0.75,0.04008282604773848,1.0,0.0,0.04764735342732111,-0.12396162551895701,0.0,0.12844361560465345,0.0
2021-01-01,0.8962181397990665,1.0904855505664428,0.02763816658039012,0.75,0.05475654738812648,1.0,0.0,0.040654203850879055,0.31286826077017593,0.0,0.12894953755327174,0.0
2021-01-08,0.8297360869277284,1.066686776144673,0.020717705074357287,0.6666666666666666,0.07298797678706828,1.0,0.0,0.03163544142163547,0.36381375046970055,0.0,0.12922139339746813,0.0
2021-01-15,0.8624759269006631,1.0344513049392354,0.05053978654339264,0.75,0.07367114365624788,1.0,0.0,0.04876138926850047,0.30525692197646387,0.0,0.1277378886878406,0.0
2021-01-22,0.9042876704511458,1.1213646405320548,0.07931565859434067,0.8333333333333334,0.05625212795219378,1.0,0.0,0.04134768572905022,0.22126770182570288,0.0,0.12787019414295425,0.0
2021-01-29,0.848307229386862,1.1159096299403948,0.08650549406469828,0.8333333333333334,0.043772483244569685,2.0,0.0,0.04431258240100519,-0.1931681301511124,0.0,0.1274791999653388,0.0
2021-02-05,0.9302492772638218,1.0680689648497725,0.09159248414904532,0.8333333333333334,0.05373444935009508,2.0,0.0,0.06195035248132307,-0.2060002460445987,0.0,0.1331493510932447,0.0
2021-02-12,0.8556953525134399,1.1367255149783864,0.08551345679342222,0.8333333333333334,0.08055622665954368,2.0,0.0,0.05036732880628367,-0.060747408489710386,0.0,0.14211960102154578,0.0
2021-02-19,0.8663287740617478,1.1238647693312767,0.08302988850695207,0.8333333333333334,0.11665754970987267,2.0,0.0,0.02745254803960012,0.37580968107694035,0.0,0.14003815221264734,0.0
2021-02-26,0.9424773347617967,1.133928103222404,0.08376951136812244,0.8333333333333334,0.11654899314508488,2.0,0.0,0.0321277604539518,0.8564413937666882,0.0,0.13331573017493611,0.0
2021-03-05,0.9732397975724577,1.159135632524485,0.11106997904208687,0.8333333333333334,0.09034440186065919,2.0,-0.0010141987829612878,0.0345477947388754,0.9062341840713868,0.0,0.13109193464396426,0.0
2021-03-12,0.8391652118015442,1.1025712485731929,0.14450853639533962,0.8333333333333334,0.03296728743279848,2.0,-0.018906481789833833,0.0384819916789818,0.7180007526728356,0.0,0.12878975934001552,0.0
2021-03-19,0.7011090077580607,1.1366075520782224,0.16459103748088022,0.8333333333333334,-0.018369990673710115,2.0,-0.022830855862674273,0.03013175215147748,0.4609540572773019,0.0,0.11507934176699303,0.0
2021-03-26,0.6732734566344566,1.1774391490514573,0.18377796757206563,0.8333333333333334,-0.026869419719697814,1.0,-0.026685566490435058,0.02969740242864954,0.12624199488583018,0.0,0.11371000323519591,0.0
2021-04-02,0.8719982118193358,1.173070883949244,0.20674633760321062,0.9166666666666666,-0.023304200528573415,1.0,-0.024202621506992514,0.027376484764491494,0.09960129439264664,0.0,0.11814726800016828,0.0
2021-04-09,0.7093987226873285,1.1371161639723038,0.212491246575125,0.9166666666666666,0.006256732669513786,1.0,-0.012834108359501344,0.0641328848887433,0.014449247219441231,0.0,0.12274020025881342,0.0
2021-04-16,0.7529041605801791,1.1741171994308228,0.22467643980135166,0.9166666666666666,0.015041421664728985,1.0,-0.008110826581316906,0.03303860349028254,-0.18387547287734066,0.0,0.12096799950472206,0.0
2021-04-23,0.7068170879040794,1.1678468472836052,0.2430399541870402,0.9166666666666666,0.014817598267784286,2.0,-0.012245612389917292,0.06275244931469988,-0.21453353879286274,0.0,0.11120925031377388,0.0
2021-04-30,0.7719326567917756,1.1663283953616526,0.2741678308696281,1.0,0.026558878458975588,2.0,0.0,0.04190160976093512,-0.20938196697681014,0.0,0.11041173895411233,0.0
2021-05-07,0.908125093182213,1.157206759838565,0.3017686018707156,1.0,0.03201426449688609,2.0,0.0,0.050373181120033965,-0.1914732520526743,0.0,0.13323226257509888,0.0
2021-05-14,0.7583658571605225,1.1623950542496664,0.33136767554273755,1.0,0.027229575501670687,2.0,0.0,0.05295875165491552,-0.16341872365781995,0.0,0.15258039975348428,0.0
2021-05-21,0.7268624408365215,1.163850153718663,0.36899070347731566,1.0,0.03139817207415788,2.0,0.0,0.04505649826858001,-0.14335023519957155,0.0,0.1519193119459867,0.0
2021-05-28,0.8028373279767558,1.176073131800751,0.38482563365660294,1.0,0.021318171390557583,1.0,0.0,0.04436189363247621,-0.15820774098434018,0.0,0.16160878847219418,0.0
2021-06-04,0.8329843660088375,1.1999143006333586,0.40199526746757414,1.0,0.009138408290138386,2.0,0.0,0.0580748544859284,-0.17929638643335627,0.0,0.16372707135958842,0.0
2021-06-11,1.0390679226163044,1.2354692131436453,0.4255825701037072,1.0,0.008346642652766986,2.0,-0.0007917656373713032,0.06033252944072938,-0.2116991914407365,0.0,0.17278609444035042,0.0
2021-06-18,1.03127121525885,1.2296788673087988,0.4472122025302208,1.0,0.027938479387460788,2.0,0.0,0.0403334059441862,-0.21079530802583565,0.0,0.18480906564004865,0.0
2021-06-25,0.959320467968236,1.2088589267986798,0.4434037642612962,1.0,0.028974463686482488,2.0,0.0,0.05024222411400238,-0.11401222778339684,0.0,0.20310190134411277,0.0
2021-07-02,0.9433483160623217,1.1923246432287957,0.4324663527564538,1.0,0.03850618663739959,1.0,0.0,0.037511968529246764,-0.11412955466315906,0.0,0.20314629546655028,0.0
2021-07-09,1.0142641711699396,1.1975970960766826,0.40098567537911983,0.9166666666666666,0.05127168730760198,1.0,0.0,0.03075317896260291,-0.07534839747134832,0.0,0.20329897588126974,0.0
2021-07-16,1.077157043885849,1.1964783673369932,0.3832189942385786,0.9166666666666666,0.039189731995832984,2.0,0.0,0.056745703180304155,-0.08651543111874774,0.0,0.20311877621730617,0.0
2021-07-23,1.1438503968069296,1.1602526001223374,0.37778224507082636,0.9166666666666666,0.04425072613157258,2.0,0.0,0.04675524414270771,-0.20287674432808805,0.0,0.2079694815928174,0.0
2021-07-30,1.0569665832246464,1.1819395673000954,0.34691580610042355,0.9166666666666666,0.022292894806271283,2.0,-0.007499999999999912,0.037195011058191486,-0.200206369044353,0.0,0.20844141813786107,0.0
2021-08-06,1.1100868352941577,1.1659889573344622,0.311038689296255,0.9166666666666666,0.03318818264246319,2.0,0.0,0.035181312272219184,-0.039413566858476426,0.0,0.19951631523946728,0.0
2021-08-13,1.2500905244716733,1.1425410382956986,0.2584352010924629,0.9166666666666666,0.03295396815567439,2.0,0.0,0.026961998532470662,0.14316563847101849,0.0,0.2010668645557221,0.0
2021-08-20,1.361980345963491,1.143410344250055,0.19320325725109655,0.8333333333333334,0.02224195118252519,1.0,-0.00040273862263377253,0.03765762020260979,0.14381243444133449,0.0,0.20397367051067,0.0
2021-08-27,1.2311736878943413,1.1361457142865943,0.13456597254998207,0.75,-0.006643494639146215,1.0,-0.03677353061997094,0.042796438667511184,0.20231726849665982,0.0,0.20611468932747506,0.0
2021-09-03,1.051823536381741,1.1557018408307014,0.06194841951581742,0.6666666666666666,-0.03743248416094101,2.0,-0.044402252136528104,0.039014184863074806,0.9109341462861194,0.0,0.21607499053660234,0.0
2021-09-10,0.99720048624041,1.1583492141332632,-0.017287234042553192,0.5833333333333334,-0.046782839893757415,1.0,-0.04638482007815347,0.029282035145652825,0.6135599636923835,0.0,0.22379779610980624,0.0
2021-09-17,1.1294513564213151,1.1804940804802193,-0.05346287451150674,0.5,-0.03773100736667572,1.0,-0.03813691283830238,0.03843564106847235,0.6139564875536047,0.0,0.22387119473188433,0.0
2021-09-24,1.2369196058071683,1.1812070156071157,-0.07526414821247647,0.4166666666666667,0.0052118155041757834,1.0,-0.031829613906094574,0.044244864494052294,0.5622846327867836,0.0,0.22463157870909004,0.0
2021-10-01,1.1391682820718636,1.1629832687461725,-0.0792987407729049,0.4166666666666667,0.0034699464081554814,1.0,-0.04118391715337867,0.03215565601484217,-0.20849707043481577,0.0,0.22557839955371511,0.0
2021-10-08,1.0795983947669032,1.151717221065013,-0.09315747575625993,0.3333333333333333,0.006359299155955981,1.0,-0.040402804254929196,0.047556166372884845,-0.1876881574154557,0.0,0.225075916352948,0.0
2021-10-15,0.9219565274189911,1.123962918139544,-0.11201874366767983,0.3333333333333333,0.00990532720272738,0.0,-0.028700399428770028,0.03178993819625167,-0.18856779646666624,0.0,0.2253193834388839,0.0
2021-10-22,0.9613487764353245,1.1431321882807635,-0.11378274714140978,0.3333333333333333,0.00890350570910268,0.0,-0.023304290536707687,0.03140258866223916,-0.15819842588269048,0.0,0.22350013845858147,0.0
2021-10-29,0.8799643544145748,1.0954668296982923,-0.11720220002894775,0.3333333333333333,0.02052997800013448,1.0,-0.021385438455247385,0.027970977161783227,-0.16134737669703095,0.0,0.22358359959477322,0.0
2021-11-05,0.7586020527089847,1.0611461306097212,-0.12753727022723985,0.25,0.011230933023175682,1.0,-0.0296883772728271,0.04234923709923774,-0.19831700541099576,0.0,0.2149195694867146,0.0
2021-11-12,0.5321266106229325,1.1023269136468334,-0.13848404255319147,0.25,0.011121581052463183,1.0,-0.017961414191134097,0.04133614320333712,-0.1444524249622267,0.0,0.20358657499109467,0.0
2021-11-19,0.4422394014348552,1.004622722828597,-0.16370006513243593,0.25,0.013351155897841884,0.0,-0.010316115741863082,0.05662756501236107,-0.1344044585653067,0.0,0.2033934308640438,0.0
2021-11-26,0.6160944827425818,0.9886908257331481,-0.18180300591066442,0.25,0.015323527229617984,0.0,-0.006419722496752393,0.05750209636288352,-0.12453519548525836,0.0,0.19698967734445696,0.0
2021-12-03,0.5117140332428131,0.9841123681334631,-0.1721717278675323,0.25,0.02915141970583828,1.0,-0.0011105149070402814,0.05190556307337902,-0.12419561360826195,0.0,0.18614468166264028,0.0
2021-12-10,0.5547948637703639,0.9161840159742574,-0.15980344012690412,0.25,-0.008908376248694418,1.0,-0.027055696338026222,0.046295742577760236,-0.17654472430953186,0.0,0.16573976504731158,0.0
2021-12-17,0.6236021874544838,0.9842858951059728,-0.15690613226759018,0.25,-0.022518749368075117,2.0,-0.0327233330583872,0.050336656635787444,0.22440036029087426,0.0,0.16940566452741346,0.0
2021-12-24,0.5518804379668337,1.0331478294560963,-0.1342852754142105,0.3333333333333333,-0.020538597478777218,2.0,-0.026999802484768076,0.06309857373264974,0.21730619790087893,0.0,0.16861968010803297,0.0
2021-12-31,0.5314603308897738,1.1081694188498172,-0.1003574276793719,0.4166666666666667,-0.02350492984833462,1.0,-0.024686806769597062,0.049276125060558285,0.24409365678492184,0.0,0.16768088778411228,0.0
2022-01-07,0.6213010539002006,1.1088574766265666,-0.09531889098809966,0.4166666666666667,0.011453471125691079,1.0,-0.015924227299167842,0.048412222726684113,0.24387462644349614,0.0,0.15891155050786662,0.0
2022-01-14,0.7094798187703176,1.1027433253123138,-0.10587233577026785,0.3333333333333333,0.01844060385188348,1.0,-0.014780839492001898,0.06593953913328636,-0.18606121910905132,0.0,0.16175451020691323,0.0
2022-01-21,0.4941376770846158,0.9941918832459792,-0.1362432201218309,0.25,0.006324296471367279,1.0,-0.02088835850328746,0.058174197887862295,-0.1954240547543105,0.0,0.18950564052242633,0.0
2022-01-28,0.5623974473755724,1.038003872859464,-0.16386226774087853,0.25,0.010359943041845579,2.0,-0.014609486253208367,0.04793272205019106,-0.18267175587750917,0.0,0.1931141921293274,0.0
2022-02-04,0.5898177091844103,1.1116668362170743,-0.18750172352319142,0.25,0.007630454672025679,1.0,-0.008445980303267483,0.0624607251939491,-0.1628065753597119,0.0,0.19609492838789297,0.0
2022-02-11,0.6388224480050313,1.1272786548970015,,0.25,,,,,,0.0,0.20006660649414928,0.0
2022-02-18,,,,0.25,,0.0,-0.011855986484876482,,-0.1809297408743829,0.0,0.20436550812805007,0.0
2022-02-25,0.7578335482169323,1.1399537264555555,,0.25,,0.0,-0.019471739960908094,0.05123981137655903,-0.1608109209124637,0.0,0.20890874570078405,0.0
2022-03-04,0.6925479892006331,1.150953175804434,,0.3333333333333333,,0.0,-0.015611392480439303,0.03389267577963253,-0.13182313190116302,0.0,0.2110212455645303,0.0
2022-03-11,0.7186252291888449,1.1465455413897903,,0.3333333333333333,-0.00643035737103882,1.0,-0.014844734686421054,0.04628467499704123,-0.14180565683189392,0.0,0.20983841225924857,0.0
2022-03-18,0.677303268019176,1.1444158104685016,,0.25,-0.009353134046864522,0.0,-0.021112124048256898,0.04226055673996205,-0.15976876254176334,0.0,0.20885703618455187,0.0
2022-03-25,0.5091044038931912,1.0976302064664436,,0.16666666666666666,0.00398553165253558,1.0,-0.015599481142655821,0.027032760833041715,-0.13167034750796172,0.0,0.2035494036803402,0.0
2022-04-01,0.6471037187212523,1.1193694725914831,,0.08333333333333333,0.0012413667208658796,0.0,-0.014425245931295065,0.04396424579444694,-0.15376336417345826,0.0,0.20935426487918327,0.0
2022-04-08,0.5602782925540664,1.0507204852907261,,0.16666666666666666,0.02338745170725958,0.0,0.0,0.044806245910225265,-0.1662882532207868,0.0,0.2100573795097888,0.0
2022-04-15,0.5980626230778258,1.091496400791885,,0.25,0.03440766582627208,0.0,0.0,0.035081318609199295,0.34748484171078553,0.0,0.21150611813278583,0.0
2022-04-22,0.5151263527363332,1.051752669659051,,0.25,0.027992430161723078,0.0,-0.000783699059561026,0.05561862189103453,0.27383490162970087,0.0,0.20903902947841208,0.0
2022-04-29,0.48888293215548684,1.0171176503230632,,0.25,0.019196546002890683,0.0,-0.008380781779796306,0.05403294669665355,0.23568176005672803,0.0,0.20803150302101298,0.0
2022-05-06,0.5152744295214308,1.024652007000657,,0.25,-0.0007982589082880204,2.0,-0.005475242002675481,0.03727203169779331,0.356431554066129,0.0,0.20885641941342345,0.0
2022-05-13,0.6868099020487641,0.982317765069017,,0.3333333333333333,-0.02923583720740052,2.0,-0.029124238371189413,0.041554252439877586,-0.15962009303945515,0.0,0.20778641875845458,0.0
2022-05-20,0.7472263946516396,1.0277473899827723,,0.3333333333333333,-0.02705483959171462,2.0,-0.02776763507128884,0.06589960657130209,0.2767956722434892,0.0,0.21317083232316242,0.0
2022-05-27,0.6459608864359708,1.0373853492846803,,0.3333333333333333,-0.019451798375228223,2.0,-0.02776763507128884,0.05233160109197044,0.26250266752112633,0.0,0.20321084930333105,0.0
2022-06-03,0.8457241846057695,1.050501428681771,,0.4166666666666667,-0.0014060624564777198,2.0,-0.007374252131607745,0.04518220948183764,0.150043951737424,0.0,0.20235665750551893,0.0
2022-06-10,0.853917506596509,1.0968476205551165,0.013596938775510202,0.5,0.013404520883996482,2.0,-0.016276725206660448,0.05766357967758776,0.47018021105692137,0.0,0.21252406069682733,0.0
2022-06-17,0.8304566841688554,1.15558632834574,0.01670068027210884,0.5,0.00978005083566678,2.0,-0.01846764564049852,0.038926094243367314,0.01825366488786856,0.0,0.2066850591918322,0.0
2022-06-24,0.8465759924823798,1.165685115225791,0.07068877551020408,0.5833333333333334,-0.01305099939264372,2.0,-0.040877060123592136,0.08787287834380417,0.017176929118253078,0.0,0.28320158944137086,0.0
2022-07-01,0.7612835331698861,1.1336335807294817,0.0972704081632653,0.5833333333333334,-0.03209912074261262,2.0,-0.039028148432264126,0.0609027177915449,0.2778463644048095,0.0,0.30603719318142103,0.0
2022-07-08,0.8012988801853042,1.0853364546237811,0.10836734693877552,0.5833333333333334,-0.025472431251849125,2.0,-0.04127866799097073,0.04107653757030632,0.007738688516002079,0.0,0.30971499276257786,0.0
2022-07-15,0.7554862104578863,1.0877243729659924,0.10230442176870748,0.5833333333333334,-0.014066515798291622,2.0,-0.03247881035417292,0.0561032427916255,-0.04325305054746776,0.0,0.33134437568455566,0.0
2022-07-22,0.8571191954313983,1.0727291002232553,0.0545578231292517,0.5833333333333334,0.005864582762546579,2.0,-0.03528457504140106,0.03477546063441795,0.017738673826812417,0.0,0.3160074734382024,0.0
2022-07-29,0.7304167555925516,1.1315673850589307,0.0036819727891156486,0.5833333333333334,0.008746876729177878,1.0,-0.03064428920706437,0.03181811958069581,-0.1886138447422076,0.0,0.31652398310493485,0.0
2022-08-05,0.7420229828801723,1.1714150264402148,-0.04024659863945577,0.5,0.01252283152071098,1.0,-0.029254199755640538,0.041086858173195025,-0.17950772861295725,0.0,0.30729425127930377,0.0
2022-08-12,0.7665629268850811,1.1889615735844126,-0.04971938775510202,0.5,-0.0027024240685485203,1.0,-0.03512382552455993,0.04243474204998543,-0.1778663151233743,0.0,0.3076498018316694,0.0
2022-08-19,,,-0.08653061224489794,0.4166666666666667,-0.00303274466688152,0.0,-0.03824063827090418,0.024013265517481442,-0.20851453373760895,0.0,0.30118445956922557,0.0
2022-08-26,0.7290642743440606,1.196917241826678,-0.13290816326530608,0.3333333333333333,-0.01331720203163082,0.0,-0.04350574426577159,0.0341553244577114,-0.20660553031936554,0.0,0.30118445956922557,0.0
2022-09-02,0.9048892497180219,1.1524347479270851,-0.16885204081632652,0.25,-0.01835484005206022,0.0,-0.046952570412561546,0.034470750437465565,-0.20899908443493195,0.0,0.2992445710068935,0.0
2022-09-09,1.0060487916439214,1.202979227210407,-0.14565476190476187,0.3333333333333333,-0.00958105569688072,0.0,-0.04435335015005046,0.02425153871250693,-0.20762523998448174,0.0,0.2997974489038215,0.0
2022-09-16,0.9275358482669063,1.1562145882392225,,0.25,-0.004024119866626919,0.0,-0.04212988190935719,0.032437143891053864,-0.2078714026387489,0.0,0.3036527688778251,0.0
2022-09-23,0.698123393902606,1.1712272519865383,,0.25,-0.015364239941494618,0.0,-0.058236058579727454,0.03716276838168534,-0.19721354208438513,0.0,0.3074210662275181,0.0
2022-09-30,0.7824005247742362,1.1660591973177337,,0.25,-0.01176063633789112,0.0,-0.058236058579727454,0.026949056446915292,0.04873678834604983,0.0,0.3058196865812468,0.0
2022-10-07,0.8117791073538373,1.165571159241972,,0.3333333333333333,-0.01348288393953542,1.0,-0.05728956215618931,0.04285669545844594,0.05404034307923503,0.0,0.304559254568224,0.0
2022-10-14,0.8547767467015055,1.1484095155872431,,0.4166666666666667,-0.07243347912791542,2.0,-0.11066953352982375,0.07648025225810151,0.04081465356232272,1.0,0.3238128205386052,1.0
2022-10-21,0.9550939734877175,1.1886510054753145,,0.5,-0.03866975395593042,2.0,-0.09559613579304117,0.06346631854126837,1.9708398029203398,0.0,0.32390487622742303,0.0
2022-10-28,0.9337338859524866,1.1684964423969417,,0.5833333333333334,-0.08498671824164482,2.0,-0.13748537727137694,0.043599342473292085,1.4853073243249775,1.0,0.33492620960561725,1.0
2022-11-04,0.7949550591757045,1.179011511867221,,0.6666666666666666,-0.07676452306738851,2.0,-0.12952676483558814,0.054193197334133546,2.039530705610779,1.0,0.33507255619507137,1.0
2022-11-11,0.8339585525535418,1.1551083688392456,,0.75,-0.04826917927353742,2.0,-0.15401194768464463,0.06188905557113017,2.1449566322925433,1.0,0.33886138745050204,1.0
2022-11-18,0.9918766073794267,1.1780423819502466,,0.8333333333333334,-0.09085935745693582,2.0,-0.17570394902606393,0.09389513986164598,0.13342444156431718,1.0,0.34431763940081456,1.0
2022-11-25,1.0901422345527405,1.139324886599007,,0.8333333333333334,-0.036062683904110715,2.0,-0.16871415816377744,0.09712839610710236,0.04703589326358765,1.0,0.35391097549885897,1.0
2022-12-02,1.074871068915637,1.1431937474668241,,0.75,-0.020945334915605917,2.0,-0.14847686238873828,0.08900323304375399,-0.09575033124805249,1.0,0.35468347921890353,1.0
2022-12-09,0.7656621122141538,1.0928324885927911,0.31073129251700676,0.75,0.02928270042828648,2.0,-0.12965867150230168,0.07779927817663951,0.0022205687486664726,1.0,0.4030643142106284,1.0
2022-12-16,0.7036875121636206,1.0399888452754922,0.22275510204081628,0.6666666666666666,0.05934361557207428,2.0,-0.12581185900065456,0.06139359174727636,0.04525694396305441,1.0,0.40305737340040426,1.0
2022-12-23,0.6525444794469932,1.0242297220913779,0.1317942176870748,0.5833333333333334,0.04430652925578328,2.0,-0.1315442402531092,0.05874082507629285,0.022116021146035243,1.0,0.35708614265416727,1.0
2022-12-30,0.6604234905352645,0.982663593107532,0.057899659863945574,0.5,0.01996195996739388,2.0,-0.1315442402531092,0.05166226830961115,-0.036714170172314396,1.0,0.3584162374709966,1.0
2023-01-06,0.49535966516504776,0.9640927886645831,0.0522704081632653,0.5,0.003666342981730279,2.0,-0.12650387020234388,0.03167409195745929,-0.17151579967943756,1.0,0.3548103228606642,1.0
2023-01-13,0.5486842292152084,0.9691118700341902,0.06604591836734693,0.5,-0.00573417740094332,2.0,-0.13085443199989724,0.037832121706287296,-0.23416107371172165,1.0,0.3285750951673953,1.0
2023-01-20,0.6835279512548897,0.9949817734618148,0.07926020408163266,0.5,0.01350935519153538,1.0,-0.11982831613447952,0.029724250474090493,-0.23479897019573068,1.0,0.3264985501268193,0.0
2023-01-27,0.6662155038294202,0.9936503977978983,0.05344387755102042,0.5,0.03456198677048258,1.0,-0.10129838594783716,0.03471948003555013,-0.20397749249805303,1.0,0.3274872994859902,0.0
2023-02-03,0.5956261380565958,0.9779221824555379,0.033231292517006815,0.4166666666666667,0.01896434180934468,1.0,-0.11010010278649221,0.01838089695312893,-0.12525084377842652,1.0,0.32674800837891194,0.0
2023-02-10,0.60763912016742,0.890572919081613,-0.011641156462585019,0.3333333333333333,0.020710471341547177,2.0,-0.11297848520335525,0.04626239862838253,-0.09833195706175739,1.0,0.3219251955503902,1.0
2023-02-17,0.5742625187491803,0.8834621350104461,-0.005926870748299304,0.4166666666666667,0.008024315798248778,2.0,-0.11297848520335525,0.039150667888779925,-0.09650665403145756,1.0,0.32647231533149346,1.0
2023-02-24,0.6478704427253377,0.9298560518035716,0.03233843537414967,0.5,-0.016376530066412823,1.0,-0.11594842331093347,0.03518827291415475,-0.13487495456363177,1.0,0.3212157627116778,0.0
2023-03-03,0.7273261769107533,0.9107777129347703,0.10465986394557823,0.5833333333333334,-0.021043227313067424,2.0,-0.12873226146105354,0.019638802281336906,-0.20846940571180023,1.0,0.3212243624924648,1.0
2023-03-10,0.761163522967885,0.9279537747187305,0.20289673480971934,0.6666666666666666,-0.039338471007851324,2.0,-0.14749043373554635,0.030534503021986573,-0.17857639588445456,1.0,0.3216797588739302,1.0
2023-03-17,0.7361237002755376,0.9476388660470627,0.25828789127230434,0.75,-0.04380026688068992,2.0,-0.15129415739986046,0.036047429210851197,-0.06941349368073343,1.0,0.32597746674417133,1.0
2023-03-24,0.61737151159363,0.9250980734617126,0.26619605453761047,0.75,-0.03876381399058613,2.0,-0.14986133943261204,0.03308076760156658,-0.06967350114613614,1.0,0.3244902206471746,1.0
2023-03-31,0.6436072262986166,0.8592616290175148,0.2033219048777465,0.6666666666666666,-0.013048378281679325,2.0,-0.14029309339358695,0.03565540094804974,-0.06220833141583863,1.0,0.3246171536454933,1.0
2023-04-07,0.5962178826615518,0.8903834680076896,0.10559231304101185,0.5833333333333334,0.018360620328321677,1.0,-0.13179983086948407,0.02621362889677284,-0.05274703288744417,1.0,0.3259794917367484,0.0
2023-04-14,0.4509592135296849,0.8874215975724543,0.0032271784595568434,0.5,0.016335929714673778,1.0,-0.13743139953411457,0.03335979699033538,-0.12414496287213167,1.0,0.30589095987564774,0.0
2023-04-21,0.5383096353163955,0.973630082214063,-0.06277622290098737,0.4166666666666667,0.012466666028495974,0.0,-0.13931268328649374,0.02726324158919755,-0.10829907587642011,1.0,0.3058464756546446,0.0
2023-04-28,0.6001041099558795,0.9073248910026317,-0.09306533854724587,0.4166666666666667,-0.008201325553368926,0.0,-0.14741439114038582,0.048993989084555024,-0.11990751144196075,1.0,0.2875345153914324,0.0
2023-05-05,0.774630348188855,0.9111107740710384,-0.10445212966942467,0.4166666666666667,0.005541468123217274,0.0,-0.1272745736082689,0.03051366298902436,-0.16243786287995313,1.0,0.28618270850024813,0.0
2023-05-12,0.8385696838156118,0.9380934753363206,-0.12015392114216521,0.3333333333333333,0.015932025998437675,1.0,-0.12386739124087236,0.024572320163729094,0.06686376243463625,1.0,0.2855836410877661,0.0
2023-05-19,0.7932604281929818,1.0265224638054509,-0.13318113202651893,0.3333333333333333,0.027562745354823174,0.0,-0.11558820594409326,0.027004812281636016,0.050719449025037666,1.0,0.2733931567374501,0.0
2023-05-26,0.7648885080298016,1.068274438138345,-0.14227977148230125,0.3333333333333333,0.03151133203310837,1.0,-0.12042105727773203,0.02432810368894622,0.07803670390194624,1.0,0.2646661633868126,0.0
2023-06-02,1.0119207749048849,1.0280100873475924,-0.17712203392900336,0.3333333333333333,0.005678118398743177,0.0,-0.12236595267346939,0.029556867149658578,0.07076160524492696,1.0,0.2620542947180462,0.0
2023-06-09,0.9612340466995438,1.0223074441987925,-0.18572747610587415,0.3333333333333333,0.025400420636382776,0.0,-0.10163064276410635,0.03863349779032793,-0.19635340254520622,1.0,0.18477206313906933,0.0
2023-06-16,0.9130379798036793,1.0441951880974507,-0.16132271420111222,0.4166666666666667,0.014884628280762075,1.0,-0.10258839261190607,0.04379216286233521,0.01623212257097616,1.0,0.18537190185580346,0.0
2023-06-23,0.8476849458702179,1.05220644411613,-0.12056591148002378,0.5,0.020349109155079075,0.0,-0.10258839261190607,0.018202290017725883,0.0008413169782482057,1.0,0.1746848827817258,0.0
2023-06-30,0.7293185842529231,1.0217342033855332,-0.05469006113988775,0.5833333333333334,0.030924101995950973,0.0,-0.09508259767295703,0.02764759245114898,-0.024299866367415598,1.0,0.14210795225581174,0.0
2023-07-07,0.79569375592306,1.0841466165923377,0.0009838216742402914,0.6666666666666666,0.009888401944706972,0.0,-0.09273825207107345,0.02102634252227648,-0.0159647760189297,1.0,0.1427210370803448,0.0
2023-07-14,0.7307359240058655,1.0798371859127884,0.05702974004158723,0.75,0.011469963943256273,0.0,-0.09227059137626469,0.03437248062973527,-0.22335505437101483,1.0,0.14919755730004328,0.0
2023-07-21,0.548313391985717,1.0576599942790663,0.09539303409768184,0.8333333333333334,0.014500266973559174,0.0,-0.08951989619861703,0.031192626260152193,-0.2271044373303918,1.0,0.15112757566813312,0.0
2023-07-28,0.5868790545027895,1.0528004959379493,0.13488356671645926,0.9166666666666666,0.018130443521458674,0.0,-0.07859959510354814,0.025055840551128982,-0.2313628895936588,1.0,0.148527704999521,0.0
2023-08-04,0.5461559804631158,1.0798988415343347,0.15444590240688685,1.0,0.026255795275116175,0.0,-0.06872584502672317,0.046160021443759414,-0.18966919772694388,1.0,0.14879782571492764,0.0
2023-08-11,0.6223224729268626,1.13101420948644,0.11730304526402972,0.9166666666666666,0.04699637000493347,1.0,-0.04893064559733954,0.056289084999930315,-0.15944668295067033,1.0,0.15628306509781226,0.0
2023-08-18,0.7079738489424465,1.1626597505455203,0.07132515410756715,0.8333333333333334,0.04917933711681058,1.0,-0.043972464128889624,0.04344859418399224,0.03034365997991821,1.0,0.14203187985123197,0.0
2023-08-25,0.9332842973782816,1.1379907141977446,0.030507076302373055,0.75,-0.012208887689705024,0.0,-0.0911947002902772,0.028015640483124746,0.033740406958598874,1.0,0.1349855898099507,0.0
2023-09-01,0.7610324285325449,1.1209904191431916,0.006476464057475102,0.6666666666666666,-0.02680088201074012,2.0,-0.09471720145194276,0.04034728247047984,1.4721837166410994,1.0,0.13621228638500216,1.0
2023-09-08,0.6626721418991086,1.1300084087948439,0.026501974261556732,0.6666666666666666,-0.04236432103758962,1.0,-0.08956378893648882,0.03259918099943557,1.3857677934862416,1.0,0.13251580721300238,0.0
2023-09-15,0.6161673201193226,1.1419628413498693,0.04352578378536626,0.6666666666666666,-0.048968411763914324,1.0,-0.09083004235938669,0.031406207669190174,0.9489760835661479,1.0,0.12242513290997381,0.0
2023-09-22,0.6756420203933685,1.1524669620911465,0.04488632800305333,0.6666666666666666,0.005607157194359676,2.0,-0.08611931719026432,0.03790706886355635,0.9432430628207206,1.0,0.12156481064087278,1.0
2023-09-29,0.6260600994358171,1.1218776460301816,0.04356737568874764,0.6666666666666666,-0.006676569630882624,1.0,-0.10088735103795016,0.03481822929937405,-0.23631306982327893,1.0,0.12010404207591877,0.0
2023-10-06,0.7560073252656575,1.1397505267072003,0.0074231698049322505,0.5833333333333334,-0.005369169251376024,1.0,-0.09459356249521564,0.035098825552446054,-0.1839232897322942,1.0,0.1225644937229776,0.0
2023-10-13,0.6932880291167363,1.1066379550853713,-0.014656110645720179,0.5,0.004230989454882576,1.0,-0.08716077491180016,0.03647037975109402,-0.17397451593980767,1.0,0.11099039631270909,0.0
2023-10-20,0.651970493464766,1.1274157615492935,-0.01689250520354331,0.5,0.0020496423046233764,1.0,-0.08442225723653565,0.02644031566300019,-0.15573397334607653,1.0,0.11704113250559094,0.0
2023-10-27,0.7421723465602393,1.126636940089178,-0.029452111230221248,0.4166666666666667,0.004489825926991877,1.0,-0.09698353724396118,0.030951339998043066,-0.1598559974352767,1.0,0.12385369866096393,0.0
2023-11-03,0.6383282359922119,1.0515727154196233,-0.0021391860601532218,0.5,-0.0073988215472070235,2.0,-0.10139806639377338,0.047864647586235334,-0.1547209426401624,1.0,0.12421344582736137,1.0
2023-11-10,0.5796956481095056,1.0737383302027925,0.027491113714003448,0.5833333333333334,-0.0064977630991174245,2.0,-0.09321144641986888,0.03946007793379048,-0.16678263532597495,1.0,0.12350490448113585,1.0
2023-11-17,0.8086835143245279,1.0978822140335183,0.06499961711536398,0.6666666666666666,-0.02804490374826702,2.0,-0.11002978126215858,0.03834020203514286,-0.14674380463299594,1.0,0.12636152173696502,1.0
2023-11-24,0.583063305247729,1.0722302915131674,0.11053533140107825,0.75,-0.032805884366286724,2.0,-0.12647686949345333,0.02832307546744549,-0.027957091898171343,1.0,0.1299657550339346,1.0
2023-12-01,0.5622610794490756,1.0493010247039787,0.12212546745550003,0.75,-0.03430021561549222,1.0,-0.13205254904987815,0.022858337859400647,-0.011445747555669135,1.0,0.13054549737842824,0.0
2023-12-08,0.5237023678396243,1.0620779712195432,0.1242173041901939,0.75,-0.04712414003715462,1.0,-0.13527569608258422,0.01733563970547557,-0.015801124562843095,1.0,0.13067220541052046,0.0
2023-12-15,0.6228398658989394,1.1443066958735775,0.12513567153713268,0.75,-0.027535874973637322,1.0,-0.13437541049807877,0.02976905127326086,-0.059405484507303166,1.0,0.1299403381005147,0.0
2023-12-22,0.5864049397812046,1.1222234601930612,0.118243686536058,0.75,-0.01324825427789602,0.0,-0.13800486370353748,0.021201314578630913,-0.16200473969577156,1.0,0.12930015454171156,0.0
2023-12-29,0.7079581387542092,1.132829528533947,0.14738108969878497,0.8333333333333334,-0.0068652755544917204,0.0,-0.13800486370353748,0.02614584794724253,-0.23490279296520788,1.0,0.1325115779425431,0.0
2024-01-05,0.7613372911033995,1.1663040817627162,0.17331646384844482,0.9166666666666666,-0.0031517477030328206,0.0,-0.13800486370353748,0.019962763583139528,-0.22775658310199964,1.0,0.13116280767800814,0.0
2024-01-12,0.726002280802454,1.17557240831053,0.17602904888245843,0.9166666666666666,-0.0001828470547437207,0.0,-0.13454824160310044,0.02866381581886591,-0.22141966004400312,1.0,0.12398698110154208,0.0
2024-01-19,0.8458703850789686,1.16731744779356,0.1822196072900887,1.0,0.006503790648691379,0.0,-0.1323900077916369,0.034023728435042436,-0.20349392661338517,1.0,0.12222270659467722,0.0
2024-01-26,0.8588506421055342,1.1516928060730716,0.16708355286832002,0.9166666666666666,0.013424205873604978,0.0,-0.12638578639227105,0.023618873336914047,-0.18886775287073554,1.0,0.12132955102177692,0.0
2024-02-02,0.9723511350373573,1.1771311920590624,0.16471954698304694,0.9166666666666666,0.01835031424798908,0.0,-0.12208226809863705,0.018516620993192203,-0.14328399300712147,1.0,0.12183567839909928,0.0
2024-02-09,1.0990437825279813,1.2108947108531263,0.17642087913523008,0.9166666666666666,0.01138316745048788,0.0,-0.12467837770504807,0.03705005041071011,-0.12747952520969158,1.0,0.10385908223716854,0.0
2024-02-16,1.008013170167396,1.225254360578798,0.18811305600597839,0.9166666666666666,0.022435604089900377,0.0,-0.11282109399713393,0.02956824480327561,-0.15127725654576218,1.0,0.10839292781612246,0.0
2024-02-23,1.0524443167665678,1.2224668746373366,0.18624739210007277,0.9166666666666666,0.02171452124457668,0.0,-0.10732117707866129,0.016392526833089734,0.006229644578458714,1.0,0.11165300289085532,0.0
2024-03-01,1.0747510714112176,1.2080539048225374,0.15565215400483468,0.9166666666666666,0.005117077669445681,0.0,-0.11773993084758437,0.03628173912066438,-0.03895038648255017,1.0,0.11106347966512338,0.0
2024-03-08,0.7978514696260106,1.225047540807457,0.1404990927803449,0.9166666666666666,0.008989531212070578,0.0,-0.11693237014355476,0.037379037023387574,0.11616292596652811,1.0,0.11409028168166375,0.0
2024-03-15,0.9178021560415814,1.206899604394129,0.1283009417269978,0.8333333333333334,-0.01775048357024652,0.0,-0.12858339892692003,0.03300211721684857,0.10324912626382558,1.0,0.1172900871723729,0.0
2024-03-22,0.880781478452045,1.1888166218337666,0.12990837050025977,0.8333333333333334,-0.02624339393148782,1.0,-0.13058206085598673,0.03811353792470516,0.07357315474563565,1.0,0.12518110639066074,0.0
2024-03-29,0.7049670425293921,1.182001993864582,0.14466177186080398,0.8333333333333334,-0.002689060558894521,1.0,-0.12025076907456786,0.037659875199411504,0.05412055041323632,1.0,0.12464748357380066,0.0
2024-04-05,1.1272065348152982,1.232809778802726,0.157740003153321,0.8333333333333334,0.0026372482931557783,1.0,-0.11475969050436893,0.021752992074698965,0.02475824141599366,1.0,0.11618543742040917,0.0
2024-04-12,1.2642781501623594,1.201861844038386,0.17205166844854483,0.8333333333333334,0.011721471808929677,1.0,-0.11839766437900846,0.02824884561640977,0.05398398285210097,1.0,0.1211714537222299,0.0
2024-04-19,1.3038410603053197,1.1869628100932546,0.18322513783629998,0.9166666666666666,0.02591981169534308,0.0,-0.10790239847875849,0.03241960495770264,-0.0808225821082222,1.0,0.12687159721679325,0.0
2024-04-26,1.077604583857695,1.2192246849040775,0.17808469428755244,0.9166666666666666,-0.00448170499502162,2.0,-0.12442272443285533,0.04540409053516086,0.03243845077881646,1.0,0.12607953396377203,1.0
2024-05-03,1.0638875610766712,1.2065640580634478,0.15861975669319242,0.9166666666666666,0.001013743547025681,2.0,-0.11414599584638647,0.035286180497014256,0.18272228725069506,1.0,0.12891526730814157,1.0
2024-05-10,0.9551948993877581,1.1748283948444451,0.13326261383604956,0.9166666666666666,0.0065154439570309815,2.0,-0.11291278841601023,0.02341548001807739,0.2525366023170283,1.0,0.12879680072047042,1.0
2024-05-17,1.1342476403952437,1.2161264926537934,0.10364868590522049,0.9166666666666666,-0.009916253212556719,1.0,-0.11692857479710567,0.03742956009564913,0.22260342679912243,1.0,0.1271035251658383,0.0
2024-05-24,0.9170418169003922,1.1661352689091466,0.12389528454467626,0.9166666666666666,0.00860226530596158,1.0,-0.11692857479710567,0.02498040983372013,0.10929859894397218,1.0,0.12506006610782366,0.0
2024-05-31,0.7723480976671995,1.1601714300477624,0.11668440019093478,0.8333333333333334,-0.0053521187961380196,0.0,-0.11888660456473962,0.0333086705283309,-0.16523057716321135,1.0,0.12527669001114208,0.0
2024-06-07,0.8445238861897357,1.1649676370117041,0.1278663729800504,0.8333333333333334,0.004946417316966981,0.0,-0.10858581846702513,0.036062644397956034,-0.22993495176288203,1.0,0.12432259647175564,0.0
2024-06-14,0.7581413305370199,1.1187531152483434,0.10145297076367445,0.75,0.016540490390979982,0.0,-0.10228607160106769,0.03510297092146774,-0.13121889679997067,1.0,0.13057819356264205,0.0
2024-06-21,0.7922771627723599,1.08821257221352,0.06918666472660981,0.6666666666666666,0.010102722150636581,0.0,-0.10806534581822823,0.029746808844982327,-0.12472347413028276,1.0,0.13066665581594358,0.0
2024-06-28,0.8040310946464523,1.08648251374238,0.05716316498141796,0.6666666666666666,0.010154577466622683,0.0,-0.10999677642494492,0.03842874915886843,-0.06360098152664298,1.0,0.1328124919132534,0.0
2024-07-05,0.6934058723328564,1.096079774538149,0.04711170376782675,0.6666666666666666,-0.004207485865792421,0.0,-0.11237434514331106,0.029408654537667483,-0.05889138124126458,1.0,0.1365643633257625,0.0
2024-07-12,0.5752475347308224,1.1146957927022536,0.07801306431204443,0.6666666666666666,-0.00646482918438082,0.0,-0.10810504815886711,0.028058744850660535,-0.15602015154121787,1.0,0.13963536351028602,0.0
2024-07-19,0.5542836459775333,1.0917784081957915,0.10413551329163627,0.6666666666666666,-0.00046546515271772006,0.0,-0.10849605865945496,0.026122021280063905,-0.1570534927991853,1.0,0.13818181754484046,0.0
2024-07-26,0.6490267035999374,1.1370935564690172,0.10369333642088796,0.6666666666666666,0.00038476180547688003,0.0,-0.10966857589927133,0.046015046654899784,-0.21046462412221367,1.0,0.13925462844629663,0.0
2024-08-02,0.6208501334092613,1.1268527485621118,0.08643143165898319,0.5833333333333334,0.01024395842856388,0.0,-0.1032690688078016,0.032585082112732616,-0.2136758687040648,1.0,0.14175454546036198,0.0
2024-08-09,0.5980517050734279,1.1515777242490546,0.0758361935637451,0.5,0.00588239343146558,1.0,-0.10286712755670697,0.034222453771423376,-0.16091811712350934,1.0,0.1416234205287514,0.0
2024-08-16,0.4900615523410294,1.1043040870874998,0.04611680580864307,0.4166666666666667,0.023269950182518682,1.0,-0.08766148565088848,0.029004834224821308,-0.18143787468556072,1.0,0.13757093261022274,0.0
2024-08-23,0.6781948159935193,1.121683619469678,0.055019867033132865,0.5,0.04399825535934968,1.0,-0.06995017363417895,0.027625495248834137,0.15910575143907293,1.0,0.13521404094014006,0.0
2024-08-30,0.6386529736885624,1.1166534077678705,0.055283472475309736,0.5833333333333334,0.03854733954541278,1.0,-0.06833480268087319,0.03128372472475266,0.4609793790491982,1.0,0.1443682092085191,0.0
2024-09-06,0.6539282382795308,1.1058455367294184,0.07263196292522646,0.6666666666666666,0.041981767515242484,0.0,-0.06471746584917688,0.021679216577171694,0.3683527771138854,1.0,0.14108032478387242,0.0
2024-09-13,0.5586361562175315,1.0326032717664049,0.06787445943848158,0.6666666666666666,0.02634323096238468,0.0,-0.06349166960520464,0.021615141561667803,0.368100418528712,1.0,0.14256499956788002,0.0
2024-09-20,0.3864112186770027,1.0048663648606004,0.02670918367346935,0.5833333333333334,0.0020885891158200793,0.0,-0.0680258208527147,0.03391952899141274,-0.02321243709450023,1.0,0.13210789650627466,0.0
2024-09-27,0.34633218467555515,0.9553922187010002,0.009234432474725848,0.5,0.009047376330983578,0.0,-0.059921697555781854,0.024009811424498827,-0.15408940194876444,1.0,0.13196178900819064,0.0
2024-10-04,0.5988915157356215,0.9655136431911063,-0.04922645187901564,0.4166666666666667,0.004320837011113278,0.0,-0.06071501257894152,0.027690891299371898,-0.1335417837124409,1.0,0.13233525939410637,0.0
2024-10-11,0.45182714878272323,0.949800759265731,-0.07537441106268909,0.4166666666666667,-0.009658697897320621,0.0,-0.0726147379263367,0.022649786747391144,-0.11075624717593896,0.0,0.12918878263323488,0.0
2024-10-18,0.5320779647872926,0.938117493026283,-0.08560400289942378,0.3333333333333333,-0.0035566443998654215,0.0,-0.07144576490691619,0.02097019067323617,0.14272249279895188,0.0,0.11654857345766345,0.0
2024-10-25,0.579140602392376,0.9996222458837023,-0.09128022277638183,0.3333333333333333,-0.005944474874871821,0.0,-0.06558861035418452,0.024881606734683398,0.04072428702936685,0.0,0.11009503141236666,0.0
2024-11-01,0.6761659282730645,1.0919199876654826,-0.09259824998726619,0.3333333333333333,-0.004241855362685721,0.0,-0.06478619610803099,0.031226332859920453,0.033375114079671336,0.0,0.10706708558712218,0.0
2024-11-08,0.8723472981868685,1.0643017890348,-0.08667996507441338,0.3333333333333333,-0.00010900131785972038,0.0,-0.07276924180920002,0.02139019973515932,0.006935437109002944,0.0,0.10704608814334386,0.0
2024-11-15,0.6670255871416755,1.0308146577884518,-0.10328710793155621,0.25,-0.011253476297365821,0.0,-0.08193396352745898,0.01792021035862622,-0.12369603168630805,0.0,0.1051294255576561,0.0
2024-11-22,0.6954847255129725,1.044343306980629,-0.12159493106080792,0.16666666666666666,-0.035143715578689824,0.0,-0.09807578394895412,0.029521439542937337,-0.018630920943536564,0.0,0.1046176034122291,0.0
2024-11-29,0.7589366349275416,1.0532891995944533,-0.14085513514244055,0.08333333333333333,-0.036002453234335915,1.0,-0.09807578394895412,0.024632156945144854,0.21221715362802976,0.0,0.10511572874231086,0.0
2024-12-06,0.7889063440764825,1.0799549782283435,-0.1417309854825766,0.08333333333333333,-0.01777475840429572,0.0,-0.08933466819867959,0.021691975807304965,0.2210615109729113,0.0,0.10806960050239588,0.0
2024-12-13,0.7645764555401613,1.1230743631922506,-0.11389084942815486,0.08333333333333333,-0.00789078762647022,1.0,-0.08933466819867959,0.023886913360933938,0.22136305150125862,0.0,0.10414775054060081,0.0
2024-12-20,0.7545760404734092,1.1020341099378783,-0.0905232410865542,0.16666666666666666,0.00499478964851768,0.0,-0.0936119178356627,0.03126936595909424,0.09174250676485193,0.0,0.10109315195686248,0.0
2024-12-27,0.6043191365442947,1.1247907143259708,-0.03913576227238452,0.25,0.00542862912791018,0.0,-0.0932186909019689,0.017524907235697294,-0.12968437543975106,0.0,0.08921366643620875,0.0
2025-01-03,0.7554487431868346,1.0828178510160253,-0.010963993564901528,0.25,0.00042783072846587934,0.0,-0.08896513252240469,0.02759564800558802,-0.13356890415143818,0.0,0.09551480948768434,0.0
2025-01-10,0.7187164274616227,1.0780071257090458,0.01888294521060867,0.3333333333333333,-0.01318919054812992,0.0,-0.1013707136965678,0.018122704728669746,-0.20366546255437365,1.0,0.08982747064554625,0.0
2025-01-17,0.6936311126638732,1.0400957069840184,0.04961868889709053,0.4166666666666667,-0.022405393718961122,0.0,-0.11387338202774588,0.032335460714591105,-0.042889964491347,1.0,0.0983860541596063,0.0
2025-01-24,0.9327904225612422,1.0201222128584728,0.09168501542770276,0.5,-0.01581244356286852,0.0,-0.10764675669285095,0.023400841559107523,0.06996980277106353,1.0,0.09810852281763115,0.0
2025-01-31,0.809545881311946,1.0527326317541819,0.11326294684453914,0.5833333333333334,-0.015780218013317422,0.0,-0.10343212136593859,0.0269400753434578,0.17487580264552816,1.0,0.09775998247919854,0.0
2025-02-07,0.5814836401912863,1.0511693298110303,,0.5833333333333334,,,,,,0.0,0.09919273150417697,0.0
2025-02-14,,,,0.6666666666666666,,1.0,-0.10074433757560099,,0.1760606552099298,1.0,0.10118172769544652,0.0
2025-02-21,0.5514581907179241,1.100054081513283,,0.75,,0.0,-0.09920517512386919,0.030241473297703575,-0.0052217376003616135,0.0,0.10064700106487831,0.0
2025-02-28,0.47034832452421316,1.129702795953701,,0.75,,0.0,-0.09690918151755781,0.027756764708579074,-0.1157156494363032,0.0,0.09225501976028871,0.0
2025-03-07,0.7127295253937791,1.1079971026609177,,0.75,0.0064165569100975775,0.0,-0.09766935897419293,0.02273785329857457,-0.18923428592703662,0.0,0.09479953861770797,0.0
2025-03-14,0.8561951669354326,1.1234650955200398,,0.6666666666666666,0.0071593466167730775,0.0,-0.0942940573244705,0.02855064960468908,-0.22176455437971657,0.0,0.09094796959285677,0.0
2025-03-21,0.7268087989976851,1.148291556257047,,0.5833333333333334,0.005447750553444177,0.0,-0.0942940573244705,0.0429289244944433,-0.21756503012204134,0.0,0.10102348882987613,0.0
2025-03-28,1.012833881156892,1.1995386624106448,,0.5,0.0004092709812847776,0.0,-0.09654892689129754,0.02660541165101357,-0.22246229921518434,0.0,0.10132731815573498,0.0
2025-04-04,1.0026598639130133,1.2093923366508905,,0.4166666666666667,0.0012510218230356775,0.0,-0.09654892689129754,0.03350055749580817,-0.2189819461105202,0.0,0.10742007283382043,0.0
2025-04-11,0.9018408038015007,1.1724505620706762,,0.4166666666666667,-0.0024896265560166225,2.0,-0.09654892689129754,0.04699012927265001,-0.21960927762376825,0.0,0.1320878438130008,0.0
2025-04-18,0.8449920288493952,1.181705064678066,,0.4166666666666667,0.03011906909615738,2.0,-0.06708856581166575,0.040815130912502696,-0.23730167114176237,0.0,0.13568341305446646,0.0
2025-04-25,0.7180541098466435,1.1591697215399641,,0.4166666666666667,0.040134149392767285,2.0,-0.060067983969610855,0.03793507310572991,1.0486244826663838,0.0,0.13590997720206288,0.0
2025-05-02,0.9555857542378908,1.119173439371343,,0.5,0.04675666594905868,2.0,-0.05384326863166127,0.04642852324636101,1.0276941900754053,0.0,0.13344439426148708,0.0
2025-05-09,1.0487806530220576,1.1517964388941078,,0.5,0.04850721299501038,2.0,-0.05218697676055702,0.02159140026852474,1.0315195501057328,0.0,0.13313942484070795,0.0
2025-05-16,1.0008294925863168,1.1295182164801572,,0.4166666666666667,0.02448220832996078,2.0,-0.04405124265549742,0.036169015371608514,1.0444841144189871,0.0,0.13644934669205858,0.0
2025-05-23,0.8996824852864536,1.0762956231183507,,0.4166666666666667,0.00917624680885968,1.0,-0.051489009399783084,0.029452138136469172,-0.23044103987551823,0.0,0.13730033093865965,0.0
2025-05-30,0.7811753433098393,1.1002364280214432,,0.5,0.005390034952730279,1.0,-0.04879874321898835,0.05141741826060182,-0.14005041407108648,0.0,0.14937441136332005,0.0
2025-06-06,0.6526716597747688,1.0220950679393446,0.040458337422497694,0.5,-0.01573575922647562,1.0,-0.06722850264258239,0.0396866651596289,-0.14149772316929124,0.0,0.14936734540943408,0.0
2025-06-13,0.5117209619731419,1.0155369546189577,0.07551005483255072,0.5833333333333334,-0.02831945021360002,1.0,-0.070959588632012,0.02926928215858279,0.16165300761638562,0.0,0.1496644596827335,0.0
2025-06-20,0.5634810989644599,1.0590250574602051,0.11838420449241466,0.6666666666666666,-0.02937428379855402,0.0,-0.07916797780875728,0.037421279258758135,0.1595479944080888,0.0,0.15349065670998982,0.0
2025-06-27,0.5436519391329468,1.1224039123351541,0.10890692190559136,0.6666666666666666,-0.03221058849871602,0.0,-0.07916797780875728,0.026501450407589854,0.07590931873177442,0.0,0.1532132569812137,0.0
2025-07-04,0.5720864664597657,1.1373203312777544,0.09100726204164578,0.5833333333333334,-0.0022263040373676213,0.0,-0.06939883651242594,0.03509834085818556,0.07705125300248633,0.0,0.14962403310827116,0.0
2025-07-11,0.4866190235106632,1.016365618650333,0.04570113959266619,0.5,0.0017736959626323788,0.0,-0.06939883651242594,0.02489427114605107,-0.13321611417355336,0.0,0.14883055557411226,0.0
2025-07-18,0.5926326472760689,1.0682711914851684,-0.003814166529782783,0.4166666666666667,0.03454129064179068,0.0,-0.04712745373382057,0.04829488248369403,-0.1412387788399288,0.0,0.1438915659055709,0.0
2025-07-25,0.43229294083924247,1.0024910850211557,-0.017334574693048086,0.4166666666666667,0.041581065368999276,1.0,-0.040419445664365075,0.03826768883126791,0.1321985925533396,0.0,0.15485888007996632,0.0
2025-08-01,0.4604540684596545,0.984768873987683,-0.015217227754272577,0.4166666666666667,0.03893050554955558,0.0,-0.03278264540494648,0.05644595584507982,0.13782364714839215,0.0,0.15760997736369325,0.0
2025-08-08,0.49176277178758016,1.0099971572375033,-0.0025216495229800607,0.5,0.03226149888054898,2.0,-0.03923302439311987,0.040671228016302415,0.04753980838665242,0.0,0.1543071781823269,0.0
2025-08-15,,,0.03280998313008116,0.5833333333333334,0.006687209442057779,2.0,-0.040810638474576236,0.0580013671232088,0.1258921787695876,0.0,0.15979115779264355,0.0
2025-08-22,0.5492053409731524,1.075406545353621,0.03514841850423082,0.5833333333333334,0.011208128356467478,1.0,-0.02972174412168121,0.07983075612759717,-0.16944174887708485,0.0,0.15979115779264355,0.0
2025-08-29,0.6849780474267515,1.1164042099532563,0.053906921905591355,0.6666666666666666,-0.012968219409221023,1.0,-0.04545759098874086,0.06360784290832475,-0.12685347759980625,0.0,0.15677825248241908,0.0
2025-09-05,0.7757346421796101,1.0445320941669136,0.07056508517089748,0.6666666666666666,-0.003250432252409523,2.0,-0.04254740071736495,0.04441515127233515,0.08405998059622527,0.0,0.15359558192133313,0.0
2025-09-12,0.6523895220528643,1.0540679153001238,,0.5833333333333334,-0.012729526274894824,1.0,-0.053195355683838645,0.02861353524405617,0.010908808470328435,0.0,0.15769425196295894,0.0
2025-09-19,0.7209834469560267,1.0744896018386365,,0.6666666666666666,-0.022156073575049725,1.0,-0.05117473601609062,0.036284773946934655,0.0868765913647145,0.0,0.14841915949775183,0.0
2025-09-26,0.7576452830941318,1.0529089833078402,,0.6666666666666666,-0.003202641007981323,1.0,-0.0485791653851316,0.03516026167494859,0.03142461413558166,0.0,0.15097856604247725,0.0
2025-10-03,0.63074799620105,1.016628619056585,,0.6666666666666666,-0.0007129599573248227,1.0,-0.043309757685726286,0.03205767187309409,-0.172188379088076,0.0,0.1505242931531723,0.0
2025-10-10,0.7979208536849878,1.0216320549563171,,0.75,0.012847194580199279,1.0,-0.04097636685081321,0.040879322872124674,-0.15665556130797273,0.0,0.13798645743317758,0.0
2025-10-17,0.8261984596360457,1.0336603160751823,,0.75,0.02854930554867738,1.0,-0.02387097456364926,0.05027427555811199,-0.2244953183046499,0.0,0.15529776845626314,0.0
2025-10-24,0.8214438586301944,1.0468720807777447,,0.75,0.006150821890332277,1.0,-0.04306452281661127,0.06717662815426137,-0.038572840258192374,0.0,0.16638413349324105,0.0
2025-10-31,0.7186539417852347,1.0485114733097896,,0.75,-0.004312320992277421,2.0,-0.04777712510864997,0.061607833464396196,0.2777353170804094,0.0,0.19371783613745033,0.0
2025-11-07,0.553797469473897,0.9872524275533288,,0.6666666666666666,-0.015176679490598121,1.0,-0.05579992097496277,0.0538833001610993,0.26763849516413923,0.0,0.23268144296485038,0.0
2025-11-14,0.5198771521132267,1.009744755713609,,0.5833333333333334,-0.05652107423272762,2.0,-0.07799630619616618,0.039945279083353574,0.3086529284263352,0.0,0.23351738032838243,0.0
2025-11-21,0.552483503764256,0.9926115320704598,,0.5,-0.03229194283875092,2.0,-0.07378624366738168,0.03055917869112976,0.3146146793387317,0.0,0.23224263430894823,0.0
2025-11-28,0.5642378648710632,0.943913266986155,,0.4166666666666667,-0.018358252485593522,2.0,-0.0654419755923129,0.033169753754775565,0.016974396581716556,0.0,0.22632032476845398,0.0
2025-12-05,0.5274688804126668,0.9813998198532201,-0.034485156452085504,0.5,-0.015234832957781923,1.0,-0.07039692240802367,0.05033203391029858,0.07050397731832862,0.0,0.22648666361815895,0.0
2025-12-12,0.6139991095644654,0.9333545187619136,-0.01608379590786782,0.5,0.007987590188691874,1.0,-0.07066252328733554,0.02919898483072826,0.04183821863946491,0.0,0.22670515501254906,0.0
2025-12-19,0.5323941518908092,0.9209829386989064,-0.01292053060174537,0.5,-0.023416426158020327,1.0,-0.09560390247565678,0.04753440813021146,-0.16527079062045405,0.0,0.22874077726442893,0.0
2025-12-26,0.4792430298378077,0.8372726613142499,0.004817564636349868,0.5,-0.02352335801569423,1.0,-0.0875528986401286,0.05413180633499161,0.07332670176698622,0.0,0.2377066898488373,0.0
2026-01-02,0.39675969560629415,0.8599373163972981,-0.00798166550386163,0.4166666666666667,-0.009982807071792828,2.0,-0.08003557877097053,0.04128598541933534,0.08320845405553026,0.0,0.2377204278954114,0.0
2026-01-09,0.5304430101024639,0.8657426264929942,-0.043330304959643934,0.4166666666666667,-0.00046890486661532726,2.0,-0.0715459742126488,0.03447790070973604,0.13174531182891452,0.0,0.23612318574296923,0.0
2026-01-16,0.44022780005354545,0.8295022900332867,-0.09575927654827937,0.4166666666666667,0.026098265439847473,1.0,-0.07179724729134646,0.09598292101381405,0.1851203025874795,0.0,0.2440905439638771,0.0
2026-01-23,0.5700823793661767,0.8528432894222535,-0.1286069156039016,0.3333333333333333,0.032898667627355174,1.0,-0.05722216274468166,0.060928122161811094,-0.10832073429033588,0.0,0.25639482818056736,0.0
2026-01-30,0.5822702029972694,0.907646508957283,-0.13570775594003606,0.3333333333333333,0.026018726915892774,0.0,-0.055941214596236716,0.03957028904632424,-0.07101195832109311,0.0,0.25582065453528774,0.0
2026-02-06,0.5387683361939388,0.8734743457733114,-0.12307570311890763,0.3333333333333333,0.019863164694753476,0.0,-0.05304047531147654,0.05725348196933817,-0.11650727503077327,0.0,0.2559845395901405,0.0
2026-02-13,0.618009269178661,0.961668449574225,-0.09974587118613452,0.3333333333333333,0.011066076121474575,1.0,-0.06162724345826975,0.04245156991744202,-0.1569674417861267,0.0,0.24907007451198052,0.0
2026-02-20,0.7300650980888324,1.0372755865663426,-0.06967734377517014,0.4166666666666667,-0.00045230279895842537,1.0,-0.05770099761499893,0.056830457301187895,-0.09629294848837716,0.0,0.24477055766754038,0.0
2026-02-27,0.6415475893510485,0.9165425927892927,,0.3333333333333333,,,,,,0.0,0.24904828138193763,0.0
2026-03-06,,,,0.3333333333333333,,1.0,-0.06131133862030547,,-0.18725954860970384,0.0,0.25314928039385565,0.0
2026-03-13,0.44217211025834313,0.9315490991494939,,0.4166666666666667,,1.0,-0.08256568205653242,0.04966895001354871,-0.17430907240385365,0.0,0.25787110094470084,0.0
2026-03-20,0.5615696067034618,0.939046806807565,,0.4166666666666667,,2.0,-0.08284453747232058,0.05930875302754589,0.11458242443018457,0.0,0.2671136231155384,0.0
2026-03-27,0.6084741509591594,1.0011426583457537,,0.4166666666666667,-0.051777959992588524,2.0,-0.10577342403551257,0.05407827869997604,0.042761215265544085,1.0,0.267835128883142,1.0
2026-04-03,0.7431471560536062,1.0271160052251458,,0.3333333333333333,-0.03190880651901083,2.0,-0.09143205442098766,0.042655535318280556,0.2992928594581145,0.0,0.2656866847705829,0.0
2026-04-10,0.7441072519748106,1.0527820713283726,,0.25,-0.015345242874347225,2.0,-0.09695526381660455,0.042108586252521174,0.5029349989394273,0.0,0.26095985229781404,0.0
2026-04-17,0.6448676602368362,1.0651395056444135,,0.25,-0.012108740186918224,2.0,-0.09430703878380858,0.040484939612571595,0.11716596609442409,0.0,0.23948751248872036,0.0
2026-04-24,0.7540945113042414,1.078156293242859,,0.25,0.015756589325975574,2.0,-0.09171193001241543,0.04747109823216474,0.1294854326009874,0.0,0.2278961653357615,0.0
